date,visibility_mi,extinction,n_hours,n_stations,valid_day,point_sample,rh_missing_hours
2016-01-01,9.171974522292995,0.2650251696757602,4,1,1,1,0
2016-01-02,10.000000000000002,0.243080410403245,10,1,1,1,0
2016-01-03,9.890109890109892,0.24578130385216995,10,1,1,1,0
2016-01-04,10.000000000000002,0.243080410403245,6,1,1,1,0
2016-01-05,10.000000000000002,0.243080410403245,9,1,1,1,0
2016-01-06,10.000000000000002,0.243080410403245,10,1,1,1,0
2016-01-07,10.000000000000002,0.243080410403245,10,1,1,1,0
2016-01-08,10.000000000000002,0.243080410403245,3,1,1,1,0
2016-01-09,10.000000000000002,0.243080410403245,8,1,1,1,0
2016-01-10,,,0,0,0,1,0
2016-01-11,10.000000000000002,0.243080410403245,10,1,1,1,0
2016-01-12,6.3,0.3858419212749921,3,1,1,1,0
2016-01-13,10.000000000000002,0.243080410403245,8,1,1,1,0
2016-01-14,9.890109890109892,0.24578130385216995,10,1,1,1,0
2016-01-15,10.000000000000002,0.243080410403245,6,1,1,1,0
2016-01-16,10.000000000000002,0.243080410403245,10,1,1,1,0
2016-01-17,10.000000000000002,0.243080410403245,4,1,1,1,0
2016-01-18,10.000000000000002,0.243080410403245,6,1,1,1,0
2016-01-19,10.000000000000002,0.243080410403245,10,1,1,1,0
2016-01-20,9.72972972972973,0.24983264402555738,4,1,1,1,0
2016-01-21,9.388971684053653,0.2588999291755197,10,1,1,1,0
2016-01-22,9.130434782608695,0.26623092567974455,7,1,1,1,0
2016-01-23,10.000000000000002,0.243080410403245,10,1,1,1,0
2016-01-24,9.890109890109892,0.24578130385216995,10,1,1,1,0
2016-01-25,9.890109890109892,0.24578130385216995,10,1,1,1,0
2016-01-26,9.268113276940053,0.26227604598667587,10,1,1,1,0
2016-01-27,10.000000000000002,0.243080410403245,10,1,1,1,0
2016-01-28,10.000000000000002,0.243080410403245,6,1,1,1,0
2016-01-29,10.000000000000002,0.243080410403245,10,1,1,1,0
2016-01-30,10.000000000000002,0.243080410403245,9,1,1,1,0
2016-01-31,9.642857142857146,0.2520833885663281,3,1,1,1,0
2016-02-01,10.000000000000002,0.243080410403245,9,1,1,1,0
2016-02-02,9.81818181818182,0.24758189948478657,6,1,1,1,0
2016-02-03,10.000000000000002,0.243080410403245,9,1,1,1,0
2016-02-04,,,0,0,0,1,0
2016-02-05,9.890109890109892,0.24578130385216995,10,1,1,1,0
2016-02-06,9.434276206322796,0.25765666076252247,9,1,1,1,0
2016-02-07,9.890109890109892,0.24578130385216995,10,1,1,1,0
2016-02-08,10.000000000000002,0.243080410403245,8,1,1,1,0
2016-02-09,,,2,1,0,1,0
2016-02-10,10.000000000000002,0.243080410403245,7,1,1,1,0
2016-02-11,10.000000000000002,0.243080410403245,10,1,1,1,0
2016-02-12,,,2,1,0,1,0
2016-02-13,9.878048780487807,0.2460814031242727,9,1,1,1,0
2016-02-14,10.000000000000002,0.243080410403245,9,1,1,1,0
2016-02-15,8.0,0.3038505130040563,5,1,1,1,0
2016-02-16,8.091743119266054,0.3004054958498153,7,1,1,1,0
2016-02-17,9.491525423728815,0.256102575246276,8,1,1,1,0
2016-02-18,10.000000000000002,0.243080410403245,10,1,1,1,0
2016-02-19,10.000000000000002,0.243080410403245,10,1,1,1,0
2016-02-20,10.000000000000002,0.243080410403245,10,1,1,1,0
2016-02-21,10.000000000000002,0.243080410403245,10,1,1,1,0
2016-02-22,10.000000000000002,0.243080410403245,10,1,1,1,0
2016-02-23,10.000000000000002,0.243080410403245,10,1,1,1,0
2016-02-24,,,0,0,0,1,0
2016-02-25,10.000000000000002,0.243080410403245,5,1,1,1,0
2016-02-26,10.000000000000002,0.243080410403245,10,1,1,1,0
2016-02-27,10.000000000000002,0.243080410403245,10,1,1,1,0
2016-02-28,10.000000000000002,0.243080410403245,10,1,1,1,0
2016-02-29,10.000000000000002,0.243080410403245,10,1,1,1,0
2016-03-01,10.000000000000002,0.243080410403245,6,1,1,1,0
2016-03-02,10.000000000000002,0.243080410403245,10,1,1,1,0
2016-03-03,10.000000000000002,0.243080410403245,3,1,1,1,0
2016-03-04,10.000000000000002,0.243080410403245,10,1,1,1,0
2016-03-05,,,0,0,0,1,0
2016-03-06,7.855905784551438,0.3094237852002506,9,1,1,1,0
2016-03-07,10.000000000000002,0.243080410403245,10,1,1,1,0
2016-03-08,10.000000000000002,0.243080410403245,10,1,1,1,0
2016-03-09,10.000000000000002,0.243080410403245,8,1,1,1,0
2016-03-10,8.549618320610689,0.2843172657395098,4,1,1,1,0
2016-03-11,10.000000000000002,0.243080410403245,10,1,1,1,0
2016-03-12,10.000000000000002,0.243080410403245,9,1,1,1,0
2016-03-13,,,0,0,0,1,0
2016-03-14,10.000000000000002,0.243080410403245,5,1,1,1,0
2016-03-15,10.000000000000002,0.243080410403245,10,1,1,1,0
2016-03-16,10.000000000000002,0.243080410403245,9,1,1,1,0
2016-03-17,10.000000000000002,0.243080410403245,10,1,1,1,0
2016-03-18,10.000000000000002,0.243080410403245,9,1,1,1,0
2016-03-19,10.000000000000002,0.243080410403245,10,1,1,1,0
2016-03-20,10.000000000000002,0.243080410403245,10,1,1,1,0
2016-03-21,10.000000000000002,0.243080410403245,10,1,1,1,0
2016-03-22,10.000000000000002,0.243080410403245,10,1,1,1,0
2016-03-23,8.07433514899071,0.30105315907481256,10,1,1,1,0
2016-03-24,,,0,0,0,1,0
2016-03-25,10.000000000000002,0.243080410403245,10,1,1,1,0
2016-03-26,9.545454545454547,0.25465566804149475,9,1,1,1,0
2016-03-27,9.487951807228917,0.25619903572659475,10,1,1,1,0
2016-03-28,10.000000000000002,0.243080410403245,8,1,1,1,0
2016-03-29,10.000000000000002,0.243080410403245,10,1,1,1,0
2016-03-30,10.000000000000002,0.243080410403245,10,1,1,1,0
2016-03-31,10.000000000000002,0.243080410403245,4,1,1,1,0
2016-04-01,10.000000000000002,0.243080410403245,10,1,1,1,0
2016-04-02,10.000000000000002,0.243080410403245,5,1,1,1,0
2016-04-03,10.000000000000002,0.243080410403245,10,1,1,1,0
2016-04-04,10.000000000000002,0.243080410403245,10,1,1,1,0
2016-04-05,10.000000000000002,0.243080410403245,10,1,1,1,0
2016-04-06,10.000000000000002,0.243080410403245,6,1,1,1,0
2016-04-07,,,1,1,0,1,0
2016-04-08,10.000000000000002,0.243080410403245,8,1,1,1,0
2016-04-09,10.000000000000002,0.243080410403245,6,1,1,1,0
2016-04-10,,,1,1,0,1,0
2016-04-11,10.000000000000002,0.243080410403245,7,1,1,1,0
2016-04-12,10.000000000000002,0.243080410403245,10,1,1,1,0
2016-04-13,10.000000000000002,0.243080410403245,10,1,1,1,0
2016-04-14,10.000000000000002,0.243080410403245,10,1,1,1,0
2016-04-15,10.000000000000002,0.243080410403245,10,1,1,1,0
2016-04-16,10.000000000000002,0.243080410403245,10,1,1,1,0
2016-04-17,10.000000000000002,0.243080410403245,10,1,1,1,0
2016-04-18,10.000000000000002,0.243080410403245,10,1,1,1,0
2016-04-19,10.000000000000002,0.243080410403245,10,1,1,1,0
2016-04-20,10.000000000000002,0.243080410403245,10,1,1,1,0
2016-04-21,,,1,1,0,1,0
2016-04-22,8.059701492537314,0.30159976846328546,6,1,1,1,0
2016-04-23,10.000000000000002,0.243080410403245,10,1,1,1,0
2016-04-24,10.000000000000002,0.243080410403245,10,1,1,1,0
2016-04-25,10.000000000000002,0.243080410403245,10,1,1,1,0
2016-04-26,9.028662420382165,0.26923191840077226,9,1,1,1,0
2016-04-27,10.000000000000002,0.243080410403245,10,1,1,1,0
2016-04-28,10.000000000000002,0.243080410403245,4,1,1,1,0
2016-04-29,10.000000000000002,0.243080410403245,10,1,1,1,0
2016-04-30,10.000000000000002,0.243080410403245,7,1,1,1,0
2016-05-01,9.411764705882353,0.2582729360534478,4,1,1,1,0
2016-05-02,9.491525423728815,0.256102575246276,8,1,1,1,0
2016-05-03,10.000000000000002,0.243080410403245,10,1,1,1,0
2016-05-04,10.000000000000002,0.243080410403245,5,1,1,1,0
2016-05-05,10.000000000000002,0.243080410403245,10,1,1,1,0
2016-05-06,10.000000000000002,0.243080410403245,5,1,1,1,0
2016-05-07,10.000000000000002,0.243080410403245,10,1,1,1,0
2016-05-08,10.000000000000002,0.243080410403245,10,1,1,1,0
2016-05-09,10.000000000000002,0.243080410403245,10,1,1,1,0
2016-05-10,10.000000000000002,0.243080410403245,6,1,1,1,0
2016-05-11,9.448818897637796,0.25726010101010094,10,1,1,1,0
2016-05-12,9.6514745308311,0.25185831411225107,10,1,1,1,0
2016-05-13,10.000000000000002,0.243080410403245,10,1,1,1,0
2016-05-14,7.619047619047619,0.3190430386542591,8,1,1,1,0
2016-05-15,10.000000000000002,0.243080410403245,10,1,1,1,0
2016-05-16,10.000000000000002,0.243080410403245,10,1,1,1,0
2016-05-17,10.000000000000002,0.243080410403245,10,1,1,1,0
2016-05-18,10.000000000000002,0.243080410403245,10,1,1,1,0
2016-05-19,10.000000000000002,0.243080410403245,10,1,1,1,0
2016-05-20,10.000000000000002,0.243080410403245,10,1,1,1,0
2016-05-21,10.000000000000002,0.243080410403245,10,1,1,1,0
2016-05-22,10.000000000000002,0.243080410403245,10,1,1,1,0
2016-05-23,6.796116504854369,0.35767546102191766,10,1,1,1,0
2016-05-24,9.890109890109892,0.24578130385216995,10,1,1,1,0
2016-05-25,10.000000000000002,0.243080410403245,10,1,1,1,0
2016-05-26,10.000000000000002,0.243080410403245,10,1,1,1,0
2016-05-27,10.000000000000002,0.243080410403245,10,1,1,1,0
2016-05-28,10.000000000000002,0.243080410403245,10,1,1,1,0
2016-05-29,9.782608695652176,0.2484821973010949,10,1,1,1,0
2016-05-30,10.000000000000002,0.243080410403245,10,1,1,1,0
2016-05-31,10.000000000000002,0.243080410403245,10,1,1,1,0
2016-06-01,10.000000000000002,0.243080410403245,10,1,1,1,0
2016-06-02,10.000000000000002,0.243080410403245,10,1,1,1,0
2016-06-03,10.000000000000002,0.243080410403245,10,1,1,1,0
2016-06-04,10.000000000000002,0.243080410403245,8,1,1,1,0
2016-06-05,10.000000000000002,0.243080410403245,6,1,1,1,0
2016-06-06,10.000000000000002,0.243080410403245,10,1,1,1,0
2016-06-07,10.000000000000002,0.243080410403245,10,1,1,1,0
2016-06-08,10.000000000000002,0.243080410403245,10,1,1,1,0
2016-06-09,10.000000000000002,0.243080410403245,10,1,1,1,0
2016-06-10,10.000000000000002,0.243080410403245,10,1,1,1,0
2016-06-11,10.000000000000002,0.243080410403245,9,1,1,1,0
2016-06-12,10.000000000000002,0.243080410403245,10,1,1,1,0
2016-06-13,10.000000000000002,0.243080410403245,10,1,1,1,0
2016-06-14,10.000000000000002,0.243080410403245,9,1,1,1,0
2016-06-15,10.000000000000002,0.243080410403245,9,1,1,1,0
2016-06-16,9.6,0.25320876083671356,6,1,1,1,0
2016-06-17,10.000000000000002,0.243080410403245,10,1,1,1,0
2016-06-18,10.000000000000002,0.243080410403245,10,1,1,1,0
2016-06-19,10.000000000000002,0.243080410403245,10,1,1,1,0
2016-06-20,10.000000000000002,0.243080410403245,10,1,1,1,0
2016-06-21,10.000000000000002,0.243080410403245,10,1,1,1,0
2016-06-22,10.000000000000002,0.243080410403245,10,1,1,1,0
2016-06-23,10.000000000000002,0.243080410403245,9,1,1,1,0
2016-06-24,10.000000000000002,0.243080410403245,10,1,1,1,0
2016-06-25,10.000000000000002,0.243080410403245,10,1,1,1,0
2016-06-26,10.000000000000002,0.243080410403245,10,1,1,1,0
2016-06-27,10.000000000000002,0.243080410403245,10,1,1,1,0
2016-06-28,10.000000000000002,0.243080410403245,10,1,1,1,0
2016-06-29,10.000000000000002,0.243080410403245,10,1,1,1,0
2016-06-30,10.000000000000002,0.243080410403245,10,1,1,1,0
2016-07-01,10.000000000000002,0.243080410403245,10,1,1,1,0
2016-07-02,10.000000000000002,0.243080410403245,10,1,1,1,0
2016-07-03,10.000000000000002,0.243080410403245,10,1,1,1,0
2016-07-04,10.000000000000002,0.243080410403245,10,1,1,1,0
2016-07-05,10.000000000000002,0.243080410403245,10,1,1,1,0
2016-07-06,10.000000000000002,0.243080410403245,10,1,1,1,0
2016-07-07,10.000000000000002,0.243080410403245,10,1,1,1,0
2016-07-08,10.000000000000002,0.243080410403245,10,1,1,1,0
2016-07-09,10.000000000000002,0.243080410403245,10,1,1,1,0
2016-07-10,10.000000000000002,0.243080410403245,10,1,1,1,0
2016-07-11,10.000000000000002,0.243080410403245,10,1,1,1,0
2016-07-12,3.4482758620689657,0.7049331901694106,10,1,1,1,0
2016-07-13,10.000000000000002,0.243080410403245,10,1,1,1,0
2016-07-14,10.000000000000002,0.243080410403245,10,1,1,1,0
2016-07-15,10.000000000000002,0.243080410403245,10,1,1,1,0
2016-07-16,10.000000000000002,0.243080410403245,10,1,1,1,0
2016-07-17,10.000000000000002,0.243080410403245,10,1,1,1,0
2016-07-18,10.000000000000002,0.243080410403245,9,1,1,1,0
2016-07-19,10.000000000000002,0.243080410403245,10,1,1,1,0
2016-07-20,10.000000000000002,0.243080410403245,10,1,1,1,0
2016-07-21,10.000000000000002,0.243080410403245,8,1,1,1,0
2016-07-22,3.409090909090909,0.7130358705161853,10,1,1,1,0
2016-07-23,5.882352941176471,0.4132366976855165,10,1,1,1,0
2016-07-24,10.000000000000002,0.243080410403245,5,1,1,1,0
2016-07-25,0.6593406593406593,3.68671955778255,10,1,1,1,0
2016-07-26,10.000000000000002,0.243080410403245,10,1,1,1,0
2016-07-27,6.562500000000001,0.3704082444239924,9,1,1,1,0
2016-07-28,10.000000000000002,0.243080410403245,9,1,1,1,0
2016-07-29,10.000000000000002,0.243080410403245,9,1,1,1,0
2016-07-30,10.000000000000002,0.243080410403245,5,1,1,1,0
2016-07-31,10.000000000000002,0.243080410403245,9,1,1,1,0
2016-08-01,10.000000000000002,0.243080410403245,10,1,1,1,0
2016-08-02,10.000000000000002,0.243080410403245,10,1,1,1,0
2016-08-03,10.000000000000002,0.243080410403245,10,1,1,1,0
2016-08-04,10.000000000000002,0.243080410403245,10,1,1,1,0
2016-08-05,10.000000000000002,0.243080410403245,10,1,1,1,0
2016-08-06,10.000000000000002,0.243080410403245,10,1,1,1,0
2016-08-07,10.000000000000002,0.243080410403245,10,1,1,1,0
2016-08-08,10.000000000000002,0.243080410403245,10,1,1,1,0
2016-08-09,10.000000000000002,0.243080410403245,10,1,1,1,0
2016-08-10,10.000000000000002,0.243080410403245,10,1,1,1,0
2016-08-11,10.000000000000002,0.243080410403245,10,1,1,1,0
2016-08-12,10.000000000000002,0.243080410403245,10,1,1,1,0
2016-08-13,10.000000000000002,0.243080410403245,4,1,1,1,0
2016-08-14,10.000000000000002,0.243080410403245,6,1,1,1,0
2016-08-15,10.000000000000002,0.243080410403245,3,1,1,1,0
2016-08-16,,,0,0,0,1,0
2016-08-17,10.000000000000002,0.243080410403245,9,1,1,1,0
2016-08-18,9.890109890109892,0.24578130385216995,10,1,1,1,0
2016-08-19,10.000000000000002,0.243080410403245,9,1,1,1,0
2016-08-20,10.000000000000002,0.243080410403245,7,1,1,1,0
2016-08-21,10.000000000000002,0.243080410403245,10,1,1,1,0
2016-08-22,10.000000000000002,0.243080410403245,10,1,1,1,0
2016-08-23,10.000000000000002,0.243080410403245,10,1,1,1,0
2016-08-24,10.000000000000002,0.243080410403245,10,1,1,1,0
2016-08-25,10.000000000000002,0.243080410403245,8,1,1,1,0
2016-08-26,10.000000000000002,0.243080410403245,10,1,1,1,0
2016-08-27,10.000000000000002,0.243080410403245,5,1,1,1,0
2016-08-28,10.000000000000002,0.243080410403245,8,1,1,1,0
2016-08-29,10.000000000000002,0.243080410403245,10,1,1,1,0
2016-08-30,10.000000000000002,0.243080410403245,9,1,1,1,0
2016-08-31,10.000000000000002,0.243080410403245,7,1,1,1,0
2016-09-01,10.000000000000002,0.243080410403245,10,1,1,1,0
2016-09-02,10.000000000000002,0.243080410403245,10,1,1,1,0
2016-09-03,10.000000000000002,0.243080410403245,10,1,1,1,0
2016-09-04,10.000000000000002,0.243080410403245,9,1,1,1,0
2016-09-05,10.000000000000002,0.243080410403245,9,1,1,1,0
2016-09-06,10.000000000000002,0.243080410403245,9,1,1,1,0
2016-09-07,10.000000000000002,0.243080410403245,7,1,1,1,0
2016-09-08,10.000000000000002,0.243080410403245,6,1,1,1,0
2016-09-09,10.000000000000002,0.243080410403245,7,1,1,1,0
2016-09-10,,,2,1,0,1,0
2016-09-11,10.000000000000002,0.243080410403245,10,1,1,1,0
2016-09-12,10.000000000000002,0.243080410403245,9,1,1,1,0
2016-09-13,10.000000000000002,0.243080410403245,9,1,1,1,0
2016-09-14,10.000000000000002,0.243080410403245,10,1,1,1,0
2016-09-15,10.000000000000002,0.243080410403245,10,1,1,1,0
2016-09-16,10.000000000000002,0.243080410403245,10,1,1,1,0
2016-09-17,10.000000000000002,0.243080410403245,3,1,1,1,0
2016-09-18,10.000000000000002,0.243080410403245,8,1,1,1,0
2016-09-19,10.000000000000002,0.243080410403245,9,1,1,1,0
2016-09-20,10.000000000000002,0.243080410403245,10,1,1,1,0
2016-09-21,10.000000000000002,0.243080410403245,10,1,1,1,0
2016-09-22,9.545454545454547,0.25465566804149475,9,1,1,1,0
2016-09-23,9.614243323442137,0.2528336367465851,9,1,1,1,0
2016-09-24,10.000000000000002,0.243080410403245,10,1,1,1,0
2016-09-25,10.000000000000002,0.243080410403245,10,1,1,1,0
2016-09-26,10.000000000000002,0.243080410403245,7,1,1,1,0
2016-09-27,10.000000000000002,0.243080410403245,10,1,1,1,0
2016-09-28,10.000000000000002,0.243080410403245,5,1,1,1,0
2016-09-29,,,1,1,0,1,0
2016-09-30,,,0,0,0,1,0
2016-10-01,10.000000000000002,0.243080410403245,7,1,1,1,0
2016-10-02,10.000000000000002,0.243080410403245,8,1,1,1,0
2016-10-03,10.000000000000002,0.243080410403245,6,1,1,1,0
2016-10-04,10.000000000000002,0.243080410403245,7,1,1,1,0
2016-10-05,10.000000000000002,0.243080410403245,9,1,1,1,0
2016-10-06,10.000000000000002,0.243080410403245,9,1,1,1,0
2016-10-07,10.000000000000002,0.243080410403245,9,1,1,1,0
2016-10-08,10.000000000000002,0.243080410403245,10,1,1,1,0
2016-10-09,10.000000000000002,0.243080410403245,10,1,1,1,0
2016-10-10,10.000000000000002,0.243080410403245,9,1,1,1,0
2016-10-11,10.000000000000002,0.243080410403245,10,1,1,1,0
2016-10-12,10.000000000000002,0.243080410403245,6,1,1,1,0
2016-10-13,10.000000000000002,0.243080410403245,10,1,1,1,0
2016-10-14,10.000000000000002,0.243080410403245,9,1,1,1,0
2016-10-15,9.298892988929891,0.2614079016638071,9,1,1,1,0
2016-10-16,,,1,1,0,1,0
2016-10-17,10.000000000000002,0.243080410403245,9,1,1,1,0
2016-10-18,10.000000000000002,0.243080410403245,10,1,1,1,0
2016-10-19,10.000000000000002,0.243080410403245,8,1,1,1,0
2016-10-20,,,0,0,0,1,0
2016-10-21,10.000000000000002,0.243080410403245,10,1,1,1,0
2016-10-22,10.000000000000002,0.243080410403245,10,1,1,1,0
2016-10-23,10.000000000000002,0.243080410403245,9,1,1,1,0
2016-10-24,10.000000000000002,0.243080410403245,10,1,1,1,0
2016-10-25,10.000000000000002,0.243080410403245,9,1,1,1,0
2016-10-26,,,2,1,0,1,0
2016-10-27,10.000000000000002,0.243080410403245,7,1,1,1,0
2016-10-28,10.000000000000002,0.243080410403245,7,1,1,1,0
2016-10-29,10.000000000000002,0.243080410403245,10,1,1,1,0
2016-10-30,10.000000000000002,0.243080410403245,7,1,1,1,0
2016-10-31,10.000000000000002,0.243080410403245,8,1,1,1,0
2016-11-01,9.782608695652176,0.2484821973010949,10,1,1,1,0
2016-11-02,9.0,0.2700893448924945,7,1,1,1,0
2016-11-03,10.000000000000002,0.243080410403245,10,1,1,1,0
2016-11-04,10.000000000000002,0.243080410403245,9,1,1,1,0
2016-11-05,10.000000000000002,0.243080410403245,9,1,1,1,0
2016-11-06,10.000000000000002,0.243080410403245,9,1,1,1,0
2016-11-07,10.000000000000002,0.243080410403245,8,1,1,1,0
2016-11-08,9.843750000000002,0.24693882961599492,7,1,1,1,0
2016-11-09,10.000000000000002,0.243080410403245,10,1,1,1,0
2016-11-10,10.000000000000002,0.243080410403245,9,1,1,1,0
2016-11-11,10.000000000000002,0.243080410403245,10,1,1,1,0
2016-11-12,10.000000000000002,0.243080410403245,9,1,1,1,0
2016-11-13,10.000000000000002,0.243080410403245,9,1,1,1,0
2016-11-14,10.000000000000002,0.243080410403245,10,1,1,1,0
2016-11-15,9.890109890109892,0.24578130385216995,10,1,1,1,0
2016-11-16,9.487951807228917,0.25619903572659475,10,1,1,1,0
2016-11-17,9.333333333333334,0.2604432968606197,6,1,1,1,0
2016-11-18,10.000000000000002,0.243080410403245,10,1,1,1,0
2016-11-19,,,0,0,0,1,0
2016-11-20,,,1,1,0,1,0
2016-11-21,9.642857142857146,0.2520833885663281,3,1,1,1,0
2016-11-22,10.000000000000002,0.243080410403245,10,1,1,1,0
2016-11-23,,,2,1,0,1,0
2016-11-24,,,0,0,0,1,0
2016-11-25,9.729729729729732,0.24983264402555733,9,1,1,1,0
2016-11-26,10.000000000000002,0.243080410403245,10,1,1,1,0
2016-11-27,8.091743119266054,0.3004054958498153,7,1,1,1,0
2016-11-28,10.000000000000002,0.243080410403245,5,1,1,1,0
2016-11-29,10.000000000000002,0.243080410403245,9,1,1,1,0
2016-11-30,9.509433962264152,0.25562027284468225,7,1,1,1,0
2016-12-01,10.000000000000002,0.243080410403245,10,1,1,1,0
2016-12-02,10.000000000000002,0.243080410403245,8,1,1,1,0
2016-12-03,10.000000000000002,0.243080410403245,9,1,1,1,0
2016-12-04,9.6514745308311,0.25185831411225107,10,1,1,1,0
2016-12-05,10.000000000000002,0.243080410403245,10,1,1,1,0
2016-12-06,9.642857142857146,0.2520833885663281,3,1,1,1,0
2016-12-07,10.000000000000002,0.243080410403245,9,1,1,1,0
2016-12-08,,,1,1,0,1,0
2016-12-09,10.000000000000002,0.243080410403245,9,1,1,1,0
2016-12-10,10.000000000000002,0.243080410403245,8,1,1,1,0
2016-12-11,,,0,0,0,1,0
2016-12-12,10.000000000000002,0.243080410403245,10,1,1,1,0
2016-12-13,8.203125,0.29632659553919394,5,1,1,1,0
2016-12-14,9.890109890109892,0.24578130385216995,10,1,1,1,0
2016-12-15,10.000000000000002,0.243080410403245,5,1,1,1,0
2016-12-16,10.000000000000002,0.243080410403245,7,1,1,1,0
2016-12-17,7.578947368421053,0.32073109705983716,6,1,1,1,0
2016-12-18,10.000000000000002,0.243080410403245,10,1,1,1,0
2016-12-19,10.000000000000002,0.243080410403245,10,1,1,1,0
2016-12-20,9.589041095890414,0.25349814227766976,10,1,1,1,0
2016-12-21,8.1,0.30009927210277165,9,1,1,1,0
2016-12-22,10.000000000000002,0.243080410403245,10,1,1,1,0
2016-12-23,,,0,0,0,1,0
2016-12-24,9.890109890109892,0.24578130385216995,10,1,1,1,0
2016-12-25,8.904593639575971,0.2729831593020569,7,1,1,1,0
2016-12-26,,,1,1,0,1,0
2016-12-27,10.000000000000002,0.243080410403245,10,1,1,1,0
2016-12-28,10.000000000000002,0.243080410403245,10,1,1,1,0
2016-12-29,10.000000000000002,0.243080410403245,10,1,1,1,0
2016-12-30,10.000000000000002,0.243080410403245,9,1,1,1,0
2016-12-31,10.000000000000002,0.243080410403245,10,1,1,1,0
2017-01-01,10.000000000000002,0.243080410403245,9,1,1,1,0
2017-01-02,9.56810631229236,0.2540527900395026,8,1,1,1,0
2017-01-03,,,0,0,0,1,0
2017-01-04,,,2,1,0,1,0
2017-01-05,10.000000000000002,0.243080410403245,6,1,1,1,0
2017-01-06,10.000000000000002,0.243080410403245,5,1,1,1,0
2017-01-07,9.523809523809526,0.25523443092340725,5,1,1,1,0
2017-01-08,10.000000000000002,0.243080410403245,10,1,1,1,0
2017-01-09,10.000000000000002,0.243080410403245,10,1,1,1,0
2017-01-10,,,0,0,0,1,0
2017-01-11,9.782608695652176,0.2484821973010949,5,1,1,1,0
2017-01-12,,,1,1,0,1,0
2017-01-13,10.000000000000002,0.243080410403245,10,1,1,1,0
2017-01-14,10.000000000000002,0.243080410403245,10,1,1,1,0
2017-01-15,10.000000000000002,0.243080410403245,7,1,1,1,0
2017-01-16,5.407725321888412,0.4495058382853658,6,1,1,1,0
2017-01-17,,,0,0,0,1,0
2017-01-18,,,2,1,0,1,0
2017-01-19,7.724137931034481,0.31470231703991547,4,1,1,1,0
2017-01-20,,,0,0,0,1,0
2017-01-21,9.782608695652176,0.2484821973010949,5,1,1,1,0
2017-01-22,,,1,1,0,1,0
2017-01-23,,,0,0,0,1,0
2017-01-24,10.000000000000002,0.243080410403245,3,1,1,1,0
2017-01-25,7.905882352941176,0.30746778101600936,8,1,1,1,0
2017-01-26,9.782608695652176,0.2484821973010949,5,1,1,1,0
2017-01-27,9.07563025210084,0.2678386003517237,6,1,1,1,0
2017-01-28,7.636363636363636,0.3183195850518685,6,1,1,1,0
2017-01-29,9.782608695652176,0.2484821973010949,5,1,1,1,0
2017-01-30,10.000000000000002,0.243080410403245,10,1,1,1,0
2017-01-31,,,2,1,0,1,0
2017-02-01,10.000000000000002,0.243080410403245,6,1,1,1,0
2017-02-02,10.000000000000002,0.243080410403245,10,1,1,1,0
2017-02-03,10.000000000000002,0.243080410403245,10,1,1,1,0
2017-02-04,10.000000000000002,0.243080410403245,10,1,1,1,0
2017-02-05,10.000000000000002,0.243080410403245,10,1,1,1,0
2017-02-06,8.561721404303512,0.283915347071515,9,1,1,1,0
2017-02-07,,,0,0,0,1,0
2017-02-08,10.000000000000002,0.243080410403245,10,1,1,1,0
2017-02-09,10.000000000000002,0.243080410403245,9,1,1,1,0
2017-02-10,10.000000000000002,0.243080410403245,10,1,1,1,0
2017-02-11,8.75912408759124,0.2775168018770381,10,1,1,1,0
2017-02-12,9.81818181818182,0.24758189948478657,6,1,1,1,0
2017-02-13,10.000000000000002,0.243080410403245,9,1,1,1,0
2017-02-14,10.000000000000002,0.243080410403245,10,1,1,1,0
2017-02-15,9.81818181818182,0.24758189948478657,6,1,1,1,0
2017-02-16,10.000000000000002,0.243080410403245,10,1,1,1,0
2017-02-17,10.000000000000002,0.243080410403245,10,1,1,1,0
2017-02-18,10.000000000000002,0.243080410403245,10,1,1,1,0
2017-02-19,10.000000000000002,0.243080410403245,10,1,1,1,0
2017-02-20,10.000000000000002,0.243080410403245,10,1,1,1,0
2017-02-21,9.756097560975611,0.2491574206633261,10,1,1,1,0
2017-02-22,8.674698795180722,0.280217695325963,6,1,1,1,0
2017-02-23,10.000000000000002,0.243080410403245,9,1,1,1,0
2017-02-24,,,2,1,0,1,0
2017-02-25,9.6,0.25320876083671356,8,1,1,1,0
2017-02-26,10.000000000000002,0.243080410403245,10,1,1,1,0
2017-02-27,10.000000000000002,0.243080410403245,10,1,1,1,0
2017-02-28,,,0,0,0,1,0
2017-03-01,9.210526315789474,0.26391587415209455,5,1,1,1,0
2017-03-02,10.000000000000002,0.243080410403245,8,1,1,1,0
2017-03-03,10.000000000000002,0.243080410403245,10,1,1,1,0
2017-03-04,10.000000000000002,0.243080410403245,10,1,1,1,0
2017-03-05,10.000000000000002,0.243080410403245,10,1,1,1,0
2017-03-06,9.729729729729732,0.24983264402555735,4,1,1,1,0
2017-03-07,10.000000000000002,0.243080410403245,7,1,1,1,0
2017-03-08,10.000000000000002,0.243080410403245,10,1,1,1,0
2017-03-09,10.000000000000002,0.243080410403245,10,1,1,1,0
2017-03-10,10.000000000000002,0.243080410403245,10,1,1,1,0
2017-03-11,10.000000000000002,0.243080410403245,10,1,1,1,0
2017-03-12,10.000000000000002,0.243080410403245,10,1,1,1,0
2017-03-13,,,0,0,0,1,0
2017-03-14,9.6514745308311,0.25185831411225107,10,1,1,1,0
2017-03-15,10.000000000000002,0.243080410403245,10,1,1,1,0
2017-03-16,10.000000000000002,0.243080410403245,10,1,1,1,0
2017-03-17,10.000000000000002,0.243080410403245,5,1,1,1,0
2017-03-18,7.916230366492147,0.30706586234801453,3,1,1,1,0
2017-03-19,10.000000000000002,0.243080410403245,10,1,1,1,0
2017-03-20,8.278580814717479,0.29362570209026895,5,1,1,1,0
2017-03-21,9.545454545454547,0.25465566804149475,9,1,1,1,0
2017-03-22,10.000000000000002,0.243080410403245,10,1,1,1,0
2017-03-23,10.000000000000002,0.243080410403245,10,1,1,1,0
2017-03-24,10.000000000000002,0.243080410403245,10,1,1,1,0
2017-03-25,8.925619834710744,0.27234008943326526,3,1,1,1,0
2017-03-26,,,0,0,0,1,0
2017-03-27,10.000000000000002,0.243080410403245,8,1,1,1,0
2017-03-28,10.000000000000002,0.243080410403245,9,1,1,1,0
2017-03-29,10.000000000000002,0.243080410403245,10,1,1,1,0
2017-03-30,,,0,0,0,1,0
2017-03-31,10.000000000000002,0.243080410403245,4,1,1,1,0
2017-04-01,10.000000000000002,0.243080410403245,10,1,1,1,0
2017-04-02,10.000000000000002,0.243080410403245,3,1,1,1,0
2017-04-03,10.000000000000002,0.243080410403245,10,1,1,1,1
2017-04-04,10.000000000000002,0.243080410403245,9,1,1,1,0
2017-04-05,10.000000000000002,0.243080410403245,7,1,1,1,0
2017-04-06,,,0,0,0,1,0
2017-04-07,10.000000000000002,0.243080410403245,10,1,1,1,0
2017-04-08,10.000000000000002,0.243080410403245,10,1,1,1,0
2017-04-09,10.000000000000002,0.243080410403245,10,1,1,1,0
2017-04-10,10.000000000000002,0.243080410403245,8,1,1,1,0
2017-04-11,10.000000000000002,0.243080410403245,8,1,1,1,0
2017-04-12,10.000000000000002,0.243080410403245,10,1,1,1,0
2017-04-13,10.000000000000002,0.243080410403245,10,1,1,1,0
2017-04-14,10.000000000000002,0.243080410403245,10,1,1,1,0
2017-04-15,10.000000000000002,0.243080410403245,9,1,1,1,0
2017-04-16,10.000000000000002,0.243080410403245,10,1,1,1,0
2017-04-17,10.000000000000002,0.243080410403245,10,1,1,1,0
2017-04-18,10.000000000000002,0.243080410403245,9,1,1,1,0
2017-04-19,10.000000000000002,0.243080410403245,9,1,1,1,0
2017-04-20,,,0,0,0,1,0
2017-04-21,10.000000000000002,0.243080410403245,10,1,1,1,0
2017-04-22,10.000000000000002,0.243080410403245,10,1,1,1,0
2017-04-23,10.000000000000002,0.243080410403245,10,1,1,1,0
2017-04-24,10.000000000000002,0.243080410403245,10,1,1,1,0
2017-04-25,10.000000000000002,0.243080410403245,10,1,1,1,0
2017-04-26,10.000000000000002,0.243080410403245,10,1,1,1,0
2017-04-27,10.000000000000002,0.243080410403245,8,1,1,1,0
2017-04-28,10.000000000000002,0.243080410403245,10,1,1,1,0
2017-04-29,10.000000000000002,0.243080410403245,10,1,1,1,0
2017-04-30,10.000000000000002,0.243080410403245,4,1,1,1,0
2017-05-01,10.000000000000002,0.243080410403245,8,1,1,1,0
2017-05-02,10.000000000000002,0.243080410403245,9,1,1,1,0
2017-05-03,10.000000000000002,0.243080410403245,10,1,1,1,1
2017-05-04,,,0,0,0,1,0
2017-05-05,,,2,1,0,1,0
2017-05-06,10.000000000000002,0.243080410403245,10,1,1,1,0
2017-05-07,10.000000000000002,0.243080410403245,10,1,1,1,0
2017-05-08,10.000000000000002,0.243080410403245,10,1,1,1,0
2017-05-09,10.000000000000002,0.243080410403245,10,1,1,1,0
2017-05-10,10.000000000000002,0.243080410403245,10,1,1,1,0
2017-05-11,10.000000000000002,0.243080410403245,10,1,1,1,0
2017-05-12,10.000000000000002,0.243080410403245,10,1,1,1,0
2017-05-13,10.000000000000002,0.243080410403245,10,1,1,1,0
2017-05-14,10.000000000000002,0.243080410403245,10,1,1,1,0
2017-05-15,10.000000000000002,0.243080410403245,10,1,1,1,0
2017-05-16,10.000000000000002,0.243080410403245,10,1,1,1,0
2017-05-17,10.000000000000002,0.243080410403245,10,1,1,1,0
2017-05-18,9.589041095890414,0.25349814227766976,10,1,1,1,0
2017-05-19,10.000000000000002,0.243080410403245,8,1,1,1,0
2017-05-20,10.000000000000002,0.243080410403245,8,1,1,1,0
2017-05-21,10.000000000000002,0.243080410403245,3,1,1,1,0
2017-05-22,10.000000000000002,0.243080410403245,10,1,1,1,0
2017-05-23,10.000000000000002,0.243080410403245,9,1,1,1,0
2017-05-24,10.000000000000002,0.243080410403245,7,1,1,1,0
2017-05-25,9.729729729729732,0.24983264402555735,4,1,1,1,0
2017-05-26,10.000000000000002,0.243080410403245,10,1,1,1,0
2017-05-27,10.000000000000002,0.243080410403245,10,1,1,1,0
2017-05-28,10.000000000000002,0.243080410403245,8,1,1,1,0
2017-05-29,10.000000000000002,0.243080410403245,8,1,1,1,0
2017-05-30,10.000000000000002,0.243080410403245,10,1,1,1,0
2017-05-31,10.000000000000002,0.243080410403245,10,1,1,1,0
2017-06-01,10.000000000000002,0.243080410403245,10,1,1,1,0
2017-06-02,10.000000000000002,0.243080410403245,10,1,1,1,0
2017-06-03,10.000000000000002,0.243080410403245,10,1,1,1,0
2017-06-04,10.000000000000002,0.243080410403245,10,1,1,1,0
2017-06-05,10.000000000000002,0.243080410403245,9,1,1,1,0
2017-06-06,10.000000000000002,0.243080410403245,10,1,1,1,0
2017-06-07,10.000000000000002,0.243080410403245,10,1,1,1,0
2017-06-08,10.000000000000002,0.243080410403245,10,1,1,1,0
2017-06-09,10.000000000000002,0.243080410403245,9,1,1,1,0
2017-06-10,10.000000000000002,0.243080410403245,10,1,1,1,0
2017-06-11,10.000000000000002,0.243080410403245,10,1,1,1,0
2017-06-12,10.000000000000002,0.243080410403245,10,1,1,1,0
2017-06-13,10.000000000000002,0.243080410403245,10,1,1,1,0
2017-06-14,10.000000000000002,0.243080410403245,9,1,1,1,0
2017-06-15,10.000000000000002,0.243080410403245,10,1,1,1,0
2017-06-16,10.000000000000002,0.243080410403245,10,1,1,1,0
2017-06-17,10.000000000000002,0.243080410403245,10,1,1,1,0
2017-06-18,10.000000000000002,0.243080410403245,10,1,1,1,0
2017-06-19,10.000000000000002,0.243080410403245,8,1,1,1,0
2017-06-20,10.000000000000002,0.243080410403245,6,1,1,1,0
2017-06-21,10.000000000000002,0.243080410403245,9,1,1,1,0
2017-06-22,10.000000000000002,0.243080410403245,10,1,1,1,0
2017-06-23,10.000000000000002,0.243080410403245,7,1,1,1,0
2017-06-24,10.000000000000002,0.243080410403245,10,1,1,1,0
2017-06-25,10.000000000000002,0.243080410403245,10,1,1,1,0
2017-06-26,10.000000000000002,0.243080410403245,10,1,1,1,0
2017-06-27,10.000000000000002,0.243080410403245,10,1,1,1,0
2017-06-28,10.000000000000002,0.243080410403245,10,1,1,1,0
2017-06-29,10.000000000000002,0.243080410403245,10,1,1,1,0
2017-06-30,10.000000000000002,0.243080410403245,7,1,1,1,0
2017-07-01,10.000000000000002,0.243080410403245,8,1,1,1,0
2017-07-02,10.000000000000002,0.243080410403245,10,1,1,1,0
2017-07-03,10.000000000000002,0.243080410403245,10,1,1,1,0
2017-07-04,10.000000000000002,0.243080410403245,10,1,1,1,0
2017-07-05,10.000000000000002,0.243080410403245,10,1,1,1,0
2017-07-06,9.589041095890414,0.25349814227766976,10,1,1,1,0
2017-07-07,10.000000000000002,0.243080410403245,9,1,1,1,0
2017-07-08,10.000000000000002,0.243080410403245,10,1,1,1,0
2017-07-09,10.000000000000002,0.243080410403245,10,1,1,1,0
2017-07-10,10.000000000000002,0.243080410403245,3,1,1,1,0
2017-07-11,9.729729729729732,0.24983264402555735,8,1,1,1,0
2017-07-12,10.000000000000002,0.243080410403245,7,1,1,1,0
2017-07-13,10.000000000000002,0.243080410403245,7,1,1,1,0
2017-07-14,10.000000000000002,0.243080410403245,10,1,1,1,0
2017-07-15,10.000000000000002,0.243080410403245,10,1,1,1,0
2017-07-16,10.000000000000002,0.243080410403245,10,1,1,1,0
2017-07-17,10.000000000000002,0.243080410403245,10,1,1,1,0
2017-07-18,10.000000000000002,0.243080410403245,10,1,1,1,0
2017-07-19,10.000000000000002,0.243080410403245,9,1,1,1,0
2017-07-20,10.000000000000002,0.243080410403245,10,1,1,1,0
2017-07-21,10.000000000000002,0.243080410403245,10,1,1,1,0
2017-07-22,10.000000000000002,0.243080410403245,7,1,1,1,0
2017-07-23,10.000000000000002,0.243080410403245,10,1,1,1,0
2017-07-24,10.000000000000002,0.243080410403245,10,1,1,1,0
2017-07-25,10.000000000000002,0.243080410403245,10,1,1,1,0
2017-07-26,10.000000000000002,0.243080410403245,9,1,1,1,0
2017-07-27,10.000000000000002,0.243080410403245,10,1,1,1,0
2017-07-28,10.000000000000002,0.243080410403245,10,1,1,1,0
2017-07-29,10.000000000000002,0.243080410403245,10,1,1,1,0
2017-07-30,10.000000000000002,0.243080410403245,10,1,1,1,0
2017-07-31,10.000000000000002,0.243080410403245,10,1,1,1,0
2017-08-01,10.000000000000002,0.243080410403245,10,1,1,1,0
2017-08-02,10.000000000000002,0.243080410403245,10,1,1,1,0
2017-08-03,9.589041095890414,0.25349814227766976,10,1,1,1,0
2017-08-04,10.000000000000002,0.243080410403245,8,1,1,1,0
2017-08-05,10.000000000000002,0.243080410403245,10,1,1,1,0
2017-08-06,10.000000000000002,0.243080410403245,10,1,1,1,0
2017-08-07,10.000000000000002,0.243080410403245,10,1,1,1,0
2017-08-08,10.000000000000002,0.243080410403245,10,1,1,1,0
2017-08-09,10.000000000000002,0.243080410403245,10,1,1,1,0
2017-08-10,9.890109890109892,0.24578130385216995,10,1,1,1,0
2017-08-11,9.759036144578314,0.24908239584530042,9,1,1,1,0
2017-08-12,10.000000000000002,0.243080410403245,10,1,1,1,0
2017-08-13,,,1,1,0,1,0
2017-08-14,10.000000000000002,0.243080410403245,10,1,1,1,0
2017-08-15,9.863013698630139,0.24645652721440117,8,1,1,1,0
2017-08-16,10.000000000000002,0.243080410403245,10,1,1,1,0
2017-08-17,,,2,1,0,1,0
2017-08-18,10.000000000000002,0.243080410403245,10,1,1,1,0
2017-08-19,10.000000000000002,0.243080410403245,10,1,1,1,0
2017-08-20,10.000000000000002,0.243080410403245,9,1,1,1,0
2017-08-21,10.000000000000002,0.243080410403245,9,1,1,1,0
2017-08-22,10.000000000000002,0.243080410403245,7,1,1,1,0
2017-08-23,10.000000000000002,0.243080410403245,10,1,1,1,0
2017-08-24,10.000000000000002,0.243080410403245,10,1,1,1,0
2017-08-25,10.000000000000002,0.243080410403245,9,1,1,1,0
2017-08-26,10.000000000000002,0.243080410403245,9,1,1,1,0
2017-08-27,10.000000000000002,0.243080410403245,10,1,1,1,0
2017-08-28,10.000000000000002,0.243080410403245,6,1,1,1,0
2017-08-29,,,2,1,0,1,0
2017-08-30,10.000000000000002,0.243080410403245,8,1,1,1,0
2017-08-31,10.000000000000002,0.243080410403245,10,1,1,1,0
2017-09-01,10.000000000000002,0.243080410403245,10,1,1,1,0
2017-09-02,10.000000000000002,0.243080410403245,10,1,1,1,0
2017-09-03,10.000000000000002,0.243080410403245,9,1,1,1,0
2017-09-04,10.000000000000002,0.243080410403245,9,1,1,1,0
2017-09-05,10.000000000000002,0.243080410403245,8,1,1,1,0
2017-09-06,10.000000000000002,0.243080410403245,9,1,1,1,0
2017-09-07,10.000000000000002,0.243080410403245,7,1,1,1,0
2017-09-08,10.000000000000002,0.243080410403245,9,1,1,1,0
2017-09-09,10.000000000000002,0.243080410403245,9,1,1,1,0
2017-09-10,10.000000000000002,0.243080410403245,9,1,1,1,0
2017-09-11,10.000000000000002,0.243080410403245,9,1,1,1,0
2017-09-12,10.000000000000002,0.243080410403245,9,1,1,1,0
2017-09-13,10.000000000000002,0.243080410403245,8,1,1,1,0
2017-09-14,10.000000000000002,0.243080410403245,9,1,1,1,0
2017-09-15,10.000000000000002,0.243080410403245,9,1,1,1,0
2017-09-16,10.000000000000002,0.243080410403245,8,1,1,1,0
2017-09-17,10.000000000000002,0.243080410403245,8,1,1,1,0
2017-09-18,9.473684210526315,0.25658487764786975,6,1,1,1,0
2017-09-19,10.000000000000002,0.243080410403245,4,1,1,1,0
2017-09-20,9.434276206322796,0.25765666076252247,9,1,1,1,0
2017-09-21,9.545454545454547,0.25465566804149475,9,1,1,1,0
2017-09-22,9.756097560975611,0.2491574206633261,10,1,1,1,0
2017-09-23,10.000000000000002,0.243080410403245,9,1,1,1,0
2017-09-24,10.000000000000002,0.243080410403245,10,1,1,1,0
2017-09-25,9.545454545454547,0.25465566804149475,9,1,1,1,0
2017-09-26,9.729729729729732,0.24983264402555733,9,1,1,1,0
2017-09-27,10.000000000000002,0.243080410403245,9,1,1,1,0
2017-09-28,10.000000000000002,0.243080410403245,10,1,1,1,0
2017-09-29,10.000000000000002,0.243080410403245,10,1,1,1,0
2017-09-30,10.000000000000002,0.243080410403245,10,1,1,1,0
2017-10-01,10.000000000000002,0.243080410403245,9,1,1,1,0
2017-10-02,10.000000000000002,0.243080410403245,9,1,1,1,0
2017-10-03,10.000000000000002,0.243080410403245,9,1,1,1,0
2017-10-04,,,0,0,0,1,0
2017-10-05,10.000000000000002,0.243080410403245,9,1,1,1,0
2017-10-06,,,0,0,0,1,0
2017-10-07,10.000000000000002,0.243080410403245,8,1,1,1,0
2017-10-08,10.000000000000002,0.243080410403245,10,1,1,1,0
2017-10-09,10.000000000000002,0.243080410403245,9,1,1,1,0
2017-10-10,10.000000000000002,0.243080410403245,8,1,1,1,0
2017-10-11,,,1,1,0,1,0
2017-10-12,10.000000000000002,0.243080410403245,3,1,1,1,0
2017-10-13,9.6,0.25320876083671356,6,1,1,1,0
2017-10-14,,,0,0,0,1,0
2017-10-15,10.000000000000002,0.243080410403245,6,1,1,1,0
2017-10-16,10.000000000000002,0.243080410403245,10,1,1,1,0
2017-10-17,10.000000000000002,0.243080410403245,9,1,1,1,0
2017-10-18,10.000000000000002,0.243080410403245,9,1,1,1,0
2017-10-19,10.000000000000002,0.243080410403245,10,1,1,1,0
2017-10-20,10.000000000000002,0.243080410403245,10,1,1,1,0
2017-10-21,10.000000000000002,0.243080410403245,9,1,1,1,0
2017-10-22,10.000000000000002,0.243080410403245,9,1,1,1,0
2017-10-23,10.000000000000002,0.243080410403245,4,1,1,1,0
2017-10-24,10.000000000000002,0.243080410403245,6,1,1,1,0
2017-10-25,10.000000000000002,0.243080410403245,7,1,1,1,0
2017-10-26,10.000000000000002,0.243080410403245,9,1,1,1,0
2017-10-27,10.000000000000002,0.243080410403245,7,1,1,1,0
2017-10-28,10.000000000000002,0.243080410403245,10,1,1,1,0
2017-10-29,10.000000000000002,0.243080410403245,9,1,1,1,0
2017-10-30,10.000000000000002,0.243080410403245,8,1,1,1,0
2017-10-31,9.890109890109892,0.24578130385216995,10,1,1,1,0
2017-11-01,10.000000000000002,0.243080410403245,10,1,1,1,0
2017-11-02,,,0,0,0,1,0
2017-11-03,9.863013698630139,0.24645652721440117,8,1,1,1,0
2017-11-04,10.000000000000002,0.243080410403245,6,1,1,1,0
2017-11-05,,,0,0,0,1,0
2017-11-06,10.000000000000002,0.243080410403245,10,1,1,1,0
2017-11-07,10.000000000000002,0.243080410403245,10,1,1,1,0
2017-11-08,10.000000000000002,0.243080410403245,10,1,1,1,0
2017-11-09,9.878048780487807,0.2460814031242727,9,1,1,1,0
2017-11-10,10.000000000000002,0.243080410403245,10,1,1,1,0
2017-11-11,10.000000000000002,0.243080410403245,10,1,1,1,0
2017-11-12,,,2,1,0,1,0
2017-11-13,10.000000000000002,0.243080410403245,7,1,1,1,0
2017-11-14,6.8108108108108105,0.3569037771793677,9,1,1,1,0
2017-11-15,9.729729729729732,0.24983264402555735,4,1,1,1,0
2017-11-16,10.000000000000002,0.243080410403245,10,1,1,1,0
2017-11-17,10.000000000000002,0.243080410403245,10,1,1,1,0
2017-11-18,,,0,0,0,1,0
2017-11-19,9.81818181818182,0.24758189948478657,6,1,1,1,0
2017-11-20,10.000000000000002,0.243080410403245,10,1,1,1,0
2017-11-21,10.000000000000002,0.243080410403245,7,1,1,1,0
2017-11-22,10.000000000000002,0.243080410403245,10,1,1,1,0
2017-11-23,10.000000000000002,0.243080410403245,10,1,1,1,0
2017-11-24,10.000000000000002,0.243080410403245,10,1,1,1,0
2017-11-25,10.000000000000002,0.243080410403245,10,1,1,1,0
2017-11-26,10.000000000000002,0.243080410403245,9,1,1,1,0
2017-11-27,10.000000000000002,0.243080410403245,10,1,1,1,0
2017-11-28,10.000000000000002,0.243080410403245,10,1,1,1,0
2017-11-29,10.000000000000002,0.243080410403245,10,1,1,1,0
2017-11-30,10.000000000000002,0.243080410403245,3,1,1,1,0
2017-12-01,10.000000000000002,0.243080410403245,9,1,1,1,0
2017-12-02,9.729729729729732,0.24983264402555733,9,1,1,1,0
2017-12-03,9.878048780487807,0.2460814031242727,9,1,1,1,0
2017-12-04,10.000000000000002,0.243080410403245,10,1,1,1,0
2017-12-05,10.000000000000002,0.243080410403245,10,1,1,1,0
2017-12-06,10.000000000000002,0.243080410403245,10,1,1,1,0
2017-12-07,,,2,1,0,1,0
2017-12-08,10.000000000000002,0.243080410403245,10,1,1,1,0
2017-12-09,,,2,1,0,1,0
2017-12-10,10.000000000000002,0.243080410403245,10,1,1,1,0
2017-12-11,9.72972972972973,0.24983264402555738,4,1,1,1,0
2017-12-12,9.729729729729732,0.24983264402555735,8,1,1,1,0
2017-12-13,,,0,0,0,1,0
2017-12-14,10.000000000000002,0.243080410403245,10,1,1,1,0
2017-12-15,9.782608695652176,0.2484821973010949,5,1,1,1,0
2017-12-16,9.487951807228917,0.25619903572659475,10,1,1,1,0
2017-12-17,,,2,1,0,1,0
2017-12-18,,,0,0,0,1,0
2017-12-19,9.549071618037136,0.254559207561176,10,1,1,1,0
2017-12-20,10.000000000000002,0.243080410403245,10,1,1,1,0
2017-12-21,10.000000000000002,0.243080410403245,10,1,1,1,0
2017-12-22,7.368421052631579,0.32989484269011826,10,1,1,1,0
2017-12-23,9.863013698630139,0.24645652721440117,8,1,1,1,0
2017-12-24,10.000000000000002,0.243080410403245,4,1,1,1,0
2017-12-25,7.879924953095686,0.30848061605935617,5,1,1,1,0
2017-12-26,9.782608695652176,0.2484821973010949,5,1,1,1,0
2017-12-27,10.000000000000002,0.243080410403245,10,1,1,1,0
2017-12-28,10.000000000000002,0.243080410403245,10,1,1,1,0
2017-12-29,9.218106995884774,0.2636988380713774,8,1,1,1,0
2017-12-30,9.411764705882353,0.2582729360534478,4,1,1,1,0
2017-12-31,10.000000000000002,0.243080410403245,10,1,1,1,0
2018-01-01,8.686327077747992,0.2798425712358345,9,1,1,1,0
2018-01-02,9.545454545454547,0.25465566804149475,9,1,1,1,0
2018-01-03,8.475336322869953,0.2868091614810775,3,1,1,1,0
2018-01-04,9.782608695652176,0.2484821973010949,10,1,1,1,0
2018-01-05,10.000000000000002,0.243080410403245,10,1,1,1,0
2018-01-06,10.000000000000002,0.243080410403245,10,1,1,1,0
2018-01-07,9.890109890109892,0.24578130385216995,10,1,1,1,0
2018-01-08,10.000000000000002,0.243080410403245,7,1,1,1,7
2018-01-09,5.294117647058824,0.4591518863172406,3,1,1,1,0
2018-01-10,,,0,0,0,1,0
2018-01-11,10.000000000000002,0.243080410403245,4,1,1,1,0
2018-01-12,10.000000000000002,0.243080410403245,4,1,1,1,0
2018-01-13,10.000000000000002,0.243080410403245,10,1,1,1,0
2018-01-14,10.000000000000002,0.243080410403245,7,1,1,1,4
2018-01-15,,,1,1,0,1,0
2018-01-16,,,2,1,0,1,0
2018-01-17,9.05823148813803,0.268353056246757,10,1,1,1,0
2018-01-18,10.000000000000002,0.243080410403245,10,1,1,1,0
2018-01-19,10.000000000000002,0.243080410403245,10,1,1,1,0
2018-01-20,10.000000000000002,0.243080410403245,10,1,1,1,0
2018-01-21,,,0,0,0,1,0
2018-01-22,10.000000000000002,0.243080410403245,3,1,1,1,0
2018-01-23,10.000000000000002,0.243080410403245,7,1,1,1,0
2018-01-24,10.000000000000002,0.243080410403245,9,1,1,1,0
2018-01-25,10.000000000000002,0.243080410403245,10,1,1,1,0
2018-01-26,9.878048780487807,0.2460814031242727,9,1,1,1,0
2018-01-27,10.000000000000002,0.243080410403245,9,1,1,1,0
2018-01-28,10.000000000000002,0.243080410403245,10,1,1,1,0
2018-01-29,,,0,0,0,1,0
2018-01-30,10.000000000000002,0.243080410403245,10,1,1,1,0
2018-01-31,10.000000000000002,0.243080410403245,10,1,1,1,0
2018-02-01,10.000000000000002,0.243080410403245,10,1,1,1,0
2018-02-02,9.890109890109892,0.24578130385216995,10,1,1,1,0
2018-02-03,10.000000000000002,0.243080410403245,7,1,1,1,0
2018-02-04,,,0,0,0,1,0
2018-02-05,10.000000000000002,0.243080410403245,10,1,1,1,0
2018-02-06,10.000000000000002,0.243080410403245,9,1,1,1,0
2018-02-07,8.97196261682243,0.2709333740952835,8,1,1,1,0
2018-02-08,8.750000000000002,0.2778061833179943,7,1,1,1,0
2018-02-09,,,0,0,0,1,0
2018-02-10,,,1,1,0,1,0
2018-02-11,8.351284175642089,0.29106949936182214,4,1,1,1,4
2018-02-12,10.000000000000002,0.243080410403245,10,1,1,1,0
2018-02-13,9.890109890109892,0.24578130385216995,10,1,1,1,0
2018-02-14,7.251798561151079,0.3352001691076494,6,1,1,1,0
2018-02-15,,,0,0,0,1,0
2018-02-16,10.000000000000002,0.243080410403245,10,1,1,1,0
2018-02-17,10.000000000000002,0.243080410403245,10,1,1,1,0
2018-02-18,8.728784205057153,0.27848140668022553,10,1,1,1,0
2018-02-19,,,0,0,0,1,0
2018-02-20,,,0,0,0,1,0
2018-02-21,10.000000000000002,0.243080410403245,7,1,1,1,2
2018-02-22,10.000000000000002,0.243080410403245,10,1,1,1,0
2018-02-23,10.000000000000002,0.243080410403245,3,1,1,1,0
2018-02-24,10.000000000000002,0.243080410403245,10,1,1,1,0
2018-02-25,10.000000000000002,0.243080410403245,10,1,1,1,0
2018-02-26,10.000000000000002,0.243080410403245,10,1,1,1,0
2018-02-27,10.000000000000002,0.243080410403245,10,1,1,1,0
2018-02-28,10.000000000000002,0.243080410403245,10,1,1,1,0
2018-03-01,,,0,0,0,1,0
2018-03-02,10.000000000000002,0.243080410403245,10,1,1,1,0
2018-03-03,10.000000000000002,0.243080410403245,10,1,1,1,0
2018-03-04,10.000000000000002,0.243080410403245,10,1,1,1,0
2018-03-05,10.000000000000002,0.243080410403245,10,1,1,1,0
2018-03-06,10.000000000000002,0.243080410403245,6,1,1,1,0
2018-03-07,10.000000000000002,0.243080410403245,4,1,1,1,0
2018-03-08,10.000000000000002,0.243080410403245,3,1,1,1,0
2018-03-09,9.863013698630139,0.24645652721440117,8,1,1,1,0
2018-03-10,10.000000000000002,0.243080410403245,10,1,1,1,0
2018-03-11,10.000000000000002,0.243080410403245,10,1,1,1,0
2018-03-12,9.642857142857142,0.25208338856632817,3,1,1,1,1
2018-03-13,9.863013698630139,0.24645652721440117,8,1,1,1,0
2018-03-14,10.000000000000002,0.243080410403245,10,1,1,1,0
2018-03-15,10.000000000000002,0.243080410403245,9,1,1,1,0
2018-03-16,10.000000000000002,0.243080410403245,10,1,1,1,0
2018-03-17,10.000000000000002,0.243080410403245,10,1,1,1,0
2018-03-18,10.000000000000002,0.243080410403245,10,1,1,1,0
2018-03-19,10.000000000000002,0.243080410403245,10,1,1,1,0
2018-03-20,10.000000000000002,0.243080410403245,10,1,1,1,0
2018-03-21,10.000000000000002,0.243080410403245,10,1,1,1,0
2018-03-22,10.000000000000002,0.243080410403245,10,1,1,1,0
2018-03-23,10.000000000000002,0.243080410403245,10,1,1,1,0
2018-03-24,10.000000000000002,0.243080410403245,10,1,1,1,0
2018-03-25,10.000000000000002,0.243080410403245,10,1,1,1,0
2018-03-26,10.000000000000002,0.243080410403245,10,1,1,1,0
2018-03-27,,,0,0,0,1,0
2018-03-28,8.706811451135241,0.2791841901796907,7,1,1,1,0
2018-03-29,,,0,0,0,1,0
2018-03-30,10.000000000000002,0.243080410403245,10,1,1,1,0
2018-03-31,10.000000000000002,0.243080410403245,5,1,1,1,0
2018-04-01,10.000000000000002,0.243080410403245,10,1,1,1,0
2018-04-02,10.000000000000002,0.243080410403245,10,1,1,1,0
2018-04-03,9.171974522292995,0.2650251696757602,4,1,1,1,0
2018-04-04,9.270386266094421,0.2622117389997967,6,1,1,1,0
2018-04-05,10.000000000000002,0.243080410403245,10,1,1,1,0
2018-04-06,9.729729729729732,0.24983264402555735,8,1,1,1,0
2018-04-07,10.000000000000002,0.243080410403245,10,1,1,1,0
2018-04-08,10.000000000000002,0.243080410403245,10,1,1,1,0
2018-04-09,9.782608695652176,0.2484821973010949,5,1,1,1,0
2018-04-10,10.000000000000002,0.243080410403245,10,1,1,1,0
2018-04-11,10.000000000000002,0.243080410403245,8,1,1,1,0
2018-04-12,10.000000000000002,0.243080410403245,10,1,1,1,0
2018-04-13,10.000000000000002,0.243080410403245,10,1,1,1,0
2018-04-14,,,1,1,0,1,0
2018-04-15,,,0,0,0,1,0
2018-04-16,10.000000000000002,0.243080410403245,8,1,1,1,0
2018-04-17,10.000000000000002,0.243080410403245,5,1,1,1,0
2018-04-18,10.000000000000002,0.243080410403245,10,1,1,1,0
2018-04-19,10.000000000000002,0.243080410403245,10,1,1,1,0
2018-04-20,10.000000000000002,0.243080410403245,10,1,1,1,0
2018-04-21,10.000000000000002,0.243080410403245,10,1,1,1,0
2018-04-22,10.000000000000002,0.243080410403245,10,1,1,1,0
2018-04-23,10.000000000000002,0.243080410403245,10,1,1,1,0
2018-04-24,9.81818181818182,0.24758189948478657,6,1,1,1,0
2018-04-25,9.878048780487807,0.2460814031242727,9,1,1,1,0
2018-04-26,10.000000000000002,0.243080410403245,9,1,1,1,0
2018-04-27,10.000000000000002,0.243080410403245,9,1,1,1,0
2018-04-28,10.000000000000002,0.243080410403245,10,1,1,1,0
2018-04-29,10.000000000000002,0.243080410403245,10,1,1,1,0
2018-04-30,10.000000000000002,0.243080410403245,10,1,1,1,0
2018-05-01,10.000000000000002,0.243080410403245,10,1,1,1,0
2018-05-02,10.000000000000002,0.243080410403245,10,1,1,1,0
2018-05-03,10.000000000000002,0.243080410403245,4,1,1,1,0
2018-05-04,10.000000000000002,0.243080410403245,10,1,1,1,0
2018-05-05,10.000000000000002,0.243080410403245,10,1,1,1,0
2018-05-06,10.000000000000002,0.243080410403245,8,1,1,1,0
2018-05-07,10.000000000000002,0.243080410403245,10,1,1,1,0
2018-05-08,9.890109890109892,0.24578130385216995,10,1,1,1,0
2018-05-09,10.000000000000002,0.243080410403245,10,1,1,1,0
2018-05-10,10.000000000000002,0.243080410403245,10,1,1,1,0
2018-05-11,10.000000000000002,0.243080410403245,5,1,1,1,0
2018-05-12,,,1,1,0,1,0
2018-05-13,8.155339805825244,0.2980628841849314,3,1,1,1,0
2018-05-14,10.000000000000002,0.243080410403245,4,1,1,1,0
2018-05-15,10.000000000000002,0.243080410403245,7,1,1,1,0
2018-05-16,9.890109890109892,0.24578130385216995,10,1,1,1,0
2018-05-17,10.000000000000002,0.243080410403245,10,1,1,1,0
2018-05-18,10.000000000000002,0.243080410403245,10,1,1,1,0
2018-05-19,10.000000000000002,0.243080410403245,4,1,1,1,0
2018-05-20,10.000000000000002,0.243080410403245,8,1,1,1,0
2018-05-21,10.000000000000002,0.243080410403245,6,1,1,1,0
2018-05-22,9.03225806451613,0.269124740089307,4,1,1,1,0
2018-05-23,9.890109890109892,0.24578130385216995,10,1,1,1,0
2018-05-24,10.000000000000002,0.243080410403245,10,1,1,1,0
2018-05-25,10.000000000000002,0.243080410403245,10,1,1,1,0
2018-05-26,10.000000000000002,0.243080410403245,10,1,1,1,0
2018-05-27,10.000000000000002,0.243080410403245,8,1,1,1,0
2018-05-28,10.000000000000002,0.243080410403245,10,1,1,1,0
2018-05-29,10.000000000000002,0.243080410403245,10,1,1,1,0
2018-05-30,10.000000000000002,0.243080410403245,10,1,1,1,0
2018-05-31,10.000000000000002,0.243080410403245,9,1,1,1,0
2018-06-01,10.000000000000002,0.243080410403245,9,1,1,1,0
2018-06-02,10.000000000000002,0.243080410403245,10,1,1,1,0
2018-06-03,9.782608695652176,0.2484821973010949,5,1,1,1,0
2018-06-04,10.000000000000002,0.243080410403245,10,1,1,1,0
2018-06-05,10.000000000000002,0.243080410403245,10,1,1,1,0
2018-06-06,10.000000000000002,0.243080410403245,10,1,1,1,0
2018-06-07,10.000000000000002,0.243080410403245,10,1,1,1,0
2018-06-08,10.000000000000002,0.243080410403245,10,1,1,1,0
2018-06-09,9.03225806451613,0.269124740089307,4,1,1,1,0
2018-06-10,9.729729729729732,0.24983264402555735,4,1,1,1,0
2018-06-11,10.000000000000002,0.243080410403245,10,1,1,1,0
2018-06-12,8.686659772492245,0.279831853404688,10,1,1,1,0
2018-06-13,8.923512747875355,0.2724043964201444,10,1,1,1,0
2018-06-14,10.000000000000002,0.243080410403245,10,1,1,1,0
2018-06-15,10.000000000000002,0.243080410403245,10,1,1,1,0
2018-06-16,10.000000000000002,0.243080410403245,10,1,1,1,0
2018-06-17,10.000000000000002,0.243080410403245,10,1,1,1,0
2018-06-18,10.000000000000002,0.243080410403245,10,1,1,1,0
2018-06-19,10.000000000000002,0.243080410403245,10,1,1,1,0
2018-06-20,9.411764705882353,0.2582729360534478,8,1,1,1,0
2018-06-21,9.81818181818182,0.24758189948478657,6,1,1,1,0
2018-06-22,10.000000000000002,0.243080410403245,6,1,1,1,0
2018-06-23,9.863013698630139,0.24645652721440117,8,1,1,1,0
2018-06-24,9.6514745308311,0.25185831411225107,10,1,1,1,0
2018-06-25,10.000000000000002,0.243080410403245,10,1,1,1,0
2018-06-26,10.000000000000002,0.243080410403245,10,1,1,1,0
2018-06-27,10.000000000000002,0.243080410403245,6,1,1,1,0
2018-06-28,5.2631578947368425,0.4618527797661655,10,1,1,1,0
2018-06-29,10.000000000000002,0.243080410403245,10,1,1,1,0
2018-06-30,9.424083769633508,0.2579353243723322,10,1,1,1,0
2018-07-01,9.756097560975611,0.2491574206633261,10,1,1,1,0
2018-07-02,10.000000000000002,0.243080410403245,10,1,1,1,0
2018-07-03,10.000000000000002,0.243080410403245,10,1,1,1,0
2018-07-04,10.000000000000002,0.243080410403245,10,1,1,1,0
2018-07-05,10.000000000000002,0.243080410403245,10,1,1,1,0
2018-07-06,10.000000000000002,0.243080410403245,10,1,1,1,0
2018-07-07,10.000000000000002,0.243080410403245,10,1,1,1,0
2018-07-08,10.000000000000002,0.243080410403245,10,1,1,1,0
2018-07-09,10.000000000000002,0.243080410403245,10,1,1,1,0
2018-07-10,10.000000000000002,0.243080410403245,10,1,1,1,0
2018-07-11,10.000000000000002,0.243080410403245,10,1,1,1,0
2018-07-12,10.000000000000002,0.243080410403245,10,1,1,1,0
2018-07-13,10.000000000000002,0.243080410403245,10,1,1,1,0
2018-07-14,10.000000000000002,0.243080410403245,10,1,1,1,0
2018-07-15,10.000000000000002,0.243080410403245,10,1,1,1,0
2018-07-16,9.863013698630139,0.24645652721440117,8,1,1,1,0
2018-07-17,10.000000000000002,0.243080410403245,10,1,1,1,0
2018-07-18,10.000000000000002,0.243080410403245,10,1,1,1,0
2018-07-19,10.000000000000002,0.243080410403245,10,1,1,1,0
2018-07-20,10.000000000000002,0.243080410403245,7,1,1,1,0
2018-07-21,9.333333333333334,0.2604432968606197,7,1,1,1,0
2018-07-22,9.729729729729732,0.24983264402555735,8,1,1,1,0
2018-07-23,10.000000000000002,0.243080410403245,10,1,1,1,0
2018-07-24,10.000000000000002,0.243080410403245,10,1,1,1,0
2018-07-25,10.000000000000002,0.243080410403245,10,1,1,1,0
2018-07-26,10.000000000000002,0.243080410403245,6,1,1,1,0
2018-07-27,,,0,0,0,1,0
2018-07-28,,,1,1,0,1,0
2018-07-29,,,0,0,0,1,0
2018-07-30,,,1,1,0,1,0
2018-07-31,10.000000000000002,0.243080410403245,8,1,1,1,0
2018-08-01,10.000000000000002,0.243080410403245,7,1,1,1,0
2018-08-02,10.000000000000002,0.243080410403245,9,1,1,1,0
2018-08-03,10.000000000000002,0.243080410403245,10,1,1,1,0
2018-08-04,9.589041095890414,0.25349814227766976,10,1,1,1,0
2018-08-05,10.000000000000002,0.243080410403245,9,1,1,1,0
2018-08-06,10.000000000000002,0.243080410403245,9,1,1,1,0
2018-08-07,10.000000000000002,0.243080410403245,8,1,1,1,0
2018-08-08,10.000000000000002,0.243080410403245,10,1,1,1,0
2018-08-09,10.000000000000002,0.243080410403245,9,1,1,1,0
2018-08-10,9.863013698630139,0.24645652721440117,8,1,1,1,0
2018-08-11,10.000000000000002,0.243080410403245,8,1,1,1,0
2018-08-12,10.000000000000002,0.243080410403245,10,1,1,1,0
2018-08-13,10.000000000000002,0.243080410403245,10,1,1,1,0
2018-08-14,10.000000000000002,0.243080410403245,10,1,1,1,0
2018-08-15,9.756097560975611,0.2491574206633261,10,1,1,1,0
2018-08-16,,,0,0,0,1,0
2018-08-17,10.000000000000002,0.243080410403245,7,1,1,1,0
2018-08-18,9.756097560975611,0.2491574206633261,10,1,1,1,0
2018-08-19,9.890109890109892,0.24578130385216995,10,1,1,1,0
2018-08-20,10.000000000000002,0.243080410403245,10,1,1,1,0
2018-08-21,10.000000000000002,0.243080410403245,7,1,1,1,0
2018-08-22,10.000000000000002,0.243080410403245,10,1,1,1,0
2018-08-23,10.000000000000002,0.243080410403245,10,1,1,1,0
2018-08-24,10.000000000000002,0.243080410403245,10,1,1,1,0
2018-08-25,10.000000000000002,0.243080410403245,7,1,1,1,0
2018-08-26,8.275862068965518,0.29372216257058775,6,1,1,1,0
2018-08-27,8.987962550156041,0.27045107169368976,8,1,1,1,0
2018-08-28,10.000000000000002,0.243080410403245,9,1,1,1,0
2018-08-29,10.000000000000002,0.243080410403245,10,1,1,1,0
2018-08-30,10.000000000000002,0.243080410403245,10,1,1,1,0
2018-08-31,10.000000000000002,0.243080410403245,10,1,1,1,0
2018-09-01,10.000000000000002,0.243080410403245,7,1,1,1,0
2018-09-02,10.000000000000002,0.243080410403245,7,1,1,1,0
2018-09-03,10.000000000000002,0.243080410403245,4,1,1,1,0
2018-09-04,10.000000000000002,0.243080410403245,8,1,1,1,0
2018-09-05,10.000000000000002,0.243080410403245,10,1,1,1,0
2018-09-06,10.000000000000002,0.243080410403245,6,1,1,1,0
2018-09-07,10.000000000000002,0.243080410403245,10,1,1,1,0
2018-09-08,10.000000000000002,0.243080410403245,10,1,1,1,0
2018-09-09,10.000000000000002,0.243080410403245,8,1,1,1,0
2018-09-10,10.000000000000002,0.243080410403245,5,1,1,1,0
2018-09-11,10.000000000000002,0.243080410403245,9,1,1,1,0
2018-09-12,10.000000000000002,0.243080410403245,9,1,1,1,0
2018-09-13,8.600682593856655,0.2826292073339317,8,1,1,1,0
2018-09-14,10.000000000000002,0.243080410403245,8,1,1,1,0
2018-09-15,9.655172413793105,0.2517618536319323,7,1,1,1,0
2018-09-16,9.890109890109892,0.24578130385216995,10,1,1,1,0
2018-09-17,10.000000000000002,0.243080410403245,9,1,1,1,0
2018-09-18,10.000000000000002,0.243080410403245,9,1,1,1,0
2018-09-19,10.000000000000002,0.243080410403245,9,1,1,1,0
2018-09-20,10.000000000000002,0.243080410403245,6,1,1,1,0
2018-09-21,10.000000000000002,0.243080410403245,10,1,1,1,0
2018-09-22,10.000000000000002,0.243080410403245,10,1,1,1,0
2018-09-23,10.000000000000002,0.243080410403245,9,1,1,1,0
2018-09-24,10.000000000000002,0.243080410403245,3,1,1,1,0
2018-09-25,,,1,1,0,1,0
2018-09-26,10.000000000000002,0.243080410403245,10,1,1,1,0
2018-09-27,10.000000000000002,0.243080410403245,9,1,1,1,0
2018-09-28,10.000000000000002,0.243080410403245,8,1,1,1,0
2018-09-29,10.000000000000002,0.243080410403245,9,1,1,1,0
2018-09-30,9.43231441048035,0.25771024991825514,6,1,1,1,0
2018-10-01,,,0,0,0,1,0
2018-10-02,9.692307692307695,0.2507972488287448,7,1,1,1,0
2018-10-03,10.000000000000002,0.243080410403245,9,1,1,1,0
2018-10-04,10.000000000000002,0.243080410403245,9,1,1,1,0
2018-10-05,10.000000000000002,0.243080410403245,6,1,1,1,0
2018-10-06,10.000000000000002,0.243080410403245,5,1,1,1,0
2018-10-07,,,1,1,0,1,0
2018-10-08,9.81818181818182,0.24758189948478657,6,1,1,1,0
2018-10-09,10.000000000000002,0.243080410403245,8,1,1,1,0
2018-10-10,10.000000000000002,0.243080410403245,8,1,1,1,0
2018-10-11,10.000000000000002,0.243080410403245,10,1,1,1,0
2018-10-12,10.000000000000002,0.243080410403245,8,1,1,1,0
2018-10-13,10.000000000000002,0.243080410403245,9,1,1,1,0
2018-10-14,9.878048780487807,0.2460814031242727,9,1,1,1,0
2018-10-15,10.000000000000002,0.243080410403245,8,1,1,1,0
2018-10-16,10.000000000000002,0.243080410403245,9,1,1,1,0
2018-10-17,10.000000000000002,0.243080410403245,10,1,1,1,0
2018-10-18,10.000000000000002,0.243080410403245,9,1,1,1,0
2018-10-19,10.000000000000002,0.243080410403245,9,1,1,1,0
2018-10-20,10.000000000000002,0.243080410403245,5,1,1,1,0
2018-10-21,10.000000000000002,0.243080410403245,10,1,1,1,0
2018-10-22,10.000000000000002,0.243080410403245,10,1,1,1,0
2018-10-23,10.000000000000002,0.243080410403245,10,1,1,1,0
2018-10-24,10.000000000000002,0.243080410403245,10,1,1,1,0
2018-10-25,10.000000000000002,0.243080410403245,9,1,1,1,0
2018-10-26,10.000000000000002,0.243080410403245,10,1,1,1,0
2018-10-27,,,1,1,0,1,0
2018-10-28,,,1,1,0,1,0
2018-10-29,10.000000000000002,0.243080410403245,9,1,1,1,0
2018-10-30,10.000000000000002,0.243080410403245,8,1,1,1,0
2018-10-31,9.43231441048035,0.25771024991825514,6,1,1,1,0
2018-11-01,,,0,0,0,1,0
2018-11-02,10.000000000000002,0.243080410403245,8,1,1,1,0
2018-11-03,10.000000000000002,0.243080410403245,10,1,1,1,0
2018-11-04,10.000000000000002,0.243080410403245,10,1,1,1,0
2018-11-05,10.000000000000002,0.243080410403245,9,1,1,1,0
2018-11-06,10.000000000000002,0.243080410403245,8,1,1,1,0
2018-11-07,10.000000000000002,0.243080410403245,10,1,1,1,0
2018-11-08,10.000000000000002,0.243080410403245,10,1,1,1,0
2018-11-09,9.23076923076923,0.2633371112701821,3,1,1,1,0
2018-11-10,10.000000000000002,0.243080410403245,9,1,1,1,0
2018-11-11,10.000000000000002,0.243080410403245,10,1,1,1,0
2018-11-12,9.890109890109892,0.24578130385216995,10,1,1,1,0
2018-11-13,10.000000000000002,0.243080410403245,6,1,1,1,0
2018-11-14,10.000000000000002,0.243080410403245,9,1,1,1,0
2018-11-15,,,0,0,0,1,0
2018-11-16,,,2,1,0,1,0
2018-11-17,10.000000000000002,0.243080410403245,8,1,1,1,0
2018-11-18,10.000000000000002,0.243080410403245,4,1,1,1,0
2018-11-19,10.000000000000002,0.243080410403245,7,1,1,1,0
2018-11-20,10.000000000000002,0.243080410403245,10,1,1,1,0
2018-11-21,10.000000000000002,0.243080410403245,10,1,1,1,0
2018-11-22,10.000000000000002,0.243080410403245,10,1,1,1,0
2018-11-23,10.000000000000002,0.243080410403245,7,1,1,1,0
2018-11-24,,,2,1,0,1,0
2018-11-25,10.000000000000002,0.243080410403245,10,1,1,1,0
2018-11-26,10.000000000000002,0.243080410403245,4,1,1,1,0
2018-11-27,10.000000000000002,0.243080410403245,10,1,1,1,0
2018-11-28,10.000000000000002,0.243080410403245,10,1,1,1,0
2018-11-29,7.0,0.3472577291474929,3,1,1,1,0
2018-11-30,7.3720136518771335,0.3297340752229203,6,1,1,1,0
2018-12-01,,,1,1,0,1,0
2018-12-02,10.000000000000002,0.243080410403245,4,1,1,1,0
2018-12-03,9.171974522292995,0.2650251696757602,4,1,1,1,0
2018-12-04,10.000000000000002,0.243080410403245,10,1,1,1,0
2018-12-05,9.23076923076923,0.2633371112701821,3,1,1,1,0
2018-12-06,9.523809523809526,0.25523443092340725,5,1,1,1,0
2018-12-07,10.000000000000002,0.243080410403245,9,1,1,1,0
2018-12-08,10.000000000000002,0.243080410403245,10,1,1,1,0
2018-12-09,9.878048780487807,0.2460814031242727,9,1,1,1,0
2018-12-10,7.466666666666668,0.3255541210757746,6,1,1,1,0
2018-12-11,6.753014738722645,0.359958359056128,6,1,1,1,0
2018-12-12,6.983027364045721,0.34810175835028195,8,1,1,1,0
2018-12-13,7.425414364640885,0.3273627550817511,8,1,1,1,0
2018-12-14,,,0,0,0,1,0
2018-12-15,10.000000000000002,0.243080410403245,10,1,1,1,0
2018-12-16,9.655172413793105,0.2517618536319323,7,1,1,1,0
2018-12-17,10.000000000000002,0.243080410403245,10,1,1,1,0
2018-12-18,10.000000000000002,0.243080410403245,10,1,1,1,0
2018-12-19,9.843750000000002,0.24693882961599492,7,1,1,1,0
2018-12-20,,,0,0,0,1,0
2018-12-21,,,0,0,0,1,0
2018-12-22,10.000000000000002,0.243080410403245,10,1,1,1,0
2018-12-23,9.28421052631579,0.26182130372231605,7,1,1,1,0
2018-12-24,10.000000000000002,0.243080410403245,10,1,1,1,0
2018-12-25,10.000000000000002,0.243080410403245,6,1,1,1,0
2018-12-26,9.863013698630139,0.24645652721440117,8,1,1,1,0
2018-12-27,9.6,0.25320876083671356,6,1,1,1,0
2018-12-28,,,1,1,0,1,0
2018-12-29,10.000000000000002,0.243080410403245,10,1,1,1,0
2018-12-30,10.000000000000002,0.243080410403245,9,1,1,1,0
2018-12-31,,,1,1,0,1,0
2019-01-01,10.000000000000002,0.243080410403245,7,1,1,1,0
2019-01-02,,,0,0,0,1,0
2019-01-03,10.000000000000002,0.243080410403245,10,1,1,1,0
2019-01-04,10.000000000000002,0.243080410403245,10,1,1,1,0
2019-01-05,9.491525423728815,0.256102575246276,8,1,1,1,0
2019-01-06,10.000000000000002,0.243080410403245,10,1,1,1,0
2019-01-07,10.000000000000002,0.243080410403245,6,1,1,1,0
2019-01-08,9.6,0.25320876083671356,6,1,1,1,0
2019-01-09,10.000000000000002,0.243080410403245,6,1,1,1,0
2019-01-10,9.729729729729732,0.24983264402555735,8,1,1,1,0
2019-01-11,10.000000000000002,0.243080410403245,9,1,1,1,0
2019-01-12,10.000000000000002,0.243080410403245,10,1,1,1,0
2019-01-13,10.000000000000002,0.243080410403245,10,1,1,1,0
2019-01-14,10.000000000000002,0.243080410403245,9,1,1,1,0
2019-01-15,7.304347826086956,0.3327886570996807,3,1,1,1,0
2019-01-16,10.000000000000002,0.243080410403245,9,1,1,1,0
2019-01-17,9.81818181818182,0.24758189948478657,6,1,1,1,0
2019-01-18,9.589041095890414,0.25349814227766976,10,1,1,1,0
2019-01-19,,,1,1,0,1,0
2019-01-20,10.000000000000002,0.243080410403245,10,1,1,1,0
2019-01-21,10.000000000000002,0.243080410403245,10,1,1,1,0
2019-01-22,10.000000000000002,0.243080410403245,8,1,1,1,0
2019-01-23,,,1,1,0,1,0
2019-01-24,10.000000000000002,0.243080410403245,9,1,1,1,0
2019-01-25,10.000000000000002,0.243080410403245,9,1,1,1,0
2019-01-26,10.000000000000002,0.243080410403245,10,1,1,1,0
2019-01-27,10.000000000000002,0.243080410403245,7,1,1,1,0
2019-01-28,,,1,1,0,1,0
2019-01-29,8.694652098907417,0.2795746254571714,6,1,1,1,0
2019-01-30,9.782608695652176,0.2484821973010949,10,1,1,1,0
2019-01-31,10.000000000000002,0.243080410403245,10,1,1,1,0
2019-02-01,10.000000000000002,0.243080410403245,10,1,1,1,0
2019-02-02,6.461538461538462,0.3761958732431173,8,1,1,1,0
2019-02-03,10.000000000000002,0.243080410403245,9,1,1,1,0
2019-02-04,10.000000000000002,0.243080410403245,5,1,1,1,0
2019-02-05,10.000000000000002,0.243080410403245,10,1,1,1,0
2019-02-06,,,0,0,0,1,0
2019-02-07,,,0,0,0,1,0
2019-02-08,,,0,0,0,1,0
2019-02-09,10.000000000000002,0.243080410403245,10,1,1,1,0
2019-02-10,9.863013698630139,0.24645652721440117,8,1,1,1,0
2019-02-11,5.709430756159728,0.4257524450068741,8,1,1,1,0
2019-02-12,,,0,0,0,1,0
2019-02-13,,,1,1,0,1,0
2019-02-14,9.614243323442137,0.2528336367465851,9,1,1,1,0
2019-02-15,9.32642487046632,0.2606362178212572,10,1,1,1,0
2019-02-16,10.000000000000002,0.243080410403245,10,1,1,1,0
2019-02-17,8.003629764065337,0.3037127123178866,7,1,1,1,0
2019-02-18,10.000000000000002,0.243080410403245,9,1,1,1,0
2019-02-19,10.000000000000002,0.243080410403245,9,1,1,1,0
2019-02-20,,,1,1,0,1,0
2019-02-21,7.444608567208272,0.3265187258789621,10,1,1,1,0
2019-02-22,6.6932270916334655,0.36317370840008634,10,1,1,1,0
2019-02-23,6.752411575562701,0.35999051254956765,10,1,1,1,0
2019-02-24,,,2,1,0,1,0
2019-02-25,9.878048780487807,0.2460814031242727,9,1,1,1,0
2019-02-26,9.268113276940053,0.26227604598667587,10,1,1,1,0
2019-02-27,7.522388059701492,0.3231426090678059,9,1,1,1,0
2019-02-28,9.113924050632914,0.26671322808133824,8,1,1,1,0
2019-03-01,8.770301624129932,0.27716311344920264,9,1,1,1,0
2019-03-02,7.144882336263113,0.34021611408422425,10,1,1,1,0
2019-03-03,9.270386266094421,0.2622117389997967,6,1,1,1,0
2019-03-04,10.000000000000002,0.243080410403245,5,1,1,1,0
2019-03-05,,,2,1,0,1,0
2019-03-06,9.523809523809526,0.25523443092340725,10,1,1,1,0
2019-03-07,10.000000000000002,0.243080410403245,9,1,1,1,0
2019-03-08,9.487951807228917,0.25619903572659475,10,1,1,1,0
2019-03-09,7.946741415557113,0.3058869009218965,9,1,1,1,0
2019-03-10,6.528497409326425,0.3723374540303674,9,1,1,1,0
2019-03-11,10.000000000000002,0.243080410403245,10,1,1,1,0
2019-03-12,9.729729729729732,0.24983264402555733,9,1,1,1,0
2019-03-13,8.186247969680561,0.29693751191454604,6,1,1,1,0
2019-03-14,,,2,1,0,1,0
2019-03-15,7.8321678321678325,0.3103615954255718,4,1,1,1,0
2019-03-16,9.890109890109892,0.24578130385216995,10,1,1,1,0
2019-03-17,9.545454545454547,0.25465566804149475,9,1,1,1,0
2019-03-18,10.000000000000002,0.243080410403245,7,1,1,1,0
2019-03-19,8.042553191489363,0.3022428383320771,9,1,1,1,0
2019-03-20,8.064,0.3014390009960876,6,1,1,1,0
2019-03-21,7.148936170212766,0.3400231931235868,6,1,1,1,0
2019-03-22,9.729729729729732,0.24983264402555733,9,1,1,1,0
2019-03-23,10.000000000000002,0.243080410403245,10,1,1,1,0
2019-03-24,10.000000000000002,0.243080410403245,10,1,1,1,0
2019-03-25,10.000000000000002,0.243080410403245,10,1,1,1,0
2019-03-26,10.000000000000002,0.243080410403245,10,1,1,1,0
2019-03-27,10.000000000000002,0.243080410403245,10,1,1,1,0
2019-03-28,8.277372262773723,0.29366857341485514,9,1,1,1,0
2019-03-29,10.000000000000002,0.243080410403245,10,1,1,1,0
2019-03-30,,,2,1,0,1,0
2019-03-31,9.878048780487807,0.2460814031242727,9,1,1,1,0
2019-04-01,10.000000000000002,0.243080410403245,10,1,1,1,0
2019-04-02,10.000000000000002,0.243080410403245,10,1,1,1,0
2019-04-03,10.000000000000002,0.243080410403245,10,1,1,1,0
2019-04-04,10.000000000000002,0.243080410403245,10,1,1,1,0
2019-04-05,9.890109890109892,0.24578130385216995,10,1,1,1,0
2019-04-06,9.19335224969599,0.26440889438483484,9,1,1,1,0
2019-04-07,8.161209068010077,0.2978485275620008,9,1,1,1,0
2019-04-08,10.000000000000002,0.243080410403245,10,1,1,1,0
2019-04-09,10.000000000000002,0.243080410403245,10,1,1,1,0
2019-04-10,10.000000000000002,0.243080410403245,10,1,1,1,0
2019-04-11,9.756097560975611,0.2491574206633261,10,1,1,1,0
2019-04-12,10.000000000000002,0.243080410403245,7,1,1,1,0
2019-04-13,10.000000000000002,0.243080410403245,10,1,1,1,0
2019-04-14,,,0,0,0,1,0
2019-04-15,10.000000000000002,0.243080410403245,10,1,1,1,0
2019-04-16,10.000000000000002,0.243080410403245,9,1,1,1,0
2019-04-17,6.992230854605993,0.34764357106876786,10,1,1,1,0
2019-04-18,9.43231441048035,0.25771024991825514,6,1,1,1,0
2019-04-19,10.000000000000002,0.243080410403245,9,1,1,1,0
2019-04-20,9.23076923076923,0.2633371112701821,3,1,1,1,0
2019-04-21,10.000000000000002,0.243080410403245,10,1,1,1,0
2019-04-22,10.000000000000002,0.243080410403245,10,1,1,1,0
2019-04-23,10.000000000000002,0.243080410403245,10,1,1,1,0
2019-04-24,10.000000000000002,0.243080410403245,10,1,1,1,0
2019-04-25,10.000000000000002,0.243080410403245,10,1,1,1,0
2019-04-26,10.000000000000002,0.243080410403245,9,1,1,1,0
2019-04-27,10.000000000000002,0.243080410403245,10,1,1,1,0
2019-04-28,10.000000000000002,0.243080410403245,10,1,1,1,0
2019-04-29,10.000000000000002,0.243080410403245,4,1,1,1,0
2019-04-30,6.258278145695364,0.3884142007501587,9,1,1,1,0
2019-05-01,9.333333333333334,0.2604432968606197,7,1,1,1,0
2019-05-02,,,0,0,0,1,0
2019-05-03,10.000000000000002,0.243080410403245,5,1,1,1,0
2019-05-04,10.000000000000002,0.243080410403245,10,1,1,1,0
2019-05-05,10.000000000000002,0.243080410403245,10,1,1,1,0
2019-05-06,10.000000000000002,0.243080410403245,9,1,1,1,0
2019-05-07,10.000000000000002,0.243080410403245,5,1,1,1,0
2019-05-08,10.000000000000002,0.243080410403245,10,1,1,1,0
2019-05-09,10.000000000000002,0.243080410403245,8,1,1,1,0
2019-05-10,10.000000000000002,0.243080410403245,10,1,1,1,0
2019-05-11,10.000000000000002,0.243080410403245,10,1,1,1,0
2019-05-12,10.000000000000002,0.243080410403245,8,1,1,1,0
2019-05-13,9.890109890109892,0.24578130385216995,10,1,1,1,0
2019-05-14,10.000000000000002,0.243080410403245,10,1,1,1,0
2019-05-15,10.000000000000002,0.243080410403245,10,1,1,1,0
2019-05-16,10.000000000000002,0.243080410403245,10,1,1,1,0
2019-05-17,9.025069637883009,0.26933909671223755,9,1,1,1,0
2019-05-18,8.083400160384922,0.300715547393697,8,1,1,1,0
2019-05-19,8.161943319838056,0.29782173298413456,4,1,1,1,0
2019-05-20,10.000000000000002,0.243080410403245,10,1,1,1,0
2019-05-21,10.000000000000002,0.243080410403245,10,1,1,1,0
2019-05-22,10.000000000000002,0.243080410403245,6,1,1,1,0
2019-05-23,10.000000000000002,0.243080410403245,9,1,1,1,0
2019-05-24,10.000000000000002,0.243080410403245,9,1,1,1,0
2019-05-25,9.759036144578314,0.24908239584530042,9,1,1,1,0
2019-05-26,9.642857142857146,0.2520833885663281,6,1,1,1,0
2019-05-27,10.000000000000002,0.243080410403245,9,1,1,1,0
2019-05-28,9.614243323442137,0.2528336367465851,9,1,1,1,0
2019-05-29,8.811188811188812,0.27587697371161934,4,1,1,1,0
2019-05-30,10.000000000000002,0.243080410403245,5,1,1,1,0
2019-05-31,9.391304347826088,0.25883562218864054,9,1,1,1,0
2019-06-01,8.770301624129932,0.27716311344920264,9,1,1,1,0
2019-06-02,9.878048780487807,0.2460814031242727,9,1,1,1,0
2019-06-03,10.000000000000002,0.243080410403245,10,1,1,1,0
2019-06-04,10.000000000000002,0.243080410403245,10,1,1,1,0
2019-06-05,10.000000000000002,0.243080410403245,9,1,1,1,0
2019-06-06,7.374890254609307,0.329605461249162,10,1,1,1,0
2019-06-07,8.750000000000002,0.2778061833179943,10,1,1,1,0
2019-06-08,10.000000000000002,0.243080410403245,10,1,1,1,0
2019-06-09,10.000000000000002,0.243080410403245,9,1,1,1,0
2019-06-10,9.411764705882353,0.2582729360534478,4,1,1,1,0
2019-06-11,10.000000000000002,0.243080410403245,10,1,1,1,0
2019-06-12,10.000000000000002,0.243080410403245,10,1,1,1,0
2019-06-13,,,2,1,0,1,0
2019-06-14,10.000000000000002,0.243080410403245,10,1,1,1,0
2019-06-15,9.863013698630139,0.24645652721440117,8,1,1,1,0
2019-06-16,,,0,0,0,1,0
2019-06-17,10.000000000000002,0.243080410403245,9,1,1,1,0
2019-06-18,8.394403730846102,0.2895743619168816,10,1,1,1,0
2019-06-19,10.000000000000002,0.243080410403245,10,1,1,1,0
2019-06-20,,,0,0,0,1,0
2019-06-21,10.000000000000002,0.243080410403245,10,1,1,1,0
2019-06-22,10.000000000000002,0.243080410403245,10,1,1,1,0
2019-06-23,10.000000000000002,0.243080410403245,10,1,1,1,0
2019-06-24,9.614243323442137,0.2528336367465851,9,1,1,1,0
2019-06-25,10.000000000000002,0.243080410403245,10,1,1,1,0
2019-06-26,10.000000000000002,0.243080410403245,10,1,1,1,0
2019-06-27,10.000000000000002,0.243080410403245,10,1,1,1,0
2019-06-28,10.000000000000002,0.243080410403245,10,1,1,1,0
2019-06-29,9.677419354838712,0.2511830907500198,10,1,1,1,0
2019-06-30,10.000000000000002,0.243080410403245,10,1,1,1,0
2019-07-01,10.000000000000002,0.243080410403245,10,1,1,1,0
2019-07-02,10.000000000000002,0.243080410403245,9,1,1,1,0
2019-07-03,9.448818897637796,0.25726010101010094,10,1,1,1,0
2019-07-04,8.034006376195537,0.30256437326647295,6,1,1,1,0
2019-07-05,9.549071618037136,0.254559207561176,10,1,1,1,0
2019-07-06,8.695652173913043,0.2795424719637318,10,1,1,1,0
2019-07-07,8.18447547905164,0.2970018189014252,10,1,1,1,0
2019-07-08,10.000000000000002,0.243080410403245,10,1,1,1,0
2019-07-09,10.000000000000002,0.243080410403245,10,1,1,1,0
2019-07-10,8.450704225352112,0.28764515231050664,10,1,1,1,0
2019-07-11,10.000000000000002,0.243080410403245,10,1,1,1,0
2019-07-12,10.000000000000002,0.243080410403245,10,1,1,1,0
2019-07-13,9.890109890109892,0.24578130385216995,10,1,1,1,0
2019-07-14,10.000000000000002,0.243080410403245,10,1,1,1,0
2019-07-15,10.000000000000002,0.243080410403245,10,1,1,1,0
2019-07-16,9.6,0.25320876083671356,8,1,1,1,0
2019-07-17,9.325657894736844,0.2606576534835502,9,1,1,1,0
2019-07-18,8.256279577721152,0.294418821595112,9,1,1,1,0
2019-07-19,7.304347826086956,0.3327886570996807,9,1,1,1,0
2019-07-20,10.000000000000002,0.243080410403245,10,1,1,1,0
2019-07-21,,,0,0,0,1,0
2019-07-22,,,2,1,0,1,2
2019-07-23,10.000000000000002,0.243080410403245,8,1,1,1,5
2019-07-24,10.000000000000002,0.243080410403245,10,1,1,1,0
2019-07-25,9.549071618037136,0.254559207561176,10,1,1,1,0
2019-07-26,9.448818897637796,0.25726010101010094,10,1,1,1,0
2019-07-27,8.749999999999998,0.27780618331799434,10,1,1,1,0
2019-07-28,8.181818181818182,0.29709827938174393,10,1,1,1,0
2019-07-29,8.223776223776223,0.29558247183387787,7,1,1,1,0
2019-07-30,10.000000000000002,0.243080410403245,3,1,1,1,0
2019-07-31,10.000000000000002,0.243080410403245,10,1,1,1,0
2019-08-01,10.000000000000002,0.243080410403245,10,1,1,1,0
2019-08-02,10.000000000000002,0.243080410403245,10,1,1,1,0
2019-08-03,10.000000000000002,0.243080410403245,10,1,1,1,0
2019-08-04,10.000000000000002,0.243080410403245,10,1,1,1,0
2019-08-05,9.890109890109892,0.24578130385216995,10,1,1,1,0
2019-08-06,9.56810631229236,0.2540527900395026,8,1,1,1,0
2019-08-07,9.890109890109892,0.24578130385216995,10,1,1,1,0
2019-08-08,10.000000000000002,0.243080410403245,10,1,1,1,0
2019-08-09,10.000000000000002,0.243080410403245,10,1,1,1,0
2019-08-10,10.000000000000002,0.243080410403245,10,1,1,1,0
2019-08-11,10.000000000000002,0.243080410403245,10,1,1,1,0
2019-08-12,9.137055837563452,0.26603800471910705,10,1,1,1,0
2019-08-13,10.000000000000002,0.243080410403245,8,1,1,1,0
2019-08-14,10.000000000000002,0.243080410403245,10,1,1,1,0
2019-08-15,10.000000000000002,0.243080410403245,9,1,1,1,0
2019-08-16,8.305084745762713,0.29268865742431543,7,1,1,1,0
2019-08-17,9.545454545454547,0.25465566804149475,9,1,1,1,0
2019-08-18,10.000000000000002,0.243080410403245,7,1,1,1,0
2019-08-19,10.000000000000002,0.243080410403245,9,1,1,1,0
2019-08-20,9.487951807228917,0.25619903572659475,10,1,1,1,0
2019-08-21,9.268113276940053,0.26227604598667587,10,1,1,1,0
2019-08-22,10.000000000000002,0.243080410403245,10,1,1,1,0
2019-08-23,10.000000000000002,0.243080410403245,10,1,1,1,0
2019-08-24,9.6514745308311,0.25185831411225107,10,1,1,1,0
2019-08-25,10.000000000000002,0.243080410403245,9,1,1,1,0
2019-08-26,10.000000000000002,0.243080410403245,5,1,1,1,0
2019-08-27,10.000000000000002,0.243080410403245,9,1,1,1,0
2019-08-28,10.000000000000002,0.243080410403245,10,1,1,1,0
2019-08-29,10.000000000000002,0.243080410403245,10,1,1,1,0
2019-08-30,10.000000000000002,0.243080410403245,10,1,1,1,0
2019-08-31,10.000000000000002,0.243080410403245,10,1,1,1,0
2019-09-01,9.642857142857146,0.2520833885663281,6,1,1,1,0
2019-09-02,9.756097560975611,0.2491574206633261,10,1,1,1,0
2019-09-03,10.000000000000002,0.243080410403245,8,1,1,1,0
2019-09-04,10.000000000000002,0.243080410403245,10,1,1,1,0
2019-09-05,10.000000000000002,0.243080410403245,10,1,1,1,0
2019-09-06,9.614243323442137,0.2528336367465851,9,1,1,1,0
2019-09-07,9.6514745308311,0.25185831411225107,10,1,1,1,0
2019-09-08,10.000000000000002,0.243080410403245,10,1,1,1,0
2019-09-09,10.000000000000002,0.243080410403245,10,1,1,1,0
2019-09-10,9.068010075566752,0.26806367480580073,10,1,1,1,0
2019-09-11,8.65979381443299,0.28069999772755677,7,1,1,1,0
2019-09-12,10.000000000000002,0.243080410403245,8,1,1,1,0
2019-09-13,7.777777777777778,0.3125319562327436,8,1,1,1,0
2019-09-14,10.000000000000002,0.243080410403245,10,1,1,1,0
2019-09-15,10.000000000000002,0.243080410403245,7,1,1,1,0
2019-09-16,10.000000000000002,0.243080410403245,10,1,1,1,0
2019-09-17,7.801857585139319,0.3115673514295561,9,1,1,1,0
2019-09-18,10.000000000000002,0.243080410403245,9,1,1,1,0
2019-09-19,10.000000000000002,0.243080410403245,9,1,1,1,0
2019-09-20,9.090180360721444,0.26740988710586255,9,1,1,1,0
2019-09-21,7.734015345268543,0.31430039837192064,6,1,1,1,0
2019-09-22,9.473684210526315,0.25658487764786975,9,1,1,1,0
2019-09-23,10.000000000000002,0.243080410403245,10,1,1,1,0
2019-09-24,10.000000000000002,0.243080410403245,9,1,1,1,0
2019-09-25,9.890109890109892,0.24578130385216995,10,1,1,1,0
2019-09-26,10.000000000000002,0.243080410403245,10,1,1,1,0
2019-09-27,10.000000000000002,0.243080410403245,8,1,1,1,0
2019-09-28,10.000000000000002,0.243080410403245,5,1,1,1,0
2019-09-29,,,2,1,0,1,0
2019-09-30,,,2,1,0,1,0
2019-10-01,9.218106995884774,0.2636988380713774,8,1,1,1,0
2019-10-02,,,2,1,0,1,0
2019-10-03,,,2,1,0,1,0
2019-10-04,10.000000000000002,0.243080410403245,10,1,1,1,0
2019-10-05,9.523809523809526,0.25523443092340725,5,1,1,1,0
2019-10-06,,,0,0,0,1,0
2019-10-07,9.375,0.2592857710967947,10,1,1,1,0
2019-10-08,10.000000000000002,0.243080410403245,8,1,1,1,0
2019-10-09,10.000000000000002,0.243080410403245,8,1,1,1,0
2019-10-10,9.863013698630139,0.24645652721440117,8,1,1,1,0
2019-10-11,10.000000000000002,0.243080410403245,3,1,1,1,0
2019-10-12,10.000000000000002,0.243080410403245,10,1,1,1,0
2019-10-13,10.000000000000002,0.243080410403245,10,1,1,1,0
2019-10-14,10.000000000000002,0.243080410403245,8,1,1,1,0
2019-10-15,10.000000000000002,0.243080410403245,9,1,1,1,0
2019-10-16,10.000000000000002,0.243080410403245,3,1,1,1,0
2019-10-17,,,0,0,0,1,0
2019-10-18,9.298892988929891,0.2614079016638071,9,1,1,1,0
2019-10-19,10.000000000000002,0.243080410403245,8,1,1,1,0
2019-10-20,9.696969696969697,0.2506766732283464,8,1,1,1,0
2019-10-21,8.925619834710744,0.27234008943326526,3,1,1,1,0
2019-10-22,10.000000000000002,0.243080410403245,9,1,1,1,0
2019-10-23,10.000000000000002,0.243080410403245,7,1,1,1,0
2019-10-24,10.000000000000002,0.243080410403245,10,1,1,1,0
2019-10-25,10.000000000000002,0.243080410403245,10,1,1,1,0
2019-10-26,7.304347826086956,0.3327886570996807,3,1,1,1,0
2019-10-27,10.000000000000002,0.243080410403245,3,1,1,1,0
2019-10-28,9.442622950819672,0.2574289068506588,8,1,1,1,0
2019-10-29,8.034006376195537,0.30256437326647295,6,1,1,1,0
2019-10-30,,,0,0,0,1,0
2019-10-31,,,0,0,0,1,0
2019-11-01,9.0,0.2700893448924945,10,1,1,1,0
2019-11-02,9.473684210526315,0.25658487764786975,8,1,1,1,0
2019-11-03,10.000000000000002,0.243080410403245,10,1,1,1,0
2019-11-04,10.000000000000002,0.243080410403245,10,1,1,1,0
2019-11-05,10.000000000000002,0.243080410403245,9,1,1,1,0
2019-11-06,9.23076923076923,0.2633371112701821,10,1,1,1,0
2019-11-07,10.000000000000002,0.243080410403245,10,1,1,1,0
2019-11-08,10.000000000000002,0.243080410403245,10,1,1,1,0
2019-11-09,9.487951807228917,0.25619903572659475,10,1,1,1,0
2019-11-10,7.39622641509434,0.3286546365145915,7,1,1,1,0
2019-11-11,,,0,0,0,1,0
2019-11-12,10.000000000000002,0.243080410403245,10,1,1,1,0
2019-11-13,9.117221418234445,0.2666167676010195,10,1,1,1,0
2019-11-14,5.04201680672269,0.48210948063310255,10,1,1,1,0
2019-11-15,4.218750000000001,0.5761906024373215,9,1,1,1,0
2019-11-16,10.000000000000002,0.243080410403245,10,1,1,1,0
2019-11-17,9.878048780487807,0.2460814031242727,9,1,1,1,0
2019-11-18,6.5985860172820106,0.3683825743372987,10,1,1,1,0
2019-11-19,,,1,1,0,1,0
2019-11-20,4.247787610619469,0.5722517994909726,8,1,1,1,0
2019-11-21,,,1,1,0,1,0
2019-11-22,10.000000000000002,0.243080410403245,10,1,1,1,0
2019-11-23,8.14404432132964,0.29847628624344036,7,1,1,1,0
2019-11-24,7.441860465116279,0.3266393014793605,8,1,1,1,0
2019-11-25,7.398165137614678,0.3285685110857355,8,1,1,1,0
2019-11-26,7.902783222265778,0.30758835661640777,8,1,1,1,0
2019-11-27,,,2,1,0,1,0
2019-11-28,9.375,0.2592857710967947,10,1,1,1,0
2019-11-29,10.000000000000002,0.243080410403245,10,1,1,1,0
2019-11-30,6.471494607087828,0.3756171103612048,10,1,1,1,0
2019-12-01,8.588120740019473,0.28304260939244064,7,1,1,1,0
2019-12-02,10.000000000000002,0.243080410403245,7,1,1,1,0
2019-12-03,7.368421052631579,0.32989484269011826,5,1,1,1,0
2019-12-04,7.955103472465802,0.30556536598750067,9,1,1,1,0
2019-12-05,10.000000000000002,0.243080410403245,10,1,1,1,0
2019-12-06,8.510638297872342,0.28561948222381284,10,1,1,1,0
2019-12-07,10.000000000000002,0.243080410403245,10,1,1,1,0
2019-12-08,6.569343065693431,0.3700224025027174,10,1,1,1,0
2019-12-09,7.466666666666665,0.32555412107577464,4,1,1,1,0
2019-12-10,10.000000000000002,0.243080410403245,4,1,1,1,0
2019-12-11,7.433628318584072,0.32700102828055577,8,1,1,1,0
2019-12-12,6.047516198704104,0.40195082148822303,10,1,1,1,0
2019-12-13,8.989298454221167,0.27041087982689027,9,1,1,1,0
2019-12-14,4.218750000000001,0.5761906024373215,9,1,1,1,0
2019-12-15,9.696969696969697,0.2506766732283464,8,1,1,1,0
2019-12-16,8.955223880597014,0.27143979161695697,10,1,1,1,0
2019-12-17,9.302325581395351,0.26131144118348837,10,1,1,1,0
2019-12-18,10.000000000000002,0.243080410403245,10,1,1,1,0
2019-12-19,10.000000000000002,0.243080410403245,10,1,1,1,0
2019-12-20,6.489270386266094,0.3745881985711382,9,1,1,1,0
2019-12-21,5.709969788519638,0.4257122531400746,9,1,1,1,0
2019-12-22,7.687614399023795,0.31619745448485603,10,1,1,1,0
2019-12-23,8.185140073081609,0.29697770378134547,8,1,1,1,0
2019-12-24,3.4482758620689657,0.7049331901694106,5,1,1,1,0
2019-12-25,6.829268292682927,0.3559391723761802,6,1,1,1,0
2019-12-26,6.63157894736842,0.3665498252112425,3,1,1,1,0
2019-12-27,5.9196617336152215,0.4106322647169104,10,1,1,1,0
2019-12-28,4.651162790697676,0.5226228823669767,10,1,1,1,0
2019-12-29,,,0,0,0,1,0
2019-12-30,10.000000000000002,0.243080410403245,9,1,1,1,0
2019-12-31,9.171974522292995,0.2650251696757602,4,1,1,1,0
2020-01-01,8.914043155288292,0.27269377786110066,10,1,1,1,0
2020-01-02,10.000000000000002,0.243080410403245,10,1,1,1,0
2020-01-03,5.984168865435357,0.40620580045339444,9,1,1,1,0
2020-01-04,8.836937463471655,0.27507313637562975,6,1,1,1,0
2020-01-05,9.411764705882353,0.2582729360534478,8,1,1,1,0
2020-01-06,10.000000000000002,0.243080410403245,10,1,1,1,0
2020-01-07,9.729729729729732,0.24983264402555733,9,1,1,1,0
2020-01-08,10.000000000000002,0.243080410403245,9,1,1,1,0
2020-01-09,10.000000000000002,0.243080410403245,10,1,1,1,0
2020-01-10,,,0,0,0,1,0
2020-01-11,,,0,0,0,1,0
2020-01-12,10.000000000000002,0.243080410403245,10,1,1,1,0
2020-01-13,7.769784172661872,0.3128534911671394,6,1,1,1,0
2020-01-14,5.320197044334977,0.45690114177646973,6,1,1,1,0
2020-01-15,4.9411764705882355,0.4919484496256149,7,1,1,1,0
2020-01-16,9.759036144578314,0.24908239584530042,9,1,1,1,0
2020-01-17,10.000000000000002,0.243080410403245,10,1,1,1,0
2020-01-18,,,2,1,0,1,0
2020-01-19,5.53116769095698,0.43947394833221604,5,1,1,1,0
2020-01-20,10.000000000000002,0.243080410403245,10,1,1,1,0
2020-01-21,10.000000000000002,0.243080410403245,10,1,1,1,0
2020-01-22,7.346938775510203,0.33085944749330576,8,1,1,1,0
2020-01-23,8.442211055276383,0.28793453375146283,10,1,1,1,0
2020-01-24,,,0,0,0,1,0
2020-01-25,,,0,0,0,1,0
2020-01-26,,,0,0,0,1,0
2020-01-27,10.000000000000002,0.243080410403245,10,1,1,1,0
2020-01-28,10.000000000000002,0.243080410403245,10,1,1,1,0
2020-01-29,8.716707021791766,0.2788672486015006,10,1,1,1,0
2020-01-30,6.654343807763402,0.3652958389670987,10,1,1,1,0
2020-01-31,6.138855054811207,0.3959702717084606,6,1,1,1,0
2020-02-01,,,0,0,0,1,0
2020-02-02,8.823529411764707,0.27549113179034435,10,1,1,1,0
2020-02-03,10.000000000000002,0.243080410403245,9,1,1,1,0
2020-02-04,10.000000000000002,0.243080410403245,10,1,1,1,0
2020-02-05,9.890109890109892,0.24578130385216995,10,1,1,1,0
2020-02-06,5.975103734439833,0.40682207574431983,4,1,1,1,0
2020-02-07,9.501466275659824,0.2558346294676128,9,1,1,1,0
2020-02-08,6.83986041101202,0.35538796963150165,7,1,1,1,0
2020-02-09,5.76923076923077,0.4213393780322914,5,1,1,1,0
2020-02-10,6.445012787723785,0.3771604780463048,9,1,1,1,0
2020-02-11,6.66490346469188,0.3647170760851863,10,1,1,1,0
2020-02-12,6.417657045840407,0.37876815271828396,9,1,1,1,0
2020-02-13,10.000000000000002,0.243080410403245,3,1,1,1,0
2020-02-14,10.000000000000002,0.243080410403245,10,1,1,1,0
2020-02-15,8.562691131498472,0.2838831935780754,10,1,1,1,0
2020-02-16,7.818802358051506,0.31089212806732486,10,1,1,1,0
2020-02-17,10.000000000000002,0.243080410403245,10,1,1,1,0
2020-02-18,10.000000000000002,0.243080410403245,8,1,1,1,0
2020-02-19,10.000000000000002,0.243080410403245,10,1,1,1,0
2020-02-20,10.000000000000002,0.243080410403245,10,1,1,1,0
2020-02-21,10.000000000000002,0.243080410403245,10,1,1,1,0
2020-02-22,10.000000000000002,0.243080410403245,10,1,1,1,0
2020-02-23,9.890109890109892,0.24578130385216995,10,1,1,1,0
2020-02-24,6.528497409326425,0.3723374540303674,9,1,1,1,0
2020-02-25,9.183673469387756,0.26468755799464455,10,1,1,1,0
2020-02-26,,,0,0,0,1,0
2020-02-27,6.486486486486487,0.3747489660383361,10,1,1,1,0
2020-02-28,9.890109890109892,0.24578130385216995,10,1,1,1,0
2020-02-29,10.000000000000002,0.243080410403245,10,1,1,1,0
2020-03-01,10.000000000000002,0.243080410403245,10,1,1,1,0
2020-03-02,7.645631067961165,0.31793374313059347,5,1,1,1,0
2020-03-03,9.529411764705886,0.25508438128735583,9,1,1,1,0
2020-03-04,10.000000000000002,0.243080410403245,9,1,1,1,0
2020-03-05,10.000000000000002,0.243080410403245,10,1,1,1,0
2020-03-06,8.901098901098903,0.27309033761352214,9,1,1,1,0
2020-03-07,10.000000000000002,0.243080410403245,10,1,1,1,0
2020-03-08,10.000000000000002,0.243080410403245,10,1,1,1,0
2020-03-09,10.000000000000002,0.243080410403245,10,1,1,1,0
2020-03-10,10.000000000000002,0.243080410403245,10,1,1,1,0
2020-03-11,5.288562434417629,0.4596341887188344,6,1,1,1,0
2020-03-12,5.8604651162790695,0.4147800653706165,8,1,1,1,0
2020-03-13,10.000000000000002,0.243080410403245,10,1,1,1,0
2020-03-14,10.000000000000002,0.243080410403245,10,1,1,1,0
2020-03-15,10.000000000000002,0.243080410403245,10,1,1,1,0
2020-03-16,9.890109890109892,0.24578130385216995,10,1,1,1,0
2020-03-17,9.17364397524572,0.26497693943560086,10,1,1,1,0
2020-03-18,7.212880143112701,0.3370088031136259,8,1,1,1,0
2020-03-19,,,1,1,0,1,0
2020-03-20,10.000000000000002,0.243080410403245,10,1,1,1,0
2020-03-21,10.000000000000002,0.243080410403245,10,1,1,1,0
2020-03-22,10.000000000000002,0.243080410403245,10,1,1,1,0
2020-03-23,9.130434782608695,0.26623092567974455,7,1,1,1,0
2020-03-24,7.7897990726429684,0.31204965383114985,10,1,1,1,0
2020-03-25,7.743257084329123,0.3139252742817922,9,1,1,1,0
2020-03-26,7.974683544303797,0.3048151178072438,9,1,1,1,0
2020-03-27,6.3,0.3858419212749921,6,1,1,1,0
2020-03-28,,,1,1,0,1,0
2020-03-29,10.000000000000002,0.243080410403245,6,1,1,1,0
2020-03-30,10.000000000000002,0.243080410403245,10,1,1,1,0
2020-03-31,6.821052631578946,0.35636788562204136,9,1,1,1,0
2020-04-01,9.411764705882353,0.2582729360534478,8,1,1,1,0
2020-04-02,10.000000000000002,0.243080410403245,9,1,1,1,0
2020-04-03,10.000000000000002,0.243080410403245,10,1,1,1,0
2020-04-04,10.000000000000002,0.243080410403245,10,1,1,1,0
2020-04-05,10.000000000000002,0.243080410403245,10,1,1,1,0
2020-04-06,9.878048780487807,0.2460814031242727,9,1,1,1,0
2020-04-07,9.03225806451613,0.269124740089307,4,1,1,1,0
2020-04-08,9.589041095890414,0.25349814227766976,10,1,1,1,0
2020-04-09,9.375,0.2592857710967947,10,1,1,1,0
2020-04-10,10.000000000000002,0.243080410403245,10,1,1,1,0
2020-04-11,10.000000000000002,0.243080410403245,10,1,1,1,0
2020-04-12,9.388971684053653,0.2588999291755197,10,1,1,1,0
2020-04-13,10.000000000000002,0.243080410403245,8,1,1,1,0
2020-04-14,10.000000000000002,0.243080410403245,10,1,1,1,0
2020-04-15,,,1,1,0,1,0
2020-04-16,10.000000000000002,0.243080410403245,10,1,1,1,0
2020-04-17,,,0,0,0,1,0
2020-04-18,9.0,0.2700893448924945,10,1,1,1,0
2020-04-19,9.6514745308311,0.25185831411225107,10,1,1,1,0
2020-04-20,10.000000000000002,0.243080410403245,10,1,1,1,0
2020-04-21,9.729729729729732,0.24983264402555735,8,1,1,1,0
2020-04-22,10.000000000000002,0.243080410403245,7,1,1,1,0
2020-04-23,3.9130434782608696,0.6212054932527372,3,1,1,1,0
2020-04-24,6.119475473530841,0.39722425795260435,10,1,1,1,0
2020-04-25,9.171974522292995,0.2650251696757602,8,1,1,1,0
2020-04-26,10.000000000000002,0.243080410403245,10,1,1,1,0
2020-04-27,10.000000000000002,0.243080410403245,10,1,1,1,0
2020-04-28,9.890109890109892,0.24578130385216995,10,1,1,1,0
2020-04-29,10.000000000000002,0.243080410403245,8,1,1,1,0
2020-04-30,10.000000000000002,0.243080410403245,4,1,1,1,0
2020-05-01,10.000000000000002,0.243080410403245,10,1,1,1,0
2020-05-02,10.000000000000002,0.243080410403245,10,1,1,1,0
2020-05-03,10.000000000000002,0.243080410403245,10,1,1,1,0
2020-05-04,10.000000000000002,0.243080410403245,10,1,1,1,0
2020-05-05,10.000000000000002,0.243080410403245,9,1,1,1,0
2020-05-06,10.000000000000002,0.243080410403245,10,1,1,1,0
2020-05-07,10.000000000000002,0.243080410403245,10,1,1,1,0
2020-05-08,10.000000000000002,0.243080410403245,10,1,1,1,0
2020-05-09,10.000000000000002,0.243080410403245,10,1,1,1,0
2020-05-10,10.000000000000002,0.243080410403245,7,1,1,1,0
2020-05-11,10.000000000000002,0.243080410403245,10,1,1,1,0
2020-05-12,10.000000000000002,0.243080410403245,10,1,1,1,0
2020-05-13,10.000000000000002,0.243080410403245,10,1,1,1,0
2020-05-14,,,1,1,0,1,0
2020-05-15,9.56810631229236,0.2540527900395026,8,1,1,1,0
2020-05-16,9.890109890109892,0.24578130385216995,10,1,1,1,0
2020-05-17,9.545454545454547,0.25465566804149475,7,1,1,1,0
2020-05-18,,,1,1,0,1,0
2020-05-19,8.571428571428573,0.28359381213711915,4,1,1,1,0
2020-05-20,10.000000000000002,0.243080410403245,10,1,1,1,0
2020-05-21,10.000000000000002,0.243080410403245,10,1,1,1,0
2020-05-22,8.092485549132947,0.30037793571258137,5,1,1,1,0
2020-05-23,10.000000000000002,0.243080410403245,10,1,1,1,0
2020-05-24,9.759036144578314,0.24908239584530042,9,1,1,1,0
2020-05-25,10.000000000000002,0.243080410403245,10,1,1,1,0
2020-05-26,10.000000000000002,0.243080410403245,10,1,1,1,0
2020-05-27,10.000000000000002,0.243080410403245,7,1,1,1,0
2020-05-28,10.000000000000002,0.243080410403245,7,1,1,1,0
2020-05-29,8.804347826086959,0.27609133033454986,9,1,1,1,0
2020-05-30,10.000000000000002,0.243080410403245,4,1,1,1,3
2020-05-31,10.000000000000002,0.243080410403245,10,1,1,1,0
2020-06-01,10.000000000000002,0.243080410403245,10,1,1,1,0
2020-06-02,10.000000000000002,0.243080410403245,10,1,1,1,0
2020-06-03,10.000000000000002,0.243080410403245,10,1,1,1,0
2020-06-04,10.000000000000002,0.243080410403245,10,1,1,1,0
2020-06-05,9.589041095890414,0.25349814227766976,10,1,1,1,0
2020-06-06,10.000000000000002,0.243080410403245,10,1,1,1,0
2020-06-07,10.000000000000002,0.243080410403245,10,1,1,1,0
2020-06-08,10.000000000000002,0.243080410403245,10,1,1,1,0
2020-06-09,10.000000000000002,0.243080410403245,10,1,1,1,0
2020-06-10,6.489270386266094,0.3745881985711382,9,1,1,1,0
2020-06-11,5.2631578947368425,0.4618527797661655,10,1,1,1,0
2020-06-12,10.000000000000002,0.243080410403245,10,1,1,1,0
2020-06-13,10.000000000000002,0.243080410403245,10,1,1,1,0
2020-06-14,10.000000000000002,0.243080410403245,10,1,1,1,0
2020-06-15,10.000000000000002,0.243080410403245,10,1,1,1,0
2020-06-16,10.000000000000002,0.243080410403245,10,1,1,1,0
2020-06-17,10.000000000000002,0.243080410403245,10,1,1,1,0
2020-06-18,10.000000000000002,0.243080410403245,10,1,1,1,0
2020-06-19,10.000000000000002,0.243080410403245,10,1,1,1,0
2020-06-20,9.890109890109892,0.24578130385216995,10,1,1,1,0
2020-06-21,9.890109890109892,0.24578130385216995,10,1,1,1,0
2020-06-22,9.17364397524572,0.26497693943560086,10,1,1,1,0
2020-06-23,10.000000000000002,0.243080410403245,8,1,1,1,0
2020-06-24,10.000000000000002,0.243080410403245,10,1,1,1,0
2020-06-25,10.000000000000002,0.243080410403245,10,1,1,1,0
2020-06-26,10.000000000000002,0.243080410403245,10,1,1,1,0
2020-06-27,9.890109890109892,0.24578130385216995,10,1,1,1,0
2020-06-28,9.090909090909092,0.2673884514435695,10,1,1,1,0
2020-06-29,9.278350515463918,0.2619866645457196,10,1,1,1,0
2020-06-30,9.890109890109892,0.24578130385216995,10,1,1,1,0
2020-07-01,9.890109890109892,0.24578130385216995,10,1,1,1,0
2020-07-02,10.000000000000002,0.243080410403245,10,1,1,1,0
2020-07-03,9.32642487046632,0.2606362178212572,10,1,1,1,0
2020-07-04,9.574468085106384,0.25388398419894476,10,1,1,1,0
2020-07-05,8.644939965694684,0.28118230012915046,10,1,1,1,0
2020-07-06,9.473684210526315,0.25658487764786975,10,1,1,1,0
2020-07-07,8.674698795180722,0.280217695325963,10,1,1,1,0
2020-07-08,8.289473684210526,0.293239860168994,8,1,1,1,0
2020-07-09,8.47343644922663,0.28687346846795664,10,1,1,1,0
2020-07-10,7.031250000000002,0.34571436146239287,5,1,1,1,0
2020-07-11,10.000000000000002,0.243080410403245,10,1,1,1,0
2020-07-12,10.000000000000002,0.243080410403245,10,1,1,1,0
2020-07-13,10.000000000000002,0.243080410403245,10,1,1,1,0
2020-07-14,10.000000000000002,0.243080410403245,10,1,1,1,0
2020-07-15,9.890109890109892,0.24578130385216995,10,1,1,1,0
2020-07-16,6.596858638743456,0.36847903481761746,6,1,1,1,0
2020-07-17,10.000000000000002,0.243080410403245,10,1,1,1,0
2020-07-18,9.782608695652176,0.2484821973010949,10,1,1,1,0
2020-07-19,8.64864864864865,0.28106172452875205,8,1,1,1,0
2020-07-20,10.000000000000002,0.243080410403245,10,1,1,1,6
2020-07-21,10.000000000000002,0.243080410403245,10,1,1,1,5
2020-07-22,9.756097560975611,0.2491574206633261,10,1,1,1,0
2020-07-23,9.589041095890414,0.25349814227766976,10,1,1,1,0
2020-07-24,10.000000000000002,0.243080410403245,10,1,1,1,0
2020-07-25,10.000000000000002,0.243080410403245,10,1,1,1,0
2020-07-26,9.549071618037136,0.254559207561176,10,1,1,1,0
2020-07-27,10.000000000000002,0.243080410403245,10,1,1,1,0
2020-07-28,10.000000000000002,0.243080410403245,10,1,1,1,0
2020-07-29,10.000000000000002,0.243080410403245,9,1,1,1,0
2020-07-30,10.000000000000002,0.243080410403245,10,1,1,1,0
2020-07-31,10.000000000000002,0.243080410403245,10,1,1,1,0
2020-08-01,9.692307692307695,0.2507972488287448,7,1,1,1,0
2020-08-02,10.000000000000002,0.243080410403245,4,1,1,1,0
2020-08-03,9.890109890109892,0.24578130385216995,10,1,1,1,0
2020-08-04,10.000000000000002,0.243080410403245,10,1,1,1,0
2020-08-05,10.000000000000002,0.243080410403245,10,1,1,1,0
2020-08-06,10.000000000000002,0.243080410403245,10,1,1,1,0
2020-08-07,10.000000000000002,0.243080410403245,10,1,1,1,0
2020-08-08,10.000000000000002,0.243080410403245,10,1,1,1,0
2020-08-09,9.375,0.2592857710967947,10,1,1,1,0
2020-08-10,8.028034405861739,0.30278944772055005,10,1,1,1,0
2020-08-11,10.000000000000002,0.243080410403245,10,1,1,1,0
2020-08-12,10.000000000000002,0.243080410403245,10,1,1,1,0
2020-08-13,10.000000000000002,0.243080410403245,10,1,1,1,0
2020-08-14,9.350649350649352,0.25996099445902593,10,1,1,1,0
2020-08-15,10.000000000000002,0.243080410403245,10,1,1,1,0
2020-08-16,9.878048780487807,0.2460814031242727,9,1,1,1,0
2020-08-17,10.000000000000002,0.243080410403245,10,1,1,1,0
2020-08-18,10.000000000000002,0.243080410403245,10,1,1,1,0
2020-08-19,10.000000000000002,0.243080410403245,10,1,1,1,0
2020-08-20,10.000000000000002,0.243080410403245,10,1,1,1,0
2020-08-21,10.000000000000002,0.243080410403245,10,1,1,1,0
2020-08-22,10.000000000000002,0.243080410403245,10,1,1,1,0
2020-08-23,10.000000000000002,0.243080410403245,9,1,1,1,0
2020-08-24,8.967971530249109,0.271053949695682,10,1,1,1,0
2020-08-25,8.366533864541834,0.290538966720069,10,1,1,1,0
2020-08-26,8.453539080845356,0.28754869183018783,10,1,1,1,0
2020-08-27,9.0,0.2700893448924945,10,1,1,1,0
2020-08-28,10.000000000000002,0.243080410403245,4,1,1,1,0
2020-08-29,10.000000000000002,0.243080410403245,10,1,1,1,0
2020-08-30,10.000000000000002,0.243080410403245,10,1,1,1,0
2020-08-31,10.000000000000002,0.243080410403245,9,1,1,1,0
2020-09-01,9.29203539823009,0.2616008226244446,10,1,1,1,0
2020-09-02,9.411764705882353,0.2582729360534478,8,1,1,1,0
2020-09-03,9.878048780487807,0.2460814031242727,9,1,1,1,0
2020-09-04,10.000000000000002,0.243080410403245,10,1,1,1,0
2020-09-05,10.000000000000002,0.243080410403245,10,1,1,1,0
2020-09-06,9.696969696969697,0.2506766732283464,8,1,1,1,0
2020-09-07,9.6514745308311,0.25185831411225107,10,1,1,1,0
2020-09-08,,,2,1,0,1,0
2020-09-09,5.086505190311419,0.47789277963631166,7,1,1,1,0
2020-09-10,10.000000000000002,0.243080410403245,9,1,1,1,0
2020-09-11,9.890109890109892,0.24578130385216995,10,1,1,1,0
2020-09-12,9.782608695652176,0.2484821973010949,10,1,1,1,0
2020-09-13,10.000000000000002,0.243080410403245,10,1,1,1,0
2020-09-14,10.000000000000002,0.243080410403245,10,1,1,1,0
2020-09-15,10.000000000000002,0.243080410403245,9,1,1,1,0
2020-09-16,9.890109890109892,0.24578130385216995,10,1,1,1,0
2020-09-17,10.000000000000002,0.243080410403245,10,1,1,1,0
2020-09-18,10.000000000000002,0.243080410403245,10,1,1,1,0
2020-09-19,10.000000000000002,0.243080410403245,10,1,1,1,0
2020-09-20,10.000000000000002,0.243080410403245,10,1,1,1,0
2020-09-21,10.000000000000002,0.243080410403245,9,1,1,1,0
2020-09-22,9.614243323442137,0.2528336367465851,9,1,1,1,0
2020-09-23,9.878048780487807,0.2460814031242727,9,1,1,1,0
2020-09-24,10.000000000000002,0.243080410403245,9,1,1,1,0
2020-09-25,9.729729729729732,0.24983264402555733,9,1,1,1,0
2020-09-26,9.204545454545457,0.264087359450439,9,1,1,1,0
2020-09-27,8.762169680111265,0.27742034139671934,10,1,1,1,0
2020-09-28,9.642857142857146,0.2520833885663281,3,1,1,1,0
2020-09-29,10.000000000000002,0.243080410403245,7,1,1,1,0
2020-09-30,10.000000000000002,0.243080410403245,9,1,1,1,0
2020-10-01,10.000000000000002,0.243080410403245,7,1,1,1,0
2020-10-02,10.000000000000002,0.243080410403245,10,1,1,1,0
2020-10-03,10.000000000000002,0.243080410403245,9,1,1,1,0
2020-10-04,9.523809523809526,0.25523443092340725,5,1,1,1,0
2020-10-05,10.000000000000002,0.243080410403245,7,1,1,1,0
2020-10-06,9.677419354838712,0.2511830907500198,10,1,1,1,0
2020-10-07,10.000000000000002,0.243080410403245,10,1,1,1,0
2020-10-08,10.000000000000002,0.243080410403245,9,1,1,1,0
2020-10-09,10.000000000000002,0.243080410403245,10,1,1,1,0
2020-10-10,7.272727272727272,0.33423556430446194,10,1,1,1,0
2020-10-11,10.000000000000002,0.243080410403245,10,1,1,1,0
2020-10-12,8.266166822867854,0.29406666428601186,7,1,1,1,0
2020-10-13,9.028662420382165,0.26923191840077226,9,1,1,1,0
2020-10-14,10.000000000000002,0.243080410403245,9,1,1,1,0
2020-10-15,10.000000000000002,0.243080410403245,10,1,1,1,0
2020-10-16,10.000000000000002,0.243080410403245,9,1,1,1,0
2020-10-17,10.000000000000002,0.243080410403245,10,1,1,1,0
2020-10-18,10.000000000000002,0.243080410403245,8,1,1,1,0
2020-10-19,9.43231441048035,0.25771024991825514,6,1,1,1,0
2020-10-20,9.6514745308311,0.25185831411225107,10,1,1,1,0
2020-10-21,10.000000000000002,0.243080410403245,8,1,1,1,0
2020-10-22,,,1,1,0,1,0
2020-10-23,9.863013698630139,0.24645652721440117,8,1,1,1,0
2020-10-24,10.000000000000002,0.243080410403245,10,1,1,1,0
2020-10-25,10.000000000000002,0.243080410403245,10,1,1,1,0
2020-10-26,9.863013698630139,0.24645652721440117,8,1,1,1,0
2020-10-27,,,2,1,0,1,0
2020-10-28,9.696969696969697,0.2506766732283464,8,1,1,1,0
2020-10-29,,,2,1,0,1,1
2020-10-30,10.000000000000002,0.243080410403245,10,1,1,1,0
2020-10-31,10.000000000000002,0.243080410403245,10,1,1,1,0
2020-11-01,10.000000000000002,0.243080410403245,5,1,1,1,0
2020-11-02,10.000000000000002,0.243080410403245,10,1,1,1,0
2020-11-03,9.890109890109892,0.24578130385216995,10,1,1,1,0
2020-11-04,10.000000000000002,0.243080410403245,6,1,1,1,1
2020-11-05,9.756097560975611,0.2491574206633261,10,1,1,1,0
2020-11-06,9.434276206322796,0.25765666076252247,9,1,1,1,0
2020-11-07,9.126760563380282,0.26633810399120983,9,1,1,1,2
2020-11-08,9.642857142857146,0.2520833885663281,3,1,1,1,0
2020-11-09,10.000000000000002,0.243080410403245,10,1,1,1,0
2020-11-10,10.000000000000002,0.243080410403245,7,1,1,1,0
2020-11-11,10.000000000000002,0.243080410403245,4,1,1,1,0
2020-11-12,,,1,1,0,1,0
2020-11-13,8.925619834710744,0.27234008943326526,3,1,1,1,1
2020-11-14,8.58440575321726,0.28316509889125807,9,1,1,1,0
2020-11-15,,,2,1,0,1,0
2020-11-16,10.000000000000002,0.243080410403245,10,1,1,1,0
2020-11-17,10.000000000000002,0.243080410403245,10,1,1,1,0
2020-11-18,10.000000000000002,0.243080410403245,10,1,1,1,0
2020-11-19,10.000000000000002,0.243080410403245,10,1,1,1,0
2020-11-20,10.000000000000002,0.243080410403245,10,1,1,1,0
2020-11-21,9.890109890109892,0.24578130385216995,10,1,1,1,0
2020-11-22,,,0,0,0,1,0
2020-11-23,9.545454545454547,0.25465566804149475,9,1,1,1,0
2020-11-24,9.473684210526315,0.25658487764786975,6,1,1,1,0
2020-11-25,,,0,0,0,1,0
2020-11-26,,,0,0,0,1,0
2020-11-27,9.782608695652176,0.2484821973010949,5,1,1,1,0
2020-11-28,10.000000000000002,0.243080410403245,3,1,1,1,0
2020-11-29,10.000000000000002,0.243080410403245,6,1,1,1,0
2020-11-30,,,0,0,0,1,0
2020-12-01,10.000000000000002,0.243080410403245,7,1,1,1,0
2020-12-02,10.000000000000002,0.243080410403245,7,1,1,1,0
2020-12-03,10.000000000000002,0.243080410403245,7,1,1,1,0
2020-12-04,9.0,0.2700893448924945,10,1,1,1,0
2020-12-05,10.000000000000002,0.243080410403245,10,1,1,1,0
2020-12-06,10.000000000000002,0.243080410403245,10,1,1,1,0
2020-12-07,10.000000000000002,0.243080410403245,10,1,1,1,0
2020-12-08,6.923076923076923,0.3511161483602428,10,1,1,1,0
2020-12-09,3.941605839416058,0.6167040041711958,9,1,1,1,0
2020-12-10,4.3478260869565215,0.5590849439274636,5,1,1,1,0
2020-12-11,,,0,0,0,1,0
2020-12-12,8.155339805825244,0.2980628841849314,3,1,1,1,0
2020-12-13,10.000000000000002,0.243080410403245,10,1,1,1,0
2020-12-14,9.756097560975611,0.2491574206633261,10,1,1,1,0
2020-12-15,10.000000000000002,0.243080410403245,10,1,1,1,0
2020-12-16,,,1,1,0,1,0
2020-12-17,,,1,1,0,1,0
2020-12-18,4.719101123595506,0.5150989649021145,7,1,1,1,0
2020-12-19,6.588235294117648,0.3689613372192112,8,1,1,1,0
2020-12-20,6.104651162790698,0.39818886275579185,5,1,1,1,0
2020-12-21,,,1,1,0,1,0
2020-12-22,9.068010075566752,0.26806367480580073,10,1,1,1,0
2020-12-23,10.000000000000002,0.243080410403245,9,1,1,1,0
2020-12-24,10.000000000000002,0.243080410403245,10,1,1,1,0
2020-12-25,,,1,1,0,1,0
2020-12-26,9.090909090909092,0.2673884514435695,10,1,1,1,0
2020-12-27,7.815684536996012,0.3110161486848776,7,1,1,1,0
2020-12-28,10.000000000000002,0.243080410403245,10,1,1,1,0
2020-12-29,10.000000000000002,0.243080410403245,8,1,1,1,0
2020-12-30,10.000000000000002,0.243080410403245,3,1,1,1,0
2020-12-31,9.677419354838712,0.2511830907500198,10,1,1,1,0
2021-01-01,,,0,0,0,1,0
2021-01-02,,,0,0,0,1,0
2021-01-03,,,1,1,0,1,0
2021-01-04,7.304347826086956,0.3327886570996807,6,1,1,1,0
2021-01-05,5.3571428571428585,0.45375009941939065,5,1,1,1,0
2021-01-06,9.05823148813803,0.268353056246757,10,1,1,1,0
2021-01-07,9.890109890109892,0.24578130385216995,10,1,1,1,0
2021-01-08,10.000000000000002,0.243080410403245,10,1,1,1,0
2021-01-09,10.000000000000002,0.243080410403245,8,1,1,1,0
2021-01-10,7.398165137614678,0.3285685110857355,8,1,1,1,0
2021-01-11,5.0,0.48616082080649003,6,1,1,1,0
2021-01-12,,,1,1,0,1,0
2021-01-13,6.505324298160697,0.37366378563475017,8,1,1,1,0
2021-01-14,6.857142857142856,0.35449226517139903,8,1,1,1,0
2021-01-15,,,2,1,0,1,0
2021-01-16,7.963882618510157,0.3052285198657527,7,1,1,1,0
2021-01-17,,,1,1,0,1,0
2021-01-18,7.152317880794701,0.3398624256563889,6,1,1,1,0
2021-01-19,8.823529411764707,0.27549113179034435,10,1,1,1,0
2021-01-20,9.549071618037136,0.254559207561176,10,1,1,1,0
2021-01-21,9.890109890109892,0.24578130385216995,10,1,1,1,0
2021-01-22,10.000000000000002,0.243080410403245,5,1,1,1,0
2021-01-23,10.000000000000002,0.243080410403245,10,1,1,1,0
2021-01-24,10.000000000000002,0.243080410403245,6,1,1,1,0
2021-01-25,5.763293310463121,0.42177345019372575,8,1,1,1,0
2021-01-26,,,2,1,0,1,0
2021-01-27,10.000000000000002,0.243080410403245,10,1,1,1,0
2021-01-28,10.000000000000002,0.243080410403245,10,1,1,1,0
2021-01-29,10.000000000000002,0.243080410403245,10,1,1,1,0
2021-01-30,9.782608695652176,0.2484821973010949,10,1,1,1,0
2021-01-31,7.5,0.3241072138709934,7,1,1,1,0
2021-02-01,8.432122370936904,0.28827903546688693,7,1,1,1,0
2021-02-02,10.000000000000002,0.243080410403245,10,1,1,1,0
2021-02-03,10.000000000000002,0.243080410403245,10,1,1,1,0
2021-02-04,6.2025316455696204,0.39190515146645627,7,1,1,1,0
2021-02-05,9.642857142857142,0.25208338856632817,6,1,1,1,0
2021-02-06,8.433734939759036,0.2882239151924191,10,1,1,1,0
2021-02-07,9.589041095890414,0.25349814227766976,10,1,1,1,0
2021-02-08,8.091743119266054,0.3004054958498153,7,1,1,1,0
2021-02-09,9.509433962264152,0.25562027284468225,7,1,1,1,0
2021-02-10,10.000000000000002,0.243080410403245,5,1,1,1,0
2021-02-11,10.000000000000002,0.243080410403245,10,1,1,1,0
2021-02-12,5.110410094637224,0.475657346282893,9,1,1,1,0
2021-02-13,,,2,1,0,1,0
2021-02-14,9.878048780487807,0.2460814031242727,9,1,1,1,0
2021-02-15,8.571428571428573,0.28359381213711915,4,1,1,1,0
2021-02-16,4.390243902439025,0.5536831570296136,9,1,1,1,0
2021-02-17,10.000000000000002,0.243080410403245,8,1,1,1,0
2021-02-18,6.2882096069869,0.3865653748773827,4,1,1,1,0
2021-02-19,9.021479713603819,0.26944627502370283,6,1,1,1,0
2021-02-20,5.951818611242325,0.40841367366957915,10,1,1,1,0
2021-02-21,7.0,0.3472577291474929,8,1,1,1,0
2021-02-22,5.135869565217392,0.47329942343065695,9,1,1,1,0
2021-02-23,10.000000000000002,0.243080410403245,10,1,1,1,0
2021-02-24,9.487951807228917,0.25619903572659475,10,1,1,1,0
2021-02-25,10.000000000000002,0.243080410403245,10,1,1,1,0
2021-02-26,8.835904628330997,0.27510528986906935,10,1,1,1,0
2021-02-27,7.968379446640316,0.3050562690080406,8,1,1,1,0
2021-02-28,8.571428571428573,0.28359381213711915,4,1,1,1,0
2021-03-01,10.000000000000002,0.243080410403245,10,1,1,1,0
2021-03-02,10.000000000000002,0.243080410403245,10,1,1,1,0
2021-03-03,9.756097560975611,0.2491574206633261,10,1,1,1,0
2021-03-04,10.000000000000002,0.243080410403245,10,1,1,1,0
2021-03-05,10.000000000000002,0.243080410403245,10,1,1,1,0
2021-03-06,10.000000000000002,0.243080410403245,10,1,1,1,0
2021-03-07,10.000000000000002,0.243080410403245,10,1,1,1,0
2021-03-08,10.000000000000002,0.243080410403245,10,1,1,1,0
2021-03-09,7.070707070707071,0.343785151856018,10,1,1,1,0
2021-03-10,9.278350515463918,0.2619866645457196,10,1,1,1,0
2021-03-11,10.000000000000002,0.243080410403245,10,1,1,1,0
2021-03-12,10.000000000000002,0.243080410403245,10,1,1,1,0
2021-03-13,10.000000000000002,0.243080410403245,10,1,1,1,0
2021-03-14,10.000000000000002,0.243080410403245,10,1,1,1,0
2021-03-15,10.000000000000002,0.243080410403245,10,1,1,1,0
2021-03-16,8.707671043538356,0.2791566300424568,10,1,1,1,0
2021-03-17,6.379746835443037,0.38101889725905475,9,1,1,1,0
2021-03-18,10.000000000000002,0.243080410403245,8,1,1,1,0
2021-03-19,10.000000000000002,0.243080410403245,10,1,1,1,0
2021-03-20,9.6514745308311,0.25185831411225107,10,1,1,1,0
2021-03-21,9.890109890109892,0.24578130385216995,10,1,1,1,0
2021-03-22,9.890109890109892,0.24578130385216995,10,1,1,1,0
2021-03-23,10.000000000000002,0.243080410403245,10,1,1,1,0
2021-03-24,10.000000000000002,0.243080410403245,10,1,1,1,0
2021-03-25,9.890109890109892,0.24578130385216995,10,1,1,1,0
2021-03-26,10.000000000000002,0.243080410403245,10,1,1,1,0
2021-03-27,7.029288702928869,0.34581082194271173,10,1,1,1,0
2021-03-28,10.000000000000002,0.243080410403245,6,1,1,1,0
2021-03-29,10.000000000000002,0.243080410403245,10,1,1,1,0
2021-03-30,10.000000000000002,0.243080410403245,10,1,1,1,0
2021-03-31,10.000000000000002,0.243080410403245,10,1,1,1,0
2021-04-01,9.759036144578314,0.24908239584530042,9,1,1,1,0
2021-04-02,10.000000000000002,0.243080410403245,10,1,1,1,0
2021-04-03,10.000000000000002,0.243080410403245,10,1,1,1,0
2021-04-04,8.80195599022005,0.2761663551525756,10,1,1,1,0
2021-04-05,6.666666666666667,0.3646206156048675,6,1,1,1,0
2021-04-06,7.818802358051506,0.31089212806732486,10,1,1,1,0
2021-04-07,9.424083769633507,0.25793532437233224,10,1,1,1,0
2021-04-08,8.936170212765957,0.27201855449886947,7,1,1,1,0
2021-04-09,10.000000000000002,0.243080410403245,10,1,1,1,0
2021-04-10,10.000000000000002,0.243080410403245,10,1,1,1,0
2021-04-11,10.000000000000002,0.243080410403245,5,1,1,1,0
2021-04-12,10.000000000000002,0.243080410403245,8,1,1,1,0
2021-04-13,10.000000000000002,0.243080410403245,7,1,1,1,0
2021-04-14,10.000000000000002,0.243080410403245,10,1,1,1,0
2021-04-15,9.025787965616047,0.2693176610499445,5,1,1,1,0
2021-04-16,10.000000000000002,0.243080410403245,10,1,1,1,0
2021-04-17,10.000000000000002,0.243080410403245,8,1,1,1,0
2021-04-18,10.000000000000002,0.243080410403245,10,1,1,1,0
2021-04-19,9.878048780487807,0.2460814031242727,9,1,1,1,0
2021-04-20,10.000000000000002,0.243080410403245,4,1,1,1,0
2021-04-21,9.890109890109892,0.24578130385216995,10,1,1,1,0
2021-04-22,10.000000000000002,0.243080410403245,10,1,1,1,0
2021-04-23,10.000000000000002,0.243080410403245,10,1,1,1,0
2021-04-24,8.054794520547944,0.3017835027115117,7,1,1,1,0
2021-04-25,10.000000000000002,0.243080410403245,10,1,1,1,0
2021-04-26,9.878048780487807,0.2460814031242727,9,1,1,1,0
2021-04-27,10.000000000000002,0.243080410403245,9,1,1,1,0
2021-04-28,8.950276243093922,0.27158984125300834,9,1,1,1,0
2021-04-29,,,2,1,0,1,0
2021-04-30,10.000000000000002,0.243080410403245,8,1,1,1,0
2021-05-01,10.000000000000002,0.243080410403245,10,1,1,1,0
2021-05-02,10.000000000000002,0.243080410403245,10,1,1,1,0
2021-05-03,7.916230366492147,0.30706586234801453,3,1,1,1,0
2021-05-04,10.000000000000002,0.243080410403245,9,1,1,1,0
2021-05-05,10.000000000000002,0.243080410403245,10,1,1,1,0
2021-05-06,10.000000000000002,0.243080410403245,5,1,1,1,0
2021-05-07,10.000000000000002,0.243080410403245,8,1,1,1,0
2021-05-08,10.000000000000002,0.243080410403245,10,1,1,1,0
2021-05-09,10.000000000000002,0.243080410403245,3,1,1,1,0
2021-05-10,10.000000000000002,0.243080410403245,9,1,1,1,0
2021-05-11,10.000000000000002,0.243080410403245,10,1,1,1,0
2021-05-12,10.000000000000002,0.243080410403245,10,1,1,1,0
2021-05-13,10.000000000000002,0.243080410403245,10,1,1,1,0
2021-05-14,10.000000000000002,0.243080410403245,10,1,1,1,0
2021-05-15,10.000000000000002,0.243080410403245,10,1,1,1,0
2021-05-16,9.6514745308311,0.25185831411225107,10,1,1,1,0
2021-05-17,9.756097560975611,0.2491574206633261,10,1,1,1,0
2021-05-18,9.890109890109892,0.24578130385216995,10,1,1,1,0
2021-05-19,9.756097560975611,0.2491574206633261,10,1,1,1,0
2021-05-20,9.32642487046632,0.2606362178212572,10,1,1,1,0
2021-05-21,10.000000000000002,0.243080410403245,10,1,1,1,0
2021-05-22,9.782608695652176,0.2484821973010949,10,1,1,1,0
2021-05-23,10.000000000000002,0.243080410403245,9,1,1,1,0
2021-05-24,9.448818897637796,0.25726010101010094,10,1,1,1,3
2021-05-25,9.487951807228917,0.25619903572659475,10,1,1,1,0
2021-05-26,10.000000000000002,0.243080410403245,5,1,1,1,0
2021-05-27,10.000000000000002,0.243080410403245,10,1,1,1,0
2021-05-28,10.000000000000002,0.243080410403245,5,1,1,1,0
2021-05-29,10.000000000000002,0.243080410403245,10,1,1,1,0
2021-05-30,10.000000000000002,0.243080410403245,10,1,1,1,0
2021-05-31,10.000000000000002,0.243080410403245,10,1,1,1,0
2021-06-01,10.000000000000002,0.243080410403245,10,1,1,1,0
2021-06-02,9.137055837563452,0.26603800471910705,5,1,1,1,0
2021-06-03,9.878048780487807,0.2460814031242727,9,1,1,1,0
2021-06-04,9.487951807228917,0.25619903572659475,10,1,1,1,0
2021-06-05,10.000000000000002,0.243080410403245,10,1,1,1,0
2021-06-06,10.000000000000002,0.243080410403245,10,1,1,1,0
2021-06-07,9.890109890109892,0.24578130385216995,10,1,1,1,0
2021-06-08,9.614243323442137,0.2528336367465851,9,1,1,1,0
2021-06-09,8.053977272727272,0.3018141250862161,9,1,1,1,0
2021-06-10,8.481992595085831,0.28658408702700033,10,1,1,1,0
2021-06-11,7.671232876712328,0.3168726778470873,10,1,1,1,0
2021-06-12,5.203386330786702,0.46715810618369674,10,1,1,1,0
2021-06-13,9.614243323442137,0.2528336367465851,9,1,1,1,0
2021-06-14,10.000000000000002,0.243080410403245,10,1,1,1,0
2021-06-15,9.890109890109892,0.24578130385216995,10,1,1,1,0
2021-06-16,10.000000000000002,0.243080410403245,10,1,1,1,0
2021-06-17,10.000000000000002,0.243080410403245,8,1,1,1,0
2021-06-18,8.448275862068966,0.28772783272220837,7,1,1,1,0
2021-06-19,9.423076923076925,0.2579628845095661,7,1,1,1,0
2021-06-20,9.218106995884774,0.2636988380713774,8,1,1,1,0
2021-06-21,10.000000000000002,0.243080410403245,9,1,1,1,0
2021-06-22,10.000000000000002,0.243080410403245,10,1,1,1,0
2021-06-23,10.000000000000002,0.243080410403245,9,1,1,1,0
2021-06-24,9.756097560975611,0.2491574206633261,10,1,1,1,0
2021-06-25,,,0,0,0,1,0
2021-06-26,7.694656488549618,0.3159080730438998,8,1,1,1,0
2021-06-27,9.375,0.2592857710967947,10,1,1,1,0
2021-06-28,9.782608695652176,0.2484821973010949,10,1,1,1,0
2021-06-29,9.23076923076923,0.2633371112701821,8,1,1,1,0
2021-06-30,9.574468085106384,0.25388398419894476,5,1,1,1,0
2021-07-01,9.254498714652957,0.26266188790795086,10,1,1,1,0
2021-07-02,10.000000000000002,0.243080410403245,10,1,1,1,0
2021-07-03,9.549071618037136,0.254559207561176,10,1,1,1,0
2021-07-04,4.878048780487805,0.4983148413266523,10,1,1,1,0
2021-07-05,5.461638491547465,0.4450686561907034,10,1,1,1,0
2021-07-06,5.660377358490567,0.4294420583790662,10,1,1,1,0
2021-07-07,5.679939894815928,0.4279629976808454,9,1,1,1,0
2021-07-08,5.707814269535675,0.4258730206072725,6,1,1,1,0
2021-07-09,8.542372881355933,0.2845584169403067,10,1,1,1,0
2021-07-10,8.674698795180722,0.280217695325963,10,1,1,1,0
2021-07-11,,,1,1,0,1,0
2021-07-12,,,0,0,0,1,0
2021-07-13,,,2,1,0,1,0
2021-07-14,10.000000000000002,0.243080410403245,5,1,1,1,0
2021-07-15,,,2,1,0,1,0
2021-07-16,,,0,0,0,1,0
2021-07-17,9.364161849710984,0.25958587036889746,9,1,1,1,0
2021-07-18,10.000000000000002,0.243080410403245,10,1,1,1,0
2021-07-19,9.17364397524572,0.26497693943560086,10,1,1,1,0
2021-07-20,9.677419354838712,0.2511830907500198,10,1,1,1,0
2021-07-21,10.000000000000002,0.243080410403245,10,1,1,1,0
2021-07-22,10.000000000000002,0.243080410403245,10,1,1,1,0
2021-07-23,9.843750000000002,0.24693882961599492,7,1,1,1,0
2021-07-24,5.333333333333333,0.4557757695060844,8,1,1,1,0
2021-07-25,10.000000000000002,0.243080410403245,9,1,1,1,0
2021-07-26,10.000000000000002,0.243080410403245,10,1,1,1,0
2021-07-27,10.000000000000002,0.243080410403245,10,1,1,1,0
2021-07-28,10.000000000000002,0.243080410403245,10,1,1,1,0
2021-07-29,9.589041095890414,0.25349814227766976,10,1,1,1,0
2021-07-30,9.890109890109892,0.24578130385216995,10,1,1,1,0
2021-07-31,10.000000000000002,0.243080410403245,10,1,1,1,0
2021-08-01,5.591302418460173,0.43474738479659736,10,1,1,1,0
2021-08-02,10.000000000000002,0.243080410403245,10,1,1,1,0
2021-08-03,10.000000000000002,0.243080410403245,10,1,1,1,0
2021-08-04,10.000000000000002,0.243080410403245,10,1,1,1,0
2021-08-05,9.759036144578314,0.24908239584530042,9,1,1,1,0
2021-08-06,9.549071618037136,0.254559207561176,10,1,1,1,0
2021-08-07,9.104046242774569,0.2670026095222945,10,1,1,1,0
2021-08-08,7.466666666666665,0.32555412107577464,8,1,1,1,0
2021-08-09,8.05755395683453,0.3016801521968845,8,1,1,1,0
2021-08-10,9.878048780487807,0.2460814031242727,9,1,1,1,0
2021-08-11,10.000000000000002,0.243080410403245,7,1,1,1,0
2021-08-12,10.000000000000002,0.243080410403245,9,1,1,1,0
2021-08-13,10.000000000000002,0.243080410403245,10,1,1,1,0
2021-08-14,10.000000000000002,0.243080410403245,10,1,1,1,0
2021-08-15,10.000000000000002,0.243080410403245,10,1,1,1,0
2021-08-16,10.000000000000002,0.243080410403245,10,1,1,1,0
2021-08-17,9.589041095890414,0.25349814227766976,10,1,1,1,0
2021-08-18,9.756097560975611,0.2491574206633261,10,1,1,1,0
2021-08-19,9.487951807228917,0.25619903572659475,10,1,1,1,0
2021-08-20,10.000000000000002,0.243080410403245,9,1,1,1,0
2021-08-21,9.487951807228917,0.25619903572659475,10,1,1,1,0
2021-08-22,9.756097560975611,0.2491574206633261,10,1,1,1,0
2021-08-23,10.000000000000002,0.243080410403245,10,1,1,1,0
2021-08-24,10.000000000000002,0.243080410403245,10,1,1,1,0
2021-08-25,10.000000000000002,0.243080410403245,9,1,1,1,0
2021-08-26,10.000000000000002,0.243080410403245,10,1,1,1,0
2021-08-27,9.890109890109892,0.24578130385216995,10,1,1,1,0
2021-08-28,9.090180360721444,0.26740988710586255,9,1,1,1,0
2021-08-29,10.000000000000002,0.243080410403245,9,1,1,1,0
2021-08-30,10.000000000000002,0.243080410403245,10,1,1,1,0
2021-08-31,10.000000000000002,0.243080410403245,10,1,1,1,0
2021-09-01,10.000000000000002,0.243080410403245,10,1,1,1,0
2021-09-02,10.000000000000002,0.243080410403245,10,1,1,1,0
2021-09-03,10.000000000000002,0.243080410403245,10,1,1,1,0
2021-09-04,10.000000000000002,0.243080410403245,10,1,1,1,0
2021-09-05,10.000000000000002,0.243080410403245,10,1,1,1,0
2021-09-06,10.000000000000002,0.243080410403245,10,1,1,1,0
2021-09-07,10.000000000000002,0.243080410403245,9,1,1,1,0
2021-09-08,10.000000000000002,0.243080410403245,9,1,1,1,0
2021-09-09,10.000000000000002,0.243080410403245,10,1,1,1,0
2021-09-10,10.000000000000002,0.243080410403245,10,1,1,1,0
2021-09-11,10.000000000000002,0.243080410403245,10,1,1,1,0
2021-09-12,10.000000000000002,0.243080410403245,10,1,1,1,0
2021-09-13,7.615849563465413,0.3191770115435907,9,1,1,1,0
2021-09-14,9.423076923076925,0.2579628845095661,7,1,1,1,0
2021-09-15,10.000000000000002,0.243080410403245,9,1,1,1,0
2021-09-16,10.000000000000002,0.243080410403245,9,1,1,1,0
2021-09-17,10.000000000000002,0.243080410403245,9,1,1,1,0
2021-09-18,10.000000000000002,0.243080410403245,10,1,1,1,0
2021-09-19,10.000000000000002,0.243080410403245,10,1,1,1,0
2021-09-20,10.000000000000002,0.243080410403245,8,1,1,1,0
2021-09-21,10.000000000000002,0.243080410403245,8,1,1,1,0
2021-09-22,,,1,1,0,1,0
2021-09-23,,,0,0,0,1,0
2021-09-24,10.000000000000002,0.243080410403245,10,1,1,1,0
2021-09-25,10.000000000000002,0.243080410403245,8,1,1,1,0
2021-09-26,10.000000000000002,0.243080410403245,10,1,1,1,0
2021-09-27,10.000000000000002,0.243080410403245,10,1,1,1,0
2021-09-28,10.000000000000002,0.243080410403245,10,1,1,1,0
2021-09-29,10.000000000000002,0.243080410403245,9,1,1,1,0
2021-09-30,9.878048780487807,0.2460814031242727,9,1,1,1,0
2021-10-01,10.000000000000002,0.243080410403245,9,1,1,1,0
2021-10-02,10.000000000000002,0.243080410403245,7,1,1,1,0
2021-10-03,9.43231441048035,0.25771024991825514,6,1,1,1,0
2021-10-04,10.000000000000002,0.243080410403245,7,1,1,1,0
2021-10-05,4.8979591836734695,0.4962891712399586,4,1,1,1,0
2021-10-06,7.0162412993039425,0.3464538918115034,6,1,1,1,0
2021-10-07,7.058823529411765,0.34436391473793043,3,1,1,1,0
2021-10-08,9.729729729729732,0.24983264402555735,4,1,1,1,0
2021-10-09,10.000000000000002,0.243080410403245,7,1,1,1,0
2021-10-10,9.696969696969697,0.2506766732283464,8,1,1,1,0
2021-10-11,9.878048780487807,0.2460814031242727,9,1,1,1,0
2021-10-12,10.000000000000002,0.243080410403245,7,1,1,1,0
2021-10-13,10.000000000000002,0.243080410403245,9,1,1,1,0
2021-10-14,9.174757281553397,0.26494478594216125,6,1,1,1,0
2021-10-15,10.000000000000002,0.243080410403245,6,1,1,1,0
2021-10-16,10.000000000000002,0.243080410403245,10,1,1,1,0
2021-10-17,10.000000000000002,0.243080410403245,4,1,1,1,0
2021-10-18,10.000000000000002,0.243080410403245,9,1,1,1,0
2021-10-19,10.000000000000002,0.243080410403245,7,1,1,1,0
2021-10-20,10.000000000000002,0.243080410403245,9,1,1,1,0
2021-10-21,9.863013698630139,0.24645652721440117,8,1,1,1,0
2021-10-22,10.000000000000002,0.243080410403245,10,1,1,1,0
2021-10-23,10.000000000000002,0.243080410403245,9,1,1,1,0
2021-10-24,9.523809523809526,0.25523443092340725,5,1,1,1,0
2021-10-25,,,2,1,0,1,0
2021-10-26,10.000000000000002,0.243080410403245,10,1,1,1,0
2021-10-27,9.574468085106384,0.25388398419894476,5,1,1,1,0
2021-10-28,9.545454545454547,0.25465566804149475,9,1,1,1,0
2021-10-29,,,0,0,0,1,0
2021-10-30,10.000000000000002,0.243080410403245,10,1,1,1,0
2021-10-31,10.000000000000002,0.243080410403245,8,1,1,1,0
2021-11-01,10.000000000000002,0.243080410403245,10,1,1,1,0
2021-11-02,10.000000000000002,0.243080410403245,10,1,1,1,0
2021-11-03,10.000000000000002,0.243080410403245,9,1,1,1,0
2021-11-04,10.000000000000002,0.243080410403245,8,1,1,1,0
2021-11-05,10.000000000000002,0.243080410403245,10,1,1,1,0
2021-11-06,9.368029739776953,0.2594786920574322,8,1,1,1,0
2021-11-07,9.388971684053653,0.2588999291755197,10,1,1,1,0
2021-11-08,9.890109890109892,0.24578130385216995,10,1,1,1,0
2021-11-09,10.000000000000002,0.243080410403245,9,1,1,1,0
2021-11-10,10.000000000000002,0.243080410403245,8,1,1,1,0
2021-11-11,9.290322580645162,0.261649052864604,8,1,1,1,0
2021-11-12,10.000000000000002,0.243080410403245,10,1,1,1,0
2021-11-13,10.000000000000002,0.243080410403245,6,1,1,1,0
2021-11-14,,,0,0,0,1,0
2021-11-15,10.000000000000002,0.243080410403245,10,1,1,1,0
2021-11-16,9.729729729729732,0.24983264402555733,9,1,1,1,0
2021-11-17,8.437500000000002,0.2880953012186607,6,1,1,1,0
2021-11-18,9.878048780487807,0.2460814031242727,9,1,1,1,0
2021-11-19,10.000000000000002,0.243080410403245,10,1,1,1,0
2021-11-20,10.000000000000002,0.243080410403245,9,1,1,1,0
2021-11-21,7.368421052631579,0.32989484269011826,5,1,1,1,0
2021-11-22,,,0,0,0,1,0
2021-11-23,10.000000000000002,0.243080410403245,10,1,1,1,0
2021-11-24,10.000000000000002,0.243080410403245,10,1,1,1,0
2021-11-25,,,0,0,0,1,0
2021-11-26,10.000000000000002,0.243080410403245,10,1,1,1,0
2021-11-27,9.642857142857146,0.2520833885663281,3,1,1,1,0
2021-11-28,,,2,1,0,1,0
2021-11-29,10.000000000000002,0.243080410403245,9,1,1,1,0
2021-11-30,8.386023294509151,0.2898637433578378,8,1,1,1,0
2021-12-01,8.78048780487805,0.2768415785148068,8,1,1,1,0
2021-12-02,10.000000000000002,0.243080410403245,10,1,1,1,0
2021-12-03,10.000000000000002,0.243080410403245,5,1,1,1,0
2021-12-04,9.890109890109892,0.24578130385216995,10,1,1,1,0
2021-12-05,10.000000000000002,0.243080410403245,6,1,1,1,0
2021-12-06,10.000000000000002,0.243080410403245,6,1,1,1,0
2021-12-07,10.000000000000002,0.243080410403245,10,1,1,1,0
2021-12-08,10.000000000000002,0.243080410403245,9,1,1,1,0
2021-12-09,7.482678983833719,0.32485746205125027,9,1,1,1,0
2021-12-10,6.582089552238806,0.3693058389346353,7,1,1,1,0
2021-12-11,9.696969696969697,0.2506766732283464,8,1,1,1,0
2021-12-12,10.000000000000002,0.243080410403245,10,1,1,1,0
2021-12-13,10.000000000000002,0.243080410403245,10,1,1,1,0
2021-12-14,9.756097560975611,0.2491574206633261,10,1,1,1,0
2021-12-15,10.000000000000002,0.243080410403245,8,1,1,1,0
2021-12-16,9.782608695652176,0.2484821973010949,10,1,1,1,0
2021-12-17,10.000000000000002,0.243080410403245,10,1,1,1,0
2021-12-18,9.642857142857146,0.2520833885663281,3,1,1,1,0
2021-12-19,10.000000000000002,0.243080410403245,10,1,1,1,0
2021-12-20,10.000000000000002,0.243080410403245,10,1,1,1,0
2021-12-21,,,2,1,0,1,0
2021-12-22,10.000000000000002,0.243080410403245,10,1,1,1,0
2021-12-23,10.000000000000002,0.243080410403245,9,1,1,1,0
2021-12-24,9.696969696969697,0.2506766732283464,8,1,1,1,0
2021-12-25,8.470588235294118,0.2869699289482754,4,1,1,1,0
2021-12-26,10.000000000000002,0.243080410403245,9,1,1,1,0
2021-12-27,,,0,0,0,1,0
2021-12-28,10.000000000000002,0.243080410403245,6,1,1,1,0
2021-12-29,10.000000000000002,0.243080410403245,5,1,1,1,0
2021-12-30,6.6141732283464565,0.36751443001443,10,1,1,1,0
2021-12-31,8.742411101474415,0.27804733451879116,8,1,1,1,0
2022-01-01,,,1,1,0,1,0
2022-01-02,10.000000000000002,0.243080410403245,9,1,1,1,0
2022-01-03,10.000000000000002,0.243080410403245,9,1,1,1,0
2022-01-04,8.742411101474415,0.27804733451879116,8,1,1,1,0
2022-01-05,8.674698795180722,0.280217695325963,6,1,1,1,0
2022-01-06,9.692307692307695,0.2507972488287448,7,1,1,1,0
2022-01-07,9.545454545454547,0.25465566804149475,9,1,1,1,0
2022-01-08,10.000000000000002,0.243080410403245,10,1,1,1,0
2022-01-09,9.756097560975611,0.2491574206633261,10,1,1,1,0
2022-01-10,10.000000000000002,0.243080410403245,10,1,1,1,0
2022-01-11,10.000000000000002,0.243080410403245,10,1,1,1,0
2022-01-12,10.000000000000002,0.243080410403245,9,1,1,1,0
2022-01-13,4.0,0.6077010260081126,7,1,1,1,0
2022-01-14,10.000000000000002,0.243080410403245,10,1,1,1,0
2022-01-15,10.000000000000002,0.243080410403245,10,1,1,1,0
2022-01-16,9.31034482758621,0.26108636672941127,9,1,1,1,0
2022-01-17,8.756756756756756,0.27759182669506377,9,1,1,1,0
2022-01-18,8.17385663314953,0.29738766082270013,10,1,1,1,0
2022-01-19,10.000000000000002,0.243080410403245,10,1,1,1,0
2022-01-20,10.000000000000002,0.243080410403245,9,1,1,1,0
2022-01-21,10.000000000000002,0.243080410403245,10,1,1,1,0
2022-01-22,9.442622950819672,0.2574289068506588,8,1,1,1,0
2022-01-23,10.000000000000002,0.243080410403245,5,1,1,1,0
2022-01-24,,,2,1,0,1,0
2022-01-25,10.000000000000002,0.243080410403245,10,1,1,1,0
2022-01-26,10.000000000000002,0.243080410403245,9,1,1,1,0
2022-01-27,10.000000000000002,0.243080410403245,10,1,1,1,0
2022-01-28,10.000000000000002,0.243080410403245,10,1,1,1,0
2022-01-29,10.000000000000002,0.243080410403245,10,1,1,1,0
2022-01-30,7.262247838616715,0.33471786670605563,7,1,1,1,0
2022-01-31,7.946393378005518,0.3059002982108297,8,1,1,1,0
2022-02-01,8.814270724029381,0.2757805132313006,10,1,1,1,0
2022-02-02,,,0,0,0,1,0
2022-02-03,9.642857142857146,0.2520833885663281,3,1,1,1,0
2022-02-04,10.000000000000002,0.243080410403245,10,1,1,1,0
2022-02-05,7.652928416485901,0.31763058162102026,7,1,1,1,0
2022-02-06,8.071748878923767,0.3011496195551313,10,1,1,1,0
2022-02-07,7.361963190184048,0.3301842241310745,10,1,1,1,0
2022-02-08,7.199999999999999,0.3376116811156181,10,1,1,1,0
2022-02-09,9.756097560975611,0.2491574206633261,10,1,1,1,0
2022-02-10,10.000000000000002,0.243080410403245,10,1,1,1,0
2022-02-11,,,1,1,0,1,0
2022-02-12,10.000000000000002,0.243080410403245,9,1,1,1,0
2022-02-13,9.729729729729732,0.24983264402555735,4,1,1,1,0
2022-02-14,10.000000000000002,0.243080410403245,10,1,1,1,0
2022-02-15,9.878048780487807,0.2460814031242727,9,1,1,1,0
2022-02-16,9.890109890109892,0.24578130385216995,10,1,1,1,0
2022-02-17,,,0,0,0,1,0
2022-02-18,10.000000000000002,0.243080410403245,10,1,1,1,0
2022-02-19,8.391608391608392,0.2896708223972003,10,1,1,1,0
2022-02-20,10.000000000000002,0.243080410403245,10,1,1,1,0
2022-02-21,9.268113276940053,0.26227604598667587,10,1,1,1,0
2022-02-22,,,0,0,0,1,0
2022-02-23,9.81818181818182,0.24758189948478657,6,1,1,1,0
2022-02-24,9.890109890109892,0.24578130385216995,10,1,1,1,0
2022-02-25,8.600682593856655,0.2826292073339317,4,1,1,1,0
2022-02-26,10.000000000000002,0.243080410403245,10,1,1,1,0
2022-02-27,10.000000000000002,0.243080410403245,10,1,1,1,0
2022-02-28,10.000000000000002,0.243080410403245,10,1,1,1,0
2022-03-01,10.000000000000002,0.243080410403245,10,1,1,1,0
2022-03-02,9.782608695652176,0.2484821973010949,10,1,1,1,0
2022-03-03,10.000000000000002,0.243080410403245,10,1,1,1,0
2022-03-04,10.000000000000002,0.243080410403245,10,1,1,1,0
2022-03-05,10.000000000000002,0.243080410403245,10,1,1,1,0
2022-03-06,10.000000000000002,0.243080410403245,10,1,1,1,0
2022-03-07,10.000000000000002,0.243080410403245,3,1,1,1,0
2022-03-08,10.000000000000002,0.243080410403245,10,1,1,1,0
2022-03-09,9.878048780487807,0.2460814031242727,9,1,1,1,0
2022-03-10,10.000000000000002,0.243080410403245,10,1,1,1,0
2022-03-11,10.000000000000002,0.243080410403245,6,1,1,1,0
2022-03-12,9.890109890109892,0.24578130385216995,10,1,1,1,0
2022-03-13,10.000000000000002,0.243080410403245,5,1,1,1,0
2022-03-14,10.000000000000002,0.243080410403245,10,1,1,1,0
2022-03-15,7.045666356011184,0.34500698460672213,9,1,1,1,0
2022-03-16,6.614173228346457,0.36751443001442996,8,1,1,1,0
2022-03-17,9.523809523809526,0.25523443092340725,10,1,1,1,0
2022-03-18,10.000000000000002,0.243080410403245,10,1,1,1,0
2022-03-19,,,1,1,0,1,0
2022-03-20,10.000000000000002,0.243080410403245,10,1,1,1,0
2022-03-21,10.000000000000002,0.243080410403245,10,1,1,1,0
2022-03-22,10.000000000000002,0.243080410403245,9,1,1,1,0
2022-03-23,10.000000000000002,0.243080410403245,5,1,1,1,0
2022-03-24,9.487951807228917,0.25619903572659475,10,1,1,1,0
2022-03-25,10.000000000000002,0.243080410403245,9,1,1,1,0
2022-03-26,10.000000000000002,0.243080410403245,7,1,1,1,0
2022-03-27,10.000000000000002,0.243080410403245,10,1,1,1,0
2022-03-28,10.000000000000002,0.243080410403245,10,1,1,1,0
2022-03-29,10.000000000000002,0.243080410403245,10,1,1,1,0
2022-03-30,10.000000000000002,0.243080410403245,9,1,1,1,0
2022-03-31,10.000000000000002,0.243080410403245,10,1,1,1,0
2022-04-01,10.000000000000002,0.243080410403245,7,1,1,1,0
2022-04-02,10.000000000000002,0.243080410403245,10,1,1,1,0
2022-04-03,9.509433962264152,0.25562027284468225,7,1,1,1,0
2022-04-04,,,2,1,0,1,0
2022-04-05,8.65648854961832,0.28080717603902206,9,1,1,1,0
2022-04-06,,,0,0,0,1,0
2022-04-07,10.000000000000002,0.243080410403245,10,1,1,1,0
2022-04-08,10.000000000000002,0.243080410403245,9,1,1,1,0
2022-04-09,10.000000000000002,0.243080410403245,10,1,1,1,0
2022-04-10,10.000000000000002,0.243080410403245,10,1,1,1,0
2022-04-11,10.000000000000002,0.243080410403245,9,1,1,1,0
2022-04-12,10.000000000000002,0.243080410403245,10,1,1,1,0
2022-04-13,10.000000000000002,0.243080410403245,4,1,1,1,0
2022-04-14,10.000000000000002,0.243080410403245,10,1,1,1,0
2022-04-15,10.000000000000002,0.243080410403245,3,1,1,1,0
2022-04-16,10.000000000000002,0.243080410403245,10,1,1,1,0
2022-04-17,10.000000000000002,0.243080410403245,10,1,1,1,0
2022-04-18,10.000000000000002,0.243080410403245,3,1,1,1,0
2022-04-19,10.000000000000002,0.243080410403245,10,1,1,1,0
2022-04-20,10.000000000000002,0.243080410403245,10,1,1,1,0
2022-04-21,9.878048780487807,0.2460814031242727,9,1,1,1,0
2022-04-22,10.000000000000002,0.243080410403245,9,1,1,1,0
2022-04-23,10.000000000000002,0.243080410403245,10,1,1,1,0
2022-04-24,10.000000000000002,0.243080410403245,10,1,1,1,0
2022-04-25,10.000000000000002,0.243080410403245,8,1,1,1,0
2022-04-26,10.000000000000002,0.243080410403245,10,1,1,1,0
2022-04-27,10.000000000000002,0.243080410403245,10,1,1,1,0
2022-04-28,10.000000000000002,0.243080410403245,10,1,1,1,0
2022-04-29,10.000000000000002,0.243080410403245,10,1,1,1,0
2022-04-30,10.000000000000002,0.243080410403245,9,1,1,1,0
2022-05-01,9.509433962264152,0.25562027284468225,7,1,1,1,0
2022-05-02,10.000000000000002,0.243080410403245,10,1,1,1,0
2022-05-03,,,1,1,0,1,0
2022-05-04,9.6514745308311,0.25185831411225107,10,1,1,1,0
2022-05-05,10.000000000000002,0.243080410403245,10,1,1,1,0
2022-05-06,10.000000000000002,0.243080410403245,4,1,1,1,0
2022-05-07,10.000000000000002,0.243080410403245,10,1,1,1,0
2022-05-08,10.000000000000002,0.243080410403245,10,1,1,1,0
2022-05-09,10.000000000000002,0.243080410403245,10,1,1,1,0
2022-05-10,10.000000000000002,0.243080410403245,10,1,1,1,0
2022-05-11,10.000000000000002,0.243080410403245,10,1,1,1,0
2022-05-12,10.000000000000002,0.243080410403245,10,1,1,1,0
2022-05-13,10.000000000000002,0.243080410403245,10,1,1,1,0
2022-05-14,10.000000000000002,0.243080410403245,8,1,1,1,0
2022-05-15,10.000000000000002,0.243080410403245,9,1,1,1,0
2022-05-16,10.000000000000002,0.243080410403245,10,1,1,1,0
2022-05-17,10.000000000000002,0.243080410403245,10,1,1,1,0
2022-05-18,10.000000000000002,0.243080410403245,3,1,1,1,0
2022-05-19,10.000000000000002,0.243080410403245,10,1,1,1,0
2022-05-20,9.890109890109892,0.24578130385216995,10,1,1,1,0
2022-05-21,10.000000000000002,0.243080410403245,7,1,1,1,0
2022-05-22,10.000000000000002,0.243080410403245,10,1,1,1,0
2022-05-23,10.000000000000002,0.243080410403245,10,1,1,1,0
2022-05-24,10.000000000000002,0.243080410403245,10,1,1,1,0
2022-05-25,9.423076923076925,0.2579628845095661,7,1,1,1,0
2022-05-26,10.000000000000002,0.243080410403245,7,1,1,1,0
2022-05-27,10.000000000000002,0.243080410403245,8,1,1,1,0
2022-05-28,10.000000000000002,0.243080410403245,10,1,1,1,0
2022-05-29,10.000000000000002,0.243080410403245,10,1,1,1,0
2022-05-30,10.000000000000002,0.243080410403245,10,1,1,1,0
2022-05-31,10.000000000000002,0.243080410403245,10,1,1,1,0
2022-06-01,10.000000000000002,0.243080410403245,9,1,1,1,0
2022-06-02,10.000000000000002,0.243080410403245,10,1,1,1,0
2022-06-03,10.000000000000002,0.243080410403245,10,1,1,1,0
2022-06-04,10.000000000000002,0.243080410403245,10,1,1,1,0
2022-06-05,10.000000000000002,0.243080410403245,10,1,1,1,0
2022-06-06,10.000000000000002,0.243080410403245,8,1,1,1,0
2022-06-07,9.218106995884774,0.2636988380713774,8,1,1,1,0
2022-06-08,10.000000000000002,0.243080410403245,9,1,1,1,0
2022-06-09,10.000000000000002,0.243080410403245,10,1,1,1,0
2022-06-10,10.000000000000002,0.243080410403245,10,1,1,1,0
2022-06-11,10.000000000000002,0.243080410403245,10,1,1,1,0
2022-06-12,9.756097560975611,0.2491574206633261,10,1,1,1,0
2022-06-13,10.000000000000002,0.243080410403245,10,1,1,1,0
2022-06-14,9.268113276940053,0.26227604598667587,10,1,1,1,0
2022-06-15,8.737864077669904,0.2781920252392693,10,1,1,1,0
2022-06-16,9.411764705882353,0.2582729360534478,8,1,1,1,0
2022-06-17,10.000000000000002,0.243080410403245,10,1,1,1,0
2022-06-18,10.000000000000002,0.243080410403245,10,1,1,1,0
2022-06-19,10.000000000000002,0.243080410403245,10,1,1,1,0
2022-06-20,10.000000000000002,0.243080410403245,10,1,1,1,0
2022-06-21,10.000000000000002,0.243080410403245,10,1,1,1,0
2022-06-22,10.000000000000002,0.243080410403245,10,1,1,1,0
2022-06-23,10.000000000000002,0.243080410403245,10,1,1,1,0
2022-06-24,10.000000000000002,0.243080410403245,10,1,1,1,0
2022-06-25,9.890109890109892,0.24578130385216995,10,1,1,1,0
2022-06-26,7.446808510638298,0.32642226539864333,10,1,1,1,1
2022-06-27,10.000000000000002,0.243080410403245,10,1,1,1,0
2022-06-28,10.000000000000002,0.243080410403245,10,1,1,1,0
2022-06-29,10.000000000000002,0.243080410403245,10,1,1,1,0
2022-06-30,10.000000000000002,0.243080410403245,10,1,1,1,0
2022-07-01,10.000000000000002,0.243080410403245,7,1,1,1,0
2022-07-02,10.000000000000002,0.243080410403245,10,1,1,1,0
2022-07-03,10.000000000000002,0.243080410403245,10,1,1,1,0
2022-07-04,10.000000000000002,0.243080410403245,10,1,1,1,0
2022-07-05,10.000000000000002,0.243080410403245,9,1,1,1,0
2022-07-06,8.47343644922663,0.28687346846795664,5,1,1,1,0
2022-07-07,10.000000000000002,0.243080410403245,10,1,1,1,0
2022-07-08,10.000000000000002,0.243080410403245,7,1,1,1,0
2022-07-09,10.000000000000002,0.243080410403245,10,1,1,1,0
2022-07-10,10.000000000000002,0.243080410403245,10,1,1,1,0
2022-07-11,10.000000000000002,0.243080410403245,10,1,1,1,0
2022-07-12,10.000000000000002,0.243080410403245,10,1,1,1,0
2022-07-13,10.000000000000002,0.243080410403245,7,1,1,1,0
2022-07-14,,,0,0,0,1,0
2022-07-15,10.000000000000002,0.243080410403245,10,1,1,1,0
2022-07-16,9.878048780487807,0.2460814031242727,9,1,1,1,0
2022-07-17,9.325657894736844,0.2606576534835502,9,1,1,1,0
2022-07-18,9.756097560975611,0.2491574206633261,10,1,1,1,0
2022-07-19,10.000000000000002,0.243080410403245,10,1,1,1,0
2022-07-20,8.78048780487805,0.27684157851480684,9,1,1,1,0
2022-07-21,10.000000000000002,0.243080410403245,10,1,1,1,0
2022-07-22,10.000000000000002,0.243080410403245,10,1,1,1,0
2022-07-23,10.000000000000002,0.243080410403245,10,1,1,1,0
2022-07-24,10.000000000000002,0.243080410403245,10,1,1,1,0
2022-07-25,10.000000000000002,0.243080410403245,10,1,1,1,0
2022-07-26,10.000000000000002,0.243080410403245,10,1,1,1,0
2022-07-27,9.411764705882353,0.2582729360534478,4,1,1,1,0
2022-07-28,10.000000000000002,0.243080410403245,10,1,1,1,0
2022-07-29,10.000000000000002,0.243080410403245,10,1,1,1,0
2022-07-30,10.000000000000002,0.243080410403245,10,1,1,1,0
2022-07-31,10.000000000000002,0.243080410403245,10,1,1,1,0
2022-08-01,8.47058823529412,0.28696992894827533,8,1,1,1,0
2022-08-02,10.000000000000002,0.243080410403245,10,1,1,1,0
2022-08-03,10.000000000000002,0.243080410403245,8,1,1,1,0
2022-08-04,10.000000000000002,0.243080410403245,7,1,1,1,0
2022-08-05,7.336244541484716,0.33134174989489945,6,1,1,1,0
2022-08-06,10.000000000000002,0.243080410403245,9,1,1,1,0
2022-08-07,9.298892988929891,0.2614079016638071,9,1,1,1,0
2022-08-08,10.000000000000002,0.243080410403245,7,1,1,1,0
2022-08-09,10.000000000000002,0.243080410403245,10,1,1,1,0
2022-08-10,10.000000000000002,0.243080410403245,10,1,1,1,0
2022-08-11,10.000000000000002,0.243080410403245,10,1,1,1,0
2022-08-12,10.000000000000002,0.243080410403245,10,1,1,1,0
2022-08-13,10.000000000000002,0.243080410403245,9,1,1,1,0
2022-08-14,10.000000000000002,0.243080410403245,10,1,1,1,0
2022-08-15,10.000000000000002,0.243080410403245,10,1,1,1,0
2022-08-16,10.000000000000002,0.243080410403245,10,1,1,1,0
2022-08-17,10.000000000000002,0.243080410403245,7,1,1,1,0
2022-08-18,10.000000000000002,0.243080410403245,10,1,1,1,0
2022-08-19,10.000000000000002,0.243080410403245,10,1,1,1,0
2022-08-20,10.000000000000002,0.243080410403245,9,1,1,1,0
2022-08-21,10.000000000000002,0.243080410403245,7,1,1,1,0
2022-08-22,10.000000000000002,0.243080410403245,10,1,1,1,0
2022-08-23,10.000000000000002,0.243080410403245,10,1,1,1,0
2022-08-24,10.000000000000002,0.243080410403245,10,1,1,1,0
2022-08-25,10.000000000000002,0.243080410403245,10,1,1,1,0
2022-08-26,9.589041095890414,0.25349814227766976,10,1,1,1,0
2022-08-27,10.000000000000002,0.243080410403245,10,1,1,1,0
2022-08-28,9.756097560975611,0.2491574206633261,10,1,1,1,0
2022-08-29,10.000000000000002,0.243080410403245,6,1,1,1,0
2022-08-30,10.000000000000002,0.243080410403245,10,1,1,1,0
2022-08-31,,,0,0,0,1,0
2022-09-01,,,0,0,0,1,0
2022-09-02,9.642857142857146,0.2520833885663281,3,1,1,1,0
2022-09-03,10.000000000000002,0.243080410403245,4,1,1,1,0
2022-09-04,7.475280158206988,0.3251789969856461,9,1,1,1,0
2022-09-05,9.32565789473684,0.26065765348355024,9,1,1,1,0
2022-09-06,,,2,1,0,1,0
2022-09-07,,,1,1,0,1,0
2022-09-08,9.589041095890414,0.25349814227766976,10,1,1,1,0
2022-09-09,10.000000000000002,0.243080410403245,10,1,1,1,0
2022-09-10,9.890109890109892,0.24578130385216995,10,1,1,1,0
2022-09-11,9.368029739776953,0.2594786920574322,7,1,1,1,0
2022-09-12,9.878048780487807,0.2460814031242727,9,1,1,1,0
2022-09-13,10.000000000000002,0.243080410403245,10,1,1,1,0
2022-09-14,10.000000000000002,0.243080410403245,8,1,1,1,0
2022-09-15,10.000000000000002,0.243080410403245,10,1,1,1,0
2022-09-16,9.863013698630139,0.24645652721440117,8,1,1,1,0
2022-09-17,9.863013698630139,0.24645652721440117,8,1,1,1,0
2022-09-18,10.000000000000002,0.243080410403245,10,1,1,1,0
2022-09-19,10.000000000000002,0.243080410403245,10,1,1,1,0
2022-09-20,10.000000000000002,0.243080410403245,10,1,1,1,0
2022-09-21,10.000000000000002,0.243080410403245,10,1,1,1,0
2022-09-22,10.000000000000002,0.243080410403245,10,1,1,1,0
2022-09-23,10.000000000000002,0.243080410403245,10,1,1,1,0
2022-09-24,10.000000000000002,0.243080410403245,9,1,1,1,0
2022-09-25,10.000000000000002,0.243080410403245,6,1,1,1,0
2022-09-26,10.000000000000002,0.243080410403245,9,1,1,1,0
2022-09-27,10.000000000000002,0.243080410403245,10,1,1,1,0
2022-09-28,10.000000000000002,0.243080410403245,10,1,1,1,0
2022-09-29,10.000000000000002,0.243080410403245,10,1,1,1,0
2022-09-30,9.890109890109892,0.24578130385216995,10,1,1,1,0
2022-10-01,10.000000000000002,0.243080410403245,10,1,1,1,0
2022-10-02,,,0,0,0,1,0
2022-10-03,10.000000000000002,0.243080410403245,10,1,1,1,0
2022-10-04,10.000000000000002,0.243080410403245,9,1,1,1,0
2022-10-05,10.000000000000002,0.243080410403245,10,1,1,1,0
2022-10-06,9.137055837563452,0.26603800471910705,10,1,1,1,0
2022-10-07,10.000000000000002,0.243080410403245,10,1,1,1,0
2022-10-08,10.000000000000002,0.243080410403245,9,1,1,1,0
2022-10-09,10.000000000000002,0.243080410403245,10,1,1,1,0
2022-10-10,9.890109890109892,0.24578130385216995,10,1,1,1,0
2022-10-11,9.756097560975611,0.2491574206633261,10,1,1,1,0
2022-10-12,10.000000000000002,0.243080410403245,9,1,1,1,0
2022-10-13,10.000000000000002,0.243080410403245,10,1,1,1,0
2022-10-14,10.000000000000002,0.243080410403245,10,1,1,1,0
2022-10-15,10.000000000000002,0.243080410403245,10,1,1,1,0
2022-10-16,10.000000000000002,0.243080410403245,10,1,1,1,0
2022-10-17,10.000000000000002,0.243080410403245,5,1,1,1,0
2022-10-18,9.782608695652176,0.2484821973010949,5,1,1,1,0
2022-10-19,10.000000000000002,0.243080410403245,8,1,1,1,0
2022-10-20,10.000000000000002,0.243080410403245,8,1,1,1,0
2022-10-21,9.756097560975611,0.2491574206633261,10,1,1,1,0
2022-10-22,10.000000000000002,0.243080410403245,10,1,1,1,0
2022-10-23,9.729729729729732,0.24983264402555733,9,1,1,1,0
2022-10-24,9.589041095890414,0.25349814227766976,10,1,1,1,0
2022-10-25,9.523809523809526,0.25523443092340725,10,1,1,1,0
2022-10-26,9.116279069767442,0.2666443277382535,7,1,1,1,0
2022-10-27,10.000000000000002,0.243080410403245,9,1,1,1,0
2022-10-28,9.729729729729732,0.24983264402555733,9,1,1,1,0
2022-10-29,10.000000000000002,0.243080410403245,5,1,1,1,0
2022-10-30,9.07563025210084,0.2678386003517237,6,1,1,1,0
2022-10-31,9.642857142857142,0.25208338856632817,3,1,1,1,0
2022-11-01,8.484848484848484,0.28648762654668164,7,1,1,1,0
2022-11-02,8.289473684210527,0.29323986016899395,9,1,1,1,0
2022-11-03,6.164383561643837,0.39433044354304186,5,1,1,1,0
2022-11-04,9.890109890109892,0.24578130385216995,10,1,1,1,0
2022-11-05,10.000000000000002,0.243080410403245,9,1,1,1,0
2022-11-06,10.000000000000002,0.243080410403245,10,1,1,1,0
2022-11-07,10.000000000000002,0.243080410403245,10,1,1,1,0
2022-11-08,10.000000000000002,0.243080410403245,10,1,1,1,0
2022-11-09,9.890109890109892,0.24578130385216995,10,1,1,1,0
2022-11-10,10.000000000000002,0.243080410403245,10,1,1,1,0
2022-11-11,10.000000000000002,0.243080410403245,10,1,1,1,0
2022-11-12,10.000000000000002,0.243080410403245,4,1,1,1,0
2022-11-13,10.000000000000002,0.243080410403245,10,1,1,1,0
2022-11-14,10.000000000000002,0.243080410403245,10,1,1,1,0
2022-11-15,9.174757281553397,0.26494478594216125,6,1,1,1,0
2022-11-16,8.750000000000002,0.2778061833179943,10,1,1,1,0
2022-11-17,9.696969696969697,0.2506766732283464,8,1,1,1,0
2022-11-18,9.23076923076923,0.2633371112701821,4,1,1,1,0
2022-11-19,9.759036144578314,0.24908239584530042,9,1,1,1,0
2022-11-20,10.000000000000002,0.243080410403245,9,1,1,1,0
2022-11-21,10.000000000000002,0.243080410403245,10,1,1,1,0
2022-11-22,9.878048780487807,0.2460814031242727,9,1,1,1,0
2022-11-23,9.19335224969599,0.26440889438483484,9,1,1,1,0
2022-11-24,8.396501457725948,0.2895020165566425,8,1,1,1,0
2022-11-25,10.000000000000002,0.243080410403245,10,1,1,1,0
2022-11-26,9.729729729729732,0.24983264402555733,9,1,1,1,0
2022-11-27,,,0,0,0,1,0
2022-11-28,10.000000000000002,0.243080410403245,10,1,1,1,0
2022-11-29,7.433628318584072,0.32700102828055577,8,1,1,1,0
2022-11-30,10.000000000000002,0.243080410403245,10,1,1,1,0
2022-12-01,10.000000000000002,0.243080410403245,10,1,1,1,0
2022-12-02,10.000000000000002,0.243080410403245,10,1,1,1,0
2022-12-03,10.000000000000002,0.243080410403245,10,1,1,1,0
2022-12-04,10.000000000000002,0.243080410403245,10,1,1,1,0
2022-12-05,10.000000000000002,0.243080410403245,10,1,1,1,0
2022-12-06,10.000000000000002,0.243080410403245,10,1,1,1,0
2022-12-07,5.534407027818448,0.43921672038469933,9,1,1,1,0
2022-12-08,9.32642487046632,0.2606362178212572,10,1,1,1,0
2022-12-09,9.890109890109892,0.24578130385216995,10,1,1,1,0
2022-12-10,10.000000000000002,0.243080410403245,10,1,1,1,0
2022-12-11,7.668898356664639,0.316969138327406,10,1,1,1,0
2022-12-12,10.000000000000002,0.243080410403245,10,1,1,1,0
2022-12-13,9.890109890109892,0.24578130385216995,10,1,1,1,0
2022-12-14,9.890109890109892,0.24578130385216995,10,1,1,1,0
2022-12-15,10.000000000000002,0.243080410403245,8,1,1,1,0
2022-12-16,8.986245542536933,0.2705027469510034,7,1,1,1,0
2022-12-17,10.000000000000002,0.243080410403245,4,1,1,1,0
2022-12-18,9.6514745308311,0.25185831411225107,10,1,1,1,0
2022-12-19,10.000000000000002,0.243080410403245,10,1,1,1,0
2022-12-20,8.325074331020813,0.29198587392485026,10,1,1,1,0
2022-12-21,7.9245283018867925,0.30674432741361873,10,1,1,1,0
2022-12-22,8.152408339324227,0.29817006249639666,9,1,1,1,0
2022-12-23,4.285714285714286,0.5671876242742384,3,1,1,1,0
2022-12-24,2.9032258064516134,0.8372769691667328,6,1,1,1,0
2022-12-25,8.737864077669904,0.2781920252392693,5,1,1,1,0
2022-12-26,10.000000000000002,0.243080410403245,8,1,1,1,0
2022-12-27,6.536964980544746,0.3718551516287737,10,1,1,1,0
2022-12-28,8.644939965694684,0.28118230012915046,10,1,1,1,0
2022-12-29,10.000000000000002,0.243080410403245,10,1,1,1,0
2022-12-30,8.23529411764706,0.29516906977536894,4,1,1,1,0
2022-12-31,5.88785046728972,0.4128508557642416,3,1,1,1,0
2023-01-01,8.181818181818182,0.29709827938174393,5,1,1,1,0
2023-01-02,5.000000000000001,0.48616082080649,4,1,1,1,0
2023-01-03,,,0,0,0,1,0
2023-01-04,7.466666666666665,0.32555412107577464,4,1,1,1,0
2023-01-05,8.65979381443299,0.28069999772755677,6,1,1,1,0
2023-01-06,,,1,1,0,1,0
2023-01-07,10.000000000000002,0.243080410403245,9,1,1,1,0
2023-01-08,10.000000000000002,0.243080410403245,10,1,1,1,0
2023-01-09,8.297662166611788,0.29295047872803776,10,1,1,1,0
2023-01-10,5.7026476578411405,0.4262588625285475,10,1,1,1,0
2023-01-11,6.140724946695096,0.3958496961080622,8,1,1,1,0
2023-01-12,4.399612027158099,0.5525041956034956,9,1,1,1,0
2023-01-13,9.756097560975611,0.2491574206633261,10,1,1,1,0
2023-01-14,10.000000000000002,0.243080410403245,10,1,1,1,0
2023-01-15,10.000000000000002,0.243080410403245,10,1,1,1,0
2023-01-16,9.696969696969697,0.2506766732283464,8,1,1,1,0
2023-01-17,9.137055837563452,0.26603800471910705,5,1,1,1,0
2023-01-18,10.000000000000002,0.243080410403245,10,1,1,1,0
2023-01-19,10.000000000000002,0.243080410403245,5,1,1,1,0
2023-01-20,10.000000000000002,0.243080410403245,9,1,1,1,0
2023-01-21,10.000000000000002,0.243080410403245,10,1,1,1,0
2023-01-22,,,0,0,0,1,0
2023-01-23,9.0,0.2700893448924945,8,1,1,1,0
2023-01-24,8.415584415584417,0.28884554939891766,9,1,1,1,0
2023-01-25,,,0,0,0,1,0
2023-01-26,6.666666666666667,0.3646206156048675,3,1,1,1,0
2023-01-27,9.509433962264152,0.25562027284468225,7,1,1,1,0
2023-01-28,8.737864077669904,0.2781920252392693,10,1,1,1,0
2023-01-29,9.843750000000002,0.24693882961599492,7,1,1,1,0
2023-01-30,9.655172413793105,0.2517618536319323,7,1,1,1,0
2023-01-31,10.000000000000002,0.243080410403245,10,1,1,1,0
2023-02-01,9.268113276940053,0.26227604598667587,10,1,1,1,0
2023-02-02,9.756097560975611,0.2491574206633261,10,1,1,1,0
2023-02-03,10.000000000000002,0.243080410403245,10,1,1,1,0
2023-02-04,10.000000000000002,0.243080410403245,10,1,1,1,0
2023-02-05,10.000000000000002,0.243080410403245,10,1,1,1,0
2023-02-06,10.000000000000002,0.243080410403245,10,1,1,1,0
2023-02-07,9.32642487046632,0.2606362178212572,10,1,1,1,0
2023-02-08,7.187165775401069,0.3382145591176103,8,1,1,1,0
2023-02-09,9.23076923076923,0.2633371112701821,3,1,1,1,0
2023-02-10,10.000000000000002,0.243080410403245,10,1,1,1,0
2023-02-11,10.000000000000002,0.243080410403245,10,1,1,1,0
2023-02-12,9.890109890109892,0.24578130385216995,10,1,1,1,0
2023-02-13,10.000000000000002,0.243080410403245,10,1,1,1,0
2023-02-14,10.000000000000002,0.243080410403245,9,1,1,1,0
2023-02-15,10.000000000000002,0.243080410403245,10,1,1,1,0
2023-02-16,7.788461538461539,0.31210324298688247,9,1,1,1,0
2023-02-17,9.878048780487807,0.2460814031242727,9,1,1,1,0
2023-02-18,10.000000000000002,0.243080410403245,10,1,1,1,0
2023-02-19,10.000000000000002,0.243080410403245,10,1,1,1,0
2023-02-20,10.000000000000002,0.243080410403245,10,1,1,1,0
2023-02-21,10.000000000000002,0.243080410403245,10,1,1,1,0
2023-02-22,,,1,1,0,1,0
2023-02-23,,,1,1,0,1,0
2023-02-24,10.000000000000002,0.243080410403245,10,1,1,1,0
2023-02-25,9.890109890109892,0.24578130385216995,10,1,1,1,0
2023-02-26,9.012875536480687,0.2697035029712195,10,1,1,1,0
2023-02-27,,,2,1,0,1,0
2023-02-28,10.000000000000002,0.243080410403245,10,1,1,1,0
2023-03-01,9.523809523809526,0.25523443092340725,10,1,1,1,0
2023-03-02,7.5127768313458265,0.3235560111263148,7,1,1,1,0
2023-03-03,6.189111747851003,0.3927549223645024,6,1,1,1,0
2023-03-04,10.000000000000002,0.243080410403245,10,1,1,1,0
2023-03-05,9.6514745308311,0.25185831411225107,10,1,1,1,0
2023-03-06,9.782608695652176,0.2484821973010949,5,1,1,1,0
2023-03-07,10.000000000000002,0.243080410403245,10,1,1,1,0
2023-03-08,10.000000000000002,0.243080410403245,10,1,1,1,0
2023-03-09,10.000000000000002,0.243080410403245,10,1,1,1,0
2023-03-10,,,2,1,0,1,0
2023-03-11,10.000000000000002,0.243080410403245,10,1,1,1,0
2023-03-12,9.843750000000002,0.24693882961599492,7,1,1,1,0
2023-03-13,,,0,0,0,1,0
2023-03-14,10.000000000000002,0.243080410403245,10,1,1,1,0
2023-03-15,10.000000000000002,0.243080410403245,10,1,1,1,0
2023-03-16,10.000000000000002,0.243080410403245,10,1,1,1,0
2023-03-17,9.655172413793105,0.2517618536319323,7,1,1,1,0
2023-03-18,,,2,1,0,1,0
2023-03-19,10.000000000000002,0.243080410403245,10,1,1,1,0
2023-03-20,10.000000000000002,0.243080410403245,10,1,1,1,0
2023-03-21,10.000000000000002,0.243080410403245,10,1,1,1,0
2023-03-22,5.664739884393064,0.4291113367322591,7,1,1,1,0
2023-03-23,7.853525516166731,0.30951756622278276,8,1,1,1,0
2023-03-24,10.000000000000002,0.243080410403245,10,1,1,1,0
2023-03-25,,,2,1,0,1,0
2023-03-26,10.000000000000002,0.243080410403245,10,1,1,1,0
2023-03-27,10.000000000000002,0.243080410403245,7,1,1,1,0
2023-03-28,10.000000000000002,0.243080410403245,10,1,1,1,0
2023-03-29,10.000000000000002,0.243080410403245,7,1,1,1,0
2023-03-30,10.000000000000002,0.243080410403245,10,1,1,1,0
2023-03-31,8.600682593856655,0.2826292073339317,4,1,1,1,0
2023-04-01,10.000000000000002,0.243080410403245,8,1,1,1,0
2023-04-02,10.000000000000002,0.243080410403245,10,1,1,1,0
2023-04-03,10.000000000000002,0.243080410403245,9,1,1,1,0
2023-04-04,9.6,0.25320876083671356,6,1,1,1,0
2023-04-05,10.000000000000002,0.243080410403245,7,1,1,1,0
2023-04-06,10.000000000000002,0.243080410403245,10,1,1,1,0
2023-04-07,10.000000000000002,0.243080410403245,10,1,1,1,0
2023-04-08,10.000000000000002,0.243080410403245,10,1,1,1,0
2023-04-09,10.000000000000002,0.243080410403245,10,1,1,1,0
2023-04-10,10.000000000000002,0.243080410403245,7,1,1,1,0
2023-04-11,10.000000000000002,0.243080410403245,10,1,1,1,0
2023-04-12,10.000000000000002,0.243080410403245,10,1,1,1,0
2023-04-13,10.000000000000002,0.243080410403245,10,1,1,1,0
2023-04-14,10.000000000000002,0.243080410403245,10,1,1,1,0
2023-04-15,9.32642487046632,0.2606362178212572,10,1,1,1,0
2023-04-16,10.000000000000002,0.243080410403245,8,1,1,1,0
2023-04-17,8.78048780487805,0.27684157851480684,5,1,1,1,0
2023-04-18,10.000000000000002,0.243080410403245,10,1,1,1,0
2023-04-19,10.000000000000002,0.243080410403245,10,1,1,1,0
2023-04-20,10.000000000000002,0.243080410403245,9,1,1,1,0
2023-04-21,10.000000000000002,0.243080410403245,5,1,1,1,0
2023-04-22,9.28421052631579,0.26182130372231605,7,1,1,1,0
2023-04-23,10.000000000000002,0.243080410403245,10,1,1,1,0
2023-04-24,9.878048780487807,0.2460814031242727,9,1,1,1,0
2023-04-25,8.636052090472926,0.2814716815701067,5,1,1,1,0
2023-04-26,10.000000000000002,0.243080410403245,10,1,1,1,0
2023-04-27,9.375,0.2592857710967947,10,1,1,1,0
2023-04-28,,,0,0,0,1,0
2023-04-29,9.890109890109892,0.24578130385216995,10,1,1,1,0
2023-04-30,10.000000000000002,0.243080410403245,8,1,1,1,0
2023-05-01,10.000000000000002,0.243080410403245,8,1,1,1,0
2023-05-02,10.000000000000002,0.243080410403245,7,1,1,1,0
2023-05-03,10.000000000000002,0.243080410403245,9,1,1,1,0
2023-05-04,10.000000000000002,0.243080410403245,10,1,1,1,0
2023-05-05,10.000000000000002,0.243080410403245,10,1,1,1,0
2023-05-06,10.000000000000002,0.243080410403245,10,1,1,1,0
2023-05-07,10.000000000000002,0.243080410403245,8,1,1,1,0
2023-05-08,10.000000000000002,0.243080410403245,10,1,1,1,0
2023-05-09,10.000000000000002,0.243080410403245,6,1,1,1,0
2023-05-10,10.000000000000002,0.243080410403245,10,1,1,1,0
2023-05-11,10.000000000000002,0.243080410403245,10,1,1,1,0
2023-05-12,10.000000000000002,0.243080410403245,10,1,1,1,0
2023-05-13,10.000000000000002,0.243080410403245,10,1,1,1,0
2023-05-14,10.000000000000002,0.243080410403245,10,1,1,1,0
2023-05-15,10.000000000000002,0.243080410403245,10,1,1,1,0
2023-05-16,10.000000000000002,0.243080410403245,7,1,1,1,0
2023-05-17,10.000000000000002,0.243080410403245,10,1,1,1,0
2023-05-18,10.000000000000002,0.243080410403245,8,1,1,1,0
2023-05-19,9.56810631229236,0.2540527900395026,8,1,1,1,0
2023-05-20,10.000000000000002,0.243080410403245,10,1,1,1,0
2023-05-21,10.000000000000002,0.243080410403245,10,1,1,1,0
2023-05-22,9.487951807228917,0.25619903572659475,10,1,1,1,0
2023-05-23,10.000000000000002,0.243080410403245,10,1,1,1,0
2023-05-24,9.843750000000002,0.24693882961599492,7,1,1,1,0
2023-05-25,10.000000000000002,0.243080410403245,10,1,1,1,0
2023-05-26,10.000000000000002,0.243080410403245,10,1,1,1,0
2023-05-27,10.000000000000002,0.243080410403245,10,1,1,1,0
2023-05-28,10.000000000000002,0.243080410403245,10,1,1,1,0
2023-05-29,10.000000000000002,0.243080410403245,10,1,1,1,0
2023-05-30,10.000000000000002,0.243080410403245,10,1,1,1,0
2023-05-31,10.000000000000002,0.243080410403245,10,1,1,1,0
2023-06-01,10.000000000000002,0.243080410403245,10,1,1,1,0
2023-06-02,10.000000000000002,0.243080410403245,10,1,1,1,0
2023-06-03,9.388971684053653,0.2588999291755197,10,1,1,1,0
2023-06-04,10.000000000000002,0.243080410403245,10,1,1,1,0
2023-06-05,6.278026905829597,0.38719236799945456,10,1,1,1,0
2023-06-06,6.718208477739269,0.36182326167562384,10,1,1,1,0
2023-06-07,7.012987012987012,0.3466146592787013,9,1,1,1,0
2023-06-08,7.181533200341978,0.3384798254384868,10,1,1,1,0
2023-06-09,7.7514610888957245,0.3135930215162498,10,1,1,1,0
2023-06-10,9.890109890109892,0.24578130385216995,10,1,1,1,0
2023-06-11,9.113924050632912,0.2667132280813383,6,1,1,1,0
2023-06-12,9.756097560975611,0.2491574206633261,10,1,1,1,0
2023-06-13,9.509433962264152,0.25562027284468225,7,1,1,1,0
2023-06-14,9.756097560975611,0.2491574206633261,10,1,1,1,0
2023-06-15,10.000000000000002,0.243080410403245,8,1,1,1,0
2023-06-16,5.868653935724267,0.414201302488704,10,1,1,1,0
2023-06-17,6.728971962616822,0.36124449879371134,10,1,1,1,0
2023-06-18,9.32642487046632,0.2606362178212572,10,1,1,1,0
2023-06-19,8.450704225352112,0.28764515231050664,10,1,1,1,0
2023-06-20,9.782608695652176,0.2484821973010949,10,1,1,1,0
2023-06-21,8.633093525179856,0.2815681420504255,10,1,1,1,0
2023-06-22,10.000000000000002,0.243080410403245,10,1,1,1,0
2023-06-23,,,2,1,0,1,0
2023-06-24,9.075630252100842,0.26783860035172363,9,1,1,1,0
2023-06-25,10.000000000000002,0.243080410403245,10,1,1,1,0
2023-06-26,9.411764705882353,0.2582729360534478,4,1,1,1,0
2023-06-27,1.7451523545706369,1.3928893358027217,6,1,1,1,0
2023-06-28,1.440548780487805,1.6874153357092987,9,1,1,1,0
2023-06-29,1.3418530351437696,1.8115278203860883,10,1,1,1,0
2023-06-30,4.385150812064966,0.5543262268984053,9,1,1,1,0
2023-07-01,6.0323159784560145,0.40296365653156985,8,1,1,1,0
2023-07-02,10.000000000000002,0.243080410403245,4,1,1,1,0
2023-07-03,9.218106995884774,0.2636988380713774,8,1,1,1,0
2023-07-04,9.589041095890414,0.25349814227766976,10,1,1,1,0
2023-07-05,9.756097560975611,0.2491574206633261,10,1,1,1,0
2023-07-06,9.424083769633507,0.25793532437233224,10,1,1,1,0
2023-07-07,10.000000000000002,0.243080410403245,10,1,1,1,0
2023-07-08,9.278350515463918,0.2619866645457196,10,1,1,1,0
2023-07-09,10.000000000000002,0.243080410403245,10,1,1,1,0
2023-07-10,10.000000000000002,0.243080410403245,10,1,1,1,0
2023-07-11,10.000000000000002,0.243080410403245,9,1,1,1,0
2023-07-12,10.000000000000002,0.243080410403245,8,1,1,1,0
2023-07-13,10.000000000000002,0.243080410403245,10,1,1,1,0
2023-07-14,10.000000000000002,0.243080410403245,8,1,1,1,0
2023-07-15,10.000000000000002,0.243080410403245,3,1,1,1,0
2023-07-16,4.302176696542894,0.5650172634670665,8,1,1,1,0
2023-07-17,6.378132118451025,0.38111535773937344,10,1,1,1,0
2023-07-18,10.000000000000002,0.243080410403245,10,1,1,1,0
2023-07-19,10.000000000000002,0.243080410403245,10,1,1,1,0
2023-07-20,9.6,0.25320876083671356,8,1,1,1,0
2023-07-21,10.000000000000002,0.243080410403245,10,1,1,1,0
2023-07-22,10.000000000000002,0.243080410403245,10,1,1,1,0
2023-07-23,10.000000000000002,0.243080410403245,8,1,1,1,0
2023-07-24,9.473684210526315,0.25658487764786975,10,1,1,1,0
2023-07-25,4.855491329479769,0.5006298928543023,10,1,1,1,0
2023-07-26,6.58307210031348,0.36925071866016745,5,1,1,1,0
2023-07-27,9.574468085106384,0.25388398419894476,10,1,1,1,0
2023-07-28,8.181818181818183,0.2970982793817439,8,1,1,1,0
2023-07-29,10.000000000000002,0.243080410403245,8,1,1,1,0
2023-07-30,10.000000000000002,0.243080410403245,10,1,1,1,0
2023-07-31,10.000000000000002,0.243080410403245,10,1,1,1,0
2023-08-01,9.756097560975611,0.2491574206633261,10,1,1,1,0
2023-08-02,9.473684210526315,0.25658487764786975,8,1,1,1,0
2023-08-03,8.542372881355933,0.2845584169403067,10,1,1,1,0
2023-08-04,7.293777134587554,0.33327095950127444,10,1,1,1,0
2023-08-05,6.461538461538462,0.3761958732431173,10,1,1,1,0
2023-08-06,,,1,1,0,1,0
2023-08-07,9.434276206322796,0.2576566607625225,9,1,1,1,0
2023-08-08,10.000000000000002,0.243080410403245,9,1,1,1,0
2023-08-09,9.310344827586206,0.2610863667294113,9,1,1,1,0
2023-08-10,7.5124213315667445,0.323571322313667,9,1,1,1,0
2023-08-11,9.6,0.25320876083671356,8,1,1,1,0
2023-08-12,10.000000000000002,0.243080410403245,9,1,1,1,0
2023-08-13,10.000000000000002,0.243080410403245,10,1,1,1,0
2023-08-14,10.000000000000002,0.243080410403245,10,1,1,1,0
2023-08-15,8.571428571428571,0.2835938121371192,3,1,1,1,0
2023-08-16,10.000000000000002,0.243080410403245,10,1,1,1,0
2023-08-17,9.07563025210084,0.2678386003517237,6,1,1,1,0
2023-08-18,9.6514745308311,0.25185831411225107,10,1,1,1,0
2023-08-19,9.204545454545455,0.26408735945043904,9,1,1,1,0
2023-08-20,8.728784205057153,0.27848140668022553,10,1,1,1,0
2023-08-21,8.136906683887634,0.2987381075471626,10,1,1,1,0
2023-08-22,10.000000000000002,0.243080410403245,10,1,1,1,0
2023-08-23,10.000000000000002,0.243080410403245,10,1,1,1,0
2023-08-24,10.000000000000002,0.243080410403245,10,1,1,1,0
2023-08-25,9.843750000000002,0.24693882961599492,7,1,1,1,0
2023-08-26,9.442622950819672,0.2574289068506588,8,1,1,1,0
2023-08-27,10.000000000000002,0.243080410403245,10,1,1,1,0
2023-08-28,10.000000000000002,0.243080410403245,10,1,1,1,0
2023-08-29,9.878048780487807,0.2460814031242727,9,1,1,1,0
2023-08-30,10.000000000000002,0.243080410403245,10,1,1,1,0
2023-08-31,10.000000000000002,0.243080410403245,10,1,1,1,0
2023-09-01,10.000000000000002,0.243080410403245,10,1,1,1,0
2023-09-02,10.000000000000002,0.243080410403245,9,1,1,1,0
2023-09-03,9.878048780487807,0.2460814031242727,9,1,1,1,0
2023-09-04,,,2,1,0,1,0
2023-09-05,10.000000000000002,0.243080410403245,9,1,1,1,0
2023-09-06,10.000000000000002,0.243080410403245,6,1,1,1,0
2023-09-07,8.325991189427311,0.2919537204314107,6,1,1,1,0
2023-09-08,10.000000000000002,0.243080410403245,10,1,1,1,0
2023-09-09,10.000000000000002,0.243080410403245,10,1,1,1,0
2023-09-10,10.000000000000002,0.243080410403245,10,1,1,1,0
2023-09-11,8.784313725490197,0.2767210029144084,8,1,1,1,0
2023-09-12,10.000000000000002,0.243080410403245,9,1,1,1,0
2023-09-13,10.000000000000002,0.243080410403245,5,1,1,1,0
2023-09-14,10.000000000000002,0.243080410403245,8,1,1,1,0
2023-09-15,10.000000000000002,0.243080410403245,9,1,1,1,0
2023-09-16,10.000000000000002,0.243080410403245,9,1,1,1,0
2023-09-17,10.000000000000002,0.243080410403245,10,1,1,1,0
2023-09-18,10.000000000000002,0.243080410403245,10,1,1,1,0
2023-09-19,10.000000000000002,0.243080410403245,9,1,1,1,0
2023-09-20,10.000000000000002,0.243080410403245,10,1,1,1,0
2023-09-21,10.000000000000002,0.243080410403245,9,1,1,1,0
2023-09-22,9.890109890109892,0.24578130385216995,10,1,1,1,0
2023-09-23,10.000000000000002,0.243080410403245,9,1,1,1,0
2023-09-24,10.000000000000002,0.243080410403245,10,1,1,1,0
2023-09-25,9.178470254957507,0.26483760763069597,9,1,1,1,0
2023-09-26,8.634361233480178,0.28152680184457457,7,1,1,1,0
2023-09-27,9.692307692307695,0.2507972488287448,7,1,1,1,0
2023-09-28,,,0,0,0,1,0
2023-09-29,9.655172413793105,0.2517618536319323,7,1,1,1,0
2023-09-30,10.000000000000002,0.243080410403245,7,1,1,1,0
2023-10-01,9.878048780487807,0.2460814031242727,9,1,1,1,0
2023-10-02,10.000000000000002,0.243080410403245,8,1,1,1,0
2023-10-03,9.31034482758621,0.26108636672941127,9,1,1,1,0
2023-10-04,10.000000000000002,0.243080410403245,9,1,1,1,0
2023-10-05,9.411764705882353,0.2582729360534478,4,1,1,1,0
2023-10-06,10.000000000000002,0.243080410403245,9,1,1,1,0
2023-10-07,10.000000000000002,0.243080410403245,10,1,1,1,0
2023-10-08,10.000000000000002,0.243080410403245,10,1,1,1,0
2023-10-09,10.000000000000002,0.243080410403245,10,1,1,1,0
2023-10-10,10.000000000000002,0.243080410403245,8,1,1,1,0
2023-10-11,10.000000000000002,0.243080410403245,10,1,1,1,0
2023-10-12,10.000000000000002,0.243080410403245,10,1,1,1,0
2023-10-13,10.000000000000002,0.243080410403245,10,1,1,1,0
2023-10-14,9.72972972972973,0.24983264402555738,4,1,1,1,0
2023-10-15,10.000000000000002,0.243080410403245,10,1,1,1,0
2023-10-16,9.878048780487807,0.2460814031242727,9,1,1,1,0
2023-10-17,10.000000000000002,0.243080410403245,10,1,1,1,0
2023-10-18,9.142857142857144,0.2658691988785492,8,1,1,1,0
2023-10-19,10.000000000000002,0.243080410403245,3,1,1,1,0
2023-10-20,10.000000000000002,0.243080410403245,4,1,1,1,0
2023-10-21,10.000000000000002,0.243080410403245,5,1,1,1,0
2023-10-22,10.000000000000002,0.243080410403245,10,1,1,1,0
2023-10-23,10.000000000000002,0.243080410403245,8,1,1,1,1
2023-10-24,10.000000000000002,0.243080410403245,10,1,1,1,0
2023-10-25,10.000000000000002,0.243080410403245,8,1,1,1,0
2023-10-26,10.000000000000002,0.243080410403245,9,1,1,1,0
2023-10-27,10.000000000000002,0.243080410403245,8,1,1,1,0
2023-10-28,10.000000000000002,0.243080410403245,10,1,1,1,0
2023-10-29,,,2,1,0,1,0
2023-10-30,10.000000000000002,0.243080410403245,7,1,1,1,0
2023-10-31,10.000000000000002,0.243080410403245,9,1,1,1,0
2023-11-01,10.000000000000002,0.243080410403245,10,1,1,1,0
2023-11-02,10.000000000000002,0.243080410403245,10,1,1,1,0
2023-11-03,10.000000000000002,0.243080410403245,10,1,1,1,0
2023-11-04,10.000000000000002,0.243080410403245,10,1,1,1,0
2023-11-05,9.423076923076925,0.2579628845095661,7,1,1,1,0
2023-11-06,9.890109890109892,0.24578130385216995,10,1,1,1,0
2023-11-07,10.000000000000002,0.243080410403245,10,1,1,1,0
2023-11-08,10.000000000000002,0.243080410403245,8,1,1,1,0
2023-11-09,9.890109890109892,0.24578130385216995,10,1,1,1,0
2023-11-10,10.000000000000002,0.243080410403245,10,1,1,1,0
2023-11-11,10.000000000000002,0.243080410403245,10,1,1,1,0
2023-11-12,10.000000000000002,0.243080410403245,10,1,1,1,0
2023-11-13,10.000000000000002,0.243080410403245,10,1,1,1,0
2023-11-14,10.000000000000002,0.243080410403245,10,1,1,1,0
2023-11-15,10.000000000000002,0.243080410403245,10,1,1,1,0
2023-11-16,9.756097560975611,0.2491574206633261,10,1,1,1,0
2023-11-17,10.000000000000002,0.243080410403245,8,1,1,1,0
2023-11-18,10.000000000000002,0.243080410403245,9,1,1,1,0
2023-11-19,10.000000000000002,0.243080410403245,10,1,1,1,0
2023-11-20,10.000000000000002,0.243080410403245,10,1,1,1,0
2023-11-21,,,0,0,0,1,0
2023-11-22,10.000000000000002,0.243080410403245,10,1,1,1,0
2023-11-23,10.000000000000002,0.243080410403245,8,1,1,1,0
2023-11-24,10.000000000000002,0.243080410403245,8,1,1,1,0
2023-11-25,10.000000000000002,0.243080410403245,10,1,1,1,0
2023-11-26,,,2,1,0,1,0
2023-11-27,,,2,1,0,1,0
2023-11-28,6.796116504854369,0.35767546102191766,10,1,1,1,0
2023-11-29,10.000000000000002,0.243080410403245,10,1,1,1,0
2023-11-30,9.863013698630139,0.24645652721440117,8,1,1,1,0
2023-12-01,,,0,0,0,1,0
2023-12-02,10.000000000000002,0.243080410403245,8,1,1,1,0
2023-12-03,,,0,0,0,1,0
2023-12-04,10.000000000000002,0.243080410403245,8,1,1,1,0
2023-12-05,,,0,0,0,1,0
2023-12-06,9.890109890109892,0.24578130385216995,10,1,1,1,0
2023-12-07,9.782608695652176,0.2484821973010949,10,1,1,1,0
2023-12-08,10.000000000000002,0.243080410403245,10,1,1,1,0
2023-12-09,10.000000000000002,0.243080410403245,10,1,1,1,0
2023-12-10,9.545454545454547,0.25465566804149475,9,1,1,1,0
2023-12-11,10.000000000000002,0.243080410403245,10,1,1,1,0
2023-12-12,9.890109890109892,0.24578130385216995,10,1,1,1,0
2023-12-13,10.000000000000002,0.243080410403245,10,1,1,1,0
2023-12-14,10.000000000000002,0.243080410403245,10,1,1,1,0
2023-12-15,9.589041095890414,0.25349814227766976,10,1,1,1,0
2023-12-16,9.6514745308311,0.25185831411225107,10,1,1,1,0
2023-12-17,10.000000000000002,0.243080410403245,4,1,1,1,0
2023-12-18,3.4615384615384617,0.7022322967204856,3,1,1,1,0
2023-12-19,10.000000000000002,0.243080410403245,10,1,1,1,0
2023-12-20,10.000000000000002,0.243080410403245,10,1,1,1,0
2023-12-21,8.203125,0.29632659553919394,10,1,1,1,0
2023-12-22,,,0,0,0,1,0
2023-12-23,7.665399239543726,0.31711382904788415,4,1,1,1,0
2023-12-24,,,0,0,0,1,0
2023-12-25,8.092485549132947,0.30037793571258137,5,1,1,1,0
2023-12-26,10.000000000000002,0.243080410403245,5,1,1,1,0
2023-12-27,8.636052090472926,0.2814716815701067,5,1,1,1,0
2023-12-28,,,0,0,0,1,0
2023-12-29,,,2,1,0,1,0
2023-12-30,10.000000000000002,0.243080410403245,8,1,1,1,0
2023-12-31,,,1,1,0,1,0
2024-01-01,10.000000000000002,0.243080410403245,10,1,1,1,0
2024-01-02,10.000000000000002,0.243080410403245,10,1,1,1,0
2024-01-03,,,2,1,0,1,0
2024-01-04,10.000000000000002,0.243080410403245,10,1,1,1,0
2024-01-05,10.000000000000002,0.243080410403245,10,1,1,1,0
2024-01-06,6.354721210423088,0.38251939361956855,9,1,1,1,0
2024-01-07,,,1,1,0,1,0
2024-01-08,6.167400881057269,0.3941375225824044,10,1,1,1,0
2024-01-09,,,0,0,0,1,0
2024-01-10,9.878048780487807,0.2460814031242727,9,1,1,1,0
2024-01-11,8.536585365853657,0.2847513379009442,5,1,1,1,0
2024-01-12,8.811188811188812,0.27587697371161934,4,1,1,1,0
2024-01-13,,,2,1,0,1,0
2024-01-14,6.679035250463822,0.3639453922426363,10,1,1,1,0
2024-01-15,10.000000000000002,0.243080410403245,10,1,1,1,0
2024-01-16,9.863013698630139,0.24645652721440117,8,1,1,1,0
2024-01-17,10.000000000000002,0.243080410403245,10,1,1,1,0
2024-01-18,8.000000000000002,0.30385051300405624,7,1,1,1,0
2024-01-19,10.000000000000002,0.243080410403245,4,1,1,1,0
2024-01-20,10.000000000000002,0.243080410403245,8,1,1,1,0
2024-01-21,9.473684210526315,0.25658487764786975,9,1,1,1,0
2024-01-22,9.368029739776953,0.2594786920574322,8,1,1,1,0
2024-01-23,,,0,0,0,1,0
2024-01-24,,,0,0,0,1,0
2024-01-25,,,0,0,0,1,0
2024-01-26,,,1,1,0,1,0
2024-01-27,7.916230366492147,0.30706586234801453,3,1,1,1,0
2024-01-28,10.000000000000002,0.243080410403245,5,1,1,1,0
2024-01-29,10.000000000000002,0.243080410403245,10,1,1,1,0
2024-01-30,,,0,0,0,1,0
2024-01-31,10.000000000000002,0.243080410403245,6,1,1,1,0
2024-02-01,8.4375,0.2880953012186608,6,1,1,1,0
2024-02-02,10.000000000000002,0.243080410403245,10,1,1,1,0
2024-02-03,9.890109890109892,0.24578130385216995,10,1,1,1,0
2024-02-04,9.655172413793105,0.2517618536319323,7,1,1,1,0
2024-02-05,9.423076923076925,0.2579628845095661,7,1,1,1,0
2024-02-06,9.388971684053653,0.2588999291755197,10,1,1,1,0
2024-02-07,10.000000000000002,0.243080410403245,10,1,1,1,0
2024-02-08,10.000000000000002,0.243080410403245,10,1,1,1,0
2024-02-09,10.000000000000002,0.243080410403245,10,1,1,1,0
2024-02-10,10.000000000000002,0.243080410403245,10,1,1,1,0
2024-02-11,10.000000000000002,0.243080410403245,10,1,1,1,0
2024-02-12,10.000000000000002,0.243080410403245,10,1,1,1,0
2024-02-13,8.836937463471655,0.27507313637562975,6,1,1,1,0
2024-02-14,10.000000000000002,0.243080410403245,10,1,1,1,0
2024-02-15,9.28421052631579,0.26182130372231605,7,1,1,1,0
2024-02-16,10.000000000000002,0.243080410403245,10,1,1,1,0
2024-02-17,10.000000000000002,0.243080410403245,9,1,1,1,0
2024-02-18,10.000000000000002,0.243080410403245,10,1,1,1,0
2024-02-19,10.000000000000002,0.243080410403245,10,1,1,1,0
2024-02-20,9.696969696969697,0.2506766732283464,8,1,1,1,0
2024-02-21,10.000000000000002,0.243080410403245,10,1,1,1,0
2024-02-22,7.647951441578147,0.3178372826502748,10,1,1,1,0
2024-02-23,10.000000000000002,0.243080410403245,10,1,1,1,0
2024-02-24,10.000000000000002,0.243080410403245,10,1,1,1,0
2024-02-25,10.000000000000002,0.243080410403245,10,1,1,1,0
2024-02-26,9.890109890109892,0.24578130385216995,10,1,1,1,0
2024-02-27,10.000000000000002,0.243080410403245,10,1,1,1,0
2024-02-28,9.863013698630139,0.24645652721440117,8,1,1,1,0
2024-02-29,10.000000000000002,0.243080410403245,10,1,1,1,0
2024-03-01,10.000000000000002,0.243080410403245,10,1,1,1,0
2024-03-02,8.636052090472926,0.2814716815701067,10,1,1,1,0
2024-03-03,9.756097560975611,0.2491574206633261,10,1,1,1,0
2024-03-04,10.000000000000002,0.243080410403245,10,1,1,1,0
2024-03-05,9.863013698630139,0.24645652721440117,8,1,1,1,0
2024-03-06,10.000000000000002,0.243080410403245,8,1,1,1,0
2024-03-07,10.000000000000002,0.243080410403245,10,1,1,1,0
2024-03-08,,,2,1,0,1,0
2024-03-09,10.000000000000002,0.243080410403245,10,1,1,1,0
2024-03-10,9.230769230769232,0.26333711127018206,8,1,1,1,0
2024-03-11,10.000000000000002,0.243080410403245,10,1,1,1,0
2024-03-12,10.000000000000002,0.243080410403245,10,1,1,1,0
2024-03-13,10.000000000000002,0.243080410403245,10,1,1,1,0
2024-03-14,,,2,1,0,1,0
2024-03-15,10.000000000000002,0.243080410403245,10,1,1,1,0
2024-03-16,10.000000000000002,0.243080410403245,8,1,1,1,0
2024-03-17,10.000000000000002,0.243080410403245,9,1,1,1,0
2024-03-18,10.000000000000002,0.243080410403245,6,1,1,1,0
2024-03-19,10.000000000000002,0.243080410403245,10,1,1,1,0
2024-03-20,10.000000000000002,0.243080410403245,5,1,1,1,0
2024-03-21,10.000000000000002,0.243080410403245,8,1,1,1,0
2024-03-22,10.000000000000002,0.243080410403245,6,1,1,1,0
2024-03-23,10.000000000000002,0.243080410403245,10,1,1,1,0
2024-03-24,10.000000000000002,0.243080410403245,10,1,1,1,0
2024-03-25,10.000000000000002,0.243080410403245,10,1,1,1,0
2024-03-26,10.000000000000002,0.243080410403245,10,1,1,1,0
2024-03-27,10.000000000000002,0.243080410403245,10,1,1,1,0
2024-03-28,9.890109890109892,0.24578130385216995,10,1,1,1,0
2024-03-29,10.000000000000002,0.243080410403245,10,1,1,1,0
2024-03-30,,,0,0,0,1,0
2024-03-31,8.82661996497373,0.2753946713100256,10,1,1,1,0
2024-04-01,9.589041095890414,0.25349814227766976,10,1,1,1,0
2024-04-02,,,1,1,0,1,0
2024-04-03,10.000000000000002,0.243080410403245,10,1,1,1,0
2024-04-04,9.843750000000002,0.24693882961599492,7,1,1,1,0
2024-04-05,10.000000000000002,0.243080410403245,10,1,1,1,0
2024-04-06,10.000000000000002,0.243080410403245,10,1,1,1,0
2024-04-07,10.000000000000002,0.243080410403245,10,1,1,1,0
2024-04-08,10.000000000000002,0.243080410403245,10,1,1,1,0
2024-04-09,10.000000000000002,0.243080410403245,10,1,1,1,0
2024-04-10,10.000000000000002,0.243080410403245,10,1,1,1,0
2024-04-11,,,0,0,0,1,0
2024-04-12,,,0,0,0,1,0
2024-04-13,,,0,0,0,1,0
2024-04-14,,,0,0,0,1,0
2024-04-15,,,0,0,0,1,0
2024-04-16,10.000000000000002,0.243080410403245,5,1,1,1,0
2024-04-17,10.000000000000002,0.243080410403245,8,1,1,1,0
2024-04-18,10.000000000000002,0.243080410403245,10,1,1,1,0
2024-04-19,10.000000000000002,0.243080410403245,9,1,1,1,0
2024-04-20,10.000000000000002,0.243080410403245,10,1,1,1,0
2024-04-21,10.000000000000002,0.243080410403245,10,1,1,1,0
2024-04-22,10.000000000000002,0.243080410403245,10,1,1,1,0
2024-04-23,10.000000000000002,0.243080410403245,8,1,1,1,0
2024-04-24,10.000000000000002,0.243080410403245,9,1,1,1,0
2024-04-25,10.000000000000002,0.243080410403245,10,1,1,1,0
2024-04-26,10.000000000000002,0.243080410403245,10,1,1,1,0
2024-04-27,9.068010075566752,0.26806367480580073,10,1,1,1,0
2024-04-28,10.000000000000002,0.243080410403245,6,1,1,1,0
2024-04-29,10.000000000000002,0.243080410403245,9,1,1,1,0
2024-04-30,10.000000000000002,0.243080410403245,10,1,1,1,0
2024-05-01,10.000000000000002,0.243080410403245,10,1,1,1,0
2024-05-02,10.000000000000002,0.243080410403245,10,1,1,1,0
2024-05-03,7.974683544303799,0.3048151178072437,7,1,1,1,0
2024-05-04,9.391304347826088,0.25883562218864054,9,1,1,1,0
2024-05-05,10.000000000000002,0.243080410403245,8,1,1,1,0
2024-05-06,10.000000000000002,0.243080410403245,10,1,1,1,0
2024-05-07,10.000000000000002,0.243080410403245,8,1,1,1,0
2024-05-08,10.000000000000002,0.243080410403245,10,1,1,1,0
2024-05-09,10.000000000000002,0.243080410403245,3,1,1,1,0
2024-05-10,10.000000000000002,0.243080410403245,10,1,1,1,0
2024-05-11,9.863013698630139,0.24645652721440117,8,1,1,1,0
2024-05-12,10.000000000000002,0.243080410403245,10,1,1,1,0
2024-05-13,10.000000000000002,0.243080410403245,10,1,1,1,0
2024-05-14,9.549071618037136,0.254559207561176,10,1,1,1,0
2024-05-15,10.000000000000002,0.243080410403245,9,1,1,1,0
2024-05-16,10.000000000000002,0.243080410403245,10,1,1,1,0
2024-05-17,8.975069252077564,0.27083959307275135,9,1,1,1,0
2024-05-18,9.423076923076925,0.2579628845095661,7,1,1,1,0
2024-05-19,9.545454545454547,0.25465566804149475,9,1,1,1,0
2024-05-20,9.268113276940053,0.26227604598667587,10,1,1,1,0
2024-05-21,10.000000000000002,0.243080410403245,10,1,1,1,0
2024-05-22,10.000000000000002,0.243080410403245,10,1,1,1,0
2024-05-23,10.000000000000002,0.243080410403245,10,1,1,1,0
2024-05-24,10.000000000000002,0.243080410403245,10,1,1,1,0
2024-05-25,10.000000000000002,0.243080410403245,10,1,1,1,0
2024-05-26,9.523809523809526,0.25523443092340725,10,1,1,1,0
2024-05-27,9.863013698630139,0.24645652721440117,8,1,1,1,0
2024-05-28,10.000000000000002,0.243080410403245,7,1,1,1,0
2024-05-29,10.000000000000002,0.243080410403245,9,1,1,1,0
2024-05-30,10.000000000000002,0.243080410403245,10,1,1,1,0
2024-05-31,10.000000000000002,0.243080410403245,10,1,1,1,0
2024-06-01,10.000000000000002,0.243080410403245,10,1,1,1,0
2024-06-02,10.000000000000002,0.243080410403245,6,1,1,1,0
2024-06-03,9.247706422018348,0.26285480886858836,8,1,1,1,0
2024-06-04,9.782608695652176,0.2484821973010949,10,1,1,1,0
2024-06-05,9.545454545454547,0.25465566804149475,7,1,1,1,0
2024-06-06,10.000000000000002,0.243080410403245,10,1,1,1,0
2024-06-07,10.000000000000002,0.243080410403245,10,1,1,1,0
2024-06-08,10.000000000000002,0.243080410403245,10,1,1,1,0
2024-06-09,10.000000000000002,0.243080410403245,10,1,1,1,0
2024-06-10,10.000000000000002,0.243080410403245,10,1,1,1,0
2024-06-11,10.000000000000002,0.243080410403245,10,1,1,1,0
2024-06-12,9.890109890109892,0.24578130385216995,10,1,1,1,0
2024-06-13,10.000000000000002,0.243080410403245,8,1,1,1,0
2024-06-14,10.000000000000002,0.243080410403245,10,1,1,1,0
2024-06-15,10.000000000000002,0.243080410403245,10,1,1,1,0
2024-06-16,10.000000000000002,0.243080410403245,10,1,1,1,0
2024-06-17,8.372093023255813,0.29034604575943157,8,1,1,1,0
2024-06-18,9.589041095890414,0.25349814227766976,10,1,1,1,0
2024-06-19,9.589041095890414,0.25349814227766976,10,1,1,1,0
2024-06-20,8.355437665782492,0.29092480864134407,10,1,1,1,0
2024-06-21,8.277803847958706,0.2936532622275029,7,1,1,1,0
2024-06-22,9.487951807228917,0.25619903572659475,10,1,1,1,0
2024-06-23,10.000000000000002,0.243080410403245,7,1,1,1,0
2024-06-24,10.000000000000002,0.243080410403245,10,1,1,1,0
2024-06-25,10.000000000000002,0.243080410403245,5,1,1,1,0
2024-06-26,10.000000000000002,0.243080410403245,8,1,1,1,0
2024-06-27,10.000000000000002,0.243080410403245,10,1,1,1,0
2024-06-28,10.000000000000002,0.243080410403245,8,1,1,1,0
2024-06-29,10.000000000000002,0.243080410403245,7,1,1,1,0
2024-06-30,10.000000000000002,0.243080410403245,10,1,1,1,0
2024-07-01,10.000000000000002,0.243080410403245,10,1,1,1,0
2024-07-02,10.000000000000002,0.243080410403245,10,1,1,1,0
2024-07-03,10.000000000000002,0.243080410403245,10,1,1,1,0
2024-07-04,10.000000000000002,0.243080410403245,10,1,1,1,0
2024-07-05,9.6,0.25320876083671356,8,1,1,1,0
2024-07-06,10.000000000000002,0.243080410403245,10,1,1,1,0
2024-07-07,10.000000000000002,0.243080410403245,10,1,1,1,0
2024-07-08,9.890109890109892,0.24578130385216995,10,1,1,1,0
2024-07-09,9.28421052631579,0.26182130372231605,7,1,1,1,0
2024-07-10,10.000000000000002,0.243080410403245,4,1,1,1,0
2024-07-11,9.589041095890414,0.25349814227766976,10,1,1,1,0
2024-07-12,10.000000000000002,0.243080410403245,8,1,1,1,0
2024-07-13,10.000000000000002,0.243080410403245,10,1,1,1,0
2024-07-14,9.878048780487807,0.2460814031242727,9,1,1,1,0
2024-07-15,10.000000000000002,0.243080410403245,9,1,1,1,0
2024-07-16,10.000000000000002,0.243080410403245,10,1,1,1,0
2024-07-17,10.000000000000002,0.243080410403245,10,1,1,1,0
2024-07-18,10.000000000000002,0.243080410403245,10,1,1,1,0
2024-07-19,10.000000000000002,0.243080410403245,10,1,1,1,0
2024-07-20,10.000000000000002,0.243080410403245,10,1,1,1,0
2024-07-21,10.000000000000002,0.243080410403245,10,1,1,1,0
2024-07-22,10.000000000000002,0.243080410403245,8,1,1,1,0
2024-07-23,10.000000000000002,0.243080410403245,9,1,1,1,0
2024-07-24,10.000000000000002,0.243080410403245,7,1,1,1,0
2024-07-25,10.000000000000002,0.243080410403245,8,1,1,1,0
2024-07-26,10.000000000000002,0.243080410403245,10,1,1,1,0
2024-07-27,10.000000000000002,0.243080410403245,10,1,1,1,0
2024-07-28,10.000000000000002,0.243080410403245,10,1,1,1,0
2024-07-29,9.116279069767442,0.2666443277382535,7,1,1,1,0
2024-07-30,10.000000000000002,0.243080410403245,7,1,1,1,0
2024-07-31,10.000000000000002,0.243080410403245,10,1,1,1,0
2024-08-01,10.000000000000002,0.243080410403245,10,1,1,1,0
2024-08-02,10.000000000000002,0.243080410403245,5,1,1,1,0
2024-08-03,9.08108108108108,0.2676778328845258,10,1,1,1,0
2024-08-04,10.000000000000002,0.243080410403245,10,1,1,1,0
2024-08-05,9.863013698630139,0.24645652721440117,8,1,1,1,0
2024-08-06,,,1,1,0,1,0
2024-08-07,10.000000000000002,0.243080410403245,10,1,1,1,0
2024-08-08,10.000000000000002,0.243080410403245,10,1,1,1,0
2024-08-09,10.000000000000002,0.243080410403245,10,1,1,1,0
2024-08-10,10.000000000000002,0.243080410403245,10,1,1,1,0
2024-08-11,10.000000000000002,0.243080410403245,10,1,1,1,0
2024-08-12,10.000000000000002,0.243080410403245,10,1,1,1,0
2024-08-13,9.890109890109892,0.24578130385216995,10,1,1,1,0
2024-08-14,9.890109890109892,0.24578130385216995,10,1,1,1,0
2024-08-15,7.146908678389109,0.34011965360390556,10,1,1,1,0
2024-08-16,10.000000000000002,0.243080410403245,5,1,1,1,0
2024-08-17,10.000000000000002,0.243080410403245,8,1,1,1,0
2024-08-18,10.000000000000002,0.243080410403245,6,1,1,1,0
2024-08-19,10.000000000000002,0.243080410403245,6,1,1,1,0
2024-08-20,10.000000000000002,0.243080410403245,10,1,1,1,0
2024-08-21,10.000000000000002,0.243080410403245,10,1,1,1,0
2024-08-22,9.890109890109892,0.24578130385216995,10,1,1,1,0
2024-08-23,10.000000000000002,0.243080410403245,10,1,1,1,0
2024-08-24,9.756097560975611,0.2491574206633261,10,1,1,1,0
2024-08-25,9.333333333333334,0.2604432968606197,6,1,1,1,0
2024-08-26,10.000000000000002,0.243080410403245,10,1,1,1,0
2024-08-27,10.000000000000002,0.243080410403245,7,1,1,1,0
2024-08-28,10.000000000000002,0.243080410403245,10,1,1,1,0
2024-08-29,10.000000000000002,0.243080410403245,10,1,1,1,0
2024-08-30,10.000000000000002,0.243080410403245,10,1,1,1,0
2024-08-31,10.000000000000002,0.243080410403245,10,1,1,1,0
2024-09-01,10.000000000000002,0.243080410403245,10,1,1,1,0
2024-09-02,10.000000000000002,0.243080410403245,10,1,1,1,0
2024-09-03,10.000000000000002,0.243080410403245,10,1,1,1,0
2024-09-04,10.000000000000002,0.243080410403245,10,1,1,1,0
2024-09-05,10.000000000000002,0.243080410403245,10,1,1,1,0
2024-09-06,9.756097560975611,0.2491574206633261,10,1,1,1,0
2024-09-07,10.000000000000002,0.243080410403245,10,1,1,1,0
2024-09-08,10.000000000000002,0.243080410403245,10,1,1,1,0
2024-09-09,10.000000000000002,0.243080410403245,10,1,1,1,0
2024-09-10,10.000000000000002,0.243080410403245,9,1,1,1,0
2024-09-11,10.000000000000002,0.243080410403245,9,1,1,1,0
2024-09-12,9.31034482758621,0.26108636672941127,9,1,1,1,0
2024-09-13,9.589041095890414,0.25349814227766976,10,1,1,1,0
2024-09-14,10.000000000000002,0.243080410403245,9,1,1,1,0
2024-09-15,10.000000000000002,0.243080410403245,9,1,1,1,0
2024-09-16,10.000000000000002,0.243080410403245,9,1,1,1,0
2024-09-17,10.000000000000002,0.243080410403245,8,1,1,1,0
2024-09-18,10.000000000000002,0.243080410403245,9,1,1,1,0
2024-09-19,8.484848484848484,0.28648762654668164,7,1,1,1,0
2024-09-20,10.000000000000002,0.243080410403245,3,1,1,1,0
2024-09-21,8.888888888888891,0.2734654617036506,8,1,1,1,1
2024-09-22,9.692307692307695,0.2507972488287448,7,1,1,1,0
2024-09-23,10.000000000000002,0.243080410403245,10,1,1,1,0
2024-09-24,,,0,0,0,1,0
2024-09-25,9.756097560975611,0.2491574206633261,10,1,1,1,0
2024-09-26,10.000000000000002,0.243080410403245,10,1,1,1,0
2024-09-27,10.000000000000002,0.243080410403245,10,1,1,1,0
2024-09-28,,,2,1,0,1,0
2024-09-29,8.433734939759036,0.2882239151924191,5,1,1,1,0
2024-09-30,8.664047151277014,0.28056219704138713,7,1,1,1,0
2024-10-01,10.000000000000002,0.243080410403245,4,1,1,1,0
2024-10-02,10.000000000000002,0.243080410403245,10,1,1,1,0
2024-10-03,,,0,0,0,1,0
2024-10-04,,,0,0,0,1,0
2024-10-05,,,0,0,0,1,0
2024-10-06,,,0,0,0,1,0
2024-10-07,,,0,0,0,1,0
2024-10-08,10.000000000000002,0.243080410403245,5,1,1,1,0
2024-10-09,10.000000000000002,0.243080410403245,10,1,1,1,0
2024-10-10,10.000000000000002,0.243080410403245,9,1,1,1,0
2024-10-11,10.000000000000002,0.243080410403245,9,1,1,1,0
2024-10-12,10.000000000000002,0.243080410403245,10,1,1,1,0
2024-10-13,,,1,1,0,1,0
2024-10-14,10.000000000000002,0.243080410403245,9,1,1,1,0
2024-10-15,10.000000000000002,0.243080410403245,10,1,1,1,0
2024-10-16,10.000000000000002,0.243080410403245,10,1,1,1,0
2024-10-17,10.000000000000002,0.243080410403245,8,1,1,1,0
2024-10-18,10.000000000000002,0.243080410403245,9,1,1,1,0
2024-10-19,10.000000000000002,0.243080410403245,8,1,1,1,0
2024-10-20,10.000000000000002,0.243080410403245,9,1,1,1,0
2024-10-21,10.000000000000002,0.243080410403245,10,1,1,1,0
2024-10-22,9.642857142857146,0.2520833885663281,9,1,1,1,0
2024-10-23,9.677419354838712,0.2511830907500198,10,1,1,1,0
2024-10-24,10.000000000000002,0.243080410403245,9,1,1,1,0
2024-10-25,9.56810631229236,0.2540527900395026,8,1,1,1,0
2024-10-26,10.000000000000002,0.243080410403245,10,1,1,1,0
2024-10-27,10.000000000000002,0.243080410403245,9,1,1,1,0
2024-10-28,9.729729729729732,0.24983264402555733,9,1,1,1,0
2024-10-29,7.838258164852255,0.3101204442247749,10,1,1,1,0
2024-10-30,7.862714508580344,0.3091558394215874,10,1,1,1,0
2024-10-31,9.283667621776504,0.26183661490966825,9,1,1,1,0
2024-11-01,10.000000000000002,0.243080410403245,9,1,1,1,0
2024-11-02,9.878048780487807,0.2460814031242727,9,1,1,1,0
2024-11-03,9.890109890109892,0.24578130385216995,10,1,1,1,0
2024-11-04,9.863013698630139,0.24645652721440117,8,1,1,1,0
2024-11-05,10.000000000000002,0.243080410403245,10,1,1,1,0
2024-11-06,9.729729729729732,0.24983264402555733,9,1,1,1,0
2024-11-07,10.000000000000002,0.243080410403245,10,1,1,1,0
2024-11-08,10.000000000000002,0.243080410403245,10,1,1,1,0
2024-11-09,10.000000000000002,0.243080410403245,10,1,1,1,0
2024-11-10,,,2,1,0,1,0
2024-11-11,10.000000000000002,0.243080410403245,10,1,1,1,0
2024-11-12,10.000000000000002,0.243080410403245,10,1,1,1,0
2024-11-13,10.000000000000002,0.243080410403245,10,1,1,1,0
2024-11-14,,,0,0,0,1,0
2024-11-15,9.218106995884774,0.2636988380713774,8,1,1,1,0
2024-11-16,10.000000000000002,0.243080410403245,10,1,1,1,0
2024-11-17,8.674698795180722,0.280217695325963,10,1,1,1,0
2024-11-18,8.265682656826568,0.29408388937178304,8,1,1,1,0
2024-11-19,9.473684210526315,0.25658487764786975,4,1,1,1,0
2024-11-20,8.925619834710744,0.27234008943326526,3,1,1,1,0
2024-11-21,10.000000000000002,0.243080410403245,6,1,1,1,0
2024-11-22,,,0,0,0,1,0
2024-11-23,9.756097560975611,0.2491574206633261,10,1,1,1,0
2024-11-24,6.1035422343324255,0.3982612081160309,8,1,1,1,0
2024-11-25,8.445747800586512,0.2878139581510644,8,1,1,1,0
2024-11-26,10.000000000000002,0.243080410403245,10,1,1,1,0
2024-11-27,9.782608695652176,0.2484821973010949,10,1,1,1,0
2024-11-28,10.000000000000002,0.243080410403245,10,1,1,1,0
2024-11-29,9.642857142857146,0.2520833885663281,3,1,1,1,0
2024-11-30,,,1,1,0,1,0
2024-12-01,9.116279069767442,0.2666443277382535,7,1,1,1,0
2024-12-02,8.82661996497373,0.2753946713100256,10,1,1,1,0
2024-12-03,9.423076923076925,0.2579628845095661,7,1,1,1,0
2024-12-04,6.84968741505844,0.354878107092674,10,1,1,1,0
2024-12-05,9.843750000000002,0.24693882961599492,7,1,1,1,0
2024-12-06,10.000000000000002,0.243080410403245,9,1,1,1,0
2024-12-07,10.000000000000002,0.243080410403245,10,1,1,1,0
2024-12-08,10.000000000000002,0.243080410403245,10,1,1,1,0
2024-12-09,8.816326530612244,0.27571620624442145,6,1,1,1,0
2024-12-10,9.655172413793105,0.2517618536319323,7,1,1,1,0
2024-12-11,10.000000000000002,0.243080410403245,10,1,1,1,0
2024-12-12,9.756097560975611,0.2491574206633261,10,1,1,1,0
2024-12-13,9.782608695652176,0.2484821973010949,10,1,1,1,0
2024-12-14,9.434276206322796,0.25765666076252247,9,1,1,1,0
2024-12-15,,,0,0,0,1,0
2024-12-16,,,0,0,0,1,0
2024-12-17,9.16030534351145,0.26536278135687585,10,1,1,1,0
2024-12-18,3.703703703703704,0.6563171080887615,5,1,1,1,0
2024-12-19,9.782608695652176,0.2484821973010949,10,1,1,1,0
2024-12-20,,,0,0,0,1,0
2024-12-21,10.000000000000002,0.243080410403245,10,1,1,1,0
2024-12-22,10.000000000000002,0.243080410403245,10,1,1,1,0
2024-12-23,10.000000000000002,0.243080410403245,6,1,1,1,0
2024-12-24,7.773778920308483,0.31269272369994155,6,1,1,1,0
2024-12-25,4.9411764705882355,0.4919484496256149,7,1,1,1,0
2024-12-26,,,2,1,0,1,0
2024-12-27,7.39622641509434,0.3286546365145915,7,1,1,1,0
2024-12-28,10.000000000000002,0.243080410403245,8,1,1,1,0
2024-12-29,,,0,0,0,1,0
2024-12-30,9.890109890109892,0.24578130385216995,10,1,1,1,0
2024-12-31,9.43231441048035,0.25771024991825514,6,1,1,1,0
2025-01-01,8.636052090472926,0.2814716815701067,5,1,1,1,0
2025-01-02,9.677419354838712,0.2511830907500198,10,1,1,1,0
2025-01-03,10.000000000000002,0.243080410403245,5,1,1,1,0
2025-01-04,9.201277955271566,0.26418114047297114,8,1,1,1,0
2025-01-05,10.000000000000002,0.243080410403245,10,1,1,1,0
2025-01-06,7.978290366350068,0.30467731712107415,7,1,1,1,0
2025-01-07,10.000000000000002,0.243080410403245,10,1,1,1,0
2025-01-08,10.000000000000002,0.243080410403245,10,1,1,1,0
2025-01-09,9.890109890109892,0.24578130385216995,10,1,1,1,0
2025-01-10,5.806451612903227,0.4186384845833664,6,1,1,1,0
2025-01-11,7.2727272727272725,0.3342355643044619,8,1,1,1,0
2025-01-12,5.951417004048584,0.408441233806813,7,1,1,1,0
2025-01-13,6.9421487603305785,0.35015154355705536,5,1,1,1,0
2025-01-14,,,1,1,0,1,0
2025-01-15,9.491525423728815,0.256102575246276,8,1,1,1,0
2025-01-16,4.923076923076923,0.49375708363159143,8,1,1,1,0
2025-01-17,7.662162162162162,0.31724780193721575,9,1,1,1,0
2025-01-18,10.000000000000002,0.243080410403245,7,1,1,1,0
2025-01-19,9.696969696969697,0.2506766732283464,8,1,1,1,0
2025-01-20,9.782608695652176,0.2484821973010949,10,1,1,1,0
2025-01-21,9.333333333333334,0.2604432968606197,7,1,1,1,0
2025-01-22,8.571428571428573,0.28359381213711915,9,1,1,1,0
2025-01-23,,,1,1,0,1,0
2025-01-24,10.000000000000002,0.243080410403245,8,1,1,1,0
2025-01-25,9.473684210526315,0.25658487764786975,10,1,1,1,0
2025-01-26,10.000000000000002,0.243080410403245,10,1,1,1,0
2025-01-27,10.000000000000002,0.243080410403245,10,1,1,1,0
2025-01-28,10.000000000000002,0.243080410403245,10,1,1,1,0
2025-01-29,10.000000000000002,0.243080410403245,10,1,1,1,0
2025-01-30,9.549071618037136,0.254559207561176,10,1,1,1,0
2025-01-31,,,0,0,0,1,0
2025-02-01,9.6514745308311,0.25185831411225107,10,1,1,1,0
2025-02-02,,,2,1,0,1,0
2025-02-03,,,0,0,0,1,0
2025-02-04,10.000000000000002,0.243080410403245,10,1,1,1,0
2025-02-05,10.000000000000002,0.243080410403245,10,1,1,1,0
2025-02-06,8.332546055739254,0.29172405262112794,7,1,1,1,0
2025-02-07,10.000000000000002,0.243080410403245,10,1,1,1,0
2025-02-08,8.351284175642087,0.2910694993618222,8,1,1,1,0
2025-02-09,8.502024291497976,0.28590886366476914,10,1,1,1,0
2025-02-10,9.523809523809526,0.25523443092340725,10,1,1,1,0
2025-02-11,9.23076923076923,0.2633371112701821,10,1,1,1,0
2025-02-12,7.229508196721311,0.3362336742539217,7,1,1,1,0
2025-02-13,7.500000000000001,0.32410721387099334,3,1,1,1,0
2025-02-14,7.887323943661971,0.3081912346184,10,1,1,1,0
2025-02-15,,,0,0,0,1,0
2025-02-16,7.659574468085107,0.31735498024868103,3,1,1,1,0
2025-02-17,7.718223583460948,0.31494346824071234,6,1,1,1,0
2025-02-18,9.890109890109892,0.24578130385216995,10,1,1,1,0
2025-02-19,10.000000000000002,0.243080410403245,10,1,1,1,0
2025-02-20,8.750000000000002,0.2778061833179943,3,1,1,1,0
2025-02-21,10.000000000000002,0.243080410403245,10,1,1,1,0
2025-02-22,8.78048780487805,0.27684157851480684,10,1,1,1,0
2025-02-23,7.0886075949367084,0.34291700753314924,10,1,1,1,0
2025-02-24,9.045226130653267,0.268738898168032,10,1,1,1,0
2025-02-25,9.863013698630139,0.24645652721440117,8,1,1,1,0
2025-02-26,,,2,1,0,1,0
2025-02-27,8.046833422032996,0.3020820708648792,6,1,1,1,0
2025-02-28,9.677419354838712,0.2511830907500198,10,1,1,1,0
2025-03-01,10.000000000000002,0.243080410403245,10,1,1,1,0
2025-03-02,9.890109890109892,0.24578130385216995,10,1,1,1,0
2025-03-03,9.6514745308311,0.25185831411225107,10,1,1,1,0
2025-03-04,8.955223880597014,0.27143979161695697,5,1,1,1,0
2025-03-05,9.863013698630139,0.24645652721440117,8,1,1,1,0
2025-03-06,10.000000000000002,0.243080410403245,10,1,1,1,0
2025-03-07,9.333333333333336,0.2604432968606196,6,1,1,1,0
2025-03-08,10.000000000000002,0.243080410403245,10,1,1,1,0
2025-03-09,10.000000000000002,0.243080410403245,10,1,1,1,0
2025-03-10,10.000000000000002,0.243080410403245,10,1,1,1,0
2025-03-11,10.000000000000002,0.243080410403245,10,1,1,1,0
2025-03-12,10.000000000000002,0.243080410403245,10,1,1,1,0
2025-03-13,10.000000000000002,0.243080410403245,10,1,1,1,0
2025-03-14,9.890109890109892,0.24578130385216995,10,1,1,1,0
2025-03-15,9.290322580645162,0.261649052864604,8,1,1,1,0
2025-03-16,10.000000000000002,0.243080410403245,5,1,1,1,0
2025-03-17,10.000000000000002,0.243080410403245,10,1,1,1,0
2025-03-18,10.000000000000002,0.243080410403245,10,1,1,1,0
2025-03-19,10.000000000000002,0.243080410403245,10,1,1,1,0
2025-03-20,8.571428571428571,0.2835938121371192,4,1,1,1,0
2025-03-21,10.000000000000002,0.243080410403245,10,1,1,1,0
2025-03-22,10.000000000000002,0.243080410403245,9,1,1,1,0
2025-03-23,9.782608695652176,0.2484821973010949,10,1,1,1,0
2025-03-24,10.000000000000002,0.243080410403245,10,1,1,1,0
2025-03-25,10.000000000000002,0.243080410403245,10,1,1,1,0
2025-03-26,10.000000000000002,0.243080410403245,10,1,1,1,0
2025-03-27,10.000000000000002,0.243080410403245,9,1,1,1,0
2025-03-28,9.137055837563452,0.26603800471910705,5,1,1,1,0
2025-03-29,9.183673469387754,0.2646875579946446,5,1,1,1,0
2025-03-30,7.730061349693251,0.3144611658391186,5,1,1,1,0
2025-03-31,10.000000000000002,0.243080410403245,10,1,1,1,0
2025-04-01,10.000000000000002,0.243080410403245,10,1,1,1,0
2025-04-02,,,0,0,0,1,0
2025-04-03,10.000000000000002,0.243080410403245,10,1,1,1,0
2025-04-04,10.000000000000002,0.243080410403245,10,1,1,1,0
2025-04-05,10.000000000000002,0.243080410403245,7,1,1,1,0
2025-04-06,10.000000000000002,0.243080410403245,10,1,1,1,0
2025-04-07,9.218106995884774,0.2636988380713774,8,1,1,1,0
2025-04-08,10.000000000000002,0.243080410403245,10,1,1,1,0
2025-04-09,10.000000000000002,0.243080410403245,10,1,1,1,0
2025-04-10,,,1,1,0,1,0
2025-04-11,9.878048780487807,0.2460814031242727,9,1,1,1,0
2025-04-12,10.000000000000002,0.243080410403245,10,1,1,1,0
2025-04-13,10.000000000000002,0.243080410403245,10,1,1,1,0
2025-04-14,10.000000000000002,0.243080410403245,10,1,1,1,0
2025-04-15,9.6,0.25320876083671356,6,1,1,1,0
2025-04-16,10.000000000000002,0.243080410403245,10,1,1,1,0
2025-04-17,9.759036144578314,0.24908239584530042,9,1,1,1,0
2025-04-18,9.183673469387756,0.26468755799464455,10,1,1,1,0
2025-04-19,8.70967741935484,0.2790923230555776,9,1,1,1,0
2025-04-20,10.000000000000002,0.243080410403245,10,1,1,1,0
2025-04-21,9.878048780487807,0.2460814031242727,9,1,1,1,0
2025-04-22,9.890109890109892,0.24578130385216995,10,1,1,1,1
2025-04-23,9.782608695652176,0.2484821973010949,10,1,1,1,0
2025-04-24,8.583106267029972,0.2832079702158442,10,1,1,1,0
2025-04-25,9.06474820143885,0.2681601352861195,9,1,1,1,0
2025-04-26,9.890109890109892,0.24578130385216995,10,1,1,1,0
2025-04-27,10.000000000000002,0.243080410403245,10,1,1,1,0
2025-04-28,10.000000000000002,0.243080410403245,10,1,1,1,0
2025-04-29,9.045226130653267,0.268738898168032,10,1,1,1,0
2025-04-30,9.756097560975611,0.2491574206633261,10,1,1,1,0
2025-05-01,8.634361233480178,0.28152680184457457,7,1,1,1,0
2025-05-02,9.178470254957507,0.26483760763069597,9,1,1,1,0
2025-05-03,10.000000000000002,0.243080410403245,10,1,1,1,0
2025-05-04,10.000000000000002,0.243080410403245,3,1,1,1,0
2025-05-05,9.06474820143885,0.2681601352861195,7,1,1,1,0
2025-05-06,10.000000000000002,0.243080410403245,6,1,1,1,0
2025-05-07,10.000000000000002,0.243080410403245,10,1,1,1,0
2025-05-08,10.000000000000002,0.243080410403245,10,1,1,1,0
2025-05-09,10.000000000000002,0.243080410403245,10,1,1,1,0
2025-05-10,9.574468085106384,0.25388398419894476,10,1,1,1,0
2025-05-11,10.000000000000002,0.243080410403245,10,1,1,1,0
2025-05-12,10.000000000000002,0.243080410403245,10,1,1,1,0
2025-05-13,,,2,1,0,1,0
2025-05-14,7.4888558692422,0.3245895162725871,6,1,1,1,0
2025-05-15,9.6,0.25320876083671356,8,1,1,1,0
2025-05-16,10.000000000000002,0.243080410403245,10,1,1,1,0
2025-05-17,9.890109890109892,0.24578130385216995,10,1,1,1,0
2025-05-18,10.000000000000002,0.243080410403245,10,1,1,1,0
2025-05-19,10.000000000000002,0.243080410403245,10,1,1,1,0
2025-05-20,10.000000000000002,0.243080410403245,7,1,1,1,0
2025-05-21,,,0,0,0,1,0
2025-05-22,10.000000000000002,0.243080410403245,9,1,1,1,0
2025-05-23,10.000000000000002,0.243080410403245,10,1,1,1,0
2025-05-24,10.000000000000002,0.243080410403245,10,1,1,1,0
2025-05-25,10.000000000000002,0.243080410403245,10,1,1,1,0
2025-05-26,10.000000000000002,0.243080410403245,10,1,1,1,0
2025-05-27,10.000000000000002,0.243080410403245,10,1,1,1,0
2025-05-28,9.364161849710984,0.25958587036889746,9,1,1,1,0
2025-05-29,8.65648854961832,0.28080717603902206,9,1,1,1,0
2025-05-30,10.000000000000002,0.243080410403245,10,1,1,1,0
2025-05-31,10.000000000000002,0.243080410403245,10,1,1,1,0
2025-06-01,10.000000000000002,0.243080410403245,10,1,1,1,0
2025-06-02,9.677419354838712,0.2511830907500198,10,1,1,1,0
2025-06-03,6.868356500408831,0.3539135022894865,10,1,1,1,0
2025-06-04,6.402439024390243,0.37966845053459225,10,1,1,1,0
2025-06-05,,,1,1,0,1,0
2025-06-06,2.5961538461538467,0.9363097289606473,9,1,1,1,0
2025-06-07,7.272727272727272,0.33423556430446194,10,1,1,1,0
2025-06-08,4.0,0.6077010260081126,10,1,1,1,0
2025-06-09,5.924764890282131,0.41027857628907494,9,1,1,1,0
2025-06-10,8.297662166611788,0.29295047872803776,10,1,1,1,0
2025-06-11,7.0,0.3472577291474929,10,1,1,1,0
2025-06-12,5.882352941176471,0.4132366976855165,10,1,1,1,0
2025-06-13,7.770925110132159,0.3128075576050829,7,1,1,1,0
2025-06-14,7.5675675675675675,0.32121339946143096,10,1,1,1,0
2025-06-15,8.674698795180722,0.280217695325963,10,1,1,1,0
2025-06-16,8.0,0.3038505130040563,10,1,1,1,0
2025-06-17,7.556221889055471,0.3216957018630247,10,1,1,1,0
2025-06-18,7.768786127167629,0.31289368303393894,8,1,1,1,0
2025-06-19,9.411764705882353,0.2582729360534478,4,1,1,1,0
2025-06-20,8.344370860927151,0.29131065056261907,10,1,1,1,0
2025-06-21,8.0,0.3038505130040563,10,1,1,1,0
2025-06-22,8.316831683168317,0.2922752553658065,10,1,1,1,0
2025-06-23,7.838258164852255,0.3101204442247749,10,1,1,1,0
2025-06-24,7.963882618510157,0.3052285198657527,7,1,1,1,0
2025-06-25,6.104651162790698,0.39818886275579185,5,1,1,1,0
2025-06-26,7.636363636363637,0.31831958505186847,6,1,1,1,0
2025-06-27,7.330909090909091,0.3315829010956963,8,1,1,1,0
2025-06-28,10.000000000000002,0.243080410403245,10,1,1,1,0
2025-06-29,9.350649350649352,0.2599609944590259,10,1,1,1,0
2025-06-30,7.968379446640316,0.3050562690080406,8,1,1,1,0
2025-07-01,8.977556109725684,0.2707645682547257,10,1,1,1,0
2025-07-02,7.887323943661971,0.3081912346184,10,1,1,1,0
2025-07-03,8.181818181818182,0.29709827938174393,10,1,1,1,0
2025-07-04,7.132075471698112,0.3408270304595764,9,1,1,1,0
2025-07-05,8.0,0.3038505130040563,10,1,1,1,0
2025-07-06,7.187165775401069,0.3382145591176103,8,1,1,1,0
2025-07-07,10.000000000000002,0.243080410403245,10,1,1,1,0
2025-07-08,6.746987951807228,0.3602798939905239,10,1,1,1,0
2025-07-09,7.538461538461537,0.32245360563695774,7,1,1,1,0
2025-07-10,8.707671043538356,0.2791566300424568,10,1,1,1,0
2025-07-11,7.859649122807017,0.3092764150219859,8,1,1,1,0
2025-07-12,7.777777777777778,0.3125319562327436,8,1,1,1,0
2025-07-13,6.363636363636364,0.3819835020622422,10,1,1,1,0
2025-07-14,4.37956204379562,0.5550336037540762,10,1,1,1,0
2025-07-15,3.9473684210526323,0.6158037063548873,10,1,1,1,2
2025-07-16,6.582089552238806,0.3693058389346353,7,1,1,1,0
2025-07-17,10.000000000000002,0.243080410403245,10,1,1,1,0
2025-07-18,10.000000000000002,0.243080410403245,10,1,1,1,0
2025-07-19,9.388971684053653,0.2588999291755197,10,1,1,1,0
2025-07-20,9.257142857142856,0.2625868630899252,9,1,1,1,0
2025-07-21,5.8495821727019495,0.4155517492131665,10,1,1,1,0
2025-07-22,10.000000000000002,0.243080410403245,10,1,1,1,0
2025-07-23,9.677419354838712,0.2511830907500198,10,1,1,1,0
2025-07-24,5.454545454545455,0.44564741907261585,10,1,1,1,0
2025-07-25,9.368029739776953,0.2594786920574322,8,1,1,1,0
2025-07-26,,,2,1,0,1,0
2025-07-27,8.861538461538462,0.2743094909064397,8,1,1,1,0
2025-07-28,7.665399239543726,0.31711382904788415,4,1,1,1,0
2025-07-29,8.089887640449438,0.3004743961929001,10,1,1,1,0
2025-07-30,8.15533980582524,0.29806288418493143,10,1,1,1,0
2025-07-31,3.1578947368421053,0.7697546329436092,5,1,1,1,0
2025-08-01,8.278580814717477,0.293625702090269,10,1,1,1,0
2025-08-02,9.117221418234445,0.2666167676010195,10,1,1,1,0
2025-08-03,6.0606060606060606,0.4010826771653543,10,1,1,1,0
2025-08-04,3.636363636363636,0.6684711286089239,10,1,1,1,0
2025-08-05,4.595185995623632,0.5289892740680142,10,1,1,1,0
2025-08-06,6.56629994209612,0.3701938878010619,9,1,1,1,0
2025-08-07,6.9806094182825476,0.3482223339506804,9,1,1,1,0
2025-08-08,8.78048780487805,0.27684157851480684,9,1,1,1,0
2025-08-09,8.084696823869104,0.3006673171535376,10,1,1,1,0
2025-08-10,8.493427704752275,0.2861982451057254,10,1,1,1,0
2025-08-11,7.59322033898305,0.32012821905784505,8,1,1,1,0
2025-08-12,8.172972972972975,0.29741981431613973,9,1,1,1,0
2025-08-13,7.859649122807017,0.3092764150219859,8,1,1,1,0
2025-08-14,6.363636363636364,0.3819835020622422,10,1,1,1,0
2025-08-15,6.521739130434782,0.3727232959516424,10,1,1,1,0
2025-08-16,7.2592592592592595,0.3348556673922253,7,1,1,1,0
2025-08-17,9.729729729729732,0.24983264402555733,9,1,1,1,0
2025-08-18,10.000000000000002,0.243080410403245,10,1,1,1,0
2025-08-19,,,2,1,0,1,0
2025-08-20,10.000000000000002,0.243080410403245,10,1,1,1,0
2025-08-21,9.36454849498328,0.2595751525377509,10,1,1,1,0
2025-08-22,10.000000000000002,0.243080410403245,9,1,1,1,0
2025-08-23,10.000000000000002,0.243080410403245,10,1,1,1,0
2025-08-24,10.000000000000002,0.243080410403245,10,1,1,1,0
2025-08-25,10.000000000000002,0.243080410403245,10,1,1,1,0
2025-08-26,10.000000000000002,0.243080410403245,10,1,1,1,0
2025-08-27,10.000000000000002,0.243080410403245,10,1,1,1,0
2025-08-28,10.000000000000002,0.243080410403245,7,1,1,1,0
2025-08-29,10.000000000000002,0.243080410403245,10,1,1,1,0
2025-08-30,10.000000000000002,0.243080410403245,9,1,1,1,0
2025-08-31,10.000000000000002,0.243080410403245,10,1,1,1,0
2025-09-01,10.000000000000002,0.243080410403245,10,1,1,1,0
2025-09-02,10.000000000000002,0.243080410403245,10,1,1,1,0
2025-09-03,10.000000000000002,0.243080410403245,10,1,1,1,0
2025-09-04,10.000000000000002,0.243080410403245,10,1,1,1,0
2025-09-05,8.750000000000002,0.2778061833179943,10,1,1,1,0
2025-09-06,10.000000000000002,0.243080410403245,10,1,1,1,0
2025-09-07,10.000000000000002,0.243080410403245,10,1,1,1,0
2025-09-08,10.000000000000002,0.243080410403245,10,1,1,1,0
2025-09-09,10.000000000000002,0.243080410403245,9,1,1,1,0
2025-09-10,9.729729729729732,0.24983264402555733,9,1,1,1,0
2025-09-11,10.000000000000002,0.243080410403245,9,1,1,1,0
2025-09-12,9.756097560975611,0.2491574206633261,10,1,1,1,0
2025-09-13,9.863013698630139,0.24645652721440117,8,1,1,1,0
2025-09-14,9.31034482758621,0.26108636672941127,9,1,1,1,0
2025-09-15,9.614243323442137,0.2528336367465851,9,1,1,1,0
2025-09-16,9.756097560975611,0.2491574206633261,10,1,1,1,0
2025-09-17,9.878048780487807,0.2460814031242727,9,1,1,1,0
2025-09-18,9.890109890109892,0.24578130385216995,10,1,1,1,0
2025-09-19,9.614243323442137,0.2528336367465851,9,1,1,1,0
2025-09-20,10.000000000000002,0.243080410403245,10,1,1,1,0
2025-09-21,9.81818181818182,0.24758189948478657,6,1,1,1,0
2025-09-22,8.523111612175873,0.28520148680909835,6,1,1,1,0
2025-09-23,8.571428571428573,0.28359381213711915,4,1,1,1,0
2025-09-24,9.782608695652176,0.2484821973010949,5,1,1,1,0
2025-09-25,9.298892988929891,0.2614079016638071,9,1,1,1,0
2025-09-26,9.364161849710984,0.25958587036889746,9,1,1,1,0
2025-09-27,8.78048780487805,0.27684157851480684,9,1,1,1,0
2025-09-28,9.677419354838712,0.2511830907500198,10,1,1,1,0
2025-09-29,10.000000000000002,0.243080410403245,9,1,1,1,0
2025-09-30,10.000000000000002,0.243080410403245,9,1,1,1,0
2025-10-01,10.000000000000002,0.243080410403245,10,1,1,1,0
2025-10-02,10.000000000000002,0.243080410403245,10,1,1,1,0
2025-10-03,10.000000000000002,0.243080410403245,9,1,1,1,0
2025-10-04,9.642857142857146,0.2520833885663281,9,1,1,1,0
2025-10-05,9.298892988929891,0.2614079016638071,9,1,1,1,0
2025-10-06,10.000000000000002,0.243080410403245,10,1,1,1,0
2025-10-07,,,0,0,0,1,0
2025-10-08,10.000000000000002,0.243080410403245,10,1,1,1,0
2025-10-09,10.000000000000002,0.243080410403245,9,1,1,1,0
2025-10-10,10.000000000000002,0.243080410403245,9,1,1,1,0
2025-10-11,10.000000000000002,0.243080410403245,9,1,1,1,0
2025-10-12,9.113924050632914,0.26671322808133824,8,1,1,1,0
2025-10-13,10.000000000000002,0.243080410403245,8,1,1,1,0
2025-10-14,10.000000000000002,0.243080410403245,9,1,1,1,0
2025-10-15,10.000000000000002,0.243080410403245,10,1,1,1,0
2025-10-16,7.500000000000002,0.3241072138709933,9,1,1,1,0
2025-10-17,10.000000000000002,0.243080410403245,10,1,1,1,0
2025-10-18,10.000000000000002,0.243080410403245,10,1,1,1,0
2025-10-19,,,1,1,0,1,0
2025-10-20,10.000000000000002,0.243080410403245,8,1,1,1,0
2025-10-21,10.000000000000002,0.243080410403245,7,1,1,1,0
2025-10-22,,,2,1,0,1,0
2025-10-23,10.000000000000002,0.243080410403245,9,1,1,1,0
2025-10-24,10.000000000000002,0.243080410403245,10,1,1,1,6
2025-10-25,10.000000000000002,0.243080410403245,9,1,1,1,0
2025-10-26,10.000000000000002,0.243080410403245,9,1,1,1,0
2025-10-27,10.000000000000002,0.243080410403245,10,1,1,1,0
2025-10-28,10.000000000000002,0.243080410403245,9,1,1,1,0
2025-10-29,10.000000000000002,0.243080410403245,10,1,1,1,0
2025-10-30,10.000000000000002,0.243080410403245,10,1,1,1,0
2025-10-31,10.000000000000002,0.243080410403245,10,1,1,1,0
2025-11-01,9.298892988929891,0.2614079016638071,9,1,1,1,0
2025-11-02,9.487951807228917,0.25619903572659475,10,1,1,1,0
2025-11-03,10.000000000000002,0.243080410403245,9,1,1,1,0
2025-11-04,10.000000000000002,0.243080410403245,10,1,1,1,0
2025-11-05,10.000000000000002,0.243080410403245,10,1,1,1,0
2025-11-06,9.890109890109892,0.24578130385216995,10,1,1,1,0
2025-11-07,9.090180360721444,0.26740988710586255,9,1,1,1,0
2025-11-08,10.000000000000002,0.243080410403245,10,1,1,1,0
2025-11-09,,,0,0,0,1,0
2025-11-10,10.000000000000002,0.243080410403245,10,1,1,1,0
2025-11-11,10.000000000000002,0.243080410403245,10,1,1,1,0
2025-11-12,9.890109890109892,0.24578130385216995,10,1,1,1,0
2025-11-13,10.000000000000002,0.243080410403245,10,1,1,1,0
2025-11-14,9.782608695652176,0.2484821973010949,10,1,1,1,0
2025-11-15,8.255528255528255,0.2944456161729784,8,1,1,1,0
2025-11-16,10.000000000000002,0.243080410403245,10,1,1,1,0
2025-11-17,10.000000000000002,0.243080410403245,10,1,1,1,0
2025-11-18,5.855018587360594,0.4151659072918915,5,1,1,1,0
2025-11-19,10.000000000000002,0.243080410403245,10,1,1,1,0
2025-11-20,4.242424242424242,0.5729752530933633,7,1,1,1,0
2025-11-21,7.414490621552041,0.32784505748334486,8,1,1,1,0
2025-11-22,10.000000000000002,0.243080410403245,10,1,1,1,0
2025-11-23,10.000000000000002,0.243080410403245,9,1,1,1,0
2025-11-24,10.000000000000002,0.243080410403245,9,1,1,1,0
2025-11-25,,,0,0,0,1,0
2025-11-26,9.81818181818182,0.24758189948478657,6,1,1,1,0
2025-11-27,10.000000000000002,0.243080410403245,9,1,1,1,0
2025-11-28,10.000000000000002,0.243080410403245,10,1,1,1,0
2025-11-29,10.000000000000002,0.243080410403245,5,1,1,1,0
2025-11-30,9.6,0.25320876083671356,8,1,1,1,0
2025-12-01,9.729729729729732,0.24983264402555733,9,1,1,1,0
2025-12-02,9.574468085106384,0.25388398419894476,5,1,1,1,0
2025-12-03,4.242424242424242,0.5729752530933633,7,1,1,1,0
2025-12-04,10.000000000000002,0.243080410403245,10,1,1,1,0
2025-12-05,7.671232876712328,0.3168726778470873,10,1,1,1,0
2025-12-06,6.557377049180328,0.37069762586494864,10,1,1,1,0
2025-12-07,9.021479713603819,0.26944627502370283,6,1,1,1,0
2025-12-08,10.000000000000002,0.243080410403245,10,1,1,1,0
2025-12-09,6.260869565217391,0.3882534332829608,6,1,1,1,0
2025-12-10,9.23076923076923,0.2633371112701821,3,1,1,1,0
2025-12-11,8.571428571428571,0.2835938121371192,4,1,1,1,0
2025-12-12,10.000000000000002,0.243080410403245,9,1,1,1,0
2025-12-13,8.737864077669904,0.2781920252392693,10,1,1,1,0
2025-12-14,7.826086956521739,0.3106027466263686,6,1,1,1,0
2025-12-15,9.72972972972973,0.24983264402555738,9,1,1,1,0
2025-12-16,9.254498714652957,0.26266188790795086,10,1,1,1,0
2025-12-17,8.453539080845356,0.28754869183018783,10,1,1,1,0
2025-12-18,10.000000000000002,0.243080410403245,5,1,1,1,0
2025-12-19,,,1,1,0,1,0
2025-12-20,9.890109890109892,0.24578130385216995,10,1,1,1,0
2025-12-21,10.000000000000002,0.243080410403245,10,1,1,1,0
2025-12-22,9.782608695652176,0.2484821973010949,10,1,1,1,0
2025-12-23,9.283667621776504,0.26183661490966825,9,1,1,1,0
2025-12-24,9.501466275659824,0.2558346294676128,9,1,1,1,0
2025-12-25,9.388971684053653,0.2588999291755197,10,1,1,1,0
2025-12-26,,,0,0,0,1,0
2025-12-27,9.257142857142856,0.2625868630899252,9,1,1,1,0
2025-12-28,,,0,0,0,1,0
2025-12-29,,,2,1,0,1,0
2025-12-30,9.614243323442137,0.2528336367465851,9,1,1,1,0
2025-12-31,,,0,0,0,1,0
2026-01-01,10.000000000000002,0.243080410403245,7,1,1,1,0
2026-01-02,8.873239436619718,0.2739477641052444,7,1,1,1,0
2026-01-03,10.000000000000002,0.243080410403245,8,1,1,1,0
2026-01-04,10.000000000000002,0.243080410403245,10,1,1,1,0
2026-01-05,7.533632286995515,0.32266030666621215,10,1,1,1,0
2026-01-06,,,0,0,0,1,0
2026-01-07,9.171974522292995,0.2650251696757602,4,1,1,1,0
2026-01-08,9.116279069767442,0.2666443277382535,7,1,1,1,0
2026-01-09,10.000000000000002,0.243080410403245,10,1,1,1,0
2026-01-10,10.000000000000002,0.243080410403245,5,1,1,1,0
2026-01-11,9.878048780487807,0.2460814031242727,9,1,1,1,0
2026-01-12,10.000000000000002,0.243080410403245,10,1,1,1,0
2026-01-13,10.000000000000002,0.243080410403245,9,1,1,1,0
2026-01-14,,,0,0,0,1,0
2026-01-15,10.000000000000002,0.243080410403245,8,1,1,1,0
2026-01-16,7.801857585139319,0.3115673514295561,7,1,1,1,0
2026-01-17,9.890109890109892,0.24578130385216995,10,1,1,1,0
2026-01-18,9.642857142857142,0.25208338856632817,3,1,1,1,0
2026-01-19,,,0,0,0,1,0
2026-01-20,10.000000000000002,0.243080410403245,10,1,1,1,0
2026-01-21,8.944099378881988,0.27177740329807254,4,1,1,1,0
2026-01-22,7.232472324723247,0.33609587356775206,7,1,1,1,0
2026-01-23,8.071748878923767,0.3011496195551313,10,1,1,1,0
2026-01-24,10.000000000000002,0.243080410403245,10,1,1,1,0
2026-01-25,,,0,0,0,1,0
2026-01-26,7.411764705882355,0.3279656330837432,7,1,1,1,0
2026-01-27,6.774193548387097,0.35883298678574266,3,1,1,1,0
2026-01-28,9.0282131661442,0.26924531568970544,8,1,1,1,0
2026-01-29,10.000000000000002,0.243080410403245,10,1,1,1,0
2026-01-30,10.000000000000002,0.243080410403245,10,1,1,1,0
2026-01-31,9.10158013544018,0.2670749548825336,8,1,1,1,0
2026-02-01,10.000000000000002,0.243080410403245,10,1,1,1,0
2026-02-02,4.8979591836734695,0.4962891712399586,4,1,1,1,0
2026-02-03,7.262247838616715,0.33471786670605563,7,1,1,1,0
2026-02-04,10.000000000000002,0.243080410403245,10,1,1,1,0
2026-02-05,8.571428571428571,0.2835938121371192,5,1,1,1,0
2026-02-06,6.9806094182825476,0.3482223339506804,6,1,1,1,0
2026-02-07,10.000000000000002,0.243080410403245,10,1,1,1,0
2026-02-08,10.000000000000002,0.243080410403245,10,1,1,1,0
2026-02-09,9.782608695652176,0.2484821973010949,10,1,1,1,0
2026-02-10,7.241379310344827,0.33568247150924313,8,1,1,1,0
2026-02-11,10.000000000000002,0.243080410403245,10,1,1,1,0
2026-02-12,10.000000000000002,0.243080410403245,10,1,1,1,0
2026-02-13,8.823529411764707,0.27549113179034435,10,1,1,1,0
2026-02-14,8.639999999999999,0.2813430675963484,9,1,1,1,0
2026-02-15,5.957446808510638,0.40802783174830415,8,1,1,1,0
2026-02-16,4.329896907216495,0.5613999954551135,7,1,1,1,0
2026-02-17,5.575221238938053,0.43600137104074105,6,1,1,1,0
2026-02-18,9.411764705882353,0.2582729360534478,4,1,1,1,0
2026-02-19,,,0,0,0,1,0
2026-02-20,8.7369985141159,0.2782195853765032,7,1,1,1,0
2026-02-21,10.000000000000002,0.243080410403245,10,1,1,1,0
2026-02-22,,,0,0,0,1,0
2026-02-23,9.863013698630139,0.24645652721440117,8,1,1,1,0
2026-02-24,10.000000000000002,0.243080410403245,10,1,1,1,0
2026-02-25,9.210526315789474,0.26391587415209455,10,1,1,1,0
2026-02-26,10.000000000000002,0.243080410403245,10,1,1,1,0
2026-02-27,8.818040435458789,0.2756626170886888,9,1,1,1,0
2026-02-28,9.756097560975611,0.2491574206633261,10,1,1,1,0
2026-03-01,10.000000000000002,0.243080410403245,10,1,1,1,0
2026-03-02,10.000000000000002,0.243080410403245,10,1,1,1,0
2026-03-03,6.441717791411043,0.37735339900694226,10,1,1,1,0
2026-03-04,6.420382165605096,0.378607385251086,6,1,1,1,0
2026-03-05,,,0,0,0,1,0
2026-03-06,,,0,0,0,1,0
2026-03-07,10.000000000000002,0.243080410403245,6,1,1,1,0
2026-03-08,9.756097560975611,0.2491574206633261,10,1,1,1,0
2026-03-09,10.000000000000002,0.243080410403245,10,1,1,1,0
2026-03-10,9.10158013544018,0.2670749548825336,8,1,1,1,0
2026-03-11,,,2,1,0,1,0
2026-03-12,10.000000000000002,0.243080410403245,10,1,1,1,0
2026-03-13,10.000000000000002,0.243080410403245,6,1,1,1,0
2026-03-14,10.000000000000002,0.243080410403245,10,1,1,1,0
2026-03-15,10.000000000000002,0.243080410403245,10,1,1,1,0
2026-03-16,10.000000000000002,0.243080410403245,8,1,1,1,0
2026-03-17,9.843750000000002,0.24693882961599492,7,1,1,1,0
2026-03-18,10.000000000000002,0.243080410403245,9,1,1,1,0
2026-03-19,8.131655372700871,0.2989310285078001,10,1,1,1,0
2026-03-20,9.113924050632912,0.2667132280813383,10,1,1,1,0
2026-03-21,7.085285848172447,0.34307777500034714,6,1,1,1,0
2026-03-22,9.491525423728815,0.256102575246276,8,1,1,1,0
2026-03-23,10.000000000000002,0.243080410403245,9,1,1,1,0
2026-03-24,9.756097560975611,0.2491574206633261,10,1,1,1,0
2026-03-25,9.0,0.2700893448924945,10,1,1,1,0
2026-03-26,8.307692307692308,0.29259679030020236,6,1,1,1,0
2026-03-27,10.000000000000002,0.243080410403245,10,1,1,1,0
2026-03-28,10.000000000000002,0.243080410403245,10,1,1,1,0
2026-03-29,10.000000000000002,0.243080410403245,10,1,1,1,0
2026-03-30,10.000000000000002,0.243080410403245,10,1,1,1,0
2026-03-31,9.113924050632912,0.2667132280813383,8,1,1,1,0
2026-04-01,9.890109890109892,0.24578130385216995,10,1,1,1,0
2026-04-02,,,1,1,0,1,0
2026-04-03,10.000000000000002,0.243080410403245,10,1,1,1,0
2026-04-04,,,2,1,0,1,0
2026-04-05,10.000000000000002,0.243080410403245,10,1,1,1,0
2026-04-06,10.000000000000002,0.243080410403245,9,1,1,1,0
2026-04-07,10.000000000000002,0.243080410403245,10,1,1,1,0
2026-04-08,10.000000000000002,0.243080410403245,10,1,1,1,0
2026-04-09,10.000000000000002,0.243080410403245,10,1,1,1,0
2026-04-10,9.375,0.2592857710967947,5,1,1,1,0
2026-04-11,9.756097560975611,0.2491574206633261,10,1,1,1,0
2026-04-12,10.000000000000002,0.243080410403245,8,1,1,1,0
2026-04-13,10.000000000000002,0.243080410403245,10,1,1,1,0
2026-04-14,9.890109890109892,0.24578130385216995,10,1,1,1,0
2026-04-15,10.000000000000002,0.243080410403245,3,1,1,1,0
2026-04-16,10.000000000000002,0.243080410403245,3,1,1,1,0
2026-04-17,9.473684210526315,0.25658487764786975,6,1,1,1,0
2026-04-18,10.000000000000002,0.243080410403245,6,1,1,1,0
2026-04-19,10.000000000000002,0.243080410403245,10,1,1,1,0
2026-04-20,10.000000000000002,0.243080410403245,8,1,1,1,0
2026-04-21,10.000000000000002,0.243080410403245,10,1,1,1,0
2026-04-22,9.890109890109892,0.24578130385216995,10,1,1,1,0
2026-04-23,9.574468085106384,0.25388398419894476,10,1,1,1,0
2026-04-24,9.097472924187725,0.26719553048293204,7,1,1,1,0
2026-04-25,9.782608695652176,0.2484821973010949,10,1,1,1,0
2026-04-26,10.000000000000002,0.243080410403245,10,1,1,1,0
2026-04-27,10.000000000000002,0.243080410403245,9,1,1,1,0
2026-04-28,10.000000000000002,0.243080410403245,9,1,1,1,0
2026-04-29,9.843750000000002,0.24693882961599492,7,1,1,1,0
2026-04-30,10.000000000000002,0.243080410403245,10,1,1,1,0
2026-05-01,9.890109890109892,0.24578130385216995,10,1,1,1,0
2026-05-02,10.000000000000002,0.243080410403245,10,1,1,1,0
2026-05-03,10.000000000000002,0.243080410403245,10,1,1,1,0
2026-05-04,10.000000000000002,0.243080410403245,10,1,1,1,0
2026-05-05,10.000000000000002,0.243080410403245,8,1,1,1,0
2026-05-06,10.000000000000002,0.243080410403245,10,1,1,1,0
2026-05-07,10.000000000000002,0.243080410403245,10,1,1,1,0
2026-05-08,9.6514745308311,0.25185831411225107,10,1,1,1,0
2026-05-09,9.491525423728815,0.256102575246276,8,1,1,1,0
2026-05-10,10.000000000000002,0.243080410403245,10,1,1,1,0
2026-05-11,10.000000000000002,0.243080410403245,10,1,1,1,0
2026-05-12,10.000000000000002,0.243080410403245,10,1,1,1,0
2026-05-13,10.000000000000002,0.243080410403245,10,1,1,1,0
2026-05-14,10.000000000000002,0.243080410403245,10,1,1,1,0
2026-05-15,10.000000000000002,0.243080410403245,10,1,1,1,0
2026-05-16,9.320388349514564,0.26080502366181496,8,1,1,1,0
2026-05-17,8.415584415584416,0.2888455493989177,9,1,1,1,0
2026-05-18,8.228571428571428,0.29541022097616587,8,1,1,1,0
2026-05-19,9.021479713603819,0.26944627502370283,6,1,1,1,0
2026-05-20,9.756097560975611,0.2491574206633261,10,1,1,1,0
2026-05-21,10.000000000000002,0.243080410403245,10,1,1,1,0
2026-05-22,10.000000000000002,0.243080410403245,10,1,1,1,0
2026-05-23,,,0,0,0,1,0
2026-05-24,,,2,1,0,1,0
2026-05-25,9.756097560975611,0.2491574206633261,10,1,1,1,0
2026-05-26,10.000000000000002,0.243080410403245,10,1,1,1,0
2026-05-27,10.000000000000002,0.243080410403245,10,1,1,1,0
2026-05-28,10.000000000000002,0.243080410403245,10,1,1,1,0
2026-05-29,10.000000000000002,0.243080410403245,10,1,1,1,0
2026-05-30,10.000000000000002,0.243080410403245,10,1,1,1,0
2026-05-31,10.000000000000002,0.243080410403245,10,1,1,1,0
2026-06-01,10.000000000000002,0.243080410403245,10,1,1,1,0
2026-06-02,10.000000000000002,0.243080410403245,10,1,1,1,0
2026-06-03,10.000000000000002,0.243080410403245,10,1,1,1,0
2026-06-04,9.090909090909092,0.2673884514435695,10,1,1,1,0
2026-06-05,8.88888888888889,0.27346546170365066,10,1,1,1,0
2026-06-06,10.000000000000002,0.243080410403245,10,1,1,1,0
2026-06-07,10.000000000000002,0.243080410403245,10,1,1,1,0
2026-06-08,9.756097560975611,0.2491574206633261,10,1,1,1,0
2026-06-09,7.098591549295775,0.3424347051315555,6,1,1,1,0
2026-06-10,8.987962550156041,0.27045107169368976,8,1,1,1,0
2026-06-11,10.000000000000002,0.243080410403245,10,1,1,1,0
2026-06-12,10.000000000000002,0.243080410403245,10,1,1,1,0
2026-06-13,10.000000000000002,0.243080410403245,10,1,1,1,0
2026-06-14,8.442211055276381,0.2879345337514629,6,1,1,1,0
2026-06-15,10.000000000000002,0.243080410403245,10,1,1,1,0
2026-06-16,10.000000000000002,0.243080410403245,7,1,1,1,0
2026-06-17,,,0,0,0,1,0
2026-06-18,,,0,0,0,1,0
2026-06-19,,,0,0,0,1,0
2026-06-20,,,0,0,0,1,0
2026-06-21,,,1,1,0,1,1
2026-06-22,10.000000000000002,0.243080410403245,7,1,1,1,0
2026-06-23,10.000000000000002,0.243080410403245,5,1,1,1,0
2026-06-24,10.000000000000002,0.243080410403245,6,1,1,1,1
2026-06-25,8.750000000000002,0.2778061833179943,3,1,1,1,1
2026-06-26,,,0,0,0,1,0
2026-06-27,,,1,1,0,1,0
2026-06-28,,,1,1,0,1,0
2026-06-29,,,2,1,0,1,0
2026-06-30,,,2,1,0,1,0
2026-07-01,,,2,1,0,1,0
2026-07-02,,,0,0,0,1,0
2026-07-03,,,0,0,0,1,0
2026-07-04,,,0,0,0,1,0
2026-07-05,,,0,0,0,1,0
2026-07-06,,,0,0,0,1,0
2026-07-07,10.000000000000002,0.243080410403245,4,1,1,1,0
2026-07-08,,,0,0,0,1,0
2026-07-09,,,1,1,0,1,0
2026-07-10,,,0,0,0,1,0
2026-07-11,,,1,1,0,1,0
2026-07-12,,,0,0,0,1,0
2026-07-13,,,1,1,0,1,0
2026-07-14,,,1,1,0,1,0
2026-07-15,,,1,1,0,1,0
2026-07-16,,,2,1,0,1,0
2026-07-17,,,0,0,0,1,0
2026-07-18,,,0,0,0,1,0
2026-07-19,,,0,0,0,1,0
2026-07-20,,,2,1,0,1,0
2026-07-21,,,2,1,0,1,0
2026-07-22,,,1,1,0,1,0
2026-07-23,10.000000000000002,0.243080410403245,3,1,1,1,0
2026-07-24,,,0,0,0,1,0
2026-07-25,,,0,0,0,1,0
2026-07-26,,,0,0,0,1,0
2026-07-27,,,2,1,0,1,0
2026-07-28,,,0,0,0,1,0
2026-07-29,,,2,1,0,1,0
2026-07-30,10.000000000000002,0.243080410403245,3,1,1,1,0
2026-07-31,,,0,0,0,1,0
2026-08-01,,,0,0,0,1,0
2026-08-02,,,0,0,0,1,0
2026-08-03,,,2,1,0,1,0
2026-08-04,,,2,1,0,1,0
2026-08-05,10.000000000000002,0.243080410403245,3,1,1,1,0
2026-08-06,,,0,0,0,1,0
2026-08-07,,,0,0,0,1,0
2026-08-08,,,0,0,0,1,0
2026-08-09,,,0,0,0,1,0
2026-08-10,,,2,1,0,1,0
2026-08-11,,,0,0,0,1,0
2026-08-12,,,0,0,0,1,0
2026-08-13,,,2,1,0,1,0
2026-08-14,,,0,0,0,1,0
2026-08-15,,,0,0,0,1,0
2026-08-16,,,0,0,0,1,0
2026-08-17,,,0,0,0,1,0
2026-08-18,,,0,0,0,1,0
2026-08-19,,,0,0,0,1,0
2026-08-20,,,0,0,0,1,0
2026-08-21,,,0,0,0,1,0
2026-08-22,,,0,0,0,1,0
2026-08-23,,,0,0,0,1,0
2026-08-24,,,0,0,0,1,0
2026-08-25,,,0,0,0,1,0
2026-08-26,,,0,0,0,1,0
2026-08-27,,,0,0,0,1,0
2026-08-28,,,0,0,0,1,0
2026-08-29,,,0,0,0,1,0
2026-08-30,,,0,0,0,1,0
2026-08-31,,,0,0,0,1,0
2026-09-01,,,1,1,0,1,0
2026-09-02,,,1,1,0,1,0
2026-09-03,,,0,0,0,1,0
2026-09-04,,,0,0,0,1,0
2026-09-05,,,0,0,0,1,0
2026-09-06,,,0,0,0,1,0
2026-09-07,,,0,0,0,1,0
2026-09-08,,,0,0,0,1,0
2026-09-09,,,0,0,0,1,0
2026-09-10,,,0,0,0,1,0
2026-09-11,,,0,0,0,1,0
2026-09-12,,,0,0,0,1,0
2026-09-13,,,0,0,0,1,0
2026-09-14,,,1,1,0,1,0
2026-09-15,,,0,0,0,1,0
2026-09-16,,,0,0,0,1,0
2026-09-17,,,0,0,0,1,0
2026-09-18,,,0,0,0,1,0
2026-09-19,,,0,0,0,1,0
2026-09-20,,,0,0,0,1,0
2026-09-21,,,0,0,0,1,0
2026-09-22,,,0,0,0,1,0
2026-09-23,,,0,0,0,1,0
2026-09-24,,,0,0,0,1,0
