date,utci_max_f,utci_max_c,stress_level,stress_category,stress_range_f,normal_f,p10_f,p90_f,anomaly_f,abnormally_high,n_baseline_values,valid,cells_used
2016-01-01,75.43,24.13,0.0,No thermal stress,48.2 to 78.8 F,72.59,59.05,83.16,2.84,0,450,1,"34.25,-118.50 (35.4%); 34.00,-118.25 (23.1%); 34.00,-118.50 (22.6%); 34.25,-118.25 (10.1%); 33.75,-118.25 (6.4%); 34.25,-118.75 (2.4%)"
2016-01-02,73.94,23.3,0.0,No thermal stress,48.2 to 78.8 F,72.55,59.05,83.02,1.39,0,450,1,"34.25,-118.50 (35.4%); 34.00,-118.25 (23.1%); 34.00,-118.50 (22.6%); 34.25,-118.25 (10.1%); 33.75,-118.25 (6.4%); 34.25,-118.75 (2.4%)"
2016-01-03,68.38,20.21,0.0,No thermal stress,48.2 to 78.8 F,72.6,58.43,83.16,-4.22,0,450,1,"34.25,-118.50 (35.4%); 34.00,-118.25 (23.1%); 34.00,-118.50 (22.6%); 34.25,-118.25 (10.1%); 33.75,-118.25 (6.4%); 34.25,-118.75 (2.4%)"
2016-01-04,76.79,24.88,0.0,No thermal stress,48.2 to 78.8 F,72.65,58.45,83.22,4.14,0,450,1,"34.25,-118.50 (35.4%); 34.00,-118.25 (23.1%); 34.00,-118.50 (22.6%); 34.25,-118.25 (10.1%); 33.75,-118.25 (6.4%); 34.25,-118.75 (2.4%)"
2016-01-05,50.09,10.05,0.0,No thermal stress,48.2 to 78.8 F,72.71,58.14,83.16,-22.62,0,450,1,"34.25,-118.50 (35.4%); 34.00,-118.25 (23.1%); 34.00,-118.50 (22.6%); 34.25,-118.25 (10.1%); 33.75,-118.25 (6.4%); 34.25,-118.75 (2.4%)"
2016-01-06,51.26,10.7,0.0,No thermal stress,48.2 to 78.8 F,72.95,58.4,83.57,-21.69,0,450,1,"34.25,-118.50 (35.4%); 34.00,-118.25 (23.1%); 34.00,-118.50 (22.6%); 34.25,-118.25 (10.1%); 33.75,-118.25 (6.4%); 34.25,-118.75 (2.4%)"
2016-01-07,62.17,16.76,0.0,No thermal stress,48.2 to 78.8 F,73.12,58.15,83.84,-10.95,0,450,1,"34.25,-118.50 (35.4%); 34.00,-118.25 (23.1%); 34.00,-118.50 (22.6%); 34.25,-118.25 (10.1%); 33.75,-118.25 (6.4%); 34.25,-118.75 (2.4%)"
2016-01-08,72.33,22.41,0.0,No thermal stress,48.2 to 78.8 F,73.15,57.71,84.08,-0.82,0,450,1,"34.25,-118.50 (35.4%); 34.00,-118.25 (23.1%); 34.00,-118.50 (22.6%); 34.25,-118.25 (10.1%); 33.75,-118.25 (6.4%); 34.25,-118.75 (2.4%)"
2016-01-09,64.77,18.21,0.0,No thermal stress,48.2 to 78.8 F,73.17,57.56,84.23,-8.4,0,450,1,"34.25,-118.50 (35.4%); 34.00,-118.25 (23.1%); 34.00,-118.50 (22.6%); 34.25,-118.25 (10.1%); 33.75,-118.25 (6.4%); 34.25,-118.75 (2.4%)"
2016-01-10,73.15,22.86,0.0,No thermal stress,48.2 to 78.8 F,73.42,57.8,84.26,-0.27,0,450,1,"34.25,-118.50 (35.4%); 34.00,-118.25 (23.1%); 34.00,-118.50 (22.6%); 34.25,-118.25 (10.1%); 33.75,-118.25 (6.4%); 34.25,-118.75 (2.4%)"
2016-01-11,75.19,24.0,0.0,No thermal stress,48.2 to 78.8 F,73.64,58.54,84.31,1.55,0,450,1,"34.25,-118.50 (35.4%); 34.00,-118.25 (23.1%); 34.00,-118.50 (22.6%); 34.25,-118.25 (10.1%); 33.75,-118.25 (6.4%); 34.25,-118.75 (2.4%)"
2016-01-12,77.62,25.34,0.0,No thermal stress,48.2 to 78.8 F,73.72,58.84,84.43,3.9,0,450,1,"34.25,-118.50 (35.4%); 34.00,-118.25 (23.1%); 34.00,-118.50 (22.6%); 34.25,-118.25 (10.1%); 33.75,-118.25 (6.4%); 34.25,-118.75 (2.4%)"
2016-01-13,71.94,22.19,0.0,No thermal stress,48.2 to 78.8 F,73.83,59.77,84.47,-1.89,0,450,1,"34.25,-118.50 (35.4%); 34.00,-118.25 (23.1%); 34.00,-118.50 (22.6%); 34.25,-118.25 (10.1%); 33.75,-118.25 (6.4%); 34.25,-118.75 (2.4%)"
2016-01-14,71.67,22.04,0.0,No thermal stress,48.2 to 78.8 F,73.78,59.79,84.43,-2.11,0,450,1,"34.25,-118.50 (35.4%); 34.00,-118.25 (23.1%); 34.00,-118.50 (22.6%); 34.25,-118.25 (10.1%); 33.75,-118.25 (6.4%); 34.25,-118.75 (2.4%)"
2016-01-15,73.0,22.78,0.0,No thermal stress,48.2 to 78.8 F,73.83,59.79,84.11,-0.83,0,450,1,"34.25,-118.50 (35.4%); 34.00,-118.25 (23.1%); 34.00,-118.50 (22.6%); 34.25,-118.25 (10.1%); 33.75,-118.25 (6.4%); 34.25,-118.75 (2.4%)"
2016-01-16,73.58,23.1,0.0,No thermal stress,48.2 to 78.8 F,73.77,59.79,84.05,-0.19,0,450,1,"34.25,-118.50 (35.4%); 34.00,-118.25 (23.1%); 34.00,-118.50 (22.6%); 34.25,-118.25 (10.1%); 33.75,-118.25 (6.4%); 34.25,-118.75 (2.4%)"
2016-01-17,77.12,25.07,0.0,No thermal stress,48.2 to 78.8 F,73.91,60.07,84.05,3.21,0,450,1,"34.25,-118.50 (35.4%); 34.00,-118.25 (23.1%); 34.00,-118.50 (22.6%); 34.25,-118.25 (10.1%); 33.75,-118.25 (6.4%); 34.25,-118.75 (2.4%)"
2016-01-18,72.42,22.45,0.0,No thermal stress,48.2 to 78.8 F,73.96,60.23,84.12,-1.54,0,450,1,"34.25,-118.50 (35.4%); 34.00,-118.25 (23.1%); 34.00,-118.50 (22.6%); 34.25,-118.25 (10.1%); 33.75,-118.25 (6.4%); 34.25,-118.75 (2.4%)"
2016-01-19,71.68,22.04,0.0,No thermal stress,48.2 to 78.8 F,74.03,60.55,83.96,-2.35,0,450,1,"34.25,-118.50 (35.4%); 34.00,-118.25 (23.1%); 34.00,-118.50 (22.6%); 34.25,-118.25 (10.1%); 33.75,-118.25 (6.4%); 34.25,-118.75 (2.4%)"
2016-01-20,77.43,25.24,0.0,No thermal stress,48.2 to 78.8 F,74.06,60.98,83.82,3.37,0,450,1,"34.25,-118.50 (35.4%); 34.00,-118.25 (23.1%); 34.00,-118.50 (22.6%); 34.25,-118.25 (10.1%); 33.75,-118.25 (6.4%); 34.25,-118.75 (2.4%)"
2016-01-21,82.02,27.79,1.0,Moderate heat stress,78.8 to 89.6 F,74.02,60.98,83.47,8.0,0,450,1,"34.25,-118.50 (35.4%); 34.00,-118.25 (23.1%); 34.00,-118.50 (22.6%); 34.25,-118.25 (10.1%); 33.75,-118.25 (6.4%); 34.25,-118.75 (2.4%)"
2016-01-22,79.79,26.55,1.0,Moderate heat stress,78.8 to 89.6 F,74.04,61.34,83.43,5.75,0,450,1,"34.25,-118.50 (35.4%); 34.00,-118.25 (23.1%); 34.00,-118.50 (22.6%); 34.25,-118.25 (10.1%); 33.75,-118.25 (6.4%); 34.25,-118.75 (2.4%)"
2016-01-23,71.28,21.82,0.0,No thermal stress,48.2 to 78.8 F,74.19,62.04,83.57,-2.91,0,450,1,"34.25,-118.50 (35.4%); 34.00,-118.25 (23.1%); 34.00,-118.50 (22.6%); 34.25,-118.25 (10.1%); 33.75,-118.25 (6.4%); 34.25,-118.75 (2.4%)"
2016-01-24,74.9,23.83,0.0,No thermal stress,48.2 to 78.8 F,74.16,61.34,83.57,0.74,0,450,1,"34.25,-118.50 (35.4%); 34.00,-118.25 (23.1%); 34.00,-118.50 (22.6%); 34.25,-118.25 (10.1%); 33.75,-118.25 (6.4%); 34.25,-118.75 (2.4%)"
2016-01-25,79.68,26.49,1.0,Moderate heat stress,78.8 to 89.6 F,74.2,62.04,83.45,5.48,0,450,1,"34.25,-118.50 (35.4%); 34.00,-118.25 (23.1%); 34.00,-118.50 (22.6%); 34.25,-118.25 (10.1%); 33.75,-118.25 (6.4%); 34.25,-118.75 (2.4%)"
2016-01-26,81.09,27.27,1.0,Moderate heat stress,78.8 to 89.6 F,74.16,62.04,83.43,6.93,0,450,1,"34.25,-118.50 (35.4%); 34.00,-118.25 (23.1%); 34.00,-118.50 (22.6%); 34.25,-118.25 (10.1%); 33.75,-118.25 (6.4%); 34.25,-118.75 (2.4%)"
2016-01-27,75.62,24.23,0.0,No thermal stress,48.2 to 78.8 F,74.13,61.05,83.43,1.49,0,450,1,"34.25,-118.50 (35.4%); 34.00,-118.25 (23.1%); 34.00,-118.50 (22.6%); 34.25,-118.25 (10.1%); 33.75,-118.25 (6.4%); 34.25,-118.75 (2.4%)"
2016-01-28,80.25,26.8,1.0,Moderate heat stress,78.8 to 89.6 F,74.29,62.33,83.45,5.96,0,450,1,"34.25,-118.50 (35.4%); 34.00,-118.25 (23.1%); 34.00,-118.50 (22.6%); 34.25,-118.25 (10.1%); 33.75,-118.25 (6.4%); 34.25,-118.75 (2.4%)"
2016-01-29,78.7,25.95,0.0,No thermal stress,48.2 to 78.8 F,74.5,62.77,83.76,4.2,0,450,1,"34.25,-118.50 (35.4%); 34.00,-118.25 (23.1%); 34.00,-118.50 (22.6%); 34.25,-118.25 (10.1%); 33.75,-118.25 (6.4%); 34.25,-118.75 (2.4%)"
2016-01-30,75.99,24.44,0.0,No thermal stress,48.2 to 78.8 F,74.54,62.6,83.82,1.45,0,450,1,"34.25,-118.50 (35.4%); 34.00,-118.25 (23.1%); 34.00,-118.50 (22.6%); 34.25,-118.25 (10.1%); 33.75,-118.25 (6.4%); 34.25,-118.75 (2.4%)"
2016-01-31,51.7,10.94,0.0,No thermal stress,48.2 to 78.8 F,74.56,62.48,84.29,-22.86,0,450,1,"34.25,-118.50 (35.4%); 34.00,-118.25 (23.1%); 34.00,-118.50 (22.6%); 34.25,-118.25 (10.1%); 33.75,-118.25 (6.4%); 34.25,-118.75 (2.4%)"
2016-02-01,55.69,13.16,0.0,No thermal stress,48.2 to 78.8 F,74.66,62.51,84.85,-18.97,0,450,1,"34.25,-118.50 (35.4%); 34.00,-118.25 (23.1%); 34.00,-118.50 (22.6%); 34.25,-118.25 (10.1%); 33.75,-118.25 (6.4%); 34.25,-118.75 (2.4%)"
2016-02-02,70.45,21.36,0.0,No thermal stress,48.2 to 78.8 F,74.68,62.25,85.08,-4.23,0,450,1,"34.25,-118.50 (35.4%); 34.00,-118.25 (23.1%); 34.00,-118.50 (22.6%); 34.25,-118.25 (10.1%); 33.75,-118.25 (6.4%); 34.25,-118.75 (2.4%)"
2016-02-03,75.87,24.37,0.0,No thermal stress,48.2 to 78.8 F,74.64,61.28,85.19,1.23,0,450,1,"34.25,-118.50 (35.4%); 34.00,-118.25 (23.1%); 34.00,-118.50 (22.6%); 34.25,-118.25 (10.1%); 33.75,-118.25 (6.4%); 34.25,-118.75 (2.4%)"
2016-02-04,78.75,25.97,0.0,No thermal stress,48.2 to 78.8 F,74.64,61.06,85.67,4.11,0,450,1,"34.25,-118.50 (35.4%); 34.00,-118.25 (23.1%); 34.00,-118.50 (22.6%); 34.25,-118.25 (10.1%); 33.75,-118.25 (6.4%); 34.25,-118.75 (2.4%)"
2016-02-05,82.1,27.84,1.0,Moderate heat stress,78.8 to 89.6 F,74.63,61.06,85.85,7.47,0,450,1,"34.25,-118.50 (35.4%); 34.00,-118.25 (23.1%); 34.00,-118.50 (22.6%); 34.25,-118.25 (10.1%); 33.75,-118.25 (6.4%); 34.25,-118.75 (2.4%)"
2016-02-06,85.87,29.93,1.0,Moderate heat stress,78.8 to 89.6 F,74.5,60.42,85.88,11.37,0,450,1,"34.25,-118.50 (35.4%); 34.00,-118.25 (23.1%); 34.00,-118.50 (22.6%); 34.25,-118.25 (10.1%); 33.75,-118.25 (6.4%); 34.25,-118.75 (2.4%)"
2016-02-07,89.19,31.77,1.0,Moderate heat stress,78.8 to 89.6 F,74.47,60.65,85.94,14.72,1,450,1,"34.25,-118.50 (35.4%); 34.00,-118.25 (23.1%); 34.00,-118.50 (22.6%); 34.25,-118.25 (10.1%); 33.75,-118.25 (6.4%); 34.25,-118.75 (2.4%)"
2016-02-08,92.37,33.54,2.0,Strong heat stress,89.6 to 100.4 F,74.55,60.87,85.88,17.82,1,450,1,"34.25,-118.50 (35.4%); 34.00,-118.25 (23.1%); 34.00,-118.50 (22.6%); 34.25,-118.25 (10.1%); 33.75,-118.25 (6.4%); 34.25,-118.75 (2.4%)"
2016-02-09,94.0,34.44,2.0,Strong heat stress,89.6 to 100.4 F,74.42,60.37,85.94,19.58,1,450,1,"34.25,-118.50 (35.4%); 34.00,-118.25 (23.1%); 34.00,-118.50 (22.6%); 34.25,-118.25 (10.1%); 33.75,-118.25 (6.4%); 34.25,-118.75 (2.4%)"
2016-02-10,90.86,32.7,2.0,Strong heat stress,89.6 to 100.4 F,74.25,60.15,85.85,16.61,1,450,1,"34.25,-118.50 (35.4%); 34.00,-118.25 (23.1%); 34.00,-118.50 (22.6%); 34.25,-118.25 (10.1%); 33.75,-118.25 (6.4%); 34.25,-118.75 (2.4%)"
2016-02-11,90.76,32.64,2.0,Strong heat stress,89.6 to 100.4 F,74.17,60.37,85.71,16.59,1,450,1,"34.25,-118.50 (35.4%); 34.00,-118.25 (23.1%); 34.00,-118.50 (22.6%); 34.25,-118.25 (10.1%); 33.75,-118.25 (6.4%); 34.25,-118.75 (2.4%)"
2016-02-12,89.14,31.75,1.0,Moderate heat stress,78.8 to 89.6 F,73.89,60.08,85.58,15.25,1,450,1,"34.25,-118.50 (35.4%); 34.00,-118.25 (23.1%); 34.00,-118.50 (22.6%); 34.25,-118.25 (10.1%); 33.75,-118.25 (6.4%); 34.25,-118.75 (2.4%)"
2016-02-13,85.12,29.51,1.0,Moderate heat stress,78.8 to 89.6 F,73.61,59.32,85.58,11.51,0,450,1,"34.25,-118.50 (35.4%); 34.00,-118.25 (23.1%); 34.00,-118.50 (22.6%); 34.25,-118.25 (10.1%); 33.75,-118.25 (6.4%); 34.25,-118.75 (2.4%)"
2016-02-14,89.63,32.02,2.0,Strong heat stress,89.6 to 100.4 F,73.59,59.66,85.62,16.04,1,450,1,"34.25,-118.50 (35.4%); 34.00,-118.25 (23.1%); 34.00,-118.50 (22.6%); 34.25,-118.25 (10.1%); 33.75,-118.25 (6.4%); 34.25,-118.75 (2.4%)"
2016-02-15,95.65,35.36,2.0,Strong heat stress,89.6 to 100.4 F,73.6,59.16,85.57,22.05,1,450,1,"34.25,-118.50 (35.4%); 34.00,-118.25 (23.1%); 34.00,-118.50 (22.6%); 34.25,-118.25 (10.1%); 33.75,-118.25 (6.4%); 34.25,-118.75 (2.4%)"
2016-02-16,94.29,34.61,2.0,Strong heat stress,89.6 to 100.4 F,73.36,59.08,85.43,20.93,1,450,1,"34.25,-118.50 (35.4%); 34.00,-118.25 (23.1%); 34.00,-118.50 (22.6%); 34.25,-118.25 (10.1%); 33.75,-118.25 (6.4%); 34.25,-118.75 (2.4%)"
2016-02-17,78.88,26.04,1.0,Moderate heat stress,78.8 to 89.6 F,73.38,59.64,85.13,5.5,0,450,1,"34.25,-118.50 (35.4%); 34.00,-118.25 (23.1%); 34.00,-118.50 (22.6%); 34.25,-118.25 (10.1%); 33.75,-118.25 (6.4%); 34.25,-118.75 (2.4%)"
2016-02-18,75.71,24.28,0.0,No thermal stress,48.2 to 78.8 F,73.4,59.84,85.22,2.31,0,450,1,"34.25,-118.50 (35.4%); 34.00,-118.25 (23.1%); 34.00,-118.50 (22.6%); 34.25,-118.25 (10.1%); 33.75,-118.25 (6.4%); 34.25,-118.75 (2.4%)"
2016-02-19,77.85,25.47,0.0,No thermal stress,48.2 to 78.8 F,73.41,60.04,85.29,4.44,0,450,1,"34.25,-118.50 (35.4%); 34.00,-118.25 (23.1%); 34.00,-118.50 (22.6%); 34.25,-118.25 (10.1%); 33.75,-118.25 (6.4%); 34.25,-118.75 (2.4%)"
2016-02-20,79.37,26.32,1.0,Moderate heat stress,78.8 to 89.6 F,73.12,59.84,84.85,6.25,0,450,1,"34.25,-118.50 (35.4%); 34.00,-118.25 (23.1%); 34.00,-118.50 (22.6%); 34.25,-118.25 (10.1%); 33.75,-118.25 (6.4%); 34.25,-118.75 (2.4%)"
2016-02-21,80.24,26.8,1.0,Moderate heat stress,78.8 to 89.6 F,73.12,60.13,84.89,7.12,0,458,1,"34.25,-118.50 (35.4%); 34.00,-118.25 (23.1%); 34.00,-118.50 (22.6%); 34.25,-118.25 (10.1%); 33.75,-118.25 (6.4%); 34.25,-118.75 (2.4%)"
2016-02-22,87.74,30.97,1.0,Moderate heat stress,78.8 to 89.6 F,73.11,60.13,84.79,14.63,1,458,1,"34.25,-118.50 (35.4%); 34.00,-118.25 (23.1%); 34.00,-118.50 (22.6%); 34.25,-118.25 (10.1%); 33.75,-118.25 (6.4%); 34.25,-118.75 (2.4%)"
2016-02-23,88.07,31.15,1.0,Moderate heat stress,78.8 to 89.6 F,72.99,60.01,84.39,15.08,1,458,1,"34.25,-118.50 (35.4%); 34.00,-118.25 (23.1%); 34.00,-118.50 (22.6%); 34.25,-118.25 (10.1%); 33.75,-118.25 (6.4%); 34.25,-118.75 (2.4%)"
2016-02-24,89.25,31.8,1.0,Moderate heat stress,78.8 to 89.6 F,73.02,60.22,84.16,16.23,1,458,1,"34.25,-118.50 (35.4%); 34.00,-118.25 (23.1%); 34.00,-118.50 (22.6%); 34.25,-118.25 (10.1%); 33.75,-118.25 (6.4%); 34.25,-118.75 (2.4%)"
2016-02-25,88.05,31.14,1.0,Moderate heat stress,78.8 to 89.6 F,73.13,60.25,84.44,14.92,1,458,1,"34.25,-118.50 (35.4%); 34.00,-118.25 (23.1%); 34.00,-118.50 (22.6%); 34.25,-118.25 (10.1%); 33.75,-118.25 (6.4%); 34.25,-118.75 (2.4%)"
2016-02-26,85.69,29.83,1.0,Moderate heat stress,78.8 to 89.6 F,73.24,60.23,84.7,12.45,1,458,1,"34.25,-118.50 (35.4%); 34.00,-118.25 (23.1%); 34.00,-118.50 (22.6%); 34.25,-118.25 (10.1%); 33.75,-118.25 (6.4%); 34.25,-118.75 (2.4%)"
2016-02-27,83.29,28.49,1.0,Moderate heat stress,78.8 to 89.6 F,73.37,60.25,84.77,9.92,0,458,1,"34.25,-118.50 (35.4%); 34.00,-118.25 (23.1%); 34.00,-118.50 (22.6%); 34.25,-118.25 (10.1%); 33.75,-118.25 (6.4%); 34.25,-118.75 (2.4%)"
2016-02-28,85.06,29.48,1.0,Moderate heat stress,78.8 to 89.6 F,73.66,61.46,84.89,11.4,1,458,1,"34.25,-118.50 (35.4%); 34.00,-118.25 (23.1%); 34.00,-118.50 (22.6%); 34.25,-118.25 (10.1%); 33.75,-118.25 (6.4%); 34.25,-118.75 (2.4%)"
2016-02-29,86.01,30.01,1.0,Moderate heat stress,78.8 to 89.6 F,73.66,61.46,84.89,12.35,1,458,1,"34.25,-118.50 (35.4%); 34.00,-118.25 (23.1%); 34.00,-118.50 (22.6%); 34.25,-118.25 (10.1%); 33.75,-118.25 (6.4%); 34.25,-118.75 (2.4%)"
2016-03-01,86.05,30.03,1.0,Moderate heat stress,78.8 to 89.6 F,73.88,61.73,85.12,12.17,1,458,1,"34.25,-118.50 (35.4%); 34.00,-118.25 (23.1%); 34.00,-118.50 (22.6%); 34.25,-118.25 (10.1%); 33.75,-118.25 (6.4%); 34.25,-118.75 (2.4%)"
2016-03-02,82.51,28.06,1.0,Moderate heat stress,78.8 to 89.6 F,74.25,62.2,85.7,8.26,0,458,1,"34.25,-118.50 (35.4%); 34.00,-118.25 (23.1%); 34.00,-118.50 (22.6%); 34.25,-118.25 (10.1%); 33.75,-118.25 (6.4%); 34.25,-118.75 (2.4%)"
2016-03-03,80.83,27.13,1.0,Moderate heat stress,78.8 to 89.6 F,74.61,62.73,85.83,6.22,0,458,1,"34.25,-118.50 (35.4%); 34.00,-118.25 (23.1%); 34.00,-118.50 (22.6%); 34.25,-118.25 (10.1%); 33.75,-118.25 (6.4%); 34.25,-118.75 (2.4%)"
2016-03-04,80.33,26.85,1.0,Moderate heat stress,78.8 to 89.6 F,74.89,62.89,86.12,5.44,0,458,1,"34.25,-118.50 (35.4%); 34.00,-118.25 (23.1%); 34.00,-118.50 (22.6%); 34.25,-118.25 (10.1%); 33.75,-118.25 (6.4%); 34.25,-118.75 (2.4%)"
2016-03-05,76.33,24.63,0.0,No thermal stress,48.2 to 78.8 F,75.26,63.01,86.29,1.07,0,458,1,"34.25,-118.50 (35.4%); 34.00,-118.25 (23.1%); 34.00,-118.50 (22.6%); 34.25,-118.25 (10.1%); 33.75,-118.25 (6.4%); 34.25,-118.75 (2.4%)"
2016-03-06,65.66,18.7,0.0,No thermal stress,48.2 to 78.8 F,75.55,63.11,86.36,-9.89,0,458,1,"34.25,-118.50 (35.4%); 34.00,-118.25 (23.1%); 34.00,-118.50 (22.6%); 34.25,-118.25 (10.1%); 33.75,-118.25 (6.4%); 34.25,-118.75 (2.4%)"
2016-03-07,54.07,12.26,0.0,No thermal stress,48.2 to 78.8 F,76.02,64.24,86.52,-21.95,0,458,1,"34.25,-118.50 (35.4%); 34.00,-118.25 (23.1%); 34.00,-118.50 (22.6%); 34.25,-118.25 (10.1%); 33.75,-118.25 (6.4%); 34.25,-118.75 (2.4%)"
2016-03-08,77.71,25.4,0.0,No thermal stress,48.2 to 78.8 F,76.29,64.29,87.01,1.42,0,450,1,"34.25,-118.50 (35.4%); 34.00,-118.25 (23.1%); 34.00,-118.50 (22.6%); 34.25,-118.25 (10.1%); 33.75,-118.25 (6.4%); 34.25,-118.75 (2.4%)"
2016-03-09,79.82,26.57,1.0,Moderate heat stress,78.8 to 89.6 F,76.5,64.29,87.23,3.32,0,450,1,"34.25,-118.50 (35.4%); 34.00,-118.25 (23.1%); 34.00,-118.50 (22.6%); 34.25,-118.25 (10.1%); 33.75,-118.25 (6.4%); 34.25,-118.75 (2.4%)"
2016-03-10,81.5,27.5,1.0,Moderate heat stress,78.8 to 89.6 F,76.71,64.98,87.23,4.79,0,450,1,"34.25,-118.50 (35.4%); 34.00,-118.25 (23.1%); 34.00,-118.50 (22.6%); 34.25,-118.25 (10.1%); 33.75,-118.25 (6.4%); 34.25,-118.75 (2.4%)"
2016-03-11,73.99,23.33,0.0,No thermal stress,48.2 to 78.8 F,76.88,65.48,87.29,-2.89,0,450,1,"34.25,-118.50 (35.4%); 34.00,-118.25 (23.1%); 34.00,-118.50 (22.6%); 34.25,-118.25 (10.1%); 33.75,-118.25 (6.4%); 34.25,-118.75 (2.4%)"
2016-03-12,73.45,23.03,0.0,No thermal stress,48.2 to 78.8 F,77.04,65.61,87.4,-3.59,0,450,1,"34.25,-118.50 (35.4%); 34.00,-118.25 (23.1%); 34.00,-118.50 (22.6%); 34.25,-118.25 (10.1%); 33.75,-118.25 (6.4%); 34.25,-118.75 (2.4%)"
2016-03-13,74.83,23.79,0.0,No thermal stress,48.2 to 78.8 F,77.05,65.66,87.4,-2.22,0,450,1,"34.25,-118.50 (35.4%); 34.00,-118.25 (23.1%); 34.00,-118.50 (22.6%); 34.25,-118.25 (10.1%); 33.75,-118.25 (6.4%); 34.25,-118.75 (2.4%)"
2016-03-14,76.13,24.52,0.0,No thermal stress,48.2 to 78.8 F,77.2,66.2,87.24,-1.07,0,450,1,"34.25,-118.50 (35.4%); 34.00,-118.25 (23.1%); 34.00,-118.50 (22.6%); 34.25,-118.25 (10.1%); 33.75,-118.25 (6.4%); 34.25,-118.75 (2.4%)"
2016-03-15,83.57,28.65,1.0,Moderate heat stress,78.8 to 89.6 F,77.13,66.47,87.16,6.44,0,450,1,"34.25,-118.50 (35.4%); 34.00,-118.25 (23.1%); 34.00,-118.50 (22.6%); 34.25,-118.25 (10.1%); 33.75,-118.25 (6.4%); 34.25,-118.75 (2.4%)"
2016-03-16,89.08,31.71,1.0,Moderate heat stress,78.8 to 89.6 F,76.96,66.2,87.01,12.12,1,450,1,"34.25,-118.50 (35.4%); 34.00,-118.25 (23.1%); 34.00,-118.50 (22.6%); 34.25,-118.25 (10.1%); 33.75,-118.25 (6.4%); 34.25,-118.75 (2.4%)"
2016-03-17,85.38,29.66,1.0,Moderate heat stress,78.8 to 89.6 F,76.79,66.1,86.42,8.59,0,450,1,"34.25,-118.50 (35.4%); 34.00,-118.25 (23.1%); 34.00,-118.50 (22.6%); 34.25,-118.25 (10.1%); 33.75,-118.25 (6.4%); 34.25,-118.75 (2.4%)"
2016-03-18,80.66,27.04,1.0,Moderate heat stress,78.8 to 89.6 F,76.54,65.69,86.25,4.12,0,450,1,"34.25,-118.50 (35.4%); 34.00,-118.25 (23.1%); 34.00,-118.50 (22.6%); 34.25,-118.25 (10.1%); 33.75,-118.25 (6.4%); 34.25,-118.75 (2.4%)"
2016-03-19,82.12,27.84,1.0,Moderate heat stress,78.8 to 89.6 F,76.41,65.67,85.73,5.71,0,450,1,"34.25,-118.50 (35.4%); 34.00,-118.25 (23.1%); 34.00,-118.50 (22.6%); 34.25,-118.25 (10.1%); 33.75,-118.25 (6.4%); 34.25,-118.75 (2.4%)"
2016-03-20,81.86,27.7,1.0,Moderate heat stress,78.8 to 89.6 F,76.15,65.6,85.51,5.71,0,450,1,"34.25,-118.50 (35.4%); 34.00,-118.25 (23.1%); 34.00,-118.50 (22.6%); 34.25,-118.25 (10.1%); 33.75,-118.25 (6.4%); 34.25,-118.75 (2.4%)"
2016-03-21,79.11,26.17,1.0,Moderate heat stress,78.8 to 89.6 F,75.92,65.34,85.38,3.19,0,450,1,"34.25,-118.50 (35.4%); 34.00,-118.25 (23.1%); 34.00,-118.50 (22.6%); 34.25,-118.25 (10.1%); 33.75,-118.25 (6.4%); 34.25,-118.75 (2.4%)"
2016-03-22,71.69,22.05,0.0,No thermal stress,48.2 to 78.8 F,75.93,65.39,85.36,-4.24,0,450,1,"34.25,-118.50 (35.4%); 34.00,-118.25 (23.1%); 34.00,-118.50 (22.6%); 34.25,-118.25 (10.1%); 33.75,-118.25 (6.4%); 34.25,-118.75 (2.4%)"
2016-03-23,86.12,30.07,1.0,Moderate heat stress,78.8 to 89.6 F,76.09,65.69,85.38,10.03,1,450,1,"34.25,-118.50 (35.4%); 34.00,-118.25 (23.1%); 34.00,-118.50 (22.6%); 34.25,-118.25 (10.1%); 33.75,-118.25 (6.4%); 34.25,-118.75 (2.4%)"
2016-03-24,86.24,30.13,1.0,Moderate heat stress,78.8 to 89.6 F,76.09,65.79,85.26,10.15,1,450,1,"34.25,-118.50 (35.4%); 34.00,-118.25 (23.1%); 34.00,-118.50 (22.6%); 34.25,-118.25 (10.1%); 33.75,-118.25 (6.4%); 34.25,-118.75 (2.4%)"
2016-03-25,84.53,29.18,1.0,Moderate heat stress,78.8 to 89.6 F,76.04,65.69,85.13,8.49,0,450,1,"34.25,-118.50 (35.4%); 34.00,-118.25 (23.1%); 34.00,-118.50 (22.6%); 34.25,-118.25 (10.1%); 33.75,-118.25 (6.4%); 34.25,-118.75 (2.4%)"
2016-03-26,83.8,28.78,1.0,Moderate heat stress,78.8 to 89.6 F,76.01,65.69,84.88,7.79,0,450,1,"34.25,-118.50 (35.4%); 34.00,-118.25 (23.1%); 34.00,-118.50 (22.6%); 34.25,-118.25 (10.1%); 33.75,-118.25 (6.4%); 34.25,-118.75 (2.4%)"
2016-03-27,81.63,27.57,1.0,Moderate heat stress,78.8 to 89.6 F,76.01,65.69,85.23,5.62,0,450,1,"34.25,-118.50 (35.4%); 34.00,-118.25 (23.1%); 34.00,-118.50 (22.6%); 34.25,-118.25 (10.1%); 33.75,-118.25 (6.4%); 34.25,-118.75 (2.4%)"
2016-03-28,67.44,19.69,0.0,No thermal stress,48.2 to 78.8 F,76.14,65.79,84.93,-8.7,0,450,1,"34.25,-118.50 (35.4%); 34.00,-118.25 (23.1%); 34.00,-118.50 (22.6%); 34.25,-118.25 (10.1%); 33.75,-118.25 (6.4%); 34.25,-118.75 (2.4%)"
2016-03-29,68.41,20.23,0.0,No thermal stress,48.2 to 78.8 F,76.18,65.67,85.02,-7.77,0,450,1,"34.25,-118.50 (35.4%); 34.00,-118.25 (23.1%); 34.00,-118.50 (22.6%); 34.25,-118.25 (10.1%); 33.75,-118.25 (6.4%); 34.25,-118.75 (2.4%)"
2016-03-30,73.99,23.33,0.0,No thermal stress,48.2 to 78.8 F,76.36,65.67,85.36,-2.37,0,450,1,"34.25,-118.50 (35.4%); 34.00,-118.25 (23.1%); 34.00,-118.50 (22.6%); 34.25,-118.25 (10.1%); 33.75,-118.25 (6.4%); 34.25,-118.75 (2.4%)"
2016-03-31,78.55,25.86,0.0,No thermal stress,48.2 to 78.8 F,76.55,66.06,85.47,2.0,0,450,1,"34.25,-118.50 (35.4%); 34.00,-118.25 (23.1%); 34.00,-118.50 (22.6%); 34.25,-118.25 (10.1%); 33.75,-118.25 (6.4%); 34.25,-118.75 (2.4%)"
2016-04-01,80.4,26.89,1.0,Moderate heat stress,78.8 to 89.6 F,76.59,66.04,85.57,3.81,0,450,1,"34.25,-118.50 (35.4%); 34.00,-118.25 (23.1%); 34.00,-118.50 (22.6%); 34.25,-118.25 (10.1%); 33.75,-118.25 (6.4%); 34.25,-118.75 (2.4%)"
2016-04-02,83.03,28.35,1.0,Moderate heat stress,78.8 to 89.6 F,76.75,66.28,85.95,6.28,0,450,1,"34.25,-118.50 (35.4%); 34.00,-118.25 (23.1%); 34.00,-118.50 (22.6%); 34.25,-118.25 (10.1%); 33.75,-118.25 (6.4%); 34.25,-118.75 (2.4%)"
2016-04-03,85.37,29.65,1.0,Moderate heat stress,78.8 to 89.6 F,76.9,66.5,85.98,8.47,0,450,1,"34.25,-118.50 (35.4%); 34.00,-118.25 (23.1%); 34.00,-118.50 (22.6%); 34.25,-118.25 (10.1%); 33.75,-118.25 (6.4%); 34.25,-118.75 (2.4%)"
2016-04-04,84.16,28.98,1.0,Moderate heat stress,78.8 to 89.6 F,77.01,66.5,85.98,7.15,0,450,1,"34.25,-118.50 (35.4%); 34.00,-118.25 (23.1%); 34.00,-118.50 (22.6%); 34.25,-118.25 (10.1%); 33.75,-118.25 (6.4%); 34.25,-118.75 (2.4%)"
2016-04-05,91.48,33.04,2.0,Strong heat stress,89.6 to 100.4 F,77.16,66.85,85.98,14.32,1,450,1,"34.25,-118.50 (35.4%); 34.00,-118.25 (23.1%); 34.00,-118.50 (22.6%); 34.25,-118.25 (10.1%); 33.75,-118.25 (6.4%); 34.25,-118.75 (2.4%)"
2016-04-06,91.67,33.15,2.0,Strong heat stress,89.6 to 100.4 F,77.17,66.73,86.04,14.5,1,450,1,"34.25,-118.50 (35.4%); 34.00,-118.25 (23.1%); 34.00,-118.50 (22.6%); 34.25,-118.25 (10.1%); 33.75,-118.25 (6.4%); 34.25,-118.75 (2.4%)"
2016-04-07,79.18,26.21,1.0,Moderate heat stress,78.8 to 89.6 F,77.03,66.45,86.18,2.15,0,450,1,"34.25,-118.50 (35.4%); 34.00,-118.25 (23.1%); 34.00,-118.50 (22.6%); 34.25,-118.25 (10.1%); 33.75,-118.25 (6.4%); 34.25,-118.75 (2.4%)"
2016-04-08,69.4,20.78,0.0,No thermal stress,48.2 to 78.8 F,77.01,66.39,86.18,-7.61,0,450,1,"34.25,-118.50 (35.4%); 34.00,-118.25 (23.1%); 34.00,-118.50 (22.6%); 34.25,-118.25 (10.1%); 33.75,-118.25 (6.4%); 34.25,-118.75 (2.4%)"
2016-04-09,66.99,19.44,0.0,No thermal stress,48.2 to 78.8 F,77.11,66.5,86.18,-10.12,0,450,1,"34.25,-118.50 (35.4%); 34.00,-118.25 (23.1%); 34.00,-118.50 (22.6%); 34.25,-118.25 (10.1%); 33.75,-118.25 (6.4%); 34.25,-118.75 (2.4%)"
2016-04-10,76.25,24.58,0.0,No thermal stress,48.2 to 78.8 F,77.22,66.5,86.33,-0.97,0,450,1,"34.25,-118.50 (35.4%); 34.00,-118.25 (23.1%); 34.00,-118.50 (22.6%); 34.25,-118.25 (10.1%); 33.75,-118.25 (6.4%); 34.25,-118.75 (2.4%)"
2016-04-11,77.59,25.33,0.0,No thermal stress,48.2 to 78.8 F,77.37,66.5,86.44,0.22,0,450,1,"34.25,-118.50 (35.4%); 34.00,-118.25 (23.1%); 34.00,-118.50 (22.6%); 34.25,-118.25 (10.1%); 33.75,-118.25 (6.4%); 34.25,-118.75 (2.4%)"
2016-04-12,78.99,26.11,1.0,Moderate heat stress,78.8 to 89.6 F,77.65,67.0,87.14,1.34,0,450,1,"34.25,-118.50 (35.4%); 34.00,-118.25 (23.1%); 34.00,-118.50 (22.6%); 34.25,-118.25 (10.1%); 33.75,-118.25 (6.4%); 34.25,-118.75 (2.4%)"
2016-04-13,78.9,26.05,1.0,Moderate heat stress,78.8 to 89.6 F,77.91,67.72,87.36,0.99,0,450,1,"34.25,-118.50 (35.4%); 34.00,-118.25 (23.1%); 34.00,-118.50 (22.6%); 34.25,-118.25 (10.1%); 33.75,-118.25 (6.4%); 34.25,-118.75 (2.4%)"
2016-04-14,75.81,24.34,0.0,No thermal stress,48.2 to 78.8 F,78.05,67.77,87.78,-2.24,0,450,1,"34.25,-118.50 (35.4%); 34.00,-118.25 (23.1%); 34.00,-118.50 (22.6%); 34.25,-118.25 (10.1%); 33.75,-118.25 (6.4%); 34.25,-118.75 (2.4%)"
2016-04-15,81.67,27.59,1.0,Moderate heat stress,78.8 to 89.6 F,78.13,67.87,87.36,3.54,0,450,1,"34.25,-118.50 (35.4%); 34.00,-118.25 (23.1%); 34.00,-118.50 (22.6%); 34.25,-118.25 (10.1%); 33.75,-118.25 (6.4%); 34.25,-118.75 (2.4%)"
2016-04-16,87.13,30.63,1.0,Moderate heat stress,78.8 to 89.6 F,78.37,68.18,87.71,8.76,0,450,1,"34.25,-118.50 (35.4%); 34.00,-118.25 (23.1%); 34.00,-118.50 (22.6%); 34.25,-118.25 (10.1%); 33.75,-118.25 (6.4%); 34.25,-118.75 (2.4%)"
2016-04-17,91.85,33.25,2.0,Strong heat stress,89.6 to 100.4 F,78.61,68.44,87.95,13.24,1,450,1,"34.25,-118.50 (35.4%); 34.00,-118.25 (23.1%); 34.00,-118.50 (22.6%); 34.25,-118.25 (10.1%); 33.75,-118.25 (6.4%); 34.25,-118.75 (2.4%)"
2016-04-18,90.9,32.72,2.0,Strong heat stress,89.6 to 100.4 F,78.81,68.39,88.61,12.09,1,450,1,"34.25,-118.50 (35.4%); 34.00,-118.25 (23.1%); 34.00,-118.50 (22.6%); 34.25,-118.25 (10.1%); 33.75,-118.25 (6.4%); 34.25,-118.75 (2.4%)"
2016-04-19,91.4,33.0,2.0,Strong heat stress,89.6 to 100.4 F,79.09,68.79,89.73,12.31,1,450,1,"34.25,-118.50 (35.4%); 34.00,-118.25 (23.1%); 34.00,-118.50 (22.6%); 34.25,-118.25 (10.1%); 33.75,-118.25 (6.4%); 34.25,-118.75 (2.4%)"
2016-04-20,87.7,30.95,1.0,Moderate heat stress,78.8 to 89.6 F,79.38,69.46,89.75,8.32,0,450,1,"34.25,-118.50 (35.4%); 34.00,-118.25 (23.1%); 34.00,-118.50 (22.6%); 34.25,-118.25 (10.1%); 33.75,-118.25 (6.4%); 34.25,-118.75 (2.4%)"
2016-04-21,85.35,29.64,1.0,Moderate heat stress,78.8 to 89.6 F,79.59,69.51,89.92,5.76,0,450,1,"34.25,-118.50 (35.4%); 34.00,-118.25 (23.1%); 34.00,-118.50 (22.6%); 34.25,-118.25 (10.1%); 33.75,-118.25 (6.4%); 34.25,-118.75 (2.4%)"
2016-04-22,80.37,26.87,1.0,Moderate heat stress,78.8 to 89.6 F,79.85,70.13,90.36,0.52,0,450,1,"34.25,-118.50 (35.4%); 34.00,-118.25 (23.1%); 34.00,-118.50 (22.6%); 34.25,-118.25 (10.1%); 33.75,-118.25 (6.4%); 34.25,-118.75 (2.4%)"
2016-04-23,81.67,27.6,1.0,Moderate heat stress,78.8 to 89.6 F,80.12,70.7,90.47,1.55,0,450,1,"34.25,-118.50 (35.4%); 34.00,-118.25 (23.1%); 34.00,-118.50 (22.6%); 34.25,-118.25 (10.1%); 33.75,-118.25 (6.4%); 34.25,-118.75 (2.4%)"
2016-04-24,82.1,27.83,1.0,Moderate heat stress,78.8 to 89.6 F,80.4,70.89,90.5,1.7,0,450,1,"34.25,-118.50 (35.4%); 34.00,-118.25 (23.1%); 34.00,-118.50 (22.6%); 34.25,-118.25 (10.1%); 33.75,-118.25 (6.4%); 34.25,-118.75 (2.4%)"
2016-04-25,70.7,21.5,0.0,No thermal stress,48.2 to 78.8 F,80.62,71.2,90.53,-9.92,0,450,1,"34.25,-118.50 (35.4%); 34.00,-118.25 (23.1%); 34.00,-118.50 (22.6%); 34.25,-118.25 (10.1%); 33.75,-118.25 (6.4%); 34.25,-118.75 (2.4%)"
2016-04-26,77.33,25.19,0.0,No thermal stress,48.2 to 78.8 F,80.82,71.53,90.85,-3.49,0,450,1,"34.25,-118.50 (35.4%); 34.00,-118.25 (23.1%); 34.00,-118.50 (22.6%); 34.25,-118.25 (10.1%); 33.75,-118.25 (6.4%); 34.25,-118.75 (2.4%)"
2016-04-27,77.1,25.05,0.0,No thermal stress,48.2 to 78.8 F,80.86,71.59,91.11,-3.76,0,450,1,"34.25,-118.50 (35.4%); 34.00,-118.25 (23.1%); 34.00,-118.50 (22.6%); 34.25,-118.25 (10.1%); 33.75,-118.25 (6.4%); 34.25,-118.75 (2.4%)"
2016-04-28,79.96,26.65,1.0,Moderate heat stress,78.8 to 89.6 F,80.85,71.6,91.19,-0.89,0,450,1,"34.25,-118.50 (35.4%); 34.00,-118.25 (23.1%); 34.00,-118.50 (22.6%); 34.25,-118.25 (10.1%); 33.75,-118.25 (6.4%); 34.25,-118.75 (2.4%)"
2016-04-29,78.06,25.59,0.0,No thermal stress,48.2 to 78.8 F,80.85,71.6,91.15,-2.79,0,450,1,"34.25,-118.50 (35.4%); 34.00,-118.25 (23.1%); 34.00,-118.50 (22.6%); 34.25,-118.25 (10.1%); 33.75,-118.25 (6.4%); 34.25,-118.75 (2.4%)"
2016-04-30,77.33,25.18,0.0,No thermal stress,48.2 to 78.8 F,81.0,71.63,91.32,-3.67,0,450,1,"34.25,-118.50 (35.4%); 34.00,-118.25 (23.1%); 34.00,-118.50 (22.6%); 34.25,-118.25 (10.1%); 33.75,-118.25 (6.4%); 34.25,-118.75 (2.4%)"
2016-05-01,78.07,25.59,0.0,No thermal stress,48.2 to 78.8 F,81.07,71.6,92.1,-3.0,0,450,1,"34.25,-118.50 (35.4%); 34.00,-118.25 (23.1%); 34.00,-118.50 (22.6%); 34.25,-118.25 (10.1%); 33.75,-118.25 (6.4%); 34.25,-118.75 (2.4%)"
2016-05-02,83.78,28.77,1.0,Moderate heat stress,78.8 to 89.6 F,81.1,71.7,91.32,2.68,0,450,1,"34.25,-118.50 (35.4%); 34.00,-118.25 (23.1%); 34.00,-118.50 (22.6%); 34.25,-118.25 (10.1%); 33.75,-118.25 (6.4%); 34.25,-118.75 (2.4%)"
2016-05-03,86.64,30.36,1.0,Moderate heat stress,78.8 to 89.6 F,81.05,72.12,90.89,5.59,0,450,1,"34.25,-118.50 (35.4%); 34.00,-118.25 (23.1%); 34.00,-118.50 (22.6%); 34.25,-118.25 (10.1%); 33.75,-118.25 (6.4%); 34.25,-118.75 (2.4%)"
2016-05-04,80.28,26.82,1.0,Moderate heat stress,78.8 to 89.6 F,80.99,72.17,90.53,-0.71,0,450,1,"34.25,-118.50 (35.4%); 34.00,-118.25 (23.1%); 34.00,-118.50 (22.6%); 34.25,-118.25 (10.1%); 33.75,-118.25 (6.4%); 34.25,-118.75 (2.4%)"
2016-05-05,72.38,22.43,0.0,No thermal stress,48.2 to 78.8 F,81.0,72.53,90.64,-8.62,0,450,1,"34.25,-118.50 (35.4%); 34.00,-118.25 (23.1%); 34.00,-118.50 (22.6%); 34.25,-118.25 (10.1%); 33.75,-118.25 (6.4%); 34.25,-118.75 (2.4%)"
2016-05-06,74.89,23.83,0.0,No thermal stress,48.2 to 78.8 F,81.02,72.78,90.64,-6.13,0,450,1,"34.25,-118.50 (35.4%); 34.00,-118.25 (23.1%); 34.00,-118.50 (22.6%); 34.25,-118.25 (10.1%); 33.75,-118.25 (6.4%); 34.25,-118.75 (2.4%)"
2016-05-07,73.56,23.09,0.0,No thermal stress,48.2 to 78.8 F,81.0,72.78,90.18,-7.44,0,450,1,"34.25,-118.50 (35.4%); 34.00,-118.25 (23.1%); 34.00,-118.50 (22.6%); 34.25,-118.25 (10.1%); 33.75,-118.25 (6.4%); 34.25,-118.75 (2.4%)"
2016-05-08,76.54,24.74,0.0,No thermal stress,48.2 to 78.8 F,80.99,72.59,90.42,-4.45,0,450,1,"34.25,-118.50 (35.4%); 34.00,-118.25 (23.1%); 34.00,-118.50 (22.6%); 34.25,-118.25 (10.1%); 33.75,-118.25 (6.4%); 34.25,-118.75 (2.4%)"
2016-05-09,78.13,25.63,0.0,No thermal stress,48.2 to 78.8 F,80.93,72.15,90.43,-2.8,0,450,1,"34.25,-118.50 (35.4%); 34.00,-118.25 (23.1%); 34.00,-118.50 (22.6%); 34.25,-118.25 (10.1%); 33.75,-118.25 (6.4%); 34.25,-118.75 (2.4%)"
2016-05-10,81.29,27.39,1.0,Moderate heat stress,78.8 to 89.6 F,80.9,72.53,90.02,0.39,0,450,1,"34.25,-118.50 (35.4%); 34.00,-118.25 (23.1%); 34.00,-118.50 (22.6%); 34.25,-118.25 (10.1%); 33.75,-118.25 (6.4%); 34.25,-118.75 (2.4%)"
2016-05-11,82.37,27.98,1.0,Moderate heat stress,78.8 to 89.6 F,80.77,72.38,89.62,1.6,0,450,1,"34.25,-118.50 (35.4%); 34.00,-118.25 (23.1%); 34.00,-118.50 (22.6%); 34.25,-118.25 (10.1%); 33.75,-118.25 (6.4%); 34.25,-118.75 (2.4%)"
2016-05-12,85.42,29.68,1.0,Moderate heat stress,78.8 to 89.6 F,80.78,72.53,89.44,4.64,0,450,1,"34.25,-118.50 (35.4%); 34.00,-118.25 (23.1%); 34.00,-118.50 (22.6%); 34.25,-118.25 (10.1%); 33.75,-118.25 (6.4%); 34.25,-118.75 (2.4%)"
2016-05-13,84.68,29.27,1.0,Moderate heat stress,78.8 to 89.6 F,80.86,72.76,89.44,3.82,0,450,1,"34.25,-118.50 (35.4%); 34.00,-118.25 (23.1%); 34.00,-118.50 (22.6%); 34.25,-118.25 (10.1%); 33.75,-118.25 (6.4%); 34.25,-118.75 (2.4%)"
2016-05-14,79.72,26.51,1.0,Moderate heat stress,78.8 to 89.6 F,80.99,73.38,89.42,-1.27,0,450,1,"34.25,-118.50 (35.4%); 34.00,-118.25 (23.1%); 34.00,-118.50 (22.6%); 34.25,-118.25 (10.1%); 33.75,-118.25 (6.4%); 34.25,-118.75 (2.4%)"
2016-05-15,80.39,26.88,1.0,Moderate heat stress,78.8 to 89.6 F,81.01,73.38,89.3,-0.62,0,450,1,"34.25,-118.50 (35.4%); 34.00,-118.25 (23.1%); 34.00,-118.50 (22.6%); 34.25,-118.25 (10.1%); 33.75,-118.25 (6.4%); 34.25,-118.75 (2.4%)"
2016-05-16,82.49,28.05,1.0,Moderate heat stress,78.8 to 89.6 F,80.9,73.09,89.18,1.59,0,450,1,"34.25,-118.50 (35.4%); 34.00,-118.25 (23.1%); 34.00,-118.50 (22.6%); 34.25,-118.25 (10.1%); 33.75,-118.25 (6.4%); 34.25,-118.75 (2.4%)"
2016-05-17,81.86,27.7,1.0,Moderate heat stress,78.8 to 89.6 F,80.92,73.65,88.92,0.94,0,450,1,"34.25,-118.50 (35.4%); 34.00,-118.25 (23.1%); 34.00,-118.50 (22.6%); 34.25,-118.25 (10.1%); 33.75,-118.25 (6.4%); 34.25,-118.75 (2.4%)"
2016-05-18,82.14,27.86,1.0,Moderate heat stress,78.8 to 89.6 F,80.81,73.65,88.9,1.33,0,450,1,"34.25,-118.50 (35.4%); 34.00,-118.25 (23.1%); 34.00,-118.50 (22.6%); 34.25,-118.25 (10.1%); 33.75,-118.25 (6.4%); 34.25,-118.75 (2.4%)"
2016-05-19,81.36,27.42,1.0,Moderate heat stress,78.8 to 89.6 F,80.73,73.38,88.9,0.63,0,450,1,"34.25,-118.50 (35.4%); 34.00,-118.25 (23.1%); 34.00,-118.50 (22.6%); 34.25,-118.25 (10.1%); 33.75,-118.25 (6.4%); 34.25,-118.75 (2.4%)"
2016-05-20,71.53,21.96,0.0,No thermal stress,48.2 to 78.8 F,80.75,73.65,88.89,-9.22,0,450,1,"34.25,-118.50 (35.4%); 34.00,-118.25 (23.1%); 34.00,-118.50 (22.6%); 34.25,-118.25 (10.1%); 33.75,-118.25 (6.4%); 34.25,-118.75 (2.4%)"
2016-05-21,72.47,22.48,0.0,No thermal stress,48.2 to 78.8 F,80.84,73.96,88.83,-8.37,0,450,1,"34.25,-118.50 (35.4%); 34.00,-118.25 (23.1%); 34.00,-118.50 (22.6%); 34.25,-118.25 (10.1%); 33.75,-118.25 (6.4%); 34.25,-118.75 (2.4%)"
2016-05-22,79.93,26.63,1.0,Moderate heat stress,78.8 to 89.6 F,81.0,74.19,88.89,-1.07,0,450,1,"34.25,-118.50 (35.4%); 34.00,-118.25 (23.1%); 34.00,-118.50 (22.6%); 34.25,-118.25 (10.1%); 33.75,-118.25 (6.4%); 34.25,-118.75 (2.4%)"
2016-05-23,75.5,24.17,0.0,No thermal stress,48.2 to 78.8 F,81.14,74.3,88.8,-5.64,0,450,1,"34.25,-118.50 (35.4%); 34.00,-118.25 (23.1%); 34.00,-118.50 (22.6%); 34.25,-118.25 (10.1%); 33.75,-118.25 (6.4%); 34.25,-118.75 (2.4%)"
2016-05-24,75.26,24.03,0.0,No thermal stress,48.2 to 78.8 F,81.34,74.7,88.89,-6.08,0,450,1,"34.25,-118.50 (35.4%); 34.00,-118.25 (23.1%); 34.00,-118.50 (22.6%); 34.25,-118.25 (10.1%); 33.75,-118.25 (6.4%); 34.25,-118.75 (2.4%)"
2016-05-25,73.97,23.31,0.0,No thermal stress,48.2 to 78.8 F,81.5,74.72,89.0,-7.53,0,450,1,"34.25,-118.50 (35.4%); 34.00,-118.25 (23.1%); 34.00,-118.50 (22.6%); 34.25,-118.25 (10.1%); 33.75,-118.25 (6.4%); 34.25,-118.75 (2.4%)"
2016-05-26,83.22,28.45,1.0,Moderate heat stress,78.8 to 89.6 F,81.71,75.09,89.34,1.51,0,450,1,"34.25,-118.50 (35.4%); 34.00,-118.25 (23.1%); 34.00,-118.50 (22.6%); 34.25,-118.25 (10.1%); 33.75,-118.25 (6.4%); 34.25,-118.75 (2.4%)"
2016-05-27,82.5,28.05,1.0,Moderate heat stress,78.8 to 89.6 F,81.88,75.21,89.48,0.62,0,450,1,"34.25,-118.50 (35.4%); 34.00,-118.25 (23.1%); 34.00,-118.50 (22.6%); 34.25,-118.25 (10.1%); 33.75,-118.25 (6.4%); 34.25,-118.75 (2.4%)"
2016-05-28,81.47,27.48,1.0,Moderate heat stress,78.8 to 89.6 F,82.06,75.3,89.48,-0.59,0,450,1,"34.25,-118.50 (35.4%); 34.00,-118.25 (23.1%); 34.00,-118.50 (22.6%); 34.25,-118.25 (10.1%); 33.75,-118.25 (6.4%); 34.25,-118.75 (2.4%)"
2016-05-29,81.39,27.44,1.0,Moderate heat stress,78.8 to 89.6 F,82.07,75.61,89.34,-0.68,0,450,1,"34.25,-118.50 (35.4%); 34.00,-118.25 (23.1%); 34.00,-118.50 (22.6%); 34.25,-118.25 (10.1%); 33.75,-118.25 (6.4%); 34.25,-118.75 (2.4%)"
2016-05-30,82.27,27.93,1.0,Moderate heat stress,78.8 to 89.6 F,82.14,76.03,89.01,0.13,0,450,1,"34.25,-118.50 (35.4%); 34.00,-118.25 (23.1%); 34.00,-118.50 (22.6%); 34.25,-118.25 (10.1%); 33.75,-118.25 (6.4%); 34.25,-118.75 (2.4%)"
2016-05-31,82.07,27.82,1.0,Moderate heat stress,78.8 to 89.6 F,82.32,76.37,88.92,-0.25,0,450,1,"34.25,-118.50 (35.4%); 34.00,-118.25 (23.1%); 34.00,-118.50 (22.6%); 34.25,-118.25 (10.1%); 33.75,-118.25 (6.4%); 34.25,-118.75 (2.4%)"
2016-06-01,83.59,28.66,1.0,Moderate heat stress,78.8 to 89.6 F,82.5,76.41,88.99,1.09,0,450,1,"34.25,-118.50 (35.4%); 34.00,-118.25 (23.1%); 34.00,-118.50 (22.6%); 34.25,-118.25 (10.1%); 33.75,-118.25 (6.4%); 34.25,-118.75 (2.4%)"
2016-06-02,90.99,32.77,2.0,Strong heat stress,89.6 to 100.4 F,82.91,77.11,89.59,8.08,1,450,1,"34.25,-118.50 (35.4%); 34.00,-118.25 (23.1%); 34.00,-118.50 (22.6%); 34.25,-118.25 (10.1%); 33.75,-118.25 (6.4%); 34.25,-118.75 (2.4%)"
2016-06-03,94.85,34.92,2.0,Strong heat stress,89.6 to 100.4 F,83.26,77.37,89.96,11.59,1,450,1,"34.25,-118.50 (35.4%); 34.00,-118.25 (23.1%); 34.00,-118.50 (22.6%); 34.25,-118.25 (10.1%); 33.75,-118.25 (6.4%); 34.25,-118.75 (2.4%)"
2016-06-04,92.04,33.35,2.0,Strong heat stress,89.6 to 100.4 F,83.39,77.64,90.19,8.65,1,450,1,"34.25,-118.50 (35.4%); 34.00,-118.25 (23.1%); 34.00,-118.50 (22.6%); 34.25,-118.25 (10.1%); 33.75,-118.25 (6.4%); 34.25,-118.75 (2.4%)"
2016-06-05,84.99,29.44,1.0,Moderate heat stress,78.8 to 89.6 F,83.4,77.83,90.06,1.59,0,450,1,"34.25,-118.50 (35.4%); 34.00,-118.25 (23.1%); 34.00,-118.50 (22.6%); 34.25,-118.25 (10.1%); 33.75,-118.25 (6.4%); 34.25,-118.75 (2.4%)"
2016-06-06,81.78,27.65,1.0,Moderate heat stress,78.8 to 89.6 F,83.46,77.96,90.18,-1.68,0,450,1,"34.25,-118.50 (35.4%); 34.00,-118.25 (23.1%); 34.00,-118.50 (22.6%); 34.25,-118.25 (10.1%); 33.75,-118.25 (6.4%); 34.25,-118.75 (2.4%)"
2016-06-07,82.46,28.03,1.0,Moderate heat stress,78.8 to 89.6 F,83.59,78.2,90.28,-1.13,0,450,1,"34.25,-118.50 (35.4%); 34.00,-118.25 (23.1%); 34.00,-118.50 (22.6%); 34.25,-118.25 (10.1%); 33.75,-118.25 (6.4%); 34.25,-118.75 (2.4%)"
2016-06-08,85.95,29.97,1.0,Moderate heat stress,78.8 to 89.6 F,83.65,78.2,90.24,2.3,0,450,1,"34.25,-118.50 (35.4%); 34.00,-118.25 (23.1%); 34.00,-118.50 (22.6%); 34.25,-118.25 (10.1%); 33.75,-118.25 (6.4%); 34.25,-118.75 (2.4%)"
2016-06-09,85.0,29.45,1.0,Moderate heat stress,78.8 to 89.6 F,83.69,78.2,90.35,1.31,0,450,1,"34.25,-118.50 (35.4%); 34.00,-118.25 (23.1%); 34.00,-118.50 (22.6%); 34.25,-118.25 (10.1%); 33.75,-118.25 (6.4%); 34.25,-118.75 (2.4%)"
2016-06-10,87.86,31.03,1.0,Moderate heat stress,78.8 to 89.6 F,83.83,78.35,90.77,4.03,0,450,1,"34.25,-118.50 (35.4%); 34.00,-118.25 (23.1%); 34.00,-118.50 (22.6%); 34.25,-118.25 (10.1%); 33.75,-118.25 (6.4%); 34.25,-118.75 (2.4%)"
2016-06-11,79.0,26.11,1.0,Moderate heat stress,78.8 to 89.6 F,83.99,78.43,90.9,-4.99,0,450,1,"34.25,-118.50 (35.4%); 34.00,-118.25 (23.1%); 34.00,-118.50 (22.6%); 34.25,-118.25 (10.1%); 33.75,-118.25 (6.4%); 34.25,-118.75 (2.4%)"
2016-06-12,80.21,26.78,1.0,Moderate heat stress,78.8 to 89.6 F,84.21,78.73,91.41,-4.0,0,450,1,"34.25,-118.50 (35.4%); 34.00,-118.25 (23.1%); 34.00,-118.50 (22.6%); 34.25,-118.25 (10.1%); 33.75,-118.25 (6.4%); 34.25,-118.75 (2.4%)"
2016-06-13,83.05,28.36,1.0,Moderate heat stress,78.8 to 89.6 F,84.6,79.0,91.58,-1.55,0,450,1,"34.25,-118.50 (35.4%); 34.00,-118.25 (23.1%); 34.00,-118.50 (22.6%); 34.25,-118.25 (10.1%); 33.75,-118.25 (6.4%); 34.25,-118.75 (2.4%)"
2016-06-14,80.89,27.16,1.0,Moderate heat stress,78.8 to 89.6 F,84.9,79.07,92.08,-4.01,0,450,1,"34.25,-118.50 (35.4%); 34.00,-118.25 (23.1%); 34.00,-118.50 (22.6%); 34.25,-118.25 (10.1%); 33.75,-118.25 (6.4%); 34.25,-118.75 (2.4%)"
2016-06-15,79.84,26.58,1.0,Moderate heat stress,78.8 to 89.6 F,85.2,79.31,92.53,-5.36,0,450,1,"34.25,-118.50 (35.4%); 34.00,-118.25 (23.1%); 34.00,-118.50 (22.6%); 34.25,-118.25 (10.1%); 33.75,-118.25 (6.4%); 34.25,-118.75 (2.4%)"
2016-06-16,82.28,27.94,1.0,Moderate heat stress,78.8 to 89.6 F,85.43,79.7,92.63,-3.15,0,450,1,"34.25,-118.50 (35.4%); 34.00,-118.25 (23.1%); 34.00,-118.50 (22.6%); 34.25,-118.25 (10.1%); 33.75,-118.25 (6.4%); 34.25,-118.75 (2.4%)"
2016-06-17,89.67,32.04,2.0,Strong heat stress,89.6 to 100.4 F,85.58,79.85,92.63,4.09,0,450,1,"34.25,-118.50 (35.4%); 34.00,-118.25 (23.1%); 34.00,-118.50 (22.6%); 34.25,-118.25 (10.1%); 33.75,-118.25 (6.4%); 34.25,-118.75 (2.4%)"
2016-06-18,96.37,35.76,2.0,Strong heat stress,89.6 to 100.4 F,85.82,79.95,92.67,10.55,1,450,1,"34.25,-118.50 (35.4%); 34.00,-118.25 (23.1%); 34.00,-118.50 (22.6%); 34.25,-118.25 (10.1%); 33.75,-118.25 (6.4%); 34.25,-118.75 (2.4%)"
2016-06-19,107.95,42.19,3.0,Very strong heat stress,100.4 to 114.8 F,86.12,80.18,93.0,21.83,1,450,1,"34.25,-118.50 (35.4%); 34.00,-118.25 (23.1%); 34.00,-118.50 (22.6%); 34.25,-118.25 (10.1%); 33.75,-118.25 (6.4%); 34.25,-118.75 (2.4%)"
2016-06-20,112.27,44.59,3.0,Very strong heat stress,100.4 to 114.8 F,86.44,80.32,93.17,25.83,1,450,1,"34.25,-118.50 (35.4%); 34.00,-118.25 (23.1%); 34.00,-118.50 (22.6%); 34.25,-118.25 (10.1%); 33.75,-118.25 (6.4%); 34.25,-118.75 (2.4%)"
2016-06-21,93.06,33.92,2.0,Strong heat stress,89.6 to 100.4 F,86.73,80.53,93.8,6.33,0,450,1,"34.25,-118.50 (35.4%); 34.00,-118.25 (23.1%); 34.00,-118.50 (22.6%); 34.25,-118.25 (10.1%); 33.75,-118.25 (6.4%); 34.25,-118.75 (2.4%)"
2016-06-22,90.23,32.35,2.0,Strong heat stress,89.6 to 100.4 F,86.97,80.7,94.16,3.26,0,450,1,"34.25,-118.50 (35.4%); 34.00,-118.25 (23.1%); 34.00,-118.50 (22.6%); 34.25,-118.25 (10.1%); 33.75,-118.25 (6.4%); 34.25,-118.75 (2.4%)"
2016-06-23,88.65,31.47,1.0,Moderate heat stress,78.8 to 89.6 F,87.31,81.13,94.62,1.34,0,450,1,"34.25,-118.50 (35.4%); 34.00,-118.25 (23.1%); 34.00,-118.50 (22.6%); 34.25,-118.25 (10.1%); 33.75,-118.25 (6.4%); 34.25,-118.75 (2.4%)"
2016-06-24,87.53,30.85,1.0,Moderate heat stress,78.8 to 89.6 F,87.73,81.31,94.87,-0.2,0,450,1,"34.25,-118.50 (35.4%); 34.00,-118.25 (23.1%); 34.00,-118.50 (22.6%); 34.25,-118.25 (10.1%); 33.75,-118.25 (6.4%); 34.25,-118.75 (2.4%)"
2016-06-25,91.09,32.83,2.0,Strong heat stress,89.6 to 100.4 F,88.03,81.59,95.71,3.06,0,450,1,"34.25,-118.50 (35.4%); 34.00,-118.25 (23.1%); 34.00,-118.50 (22.6%); 34.25,-118.25 (10.1%); 33.75,-118.25 (6.4%); 34.25,-118.75 (2.4%)"
2016-06-26,94.14,34.52,2.0,Strong heat stress,89.6 to 100.4 F,88.18,81.62,95.87,5.96,0,450,1,"34.25,-118.50 (35.4%); 34.00,-118.25 (23.1%); 34.00,-118.50 (22.6%); 34.25,-118.25 (10.1%); 33.75,-118.25 (6.4%); 34.25,-118.75 (2.4%)"
2016-06-27,100.38,37.99,2.0,Strong heat stress,89.6 to 100.4 F,88.32,81.89,96.12,12.06,1,450,1,"34.25,-118.50 (35.4%); 34.00,-118.25 (23.1%); 34.00,-118.50 (22.6%); 34.25,-118.25 (10.1%); 33.75,-118.25 (6.4%); 34.25,-118.75 (2.4%)"
2016-06-28,95.81,35.45,2.0,Strong heat stress,89.6 to 100.4 F,88.5,82.07,96.1,7.31,0,450,1,"34.25,-118.50 (35.4%); 34.00,-118.25 (23.1%); 34.00,-118.50 (22.6%); 34.25,-118.25 (10.1%); 33.75,-118.25 (6.4%); 34.25,-118.75 (2.4%)"
2016-06-29,94.05,34.47,2.0,Strong heat stress,89.6 to 100.4 F,88.81,82.52,96.36,5.24,0,450,1,"34.25,-118.50 (35.4%); 34.00,-118.25 (23.1%); 34.00,-118.50 (22.6%); 34.25,-118.25 (10.1%); 33.75,-118.25 (6.4%); 34.25,-118.75 (2.4%)"
2016-06-30,91.5,33.05,2.0,Strong heat stress,89.6 to 100.4 F,89.07,82.68,96.67,2.43,0,450,1,"34.25,-118.50 (35.4%); 34.00,-118.25 (23.1%); 34.00,-118.50 (22.6%); 34.25,-118.25 (10.1%); 33.75,-118.25 (6.4%); 34.25,-118.75 (2.4%)"
2016-07-01,90.29,32.38,2.0,Strong heat stress,89.6 to 100.4 F,89.3,82.84,96.83,0.99,0,450,1,"34.25,-118.50 (35.4%); 34.00,-118.25 (23.1%); 34.00,-118.50 (22.6%); 34.25,-118.25 (10.1%); 33.75,-118.25 (6.4%); 34.25,-118.75 (2.4%)"
2016-07-02,88.08,31.16,1.0,Moderate heat stress,78.8 to 89.6 F,89.53,83.06,96.94,-1.45,0,450,1,"34.25,-118.50 (35.4%); 34.00,-118.25 (23.1%); 34.00,-118.50 (22.6%); 34.25,-118.25 (10.1%); 33.75,-118.25 (6.4%); 34.25,-118.75 (2.4%)"
2016-07-03,85.13,29.52,1.0,Moderate heat stress,78.8 to 89.6 F,89.66,83.18,96.94,-4.53,0,450,1,"34.25,-118.50 (35.4%); 34.00,-118.25 (23.1%); 34.00,-118.50 (22.6%); 34.25,-118.25 (10.1%); 33.75,-118.25 (6.4%); 34.25,-118.75 (2.4%)"
2016-07-04,85.23,29.57,1.0,Moderate heat stress,78.8 to 89.6 F,89.81,83.36,96.94,-4.58,0,450,1,"34.25,-118.50 (35.4%); 34.00,-118.25 (23.1%); 34.00,-118.50 (22.6%); 34.25,-118.25 (10.1%); 33.75,-118.25 (6.4%); 34.25,-118.75 (2.4%)"
2016-07-05,86.13,30.07,1.0,Moderate heat stress,78.8 to 89.6 F,89.98,83.45,97.01,-3.85,0,450,1,"34.25,-118.50 (35.4%); 34.00,-118.25 (23.1%); 34.00,-118.50 (22.6%); 34.25,-118.25 (10.1%); 33.75,-118.25 (6.4%); 34.25,-118.75 (2.4%)"
2016-07-06,85.07,29.48,1.0,Moderate heat stress,78.8 to 89.6 F,90.17,83.53,97.01,-5.1,0,450,1,"34.25,-118.50 (35.4%); 34.00,-118.25 (23.1%); 34.00,-118.50 (22.6%); 34.25,-118.25 (10.1%); 33.75,-118.25 (6.4%); 34.25,-118.75 (2.4%)"
2016-07-07,86.89,30.5,1.0,Moderate heat stress,78.8 to 89.6 F,90.34,83.68,96.94,-3.45,0,450,1,"34.25,-118.50 (35.4%); 34.00,-118.25 (23.1%); 34.00,-118.50 (22.6%); 34.25,-118.25 (10.1%); 33.75,-118.25 (6.4%); 34.25,-118.75 (2.4%)"
2016-07-08,89.03,31.69,1.0,Moderate heat stress,78.8 to 89.6 F,90.42,83.78,96.93,-1.39,0,450,1,"34.25,-118.50 (35.4%); 34.00,-118.25 (23.1%); 34.00,-118.50 (22.6%); 34.25,-118.25 (10.1%); 33.75,-118.25 (6.4%); 34.25,-118.75 (2.4%)"
2016-07-09,89.48,31.93,1.0,Moderate heat stress,78.8 to 89.6 F,90.43,83.6,96.93,-0.95,0,450,1,"34.25,-118.50 (35.4%); 34.00,-118.25 (23.1%); 34.00,-118.50 (22.6%); 34.25,-118.25 (10.1%); 33.75,-118.25 (6.4%); 34.25,-118.75 (2.4%)"
2016-07-10,89.87,32.15,2.0,Strong heat stress,89.6 to 100.4 F,90.49,83.6,96.94,-0.62,0,450,1,"34.25,-118.50 (35.4%); 34.00,-118.25 (23.1%); 34.00,-118.50 (22.6%); 34.25,-118.25 (10.1%); 33.75,-118.25 (6.4%); 34.25,-118.75 (2.4%)"
2016-07-11,87.92,31.07,1.0,Moderate heat stress,78.8 to 89.6 F,90.7,84.04,97.01,-2.78,0,450,1,"34.25,-118.50 (35.4%); 34.00,-118.25 (23.1%); 34.00,-118.50 (22.6%); 34.25,-118.25 (10.1%); 33.75,-118.25 (6.4%); 34.25,-118.75 (2.4%)"
2016-07-12,86.61,30.34,1.0,Moderate heat stress,78.8 to 89.6 F,90.87,84.24,97.31,-4.26,0,450,1,"34.25,-118.50 (35.4%); 34.00,-118.25 (23.1%); 34.00,-118.50 (22.6%); 34.25,-118.25 (10.1%); 33.75,-118.25 (6.4%); 34.25,-118.75 (2.4%)"
2016-07-13,91.22,32.9,2.0,Strong heat stress,89.6 to 100.4 F,90.92,84.3,97.49,0.3,0,450,1,"34.25,-118.50 (35.4%); 34.00,-118.25 (23.1%); 34.00,-118.50 (22.6%); 34.25,-118.25 (10.1%); 33.75,-118.25 (6.4%); 34.25,-118.75 (2.4%)"
2016-07-14,90.69,32.61,2.0,Strong heat stress,89.6 to 100.4 F,90.91,84.44,97.51,-0.22,0,450,1,"34.25,-118.50 (35.4%); 34.00,-118.25 (23.1%); 34.00,-118.50 (22.6%); 34.25,-118.25 (10.1%); 33.75,-118.25 (6.4%); 34.25,-118.75 (2.4%)"
2016-07-15,89.55,31.97,1.0,Moderate heat stress,78.8 to 89.6 F,90.96,84.49,97.55,-1.41,0,450,1,"34.25,-118.50 (35.4%); 34.00,-118.25 (23.1%); 34.00,-118.50 (22.6%); 34.25,-118.25 (10.1%); 33.75,-118.25 (6.4%); 34.25,-118.75 (2.4%)"
2016-07-16,88.16,31.2,1.0,Moderate heat stress,78.8 to 89.6 F,91.08,84.61,97.7,-2.92,0,450,1,"34.25,-118.50 (35.4%); 34.00,-118.25 (23.1%); 34.00,-118.50 (22.6%); 34.25,-118.25 (10.1%); 33.75,-118.25 (6.4%); 34.25,-118.75 (2.4%)"
2016-07-17,88.33,31.29,1.0,Moderate heat stress,78.8 to 89.6 F,91.18,84.65,97.91,-2.85,0,450,1,"34.25,-118.50 (35.4%); 34.00,-118.25 (23.1%); 34.00,-118.50 (22.6%); 34.25,-118.25 (10.1%); 33.75,-118.25 (6.4%); 34.25,-118.75 (2.4%)"
2016-07-18,91.87,33.26,2.0,Strong heat stress,89.6 to 100.4 F,91.31,84.92,98.52,0.56,0,450,1,"34.25,-118.50 (35.4%); 34.00,-118.25 (23.1%); 34.00,-118.50 (22.6%); 34.25,-118.25 (10.1%); 33.75,-118.25 (6.4%); 34.25,-118.75 (2.4%)"
2016-07-19,94.97,34.99,2.0,Strong heat stress,89.6 to 100.4 F,91.46,85.02,98.93,3.51,0,450,1,"34.25,-118.50 (35.4%); 34.00,-118.25 (23.1%); 34.00,-118.50 (22.6%); 34.25,-118.25 (10.1%); 33.75,-118.25 (6.4%); 34.25,-118.75 (2.4%)"
2016-07-20,99.11,37.28,2.0,Strong heat stress,89.6 to 100.4 F,91.54,85.18,99.1,7.57,1,450,1,"34.25,-118.50 (35.4%); 34.00,-118.25 (23.1%); 34.00,-118.50 (22.6%); 34.25,-118.25 (10.1%); 33.75,-118.25 (6.4%); 34.25,-118.75 (2.4%)"
2016-07-21,101.14,38.41,3.0,Very strong heat stress,100.4 to 114.8 F,91.54,85.18,99.1,9.6,1,450,1,"34.25,-118.50 (35.4%); 34.00,-118.25 (23.1%); 34.00,-118.50 (22.6%); 34.25,-118.25 (10.1%); 33.75,-118.25 (6.4%); 34.25,-118.75 (2.4%)"
2016-07-22,105.54,40.86,3.0,Very strong heat stress,100.4 to 114.8 F,91.53,85.18,99.11,14.01,1,450,1,"34.25,-118.50 (35.4%); 34.00,-118.25 (23.1%); 34.00,-118.50 (22.6%); 34.25,-118.25 (10.1%); 33.75,-118.25 (6.4%); 34.25,-118.75 (2.4%)"
2016-07-23,103.09,39.49,3.0,Very strong heat stress,100.4 to 114.8 F,91.58,85.22,99.1,11.51,1,450,1,"34.25,-118.50 (35.4%); 34.00,-118.25 (23.1%); 34.00,-118.50 (22.6%); 34.25,-118.25 (10.1%); 33.75,-118.25 (6.4%); 34.25,-118.75 (2.4%)"
2016-07-24,94.16,34.53,2.0,Strong heat stress,89.6 to 100.4 F,91.65,85.25,99.09,2.51,0,450,1,"34.25,-118.50 (35.4%); 34.00,-118.25 (23.1%); 34.00,-118.50 (22.6%); 34.25,-118.25 (10.1%); 33.75,-118.25 (6.4%); 34.25,-118.75 (2.4%)"
2016-07-25,99.59,37.55,2.0,Strong heat stress,89.6 to 100.4 F,91.76,85.38,99.1,7.83,1,450,1,"34.25,-118.50 (35.4%); 34.00,-118.25 (23.1%); 34.00,-118.50 (22.6%); 34.25,-118.25 (10.1%); 33.75,-118.25 (6.4%); 34.25,-118.75 (2.4%)"
2016-07-26,98.01,36.67,2.0,Strong heat stress,89.6 to 100.4 F,91.84,85.39,99.09,6.17,0,450,1,"34.25,-118.50 (35.4%); 34.00,-118.25 (23.1%); 34.00,-118.50 (22.6%); 34.25,-118.25 (10.1%); 33.75,-118.25 (6.4%); 34.25,-118.75 (2.4%)"
2016-07-27,96.93,36.07,2.0,Strong heat stress,89.6 to 100.4 F,91.89,85.71,99.09,5.04,0,450,1,"34.25,-118.50 (35.4%); 34.00,-118.25 (23.1%); 34.00,-118.50 (22.6%); 34.25,-118.25 (10.1%); 33.75,-118.25 (6.4%); 34.25,-118.75 (2.4%)"
2016-07-28,97.35,36.31,2.0,Strong heat stress,89.6 to 100.4 F,91.99,85.74,99.04,5.36,0,450,1,"34.25,-118.50 (35.4%); 34.00,-118.25 (23.1%); 34.00,-118.50 (22.6%); 34.25,-118.25 (10.1%); 33.75,-118.25 (6.4%); 34.25,-118.75 (2.4%)"
2016-07-29,98.03,36.68,2.0,Strong heat stress,89.6 to 100.4 F,92.08,85.81,98.93,5.95,0,450,1,"34.25,-118.50 (35.4%); 34.00,-118.25 (23.1%); 34.00,-118.50 (22.6%); 34.25,-118.25 (10.1%); 33.75,-118.25 (6.4%); 34.25,-118.75 (2.4%)"
2016-07-30,96.74,35.97,2.0,Strong heat stress,89.6 to 100.4 F,92.07,85.74,98.93,4.67,0,450,1,"34.25,-118.50 (35.4%); 34.00,-118.25 (23.1%); 34.00,-118.50 (22.6%); 34.25,-118.25 (10.1%); 33.75,-118.25 (6.4%); 34.25,-118.75 (2.4%)"
2016-07-31,93.02,33.9,2.0,Strong heat stress,89.6 to 100.4 F,92.02,85.71,98.89,1.0,0,450,1,"34.25,-118.50 (35.4%); 34.00,-118.25 (23.1%); 34.00,-118.50 (22.6%); 34.25,-118.25 (10.1%); 33.75,-118.25 (6.4%); 34.25,-118.75 (2.4%)"
2016-08-01,92.58,33.66,2.0,Strong heat stress,89.6 to 100.4 F,92.03,85.74,98.82,0.55,0,450,1,"34.25,-118.50 (35.4%); 34.00,-118.25 (23.1%); 34.00,-118.50 (22.6%); 34.25,-118.25 (10.1%); 33.75,-118.25 (6.4%); 34.25,-118.75 (2.4%)"
2016-08-02,92.24,33.47,2.0,Strong heat stress,89.6 to 100.4 F,92.08,85.59,98.89,0.16,0,450,1,"34.25,-118.50 (35.4%); 34.00,-118.25 (23.1%); 34.00,-118.50 (22.6%); 34.25,-118.25 (10.1%); 33.75,-118.25 (6.4%); 34.25,-118.75 (2.4%)"
2016-08-03,92.4,33.56,2.0,Strong heat stress,89.6 to 100.4 F,92.06,85.34,99.01,0.34,0,450,1,"34.25,-118.50 (35.4%); 34.00,-118.25 (23.1%); 34.00,-118.50 (22.6%); 34.25,-118.25 (10.1%); 33.75,-118.25 (6.4%); 34.25,-118.75 (2.4%)"
2016-08-04,92.47,33.6,2.0,Strong heat stress,89.6 to 100.4 F,92.13,85.45,99.01,0.34,0,450,1,"34.25,-118.50 (35.4%); 34.00,-118.25 (23.1%); 34.00,-118.50 (22.6%); 34.25,-118.25 (10.1%); 33.75,-118.25 (6.4%); 34.25,-118.75 (2.4%)"
2016-08-05,90.09,32.27,2.0,Strong heat stress,89.6 to 100.4 F,92.28,85.65,99.49,-2.19,0,450,1,"34.25,-118.50 (35.4%); 34.00,-118.25 (23.1%); 34.00,-118.50 (22.6%); 34.25,-118.25 (10.1%); 33.75,-118.25 (6.4%); 34.25,-118.75 (2.4%)"
2016-08-06,89.74,32.08,2.0,Strong heat stress,89.6 to 100.4 F,92.51,85.82,99.95,-2.77,0,450,1,"34.25,-118.50 (35.4%); 34.00,-118.25 (23.1%); 34.00,-118.50 (22.6%); 34.25,-118.25 (10.1%); 33.75,-118.25 (6.4%); 34.25,-118.75 (2.4%)"
2016-08-07,90.11,32.28,2.0,Strong heat stress,89.6 to 100.4 F,92.67,85.82,100.38,-2.56,0,450,1,"34.25,-118.50 (35.4%); 34.00,-118.25 (23.1%); 34.00,-118.50 (22.6%); 34.25,-118.25 (10.1%); 33.75,-118.25 (6.4%); 34.25,-118.75 (2.4%)"
2016-08-08,88.58,31.43,1.0,Moderate heat stress,78.8 to 89.6 F,92.8,85.86,100.97,-4.22,0,450,1,"34.25,-118.50 (35.4%); 34.00,-118.25 (23.1%); 34.00,-118.50 (22.6%); 34.25,-118.25 (10.1%); 33.75,-118.25 (6.4%); 34.25,-118.75 (2.4%)"
2016-08-09,88.0,31.11,1.0,Moderate heat stress,78.8 to 89.6 F,92.87,85.72,101.12,-4.87,0,450,1,"34.25,-118.50 (35.4%); 34.00,-118.25 (23.1%); 34.00,-118.50 (22.6%); 34.25,-118.25 (10.1%); 33.75,-118.25 (6.4%); 34.25,-118.75 (2.4%)"
2016-08-10,90.14,32.3,2.0,Strong heat stress,89.6 to 100.4 F,92.9,85.78,101.22,-2.76,0,450,1,"34.25,-118.50 (35.4%); 34.00,-118.25 (23.1%); 34.00,-118.50 (22.6%); 34.25,-118.25 (10.1%); 33.75,-118.25 (6.4%); 34.25,-118.75 (2.4%)"
2016-08-11,90.08,32.26,2.0,Strong heat stress,89.6 to 100.4 F,92.94,85.78,101.25,-2.86,0,450,1,"34.25,-118.50 (35.4%); 34.00,-118.25 (23.1%); 34.00,-118.50 (22.6%); 34.25,-118.25 (10.1%); 33.75,-118.25 (6.4%); 34.25,-118.75 (2.4%)"
2016-08-12,92.3,33.5,2.0,Strong heat stress,89.6 to 100.4 F,92.9,85.78,101.25,-0.6,0,450,1,"34.25,-118.50 (35.4%); 34.00,-118.25 (23.1%); 34.00,-118.50 (22.6%); 34.25,-118.25 (10.1%); 33.75,-118.25 (6.4%); 34.25,-118.75 (2.4%)"
2016-08-13,97.74,36.52,2.0,Strong heat stress,89.6 to 100.4 F,92.9,85.96,101.25,4.84,0,450,1,"34.25,-118.50 (35.4%); 34.00,-118.25 (23.1%); 34.00,-118.50 (22.6%); 34.25,-118.25 (10.1%); 33.75,-118.25 (6.4%); 34.25,-118.75 (2.4%)"
2016-08-14,98.31,36.84,2.0,Strong heat stress,89.6 to 100.4 F,92.94,86.23,101.19,5.37,0,450,1,"34.25,-118.50 (35.4%); 34.00,-118.25 (23.1%); 34.00,-118.50 (22.6%); 34.25,-118.25 (10.1%); 33.75,-118.25 (6.4%); 34.25,-118.75 (2.4%)"
2016-08-15,102.28,39.04,3.0,Very strong heat stress,100.4 to 114.8 F,93.04,86.38,101.22,9.24,1,450,1,"34.25,-118.50 (35.4%); 34.00,-118.25 (23.1%); 34.00,-118.50 (22.6%); 34.25,-118.25 (10.1%); 33.75,-118.25 (6.4%); 34.25,-118.75 (2.4%)"
2016-08-16,101.11,38.39,3.0,Very strong heat stress,100.4 to 114.8 F,93.11,86.44,101.25,8.0,0,450,1,"34.25,-118.50 (35.4%); 34.00,-118.25 (23.1%); 34.00,-118.50 (22.6%); 34.25,-118.25 (10.1%); 33.75,-118.25 (6.4%); 34.25,-118.75 (2.4%)"
2016-08-17,96.99,36.11,2.0,Strong heat stress,89.6 to 100.4 F,93.15,86.61,101.25,3.84,0,450,1,"34.25,-118.50 (35.4%); 34.00,-118.25 (23.1%); 34.00,-118.50 (22.6%); 34.25,-118.25 (10.1%); 33.75,-118.25 (6.4%); 34.25,-118.75 (2.4%)"
2016-08-18,94.02,34.46,2.0,Strong heat stress,89.6 to 100.4 F,93.27,86.82,101.22,0.75,0,450,1,"34.25,-118.50 (35.4%); 34.00,-118.25 (23.1%); 34.00,-118.50 (22.6%); 34.25,-118.25 (10.1%); 33.75,-118.25 (6.4%); 34.25,-118.75 (2.4%)"
2016-08-19,93.75,34.31,2.0,Strong heat stress,89.6 to 100.4 F,93.38,86.86,101.12,0.37,0,450,1,"34.25,-118.50 (35.4%); 34.00,-118.25 (23.1%); 34.00,-118.50 (22.6%); 34.25,-118.25 (10.1%); 33.75,-118.25 (6.4%); 34.25,-118.75 (2.4%)"
2016-08-20,90.2,32.33,2.0,Strong heat stress,89.6 to 100.4 F,93.49,86.86,100.98,-3.29,0,450,1,"34.25,-118.50 (35.4%); 34.00,-118.25 (23.1%); 34.00,-118.50 (22.6%); 34.25,-118.25 (10.1%); 33.75,-118.25 (6.4%); 34.25,-118.75 (2.4%)"
2016-08-21,91.72,33.18,2.0,Strong heat stress,89.6 to 100.4 F,93.53,86.86,100.98,-1.81,0,450,1,"34.25,-118.50 (35.4%); 34.00,-118.25 (23.1%); 34.00,-118.50 (22.6%); 34.25,-118.25 (10.1%); 33.75,-118.25 (6.4%); 34.25,-118.75 (2.4%)"
2016-08-22,90.36,32.42,2.0,Strong heat stress,89.6 to 100.4 F,93.65,87.08,101.12,-3.29,0,450,1,"34.25,-118.50 (35.4%); 34.00,-118.25 (23.1%); 34.00,-118.50 (22.6%); 34.25,-118.25 (10.1%); 33.75,-118.25 (6.4%); 34.25,-118.75 (2.4%)"
2016-08-23,90.07,32.26,2.0,Strong heat stress,89.6 to 100.4 F,93.71,87.12,101.14,-3.64,0,450,1,"34.25,-118.50 (35.4%); 34.00,-118.25 (23.1%); 34.00,-118.50 (22.6%); 34.25,-118.25 (10.1%); 33.75,-118.25 (6.4%); 34.25,-118.75 (2.4%)"
2016-08-24,92.06,33.37,2.0,Strong heat stress,89.6 to 100.4 F,93.76,87.12,101.14,-1.7,0,450,1,"34.25,-118.50 (35.4%); 34.00,-118.25 (23.1%); 34.00,-118.50 (22.6%); 34.25,-118.25 (10.1%); 33.75,-118.25 (6.4%); 34.25,-118.75 (2.4%)"
2016-08-25,88.8,31.55,1.0,Moderate heat stress,78.8 to 89.6 F,93.85,87.19,101.33,-5.05,0,450,1,"34.25,-118.50 (35.4%); 34.00,-118.25 (23.1%); 34.00,-118.50 (22.6%); 34.25,-118.25 (10.1%); 33.75,-118.25 (6.4%); 34.25,-118.75 (2.4%)"
2016-08-26,84.13,28.96,1.0,Moderate heat stress,78.8 to 89.6 F,94.0,87.19,102.23,-9.87,0,450,1,"34.25,-118.50 (35.4%); 34.00,-118.25 (23.1%); 34.00,-118.50 (22.6%); 34.25,-118.25 (10.1%); 33.75,-118.25 (6.4%); 34.25,-118.75 (2.4%)"
2016-08-27,85.95,29.97,1.0,Moderate heat stress,78.8 to 89.6 F,94.21,87.19,102.66,-8.26,0,450,1,"34.25,-118.50 (35.4%); 34.00,-118.25 (23.1%); 34.00,-118.50 (22.6%); 34.25,-118.25 (10.1%); 33.75,-118.25 (6.4%); 34.25,-118.75 (2.4%)"
2016-08-28,92.85,33.8,2.0,Strong heat stress,89.6 to 100.4 F,94.37,87.04,102.8,-1.52,0,450,1,"34.25,-118.50 (35.4%); 34.00,-118.25 (23.1%); 34.00,-118.50 (22.6%); 34.25,-118.25 (10.1%); 33.75,-118.25 (6.4%); 34.25,-118.75 (2.4%)"
2016-08-29,97.81,36.56,2.0,Strong heat stress,89.6 to 100.4 F,94.6,87.32,103.3,3.21,0,450,1,"34.25,-118.50 (35.4%); 34.00,-118.25 (23.1%); 34.00,-118.50 (22.6%); 34.25,-118.25 (10.1%); 33.75,-118.25 (6.4%); 34.25,-118.75 (2.4%)"
2016-08-30,98.33,36.85,2.0,Strong heat stress,89.6 to 100.4 F,94.73,87.32,103.35,3.6,0,450,1,"34.25,-118.50 (35.4%); 34.00,-118.25 (23.1%); 34.00,-118.50 (22.6%); 34.25,-118.25 (10.1%); 33.75,-118.25 (6.4%); 34.25,-118.75 (2.4%)"
2016-08-31,97.04,36.13,2.0,Strong heat stress,89.6 to 100.4 F,94.77,87.31,103.41,2.27,0,450,1,"34.25,-118.50 (35.4%); 34.00,-118.25 (23.1%); 34.00,-118.50 (22.6%); 34.25,-118.25 (10.1%); 33.75,-118.25 (6.4%); 34.25,-118.75 (2.4%)"
2016-09-01,93.48,34.16,2.0,Strong heat stress,89.6 to 100.4 F,94.66,87.0,103.41,-1.18,0,450,1,"34.25,-118.50 (35.4%); 34.00,-118.25 (23.1%); 34.00,-118.50 (22.6%); 34.25,-118.25 (10.1%); 33.75,-118.25 (6.4%); 34.25,-118.75 (2.4%)"
2016-09-02,88.16,31.2,1.0,Moderate heat stress,78.8 to 89.6 F,94.43,86.42,103.41,-6.27,0,450,1,"34.25,-118.50 (35.4%); 34.00,-118.25 (23.1%); 34.00,-118.50 (22.6%); 34.25,-118.25 (10.1%); 33.75,-118.25 (6.4%); 34.25,-118.75 (2.4%)"
2016-09-03,84.1,28.94,1.0,Moderate heat stress,78.8 to 89.6 F,94.19,86.08,103.35,-10.09,0,450,1,"34.25,-118.50 (35.4%); 34.00,-118.25 (23.1%); 34.00,-118.50 (22.6%); 34.25,-118.25 (10.1%); 33.75,-118.25 (6.4%); 34.25,-118.75 (2.4%)"
2016-09-04,85.08,29.49,1.0,Moderate heat stress,78.8 to 89.6 F,93.91,85.76,103.11,-8.83,0,450,1,"34.25,-118.50 (35.4%); 34.00,-118.25 (23.1%); 34.00,-118.50 (22.6%); 34.25,-118.25 (10.1%); 33.75,-118.25 (6.4%); 34.25,-118.75 (2.4%)"
2016-09-05,87.33,30.74,1.0,Moderate heat stress,78.8 to 89.6 F,93.62,85.3,102.97,-6.29,0,450,1,"34.25,-118.50 (35.4%); 34.00,-118.25 (23.1%); 34.00,-118.50 (22.6%); 34.25,-118.25 (10.1%); 33.75,-118.25 (6.4%); 34.25,-118.75 (2.4%)"
2016-09-06,89.86,32.15,2.0,Strong heat stress,89.6 to 100.4 F,93.25,85.01,102.21,-3.39,0,450,1,"34.25,-118.50 (35.4%); 34.00,-118.25 (23.1%); 34.00,-118.50 (22.6%); 34.25,-118.25 (10.1%); 33.75,-118.25 (6.4%); 34.25,-118.75 (2.4%)"
2016-09-07,88.07,31.15,1.0,Moderate heat stress,78.8 to 89.6 F,93.03,84.88,101.61,-4.96,0,450,1,"34.25,-118.50 (35.4%); 34.00,-118.25 (23.1%); 34.00,-118.50 (22.6%); 34.25,-118.25 (10.1%); 33.75,-118.25 (6.4%); 34.25,-118.75 (2.4%)"
2016-09-08,87.54,30.86,1.0,Moderate heat stress,78.8 to 89.6 F,92.81,84.75,101.31,-5.27,0,450,1,"34.25,-118.50 (35.4%); 34.00,-118.25 (23.1%); 34.00,-118.50 (22.6%); 34.25,-118.25 (10.1%); 33.75,-118.25 (6.4%); 34.25,-118.75 (2.4%)"
2016-09-09,89.61,32.01,2.0,Strong heat stress,89.6 to 100.4 F,92.56,84.41,101.03,-2.95,0,450,1,"34.25,-118.50 (35.4%); 34.00,-118.25 (23.1%); 34.00,-118.50 (22.6%); 34.25,-118.25 (10.1%); 33.75,-118.25 (6.4%); 34.25,-118.75 (2.4%)"
2016-09-10,95.05,35.03,2.0,Strong heat stress,89.6 to 100.4 F,92.23,84.3,100.55,2.82,0,450,1,"34.25,-118.50 (35.4%); 34.00,-118.25 (23.1%); 34.00,-118.50 (22.6%); 34.25,-118.25 (10.1%); 33.75,-118.25 (6.4%); 34.25,-118.75 (2.4%)"
2016-09-11,89.01,31.67,1.0,Moderate heat stress,78.8 to 89.6 F,91.94,84.41,100.18,-2.93,0,450,1,"34.25,-118.50 (35.4%); 34.00,-118.25 (23.1%); 34.00,-118.50 (22.6%); 34.25,-118.25 (10.1%); 33.75,-118.25 (6.4%); 34.25,-118.75 (2.4%)"
2016-09-12,81.53,27.52,1.0,Moderate heat stress,78.8 to 89.6 F,91.63,84.01,99.56,-10.1,0,450,1,"34.25,-118.50 (35.4%); 34.00,-118.25 (23.1%); 34.00,-118.50 (22.6%); 34.25,-118.25 (10.1%); 33.75,-118.25 (6.4%); 34.25,-118.75 (2.4%)"
2016-09-13,71.38,21.88,0.0,No thermal stress,48.2 to 78.8 F,91.2,83.85,99.13,-19.82,0,450,1,"34.25,-118.50 (35.4%); 34.00,-118.25 (23.1%); 34.00,-118.50 (22.6%); 34.25,-118.25 (10.1%); 33.75,-118.25 (6.4%); 34.25,-118.75 (2.4%)"
2016-09-14,83.72,28.73,1.0,Moderate heat stress,78.8 to 89.6 F,90.85,83.58,98.73,-7.13,0,450,1,"34.25,-118.50 (35.4%); 34.00,-118.25 (23.1%); 34.00,-118.50 (22.6%); 34.25,-118.25 (10.1%); 33.75,-118.25 (6.4%); 34.25,-118.75 (2.4%)"
2016-09-15,85.65,29.81,1.0,Moderate heat stress,78.8 to 89.6 F,90.59,83.4,98.68,-4.94,0,450,1,"34.25,-118.50 (35.4%); 34.00,-118.25 (23.1%); 34.00,-118.50 (22.6%); 34.25,-118.25 (10.1%); 33.75,-118.25 (6.4%); 34.25,-118.75 (2.4%)"
2016-09-16,86.25,30.14,1.0,Moderate heat stress,78.8 to 89.6 F,90.57,83.22,98.73,-4.32,0,450,1,"34.25,-118.50 (35.4%); 34.00,-118.25 (23.1%); 34.00,-118.50 (22.6%); 34.25,-118.25 (10.1%); 33.75,-118.25 (6.4%); 34.25,-118.75 (2.4%)"
2016-09-17,91.47,33.04,2.0,Strong heat stress,89.6 to 100.4 F,90.7,83.28,98.81,0.77,0,450,1,"34.25,-118.50 (35.4%); 34.00,-118.25 (23.1%); 34.00,-118.50 (22.6%); 34.25,-118.25 (10.1%); 33.75,-118.25 (6.4%); 34.25,-118.75 (2.4%)"
2016-09-18,98.31,36.84,2.0,Strong heat stress,89.6 to 100.4 F,90.73,83.28,98.99,7.58,0,450,1,"34.25,-118.50 (35.4%); 34.00,-118.25 (23.1%); 34.00,-118.50 (22.6%); 34.25,-118.25 (10.1%); 33.75,-118.25 (6.4%); 34.25,-118.75 (2.4%)"
2016-09-19,97.62,36.46,2.0,Strong heat stress,89.6 to 100.4 F,90.74,83.22,99.68,6.88,0,450,1,"34.25,-118.50 (35.4%); 34.00,-118.25 (23.1%); 34.00,-118.50 (22.6%); 34.25,-118.25 (10.1%); 33.75,-118.25 (6.4%); 34.25,-118.75 (2.4%)"
2016-09-20,92.35,33.53,2.0,Strong heat stress,89.6 to 100.4 F,90.81,83.13,99.62,1.54,0,450,1,"34.25,-118.50 (35.4%); 34.00,-118.25 (23.1%); 34.00,-118.50 (22.6%); 34.25,-118.25 (10.1%); 33.75,-118.25 (6.4%); 34.25,-118.75 (2.4%)"
2016-09-21,92.34,33.52,2.0,Strong heat stress,89.6 to 100.4 F,90.87,82.71,99.75,1.47,0,450,1,"34.25,-118.50 (35.4%); 34.00,-118.25 (23.1%); 34.00,-118.50 (22.6%); 34.25,-118.25 (10.1%); 33.75,-118.25 (6.4%); 34.25,-118.75 (2.4%)"
2016-09-22,83.83,28.79,1.0,Moderate heat stress,78.8 to 89.6 F,90.89,82.21,99.75,-7.06,0,450,1,"34.25,-118.50 (35.4%); 34.00,-118.25 (23.1%); 34.00,-118.50 (22.6%); 34.25,-118.25 (10.1%); 33.75,-118.25 (6.4%); 34.25,-118.75 (2.4%)"
2016-09-23,87.95,31.09,1.0,Moderate heat stress,78.8 to 89.6 F,91.0,82.03,100.12,-3.05,0,450,1,"34.25,-118.50 (35.4%); 34.00,-118.25 (23.1%); 34.00,-118.50 (22.6%); 34.25,-118.25 (10.1%); 33.75,-118.25 (6.4%); 34.25,-118.75 (2.4%)"
2016-09-24,95.7,35.39,2.0,Strong heat stress,89.6 to 100.4 F,91.03,81.81,100.27,4.67,0,450,1,"34.25,-118.50 (35.4%); 34.00,-118.25 (23.1%); 34.00,-118.50 (22.6%); 34.25,-118.25 (10.1%); 33.75,-118.25 (6.4%); 34.25,-118.75 (2.4%)"
2016-09-25,101.46,38.59,3.0,Very strong heat stress,100.4 to 114.8 F,91.02,82.03,100.61,10.44,1,450,1,"34.25,-118.50 (35.4%); 34.00,-118.25 (23.1%); 34.00,-118.50 (22.6%); 34.25,-118.25 (10.1%); 33.75,-118.25 (6.4%); 34.25,-118.75 (2.4%)"
2016-09-26,107.73,42.07,3.0,Very strong heat stress,100.4 to 114.8 F,90.77,81.65,100.81,16.96,1,450,1,"34.25,-118.50 (35.4%); 34.00,-118.25 (23.1%); 34.00,-118.50 (22.6%); 34.25,-118.25 (10.1%); 33.75,-118.25 (6.4%); 34.25,-118.75 (2.4%)"
2016-09-27,99.38,37.44,2.0,Strong heat stress,89.6 to 100.4 F,90.41,81.36,100.86,8.97,0,450,1,"34.25,-118.50 (35.4%); 34.00,-118.25 (23.1%); 34.00,-118.50 (22.6%); 34.25,-118.25 (10.1%); 33.75,-118.25 (6.4%); 34.25,-118.75 (2.4%)"
2016-09-28,97.39,36.33,2.0,Strong heat stress,89.6 to 100.4 F,90.19,80.96,100.81,7.2,0,450,1,"34.25,-118.50 (35.4%); 34.00,-118.25 (23.1%); 34.00,-118.50 (22.6%); 34.25,-118.25 (10.1%); 33.75,-118.25 (6.4%); 34.25,-118.75 (2.4%)"
2016-09-29,98.39,36.88,2.0,Strong heat stress,89.6 to 100.4 F,90.09,80.91,100.86,8.3,0,450,1,"34.25,-118.50 (35.4%); 34.00,-118.25 (23.1%); 34.00,-118.50 (22.6%); 34.25,-118.25 (10.1%); 33.75,-118.25 (6.4%); 34.25,-118.75 (2.4%)"
2016-09-30,95.97,35.54,2.0,Strong heat stress,89.6 to 100.4 F,90.07,80.96,100.86,5.9,0,450,1,"34.25,-118.50 (35.4%); 34.00,-118.25 (23.1%); 34.00,-118.50 (22.6%); 34.25,-118.25 (10.1%); 33.75,-118.25 (6.4%); 34.25,-118.75 (2.4%)"
2016-10-01,91.32,32.95,2.0,Strong heat stress,89.6 to 100.4 F,89.89,80.96,100.17,1.43,0,450,1,"34.25,-118.50 (35.4%); 34.00,-118.25 (23.1%); 34.00,-118.50 (22.6%); 34.25,-118.25 (10.1%); 33.75,-118.25 (6.4%); 34.25,-118.75 (2.4%)"
2016-10-02,83.73,28.74,1.0,Moderate heat stress,78.8 to 89.6 F,89.55,80.91,100.11,-5.82,0,450,1,"34.25,-118.50 (35.4%); 34.00,-118.25 (23.1%); 34.00,-118.50 (22.6%); 34.25,-118.25 (10.1%); 33.75,-118.25 (6.4%); 34.25,-118.75 (2.4%)"
2016-10-03,81.73,27.63,1.0,Moderate heat stress,78.8 to 89.6 F,89.23,80.19,99.97,-7.5,0,450,1,"34.25,-118.50 (35.4%); 34.00,-118.25 (23.1%); 34.00,-118.50 (22.6%); 34.25,-118.25 (10.1%); 33.75,-118.25 (6.4%); 34.25,-118.75 (2.4%)"
2016-10-04,83.63,28.69,1.0,Moderate heat stress,78.8 to 89.6 F,88.86,79.8,99.63,-5.23,0,450,1,"34.25,-118.50 (35.4%); 34.00,-118.25 (23.1%); 34.00,-118.50 (22.6%); 34.25,-118.25 (10.1%); 33.75,-118.25 (6.4%); 34.25,-118.75 (2.4%)"
2016-10-05,83.48,28.6,1.0,Moderate heat stress,78.8 to 89.6 F,88.53,79.53,99.2,-5.05,0,450,1,"34.25,-118.50 (35.4%); 34.00,-118.25 (23.1%); 34.00,-118.50 (22.6%); 34.25,-118.25 (10.1%); 33.75,-118.25 (6.4%); 34.25,-118.75 (2.4%)"
2016-10-06,92.05,33.36,2.0,Strong heat stress,89.6 to 100.4 F,88.26,79.46,98.97,3.79,0,450,1,"34.25,-118.50 (35.4%); 34.00,-118.25 (23.1%); 34.00,-118.50 (22.6%); 34.25,-118.25 (10.1%); 33.75,-118.25 (6.4%); 34.25,-118.75 (2.4%)"
2016-10-07,95.5,35.28,2.0,Strong heat stress,89.6 to 100.4 F,88.01,79.37,98.57,7.49,0,450,1,"34.25,-118.50 (35.4%); 34.00,-118.25 (23.1%); 34.00,-118.50 (22.6%); 34.25,-118.25 (10.1%); 33.75,-118.25 (6.4%); 34.25,-118.75 (2.4%)"
2016-10-08,95.21,35.12,2.0,Strong heat stress,89.6 to 100.4 F,87.62,78.72,97.87,7.59,0,450,1,"34.25,-118.50 (35.4%); 34.00,-118.25 (23.1%); 34.00,-118.50 (22.6%); 34.25,-118.25 (10.1%); 33.75,-118.25 (6.4%); 34.25,-118.75 (2.4%)"
2016-10-09,95.45,35.25,2.0,Strong heat stress,89.6 to 100.4 F,87.29,78.29,97.76,8.16,0,450,1,"34.25,-118.50 (35.4%); 34.00,-118.25 (23.1%); 34.00,-118.50 (22.6%); 34.25,-118.25 (10.1%); 33.75,-118.25 (6.4%); 34.25,-118.75 (2.4%)"
2016-10-10,91.09,32.83,2.0,Strong heat stress,89.6 to 100.4 F,87.07,77.8,97.45,4.02,0,450,1,"34.25,-118.50 (35.4%); 34.00,-118.25 (23.1%); 34.00,-118.50 (22.6%); 34.25,-118.25 (10.1%); 33.75,-118.25 (6.4%); 34.25,-118.75 (2.4%)"
2016-10-11,81.65,27.58,1.0,Moderate heat stress,78.8 to 89.6 F,87.04,77.75,97.17,-5.39,0,450,1,"34.25,-118.50 (35.4%); 34.00,-118.25 (23.1%); 34.00,-118.50 (22.6%); 34.25,-118.25 (10.1%); 33.75,-118.25 (6.4%); 34.25,-118.75 (2.4%)"
2016-10-12,82.52,28.07,1.0,Moderate heat stress,78.8 to 89.6 F,87.16,78.29,97.06,-4.64,0,450,1,"34.25,-118.50 (35.4%); 34.00,-118.25 (23.1%); 34.00,-118.50 (22.6%); 34.25,-118.25 (10.1%); 33.75,-118.25 (6.4%); 34.25,-118.75 (2.4%)"
2016-10-13,85.03,29.46,1.0,Moderate heat stress,78.8 to 89.6 F,87.15,78.29,97.15,-2.12,0,450,1,"34.25,-118.50 (35.4%); 34.00,-118.25 (23.1%); 34.00,-118.50 (22.6%); 34.25,-118.25 (10.1%); 33.75,-118.25 (6.4%); 34.25,-118.75 (2.4%)"
2016-10-14,84.45,29.14,1.0,Moderate heat stress,78.8 to 89.6 F,86.95,78.24,96.85,-2.5,0,450,1,"34.25,-118.50 (35.4%); 34.00,-118.25 (23.1%); 34.00,-118.50 (22.6%); 34.25,-118.25 (10.1%); 33.75,-118.25 (6.4%); 34.25,-118.75 (2.4%)"
2016-10-15,84.98,29.44,1.0,Moderate heat stress,78.8 to 89.6 F,86.73,77.79,96.85,-1.75,0,450,1,"34.25,-118.50 (35.4%); 34.00,-118.25 (23.1%); 34.00,-118.50 (22.6%); 34.25,-118.25 (10.1%); 33.75,-118.25 (6.4%); 34.25,-118.75 (2.4%)"
2016-10-16,75.07,23.93,0.0,No thermal stress,48.2 to 78.8 F,86.59,77.13,96.62,-11.52,0,450,1,"34.25,-118.50 (35.4%); 34.00,-118.25 (23.1%); 34.00,-118.50 (22.6%); 34.25,-118.25 (10.1%); 33.75,-118.25 (6.4%); 34.25,-118.75 (2.4%)"
2016-10-17,80.78,27.1,1.0,Moderate heat stress,78.8 to 89.6 F,86.47,77.13,96.53,-5.69,0,450,1,"34.25,-118.50 (35.4%); 34.00,-118.25 (23.1%); 34.00,-118.50 (22.6%); 34.25,-118.25 (10.1%); 33.75,-118.25 (6.4%); 34.25,-118.75 (2.4%)"
2016-10-18,83.82,28.79,1.0,Moderate heat stress,78.8 to 89.6 F,86.32,76.47,96.28,-2.5,0,450,1,"34.25,-118.50 (35.4%); 34.00,-118.25 (23.1%); 34.00,-118.50 (22.6%); 34.25,-118.25 (10.1%); 33.75,-118.25 (6.4%); 34.25,-118.75 (2.4%)"
2016-10-19,96.04,35.58,2.0,Strong heat stress,89.6 to 100.4 F,86.25,76.34,96.26,9.79,0,450,1,"34.25,-118.50 (35.4%); 34.00,-118.25 (23.1%); 34.00,-118.50 (22.6%); 34.25,-118.25 (10.1%); 33.75,-118.25 (6.4%); 34.25,-118.75 (2.4%)"
2016-10-20,99.29,37.39,2.0,Strong heat stress,89.6 to 100.4 F,86.04,76.12,96.05,13.25,1,450,1,"34.25,-118.50 (35.4%); 34.00,-118.25 (23.1%); 34.00,-118.50 (22.6%); 34.25,-118.25 (10.1%); 33.75,-118.25 (6.4%); 34.25,-118.75 (2.4%)"
2016-10-21,95.2,35.11,2.0,Strong heat stress,89.6 to 100.4 F,85.78,75.87,95.7,9.42,0,450,1,"34.25,-118.50 (35.4%); 34.00,-118.25 (23.1%); 34.00,-118.50 (22.6%); 34.25,-118.25 (10.1%); 33.75,-118.25 (6.4%); 34.25,-118.75 (2.4%)"
2016-10-22,88.64,31.47,1.0,Moderate heat stress,78.8 to 89.6 F,85.36,75.02,95.38,3.28,0,450,1,"34.25,-118.50 (35.4%); 34.00,-118.25 (23.1%); 34.00,-118.50 (22.6%); 34.25,-118.25 (10.1%); 33.75,-118.25 (6.4%); 34.25,-118.75 (2.4%)"
2016-10-23,80.4,26.89,1.0,Moderate heat stress,78.8 to 89.6 F,84.94,74.6,94.84,-4.54,0,450,1,"34.25,-118.50 (35.4%); 34.00,-118.25 (23.1%); 34.00,-118.50 (22.6%); 34.25,-118.25 (10.1%); 33.75,-118.25 (6.4%); 34.25,-118.75 (2.4%)"
2016-10-24,81.28,27.38,1.0,Moderate heat stress,78.8 to 89.6 F,84.69,74.41,94.08,-3.41,0,450,1,"34.25,-118.50 (35.4%); 34.00,-118.25 (23.1%); 34.00,-118.50 (22.6%); 34.25,-118.25 (10.1%); 33.75,-118.25 (6.4%); 34.25,-118.75 (2.4%)"
2016-10-25,85.32,29.62,1.0,Moderate heat stress,78.8 to 89.6 F,84.49,74.41,93.75,0.83,0,450,1,"34.25,-118.50 (35.4%); 34.00,-118.25 (23.1%); 34.00,-118.50 (22.6%); 34.25,-118.25 (10.1%); 33.75,-118.25 (6.4%); 34.25,-118.75 (2.4%)"
2016-10-26,86.47,30.26,1.0,Moderate heat stress,78.8 to 89.6 F,84.28,74.09,93.73,2.19,0,450,1,"34.25,-118.50 (35.4%); 34.00,-118.25 (23.1%); 34.00,-118.50 (22.6%); 34.25,-118.25 (10.1%); 33.75,-118.25 (6.4%); 34.25,-118.75 (2.4%)"
2016-10-27,87.83,31.02,1.0,Moderate heat stress,78.8 to 89.6 F,84.06,74.09,93.55,3.77,0,450,1,"34.25,-118.50 (35.4%); 34.00,-118.25 (23.1%); 34.00,-118.50 (22.6%); 34.25,-118.25 (10.1%); 33.75,-118.25 (6.4%); 34.25,-118.75 (2.4%)"
2016-10-28,81.72,27.62,1.0,Moderate heat stress,78.8 to 89.6 F,83.85,74.01,93.26,-2.13,0,450,1,"34.25,-118.50 (35.4%); 34.00,-118.25 (23.1%); 34.00,-118.50 (22.6%); 34.25,-118.25 (10.1%); 33.75,-118.25 (6.4%); 34.25,-118.75 (2.4%)"
2016-10-29,87.97,31.09,1.0,Moderate heat stress,78.8 to 89.6 F,83.76,74.27,93.1,4.21,0,450,1,"34.25,-118.50 (35.4%); 34.00,-118.25 (23.1%); 34.00,-118.50 (22.6%); 34.25,-118.25 (10.1%); 33.75,-118.25 (6.4%); 34.25,-118.75 (2.4%)"
2016-10-30,73.75,23.2,0.0,No thermal stress,48.2 to 78.8 F,83.52,74.32,92.86,-9.77,0,450,1,"34.25,-118.50 (35.4%); 34.00,-118.25 (23.1%); 34.00,-118.50 (22.6%); 34.25,-118.25 (10.1%); 33.75,-118.25 (6.4%); 34.25,-118.75 (2.4%)"
2016-10-31,78.56,25.87,0.0,No thermal stress,48.2 to 78.8 F,83.22,74.27,92.61,-4.66,0,450,1,"34.25,-118.50 (35.4%); 34.00,-118.25 (23.1%); 34.00,-118.50 (22.6%); 34.25,-118.25 (10.1%); 33.75,-118.25 (6.4%); 34.25,-118.75 (2.4%)"
2016-11-01,79.22,26.23,1.0,Moderate heat stress,78.8 to 89.6 F,82.76,73.54,92.47,-3.54,0,450,1,"34.25,-118.50 (35.4%); 34.00,-118.25 (23.1%); 34.00,-118.50 (22.6%); 34.25,-118.25 (10.1%); 33.75,-118.25 (6.4%); 34.25,-118.75 (2.4%)"
2016-11-02,87.85,31.03,1.0,Moderate heat stress,78.8 to 89.6 F,82.36,73.3,92.12,5.49,0,450,1,"34.25,-118.50 (35.4%); 34.00,-118.25 (23.1%); 34.00,-118.50 (22.6%); 34.25,-118.25 (10.1%); 33.75,-118.25 (6.4%); 34.25,-118.75 (2.4%)"
2016-11-03,92.1,33.39,2.0,Strong heat stress,89.6 to 100.4 F,81.95,73.06,91.99,10.15,1,450,1,"34.25,-118.50 (35.4%); 34.00,-118.25 (23.1%); 34.00,-118.50 (22.6%); 34.25,-118.25 (10.1%); 33.75,-118.25 (6.4%); 34.25,-118.75 (2.4%)"
2016-11-04,89.5,31.94,1.0,Moderate heat stress,78.8 to 89.6 F,81.65,73.02,91.38,7.85,0,450,1,"34.25,-118.50 (35.4%); 34.00,-118.25 (23.1%); 34.00,-118.50 (22.6%); 34.25,-118.25 (10.1%); 33.75,-118.25 (6.4%); 34.25,-118.75 (2.4%)"
2016-11-05,88.1,31.17,1.0,Moderate heat stress,78.8 to 89.6 F,81.49,72.52,91.14,6.61,0,450,1,"34.25,-118.50 (35.4%); 34.00,-118.25 (23.1%); 34.00,-118.50 (22.6%); 34.25,-118.25 (10.1%); 33.75,-118.25 (6.4%); 34.25,-118.75 (2.4%)"
2016-11-06,84.07,28.93,1.0,Moderate heat stress,78.8 to 89.6 F,81.57,72.77,91.32,2.5,0,450,1,"34.25,-118.50 (35.4%); 34.00,-118.25 (23.1%); 34.00,-118.50 (22.6%); 34.25,-118.25 (10.1%); 33.75,-118.25 (6.4%); 34.25,-118.75 (2.4%)"
2016-11-07,88.96,31.65,1.0,Moderate heat stress,78.8 to 89.6 F,81.65,73.02,91.46,7.31,0,450,1,"34.25,-118.50 (35.4%); 34.00,-118.25 (23.1%); 34.00,-118.50 (22.6%); 34.25,-118.25 (10.1%); 33.75,-118.25 (6.4%); 34.25,-118.75 (2.4%)"
2016-11-08,95.77,35.43,2.0,Strong heat stress,89.6 to 100.4 F,81.52,72.77,91.32,14.25,1,450,1,"34.25,-118.50 (35.4%); 34.00,-118.25 (23.1%); 34.00,-118.50 (22.6%); 34.25,-118.25 (10.1%); 33.75,-118.25 (6.4%); 34.25,-118.75 (2.4%)"
2016-11-09,98.64,37.02,2.0,Strong heat stress,89.6 to 100.4 F,81.25,72.2,91.14,17.39,1,450,1,"34.25,-118.50 (35.4%); 34.00,-118.25 (23.1%); 34.00,-118.50 (22.6%); 34.25,-118.25 (10.1%); 33.75,-118.25 (6.4%); 34.25,-118.75 (2.4%)"
2016-11-10,94.55,34.75,2.0,Strong heat stress,89.6 to 100.4 F,81.07,71.94,90.92,13.48,1,450,1,"34.25,-118.50 (35.4%); 34.00,-118.25 (23.1%); 34.00,-118.50 (22.6%); 34.25,-118.25 (10.1%); 33.75,-118.25 (6.4%); 34.25,-118.75 (2.4%)"
2016-11-11,90.9,32.72,2.0,Strong heat stress,89.6 to 100.4 F,80.96,71.79,90.06,9.94,1,450,1,"34.25,-118.50 (35.4%); 34.00,-118.25 (23.1%); 34.00,-118.50 (22.6%); 34.25,-118.25 (10.1%); 33.75,-118.25 (6.4%); 34.25,-118.75 (2.4%)"
2016-11-12,85.16,29.54,1.0,Moderate heat stress,78.8 to 89.6 F,80.89,71.73,89.29,4.27,0,450,1,"34.25,-118.50 (35.4%); 34.00,-118.25 (23.1%); 34.00,-118.50 (22.6%); 34.25,-118.25 (10.1%); 33.75,-118.25 (6.4%); 34.25,-118.75 (2.4%)"
2016-11-13,93.45,34.14,2.0,Strong heat stress,89.6 to 100.4 F,80.58,71.18,89.09,12.87,1,450,1,"34.25,-118.50 (35.4%); 34.00,-118.25 (23.1%); 34.00,-118.50 (22.6%); 34.25,-118.25 (10.1%); 33.75,-118.25 (6.4%); 34.25,-118.75 (2.4%)"
2016-11-14,93.17,33.98,2.0,Strong heat stress,89.6 to 100.4 F,80.3,70.98,89.09,12.87,1,450,1,"34.25,-118.50 (35.4%); 34.00,-118.25 (23.1%); 34.00,-118.50 (22.6%); 34.25,-118.25 (10.1%); 33.75,-118.25 (6.4%); 34.25,-118.75 (2.4%)"
2016-11-15,85.74,29.85,1.0,Moderate heat stress,78.8 to 89.6 F,80.09,70.39,89.01,5.65,0,450,1,"34.25,-118.50 (35.4%); 34.00,-118.25 (23.1%); 34.00,-118.50 (22.6%); 34.25,-118.25 (10.1%); 33.75,-118.25 (6.4%); 34.25,-118.75 (2.4%)"
2016-11-16,79.95,26.64,1.0,Moderate heat stress,78.8 to 89.6 F,80.12,71.14,88.93,-0.17,0,450,1,"34.25,-118.50 (35.4%); 34.00,-118.25 (23.1%); 34.00,-118.50 (22.6%); 34.25,-118.25 (10.1%); 33.75,-118.25 (6.4%); 34.25,-118.75 (2.4%)"
2016-11-17,82.01,27.79,1.0,Moderate heat stress,78.8 to 89.6 F,80.18,71.36,88.71,1.83,0,450,1,"34.25,-118.50 (35.4%); 34.00,-118.25 (23.1%); 34.00,-118.50 (22.6%); 34.25,-118.25 (10.1%); 33.75,-118.25 (6.4%); 34.25,-118.75 (2.4%)"
2016-11-18,84.03,28.91,1.0,Moderate heat stress,78.8 to 89.6 F,80.18,71.61,88.57,3.85,0,450,1,"34.25,-118.50 (35.4%); 34.00,-118.25 (23.1%); 34.00,-118.50 (22.6%); 34.25,-118.25 (10.1%); 33.75,-118.25 (6.4%); 34.25,-118.75 (2.4%)"
2016-11-19,81.38,27.43,1.0,Moderate heat stress,78.8 to 89.6 F,80.05,71.17,88.48,1.33,0,450,1,"34.25,-118.50 (35.4%); 34.00,-118.25 (23.1%); 34.00,-118.50 (22.6%); 34.25,-118.25 (10.1%); 33.75,-118.25 (6.4%); 34.25,-118.75 (2.4%)"
2016-11-20,75.63,24.24,0.0,No thermal stress,48.2 to 78.8 F,79.68,71.05,88.47,-4.05,0,450,1,"34.25,-118.50 (35.4%); 34.00,-118.25 (23.1%); 34.00,-118.50 (22.6%); 34.25,-118.25 (10.1%); 33.75,-118.25 (6.4%); 34.25,-118.75 (2.4%)"
2016-11-21,75.88,24.38,0.0,No thermal stress,48.2 to 78.8 F,79.17,70.32,87.54,-3.29,0,450,1,"34.25,-118.50 (35.4%); 34.00,-118.25 (23.1%); 34.00,-118.50 (22.6%); 34.25,-118.25 (10.1%); 33.75,-118.25 (6.4%); 34.25,-118.75 (2.4%)"
2016-11-22,79.38,26.32,1.0,Moderate heat stress,78.8 to 89.6 F,78.67,69.62,87.16,0.71,0,450,1,"34.25,-118.50 (35.4%); 34.00,-118.25 (23.1%); 34.00,-118.50 (22.6%); 34.25,-118.25 (10.1%); 33.75,-118.25 (6.4%); 34.25,-118.75 (2.4%)"
2016-11-23,78.45,25.81,0.0,No thermal stress,48.2 to 78.8 F,78.31,69.46,86.41,0.14,0,450,1,"34.25,-118.50 (35.4%); 34.00,-118.25 (23.1%); 34.00,-118.50 (22.6%); 34.25,-118.25 (10.1%); 33.75,-118.25 (6.4%); 34.25,-118.75 (2.4%)"
2016-11-24,82.96,28.31,1.0,Moderate heat stress,78.8 to 89.6 F,78.07,69.46,86.0,4.89,0,450,1,"34.25,-118.50 (35.4%); 34.00,-118.25 (23.1%); 34.00,-118.50 (22.6%); 34.25,-118.25 (10.1%); 33.75,-118.25 (6.4%); 34.25,-118.75 (2.4%)"
2016-11-25,81.49,27.49,1.0,Moderate heat stress,78.8 to 89.6 F,77.73,69.04,85.84,3.76,0,450,1,"34.25,-118.50 (35.4%); 34.00,-118.25 (23.1%); 34.00,-118.50 (22.6%); 34.25,-118.25 (10.1%); 33.75,-118.25 (6.4%); 34.25,-118.75 (2.4%)"
2016-11-26,69.5,20.84,0.0,No thermal stress,48.2 to 78.8 F,77.35,68.39,85.51,-7.85,0,450,1,"34.25,-118.50 (35.4%); 34.00,-118.25 (23.1%); 34.00,-118.50 (22.6%); 34.25,-118.25 (10.1%); 33.75,-118.25 (6.4%); 34.25,-118.75 (2.4%)"
2016-11-27,57.77,14.32,0.0,No thermal stress,48.2 to 78.8 F,77.0,67.94,85.17,-19.23,0,450,1,"34.25,-118.50 (35.4%); 34.00,-118.25 (23.1%); 34.00,-118.50 (22.6%); 34.25,-118.25 (10.1%); 33.75,-118.25 (6.4%); 34.25,-118.75 (2.4%)"
2016-11-28,69.07,20.59,0.0,No thermal stress,48.2 to 78.8 F,76.7,67.54,84.84,-7.63,0,450,1,"34.25,-118.50 (35.4%); 34.00,-118.25 (23.1%); 34.00,-118.50 (22.6%); 34.25,-118.25 (10.1%); 33.75,-118.25 (6.4%); 34.25,-118.75 (2.4%)"
2016-11-29,77.15,25.08,0.0,No thermal stress,48.2 to 78.8 F,76.34,67.02,84.34,0.81,0,450,1,"34.25,-118.50 (35.4%); 34.00,-118.25 (23.1%); 34.00,-118.50 (22.6%); 34.25,-118.25 (10.1%); 33.75,-118.25 (6.4%); 34.25,-118.75 (2.4%)"
2016-11-30,75.97,24.43,0.0,No thermal stress,48.2 to 78.8 F,75.93,66.57,84.22,0.04,0,450,1,"34.25,-118.50 (35.4%); 34.00,-118.25 (23.1%); 34.00,-118.50 (22.6%); 34.25,-118.25 (10.1%); 33.75,-118.25 (6.4%); 34.25,-118.75 (2.4%)"
2016-12-01,77.54,25.3,0.0,No thermal stress,48.2 to 78.8 F,75.62,65.73,84.22,1.92,0,450,1,"34.25,-118.50 (35.4%); 34.00,-118.25 (23.1%); 34.00,-118.50 (22.6%); 34.25,-118.25 (10.1%); 33.75,-118.25 (6.4%); 34.25,-118.75 (2.4%)"
2016-12-02,60.54,15.86,0.0,No thermal stress,48.2 to 78.8 F,75.37,65.66,83.78,-14.83,0,450,1,"34.25,-118.50 (35.4%); 34.00,-118.25 (23.1%); 34.00,-118.50 (22.6%); 34.25,-118.25 (10.1%); 33.75,-118.25 (6.4%); 34.25,-118.75 (2.4%)"
2016-12-03,78.55,25.86,0.0,No thermal stress,48.2 to 78.8 F,75.12,65.52,83.3,3.43,0,450,1,"34.25,-118.50 (35.4%); 34.00,-118.25 (23.1%); 34.00,-118.50 (22.6%); 34.25,-118.25 (10.1%); 33.75,-118.25 (6.4%); 34.25,-118.75 (2.4%)"
2016-12-04,79.14,26.19,1.0,Moderate heat stress,78.8 to 89.6 F,74.8,64.6,82.9,4.34,0,450,1,"34.25,-118.50 (35.4%); 34.00,-118.25 (23.1%); 34.00,-118.50 (22.6%); 34.25,-118.25 (10.1%); 33.75,-118.25 (6.4%); 34.25,-118.75 (2.4%)"
2016-12-05,73.15,22.86,0.0,No thermal stress,48.2 to 78.8 F,74.57,63.69,82.9,-1.42,0,450,1,"34.25,-118.50 (35.4%); 34.00,-118.25 (23.1%); 34.00,-118.50 (22.6%); 34.25,-118.25 (10.1%); 33.75,-118.25 (6.4%); 34.25,-118.75 (2.4%)"
2016-12-06,74.35,23.53,0.0,No thermal stress,48.2 to 78.8 F,74.53,63.97,82.78,-0.18,0,450,1,"34.25,-118.50 (35.4%); 34.00,-118.25 (23.1%); 34.00,-118.50 (22.6%); 34.25,-118.25 (10.1%); 33.75,-118.25 (6.4%); 34.25,-118.75 (2.4%)"
2016-12-07,70.94,21.64,0.0,No thermal stress,48.2 to 78.8 F,74.43,64.42,82.69,-3.49,0,450,1,"34.25,-118.50 (35.4%); 34.00,-118.25 (23.1%); 34.00,-118.50 (22.6%); 34.25,-118.25 (10.1%); 33.75,-118.25 (6.4%); 34.25,-118.75 (2.4%)"
2016-12-08,73.22,22.9,0.0,No thermal stress,48.2 to 78.8 F,74.29,64.61,82.56,-1.07,0,450,1,"34.25,-118.50 (35.4%); 34.00,-118.25 (23.1%); 34.00,-118.50 (22.6%); 34.25,-118.25 (10.1%); 33.75,-118.25 (6.4%); 34.25,-118.75 (2.4%)"
2016-12-09,75.42,24.12,0.0,No thermal stress,48.2 to 78.8 F,74.05,63.97,82.44,1.37,0,450,1,"34.25,-118.50 (35.4%); 34.00,-118.25 (23.1%); 34.00,-118.50 (22.6%); 34.25,-118.25 (10.1%); 33.75,-118.25 (6.4%); 34.25,-118.75 (2.4%)"
2016-12-10,76.93,24.96,0.0,No thermal stress,48.2 to 78.8 F,73.87,63.69,82.67,3.06,0,450,1,"34.25,-118.50 (35.4%); 34.00,-118.25 (23.1%); 34.00,-118.50 (22.6%); 34.25,-118.25 (10.1%); 33.75,-118.25 (6.4%); 34.25,-118.75 (2.4%)"
2016-12-11,78.89,26.05,1.0,Moderate heat stress,78.8 to 89.6 F,73.6,62.9,82.77,5.29,0,450,1,"34.25,-118.50 (35.4%); 34.00,-118.25 (23.1%); 34.00,-118.50 (22.6%); 34.25,-118.25 (10.1%); 33.75,-118.25 (6.4%); 34.25,-118.75 (2.4%)"
2016-12-12,73.78,23.21,0.0,No thermal stress,48.2 to 78.8 F,73.38,61.29,82.92,0.4,0,450,1,"34.25,-118.50 (35.4%); 34.00,-118.25 (23.1%); 34.00,-118.50 (22.6%); 34.25,-118.25 (10.1%); 33.75,-118.25 (6.4%); 34.25,-118.75 (2.4%)"
2016-12-13,76.58,24.77,0.0,No thermal stress,48.2 to 78.8 F,73.32,61.62,82.88,3.26,0,450,1,"34.25,-118.50 (35.4%); 34.00,-118.25 (23.1%); 34.00,-118.50 (22.6%); 34.25,-118.25 (10.1%); 33.75,-118.25 (6.4%); 34.25,-118.75 (2.4%)"
2016-12-14,80.59,26.99,1.0,Moderate heat stress,78.8 to 89.6 F,73.29,62.86,82.88,7.3,0,450,1,"34.25,-118.50 (35.4%); 34.00,-118.25 (23.1%); 34.00,-118.50 (22.6%); 34.25,-118.25 (10.1%); 33.75,-118.25 (6.4%); 34.25,-118.75 (2.4%)"
2016-12-15,74.05,23.36,0.0,No thermal stress,48.2 to 78.8 F,73.15,62.77,82.61,0.9,0,450,1,"34.25,-118.50 (35.4%); 34.00,-118.25 (23.1%); 34.00,-118.50 (22.6%); 34.25,-118.25 (10.1%); 33.75,-118.25 (6.4%); 34.25,-118.75 (2.4%)"
2016-12-16,55.29,12.94,0.0,No thermal stress,48.2 to 78.8 F,73.01,62.27,82.55,-17.72,0,450,1,"34.25,-118.50 (35.4%); 34.00,-118.25 (23.1%); 34.00,-118.50 (22.6%); 34.25,-118.25 (10.1%); 33.75,-118.25 (6.4%); 34.25,-118.75 (2.4%)"
2016-12-17,71.31,21.84,0.0,No thermal stress,48.2 to 78.8 F,72.87,61.29,82.36,-1.56,0,450,1,"34.25,-118.50 (35.4%); 34.00,-118.25 (23.1%); 34.00,-118.50 (22.6%); 34.25,-118.25 (10.1%); 33.75,-118.25 (6.4%); 34.25,-118.75 (2.4%)"
2016-12-18,72.54,22.52,0.0,No thermal stress,48.2 to 78.8 F,72.72,60.62,82.37,-0.18,0,450,1,"34.25,-118.50 (35.4%); 34.00,-118.25 (23.1%); 34.00,-118.50 (22.6%); 34.25,-118.25 (10.1%); 33.75,-118.25 (6.4%); 34.25,-118.75 (2.4%)"
2016-12-19,73.06,22.81,0.0,No thermal stress,48.2 to 78.8 F,72.64,60.95,82.34,0.42,0,450,1,"34.25,-118.50 (35.4%); 34.00,-118.25 (23.1%); 34.00,-118.50 (22.6%); 34.25,-118.25 (10.1%); 33.75,-118.25 (6.4%); 34.25,-118.75 (2.4%)"
2016-12-20,81.61,27.56,1.0,Moderate heat stress,78.8 to 89.6 F,72.67,60.95,82.34,8.94,0,450,1,"34.25,-118.50 (35.4%); 34.00,-118.25 (23.1%); 34.00,-118.50 (22.6%); 34.25,-118.25 (10.1%); 33.75,-118.25 (6.4%); 34.25,-118.75 (2.4%)"
2016-12-21,70.0,21.11,0.0,No thermal stress,48.2 to 78.8 F,72.53,60.95,82.37,-2.53,0,450,1,"34.25,-118.50 (35.4%); 34.00,-118.25 (23.1%); 34.00,-118.50 (22.6%); 34.25,-118.25 (10.1%); 33.75,-118.25 (6.4%); 34.25,-118.75 (2.4%)"
2016-12-22,66.71,19.28,0.0,No thermal stress,48.2 to 78.8 F,72.48,60.17,82.39,-5.77,0,450,1,"34.25,-118.50 (35.4%); 34.00,-118.25 (23.1%); 34.00,-118.50 (22.6%); 34.25,-118.25 (10.1%); 33.75,-118.25 (6.4%); 34.25,-118.75 (2.4%)"
2016-12-23,62.75,17.08,0.0,No thermal stress,48.2 to 78.8 F,72.44,60.64,82.36,-9.69,0,450,1,"34.25,-118.50 (35.4%); 34.00,-118.25 (23.1%); 34.00,-118.50 (22.6%); 34.25,-118.25 (10.1%); 33.75,-118.25 (6.4%); 34.25,-118.75 (2.4%)"
2016-12-24,57.81,14.34,0.0,No thermal stress,48.2 to 78.8 F,72.44,60.77,82.34,-14.63,0,450,1,"34.25,-118.50 (35.4%); 34.00,-118.25 (23.1%); 34.00,-118.50 (22.6%); 34.25,-118.25 (10.1%); 33.75,-118.25 (6.4%); 34.25,-118.75 (2.4%)"
2016-12-25,68.33,20.19,0.0,No thermal stress,48.2 to 78.8 F,72.54,60.96,82.15,-4.21,0,450,1,"34.25,-118.50 (35.4%); 34.00,-118.25 (23.1%); 34.00,-118.50 (22.6%); 34.25,-118.25 (10.1%); 33.75,-118.25 (6.4%); 34.25,-118.75 (2.4%)"
2016-12-26,62.63,17.01,0.0,No thermal stress,48.2 to 78.8 F,72.55,60.77,82.36,-9.92,0,450,1,"34.25,-118.50 (35.4%); 34.00,-118.25 (23.1%); 34.00,-118.50 (22.6%); 34.25,-118.25 (10.1%); 33.75,-118.25 (6.4%); 34.25,-118.75 (2.4%)"
2016-12-27,74.69,23.72,0.0,No thermal stress,48.2 to 78.8 F,72.57,60.7,82.36,2.12,0,450,1,"34.25,-118.50 (35.4%); 34.00,-118.25 (23.1%); 34.00,-118.50 (22.6%); 34.25,-118.25 (10.1%); 33.75,-118.25 (6.4%); 34.25,-118.75 (2.4%)"
2016-12-28,81.87,27.71,1.0,Moderate heat stress,78.8 to 89.6 F,72.53,60.49,82.39,9.34,0,450,1,"34.25,-118.50 (35.4%); 34.00,-118.25 (23.1%); 34.00,-118.50 (22.6%); 34.25,-118.25 (10.1%); 33.75,-118.25 (6.4%); 34.25,-118.75 (2.4%)"
2016-12-29,82.67,28.15,1.0,Moderate heat stress,78.8 to 89.6 F,72.46,59.6,82.76,10.21,0,450,1,"34.25,-118.50 (35.4%); 34.00,-118.25 (23.1%); 34.00,-118.50 (22.6%); 34.25,-118.25 (10.1%); 33.75,-118.25 (6.4%); 34.25,-118.75 (2.4%)"
2016-12-30,71.98,22.21,0.0,No thermal stress,48.2 to 78.8 F,72.63,59.64,82.92,-0.65,0,450,1,"34.25,-118.50 (35.4%); 34.00,-118.25 (23.1%); 34.00,-118.50 (22.6%); 34.25,-118.25 (10.1%); 33.75,-118.25 (6.4%); 34.25,-118.75 (2.4%)"
2016-12-31,56.4,13.55,0.0,No thermal stress,48.2 to 78.8 F,72.59,59.51,83.13,-16.19,0,450,1,"34.25,-118.50 (35.4%); 34.00,-118.25 (23.1%); 34.00,-118.50 (22.6%); 34.25,-118.25 (10.1%); 33.75,-118.25 (6.4%); 34.25,-118.75 (2.4%)"
2017-01-01,67.09,19.49,0.0,No thermal stress,48.2 to 78.8 F,72.59,59.05,83.16,-5.5,0,450,1,"34.25,-118.50 (35.4%); 34.00,-118.25 (23.1%); 34.00,-118.50 (22.6%); 34.25,-118.25 (10.1%); 33.75,-118.25 (6.4%); 34.25,-118.75 (2.4%)"
2017-01-02,55.75,13.2,0.0,No thermal stress,48.2 to 78.8 F,72.55,59.05,83.02,-16.8,0,450,1,"34.25,-118.50 (35.4%); 34.00,-118.25 (23.1%); 34.00,-118.50 (22.6%); 34.25,-118.25 (10.1%); 33.75,-118.25 (6.4%); 34.25,-118.75 (2.4%)"
2017-01-03,68.62,20.35,0.0,No thermal stress,48.2 to 78.8 F,72.6,58.43,83.16,-3.98,0,450,1,"34.25,-118.50 (35.4%); 34.00,-118.25 (23.1%); 34.00,-118.50 (22.6%); 34.25,-118.25 (10.1%); 33.75,-118.25 (6.4%); 34.25,-118.75 (2.4%)"
2017-01-04,68.59,20.33,0.0,No thermal stress,48.2 to 78.8 F,72.65,58.45,83.22,-4.06,0,450,1,"34.25,-118.50 (35.4%); 34.00,-118.25 (23.1%); 34.00,-118.50 (22.6%); 34.25,-118.25 (10.1%); 33.75,-118.25 (6.4%); 34.25,-118.75 (2.4%)"
2017-01-05,62.35,16.86,0.0,No thermal stress,48.2 to 78.8 F,72.71,58.14,83.16,-10.36,0,450,1,"34.25,-118.50 (35.4%); 34.00,-118.25 (23.1%); 34.00,-118.50 (22.6%); 34.25,-118.25 (10.1%); 33.75,-118.25 (6.4%); 34.25,-118.75 (2.4%)"
2017-01-06,72.78,22.66,0.0,No thermal stress,48.2 to 78.8 F,72.95,58.4,83.57,-0.17,0,450,1,"34.25,-118.50 (35.4%); 34.00,-118.25 (23.1%); 34.00,-118.50 (22.6%); 34.25,-118.25 (10.1%); 33.75,-118.25 (6.4%); 34.25,-118.75 (2.4%)"
2017-01-07,73.94,23.3,0.0,No thermal stress,48.2 to 78.8 F,73.12,58.15,83.84,0.82,0,450,1,"34.25,-118.50 (35.4%); 34.00,-118.25 (23.1%); 34.00,-118.50 (22.6%); 34.25,-118.25 (10.1%); 33.75,-118.25 (6.4%); 34.25,-118.75 (2.4%)"
2017-01-08,82.55,28.08,1.0,Moderate heat stress,78.8 to 89.6 F,73.15,57.71,84.08,9.4,0,450,1,"34.25,-118.50 (35.4%); 34.00,-118.25 (23.1%); 34.00,-118.50 (22.6%); 34.25,-118.25 (10.1%); 33.75,-118.25 (6.4%); 34.25,-118.75 (2.4%)"
2017-01-09,71.25,21.81,0.0,No thermal stress,48.2 to 78.8 F,73.17,57.56,84.23,-1.92,0,450,1,"34.25,-118.50 (35.4%); 34.00,-118.25 (23.1%); 34.00,-118.50 (22.6%); 34.25,-118.25 (10.1%); 33.75,-118.25 (6.4%); 34.25,-118.75 (2.4%)"
2017-01-10,61.42,16.35,0.0,No thermal stress,48.2 to 78.8 F,73.42,57.8,84.26,-12.0,0,450,1,"34.25,-118.50 (35.4%); 34.00,-118.25 (23.1%); 34.00,-118.50 (22.6%); 34.25,-118.25 (10.1%); 33.75,-118.25 (6.4%); 34.25,-118.75 (2.4%)"
2017-01-11,67.91,19.95,0.0,No thermal stress,48.2 to 78.8 F,73.64,58.54,84.31,-5.73,0,450,1,"34.25,-118.50 (35.4%); 34.00,-118.25 (23.1%); 34.00,-118.50 (22.6%); 34.25,-118.25 (10.1%); 33.75,-118.25 (6.4%); 34.25,-118.75 (2.4%)"
2017-01-12,54.85,12.7,0.0,No thermal stress,48.2 to 78.8 F,73.72,58.84,84.43,-18.87,0,450,1,"34.25,-118.50 (35.4%); 34.00,-118.25 (23.1%); 34.00,-118.50 (22.6%); 34.25,-118.25 (10.1%); 33.75,-118.25 (6.4%); 34.25,-118.75 (2.4%)"
2017-01-13,72.2,22.33,0.0,No thermal stress,48.2 to 78.8 F,73.83,59.77,84.47,-1.63,0,450,1,"34.25,-118.50 (35.4%); 34.00,-118.25 (23.1%); 34.00,-118.50 (22.6%); 34.25,-118.25 (10.1%); 33.75,-118.25 (6.4%); 34.25,-118.75 (2.4%)"
2017-01-14,75.66,24.26,0.0,No thermal stress,48.2 to 78.8 F,73.78,59.79,84.43,1.88,0,450,1,"34.25,-118.50 (35.4%); 34.00,-118.25 (23.1%); 34.00,-118.50 (22.6%); 34.25,-118.25 (10.1%); 33.75,-118.25 (6.4%); 34.25,-118.75 (2.4%)"
2017-01-15,64.6,18.11,0.0,No thermal stress,48.2 to 78.8 F,73.83,59.79,84.11,-9.23,0,450,1,"34.25,-118.50 (35.4%); 34.00,-118.25 (23.1%); 34.00,-118.50 (22.6%); 34.25,-118.25 (10.1%); 33.75,-118.25 (6.4%); 34.25,-118.75 (2.4%)"
2017-01-16,76.47,24.7,0.0,No thermal stress,48.2 to 78.8 F,73.77,59.79,84.05,2.7,0,450,1,"34.25,-118.50 (35.4%); 34.00,-118.25 (23.1%); 34.00,-118.50 (22.6%); 34.25,-118.25 (10.1%); 33.75,-118.25 (6.4%); 34.25,-118.75 (2.4%)"
2017-01-17,74.6,23.66,0.0,No thermal stress,48.2 to 78.8 F,73.91,60.07,84.05,0.69,0,450,1,"34.25,-118.50 (35.4%); 34.00,-118.25 (23.1%); 34.00,-118.50 (22.6%); 34.25,-118.25 (10.1%); 33.75,-118.25 (6.4%); 34.25,-118.75 (2.4%)"
2017-01-18,71.07,21.71,0.0,No thermal stress,48.2 to 78.8 F,73.96,60.23,84.12,-2.89,0,450,1,"34.25,-118.50 (35.4%); 34.00,-118.25 (23.1%); 34.00,-118.50 (22.6%); 34.25,-118.25 (10.1%); 33.75,-118.25 (6.4%); 34.25,-118.75 (2.4%)"
2017-01-19,62.93,17.18,0.0,No thermal stress,48.2 to 78.8 F,74.03,60.55,83.96,-11.1,0,450,1,"34.25,-118.50 (35.4%); 34.00,-118.25 (23.1%); 34.00,-118.50 (22.6%); 34.25,-118.25 (10.1%); 33.75,-118.25 (6.4%); 34.25,-118.75 (2.4%)"
2017-01-20,47.62,8.68,-1.0,Slight cold stress,32.0 to 48.2 F,74.06,60.98,83.82,-26.44,0,450,1,"34.25,-118.50 (35.4%); 34.00,-118.25 (23.1%); 34.00,-118.50 (22.6%); 34.25,-118.25 (10.1%); 33.75,-118.25 (6.4%); 34.25,-118.75 (2.4%)"
2017-01-21,61.55,16.42,0.0,No thermal stress,48.2 to 78.8 F,74.02,60.98,83.47,-12.47,0,450,1,"34.25,-118.50 (35.4%); 34.00,-118.25 (23.1%); 34.00,-118.50 (22.6%); 34.25,-118.25 (10.1%); 33.75,-118.25 (6.4%); 34.25,-118.75 (2.4%)"
2017-01-22,47.46,8.59,-1.0,Slight cold stress,32.0 to 48.2 F,74.04,61.34,83.43,-26.58,0,450,1,"34.25,-118.50 (35.4%); 34.00,-118.25 (23.1%); 34.00,-118.50 (22.6%); 34.25,-118.25 (10.1%); 33.75,-118.25 (6.4%); 34.25,-118.75 (2.4%)"
2017-01-23,56.18,13.43,0.0,No thermal stress,48.2 to 78.8 F,74.19,62.04,83.57,-18.01,0,450,1,"34.25,-118.50 (35.4%); 34.00,-118.25 (23.1%); 34.00,-118.50 (22.6%); 34.25,-118.25 (10.1%); 33.75,-118.25 (6.4%); 34.25,-118.75 (2.4%)"
2017-01-24,69.32,20.73,0.0,No thermal stress,48.2 to 78.8 F,74.16,61.34,83.57,-4.84,0,450,1,"34.25,-118.50 (35.4%); 34.00,-118.25 (23.1%); 34.00,-118.50 (22.6%); 34.25,-118.25 (10.1%); 33.75,-118.25 (6.4%); 34.25,-118.75 (2.4%)"
2017-01-25,70.81,21.56,0.0,No thermal stress,48.2 to 78.8 F,74.2,62.04,83.45,-3.39,0,450,1,"34.25,-118.50 (35.4%); 34.00,-118.25 (23.1%); 34.00,-118.50 (22.6%); 34.25,-118.25 (10.1%); 33.75,-118.25 (6.4%); 34.25,-118.75 (2.4%)"
2017-01-26,74.34,23.52,0.0,No thermal stress,48.2 to 78.8 F,74.16,62.04,83.43,0.18,0,450,1,"34.25,-118.50 (35.4%); 34.00,-118.25 (23.1%); 34.00,-118.50 (22.6%); 34.25,-118.25 (10.1%); 33.75,-118.25 (6.4%); 34.25,-118.75 (2.4%)"
2017-01-27,72.53,22.52,0.0,No thermal stress,48.2 to 78.8 F,74.13,61.05,83.43,-1.6,0,450,1,"34.25,-118.50 (35.4%); 34.00,-118.25 (23.1%); 34.00,-118.50 (22.6%); 34.25,-118.25 (10.1%); 33.75,-118.25 (6.4%); 34.25,-118.75 (2.4%)"
2017-01-28,79.02,26.12,1.0,Moderate heat stress,78.8 to 89.6 F,74.29,62.33,83.45,4.73,0,450,1,"34.25,-118.50 (35.4%); 34.00,-118.25 (23.1%); 34.00,-118.50 (22.6%); 34.25,-118.25 (10.1%); 33.75,-118.25 (6.4%); 34.25,-118.75 (2.4%)"
2017-01-29,79.43,26.35,1.0,Moderate heat stress,78.8 to 89.6 F,74.5,62.77,83.76,4.93,0,450,1,"34.25,-118.50 (35.4%); 34.00,-118.25 (23.1%); 34.00,-118.50 (22.6%); 34.25,-118.25 (10.1%); 33.75,-118.25 (6.4%); 34.25,-118.75 (2.4%)"
2017-01-30,83.74,28.75,1.0,Moderate heat stress,78.8 to 89.6 F,74.54,62.6,83.82,9.2,0,450,1,"34.25,-118.50 (35.4%); 34.00,-118.25 (23.1%); 34.00,-118.50 (22.6%); 34.25,-118.25 (10.1%); 33.75,-118.25 (6.4%); 34.25,-118.75 (2.4%)"
2017-01-31,80.53,26.96,1.0,Moderate heat stress,78.8 to 89.6 F,74.56,62.48,84.29,5.97,0,450,1,"34.25,-118.50 (35.4%); 34.00,-118.25 (23.1%); 34.00,-118.50 (22.6%); 34.25,-118.25 (10.1%); 33.75,-118.25 (6.4%); 34.25,-118.75 (2.4%)"
2017-02-01,75.58,24.21,0.0,No thermal stress,48.2 to 78.8 F,74.66,62.51,84.85,0.92,0,450,1,"34.25,-118.50 (35.4%); 34.00,-118.25 (23.1%); 34.00,-118.50 (22.6%); 34.25,-118.25 (10.1%); 33.75,-118.25 (6.4%); 34.25,-118.75 (2.4%)"
2017-02-02,75.61,24.23,0.0,No thermal stress,48.2 to 78.8 F,74.68,62.25,85.08,0.93,0,450,1,"34.25,-118.50 (35.4%); 34.00,-118.25 (23.1%); 34.00,-118.50 (22.6%); 34.25,-118.25 (10.1%); 33.75,-118.25 (6.4%); 34.25,-118.75 (2.4%)"
2017-02-03,60.89,16.05,0.0,No thermal stress,48.2 to 78.8 F,74.64,61.28,85.19,-13.75,0,450,1,"34.25,-118.50 (35.4%); 34.00,-118.25 (23.1%); 34.00,-118.50 (22.6%); 34.25,-118.25 (10.1%); 33.75,-118.25 (6.4%); 34.25,-118.75 (2.4%)"
2017-02-04,72.07,22.26,0.0,No thermal stress,48.2 to 78.8 F,74.64,61.06,85.67,-2.57,0,450,1,"34.25,-118.50 (35.4%); 34.00,-118.25 (23.1%); 34.00,-118.50 (22.6%); 34.25,-118.25 (10.1%); 33.75,-118.25 (6.4%); 34.25,-118.75 (2.4%)"
2017-02-05,68.45,20.25,0.0,No thermal stress,48.2 to 78.8 F,74.63,61.06,85.85,-6.18,0,450,1,"34.25,-118.50 (35.4%); 34.00,-118.25 (23.1%); 34.00,-118.50 (22.6%); 34.25,-118.25 (10.1%); 33.75,-118.25 (6.4%); 34.25,-118.75 (2.4%)"
2017-02-06,63.01,17.23,0.0,No thermal stress,48.2 to 78.8 F,74.5,60.42,85.88,-11.49,0,450,1,"34.25,-118.50 (35.4%); 34.00,-118.25 (23.1%); 34.00,-118.50 (22.6%); 34.25,-118.25 (10.1%); 33.75,-118.25 (6.4%); 34.25,-118.75 (2.4%)"
2017-02-07,60.42,15.79,0.0,No thermal stress,48.2 to 78.8 F,74.47,60.65,85.94,-14.05,0,450,1,"34.25,-118.50 (35.4%); 34.00,-118.25 (23.1%); 34.00,-118.50 (22.6%); 34.25,-118.25 (10.1%); 33.75,-118.25 (6.4%); 34.25,-118.75 (2.4%)"
2017-02-08,79.58,26.43,1.0,Moderate heat stress,78.8 to 89.6 F,74.55,60.87,85.88,5.03,0,450,1,"34.25,-118.50 (35.4%); 34.00,-118.25 (23.1%); 34.00,-118.50 (22.6%); 34.25,-118.25 (10.1%); 33.75,-118.25 (6.4%); 34.25,-118.75 (2.4%)"
2017-02-09,82.55,28.08,1.0,Moderate heat stress,78.8 to 89.6 F,74.42,60.37,85.94,8.13,0,450,1,"34.25,-118.50 (35.4%); 34.00,-118.25 (23.1%); 34.00,-118.50 (22.6%); 34.25,-118.25 (10.1%); 33.75,-118.25 (6.4%); 34.25,-118.75 (2.4%)"
2017-02-10,76.45,24.69,0.0,No thermal stress,48.2 to 78.8 F,74.25,60.15,85.85,2.2,0,450,1,"34.25,-118.50 (35.4%); 34.00,-118.25 (23.1%); 34.00,-118.50 (22.6%); 34.25,-118.25 (10.1%); 33.75,-118.25 (6.4%); 34.25,-118.75 (2.4%)"
2017-02-11,69.83,21.02,0.0,No thermal stress,48.2 to 78.8 F,74.17,60.37,85.71,-4.34,0,450,1,"34.25,-118.50 (35.4%); 34.00,-118.25 (23.1%); 34.00,-118.50 (22.6%); 34.25,-118.25 (10.1%); 33.75,-118.25 (6.4%); 34.25,-118.75 (2.4%)"
2017-02-12,77.72,25.4,0.0,No thermal stress,48.2 to 78.8 F,73.89,60.08,85.58,3.83,0,450,1,"34.25,-118.50 (35.4%); 34.00,-118.25 (23.1%); 34.00,-118.50 (22.6%); 34.25,-118.25 (10.1%); 33.75,-118.25 (6.4%); 34.25,-118.75 (2.4%)"
2017-02-13,80.73,27.07,1.0,Moderate heat stress,78.8 to 89.6 F,73.61,59.32,85.58,7.12,0,450,1,"34.25,-118.50 (35.4%); 34.00,-118.25 (23.1%); 34.00,-118.50 (22.6%); 34.25,-118.25 (10.1%); 33.75,-118.25 (6.4%); 34.25,-118.75 (2.4%)"
2017-02-14,80.02,26.68,1.0,Moderate heat stress,78.8 to 89.6 F,73.59,59.66,85.62,6.43,0,450,1,"34.25,-118.50 (35.4%); 34.00,-118.25 (23.1%); 34.00,-118.50 (22.6%); 34.25,-118.25 (10.1%); 33.75,-118.25 (6.4%); 34.25,-118.75 (2.4%)"
2017-02-15,83.6,28.66,1.0,Moderate heat stress,78.8 to 89.6 F,73.6,59.16,85.57,10.0,0,450,1,"34.25,-118.50 (35.4%); 34.00,-118.25 (23.1%); 34.00,-118.50 (22.6%); 34.25,-118.25 (10.1%); 33.75,-118.25 (6.4%); 34.25,-118.75 (2.4%)"
2017-02-16,76.42,24.68,0.0,No thermal stress,48.2 to 78.8 F,73.36,59.08,85.43,3.06,0,450,1,"34.25,-118.50 (35.4%); 34.00,-118.25 (23.1%); 34.00,-118.50 (22.6%); 34.25,-118.25 (10.1%); 33.75,-118.25 (6.4%); 34.25,-118.75 (2.4%)"
2017-02-17,52.05,11.14,0.0,No thermal stress,48.2 to 78.8 F,73.38,59.64,85.13,-21.33,0,450,1,"34.25,-118.50 (35.4%); 34.00,-118.25 (23.1%); 34.00,-118.50 (22.6%); 34.25,-118.25 (10.1%); 33.75,-118.25 (6.4%); 34.25,-118.75 (2.4%)"
2017-02-18,66.32,19.07,0.0,No thermal stress,48.2 to 78.8 F,73.4,59.84,85.22,-7.08,0,450,1,"34.25,-118.50 (35.4%); 34.00,-118.25 (23.1%); 34.00,-118.50 (22.6%); 34.25,-118.25 (10.1%); 33.75,-118.25 (6.4%); 34.25,-118.75 (2.4%)"
2017-02-19,66.58,19.21,0.0,No thermal stress,48.2 to 78.8 F,73.41,60.04,85.29,-6.83,0,450,1,"34.25,-118.50 (35.4%); 34.00,-118.25 (23.1%); 34.00,-118.50 (22.6%); 34.25,-118.25 (10.1%); 33.75,-118.25 (6.4%); 34.25,-118.75 (2.4%)"
2017-02-20,59.86,15.48,0.0,No thermal stress,48.2 to 78.8 F,73.12,59.84,84.85,-13.26,0,450,1,"34.25,-118.50 (35.4%); 34.00,-118.25 (23.1%); 34.00,-118.50 (22.6%); 34.25,-118.25 (10.1%); 33.75,-118.25 (6.4%); 34.25,-118.75 (2.4%)"
2017-02-21,74.21,23.45,0.0,No thermal stress,48.2 to 78.8 F,73.12,60.13,84.89,1.09,0,458,1,"34.25,-118.50 (35.4%); 34.00,-118.25 (23.1%); 34.00,-118.50 (22.6%); 34.25,-118.25 (10.1%); 33.75,-118.25 (6.4%); 34.25,-118.75 (2.4%)"
2017-02-22,69.08,20.6,0.0,No thermal stress,48.2 to 78.8 F,73.11,60.13,84.79,-4.03,0,458,1,"34.25,-118.50 (35.4%); 34.00,-118.25 (23.1%); 34.00,-118.50 (22.6%); 34.25,-118.25 (10.1%); 33.75,-118.25 (6.4%); 34.25,-118.75 (2.4%)"
2017-02-23,60.31,15.73,0.0,No thermal stress,48.2 to 78.8 F,72.99,60.01,84.39,-12.68,0,458,1,"34.25,-118.50 (35.4%); 34.00,-118.25 (23.1%); 34.00,-118.50 (22.6%); 34.25,-118.25 (10.1%); 33.75,-118.25 (6.4%); 34.25,-118.75 (2.4%)"
2017-02-24,73.82,23.24,0.0,No thermal stress,48.2 to 78.8 F,73.02,60.22,84.16,0.8,0,458,1,"34.25,-118.50 (35.4%); 34.00,-118.25 (23.1%); 34.00,-118.50 (22.6%); 34.25,-118.25 (10.1%); 33.75,-118.25 (6.4%); 34.25,-118.75 (2.4%)"
2017-02-25,71.02,21.68,0.0,No thermal stress,48.2 to 78.8 F,73.13,60.25,84.44,-2.11,0,458,1,"34.25,-118.50 (35.4%); 34.00,-118.25 (23.1%); 34.00,-118.50 (22.6%); 34.25,-118.25 (10.1%); 33.75,-118.25 (6.4%); 34.25,-118.75 (2.4%)"
2017-02-26,57.43,14.13,0.0,No thermal stress,48.2 to 78.8 F,73.24,60.23,84.7,-15.81,0,458,1,"34.25,-118.50 (35.4%); 34.00,-118.25 (23.1%); 34.00,-118.50 (22.6%); 34.25,-118.25 (10.1%); 33.75,-118.25 (6.4%); 34.25,-118.75 (2.4%)"
2017-02-27,64.98,18.32,0.0,No thermal stress,48.2 to 78.8 F,73.37,60.25,84.77,-8.39,0,458,1,"34.25,-118.50 (35.4%); 34.00,-118.25 (23.1%); 34.00,-118.50 (22.6%); 34.25,-118.25 (10.1%); 33.75,-118.25 (6.4%); 34.25,-118.75 (2.4%)"
2017-02-28,73.31,22.95,0.0,No thermal stress,48.2 to 78.8 F,73.66,61.46,84.89,-0.35,0,458,1,"34.25,-118.50 (35.4%); 34.00,-118.25 (23.1%); 34.00,-118.50 (22.6%); 34.25,-118.25 (10.1%); 33.75,-118.25 (6.4%); 34.25,-118.75 (2.4%)"
2017-03-01,81.35,27.41,1.0,Moderate heat stress,78.8 to 89.6 F,73.88,61.73,85.12,7.47,0,458,1,"34.25,-118.50 (35.4%); 34.00,-118.25 (23.1%); 34.00,-118.50 (22.6%); 34.25,-118.25 (10.1%); 33.75,-118.25 (6.4%); 34.25,-118.75 (2.4%)"
2017-03-02,84.27,29.04,1.0,Moderate heat stress,78.8 to 89.6 F,74.25,62.2,85.7,10.02,0,458,1,"34.25,-118.50 (35.4%); 34.00,-118.25 (23.1%); 34.00,-118.50 (22.6%); 34.25,-118.25 (10.1%); 33.75,-118.25 (6.4%); 34.25,-118.75 (2.4%)"
2017-03-03,84.62,29.23,1.0,Moderate heat stress,78.8 to 89.6 F,74.61,62.73,85.83,10.01,0,458,1,"34.25,-118.50 (35.4%); 34.00,-118.25 (23.1%); 34.00,-118.50 (22.6%); 34.25,-118.25 (10.1%); 33.75,-118.25 (6.4%); 34.25,-118.75 (2.4%)"
2017-03-04,73.27,22.93,0.0,No thermal stress,48.2 to 78.8 F,74.89,62.89,86.12,-1.62,0,458,1,"34.25,-118.50 (35.4%); 34.00,-118.25 (23.1%); 34.00,-118.50 (22.6%); 34.25,-118.25 (10.1%); 33.75,-118.25 (6.4%); 34.25,-118.75 (2.4%)"
2017-03-05,57.65,14.25,0.0,No thermal stress,48.2 to 78.8 F,75.26,63.01,86.29,-17.61,0,458,1,"34.25,-118.50 (35.4%); 34.00,-118.25 (23.1%); 34.00,-118.50 (22.6%); 34.25,-118.25 (10.1%); 33.75,-118.25 (6.4%); 34.25,-118.75 (2.4%)"
2017-03-06,72.25,22.36,0.0,No thermal stress,48.2 to 78.8 F,75.55,63.11,86.36,-3.3,0,458,1,"34.25,-118.50 (35.4%); 34.00,-118.25 (23.1%); 34.00,-118.50 (22.6%); 34.25,-118.25 (10.1%); 33.75,-118.25 (6.4%); 34.25,-118.75 (2.4%)"
2017-03-07,82.17,27.87,1.0,Moderate heat stress,78.8 to 89.6 F,76.02,64.24,86.52,6.15,0,458,1,"34.25,-118.50 (35.4%); 34.00,-118.25 (23.1%); 34.00,-118.50 (22.6%); 34.25,-118.25 (10.1%); 33.75,-118.25 (6.4%); 34.25,-118.75 (2.4%)"
2017-03-08,89.69,32.05,2.0,Strong heat stress,89.6 to 100.4 F,76.29,64.29,87.01,13.4,1,450,1,"34.25,-118.50 (35.4%); 34.00,-118.25 (23.1%); 34.00,-118.50 (22.6%); 34.25,-118.25 (10.1%); 33.75,-118.25 (6.4%); 34.25,-118.75 (2.4%)"
2017-03-09,90.03,32.24,2.0,Strong heat stress,89.6 to 100.4 F,76.5,64.29,87.23,13.53,1,450,1,"34.25,-118.50 (35.4%); 34.00,-118.25 (23.1%); 34.00,-118.50 (22.6%); 34.25,-118.25 (10.1%); 33.75,-118.25 (6.4%); 34.25,-118.75 (2.4%)"
2017-03-10,87.96,31.09,1.0,Moderate heat stress,78.8 to 89.6 F,76.71,64.98,87.23,11.25,1,450,1,"34.25,-118.50 (35.4%); 34.00,-118.25 (23.1%); 34.00,-118.50 (22.6%); 34.25,-118.25 (10.1%); 33.75,-118.25 (6.4%); 34.25,-118.75 (2.4%)"
2017-03-11,87.65,30.92,1.0,Moderate heat stress,78.8 to 89.6 F,76.88,65.48,87.29,10.77,1,450,1,"34.25,-118.50 (35.4%); 34.00,-118.25 (23.1%); 34.00,-118.50 (22.6%); 34.25,-118.25 (10.1%); 33.75,-118.25 (6.4%); 34.25,-118.75 (2.4%)"
2017-03-12,90.96,32.76,2.0,Strong heat stress,89.6 to 100.4 F,77.04,65.61,87.4,13.92,1,450,1,"34.25,-118.50 (35.4%); 34.00,-118.25 (23.1%); 34.00,-118.50 (22.6%); 34.25,-118.25 (10.1%); 33.75,-118.25 (6.4%); 34.25,-118.75 (2.4%)"
2017-03-13,93.57,34.21,2.0,Strong heat stress,89.6 to 100.4 F,77.05,65.66,87.4,16.52,1,450,1,"34.25,-118.50 (35.4%); 34.00,-118.25 (23.1%); 34.00,-118.50 (22.6%); 34.25,-118.25 (10.1%); 33.75,-118.25 (6.4%); 34.25,-118.75 (2.4%)"
2017-03-14,91.92,33.29,2.0,Strong heat stress,89.6 to 100.4 F,77.2,66.2,87.24,14.72,1,450,1,"34.25,-118.50 (35.4%); 34.00,-118.25 (23.1%); 34.00,-118.50 (22.6%); 34.25,-118.25 (10.1%); 33.75,-118.25 (6.4%); 34.25,-118.75 (2.4%)"
2017-03-15,88.69,31.49,1.0,Moderate heat stress,78.8 to 89.6 F,77.13,66.47,87.16,11.56,1,450,1,"34.25,-118.50 (35.4%); 34.00,-118.25 (23.1%); 34.00,-118.50 (22.6%); 34.25,-118.25 (10.1%); 33.75,-118.25 (6.4%); 34.25,-118.75 (2.4%)"
2017-03-16,83.98,28.88,1.0,Moderate heat stress,78.8 to 89.6 F,76.96,66.2,87.01,7.02,0,450,1,"34.25,-118.50 (35.4%); 34.00,-118.25 (23.1%); 34.00,-118.50 (22.6%); 34.25,-118.25 (10.1%); 33.75,-118.25 (6.4%); 34.25,-118.75 (2.4%)"
2017-03-17,86.95,30.53,1.0,Moderate heat stress,78.8 to 89.6 F,76.79,66.1,86.42,10.16,1,450,1,"34.25,-118.50 (35.4%); 34.00,-118.25 (23.1%); 34.00,-118.50 (22.6%); 34.25,-118.25 (10.1%); 33.75,-118.25 (6.4%); 34.25,-118.75 (2.4%)"
2017-03-18,83.21,28.45,1.0,Moderate heat stress,78.8 to 89.6 F,76.54,65.69,86.25,6.67,0,450,1,"34.25,-118.50 (35.4%); 34.00,-118.25 (23.1%); 34.00,-118.50 (22.6%); 34.25,-118.25 (10.1%); 33.75,-118.25 (6.4%); 34.25,-118.75 (2.4%)"
2017-03-19,84.87,29.37,1.0,Moderate heat stress,78.8 to 89.6 F,76.41,65.67,85.73,8.46,0,450,1,"34.25,-118.50 (35.4%); 34.00,-118.25 (23.1%); 34.00,-118.50 (22.6%); 34.25,-118.25 (10.1%); 33.75,-118.25 (6.4%); 34.25,-118.75 (2.4%)"
2017-03-20,77.62,25.34,0.0,No thermal stress,48.2 to 78.8 F,76.15,65.6,85.51,1.47,0,450,1,"34.25,-118.50 (35.4%); 34.00,-118.25 (23.1%); 34.00,-118.50 (22.6%); 34.25,-118.25 (10.1%); 33.75,-118.25 (6.4%); 34.25,-118.75 (2.4%)"
2017-03-21,67.32,19.62,0.0,No thermal stress,48.2 to 78.8 F,75.92,65.34,85.38,-8.6,0,450,1,"34.25,-118.50 (35.4%); 34.00,-118.25 (23.1%); 34.00,-118.50 (22.6%); 34.25,-118.25 (10.1%); 33.75,-118.25 (6.4%); 34.25,-118.75 (2.4%)"
2017-03-22,70.97,21.65,0.0,No thermal stress,48.2 to 78.8 F,75.93,65.39,85.36,-4.96,0,450,1,"34.25,-118.50 (35.4%); 34.00,-118.25 (23.1%); 34.00,-118.50 (22.6%); 34.25,-118.25 (10.1%); 33.75,-118.25 (6.4%); 34.25,-118.75 (2.4%)"
2017-03-23,73.42,23.01,0.0,No thermal stress,48.2 to 78.8 F,76.09,65.69,85.38,-2.67,0,450,1,"34.25,-118.50 (35.4%); 34.00,-118.25 (23.1%); 34.00,-118.50 (22.6%); 34.25,-118.25 (10.1%); 33.75,-118.25 (6.4%); 34.25,-118.75 (2.4%)"
2017-03-24,77.29,25.16,0.0,No thermal stress,48.2 to 78.8 F,76.09,65.79,85.26,1.2,0,450,1,"34.25,-118.50 (35.4%); 34.00,-118.25 (23.1%); 34.00,-118.50 (22.6%); 34.25,-118.25 (10.1%); 33.75,-118.25 (6.4%); 34.25,-118.75 (2.4%)"
2017-03-25,71.55,21.97,0.0,No thermal stress,48.2 to 78.8 F,76.04,65.69,85.13,-4.49,0,450,1,"34.25,-118.50 (35.4%); 34.00,-118.25 (23.1%); 34.00,-118.50 (22.6%); 34.25,-118.25 (10.1%); 33.75,-118.25 (6.4%); 34.25,-118.75 (2.4%)"
2017-03-26,76.67,24.82,0.0,No thermal stress,48.2 to 78.8 F,76.01,65.69,84.88,0.66,0,450,1,"34.25,-118.50 (35.4%); 34.00,-118.25 (23.1%); 34.00,-118.50 (22.6%); 34.25,-118.25 (10.1%); 33.75,-118.25 (6.4%); 34.25,-118.75 (2.4%)"
2017-03-27,77.76,25.42,0.0,No thermal stress,48.2 to 78.8 F,76.01,65.69,85.23,1.75,0,450,1,"34.25,-118.50 (35.4%); 34.00,-118.25 (23.1%); 34.00,-118.50 (22.6%); 34.25,-118.25 (10.1%); 33.75,-118.25 (6.4%); 34.25,-118.75 (2.4%)"
2017-03-28,84.39,29.11,1.0,Moderate heat stress,78.8 to 89.6 F,76.14,65.79,84.93,8.25,0,450,1,"34.25,-118.50 (35.4%); 34.00,-118.25 (23.1%); 34.00,-118.50 (22.6%); 34.25,-118.25 (10.1%); 33.75,-118.25 (6.4%); 34.25,-118.75 (2.4%)"
2017-03-29,87.81,31.0,1.0,Moderate heat stress,78.8 to 89.6 F,76.18,65.67,85.02,11.63,1,450,1,"34.25,-118.50 (35.4%); 34.00,-118.25 (23.1%); 34.00,-118.50 (22.6%); 34.25,-118.25 (10.1%); 33.75,-118.25 (6.4%); 34.25,-118.75 (2.4%)"
2017-03-30,79.08,26.15,1.0,Moderate heat stress,78.8 to 89.6 F,76.36,65.67,85.36,2.72,0,450,1,"34.25,-118.50 (35.4%); 34.00,-118.25 (23.1%); 34.00,-118.50 (22.6%); 34.25,-118.25 (10.1%); 33.75,-118.25 (6.4%); 34.25,-118.75 (2.4%)"
2017-03-31,80.53,26.96,1.0,Moderate heat stress,78.8 to 89.6 F,76.55,66.06,85.47,3.98,0,450,1,"34.25,-118.50 (35.4%); 34.00,-118.25 (23.1%); 34.00,-118.50 (22.6%); 34.25,-118.25 (10.1%); 33.75,-118.25 (6.4%); 34.25,-118.75 (2.4%)"
2017-04-01,80.04,26.69,1.0,Moderate heat stress,78.8 to 89.6 F,76.59,66.04,85.57,3.45,0,450,1,"34.25,-118.50 (35.4%); 34.00,-118.25 (23.1%); 34.00,-118.50 (22.6%); 34.25,-118.25 (10.1%); 33.75,-118.25 (6.4%); 34.25,-118.75 (2.4%)"
2017-04-02,81.14,27.3,1.0,Moderate heat stress,78.8 to 89.6 F,76.75,66.28,85.95,4.39,0,450,1,"34.25,-118.50 (35.4%); 34.00,-118.25 (23.1%); 34.00,-118.50 (22.6%); 34.25,-118.25 (10.1%); 33.75,-118.25 (6.4%); 34.25,-118.75 (2.4%)"
2017-04-03,75.36,24.09,0.0,No thermal stress,48.2 to 78.8 F,76.9,66.5,85.98,-1.54,0,450,1,"34.25,-118.50 (35.4%); 34.00,-118.25 (23.1%); 34.00,-118.50 (22.6%); 34.25,-118.25 (10.1%); 33.75,-118.25 (6.4%); 34.25,-118.75 (2.4%)"
2017-04-04,83.19,28.44,1.0,Moderate heat stress,78.8 to 89.6 F,77.01,66.5,85.98,6.18,0,450,1,"34.25,-118.50 (35.4%); 34.00,-118.25 (23.1%); 34.00,-118.50 (22.6%); 34.25,-118.25 (10.1%); 33.75,-118.25 (6.4%); 34.25,-118.75 (2.4%)"
2017-04-05,88.42,31.34,1.0,Moderate heat stress,78.8 to 89.6 F,77.16,66.85,85.98,11.26,1,450,1,"34.25,-118.50 (35.4%); 34.00,-118.25 (23.1%); 34.00,-118.50 (22.6%); 34.25,-118.25 (10.1%); 33.75,-118.25 (6.4%); 34.25,-118.75 (2.4%)"
2017-04-06,85.43,29.68,1.0,Moderate heat stress,78.8 to 89.6 F,77.17,66.73,86.04,8.26,0,450,1,"34.25,-118.50 (35.4%); 34.00,-118.25 (23.1%); 34.00,-118.50 (22.6%); 34.25,-118.25 (10.1%); 33.75,-118.25 (6.4%); 34.25,-118.75 (2.4%)"
2017-04-07,76.99,24.99,0.0,No thermal stress,48.2 to 78.8 F,77.03,66.45,86.18,-0.04,0,450,1,"34.25,-118.50 (35.4%); 34.00,-118.25 (23.1%); 34.00,-118.50 (22.6%); 34.25,-118.25 (10.1%); 33.75,-118.25 (6.4%); 34.25,-118.75 (2.4%)"
2017-04-08,69.24,20.69,0.0,No thermal stress,48.2 to 78.8 F,77.01,66.39,86.18,-7.77,0,450,1,"34.25,-118.50 (35.4%); 34.00,-118.25 (23.1%); 34.00,-118.50 (22.6%); 34.25,-118.25 (10.1%); 33.75,-118.25 (6.4%); 34.25,-118.75 (2.4%)"
2017-04-09,82.58,28.1,1.0,Moderate heat stress,78.8 to 89.6 F,77.11,66.5,86.18,5.47,0,450,1,"34.25,-118.50 (35.4%); 34.00,-118.25 (23.1%); 34.00,-118.50 (22.6%); 34.25,-118.25 (10.1%); 33.75,-118.25 (6.4%); 34.25,-118.75 (2.4%)"
2017-04-10,83.14,28.41,1.0,Moderate heat stress,78.8 to 89.6 F,77.22,66.5,86.33,5.92,0,450,1,"34.25,-118.50 (35.4%); 34.00,-118.25 (23.1%); 34.00,-118.50 (22.6%); 34.25,-118.25 (10.1%); 33.75,-118.25 (6.4%); 34.25,-118.75 (2.4%)"
2017-04-11,81.51,27.51,1.0,Moderate heat stress,78.8 to 89.6 F,77.37,66.5,86.44,4.14,0,450,1,"34.25,-118.50 (35.4%); 34.00,-118.25 (23.1%); 34.00,-118.50 (22.6%); 34.25,-118.25 (10.1%); 33.75,-118.25 (6.4%); 34.25,-118.75 (2.4%)"
2017-04-12,80.0,26.67,1.0,Moderate heat stress,78.8 to 89.6 F,77.65,67.0,87.14,2.35,0,450,1,"34.25,-118.50 (35.4%); 34.00,-118.25 (23.1%); 34.00,-118.50 (22.6%); 34.25,-118.25 (10.1%); 33.75,-118.25 (6.4%); 34.25,-118.75 (2.4%)"
2017-04-13,72.27,22.37,0.0,No thermal stress,48.2 to 78.8 F,77.91,67.72,87.36,-5.64,0,450,1,"34.25,-118.50 (35.4%); 34.00,-118.25 (23.1%); 34.00,-118.50 (22.6%); 34.25,-118.25 (10.1%); 33.75,-118.25 (6.4%); 34.25,-118.75 (2.4%)"
2017-04-14,77.92,25.51,0.0,No thermal stress,48.2 to 78.8 F,78.05,67.77,87.78,-0.13,0,450,1,"34.25,-118.50 (35.4%); 34.00,-118.25 (23.1%); 34.00,-118.50 (22.6%); 34.25,-118.25 (10.1%); 33.75,-118.25 (6.4%); 34.25,-118.75 (2.4%)"
2017-04-15,81.54,27.52,1.0,Moderate heat stress,78.8 to 89.6 F,78.13,67.87,87.36,3.41,0,450,1,"34.25,-118.50 (35.4%); 34.00,-118.25 (23.1%); 34.00,-118.50 (22.6%); 34.25,-118.25 (10.1%); 33.75,-118.25 (6.4%); 34.25,-118.75 (2.4%)"
2017-04-16,81.78,27.65,1.0,Moderate heat stress,78.8 to 89.6 F,78.37,68.18,87.71,3.41,0,450,1,"34.25,-118.50 (35.4%); 34.00,-118.25 (23.1%); 34.00,-118.50 (22.6%); 34.25,-118.25 (10.1%); 33.75,-118.25 (6.4%); 34.25,-118.75 (2.4%)"
2017-04-17,80.67,27.04,1.0,Moderate heat stress,78.8 to 89.6 F,78.61,68.44,87.95,2.06,0,450,1,"34.25,-118.50 (35.4%); 34.00,-118.25 (23.1%); 34.00,-118.50 (22.6%); 34.25,-118.25 (10.1%); 33.75,-118.25 (6.4%); 34.25,-118.75 (2.4%)"
2017-04-18,77.54,25.3,0.0,No thermal stress,48.2 to 78.8 F,78.81,68.39,88.61,-1.27,0,450,1,"34.25,-118.50 (35.4%); 34.00,-118.25 (23.1%); 34.00,-118.50 (22.6%); 34.25,-118.25 (10.1%); 33.75,-118.25 (6.4%); 34.25,-118.75 (2.4%)"
2017-04-19,83.0,28.33,1.0,Moderate heat stress,78.8 to 89.6 F,79.09,68.79,89.73,3.91,0,450,1,"34.25,-118.50 (35.4%); 34.00,-118.25 (23.1%); 34.00,-118.50 (22.6%); 34.25,-118.25 (10.1%); 33.75,-118.25 (6.4%); 34.25,-118.75 (2.4%)"
2017-04-20,84.61,29.23,1.0,Moderate heat stress,78.8 to 89.6 F,79.38,69.46,89.75,5.23,0,450,1,"34.25,-118.50 (35.4%); 34.00,-118.25 (23.1%); 34.00,-118.50 (22.6%); 34.25,-118.25 (10.1%); 33.75,-118.25 (6.4%); 34.25,-118.75 (2.4%)"
2017-04-21,93.64,34.25,2.0,Strong heat stress,89.6 to 100.4 F,79.59,69.51,89.92,14.05,1,450,1,"34.25,-118.50 (35.4%); 34.00,-118.25 (23.1%); 34.00,-118.50 (22.6%); 34.25,-118.25 (10.1%); 33.75,-118.25 (6.4%); 34.25,-118.75 (2.4%)"
2017-04-22,93.25,34.03,2.0,Strong heat stress,89.6 to 100.4 F,79.85,70.13,90.36,13.4,1,450,1,"34.25,-118.50 (35.4%); 34.00,-118.25 (23.1%); 34.00,-118.50 (22.6%); 34.25,-118.25 (10.1%); 33.75,-118.25 (6.4%); 34.25,-118.75 (2.4%)"
2017-04-23,83.45,28.58,1.0,Moderate heat stress,78.8 to 89.6 F,80.12,70.7,90.47,3.33,0,450,1,"34.25,-118.50 (35.4%); 34.00,-118.25 (23.1%); 34.00,-118.50 (22.6%); 34.25,-118.25 (10.1%); 33.75,-118.25 (6.4%); 34.25,-118.75 (2.4%)"
2017-04-24,80.63,27.02,1.0,Moderate heat stress,78.8 to 89.6 F,80.4,70.89,90.5,0.23,0,450,1,"34.25,-118.50 (35.4%); 34.00,-118.25 (23.1%); 34.00,-118.50 (22.6%); 34.25,-118.25 (10.1%); 33.75,-118.25 (6.4%); 34.25,-118.75 (2.4%)"
2017-04-25,82.19,27.88,1.0,Moderate heat stress,78.8 to 89.6 F,80.62,71.2,90.53,1.57,0,450,1,"34.25,-118.50 (35.4%); 34.00,-118.25 (23.1%); 34.00,-118.50 (22.6%); 34.25,-118.25 (10.1%); 33.75,-118.25 (6.4%); 34.25,-118.75 (2.4%)"
2017-04-26,86.12,30.07,1.0,Moderate heat stress,78.8 to 89.6 F,80.82,71.53,90.85,5.3,0,450,1,"34.25,-118.50 (35.4%); 34.00,-118.25 (23.1%); 34.00,-118.50 (22.6%); 34.25,-118.25 (10.1%); 33.75,-118.25 (6.4%); 34.25,-118.75 (2.4%)"
2017-04-27,86.28,30.16,1.0,Moderate heat stress,78.8 to 89.6 F,80.86,71.59,91.11,5.42,0,450,1,"34.25,-118.50 (35.4%); 34.00,-118.25 (23.1%); 34.00,-118.50 (22.6%); 34.25,-118.25 (10.1%); 33.75,-118.25 (6.4%); 34.25,-118.75 (2.4%)"
2017-04-28,84.95,29.42,1.0,Moderate heat stress,78.8 to 89.6 F,80.85,71.6,91.19,4.1,0,450,1,"34.25,-118.50 (35.4%); 34.00,-118.25 (23.1%); 34.00,-118.50 (22.6%); 34.25,-118.25 (10.1%); 33.75,-118.25 (6.4%); 34.25,-118.75 (2.4%)"
2017-04-29,90.5,32.5,2.0,Strong heat stress,89.6 to 100.4 F,80.85,71.6,91.15,9.65,0,450,1,"34.25,-118.50 (35.4%); 34.00,-118.25 (23.1%); 34.00,-118.50 (22.6%); 34.25,-118.25 (10.1%); 33.75,-118.25 (6.4%); 34.25,-118.75 (2.4%)"
2017-04-30,87.99,31.1,1.0,Moderate heat stress,78.8 to 89.6 F,81.0,71.63,91.32,6.99,0,450,1,"34.25,-118.50 (35.4%); 34.00,-118.25 (23.1%); 34.00,-118.50 (22.6%); 34.25,-118.25 (10.1%); 33.75,-118.25 (6.4%); 34.25,-118.75 (2.4%)"
2017-05-01,89.31,31.84,1.0,Moderate heat stress,78.8 to 89.6 F,81.07,71.6,92.1,8.24,0,450,1,"34.25,-118.50 (35.4%); 34.00,-118.25 (23.1%); 34.00,-118.50 (22.6%); 34.25,-118.25 (10.1%); 33.75,-118.25 (6.4%); 34.25,-118.75 (2.4%)"
2017-05-02,89.2,31.78,1.0,Moderate heat stress,78.8 to 89.6 F,81.1,71.7,91.32,8.1,0,450,1,"34.25,-118.50 (35.4%); 34.00,-118.25 (23.1%); 34.00,-118.50 (22.6%); 34.25,-118.25 (10.1%); 33.75,-118.25 (6.4%); 34.25,-118.75 (2.4%)"
2017-05-03,89.96,32.2,2.0,Strong heat stress,89.6 to 100.4 F,81.05,72.12,90.89,8.91,0,450,1,"34.25,-118.50 (35.4%); 34.00,-118.25 (23.1%); 34.00,-118.50 (22.6%); 34.25,-118.25 (10.1%); 33.75,-118.25 (6.4%); 34.25,-118.75 (2.4%)"
2017-05-04,88.75,31.53,1.0,Moderate heat stress,78.8 to 89.6 F,80.99,72.17,90.53,7.76,0,450,1,"34.25,-118.50 (35.4%); 34.00,-118.25 (23.1%); 34.00,-118.50 (22.6%); 34.25,-118.25 (10.1%); 33.75,-118.25 (6.4%); 34.25,-118.75 (2.4%)"
2017-05-05,84.42,29.12,1.0,Moderate heat stress,78.8 to 89.6 F,81.0,72.53,90.64,3.42,0,450,1,"34.25,-118.50 (35.4%); 34.00,-118.25 (23.1%); 34.00,-118.50 (22.6%); 34.25,-118.25 (10.1%); 33.75,-118.25 (6.4%); 34.25,-118.75 (2.4%)"
2017-05-06,64.54,18.08,0.0,No thermal stress,48.2 to 78.8 F,81.02,72.78,90.64,-16.48,0,450,1,"34.25,-118.50 (35.4%); 34.00,-118.25 (23.1%); 34.00,-118.50 (22.6%); 34.25,-118.25 (10.1%); 33.75,-118.25 (6.4%); 34.25,-118.75 (2.4%)"
2017-05-07,71.35,21.86,0.0,No thermal stress,48.2 to 78.8 F,81.0,72.78,90.18,-9.65,0,450,1,"34.25,-118.50 (35.4%); 34.00,-118.25 (23.1%); 34.00,-118.50 (22.6%); 34.25,-118.25 (10.1%); 33.75,-118.25 (6.4%); 34.25,-118.75 (2.4%)"
2017-05-08,77.53,25.3,0.0,No thermal stress,48.2 to 78.8 F,80.99,72.59,90.42,-3.46,0,450,1,"34.25,-118.50 (35.4%); 34.00,-118.25 (23.1%); 34.00,-118.50 (22.6%); 34.25,-118.25 (10.1%); 33.75,-118.25 (6.4%); 34.25,-118.75 (2.4%)"
2017-05-09,75.09,23.94,0.0,No thermal stress,48.2 to 78.8 F,80.93,72.15,90.43,-5.84,0,450,1,"34.25,-118.50 (35.4%); 34.00,-118.25 (23.1%); 34.00,-118.50 (22.6%); 34.25,-118.25 (10.1%); 33.75,-118.25 (6.4%); 34.25,-118.75 (2.4%)"
2017-05-10,74.89,23.83,0.0,No thermal stress,48.2 to 78.8 F,80.9,72.53,90.02,-6.01,0,450,1,"34.25,-118.50 (35.4%); 34.00,-118.25 (23.1%); 34.00,-118.50 (22.6%); 34.25,-118.25 (10.1%); 33.75,-118.25 (6.4%); 34.25,-118.75 (2.4%)"
2017-05-11,80.14,26.74,1.0,Moderate heat stress,78.8 to 89.6 F,80.77,72.38,89.62,-0.63,0,450,1,"34.25,-118.50 (35.4%); 34.00,-118.25 (23.1%); 34.00,-118.50 (22.6%); 34.25,-118.25 (10.1%); 33.75,-118.25 (6.4%); 34.25,-118.75 (2.4%)"
2017-05-12,80.51,26.95,1.0,Moderate heat stress,78.8 to 89.6 F,80.78,72.53,89.44,-0.27,0,450,1,"34.25,-118.50 (35.4%); 34.00,-118.25 (23.1%); 34.00,-118.50 (22.6%); 34.25,-118.25 (10.1%); 33.75,-118.25 (6.4%); 34.25,-118.75 (2.4%)"
2017-05-13,80.04,26.69,1.0,Moderate heat stress,78.8 to 89.6 F,80.86,72.76,89.44,-0.82,0,450,1,"34.25,-118.50 (35.4%); 34.00,-118.25 (23.1%); 34.00,-118.50 (22.6%); 34.25,-118.25 (10.1%); 33.75,-118.25 (6.4%); 34.25,-118.75 (2.4%)"
2017-05-14,73.91,23.29,0.0,No thermal stress,48.2 to 78.8 F,80.99,73.38,89.42,-7.08,0,450,1,"34.25,-118.50 (35.4%); 34.00,-118.25 (23.1%); 34.00,-118.50 (22.6%); 34.25,-118.25 (10.1%); 33.75,-118.25 (6.4%); 34.25,-118.75 (2.4%)"
2017-05-15,69.87,21.04,0.0,No thermal stress,48.2 to 78.8 F,81.01,73.38,89.3,-11.14,0,450,1,"34.25,-118.50 (35.4%); 34.00,-118.25 (23.1%); 34.00,-118.50 (22.6%); 34.25,-118.25 (10.1%); 33.75,-118.25 (6.4%); 34.25,-118.75 (2.4%)"
2017-05-16,78.55,25.86,0.0,No thermal stress,48.2 to 78.8 F,80.9,73.09,89.18,-2.35,0,450,1,"34.25,-118.50 (35.4%); 34.00,-118.25 (23.1%); 34.00,-118.50 (22.6%); 34.25,-118.25 (10.1%); 33.75,-118.25 (6.4%); 34.25,-118.75 (2.4%)"
2017-05-17,77.99,25.55,0.0,No thermal stress,48.2 to 78.8 F,80.92,73.65,88.92,-2.93,0,450,1,"34.25,-118.50 (35.4%); 34.00,-118.25 (23.1%); 34.00,-118.50 (22.6%); 34.25,-118.25 (10.1%); 33.75,-118.25 (6.4%); 34.25,-118.75 (2.4%)"
2017-05-18,80.94,27.19,1.0,Moderate heat stress,78.8 to 89.6 F,80.81,73.65,88.9,0.13,0,450,1,"34.25,-118.50 (35.4%); 34.00,-118.25 (23.1%); 34.00,-118.50 (22.6%); 34.25,-118.25 (10.1%); 33.75,-118.25 (6.4%); 34.25,-118.75 (2.4%)"
2017-05-19,89.42,31.9,1.0,Moderate heat stress,78.8 to 89.6 F,80.73,73.38,88.9,8.69,1,450,1,"34.25,-118.50 (35.4%); 34.00,-118.25 (23.1%); 34.00,-118.50 (22.6%); 34.25,-118.25 (10.1%); 33.75,-118.25 (6.4%); 34.25,-118.75 (2.4%)"
2017-05-20,94.68,34.82,2.0,Strong heat stress,89.6 to 100.4 F,80.75,73.65,88.89,13.93,1,450,1,"34.25,-118.50 (35.4%); 34.00,-118.25 (23.1%); 34.00,-118.50 (22.6%); 34.25,-118.25 (10.1%); 33.75,-118.25 (6.4%); 34.25,-118.75 (2.4%)"
2017-05-21,93.84,34.36,2.0,Strong heat stress,89.6 to 100.4 F,80.84,73.96,88.83,13.0,1,450,1,"34.25,-118.50 (35.4%); 34.00,-118.25 (23.1%); 34.00,-118.50 (22.6%); 34.25,-118.25 (10.1%); 33.75,-118.25 (6.4%); 34.25,-118.75 (2.4%)"
2017-05-22,90.05,32.25,2.0,Strong heat stress,89.6 to 100.4 F,81.0,74.19,88.89,9.05,1,450,1,"34.25,-118.50 (35.4%); 34.00,-118.25 (23.1%); 34.00,-118.50 (22.6%); 34.25,-118.25 (10.1%); 33.75,-118.25 (6.4%); 34.25,-118.75 (2.4%)"
2017-05-23,91.71,33.17,2.0,Strong heat stress,89.6 to 100.4 F,81.14,74.3,88.8,10.57,1,450,1,"34.25,-118.50 (35.4%); 34.00,-118.25 (23.1%); 34.00,-118.50 (22.6%); 34.25,-118.25 (10.1%); 33.75,-118.25 (6.4%); 34.25,-118.75 (2.4%)"
2017-05-24,83.42,28.56,1.0,Moderate heat stress,78.8 to 89.6 F,81.34,74.7,88.89,2.08,0,450,1,"34.25,-118.50 (35.4%); 34.00,-118.25 (23.1%); 34.00,-118.50 (22.6%); 34.25,-118.25 (10.1%); 33.75,-118.25 (6.4%); 34.25,-118.75 (2.4%)"
2017-05-25,75.98,24.43,0.0,No thermal stress,48.2 to 78.8 F,81.5,74.72,89.0,-5.52,0,450,1,"34.25,-118.50 (35.4%); 34.00,-118.25 (23.1%); 34.00,-118.50 (22.6%); 34.25,-118.25 (10.1%); 33.75,-118.25 (6.4%); 34.25,-118.75 (2.4%)"
2017-05-26,75.12,23.95,0.0,No thermal stress,48.2 to 78.8 F,81.71,75.09,89.34,-6.59,0,450,1,"34.25,-118.50 (35.4%); 34.00,-118.25 (23.1%); 34.00,-118.50 (22.6%); 34.25,-118.25 (10.1%); 33.75,-118.25 (6.4%); 34.25,-118.75 (2.4%)"
2017-05-27,80.15,26.75,1.0,Moderate heat stress,78.8 to 89.6 F,81.88,75.21,89.48,-1.73,0,450,1,"34.25,-118.50 (35.4%); 34.00,-118.25 (23.1%); 34.00,-118.50 (22.6%); 34.25,-118.25 (10.1%); 33.75,-118.25 (6.4%); 34.25,-118.75 (2.4%)"
2017-05-28,83.54,28.63,1.0,Moderate heat stress,78.8 to 89.6 F,82.06,75.3,89.48,1.48,0,450,1,"34.25,-118.50 (35.4%); 34.00,-118.25 (23.1%); 34.00,-118.50 (22.6%); 34.25,-118.25 (10.1%); 33.75,-118.25 (6.4%); 34.25,-118.75 (2.4%)"
2017-05-29,84.18,28.99,1.0,Moderate heat stress,78.8 to 89.6 F,82.07,75.61,89.34,2.11,0,450,1,"34.25,-118.50 (35.4%); 34.00,-118.25 (23.1%); 34.00,-118.50 (22.6%); 34.25,-118.25 (10.1%); 33.75,-118.25 (6.4%); 34.25,-118.75 (2.4%)"
2017-05-30,82.76,28.2,1.0,Moderate heat stress,78.8 to 89.6 F,82.14,76.03,89.01,0.62,0,450,1,"34.25,-118.50 (35.4%); 34.00,-118.25 (23.1%); 34.00,-118.50 (22.6%); 34.25,-118.25 (10.1%); 33.75,-118.25 (6.4%); 34.25,-118.75 (2.4%)"
2017-05-31,81.89,27.72,1.0,Moderate heat stress,78.8 to 89.6 F,82.32,76.37,88.92,-0.43,0,450,1,"34.25,-118.50 (35.4%); 34.00,-118.25 (23.1%); 34.00,-118.50 (22.6%); 34.25,-118.25 (10.1%); 33.75,-118.25 (6.4%); 34.25,-118.75 (2.4%)"
2017-06-01,84.22,29.01,1.0,Moderate heat stress,78.8 to 89.6 F,82.5,76.41,88.99,1.72,0,450,1,"34.25,-118.50 (35.4%); 34.00,-118.25 (23.1%); 34.00,-118.50 (22.6%); 34.25,-118.25 (10.1%); 33.75,-118.25 (6.4%); 34.25,-118.75 (2.4%)"
2017-06-02,86.64,30.35,1.0,Moderate heat stress,78.8 to 89.6 F,82.91,77.11,89.59,3.73,0,450,1,"34.25,-118.50 (35.4%); 34.00,-118.25 (23.1%); 34.00,-118.50 (22.6%); 34.25,-118.25 (10.1%); 33.75,-118.25 (6.4%); 34.25,-118.75 (2.4%)"
2017-06-03,87.76,30.98,1.0,Moderate heat stress,78.8 to 89.6 F,83.26,77.37,89.96,4.5,0,450,1,"34.25,-118.50 (35.4%); 34.00,-118.25 (23.1%); 34.00,-118.50 (22.6%); 34.25,-118.25 (10.1%); 33.75,-118.25 (6.4%); 34.25,-118.75 (2.4%)"
2017-06-04,85.67,29.82,1.0,Moderate heat stress,78.8 to 89.6 F,83.39,77.64,90.19,2.28,0,450,1,"34.25,-118.50 (35.4%); 34.00,-118.25 (23.1%); 34.00,-118.50 (22.6%); 34.25,-118.25 (10.1%); 33.75,-118.25 (6.4%); 34.25,-118.75 (2.4%)"
2017-06-05,84.16,28.98,1.0,Moderate heat stress,78.8 to 89.6 F,83.4,77.83,90.06,0.76,0,450,1,"34.25,-118.50 (35.4%); 34.00,-118.25 (23.1%); 34.00,-118.50 (22.6%); 34.25,-118.25 (10.1%); 33.75,-118.25 (6.4%); 34.25,-118.75 (2.4%)"
2017-06-06,82.0,27.78,1.0,Moderate heat stress,78.8 to 89.6 F,83.46,77.96,90.18,-1.46,0,450,1,"34.25,-118.50 (35.4%); 34.00,-118.25 (23.1%); 34.00,-118.50 (22.6%); 34.25,-118.25 (10.1%); 33.75,-118.25 (6.4%); 34.25,-118.75 (2.4%)"
2017-06-07,82.81,28.23,1.0,Moderate heat stress,78.8 to 89.6 F,83.59,78.2,90.28,-0.78,0,450,1,"34.25,-118.50 (35.4%); 34.00,-118.25 (23.1%); 34.00,-118.50 (22.6%); 34.25,-118.25 (10.1%); 33.75,-118.25 (6.4%); 34.25,-118.75 (2.4%)"
2017-06-08,82.21,27.89,1.0,Moderate heat stress,78.8 to 89.6 F,83.65,78.2,90.24,-1.44,0,450,1,"34.25,-118.50 (35.4%); 34.00,-118.25 (23.1%); 34.00,-118.50 (22.6%); 34.25,-118.25 (10.1%); 33.75,-118.25 (6.4%); 34.25,-118.75 (2.4%)"
2017-06-09,82.84,28.24,1.0,Moderate heat stress,78.8 to 89.6 F,83.69,78.2,90.35,-0.85,0,450,1,"34.25,-118.50 (35.4%); 34.00,-118.25 (23.1%); 34.00,-118.50 (22.6%); 34.25,-118.25 (10.1%); 33.75,-118.25 (6.4%); 34.25,-118.75 (2.4%)"
2017-06-10,77.64,25.35,0.0,No thermal stress,48.2 to 78.8 F,83.83,78.35,90.77,-6.19,0,450,1,"34.25,-118.50 (35.4%); 34.00,-118.25 (23.1%); 34.00,-118.50 (22.6%); 34.25,-118.25 (10.1%); 33.75,-118.25 (6.4%); 34.25,-118.75 (2.4%)"
2017-06-11,74.45,23.58,0.0,No thermal stress,48.2 to 78.8 F,83.99,78.43,90.9,-9.54,0,450,1,"34.25,-118.50 (35.4%); 34.00,-118.25 (23.1%); 34.00,-118.50 (22.6%); 34.25,-118.25 (10.1%); 33.75,-118.25 (6.4%); 34.25,-118.75 (2.4%)"
2017-06-12,79.32,26.29,1.0,Moderate heat stress,78.8 to 89.6 F,84.21,78.73,91.41,-4.89,0,450,1,"34.25,-118.50 (35.4%); 34.00,-118.25 (23.1%); 34.00,-118.50 (22.6%); 34.25,-118.25 (10.1%); 33.75,-118.25 (6.4%); 34.25,-118.75 (2.4%)"
2017-06-13,85.0,29.44,1.0,Moderate heat stress,78.8 to 89.6 F,84.6,79.0,91.58,0.4,0,450,1,"34.25,-118.50 (35.4%); 34.00,-118.25 (23.1%); 34.00,-118.50 (22.6%); 34.25,-118.25 (10.1%); 33.75,-118.25 (6.4%); 34.25,-118.75 (2.4%)"
2017-06-14,89.62,32.01,2.0,Strong heat stress,89.6 to 100.4 F,84.9,79.07,92.08,4.72,0,450,1,"34.25,-118.50 (35.4%); 34.00,-118.25 (23.1%); 34.00,-118.50 (22.6%); 34.25,-118.25 (10.1%); 33.75,-118.25 (6.4%); 34.25,-118.75 (2.4%)"
2017-06-15,92.92,33.85,2.0,Strong heat stress,89.6 to 100.4 F,85.2,79.31,92.53,7.72,1,450,1,"34.25,-118.50 (35.4%); 34.00,-118.25 (23.1%); 34.00,-118.50 (22.6%); 34.25,-118.25 (10.1%); 33.75,-118.25 (6.4%); 34.25,-118.75 (2.4%)"
2017-06-16,94.61,34.78,2.0,Strong heat stress,89.6 to 100.4 F,85.43,79.7,92.63,9.18,1,450,1,"34.25,-118.50 (35.4%); 34.00,-118.25 (23.1%); 34.00,-118.50 (22.6%); 34.25,-118.25 (10.1%); 33.75,-118.25 (6.4%); 34.25,-118.75 (2.4%)"
2017-06-17,92.66,33.7,2.0,Strong heat stress,89.6 to 100.4 F,85.58,79.85,92.63,7.08,1,450,1,"34.25,-118.50 (35.4%); 34.00,-118.25 (23.1%); 34.00,-118.50 (22.6%); 34.25,-118.25 (10.1%); 33.75,-118.25 (6.4%); 34.25,-118.75 (2.4%)"
2017-06-18,92.56,33.65,2.0,Strong heat stress,89.6 to 100.4 F,85.82,79.95,92.67,6.74,0,450,1,"34.25,-118.50 (35.4%); 34.00,-118.25 (23.1%); 34.00,-118.50 (22.6%); 34.25,-118.25 (10.1%); 33.75,-118.25 (6.4%); 34.25,-118.75 (2.4%)"
2017-06-19,94.85,34.92,2.0,Strong heat stress,89.6 to 100.4 F,86.12,80.18,93.0,8.73,1,450,1,"34.25,-118.50 (35.4%); 34.00,-118.25 (23.1%); 34.00,-118.50 (22.6%); 34.25,-118.25 (10.1%); 33.75,-118.25 (6.4%); 34.25,-118.75 (2.4%)"
2017-06-20,98.12,36.73,2.0,Strong heat stress,89.6 to 100.4 F,86.44,80.32,93.17,11.68,1,450,1,"34.25,-118.50 (35.4%); 34.00,-118.25 (23.1%); 34.00,-118.50 (22.6%); 34.25,-118.25 (10.1%); 33.75,-118.25 (6.4%); 34.25,-118.75 (2.4%)"
2017-06-21,96.09,35.6,2.0,Strong heat stress,89.6 to 100.4 F,86.73,80.53,93.8,9.36,1,450,1,"34.25,-118.50 (35.4%); 34.00,-118.25 (23.1%); 34.00,-118.50 (22.6%); 34.25,-118.25 (10.1%); 33.75,-118.25 (6.4%); 34.25,-118.75 (2.4%)"
2017-06-22,89.02,31.68,1.0,Moderate heat stress,78.8 to 89.6 F,86.97,80.7,94.16,2.05,0,450,1,"34.25,-118.50 (35.4%); 34.00,-118.25 (23.1%); 34.00,-118.50 (22.6%); 34.25,-118.25 (10.1%); 33.75,-118.25 (6.4%); 34.25,-118.75 (2.4%)"
2017-06-23,87.75,30.97,1.0,Moderate heat stress,78.8 to 89.6 F,87.31,81.13,94.62,0.44,0,450,1,"34.25,-118.50 (35.4%); 34.00,-118.25 (23.1%); 34.00,-118.50 (22.6%); 34.25,-118.25 (10.1%); 33.75,-118.25 (6.4%); 34.25,-118.75 (2.4%)"
2017-06-24,90.95,32.75,2.0,Strong heat stress,89.6 to 100.4 F,87.73,81.31,94.87,3.22,0,450,1,"34.25,-118.50 (35.4%); 34.00,-118.25 (23.1%); 34.00,-118.50 (22.6%); 34.25,-118.25 (10.1%); 33.75,-118.25 (6.4%); 34.25,-118.75 (2.4%)"
2017-06-25,103.21,39.56,3.0,Very strong heat stress,100.4 to 114.8 F,88.03,81.59,95.71,15.18,1,450,1,"34.25,-118.50 (35.4%); 34.00,-118.25 (23.1%); 34.00,-118.50 (22.6%); 34.25,-118.25 (10.1%); 33.75,-118.25 (6.4%); 34.25,-118.75 (2.4%)"
2017-06-26,99.83,37.68,2.0,Strong heat stress,89.6 to 100.4 F,88.18,81.62,95.87,11.65,1,450,1,"34.25,-118.50 (35.4%); 34.00,-118.25 (23.1%); 34.00,-118.50 (22.6%); 34.25,-118.25 (10.1%); 33.75,-118.25 (6.4%); 34.25,-118.75 (2.4%)"
2017-06-27,93.98,34.44,2.0,Strong heat stress,89.6 to 100.4 F,88.32,81.89,96.12,5.66,0,450,1,"34.25,-118.50 (35.4%); 34.00,-118.25 (23.1%); 34.00,-118.50 (22.6%); 34.25,-118.25 (10.1%); 33.75,-118.25 (6.4%); 34.25,-118.75 (2.4%)"
2017-06-28,86.22,30.12,1.0,Moderate heat stress,78.8 to 89.6 F,88.5,82.07,96.1,-2.28,0,450,1,"34.25,-118.50 (35.4%); 34.00,-118.25 (23.1%); 34.00,-118.50 (22.6%); 34.25,-118.25 (10.1%); 33.75,-118.25 (6.4%); 34.25,-118.75 (2.4%)"
2017-06-29,84.33,29.07,1.0,Moderate heat stress,78.8 to 89.6 F,88.81,82.52,96.36,-4.48,0,450,1,"34.25,-118.50 (35.4%); 34.00,-118.25 (23.1%); 34.00,-118.50 (22.6%); 34.25,-118.25 (10.1%); 33.75,-118.25 (6.4%); 34.25,-118.75 (2.4%)"
2017-06-30,86.74,30.41,1.0,Moderate heat stress,78.8 to 89.6 F,89.07,82.68,96.67,-2.33,0,450,1,"34.25,-118.50 (35.4%); 34.00,-118.25 (23.1%); 34.00,-118.50 (22.6%); 34.25,-118.25 (10.1%); 33.75,-118.25 (6.4%); 34.25,-118.75 (2.4%)"
2017-07-01,85.16,29.53,1.0,Moderate heat stress,78.8 to 89.6 F,89.3,82.84,96.83,-4.14,0,450,1,"34.25,-118.50 (35.4%); 34.00,-118.25 (23.1%); 34.00,-118.50 (22.6%); 34.25,-118.25 (10.1%); 33.75,-118.25 (6.4%); 34.25,-118.75 (2.4%)"
2017-07-02,86.98,30.55,1.0,Moderate heat stress,78.8 to 89.6 F,89.53,83.06,96.94,-2.55,0,450,1,"34.25,-118.50 (35.4%); 34.00,-118.25 (23.1%); 34.00,-118.50 (22.6%); 34.25,-118.25 (10.1%); 33.75,-118.25 (6.4%); 34.25,-118.75 (2.4%)"
2017-07-03,91.94,33.3,2.0,Strong heat stress,89.6 to 100.4 F,89.66,83.18,96.94,2.28,0,450,1,"34.25,-118.50 (35.4%); 34.00,-118.25 (23.1%); 34.00,-118.50 (22.6%); 34.25,-118.25 (10.1%); 33.75,-118.25 (6.4%); 34.25,-118.75 (2.4%)"
2017-07-04,96.64,35.91,2.0,Strong heat stress,89.6 to 100.4 F,89.81,83.36,96.94,6.83,0,450,1,"34.25,-118.50 (35.4%); 34.00,-118.25 (23.1%); 34.00,-118.50 (22.6%); 34.25,-118.25 (10.1%); 33.75,-118.25 (6.4%); 34.25,-118.75 (2.4%)"
2017-07-05,93.26,34.03,2.0,Strong heat stress,89.6 to 100.4 F,89.98,83.45,97.01,3.28,0,450,1,"34.25,-118.50 (35.4%); 34.00,-118.25 (23.1%); 34.00,-118.50 (22.6%); 34.25,-118.25 (10.1%); 33.75,-118.25 (6.4%); 34.25,-118.75 (2.4%)"
2017-07-06,96.89,36.05,2.0,Strong heat stress,89.6 to 100.4 F,90.17,83.53,97.01,6.72,0,450,1,"34.25,-118.50 (35.4%); 34.00,-118.25 (23.1%); 34.00,-118.50 (22.6%); 34.25,-118.25 (10.1%); 33.75,-118.25 (6.4%); 34.25,-118.75 (2.4%)"
2017-07-07,104.08,40.05,3.0,Very strong heat stress,100.4 to 114.8 F,90.34,83.68,96.94,13.74,1,450,1,"34.25,-118.50 (35.4%); 34.00,-118.25 (23.1%); 34.00,-118.50 (22.6%); 34.25,-118.25 (10.1%); 33.75,-118.25 (6.4%); 34.25,-118.75 (2.4%)"
2017-07-08,105.63,40.91,3.0,Very strong heat stress,100.4 to 114.8 F,90.42,83.78,96.93,15.21,1,450,1,"34.25,-118.50 (35.4%); 34.00,-118.25 (23.1%); 34.00,-118.50 (22.6%); 34.25,-118.25 (10.1%); 33.75,-118.25 (6.4%); 34.25,-118.75 (2.4%)"
2017-07-09,104.1,40.06,3.0,Very strong heat stress,100.4 to 114.8 F,90.43,83.6,96.93,13.67,1,450,1,"34.25,-118.50 (35.4%); 34.00,-118.25 (23.1%); 34.00,-118.50 (22.6%); 34.25,-118.25 (10.1%); 33.75,-118.25 (6.4%); 34.25,-118.75 (2.4%)"
2017-07-10,97.53,36.41,2.0,Strong heat stress,89.6 to 100.4 F,90.49,83.6,96.94,7.04,1,450,1,"34.25,-118.50 (35.4%); 34.00,-118.25 (23.1%); 34.00,-118.50 (22.6%); 34.25,-118.25 (10.1%); 33.75,-118.25 (6.4%); 34.25,-118.75 (2.4%)"
2017-07-11,93.27,34.04,2.0,Strong heat stress,89.6 to 100.4 F,90.7,84.04,97.01,2.57,0,450,1,"34.25,-118.50 (35.4%); 34.00,-118.25 (23.1%); 34.00,-118.50 (22.6%); 34.25,-118.25 (10.1%); 33.75,-118.25 (6.4%); 34.25,-118.75 (2.4%)"
2017-07-12,91.86,33.26,2.0,Strong heat stress,89.6 to 100.4 F,90.87,84.24,97.31,0.99,0,450,1,"34.25,-118.50 (35.4%); 34.00,-118.25 (23.1%); 34.00,-118.50 (22.6%); 34.25,-118.25 (10.1%); 33.75,-118.25 (6.4%); 34.25,-118.75 (2.4%)"
2017-07-13,92.84,33.8,2.0,Strong heat stress,89.6 to 100.4 F,90.92,84.3,97.49,1.92,0,450,1,"34.25,-118.50 (35.4%); 34.00,-118.25 (23.1%); 34.00,-118.50 (22.6%); 34.25,-118.25 (10.1%); 33.75,-118.25 (6.4%); 34.25,-118.75 (2.4%)"
2017-07-14,91.92,33.29,2.0,Strong heat stress,89.6 to 100.4 F,90.91,84.44,97.51,1.01,0,450,1,"34.25,-118.50 (35.4%); 34.00,-118.25 (23.1%); 34.00,-118.50 (22.6%); 34.25,-118.25 (10.1%); 33.75,-118.25 (6.4%); 34.25,-118.75 (2.4%)"
2017-07-15,94.64,34.8,2.0,Strong heat stress,89.6 to 100.4 F,90.96,84.49,97.55,3.68,0,450,1,"34.25,-118.50 (35.4%); 34.00,-118.25 (23.1%); 34.00,-118.50 (22.6%); 34.25,-118.25 (10.1%); 33.75,-118.25 (6.4%); 34.25,-118.75 (2.4%)"
2017-07-16,91.62,33.12,2.0,Strong heat stress,89.6 to 100.4 F,91.08,84.61,97.7,0.54,0,450,1,"34.25,-118.50 (35.4%); 34.00,-118.25 (23.1%); 34.00,-118.50 (22.6%); 34.25,-118.25 (10.1%); 33.75,-118.25 (6.4%); 34.25,-118.75 (2.4%)"
2017-07-17,92.37,33.54,2.0,Strong heat stress,89.6 to 100.4 F,91.18,84.65,97.91,1.19,0,450,1,"34.25,-118.50 (35.4%); 34.00,-118.25 (23.1%); 34.00,-118.50 (22.6%); 34.25,-118.25 (10.1%); 33.75,-118.25 (6.4%); 34.25,-118.75 (2.4%)"
2017-07-18,93.49,34.16,2.0,Strong heat stress,89.6 to 100.4 F,91.31,84.92,98.52,2.18,0,450,1,"34.25,-118.50 (35.4%); 34.00,-118.25 (23.1%); 34.00,-118.50 (22.6%); 34.25,-118.25 (10.1%); 33.75,-118.25 (6.4%); 34.25,-118.75 (2.4%)"
2017-07-19,95.05,35.03,2.0,Strong heat stress,89.6 to 100.4 F,91.46,85.02,98.93,3.59,0,450,1,"34.25,-118.50 (35.4%); 34.00,-118.25 (23.1%); 34.00,-118.50 (22.6%); 34.25,-118.25 (10.1%); 33.75,-118.25 (6.4%); 34.25,-118.75 (2.4%)"
2017-07-20,92.19,33.44,2.0,Strong heat stress,89.6 to 100.4 F,91.54,85.18,99.1,0.65,0,450,1,"34.25,-118.50 (35.4%); 34.00,-118.25 (23.1%); 34.00,-118.50 (22.6%); 34.25,-118.25 (10.1%); 33.75,-118.25 (6.4%); 34.25,-118.75 (2.4%)"
2017-07-21,91.53,33.07,2.0,Strong heat stress,89.6 to 100.4 F,91.54,85.18,99.1,-0.01,0,450,1,"34.25,-118.50 (35.4%); 34.00,-118.25 (23.1%); 34.00,-118.50 (22.6%); 34.25,-118.25 (10.1%); 33.75,-118.25 (6.4%); 34.25,-118.75 (2.4%)"
2017-07-22,94.04,34.47,2.0,Strong heat stress,89.6 to 100.4 F,91.53,85.18,99.11,2.51,0,450,1,"34.25,-118.50 (35.4%); 34.00,-118.25 (23.1%); 34.00,-118.50 (22.6%); 34.25,-118.25 (10.1%); 33.75,-118.25 (6.4%); 34.25,-118.75 (2.4%)"
2017-07-23,93.09,33.94,2.0,Strong heat stress,89.6 to 100.4 F,91.58,85.22,99.1,1.51,0,450,1,"34.25,-118.50 (35.4%); 34.00,-118.25 (23.1%); 34.00,-118.50 (22.6%); 34.25,-118.25 (10.1%); 33.75,-118.25 (6.4%); 34.25,-118.75 (2.4%)"
2017-07-24,88.62,31.45,1.0,Moderate heat stress,78.8 to 89.6 F,91.65,85.25,99.09,-3.03,0,450,1,"34.25,-118.50 (35.4%); 34.00,-118.25 (23.1%); 34.00,-118.50 (22.6%); 34.25,-118.25 (10.1%); 33.75,-118.25 (6.4%); 34.25,-118.75 (2.4%)"
2017-07-25,88.2,31.22,1.0,Moderate heat stress,78.8 to 89.6 F,91.76,85.38,99.1,-3.56,0,450,1,"34.25,-118.50 (35.4%); 34.00,-118.25 (23.1%); 34.00,-118.50 (22.6%); 34.25,-118.25 (10.1%); 33.75,-118.25 (6.4%); 34.25,-118.75 (2.4%)"
2017-07-26,91.26,32.92,2.0,Strong heat stress,89.6 to 100.4 F,91.84,85.39,99.09,-0.58,0,450,1,"34.25,-118.50 (35.4%); 34.00,-118.25 (23.1%); 34.00,-118.50 (22.6%); 34.25,-118.25 (10.1%); 33.75,-118.25 (6.4%); 34.25,-118.75 (2.4%)"
2017-07-27,94.86,34.92,2.0,Strong heat stress,89.6 to 100.4 F,91.89,85.71,99.09,2.97,0,450,1,"34.25,-118.50 (35.4%); 34.00,-118.25 (23.1%); 34.00,-118.50 (22.6%); 34.25,-118.25 (10.1%); 33.75,-118.25 (6.4%); 34.25,-118.75 (2.4%)"
2017-07-28,91.36,32.98,2.0,Strong heat stress,89.6 to 100.4 F,91.99,85.74,99.04,-0.63,0,450,1,"34.25,-118.50 (35.4%); 34.00,-118.25 (23.1%); 34.00,-118.50 (22.6%); 34.25,-118.25 (10.1%); 33.75,-118.25 (6.4%); 34.25,-118.75 (2.4%)"
2017-07-29,92.77,33.76,2.0,Strong heat stress,89.6 to 100.4 F,92.08,85.81,98.93,0.69,0,450,1,"34.25,-118.50 (35.4%); 34.00,-118.25 (23.1%); 34.00,-118.50 (22.6%); 34.25,-118.25 (10.1%); 33.75,-118.25 (6.4%); 34.25,-118.75 (2.4%)"
2017-07-30,91.58,33.1,2.0,Strong heat stress,89.6 to 100.4 F,92.07,85.74,98.93,-0.49,0,450,1,"34.25,-118.50 (35.4%); 34.00,-118.25 (23.1%); 34.00,-118.50 (22.6%); 34.25,-118.25 (10.1%); 33.75,-118.25 (6.4%); 34.25,-118.75 (2.4%)"
2017-07-31,94.32,34.62,2.0,Strong heat stress,89.6 to 100.4 F,92.02,85.71,98.89,2.3,0,450,1,"34.25,-118.50 (35.4%); 34.00,-118.25 (23.1%); 34.00,-118.50 (22.6%); 34.25,-118.25 (10.1%); 33.75,-118.25 (6.4%); 34.25,-118.75 (2.4%)"
2017-08-01,101.23,38.46,3.0,Very strong heat stress,100.4 to 114.8 F,92.03,85.74,98.82,9.2,1,450,1,"34.25,-118.50 (35.4%); 34.00,-118.25 (23.1%); 34.00,-118.50 (22.6%); 34.25,-118.25 (10.1%); 33.75,-118.25 (6.4%); 34.25,-118.75 (2.4%)"
2017-08-02,104.91,40.5,3.0,Very strong heat stress,100.4 to 114.8 F,92.08,85.59,98.89,12.83,1,450,1,"34.25,-118.50 (35.4%); 34.00,-118.25 (23.1%); 34.00,-118.50 (22.6%); 34.25,-118.25 (10.1%); 33.75,-118.25 (6.4%); 34.25,-118.75 (2.4%)"
2017-08-03,101.1,38.39,3.0,Very strong heat stress,100.4 to 114.8 F,92.06,85.34,99.01,9.04,1,450,1,"34.25,-118.50 (35.4%); 34.00,-118.25 (23.1%); 34.00,-118.50 (22.6%); 34.25,-118.25 (10.1%); 33.75,-118.25 (6.4%); 34.25,-118.75 (2.4%)"
2017-08-04,94.58,34.77,2.0,Strong heat stress,89.6 to 100.4 F,92.13,85.45,99.01,2.45,0,450,1,"34.25,-118.50 (35.4%); 34.00,-118.25 (23.1%); 34.00,-118.50 (22.6%); 34.25,-118.25 (10.1%); 33.75,-118.25 (6.4%); 34.25,-118.75 (2.4%)"
2017-08-05,91.04,32.8,2.0,Strong heat stress,89.6 to 100.4 F,92.28,85.65,99.49,-1.24,0,450,1,"34.25,-118.50 (35.4%); 34.00,-118.25 (23.1%); 34.00,-118.50 (22.6%); 34.25,-118.25 (10.1%); 33.75,-118.25 (6.4%); 34.25,-118.75 (2.4%)"
2017-08-06,90.87,32.71,2.0,Strong heat stress,89.6 to 100.4 F,92.51,85.82,99.95,-1.64,0,450,1,"34.25,-118.50 (35.4%); 34.00,-118.25 (23.1%); 34.00,-118.50 (22.6%); 34.25,-118.25 (10.1%); 33.75,-118.25 (6.4%); 34.25,-118.75 (2.4%)"
2017-08-07,92.66,33.7,2.0,Strong heat stress,89.6 to 100.4 F,92.67,85.82,100.38,-0.01,0,450,1,"34.25,-118.50 (35.4%); 34.00,-118.25 (23.1%); 34.00,-118.50 (22.6%); 34.25,-118.25 (10.1%); 33.75,-118.25 (6.4%); 34.25,-118.75 (2.4%)"
2017-08-08,93.97,34.43,2.0,Strong heat stress,89.6 to 100.4 F,92.8,85.86,100.97,1.17,0,450,1,"34.25,-118.50 (35.4%); 34.00,-118.25 (23.1%); 34.00,-118.50 (22.6%); 34.25,-118.25 (10.1%); 33.75,-118.25 (6.4%); 34.25,-118.75 (2.4%)"
2017-08-09,92.54,33.64,2.0,Strong heat stress,89.6 to 100.4 F,92.87,85.72,101.12,-0.33,0,450,1,"34.25,-118.50 (35.4%); 34.00,-118.25 (23.1%); 34.00,-118.50 (22.6%); 34.25,-118.25 (10.1%); 33.75,-118.25 (6.4%); 34.25,-118.75 (2.4%)"
2017-08-10,93.14,33.96,2.0,Strong heat stress,89.6 to 100.4 F,92.9,85.78,101.22,0.24,0,450,1,"34.25,-118.50 (35.4%); 34.00,-118.25 (23.1%); 34.00,-118.50 (22.6%); 34.25,-118.25 (10.1%); 33.75,-118.25 (6.4%); 34.25,-118.75 (2.4%)"
2017-08-11,94.94,34.97,2.0,Strong heat stress,89.6 to 100.4 F,92.94,85.78,101.25,2.0,0,450,1,"34.25,-118.50 (35.4%); 34.00,-118.25 (23.1%); 34.00,-118.50 (22.6%); 34.25,-118.25 (10.1%); 33.75,-118.25 (6.4%); 34.25,-118.75 (2.4%)"
2017-08-12,92.5,33.61,2.0,Strong heat stress,89.6 to 100.4 F,92.9,85.78,101.25,-0.4,0,450,1,"34.25,-118.50 (35.4%); 34.00,-118.25 (23.1%); 34.00,-118.50 (22.6%); 34.25,-118.25 (10.1%); 33.75,-118.25 (6.4%); 34.25,-118.75 (2.4%)"
2017-08-13,92.08,33.38,2.0,Strong heat stress,89.6 to 100.4 F,92.9,85.96,101.25,-0.82,0,450,1,"34.25,-118.50 (35.4%); 34.00,-118.25 (23.1%); 34.00,-118.50 (22.6%); 34.25,-118.25 (10.1%); 33.75,-118.25 (6.4%); 34.25,-118.75 (2.4%)"
2017-08-14,86.57,30.31,1.0,Moderate heat stress,78.8 to 89.6 F,92.94,86.23,101.19,-6.37,0,450,1,"34.25,-118.50 (35.4%); 34.00,-118.25 (23.1%); 34.00,-118.50 (22.6%); 34.25,-118.25 (10.1%); 33.75,-118.25 (6.4%); 34.25,-118.75 (2.4%)"
2017-08-15,81.84,27.69,1.0,Moderate heat stress,78.8 to 89.6 F,93.04,86.38,101.22,-11.2,0,450,1,"34.25,-118.50 (35.4%); 34.00,-118.25 (23.1%); 34.00,-118.50 (22.6%); 34.25,-118.25 (10.1%); 33.75,-118.25 (6.4%); 34.25,-118.75 (2.4%)"
2017-08-16,87.26,30.7,1.0,Moderate heat stress,78.8 to 89.6 F,93.11,86.44,101.25,-5.85,0,450,1,"34.25,-118.50 (35.4%); 34.00,-118.25 (23.1%); 34.00,-118.50 (22.6%); 34.25,-118.25 (10.1%); 33.75,-118.25 (6.4%); 34.25,-118.75 (2.4%)"
2017-08-17,89.53,31.96,1.0,Moderate heat stress,78.8 to 89.6 F,93.15,86.61,101.25,-3.62,0,450,1,"34.25,-118.50 (35.4%); 34.00,-118.25 (23.1%); 34.00,-118.50 (22.6%); 34.25,-118.25 (10.1%); 33.75,-118.25 (6.4%); 34.25,-118.75 (2.4%)"
2017-08-18,89.97,32.21,2.0,Strong heat stress,89.6 to 100.4 F,93.27,86.82,101.22,-3.3,0,450,1,"34.25,-118.50 (35.4%); 34.00,-118.25 (23.1%); 34.00,-118.50 (22.6%); 34.25,-118.25 (10.1%); 33.75,-118.25 (6.4%); 34.25,-118.75 (2.4%)"
2017-08-19,88.24,31.24,1.0,Moderate heat stress,78.8 to 89.6 F,93.38,86.86,101.12,-5.14,0,450,1,"34.25,-118.50 (35.4%); 34.00,-118.25 (23.1%); 34.00,-118.50 (22.6%); 34.25,-118.25 (10.1%); 33.75,-118.25 (6.4%); 34.25,-118.75 (2.4%)"
2017-08-20,88.25,31.25,1.0,Moderate heat stress,78.8 to 89.6 F,93.49,86.86,100.98,-5.24,0,450,1,"34.25,-118.50 (35.4%); 34.00,-118.25 (23.1%); 34.00,-118.50 (22.6%); 34.25,-118.25 (10.1%); 33.75,-118.25 (6.4%); 34.25,-118.75 (2.4%)"
2017-08-21,90.2,32.33,2.0,Strong heat stress,89.6 to 100.4 F,93.53,86.86,100.98,-3.33,0,450,1,"34.25,-118.50 (35.4%); 34.00,-118.25 (23.1%); 34.00,-118.50 (22.6%); 34.25,-118.25 (10.1%); 33.75,-118.25 (6.4%); 34.25,-118.75 (2.4%)"
2017-08-22,91.7,33.17,2.0,Strong heat stress,89.6 to 100.4 F,93.65,87.08,101.12,-1.95,0,450,1,"34.25,-118.50 (35.4%); 34.00,-118.25 (23.1%); 34.00,-118.50 (22.6%); 34.25,-118.25 (10.1%); 33.75,-118.25 (6.4%); 34.25,-118.75 (2.4%)"
2017-08-23,87.53,30.85,1.0,Moderate heat stress,78.8 to 89.6 F,93.71,87.12,101.14,-6.18,0,450,1,"34.25,-118.50 (35.4%); 34.00,-118.25 (23.1%); 34.00,-118.50 (22.6%); 34.25,-118.25 (10.1%); 33.75,-118.25 (6.4%); 34.25,-118.75 (2.4%)"
2017-08-24,89.51,31.95,1.0,Moderate heat stress,78.8 to 89.6 F,93.76,87.12,101.14,-4.25,0,450,1,"34.25,-118.50 (35.4%); 34.00,-118.25 (23.1%); 34.00,-118.50 (22.6%); 34.25,-118.25 (10.1%); 33.75,-118.25 (6.4%); 34.25,-118.75 (2.4%)"
2017-08-25,90.9,32.72,2.0,Strong heat stress,89.6 to 100.4 F,93.85,87.19,101.33,-2.95,0,450,1,"34.25,-118.50 (35.4%); 34.00,-118.25 (23.1%); 34.00,-118.50 (22.6%); 34.25,-118.25 (10.1%); 33.75,-118.25 (6.4%); 34.25,-118.75 (2.4%)"
2017-08-26,96.39,35.77,2.0,Strong heat stress,89.6 to 100.4 F,94.0,87.19,102.23,2.39,0,450,1,"34.25,-118.50 (35.4%); 34.00,-118.25 (23.1%); 34.00,-118.50 (22.6%); 34.25,-118.25 (10.1%); 33.75,-118.25 (6.4%); 34.25,-118.75 (2.4%)"
2017-08-27,98.21,36.78,2.0,Strong heat stress,89.6 to 100.4 F,94.21,87.19,102.66,4.0,0,450,1,"34.25,-118.50 (35.4%); 34.00,-118.25 (23.1%); 34.00,-118.50 (22.6%); 34.25,-118.25 (10.1%); 33.75,-118.25 (6.4%); 34.25,-118.75 (2.4%)"
2017-08-28,104.52,40.29,3.0,Very strong heat stress,100.4 to 114.8 F,94.37,87.04,102.8,10.15,1,450,1,"34.25,-118.50 (35.4%); 34.00,-118.25 (23.1%); 34.00,-118.50 (22.6%); 34.25,-118.25 (10.1%); 33.75,-118.25 (6.4%); 34.25,-118.75 (2.4%)"
2017-08-29,106.84,41.58,3.0,Very strong heat stress,100.4 to 114.8 F,94.6,87.32,103.3,12.24,1,450,1,"34.25,-118.50 (35.4%); 34.00,-118.25 (23.1%); 34.00,-118.50 (22.6%); 34.25,-118.25 (10.1%); 33.75,-118.25 (6.4%); 34.25,-118.75 (2.4%)"
2017-08-30,107.76,42.09,3.0,Very strong heat stress,100.4 to 114.8 F,94.73,87.32,103.35,13.03,1,450,1,"34.25,-118.50 (35.4%); 34.00,-118.25 (23.1%); 34.00,-118.50 (22.6%); 34.25,-118.25 (10.1%); 33.75,-118.25 (6.4%); 34.25,-118.75 (2.4%)"
2017-08-31,110.01,43.34,3.0,Very strong heat stress,100.4 to 114.8 F,94.77,87.31,103.41,15.24,1,450,1,"34.25,-118.50 (35.4%); 34.00,-118.25 (23.1%); 34.00,-118.50 (22.6%); 34.25,-118.25 (10.1%); 33.75,-118.25 (6.4%); 34.25,-118.75 (2.4%)"
2017-09-01,109.57,43.1,3.0,Very strong heat stress,100.4 to 114.8 F,94.66,87.0,103.41,14.91,1,450,1,"34.25,-118.50 (35.4%); 34.00,-118.25 (23.1%); 34.00,-118.50 (22.6%); 34.25,-118.25 (10.1%); 33.75,-118.25 (6.4%); 34.25,-118.75 (2.4%)"
2017-09-02,106.69,41.5,3.0,Very strong heat stress,100.4 to 114.8 F,94.43,86.42,103.41,12.26,1,450,1,"34.25,-118.50 (35.4%); 34.00,-118.25 (23.1%); 34.00,-118.50 (22.6%); 34.25,-118.25 (10.1%); 33.75,-118.25 (6.4%); 34.25,-118.75 (2.4%)"
2017-09-03,107.25,41.81,3.0,Very strong heat stress,100.4 to 114.8 F,94.19,86.08,103.35,13.06,1,450,1,"34.25,-118.50 (35.4%); 34.00,-118.25 (23.1%); 34.00,-118.50 (22.6%); 34.25,-118.25 (10.1%); 33.75,-118.25 (6.4%); 34.25,-118.75 (2.4%)"
2017-09-04,89.96,32.2,2.0,Strong heat stress,89.6 to 100.4 F,93.91,85.76,103.11,-3.95,0,450,1,"34.25,-118.50 (35.4%); 34.00,-118.25 (23.1%); 34.00,-118.50 (22.6%); 34.25,-118.25 (10.1%); 33.75,-118.25 (6.4%); 34.25,-118.75 (2.4%)"
2017-09-05,95.51,35.28,2.0,Strong heat stress,89.6 to 100.4 F,93.62,85.3,102.97,1.89,0,450,1,"34.25,-118.50 (35.4%); 34.00,-118.25 (23.1%); 34.00,-118.50 (22.6%); 34.25,-118.25 (10.1%); 33.75,-118.25 (6.4%); 34.25,-118.75 (2.4%)"
2017-09-06,94.59,34.77,2.0,Strong heat stress,89.6 to 100.4 F,93.25,85.01,102.21,1.34,0,450,1,"34.25,-118.50 (35.4%); 34.00,-118.25 (23.1%); 34.00,-118.50 (22.6%); 34.25,-118.25 (10.1%); 33.75,-118.25 (6.4%); 34.25,-118.75 (2.4%)"
2017-09-07,93.98,34.44,2.0,Strong heat stress,89.6 to 100.4 F,93.03,84.88,101.61,0.95,0,450,1,"34.25,-118.50 (35.4%); 34.00,-118.25 (23.1%); 34.00,-118.50 (22.6%); 34.25,-118.25 (10.1%); 33.75,-118.25 (6.4%); 34.25,-118.75 (2.4%)"
2017-09-08,90.58,32.54,2.0,Strong heat stress,89.6 to 100.4 F,92.81,84.75,101.31,-2.23,0,450,1,"34.25,-118.50 (35.4%); 34.00,-118.25 (23.1%); 34.00,-118.50 (22.6%); 34.25,-118.25 (10.1%); 33.75,-118.25 (6.4%); 34.25,-118.75 (2.4%)"
2017-09-09,91.65,33.14,2.0,Strong heat stress,89.6 to 100.4 F,92.56,84.41,101.03,-0.91,0,450,1,"34.25,-118.50 (35.4%); 34.00,-118.25 (23.1%); 34.00,-118.50 (22.6%); 34.25,-118.25 (10.1%); 33.75,-118.25 (6.4%); 34.25,-118.75 (2.4%)"
2017-09-10,96.3,35.72,2.0,Strong heat stress,89.6 to 100.4 F,92.23,84.3,100.55,4.07,0,450,1,"34.25,-118.50 (35.4%); 34.00,-118.25 (23.1%); 34.00,-118.50 (22.6%); 34.25,-118.25 (10.1%); 33.75,-118.25 (6.4%); 34.25,-118.75 (2.4%)"
2017-09-11,99.28,37.38,2.0,Strong heat stress,89.6 to 100.4 F,91.94,84.41,100.18,7.34,0,450,1,"34.25,-118.50 (35.4%); 34.00,-118.25 (23.1%); 34.00,-118.50 (22.6%); 34.25,-118.25 (10.1%); 33.75,-118.25 (6.4%); 34.25,-118.75 (2.4%)"
2017-09-12,92.59,33.66,2.0,Strong heat stress,89.6 to 100.4 F,91.63,84.01,99.56,0.96,0,450,1,"34.25,-118.50 (35.4%); 34.00,-118.25 (23.1%); 34.00,-118.50 (22.6%); 34.25,-118.25 (10.1%); 33.75,-118.25 (6.4%); 34.25,-118.75 (2.4%)"
2017-09-13,86.77,30.43,1.0,Moderate heat stress,78.8 to 89.6 F,91.2,83.85,99.13,-4.43,0,450,1,"34.25,-118.50 (35.4%); 34.00,-118.25 (23.1%); 34.00,-118.50 (22.6%); 34.25,-118.25 (10.1%); 33.75,-118.25 (6.4%); 34.25,-118.75 (2.4%)"
2017-09-14,81.62,27.57,1.0,Moderate heat stress,78.8 to 89.6 F,90.85,83.58,98.73,-9.23,0,450,1,"34.25,-118.50 (35.4%); 34.00,-118.25 (23.1%); 34.00,-118.50 (22.6%); 34.25,-118.25 (10.1%); 33.75,-118.25 (6.4%); 34.25,-118.75 (2.4%)"
2017-09-15,85.29,29.61,1.0,Moderate heat stress,78.8 to 89.6 F,90.59,83.4,98.68,-5.3,0,450,1,"34.25,-118.50 (35.4%); 34.00,-118.25 (23.1%); 34.00,-118.50 (22.6%); 34.25,-118.25 (10.1%); 33.75,-118.25 (6.4%); 34.25,-118.75 (2.4%)"
2017-09-16,88.98,31.65,1.0,Moderate heat stress,78.8 to 89.6 F,90.57,83.22,98.73,-1.59,0,450,1,"34.25,-118.50 (35.4%); 34.00,-118.25 (23.1%); 34.00,-118.50 (22.6%); 34.25,-118.25 (10.1%); 33.75,-118.25 (6.4%); 34.25,-118.75 (2.4%)"
2017-09-17,88.79,31.55,1.0,Moderate heat stress,78.8 to 89.6 F,90.7,83.28,98.81,-1.91,0,450,1,"34.25,-118.50 (35.4%); 34.00,-118.25 (23.1%); 34.00,-118.50 (22.6%); 34.25,-118.25 (10.1%); 33.75,-118.25 (6.4%); 34.25,-118.75 (2.4%)"
2017-09-18,87.34,30.75,1.0,Moderate heat stress,78.8 to 89.6 F,90.73,83.28,98.99,-3.39,0,450,1,"34.25,-118.50 (35.4%); 34.00,-118.25 (23.1%); 34.00,-118.50 (22.6%); 34.25,-118.25 (10.1%); 33.75,-118.25 (6.4%); 34.25,-118.75 (2.4%)"
2017-09-19,85.82,29.9,1.0,Moderate heat stress,78.8 to 89.6 F,90.74,83.22,99.68,-4.92,0,450,1,"34.25,-118.50 (35.4%); 34.00,-118.25 (23.1%); 34.00,-118.50 (22.6%); 34.25,-118.25 (10.1%); 33.75,-118.25 (6.4%); 34.25,-118.75 (2.4%)"
2017-09-20,84.37,29.09,1.0,Moderate heat stress,78.8 to 89.6 F,90.81,83.13,99.62,-6.44,0,450,1,"34.25,-118.50 (35.4%); 34.00,-118.25 (23.1%); 34.00,-118.50 (22.6%); 34.25,-118.25 (10.1%); 33.75,-118.25 (6.4%); 34.25,-118.75 (2.4%)"
2017-09-21,77.58,25.32,0.0,No thermal stress,48.2 to 78.8 F,90.87,82.71,99.75,-13.29,0,450,1,"34.25,-118.50 (35.4%); 34.00,-118.25 (23.1%); 34.00,-118.50 (22.6%); 34.25,-118.25 (10.1%); 33.75,-118.25 (6.4%); 34.25,-118.75 (2.4%)"
2017-09-22,81.43,27.46,1.0,Moderate heat stress,78.8 to 89.6 F,90.89,82.21,99.75,-9.46,0,450,1,"34.25,-118.50 (35.4%); 34.00,-118.25 (23.1%); 34.00,-118.50 (22.6%); 34.25,-118.25 (10.1%); 33.75,-118.25 (6.4%); 34.25,-118.75 (2.4%)"
2017-09-23,83.28,28.49,1.0,Moderate heat stress,78.8 to 89.6 F,91.0,82.03,100.12,-7.72,0,450,1,"34.25,-118.50 (35.4%); 34.00,-118.25 (23.1%); 34.00,-118.50 (22.6%); 34.25,-118.25 (10.1%); 33.75,-118.25 (6.4%); 34.25,-118.75 (2.4%)"
2017-09-24,89.81,32.12,2.0,Strong heat stress,89.6 to 100.4 F,91.03,81.81,100.27,-1.22,0,450,1,"34.25,-118.50 (35.4%); 34.00,-118.25 (23.1%); 34.00,-118.50 (22.6%); 34.25,-118.25 (10.1%); 33.75,-118.25 (6.4%); 34.25,-118.75 (2.4%)"
2017-09-25,91.25,32.92,2.0,Strong heat stress,89.6 to 100.4 F,91.02,82.03,100.61,0.23,0,450,1,"34.25,-118.50 (35.4%); 34.00,-118.25 (23.1%); 34.00,-118.50 (22.6%); 34.25,-118.25 (10.1%); 33.75,-118.25 (6.4%); 34.25,-118.75 (2.4%)"
2017-09-26,90.14,32.3,2.0,Strong heat stress,89.6 to 100.4 F,90.77,81.65,100.81,-0.63,0,450,1,"34.25,-118.50 (35.4%); 34.00,-118.25 (23.1%); 34.00,-118.50 (22.6%); 34.25,-118.25 (10.1%); 33.75,-118.25 (6.4%); 34.25,-118.75 (2.4%)"
2017-09-27,93.99,34.44,2.0,Strong heat stress,89.6 to 100.4 F,90.41,81.36,100.86,3.58,0,450,1,"34.25,-118.50 (35.4%); 34.00,-118.25 (23.1%); 34.00,-118.50 (22.6%); 34.25,-118.25 (10.1%); 33.75,-118.25 (6.4%); 34.25,-118.75 (2.4%)"
2017-09-28,95.49,35.27,2.0,Strong heat stress,89.6 to 100.4 F,90.19,80.96,100.81,5.3,0,450,1,"34.25,-118.50 (35.4%); 34.00,-118.25 (23.1%); 34.00,-118.50 (22.6%); 34.25,-118.25 (10.1%); 33.75,-118.25 (6.4%); 34.25,-118.75 (2.4%)"
2017-09-29,94.98,34.99,2.0,Strong heat stress,89.6 to 100.4 F,90.09,80.91,100.86,4.89,0,450,1,"34.25,-118.50 (35.4%); 34.00,-118.25 (23.1%); 34.00,-118.50 (22.6%); 34.25,-118.25 (10.1%); 33.75,-118.25 (6.4%); 34.25,-118.75 (2.4%)"
2017-09-30,87.58,30.88,1.0,Moderate heat stress,78.8 to 89.6 F,90.07,80.96,100.86,-2.49,0,450,1,"34.25,-118.50 (35.4%); 34.00,-118.25 (23.1%); 34.00,-118.50 (22.6%); 34.25,-118.25 (10.1%); 33.75,-118.25 (6.4%); 34.25,-118.75 (2.4%)"
2017-10-01,84.71,29.28,1.0,Moderate heat stress,78.8 to 89.6 F,89.89,80.96,100.17,-5.18,0,450,1,"34.25,-118.50 (35.4%); 34.00,-118.25 (23.1%); 34.00,-118.50 (22.6%); 34.25,-118.25 (10.1%); 33.75,-118.25 (6.4%); 34.25,-118.75 (2.4%)"
2017-10-02,86.15,30.08,1.0,Moderate heat stress,78.8 to 89.6 F,89.55,80.91,100.11,-3.4,0,450,1,"34.25,-118.50 (35.4%); 34.00,-118.25 (23.1%); 34.00,-118.50 (22.6%); 34.25,-118.25 (10.1%); 33.75,-118.25 (6.4%); 34.25,-118.75 (2.4%)"
2017-10-03,75.47,24.15,0.0,No thermal stress,48.2 to 78.8 F,89.23,80.19,99.97,-13.76,0,450,1,"34.25,-118.50 (35.4%); 34.00,-118.25 (23.1%); 34.00,-118.50 (22.6%); 34.25,-118.25 (10.1%); 33.75,-118.25 (6.4%); 34.25,-118.75 (2.4%)"
2017-10-04,87.6,30.89,1.0,Moderate heat stress,78.8 to 89.6 F,88.86,79.8,99.63,-1.26,0,450,1,"34.25,-118.50 (35.4%); 34.00,-118.25 (23.1%); 34.00,-118.50 (22.6%); 34.25,-118.25 (10.1%); 33.75,-118.25 (6.4%); 34.25,-118.75 (2.4%)"
2017-10-05,90.82,32.68,2.0,Strong heat stress,89.6 to 100.4 F,88.53,79.53,99.2,2.29,0,450,1,"34.25,-118.50 (35.4%); 34.00,-118.25 (23.1%); 34.00,-118.50 (22.6%); 34.25,-118.25 (10.1%); 33.75,-118.25 (6.4%); 34.25,-118.75 (2.4%)"
2017-10-06,97.69,36.49,2.0,Strong heat stress,89.6 to 100.4 F,88.26,79.46,98.97,9.43,0,450,1,"34.25,-118.50 (35.4%); 34.00,-118.25 (23.1%); 34.00,-118.50 (22.6%); 34.25,-118.25 (10.1%); 33.75,-118.25 (6.4%); 34.25,-118.75 (2.4%)"
2017-10-07,97.87,36.6,2.0,Strong heat stress,89.6 to 100.4 F,88.01,79.37,98.57,9.86,0,450,1,"34.25,-118.50 (35.4%); 34.00,-118.25 (23.1%); 34.00,-118.50 (22.6%); 34.25,-118.25 (10.1%); 33.75,-118.25 (6.4%); 34.25,-118.75 (2.4%)"
2017-10-08,85.39,29.66,1.0,Moderate heat stress,78.8 to 89.6 F,87.62,78.72,97.87,-2.23,0,450,1,"34.25,-118.50 (35.4%); 34.00,-118.25 (23.1%); 34.00,-118.50 (22.6%); 34.25,-118.25 (10.1%); 33.75,-118.25 (6.4%); 34.25,-118.75 (2.4%)"
2017-10-09,91.09,32.83,2.0,Strong heat stress,89.6 to 100.4 F,87.29,78.29,97.76,3.8,0,450,1,"34.25,-118.50 (35.4%); 34.00,-118.25 (23.1%); 34.00,-118.50 (22.6%); 34.25,-118.25 (10.1%); 33.75,-118.25 (6.4%); 34.25,-118.75 (2.4%)"
2017-10-10,89.95,32.19,2.0,Strong heat stress,89.6 to 100.4 F,87.07,77.8,97.45,2.88,0,450,1,"34.25,-118.50 (35.4%); 34.00,-118.25 (23.1%); 34.00,-118.50 (22.6%); 34.25,-118.25 (10.1%); 33.75,-118.25 (6.4%); 34.25,-118.75 (2.4%)"
2017-10-11,84.75,29.3,1.0,Moderate heat stress,78.8 to 89.6 F,87.04,77.75,97.17,-2.29,0,450,1,"34.25,-118.50 (35.4%); 34.00,-118.25 (23.1%); 34.00,-118.50 (22.6%); 34.25,-118.25 (10.1%); 33.75,-118.25 (6.4%); 34.25,-118.75 (2.4%)"
2017-10-12,84.58,29.21,1.0,Moderate heat stress,78.8 to 89.6 F,87.16,78.29,97.06,-2.58,0,450,1,"34.25,-118.50 (35.4%); 34.00,-118.25 (23.1%); 34.00,-118.50 (22.6%); 34.25,-118.25 (10.1%); 33.75,-118.25 (6.4%); 34.25,-118.75 (2.4%)"
2017-10-13,85.4,29.67,1.0,Moderate heat stress,78.8 to 89.6 F,87.15,78.29,97.15,-1.75,0,450,1,"34.25,-118.50 (35.4%); 34.00,-118.25 (23.1%); 34.00,-118.50 (22.6%); 34.25,-118.25 (10.1%); 33.75,-118.25 (6.4%); 34.25,-118.75 (2.4%)"
2017-10-14,92.25,33.47,2.0,Strong heat stress,89.6 to 100.4 F,86.95,78.24,96.85,5.3,0,450,1,"34.25,-118.50 (35.4%); 34.00,-118.25 (23.1%); 34.00,-118.50 (22.6%); 34.25,-118.25 (10.1%); 33.75,-118.25 (6.4%); 34.25,-118.75 (2.4%)"
2017-10-15,98.92,37.18,2.0,Strong heat stress,89.6 to 100.4 F,86.73,77.79,96.85,12.19,1,450,1,"34.25,-118.50 (35.4%); 34.00,-118.25 (23.1%); 34.00,-118.50 (22.6%); 34.25,-118.25 (10.1%); 33.75,-118.25 (6.4%); 34.25,-118.75 (2.4%)"
2017-10-16,100.09,37.83,2.0,Strong heat stress,89.6 to 100.4 F,86.59,77.13,96.62,13.5,1,450,1,"34.25,-118.50 (35.4%); 34.00,-118.25 (23.1%); 34.00,-118.50 (22.6%); 34.25,-118.25 (10.1%); 33.75,-118.25 (6.4%); 34.25,-118.75 (2.4%)"
2017-10-17,98.34,36.85,2.0,Strong heat stress,89.6 to 100.4 F,86.47,77.13,96.53,11.87,1,450,1,"34.25,-118.50 (35.4%); 34.00,-118.25 (23.1%); 34.00,-118.50 (22.6%); 34.25,-118.25 (10.1%); 33.75,-118.25 (6.4%); 34.25,-118.75 (2.4%)"
2017-10-18,94.06,34.48,2.0,Strong heat stress,89.6 to 100.4 F,86.32,76.47,96.28,7.74,0,450,1,"34.25,-118.50 (35.4%); 34.00,-118.25 (23.1%); 34.00,-118.50 (22.6%); 34.25,-118.25 (10.1%); 33.75,-118.25 (6.4%); 34.25,-118.75 (2.4%)"
2017-10-19,87.19,30.66,1.0,Moderate heat stress,78.8 to 89.6 F,86.25,76.34,96.26,0.94,0,450,1,"34.25,-118.50 (35.4%); 34.00,-118.25 (23.1%); 34.00,-118.50 (22.6%); 34.25,-118.25 (10.1%); 33.75,-118.25 (6.4%); 34.25,-118.75 (2.4%)"
2017-10-20,77.85,25.47,0.0,No thermal stress,48.2 to 78.8 F,86.04,76.12,96.05,-8.19,0,450,1,"34.25,-118.50 (35.4%); 34.00,-118.25 (23.1%); 34.00,-118.50 (22.6%); 34.25,-118.25 (10.1%); 33.75,-118.25 (6.4%); 34.25,-118.75 (2.4%)"
2017-10-21,87.13,30.63,1.0,Moderate heat stress,78.8 to 89.6 F,85.78,75.87,95.7,1.35,0,450,1,"34.25,-118.50 (35.4%); 34.00,-118.25 (23.1%); 34.00,-118.50 (22.6%); 34.25,-118.25 (10.1%); 33.75,-118.25 (6.4%); 34.25,-118.75 (2.4%)"
2017-10-22,98.2,36.78,2.0,Strong heat stress,89.6 to 100.4 F,85.36,75.02,95.38,12.84,1,450,1,"34.25,-118.50 (35.4%); 34.00,-118.25 (23.1%); 34.00,-118.50 (22.6%); 34.25,-118.25 (10.1%); 33.75,-118.25 (6.4%); 34.25,-118.75 (2.4%)"
2017-10-23,106.34,41.3,3.0,Very strong heat stress,100.4 to 114.8 F,84.94,74.6,94.84,21.4,1,450,1,"34.25,-118.50 (35.4%); 34.00,-118.25 (23.1%); 34.00,-118.50 (22.6%); 34.25,-118.25 (10.1%); 33.75,-118.25 (6.4%); 34.25,-118.75 (2.4%)"
2017-10-24,107.88,42.16,3.0,Very strong heat stress,100.4 to 114.8 F,84.69,74.41,94.08,23.19,1,450,1,"34.25,-118.50 (35.4%); 34.00,-118.25 (23.1%); 34.00,-118.50 (22.6%); 34.25,-118.25 (10.1%); 33.75,-118.25 (6.4%); 34.25,-118.75 (2.4%)"
2017-10-25,103.82,39.9,3.0,Very strong heat stress,100.4 to 114.8 F,84.49,74.41,93.75,19.33,1,450,1,"34.25,-118.50 (35.4%); 34.00,-118.25 (23.1%); 34.00,-118.50 (22.6%); 34.25,-118.25 (10.1%); 33.75,-118.25 (6.4%); 34.25,-118.75 (2.4%)"
2017-10-26,97.27,36.26,2.0,Strong heat stress,89.6 to 100.4 F,84.28,74.09,93.73,12.99,1,450,1,"34.25,-118.50 (35.4%); 34.00,-118.25 (23.1%); 34.00,-118.50 (22.6%); 34.25,-118.25 (10.1%); 33.75,-118.25 (6.4%); 34.25,-118.75 (2.4%)"
2017-10-27,93.53,34.18,2.0,Strong heat stress,89.6 to 100.4 F,84.06,74.09,93.55,9.47,0,450,1,"34.25,-118.50 (35.4%); 34.00,-118.25 (23.1%); 34.00,-118.50 (22.6%); 34.25,-118.25 (10.1%); 33.75,-118.25 (6.4%); 34.25,-118.75 (2.4%)"
2017-10-28,91.21,32.9,2.0,Strong heat stress,89.6 to 100.4 F,83.85,74.01,93.26,7.36,0,450,1,"34.25,-118.50 (35.4%); 34.00,-118.25 (23.1%); 34.00,-118.50 (22.6%); 34.25,-118.25 (10.1%); 33.75,-118.25 (6.4%); 34.25,-118.75 (2.4%)"
2017-10-29,85.28,29.6,1.0,Moderate heat stress,78.8 to 89.6 F,83.76,74.27,93.1,1.52,0,450,1,"34.25,-118.50 (35.4%); 34.00,-118.25 (23.1%); 34.00,-118.50 (22.6%); 34.25,-118.25 (10.1%); 33.75,-118.25 (6.4%); 34.25,-118.75 (2.4%)"
2017-10-30,78.07,25.59,0.0,No thermal stress,48.2 to 78.8 F,83.52,74.32,92.86,-5.45,0,450,1,"34.25,-118.50 (35.4%); 34.00,-118.25 (23.1%); 34.00,-118.50 (22.6%); 34.25,-118.25 (10.1%); 33.75,-118.25 (6.4%); 34.25,-118.75 (2.4%)"
2017-10-31,72.24,22.35,0.0,No thermal stress,48.2 to 78.8 F,83.22,74.27,92.61,-10.98,0,450,1,"34.25,-118.50 (35.4%); 34.00,-118.25 (23.1%); 34.00,-118.50 (22.6%); 34.25,-118.25 (10.1%); 33.75,-118.25 (6.4%); 34.25,-118.75 (2.4%)"
2017-11-01,77.22,25.12,0.0,No thermal stress,48.2 to 78.8 F,82.76,73.54,92.47,-5.54,0,450,1,"34.25,-118.50 (35.4%); 34.00,-118.25 (23.1%); 34.00,-118.50 (22.6%); 34.25,-118.25 (10.1%); 33.75,-118.25 (6.4%); 34.25,-118.75 (2.4%)"
2017-11-02,74.1,23.39,0.0,No thermal stress,48.2 to 78.8 F,82.36,73.3,92.12,-8.26,0,450,1,"34.25,-118.50 (35.4%); 34.00,-118.25 (23.1%); 34.00,-118.50 (22.6%); 34.25,-118.25 (10.1%); 33.75,-118.25 (6.4%); 34.25,-118.75 (2.4%)"
2017-11-03,77.21,25.12,0.0,No thermal stress,48.2 to 78.8 F,81.95,73.06,91.99,-4.74,0,450,1,"34.25,-118.50 (35.4%); 34.00,-118.25 (23.1%); 34.00,-118.50 (22.6%); 34.25,-118.25 (10.1%); 33.75,-118.25 (6.4%); 34.25,-118.75 (2.4%)"
2017-11-04,78.06,25.59,0.0,No thermal stress,48.2 to 78.8 F,81.65,73.02,91.38,-3.59,0,450,1,"34.25,-118.50 (35.4%); 34.00,-118.25 (23.1%); 34.00,-118.50 (22.6%); 34.25,-118.25 (10.1%); 33.75,-118.25 (6.4%); 34.25,-118.75 (2.4%)"
2017-11-05,77.4,25.22,0.0,No thermal stress,48.2 to 78.8 F,81.49,72.52,91.14,-4.09,0,450,1,"34.25,-118.50 (35.4%); 34.00,-118.25 (23.1%); 34.00,-118.50 (22.6%); 34.25,-118.25 (10.1%); 33.75,-118.25 (6.4%); 34.25,-118.75 (2.4%)"
2017-11-06,78.04,25.58,0.0,No thermal stress,48.2 to 78.8 F,81.57,72.77,91.32,-3.53,0,450,1,"34.25,-118.50 (35.4%); 34.00,-118.25 (23.1%); 34.00,-118.50 (22.6%); 34.25,-118.25 (10.1%); 33.75,-118.25 (6.4%); 34.25,-118.75 (2.4%)"
2017-11-07,84.86,29.37,1.0,Moderate heat stress,78.8 to 89.6 F,81.65,73.02,91.46,3.21,0,450,1,"34.25,-118.50 (35.4%); 34.00,-118.25 (23.1%); 34.00,-118.50 (22.6%); 34.25,-118.25 (10.1%); 33.75,-118.25 (6.4%); 34.25,-118.75 (2.4%)"
2017-11-08,83.55,28.64,1.0,Moderate heat stress,78.8 to 89.6 F,81.52,72.77,91.32,2.03,0,450,1,"34.25,-118.50 (35.4%); 34.00,-118.25 (23.1%); 34.00,-118.50 (22.6%); 34.25,-118.25 (10.1%); 33.75,-118.25 (6.4%); 34.25,-118.75 (2.4%)"
2017-11-09,80.11,26.73,1.0,Moderate heat stress,78.8 to 89.6 F,81.25,72.2,91.14,-1.14,0,450,1,"34.25,-118.50 (35.4%); 34.00,-118.25 (23.1%); 34.00,-118.50 (22.6%); 34.25,-118.25 (10.1%); 33.75,-118.25 (6.4%); 34.25,-118.75 (2.4%)"
2017-11-10,80.16,26.76,1.0,Moderate heat stress,78.8 to 89.6 F,81.07,71.94,90.92,-0.91,0,450,1,"34.25,-118.50 (35.4%); 34.00,-118.25 (23.1%); 34.00,-118.50 (22.6%); 34.25,-118.25 (10.1%); 33.75,-118.25 (6.4%); 34.25,-118.75 (2.4%)"
2017-11-11,83.43,28.57,1.0,Moderate heat stress,78.8 to 89.6 F,80.96,71.79,90.06,2.47,0,450,1,"34.25,-118.50 (35.4%); 34.00,-118.25 (23.1%); 34.00,-118.50 (22.6%); 34.25,-118.25 (10.1%); 33.75,-118.25 (6.4%); 34.25,-118.75 (2.4%)"
2017-11-12,79.29,26.27,1.0,Moderate heat stress,78.8 to 89.6 F,80.89,71.73,89.29,-1.6,0,450,1,"34.25,-118.50 (35.4%); 34.00,-118.25 (23.1%); 34.00,-118.50 (22.6%); 34.25,-118.25 (10.1%); 33.75,-118.25 (6.4%); 34.25,-118.75 (2.4%)"
2017-11-13,83.71,28.73,1.0,Moderate heat stress,78.8 to 89.6 F,80.58,71.18,89.09,3.13,0,450,1,"34.25,-118.50 (35.4%); 34.00,-118.25 (23.1%); 34.00,-118.50 (22.6%); 34.25,-118.25 (10.1%); 33.75,-118.25 (6.4%); 34.25,-118.75 (2.4%)"
2017-11-14,85.63,29.8,1.0,Moderate heat stress,78.8 to 89.6 F,80.3,70.98,89.09,5.33,0,450,1,"34.25,-118.50 (35.4%); 34.00,-118.25 (23.1%); 34.00,-118.50 (22.6%); 34.25,-118.25 (10.1%); 33.75,-118.25 (6.4%); 34.25,-118.75 (2.4%)"
2017-11-15,85.97,29.99,1.0,Moderate heat stress,78.8 to 89.6 F,80.09,70.39,89.01,5.88,0,450,1,"34.25,-118.50 (35.4%); 34.00,-118.25 (23.1%); 34.00,-118.50 (22.6%); 34.25,-118.25 (10.1%); 33.75,-118.25 (6.4%); 34.25,-118.75 (2.4%)"
2017-11-16,85.66,29.81,1.0,Moderate heat stress,78.8 to 89.6 F,80.12,71.14,88.93,5.54,0,450,1,"34.25,-118.50 (35.4%); 34.00,-118.25 (23.1%); 34.00,-118.50 (22.6%); 34.25,-118.25 (10.1%); 33.75,-118.25 (6.4%); 34.25,-118.75 (2.4%)"
2017-11-17,78.11,25.62,0.0,No thermal stress,48.2 to 78.8 F,80.18,71.36,88.71,-2.07,0,450,1,"34.25,-118.50 (35.4%); 34.00,-118.25 (23.1%); 34.00,-118.50 (22.6%); 34.25,-118.25 (10.1%); 33.75,-118.25 (6.4%); 34.25,-118.75 (2.4%)"
2017-11-18,87.54,30.86,1.0,Moderate heat stress,78.8 to 89.6 F,80.18,71.61,88.57,7.36,0,450,1,"34.25,-118.50 (35.4%); 34.00,-118.25 (23.1%); 34.00,-118.50 (22.6%); 34.25,-118.25 (10.1%); 33.75,-118.25 (6.4%); 34.25,-118.75 (2.4%)"
2017-11-19,84.56,29.2,1.0,Moderate heat stress,78.8 to 89.6 F,80.05,71.17,88.48,4.51,0,450,1,"34.25,-118.50 (35.4%); 34.00,-118.25 (23.1%); 34.00,-118.50 (22.6%); 34.25,-118.25 (10.1%); 33.75,-118.25 (6.4%); 34.25,-118.75 (2.4%)"
2017-11-20,82.29,27.94,1.0,Moderate heat stress,78.8 to 89.6 F,79.68,71.05,88.47,2.61,0,450,1,"34.25,-118.50 (35.4%); 34.00,-118.25 (23.1%); 34.00,-118.50 (22.6%); 34.25,-118.25 (10.1%); 33.75,-118.25 (6.4%); 34.25,-118.75 (2.4%)"
2017-11-21,92.62,33.68,2.0,Strong heat stress,89.6 to 100.4 F,79.17,70.32,87.54,13.45,1,450,1,"34.25,-118.50 (35.4%); 34.00,-118.25 (23.1%); 34.00,-118.50 (22.6%); 34.25,-118.25 (10.1%); 33.75,-118.25 (6.4%); 34.25,-118.75 (2.4%)"
2017-11-22,98.69,37.05,2.0,Strong heat stress,89.6 to 100.4 F,78.67,69.62,87.16,20.02,1,450,1,"34.25,-118.50 (35.4%); 34.00,-118.25 (23.1%); 34.00,-118.50 (22.6%); 34.25,-118.25 (10.1%); 33.75,-118.25 (6.4%); 34.25,-118.75 (2.4%)"
2017-11-23,96.65,35.92,2.0,Strong heat stress,89.6 to 100.4 F,78.31,69.46,86.41,18.34,1,450,1,"34.25,-118.50 (35.4%); 34.00,-118.25 (23.1%); 34.00,-118.50 (22.6%); 34.25,-118.25 (10.1%); 33.75,-118.25 (6.4%); 34.25,-118.75 (2.4%)"
2017-11-24,92.02,33.34,2.0,Strong heat stress,89.6 to 100.4 F,78.07,69.46,86.0,13.95,1,450,1,"34.25,-118.50 (35.4%); 34.00,-118.25 (23.1%); 34.00,-118.50 (22.6%); 34.25,-118.25 (10.1%); 33.75,-118.25 (6.4%); 34.25,-118.75 (2.4%)"
2017-11-25,90.55,32.53,2.0,Strong heat stress,89.6 to 100.4 F,77.73,69.04,85.84,12.82,1,450,1,"34.25,-118.50 (35.4%); 34.00,-118.25 (23.1%); 34.00,-118.50 (22.6%); 34.25,-118.25 (10.1%); 33.75,-118.25 (6.4%); 34.25,-118.75 (2.4%)"
2017-11-26,85.2,29.56,1.0,Moderate heat stress,78.8 to 89.6 F,77.35,68.39,85.51,7.85,0,450,1,"34.25,-118.50 (35.4%); 34.00,-118.25 (23.1%); 34.00,-118.50 (22.6%); 34.25,-118.25 (10.1%); 33.75,-118.25 (6.4%); 34.25,-118.75 (2.4%)"
2017-11-27,71.57,21.99,0.0,No thermal stress,48.2 to 78.8 F,77.0,67.94,85.17,-5.43,0,450,1,"34.25,-118.50 (35.4%); 34.00,-118.25 (23.1%); 34.00,-118.50 (22.6%); 34.25,-118.25 (10.1%); 33.75,-118.25 (6.4%); 34.25,-118.75 (2.4%)"
2017-11-28,84.22,29.01,1.0,Moderate heat stress,78.8 to 89.6 F,76.7,67.54,84.84,7.52,0,450,1,"34.25,-118.50 (35.4%); 34.00,-118.25 (23.1%); 34.00,-118.50 (22.6%); 34.25,-118.25 (10.1%); 33.75,-118.25 (6.4%); 34.25,-118.75 (2.4%)"
2017-11-29,82.23,27.91,1.0,Moderate heat stress,78.8 to 89.6 F,76.34,67.02,84.34,5.89,0,450,1,"34.25,-118.50 (35.4%); 34.00,-118.25 (23.1%); 34.00,-118.50 (22.6%); 34.25,-118.25 (10.1%); 33.75,-118.25 (6.4%); 34.25,-118.75 (2.4%)"
2017-11-30,83.28,28.49,1.0,Moderate heat stress,78.8 to 89.6 F,75.93,66.57,84.22,7.35,0,450,1,"34.25,-118.50 (35.4%); 34.00,-118.25 (23.1%); 34.00,-118.50 (22.6%); 34.25,-118.25 (10.1%); 33.75,-118.25 (6.4%); 34.25,-118.75 (2.4%)"
2017-12-01,82.69,28.16,1.0,Moderate heat stress,78.8 to 89.6 F,75.62,65.73,84.22,7.07,0,450,1,"34.25,-118.50 (35.4%); 34.00,-118.25 (23.1%); 34.00,-118.50 (22.6%); 34.25,-118.25 (10.1%); 33.75,-118.25 (6.4%); 34.25,-118.75 (2.4%)"
2017-12-02,82.78,28.21,1.0,Moderate heat stress,78.8 to 89.6 F,75.37,65.66,83.78,7.41,0,450,1,"34.25,-118.50 (35.4%); 34.00,-118.25 (23.1%); 34.00,-118.50 (22.6%); 34.25,-118.25 (10.1%); 33.75,-118.25 (6.4%); 34.25,-118.75 (2.4%)"
2017-12-03,78.25,25.7,0.0,No thermal stress,48.2 to 78.8 F,75.12,65.52,83.3,3.13,0,450,1,"34.25,-118.50 (35.4%); 34.00,-118.25 (23.1%); 34.00,-118.50 (22.6%); 34.25,-118.25 (10.1%); 33.75,-118.25 (6.4%); 34.25,-118.75 (2.4%)"
2017-12-04,73.52,23.07,0.0,No thermal stress,48.2 to 78.8 F,74.8,64.6,82.9,-1.28,0,450,1,"34.25,-118.50 (35.4%); 34.00,-118.25 (23.1%); 34.00,-118.50 (22.6%); 34.25,-118.25 (10.1%); 33.75,-118.25 (6.4%); 34.25,-118.75 (2.4%)"
2017-12-05,65.66,18.7,0.0,No thermal stress,48.2 to 78.8 F,74.57,63.69,82.9,-8.91,0,450,1,"34.25,-118.50 (35.4%); 34.00,-118.25 (23.1%); 34.00,-118.50 (22.6%); 34.25,-118.25 (10.1%); 33.75,-118.25 (6.4%); 34.25,-118.75 (2.4%)"
2017-12-06,82.4,28.0,1.0,Moderate heat stress,78.8 to 89.6 F,74.53,63.97,82.78,7.87,0,450,1,"34.25,-118.50 (35.4%); 34.00,-118.25 (23.1%); 34.00,-118.50 (22.6%); 34.25,-118.25 (10.1%); 33.75,-118.25 (6.4%); 34.25,-118.75 (2.4%)"
2017-12-07,80.08,26.71,1.0,Moderate heat stress,78.8 to 89.6 F,74.43,64.42,82.69,5.65,0,450,1,"34.25,-118.50 (35.4%); 34.00,-118.25 (23.1%); 34.00,-118.50 (22.6%); 34.25,-118.25 (10.1%); 33.75,-118.25 (6.4%); 34.25,-118.75 (2.4%)"
2017-12-08,86.28,30.15,1.0,Moderate heat stress,78.8 to 89.6 F,74.29,64.61,82.56,11.99,1,450,1,"34.25,-118.50 (35.4%); 34.00,-118.25 (23.1%); 34.00,-118.50 (22.6%); 34.25,-118.25 (10.1%); 33.75,-118.25 (6.4%); 34.25,-118.75 (2.4%)"
2017-12-09,87.79,30.99,1.0,Moderate heat stress,78.8 to 89.6 F,74.05,63.97,82.44,13.74,1,450,1,"34.25,-118.50 (35.4%); 34.00,-118.25 (23.1%); 34.00,-118.50 (22.6%); 34.25,-118.25 (10.1%); 33.75,-118.25 (6.4%); 34.25,-118.75 (2.4%)"
2017-12-10,87.09,30.61,1.0,Moderate heat stress,78.8 to 89.6 F,73.87,63.69,82.67,13.22,1,450,1,"34.25,-118.50 (35.4%); 34.00,-118.25 (23.1%); 34.00,-118.50 (22.6%); 34.25,-118.25 (10.1%); 33.75,-118.25 (6.4%); 34.25,-118.75 (2.4%)"
2017-12-11,87.64,30.91,1.0,Moderate heat stress,78.8 to 89.6 F,73.6,62.9,82.77,14.04,1,450,1,"34.25,-118.50 (35.4%); 34.00,-118.25 (23.1%); 34.00,-118.50 (22.6%); 34.25,-118.25 (10.1%); 33.75,-118.25 (6.4%); 34.25,-118.75 (2.4%)"
2017-12-12,86.69,30.39,1.0,Moderate heat stress,78.8 to 89.6 F,73.38,61.29,82.92,13.31,1,450,1,"34.25,-118.50 (35.4%); 34.00,-118.25 (23.1%); 34.00,-118.50 (22.6%); 34.25,-118.25 (10.1%); 33.75,-118.25 (6.4%); 34.25,-118.75 (2.4%)"
2017-12-13,86.35,30.19,1.0,Moderate heat stress,78.8 to 89.6 F,73.32,61.62,82.88,13.03,1,450,1,"34.25,-118.50 (35.4%); 34.00,-118.25 (23.1%); 34.00,-118.50 (22.6%); 34.25,-118.25 (10.1%); 33.75,-118.25 (6.4%); 34.25,-118.75 (2.4%)"
2017-12-14,84.38,29.1,1.0,Moderate heat stress,78.8 to 89.6 F,73.29,62.86,82.88,11.09,1,450,1,"34.25,-118.50 (35.4%); 34.00,-118.25 (23.1%); 34.00,-118.50 (22.6%); 34.25,-118.25 (10.1%); 33.75,-118.25 (6.4%); 34.25,-118.75 (2.4%)"
2017-12-15,83.46,28.59,1.0,Moderate heat stress,78.8 to 89.6 F,73.15,62.77,82.61,10.31,1,450,1,"34.25,-118.50 (35.4%); 34.00,-118.25 (23.1%); 34.00,-118.50 (22.6%); 34.25,-118.25 (10.1%); 33.75,-118.25 (6.4%); 34.25,-118.75 (2.4%)"
2017-12-16,76.1,24.5,0.0,No thermal stress,48.2 to 78.8 F,73.01,62.27,82.55,3.09,0,450,1,"34.25,-118.50 (35.4%); 34.00,-118.25 (23.1%); 34.00,-118.50 (22.6%); 34.25,-118.25 (10.1%); 33.75,-118.25 (6.4%); 34.25,-118.75 (2.4%)"
2017-12-17,70.69,21.5,0.0,No thermal stress,48.2 to 78.8 F,72.87,61.29,82.36,-2.18,0,450,1,"34.25,-118.50 (35.4%); 34.00,-118.25 (23.1%); 34.00,-118.50 (22.6%); 34.25,-118.25 (10.1%); 33.75,-118.25 (6.4%); 34.25,-118.75 (2.4%)"
2017-12-18,80.28,26.82,1.0,Moderate heat stress,78.8 to 89.6 F,72.72,60.62,82.37,7.56,0,450,1,"34.25,-118.50 (35.4%); 34.00,-118.25 (23.1%); 34.00,-118.50 (22.6%); 34.25,-118.25 (10.1%); 33.75,-118.25 (6.4%); 34.25,-118.75 (2.4%)"
2017-12-19,77.17,25.1,0.0,No thermal stress,48.2 to 78.8 F,72.64,60.95,82.34,4.53,0,450,1,"34.25,-118.50 (35.4%); 34.00,-118.25 (23.1%); 34.00,-118.50 (22.6%); 34.25,-118.25 (10.1%); 33.75,-118.25 (6.4%); 34.25,-118.75 (2.4%)"
2017-12-20,70.79,21.55,0.0,No thermal stress,48.2 to 78.8 F,72.67,60.95,82.34,-1.88,0,450,1,"34.25,-118.50 (35.4%); 34.00,-118.25 (23.1%); 34.00,-118.50 (22.6%); 34.25,-118.25 (10.1%); 33.75,-118.25 (6.4%); 34.25,-118.75 (2.4%)"
2017-12-21,70.93,21.63,0.0,No thermal stress,48.2 to 78.8 F,72.53,60.95,82.37,-1.6,0,450,1,"34.25,-118.50 (35.4%); 34.00,-118.25 (23.1%); 34.00,-118.50 (22.6%); 34.25,-118.25 (10.1%); 33.75,-118.25 (6.4%); 34.25,-118.75 (2.4%)"
2017-12-22,75.37,24.09,0.0,No thermal stress,48.2 to 78.8 F,72.48,60.17,82.39,2.89,0,450,1,"34.25,-118.50 (35.4%); 34.00,-118.25 (23.1%); 34.00,-118.50 (22.6%); 34.25,-118.25 (10.1%); 33.75,-118.25 (6.4%); 34.25,-118.75 (2.4%)"
2017-12-23,76.11,24.51,0.0,No thermal stress,48.2 to 78.8 F,72.44,60.64,82.36,3.67,0,450,1,"34.25,-118.50 (35.4%); 34.00,-118.25 (23.1%); 34.00,-118.50 (22.6%); 34.25,-118.25 (10.1%); 33.75,-118.25 (6.4%); 34.25,-118.75 (2.4%)"
2017-12-24,82.37,27.98,1.0,Moderate heat stress,78.8 to 89.6 F,72.44,60.77,82.34,9.93,1,450,1,"34.25,-118.50 (35.4%); 34.00,-118.25 (23.1%); 34.00,-118.50 (22.6%); 34.25,-118.25 (10.1%); 33.75,-118.25 (6.4%); 34.25,-118.75 (2.4%)"
2017-12-25,76.78,24.88,0.0,No thermal stress,48.2 to 78.8 F,72.54,60.96,82.15,4.24,0,450,1,"34.25,-118.50 (35.4%); 34.00,-118.25 (23.1%); 34.00,-118.50 (22.6%); 34.25,-118.25 (10.1%); 33.75,-118.25 (6.4%); 34.25,-118.75 (2.4%)"
2017-12-26,75.82,24.34,0.0,No thermal stress,48.2 to 78.8 F,72.55,60.77,82.36,3.27,0,450,1,"34.25,-118.50 (35.4%); 34.00,-118.25 (23.1%); 34.00,-118.50 (22.6%); 34.25,-118.25 (10.1%); 33.75,-118.25 (6.4%); 34.25,-118.75 (2.4%)"
2017-12-27,83.8,28.78,1.0,Moderate heat stress,78.8 to 89.6 F,72.57,60.7,82.36,11.23,1,450,1,"34.25,-118.50 (35.4%); 34.00,-118.25 (23.1%); 34.00,-118.50 (22.6%); 34.25,-118.25 (10.1%); 33.75,-118.25 (6.4%); 34.25,-118.75 (2.4%)"
2017-12-28,85.23,29.57,1.0,Moderate heat stress,78.8 to 89.6 F,72.53,60.49,82.39,12.7,1,450,1,"34.25,-118.50 (35.4%); 34.00,-118.25 (23.1%); 34.00,-118.50 (22.6%); 34.25,-118.25 (10.1%); 33.75,-118.25 (6.4%); 34.25,-118.75 (2.4%)"
2017-12-29,87.68,30.93,1.0,Moderate heat stress,78.8 to 89.6 F,72.46,59.6,82.76,15.22,1,450,1,"34.25,-118.50 (35.4%); 34.00,-118.25 (23.1%); 34.00,-118.50 (22.6%); 34.25,-118.25 (10.1%); 33.75,-118.25 (6.4%); 34.25,-118.75 (2.4%)"
2017-12-30,82.36,27.98,1.0,Moderate heat stress,78.8 to 89.6 F,72.63,59.64,82.92,9.73,0,450,1,"34.25,-118.50 (35.4%); 34.00,-118.25 (23.1%); 34.00,-118.50 (22.6%); 34.25,-118.25 (10.1%); 33.75,-118.25 (6.4%); 34.25,-118.75 (2.4%)"
2017-12-31,77.15,25.08,0.0,No thermal stress,48.2 to 78.8 F,72.59,59.51,83.13,4.56,0,450,1,"34.25,-118.50 (35.4%); 34.00,-118.25 (23.1%); 34.00,-118.50 (22.6%); 34.25,-118.25 (10.1%); 33.75,-118.25 (6.4%); 34.25,-118.75 (2.4%)"
2018-01-01,82.58,28.1,1.0,Moderate heat stress,78.8 to 89.6 F,72.59,59.05,83.16,9.99,0,450,1,"34.25,-118.50 (35.4%); 34.00,-118.25 (23.1%); 34.00,-118.50 (22.6%); 34.25,-118.25 (10.1%); 33.75,-118.25 (6.4%); 34.25,-118.75 (2.4%)"
2018-01-02,84.21,29.0,1.0,Moderate heat stress,78.8 to 89.6 F,72.55,59.05,83.02,11.66,1,450,1,"34.25,-118.50 (35.4%); 34.00,-118.25 (23.1%); 34.00,-118.50 (22.6%); 34.25,-118.25 (10.1%); 33.75,-118.25 (6.4%); 34.25,-118.75 (2.4%)"
2018-01-03,82.33,27.96,1.0,Moderate heat stress,78.8 to 89.6 F,72.6,58.43,83.16,9.73,0,450,1,"34.25,-118.50 (35.4%); 34.00,-118.25 (23.1%); 34.00,-118.50 (22.6%); 34.25,-118.25 (10.1%); 33.75,-118.25 (6.4%); 34.25,-118.75 (2.4%)"
2018-01-04,79.84,26.58,1.0,Moderate heat stress,78.8 to 89.6 F,72.65,58.45,83.22,7.19,0,450,1,"34.25,-118.50 (35.4%); 34.00,-118.25 (23.1%); 34.00,-118.50 (22.6%); 34.25,-118.25 (10.1%); 33.75,-118.25 (6.4%); 34.25,-118.75 (2.4%)"
2018-01-05,83.29,28.49,1.0,Moderate heat stress,78.8 to 89.6 F,72.71,58.14,83.16,10.58,1,450,1,"34.25,-118.50 (35.4%); 34.00,-118.25 (23.1%); 34.00,-118.50 (22.6%); 34.25,-118.25 (10.1%); 33.75,-118.25 (6.4%); 34.25,-118.75 (2.4%)"
2018-01-06,78.33,25.74,0.0,No thermal stress,48.2 to 78.8 F,72.95,58.4,83.57,5.38,0,450,1,"34.25,-118.50 (35.4%); 34.00,-118.25 (23.1%); 34.00,-118.50 (22.6%); 34.25,-118.25 (10.1%); 33.75,-118.25 (6.4%); 34.25,-118.75 (2.4%)"
2018-01-07,84.5,29.17,1.0,Moderate heat stress,78.8 to 89.6 F,73.12,58.15,83.84,11.38,1,450,1,"34.25,-118.50 (35.4%); 34.00,-118.25 (23.1%); 34.00,-118.50 (22.6%); 34.25,-118.25 (10.1%); 33.75,-118.25 (6.4%); 34.25,-118.75 (2.4%)"
2018-01-08,64.53,18.07,0.0,No thermal stress,48.2 to 78.8 F,73.15,57.71,84.08,-8.62,0,450,1,"34.25,-118.50 (35.4%); 34.00,-118.25 (23.1%); 34.00,-118.50 (22.6%); 34.25,-118.25 (10.1%); 33.75,-118.25 (6.4%); 34.25,-118.75 (2.4%)"
2018-01-09,58.55,14.75,0.0,No thermal stress,48.2 to 78.8 F,73.17,57.56,84.23,-14.62,0,450,1,"34.25,-118.50 (35.4%); 34.00,-118.25 (23.1%); 34.00,-118.50 (22.6%); 34.25,-118.25 (10.1%); 33.75,-118.25 (6.4%); 34.25,-118.75 (2.4%)"
2018-01-10,75.39,24.11,0.0,No thermal stress,48.2 to 78.8 F,73.42,57.8,84.26,1.97,0,450,1,"34.25,-118.50 (35.4%); 34.00,-118.25 (23.1%); 34.00,-118.50 (22.6%); 34.25,-118.25 (10.1%); 33.75,-118.25 (6.4%); 34.25,-118.75 (2.4%)"
2018-01-11,80.91,27.17,1.0,Moderate heat stress,78.8 to 89.6 F,73.64,58.54,84.31,7.27,0,450,1,"34.25,-118.50 (35.4%); 34.00,-118.25 (23.1%); 34.00,-118.50 (22.6%); 34.25,-118.25 (10.1%); 33.75,-118.25 (6.4%); 34.25,-118.75 (2.4%)"
2018-01-12,82.2,27.89,1.0,Moderate heat stress,78.8 to 89.6 F,73.72,58.84,84.43,8.48,0,450,1,"34.25,-118.50 (35.4%); 34.00,-118.25 (23.1%); 34.00,-118.50 (22.6%); 34.25,-118.25 (10.1%); 33.75,-118.25 (6.4%); 34.25,-118.75 (2.4%)"
2018-01-13,85.8,29.89,1.0,Moderate heat stress,78.8 to 89.6 F,73.83,59.77,84.47,11.97,1,450,1,"34.25,-118.50 (35.4%); 34.00,-118.25 (23.1%); 34.00,-118.50 (22.6%); 34.25,-118.25 (10.1%); 33.75,-118.25 (6.4%); 34.25,-118.75 (2.4%)"
2018-01-14,85.59,29.77,1.0,Moderate heat stress,78.8 to 89.6 F,73.78,59.79,84.43,11.81,1,450,1,"34.25,-118.50 (35.4%); 34.00,-118.25 (23.1%); 34.00,-118.50 (22.6%); 34.25,-118.25 (10.1%); 33.75,-118.25 (6.4%); 34.25,-118.75 (2.4%)"
2018-01-15,79.62,26.46,1.0,Moderate heat stress,78.8 to 89.6 F,73.83,59.79,84.11,5.79,0,450,1,"34.25,-118.50 (35.4%); 34.00,-118.25 (23.1%); 34.00,-118.50 (22.6%); 34.25,-118.25 (10.1%); 33.75,-118.25 (6.4%); 34.25,-118.75 (2.4%)"
2018-01-16,80.9,27.17,1.0,Moderate heat stress,78.8 to 89.6 F,73.77,59.79,84.05,7.13,0,450,1,"34.25,-118.50 (35.4%); 34.00,-118.25 (23.1%); 34.00,-118.50 (22.6%); 34.25,-118.25 (10.1%); 33.75,-118.25 (6.4%); 34.25,-118.75 (2.4%)"
2018-01-17,83.95,28.86,1.0,Moderate heat stress,78.8 to 89.6 F,73.91,60.07,84.05,10.04,0,450,1,"34.25,-118.50 (35.4%); 34.00,-118.25 (23.1%); 34.00,-118.50 (22.6%); 34.25,-118.25 (10.1%); 33.75,-118.25 (6.4%); 34.25,-118.75 (2.4%)"
2018-01-18,81.04,27.25,1.0,Moderate heat stress,78.8 to 89.6 F,73.96,60.23,84.12,7.08,0,450,1,"34.25,-118.50 (35.4%); 34.00,-118.25 (23.1%); 34.00,-118.50 (22.6%); 34.25,-118.25 (10.1%); 33.75,-118.25 (6.4%); 34.25,-118.75 (2.4%)"
2018-01-19,70.3,21.28,0.0,No thermal stress,48.2 to 78.8 F,74.03,60.55,83.96,-3.73,0,450,1,"34.25,-118.50 (35.4%); 34.00,-118.25 (23.1%); 34.00,-118.50 (22.6%); 34.25,-118.25 (10.1%); 33.75,-118.25 (6.4%); 34.25,-118.75 (2.4%)"
2018-01-20,60.33,15.74,0.0,No thermal stress,48.2 to 78.8 F,74.06,60.98,83.82,-13.73,0,450,1,"34.25,-118.50 (35.4%); 34.00,-118.25 (23.1%); 34.00,-118.50 (22.6%); 34.25,-118.25 (10.1%); 33.75,-118.25 (6.4%); 34.25,-118.75 (2.4%)"
2018-01-21,73.45,23.03,0.0,No thermal stress,48.2 to 78.8 F,74.02,60.98,83.47,-0.57,0,450,1,"34.25,-118.50 (35.4%); 34.00,-118.25 (23.1%); 34.00,-118.50 (22.6%); 34.25,-118.25 (10.1%); 33.75,-118.25 (6.4%); 34.25,-118.75 (2.4%)"
2018-01-22,76.09,24.5,0.0,No thermal stress,48.2 to 78.8 F,74.04,61.34,83.43,2.05,0,450,1,"34.25,-118.50 (35.4%); 34.00,-118.25 (23.1%); 34.00,-118.50 (22.6%); 34.25,-118.25 (10.1%); 33.75,-118.25 (6.4%); 34.25,-118.75 (2.4%)"
2018-01-23,82.7,28.17,1.0,Moderate heat stress,78.8 to 89.6 F,74.19,62.04,83.57,8.51,0,450,1,"34.25,-118.50 (35.4%); 34.00,-118.25 (23.1%); 34.00,-118.50 (22.6%); 34.25,-118.25 (10.1%); 33.75,-118.25 (6.4%); 34.25,-118.75 (2.4%)"
2018-01-24,81.6,27.56,1.0,Moderate heat stress,78.8 to 89.6 F,74.16,61.34,83.57,7.44,0,450,1,"34.25,-118.50 (35.4%); 34.00,-118.25 (23.1%); 34.00,-118.50 (22.6%); 34.25,-118.25 (10.1%); 33.75,-118.25 (6.4%); 34.25,-118.75 (2.4%)"
2018-01-25,69.03,20.57,0.0,No thermal stress,48.2 to 78.8 F,74.2,62.04,83.45,-5.17,0,450,1,"34.25,-118.50 (35.4%); 34.00,-118.25 (23.1%); 34.00,-118.50 (22.6%); 34.25,-118.25 (10.1%); 33.75,-118.25 (6.4%); 34.25,-118.75 (2.4%)"
2018-01-26,77.31,25.17,0.0,No thermal stress,48.2 to 78.8 F,74.16,62.04,83.43,3.15,0,450,1,"34.25,-118.50 (35.4%); 34.00,-118.25 (23.1%); 34.00,-118.50 (22.6%); 34.25,-118.25 (10.1%); 33.75,-118.25 (6.4%); 34.25,-118.75 (2.4%)"
2018-01-27,79.92,26.62,1.0,Moderate heat stress,78.8 to 89.6 F,74.13,61.05,83.43,5.79,0,450,1,"34.25,-118.50 (35.4%); 34.00,-118.25 (23.1%); 34.00,-118.50 (22.6%); 34.25,-118.25 (10.1%); 33.75,-118.25 (6.4%); 34.25,-118.75 (2.4%)"
2018-01-28,88.54,31.41,1.0,Moderate heat stress,78.8 to 89.6 F,74.29,62.33,83.45,14.25,1,450,1,"34.25,-118.50 (35.4%); 34.00,-118.25 (23.1%); 34.00,-118.50 (22.6%); 34.25,-118.25 (10.1%); 33.75,-118.25 (6.4%); 34.25,-118.75 (2.4%)"
2018-01-29,91.79,33.22,2.0,Strong heat stress,89.6 to 100.4 F,74.5,62.77,83.76,17.29,1,450,1,"34.25,-118.50 (35.4%); 34.00,-118.25 (23.1%); 34.00,-118.50 (22.6%); 34.25,-118.25 (10.1%); 33.75,-118.25 (6.4%); 34.25,-118.75 (2.4%)"
2018-01-30,86.99,30.55,1.0,Moderate heat stress,78.8 to 89.6 F,74.54,62.6,83.82,12.45,1,450,1,"34.25,-118.50 (35.4%); 34.00,-118.25 (23.1%); 34.00,-118.50 (22.6%); 34.25,-118.25 (10.1%); 33.75,-118.25 (6.4%); 34.25,-118.75 (2.4%)"
2018-01-31,84.63,29.24,1.0,Moderate heat stress,78.8 to 89.6 F,74.56,62.48,84.29,10.07,1,450,1,"34.25,-118.50 (35.4%); 34.00,-118.25 (23.1%); 34.00,-118.50 (22.6%); 34.25,-118.25 (10.1%); 33.75,-118.25 (6.4%); 34.25,-118.75 (2.4%)"
2018-02-01,86.14,30.08,1.0,Moderate heat stress,78.8 to 89.6 F,74.66,62.51,84.85,11.48,1,450,1,"34.25,-118.50 (35.4%); 34.00,-118.25 (23.1%); 34.00,-118.50 (22.6%); 34.25,-118.25 (10.1%); 33.75,-118.25 (6.4%); 34.25,-118.75 (2.4%)"
2018-02-02,88.17,31.2,1.0,Moderate heat stress,78.8 to 89.6 F,74.68,62.25,85.08,13.49,1,450,1,"34.25,-118.50 (35.4%); 34.00,-118.25 (23.1%); 34.00,-118.50 (22.6%); 34.25,-118.25 (10.1%); 33.75,-118.25 (6.4%); 34.25,-118.75 (2.4%)"
2018-02-03,85.74,29.85,1.0,Moderate heat stress,78.8 to 89.6 F,74.64,61.28,85.19,11.1,1,450,1,"34.25,-118.50 (35.4%); 34.00,-118.25 (23.1%); 34.00,-118.50 (22.6%); 34.25,-118.25 (10.1%); 33.75,-118.25 (6.4%); 34.25,-118.75 (2.4%)"
2018-02-04,87.49,30.83,1.0,Moderate heat stress,78.8 to 89.6 F,74.64,61.06,85.67,12.85,1,450,1,"34.25,-118.50 (35.4%); 34.00,-118.25 (23.1%); 34.00,-118.50 (22.6%); 34.25,-118.25 (10.1%); 33.75,-118.25 (6.4%); 34.25,-118.75 (2.4%)"
2018-02-05,85.57,29.76,1.0,Moderate heat stress,78.8 to 89.6 F,74.63,61.06,85.85,10.94,0,450,1,"34.25,-118.50 (35.4%); 34.00,-118.25 (23.1%); 34.00,-118.50 (22.6%); 34.25,-118.25 (10.1%); 33.75,-118.25 (6.4%); 34.25,-118.75 (2.4%)"
2018-02-06,83.25,28.47,1.0,Moderate heat stress,78.8 to 89.6 F,74.5,60.42,85.88,8.75,0,450,1,"34.25,-118.50 (35.4%); 34.00,-118.25 (23.1%); 34.00,-118.50 (22.6%); 34.25,-118.25 (10.1%); 33.75,-118.25 (6.4%); 34.25,-118.75 (2.4%)"
2018-02-07,87.42,30.79,1.0,Moderate heat stress,78.8 to 89.6 F,74.47,60.65,85.94,12.95,1,450,1,"34.25,-118.50 (35.4%); 34.00,-118.25 (23.1%); 34.00,-118.50 (22.6%); 34.25,-118.25 (10.1%); 33.75,-118.25 (6.4%); 34.25,-118.75 (2.4%)"
2018-02-08,88.04,31.13,1.0,Moderate heat stress,78.8 to 89.6 F,74.55,60.87,85.88,13.49,1,450,1,"34.25,-118.50 (35.4%); 34.00,-118.25 (23.1%); 34.00,-118.50 (22.6%); 34.25,-118.25 (10.1%); 33.75,-118.25 (6.4%); 34.25,-118.75 (2.4%)"
2018-02-09,81.65,27.59,1.0,Moderate heat stress,78.8 to 89.6 F,74.42,60.37,85.94,7.23,0,450,1,"34.25,-118.50 (35.4%); 34.00,-118.25 (23.1%); 34.00,-118.50 (22.6%); 34.25,-118.25 (10.1%); 33.75,-118.25 (6.4%); 34.25,-118.75 (2.4%)"
2018-02-10,74.06,23.36,0.0,No thermal stress,48.2 to 78.8 F,74.25,60.15,85.85,-0.19,0,450,1,"34.25,-118.50 (35.4%); 34.00,-118.25 (23.1%); 34.00,-118.50 (22.6%); 34.25,-118.25 (10.1%); 33.75,-118.25 (6.4%); 34.25,-118.75 (2.4%)"
2018-02-11,80.09,26.72,1.0,Moderate heat stress,78.8 to 89.6 F,74.17,60.37,85.71,5.92,0,450,1,"34.25,-118.50 (35.4%); 34.00,-118.25 (23.1%); 34.00,-118.50 (22.6%); 34.25,-118.25 (10.1%); 33.75,-118.25 (6.4%); 34.25,-118.75 (2.4%)"
2018-02-12,66.78,19.32,0.0,No thermal stress,48.2 to 78.8 F,73.89,60.08,85.58,-7.11,0,450,1,"34.25,-118.50 (35.4%); 34.00,-118.25 (23.1%); 34.00,-118.50 (22.6%); 34.25,-118.25 (10.1%); 33.75,-118.25 (6.4%); 34.25,-118.75 (2.4%)"
2018-02-13,64.85,18.25,0.0,No thermal stress,48.2 to 78.8 F,73.61,59.32,85.58,-8.76,0,450,1,"34.25,-118.50 (35.4%); 34.00,-118.25 (23.1%); 34.00,-118.50 (22.6%); 34.25,-118.25 (10.1%); 33.75,-118.25 (6.4%); 34.25,-118.75 (2.4%)"
2018-02-14,75.84,24.36,0.0,No thermal stress,48.2 to 78.8 F,73.59,59.66,85.62,2.25,0,450,1,"34.25,-118.50 (35.4%); 34.00,-118.25 (23.1%); 34.00,-118.50 (22.6%); 34.25,-118.25 (10.1%); 33.75,-118.25 (6.4%); 34.25,-118.75 (2.4%)"
2018-02-15,81.3,27.39,1.0,Moderate heat stress,78.8 to 89.6 F,73.6,59.16,85.57,7.7,0,450,1,"34.25,-118.50 (35.4%); 34.00,-118.25 (23.1%); 34.00,-118.50 (22.6%); 34.25,-118.25 (10.1%); 33.75,-118.25 (6.4%); 34.25,-118.75 (2.4%)"
2018-02-16,82.45,28.03,1.0,Moderate heat stress,78.8 to 89.6 F,73.36,59.08,85.43,9.09,0,450,1,"34.25,-118.50 (35.4%); 34.00,-118.25 (23.1%); 34.00,-118.50 (22.6%); 34.25,-118.25 (10.1%); 33.75,-118.25 (6.4%); 34.25,-118.75 (2.4%)"
2018-02-17,80.98,27.21,1.0,Moderate heat stress,78.8 to 89.6 F,73.38,59.64,85.13,7.6,0,450,1,"34.25,-118.50 (35.4%); 34.00,-118.25 (23.1%); 34.00,-118.50 (22.6%); 34.25,-118.25 (10.1%); 33.75,-118.25 (6.4%); 34.25,-118.75 (2.4%)"
2018-02-18,74.94,23.86,0.0,No thermal stress,48.2 to 78.8 F,73.4,59.84,85.22,1.54,0,450,1,"34.25,-118.50 (35.4%); 34.00,-118.25 (23.1%); 34.00,-118.50 (22.6%); 34.25,-118.25 (10.1%); 33.75,-118.25 (6.4%); 34.25,-118.75 (2.4%)"
2018-02-19,58.22,14.57,0.0,No thermal stress,48.2 to 78.8 F,73.41,60.04,85.29,-15.19,0,450,1,"34.25,-118.50 (35.4%); 34.00,-118.25 (23.1%); 34.00,-118.50 (22.6%); 34.25,-118.25 (10.1%); 33.75,-118.25 (6.4%); 34.25,-118.75 (2.4%)"
2018-02-20,72.34,22.41,0.0,No thermal stress,48.2 to 78.8 F,73.12,59.84,84.85,-0.78,0,450,1,"34.25,-118.50 (35.4%); 34.00,-118.25 (23.1%); 34.00,-118.50 (22.6%); 34.25,-118.25 (10.1%); 33.75,-118.25 (6.4%); 34.25,-118.75 (2.4%)"
2018-02-21,74.14,23.41,0.0,No thermal stress,48.2 to 78.8 F,73.12,60.13,84.89,1.02,0,458,1,"34.25,-118.50 (35.4%); 34.00,-118.25 (23.1%); 34.00,-118.50 (22.6%); 34.25,-118.25 (10.1%); 33.75,-118.25 (6.4%); 34.25,-118.75 (2.4%)"
2018-02-22,66.33,19.07,0.0,No thermal stress,48.2 to 78.8 F,73.11,60.13,84.79,-6.78,0,458,1,"34.25,-118.50 (35.4%); 34.00,-118.25 (23.1%); 34.00,-118.50 (22.6%); 34.25,-118.25 (10.1%); 33.75,-118.25 (6.4%); 34.25,-118.75 (2.4%)"
2018-02-23,58.31,14.62,0.0,No thermal stress,48.2 to 78.8 F,72.99,60.01,84.39,-14.68,0,458,1,"34.25,-118.50 (35.4%); 34.00,-118.25 (23.1%); 34.00,-118.50 (22.6%); 34.25,-118.25 (10.1%); 33.75,-118.25 (6.4%); 34.25,-118.75 (2.4%)"
2018-02-24,72.63,22.57,0.0,No thermal stress,48.2 to 78.8 F,73.02,60.22,84.16,-0.39,0,458,1,"34.25,-118.50 (35.4%); 34.00,-118.25 (23.1%); 34.00,-118.50 (22.6%); 34.25,-118.25 (10.1%); 33.75,-118.25 (6.4%); 34.25,-118.75 (2.4%)"
2018-02-25,79.03,26.13,1.0,Moderate heat stress,78.8 to 89.6 F,73.13,60.25,84.44,5.9,0,458,1,"34.25,-118.50 (35.4%); 34.00,-118.25 (23.1%); 34.00,-118.50 (22.6%); 34.25,-118.25 (10.1%); 33.75,-118.25 (6.4%); 34.25,-118.75 (2.4%)"
2018-02-26,68.03,20.02,0.0,No thermal stress,48.2 to 78.8 F,73.24,60.23,84.7,-5.21,0,458,1,"34.25,-118.50 (35.4%); 34.00,-118.25 (23.1%); 34.00,-118.50 (22.6%); 34.25,-118.25 (10.1%); 33.75,-118.25 (6.4%); 34.25,-118.75 (2.4%)"
2018-02-27,68.21,20.12,0.0,No thermal stress,48.2 to 78.8 F,73.37,60.25,84.77,-5.16,0,458,1,"34.25,-118.50 (35.4%); 34.00,-118.25 (23.1%); 34.00,-118.50 (22.6%); 34.25,-118.25 (10.1%); 33.75,-118.25 (6.4%); 34.25,-118.75 (2.4%)"
2018-02-28,68.65,20.36,0.0,No thermal stress,48.2 to 78.8 F,73.66,61.46,84.89,-5.01,0,458,1,"34.25,-118.50 (35.4%); 34.00,-118.25 (23.1%); 34.00,-118.50 (22.6%); 34.25,-118.25 (10.1%); 33.75,-118.25 (6.4%); 34.25,-118.75 (2.4%)"
2018-03-01,72.26,22.37,0.0,No thermal stress,48.2 to 78.8 F,73.88,61.73,85.12,-1.62,0,458,1,"34.25,-118.50 (35.4%); 34.00,-118.25 (23.1%); 34.00,-118.50 (22.6%); 34.25,-118.25 (10.1%); 33.75,-118.25 (6.4%); 34.25,-118.75 (2.4%)"
2018-03-02,53.17,11.76,0.0,No thermal stress,48.2 to 78.8 F,74.25,62.2,85.7,-21.08,0,458,1,"34.25,-118.50 (35.4%); 34.00,-118.25 (23.1%); 34.00,-118.50 (22.6%); 34.25,-118.25 (10.1%); 33.75,-118.25 (6.4%); 34.25,-118.75 (2.4%)"
2018-03-03,60.24,15.69,0.0,No thermal stress,48.2 to 78.8 F,74.61,62.73,85.83,-14.37,0,458,1,"34.25,-118.50 (35.4%); 34.00,-118.25 (23.1%); 34.00,-118.50 (22.6%); 34.25,-118.25 (10.1%); 33.75,-118.25 (6.4%); 34.25,-118.75 (2.4%)"
2018-03-04,70.19,21.22,0.0,No thermal stress,48.2 to 78.8 F,74.89,62.89,86.12,-4.7,0,458,1,"34.25,-118.50 (35.4%); 34.00,-118.25 (23.1%); 34.00,-118.50 (22.6%); 34.25,-118.25 (10.1%); 33.75,-118.25 (6.4%); 34.25,-118.75 (2.4%)"
2018-03-05,81.03,27.24,1.0,Moderate heat stress,78.8 to 89.6 F,75.26,63.01,86.29,5.77,0,458,1,"34.25,-118.50 (35.4%); 34.00,-118.25 (23.1%); 34.00,-118.50 (22.6%); 34.25,-118.25 (10.1%); 33.75,-118.25 (6.4%); 34.25,-118.75 (2.4%)"
2018-03-06,83.66,28.7,1.0,Moderate heat stress,78.8 to 89.6 F,75.55,63.11,86.36,8.11,0,458,1,"34.25,-118.50 (35.4%); 34.00,-118.25 (23.1%); 34.00,-118.50 (22.6%); 34.25,-118.25 (10.1%); 33.75,-118.25 (6.4%); 34.25,-118.75 (2.4%)"
2018-03-07,82.55,28.08,1.0,Moderate heat stress,78.8 to 89.6 F,76.02,64.24,86.52,6.53,0,458,1,"34.25,-118.50 (35.4%); 34.00,-118.25 (23.1%); 34.00,-118.50 (22.6%); 34.25,-118.25 (10.1%); 33.75,-118.25 (6.4%); 34.25,-118.75 (2.4%)"
2018-03-08,81.97,27.76,1.0,Moderate heat stress,78.8 to 89.6 F,76.29,64.29,87.01,5.68,0,450,1,"34.25,-118.50 (35.4%); 34.00,-118.25 (23.1%); 34.00,-118.50 (22.6%); 34.25,-118.25 (10.1%); 33.75,-118.25 (6.4%); 34.25,-118.75 (2.4%)"
2018-03-09,80.65,27.03,1.0,Moderate heat stress,78.8 to 89.6 F,76.5,64.29,87.23,4.15,0,450,1,"34.25,-118.50 (35.4%); 34.00,-118.25 (23.1%); 34.00,-118.50 (22.6%); 34.25,-118.25 (10.1%); 33.75,-118.25 (6.4%); 34.25,-118.75 (2.4%)"
2018-03-10,64.29,17.94,0.0,No thermal stress,48.2 to 78.8 F,76.71,64.98,87.23,-12.42,0,450,1,"34.25,-118.50 (35.4%); 34.00,-118.25 (23.1%); 34.00,-118.50 (22.6%); 34.25,-118.25 (10.1%); 33.75,-118.25 (6.4%); 34.25,-118.75 (2.4%)"
2018-03-11,73.68,23.15,0.0,No thermal stress,48.2 to 78.8 F,76.88,65.48,87.29,-3.2,0,450,1,"34.25,-118.50 (35.4%); 34.00,-118.25 (23.1%); 34.00,-118.50 (22.6%); 34.25,-118.25 (10.1%); 33.75,-118.25 (6.4%); 34.25,-118.75 (2.4%)"
2018-03-12,84.17,28.98,1.0,Moderate heat stress,78.8 to 89.6 F,77.04,65.61,87.4,7.13,0,450,1,"34.25,-118.50 (35.4%); 34.00,-118.25 (23.1%); 34.00,-118.50 (22.6%); 34.25,-118.25 (10.1%); 33.75,-118.25 (6.4%); 34.25,-118.75 (2.4%)"
2018-03-13,81.37,27.43,1.0,Moderate heat stress,78.8 to 89.6 F,77.05,65.66,87.4,4.32,0,450,1,"34.25,-118.50 (35.4%); 34.00,-118.25 (23.1%); 34.00,-118.50 (22.6%); 34.25,-118.25 (10.1%); 33.75,-118.25 (6.4%); 34.25,-118.75 (2.4%)"
2018-03-14,66.98,19.44,0.0,No thermal stress,48.2 to 78.8 F,77.2,66.2,87.24,-10.22,0,450,1,"34.25,-118.50 (35.4%); 34.00,-118.25 (23.1%); 34.00,-118.50 (22.6%); 34.25,-118.25 (10.1%); 33.75,-118.25 (6.4%); 34.25,-118.75 (2.4%)"
2018-03-15,71.57,21.99,0.0,No thermal stress,48.2 to 78.8 F,77.13,66.47,87.16,-5.56,0,450,1,"34.25,-118.50 (35.4%); 34.00,-118.25 (23.1%); 34.00,-118.50 (22.6%); 34.25,-118.25 (10.1%); 33.75,-118.25 (6.4%); 34.25,-118.75 (2.4%)"
2018-03-16,68.81,20.45,0.0,No thermal stress,48.2 to 78.8 F,76.96,66.2,87.01,-8.15,0,450,1,"34.25,-118.50 (35.4%); 34.00,-118.25 (23.1%); 34.00,-118.50 (22.6%); 34.25,-118.25 (10.1%); 33.75,-118.25 (6.4%); 34.25,-118.75 (2.4%)"
2018-03-17,66.11,18.95,0.0,No thermal stress,48.2 to 78.8 F,76.79,66.1,86.42,-10.68,0,450,1,"34.25,-118.50 (35.4%); 34.00,-118.25 (23.1%); 34.00,-118.50 (22.6%); 34.25,-118.25 (10.1%); 33.75,-118.25 (6.4%); 34.25,-118.75 (2.4%)"
2018-03-18,71.65,22.03,0.0,No thermal stress,48.2 to 78.8 F,76.54,65.69,86.25,-4.89,0,450,1,"34.25,-118.50 (35.4%); 34.00,-118.25 (23.1%); 34.00,-118.50 (22.6%); 34.25,-118.25 (10.1%); 33.75,-118.25 (6.4%); 34.25,-118.75 (2.4%)"
2018-03-19,77.83,25.46,0.0,No thermal stress,48.2 to 78.8 F,76.41,65.67,85.73,1.42,0,450,1,"34.25,-118.50 (35.4%); 34.00,-118.25 (23.1%); 34.00,-118.50 (22.6%); 34.25,-118.25 (10.1%); 33.75,-118.25 (6.4%); 34.25,-118.75 (2.4%)"
2018-03-20,79.9,26.61,1.0,Moderate heat stress,78.8 to 89.6 F,76.15,65.6,85.51,3.75,0,450,1,"34.25,-118.50 (35.4%); 34.00,-118.25 (23.1%); 34.00,-118.50 (22.6%); 34.25,-118.25 (10.1%); 33.75,-118.25 (6.4%); 34.25,-118.75 (2.4%)"
2018-03-21,69.73,20.96,0.0,No thermal stress,48.2 to 78.8 F,75.92,65.34,85.38,-6.19,0,450,1,"34.25,-118.50 (35.4%); 34.00,-118.25 (23.1%); 34.00,-118.50 (22.6%); 34.25,-118.25 (10.1%); 33.75,-118.25 (6.4%); 34.25,-118.75 (2.4%)"
2018-03-22,60.31,15.73,0.0,No thermal stress,48.2 to 78.8 F,75.93,65.39,85.36,-15.62,0,450,1,"34.25,-118.50 (35.4%); 34.00,-118.25 (23.1%); 34.00,-118.50 (22.6%); 34.25,-118.25 (10.1%); 33.75,-118.25 (6.4%); 34.25,-118.75 (2.4%)"
2018-03-23,74.08,23.38,0.0,No thermal stress,48.2 to 78.8 F,76.09,65.69,85.38,-2.01,0,450,1,"34.25,-118.50 (35.4%); 34.00,-118.25 (23.1%); 34.00,-118.50 (22.6%); 34.25,-118.25 (10.1%); 33.75,-118.25 (6.4%); 34.25,-118.75 (2.4%)"
2018-03-24,70.63,21.46,0.0,No thermal stress,48.2 to 78.8 F,76.09,65.79,85.26,-5.46,0,450,1,"34.25,-118.50 (35.4%); 34.00,-118.25 (23.1%); 34.00,-118.50 (22.6%); 34.25,-118.25 (10.1%); 33.75,-118.25 (6.4%); 34.25,-118.75 (2.4%)"
2018-03-25,70.02,21.12,0.0,No thermal stress,48.2 to 78.8 F,76.04,65.69,85.13,-6.02,0,450,1,"34.25,-118.50 (35.4%); 34.00,-118.25 (23.1%); 34.00,-118.50 (22.6%); 34.25,-118.25 (10.1%); 33.75,-118.25 (6.4%); 34.25,-118.75 (2.4%)"
2018-03-26,72.54,22.52,0.0,No thermal stress,48.2 to 78.8 F,76.01,65.69,84.88,-3.47,0,450,1,"34.25,-118.50 (35.4%); 34.00,-118.25 (23.1%); 34.00,-118.50 (22.6%); 34.25,-118.25 (10.1%); 33.75,-118.25 (6.4%); 34.25,-118.75 (2.4%)"
2018-03-27,78.31,25.73,0.0,No thermal stress,48.2 to 78.8 F,76.01,65.69,85.23,2.3,0,450,1,"34.25,-118.50 (35.4%); 34.00,-118.25 (23.1%); 34.00,-118.50 (22.6%); 34.25,-118.25 (10.1%); 33.75,-118.25 (6.4%); 34.25,-118.75 (2.4%)"
2018-03-28,80.02,26.68,1.0,Moderate heat stress,78.8 to 89.6 F,76.14,65.79,84.93,3.88,0,450,1,"34.25,-118.50 (35.4%); 34.00,-118.25 (23.1%); 34.00,-118.50 (22.6%); 34.25,-118.25 (10.1%); 33.75,-118.25 (6.4%); 34.25,-118.75 (2.4%)"
2018-03-29,82.02,27.79,1.0,Moderate heat stress,78.8 to 89.6 F,76.18,65.67,85.02,5.84,0,450,1,"34.25,-118.50 (35.4%); 34.00,-118.25 (23.1%); 34.00,-118.50 (22.6%); 34.25,-118.25 (10.1%); 33.75,-118.25 (6.4%); 34.25,-118.75 (2.4%)"
2018-03-30,85.25,29.58,1.0,Moderate heat stress,78.8 to 89.6 F,76.36,65.67,85.36,8.89,0,450,1,"34.25,-118.50 (35.4%); 34.00,-118.25 (23.1%); 34.00,-118.50 (22.6%); 34.25,-118.25 (10.1%); 33.75,-118.25 (6.4%); 34.25,-118.75 (2.4%)"
2018-03-31,83.71,28.73,1.0,Moderate heat stress,78.8 to 89.6 F,76.55,66.06,85.47,7.16,0,450,1,"34.25,-118.50 (35.4%); 34.00,-118.25 (23.1%); 34.00,-118.50 (22.6%); 34.25,-118.25 (10.1%); 33.75,-118.25 (6.4%); 34.25,-118.75 (2.4%)"
2018-04-01,80.97,27.21,1.0,Moderate heat stress,78.8 to 89.6 F,76.59,66.04,85.57,4.38,0,450,1,"34.25,-118.50 (35.4%); 34.00,-118.25 (23.1%); 34.00,-118.50 (22.6%); 34.25,-118.25 (10.1%); 33.75,-118.25 (6.4%); 34.25,-118.75 (2.4%)"
2018-04-02,77.8,25.44,0.0,No thermal stress,48.2 to 78.8 F,76.75,66.28,85.95,1.05,0,450,1,"34.25,-118.50 (35.4%); 34.00,-118.25 (23.1%); 34.00,-118.50 (22.6%); 34.25,-118.25 (10.1%); 33.75,-118.25 (6.4%); 34.25,-118.75 (2.4%)"
2018-04-03,80.75,27.08,1.0,Moderate heat stress,78.8 to 89.6 F,76.9,66.5,85.98,3.85,0,450,1,"34.25,-118.50 (35.4%); 34.00,-118.25 (23.1%); 34.00,-118.50 (22.6%); 34.25,-118.25 (10.1%); 33.75,-118.25 (6.4%); 34.25,-118.75 (2.4%)"
2018-04-04,78.65,25.92,0.0,No thermal stress,48.2 to 78.8 F,77.01,66.5,85.98,1.64,0,450,1,"34.25,-118.50 (35.4%); 34.00,-118.25 (23.1%); 34.00,-118.50 (22.6%); 34.25,-118.25 (10.1%); 33.75,-118.25 (6.4%); 34.25,-118.75 (2.4%)"
2018-04-05,79.42,26.34,1.0,Moderate heat stress,78.8 to 89.6 F,77.16,66.85,85.98,2.26,0,450,1,"34.25,-118.50 (35.4%); 34.00,-118.25 (23.1%); 34.00,-118.50 (22.6%); 34.25,-118.25 (10.1%); 33.75,-118.25 (6.4%); 34.25,-118.75 (2.4%)"
2018-04-06,78.69,25.94,0.0,No thermal stress,48.2 to 78.8 F,77.17,66.73,86.04,1.52,0,450,1,"34.25,-118.50 (35.4%); 34.00,-118.25 (23.1%); 34.00,-118.50 (22.6%); 34.25,-118.25 (10.1%); 33.75,-118.25 (6.4%); 34.25,-118.75 (2.4%)"
2018-04-07,82.4,28.0,1.0,Moderate heat stress,78.8 to 89.6 F,77.03,66.45,86.18,5.37,0,450,1,"34.25,-118.50 (35.4%); 34.00,-118.25 (23.1%); 34.00,-118.50 (22.6%); 34.25,-118.25 (10.1%); 33.75,-118.25 (6.4%); 34.25,-118.75 (2.4%)"
2018-04-08,82.86,28.25,1.0,Moderate heat stress,78.8 to 89.6 F,77.01,66.39,86.18,5.85,0,450,1,"34.25,-118.50 (35.4%); 34.00,-118.25 (23.1%); 34.00,-118.50 (22.6%); 34.25,-118.25 (10.1%); 33.75,-118.25 (6.4%); 34.25,-118.75 (2.4%)"
2018-04-09,97.82,36.56,2.0,Strong heat stress,89.6 to 100.4 F,77.11,66.5,86.18,20.71,1,450,1,"34.25,-118.50 (35.4%); 34.00,-118.25 (23.1%); 34.00,-118.50 (22.6%); 34.25,-118.25 (10.1%); 33.75,-118.25 (6.4%); 34.25,-118.75 (2.4%)"
2018-04-10,91.74,33.19,2.0,Strong heat stress,89.6 to 100.4 F,77.22,66.5,86.33,14.52,1,450,1,"34.25,-118.50 (35.4%); 34.00,-118.25 (23.1%); 34.00,-118.50 (22.6%); 34.25,-118.25 (10.1%); 33.75,-118.25 (6.4%); 34.25,-118.75 (2.4%)"
2018-04-11,83.5,28.61,1.0,Moderate heat stress,78.8 to 89.6 F,77.37,66.5,86.44,6.13,0,450,1,"34.25,-118.50 (35.4%); 34.00,-118.25 (23.1%); 34.00,-118.50 (22.6%); 34.25,-118.25 (10.1%); 33.75,-118.25 (6.4%); 34.25,-118.75 (2.4%)"
2018-04-12,68.8,20.44,0.0,No thermal stress,48.2 to 78.8 F,77.65,67.0,87.14,-8.85,0,450,1,"34.25,-118.50 (35.4%); 34.00,-118.25 (23.1%); 34.00,-118.50 (22.6%); 34.25,-118.25 (10.1%); 33.75,-118.25 (6.4%); 34.25,-118.75 (2.4%)"
2018-04-13,87.27,30.7,1.0,Moderate heat stress,78.8 to 89.6 F,77.91,67.72,87.36,9.36,0,450,1,"34.25,-118.50 (35.4%); 34.00,-118.25 (23.1%); 34.00,-118.50 (22.6%); 34.25,-118.25 (10.1%); 33.75,-118.25 (6.4%); 34.25,-118.75 (2.4%)"
2018-04-14,87.94,31.08,1.0,Moderate heat stress,78.8 to 89.6 F,78.05,67.77,87.78,9.89,1,450,1,"34.25,-118.50 (35.4%); 34.00,-118.25 (23.1%); 34.00,-118.50 (22.6%); 34.25,-118.25 (10.1%); 33.75,-118.25 (6.4%); 34.25,-118.75 (2.4%)"
2018-04-15,84.66,29.25,1.0,Moderate heat stress,78.8 to 89.6 F,78.13,67.87,87.36,6.53,0,450,1,"34.25,-118.50 (35.4%); 34.00,-118.25 (23.1%); 34.00,-118.50 (22.6%); 34.25,-118.25 (10.1%); 33.75,-118.25 (6.4%); 34.25,-118.75 (2.4%)"
2018-04-16,65.82,18.79,0.0,No thermal stress,48.2 to 78.8 F,78.37,68.18,87.71,-12.55,0,450,1,"34.25,-118.50 (35.4%); 34.00,-118.25 (23.1%); 34.00,-118.50 (22.6%); 34.25,-118.25 (10.1%); 33.75,-118.25 (6.4%); 34.25,-118.75 (2.4%)"
2018-04-17,78.37,25.76,0.0,No thermal stress,48.2 to 78.8 F,78.61,68.44,87.95,-0.24,0,450,1,"34.25,-118.50 (35.4%); 34.00,-118.25 (23.1%); 34.00,-118.50 (22.6%); 34.25,-118.25 (10.1%); 33.75,-118.25 (6.4%); 34.25,-118.75 (2.4%)"
2018-04-18,76.06,24.48,0.0,No thermal stress,48.2 to 78.8 F,78.81,68.39,88.61,-2.75,0,450,1,"34.25,-118.50 (35.4%); 34.00,-118.25 (23.1%); 34.00,-118.50 (22.6%); 34.25,-118.25 (10.1%); 33.75,-118.25 (6.4%); 34.25,-118.75 (2.4%)"
2018-04-19,67.77,19.87,0.0,No thermal stress,48.2 to 78.8 F,79.09,68.79,89.73,-11.32,0,450,1,"34.25,-118.50 (35.4%); 34.00,-118.25 (23.1%); 34.00,-118.50 (22.6%); 34.25,-118.25 (10.1%); 33.75,-118.25 (6.4%); 34.25,-118.75 (2.4%)"
2018-04-20,81.44,27.47,1.0,Moderate heat stress,78.8 to 89.6 F,79.38,69.46,89.75,2.06,0,450,1,"34.25,-118.50 (35.4%); 34.00,-118.25 (23.1%); 34.00,-118.50 (22.6%); 34.25,-118.25 (10.1%); 33.75,-118.25 (6.4%); 34.25,-118.75 (2.4%)"
2018-04-21,90.22,32.34,2.0,Strong heat stress,89.6 to 100.4 F,79.59,69.51,89.92,10.63,1,450,1,"34.25,-118.50 (35.4%); 34.00,-118.25 (23.1%); 34.00,-118.50 (22.6%); 34.25,-118.25 (10.1%); 33.75,-118.25 (6.4%); 34.25,-118.75 (2.4%)"
2018-04-22,85.88,29.93,1.0,Moderate heat stress,78.8 to 89.6 F,79.85,70.13,90.36,6.03,0,450,1,"34.25,-118.50 (35.4%); 34.00,-118.25 (23.1%); 34.00,-118.50 (22.6%); 34.25,-118.25 (10.1%); 33.75,-118.25 (6.4%); 34.25,-118.75 (2.4%)"
2018-04-23,83.9,28.83,1.0,Moderate heat stress,78.8 to 89.6 F,80.12,70.7,90.47,3.78,0,450,1,"34.25,-118.50 (35.4%); 34.00,-118.25 (23.1%); 34.00,-118.50 (22.6%); 34.25,-118.25 (10.1%); 33.75,-118.25 (6.4%); 34.25,-118.75 (2.4%)"
2018-04-24,81.82,27.68,1.0,Moderate heat stress,78.8 to 89.6 F,80.4,70.89,90.5,1.42,0,450,1,"34.25,-118.50 (35.4%); 34.00,-118.25 (23.1%); 34.00,-118.50 (22.6%); 34.25,-118.25 (10.1%); 33.75,-118.25 (6.4%); 34.25,-118.75 (2.4%)"
2018-04-25,79.83,26.57,1.0,Moderate heat stress,78.8 to 89.6 F,80.62,71.2,90.53,-0.79,0,450,1,"34.25,-118.50 (35.4%); 34.00,-118.25 (23.1%); 34.00,-118.50 (22.6%); 34.25,-118.25 (10.1%); 33.75,-118.25 (6.4%); 34.25,-118.75 (2.4%)"
2018-04-26,78.96,26.09,1.0,Moderate heat stress,78.8 to 89.6 F,80.82,71.53,90.85,-1.86,0,450,1,"34.25,-118.50 (35.4%); 34.00,-118.25 (23.1%); 34.00,-118.50 (22.6%); 34.25,-118.25 (10.1%); 33.75,-118.25 (6.4%); 34.25,-118.75 (2.4%)"
2018-04-27,75.64,24.24,0.0,No thermal stress,48.2 to 78.8 F,80.86,71.59,91.11,-5.22,0,450,1,"34.25,-118.50 (35.4%); 34.00,-118.25 (23.1%); 34.00,-118.50 (22.6%); 34.25,-118.25 (10.1%); 33.75,-118.25 (6.4%); 34.25,-118.75 (2.4%)"
2018-04-28,77.27,25.15,0.0,No thermal stress,48.2 to 78.8 F,80.85,71.6,91.19,-3.58,0,450,1,"34.25,-118.50 (35.4%); 34.00,-118.25 (23.1%); 34.00,-118.50 (22.6%); 34.25,-118.25 (10.1%); 33.75,-118.25 (6.4%); 34.25,-118.75 (2.4%)"
2018-04-29,77.05,25.03,0.0,No thermal stress,48.2 to 78.8 F,80.85,71.6,91.15,-3.8,0,450,1,"34.25,-118.50 (35.4%); 34.00,-118.25 (23.1%); 34.00,-118.50 (22.6%); 34.25,-118.25 (10.1%); 33.75,-118.25 (6.4%); 34.25,-118.75 (2.4%)"
2018-04-30,76.56,24.76,0.0,No thermal stress,48.2 to 78.8 F,81.0,71.63,91.32,-4.44,0,450,1,"34.25,-118.50 (35.4%); 34.00,-118.25 (23.1%); 34.00,-118.50 (22.6%); 34.25,-118.25 (10.1%); 33.75,-118.25 (6.4%); 34.25,-118.75 (2.4%)"
2018-05-01,65.65,18.7,0.0,No thermal stress,48.2 to 78.8 F,81.07,71.6,92.1,-15.42,0,450,1,"34.25,-118.50 (35.4%); 34.00,-118.25 (23.1%); 34.00,-118.50 (22.6%); 34.25,-118.25 (10.1%); 33.75,-118.25 (6.4%); 34.25,-118.75 (2.4%)"
2018-05-02,73.89,23.27,0.0,No thermal stress,48.2 to 78.8 F,81.1,71.7,91.32,-7.21,0,450,1,"34.25,-118.50 (35.4%); 34.00,-118.25 (23.1%); 34.00,-118.50 (22.6%); 34.25,-118.25 (10.1%); 33.75,-118.25 (6.4%); 34.25,-118.75 (2.4%)"
2018-05-03,79.23,26.24,1.0,Moderate heat stress,78.8 to 89.6 F,81.05,72.12,90.89,-1.82,0,450,1,"34.25,-118.50 (35.4%); 34.00,-118.25 (23.1%); 34.00,-118.50 (22.6%); 34.25,-118.25 (10.1%); 33.75,-118.25 (6.4%); 34.25,-118.75 (2.4%)"
2018-05-04,93.06,33.92,2.0,Strong heat stress,89.6 to 100.4 F,80.99,72.17,90.53,12.07,1,450,1,"34.25,-118.50 (35.4%); 34.00,-118.25 (23.1%); 34.00,-118.50 (22.6%); 34.25,-118.25 (10.1%); 33.75,-118.25 (6.4%); 34.25,-118.75 (2.4%)"
2018-05-05,94.9,34.94,2.0,Strong heat stress,89.6 to 100.4 F,81.0,72.53,90.64,13.9,1,450,1,"34.25,-118.50 (35.4%); 34.00,-118.25 (23.1%); 34.00,-118.50 (22.6%); 34.25,-118.25 (10.1%); 33.75,-118.25 (6.4%); 34.25,-118.75 (2.4%)"
2018-05-06,87.96,31.09,1.0,Moderate heat stress,78.8 to 89.6 F,81.02,72.78,90.64,6.94,0,450,1,"34.25,-118.50 (35.4%); 34.00,-118.25 (23.1%); 34.00,-118.50 (22.6%); 34.25,-118.25 (10.1%); 33.75,-118.25 (6.4%); 34.25,-118.75 (2.4%)"
2018-05-07,82.99,28.33,1.0,Moderate heat stress,78.8 to 89.6 F,81.0,72.78,90.18,1.99,0,450,1,"34.25,-118.50 (35.4%); 34.00,-118.25 (23.1%); 34.00,-118.50 (22.6%); 34.25,-118.25 (10.1%); 33.75,-118.25 (6.4%); 34.25,-118.75 (2.4%)"
2018-05-08,86.26,30.14,1.0,Moderate heat stress,78.8 to 89.6 F,80.99,72.59,90.42,5.27,0,450,1,"34.25,-118.50 (35.4%); 34.00,-118.25 (23.1%); 34.00,-118.50 (22.6%); 34.25,-118.25 (10.1%); 33.75,-118.25 (6.4%); 34.25,-118.75 (2.4%)"
2018-05-09,85.96,29.98,1.0,Moderate heat stress,78.8 to 89.6 F,80.93,72.15,90.43,5.03,0,450,1,"34.25,-118.50 (35.4%); 34.00,-118.25 (23.1%); 34.00,-118.50 (22.6%); 34.25,-118.25 (10.1%); 33.75,-118.25 (6.4%); 34.25,-118.75 (2.4%)"
2018-05-10,83.33,28.51,1.0,Moderate heat stress,78.8 to 89.6 F,80.9,72.53,90.02,2.43,0,450,1,"34.25,-118.50 (35.4%); 34.00,-118.25 (23.1%); 34.00,-118.50 (22.6%); 34.25,-118.25 (10.1%); 33.75,-118.25 (6.4%); 34.25,-118.75 (2.4%)"
2018-05-11,70.91,21.61,0.0,No thermal stress,48.2 to 78.8 F,80.77,72.38,89.62,-9.86,0,450,1,"34.25,-118.50 (35.4%); 34.00,-118.25 (23.1%); 34.00,-118.50 (22.6%); 34.25,-118.25 (10.1%); 33.75,-118.25 (6.4%); 34.25,-118.75 (2.4%)"
2018-05-12,74.95,23.86,0.0,No thermal stress,48.2 to 78.8 F,80.78,72.53,89.44,-5.83,0,450,1,"34.25,-118.50 (35.4%); 34.00,-118.25 (23.1%); 34.00,-118.50 (22.6%); 34.25,-118.25 (10.1%); 33.75,-118.25 (6.4%); 34.25,-118.75 (2.4%)"
2018-05-13,80.36,26.86,1.0,Moderate heat stress,78.8 to 89.6 F,80.86,72.76,89.44,-0.5,0,450,1,"34.25,-118.50 (35.4%); 34.00,-118.25 (23.1%); 34.00,-118.50 (22.6%); 34.25,-118.25 (10.1%); 33.75,-118.25 (6.4%); 34.25,-118.75 (2.4%)"
2018-05-14,77.41,25.23,0.0,No thermal stress,48.2 to 78.8 F,80.99,73.38,89.42,-3.58,0,450,1,"34.25,-118.50 (35.4%); 34.00,-118.25 (23.1%); 34.00,-118.50 (22.6%); 34.25,-118.25 (10.1%); 33.75,-118.25 (6.4%); 34.25,-118.75 (2.4%)"
2018-05-15,77.86,25.48,0.0,No thermal stress,48.2 to 78.8 F,81.01,73.38,89.3,-3.15,0,450,1,"34.25,-118.50 (35.4%); 34.00,-118.25 (23.1%); 34.00,-118.50 (22.6%); 34.25,-118.25 (10.1%); 33.75,-118.25 (6.4%); 34.25,-118.75 (2.4%)"
2018-05-16,78.67,25.93,0.0,No thermal stress,48.2 to 78.8 F,80.9,73.09,89.18,-2.23,0,450,1,"34.25,-118.50 (35.4%); 34.00,-118.25 (23.1%); 34.00,-118.50 (22.6%); 34.25,-118.25 (10.1%); 33.75,-118.25 (6.4%); 34.25,-118.75 (2.4%)"
2018-05-17,76.66,24.81,0.0,No thermal stress,48.2 to 78.8 F,80.92,73.65,88.92,-4.26,0,450,1,"34.25,-118.50 (35.4%); 34.00,-118.25 (23.1%); 34.00,-118.50 (22.6%); 34.25,-118.25 (10.1%); 33.75,-118.25 (6.4%); 34.25,-118.75 (2.4%)"
2018-05-18,81.27,27.37,1.0,Moderate heat stress,78.8 to 89.6 F,80.81,73.65,88.9,0.46,0,450,1,"34.25,-118.50 (35.4%); 34.00,-118.25 (23.1%); 34.00,-118.50 (22.6%); 34.25,-118.25 (10.1%); 33.75,-118.25 (6.4%); 34.25,-118.75 (2.4%)"
2018-05-19,84.26,29.04,1.0,Moderate heat stress,78.8 to 89.6 F,80.73,73.38,88.9,3.53,0,450,1,"34.25,-118.50 (35.4%); 34.00,-118.25 (23.1%); 34.00,-118.50 (22.6%); 34.25,-118.25 (10.1%); 33.75,-118.25 (6.4%); 34.25,-118.75 (2.4%)"
2018-05-20,79.78,26.55,1.0,Moderate heat stress,78.8 to 89.6 F,80.75,73.65,88.89,-0.97,0,450,1,"34.25,-118.50 (35.4%); 34.00,-118.25 (23.1%); 34.00,-118.50 (22.6%); 34.25,-118.25 (10.1%); 33.75,-118.25 (6.4%); 34.25,-118.75 (2.4%)"
2018-05-21,70.82,21.57,0.0,No thermal stress,48.2 to 78.8 F,80.84,73.96,88.83,-10.02,0,450,1,"34.25,-118.50 (35.4%); 34.00,-118.25 (23.1%); 34.00,-118.50 (22.6%); 34.25,-118.25 (10.1%); 33.75,-118.25 (6.4%); 34.25,-118.75 (2.4%)"
2018-05-22,81.12,27.29,1.0,Moderate heat stress,78.8 to 89.6 F,81.0,74.19,88.89,0.12,0,450,1,"34.25,-118.50 (35.4%); 34.00,-118.25 (23.1%); 34.00,-118.50 (22.6%); 34.25,-118.25 (10.1%); 33.75,-118.25 (6.4%); 34.25,-118.75 (2.4%)"
2018-05-23,81.38,27.43,1.0,Moderate heat stress,78.8 to 89.6 F,81.14,74.3,88.8,0.24,0,450,1,"34.25,-118.50 (35.4%); 34.00,-118.25 (23.1%); 34.00,-118.50 (22.6%); 34.25,-118.25 (10.1%); 33.75,-118.25 (6.4%); 34.25,-118.75 (2.4%)"
2018-05-24,77.15,25.08,0.0,No thermal stress,48.2 to 78.8 F,81.34,74.7,88.89,-4.19,0,450,1,"34.25,-118.50 (35.4%); 34.00,-118.25 (23.1%); 34.00,-118.50 (22.6%); 34.25,-118.25 (10.1%); 33.75,-118.25 (6.4%); 34.25,-118.75 (2.4%)"
2018-05-25,71.77,22.1,0.0,No thermal stress,48.2 to 78.8 F,81.5,74.72,89.0,-9.73,0,450,1,"34.25,-118.50 (35.4%); 34.00,-118.25 (23.1%); 34.00,-118.50 (22.6%); 34.25,-118.25 (10.1%); 33.75,-118.25 (6.4%); 34.25,-118.75 (2.4%)"
2018-05-26,78.27,25.71,0.0,No thermal stress,48.2 to 78.8 F,81.71,75.09,89.34,-3.44,0,450,1,"34.25,-118.50 (35.4%); 34.00,-118.25 (23.1%); 34.00,-118.50 (22.6%); 34.25,-118.25 (10.1%); 33.75,-118.25 (6.4%); 34.25,-118.75 (2.4%)"
2018-05-27,83.42,28.57,1.0,Moderate heat stress,78.8 to 89.6 F,81.88,75.21,89.48,1.54,0,450,1,"34.25,-118.50 (35.4%); 34.00,-118.25 (23.1%); 34.00,-118.50 (22.6%); 34.25,-118.25 (10.1%); 33.75,-118.25 (6.4%); 34.25,-118.75 (2.4%)"
2018-05-28,86.37,30.21,1.0,Moderate heat stress,78.8 to 89.6 F,82.06,75.3,89.48,4.31,0,450,1,"34.25,-118.50 (35.4%); 34.00,-118.25 (23.1%); 34.00,-118.50 (22.6%); 34.25,-118.25 (10.1%); 33.75,-118.25 (6.4%); 34.25,-118.75 (2.4%)"
2018-05-29,83.63,28.68,1.0,Moderate heat stress,78.8 to 89.6 F,82.07,75.61,89.34,1.56,0,450,1,"34.25,-118.50 (35.4%); 34.00,-118.25 (23.1%); 34.00,-118.50 (22.6%); 34.25,-118.25 (10.1%); 33.75,-118.25 (6.4%); 34.25,-118.75 (2.4%)"
2018-05-30,81.81,27.67,1.0,Moderate heat stress,78.8 to 89.6 F,82.14,76.03,89.01,-0.33,0,450,1,"34.25,-118.50 (35.4%); 34.00,-118.25 (23.1%); 34.00,-118.50 (22.6%); 34.25,-118.25 (10.1%); 33.75,-118.25 (6.4%); 34.25,-118.75 (2.4%)"
2018-05-31,79.3,26.28,1.0,Moderate heat stress,78.8 to 89.6 F,82.32,76.37,88.92,-3.02,0,450,1,"34.25,-118.50 (35.4%); 34.00,-118.25 (23.1%); 34.00,-118.50 (22.6%); 34.25,-118.25 (10.1%); 33.75,-118.25 (6.4%); 34.25,-118.75 (2.4%)"
2018-06-01,81.72,27.62,1.0,Moderate heat stress,78.8 to 89.6 F,82.5,76.41,88.99,-0.78,0,450,1,"34.25,-118.50 (35.4%); 34.00,-118.25 (23.1%); 34.00,-118.50 (22.6%); 34.25,-118.25 (10.1%); 33.75,-118.25 (6.4%); 34.25,-118.75 (2.4%)"
2018-06-02,85.62,29.79,1.0,Moderate heat stress,78.8 to 89.6 F,82.91,77.11,89.59,2.71,0,450,1,"34.25,-118.50 (35.4%); 34.00,-118.25 (23.1%); 34.00,-118.50 (22.6%); 34.25,-118.25 (10.1%); 33.75,-118.25 (6.4%); 34.25,-118.75 (2.4%)"
2018-06-03,88.67,31.48,1.0,Moderate heat stress,78.8 to 89.6 F,83.26,77.37,89.96,5.41,0,450,1,"34.25,-118.50 (35.4%); 34.00,-118.25 (23.1%); 34.00,-118.50 (22.6%); 34.25,-118.25 (10.1%); 33.75,-118.25 (6.4%); 34.25,-118.75 (2.4%)"
2018-06-04,86.82,30.46,1.0,Moderate heat stress,78.8 to 89.6 F,83.39,77.64,90.19,3.43,0,450,1,"34.25,-118.50 (35.4%); 34.00,-118.25 (23.1%); 34.00,-118.50 (22.6%); 34.25,-118.25 (10.1%); 33.75,-118.25 (6.4%); 34.25,-118.75 (2.4%)"
2018-06-05,83.3,28.5,1.0,Moderate heat stress,78.8 to 89.6 F,83.4,77.83,90.06,-0.1,0,450,1,"34.25,-118.50 (35.4%); 34.00,-118.25 (23.1%); 34.00,-118.50 (22.6%); 34.25,-118.25 (10.1%); 33.75,-118.25 (6.4%); 34.25,-118.75 (2.4%)"
2018-06-06,82.24,27.91,1.0,Moderate heat stress,78.8 to 89.6 F,83.46,77.96,90.18,-1.22,0,450,1,"34.25,-118.50 (35.4%); 34.00,-118.25 (23.1%); 34.00,-118.50 (22.6%); 34.25,-118.25 (10.1%); 33.75,-118.25 (6.4%); 34.25,-118.75 (2.4%)"
2018-06-07,82.72,28.18,1.0,Moderate heat stress,78.8 to 89.6 F,83.59,78.2,90.28,-0.87,0,450,1,"34.25,-118.50 (35.4%); 34.00,-118.25 (23.1%); 34.00,-118.50 (22.6%); 34.25,-118.25 (10.1%); 33.75,-118.25 (6.4%); 34.25,-118.75 (2.4%)"
2018-06-08,88.74,31.52,1.0,Moderate heat stress,78.8 to 89.6 F,83.65,78.2,90.24,5.09,0,450,1,"34.25,-118.50 (35.4%); 34.00,-118.25 (23.1%); 34.00,-118.50 (22.6%); 34.25,-118.25 (10.1%); 33.75,-118.25 (6.4%); 34.25,-118.75 (2.4%)"
2018-06-09,86.64,30.36,1.0,Moderate heat stress,78.8 to 89.6 F,83.69,78.2,90.35,2.95,0,450,1,"34.25,-118.50 (35.4%); 34.00,-118.25 (23.1%); 34.00,-118.50 (22.6%); 34.25,-118.25 (10.1%); 33.75,-118.25 (6.4%); 34.25,-118.75 (2.4%)"
2018-06-10,86.9,30.5,1.0,Moderate heat stress,78.8 to 89.6 F,83.83,78.35,90.77,3.07,0,450,1,"34.25,-118.50 (35.4%); 34.00,-118.25 (23.1%); 34.00,-118.50 (22.6%); 34.25,-118.25 (10.1%); 33.75,-118.25 (6.4%); 34.25,-118.75 (2.4%)"
2018-06-11,90.05,32.25,2.0,Strong heat stress,89.6 to 100.4 F,83.99,78.43,90.9,6.06,0,450,1,"34.25,-118.50 (35.4%); 34.00,-118.25 (23.1%); 34.00,-118.50 (22.6%); 34.25,-118.25 (10.1%); 33.75,-118.25 (6.4%); 34.25,-118.75 (2.4%)"
2018-06-12,89.95,32.19,2.0,Strong heat stress,89.6 to 100.4 F,84.21,78.73,91.41,5.74,0,450,1,"34.25,-118.50 (35.4%); 34.00,-118.25 (23.1%); 34.00,-118.50 (22.6%); 34.25,-118.25 (10.1%); 33.75,-118.25 (6.4%); 34.25,-118.75 (2.4%)"
2018-06-13,90.22,32.35,2.0,Strong heat stress,89.6 to 100.4 F,84.6,79.0,91.58,5.62,0,450,1,"34.25,-118.50 (35.4%); 34.00,-118.25 (23.1%); 34.00,-118.50 (22.6%); 34.25,-118.25 (10.1%); 33.75,-118.25 (6.4%); 34.25,-118.75 (2.4%)"
2018-06-14,92.17,33.43,2.0,Strong heat stress,89.6 to 100.4 F,84.9,79.07,92.08,7.27,1,450,1,"34.25,-118.50 (35.4%); 34.00,-118.25 (23.1%); 34.00,-118.50 (22.6%); 34.25,-118.25 (10.1%); 33.75,-118.25 (6.4%); 34.25,-118.75 (2.4%)"
2018-06-15,86.54,30.3,1.0,Moderate heat stress,78.8 to 89.6 F,85.2,79.31,92.53,1.34,0,450,1,"34.25,-118.50 (35.4%); 34.00,-118.25 (23.1%); 34.00,-118.50 (22.6%); 34.25,-118.25 (10.1%); 33.75,-118.25 (6.4%); 34.25,-118.75 (2.4%)"
2018-06-16,74.56,23.64,0.0,No thermal stress,48.2 to 78.8 F,85.43,79.7,92.63,-10.87,0,450,1,"34.25,-118.50 (35.4%); 34.00,-118.25 (23.1%); 34.00,-118.50 (22.6%); 34.25,-118.25 (10.1%); 33.75,-118.25 (6.4%); 34.25,-118.75 (2.4%)"
2018-06-17,73.3,22.95,0.0,No thermal stress,48.2 to 78.8 F,85.58,79.85,92.63,-12.28,0,450,1,"34.25,-118.50 (35.4%); 34.00,-118.25 (23.1%); 34.00,-118.50 (22.6%); 34.25,-118.25 (10.1%); 33.75,-118.25 (6.4%); 34.25,-118.75 (2.4%)"
2018-06-18,80.32,26.85,1.0,Moderate heat stress,78.8 to 89.6 F,85.82,79.95,92.67,-5.5,0,450,1,"34.25,-118.50 (35.4%); 34.00,-118.25 (23.1%); 34.00,-118.50 (22.6%); 34.25,-118.25 (10.1%); 33.75,-118.25 (6.4%); 34.25,-118.75 (2.4%)"
2018-06-19,85.42,29.68,1.0,Moderate heat stress,78.8 to 89.6 F,86.12,80.18,93.0,-0.7,0,450,1,"34.25,-118.50 (35.4%); 34.00,-118.25 (23.1%); 34.00,-118.50 (22.6%); 34.25,-118.25 (10.1%); 33.75,-118.25 (6.4%); 34.25,-118.75 (2.4%)"
2018-06-20,89.13,31.74,1.0,Moderate heat stress,78.8 to 89.6 F,86.44,80.32,93.17,2.69,0,450,1,"34.25,-118.50 (35.4%); 34.00,-118.25 (23.1%); 34.00,-118.50 (22.6%); 34.25,-118.25 (10.1%); 33.75,-118.25 (6.4%); 34.25,-118.75 (2.4%)"
2018-06-21,88.07,31.15,1.0,Moderate heat stress,78.8 to 89.6 F,86.73,80.53,93.8,1.34,0,450,1,"34.25,-118.50 (35.4%); 34.00,-118.25 (23.1%); 34.00,-118.50 (22.6%); 34.25,-118.25 (10.1%); 33.75,-118.25 (6.4%); 34.25,-118.75 (2.4%)"
2018-06-22,89.34,31.85,1.0,Moderate heat stress,78.8 to 89.6 F,86.97,80.7,94.16,2.37,0,450,1,"34.25,-118.50 (35.4%); 34.00,-118.25 (23.1%); 34.00,-118.50 (22.6%); 34.25,-118.25 (10.1%); 33.75,-118.25 (6.4%); 34.25,-118.75 (2.4%)"
2018-06-23,83.02,28.35,1.0,Moderate heat stress,78.8 to 89.6 F,87.31,81.13,94.62,-4.29,0,450,1,"34.25,-118.50 (35.4%); 34.00,-118.25 (23.1%); 34.00,-118.50 (22.6%); 34.25,-118.25 (10.1%); 33.75,-118.25 (6.4%); 34.25,-118.75 (2.4%)"
2018-06-24,82.75,28.19,1.0,Moderate heat stress,78.8 to 89.6 F,87.73,81.31,94.87,-4.98,0,450,1,"34.25,-118.50 (35.4%); 34.00,-118.25 (23.1%); 34.00,-118.50 (22.6%); 34.25,-118.25 (10.1%); 33.75,-118.25 (6.4%); 34.25,-118.75 (2.4%)"
2018-06-25,86.24,30.13,1.0,Moderate heat stress,78.8 to 89.6 F,88.03,81.59,95.71,-1.79,0,450,1,"34.25,-118.50 (35.4%); 34.00,-118.25 (23.1%); 34.00,-118.50 (22.6%); 34.25,-118.25 (10.1%); 33.75,-118.25 (6.4%); 34.25,-118.75 (2.4%)"
2018-06-26,87.34,30.74,1.0,Moderate heat stress,78.8 to 89.6 F,88.18,81.62,95.87,-0.84,0,450,1,"34.25,-118.50 (35.4%); 34.00,-118.25 (23.1%); 34.00,-118.50 (22.6%); 34.25,-118.25 (10.1%); 33.75,-118.25 (6.4%); 34.25,-118.75 (2.4%)"
2018-06-27,87.88,31.04,1.0,Moderate heat stress,78.8 to 89.6 F,88.32,81.89,96.12,-0.44,0,450,1,"34.25,-118.50 (35.4%); 34.00,-118.25 (23.1%); 34.00,-118.50 (22.6%); 34.25,-118.25 (10.1%); 33.75,-118.25 (6.4%); 34.25,-118.75 (2.4%)"
2018-06-28,84.28,29.04,1.0,Moderate heat stress,78.8 to 89.6 F,88.5,82.07,96.1,-4.22,0,450,1,"34.25,-118.50 (35.4%); 34.00,-118.25 (23.1%); 34.00,-118.50 (22.6%); 34.25,-118.25 (10.1%); 33.75,-118.25 (6.4%); 34.25,-118.75 (2.4%)"
2018-06-29,83.72,28.73,1.0,Moderate heat stress,78.8 to 89.6 F,88.81,82.52,96.36,-5.09,0,450,1,"34.25,-118.50 (35.4%); 34.00,-118.25 (23.1%); 34.00,-118.50 (22.6%); 34.25,-118.25 (10.1%); 33.75,-118.25 (6.4%); 34.25,-118.75 (2.4%)"
2018-06-30,84.33,29.07,1.0,Moderate heat stress,78.8 to 89.6 F,89.07,82.68,96.67,-4.74,0,450,1,"34.25,-118.50 (35.4%); 34.00,-118.25 (23.1%); 34.00,-118.50 (22.6%); 34.25,-118.25 (10.1%); 33.75,-118.25 (6.4%); 34.25,-118.75 (2.4%)"
2018-07-01,87.29,30.72,1.0,Moderate heat stress,78.8 to 89.6 F,89.3,82.84,96.83,-2.01,0,450,1,"34.25,-118.50 (35.4%); 34.00,-118.25 (23.1%); 34.00,-118.50 (22.6%); 34.25,-118.25 (10.1%); 33.75,-118.25 (6.4%); 34.25,-118.75 (2.4%)"
2018-07-02,85.9,29.94,1.0,Moderate heat stress,78.8 to 89.6 F,89.53,83.06,96.94,-3.63,0,450,1,"34.25,-118.50 (35.4%); 34.00,-118.25 (23.1%); 34.00,-118.50 (22.6%); 34.25,-118.25 (10.1%); 33.75,-118.25 (6.4%); 34.25,-118.75 (2.4%)"
2018-07-03,84.5,29.17,1.0,Moderate heat stress,78.8 to 89.6 F,89.66,83.18,96.94,-5.16,0,450,1,"34.25,-118.50 (35.4%); 34.00,-118.25 (23.1%); 34.00,-118.50 (22.6%); 34.25,-118.25 (10.1%); 33.75,-118.25 (6.4%); 34.25,-118.75 (2.4%)"
2018-07-04,88.09,31.16,1.0,Moderate heat stress,78.8 to 89.6 F,89.81,83.36,96.94,-1.72,0,450,1,"34.25,-118.50 (35.4%); 34.00,-118.25 (23.1%); 34.00,-118.50 (22.6%); 34.25,-118.25 (10.1%); 33.75,-118.25 (6.4%); 34.25,-118.75 (2.4%)"
2018-07-05,98.05,36.69,2.0,Strong heat stress,89.6 to 100.4 F,89.98,83.45,97.01,8.07,1,450,1,"34.25,-118.50 (35.4%); 34.00,-118.25 (23.1%); 34.00,-118.50 (22.6%); 34.25,-118.25 (10.1%); 33.75,-118.25 (6.4%); 34.25,-118.75 (2.4%)"
2018-07-06,117.66,47.59,4.0,Extreme heat stress,> 114.8 F,90.17,83.53,97.01,27.49,1,450,1,"34.25,-118.50 (35.4%); 34.00,-118.25 (23.1%); 34.00,-118.50 (22.6%); 34.25,-118.25 (10.1%); 33.75,-118.25 (6.4%); 34.25,-118.75 (2.4%)"
2018-07-07,109.92,43.29,3.0,Very strong heat stress,100.4 to 114.8 F,90.34,83.68,96.94,19.58,1,450,1,"34.25,-118.50 (35.4%); 34.00,-118.25 (23.1%); 34.00,-118.50 (22.6%); 34.25,-118.25 (10.1%); 33.75,-118.25 (6.4%); 34.25,-118.75 (2.4%)"
2018-07-08,103.9,39.95,3.0,Very strong heat stress,100.4 to 114.8 F,90.42,83.78,96.93,13.48,1,450,1,"34.25,-118.50 (35.4%); 34.00,-118.25 (23.1%); 34.00,-118.50 (22.6%); 34.25,-118.25 (10.1%); 33.75,-118.25 (6.4%); 34.25,-118.75 (2.4%)"
2018-07-09,103.32,39.62,3.0,Very strong heat stress,100.4 to 114.8 F,90.43,83.6,96.93,12.89,1,450,1,"34.25,-118.50 (35.4%); 34.00,-118.25 (23.1%); 34.00,-118.50 (22.6%); 34.25,-118.25 (10.1%); 33.75,-118.25 (6.4%); 34.25,-118.75 (2.4%)"
2018-07-10,97.69,36.49,2.0,Strong heat stress,89.6 to 100.4 F,90.49,83.6,96.94,7.2,1,450,1,"34.25,-118.50 (35.4%); 34.00,-118.25 (23.1%); 34.00,-118.50 (22.6%); 34.25,-118.25 (10.1%); 33.75,-118.25 (6.4%); 34.25,-118.75 (2.4%)"
2018-07-11,98.24,36.8,2.0,Strong heat stress,89.6 to 100.4 F,90.7,84.04,97.01,7.54,1,450,1,"34.25,-118.50 (35.4%); 34.00,-118.25 (23.1%); 34.00,-118.50 (22.6%); 34.25,-118.25 (10.1%); 33.75,-118.25 (6.4%); 34.25,-118.75 (2.4%)"
2018-07-12,97.99,36.66,2.0,Strong heat stress,89.6 to 100.4 F,90.87,84.24,97.31,7.12,1,450,1,"34.25,-118.50 (35.4%); 34.00,-118.25 (23.1%); 34.00,-118.50 (22.6%); 34.25,-118.25 (10.1%); 33.75,-118.25 (6.4%); 34.25,-118.75 (2.4%)"
2018-07-13,95.87,35.48,2.0,Strong heat stress,89.6 to 100.4 F,90.92,84.3,97.49,4.95,0,450,1,"34.25,-118.50 (35.4%); 34.00,-118.25 (23.1%); 34.00,-118.50 (22.6%); 34.25,-118.25 (10.1%); 33.75,-118.25 (6.4%); 34.25,-118.75 (2.4%)"
2018-07-14,95.6,35.33,2.0,Strong heat stress,89.6 to 100.4 F,90.91,84.44,97.51,4.69,0,450,1,"34.25,-118.50 (35.4%); 34.00,-118.25 (23.1%); 34.00,-118.50 (22.6%); 34.25,-118.25 (10.1%); 33.75,-118.25 (6.4%); 34.25,-118.75 (2.4%)"
2018-07-15,93.73,34.29,2.0,Strong heat stress,89.6 to 100.4 F,90.96,84.49,97.55,2.77,0,450,1,"34.25,-118.50 (35.4%); 34.00,-118.25 (23.1%); 34.00,-118.50 (22.6%); 34.25,-118.25 (10.1%); 33.75,-118.25 (6.4%); 34.25,-118.75 (2.4%)"
2018-07-16,93.81,34.34,2.0,Strong heat stress,89.6 to 100.4 F,91.08,84.61,97.7,2.73,0,450,1,"34.25,-118.50 (35.4%); 34.00,-118.25 (23.1%); 34.00,-118.50 (22.6%); 34.25,-118.25 (10.1%); 33.75,-118.25 (6.4%); 34.25,-118.75 (2.4%)"
2018-07-17,93.4,34.11,2.0,Strong heat stress,89.6 to 100.4 F,91.18,84.65,97.91,2.22,0,450,1,"34.25,-118.50 (35.4%); 34.00,-118.25 (23.1%); 34.00,-118.50 (22.6%); 34.25,-118.25 (10.1%); 33.75,-118.25 (6.4%); 34.25,-118.75 (2.4%)"
2018-07-18,96.98,36.1,2.0,Strong heat stress,89.6 to 100.4 F,91.31,84.92,98.52,5.67,0,450,1,"34.25,-118.50 (35.4%); 34.00,-118.25 (23.1%); 34.00,-118.50 (22.6%); 34.25,-118.25 (10.1%); 33.75,-118.25 (6.4%); 34.25,-118.75 (2.4%)"
2018-07-19,97.83,36.57,2.0,Strong heat stress,89.6 to 100.4 F,91.46,85.02,98.93,6.37,0,450,1,"34.25,-118.50 (35.4%); 34.00,-118.25 (23.1%); 34.00,-118.50 (22.6%); 34.25,-118.25 (10.1%); 33.75,-118.25 (6.4%); 34.25,-118.75 (2.4%)"
2018-07-20,92.36,33.53,2.0,Strong heat stress,89.6 to 100.4 F,91.54,85.18,99.1,0.82,0,450,1,"34.25,-118.50 (35.4%); 34.00,-118.25 (23.1%); 34.00,-118.50 (22.6%); 34.25,-118.25 (10.1%); 33.75,-118.25 (6.4%); 34.25,-118.75 (2.4%)"
2018-07-21,93.74,34.3,2.0,Strong heat stress,89.6 to 100.4 F,91.54,85.18,99.1,2.2,0,450,1,"34.25,-118.50 (35.4%); 34.00,-118.25 (23.1%); 34.00,-118.50 (22.6%); 34.25,-118.25 (10.1%); 33.75,-118.25 (6.4%); 34.25,-118.75 (2.4%)"
2018-07-22,97.01,36.12,2.0,Strong heat stress,89.6 to 100.4 F,91.53,85.18,99.11,5.48,0,450,1,"34.25,-118.50 (35.4%); 34.00,-118.25 (23.1%); 34.00,-118.50 (22.6%); 34.25,-118.25 (10.1%); 33.75,-118.25 (6.4%); 34.25,-118.75 (2.4%)"
2018-07-23,104.03,40.01,3.0,Very strong heat stress,100.4 to 114.8 F,91.58,85.22,99.1,12.45,1,450,1,"34.25,-118.50 (35.4%); 34.00,-118.25 (23.1%); 34.00,-118.50 (22.6%); 34.25,-118.25 (10.1%); 33.75,-118.25 (6.4%); 34.25,-118.75 (2.4%)"
2018-07-24,103.86,39.92,3.0,Very strong heat stress,100.4 to 114.8 F,91.65,85.25,99.09,12.21,1,450,1,"34.25,-118.50 (35.4%); 34.00,-118.25 (23.1%); 34.00,-118.50 (22.6%); 34.25,-118.25 (10.1%); 33.75,-118.25 (6.4%); 34.25,-118.75 (2.4%)"
2018-07-25,104.01,40.01,3.0,Very strong heat stress,100.4 to 114.8 F,91.76,85.38,99.1,12.25,1,450,1,"34.25,-118.50 (35.4%); 34.00,-118.25 (23.1%); 34.00,-118.50 (22.6%); 34.25,-118.25 (10.1%); 33.75,-118.25 (6.4%); 34.25,-118.75 (2.4%)"
2018-07-26,98.3,36.83,2.0,Strong heat stress,89.6 to 100.4 F,91.84,85.39,99.09,6.46,0,450,1,"34.25,-118.50 (35.4%); 34.00,-118.25 (23.1%); 34.00,-118.50 (22.6%); 34.25,-118.25 (10.1%); 33.75,-118.25 (6.4%); 34.25,-118.75 (2.4%)"
2018-07-27,99.63,37.57,2.0,Strong heat stress,89.6 to 100.4 F,91.89,85.71,99.09,7.74,1,450,1,"34.25,-118.50 (35.4%); 34.00,-118.25 (23.1%); 34.00,-118.50 (22.6%); 34.25,-118.25 (10.1%); 33.75,-118.25 (6.4%); 34.25,-118.75 (2.4%)"
2018-07-28,94.48,34.71,2.0,Strong heat stress,89.6 to 100.4 F,91.99,85.74,99.04,2.49,0,450,1,"34.25,-118.50 (35.4%); 34.00,-118.25 (23.1%); 34.00,-118.50 (22.6%); 34.25,-118.25 (10.1%); 33.75,-118.25 (6.4%); 34.25,-118.75 (2.4%)"
2018-07-29,101.2,38.45,3.0,Very strong heat stress,100.4 to 114.8 F,92.08,85.81,98.93,9.12,1,450,1,"34.25,-118.50 (35.4%); 34.00,-118.25 (23.1%); 34.00,-118.50 (22.6%); 34.25,-118.25 (10.1%); 33.75,-118.25 (6.4%); 34.25,-118.75 (2.4%)"
2018-07-30,98.0,36.67,2.0,Strong heat stress,89.6 to 100.4 F,92.07,85.74,98.93,5.93,0,450,1,"34.25,-118.50 (35.4%); 34.00,-118.25 (23.1%); 34.00,-118.50 (22.6%); 34.25,-118.25 (10.1%); 33.75,-118.25 (6.4%); 34.25,-118.75 (2.4%)"
2018-07-31,100.31,37.95,2.0,Strong heat stress,89.6 to 100.4 F,92.02,85.71,98.89,8.29,1,450,1,"34.25,-118.50 (35.4%); 34.00,-118.25 (23.1%); 34.00,-118.50 (22.6%); 34.25,-118.25 (10.1%); 33.75,-118.25 (6.4%); 34.25,-118.75 (2.4%)"
2018-08-01,99.74,37.63,2.0,Strong heat stress,89.6 to 100.4 F,92.03,85.74,98.82,7.71,1,450,1,"34.25,-118.50 (35.4%); 34.00,-118.25 (23.1%); 34.00,-118.50 (22.6%); 34.25,-118.25 (10.1%); 33.75,-118.25 (6.4%); 34.25,-118.75 (2.4%)"
2018-08-02,96.08,35.6,2.0,Strong heat stress,89.6 to 100.4 F,92.08,85.59,98.89,4.0,0,450,1,"34.25,-118.50 (35.4%); 34.00,-118.25 (23.1%); 34.00,-118.50 (22.6%); 34.25,-118.25 (10.1%); 33.75,-118.25 (6.4%); 34.25,-118.75 (2.4%)"
2018-08-03,96.92,36.07,2.0,Strong heat stress,89.6 to 100.4 F,92.06,85.34,99.01,4.86,0,450,1,"34.25,-118.50 (35.4%); 34.00,-118.25 (23.1%); 34.00,-118.50 (22.6%); 34.25,-118.25 (10.1%); 33.75,-118.25 (6.4%); 34.25,-118.75 (2.4%)"
2018-08-04,97.77,36.54,2.0,Strong heat stress,89.6 to 100.4 F,92.13,85.45,99.01,5.64,0,450,1,"34.25,-118.50 (35.4%); 34.00,-118.25 (23.1%); 34.00,-118.50 (22.6%); 34.25,-118.25 (10.1%); 33.75,-118.25 (6.4%); 34.25,-118.75 (2.4%)"
2018-08-05,96.94,36.08,2.0,Strong heat stress,89.6 to 100.4 F,92.28,85.65,99.49,4.66,0,450,1,"34.25,-118.50 (35.4%); 34.00,-118.25 (23.1%); 34.00,-118.50 (22.6%); 34.25,-118.25 (10.1%); 33.75,-118.25 (6.4%); 34.25,-118.75 (2.4%)"
2018-08-06,103.52,39.74,3.0,Very strong heat stress,100.4 to 114.8 F,92.51,85.82,99.95,11.01,1,450,1,"34.25,-118.50 (35.4%); 34.00,-118.25 (23.1%); 34.00,-118.50 (22.6%); 34.25,-118.25 (10.1%); 33.75,-118.25 (6.4%); 34.25,-118.75 (2.4%)"
2018-08-07,104.23,40.13,3.0,Very strong heat stress,100.4 to 114.8 F,92.67,85.82,100.38,11.56,1,450,1,"34.25,-118.50 (35.4%); 34.00,-118.25 (23.1%); 34.00,-118.50 (22.6%); 34.25,-118.25 (10.1%); 33.75,-118.25 (6.4%); 34.25,-118.75 (2.4%)"
2018-08-08,99.93,37.74,2.0,Strong heat stress,89.6 to 100.4 F,92.8,85.86,100.97,7.13,0,450,1,"34.25,-118.50 (35.4%); 34.00,-118.25 (23.1%); 34.00,-118.50 (22.6%); 34.25,-118.25 (10.1%); 33.75,-118.25 (6.4%); 34.25,-118.75 (2.4%)"
2018-08-09,105.37,40.76,3.0,Very strong heat stress,100.4 to 114.8 F,92.87,85.72,101.12,12.5,1,450,1,"34.25,-118.50 (35.4%); 34.00,-118.25 (23.1%); 34.00,-118.50 (22.6%); 34.25,-118.25 (10.1%); 33.75,-118.25 (6.4%); 34.25,-118.75 (2.4%)"
2018-08-10,97.89,36.6,2.0,Strong heat stress,89.6 to 100.4 F,92.9,85.78,101.22,4.99,0,450,1,"34.25,-118.50 (35.4%); 34.00,-118.25 (23.1%); 34.00,-118.50 (22.6%); 34.25,-118.25 (10.1%); 33.75,-118.25 (6.4%); 34.25,-118.75 (2.4%)"
2018-08-11,96.64,35.91,2.0,Strong heat stress,89.6 to 100.4 F,92.94,85.78,101.25,3.7,0,450,1,"34.25,-118.50 (35.4%); 34.00,-118.25 (23.1%); 34.00,-118.50 (22.6%); 34.25,-118.25 (10.1%); 33.75,-118.25 (6.4%); 34.25,-118.75 (2.4%)"
2018-08-12,93.99,34.44,2.0,Strong heat stress,89.6 to 100.4 F,92.9,85.78,101.25,1.09,0,450,1,"34.25,-118.50 (35.4%); 34.00,-118.25 (23.1%); 34.00,-118.50 (22.6%); 34.25,-118.25 (10.1%); 33.75,-118.25 (6.4%); 34.25,-118.75 (2.4%)"
2018-08-13,92.22,33.46,2.0,Strong heat stress,89.6 to 100.4 F,92.9,85.96,101.25,-0.68,0,450,1,"34.25,-118.50 (35.4%); 34.00,-118.25 (23.1%); 34.00,-118.50 (22.6%); 34.25,-118.25 (10.1%); 33.75,-118.25 (6.4%); 34.25,-118.75 (2.4%)"
2018-08-14,90.57,32.54,2.0,Strong heat stress,89.6 to 100.4 F,92.94,86.23,101.19,-2.37,0,450,1,"34.25,-118.50 (35.4%); 34.00,-118.25 (23.1%); 34.00,-118.50 (22.6%); 34.25,-118.25 (10.1%); 33.75,-118.25 (6.4%); 34.25,-118.75 (2.4%)"
2018-08-15,93.82,34.35,2.0,Strong heat stress,89.6 to 100.4 F,93.04,86.38,101.22,0.78,0,450,1,"34.25,-118.50 (35.4%); 34.00,-118.25 (23.1%); 34.00,-118.50 (22.6%); 34.25,-118.25 (10.1%); 33.75,-118.25 (6.4%); 34.25,-118.75 (2.4%)"
2018-08-16,94.91,34.95,2.0,Strong heat stress,89.6 to 100.4 F,93.11,86.44,101.25,1.8,0,450,1,"34.25,-118.50 (35.4%); 34.00,-118.25 (23.1%); 34.00,-118.50 (22.6%); 34.25,-118.25 (10.1%); 33.75,-118.25 (6.4%); 34.25,-118.75 (2.4%)"
2018-08-17,96.62,35.9,2.0,Strong heat stress,89.6 to 100.4 F,93.15,86.61,101.25,3.47,0,450,1,"34.25,-118.50 (35.4%); 34.00,-118.25 (23.1%); 34.00,-118.50 (22.6%); 34.25,-118.25 (10.1%); 33.75,-118.25 (6.4%); 34.25,-118.75 (2.4%)"
2018-08-18,94.16,34.53,2.0,Strong heat stress,89.6 to 100.4 F,93.27,86.82,101.22,0.89,0,450,1,"34.25,-118.50 (35.4%); 34.00,-118.25 (23.1%); 34.00,-118.50 (22.6%); 34.25,-118.25 (10.1%); 33.75,-118.25 (6.4%); 34.25,-118.75 (2.4%)"
2018-08-19,95.53,35.29,2.0,Strong heat stress,89.6 to 100.4 F,93.38,86.86,101.12,2.15,0,450,1,"34.25,-118.50 (35.4%); 34.00,-118.25 (23.1%); 34.00,-118.50 (22.6%); 34.25,-118.25 (10.1%); 33.75,-118.25 (6.4%); 34.25,-118.75 (2.4%)"
2018-08-20,92.99,33.89,2.0,Strong heat stress,89.6 to 100.4 F,93.49,86.86,100.98,-0.5,0,450,1,"34.25,-118.50 (35.4%); 34.00,-118.25 (23.1%); 34.00,-118.50 (22.6%); 34.25,-118.25 (10.1%); 33.75,-118.25 (6.4%); 34.25,-118.75 (2.4%)"
2018-08-21,93.79,34.33,2.0,Strong heat stress,89.6 to 100.4 F,93.53,86.86,100.98,0.26,0,450,1,"34.25,-118.50 (35.4%); 34.00,-118.25 (23.1%); 34.00,-118.50 (22.6%); 34.25,-118.25 (10.1%); 33.75,-118.25 (6.4%); 34.25,-118.75 (2.4%)"
2018-08-22,93.49,34.16,2.0,Strong heat stress,89.6 to 100.4 F,93.65,87.08,101.12,-0.16,0,450,1,"34.25,-118.50 (35.4%); 34.00,-118.25 (23.1%); 34.00,-118.50 (22.6%); 34.25,-118.25 (10.1%); 33.75,-118.25 (6.4%); 34.25,-118.75 (2.4%)"
2018-08-23,92.56,33.65,2.0,Strong heat stress,89.6 to 100.4 F,93.71,87.12,101.14,-1.15,0,450,1,"34.25,-118.50 (35.4%); 34.00,-118.25 (23.1%); 34.00,-118.50 (22.6%); 34.25,-118.25 (10.1%); 33.75,-118.25 (6.4%); 34.25,-118.75 (2.4%)"
2018-08-24,89.99,32.22,2.0,Strong heat stress,89.6 to 100.4 F,93.76,87.12,101.14,-3.77,0,450,1,"34.25,-118.50 (35.4%); 34.00,-118.25 (23.1%); 34.00,-118.50 (22.6%); 34.25,-118.25 (10.1%); 33.75,-118.25 (6.4%); 34.25,-118.75 (2.4%)"
2018-08-25,89.65,32.03,2.0,Strong heat stress,89.6 to 100.4 F,93.85,87.19,101.33,-4.2,0,450,1,"34.25,-118.50 (35.4%); 34.00,-118.25 (23.1%); 34.00,-118.50 (22.6%); 34.25,-118.25 (10.1%); 33.75,-118.25 (6.4%); 34.25,-118.75 (2.4%)"
2018-08-26,89.73,32.07,2.0,Strong heat stress,89.6 to 100.4 F,94.0,87.19,102.23,-4.27,0,450,1,"34.25,-118.50 (35.4%); 34.00,-118.25 (23.1%); 34.00,-118.50 (22.6%); 34.25,-118.25 (10.1%); 33.75,-118.25 (6.4%); 34.25,-118.75 (2.4%)"
2018-08-27,88.54,31.41,1.0,Moderate heat stress,78.8 to 89.6 F,94.21,87.19,102.66,-5.67,0,450,1,"34.25,-118.50 (35.4%); 34.00,-118.25 (23.1%); 34.00,-118.50 (22.6%); 34.25,-118.25 (10.1%); 33.75,-118.25 (6.4%); 34.25,-118.75 (2.4%)"
2018-08-28,89.14,31.74,1.0,Moderate heat stress,78.8 to 89.6 F,94.37,87.04,102.8,-5.23,0,450,1,"34.25,-118.50 (35.4%); 34.00,-118.25 (23.1%); 34.00,-118.50 (22.6%); 34.25,-118.25 (10.1%); 33.75,-118.25 (6.4%); 34.25,-118.75 (2.4%)"
2018-08-29,93.15,33.97,2.0,Strong heat stress,89.6 to 100.4 F,94.6,87.32,103.3,-1.45,0,450,1,"34.25,-118.50 (35.4%); 34.00,-118.25 (23.1%); 34.00,-118.50 (22.6%); 34.25,-118.25 (10.1%); 33.75,-118.25 (6.4%); 34.25,-118.75 (2.4%)"
2018-08-30,94.61,34.78,2.0,Strong heat stress,89.6 to 100.4 F,94.73,87.32,103.35,-0.12,0,450,1,"34.25,-118.50 (35.4%); 34.00,-118.25 (23.1%); 34.00,-118.50 (22.6%); 34.25,-118.25 (10.1%); 33.75,-118.25 (6.4%); 34.25,-118.75 (2.4%)"
2018-08-31,93.17,33.98,2.0,Strong heat stress,89.6 to 100.4 F,94.77,87.31,103.41,-1.6,0,450,1,"34.25,-118.50 (35.4%); 34.00,-118.25 (23.1%); 34.00,-118.50 (22.6%); 34.25,-118.25 (10.1%); 33.75,-118.25 (6.4%); 34.25,-118.75 (2.4%)"
2018-09-01,89.56,31.98,1.0,Moderate heat stress,78.8 to 89.6 F,94.66,87.0,103.41,-5.1,0,450,1,"34.25,-118.50 (35.4%); 34.00,-118.25 (23.1%); 34.00,-118.50 (22.6%); 34.25,-118.25 (10.1%); 33.75,-118.25 (6.4%); 34.25,-118.75 (2.4%)"
2018-09-02,89.62,32.01,2.0,Strong heat stress,89.6 to 100.4 F,94.43,86.42,103.41,-4.81,0,450,1,"34.25,-118.50 (35.4%); 34.00,-118.25 (23.1%); 34.00,-118.50 (22.6%); 34.25,-118.25 (10.1%); 33.75,-118.25 (6.4%); 34.25,-118.75 (2.4%)"
2018-09-03,90.55,32.53,2.0,Strong heat stress,89.6 to 100.4 F,94.19,86.08,103.35,-3.64,0,450,1,"34.25,-118.50 (35.4%); 34.00,-118.25 (23.1%); 34.00,-118.50 (22.6%); 34.25,-118.25 (10.1%); 33.75,-118.25 (6.4%); 34.25,-118.75 (2.4%)"
2018-09-04,89.35,31.86,1.0,Moderate heat stress,78.8 to 89.6 F,93.91,85.76,103.11,-4.56,0,450,1,"34.25,-118.50 (35.4%); 34.00,-118.25 (23.1%); 34.00,-118.50 (22.6%); 34.25,-118.25 (10.1%); 33.75,-118.25 (6.4%); 34.25,-118.75 (2.4%)"
2018-09-05,91.0,32.78,2.0,Strong heat stress,89.6 to 100.4 F,93.62,85.3,102.97,-2.62,0,450,1,"34.25,-118.50 (35.4%); 34.00,-118.25 (23.1%); 34.00,-118.50 (22.6%); 34.25,-118.25 (10.1%); 33.75,-118.25 (6.4%); 34.25,-118.75 (2.4%)"
2018-09-06,89.01,31.67,1.0,Moderate heat stress,78.8 to 89.6 F,93.25,85.01,102.21,-4.24,0,450,1,"34.25,-118.50 (35.4%); 34.00,-118.25 (23.1%); 34.00,-118.50 (22.6%); 34.25,-118.25 (10.1%); 33.75,-118.25 (6.4%); 34.25,-118.75 (2.4%)"
2018-09-07,94.01,34.45,2.0,Strong heat stress,89.6 to 100.4 F,93.03,84.88,101.61,0.98,0,450,1,"34.25,-118.50 (35.4%); 34.00,-118.25 (23.1%); 34.00,-118.50 (22.6%); 34.25,-118.25 (10.1%); 33.75,-118.25 (6.4%); 34.25,-118.75 (2.4%)"
2018-09-08,99.56,37.53,2.0,Strong heat stress,89.6 to 100.4 F,92.81,84.75,101.31,6.75,0,450,1,"34.25,-118.50 (35.4%); 34.00,-118.25 (23.1%); 34.00,-118.50 (22.6%); 34.25,-118.25 (10.1%); 33.75,-118.25 (6.4%); 34.25,-118.75 (2.4%)"
2018-09-09,95.92,35.51,2.0,Strong heat stress,89.6 to 100.4 F,92.56,84.41,101.03,3.36,0,450,1,"34.25,-118.50 (35.4%); 34.00,-118.25 (23.1%); 34.00,-118.50 (22.6%); 34.25,-118.25 (10.1%); 33.75,-118.25 (6.4%); 34.25,-118.75 (2.4%)"
2018-09-10,92.05,33.36,2.0,Strong heat stress,89.6 to 100.4 F,92.23,84.3,100.55,-0.18,0,450,1,"34.25,-118.50 (35.4%); 34.00,-118.25 (23.1%); 34.00,-118.50 (22.6%); 34.25,-118.25 (10.1%); 33.75,-118.25 (6.4%); 34.25,-118.75 (2.4%)"
2018-09-11,88.26,31.25,1.0,Moderate heat stress,78.8 to 89.6 F,91.94,84.41,100.18,-3.68,0,450,1,"34.25,-118.50 (35.4%); 34.00,-118.25 (23.1%); 34.00,-118.50 (22.6%); 34.25,-118.25 (10.1%); 33.75,-118.25 (6.4%); 34.25,-118.75 (2.4%)"
2018-09-12,88.48,31.38,1.0,Moderate heat stress,78.8 to 89.6 F,91.63,84.01,99.56,-3.15,0,450,1,"34.25,-118.50 (35.4%); 34.00,-118.25 (23.1%); 34.00,-118.50 (22.6%); 34.25,-118.25 (10.1%); 33.75,-118.25 (6.4%); 34.25,-118.75 (2.4%)"
2018-09-13,94.22,34.57,2.0,Strong heat stress,89.6 to 100.4 F,91.2,83.85,99.13,3.02,0,450,1,"34.25,-118.50 (35.4%); 34.00,-118.25 (23.1%); 34.00,-118.50 (22.6%); 34.25,-118.25 (10.1%); 33.75,-118.25 (6.4%); 34.25,-118.75 (2.4%)"
2018-09-14,97.64,36.47,2.0,Strong heat stress,89.6 to 100.4 F,90.85,83.58,98.73,6.79,0,450,1,"34.25,-118.50 (35.4%); 34.00,-118.25 (23.1%); 34.00,-118.50 (22.6%); 34.25,-118.25 (10.1%); 33.75,-118.25 (6.4%); 34.25,-118.75 (2.4%)"
2018-09-15,92.83,33.8,2.0,Strong heat stress,89.6 to 100.4 F,90.59,83.4,98.68,2.24,0,450,1,"34.25,-118.50 (35.4%); 34.00,-118.25 (23.1%); 34.00,-118.50 (22.6%); 34.25,-118.25 (10.1%); 33.75,-118.25 (6.4%); 34.25,-118.75 (2.4%)"
2018-09-16,93.37,34.09,2.0,Strong heat stress,89.6 to 100.4 F,90.57,83.22,98.73,2.8,0,450,1,"34.25,-118.50 (35.4%); 34.00,-118.25 (23.1%); 34.00,-118.50 (22.6%); 34.25,-118.25 (10.1%); 33.75,-118.25 (6.4%); 34.25,-118.75 (2.4%)"
2018-09-17,92.51,33.61,2.0,Strong heat stress,89.6 to 100.4 F,90.7,83.28,98.81,1.81,0,450,1,"34.25,-118.50 (35.4%); 34.00,-118.25 (23.1%); 34.00,-118.50 (22.6%); 34.25,-118.25 (10.1%); 33.75,-118.25 (6.4%); 34.25,-118.75 (2.4%)"
2018-09-18,90.16,32.31,2.0,Strong heat stress,89.6 to 100.4 F,90.73,83.28,98.99,-0.57,0,450,1,"34.25,-118.50 (35.4%); 34.00,-118.25 (23.1%); 34.00,-118.50 (22.6%); 34.25,-118.25 (10.1%); 33.75,-118.25 (6.4%); 34.25,-118.75 (2.4%)"
2018-09-19,89.94,32.19,2.0,Strong heat stress,89.6 to 100.4 F,90.74,83.22,99.68,-0.8,0,450,1,"34.25,-118.50 (35.4%); 34.00,-118.25 (23.1%); 34.00,-118.50 (22.6%); 34.25,-118.25 (10.1%); 33.75,-118.25 (6.4%); 34.25,-118.75 (2.4%)"
2018-09-20,91.05,32.8,2.0,Strong heat stress,89.6 to 100.4 F,90.81,83.13,99.62,0.24,0,450,1,"34.25,-118.50 (35.4%); 34.00,-118.25 (23.1%); 34.00,-118.50 (22.6%); 34.25,-118.25 (10.1%); 33.75,-118.25 (6.4%); 34.25,-118.75 (2.4%)"
2018-09-21,92.39,33.55,2.0,Strong heat stress,89.6 to 100.4 F,90.87,82.71,99.75,1.52,0,450,1,"34.25,-118.50 (35.4%); 34.00,-118.25 (23.1%); 34.00,-118.50 (22.6%); 34.25,-118.25 (10.1%); 33.75,-118.25 (6.4%); 34.25,-118.75 (2.4%)"
2018-09-22,94.55,34.75,2.0,Strong heat stress,89.6 to 100.4 F,90.89,82.21,99.75,3.66,0,450,1,"34.25,-118.50 (35.4%); 34.00,-118.25 (23.1%); 34.00,-118.50 (22.6%); 34.25,-118.25 (10.1%); 33.75,-118.25 (6.4%); 34.25,-118.75 (2.4%)"
2018-09-23,88.83,31.57,1.0,Moderate heat stress,78.8 to 89.6 F,91.0,82.03,100.12,-2.17,0,450,1,"34.25,-118.50 (35.4%); 34.00,-118.25 (23.1%); 34.00,-118.50 (22.6%); 34.25,-118.25 (10.1%); 33.75,-118.25 (6.4%); 34.25,-118.75 (2.4%)"
2018-09-24,85.62,29.79,1.0,Moderate heat stress,78.8 to 89.6 F,91.03,81.81,100.27,-5.41,0,450,1,"34.25,-118.50 (35.4%); 34.00,-118.25 (23.1%); 34.00,-118.50 (22.6%); 34.25,-118.25 (10.1%); 33.75,-118.25 (6.4%); 34.25,-118.75 (2.4%)"
2018-09-25,87.52,30.84,1.0,Moderate heat stress,78.8 to 89.6 F,91.02,82.03,100.61,-3.5,0,450,1,"34.25,-118.50 (35.4%); 34.00,-118.25 (23.1%); 34.00,-118.50 (22.6%); 34.25,-118.25 (10.1%); 33.75,-118.25 (6.4%); 34.25,-118.75 (2.4%)"
2018-09-26,92.79,33.77,2.0,Strong heat stress,89.6 to 100.4 F,90.77,81.65,100.81,2.02,0,450,1,"34.25,-118.50 (35.4%); 34.00,-118.25 (23.1%); 34.00,-118.50 (22.6%); 34.25,-118.25 (10.1%); 33.75,-118.25 (6.4%); 34.25,-118.75 (2.4%)"
2018-09-27,96.69,35.94,2.0,Strong heat stress,89.6 to 100.4 F,90.41,81.36,100.86,6.28,0,450,1,"34.25,-118.50 (35.4%); 34.00,-118.25 (23.1%); 34.00,-118.50 (22.6%); 34.25,-118.25 (10.1%); 33.75,-118.25 (6.4%); 34.25,-118.75 (2.4%)"
2018-09-28,89.93,32.19,2.0,Strong heat stress,89.6 to 100.4 F,90.19,80.96,100.81,-0.26,0,450,1,"34.25,-118.50 (35.4%); 34.00,-118.25 (23.1%); 34.00,-118.50 (22.6%); 34.25,-118.25 (10.1%); 33.75,-118.25 (6.4%); 34.25,-118.75 (2.4%)"
2018-09-29,87.17,30.65,1.0,Moderate heat stress,78.8 to 89.6 F,90.09,80.91,100.86,-2.92,0,450,1,"34.25,-118.50 (35.4%); 34.00,-118.25 (23.1%); 34.00,-118.50 (22.6%); 34.25,-118.25 (10.1%); 33.75,-118.25 (6.4%); 34.25,-118.75 (2.4%)"
2018-09-30,89.95,32.2,2.0,Strong heat stress,89.6 to 100.4 F,90.07,80.96,100.86,-0.12,0,450,1,"34.25,-118.50 (35.4%); 34.00,-118.25 (23.1%); 34.00,-118.50 (22.6%); 34.25,-118.25 (10.1%); 33.75,-118.25 (6.4%); 34.25,-118.75 (2.4%)"
2018-10-01,96.79,36.0,2.0,Strong heat stress,89.6 to 100.4 F,89.89,80.96,100.17,6.9,0,450,1,"34.25,-118.50 (35.4%); 34.00,-118.25 (23.1%); 34.00,-118.50 (22.6%); 34.25,-118.25 (10.1%); 33.75,-118.25 (6.4%); 34.25,-118.75 (2.4%)"
2018-10-02,84.13,28.96,1.0,Moderate heat stress,78.8 to 89.6 F,89.55,80.91,100.11,-5.42,0,450,1,"34.25,-118.50 (35.4%); 34.00,-118.25 (23.1%); 34.00,-118.50 (22.6%); 34.25,-118.25 (10.1%); 33.75,-118.25 (6.4%); 34.25,-118.75 (2.4%)"
2018-10-03,79.8,26.56,1.0,Moderate heat stress,78.8 to 89.6 F,89.23,80.19,99.97,-9.43,0,450,1,"34.25,-118.50 (35.4%); 34.00,-118.25 (23.1%); 34.00,-118.50 (22.6%); 34.25,-118.25 (10.1%); 33.75,-118.25 (6.4%); 34.25,-118.75 (2.4%)"
2018-10-04,81.76,27.65,1.0,Moderate heat stress,78.8 to 89.6 F,88.86,79.8,99.63,-7.1,0,450,1,"34.25,-118.50 (35.4%); 34.00,-118.25 (23.1%); 34.00,-118.50 (22.6%); 34.25,-118.25 (10.1%); 33.75,-118.25 (6.4%); 34.25,-118.75 (2.4%)"
2018-10-05,88.97,31.65,1.0,Moderate heat stress,78.8 to 89.6 F,88.53,79.53,99.2,0.44,0,450,1,"34.25,-118.50 (35.4%); 34.00,-118.25 (23.1%); 34.00,-118.50 (22.6%); 34.25,-118.25 (10.1%); 33.75,-118.25 (6.4%); 34.25,-118.75 (2.4%)"
2018-10-06,84.06,28.92,1.0,Moderate heat stress,78.8 to 89.6 F,88.26,79.46,98.97,-4.2,0,450,1,"34.25,-118.50 (35.4%); 34.00,-118.25 (23.1%); 34.00,-118.50 (22.6%); 34.25,-118.25 (10.1%); 33.75,-118.25 (6.4%); 34.25,-118.75 (2.4%)"
2018-10-07,85.27,29.59,1.0,Moderate heat stress,78.8 to 89.6 F,88.01,79.37,98.57,-2.74,0,450,1,"34.25,-118.50 (35.4%); 34.00,-118.25 (23.1%); 34.00,-118.50 (22.6%); 34.25,-118.25 (10.1%); 33.75,-118.25 (6.4%); 34.25,-118.75 (2.4%)"
2018-10-08,84.25,29.03,1.0,Moderate heat stress,78.8 to 89.6 F,87.62,78.72,97.87,-3.37,0,450,1,"34.25,-118.50 (35.4%); 34.00,-118.25 (23.1%); 34.00,-118.50 (22.6%); 34.25,-118.25 (10.1%); 33.75,-118.25 (6.4%); 34.25,-118.75 (2.4%)"
2018-10-09,83.53,28.63,1.0,Moderate heat stress,78.8 to 89.6 F,87.29,78.29,97.76,-3.76,0,450,1,"34.25,-118.50 (35.4%); 34.00,-118.25 (23.1%); 34.00,-118.50 (22.6%); 34.25,-118.25 (10.1%); 33.75,-118.25 (6.4%); 34.25,-118.75 (2.4%)"
2018-10-10,79.9,26.61,1.0,Moderate heat stress,78.8 to 89.6 F,87.07,77.8,97.45,-7.17,0,450,1,"34.25,-118.50 (35.4%); 34.00,-118.25 (23.1%); 34.00,-118.50 (22.6%); 34.25,-118.25 (10.1%); 33.75,-118.25 (6.4%); 34.25,-118.75 (2.4%)"
2018-10-11,83.0,28.33,1.0,Moderate heat stress,78.8 to 89.6 F,87.04,77.75,97.17,-4.04,0,450,1,"34.25,-118.50 (35.4%); 34.00,-118.25 (23.1%); 34.00,-118.50 (22.6%); 34.25,-118.25 (10.1%); 33.75,-118.25 (6.4%); 34.25,-118.75 (2.4%)"
2018-10-12,89.6,32.0,1.0,Moderate heat stress,78.8 to 89.6 F,87.16,78.29,97.06,2.44,0,450,1,"34.25,-118.50 (35.4%); 34.00,-118.25 (23.1%); 34.00,-118.50 (22.6%); 34.25,-118.25 (10.1%); 33.75,-118.25 (6.4%); 34.25,-118.75 (2.4%)"
2018-10-13,74.33,23.52,0.0,No thermal stress,48.2 to 78.8 F,87.15,78.29,97.15,-12.82,0,450,1,"34.25,-118.50 (35.4%); 34.00,-118.25 (23.1%); 34.00,-118.50 (22.6%); 34.25,-118.25 (10.1%); 33.75,-118.25 (6.4%); 34.25,-118.75 (2.4%)"
2018-10-14,84.37,29.09,1.0,Moderate heat stress,78.8 to 89.6 F,86.95,78.24,96.85,-2.58,0,450,1,"34.25,-118.50 (35.4%); 34.00,-118.25 (23.1%); 34.00,-118.50 (22.6%); 34.25,-118.25 (10.1%); 33.75,-118.25 (6.4%); 34.25,-118.75 (2.4%)"
2018-10-15,78.67,25.93,0.0,No thermal stress,48.2 to 78.8 F,86.73,77.79,96.85,-8.06,0,450,1,"34.25,-118.50 (35.4%); 34.00,-118.25 (23.1%); 34.00,-118.50 (22.6%); 34.25,-118.25 (10.1%); 33.75,-118.25 (6.4%); 34.25,-118.75 (2.4%)"
2018-10-16,88.34,31.3,1.0,Moderate heat stress,78.8 to 89.6 F,86.59,77.13,96.62,1.75,0,450,1,"34.25,-118.50 (35.4%); 34.00,-118.25 (23.1%); 34.00,-118.50 (22.6%); 34.25,-118.25 (10.1%); 33.75,-118.25 (6.4%); 34.25,-118.75 (2.4%)"
2018-10-17,88.35,31.31,1.0,Moderate heat stress,78.8 to 89.6 F,86.47,77.13,96.53,1.88,0,450,1,"34.25,-118.50 (35.4%); 34.00,-118.25 (23.1%); 34.00,-118.50 (22.6%); 34.25,-118.25 (10.1%); 33.75,-118.25 (6.4%); 34.25,-118.75 (2.4%)"
2018-10-18,92.22,33.45,2.0,Strong heat stress,89.6 to 100.4 F,86.32,76.47,96.28,5.9,0,450,1,"34.25,-118.50 (35.4%); 34.00,-118.25 (23.1%); 34.00,-118.50 (22.6%); 34.25,-118.25 (10.1%); 33.75,-118.25 (6.4%); 34.25,-118.75 (2.4%)"
2018-10-19,94.83,34.9,2.0,Strong heat stress,89.6 to 100.4 F,86.25,76.34,96.26,8.58,0,450,1,"34.25,-118.50 (35.4%); 34.00,-118.25 (23.1%); 34.00,-118.50 (22.6%); 34.25,-118.25 (10.1%); 33.75,-118.25 (6.4%); 34.25,-118.75 (2.4%)"
2018-10-20,94.53,34.74,2.0,Strong heat stress,89.6 to 100.4 F,86.04,76.12,96.05,8.49,0,450,1,"34.25,-118.50 (35.4%); 34.00,-118.25 (23.1%); 34.00,-118.50 (22.6%); 34.25,-118.25 (10.1%); 33.75,-118.25 (6.4%); 34.25,-118.75 (2.4%)"
2018-10-21,87.88,31.04,1.0,Moderate heat stress,78.8 to 89.6 F,85.78,75.87,95.7,2.1,0,450,1,"34.25,-118.50 (35.4%); 34.00,-118.25 (23.1%); 34.00,-118.50 (22.6%); 34.25,-118.25 (10.1%); 33.75,-118.25 (6.4%); 34.25,-118.75 (2.4%)"
2018-10-22,86.24,30.13,1.0,Moderate heat stress,78.8 to 89.6 F,85.36,75.02,95.38,0.88,0,450,1,"34.25,-118.50 (35.4%); 34.00,-118.25 (23.1%); 34.00,-118.50 (22.6%); 34.25,-118.25 (10.1%); 33.75,-118.25 (6.4%); 34.25,-118.75 (2.4%)"
2018-10-23,87.23,30.68,1.0,Moderate heat stress,78.8 to 89.6 F,84.94,74.6,94.84,2.29,0,450,1,"34.25,-118.50 (35.4%); 34.00,-118.25 (23.1%); 34.00,-118.50 (22.6%); 34.25,-118.25 (10.1%); 33.75,-118.25 (6.4%); 34.25,-118.75 (2.4%)"
2018-10-24,87.6,30.89,1.0,Moderate heat stress,78.8 to 89.6 F,84.69,74.41,94.08,2.91,0,450,1,"34.25,-118.50 (35.4%); 34.00,-118.25 (23.1%); 34.00,-118.50 (22.6%); 34.25,-118.25 (10.1%); 33.75,-118.25 (6.4%); 34.25,-118.75 (2.4%)"
2018-10-25,89.03,31.69,1.0,Moderate heat stress,78.8 to 89.6 F,84.49,74.41,93.75,4.54,0,450,1,"34.25,-118.50 (35.4%); 34.00,-118.25 (23.1%); 34.00,-118.50 (22.6%); 34.25,-118.25 (10.1%); 33.75,-118.25 (6.4%); 34.25,-118.75 (2.4%)"
2018-10-26,93.71,34.29,2.0,Strong heat stress,89.6 to 100.4 F,84.28,74.09,93.73,9.43,0,450,1,"34.25,-118.50 (35.4%); 34.00,-118.25 (23.1%); 34.00,-118.50 (22.6%); 34.25,-118.25 (10.1%); 33.75,-118.25 (6.4%); 34.25,-118.75 (2.4%)"
2018-10-27,92.6,33.66,2.0,Strong heat stress,89.6 to 100.4 F,84.06,74.09,93.55,8.54,0,450,1,"34.25,-118.50 (35.4%); 34.00,-118.25 (23.1%); 34.00,-118.50 (22.6%); 34.25,-118.25 (10.1%); 33.75,-118.25 (6.4%); 34.25,-118.75 (2.4%)"
2018-10-28,89.92,32.18,2.0,Strong heat stress,89.6 to 100.4 F,83.85,74.01,93.26,6.07,0,450,1,"34.25,-118.50 (35.4%); 34.00,-118.25 (23.1%); 34.00,-118.50 (22.6%); 34.25,-118.25 (10.1%); 33.75,-118.25 (6.4%); 34.25,-118.75 (2.4%)"
2018-10-29,87.16,30.64,1.0,Moderate heat stress,78.8 to 89.6 F,83.76,74.27,93.1,3.4,0,450,1,"34.25,-118.50 (35.4%); 34.00,-118.25 (23.1%); 34.00,-118.50 (22.6%); 34.25,-118.25 (10.1%); 33.75,-118.25 (6.4%); 34.25,-118.75 (2.4%)"
2018-10-30,85.61,29.78,1.0,Moderate heat stress,78.8 to 89.6 F,83.52,74.32,92.86,2.09,0,450,1,"34.25,-118.50 (35.4%); 34.00,-118.25 (23.1%); 34.00,-118.50 (22.6%); 34.25,-118.25 (10.1%); 33.75,-118.25 (6.4%); 34.25,-118.75 (2.4%)"
2018-10-31,87.97,31.09,1.0,Moderate heat stress,78.8 to 89.6 F,83.22,74.27,92.61,4.75,0,450,1,"34.25,-118.50 (35.4%); 34.00,-118.25 (23.1%); 34.00,-118.50 (22.6%); 34.25,-118.25 (10.1%); 33.75,-118.25 (6.4%); 34.25,-118.75 (2.4%)"
2018-11-01,89.48,31.93,1.0,Moderate heat stress,78.8 to 89.6 F,82.76,73.54,92.47,6.72,0,450,1,"34.25,-118.50 (35.4%); 34.00,-118.25 (23.1%); 34.00,-118.50 (22.6%); 34.25,-118.25 (10.1%); 33.75,-118.25 (6.4%); 34.25,-118.75 (2.4%)"
2018-11-02,93.57,34.2,2.0,Strong heat stress,89.6 to 100.4 F,82.36,73.3,92.12,11.21,1,450,1,"34.25,-118.50 (35.4%); 34.00,-118.25 (23.1%); 34.00,-118.50 (22.6%); 34.25,-118.25 (10.1%); 33.75,-118.25 (6.4%); 34.25,-118.75 (2.4%)"
2018-11-03,91.99,33.33,2.0,Strong heat stress,89.6 to 100.4 F,81.95,73.06,91.99,10.04,0,450,1,"34.25,-118.50 (35.4%); 34.00,-118.25 (23.1%); 34.00,-118.50 (22.6%); 34.25,-118.25 (10.1%); 33.75,-118.25 (6.4%); 34.25,-118.75 (2.4%)"
2018-11-04,89.69,32.05,2.0,Strong heat stress,89.6 to 100.4 F,81.65,73.02,91.38,8.04,0,450,1,"34.25,-118.50 (35.4%); 34.00,-118.25 (23.1%); 34.00,-118.50 (22.6%); 34.25,-118.25 (10.1%); 33.75,-118.25 (6.4%); 34.25,-118.75 (2.4%)"
2018-11-05,82.53,28.07,1.0,Moderate heat stress,78.8 to 89.6 F,81.49,72.52,91.14,1.04,0,450,1,"34.25,-118.50 (35.4%); 34.00,-118.25 (23.1%); 34.00,-118.50 (22.6%); 34.25,-118.25 (10.1%); 33.75,-118.25 (6.4%); 34.25,-118.75 (2.4%)"
2018-11-06,85.25,29.59,1.0,Moderate heat stress,78.8 to 89.6 F,81.57,72.77,91.32,3.68,0,450,1,"34.25,-118.50 (35.4%); 34.00,-118.25 (23.1%); 34.00,-118.50 (22.6%); 34.25,-118.25 (10.1%); 33.75,-118.25 (6.4%); 34.25,-118.75 (2.4%)"
2018-11-07,81.67,27.6,1.0,Moderate heat stress,78.8 to 89.6 F,81.65,73.02,91.46,0.02,0,450,1,"34.25,-118.50 (35.4%); 34.00,-118.25 (23.1%); 34.00,-118.50 (22.6%); 34.25,-118.25 (10.1%); 33.75,-118.25 (6.4%); 34.25,-118.75 (2.4%)"
2018-11-08,84.82,29.35,1.0,Moderate heat stress,78.8 to 89.6 F,81.52,72.77,91.32,3.3,0,450,1,"34.25,-118.50 (35.4%); 34.00,-118.25 (23.1%); 34.00,-118.50 (22.6%); 34.25,-118.25 (10.1%); 33.75,-118.25 (6.4%); 34.25,-118.75 (2.4%)"
2018-11-09,85.5,29.72,1.0,Moderate heat stress,78.8 to 89.6 F,81.25,72.2,91.14,4.25,0,450,1,"34.25,-118.50 (35.4%); 34.00,-118.25 (23.1%); 34.00,-118.50 (22.6%); 34.25,-118.25 (10.1%); 33.75,-118.25 (6.4%); 34.25,-118.75 (2.4%)"
2018-11-10,85.01,29.45,1.0,Moderate heat stress,78.8 to 89.6 F,81.07,71.94,90.92,3.94,0,450,1,"34.25,-118.50 (35.4%); 34.00,-118.25 (23.1%); 34.00,-118.50 (22.6%); 34.25,-118.25 (10.1%); 33.75,-118.25 (6.4%); 34.25,-118.75 (2.4%)"
2018-11-11,83.74,28.74,1.0,Moderate heat stress,78.8 to 89.6 F,80.96,71.79,90.06,2.78,0,450,1,"34.25,-118.50 (35.4%); 34.00,-118.25 (23.1%); 34.00,-118.50 (22.6%); 34.25,-118.25 (10.1%); 33.75,-118.25 (6.4%); 34.25,-118.75 (2.4%)"
2018-11-12,85.19,29.55,1.0,Moderate heat stress,78.8 to 89.6 F,80.89,71.73,89.29,4.3,0,450,1,"34.25,-118.50 (35.4%); 34.00,-118.25 (23.1%); 34.00,-118.50 (22.6%); 34.25,-118.25 (10.1%); 33.75,-118.25 (6.4%); 34.25,-118.75 (2.4%)"
2018-11-13,84.99,29.44,1.0,Moderate heat stress,78.8 to 89.6 F,80.58,71.18,89.09,4.41,0,450,1,"34.25,-118.50 (35.4%); 34.00,-118.25 (23.1%); 34.00,-118.50 (22.6%); 34.25,-118.25 (10.1%); 33.75,-118.25 (6.4%); 34.25,-118.75 (2.4%)"
2018-11-14,86.72,30.4,1.0,Moderate heat stress,78.8 to 89.6 F,80.3,70.98,89.09,6.42,0,450,1,"34.25,-118.50 (35.4%); 34.00,-118.25 (23.1%); 34.00,-118.50 (22.6%); 34.25,-118.25 (10.1%); 33.75,-118.25 (6.4%); 34.25,-118.75 (2.4%)"
2018-11-15,84.57,29.21,1.0,Moderate heat stress,78.8 to 89.6 F,80.09,70.39,89.01,4.48,0,450,1,"34.25,-118.50 (35.4%); 34.00,-118.25 (23.1%); 34.00,-118.50 (22.6%); 34.25,-118.25 (10.1%); 33.75,-118.25 (6.4%); 34.25,-118.75 (2.4%)"
2018-11-16,83.83,28.79,1.0,Moderate heat stress,78.8 to 89.6 F,80.12,71.14,88.93,3.71,0,450,1,"34.25,-118.50 (35.4%); 34.00,-118.25 (23.1%); 34.00,-118.50 (22.6%); 34.25,-118.25 (10.1%); 33.75,-118.25 (6.4%); 34.25,-118.75 (2.4%)"
2018-11-17,81.39,27.44,1.0,Moderate heat stress,78.8 to 89.6 F,80.18,71.36,88.71,1.21,0,450,1,"34.25,-118.50 (35.4%); 34.00,-118.25 (23.1%); 34.00,-118.50 (22.6%); 34.25,-118.25 (10.1%); 33.75,-118.25 (6.4%); 34.25,-118.75 (2.4%)"
2018-11-18,83.79,28.77,1.0,Moderate heat stress,78.8 to 89.6 F,80.18,71.61,88.57,3.61,0,450,1,"34.25,-118.50 (35.4%); 34.00,-118.25 (23.1%); 34.00,-118.50 (22.6%); 34.25,-118.25 (10.1%); 33.75,-118.25 (6.4%); 34.25,-118.75 (2.4%)"
2018-11-19,78.44,25.8,0.0,No thermal stress,48.2 to 78.8 F,80.05,71.17,88.48,-1.61,0,450,1,"34.25,-118.50 (35.4%); 34.00,-118.25 (23.1%); 34.00,-118.50 (22.6%); 34.25,-118.25 (10.1%); 33.75,-118.25 (6.4%); 34.25,-118.75 (2.4%)"
2018-11-20,82.83,28.24,1.0,Moderate heat stress,78.8 to 89.6 F,79.68,71.05,88.47,3.15,0,450,1,"34.25,-118.50 (35.4%); 34.00,-118.25 (23.1%); 34.00,-118.50 (22.6%); 34.25,-118.25 (10.1%); 33.75,-118.25 (6.4%); 34.25,-118.75 (2.4%)"
2018-11-21,78.13,25.63,0.0,No thermal stress,48.2 to 78.8 F,79.17,70.32,87.54,-1.04,0,450,1,"34.25,-118.50 (35.4%); 34.00,-118.25 (23.1%); 34.00,-118.50 (22.6%); 34.25,-118.25 (10.1%); 33.75,-118.25 (6.4%); 34.25,-118.75 (2.4%)"
2018-11-22,73.33,22.96,0.0,No thermal stress,48.2 to 78.8 F,78.67,69.62,87.16,-5.34,0,450,1,"34.25,-118.50 (35.4%); 34.00,-118.25 (23.1%); 34.00,-118.50 (22.6%); 34.25,-118.25 (10.1%); 33.75,-118.25 (6.4%); 34.25,-118.75 (2.4%)"
2018-11-23,77.26,25.15,0.0,No thermal stress,48.2 to 78.8 F,78.31,69.46,86.41,-1.05,0,450,1,"34.25,-118.50 (35.4%); 34.00,-118.25 (23.1%); 34.00,-118.50 (22.6%); 34.25,-118.25 (10.1%); 33.75,-118.25 (6.4%); 34.25,-118.75 (2.4%)"
2018-11-24,79.23,26.24,1.0,Moderate heat stress,78.8 to 89.6 F,78.07,69.46,86.0,1.16,0,450,1,"34.25,-118.50 (35.4%); 34.00,-118.25 (23.1%); 34.00,-118.50 (22.6%); 34.25,-118.25 (10.1%); 33.75,-118.25 (6.4%); 34.25,-118.75 (2.4%)"
2018-11-25,82.85,28.25,1.0,Moderate heat stress,78.8 to 89.6 F,77.73,69.04,85.84,5.12,0,450,1,"34.25,-118.50 (35.4%); 34.00,-118.25 (23.1%); 34.00,-118.50 (22.6%); 34.25,-118.25 (10.1%); 33.75,-118.25 (6.4%); 34.25,-118.75 (2.4%)"
2018-11-26,84.83,29.35,1.0,Moderate heat stress,78.8 to 89.6 F,77.35,68.39,85.51,7.48,0,450,1,"34.25,-118.50 (35.4%); 34.00,-118.25 (23.1%); 34.00,-118.50 (22.6%); 34.25,-118.25 (10.1%); 33.75,-118.25 (6.4%); 34.25,-118.75 (2.4%)"
2018-11-27,81.71,27.62,1.0,Moderate heat stress,78.8 to 89.6 F,77.0,67.94,85.17,4.71,0,450,1,"34.25,-118.50 (35.4%); 34.00,-118.25 (23.1%); 34.00,-118.50 (22.6%); 34.25,-118.25 (10.1%); 33.75,-118.25 (6.4%); 34.25,-118.75 (2.4%)"
2018-11-28,76.16,24.54,0.0,No thermal stress,48.2 to 78.8 F,76.7,67.54,84.84,-0.54,0,450,1,"34.25,-118.50 (35.4%); 34.00,-118.25 (23.1%); 34.00,-118.50 (22.6%); 34.25,-118.25 (10.1%); 33.75,-118.25 (6.4%); 34.25,-118.75 (2.4%)"
2018-11-29,56.28,13.49,0.0,No thermal stress,48.2 to 78.8 F,76.34,67.02,84.34,-20.06,0,450,1,"34.25,-118.50 (35.4%); 34.00,-118.25 (23.1%); 34.00,-118.50 (22.6%); 34.25,-118.25 (10.1%); 33.75,-118.25 (6.4%); 34.25,-118.75 (2.4%)"
2018-11-30,75.88,24.38,0.0,No thermal stress,48.2 to 78.8 F,75.93,66.57,84.22,-0.05,0,450,1,"34.25,-118.50 (35.4%); 34.00,-118.25 (23.1%); 34.00,-118.50 (22.6%); 34.25,-118.25 (10.1%); 33.75,-118.25 (6.4%); 34.25,-118.75 (2.4%)"
2018-12-01,73.9,23.28,0.0,No thermal stress,48.2 to 78.8 F,75.62,65.73,84.22,-1.72,0,450,1,"34.25,-118.50 (35.4%); 34.00,-118.25 (23.1%); 34.00,-118.50 (22.6%); 34.25,-118.25 (10.1%); 33.75,-118.25 (6.4%); 34.25,-118.75 (2.4%)"
2018-12-02,69.32,20.73,0.0,No thermal stress,48.2 to 78.8 F,75.37,65.66,83.78,-6.05,0,450,1,"34.25,-118.50 (35.4%); 34.00,-118.25 (23.1%); 34.00,-118.50 (22.6%); 34.25,-118.25 (10.1%); 33.75,-118.25 (6.4%); 34.25,-118.75 (2.4%)"
2018-12-03,78.23,25.68,0.0,No thermal stress,48.2 to 78.8 F,75.12,65.52,83.3,3.11,0,450,1,"34.25,-118.50 (35.4%); 34.00,-118.25 (23.1%); 34.00,-118.50 (22.6%); 34.25,-118.25 (10.1%); 33.75,-118.25 (6.4%); 34.25,-118.75 (2.4%)"
2018-12-04,74.51,23.62,0.0,No thermal stress,48.2 to 78.8 F,74.8,64.6,82.9,-0.29,0,450,1,"34.25,-118.50 (35.4%); 34.00,-118.25 (23.1%); 34.00,-118.50 (22.6%); 34.25,-118.25 (10.1%); 33.75,-118.25 (6.4%); 34.25,-118.75 (2.4%)"
2018-12-05,56.57,13.65,0.0,No thermal stress,48.2 to 78.8 F,74.57,63.69,82.9,-18.0,0,450,1,"34.25,-118.50 (35.4%); 34.00,-118.25 (23.1%); 34.00,-118.50 (22.6%); 34.25,-118.25 (10.1%); 33.75,-118.25 (6.4%); 34.25,-118.75 (2.4%)"
2018-12-06,46.84,8.24,-1.0,Slight cold stress,32.0 to 48.2 F,74.53,63.97,82.78,-27.69,0,450,1,"34.25,-118.50 (35.4%); 34.00,-118.25 (23.1%); 34.00,-118.50 (22.6%); 34.25,-118.25 (10.1%); 33.75,-118.25 (6.4%); 34.25,-118.75 (2.4%)"
2018-12-07,80.37,26.87,1.0,Moderate heat stress,78.8 to 89.6 F,74.43,64.42,82.69,5.94,0,450,1,"34.25,-118.50 (35.4%); 34.00,-118.25 (23.1%); 34.00,-118.50 (22.6%); 34.25,-118.25 (10.1%); 33.75,-118.25 (6.4%); 34.25,-118.75 (2.4%)"
2018-12-08,80.12,26.73,1.0,Moderate heat stress,78.8 to 89.6 F,74.29,64.61,82.56,5.83,0,450,1,"34.25,-118.50 (35.4%); 34.00,-118.25 (23.1%); 34.00,-118.50 (22.6%); 34.25,-118.25 (10.1%); 33.75,-118.25 (6.4%); 34.25,-118.75 (2.4%)"
2018-12-09,78.88,26.04,1.0,Moderate heat stress,78.8 to 89.6 F,74.05,63.97,82.44,4.83,0,450,1,"34.25,-118.50 (35.4%); 34.00,-118.25 (23.1%); 34.00,-118.50 (22.6%); 34.25,-118.25 (10.1%); 33.75,-118.25 (6.4%); 34.25,-118.75 (2.4%)"
2018-12-10,76.6,24.78,0.0,No thermal stress,48.2 to 78.8 F,73.87,63.69,82.67,2.73,0,450,1,"34.25,-118.50 (35.4%); 34.00,-118.25 (23.1%); 34.00,-118.50 (22.6%); 34.25,-118.25 (10.1%); 33.75,-118.25 (6.4%); 34.25,-118.75 (2.4%)"
2018-12-11,78.6,25.89,0.0,No thermal stress,48.2 to 78.8 F,73.6,62.9,82.77,5.0,0,450,1,"34.25,-118.50 (35.4%); 34.00,-118.25 (23.1%); 34.00,-118.50 (22.6%); 34.25,-118.25 (10.1%); 33.75,-118.25 (6.4%); 34.25,-118.75 (2.4%)"
2018-12-12,74.64,23.69,0.0,No thermal stress,48.2 to 78.8 F,73.38,61.29,82.92,1.26,0,450,1,"34.25,-118.50 (35.4%); 34.00,-118.25 (23.1%); 34.00,-118.50 (22.6%); 34.25,-118.25 (10.1%); 33.75,-118.25 (6.4%); 34.25,-118.75 (2.4%)"
2018-12-13,81.61,27.56,1.0,Moderate heat stress,78.8 to 89.6 F,73.32,61.62,82.88,8.29,0,450,1,"34.25,-118.50 (35.4%); 34.00,-118.25 (23.1%); 34.00,-118.50 (22.6%); 34.25,-118.25 (10.1%); 33.75,-118.25 (6.4%); 34.25,-118.75 (2.4%)"
2018-12-14,71.44,21.91,0.0,No thermal stress,48.2 to 78.8 F,73.29,62.86,82.88,-1.85,0,450,1,"34.25,-118.50 (35.4%); 34.00,-118.25 (23.1%); 34.00,-118.50 (22.6%); 34.25,-118.25 (10.1%); 33.75,-118.25 (6.4%); 34.25,-118.75 (2.4%)"
2018-12-15,78.86,26.03,1.0,Moderate heat stress,78.8 to 89.6 F,73.15,62.77,82.61,5.71,0,450,1,"34.25,-118.50 (35.4%); 34.00,-118.25 (23.1%); 34.00,-118.50 (22.6%); 34.25,-118.25 (10.1%); 33.75,-118.25 (6.4%); 34.25,-118.75 (2.4%)"
2018-12-16,80.44,26.91,1.0,Moderate heat stress,78.8 to 89.6 F,73.01,62.27,82.55,7.43,0,450,1,"34.25,-118.50 (35.4%); 34.00,-118.25 (23.1%); 34.00,-118.50 (22.6%); 34.25,-118.25 (10.1%); 33.75,-118.25 (6.4%); 34.25,-118.75 (2.4%)"
2018-12-17,73.59,23.11,0.0,No thermal stress,48.2 to 78.8 F,72.87,61.29,82.36,0.72,0,450,1,"34.25,-118.50 (35.4%); 34.00,-118.25 (23.1%); 34.00,-118.50 (22.6%); 34.25,-118.25 (10.1%); 33.75,-118.25 (6.4%); 34.25,-118.75 (2.4%)"
2018-12-18,77.67,25.37,0.0,No thermal stress,48.2 to 78.8 F,72.72,60.62,82.37,4.95,0,450,1,"34.25,-118.50 (35.4%); 34.00,-118.25 (23.1%); 34.00,-118.50 (22.6%); 34.25,-118.25 (10.1%); 33.75,-118.25 (6.4%); 34.25,-118.75 (2.4%)"
2018-12-19,81.3,27.39,1.0,Moderate heat stress,78.8 to 89.6 F,72.64,60.95,82.34,8.66,0,450,1,"34.25,-118.50 (35.4%); 34.00,-118.25 (23.1%); 34.00,-118.50 (22.6%); 34.25,-118.25 (10.1%); 33.75,-118.25 (6.4%); 34.25,-118.75 (2.4%)"
2018-12-20,81.73,27.63,1.0,Moderate heat stress,78.8 to 89.6 F,72.67,60.95,82.34,9.06,0,450,1,"34.25,-118.50 (35.4%); 34.00,-118.25 (23.1%); 34.00,-118.50 (22.6%); 34.25,-118.25 (10.1%); 33.75,-118.25 (6.4%); 34.25,-118.75 (2.4%)"
2018-12-21,77.21,25.12,0.0,No thermal stress,48.2 to 78.8 F,72.53,60.95,82.37,4.68,0,450,1,"34.25,-118.50 (35.4%); 34.00,-118.25 (23.1%); 34.00,-118.50 (22.6%); 34.25,-118.25 (10.1%); 33.75,-118.25 (6.4%); 34.25,-118.75 (2.4%)"
2018-12-22,80.32,26.85,1.0,Moderate heat stress,78.8 to 89.6 F,72.48,60.17,82.39,7.84,0,450,1,"34.25,-118.50 (35.4%); 34.00,-118.25 (23.1%); 34.00,-118.50 (22.6%); 34.25,-118.25 (10.1%); 33.75,-118.25 (6.4%); 34.25,-118.75 (2.4%)"
2018-12-23,77.81,25.45,0.0,No thermal stress,48.2 to 78.8 F,72.44,60.64,82.36,5.37,0,450,1,"34.25,-118.50 (35.4%); 34.00,-118.25 (23.1%); 34.00,-118.50 (22.6%); 34.25,-118.25 (10.1%); 33.75,-118.25 (6.4%); 34.25,-118.75 (2.4%)"
2018-12-24,78.05,25.58,0.0,No thermal stress,48.2 to 78.8 F,72.44,60.77,82.34,5.61,0,450,1,"34.25,-118.50 (35.4%); 34.00,-118.25 (23.1%); 34.00,-118.50 (22.6%); 34.25,-118.25 (10.1%); 33.75,-118.25 (6.4%); 34.25,-118.75 (2.4%)"
2018-12-25,67.47,19.7,0.0,No thermal stress,48.2 to 78.8 F,72.54,60.96,82.15,-5.07,0,450,1,"34.25,-118.50 (35.4%); 34.00,-118.25 (23.1%); 34.00,-118.50 (22.6%); 34.25,-118.25 (10.1%); 33.75,-118.25 (6.4%); 34.25,-118.75 (2.4%)"
2018-12-26,75.8,24.33,0.0,No thermal stress,48.2 to 78.8 F,72.55,60.77,82.36,3.25,0,450,1,"34.25,-118.50 (35.4%); 34.00,-118.25 (23.1%); 34.00,-118.50 (22.6%); 34.25,-118.25 (10.1%); 33.75,-118.25 (6.4%); 34.25,-118.75 (2.4%)"
2018-12-27,71.86,22.15,0.0,No thermal stress,48.2 to 78.8 F,72.57,60.7,82.36,-0.71,0,450,1,"34.25,-118.50 (35.4%); 34.00,-118.25 (23.1%); 34.00,-118.50 (22.6%); 34.25,-118.25 (10.1%); 33.75,-118.25 (6.4%); 34.25,-118.75 (2.4%)"
2018-12-28,68.41,20.23,0.0,No thermal stress,48.2 to 78.8 F,72.53,60.49,82.39,-4.12,0,450,1,"34.25,-118.50 (35.4%); 34.00,-118.25 (23.1%); 34.00,-118.50 (22.6%); 34.25,-118.25 (10.1%); 33.75,-118.25 (6.4%); 34.25,-118.75 (2.4%)"
2018-12-29,72.95,22.75,0.0,No thermal stress,48.2 to 78.8 F,72.46,59.6,82.76,0.49,0,450,1,"34.25,-118.50 (35.4%); 34.00,-118.25 (23.1%); 34.00,-118.50 (22.6%); 34.25,-118.25 (10.1%); 33.75,-118.25 (6.4%); 34.25,-118.75 (2.4%)"
2018-12-30,72.41,22.45,0.0,No thermal stress,48.2 to 78.8 F,72.63,59.64,82.92,-0.22,0,450,1,"34.25,-118.50 (35.4%); 34.00,-118.25 (23.1%); 34.00,-118.50 (22.6%); 34.25,-118.25 (10.1%); 33.75,-118.25 (6.4%); 34.25,-118.75 (2.4%)"
2018-12-31,67.85,19.92,0.0,No thermal stress,48.2 to 78.8 F,72.59,59.51,83.13,-4.74,0,450,1,"34.25,-118.50 (35.4%); 34.00,-118.25 (23.1%); 34.00,-118.50 (22.6%); 34.25,-118.25 (10.1%); 33.75,-118.25 (6.4%); 34.25,-118.75 (2.4%)"
2019-01-01,62.56,16.98,0.0,No thermal stress,48.2 to 78.8 F,72.59,59.05,83.16,-10.03,0,450,1,"34.25,-118.50 (35.4%); 34.00,-118.25 (23.1%); 34.00,-118.50 (22.6%); 34.25,-118.25 (10.1%); 33.75,-118.25 (6.4%); 34.25,-118.75 (2.4%)"
2019-01-02,74.02,23.34,0.0,No thermal stress,48.2 to 78.8 F,72.55,59.05,83.02,1.47,0,450,1,"34.25,-118.50 (35.4%); 34.00,-118.25 (23.1%); 34.00,-118.50 (22.6%); 34.25,-118.25 (10.1%); 33.75,-118.25 (6.4%); 34.25,-118.75 (2.4%)"
2019-01-03,76.38,24.65,0.0,No thermal stress,48.2 to 78.8 F,72.6,58.43,83.16,3.78,0,450,1,"34.25,-118.50 (35.4%); 34.00,-118.25 (23.1%); 34.00,-118.50 (22.6%); 34.25,-118.25 (10.1%); 33.75,-118.25 (6.4%); 34.25,-118.75 (2.4%)"
2019-01-04,76.03,24.46,0.0,No thermal stress,48.2 to 78.8 F,72.65,58.45,83.22,3.38,0,450,1,"34.25,-118.50 (35.4%); 34.00,-118.25 (23.1%); 34.00,-118.50 (22.6%); 34.25,-118.25 (10.1%); 33.75,-118.25 (6.4%); 34.25,-118.75 (2.4%)"
2019-01-05,56.33,13.52,0.0,No thermal stress,48.2 to 78.8 F,72.71,58.14,83.16,-16.38,0,450,1,"34.25,-118.50 (35.4%); 34.00,-118.25 (23.1%); 34.00,-118.50 (22.6%); 34.25,-118.25 (10.1%); 33.75,-118.25 (6.4%); 34.25,-118.75 (2.4%)"
2019-01-06,68.76,20.42,0.0,No thermal stress,48.2 to 78.8 F,72.95,58.4,83.57,-4.19,0,450,1,"34.25,-118.50 (35.4%); 34.00,-118.25 (23.1%); 34.00,-118.50 (22.6%); 34.25,-118.25 (10.1%); 33.75,-118.25 (6.4%); 34.25,-118.75 (2.4%)"
2019-01-07,63.5,17.5,0.0,No thermal stress,48.2 to 78.8 F,73.12,58.15,83.84,-9.62,0,450,1,"34.25,-118.50 (35.4%); 34.00,-118.25 (23.1%); 34.00,-118.50 (22.6%); 34.25,-118.25 (10.1%); 33.75,-118.25 (6.4%); 34.25,-118.75 (2.4%)"
2019-01-08,77.29,25.16,0.0,No thermal stress,48.2 to 78.8 F,73.15,57.71,84.08,4.14,0,450,1,"34.25,-118.50 (35.4%); 34.00,-118.25 (23.1%); 34.00,-118.50 (22.6%); 34.25,-118.25 (10.1%); 33.75,-118.25 (6.4%); 34.25,-118.75 (2.4%)"
2019-01-09,78.17,25.65,0.0,No thermal stress,48.2 to 78.8 F,73.17,57.56,84.23,5.0,0,450,1,"34.25,-118.50 (35.4%); 34.00,-118.25 (23.1%); 34.00,-118.50 (22.6%); 34.25,-118.25 (10.1%); 33.75,-118.25 (6.4%); 34.25,-118.75 (2.4%)"
2019-01-10,77.61,25.34,0.0,No thermal stress,48.2 to 78.8 F,73.42,57.8,84.26,4.19,0,450,1,"34.25,-118.50 (35.4%); 34.00,-118.25 (23.1%); 34.00,-118.50 (22.6%); 34.25,-118.25 (10.1%); 33.75,-118.25 (6.4%); 34.25,-118.75 (2.4%)"
2019-01-11,67.48,19.71,0.0,No thermal stress,48.2 to 78.8 F,73.64,58.54,84.31,-6.16,0,450,1,"34.25,-118.50 (35.4%); 34.00,-118.25 (23.1%); 34.00,-118.50 (22.6%); 34.25,-118.25 (10.1%); 33.75,-118.25 (6.4%); 34.25,-118.75 (2.4%)"
2019-01-12,64.03,17.79,0.0,No thermal stress,48.2 to 78.8 F,73.72,58.84,84.43,-9.69,0,450,1,"34.25,-118.50 (35.4%); 34.00,-118.25 (23.1%); 34.00,-118.50 (22.6%); 34.25,-118.25 (10.1%); 33.75,-118.25 (6.4%); 34.25,-118.75 (2.4%)"
2019-01-13,70.96,21.64,0.0,No thermal stress,48.2 to 78.8 F,73.83,59.77,84.47,-2.87,0,450,1,"34.25,-118.50 (35.4%); 34.00,-118.25 (23.1%); 34.00,-118.50 (22.6%); 34.25,-118.25 (10.1%); 33.75,-118.25 (6.4%); 34.25,-118.75 (2.4%)"
2019-01-14,46.93,8.29,-1.0,Slight cold stress,32.0 to 48.2 F,73.78,59.79,84.43,-26.85,0,450,1,"34.25,-118.50 (35.4%); 34.00,-118.25 (23.1%); 34.00,-118.50 (22.6%); 34.25,-118.25 (10.1%); 33.75,-118.25 (6.4%); 34.25,-118.75 (2.4%)"
2019-01-15,54.23,12.35,0.0,No thermal stress,48.2 to 78.8 F,73.83,59.79,84.11,-19.6,0,450,1,"34.25,-118.50 (35.4%); 34.00,-118.25 (23.1%); 34.00,-118.50 (22.6%); 34.25,-118.25 (10.1%); 33.75,-118.25 (6.4%); 34.25,-118.75 (2.4%)"
2019-01-16,54.1,12.28,0.0,No thermal stress,48.2 to 78.8 F,73.77,59.79,84.05,-19.67,0,450,1,"34.25,-118.50 (35.4%); 34.00,-118.25 (23.1%); 34.00,-118.50 (22.6%); 34.25,-118.25 (10.1%); 33.75,-118.25 (6.4%); 34.25,-118.75 (2.4%)"
2019-01-17,59.56,15.31,0.0,No thermal stress,48.2 to 78.8 F,73.91,60.07,84.05,-14.35,0,450,1,"34.25,-118.50 (35.4%); 34.00,-118.25 (23.1%); 34.00,-118.50 (22.6%); 34.25,-118.25 (10.1%); 33.75,-118.25 (6.4%); 34.25,-118.75 (2.4%)"
2019-01-18,77.56,25.31,0.0,No thermal stress,48.2 to 78.8 F,73.96,60.23,84.12,3.6,0,450,1,"34.25,-118.50 (35.4%); 34.00,-118.25 (23.1%); 34.00,-118.50 (22.6%); 34.25,-118.25 (10.1%); 33.75,-118.25 (6.4%); 34.25,-118.75 (2.4%)"
2019-01-19,83.81,28.79,1.0,Moderate heat stress,78.8 to 89.6 F,74.03,60.55,83.96,9.78,0,450,1,"34.25,-118.50 (35.4%); 34.00,-118.25 (23.1%); 34.00,-118.50 (22.6%); 34.25,-118.25 (10.1%); 33.75,-118.25 (6.4%); 34.25,-118.75 (2.4%)"
2019-01-20,81.2,27.33,1.0,Moderate heat stress,78.8 to 89.6 F,74.06,60.98,83.82,7.14,0,450,1,"34.25,-118.50 (35.4%); 34.00,-118.25 (23.1%); 34.00,-118.50 (22.6%); 34.25,-118.25 (10.1%); 33.75,-118.25 (6.4%); 34.25,-118.75 (2.4%)"
2019-01-21,58.61,14.78,0.0,No thermal stress,48.2 to 78.8 F,74.02,60.98,83.47,-15.41,0,450,1,"34.25,-118.50 (35.4%); 34.00,-118.25 (23.1%); 34.00,-118.50 (22.6%); 34.25,-118.25 (10.1%); 33.75,-118.25 (6.4%); 34.25,-118.75 (2.4%)"
2019-01-22,73.91,23.28,0.0,No thermal stress,48.2 to 78.8 F,74.04,61.34,83.43,-0.13,0,450,1,"34.25,-118.50 (35.4%); 34.00,-118.25 (23.1%); 34.00,-118.50 (22.6%); 34.25,-118.25 (10.1%); 33.75,-118.25 (6.4%); 34.25,-118.75 (2.4%)"
2019-01-23,75.9,24.39,0.0,No thermal stress,48.2 to 78.8 F,74.19,62.04,83.57,1.71,0,450,1,"34.25,-118.50 (35.4%); 34.00,-118.25 (23.1%); 34.00,-118.50 (22.6%); 34.25,-118.25 (10.1%); 33.75,-118.25 (6.4%); 34.25,-118.75 (2.4%)"
2019-01-24,81.88,27.71,1.0,Moderate heat stress,78.8 to 89.6 F,74.16,61.34,83.57,7.72,0,450,1,"34.25,-118.50 (35.4%); 34.00,-118.25 (23.1%); 34.00,-118.50 (22.6%); 34.25,-118.25 (10.1%); 33.75,-118.25 (6.4%); 34.25,-118.75 (2.4%)"
2019-01-25,81.42,27.45,1.0,Moderate heat stress,78.8 to 89.6 F,74.2,62.04,83.45,7.22,0,450,1,"34.25,-118.50 (35.4%); 34.00,-118.25 (23.1%); 34.00,-118.50 (22.6%); 34.25,-118.25 (10.1%); 33.75,-118.25 (6.4%); 34.25,-118.75 (2.4%)"
2019-01-26,83.76,28.75,1.0,Moderate heat stress,78.8 to 89.6 F,74.16,62.04,83.43,9.6,1,450,1,"34.25,-118.50 (35.4%); 34.00,-118.25 (23.1%); 34.00,-118.50 (22.6%); 34.25,-118.25 (10.1%); 33.75,-118.25 (6.4%); 34.25,-118.75 (2.4%)"
2019-01-27,82.55,28.08,1.0,Moderate heat stress,78.8 to 89.6 F,74.13,61.05,83.43,8.42,0,450,1,"34.25,-118.50 (35.4%); 34.00,-118.25 (23.1%); 34.00,-118.50 (22.6%); 34.25,-118.25 (10.1%); 33.75,-118.25 (6.4%); 34.25,-118.75 (2.4%)"
2019-01-28,79.92,26.62,1.0,Moderate heat stress,78.8 to 89.6 F,74.29,62.33,83.45,5.63,0,450,1,"34.25,-118.50 (35.4%); 34.00,-118.25 (23.1%); 34.00,-118.50 (22.6%); 34.25,-118.25 (10.1%); 33.75,-118.25 (6.4%); 34.25,-118.75 (2.4%)"
2019-01-29,78.59,25.89,0.0,No thermal stress,48.2 to 78.8 F,74.5,62.77,83.76,4.09,0,450,1,"34.25,-118.50 (35.4%); 34.00,-118.25 (23.1%); 34.00,-118.50 (22.6%); 34.25,-118.25 (10.1%); 33.75,-118.25 (6.4%); 34.25,-118.75 (2.4%)"
2019-01-30,78.01,25.56,0.0,No thermal stress,48.2 to 78.8 F,74.54,62.6,83.82,3.47,0,450,1,"34.25,-118.50 (35.4%); 34.00,-118.25 (23.1%); 34.00,-118.50 (22.6%); 34.25,-118.25 (10.1%); 33.75,-118.25 (6.4%); 34.25,-118.75 (2.4%)"
2019-01-31,62.99,17.22,0.0,No thermal stress,48.2 to 78.8 F,74.56,62.48,84.29,-11.57,0,450,1,"34.25,-118.50 (35.4%); 34.00,-118.25 (23.1%); 34.00,-118.50 (22.6%); 34.25,-118.25 (10.1%); 33.75,-118.25 (6.4%); 34.25,-118.75 (2.4%)"
2019-02-01,67.08,19.49,0.0,No thermal stress,48.2 to 78.8 F,74.66,62.51,84.85,-7.58,0,450,1,"34.25,-118.50 (35.4%); 34.00,-118.25 (23.1%); 34.00,-118.50 (22.6%); 34.25,-118.25 (10.1%); 33.75,-118.25 (6.4%); 34.25,-118.75 (2.4%)"
2019-02-02,56.66,13.7,0.0,No thermal stress,48.2 to 78.8 F,74.68,62.25,85.08,-18.02,0,450,1,"34.25,-118.50 (35.4%); 34.00,-118.25 (23.1%); 34.00,-118.50 (22.6%); 34.25,-118.25 (10.1%); 33.75,-118.25 (6.4%); 34.25,-118.75 (2.4%)"
2019-02-03,54.01,12.23,0.0,No thermal stress,48.2 to 78.8 F,74.64,61.28,85.19,-20.63,0,450,1,"34.25,-118.50 (35.4%); 34.00,-118.25 (23.1%); 34.00,-118.50 (22.6%); 34.25,-118.25 (10.1%); 33.75,-118.25 (6.4%); 34.25,-118.75 (2.4%)"
2019-02-04,58.66,14.81,0.0,No thermal stress,48.2 to 78.8 F,74.64,61.06,85.67,-15.98,0,450,1,"34.25,-118.50 (35.4%); 34.00,-118.25 (23.1%); 34.00,-118.50 (22.6%); 34.25,-118.25 (10.1%); 33.75,-118.25 (6.4%); 34.25,-118.75 (2.4%)"
2019-02-05,55.74,13.19,0.0,No thermal stress,48.2 to 78.8 F,74.63,61.06,85.85,-18.89,0,450,1,"34.25,-118.50 (35.4%); 34.00,-118.25 (23.1%); 34.00,-118.50 (22.6%); 34.25,-118.25 (10.1%); 33.75,-118.25 (6.4%); 34.25,-118.75 (2.4%)"
2019-02-06,62.85,17.14,0.0,No thermal stress,48.2 to 78.8 F,74.5,60.42,85.88,-11.65,0,450,1,"34.25,-118.50 (35.4%); 34.00,-118.25 (23.1%); 34.00,-118.50 (22.6%); 34.25,-118.25 (10.1%); 33.75,-118.25 (6.4%); 34.25,-118.75 (2.4%)"
2019-02-07,73.13,22.85,0.0,No thermal stress,48.2 to 78.8 F,74.47,60.65,85.94,-1.34,0,450,1,"34.25,-118.50 (35.4%); 34.00,-118.25 (23.1%); 34.00,-118.50 (22.6%); 34.25,-118.25 (10.1%); 33.75,-118.25 (6.4%); 34.25,-118.75 (2.4%)"
2019-02-08,70.77,21.54,0.0,No thermal stress,48.2 to 78.8 F,74.55,60.87,85.88,-3.78,0,450,1,"34.25,-118.50 (35.4%); 34.00,-118.25 (23.1%); 34.00,-118.50 (22.6%); 34.25,-118.25 (10.1%); 33.75,-118.25 (6.4%); 34.25,-118.75 (2.4%)"
2019-02-09,69.13,20.63,0.0,No thermal stress,48.2 to 78.8 F,74.42,60.37,85.94,-5.29,0,450,1,"34.25,-118.50 (35.4%); 34.00,-118.25 (23.1%); 34.00,-118.50 (22.6%); 34.25,-118.25 (10.1%); 33.75,-118.25 (6.4%); 34.25,-118.75 (2.4%)"
2019-02-10,54.43,12.46,0.0,No thermal stress,48.2 to 78.8 F,74.25,60.15,85.85,-19.82,0,450,1,"34.25,-118.50 (35.4%); 34.00,-118.25 (23.1%); 34.00,-118.50 (22.6%); 34.25,-118.25 (10.1%); 33.75,-118.25 (6.4%); 34.25,-118.75 (2.4%)"
2019-02-11,70.8,21.56,0.0,No thermal stress,48.2 to 78.8 F,74.17,60.37,85.71,-3.37,0,450,1,"34.25,-118.50 (35.4%); 34.00,-118.25 (23.1%); 34.00,-118.50 (22.6%); 34.25,-118.25 (10.1%); 33.75,-118.25 (6.4%); 34.25,-118.75 (2.4%)"
2019-02-12,72.98,22.77,0.0,No thermal stress,48.2 to 78.8 F,73.89,60.08,85.58,-0.91,0,450,1,"34.25,-118.50 (35.4%); 34.00,-118.25 (23.1%); 34.00,-118.50 (22.6%); 34.25,-118.25 (10.1%); 33.75,-118.25 (6.4%); 34.25,-118.75 (2.4%)"
2019-02-13,54.46,12.48,0.0,No thermal stress,48.2 to 78.8 F,73.61,59.32,85.58,-19.15,0,450,1,"34.25,-118.50 (35.4%); 34.00,-118.25 (23.1%); 34.00,-118.50 (22.6%); 34.25,-118.25 (10.1%); 33.75,-118.25 (6.4%); 34.25,-118.75 (2.4%)"
2019-02-14,48.3,9.06,0.0,No thermal stress,48.2 to 78.8 F,73.59,59.66,85.62,-25.29,0,450,1,"34.25,-118.50 (35.4%); 34.00,-118.25 (23.1%); 34.00,-118.50 (22.6%); 34.25,-118.25 (10.1%); 33.75,-118.25 (6.4%); 34.25,-118.75 (2.4%)"
2019-02-15,67.17,19.54,0.0,No thermal stress,48.2 to 78.8 F,73.6,59.16,85.57,-6.43,0,450,1,"34.25,-118.50 (35.4%); 34.00,-118.25 (23.1%); 34.00,-118.50 (22.6%); 34.25,-118.25 (10.1%); 33.75,-118.25 (6.4%); 34.25,-118.75 (2.4%)"
2019-02-16,65.08,18.38,0.0,No thermal stress,48.2 to 78.8 F,73.36,59.08,85.43,-8.28,0,450,1,"34.25,-118.50 (35.4%); 34.00,-118.25 (23.1%); 34.00,-118.50 (22.6%); 34.25,-118.25 (10.1%); 33.75,-118.25 (6.4%); 34.25,-118.75 (2.4%)"
2019-02-17,60.06,15.59,0.0,No thermal stress,48.2 to 78.8 F,73.38,59.64,85.13,-13.32,0,450,1,"34.25,-118.50 (35.4%); 34.00,-118.25 (23.1%); 34.00,-118.50 (22.6%); 34.25,-118.25 (10.1%); 33.75,-118.25 (6.4%); 34.25,-118.75 (2.4%)"
2019-02-18,70.35,21.3,0.0,No thermal stress,48.2 to 78.8 F,73.4,59.84,85.22,-3.05,0,450,1,"34.25,-118.50 (35.4%); 34.00,-118.25 (23.1%); 34.00,-118.50 (22.6%); 34.25,-118.25 (10.1%); 33.75,-118.25 (6.4%); 34.25,-118.75 (2.4%)"
2019-02-19,71.1,21.72,0.0,No thermal stress,48.2 to 78.8 F,73.41,60.04,85.29,-2.31,0,450,1,"34.25,-118.50 (35.4%); 34.00,-118.25 (23.1%); 34.00,-118.50 (22.6%); 34.25,-118.25 (10.1%); 33.75,-118.25 (6.4%); 34.25,-118.75 (2.4%)"
2019-02-20,62.56,16.98,0.0,No thermal stress,48.2 to 78.8 F,73.12,59.84,84.85,-10.56,0,450,1,"34.25,-118.50 (35.4%); 34.00,-118.25 (23.1%); 34.00,-118.50 (22.6%); 34.25,-118.25 (10.1%); 33.75,-118.25 (6.4%); 34.25,-118.75 (2.4%)"
2019-02-21,67.78,19.88,0.0,No thermal stress,48.2 to 78.8 F,73.12,60.13,84.89,-5.34,0,458,1,"34.25,-118.50 (35.4%); 34.00,-118.25 (23.1%); 34.00,-118.50 (22.6%); 34.25,-118.25 (10.1%); 33.75,-118.25 (6.4%); 34.25,-118.75 (2.4%)"
2019-02-22,69.65,20.92,0.0,No thermal stress,48.2 to 78.8 F,73.11,60.13,84.79,-3.46,0,458,1,"34.25,-118.50 (35.4%); 34.00,-118.25 (23.1%); 34.00,-118.50 (22.6%); 34.25,-118.25 (10.1%); 33.75,-118.25 (6.4%); 34.25,-118.75 (2.4%)"
2019-02-23,70.76,21.53,0.0,No thermal stress,48.2 to 78.8 F,72.99,60.01,84.39,-2.23,0,458,1,"34.25,-118.50 (35.4%); 34.00,-118.25 (23.1%); 34.00,-118.50 (22.6%); 34.25,-118.25 (10.1%); 33.75,-118.25 (6.4%); 34.25,-118.75 (2.4%)"
2019-02-24,76.05,24.47,0.0,No thermal stress,48.2 to 78.8 F,73.02,60.22,84.16,3.03,0,458,1,"34.25,-118.50 (35.4%); 34.00,-118.25 (23.1%); 34.00,-118.50 (22.6%); 34.25,-118.25 (10.1%); 33.75,-118.25 (6.4%); 34.25,-118.75 (2.4%)"
2019-02-25,75.0,23.89,0.0,No thermal stress,48.2 to 78.8 F,73.13,60.25,84.44,1.87,0,458,1,"34.25,-118.50 (35.4%); 34.00,-118.25 (23.1%); 34.00,-118.50 (22.6%); 34.25,-118.25 (10.1%); 33.75,-118.25 (6.4%); 34.25,-118.75 (2.4%)"
2019-02-26,76.68,24.82,0.0,No thermal stress,48.2 to 78.8 F,73.24,60.23,84.7,3.44,0,458,1,"34.25,-118.50 (35.4%); 34.00,-118.25 (23.1%); 34.00,-118.50 (22.6%); 34.25,-118.25 (10.1%); 33.75,-118.25 (6.4%); 34.25,-118.75 (2.4%)"
2019-02-27,72.49,22.49,0.0,No thermal stress,48.2 to 78.8 F,73.37,60.25,84.77,-0.88,0,458,1,"34.25,-118.50 (35.4%); 34.00,-118.25 (23.1%); 34.00,-118.50 (22.6%); 34.25,-118.25 (10.1%); 33.75,-118.25 (6.4%); 34.25,-118.75 (2.4%)"
2019-02-28,70.17,21.2,0.0,No thermal stress,48.2 to 78.8 F,73.66,61.46,84.89,-3.49,0,458,1,"34.25,-118.50 (35.4%); 34.00,-118.25 (23.1%); 34.00,-118.50 (22.6%); 34.25,-118.25 (10.1%); 33.75,-118.25 (6.4%); 34.25,-118.75 (2.4%)"
2019-03-01,73.72,23.18,0.0,No thermal stress,48.2 to 78.8 F,73.88,61.73,85.12,-0.16,0,458,1,"34.25,-118.50 (35.4%); 34.00,-118.25 (23.1%); 34.00,-118.50 (22.6%); 34.25,-118.25 (10.1%); 33.75,-118.25 (6.4%); 34.25,-118.75 (2.4%)"
2019-03-02,62.93,17.18,0.0,No thermal stress,48.2 to 78.8 F,74.25,62.2,85.7,-11.32,0,458,1,"34.25,-118.50 (35.4%); 34.00,-118.25 (23.1%); 34.00,-118.50 (22.6%); 34.25,-118.25 (10.1%); 33.75,-118.25 (6.4%); 34.25,-118.75 (2.4%)"
2019-03-03,63.08,17.26,0.0,No thermal stress,48.2 to 78.8 F,74.61,62.73,85.83,-11.53,0,458,1,"34.25,-118.50 (35.4%); 34.00,-118.25 (23.1%); 34.00,-118.50 (22.6%); 34.25,-118.25 (10.1%); 33.75,-118.25 (6.4%); 34.25,-118.75 (2.4%)"
2019-03-04,73.8,23.22,0.0,No thermal stress,48.2 to 78.8 F,74.89,62.89,86.12,-1.09,0,458,1,"34.25,-118.50 (35.4%); 34.00,-118.25 (23.1%); 34.00,-118.50 (22.6%); 34.25,-118.25 (10.1%); 33.75,-118.25 (6.4%); 34.25,-118.75 (2.4%)"
2019-03-05,77.73,25.41,0.0,No thermal stress,48.2 to 78.8 F,75.26,63.01,86.29,2.47,0,458,1,"34.25,-118.50 (35.4%); 34.00,-118.25 (23.1%); 34.00,-118.50 (22.6%); 34.25,-118.25 (10.1%); 33.75,-118.25 (6.4%); 34.25,-118.75 (2.4%)"
2019-03-06,56.74,13.75,0.0,No thermal stress,48.2 to 78.8 F,75.55,63.11,86.36,-18.81,0,458,1,"34.25,-118.50 (35.4%); 34.00,-118.25 (23.1%); 34.00,-118.50 (22.6%); 34.25,-118.25 (10.1%); 33.75,-118.25 (6.4%); 34.25,-118.75 (2.4%)"
2019-03-07,70.82,21.57,0.0,No thermal stress,48.2 to 78.8 F,76.02,64.24,86.52,-5.2,0,458,1,"34.25,-118.50 (35.4%); 34.00,-118.25 (23.1%); 34.00,-118.50 (22.6%); 34.25,-118.25 (10.1%); 33.75,-118.25 (6.4%); 34.25,-118.75 (2.4%)"
2019-03-08,58.41,14.67,0.0,No thermal stress,48.2 to 78.8 F,76.29,64.29,87.01,-17.88,0,450,1,"34.25,-118.50 (35.4%); 34.00,-118.25 (23.1%); 34.00,-118.50 (22.6%); 34.25,-118.25 (10.1%); 33.75,-118.25 (6.4%); 34.25,-118.75 (2.4%)"
2019-03-09,66.21,19.01,0.0,No thermal stress,48.2 to 78.8 F,76.5,64.29,87.23,-10.29,0,450,1,"34.25,-118.50 (35.4%); 34.00,-118.25 (23.1%); 34.00,-118.50 (22.6%); 34.25,-118.25 (10.1%); 33.75,-118.25 (6.4%); 34.25,-118.75 (2.4%)"
2019-03-10,71.37,21.87,0.0,No thermal stress,48.2 to 78.8 F,76.71,64.98,87.23,-5.34,0,450,1,"34.25,-118.50 (35.4%); 34.00,-118.25 (23.1%); 34.00,-118.50 (22.6%); 34.25,-118.25 (10.1%); 33.75,-118.25 (6.4%); 34.25,-118.75 (2.4%)"
2019-03-11,73.05,22.81,0.0,No thermal stress,48.2 to 78.8 F,76.88,65.48,87.29,-3.83,0,450,1,"34.25,-118.50 (35.4%); 34.00,-118.25 (23.1%); 34.00,-118.50 (22.6%); 34.25,-118.25 (10.1%); 33.75,-118.25 (6.4%); 34.25,-118.75 (2.4%)"
2019-03-12,72.05,22.25,0.0,No thermal stress,48.2 to 78.8 F,77.04,65.61,87.4,-4.99,0,450,1,"34.25,-118.50 (35.4%); 34.00,-118.25 (23.1%); 34.00,-118.50 (22.6%); 34.25,-118.25 (10.1%); 33.75,-118.25 (6.4%); 34.25,-118.75 (2.4%)"
2019-03-13,72.69,22.6,0.0,No thermal stress,48.2 to 78.8 F,77.05,65.66,87.4,-4.36,0,450,1,"34.25,-118.50 (35.4%); 34.00,-118.25 (23.1%); 34.00,-118.50 (22.6%); 34.25,-118.25 (10.1%); 33.75,-118.25 (6.4%); 34.25,-118.75 (2.4%)"
2019-03-14,77.56,25.31,0.0,No thermal stress,48.2 to 78.8 F,77.2,66.2,87.24,0.36,0,450,1,"34.25,-118.50 (35.4%); 34.00,-118.25 (23.1%); 34.00,-118.50 (22.6%); 34.25,-118.25 (10.1%); 33.75,-118.25 (6.4%); 34.25,-118.75 (2.4%)"
2019-03-15,79.44,26.35,1.0,Moderate heat stress,78.8 to 89.6 F,77.13,66.47,87.16,2.31,0,450,1,"34.25,-118.50 (35.4%); 34.00,-118.25 (23.1%); 34.00,-118.50 (22.6%); 34.25,-118.25 (10.1%); 33.75,-118.25 (6.4%); 34.25,-118.75 (2.4%)"
2019-03-16,85.04,29.47,1.0,Moderate heat stress,78.8 to 89.6 F,76.96,66.2,87.01,8.08,0,450,1,"34.25,-118.50 (35.4%); 34.00,-118.25 (23.1%); 34.00,-118.50 (22.6%); 34.25,-118.25 (10.1%); 33.75,-118.25 (6.4%); 34.25,-118.75 (2.4%)"
2019-03-17,86.61,30.34,1.0,Moderate heat stress,78.8 to 89.6 F,76.79,66.1,86.42,9.82,1,450,1,"34.25,-118.50 (35.4%); 34.00,-118.25 (23.1%); 34.00,-118.50 (22.6%); 34.25,-118.25 (10.1%); 33.75,-118.25 (6.4%); 34.25,-118.75 (2.4%)"
2019-03-18,83.49,28.6,1.0,Moderate heat stress,78.8 to 89.6 F,76.54,65.69,86.25,6.95,0,450,1,"34.25,-118.50 (35.4%); 34.00,-118.25 (23.1%); 34.00,-118.50 (22.6%); 34.25,-118.25 (10.1%); 33.75,-118.25 (6.4%); 34.25,-118.75 (2.4%)"
2019-03-19,75.19,23.99,0.0,No thermal stress,48.2 to 78.8 F,76.41,65.67,85.73,-1.22,0,450,1,"34.25,-118.50 (35.4%); 34.00,-118.25 (23.1%); 34.00,-118.50 (22.6%); 34.25,-118.25 (10.1%); 33.75,-118.25 (6.4%); 34.25,-118.75 (2.4%)"
2019-03-20,74.1,23.39,0.0,No thermal stress,48.2 to 78.8 F,76.15,65.6,85.51,-2.05,0,450,1,"34.25,-118.50 (35.4%); 34.00,-118.25 (23.1%); 34.00,-118.50 (22.6%); 34.25,-118.25 (10.1%); 33.75,-118.25 (6.4%); 34.25,-118.75 (2.4%)"
2019-03-21,66.91,19.39,0.0,No thermal stress,48.2 to 78.8 F,75.92,65.34,85.38,-9.01,0,450,1,"34.25,-118.50 (35.4%); 34.00,-118.25 (23.1%); 34.00,-118.50 (22.6%); 34.25,-118.25 (10.1%); 33.75,-118.25 (6.4%); 34.25,-118.75 (2.4%)"
2019-03-22,75.27,24.04,0.0,No thermal stress,48.2 to 78.8 F,75.93,65.39,85.36,-0.66,0,450,1,"34.25,-118.50 (35.4%); 34.00,-118.25 (23.1%); 34.00,-118.50 (22.6%); 34.25,-118.25 (10.1%); 33.75,-118.25 (6.4%); 34.25,-118.75 (2.4%)"
2019-03-23,73.66,23.15,0.0,No thermal stress,48.2 to 78.8 F,76.09,65.69,85.38,-2.43,0,450,1,"34.25,-118.50 (35.4%); 34.00,-118.25 (23.1%); 34.00,-118.50 (22.6%); 34.25,-118.25 (10.1%); 33.75,-118.25 (6.4%); 34.25,-118.75 (2.4%)"
2019-03-24,79.84,26.58,1.0,Moderate heat stress,78.8 to 89.6 F,76.09,65.79,85.26,3.75,0,450,1,"34.25,-118.50 (35.4%); 34.00,-118.25 (23.1%); 34.00,-118.50 (22.6%); 34.25,-118.25 (10.1%); 33.75,-118.25 (6.4%); 34.25,-118.75 (2.4%)"
2019-03-25,81.92,27.73,1.0,Moderate heat stress,78.8 to 89.6 F,76.04,65.69,85.13,5.88,0,450,1,"34.25,-118.50 (35.4%); 34.00,-118.25 (23.1%); 34.00,-118.50 (22.6%); 34.25,-118.25 (10.1%); 33.75,-118.25 (6.4%); 34.25,-118.75 (2.4%)"
2019-03-26,80.95,27.19,1.0,Moderate heat stress,78.8 to 89.6 F,76.01,65.69,84.88,4.94,0,450,1,"34.25,-118.50 (35.4%); 34.00,-118.25 (23.1%); 34.00,-118.50 (22.6%); 34.25,-118.25 (10.1%); 33.75,-118.25 (6.4%); 34.25,-118.75 (2.4%)"
2019-03-27,76.89,24.94,0.0,No thermal stress,48.2 to 78.8 F,76.01,65.69,85.23,0.88,0,450,1,"34.25,-118.50 (35.4%); 34.00,-118.25 (23.1%); 34.00,-118.50 (22.6%); 34.25,-118.25 (10.1%); 33.75,-118.25 (6.4%); 34.25,-118.75 (2.4%)"
2019-03-28,73.17,22.87,0.0,No thermal stress,48.2 to 78.8 F,76.14,65.79,84.93,-2.97,0,450,1,"34.25,-118.50 (35.4%); 34.00,-118.25 (23.1%); 34.00,-118.50 (22.6%); 34.25,-118.25 (10.1%); 33.75,-118.25 (6.4%); 34.25,-118.75 (2.4%)"
2019-03-29,78.55,25.86,0.0,No thermal stress,48.2 to 78.8 F,76.18,65.67,85.02,2.37,0,450,1,"34.25,-118.50 (35.4%); 34.00,-118.25 (23.1%); 34.00,-118.50 (22.6%); 34.25,-118.25 (10.1%); 33.75,-118.25 (6.4%); 34.25,-118.75 (2.4%)"
2019-03-30,85.95,29.97,1.0,Moderate heat stress,78.8 to 89.6 F,76.36,65.67,85.36,9.59,1,450,1,"34.25,-118.50 (35.4%); 34.00,-118.25 (23.1%); 34.00,-118.50 (22.6%); 34.25,-118.25 (10.1%); 33.75,-118.25 (6.4%); 34.25,-118.75 (2.4%)"
2019-03-31,88.66,31.48,1.0,Moderate heat stress,78.8 to 89.6 F,76.55,66.06,85.47,12.11,1,450,1,"34.25,-118.50 (35.4%); 34.00,-118.25 (23.1%); 34.00,-118.50 (22.6%); 34.25,-118.25 (10.1%); 33.75,-118.25 (6.4%); 34.25,-118.75 (2.4%)"
2019-04-01,88.13,31.18,1.0,Moderate heat stress,78.8 to 89.6 F,76.59,66.04,85.57,11.54,1,450,1,"34.25,-118.50 (35.4%); 34.00,-118.25 (23.1%); 34.00,-118.50 (22.6%); 34.25,-118.25 (10.1%); 33.75,-118.25 (6.4%); 34.25,-118.75 (2.4%)"
2019-04-02,75.23,24.02,0.0,No thermal stress,48.2 to 78.8 F,76.75,66.28,85.95,-1.52,0,450,1,"34.25,-118.50 (35.4%); 34.00,-118.25 (23.1%); 34.00,-118.50 (22.6%); 34.25,-118.25 (10.1%); 33.75,-118.25 (6.4%); 34.25,-118.75 (2.4%)"
2019-04-03,74.9,23.83,0.0,No thermal stress,48.2 to 78.8 F,76.9,66.5,85.98,-2.0,0,450,1,"34.25,-118.50 (35.4%); 34.00,-118.25 (23.1%); 34.00,-118.50 (22.6%); 34.25,-118.25 (10.1%); 33.75,-118.25 (6.4%); 34.25,-118.75 (2.4%)"
2019-04-04,72.49,22.5,0.0,No thermal stress,48.2 to 78.8 F,77.01,66.5,85.98,-4.52,0,450,1,"34.25,-118.50 (35.4%); 34.00,-118.25 (23.1%); 34.00,-118.50 (22.6%); 34.25,-118.25 (10.1%); 33.75,-118.25 (6.4%); 34.25,-118.75 (2.4%)"
2019-04-05,74.27,23.48,0.0,No thermal stress,48.2 to 78.8 F,77.16,66.85,85.98,-2.89,0,450,1,"34.25,-118.50 (35.4%); 34.00,-118.25 (23.1%); 34.00,-118.50 (22.6%); 34.25,-118.25 (10.1%); 33.75,-118.25 (6.4%); 34.25,-118.75 (2.4%)"
2019-04-06,78.71,25.95,0.0,No thermal stress,48.2 to 78.8 F,77.17,66.73,86.04,1.54,0,450,1,"34.25,-118.50 (35.4%); 34.00,-118.25 (23.1%); 34.00,-118.50 (22.6%); 34.25,-118.25 (10.1%); 33.75,-118.25 (6.4%); 34.25,-118.75 (2.4%)"
2019-04-07,88.76,31.53,1.0,Moderate heat stress,78.8 to 89.6 F,77.03,66.45,86.18,11.73,1,450,1,"34.25,-118.50 (35.4%); 34.00,-118.25 (23.1%); 34.00,-118.50 (22.6%); 34.25,-118.25 (10.1%); 33.75,-118.25 (6.4%); 34.25,-118.75 (2.4%)"
2019-04-08,93.76,34.31,2.0,Strong heat stress,89.6 to 100.4 F,77.01,66.39,86.18,16.75,1,450,1,"34.25,-118.50 (35.4%); 34.00,-118.25 (23.1%); 34.00,-118.50 (22.6%); 34.25,-118.25 (10.1%); 33.75,-118.25 (6.4%); 34.25,-118.75 (2.4%)"
2019-04-09,81.96,27.75,1.0,Moderate heat stress,78.8 to 89.6 F,77.11,66.5,86.18,4.85,0,450,1,"34.25,-118.50 (35.4%); 34.00,-118.25 (23.1%); 34.00,-118.50 (22.6%); 34.25,-118.25 (10.1%); 33.75,-118.25 (6.4%); 34.25,-118.75 (2.4%)"
2019-04-10,78.21,25.67,0.0,No thermal stress,48.2 to 78.8 F,77.22,66.5,86.33,0.99,0,450,1,"34.25,-118.50 (35.4%); 34.00,-118.25 (23.1%); 34.00,-118.50 (22.6%); 34.25,-118.25 (10.1%); 33.75,-118.25 (6.4%); 34.25,-118.75 (2.4%)"
2019-04-11,81.16,27.31,1.0,Moderate heat stress,78.8 to 89.6 F,77.37,66.5,86.44,3.79,0,450,1,"34.25,-118.50 (35.4%); 34.00,-118.25 (23.1%); 34.00,-118.50 (22.6%); 34.25,-118.25 (10.1%); 33.75,-118.25 (6.4%); 34.25,-118.75 (2.4%)"
2019-04-12,81.76,27.64,1.0,Moderate heat stress,78.8 to 89.6 F,77.65,67.0,87.14,4.11,0,450,1,"34.25,-118.50 (35.4%); 34.00,-118.25 (23.1%); 34.00,-118.50 (22.6%); 34.25,-118.25 (10.1%); 33.75,-118.25 (6.4%); 34.25,-118.75 (2.4%)"
2019-04-13,83.69,28.71,1.0,Moderate heat stress,78.8 to 89.6 F,77.91,67.72,87.36,5.78,0,450,1,"34.25,-118.50 (35.4%); 34.00,-118.25 (23.1%); 34.00,-118.50 (22.6%); 34.25,-118.25 (10.1%); 33.75,-118.25 (6.4%); 34.25,-118.75 (2.4%)"
2019-04-14,80.28,26.82,1.0,Moderate heat stress,78.8 to 89.6 F,78.05,67.77,87.78,2.23,0,450,1,"34.25,-118.50 (35.4%); 34.00,-118.25 (23.1%); 34.00,-118.50 (22.6%); 34.25,-118.25 (10.1%); 33.75,-118.25 (6.4%); 34.25,-118.75 (2.4%)"
2019-04-15,75.4,24.11,0.0,No thermal stress,48.2 to 78.8 F,78.13,67.87,87.36,-2.73,0,450,1,"34.25,-118.50 (35.4%); 34.00,-118.25 (23.1%); 34.00,-118.50 (22.6%); 34.25,-118.25 (10.1%); 33.75,-118.25 (6.4%); 34.25,-118.75 (2.4%)"
2019-04-16,71.31,21.84,0.0,No thermal stress,48.2 to 78.8 F,78.37,68.18,87.71,-7.06,0,450,1,"34.25,-118.50 (35.4%); 34.00,-118.25 (23.1%); 34.00,-118.50 (22.6%); 34.25,-118.25 (10.1%); 33.75,-118.25 (6.4%); 34.25,-118.75 (2.4%)"
2019-04-17,82.54,28.08,1.0,Moderate heat stress,78.8 to 89.6 F,78.61,68.44,87.95,3.93,0,450,1,"34.25,-118.50 (35.4%); 34.00,-118.25 (23.1%); 34.00,-118.50 (22.6%); 34.25,-118.25 (10.1%); 33.75,-118.25 (6.4%); 34.25,-118.75 (2.4%)"
2019-04-18,88.87,31.59,1.0,Moderate heat stress,78.8 to 89.6 F,78.81,68.39,88.61,10.06,1,450,1,"34.25,-118.50 (35.4%); 34.00,-118.25 (23.1%); 34.00,-118.50 (22.6%); 34.25,-118.25 (10.1%); 33.75,-118.25 (6.4%); 34.25,-118.75 (2.4%)"
2019-04-19,84.05,28.92,1.0,Moderate heat stress,78.8 to 89.6 F,79.09,68.79,89.73,4.96,0,450,1,"34.25,-118.50 (35.4%); 34.00,-118.25 (23.1%); 34.00,-118.50 (22.6%); 34.25,-118.25 (10.1%); 33.75,-118.25 (6.4%); 34.25,-118.75 (2.4%)"
2019-04-20,75.27,24.04,0.0,No thermal stress,48.2 to 78.8 F,79.38,69.46,89.75,-4.11,0,450,1,"34.25,-118.50 (35.4%); 34.00,-118.25 (23.1%); 34.00,-118.50 (22.6%); 34.25,-118.25 (10.1%); 33.75,-118.25 (6.4%); 34.25,-118.75 (2.4%)"
2019-04-21,80.0,26.67,1.0,Moderate heat stress,78.8 to 89.6 F,79.59,69.51,89.92,0.41,0,450,1,"34.25,-118.50 (35.4%); 34.00,-118.25 (23.1%); 34.00,-118.50 (22.6%); 34.25,-118.25 (10.1%); 33.75,-118.25 (6.4%); 34.25,-118.75 (2.4%)"
2019-04-22,79.18,26.21,1.0,Moderate heat stress,78.8 to 89.6 F,79.85,70.13,90.36,-0.67,0,450,1,"34.25,-118.50 (35.4%); 34.00,-118.25 (23.1%); 34.00,-118.50 (22.6%); 34.25,-118.25 (10.1%); 33.75,-118.25 (6.4%); 34.25,-118.75 (2.4%)"
2019-04-23,87.6,30.89,1.0,Moderate heat stress,78.8 to 89.6 F,80.12,70.7,90.47,7.48,0,450,1,"34.25,-118.50 (35.4%); 34.00,-118.25 (23.1%); 34.00,-118.50 (22.6%); 34.25,-118.25 (10.1%); 33.75,-118.25 (6.4%); 34.25,-118.75 (2.4%)"
2019-04-24,84.18,28.99,1.0,Moderate heat stress,78.8 to 89.6 F,80.4,70.89,90.5,3.78,0,450,1,"34.25,-118.50 (35.4%); 34.00,-118.25 (23.1%); 34.00,-118.50 (22.6%); 34.25,-118.25 (10.1%); 33.75,-118.25 (6.4%); 34.25,-118.75 (2.4%)"
2019-04-25,85.04,29.47,1.0,Moderate heat stress,78.8 to 89.6 F,80.62,71.2,90.53,4.42,0,450,1,"34.25,-118.50 (35.4%); 34.00,-118.25 (23.1%); 34.00,-118.50 (22.6%); 34.25,-118.25 (10.1%); 33.75,-118.25 (6.4%); 34.25,-118.75 (2.4%)"
2019-04-26,81.02,27.24,1.0,Moderate heat stress,78.8 to 89.6 F,80.82,71.53,90.85,0.2,0,450,1,"34.25,-118.50 (35.4%); 34.00,-118.25 (23.1%); 34.00,-118.50 (22.6%); 34.25,-118.25 (10.1%); 33.75,-118.25 (6.4%); 34.25,-118.75 (2.4%)"
2019-04-27,79.26,26.25,1.0,Moderate heat stress,78.8 to 89.6 F,80.86,71.59,91.11,-1.6,0,450,1,"34.25,-118.50 (35.4%); 34.00,-118.25 (23.1%); 34.00,-118.50 (22.6%); 34.25,-118.25 (10.1%); 33.75,-118.25 (6.4%); 34.25,-118.75 (2.4%)"
2019-04-28,83.35,28.53,1.0,Moderate heat stress,78.8 to 89.6 F,80.85,71.6,91.19,2.5,0,450,1,"34.25,-118.50 (35.4%); 34.00,-118.25 (23.1%); 34.00,-118.50 (22.6%); 34.25,-118.25 (10.1%); 33.75,-118.25 (6.4%); 34.25,-118.75 (2.4%)"
2019-04-29,74.81,23.78,0.0,No thermal stress,48.2 to 78.8 F,80.85,71.6,91.15,-6.04,0,450,1,"34.25,-118.50 (35.4%); 34.00,-118.25 (23.1%); 34.00,-118.50 (22.6%); 34.25,-118.25 (10.1%); 33.75,-118.25 (6.4%); 34.25,-118.75 (2.4%)"
2019-04-30,70.02,21.12,0.0,No thermal stress,48.2 to 78.8 F,81.0,71.63,91.32,-10.98,0,450,1,"34.25,-118.50 (35.4%); 34.00,-118.25 (23.1%); 34.00,-118.50 (22.6%); 34.25,-118.25 (10.1%); 33.75,-118.25 (6.4%); 34.25,-118.75 (2.4%)"
2019-05-01,79.1,26.17,1.0,Moderate heat stress,78.8 to 89.6 F,81.07,71.6,92.1,-1.97,0,450,1,"34.25,-118.50 (35.4%); 34.00,-118.25 (23.1%); 34.00,-118.50 (22.6%); 34.25,-118.25 (10.1%); 33.75,-118.25 (6.4%); 34.25,-118.75 (2.4%)"
2019-05-02,80.9,27.17,1.0,Moderate heat stress,78.8 to 89.6 F,81.1,71.7,91.32,-0.2,0,450,1,"34.25,-118.50 (35.4%); 34.00,-118.25 (23.1%); 34.00,-118.50 (22.6%); 34.25,-118.25 (10.1%); 33.75,-118.25 (6.4%); 34.25,-118.75 (2.4%)"
2019-05-03,79.9,26.61,1.0,Moderate heat stress,78.8 to 89.6 F,81.05,72.12,90.89,-1.15,0,450,1,"34.25,-118.50 (35.4%); 34.00,-118.25 (23.1%); 34.00,-118.50 (22.6%); 34.25,-118.25 (10.1%); 33.75,-118.25 (6.4%); 34.25,-118.75 (2.4%)"
2019-05-04,80.39,26.88,1.0,Moderate heat stress,78.8 to 89.6 F,80.99,72.17,90.53,-0.6,0,450,1,"34.25,-118.50 (35.4%); 34.00,-118.25 (23.1%); 34.00,-118.50 (22.6%); 34.25,-118.25 (10.1%); 33.75,-118.25 (6.4%); 34.25,-118.75 (2.4%)"
2019-05-05,77.05,25.03,0.0,No thermal stress,48.2 to 78.8 F,81.0,72.53,90.64,-3.95,0,450,1,"34.25,-118.50 (35.4%); 34.00,-118.25 (23.1%); 34.00,-118.50 (22.6%); 34.25,-118.25 (10.1%); 33.75,-118.25 (6.4%); 34.25,-118.75 (2.4%)"
2019-05-06,72.59,22.55,0.0,No thermal stress,48.2 to 78.8 F,81.02,72.78,90.64,-8.43,0,450,1,"34.25,-118.50 (35.4%); 34.00,-118.25 (23.1%); 34.00,-118.50 (22.6%); 34.25,-118.25 (10.1%); 33.75,-118.25 (6.4%); 34.25,-118.75 (2.4%)"
2019-05-07,74.64,23.69,0.0,No thermal stress,48.2 to 78.8 F,81.0,72.78,90.18,-6.36,0,450,1,"34.25,-118.50 (35.4%); 34.00,-118.25 (23.1%); 34.00,-118.50 (22.6%); 34.25,-118.25 (10.1%); 33.75,-118.25 (6.4%); 34.25,-118.75 (2.4%)"
2019-05-08,81.56,27.53,1.0,Moderate heat stress,78.8 to 89.6 F,80.99,72.59,90.42,0.57,0,450,1,"34.25,-118.50 (35.4%); 34.00,-118.25 (23.1%); 34.00,-118.50 (22.6%); 34.25,-118.25 (10.1%); 33.75,-118.25 (6.4%); 34.25,-118.75 (2.4%)"
2019-05-09,74.94,23.85,0.0,No thermal stress,48.2 to 78.8 F,80.93,72.15,90.43,-5.99,0,450,1,"34.25,-118.50 (35.4%); 34.00,-118.25 (23.1%); 34.00,-118.50 (22.6%); 34.25,-118.25 (10.1%); 33.75,-118.25 (6.4%); 34.25,-118.75 (2.4%)"
2019-05-10,75.42,24.12,0.0,No thermal stress,48.2 to 78.8 F,80.9,72.53,90.02,-5.48,0,450,1,"34.25,-118.50 (35.4%); 34.00,-118.25 (23.1%); 34.00,-118.50 (22.6%); 34.25,-118.25 (10.1%); 33.75,-118.25 (6.4%); 34.25,-118.75 (2.4%)"
2019-05-11,84.68,29.27,1.0,Moderate heat stress,78.8 to 89.6 F,80.77,72.38,89.62,3.91,0,450,1,"34.25,-118.50 (35.4%); 34.00,-118.25 (23.1%); 34.00,-118.50 (22.6%); 34.25,-118.25 (10.1%); 33.75,-118.25 (6.4%); 34.25,-118.75 (2.4%)"
2019-05-12,83.27,28.48,1.0,Moderate heat stress,78.8 to 89.6 F,80.78,72.53,89.44,2.49,0,450,1,"34.25,-118.50 (35.4%); 34.00,-118.25 (23.1%); 34.00,-118.50 (22.6%); 34.25,-118.25 (10.1%); 33.75,-118.25 (6.4%); 34.25,-118.75 (2.4%)"
2019-05-13,81.63,27.57,1.0,Moderate heat stress,78.8 to 89.6 F,80.86,72.76,89.44,0.77,0,450,1,"34.25,-118.50 (35.4%); 34.00,-118.25 (23.1%); 34.00,-118.50 (22.6%); 34.25,-118.25 (10.1%); 33.75,-118.25 (6.4%); 34.25,-118.75 (2.4%)"
2019-05-14,83.69,28.72,1.0,Moderate heat stress,78.8 to 89.6 F,80.99,73.38,89.42,2.7,0,450,1,"34.25,-118.50 (35.4%); 34.00,-118.25 (23.1%); 34.00,-118.50 (22.6%); 34.25,-118.25 (10.1%); 33.75,-118.25 (6.4%); 34.25,-118.75 (2.4%)"
2019-05-15,81.35,27.41,1.0,Moderate heat stress,78.8 to 89.6 F,81.01,73.38,89.3,0.34,0,450,1,"34.25,-118.50 (35.4%); 34.00,-118.25 (23.1%); 34.00,-118.50 (22.6%); 34.25,-118.25 (10.1%); 33.75,-118.25 (6.4%); 34.25,-118.75 (2.4%)"
2019-05-16,65.79,18.77,0.0,No thermal stress,48.2 to 78.8 F,80.9,73.09,89.18,-15.11,0,450,1,"34.25,-118.50 (35.4%); 34.00,-118.25 (23.1%); 34.00,-118.50 (22.6%); 34.25,-118.25 (10.1%); 33.75,-118.25 (6.4%); 34.25,-118.75 (2.4%)"
2019-05-17,75.48,24.16,0.0,No thermal stress,48.2 to 78.8 F,80.92,73.65,88.92,-5.44,0,450,1,"34.25,-118.50 (35.4%); 34.00,-118.25 (23.1%); 34.00,-118.50 (22.6%); 34.25,-118.25 (10.1%); 33.75,-118.25 (6.4%); 34.25,-118.75 (2.4%)"
2019-05-18,79.22,26.23,1.0,Moderate heat stress,78.8 to 89.6 F,80.81,73.65,88.9,-1.59,0,450,1,"34.25,-118.50 (35.4%); 34.00,-118.25 (23.1%); 34.00,-118.50 (22.6%); 34.25,-118.25 (10.1%); 33.75,-118.25 (6.4%); 34.25,-118.75 (2.4%)"
2019-05-19,66.73,19.3,0.0,No thermal stress,48.2 to 78.8 F,80.73,73.38,88.9,-14.0,0,450,1,"34.25,-118.50 (35.4%); 34.00,-118.25 (23.1%); 34.00,-118.50 (22.6%); 34.25,-118.25 (10.1%); 33.75,-118.25 (6.4%); 34.25,-118.75 (2.4%)"
2019-05-20,72.78,22.66,0.0,No thermal stress,48.2 to 78.8 F,80.75,73.65,88.89,-7.97,0,450,1,"34.25,-118.50 (35.4%); 34.00,-118.25 (23.1%); 34.00,-118.50 (22.6%); 34.25,-118.25 (10.1%); 33.75,-118.25 (6.4%); 34.25,-118.75 (2.4%)"
2019-05-21,64.85,18.25,0.0,No thermal stress,48.2 to 78.8 F,80.84,73.96,88.83,-15.99,0,450,1,"34.25,-118.50 (35.4%); 34.00,-118.25 (23.1%); 34.00,-118.50 (22.6%); 34.25,-118.25 (10.1%); 33.75,-118.25 (6.4%); 34.25,-118.75 (2.4%)"
2019-05-22,72.69,22.61,0.0,No thermal stress,48.2 to 78.8 F,81.0,74.19,88.89,-8.31,0,450,1,"34.25,-118.50 (35.4%); 34.00,-118.25 (23.1%); 34.00,-118.50 (22.6%); 34.25,-118.25 (10.1%); 33.75,-118.25 (6.4%); 34.25,-118.75 (2.4%)"
2019-05-23,66.68,19.27,0.0,No thermal stress,48.2 to 78.8 F,81.14,74.3,88.8,-14.46,0,450,1,"34.25,-118.50 (35.4%); 34.00,-118.25 (23.1%); 34.00,-118.50 (22.6%); 34.25,-118.25 (10.1%); 33.75,-118.25 (6.4%); 34.25,-118.75 (2.4%)"
2019-05-24,79.86,26.59,1.0,Moderate heat stress,78.8 to 89.6 F,81.34,74.7,88.89,-1.48,0,450,1,"34.25,-118.50 (35.4%); 34.00,-118.25 (23.1%); 34.00,-118.50 (22.6%); 34.25,-118.25 (10.1%); 33.75,-118.25 (6.4%); 34.25,-118.75 (2.4%)"
2019-05-25,78.41,25.79,0.0,No thermal stress,48.2 to 78.8 F,81.5,74.72,89.0,-3.09,0,450,1,"34.25,-118.50 (35.4%); 34.00,-118.25 (23.1%); 34.00,-118.50 (22.6%); 34.25,-118.25 (10.1%); 33.75,-118.25 (6.4%); 34.25,-118.75 (2.4%)"
2019-05-26,59.17,15.09,0.0,No thermal stress,48.2 to 78.8 F,81.71,75.09,89.34,-22.54,0,450,1,"34.25,-118.50 (35.4%); 34.00,-118.25 (23.1%); 34.00,-118.50 (22.6%); 34.25,-118.25 (10.1%); 33.75,-118.25 (6.4%); 34.25,-118.75 (2.4%)"
2019-05-27,76.04,24.47,0.0,No thermal stress,48.2 to 78.8 F,81.88,75.21,89.48,-5.84,0,450,1,"34.25,-118.50 (35.4%); 34.00,-118.25 (23.1%); 34.00,-118.50 (22.6%); 34.25,-118.25 (10.1%); 33.75,-118.25 (6.4%); 34.25,-118.75 (2.4%)"
2019-05-28,78.7,25.95,0.0,No thermal stress,48.2 to 78.8 F,82.06,75.3,89.48,-3.36,0,450,1,"34.25,-118.50 (35.4%); 34.00,-118.25 (23.1%); 34.00,-118.50 (22.6%); 34.25,-118.25 (10.1%); 33.75,-118.25 (6.4%); 34.25,-118.75 (2.4%)"
2019-05-29,82.13,27.85,1.0,Moderate heat stress,78.8 to 89.6 F,82.07,75.61,89.34,0.06,0,450,1,"34.25,-118.50 (35.4%); 34.00,-118.25 (23.1%); 34.00,-118.50 (22.6%); 34.25,-118.25 (10.1%); 33.75,-118.25 (6.4%); 34.25,-118.75 (2.4%)"
2019-05-30,82.58,28.1,1.0,Moderate heat stress,78.8 to 89.6 F,82.14,76.03,89.01,0.44,0,450,1,"34.25,-118.50 (35.4%); 34.00,-118.25 (23.1%); 34.00,-118.50 (22.6%); 34.25,-118.25 (10.1%); 33.75,-118.25 (6.4%); 34.25,-118.75 (2.4%)"
2019-05-31,80.78,27.1,1.0,Moderate heat stress,78.8 to 89.6 F,82.32,76.37,88.92,-1.54,0,450,1,"34.25,-118.50 (35.4%); 34.00,-118.25 (23.1%); 34.00,-118.50 (22.6%); 34.25,-118.25 (10.1%); 33.75,-118.25 (6.4%); 34.25,-118.75 (2.4%)"
2019-06-01,81.89,27.72,1.0,Moderate heat stress,78.8 to 89.6 F,82.5,76.41,88.99,-0.61,0,450,1,"34.25,-118.50 (35.4%); 34.00,-118.25 (23.1%); 34.00,-118.50 (22.6%); 34.25,-118.25 (10.1%); 33.75,-118.25 (6.4%); 34.25,-118.75 (2.4%)"
2019-06-02,83.61,28.67,1.0,Moderate heat stress,78.8 to 89.6 F,82.91,77.11,89.59,0.7,0,450,1,"34.25,-118.50 (35.4%); 34.00,-118.25 (23.1%); 34.00,-118.50 (22.6%); 34.25,-118.25 (10.1%); 33.75,-118.25 (6.4%); 34.25,-118.75 (2.4%)"
2019-06-03,82.17,27.87,1.0,Moderate heat stress,78.8 to 89.6 F,83.26,77.37,89.96,-1.09,0,450,1,"34.25,-118.50 (35.4%); 34.00,-118.25 (23.1%); 34.00,-118.50 (22.6%); 34.25,-118.25 (10.1%); 33.75,-118.25 (6.4%); 34.25,-118.75 (2.4%)"
2019-06-04,83.96,28.87,1.0,Moderate heat stress,78.8 to 89.6 F,83.39,77.64,90.19,0.57,0,450,1,"34.25,-118.50 (35.4%); 34.00,-118.25 (23.1%); 34.00,-118.50 (22.6%); 34.25,-118.25 (10.1%); 33.75,-118.25 (6.4%); 34.25,-118.75 (2.4%)"
2019-06-05,84.42,29.12,1.0,Moderate heat stress,78.8 to 89.6 F,83.4,77.83,90.06,1.02,0,450,1,"34.25,-118.50 (35.4%); 34.00,-118.25 (23.1%); 34.00,-118.50 (22.6%); 34.25,-118.25 (10.1%); 33.75,-118.25 (6.4%); 34.25,-118.75 (2.4%)"
2019-06-06,86.0,30.0,1.0,Moderate heat stress,78.8 to 89.6 F,83.46,77.96,90.18,2.54,0,450,1,"34.25,-118.50 (35.4%); 34.00,-118.25 (23.1%); 34.00,-118.50 (22.6%); 34.25,-118.25 (10.1%); 33.75,-118.25 (6.4%); 34.25,-118.75 (2.4%)"
2019-06-07,80.75,27.08,1.0,Moderate heat stress,78.8 to 89.6 F,83.59,78.2,90.28,-2.84,0,450,1,"34.25,-118.50 (35.4%); 34.00,-118.25 (23.1%); 34.00,-118.50 (22.6%); 34.25,-118.25 (10.1%); 33.75,-118.25 (6.4%); 34.25,-118.75 (2.4%)"
2019-06-08,85.09,29.49,1.0,Moderate heat stress,78.8 to 89.6 F,83.65,78.2,90.24,1.44,0,450,1,"34.25,-118.50 (35.4%); 34.00,-118.25 (23.1%); 34.00,-118.50 (22.6%); 34.25,-118.25 (10.1%); 33.75,-118.25 (6.4%); 34.25,-118.75 (2.4%)"
2019-06-09,94.44,34.69,2.0,Strong heat stress,89.6 to 100.4 F,83.69,78.2,90.35,10.75,1,450,1,"34.25,-118.50 (35.4%); 34.00,-118.25 (23.1%); 34.00,-118.50 (22.6%); 34.25,-118.25 (10.1%); 33.75,-118.25 (6.4%); 34.25,-118.75 (2.4%)"
2019-06-10,104.0,40.0,3.0,Very strong heat stress,100.4 to 114.8 F,83.83,78.35,90.77,20.17,1,450,1,"34.25,-118.50 (35.4%); 34.00,-118.25 (23.1%); 34.00,-118.50 (22.6%); 34.25,-118.25 (10.1%); 33.75,-118.25 (6.4%); 34.25,-118.75 (2.4%)"
2019-06-11,103.15,39.53,3.0,Very strong heat stress,100.4 to 114.8 F,83.99,78.43,90.9,19.16,1,450,1,"34.25,-118.50 (35.4%); 34.00,-118.25 (23.1%); 34.00,-118.50 (22.6%); 34.25,-118.25 (10.1%); 33.75,-118.25 (6.4%); 34.25,-118.75 (2.4%)"
2019-06-12,92.67,33.71,2.0,Strong heat stress,89.6 to 100.4 F,84.21,78.73,91.41,8.46,1,450,1,"34.25,-118.50 (35.4%); 34.00,-118.25 (23.1%); 34.00,-118.50 (22.6%); 34.25,-118.25 (10.1%); 33.75,-118.25 (6.4%); 34.25,-118.75 (2.4%)"
2019-06-13,81.64,27.58,1.0,Moderate heat stress,78.8 to 89.6 F,84.6,79.0,91.58,-2.96,0,450,1,"34.25,-118.50 (35.4%); 34.00,-118.25 (23.1%); 34.00,-118.50 (22.6%); 34.25,-118.25 (10.1%); 33.75,-118.25 (6.4%); 34.25,-118.75 (2.4%)"
2019-06-14,82.96,28.31,1.0,Moderate heat stress,78.8 to 89.6 F,84.9,79.07,92.08,-1.94,0,450,1,"34.25,-118.50 (35.4%); 34.00,-118.25 (23.1%); 34.00,-118.50 (22.6%); 34.25,-118.25 (10.1%); 33.75,-118.25 (6.4%); 34.25,-118.75 (2.4%)"
2019-06-15,83.96,28.86,1.0,Moderate heat stress,78.8 to 89.6 F,85.2,79.31,92.53,-1.24,0,450,1,"34.25,-118.50 (35.4%); 34.00,-118.25 (23.1%); 34.00,-118.50 (22.6%); 34.25,-118.25 (10.1%); 33.75,-118.25 (6.4%); 34.25,-118.75 (2.4%)"
2019-06-16,83.68,28.71,1.0,Moderate heat stress,78.8 to 89.6 F,85.43,79.7,92.63,-1.75,0,450,1,"34.25,-118.50 (35.4%); 34.00,-118.25 (23.1%); 34.00,-118.50 (22.6%); 34.25,-118.25 (10.1%); 33.75,-118.25 (6.4%); 34.25,-118.75 (2.4%)"
2019-06-17,82.99,28.33,1.0,Moderate heat stress,78.8 to 89.6 F,85.58,79.85,92.63,-2.59,0,450,1,"34.25,-118.50 (35.4%); 34.00,-118.25 (23.1%); 34.00,-118.50 (22.6%); 34.25,-118.25 (10.1%); 33.75,-118.25 (6.4%); 34.25,-118.75 (2.4%)"
2019-06-18,82.67,28.15,1.0,Moderate heat stress,78.8 to 89.6 F,85.82,79.95,92.67,-3.15,0,450,1,"34.25,-118.50 (35.4%); 34.00,-118.25 (23.1%); 34.00,-118.50 (22.6%); 34.25,-118.25 (10.1%); 33.75,-118.25 (6.4%); 34.25,-118.75 (2.4%)"
2019-06-19,85.31,29.61,1.0,Moderate heat stress,78.8 to 89.6 F,86.12,80.18,93.0,-0.81,0,450,1,"34.25,-118.50 (35.4%); 34.00,-118.25 (23.1%); 34.00,-118.50 (22.6%); 34.25,-118.25 (10.1%); 33.75,-118.25 (6.4%); 34.25,-118.75 (2.4%)"
2019-06-20,80.22,26.79,1.0,Moderate heat stress,78.8 to 89.6 F,86.44,80.32,93.17,-6.22,0,450,1,"34.25,-118.50 (35.4%); 34.00,-118.25 (23.1%); 34.00,-118.50 (22.6%); 34.25,-118.25 (10.1%); 33.75,-118.25 (6.4%); 34.25,-118.75 (2.4%)"
2019-06-21,80.09,26.72,1.0,Moderate heat stress,78.8 to 89.6 F,86.73,80.53,93.8,-6.64,0,450,1,"34.25,-118.50 (35.4%); 34.00,-118.25 (23.1%); 34.00,-118.50 (22.6%); 34.25,-118.25 (10.1%); 33.75,-118.25 (6.4%); 34.25,-118.75 (2.4%)"
2019-06-22,85.19,29.55,1.0,Moderate heat stress,78.8 to 89.6 F,86.97,80.7,94.16,-1.78,0,450,1,"34.25,-118.50 (35.4%); 34.00,-118.25 (23.1%); 34.00,-118.50 (22.6%); 34.25,-118.25 (10.1%); 33.75,-118.25 (6.4%); 34.25,-118.75 (2.4%)"
2019-06-23,87.12,30.62,1.0,Moderate heat stress,78.8 to 89.6 F,87.31,81.13,94.62,-0.19,0,450,1,"34.25,-118.50 (35.4%); 34.00,-118.25 (23.1%); 34.00,-118.50 (22.6%); 34.25,-118.25 (10.1%); 33.75,-118.25 (6.4%); 34.25,-118.75 (2.4%)"
2019-06-24,84.06,28.92,1.0,Moderate heat stress,78.8 to 89.6 F,87.73,81.31,94.87,-3.67,0,450,1,"34.25,-118.50 (35.4%); 34.00,-118.25 (23.1%); 34.00,-118.50 (22.6%); 34.25,-118.25 (10.1%); 33.75,-118.25 (6.4%); 34.25,-118.75 (2.4%)"
2019-06-25,81.95,27.75,1.0,Moderate heat stress,78.8 to 89.6 F,88.03,81.59,95.71,-6.08,0,450,1,"34.25,-118.50 (35.4%); 34.00,-118.25 (23.1%); 34.00,-118.50 (22.6%); 34.25,-118.25 (10.1%); 33.75,-118.25 (6.4%); 34.25,-118.75 (2.4%)"
2019-06-26,83.59,28.66,1.0,Moderate heat stress,78.8 to 89.6 F,88.18,81.62,95.87,-4.59,0,450,1,"34.25,-118.50 (35.4%); 34.00,-118.25 (23.1%); 34.00,-118.50 (22.6%); 34.25,-118.25 (10.1%); 33.75,-118.25 (6.4%); 34.25,-118.75 (2.4%)"
2019-06-27,83.73,28.74,1.0,Moderate heat stress,78.8 to 89.6 F,88.32,81.89,96.12,-4.59,0,450,1,"34.25,-118.50 (35.4%); 34.00,-118.25 (23.1%); 34.00,-118.50 (22.6%); 34.25,-118.25 (10.1%); 33.75,-118.25 (6.4%); 34.25,-118.75 (2.4%)"
2019-06-28,87.55,30.86,1.0,Moderate heat stress,78.8 to 89.6 F,88.5,82.07,96.1,-0.95,0,450,1,"34.25,-118.50 (35.4%); 34.00,-118.25 (23.1%); 34.00,-118.50 (22.6%); 34.25,-118.25 (10.1%); 33.75,-118.25 (6.4%); 34.25,-118.75 (2.4%)"
2019-06-29,90.45,32.47,2.0,Strong heat stress,89.6 to 100.4 F,88.81,82.52,96.36,1.64,0,450,1,"34.25,-118.50 (35.4%); 34.00,-118.25 (23.1%); 34.00,-118.50 (22.6%); 34.25,-118.25 (10.1%); 33.75,-118.25 (6.4%); 34.25,-118.75 (2.4%)"
2019-06-30,91.59,33.11,2.0,Strong heat stress,89.6 to 100.4 F,89.07,82.68,96.67,2.52,0,450,1,"34.25,-118.50 (35.4%); 34.00,-118.25 (23.1%); 34.00,-118.50 (22.6%); 34.25,-118.25 (10.1%); 33.75,-118.25 (6.4%); 34.25,-118.75 (2.4%)"
2019-07-01,89.64,32.02,2.0,Strong heat stress,89.6 to 100.4 F,89.3,82.84,96.83,0.34,0,450,1,"34.25,-118.50 (35.4%); 34.00,-118.25 (23.1%); 34.00,-118.50 (22.6%); 34.25,-118.25 (10.1%); 33.75,-118.25 (6.4%); 34.25,-118.75 (2.4%)"
2019-07-02,87.08,30.6,1.0,Moderate heat stress,78.8 to 89.6 F,89.53,83.06,96.94,-2.45,0,450,1,"34.25,-118.50 (35.4%); 34.00,-118.25 (23.1%); 34.00,-118.50 (22.6%); 34.25,-118.25 (10.1%); 33.75,-118.25 (6.4%); 34.25,-118.75 (2.4%)"
2019-07-03,84.34,29.08,1.0,Moderate heat stress,78.8 to 89.6 F,89.66,83.18,96.94,-5.32,0,450,1,"34.25,-118.50 (35.4%); 34.00,-118.25 (23.1%); 34.00,-118.50 (22.6%); 34.25,-118.25 (10.1%); 33.75,-118.25 (6.4%); 34.25,-118.75 (2.4%)"
2019-07-04,84.65,29.25,1.0,Moderate heat stress,78.8 to 89.6 F,89.81,83.36,96.94,-5.16,0,450,1,"34.25,-118.50 (35.4%); 34.00,-118.25 (23.1%); 34.00,-118.50 (22.6%); 34.25,-118.25 (10.1%); 33.75,-118.25 (6.4%); 34.25,-118.75 (2.4%)"
2019-07-05,86.99,30.55,1.0,Moderate heat stress,78.8 to 89.6 F,89.98,83.45,97.01,-2.99,0,450,1,"34.25,-118.50 (35.4%); 34.00,-118.25 (23.1%); 34.00,-118.50 (22.6%); 34.25,-118.25 (10.1%); 33.75,-118.25 (6.4%); 34.25,-118.75 (2.4%)"
2019-07-06,85.52,29.74,1.0,Moderate heat stress,78.8 to 89.6 F,90.17,83.53,97.01,-4.65,0,450,1,"34.25,-118.50 (35.4%); 34.00,-118.25 (23.1%); 34.00,-118.50 (22.6%); 34.25,-118.25 (10.1%); 33.75,-118.25 (6.4%); 34.25,-118.75 (2.4%)"
2019-07-07,82.83,28.24,1.0,Moderate heat stress,78.8 to 89.6 F,90.34,83.68,96.94,-7.51,0,450,1,"34.25,-118.50 (35.4%); 34.00,-118.25 (23.1%); 34.00,-118.50 (22.6%); 34.25,-118.25 (10.1%); 33.75,-118.25 (6.4%); 34.25,-118.75 (2.4%)"
2019-07-08,83.45,28.58,1.0,Moderate heat stress,78.8 to 89.6 F,90.42,83.78,96.93,-6.97,0,450,1,"34.25,-118.50 (35.4%); 34.00,-118.25 (23.1%); 34.00,-118.50 (22.6%); 34.25,-118.25 (10.1%); 33.75,-118.25 (6.4%); 34.25,-118.75 (2.4%)"
2019-07-09,88.05,31.14,1.0,Moderate heat stress,78.8 to 89.6 F,90.43,83.6,96.93,-2.38,0,450,1,"34.25,-118.50 (35.4%); 34.00,-118.25 (23.1%); 34.00,-118.50 (22.6%); 34.25,-118.25 (10.1%); 33.75,-118.25 (6.4%); 34.25,-118.75 (2.4%)"
2019-07-10,88.33,31.3,1.0,Moderate heat stress,78.8 to 89.6 F,90.49,83.6,96.94,-2.16,0,450,1,"34.25,-118.50 (35.4%); 34.00,-118.25 (23.1%); 34.00,-118.50 (22.6%); 34.25,-118.25 (10.1%); 33.75,-118.25 (6.4%); 34.25,-118.75 (2.4%)"
2019-07-11,91.63,33.13,2.0,Strong heat stress,89.6 to 100.4 F,90.7,84.04,97.01,0.93,0,450,1,"34.25,-118.50 (35.4%); 34.00,-118.25 (23.1%); 34.00,-118.50 (22.6%); 34.25,-118.25 (10.1%); 33.75,-118.25 (6.4%); 34.25,-118.75 (2.4%)"
2019-07-12,92.94,33.85,2.0,Strong heat stress,89.6 to 100.4 F,90.87,84.24,97.31,2.07,0,450,1,"34.25,-118.50 (35.4%); 34.00,-118.25 (23.1%); 34.00,-118.50 (22.6%); 34.25,-118.25 (10.1%); 33.75,-118.25 (6.4%); 34.25,-118.75 (2.4%)"
2019-07-13,93.31,34.06,2.0,Strong heat stress,89.6 to 100.4 F,90.92,84.3,97.49,2.39,0,450,1,"34.25,-118.50 (35.4%); 34.00,-118.25 (23.1%); 34.00,-118.50 (22.6%); 34.25,-118.25 (10.1%); 33.75,-118.25 (6.4%); 34.25,-118.75 (2.4%)"
2019-07-14,93.51,34.17,2.0,Strong heat stress,89.6 to 100.4 F,90.91,84.44,97.51,2.6,0,450,1,"34.25,-118.50 (35.4%); 34.00,-118.25 (23.1%); 34.00,-118.50 (22.6%); 34.25,-118.25 (10.1%); 33.75,-118.25 (6.4%); 34.25,-118.75 (2.4%)"
2019-07-15,93.11,33.95,2.0,Strong heat stress,89.6 to 100.4 F,90.96,84.49,97.55,2.15,0,450,1,"34.25,-118.50 (35.4%); 34.00,-118.25 (23.1%); 34.00,-118.50 (22.6%); 34.25,-118.25 (10.1%); 33.75,-118.25 (6.4%); 34.25,-118.75 (2.4%)"
2019-07-16,92.81,33.79,2.0,Strong heat stress,89.6 to 100.4 F,91.08,84.61,97.7,1.73,0,450,1,"34.25,-118.50 (35.4%); 34.00,-118.25 (23.1%); 34.00,-118.50 (22.6%); 34.25,-118.25 (10.1%); 33.75,-118.25 (6.4%); 34.25,-118.75 (2.4%)"
2019-07-17,87.58,30.88,1.0,Moderate heat stress,78.8 to 89.6 F,91.18,84.65,97.91,-3.6,0,450,1,"34.25,-118.50 (35.4%); 34.00,-118.25 (23.1%); 34.00,-118.50 (22.6%); 34.25,-118.25 (10.1%); 33.75,-118.25 (6.4%); 34.25,-118.75 (2.4%)"
2019-07-18,87.68,30.93,1.0,Moderate heat stress,78.8 to 89.6 F,91.31,84.92,98.52,-3.63,0,450,1,"34.25,-118.50 (35.4%); 34.00,-118.25 (23.1%); 34.00,-118.50 (22.6%); 34.25,-118.25 (10.1%); 33.75,-118.25 (6.4%); 34.25,-118.75 (2.4%)"
2019-07-19,85.39,29.66,1.0,Moderate heat stress,78.8 to 89.6 F,91.46,85.02,98.93,-6.07,0,450,1,"34.25,-118.50 (35.4%); 34.00,-118.25 (23.1%); 34.00,-118.50 (22.6%); 34.25,-118.25 (10.1%); 33.75,-118.25 (6.4%); 34.25,-118.75 (2.4%)"
2019-07-20,87.05,30.58,1.0,Moderate heat stress,78.8 to 89.6 F,91.54,85.18,99.1,-4.49,0,450,1,"34.25,-118.50 (35.4%); 34.00,-118.25 (23.1%); 34.00,-118.50 (22.6%); 34.25,-118.25 (10.1%); 33.75,-118.25 (6.4%); 34.25,-118.75 (2.4%)"
2019-07-21,92.27,33.49,2.0,Strong heat stress,89.6 to 100.4 F,91.54,85.18,99.1,0.73,0,450,1,"34.25,-118.50 (35.4%); 34.00,-118.25 (23.1%); 34.00,-118.50 (22.6%); 34.25,-118.25 (10.1%); 33.75,-118.25 (6.4%); 34.25,-118.75 (2.4%)"
2019-07-22,98.49,36.94,2.0,Strong heat stress,89.6 to 100.4 F,91.53,85.18,99.11,6.96,0,450,1,"34.25,-118.50 (35.4%); 34.00,-118.25 (23.1%); 34.00,-118.50 (22.6%); 34.25,-118.25 (10.1%); 33.75,-118.25 (6.4%); 34.25,-118.75 (2.4%)"
2019-07-23,102.7,39.28,3.0,Very strong heat stress,100.4 to 114.8 F,91.58,85.22,99.1,11.12,1,450,1,"34.25,-118.50 (35.4%); 34.00,-118.25 (23.1%); 34.00,-118.50 (22.6%); 34.25,-118.25 (10.1%); 33.75,-118.25 (6.4%); 34.25,-118.75 (2.4%)"
2019-07-24,104.45,40.25,3.0,Very strong heat stress,100.4 to 114.8 F,91.65,85.25,99.09,12.8,1,450,1,"34.25,-118.50 (35.4%); 34.00,-118.25 (23.1%); 34.00,-118.50 (22.6%); 34.25,-118.25 (10.1%); 33.75,-118.25 (6.4%); 34.25,-118.75 (2.4%)"
2019-07-25,100.61,38.11,3.0,Very strong heat stress,100.4 to 114.8 F,91.76,85.38,99.1,8.85,1,450,1,"34.25,-118.50 (35.4%); 34.00,-118.25 (23.1%); 34.00,-118.50 (22.6%); 34.25,-118.25 (10.1%); 33.75,-118.25 (6.4%); 34.25,-118.75 (2.4%)"
2019-07-26,99.73,37.63,2.0,Strong heat stress,89.6 to 100.4 F,91.84,85.39,99.09,7.89,1,450,1,"34.25,-118.50 (35.4%); 34.00,-118.25 (23.1%); 34.00,-118.50 (22.6%); 34.25,-118.25 (10.1%); 33.75,-118.25 (6.4%); 34.25,-118.75 (2.4%)"
2019-07-27,100.8,38.22,3.0,Very strong heat stress,100.4 to 114.8 F,91.89,85.71,99.09,8.91,1,450,1,"34.25,-118.50 (35.4%); 34.00,-118.25 (23.1%); 34.00,-118.50 (22.6%); 34.25,-118.25 (10.1%); 33.75,-118.25 (6.4%); 34.25,-118.75 (2.4%)"
2019-07-28,96.71,35.95,2.0,Strong heat stress,89.6 to 100.4 F,91.99,85.74,99.04,4.72,0,450,1,"34.25,-118.50 (35.4%); 34.00,-118.25 (23.1%); 34.00,-118.50 (22.6%); 34.25,-118.25 (10.1%); 33.75,-118.25 (6.4%); 34.25,-118.75 (2.4%)"
2019-07-29,92.13,33.41,2.0,Strong heat stress,89.6 to 100.4 F,92.08,85.81,98.93,0.05,0,450,1,"34.25,-118.50 (35.4%); 34.00,-118.25 (23.1%); 34.00,-118.50 (22.6%); 34.25,-118.25 (10.1%); 33.75,-118.25 (6.4%); 34.25,-118.75 (2.4%)"
2019-07-30,92.0,33.33,2.0,Strong heat stress,89.6 to 100.4 F,92.07,85.74,98.93,-0.07,0,450,1,"34.25,-118.50 (35.4%); 34.00,-118.25 (23.1%); 34.00,-118.50 (22.6%); 34.25,-118.25 (10.1%); 33.75,-118.25 (6.4%); 34.25,-118.75 (2.4%)"
2019-07-31,91.08,32.82,2.0,Strong heat stress,89.6 to 100.4 F,92.02,85.71,98.89,-0.94,0,450,1,"34.25,-118.50 (35.4%); 34.00,-118.25 (23.1%); 34.00,-118.50 (22.6%); 34.25,-118.25 (10.1%); 33.75,-118.25 (6.4%); 34.25,-118.75 (2.4%)"
2019-08-01,92.27,33.48,2.0,Strong heat stress,89.6 to 100.4 F,92.03,85.74,98.82,0.24,0,450,1,"34.25,-118.50 (35.4%); 34.00,-118.25 (23.1%); 34.00,-118.50 (22.6%); 34.25,-118.25 (10.1%); 33.75,-118.25 (6.4%); 34.25,-118.75 (2.4%)"
2019-08-02,95.27,35.15,2.0,Strong heat stress,89.6 to 100.4 F,92.08,85.59,98.89,3.19,0,450,1,"34.25,-118.50 (35.4%); 34.00,-118.25 (23.1%); 34.00,-118.50 (22.6%); 34.25,-118.25 (10.1%); 33.75,-118.25 (6.4%); 34.25,-118.75 (2.4%)"
2019-08-03,95.37,35.21,2.0,Strong heat stress,89.6 to 100.4 F,92.06,85.34,99.01,3.31,0,450,1,"34.25,-118.50 (35.4%); 34.00,-118.25 (23.1%); 34.00,-118.50 (22.6%); 34.25,-118.25 (10.1%); 33.75,-118.25 (6.4%); 34.25,-118.75 (2.4%)"
2019-08-04,96.41,35.78,2.0,Strong heat stress,89.6 to 100.4 F,92.13,85.45,99.01,4.28,0,450,1,"34.25,-118.50 (35.4%); 34.00,-118.25 (23.1%); 34.00,-118.50 (22.6%); 34.25,-118.25 (10.1%); 33.75,-118.25 (6.4%); 34.25,-118.75 (2.4%)"
2019-08-05,97.36,36.31,2.0,Strong heat stress,89.6 to 100.4 F,92.28,85.65,99.49,5.08,0,450,1,"34.25,-118.50 (35.4%); 34.00,-118.25 (23.1%); 34.00,-118.50 (22.6%); 34.25,-118.25 (10.1%); 33.75,-118.25 (6.4%); 34.25,-118.75 (2.4%)"
2019-08-06,98.05,36.69,2.0,Strong heat stress,89.6 to 100.4 F,92.51,85.82,99.95,5.54,0,450,1,"34.25,-118.50 (35.4%); 34.00,-118.25 (23.1%); 34.00,-118.50 (22.6%); 34.25,-118.25 (10.1%); 33.75,-118.25 (6.4%); 34.25,-118.75 (2.4%)"
2019-08-07,93.22,34.01,2.0,Strong heat stress,89.6 to 100.4 F,92.67,85.82,100.38,0.55,0,450,1,"34.25,-118.50 (35.4%); 34.00,-118.25 (23.1%); 34.00,-118.50 (22.6%); 34.25,-118.25 (10.1%); 33.75,-118.25 (6.4%); 34.25,-118.75 (2.4%)"
2019-08-08,90.19,32.33,2.0,Strong heat stress,89.6 to 100.4 F,92.8,85.86,100.97,-2.61,0,450,1,"34.25,-118.50 (35.4%); 34.00,-118.25 (23.1%); 34.00,-118.50 (22.6%); 34.25,-118.25 (10.1%); 33.75,-118.25 (6.4%); 34.25,-118.75 (2.4%)"
2019-08-09,89.49,31.94,1.0,Moderate heat stress,78.8 to 89.6 F,92.87,85.72,101.12,-3.38,0,450,1,"34.25,-118.50 (35.4%); 34.00,-118.25 (23.1%); 34.00,-118.50 (22.6%); 34.25,-118.25 (10.1%); 33.75,-118.25 (6.4%); 34.25,-118.75 (2.4%)"
2019-08-10,88.07,31.15,1.0,Moderate heat stress,78.8 to 89.6 F,92.9,85.78,101.22,-4.83,0,450,1,"34.25,-118.50 (35.4%); 34.00,-118.25 (23.1%); 34.00,-118.50 (22.6%); 34.25,-118.25 (10.1%); 33.75,-118.25 (6.4%); 34.25,-118.75 (2.4%)"
2019-08-11,89.39,31.89,1.0,Moderate heat stress,78.8 to 89.6 F,92.94,85.78,101.25,-3.55,0,450,1,"34.25,-118.50 (35.4%); 34.00,-118.25 (23.1%); 34.00,-118.50 (22.6%); 34.25,-118.25 (10.1%); 33.75,-118.25 (6.4%); 34.25,-118.75 (2.4%)"
2019-08-12,89.93,32.18,2.0,Strong heat stress,89.6 to 100.4 F,92.9,85.78,101.25,-2.97,0,450,1,"34.25,-118.50 (35.4%); 34.00,-118.25 (23.1%); 34.00,-118.50 (22.6%); 34.25,-118.25 (10.1%); 33.75,-118.25 (6.4%); 34.25,-118.75 (2.4%)"
2019-08-13,93.22,34.01,2.0,Strong heat stress,89.6 to 100.4 F,92.9,85.96,101.25,0.32,0,450,1,"34.25,-118.50 (35.4%); 34.00,-118.25 (23.1%); 34.00,-118.50 (22.6%); 34.25,-118.25 (10.1%); 33.75,-118.25 (6.4%); 34.25,-118.75 (2.4%)"
2019-08-14,96.46,35.81,2.0,Strong heat stress,89.6 to 100.4 F,92.94,86.23,101.19,3.52,0,450,1,"34.25,-118.50 (35.4%); 34.00,-118.25 (23.1%); 34.00,-118.50 (22.6%); 34.25,-118.25 (10.1%); 33.75,-118.25 (6.4%); 34.25,-118.75 (2.4%)"
2019-08-15,95.22,35.12,2.0,Strong heat stress,89.6 to 100.4 F,93.04,86.38,101.22,2.18,0,450,1,"34.25,-118.50 (35.4%); 34.00,-118.25 (23.1%); 34.00,-118.50 (22.6%); 34.25,-118.25 (10.1%); 33.75,-118.25 (6.4%); 34.25,-118.75 (2.4%)"
2019-08-16,90.76,32.64,2.0,Strong heat stress,89.6 to 100.4 F,93.11,86.44,101.25,-2.35,0,450,1,"34.25,-118.50 (35.4%); 34.00,-118.25 (23.1%); 34.00,-118.50 (22.6%); 34.25,-118.25 (10.1%); 33.75,-118.25 (6.4%); 34.25,-118.75 (2.4%)"
2019-08-17,85.97,29.98,1.0,Moderate heat stress,78.8 to 89.6 F,93.15,86.61,101.25,-7.18,0,450,1,"34.25,-118.50 (35.4%); 34.00,-118.25 (23.1%); 34.00,-118.50 (22.6%); 34.25,-118.25 (10.1%); 33.75,-118.25 (6.4%); 34.25,-118.75 (2.4%)"
2019-08-18,89.07,31.71,1.0,Moderate heat stress,78.8 to 89.6 F,93.27,86.82,101.22,-4.2,0,450,1,"34.25,-118.50 (35.4%); 34.00,-118.25 (23.1%); 34.00,-118.50 (22.6%); 34.25,-118.25 (10.1%); 33.75,-118.25 (6.4%); 34.25,-118.75 (2.4%)"
2019-08-19,90.48,32.49,2.0,Strong heat stress,89.6 to 100.4 F,93.38,86.86,101.12,-2.9,0,450,1,"34.25,-118.50 (35.4%); 34.00,-118.25 (23.1%); 34.00,-118.50 (22.6%); 34.25,-118.25 (10.1%); 33.75,-118.25 (6.4%); 34.25,-118.75 (2.4%)"
2019-08-20,93.22,34.01,2.0,Strong heat stress,89.6 to 100.4 F,93.49,86.86,100.98,-0.27,0,450,1,"34.25,-118.50 (35.4%); 34.00,-118.25 (23.1%); 34.00,-118.50 (22.6%); 34.25,-118.25 (10.1%); 33.75,-118.25 (6.4%); 34.25,-118.75 (2.4%)"
2019-08-21,97.16,36.2,2.0,Strong heat stress,89.6 to 100.4 F,93.53,86.86,100.98,3.63,0,450,1,"34.25,-118.50 (35.4%); 34.00,-118.25 (23.1%); 34.00,-118.50 (22.6%); 34.25,-118.25 (10.1%); 33.75,-118.25 (6.4%); 34.25,-118.75 (2.4%)"
2019-08-22,93.14,33.97,2.0,Strong heat stress,89.6 to 100.4 F,93.65,87.08,101.12,-0.51,0,450,1,"34.25,-118.50 (35.4%); 34.00,-118.25 (23.1%); 34.00,-118.50 (22.6%); 34.25,-118.25 (10.1%); 33.75,-118.25 (6.4%); 34.25,-118.75 (2.4%)"
2019-08-23,89.4,31.89,1.0,Moderate heat stress,78.8 to 89.6 F,93.71,87.12,101.14,-4.31,0,450,1,"34.25,-118.50 (35.4%); 34.00,-118.25 (23.1%); 34.00,-118.50 (22.6%); 34.25,-118.25 (10.1%); 33.75,-118.25 (6.4%); 34.25,-118.75 (2.4%)"
2019-08-24,96.37,35.76,2.0,Strong heat stress,89.6 to 100.4 F,93.76,87.12,101.14,2.61,0,450,1,"34.25,-118.50 (35.4%); 34.00,-118.25 (23.1%); 34.00,-118.50 (22.6%); 34.25,-118.25 (10.1%); 33.75,-118.25 (6.4%); 34.25,-118.75 (2.4%)"
2019-08-25,98.86,37.15,2.0,Strong heat stress,89.6 to 100.4 F,93.85,87.19,101.33,5.01,0,450,1,"34.25,-118.50 (35.4%); 34.00,-118.25 (23.1%); 34.00,-118.50 (22.6%); 34.25,-118.25 (10.1%); 33.75,-118.25 (6.4%); 34.25,-118.75 (2.4%)"
2019-08-26,98.68,37.05,2.0,Strong heat stress,89.6 to 100.4 F,94.0,87.19,102.23,4.68,0,450,1,"34.25,-118.50 (35.4%); 34.00,-118.25 (23.1%); 34.00,-118.50 (22.6%); 34.25,-118.25 (10.1%); 33.75,-118.25 (6.4%); 34.25,-118.75 (2.4%)"
2019-08-27,96.23,35.68,2.0,Strong heat stress,89.6 to 100.4 F,94.21,87.19,102.66,2.02,0,450,1,"34.25,-118.50 (35.4%); 34.00,-118.25 (23.1%); 34.00,-118.50 (22.6%); 34.25,-118.25 (10.1%); 33.75,-118.25 (6.4%); 34.25,-118.75 (2.4%)"
2019-08-28,92.43,33.57,2.0,Strong heat stress,89.6 to 100.4 F,94.37,87.04,102.8,-1.94,0,450,1,"34.25,-118.50 (35.4%); 34.00,-118.25 (23.1%); 34.00,-118.50 (22.6%); 34.25,-118.25 (10.1%); 33.75,-118.25 (6.4%); 34.25,-118.75 (2.4%)"
2019-08-29,96.05,35.58,2.0,Strong heat stress,89.6 to 100.4 F,94.6,87.32,103.3,1.45,0,450,1,"34.25,-118.50 (35.4%); 34.00,-118.25 (23.1%); 34.00,-118.50 (22.6%); 34.25,-118.25 (10.1%); 33.75,-118.25 (6.4%); 34.25,-118.75 (2.4%)"
2019-08-30,97.56,36.42,2.0,Strong heat stress,89.6 to 100.4 F,94.73,87.32,103.35,2.83,0,450,1,"34.25,-118.50 (35.4%); 34.00,-118.25 (23.1%); 34.00,-118.50 (22.6%); 34.25,-118.25 (10.1%); 33.75,-118.25 (6.4%); 34.25,-118.75 (2.4%)"
2019-08-31,99.15,37.3,2.0,Strong heat stress,89.6 to 100.4 F,94.77,87.31,103.41,4.38,0,450,1,"34.25,-118.50 (35.4%); 34.00,-118.25 (23.1%); 34.00,-118.50 (22.6%); 34.25,-118.25 (10.1%); 33.75,-118.25 (6.4%); 34.25,-118.75 (2.4%)"
2019-09-01,99.24,37.36,2.0,Strong heat stress,89.6 to 100.4 F,94.66,87.0,103.41,4.58,0,450,1,"34.25,-118.50 (35.4%); 34.00,-118.25 (23.1%); 34.00,-118.50 (22.6%); 34.25,-118.25 (10.1%); 33.75,-118.25 (6.4%); 34.25,-118.75 (2.4%)"
2019-09-02,102.89,39.38,3.0,Very strong heat stress,100.4 to 114.8 F,94.43,86.42,103.41,8.46,0,450,1,"34.25,-118.50 (35.4%); 34.00,-118.25 (23.1%); 34.00,-118.50 (22.6%); 34.25,-118.25 (10.1%); 33.75,-118.25 (6.4%); 34.25,-118.75 (2.4%)"
2019-09-03,100.67,38.15,3.0,Very strong heat stress,100.4 to 114.8 F,94.19,86.08,103.35,6.48,0,450,1,"34.25,-118.50 (35.4%); 34.00,-118.25 (23.1%); 34.00,-118.50 (22.6%); 34.25,-118.25 (10.1%); 33.75,-118.25 (6.4%); 34.25,-118.75 (2.4%)"
2019-09-04,103.37,39.65,3.0,Very strong heat stress,100.4 to 114.8 F,93.91,85.76,103.11,9.46,1,450,1,"34.25,-118.50 (35.4%); 34.00,-118.25 (23.1%); 34.00,-118.50 (22.6%); 34.25,-118.25 (10.1%); 33.75,-118.25 (6.4%); 34.25,-118.75 (2.4%)"
2019-09-05,104.13,40.07,3.0,Very strong heat stress,100.4 to 114.8 F,93.62,85.3,102.97,10.51,1,450,1,"34.25,-118.50 (35.4%); 34.00,-118.25 (23.1%); 34.00,-118.50 (22.6%); 34.25,-118.25 (10.1%); 33.75,-118.25 (6.4%); 34.25,-118.75 (2.4%)"
2019-09-06,98.93,37.18,2.0,Strong heat stress,89.6 to 100.4 F,93.25,85.01,102.21,5.68,0,450,1,"34.25,-118.50 (35.4%); 34.00,-118.25 (23.1%); 34.00,-118.50 (22.6%); 34.25,-118.25 (10.1%); 33.75,-118.25 (6.4%); 34.25,-118.75 (2.4%)"
2019-09-07,96.04,35.58,2.0,Strong heat stress,89.6 to 100.4 F,93.03,84.88,101.61,3.01,0,450,1,"34.25,-118.50 (35.4%); 34.00,-118.25 (23.1%); 34.00,-118.50 (22.6%); 34.25,-118.25 (10.1%); 33.75,-118.25 (6.4%); 34.25,-118.75 (2.4%)"
2019-09-08,88.77,31.54,1.0,Moderate heat stress,78.8 to 89.6 F,92.81,84.75,101.31,-4.04,0,450,1,"34.25,-118.50 (35.4%); 34.00,-118.25 (23.1%); 34.00,-118.50 (22.6%); 34.25,-118.25 (10.1%); 33.75,-118.25 (6.4%); 34.25,-118.75 (2.4%)"
2019-09-09,88.22,31.24,1.0,Moderate heat stress,78.8 to 89.6 F,92.56,84.41,101.03,-4.34,0,450,1,"34.25,-118.50 (35.4%); 34.00,-118.25 (23.1%); 34.00,-118.50 (22.6%); 34.25,-118.25 (10.1%); 33.75,-118.25 (6.4%); 34.25,-118.75 (2.4%)"
2019-09-10,83.59,28.66,1.0,Moderate heat stress,78.8 to 89.6 F,92.23,84.3,100.55,-8.64,0,450,1,"34.25,-118.50 (35.4%); 34.00,-118.25 (23.1%); 34.00,-118.50 (22.6%); 34.25,-118.25 (10.1%); 33.75,-118.25 (6.4%); 34.25,-118.75 (2.4%)"
2019-09-11,90.62,32.56,2.0,Strong heat stress,89.6 to 100.4 F,91.94,84.41,100.18,-1.32,0,450,1,"34.25,-118.50 (35.4%); 34.00,-118.25 (23.1%); 34.00,-118.50 (22.6%); 34.25,-118.25 (10.1%); 33.75,-118.25 (6.4%); 34.25,-118.75 (2.4%)"
2019-09-12,97.01,36.12,2.0,Strong heat stress,89.6 to 100.4 F,91.63,84.01,99.56,5.38,0,450,1,"34.25,-118.50 (35.4%); 34.00,-118.25 (23.1%); 34.00,-118.50 (22.6%); 34.25,-118.25 (10.1%); 33.75,-118.25 (6.4%); 34.25,-118.75 (2.4%)"
2019-09-13,100.2,37.89,2.0,Strong heat stress,89.6 to 100.4 F,91.2,83.85,99.13,9.0,1,450,1,"34.25,-118.50 (35.4%); 34.00,-118.25 (23.1%); 34.00,-118.50 (22.6%); 34.25,-118.25 (10.1%); 33.75,-118.25 (6.4%); 34.25,-118.75 (2.4%)"
2019-09-14,102.7,39.28,3.0,Very strong heat stress,100.4 to 114.8 F,90.85,83.58,98.73,11.85,1,450,1,"34.25,-118.50 (35.4%); 34.00,-118.25 (23.1%); 34.00,-118.50 (22.6%); 34.25,-118.25 (10.1%); 33.75,-118.25 (6.4%); 34.25,-118.75 (2.4%)"
2019-09-15,96.48,35.82,2.0,Strong heat stress,89.6 to 100.4 F,90.59,83.4,98.68,5.89,0,450,1,"34.25,-118.50 (35.4%); 34.00,-118.25 (23.1%); 34.00,-118.50 (22.6%); 34.25,-118.25 (10.1%); 33.75,-118.25 (6.4%); 34.25,-118.75 (2.4%)"
2019-09-16,91.97,33.32,2.0,Strong heat stress,89.6 to 100.4 F,90.57,83.22,98.73,1.4,0,450,1,"34.25,-118.50 (35.4%); 34.00,-118.25 (23.1%); 34.00,-118.50 (22.6%); 34.25,-118.25 (10.1%); 33.75,-118.25 (6.4%); 34.25,-118.75 (2.4%)"
2019-09-17,89.18,31.76,1.0,Moderate heat stress,78.8 to 89.6 F,90.7,83.28,98.81,-1.52,0,450,1,"34.25,-118.50 (35.4%); 34.00,-118.25 (23.1%); 34.00,-118.50 (22.6%); 34.25,-118.25 (10.1%); 33.75,-118.25 (6.4%); 34.25,-118.75 (2.4%)"
2019-09-18,87.25,30.69,1.0,Moderate heat stress,78.8 to 89.6 F,90.73,83.28,98.99,-3.48,0,450,1,"34.25,-118.50 (35.4%); 34.00,-118.25 (23.1%); 34.00,-118.50 (22.6%); 34.25,-118.25 (10.1%); 33.75,-118.25 (6.4%); 34.25,-118.75 (2.4%)"
2019-09-19,86.32,30.18,1.0,Moderate heat stress,78.8 to 89.6 F,90.74,83.22,99.68,-4.42,0,450,1,"34.25,-118.50 (35.4%); 34.00,-118.25 (23.1%); 34.00,-118.50 (22.6%); 34.25,-118.25 (10.1%); 33.75,-118.25 (6.4%); 34.25,-118.75 (2.4%)"
2019-09-20,89.99,32.22,2.0,Strong heat stress,89.6 to 100.4 F,90.81,83.13,99.62,-0.82,0,450,1,"34.25,-118.50 (35.4%); 34.00,-118.25 (23.1%); 34.00,-118.50 (22.6%); 34.25,-118.25 (10.1%); 33.75,-118.25 (6.4%); 34.25,-118.75 (2.4%)"
2019-09-21,94.6,34.78,2.0,Strong heat stress,89.6 to 100.4 F,90.87,82.71,99.75,3.73,0,450,1,"34.25,-118.50 (35.4%); 34.00,-118.25 (23.1%); 34.00,-118.50 (22.6%); 34.25,-118.25 (10.1%); 33.75,-118.25 (6.4%); 34.25,-118.75 (2.4%)"
2019-09-22,97.17,36.21,2.0,Strong heat stress,89.6 to 100.4 F,90.89,82.21,99.75,6.28,0,450,1,"34.25,-118.50 (35.4%); 34.00,-118.25 (23.1%); 34.00,-118.50 (22.6%); 34.25,-118.25 (10.1%); 33.75,-118.25 (6.4%); 34.25,-118.75 (2.4%)"
2019-09-23,90.04,32.24,2.0,Strong heat stress,89.6 to 100.4 F,91.0,82.03,100.12,-0.96,0,450,1,"34.25,-118.50 (35.4%); 34.00,-118.25 (23.1%); 34.00,-118.50 (22.6%); 34.25,-118.25 (10.1%); 33.75,-118.25 (6.4%); 34.25,-118.75 (2.4%)"
2019-09-24,96.34,35.74,2.0,Strong heat stress,89.6 to 100.4 F,91.03,81.81,100.27,5.31,0,450,1,"34.25,-118.50 (35.4%); 34.00,-118.25 (23.1%); 34.00,-118.50 (22.6%); 34.25,-118.25 (10.1%); 33.75,-118.25 (6.4%); 34.25,-118.75 (2.4%)"
2019-09-25,92.65,33.7,2.0,Strong heat stress,89.6 to 100.4 F,91.02,82.03,100.61,1.63,0,450,1,"34.25,-118.50 (35.4%); 34.00,-118.25 (23.1%); 34.00,-118.50 (22.6%); 34.25,-118.25 (10.1%); 33.75,-118.25 (6.4%); 34.25,-118.75 (2.4%)"
2019-09-26,83.72,28.74,1.0,Moderate heat stress,78.8 to 89.6 F,90.77,81.65,100.81,-7.05,0,450,1,"34.25,-118.50 (35.4%); 34.00,-118.25 (23.1%); 34.00,-118.50 (22.6%); 34.25,-118.25 (10.1%); 33.75,-118.25 (6.4%); 34.25,-118.75 (2.4%)"
2019-09-27,81.61,27.56,1.0,Moderate heat stress,78.8 to 89.6 F,90.41,81.36,100.86,-8.8,0,450,1,"34.25,-118.50 (35.4%); 34.00,-118.25 (23.1%); 34.00,-118.50 (22.6%); 34.25,-118.25 (10.1%); 33.75,-118.25 (6.4%); 34.25,-118.75 (2.4%)"
2019-09-28,73.54,23.08,0.0,No thermal stress,48.2 to 78.8 F,90.19,80.96,100.81,-16.65,0,450,1,"34.25,-118.50 (35.4%); 34.00,-118.25 (23.1%); 34.00,-118.50 (22.6%); 34.25,-118.25 (10.1%); 33.75,-118.25 (6.4%); 34.25,-118.75 (2.4%)"
2019-09-29,81.36,27.42,1.0,Moderate heat stress,78.8 to 89.6 F,90.09,80.91,100.86,-8.73,0,450,1,"34.25,-118.50 (35.4%); 34.00,-118.25 (23.1%); 34.00,-118.50 (22.6%); 34.25,-118.25 (10.1%); 33.75,-118.25 (6.4%); 34.25,-118.75 (2.4%)"
2019-09-30,81.31,27.4,1.0,Moderate heat stress,78.8 to 89.6 F,90.07,80.96,100.86,-8.76,0,450,1,"34.25,-118.50 (35.4%); 34.00,-118.25 (23.1%); 34.00,-118.50 (22.6%); 34.25,-118.25 (10.1%); 33.75,-118.25 (6.4%); 34.25,-118.75 (2.4%)"
2019-10-01,82.59,28.11,1.0,Moderate heat stress,78.8 to 89.6 F,89.89,80.96,100.17,-7.3,0,450,1,"34.25,-118.50 (35.4%); 34.00,-118.25 (23.1%); 34.00,-118.50 (22.6%); 34.25,-118.25 (10.1%); 33.75,-118.25 (6.4%); 34.25,-118.75 (2.4%)"
2019-10-02,87.74,30.97,1.0,Moderate heat stress,78.8 to 89.6 F,89.55,80.91,100.11,-1.81,0,450,1,"34.25,-118.50 (35.4%); 34.00,-118.25 (23.1%); 34.00,-118.50 (22.6%); 34.25,-118.25 (10.1%); 33.75,-118.25 (6.4%); 34.25,-118.75 (2.4%)"
2019-10-03,85.26,29.59,1.0,Moderate heat stress,78.8 to 89.6 F,89.23,80.19,99.97,-3.97,0,450,1,"34.25,-118.50 (35.4%); 34.00,-118.25 (23.1%); 34.00,-118.50 (22.6%); 34.25,-118.25 (10.1%); 33.75,-118.25 (6.4%); 34.25,-118.75 (2.4%)"
2019-10-04,84.19,28.99,1.0,Moderate heat stress,78.8 to 89.6 F,88.86,79.8,99.63,-4.67,0,450,1,"34.25,-118.50 (35.4%); 34.00,-118.25 (23.1%); 34.00,-118.50 (22.6%); 34.25,-118.25 (10.1%); 33.75,-118.25 (6.4%); 34.25,-118.75 (2.4%)"
2019-10-05,90.06,32.26,2.0,Strong heat stress,89.6 to 100.4 F,88.53,79.53,99.2,1.53,0,450,1,"34.25,-118.50 (35.4%); 34.00,-118.25 (23.1%); 34.00,-118.50 (22.6%); 34.25,-118.25 (10.1%); 33.75,-118.25 (6.4%); 34.25,-118.75 (2.4%)"
2019-10-06,95.66,35.37,2.0,Strong heat stress,89.6 to 100.4 F,88.26,79.46,98.97,7.4,0,450,1,"34.25,-118.50 (35.4%); 34.00,-118.25 (23.1%); 34.00,-118.50 (22.6%); 34.25,-118.25 (10.1%); 33.75,-118.25 (6.4%); 34.25,-118.75 (2.4%)"
2019-10-07,93.06,33.92,2.0,Strong heat stress,89.6 to 100.4 F,88.01,79.37,98.57,5.05,0,450,1,"34.25,-118.50 (35.4%); 34.00,-118.25 (23.1%); 34.00,-118.50 (22.6%); 34.25,-118.25 (10.1%); 33.75,-118.25 (6.4%); 34.25,-118.75 (2.4%)"
2019-10-08,88.99,31.66,1.0,Moderate heat stress,78.8 to 89.6 F,87.62,78.72,97.87,1.37,0,450,1,"34.25,-118.50 (35.4%); 34.00,-118.25 (23.1%); 34.00,-118.50 (22.6%); 34.25,-118.25 (10.1%); 33.75,-118.25 (6.4%); 34.25,-118.75 (2.4%)"
2019-10-09,82.76,28.2,1.0,Moderate heat stress,78.8 to 89.6 F,87.29,78.29,97.76,-4.53,0,450,1,"34.25,-118.50 (35.4%); 34.00,-118.25 (23.1%); 34.00,-118.50 (22.6%); 34.25,-118.25 (10.1%); 33.75,-118.25 (6.4%); 34.25,-118.75 (2.4%)"
2019-10-10,87.57,30.87,1.0,Moderate heat stress,78.8 to 89.6 F,87.07,77.8,97.45,0.5,0,450,1,"34.25,-118.50 (35.4%); 34.00,-118.25 (23.1%); 34.00,-118.50 (22.6%); 34.25,-118.25 (10.1%); 33.75,-118.25 (6.4%); 34.25,-118.75 (2.4%)"
2019-10-11,91.61,33.12,2.0,Strong heat stress,89.6 to 100.4 F,87.04,77.75,97.17,4.57,0,450,1,"34.25,-118.50 (35.4%); 34.00,-118.25 (23.1%); 34.00,-118.50 (22.6%); 34.25,-118.25 (10.1%); 33.75,-118.25 (6.4%); 34.25,-118.75 (2.4%)"
2019-10-12,89.61,32.01,2.0,Strong heat stress,89.6 to 100.4 F,87.16,78.29,97.06,2.45,0,450,1,"34.25,-118.50 (35.4%); 34.00,-118.25 (23.1%); 34.00,-118.50 (22.6%); 34.25,-118.25 (10.1%); 33.75,-118.25 (6.4%); 34.25,-118.75 (2.4%)"
2019-10-13,84.02,28.9,1.0,Moderate heat stress,78.8 to 89.6 F,87.15,78.29,97.15,-3.13,0,450,1,"34.25,-118.50 (35.4%); 34.00,-118.25 (23.1%); 34.00,-118.50 (22.6%); 34.25,-118.25 (10.1%); 33.75,-118.25 (6.4%); 34.25,-118.75 (2.4%)"
2019-10-14,83.9,28.83,1.0,Moderate heat stress,78.8 to 89.6 F,86.95,78.24,96.85,-3.05,0,450,1,"34.25,-118.50 (35.4%); 34.00,-118.25 (23.1%); 34.00,-118.50 (22.6%); 34.25,-118.25 (10.1%); 33.75,-118.25 (6.4%); 34.25,-118.75 (2.4%)"
2019-10-15,90.04,32.25,2.0,Strong heat stress,89.6 to 100.4 F,86.73,77.79,96.85,3.31,0,450,1,"34.25,-118.50 (35.4%); 34.00,-118.25 (23.1%); 34.00,-118.50 (22.6%); 34.25,-118.25 (10.1%); 33.75,-118.25 (6.4%); 34.25,-118.75 (2.4%)"
2019-10-16,95.38,35.21,2.0,Strong heat stress,89.6 to 100.4 F,86.59,77.13,96.62,8.79,0,450,1,"34.25,-118.50 (35.4%); 34.00,-118.25 (23.1%); 34.00,-118.50 (22.6%); 34.25,-118.25 (10.1%); 33.75,-118.25 (6.4%); 34.25,-118.75 (2.4%)"
2019-10-17,83.88,28.82,1.0,Moderate heat stress,78.8 to 89.6 F,86.47,77.13,96.53,-2.59,0,450,1,"34.25,-118.50 (35.4%); 34.00,-118.25 (23.1%); 34.00,-118.50 (22.6%); 34.25,-118.25 (10.1%); 33.75,-118.25 (6.4%); 34.25,-118.75 (2.4%)"
2019-10-18,86.36,30.2,1.0,Moderate heat stress,78.8 to 89.6 F,86.32,76.47,96.28,0.04,0,450,1,"34.25,-118.50 (35.4%); 34.00,-118.25 (23.1%); 34.00,-118.50 (22.6%); 34.25,-118.25 (10.1%); 33.75,-118.25 (6.4%); 34.25,-118.75 (2.4%)"
2019-10-19,87.42,30.79,1.0,Moderate heat stress,78.8 to 89.6 F,86.25,76.34,96.26,1.17,0,450,1,"34.25,-118.50 (35.4%); 34.00,-118.25 (23.1%); 34.00,-118.50 (22.6%); 34.25,-118.25 (10.1%); 33.75,-118.25 (6.4%); 34.25,-118.75 (2.4%)"
2019-10-20,93.73,34.3,2.0,Strong heat stress,89.6 to 100.4 F,86.04,76.12,96.05,7.69,0,450,1,"34.25,-118.50 (35.4%); 34.00,-118.25 (23.1%); 34.00,-118.50 (22.6%); 34.25,-118.25 (10.1%); 33.75,-118.25 (6.4%); 34.25,-118.75 (2.4%)"
2019-10-21,95.51,35.28,2.0,Strong heat stress,89.6 to 100.4 F,85.78,75.87,95.7,9.73,0,450,1,"34.25,-118.50 (35.4%); 34.00,-118.25 (23.1%); 34.00,-118.50 (22.6%); 34.25,-118.25 (10.1%); 33.75,-118.25 (6.4%); 34.25,-118.75 (2.4%)"
2019-10-22,99.12,37.29,2.0,Strong heat stress,89.6 to 100.4 F,85.36,75.02,95.38,13.76,1,450,1,"34.25,-118.50 (35.4%); 34.00,-118.25 (23.1%); 34.00,-118.50 (22.6%); 34.25,-118.25 (10.1%); 33.75,-118.25 (6.4%); 34.25,-118.75 (2.4%)"
2019-10-23,95.8,35.45,2.0,Strong heat stress,89.6 to 100.4 F,84.94,74.6,94.84,10.86,1,450,1,"34.25,-118.50 (35.4%); 34.00,-118.25 (23.1%); 34.00,-118.50 (22.6%); 34.25,-118.25 (10.1%); 33.75,-118.25 (6.4%); 34.25,-118.75 (2.4%)"
2019-10-24,98.6,37.0,2.0,Strong heat stress,89.6 to 100.4 F,84.69,74.41,94.08,13.91,1,450,1,"34.25,-118.50 (35.4%); 34.00,-118.25 (23.1%); 34.00,-118.50 (22.6%); 34.25,-118.25 (10.1%); 33.75,-118.25 (6.4%); 34.25,-118.75 (2.4%)"
2019-10-25,97.91,36.62,2.0,Strong heat stress,89.6 to 100.4 F,84.49,74.41,93.75,13.42,1,450,1,"34.25,-118.50 (35.4%); 34.00,-118.25 (23.1%); 34.00,-118.50 (22.6%); 34.25,-118.25 (10.1%); 33.75,-118.25 (6.4%); 34.25,-118.75 (2.4%)"
2019-10-26,91.56,33.09,2.0,Strong heat stress,89.6 to 100.4 F,84.28,74.09,93.73,7.28,0,450,1,"34.25,-118.50 (35.4%); 34.00,-118.25 (23.1%); 34.00,-118.50 (22.6%); 34.25,-118.25 (10.1%); 33.75,-118.25 (6.4%); 34.25,-118.75 (2.4%)"
2019-10-27,74.55,23.64,0.0,No thermal stress,48.2 to 78.8 F,84.06,74.09,93.55,-9.51,0,450,1,"34.25,-118.50 (35.4%); 34.00,-118.25 (23.1%); 34.00,-118.50 (22.6%); 34.25,-118.25 (10.1%); 33.75,-118.25 (6.4%); 34.25,-118.75 (2.4%)"
2019-10-28,85.21,29.56,1.0,Moderate heat stress,78.8 to 89.6 F,83.85,74.01,93.26,1.36,0,450,1,"34.25,-118.50 (35.4%); 34.00,-118.25 (23.1%); 34.00,-118.50 (22.6%); 34.25,-118.25 (10.1%); 33.75,-118.25 (6.4%); 34.25,-118.75 (2.4%)"
2019-10-29,77.86,25.48,0.0,No thermal stress,48.2 to 78.8 F,83.76,74.27,93.1,-5.9,0,450,1,"34.25,-118.50 (35.4%); 34.00,-118.25 (23.1%); 34.00,-118.50 (22.6%); 34.25,-118.25 (10.1%); 33.75,-118.25 (6.4%); 34.25,-118.75 (2.4%)"
2019-10-30,75.1,23.94,0.0,No thermal stress,48.2 to 78.8 F,83.52,74.32,92.86,-8.42,0,450,1,"34.25,-118.50 (35.4%); 34.00,-118.25 (23.1%); 34.00,-118.50 (22.6%); 34.25,-118.25 (10.1%); 33.75,-118.25 (6.4%); 34.25,-118.75 (2.4%)"
2019-10-31,86.72,30.4,1.0,Moderate heat stress,78.8 to 89.6 F,83.22,74.27,92.61,3.5,0,450,1,"34.25,-118.50 (35.4%); 34.00,-118.25 (23.1%); 34.00,-118.50 (22.6%); 34.25,-118.25 (10.1%); 33.75,-118.25 (6.4%); 34.25,-118.75 (2.4%)"
2019-11-01,88.36,31.31,1.0,Moderate heat stress,78.8 to 89.6 F,82.76,73.54,92.47,5.6,0,450,1,"34.25,-118.50 (35.4%); 34.00,-118.25 (23.1%); 34.00,-118.50 (22.6%); 34.25,-118.25 (10.1%); 33.75,-118.25 (6.4%); 34.25,-118.75 (2.4%)"
2019-11-02,90.33,32.41,2.0,Strong heat stress,89.6 to 100.4 F,82.36,73.3,92.12,7.97,0,450,1,"34.25,-118.50 (35.4%); 34.00,-118.25 (23.1%); 34.00,-118.50 (22.6%); 34.25,-118.25 (10.1%); 33.75,-118.25 (6.4%); 34.25,-118.75 (2.4%)"
2019-11-03,86.47,30.26,1.0,Moderate heat stress,78.8 to 89.6 F,81.95,73.06,91.99,4.52,0,450,1,"34.25,-118.50 (35.4%); 34.00,-118.25 (23.1%); 34.00,-118.50 (22.6%); 34.25,-118.25 (10.1%); 33.75,-118.25 (6.4%); 34.25,-118.75 (2.4%)"
2019-11-04,86.85,30.47,1.0,Moderate heat stress,78.8 to 89.6 F,81.65,73.02,91.38,5.2,0,450,1,"34.25,-118.50 (35.4%); 34.00,-118.25 (23.1%); 34.00,-118.50 (22.6%); 34.25,-118.25 (10.1%); 33.75,-118.25 (6.4%); 34.25,-118.75 (2.4%)"
2019-11-05,87.55,30.86,1.0,Moderate heat stress,78.8 to 89.6 F,81.49,72.52,91.14,6.06,0,450,1,"34.25,-118.50 (35.4%); 34.00,-118.25 (23.1%); 34.00,-118.50 (22.6%); 34.25,-118.25 (10.1%); 33.75,-118.25 (6.4%); 34.25,-118.75 (2.4%)"
2019-11-06,83.59,28.66,1.0,Moderate heat stress,78.8 to 89.6 F,81.57,72.77,91.32,2.02,0,450,1,"34.25,-118.50 (35.4%); 34.00,-118.25 (23.1%); 34.00,-118.50 (22.6%); 34.25,-118.25 (10.1%); 33.75,-118.25 (6.4%); 34.25,-118.75 (2.4%)"
2019-11-07,86.92,30.51,1.0,Moderate heat stress,78.8 to 89.6 F,81.65,73.02,91.46,5.27,0,450,1,"34.25,-118.50 (35.4%); 34.00,-118.25 (23.1%); 34.00,-118.50 (22.6%); 34.25,-118.25 (10.1%); 33.75,-118.25 (6.4%); 34.25,-118.75 (2.4%)"
2019-11-08,91.46,33.03,2.0,Strong heat stress,89.6 to 100.4 F,81.52,72.77,91.32,9.94,1,450,1,"34.25,-118.50 (35.4%); 34.00,-118.25 (23.1%); 34.00,-118.50 (22.6%); 34.25,-118.25 (10.1%); 33.75,-118.25 (6.4%); 34.25,-118.75 (2.4%)"
2019-11-09,92.42,33.57,2.0,Strong heat stress,89.6 to 100.4 F,81.25,72.2,91.14,11.17,1,450,1,"34.25,-118.50 (35.4%); 34.00,-118.25 (23.1%); 34.00,-118.50 (22.6%); 34.25,-118.25 (10.1%); 33.75,-118.25 (6.4%); 34.25,-118.75 (2.4%)"
2019-11-10,84.49,29.16,1.0,Moderate heat stress,78.8 to 89.6 F,81.07,71.94,90.92,3.42,0,450,1,"34.25,-118.50 (35.4%); 34.00,-118.25 (23.1%); 34.00,-118.50 (22.6%); 34.25,-118.25 (10.1%); 33.75,-118.25 (6.4%); 34.25,-118.75 (2.4%)"
2019-11-11,84.26,29.03,1.0,Moderate heat stress,78.8 to 89.6 F,80.96,71.79,90.06,3.3,0,450,1,"34.25,-118.50 (35.4%); 34.00,-118.25 (23.1%); 34.00,-118.50 (22.6%); 34.25,-118.25 (10.1%); 33.75,-118.25 (6.4%); 34.25,-118.75 (2.4%)"
2019-11-12,88.27,31.26,1.0,Moderate heat stress,78.8 to 89.6 F,80.89,71.73,89.29,7.38,0,450,1,"34.25,-118.50 (35.4%); 34.00,-118.25 (23.1%); 34.00,-118.50 (22.6%); 34.25,-118.25 (10.1%); 33.75,-118.25 (6.4%); 34.25,-118.75 (2.4%)"
2019-11-13,82.2,27.89,1.0,Moderate heat stress,78.8 to 89.6 F,80.58,71.18,89.09,1.62,0,450,1,"34.25,-118.50 (35.4%); 34.00,-118.25 (23.1%); 34.00,-118.50 (22.6%); 34.25,-118.25 (10.1%); 33.75,-118.25 (6.4%); 34.25,-118.75 (2.4%)"
2019-11-14,82.59,28.11,1.0,Moderate heat stress,78.8 to 89.6 F,80.3,70.98,89.09,2.29,0,450,1,"34.25,-118.50 (35.4%); 34.00,-118.25 (23.1%); 34.00,-118.50 (22.6%); 34.25,-118.25 (10.1%); 33.75,-118.25 (6.4%); 34.25,-118.75 (2.4%)"
2019-11-15,81.37,27.43,1.0,Moderate heat stress,78.8 to 89.6 F,80.09,70.39,89.01,1.28,0,450,1,"34.25,-118.50 (35.4%); 34.00,-118.25 (23.1%); 34.00,-118.50 (22.6%); 34.25,-118.25 (10.1%); 33.75,-118.25 (6.4%); 34.25,-118.75 (2.4%)"
2019-11-16,88.53,31.41,1.0,Moderate heat stress,78.8 to 89.6 F,80.12,71.14,88.93,8.41,0,450,1,"34.25,-118.50 (35.4%); 34.00,-118.25 (23.1%); 34.00,-118.50 (22.6%); 34.25,-118.25 (10.1%); 33.75,-118.25 (6.4%); 34.25,-118.75 (2.4%)"
2019-11-17,95.39,35.22,2.0,Strong heat stress,89.6 to 100.4 F,80.18,71.36,88.71,15.21,1,450,1,"34.25,-118.50 (35.4%); 34.00,-118.25 (23.1%); 34.00,-118.50 (22.6%); 34.25,-118.25 (10.1%); 33.75,-118.25 (6.4%); 34.25,-118.75 (2.4%)"
2019-11-18,94.95,34.97,2.0,Strong heat stress,89.6 to 100.4 F,80.18,71.61,88.57,14.77,1,450,1,"34.25,-118.50 (35.4%); 34.00,-118.25 (23.1%); 34.00,-118.50 (22.6%); 34.25,-118.25 (10.1%); 33.75,-118.25 (6.4%); 34.25,-118.75 (2.4%)"
2019-11-19,83.91,28.84,1.0,Moderate heat stress,78.8 to 89.6 F,80.05,71.17,88.48,3.86,0,450,1,"34.25,-118.50 (35.4%); 34.00,-118.25 (23.1%); 34.00,-118.50 (22.6%); 34.25,-118.25 (10.1%); 33.75,-118.25 (6.4%); 34.25,-118.75 (2.4%)"
2019-11-20,61.91,16.61,0.0,No thermal stress,48.2 to 78.8 F,79.68,71.05,88.47,-17.77,0,450,1,"34.25,-118.50 (35.4%); 34.00,-118.25 (23.1%); 34.00,-118.50 (22.6%); 34.25,-118.25 (10.1%); 33.75,-118.25 (6.4%); 34.25,-118.75 (2.4%)"
2019-11-21,73.49,23.05,0.0,No thermal stress,48.2 to 78.8 F,79.17,70.32,87.54,-5.68,0,450,1,"34.25,-118.50 (35.4%); 34.00,-118.25 (23.1%); 34.00,-118.50 (22.6%); 34.25,-118.25 (10.1%); 33.75,-118.25 (6.4%); 34.25,-118.75 (2.4%)"
2019-11-22,78.82,26.01,1.0,Moderate heat stress,78.8 to 89.6 F,78.67,69.62,87.16,0.15,0,450,1,"34.25,-118.50 (35.4%); 34.00,-118.25 (23.1%); 34.00,-118.50 (22.6%); 34.25,-118.25 (10.1%); 33.75,-118.25 (6.4%); 34.25,-118.75 (2.4%)"
2019-11-23,82.11,27.84,1.0,Moderate heat stress,78.8 to 89.6 F,78.31,69.46,86.41,3.8,0,450,1,"34.25,-118.50 (35.4%); 34.00,-118.25 (23.1%); 34.00,-118.50 (22.6%); 34.25,-118.25 (10.1%); 33.75,-118.25 (6.4%); 34.25,-118.75 (2.4%)"
2019-11-24,83.98,28.88,1.0,Moderate heat stress,78.8 to 89.6 F,78.07,69.46,86.0,5.91,0,450,1,"34.25,-118.50 (35.4%); 34.00,-118.25 (23.1%); 34.00,-118.50 (22.6%); 34.25,-118.25 (10.1%); 33.75,-118.25 (6.4%); 34.25,-118.75 (2.4%)"
2019-11-25,79.22,26.23,1.0,Moderate heat stress,78.8 to 89.6 F,77.73,69.04,85.84,1.49,0,450,1,"34.25,-118.50 (35.4%); 34.00,-118.25 (23.1%); 34.00,-118.50 (22.6%); 34.25,-118.25 (10.1%); 33.75,-118.25 (6.4%); 34.25,-118.75 (2.4%)"
2019-11-26,77.34,25.19,0.0,No thermal stress,48.2 to 78.8 F,77.35,68.39,85.51,-0.01,0,450,1,"34.25,-118.50 (35.4%); 34.00,-118.25 (23.1%); 34.00,-118.50 (22.6%); 34.25,-118.25 (10.1%); 33.75,-118.25 (6.4%); 34.25,-118.75 (2.4%)"
2019-11-27,55.43,13.02,0.0,No thermal stress,48.2 to 78.8 F,77.0,67.94,85.17,-21.57,0,450,1,"34.25,-118.50 (35.4%); 34.00,-118.25 (23.1%); 34.00,-118.50 (22.6%); 34.25,-118.25 (10.1%); 33.75,-118.25 (6.4%); 34.25,-118.75 (2.4%)"
2019-11-28,43.03,6.13,-1.0,Slight cold stress,32.0 to 48.2 F,76.7,67.54,84.84,-33.67,0,450,1,"34.25,-118.50 (35.4%); 34.00,-118.25 (23.1%); 34.00,-118.50 (22.6%); 34.25,-118.25 (10.1%); 33.75,-118.25 (6.4%); 34.25,-118.75 (2.4%)"
2019-11-29,58.55,14.75,0.0,No thermal stress,48.2 to 78.8 F,76.34,67.02,84.34,-17.79,0,450,1,"34.25,-118.50 (35.4%); 34.00,-118.25 (23.1%); 34.00,-118.50 (22.6%); 34.25,-118.25 (10.1%); 33.75,-118.25 (6.4%); 34.25,-118.75 (2.4%)"
2019-11-30,61.5,16.39,0.0,No thermal stress,48.2 to 78.8 F,75.93,66.57,84.22,-14.43,0,450,1,"34.25,-118.50 (35.4%); 34.00,-118.25 (23.1%); 34.00,-118.50 (22.6%); 34.25,-118.25 (10.1%); 33.75,-118.25 (6.4%); 34.25,-118.75 (2.4%)"
2019-12-01,72.73,22.63,0.0,No thermal stress,48.2 to 78.8 F,75.62,65.73,84.22,-2.89,0,450,1,"34.25,-118.50 (35.4%); 34.00,-118.25 (23.1%); 34.00,-118.50 (22.6%); 34.25,-118.25 (10.1%); 33.75,-118.25 (6.4%); 34.25,-118.75 (2.4%)"
2019-12-02,77.31,25.17,0.0,No thermal stress,48.2 to 78.8 F,75.37,65.66,83.78,1.94,0,450,1,"34.25,-118.50 (35.4%); 34.00,-118.25 (23.1%); 34.00,-118.50 (22.6%); 34.25,-118.25 (10.1%); 33.75,-118.25 (6.4%); 34.25,-118.75 (2.4%)"
2019-12-03,71.39,21.88,0.0,No thermal stress,48.2 to 78.8 F,75.12,65.52,83.3,-3.73,0,450,1,"34.25,-118.50 (35.4%); 34.00,-118.25 (23.1%); 34.00,-118.50 (22.6%); 34.25,-118.25 (10.1%); 33.75,-118.25 (6.4%); 34.25,-118.75 (2.4%)"
2019-12-04,65.66,18.7,0.0,No thermal stress,48.2 to 78.8 F,74.8,64.6,82.9,-9.14,0,450,1,"34.25,-118.50 (35.4%); 34.00,-118.25 (23.1%); 34.00,-118.50 (22.6%); 34.25,-118.25 (10.1%); 33.75,-118.25 (6.4%); 34.25,-118.75 (2.4%)"
2019-12-05,77.29,25.16,0.0,No thermal stress,48.2 to 78.8 F,74.57,63.69,82.9,2.72,0,450,1,"34.25,-118.50 (35.4%); 34.00,-118.25 (23.1%); 34.00,-118.50 (22.6%); 34.25,-118.25 (10.1%); 33.75,-118.25 (6.4%); 34.25,-118.75 (2.4%)"
2019-12-06,76.04,24.47,0.0,No thermal stress,48.2 to 78.8 F,74.53,63.97,82.78,1.51,0,450,1,"34.25,-118.50 (35.4%); 34.00,-118.25 (23.1%); 34.00,-118.50 (22.6%); 34.25,-118.25 (10.1%); 33.75,-118.25 (6.4%); 34.25,-118.75 (2.4%)"
2019-12-07,69.7,20.95,0.0,No thermal stress,48.2 to 78.8 F,74.43,64.42,82.69,-4.73,0,450,1,"34.25,-118.50 (35.4%); 34.00,-118.25 (23.1%); 34.00,-118.50 (22.6%); 34.25,-118.25 (10.1%); 33.75,-118.25 (6.4%); 34.25,-118.75 (2.4%)"
2019-12-08,66.09,18.94,0.0,No thermal stress,48.2 to 78.8 F,74.29,64.61,82.56,-8.2,0,450,1,"34.25,-118.50 (35.4%); 34.00,-118.25 (23.1%); 34.00,-118.50 (22.6%); 34.25,-118.25 (10.1%); 33.75,-118.25 (6.4%); 34.25,-118.75 (2.4%)"
2019-12-09,77.17,25.09,0.0,No thermal stress,48.2 to 78.8 F,74.05,63.97,82.44,3.12,0,450,1,"34.25,-118.50 (35.4%); 34.00,-118.25 (23.1%); 34.00,-118.50 (22.6%); 34.25,-118.25 (10.1%); 33.75,-118.25 (6.4%); 34.25,-118.75 (2.4%)"
2019-12-10,76.33,24.63,0.0,No thermal stress,48.2 to 78.8 F,73.87,63.69,82.67,2.46,0,450,1,"34.25,-118.50 (35.4%); 34.00,-118.25 (23.1%); 34.00,-118.50 (22.6%); 34.25,-118.25 (10.1%); 33.75,-118.25 (6.4%); 34.25,-118.75 (2.4%)"
2019-12-11,76.12,24.51,0.0,No thermal stress,48.2 to 78.8 F,73.6,62.9,82.77,2.52,0,450,1,"34.25,-118.50 (35.4%); 34.00,-118.25 (23.1%); 34.00,-118.50 (22.6%); 34.25,-118.25 (10.1%); 33.75,-118.25 (6.4%); 34.25,-118.75 (2.4%)"
2019-12-12,78.91,26.06,1.0,Moderate heat stress,78.8 to 89.6 F,73.38,61.29,82.92,5.53,0,450,1,"34.25,-118.50 (35.4%); 34.00,-118.25 (23.1%); 34.00,-118.50 (22.6%); 34.25,-118.25 (10.1%); 33.75,-118.25 (6.4%); 34.25,-118.75 (2.4%)"
2019-12-13,78.24,25.69,0.0,No thermal stress,48.2 to 78.8 F,73.32,61.62,82.88,4.92,0,450,1,"34.25,-118.50 (35.4%); 34.00,-118.25 (23.1%); 34.00,-118.50 (22.6%); 34.25,-118.25 (10.1%); 33.75,-118.25 (6.4%); 34.25,-118.75 (2.4%)"
2019-12-14,71.99,22.22,0.0,No thermal stress,48.2 to 78.8 F,73.29,62.86,82.88,-1.3,0,450,1,"34.25,-118.50 (35.4%); 34.00,-118.25 (23.1%); 34.00,-118.50 (22.6%); 34.25,-118.25 (10.1%); 33.75,-118.25 (6.4%); 34.25,-118.75 (2.4%)"
2019-12-15,59.51,15.28,0.0,No thermal stress,48.2 to 78.8 F,73.15,62.77,82.61,-13.64,0,450,1,"34.25,-118.50 (35.4%); 34.00,-118.25 (23.1%); 34.00,-118.50 (22.6%); 34.25,-118.25 (10.1%); 33.75,-118.25 (6.4%); 34.25,-118.75 (2.4%)"
2019-12-16,74.06,23.37,0.0,No thermal stress,48.2 to 78.8 F,73.01,62.27,82.55,1.05,0,450,1,"34.25,-118.50 (35.4%); 34.00,-118.25 (23.1%); 34.00,-118.50 (22.6%); 34.25,-118.25 (10.1%); 33.75,-118.25 (6.4%); 34.25,-118.75 (2.4%)"
2019-12-17,71.64,22.02,0.0,No thermal stress,48.2 to 78.8 F,72.87,61.29,82.36,-1.23,0,450,1,"34.25,-118.50 (35.4%); 34.00,-118.25 (23.1%); 34.00,-118.50 (22.6%); 34.25,-118.25 (10.1%); 33.75,-118.25 (6.4%); 34.25,-118.75 (2.4%)"
2019-12-18,69.92,21.07,0.0,No thermal stress,48.2 to 78.8 F,72.72,60.62,82.37,-2.8,0,450,1,"34.25,-118.50 (35.4%); 34.00,-118.25 (23.1%); 34.00,-118.50 (22.6%); 34.25,-118.25 (10.1%); 33.75,-118.25 (6.4%); 34.25,-118.75 (2.4%)"
2019-12-19,75.4,24.11,0.0,No thermal stress,48.2 to 78.8 F,72.64,60.95,82.34,2.76,0,450,1,"34.25,-118.50 (35.4%); 34.00,-118.25 (23.1%); 34.00,-118.50 (22.6%); 34.25,-118.25 (10.1%); 33.75,-118.25 (6.4%); 34.25,-118.75 (2.4%)"
2019-12-20,79.17,26.21,1.0,Moderate heat stress,78.8 to 89.6 F,72.67,60.95,82.34,6.5,0,450,1,"34.25,-118.50 (35.4%); 34.00,-118.25 (23.1%); 34.00,-118.50 (22.6%); 34.25,-118.25 (10.1%); 33.75,-118.25 (6.4%); 34.25,-118.75 (2.4%)"
2019-12-21,77.1,25.06,0.0,No thermal stress,48.2 to 78.8 F,72.53,60.95,82.37,4.57,0,450,1,"34.25,-118.50 (35.4%); 34.00,-118.25 (23.1%); 34.00,-118.50 (22.6%); 34.25,-118.25 (10.1%); 33.75,-118.25 (6.4%); 34.25,-118.75 (2.4%)"
2019-12-22,66.75,19.3,0.0,No thermal stress,48.2 to 78.8 F,72.48,60.17,82.39,-5.73,0,450,1,"34.25,-118.50 (35.4%); 34.00,-118.25 (23.1%); 34.00,-118.50 (22.6%); 34.25,-118.25 (10.1%); 33.75,-118.25 (6.4%); 34.25,-118.75 (2.4%)"
2019-12-23,62.34,16.85,0.0,No thermal stress,48.2 to 78.8 F,72.44,60.64,82.36,-10.1,0,450,1,"34.25,-118.50 (35.4%); 34.00,-118.25 (23.1%); 34.00,-118.50 (22.6%); 34.25,-118.25 (10.1%); 33.75,-118.25 (6.4%); 34.25,-118.75 (2.4%)"
2019-12-24,69.64,20.91,0.0,No thermal stress,48.2 to 78.8 F,72.44,60.77,82.34,-2.8,0,450,1,"34.25,-118.50 (35.4%); 34.00,-118.25 (23.1%); 34.00,-118.50 (22.6%); 34.25,-118.25 (10.1%); 33.75,-118.25 (6.4%); 34.25,-118.75 (2.4%)"
2019-12-25,65.04,18.35,0.0,No thermal stress,48.2 to 78.8 F,72.54,60.96,82.15,-7.5,0,450,1,"34.25,-118.50 (35.4%); 34.00,-118.25 (23.1%); 34.00,-118.50 (22.6%); 34.25,-118.25 (10.1%); 33.75,-118.25 (6.4%); 34.25,-118.75 (2.4%)"
2019-12-26,61.71,16.5,0.0,No thermal stress,48.2 to 78.8 F,72.55,60.77,82.36,-10.84,0,450,1,"34.25,-118.50 (35.4%); 34.00,-118.25 (23.1%); 34.00,-118.50 (22.6%); 34.25,-118.25 (10.1%); 33.75,-118.25 (6.4%); 34.25,-118.75 (2.4%)"
2019-12-27,73.23,22.9,0.0,No thermal stress,48.2 to 78.8 F,72.57,60.7,82.36,0.66,0,450,1,"34.25,-118.50 (35.4%); 34.00,-118.25 (23.1%); 34.00,-118.50 (22.6%); 34.25,-118.25 (10.1%); 33.75,-118.25 (6.4%); 34.25,-118.75 (2.4%)"
2019-12-28,69.97,21.1,0.0,No thermal stress,48.2 to 78.8 F,72.53,60.49,82.39,-2.56,0,450,1,"34.25,-118.50 (35.4%); 34.00,-118.25 (23.1%); 34.00,-118.50 (22.6%); 34.25,-118.25 (10.1%); 33.75,-118.25 (6.4%); 34.25,-118.75 (2.4%)"
2019-12-29,71.52,21.96,0.0,No thermal stress,48.2 to 78.8 F,72.46,59.6,82.76,-0.94,0,450,1,"34.25,-118.50 (35.4%); 34.00,-118.25 (23.1%); 34.00,-118.50 (22.6%); 34.25,-118.25 (10.1%); 33.75,-118.25 (6.4%); 34.25,-118.75 (2.4%)"
2019-12-30,69.91,21.06,0.0,No thermal stress,48.2 to 78.8 F,72.63,59.64,82.92,-2.72,0,450,1,"34.25,-118.50 (35.4%); 34.00,-118.25 (23.1%); 34.00,-118.50 (22.6%); 34.25,-118.25 (10.1%); 33.75,-118.25 (6.4%); 34.25,-118.75 (2.4%)"
2019-12-31,72.7,22.61,0.0,No thermal stress,48.2 to 78.8 F,72.59,59.51,83.13,0.11,0,450,1,"34.25,-118.50 (35.4%); 34.00,-118.25 (23.1%); 34.00,-118.50 (22.6%); 34.25,-118.25 (10.1%); 33.75,-118.25 (6.4%); 34.25,-118.75 (2.4%)"
2020-01-01,75.85,24.36,0.0,No thermal stress,48.2 to 78.8 F,72.59,59.05,83.16,3.26,0,450,1,"34.25,-118.50 (35.4%); 34.00,-118.25 (23.1%); 34.00,-118.50 (22.6%); 34.25,-118.25 (10.1%); 33.75,-118.25 (6.4%); 34.25,-118.75 (2.4%)"
2020-01-02,78.1,25.61,0.0,No thermal stress,48.2 to 78.8 F,72.55,59.05,83.02,5.55,0,450,1,"34.25,-118.50 (35.4%); 34.00,-118.25 (23.1%); 34.00,-118.50 (22.6%); 34.25,-118.25 (10.1%); 33.75,-118.25 (6.4%); 34.25,-118.75 (2.4%)"
2020-01-03,80.09,26.72,1.0,Moderate heat stress,78.8 to 89.6 F,72.6,58.43,83.16,7.49,0,450,1,"34.25,-118.50 (35.4%); 34.00,-118.25 (23.1%); 34.00,-118.50 (22.6%); 34.25,-118.25 (10.1%); 33.75,-118.25 (6.4%); 34.25,-118.75 (2.4%)"
2020-01-04,77.93,25.52,0.0,No thermal stress,48.2 to 78.8 F,72.65,58.45,83.22,5.28,0,450,1,"34.25,-118.50 (35.4%); 34.00,-118.25 (23.1%); 34.00,-118.50 (22.6%); 34.25,-118.25 (10.1%); 33.75,-118.25 (6.4%); 34.25,-118.75 (2.4%)"
2020-01-05,76.72,24.85,0.0,No thermal stress,48.2 to 78.8 F,72.71,58.14,83.16,4.01,0,450,1,"34.25,-118.50 (35.4%); 34.00,-118.25 (23.1%); 34.00,-118.50 (22.6%); 34.25,-118.25 (10.1%); 33.75,-118.25 (6.4%); 34.25,-118.75 (2.4%)"
2020-01-06,81.27,27.37,1.0,Moderate heat stress,78.8 to 89.6 F,72.95,58.4,83.57,8.32,0,450,1,"34.25,-118.50 (35.4%); 34.00,-118.25 (23.1%); 34.00,-118.50 (22.6%); 34.25,-118.25 (10.1%); 33.75,-118.25 (6.4%); 34.25,-118.75 (2.4%)"
2020-01-07,79.48,26.38,1.0,Moderate heat stress,78.8 to 89.6 F,73.12,58.15,83.84,6.36,0,450,1,"34.25,-118.50 (35.4%); 34.00,-118.25 (23.1%); 34.00,-118.50 (22.6%); 34.25,-118.25 (10.1%); 33.75,-118.25 (6.4%); 34.25,-118.75 (2.4%)"
2020-01-08,75.21,24.01,0.0,No thermal stress,48.2 to 78.8 F,73.15,57.71,84.08,2.06,0,450,1,"34.25,-118.50 (35.4%); 34.00,-118.25 (23.1%); 34.00,-118.50 (22.6%); 34.25,-118.25 (10.1%); 33.75,-118.25 (6.4%); 34.25,-118.75 (2.4%)"
2020-01-09,66.13,18.96,0.0,No thermal stress,48.2 to 78.8 F,73.17,57.56,84.23,-7.04,0,450,1,"34.25,-118.50 (35.4%); 34.00,-118.25 (23.1%); 34.00,-118.50 (22.6%); 34.25,-118.25 (10.1%); 33.75,-118.25 (6.4%); 34.25,-118.75 (2.4%)"
2020-01-10,74.93,23.85,0.0,No thermal stress,48.2 to 78.8 F,73.42,57.8,84.26,1.51,0,450,1,"34.25,-118.50 (35.4%); 34.00,-118.25 (23.1%); 34.00,-118.50 (22.6%); 34.25,-118.25 (10.1%); 33.75,-118.25 (6.4%); 34.25,-118.75 (2.4%)"
2020-01-11,72.23,22.35,0.0,No thermal stress,48.2 to 78.8 F,73.64,58.54,84.31,-1.41,0,450,1,"34.25,-118.50 (35.4%); 34.00,-118.25 (23.1%); 34.00,-118.50 (22.6%); 34.25,-118.25 (10.1%); 33.75,-118.25 (6.4%); 34.25,-118.75 (2.4%)"
2020-01-12,73.87,23.26,0.0,No thermal stress,48.2 to 78.8 F,73.72,58.84,84.43,0.15,0,450,1,"34.25,-118.50 (35.4%); 34.00,-118.25 (23.1%); 34.00,-118.50 (22.6%); 34.25,-118.25 (10.1%); 33.75,-118.25 (6.4%); 34.25,-118.75 (2.4%)"
2020-01-13,73.03,22.8,0.0,No thermal stress,48.2 to 78.8 F,73.83,59.77,84.47,-0.8,0,450,1,"34.25,-118.50 (35.4%); 34.00,-118.25 (23.1%); 34.00,-118.50 (22.6%); 34.25,-118.25 (10.1%); 33.75,-118.25 (6.4%); 34.25,-118.75 (2.4%)"
2020-01-14,74.38,23.55,0.0,No thermal stress,48.2 to 78.8 F,73.78,59.79,84.43,0.6,0,450,1,"34.25,-118.50 (35.4%); 34.00,-118.25 (23.1%); 34.00,-118.50 (22.6%); 34.25,-118.25 (10.1%); 33.75,-118.25 (6.4%); 34.25,-118.75 (2.4%)"
2020-01-15,75.51,24.17,0.0,No thermal stress,48.2 to 78.8 F,73.83,59.79,84.11,1.68,0,450,1,"34.25,-118.50 (35.4%); 34.00,-118.25 (23.1%); 34.00,-118.50 (22.6%); 34.25,-118.25 (10.1%); 33.75,-118.25 (6.4%); 34.25,-118.75 (2.4%)"
2020-01-16,68.06,20.04,0.0,No thermal stress,48.2 to 78.8 F,73.77,59.79,84.05,-5.71,0,450,1,"34.25,-118.50 (35.4%); 34.00,-118.25 (23.1%); 34.00,-118.50 (22.6%); 34.25,-118.25 (10.1%); 33.75,-118.25 (6.4%); 34.25,-118.75 (2.4%)"
2020-01-17,71.83,22.13,0.0,No thermal stress,48.2 to 78.8 F,73.91,60.07,84.05,-2.08,0,450,1,"34.25,-118.50 (35.4%); 34.00,-118.25 (23.1%); 34.00,-118.50 (22.6%); 34.25,-118.25 (10.1%); 33.75,-118.25 (6.4%); 34.25,-118.75 (2.4%)"
2020-01-18,77.01,25.0,0.0,No thermal stress,48.2 to 78.8 F,73.96,60.23,84.12,3.05,0,450,1,"34.25,-118.50 (35.4%); 34.00,-118.25 (23.1%); 34.00,-118.50 (22.6%); 34.25,-118.25 (10.1%); 33.75,-118.25 (6.4%); 34.25,-118.75 (2.4%)"
2020-01-19,80.74,27.08,1.0,Moderate heat stress,78.8 to 89.6 F,74.03,60.55,83.96,6.71,0,450,1,"34.25,-118.50 (35.4%); 34.00,-118.25 (23.1%); 34.00,-118.50 (22.6%); 34.25,-118.25 (10.1%); 33.75,-118.25 (6.4%); 34.25,-118.75 (2.4%)"
2020-01-20,71.55,21.97,0.0,No thermal stress,48.2 to 78.8 F,74.06,60.98,83.82,-2.51,0,450,1,"34.25,-118.50 (35.4%); 34.00,-118.25 (23.1%); 34.00,-118.50 (22.6%); 34.25,-118.25 (10.1%); 33.75,-118.25 (6.4%); 34.25,-118.75 (2.4%)"
2020-01-21,67.57,19.76,0.0,No thermal stress,48.2 to 78.8 F,74.02,60.98,83.47,-6.45,0,450,1,"34.25,-118.50 (35.4%); 34.00,-118.25 (23.1%); 34.00,-118.50 (22.6%); 34.25,-118.25 (10.1%); 33.75,-118.25 (6.4%); 34.25,-118.75 (2.4%)"
2020-01-22,75.33,24.07,0.0,No thermal stress,48.2 to 78.8 F,74.04,61.34,83.43,1.29,0,450,1,"34.25,-118.50 (35.4%); 34.00,-118.25 (23.1%); 34.00,-118.50 (22.6%); 34.25,-118.25 (10.1%); 33.75,-118.25 (6.4%); 34.25,-118.75 (2.4%)"
2020-01-23,81.83,27.68,1.0,Moderate heat stress,78.8 to 89.6 F,74.19,62.04,83.57,7.64,0,450,1,"34.25,-118.50 (35.4%); 34.00,-118.25 (23.1%); 34.00,-118.50 (22.6%); 34.25,-118.25 (10.1%); 33.75,-118.25 (6.4%); 34.25,-118.75 (2.4%)"
2020-01-24,80.3,26.84,1.0,Moderate heat stress,78.8 to 89.6 F,74.16,61.34,83.57,6.14,0,450,1,"34.25,-118.50 (35.4%); 34.00,-118.25 (23.1%); 34.00,-118.50 (22.6%); 34.25,-118.25 (10.1%); 33.75,-118.25 (6.4%); 34.25,-118.75 (2.4%)"
2020-01-25,79.74,26.52,1.0,Moderate heat stress,78.8 to 89.6 F,74.2,62.04,83.45,5.54,0,450,1,"34.25,-118.50 (35.4%); 34.00,-118.25 (23.1%); 34.00,-118.50 (22.6%); 34.25,-118.25 (10.1%); 33.75,-118.25 (6.4%); 34.25,-118.75 (2.4%)"
2020-01-26,74.19,23.44,0.0,No thermal stress,48.2 to 78.8 F,74.16,62.04,83.43,0.03,0,450,1,"34.25,-118.50 (35.4%); 34.00,-118.25 (23.1%); 34.00,-118.50 (22.6%); 34.25,-118.25 (10.1%); 33.75,-118.25 (6.4%); 34.25,-118.75 (2.4%)"
2020-01-27,80.0,26.67,1.0,Moderate heat stress,78.8 to 89.6 F,74.13,61.05,83.43,5.87,0,450,1,"34.25,-118.50 (35.4%); 34.00,-118.25 (23.1%); 34.00,-118.50 (22.6%); 34.25,-118.25 (10.1%); 33.75,-118.25 (6.4%); 34.25,-118.75 (2.4%)"
2020-01-28,81.88,27.71,1.0,Moderate heat stress,78.8 to 89.6 F,74.29,62.33,83.45,7.59,0,450,1,"34.25,-118.50 (35.4%); 34.00,-118.25 (23.1%); 34.00,-118.50 (22.6%); 34.25,-118.25 (10.1%); 33.75,-118.25 (6.4%); 34.25,-118.75 (2.4%)"
2020-01-29,72.15,22.31,0.0,No thermal stress,48.2 to 78.8 F,74.5,62.77,83.76,-2.35,0,450,1,"34.25,-118.50 (35.4%); 34.00,-118.25 (23.1%); 34.00,-118.50 (22.6%); 34.25,-118.25 (10.1%); 33.75,-118.25 (6.4%); 34.25,-118.75 (2.4%)"
2020-01-30,81.87,27.71,1.0,Moderate heat stress,78.8 to 89.6 F,74.54,62.6,83.82,7.33,0,450,1,"34.25,-118.50 (35.4%); 34.00,-118.25 (23.1%); 34.00,-118.50 (22.6%); 34.25,-118.25 (10.1%); 33.75,-118.25 (6.4%); 34.25,-118.75 (2.4%)"
2020-01-31,86.55,30.31,1.0,Moderate heat stress,78.8 to 89.6 F,74.56,62.48,84.29,11.99,1,450,1,"34.25,-118.50 (35.4%); 34.00,-118.25 (23.1%); 34.00,-118.50 (22.6%); 34.25,-118.25 (10.1%); 33.75,-118.25 (6.4%); 34.25,-118.75 (2.4%)"
2020-02-01,87.96,31.09,1.0,Moderate heat stress,78.8 to 89.6 F,74.66,62.51,84.85,13.3,1,450,1,"34.25,-118.50 (35.4%); 34.00,-118.25 (23.1%); 34.00,-118.50 (22.6%); 34.25,-118.25 (10.1%); 33.75,-118.25 (6.4%); 34.25,-118.75 (2.4%)"
2020-02-02,76.03,24.46,0.0,No thermal stress,48.2 to 78.8 F,74.68,62.25,85.08,1.35,0,450,1,"34.25,-118.50 (35.4%); 34.00,-118.25 (23.1%); 34.00,-118.50 (22.6%); 34.25,-118.25 (10.1%); 33.75,-118.25 (6.4%); 34.25,-118.75 (2.4%)"
2020-02-03,59.11,15.06,0.0,No thermal stress,48.2 to 78.8 F,74.64,61.28,85.19,-15.53,0,450,1,"34.25,-118.50 (35.4%); 34.00,-118.25 (23.1%); 34.00,-118.50 (22.6%); 34.25,-118.25 (10.1%); 33.75,-118.25 (6.4%); 34.25,-118.75 (2.4%)"
2020-02-04,67.08,19.49,0.0,No thermal stress,48.2 to 78.8 F,74.64,61.06,85.67,-7.56,0,450,1,"34.25,-118.50 (35.4%); 34.00,-118.25 (23.1%); 34.00,-118.50 (22.6%); 34.25,-118.25 (10.1%); 33.75,-118.25 (6.4%); 34.25,-118.75 (2.4%)"
2020-02-05,73.37,22.98,0.0,No thermal stress,48.2 to 78.8 F,74.63,61.06,85.85,-1.26,0,450,1,"34.25,-118.50 (35.4%); 34.00,-118.25 (23.1%); 34.00,-118.50 (22.6%); 34.25,-118.25 (10.1%); 33.75,-118.25 (6.4%); 34.25,-118.75 (2.4%)"
2020-02-06,73.82,23.23,0.0,No thermal stress,48.2 to 78.8 F,74.5,60.42,85.88,-0.68,0,450,1,"34.25,-118.50 (35.4%); 34.00,-118.25 (23.1%); 34.00,-118.50 (22.6%); 34.25,-118.25 (10.1%); 33.75,-118.25 (6.4%); 34.25,-118.75 (2.4%)"
2020-02-07,75.55,24.2,0.0,No thermal stress,48.2 to 78.8 F,74.47,60.65,85.94,1.08,0,450,1,"34.25,-118.50 (35.4%); 34.00,-118.25 (23.1%); 34.00,-118.50 (22.6%); 34.25,-118.25 (10.1%); 33.75,-118.25 (6.4%); 34.25,-118.75 (2.4%)"
2020-02-08,77.85,25.47,0.0,No thermal stress,48.2 to 78.8 F,74.55,60.87,85.88,3.3,0,450,1,"34.25,-118.50 (35.4%); 34.00,-118.25 (23.1%); 34.00,-118.50 (22.6%); 34.25,-118.25 (10.1%); 33.75,-118.25 (6.4%); 34.25,-118.75 (2.4%)"
2020-02-09,59.08,15.04,0.0,No thermal stress,48.2 to 78.8 F,74.42,60.37,85.94,-15.34,0,450,1,"34.25,-118.50 (35.4%); 34.00,-118.25 (23.1%); 34.00,-118.50 (22.6%); 34.25,-118.25 (10.1%); 33.75,-118.25 (6.4%); 34.25,-118.75 (2.4%)"
2020-02-10,75.0,23.89,0.0,No thermal stress,48.2 to 78.8 F,74.25,60.15,85.85,0.75,0,450,1,"34.25,-118.50 (35.4%); 34.00,-118.25 (23.1%); 34.00,-118.50 (22.6%); 34.25,-118.25 (10.1%); 33.75,-118.25 (6.4%); 34.25,-118.75 (2.4%)"
2020-02-11,78.07,25.59,0.0,No thermal stress,48.2 to 78.8 F,74.17,60.37,85.71,3.9,0,450,1,"34.25,-118.50 (35.4%); 34.00,-118.25 (23.1%); 34.00,-118.50 (22.6%); 34.25,-118.25 (10.1%); 33.75,-118.25 (6.4%); 34.25,-118.75 (2.4%)"
2020-02-12,71.63,22.02,0.0,No thermal stress,48.2 to 78.8 F,73.89,60.08,85.58,-2.26,0,450,1,"34.25,-118.50 (35.4%); 34.00,-118.25 (23.1%); 34.00,-118.50 (22.6%); 34.25,-118.25 (10.1%); 33.75,-118.25 (6.4%); 34.25,-118.75 (2.4%)"
2020-02-13,77.46,25.25,0.0,No thermal stress,48.2 to 78.8 F,73.61,59.32,85.58,3.85,0,450,1,"34.25,-118.50 (35.4%); 34.00,-118.25 (23.1%); 34.00,-118.50 (22.6%); 34.25,-118.25 (10.1%); 33.75,-118.25 (6.4%); 34.25,-118.75 (2.4%)"
2020-02-14,77.4,25.22,0.0,No thermal stress,48.2 to 78.8 F,73.59,59.66,85.62,3.81,0,450,1,"34.25,-118.50 (35.4%); 34.00,-118.25 (23.1%); 34.00,-118.50 (22.6%); 34.25,-118.25 (10.1%); 33.75,-118.25 (6.4%); 34.25,-118.75 (2.4%)"
2020-02-15,78.0,25.55,0.0,No thermal stress,48.2 to 78.8 F,73.6,59.16,85.57,4.4,0,450,1,"34.25,-118.50 (35.4%); 34.00,-118.25 (23.1%); 34.00,-118.50 (22.6%); 34.25,-118.25 (10.1%); 33.75,-118.25 (6.4%); 34.25,-118.75 (2.4%)"
2020-02-16,78.72,25.95,0.0,No thermal stress,48.2 to 78.8 F,73.36,59.08,85.43,5.36,0,450,1,"34.25,-118.50 (35.4%); 34.00,-118.25 (23.1%); 34.00,-118.50 (22.6%); 34.25,-118.25 (10.1%); 33.75,-118.25 (6.4%); 34.25,-118.75 (2.4%)"
2020-02-17,78.03,25.57,0.0,No thermal stress,48.2 to 78.8 F,73.38,59.64,85.13,4.65,0,450,1,"34.25,-118.50 (35.4%); 34.00,-118.25 (23.1%); 34.00,-118.50 (22.6%); 34.25,-118.25 (10.1%); 33.75,-118.25 (6.4%); 34.25,-118.75 (2.4%)"
2020-02-18,80.19,26.77,1.0,Moderate heat stress,78.8 to 89.6 F,73.4,59.84,85.22,6.79,0,450,1,"34.25,-118.50 (35.4%); 34.00,-118.25 (23.1%); 34.00,-118.50 (22.6%); 34.25,-118.25 (10.1%); 33.75,-118.25 (6.4%); 34.25,-118.75 (2.4%)"
2020-02-19,76.79,24.88,0.0,No thermal stress,48.2 to 78.8 F,73.41,60.04,85.29,3.38,0,450,1,"34.25,-118.50 (35.4%); 34.00,-118.25 (23.1%); 34.00,-118.50 (22.6%); 34.25,-118.25 (10.1%); 33.75,-118.25 (6.4%); 34.25,-118.75 (2.4%)"
2020-02-20,84.11,28.95,1.0,Moderate heat stress,78.8 to 89.6 F,73.12,59.84,84.85,10.99,0,450,1,"34.25,-118.50 (35.4%); 34.00,-118.25 (23.1%); 34.00,-118.50 (22.6%); 34.25,-118.25 (10.1%); 33.75,-118.25 (6.4%); 34.25,-118.75 (2.4%)"
2020-02-21,80.15,26.75,1.0,Moderate heat stress,78.8 to 89.6 F,73.12,60.13,84.89,7.03,0,458,1,"34.25,-118.50 (35.4%); 34.00,-118.25 (23.1%); 34.00,-118.50 (22.6%); 34.25,-118.25 (10.1%); 33.75,-118.25 (6.4%); 34.25,-118.75 (2.4%)"
2020-02-22,72.43,22.46,0.0,No thermal stress,48.2 to 78.8 F,73.11,60.13,84.79,-0.68,0,458,1,"34.25,-118.50 (35.4%); 34.00,-118.25 (23.1%); 34.00,-118.50 (22.6%); 34.25,-118.25 (10.1%); 33.75,-118.25 (6.4%); 34.25,-118.75 (2.4%)"
2020-02-23,77.69,25.38,0.0,No thermal stress,48.2 to 78.8 F,72.99,60.01,84.39,4.7,0,458,1,"34.25,-118.50 (35.4%); 34.00,-118.25 (23.1%); 34.00,-118.50 (22.6%); 34.25,-118.25 (10.1%); 33.75,-118.25 (6.4%); 34.25,-118.75 (2.4%)"
2020-02-24,81.32,27.4,1.0,Moderate heat stress,78.8 to 89.6 F,73.02,60.22,84.16,8.3,0,458,1,"34.25,-118.50 (35.4%); 34.00,-118.25 (23.1%); 34.00,-118.50 (22.6%); 34.25,-118.25 (10.1%); 33.75,-118.25 (6.4%); 34.25,-118.75 (2.4%)"
2020-02-25,88.29,31.27,1.0,Moderate heat stress,78.8 to 89.6 F,73.13,60.25,84.44,15.16,1,458,1,"34.25,-118.50 (35.4%); 34.00,-118.25 (23.1%); 34.00,-118.50 (22.6%); 34.25,-118.25 (10.1%); 33.75,-118.25 (6.4%); 34.25,-118.75 (2.4%)"
2020-02-26,86.86,30.48,1.0,Moderate heat stress,78.8 to 89.6 F,73.24,60.23,84.7,13.62,1,458,1,"34.25,-118.50 (35.4%); 34.00,-118.25 (23.1%); 34.00,-118.50 (22.6%); 34.25,-118.25 (10.1%); 33.75,-118.25 (6.4%); 34.25,-118.75 (2.4%)"
2020-02-27,90.4,32.44,2.0,Strong heat stress,89.6 to 100.4 F,73.37,60.25,84.77,17.03,1,458,1,"34.25,-118.50 (35.4%); 34.00,-118.25 (23.1%); 34.00,-118.50 (22.6%); 34.25,-118.25 (10.1%); 33.75,-118.25 (6.4%); 34.25,-118.75 (2.4%)"
2020-02-28,90.57,32.54,2.0,Strong heat stress,89.6 to 100.4 F,73.66,61.46,84.89,16.91,1,458,1,"34.25,-118.50 (35.4%); 34.00,-118.25 (23.1%); 34.00,-118.50 (22.6%); 34.25,-118.25 (10.1%); 33.75,-118.25 (6.4%); 34.25,-118.75 (2.4%)"
2020-02-29,74.19,23.44,0.0,No thermal stress,48.2 to 78.8 F,73.66,61.46,84.89,0.53,0,458,1,"34.25,-118.50 (35.4%); 34.00,-118.25 (23.1%); 34.00,-118.50 (22.6%); 34.25,-118.25 (10.1%); 33.75,-118.25 (6.4%); 34.25,-118.75 (2.4%)"
2020-03-01,59.21,15.12,0.0,No thermal stress,48.2 to 78.8 F,73.88,61.73,85.12,-14.67,0,458,1,"34.25,-118.50 (35.4%); 34.00,-118.25 (23.1%); 34.00,-118.50 (22.6%); 34.25,-118.25 (10.1%); 33.75,-118.25 (6.4%); 34.25,-118.75 (2.4%)"
2020-03-02,74.0,23.33,0.0,No thermal stress,48.2 to 78.8 F,74.25,62.2,85.7,-0.25,0,458,1,"34.25,-118.50 (35.4%); 34.00,-118.25 (23.1%); 34.00,-118.50 (22.6%); 34.25,-118.25 (10.1%); 33.75,-118.25 (6.4%); 34.25,-118.75 (2.4%)"
2020-03-03,86.03,30.01,1.0,Moderate heat stress,78.8 to 89.6 F,74.61,62.73,85.83,11.42,1,458,1,"34.25,-118.50 (35.4%); 34.00,-118.25 (23.1%); 34.00,-118.50 (22.6%); 34.25,-118.25 (10.1%); 33.75,-118.25 (6.4%); 34.25,-118.75 (2.4%)"
2020-03-04,79.54,26.41,1.0,Moderate heat stress,78.8 to 89.6 F,74.89,62.89,86.12,4.65,0,458,1,"34.25,-118.50 (35.4%); 34.00,-118.25 (23.1%); 34.00,-118.50 (22.6%); 34.25,-118.25 (10.1%); 33.75,-118.25 (6.4%); 34.25,-118.75 (2.4%)"
2020-03-05,84.16,28.98,1.0,Moderate heat stress,78.8 to 89.6 F,75.26,63.01,86.29,8.9,0,458,1,"34.25,-118.50 (35.4%); 34.00,-118.25 (23.1%); 34.00,-118.50 (22.6%); 34.25,-118.25 (10.1%); 33.75,-118.25 (6.4%); 34.25,-118.75 (2.4%)"
2020-03-06,80.53,26.96,1.0,Moderate heat stress,78.8 to 89.6 F,75.55,63.11,86.36,4.98,0,458,1,"34.25,-118.50 (35.4%); 34.00,-118.25 (23.1%); 34.00,-118.50 (22.6%); 34.25,-118.25 (10.1%); 33.75,-118.25 (6.4%); 34.25,-118.75 (2.4%)"
2020-03-07,66.11,18.95,0.0,No thermal stress,48.2 to 78.8 F,76.02,64.24,86.52,-9.91,0,458,1,"34.25,-118.50 (35.4%); 34.00,-118.25 (23.1%); 34.00,-118.50 (22.6%); 34.25,-118.25 (10.1%); 33.75,-118.25 (6.4%); 34.25,-118.75 (2.4%)"
2020-03-08,72.94,22.75,0.0,No thermal stress,48.2 to 78.8 F,76.29,64.29,87.01,-3.35,0,450,1,"34.25,-118.50 (35.4%); 34.00,-118.25 (23.1%); 34.00,-118.50 (22.6%); 34.25,-118.25 (10.1%); 33.75,-118.25 (6.4%); 34.25,-118.75 (2.4%)"
2020-03-09,81.4,27.45,1.0,Moderate heat stress,78.8 to 89.6 F,76.5,64.29,87.23,4.9,0,450,1,"34.25,-118.50 (35.4%); 34.00,-118.25 (23.1%); 34.00,-118.50 (22.6%); 34.25,-118.25 (10.1%); 33.75,-118.25 (6.4%); 34.25,-118.75 (2.4%)"
2020-03-10,65.83,18.8,0.0,No thermal stress,48.2 to 78.8 F,76.71,64.98,87.23,-10.88,0,450,1,"34.25,-118.50 (35.4%); 34.00,-118.25 (23.1%); 34.00,-118.50 (22.6%); 34.25,-118.25 (10.1%); 33.75,-118.25 (6.4%); 34.25,-118.75 (2.4%)"
2020-03-11,76.67,24.82,0.0,No thermal stress,48.2 to 78.8 F,76.88,65.48,87.29,-0.21,0,450,1,"34.25,-118.50 (35.4%); 34.00,-118.25 (23.1%); 34.00,-118.50 (22.6%); 34.25,-118.25 (10.1%); 33.75,-118.25 (6.4%); 34.25,-118.75 (2.4%)"
2020-03-12,74.6,23.67,0.0,No thermal stress,48.2 to 78.8 F,77.04,65.61,87.4,-2.44,0,450,1,"34.25,-118.50 (35.4%); 34.00,-118.25 (23.1%); 34.00,-118.50 (22.6%); 34.25,-118.25 (10.1%); 33.75,-118.25 (6.4%); 34.25,-118.75 (2.4%)"
2020-03-13,60.24,15.69,0.0,No thermal stress,48.2 to 78.8 F,77.05,65.66,87.4,-16.81,0,450,1,"34.25,-118.50 (35.4%); 34.00,-118.25 (23.1%); 34.00,-118.50 (22.6%); 34.25,-118.25 (10.1%); 33.75,-118.25 (6.4%); 34.25,-118.75 (2.4%)"
2020-03-14,63.93,17.74,0.0,No thermal stress,48.2 to 78.8 F,77.2,66.2,87.24,-13.27,0,450,1,"34.25,-118.50 (35.4%); 34.00,-118.25 (23.1%); 34.00,-118.50 (22.6%); 34.25,-118.25 (10.1%); 33.75,-118.25 (6.4%); 34.25,-118.75 (2.4%)"
2020-03-15,69.78,20.99,0.0,No thermal stress,48.2 to 78.8 F,77.13,66.47,87.16,-7.35,0,450,1,"34.25,-118.50 (35.4%); 34.00,-118.25 (23.1%); 34.00,-118.50 (22.6%); 34.25,-118.25 (10.1%); 33.75,-118.25 (6.4%); 34.25,-118.75 (2.4%)"
2020-03-16,56.13,13.4,0.0,No thermal stress,48.2 to 78.8 F,76.96,66.2,87.01,-20.83,0,450,1,"34.25,-118.50 (35.4%); 34.00,-118.25 (23.1%); 34.00,-118.50 (22.6%); 34.25,-118.25 (10.1%); 33.75,-118.25 (6.4%); 34.25,-118.75 (2.4%)"
2020-03-17,68.35,20.19,0.0,No thermal stress,48.2 to 78.8 F,76.79,66.1,86.42,-8.44,0,450,1,"34.25,-118.50 (35.4%); 34.00,-118.25 (23.1%); 34.00,-118.50 (22.6%); 34.25,-118.25 (10.1%); 33.75,-118.25 (6.4%); 34.25,-118.75 (2.4%)"
2020-03-18,74.08,23.38,0.0,No thermal stress,48.2 to 78.8 F,76.54,65.69,86.25,-2.46,0,450,1,"34.25,-118.50 (35.4%); 34.00,-118.25 (23.1%); 34.00,-118.50 (22.6%); 34.25,-118.25 (10.1%); 33.75,-118.25 (6.4%); 34.25,-118.75 (2.4%)"
2020-03-19,63.79,17.66,0.0,No thermal stress,48.2 to 78.8 F,76.41,65.67,85.73,-12.62,0,450,1,"34.25,-118.50 (35.4%); 34.00,-118.25 (23.1%); 34.00,-118.50 (22.6%); 34.25,-118.25 (10.1%); 33.75,-118.25 (6.4%); 34.25,-118.75 (2.4%)"
2020-03-20,68.96,20.53,0.0,No thermal stress,48.2 to 78.8 F,76.15,65.6,85.51,-7.19,0,450,1,"34.25,-118.50 (35.4%); 34.00,-118.25 (23.1%); 34.00,-118.50 (22.6%); 34.25,-118.25 (10.1%); 33.75,-118.25 (6.4%); 34.25,-118.75 (2.4%)"
2020-03-21,71.01,21.67,0.0,No thermal stress,48.2 to 78.8 F,75.92,65.34,85.38,-4.91,0,450,1,"34.25,-118.50 (35.4%); 34.00,-118.25 (23.1%); 34.00,-118.50 (22.6%); 34.25,-118.25 (10.1%); 33.75,-118.25 (6.4%); 34.25,-118.75 (2.4%)"
2020-03-22,73.15,22.86,0.0,No thermal stress,48.2 to 78.8 F,75.93,65.39,85.36,-2.78,0,450,1,"34.25,-118.50 (35.4%); 34.00,-118.25 (23.1%); 34.00,-118.50 (22.6%); 34.25,-118.25 (10.1%); 33.75,-118.25 (6.4%); 34.25,-118.75 (2.4%)"
2020-03-23,71.15,21.75,0.0,No thermal stress,48.2 to 78.8 F,76.09,65.69,85.38,-4.94,0,450,1,"34.25,-118.50 (35.4%); 34.00,-118.25 (23.1%); 34.00,-118.50 (22.6%); 34.25,-118.25 (10.1%); 33.75,-118.25 (6.4%); 34.25,-118.75 (2.4%)"
2020-03-24,70.46,21.37,0.0,No thermal stress,48.2 to 78.8 F,76.09,65.79,85.26,-5.63,0,450,1,"34.25,-118.50 (35.4%); 34.00,-118.25 (23.1%); 34.00,-118.50 (22.6%); 34.25,-118.25 (10.1%); 33.75,-118.25 (6.4%); 34.25,-118.75 (2.4%)"
2020-03-25,65.45,18.59,0.0,No thermal stress,48.2 to 78.8 F,76.04,65.69,85.13,-10.59,0,450,1,"34.25,-118.50 (35.4%); 34.00,-118.25 (23.1%); 34.00,-118.50 (22.6%); 34.25,-118.25 (10.1%); 33.75,-118.25 (6.4%); 34.25,-118.75 (2.4%)"
2020-03-26,66.74,19.3,0.0,No thermal stress,48.2 to 78.8 F,76.01,65.69,84.88,-9.27,0,450,1,"34.25,-118.50 (35.4%); 34.00,-118.25 (23.1%); 34.00,-118.50 (22.6%); 34.25,-118.25 (10.1%); 33.75,-118.25 (6.4%); 34.25,-118.75 (2.4%)"
2020-03-27,70.05,21.14,0.0,No thermal stress,48.2 to 78.8 F,76.01,65.69,85.23,-5.96,0,450,1,"34.25,-118.50 (35.4%); 34.00,-118.25 (23.1%); 34.00,-118.50 (22.6%); 34.25,-118.25 (10.1%); 33.75,-118.25 (6.4%); 34.25,-118.75 (2.4%)"
2020-03-28,74.47,23.59,0.0,No thermal stress,48.2 to 78.8 F,76.14,65.79,84.93,-1.67,0,450,1,"34.25,-118.50 (35.4%); 34.00,-118.25 (23.1%); 34.00,-118.50 (22.6%); 34.25,-118.25 (10.1%); 33.75,-118.25 (6.4%); 34.25,-118.75 (2.4%)"
2020-03-29,73.33,22.96,0.0,No thermal stress,48.2 to 78.8 F,76.18,65.67,85.02,-2.85,0,450,1,"34.25,-118.50 (35.4%); 34.00,-118.25 (23.1%); 34.00,-118.50 (22.6%); 34.25,-118.25 (10.1%); 33.75,-118.25 (6.4%); 34.25,-118.75 (2.4%)"
2020-03-30,78.95,26.09,1.0,Moderate heat stress,78.8 to 89.6 F,76.36,65.67,85.36,2.59,0,450,1,"34.25,-118.50 (35.4%); 34.00,-118.25 (23.1%); 34.00,-118.50 (22.6%); 34.25,-118.25 (10.1%); 33.75,-118.25 (6.4%); 34.25,-118.75 (2.4%)"
2020-03-31,85.08,29.49,1.0,Moderate heat stress,78.8 to 89.6 F,76.55,66.06,85.47,8.53,0,450,1,"34.25,-118.50 (35.4%); 34.00,-118.25 (23.1%); 34.00,-118.50 (22.6%); 34.25,-118.25 (10.1%); 33.75,-118.25 (6.4%); 34.25,-118.75 (2.4%)"
2020-04-01,77.93,25.52,0.0,No thermal stress,48.2 to 78.8 F,76.59,66.04,85.57,1.34,0,450,1,"34.25,-118.50 (35.4%); 34.00,-118.25 (23.1%); 34.00,-118.50 (22.6%); 34.25,-118.25 (10.1%); 33.75,-118.25 (6.4%); 34.25,-118.75 (2.4%)"
2020-04-02,76.01,24.45,0.0,No thermal stress,48.2 to 78.8 F,76.75,66.28,85.95,-0.74,0,450,1,"34.25,-118.50 (35.4%); 34.00,-118.25 (23.1%); 34.00,-118.50 (22.6%); 34.25,-118.25 (10.1%); 33.75,-118.25 (6.4%); 34.25,-118.75 (2.4%)"
2020-04-03,76.83,24.9,0.0,No thermal stress,48.2 to 78.8 F,76.9,66.5,85.98,-0.07,0,450,1,"34.25,-118.50 (35.4%); 34.00,-118.25 (23.1%); 34.00,-118.50 (22.6%); 34.25,-118.25 (10.1%); 33.75,-118.25 (6.4%); 34.25,-118.75 (2.4%)"
2020-04-04,73.14,22.86,0.0,No thermal stress,48.2 to 78.8 F,77.01,66.5,85.98,-3.87,0,450,1,"34.25,-118.50 (35.4%); 34.00,-118.25 (23.1%); 34.00,-118.50 (22.6%); 34.25,-118.25 (10.1%); 33.75,-118.25 (6.4%); 34.25,-118.75 (2.4%)"
2020-04-05,63.03,17.24,0.0,No thermal stress,48.2 to 78.8 F,77.16,66.85,85.98,-14.13,0,450,1,"34.25,-118.50 (35.4%); 34.00,-118.25 (23.1%); 34.00,-118.50 (22.6%); 34.25,-118.25 (10.1%); 33.75,-118.25 (6.4%); 34.25,-118.75 (2.4%)"
2020-04-06,62.34,16.85,0.0,No thermal stress,48.2 to 78.8 F,77.17,66.73,86.04,-14.83,0,450,1,"34.25,-118.50 (35.4%); 34.00,-118.25 (23.1%); 34.00,-118.50 (22.6%); 34.25,-118.25 (10.1%); 33.75,-118.25 (6.4%); 34.25,-118.75 (2.4%)"
2020-04-07,72.9,22.72,0.0,No thermal stress,48.2 to 78.8 F,77.03,66.45,86.18,-4.13,0,450,1,"34.25,-118.50 (35.4%); 34.00,-118.25 (23.1%); 34.00,-118.50 (22.6%); 34.25,-118.25 (10.1%); 33.75,-118.25 (6.4%); 34.25,-118.75 (2.4%)"
2020-04-08,66.86,19.37,0.0,No thermal stress,48.2 to 78.8 F,77.01,66.39,86.18,-10.15,0,450,1,"34.25,-118.50 (35.4%); 34.00,-118.25 (23.1%); 34.00,-118.50 (22.6%); 34.25,-118.25 (10.1%); 33.75,-118.25 (6.4%); 34.25,-118.75 (2.4%)"
2020-04-09,49.0,9.44,0.0,No thermal stress,48.2 to 78.8 F,77.11,66.5,86.18,-28.11,0,450,1,"34.25,-118.50 (35.4%); 34.00,-118.25 (23.1%); 34.00,-118.50 (22.6%); 34.25,-118.25 (10.1%); 33.75,-118.25 (6.4%); 34.25,-118.75 (2.4%)"
2020-04-10,70.23,21.24,0.0,No thermal stress,48.2 to 78.8 F,77.22,66.5,86.33,-6.99,0,450,1,"34.25,-118.50 (35.4%); 34.00,-118.25 (23.1%); 34.00,-118.50 (22.6%); 34.25,-118.25 (10.1%); 33.75,-118.25 (6.4%); 34.25,-118.75 (2.4%)"
2020-04-11,77.29,25.16,0.0,No thermal stress,48.2 to 78.8 F,77.37,66.5,86.44,-0.08,0,450,1,"34.25,-118.50 (35.4%); 34.00,-118.25 (23.1%); 34.00,-118.50 (22.6%); 34.25,-118.25 (10.1%); 33.75,-118.25 (6.4%); 34.25,-118.75 (2.4%)"
2020-04-12,63.41,17.45,0.0,No thermal stress,48.2 to 78.8 F,77.65,67.0,87.14,-14.24,0,450,1,"34.25,-118.50 (35.4%); 34.00,-118.25 (23.1%); 34.00,-118.50 (22.6%); 34.25,-118.25 (10.1%); 33.75,-118.25 (6.4%); 34.25,-118.75 (2.4%)"
2020-04-13,69.41,20.78,0.0,No thermal stress,48.2 to 78.8 F,77.91,67.72,87.36,-8.5,0,450,1,"34.25,-118.50 (35.4%); 34.00,-118.25 (23.1%); 34.00,-118.50 (22.6%); 34.25,-118.25 (10.1%); 33.75,-118.25 (6.4%); 34.25,-118.75 (2.4%)"
2020-04-14,80.87,27.15,1.0,Moderate heat stress,78.8 to 89.6 F,78.05,67.77,87.78,2.82,0,450,1,"34.25,-118.50 (35.4%); 34.00,-118.25 (23.1%); 34.00,-118.50 (22.6%); 34.25,-118.25 (10.1%); 33.75,-118.25 (6.4%); 34.25,-118.75 (2.4%)"
2020-04-15,82.48,28.04,1.0,Moderate heat stress,78.8 to 89.6 F,78.13,67.87,87.36,4.35,0,450,1,"34.25,-118.50 (35.4%); 34.00,-118.25 (23.1%); 34.00,-118.50 (22.6%); 34.25,-118.25 (10.1%); 33.75,-118.25 (6.4%); 34.25,-118.75 (2.4%)"
2020-04-16,75.62,24.23,0.0,No thermal stress,48.2 to 78.8 F,78.37,68.18,87.71,-2.75,0,450,1,"34.25,-118.50 (35.4%); 34.00,-118.25 (23.1%); 34.00,-118.50 (22.6%); 34.25,-118.25 (10.1%); 33.75,-118.25 (6.4%); 34.25,-118.75 (2.4%)"
2020-04-17,70.89,21.61,0.0,No thermal stress,48.2 to 78.8 F,78.61,68.44,87.95,-7.72,0,450,1,"34.25,-118.50 (35.4%); 34.00,-118.25 (23.1%); 34.00,-118.50 (22.6%); 34.25,-118.25 (10.1%); 33.75,-118.25 (6.4%); 34.25,-118.75 (2.4%)"
2020-04-18,69.92,21.06,0.0,No thermal stress,48.2 to 78.8 F,78.81,68.39,88.61,-8.89,0,450,1,"34.25,-118.50 (35.4%); 34.00,-118.25 (23.1%); 34.00,-118.50 (22.6%); 34.25,-118.25 (10.1%); 33.75,-118.25 (6.4%); 34.25,-118.75 (2.4%)"
2020-04-19,75.33,24.07,0.0,No thermal stress,48.2 to 78.8 F,79.09,68.79,89.73,-3.76,0,450,1,"34.25,-118.50 (35.4%); 34.00,-118.25 (23.1%); 34.00,-118.50 (22.6%); 34.25,-118.25 (10.1%); 33.75,-118.25 (6.4%); 34.25,-118.75 (2.4%)"
2020-04-20,72.98,22.77,0.0,No thermal stress,48.2 to 78.8 F,79.38,69.46,89.75,-6.4,0,450,1,"34.25,-118.50 (35.4%); 34.00,-118.25 (23.1%); 34.00,-118.50 (22.6%); 34.25,-118.25 (10.1%); 33.75,-118.25 (6.4%); 34.25,-118.75 (2.4%)"
2020-04-21,81.07,27.26,1.0,Moderate heat stress,78.8 to 89.6 F,79.59,69.51,89.92,1.48,0,450,1,"34.25,-118.50 (35.4%); 34.00,-118.25 (23.1%); 34.00,-118.50 (22.6%); 34.25,-118.25 (10.1%); 33.75,-118.25 (6.4%); 34.25,-118.75 (2.4%)"
2020-04-22,85.9,29.94,1.0,Moderate heat stress,78.8 to 89.6 F,79.85,70.13,90.36,6.05,0,450,1,"34.25,-118.50 (35.4%); 34.00,-118.25 (23.1%); 34.00,-118.50 (22.6%); 34.25,-118.25 (10.1%); 33.75,-118.25 (6.4%); 34.25,-118.75 (2.4%)"
2020-04-23,90.26,32.36,2.0,Strong heat stress,89.6 to 100.4 F,80.12,70.7,90.47,10.14,0,450,1,"34.25,-118.50 (35.4%); 34.00,-118.25 (23.1%); 34.00,-118.50 (22.6%); 34.25,-118.25 (10.1%); 33.75,-118.25 (6.4%); 34.25,-118.75 (2.4%)"
2020-04-24,99.57,37.54,2.0,Strong heat stress,89.6 to 100.4 F,80.4,70.89,90.5,19.17,1,450,1,"34.25,-118.50 (35.4%); 34.00,-118.25 (23.1%); 34.00,-118.50 (22.6%); 34.25,-118.25 (10.1%); 33.75,-118.25 (6.4%); 34.25,-118.75 (2.4%)"
2020-04-25,94.24,34.58,2.0,Strong heat stress,89.6 to 100.4 F,80.62,71.2,90.53,13.62,1,450,1,"34.25,-118.50 (35.4%); 34.00,-118.25 (23.1%); 34.00,-118.50 (22.6%); 34.25,-118.25 (10.1%); 33.75,-118.25 (6.4%); 34.25,-118.75 (2.4%)"
2020-04-26,91.26,32.92,2.0,Strong heat stress,89.6 to 100.4 F,80.82,71.53,90.85,10.44,1,450,1,"34.25,-118.50 (35.4%); 34.00,-118.25 (23.1%); 34.00,-118.50 (22.6%); 34.25,-118.25 (10.1%); 33.75,-118.25 (6.4%); 34.25,-118.75 (2.4%)"
2020-04-27,87.15,30.64,1.0,Moderate heat stress,78.8 to 89.6 F,80.86,71.59,91.11,6.29,0,450,1,"34.25,-118.50 (35.4%); 34.00,-118.25 (23.1%); 34.00,-118.50 (22.6%); 34.25,-118.25 (10.1%); 33.75,-118.25 (6.4%); 34.25,-118.75 (2.4%)"
2020-04-28,88.76,31.53,1.0,Moderate heat stress,78.8 to 89.6 F,80.85,71.6,91.19,7.91,0,450,1,"34.25,-118.50 (35.4%); 34.00,-118.25 (23.1%); 34.00,-118.50 (22.6%); 34.25,-118.25 (10.1%); 33.75,-118.25 (6.4%); 34.25,-118.75 (2.4%)"
2020-04-29,87.25,30.69,1.0,Moderate heat stress,78.8 to 89.6 F,80.85,71.6,91.15,6.4,0,450,1,"34.25,-118.50 (35.4%); 34.00,-118.25 (23.1%); 34.00,-118.50 (22.6%); 34.25,-118.25 (10.1%); 33.75,-118.25 (6.4%); 34.25,-118.75 (2.4%)"
2020-04-30,87.1,30.61,1.0,Moderate heat stress,78.8 to 89.6 F,81.0,71.63,91.32,6.1,0,450,1,"34.25,-118.50 (35.4%); 34.00,-118.25 (23.1%); 34.00,-118.50 (22.6%); 34.25,-118.25 (10.1%); 33.75,-118.25 (6.4%); 34.25,-118.75 (2.4%)"
2020-05-01,84.73,29.29,1.0,Moderate heat stress,78.8 to 89.6 F,81.07,71.6,92.1,3.66,0,450,1,"34.25,-118.50 (35.4%); 34.00,-118.25 (23.1%); 34.00,-118.50 (22.6%); 34.25,-118.25 (10.1%); 33.75,-118.25 (6.4%); 34.25,-118.75 (2.4%)"
2020-05-02,83.79,28.77,1.0,Moderate heat stress,78.8 to 89.6 F,81.1,71.7,91.32,2.69,0,450,1,"34.25,-118.50 (35.4%); 34.00,-118.25 (23.1%); 34.00,-118.50 (22.6%); 34.25,-118.25 (10.1%); 33.75,-118.25 (6.4%); 34.25,-118.75 (2.4%)"
2020-05-03,82.46,28.03,1.0,Moderate heat stress,78.8 to 89.6 F,81.05,72.12,90.89,1.41,0,450,1,"34.25,-118.50 (35.4%); 34.00,-118.25 (23.1%); 34.00,-118.50 (22.6%); 34.25,-118.25 (10.1%); 33.75,-118.25 (6.4%); 34.25,-118.75 (2.4%)"
2020-05-04,88.0,31.11,1.0,Moderate heat stress,78.8 to 89.6 F,80.99,72.17,90.53,7.01,0,450,1,"34.25,-118.50 (35.4%); 34.00,-118.25 (23.1%); 34.00,-118.50 (22.6%); 34.25,-118.25 (10.1%); 33.75,-118.25 (6.4%); 34.25,-118.75 (2.4%)"
2020-05-05,94.22,34.57,2.0,Strong heat stress,89.6 to 100.4 F,81.0,72.53,90.64,13.22,1,450,1,"34.25,-118.50 (35.4%); 34.00,-118.25 (23.1%); 34.00,-118.50 (22.6%); 34.25,-118.25 (10.1%); 33.75,-118.25 (6.4%); 34.25,-118.75 (2.4%)"
2020-05-06,98.28,36.82,2.0,Strong heat stress,89.6 to 100.4 F,81.02,72.78,90.64,17.26,1,450,1,"34.25,-118.50 (35.4%); 34.00,-118.25 (23.1%); 34.00,-118.50 (22.6%); 34.25,-118.25 (10.1%); 33.75,-118.25 (6.4%); 34.25,-118.75 (2.4%)"
2020-05-07,96.31,35.73,2.0,Strong heat stress,89.6 to 100.4 F,81.0,72.78,90.18,15.31,1,450,1,"34.25,-118.50 (35.4%); 34.00,-118.25 (23.1%); 34.00,-118.50 (22.6%); 34.25,-118.25 (10.1%); 33.75,-118.25 (6.4%); 34.25,-118.75 (2.4%)"
2020-05-08,90.87,32.7,2.0,Strong heat stress,89.6 to 100.4 F,80.99,72.59,90.42,9.88,1,450,1,"34.25,-118.50 (35.4%); 34.00,-118.25 (23.1%); 34.00,-118.50 (22.6%); 34.25,-118.25 (10.1%); 33.75,-118.25 (6.4%); 34.25,-118.75 (2.4%)"
2020-05-09,88.06,31.15,1.0,Moderate heat stress,78.8 to 89.6 F,80.93,72.15,90.43,7.13,0,450,1,"34.25,-118.50 (35.4%); 34.00,-118.25 (23.1%); 34.00,-118.50 (22.6%); 34.25,-118.25 (10.1%); 33.75,-118.25 (6.4%); 34.25,-118.75 (2.4%)"
2020-05-10,82.7,28.16,1.0,Moderate heat stress,78.8 to 89.6 F,80.9,72.53,90.02,1.8,0,450,1,"34.25,-118.50 (35.4%); 34.00,-118.25 (23.1%); 34.00,-118.50 (22.6%); 34.25,-118.25 (10.1%); 33.75,-118.25 (6.4%); 34.25,-118.75 (2.4%)"
2020-05-11,80.64,27.02,1.0,Moderate heat stress,78.8 to 89.6 F,80.77,72.38,89.62,-0.13,0,450,1,"34.25,-118.50 (35.4%); 34.00,-118.25 (23.1%); 34.00,-118.50 (22.6%); 34.25,-118.25 (10.1%); 33.75,-118.25 (6.4%); 34.25,-118.75 (2.4%)"
2020-05-12,78.94,26.08,1.0,Moderate heat stress,78.8 to 89.6 F,80.78,72.53,89.44,-1.84,0,450,1,"34.25,-118.50 (35.4%); 34.00,-118.25 (23.1%); 34.00,-118.50 (22.6%); 34.25,-118.25 (10.1%); 33.75,-118.25 (6.4%); 34.25,-118.75 (2.4%)"
2020-05-13,77.89,25.49,0.0,No thermal stress,48.2 to 78.8 F,80.86,72.76,89.44,-2.97,0,450,1,"34.25,-118.50 (35.4%); 34.00,-118.25 (23.1%); 34.00,-118.50 (22.6%); 34.25,-118.25 (10.1%); 33.75,-118.25 (6.4%); 34.25,-118.75 (2.4%)"
2020-05-14,81.9,27.72,1.0,Moderate heat stress,78.8 to 89.6 F,80.99,73.38,89.42,0.91,0,450,1,"34.25,-118.50 (35.4%); 34.00,-118.25 (23.1%); 34.00,-118.50 (22.6%); 34.25,-118.25 (10.1%); 33.75,-118.25 (6.4%); 34.25,-118.75 (2.4%)"
2020-05-15,85.84,29.91,1.0,Moderate heat stress,78.8 to 89.6 F,81.01,73.38,89.3,4.83,0,450,1,"34.25,-118.50 (35.4%); 34.00,-118.25 (23.1%); 34.00,-118.50 (22.6%); 34.25,-118.25 (10.1%); 33.75,-118.25 (6.4%); 34.25,-118.75 (2.4%)"
2020-05-16,87.08,30.6,1.0,Moderate heat stress,78.8 to 89.6 F,80.9,73.09,89.18,6.18,0,450,1,"34.25,-118.50 (35.4%); 34.00,-118.25 (23.1%); 34.00,-118.50 (22.6%); 34.25,-118.25 (10.1%); 33.75,-118.25 (6.4%); 34.25,-118.75 (2.4%)"
2020-05-17,84.21,29.01,1.0,Moderate heat stress,78.8 to 89.6 F,80.92,73.65,88.92,3.29,0,450,1,"34.25,-118.50 (35.4%); 34.00,-118.25 (23.1%); 34.00,-118.50 (22.6%); 34.25,-118.25 (10.1%); 33.75,-118.25 (6.4%); 34.25,-118.75 (2.4%)"
2020-05-18,75.21,24.0,0.0,No thermal stress,48.2 to 78.8 F,80.81,73.65,88.9,-5.6,0,450,1,"34.25,-118.50 (35.4%); 34.00,-118.25 (23.1%); 34.00,-118.50 (22.6%); 34.25,-118.25 (10.1%); 33.75,-118.25 (6.4%); 34.25,-118.75 (2.4%)"
2020-05-19,73.12,22.84,0.0,No thermal stress,48.2 to 78.8 F,80.73,73.38,88.9,-7.61,0,450,1,"34.25,-118.50 (35.4%); 34.00,-118.25 (23.1%); 34.00,-118.50 (22.6%); 34.25,-118.25 (10.1%); 33.75,-118.25 (6.4%); 34.25,-118.75 (2.4%)"
2020-05-20,79.72,26.51,1.0,Moderate heat stress,78.8 to 89.6 F,80.75,73.65,88.89,-1.03,0,450,1,"34.25,-118.50 (35.4%); 34.00,-118.25 (23.1%); 34.00,-118.50 (22.6%); 34.25,-118.25 (10.1%); 33.75,-118.25 (6.4%); 34.25,-118.75 (2.4%)"
2020-05-21,86.47,30.26,1.0,Moderate heat stress,78.8 to 89.6 F,80.84,73.96,88.83,5.63,0,450,1,"34.25,-118.50 (35.4%); 34.00,-118.25 (23.1%); 34.00,-118.50 (22.6%); 34.25,-118.25 (10.1%); 33.75,-118.25 (6.4%); 34.25,-118.75 (2.4%)"
2020-05-22,79.1,26.17,1.0,Moderate heat stress,78.8 to 89.6 F,81.0,74.19,88.89,-1.9,0,450,1,"34.25,-118.50 (35.4%); 34.00,-118.25 (23.1%); 34.00,-118.50 (22.6%); 34.25,-118.25 (10.1%); 33.75,-118.25 (6.4%); 34.25,-118.75 (2.4%)"
2020-05-23,83.87,28.82,1.0,Moderate heat stress,78.8 to 89.6 F,81.14,74.3,88.8,2.73,0,450,1,"34.25,-118.50 (35.4%); 34.00,-118.25 (23.1%); 34.00,-118.50 (22.6%); 34.25,-118.25 (10.1%); 33.75,-118.25 (6.4%); 34.25,-118.75 (2.4%)"
2020-05-24,85.1,29.5,1.0,Moderate heat stress,78.8 to 89.6 F,81.34,74.7,88.89,3.76,0,450,1,"34.25,-118.50 (35.4%); 34.00,-118.25 (23.1%); 34.00,-118.50 (22.6%); 34.25,-118.25 (10.1%); 33.75,-118.25 (6.4%); 34.25,-118.75 (2.4%)"
2020-05-25,89.12,31.73,1.0,Moderate heat stress,78.8 to 89.6 F,81.5,74.72,89.0,7.62,1,450,1,"34.25,-118.50 (35.4%); 34.00,-118.25 (23.1%); 34.00,-118.50 (22.6%); 34.25,-118.25 (10.1%); 33.75,-118.25 (6.4%); 34.25,-118.75 (2.4%)"
2020-05-26,91.29,32.94,2.0,Strong heat stress,89.6 to 100.4 F,81.71,75.09,89.34,9.58,1,450,1,"34.25,-118.50 (35.4%); 34.00,-118.25 (23.1%); 34.00,-118.50 (22.6%); 34.25,-118.25 (10.1%); 33.75,-118.25 (6.4%); 34.25,-118.75 (2.4%)"
2020-05-27,88.89,31.61,1.0,Moderate heat stress,78.8 to 89.6 F,81.88,75.21,89.48,7.01,0,450,1,"34.25,-118.50 (35.4%); 34.00,-118.25 (23.1%); 34.00,-118.50 (22.6%); 34.25,-118.25 (10.1%); 33.75,-118.25 (6.4%); 34.25,-118.75 (2.4%)"
2020-05-28,86.46,30.26,1.0,Moderate heat stress,78.8 to 89.6 F,82.06,75.3,89.48,4.4,0,450,1,"34.25,-118.50 (35.4%); 34.00,-118.25 (23.1%); 34.00,-118.50 (22.6%); 34.25,-118.25 (10.1%); 33.75,-118.25 (6.4%); 34.25,-118.75 (2.4%)"
2020-05-29,81.22,27.34,1.0,Moderate heat stress,78.8 to 89.6 F,82.07,75.61,89.34,-0.85,0,450,1,"34.25,-118.50 (35.4%); 34.00,-118.25 (23.1%); 34.00,-118.50 (22.6%); 34.25,-118.25 (10.1%); 33.75,-118.25 (6.4%); 34.25,-118.75 (2.4%)"
2020-05-30,81.73,27.63,1.0,Moderate heat stress,78.8 to 89.6 F,82.14,76.03,89.01,-0.41,0,450,1,"34.25,-118.50 (35.4%); 34.00,-118.25 (23.1%); 34.00,-118.50 (22.6%); 34.25,-118.25 (10.1%); 33.75,-118.25 (6.4%); 34.25,-118.75 (2.4%)"
2020-05-31,85.45,29.69,1.0,Moderate heat stress,78.8 to 89.6 F,82.32,76.37,88.92,3.13,0,450,1,"34.25,-118.50 (35.4%); 34.00,-118.25 (23.1%); 34.00,-118.50 (22.6%); 34.25,-118.25 (10.1%); 33.75,-118.25 (6.4%); 34.25,-118.75 (2.4%)"
2020-06-01,89.61,32.01,2.0,Strong heat stress,89.6 to 100.4 F,82.5,76.41,88.99,7.11,1,450,1,"34.25,-118.50 (35.4%); 34.00,-118.25 (23.1%); 34.00,-118.50 (22.6%); 34.25,-118.25 (10.1%); 33.75,-118.25 (6.4%); 34.25,-118.75 (2.4%)"
2020-06-02,93.51,34.17,2.0,Strong heat stress,89.6 to 100.4 F,82.91,77.11,89.59,10.6,1,450,1,"34.25,-118.50 (35.4%); 34.00,-118.25 (23.1%); 34.00,-118.50 (22.6%); 34.25,-118.25 (10.1%); 33.75,-118.25 (6.4%); 34.25,-118.75 (2.4%)"
2020-06-03,100.98,38.32,3.0,Very strong heat stress,100.4 to 114.8 F,83.26,77.37,89.96,17.72,1,450,1,"34.25,-118.50 (35.4%); 34.00,-118.25 (23.1%); 34.00,-118.50 (22.6%); 34.25,-118.25 (10.1%); 33.75,-118.25 (6.4%); 34.25,-118.75 (2.4%)"
2020-06-04,85.28,29.6,1.0,Moderate heat stress,78.8 to 89.6 F,83.39,77.64,90.19,1.89,0,450,1,"34.25,-118.50 (35.4%); 34.00,-118.25 (23.1%); 34.00,-118.50 (22.6%); 34.25,-118.25 (10.1%); 33.75,-118.25 (6.4%); 34.25,-118.75 (2.4%)"
2020-06-05,77.34,25.19,0.0,No thermal stress,48.2 to 78.8 F,83.4,77.83,90.06,-6.06,0,450,1,"34.25,-118.50 (35.4%); 34.00,-118.25 (23.1%); 34.00,-118.50 (22.6%); 34.25,-118.25 (10.1%); 33.75,-118.25 (6.4%); 34.25,-118.75 (2.4%)"
2020-06-06,77.92,25.51,0.0,No thermal stress,48.2 to 78.8 F,83.46,77.96,90.18,-5.54,0,450,1,"34.25,-118.50 (35.4%); 34.00,-118.25 (23.1%); 34.00,-118.50 (22.6%); 34.25,-118.25 (10.1%); 33.75,-118.25 (6.4%); 34.25,-118.75 (2.4%)"
2020-06-07,82.11,27.84,1.0,Moderate heat stress,78.8 to 89.6 F,83.59,78.2,90.28,-1.48,0,450,1,"34.25,-118.50 (35.4%); 34.00,-118.25 (23.1%); 34.00,-118.50 (22.6%); 34.25,-118.25 (10.1%); 33.75,-118.25 (6.4%); 34.25,-118.75 (2.4%)"
2020-06-08,92.53,33.63,2.0,Strong heat stress,89.6 to 100.4 F,83.65,78.2,90.24,8.88,1,450,1,"34.25,-118.50 (35.4%); 34.00,-118.25 (23.1%); 34.00,-118.50 (22.6%); 34.25,-118.25 (10.1%); 33.75,-118.25 (6.4%); 34.25,-118.75 (2.4%)"
2020-06-09,96.52,35.85,2.0,Strong heat stress,89.6 to 100.4 F,83.69,78.2,90.35,12.83,1,450,1,"34.25,-118.50 (35.4%); 34.00,-118.25 (23.1%); 34.00,-118.50 (22.6%); 34.25,-118.25 (10.1%); 33.75,-118.25 (6.4%); 34.25,-118.75 (2.4%)"
2020-06-10,98.23,36.79,2.0,Strong heat stress,89.6 to 100.4 F,83.83,78.35,90.77,14.4,1,450,1,"34.25,-118.50 (35.4%); 34.00,-118.25 (23.1%); 34.00,-118.50 (22.6%); 34.25,-118.25 (10.1%); 33.75,-118.25 (6.4%); 34.25,-118.75 (2.4%)"
2020-06-11,93.65,34.25,2.0,Strong heat stress,89.6 to 100.4 F,83.99,78.43,90.9,9.66,1,450,1,"34.25,-118.50 (35.4%); 34.00,-118.25 (23.1%); 34.00,-118.50 (22.6%); 34.25,-118.25 (10.1%); 33.75,-118.25 (6.4%); 34.25,-118.75 (2.4%)"
2020-06-12,84.28,29.04,1.0,Moderate heat stress,78.8 to 89.6 F,84.21,78.73,91.41,0.07,0,450,1,"34.25,-118.50 (35.4%); 34.00,-118.25 (23.1%); 34.00,-118.50 (22.6%); 34.25,-118.25 (10.1%); 33.75,-118.25 (6.4%); 34.25,-118.75 (2.4%)"
2020-06-13,84.09,28.94,1.0,Moderate heat stress,78.8 to 89.6 F,84.6,79.0,91.58,-0.51,0,450,1,"34.25,-118.50 (35.4%); 34.00,-118.25 (23.1%); 34.00,-118.50 (22.6%); 34.25,-118.25 (10.1%); 33.75,-118.25 (6.4%); 34.25,-118.75 (2.4%)"
2020-06-14,83.96,28.86,1.0,Moderate heat stress,78.8 to 89.6 F,84.9,79.07,92.08,-0.94,0,450,1,"34.25,-118.50 (35.4%); 34.00,-118.25 (23.1%); 34.00,-118.50 (22.6%); 34.25,-118.25 (10.1%); 33.75,-118.25 (6.4%); 34.25,-118.75 (2.4%)"
2020-06-15,85.45,29.69,1.0,Moderate heat stress,78.8 to 89.6 F,85.2,79.31,92.53,0.25,0,450,1,"34.25,-118.50 (35.4%); 34.00,-118.25 (23.1%); 34.00,-118.50 (22.6%); 34.25,-118.25 (10.1%); 33.75,-118.25 (6.4%); 34.25,-118.75 (2.4%)"
2020-06-16,82.39,27.99,1.0,Moderate heat stress,78.8 to 89.6 F,85.43,79.7,92.63,-3.04,0,450,1,"34.25,-118.50 (35.4%); 34.00,-118.25 (23.1%); 34.00,-118.50 (22.6%); 34.25,-118.25 (10.1%); 33.75,-118.25 (6.4%); 34.25,-118.75 (2.4%)"
2020-06-17,83.26,28.48,1.0,Moderate heat stress,78.8 to 89.6 F,85.58,79.85,92.63,-2.32,0,450,1,"34.25,-118.50 (35.4%); 34.00,-118.25 (23.1%); 34.00,-118.50 (22.6%); 34.25,-118.25 (10.1%); 33.75,-118.25 (6.4%); 34.25,-118.75 (2.4%)"
2020-06-18,83.55,28.64,1.0,Moderate heat stress,78.8 to 89.6 F,85.82,79.95,92.67,-2.27,0,450,1,"34.25,-118.50 (35.4%); 34.00,-118.25 (23.1%); 34.00,-118.50 (22.6%); 34.25,-118.25 (10.1%); 33.75,-118.25 (6.4%); 34.25,-118.75 (2.4%)"
2020-06-19,82.45,28.03,1.0,Moderate heat stress,78.8 to 89.6 F,86.12,80.18,93.0,-3.67,0,450,1,"34.25,-118.50 (35.4%); 34.00,-118.25 (23.1%); 34.00,-118.50 (22.6%); 34.25,-118.25 (10.1%); 33.75,-118.25 (6.4%); 34.25,-118.75 (2.4%)"
2020-06-20,85.55,29.75,1.0,Moderate heat stress,78.8 to 89.6 F,86.44,80.32,93.17,-0.89,0,450,1,"34.25,-118.50 (35.4%); 34.00,-118.25 (23.1%); 34.00,-118.50 (22.6%); 34.25,-118.25 (10.1%); 33.75,-118.25 (6.4%); 34.25,-118.75 (2.4%)"
2020-06-21,84.88,29.38,1.0,Moderate heat stress,78.8 to 89.6 F,86.73,80.53,93.8,-1.85,0,450,1,"34.25,-118.50 (35.4%); 34.00,-118.25 (23.1%); 34.00,-118.50 (22.6%); 34.25,-118.25 (10.1%); 33.75,-118.25 (6.4%); 34.25,-118.75 (2.4%)"
2020-06-22,86.96,30.54,1.0,Moderate heat stress,78.8 to 89.6 F,86.97,80.7,94.16,-0.01,0,450,1,"34.25,-118.50 (35.4%); 34.00,-118.25 (23.1%); 34.00,-118.50 (22.6%); 34.25,-118.25 (10.1%); 33.75,-118.25 (6.4%); 34.25,-118.75 (2.4%)"
2020-06-23,88.77,31.54,1.0,Moderate heat stress,78.8 to 89.6 F,87.31,81.13,94.62,1.46,0,450,1,"34.25,-118.50 (35.4%); 34.00,-118.25 (23.1%); 34.00,-118.50 (22.6%); 34.25,-118.25 (10.1%); 33.75,-118.25 (6.4%); 34.25,-118.75 (2.4%)"
2020-06-24,88.51,31.39,1.0,Moderate heat stress,78.8 to 89.6 F,87.73,81.31,94.87,0.78,0,450,1,"34.25,-118.50 (35.4%); 34.00,-118.25 (23.1%); 34.00,-118.50 (22.6%); 34.25,-118.25 (10.1%); 33.75,-118.25 (6.4%); 34.25,-118.75 (2.4%)"
2020-06-25,86.12,30.06,1.0,Moderate heat stress,78.8 to 89.6 F,88.03,81.59,95.71,-1.91,0,450,1,"34.25,-118.50 (35.4%); 34.00,-118.25 (23.1%); 34.00,-118.50 (22.6%); 34.25,-118.25 (10.1%); 33.75,-118.25 (6.4%); 34.25,-118.75 (2.4%)"
2020-06-26,87.95,31.08,1.0,Moderate heat stress,78.8 to 89.6 F,88.18,81.62,95.87,-0.23,0,450,1,"34.25,-118.50 (35.4%); 34.00,-118.25 (23.1%); 34.00,-118.50 (22.6%); 34.25,-118.25 (10.1%); 33.75,-118.25 (6.4%); 34.25,-118.75 (2.4%)"
2020-06-27,85.65,29.81,1.0,Moderate heat stress,78.8 to 89.6 F,88.32,81.89,96.12,-2.67,0,450,1,"34.25,-118.50 (35.4%); 34.00,-118.25 (23.1%); 34.00,-118.50 (22.6%); 34.25,-118.25 (10.1%); 33.75,-118.25 (6.4%); 34.25,-118.75 (2.4%)"
2020-06-28,81.58,27.54,1.0,Moderate heat stress,78.8 to 89.6 F,88.5,82.07,96.1,-6.92,0,450,1,"34.25,-118.50 (35.4%); 34.00,-118.25 (23.1%); 34.00,-118.50 (22.6%); 34.25,-118.25 (10.1%); 33.75,-118.25 (6.4%); 34.25,-118.75 (2.4%)"
2020-06-29,82.82,28.24,1.0,Moderate heat stress,78.8 to 89.6 F,88.81,82.52,96.36,-5.99,0,450,1,"34.25,-118.50 (35.4%); 34.00,-118.25 (23.1%); 34.00,-118.50 (22.6%); 34.25,-118.25 (10.1%); 33.75,-118.25 (6.4%); 34.25,-118.75 (2.4%)"
2020-06-30,83.68,28.71,1.0,Moderate heat stress,78.8 to 89.6 F,89.07,82.68,96.67,-5.39,0,450,1,"34.25,-118.50 (35.4%); 34.00,-118.25 (23.1%); 34.00,-118.50 (22.6%); 34.25,-118.25 (10.1%); 33.75,-118.25 (6.4%); 34.25,-118.75 (2.4%)"
2020-07-01,83.8,28.78,1.0,Moderate heat stress,78.8 to 89.6 F,89.3,82.84,96.83,-5.5,0,450,1,"34.25,-118.50 (35.4%); 34.00,-118.25 (23.1%); 34.00,-118.50 (22.6%); 34.25,-118.25 (10.1%); 33.75,-118.25 (6.4%); 34.25,-118.75 (2.4%)"
2020-07-02,85.7,29.83,1.0,Moderate heat stress,78.8 to 89.6 F,89.53,83.06,96.94,-3.83,0,450,1,"34.25,-118.50 (35.4%); 34.00,-118.25 (23.1%); 34.00,-118.50 (22.6%); 34.25,-118.25 (10.1%); 33.75,-118.25 (6.4%); 34.25,-118.75 (2.4%)"
2020-07-03,89.87,32.15,2.0,Strong heat stress,89.6 to 100.4 F,89.66,83.18,96.94,0.21,0,450,1,"34.25,-118.50 (35.4%); 34.00,-118.25 (23.1%); 34.00,-118.50 (22.6%); 34.25,-118.25 (10.1%); 33.75,-118.25 (6.4%); 34.25,-118.75 (2.4%)"
2020-07-04,92.01,33.34,2.0,Strong heat stress,89.6 to 100.4 F,89.81,83.36,96.94,2.2,0,450,1,"34.25,-118.50 (35.4%); 34.00,-118.25 (23.1%); 34.00,-118.50 (22.6%); 34.25,-118.25 (10.1%); 33.75,-118.25 (6.4%); 34.25,-118.75 (2.4%)"
2020-07-05,94.6,34.78,2.0,Strong heat stress,89.6 to 100.4 F,89.98,83.45,97.01,4.62,0,450,1,"34.25,-118.50 (35.4%); 34.00,-118.25 (23.1%); 34.00,-118.50 (22.6%); 34.25,-118.25 (10.1%); 33.75,-118.25 (6.4%); 34.25,-118.75 (2.4%)"
2020-07-06,94.57,34.76,2.0,Strong heat stress,89.6 to 100.4 F,90.17,83.53,97.01,4.4,0,450,1,"34.25,-118.50 (35.4%); 34.00,-118.25 (23.1%); 34.00,-118.50 (22.6%); 34.25,-118.25 (10.1%); 33.75,-118.25 (6.4%); 34.25,-118.75 (2.4%)"
2020-07-07,92.34,33.52,2.0,Strong heat stress,89.6 to 100.4 F,90.34,83.68,96.94,2.0,0,450,1,"34.25,-118.50 (35.4%); 34.00,-118.25 (23.1%); 34.00,-118.50 (22.6%); 34.25,-118.25 (10.1%); 33.75,-118.25 (6.4%); 34.25,-118.75 (2.4%)"
2020-07-08,88.35,31.31,1.0,Moderate heat stress,78.8 to 89.6 F,90.42,83.78,96.93,-2.07,0,450,1,"34.25,-118.50 (35.4%); 34.00,-118.25 (23.1%); 34.00,-118.50 (22.6%); 34.25,-118.25 (10.1%); 33.75,-118.25 (6.4%); 34.25,-118.75 (2.4%)"
2020-07-09,89.54,31.96,1.0,Moderate heat stress,78.8 to 89.6 F,90.43,83.6,96.93,-0.89,0,450,1,"34.25,-118.50 (35.4%); 34.00,-118.25 (23.1%); 34.00,-118.50 (22.6%); 34.25,-118.25 (10.1%); 33.75,-118.25 (6.4%); 34.25,-118.75 (2.4%)"
2020-07-10,96.1,35.61,2.0,Strong heat stress,89.6 to 100.4 F,90.49,83.6,96.94,5.61,0,450,1,"34.25,-118.50 (35.4%); 34.00,-118.25 (23.1%); 34.00,-118.50 (22.6%); 34.25,-118.25 (10.1%); 33.75,-118.25 (6.4%); 34.25,-118.75 (2.4%)"
2020-07-11,101.77,38.76,3.0,Very strong heat stress,100.4 to 114.8 F,90.7,84.04,97.01,11.07,1,450,1,"34.25,-118.50 (35.4%); 34.00,-118.25 (23.1%); 34.00,-118.50 (22.6%); 34.25,-118.25 (10.1%); 33.75,-118.25 (6.4%); 34.25,-118.75 (2.4%)"
2020-07-12,99.45,37.47,2.0,Strong heat stress,89.6 to 100.4 F,90.87,84.24,97.31,8.58,1,450,1,"34.25,-118.50 (35.4%); 34.00,-118.25 (23.1%); 34.00,-118.50 (22.6%); 34.25,-118.25 (10.1%); 33.75,-118.25 (6.4%); 34.25,-118.75 (2.4%)"
2020-07-13,92.69,33.72,2.0,Strong heat stress,89.6 to 100.4 F,90.92,84.3,97.49,1.77,0,450,1,"34.25,-118.50 (35.4%); 34.00,-118.25 (23.1%); 34.00,-118.50 (22.6%); 34.25,-118.25 (10.1%); 33.75,-118.25 (6.4%); 34.25,-118.75 (2.4%)"
2020-07-14,87.35,30.75,1.0,Moderate heat stress,78.8 to 89.6 F,90.91,84.44,97.51,-3.56,0,450,1,"34.25,-118.50 (35.4%); 34.00,-118.25 (23.1%); 34.00,-118.50 (22.6%); 34.25,-118.25 (10.1%); 33.75,-118.25 (6.4%); 34.25,-118.75 (2.4%)"
2020-07-15,86.81,30.45,1.0,Moderate heat stress,78.8 to 89.6 F,90.96,84.49,97.55,-4.15,0,450,1,"34.25,-118.50 (35.4%); 34.00,-118.25 (23.1%); 34.00,-118.50 (22.6%); 34.25,-118.25 (10.1%); 33.75,-118.25 (6.4%); 34.25,-118.75 (2.4%)"
2020-07-16,87.63,30.91,1.0,Moderate heat stress,78.8 to 89.6 F,91.08,84.61,97.7,-3.45,0,450,1,"34.25,-118.50 (35.4%); 34.00,-118.25 (23.1%); 34.00,-118.50 (22.6%); 34.25,-118.25 (10.1%); 33.75,-118.25 (6.4%); 34.25,-118.75 (2.4%)"
2020-07-17,88.83,31.57,1.0,Moderate heat stress,78.8 to 89.6 F,91.18,84.65,97.91,-2.35,0,450,1,"34.25,-118.50 (35.4%); 34.00,-118.25 (23.1%); 34.00,-118.50 (22.6%); 34.25,-118.25 (10.1%); 33.75,-118.25 (6.4%); 34.25,-118.75 (2.4%)"
2020-07-18,90.45,32.47,2.0,Strong heat stress,89.6 to 100.4 F,91.31,84.92,98.52,-0.86,0,450,1,"34.25,-118.50 (35.4%); 34.00,-118.25 (23.1%); 34.00,-118.50 (22.6%); 34.25,-118.25 (10.1%); 33.75,-118.25 (6.4%); 34.25,-118.75 (2.4%)"
2020-07-19,89.01,31.67,1.0,Moderate heat stress,78.8 to 89.6 F,91.46,85.02,98.93,-2.45,0,450,1,"34.25,-118.50 (35.4%); 34.00,-118.25 (23.1%); 34.00,-118.50 (22.6%); 34.25,-118.25 (10.1%); 33.75,-118.25 (6.4%); 34.25,-118.75 (2.4%)"
2020-07-20,88.56,31.42,1.0,Moderate heat stress,78.8 to 89.6 F,91.54,85.18,99.1,-2.98,0,450,1,"34.25,-118.50 (35.4%); 34.00,-118.25 (23.1%); 34.00,-118.50 (22.6%); 34.25,-118.25 (10.1%); 33.75,-118.25 (6.4%); 34.25,-118.75 (2.4%)"
2020-07-21,89.56,31.98,1.0,Moderate heat stress,78.8 to 89.6 F,91.54,85.18,99.1,-1.98,0,450,1,"34.25,-118.50 (35.4%); 34.00,-118.25 (23.1%); 34.00,-118.50 (22.6%); 34.25,-118.25 (10.1%); 33.75,-118.25 (6.4%); 34.25,-118.75 (2.4%)"
2020-07-22,85.1,29.5,1.0,Moderate heat stress,78.8 to 89.6 F,91.53,85.18,99.11,-6.43,0,450,1,"34.25,-118.50 (35.4%); 34.00,-118.25 (23.1%); 34.00,-118.50 (22.6%); 34.25,-118.25 (10.1%); 33.75,-118.25 (6.4%); 34.25,-118.75 (2.4%)"
2020-07-23,84.18,28.99,1.0,Moderate heat stress,78.8 to 89.6 F,91.58,85.22,99.1,-7.4,0,450,1,"34.25,-118.50 (35.4%); 34.00,-118.25 (23.1%); 34.00,-118.50 (22.6%); 34.25,-118.25 (10.1%); 33.75,-118.25 (6.4%); 34.25,-118.75 (2.4%)"
2020-07-24,85.69,29.83,1.0,Moderate heat stress,78.8 to 89.6 F,91.65,85.25,99.09,-5.96,0,450,1,"34.25,-118.50 (35.4%); 34.00,-118.25 (23.1%); 34.00,-118.50 (22.6%); 34.25,-118.25 (10.1%); 33.75,-118.25 (6.4%); 34.25,-118.75 (2.4%)"
2020-07-25,88.21,31.23,1.0,Moderate heat stress,78.8 to 89.6 F,91.76,85.38,99.1,-3.55,0,450,1,"34.25,-118.50 (35.4%); 34.00,-118.25 (23.1%); 34.00,-118.50 (22.6%); 34.25,-118.25 (10.1%); 33.75,-118.25 (6.4%); 34.25,-118.75 (2.4%)"
2020-07-26,91.71,33.17,2.0,Strong heat stress,89.6 to 100.4 F,91.84,85.39,99.09,-0.13,0,450,1,"34.25,-118.50 (35.4%); 34.00,-118.25 (23.1%); 34.00,-118.50 (22.6%); 34.25,-118.25 (10.1%); 33.75,-118.25 (6.4%); 34.25,-118.75 (2.4%)"
2020-07-27,88.03,31.13,1.0,Moderate heat stress,78.8 to 89.6 F,91.89,85.71,99.09,-3.86,0,450,1,"34.25,-118.50 (35.4%); 34.00,-118.25 (23.1%); 34.00,-118.50 (22.6%); 34.25,-118.25 (10.1%); 33.75,-118.25 (6.4%); 34.25,-118.75 (2.4%)"
2020-07-28,88.71,31.51,1.0,Moderate heat stress,78.8 to 89.6 F,91.99,85.74,99.04,-3.28,0,450,1,"34.25,-118.50 (35.4%); 34.00,-118.25 (23.1%); 34.00,-118.50 (22.6%); 34.25,-118.25 (10.1%); 33.75,-118.25 (6.4%); 34.25,-118.75 (2.4%)"
2020-07-29,90.28,32.38,2.0,Strong heat stress,89.6 to 100.4 F,92.08,85.81,98.93,-1.8,0,450,1,"34.25,-118.50 (35.4%); 34.00,-118.25 (23.1%); 34.00,-118.50 (22.6%); 34.25,-118.25 (10.1%); 33.75,-118.25 (6.4%); 34.25,-118.75 (2.4%)"
2020-07-30,95.19,35.11,2.0,Strong heat stress,89.6 to 100.4 F,92.07,85.74,98.93,3.12,0,450,1,"34.25,-118.50 (35.4%); 34.00,-118.25 (23.1%); 34.00,-118.50 (22.6%); 34.25,-118.25 (10.1%); 33.75,-118.25 (6.4%); 34.25,-118.75 (2.4%)"
2020-07-31,98.02,36.68,2.0,Strong heat stress,89.6 to 100.4 F,92.02,85.71,98.89,6.0,0,450,1,"34.25,-118.50 (35.4%); 34.00,-118.25 (23.1%); 34.00,-118.50 (22.6%); 34.25,-118.25 (10.1%); 33.75,-118.25 (6.4%); 34.25,-118.75 (2.4%)"
2020-08-01,98.47,36.93,2.0,Strong heat stress,89.6 to 100.4 F,92.03,85.74,98.82,6.44,0,450,1,"34.25,-118.50 (35.4%); 34.00,-118.25 (23.1%); 34.00,-118.50 (22.6%); 34.25,-118.25 (10.1%); 33.75,-118.25 (6.4%); 34.25,-118.75 (2.4%)"
2020-08-02,93.58,34.21,2.0,Strong heat stress,89.6 to 100.4 F,92.08,85.59,98.89,1.5,0,450,1,"34.25,-118.50 (35.4%); 34.00,-118.25 (23.1%); 34.00,-118.50 (22.6%); 34.25,-118.25 (10.1%); 33.75,-118.25 (6.4%); 34.25,-118.75 (2.4%)"
2020-08-03,92.51,33.61,2.0,Strong heat stress,89.6 to 100.4 F,92.06,85.34,99.01,0.45,0,450,1,"34.25,-118.50 (35.4%); 34.00,-118.25 (23.1%); 34.00,-118.50 (22.6%); 34.25,-118.25 (10.1%); 33.75,-118.25 (6.4%); 34.25,-118.75 (2.4%)"
2020-08-04,88.73,31.52,1.0,Moderate heat stress,78.8 to 89.6 F,92.13,85.45,99.01,-3.4,0,450,1,"34.25,-118.50 (35.4%); 34.00,-118.25 (23.1%); 34.00,-118.50 (22.6%); 34.25,-118.25 (10.1%); 33.75,-118.25 (6.4%); 34.25,-118.75 (2.4%)"
2020-08-05,85.82,29.9,1.0,Moderate heat stress,78.8 to 89.6 F,92.28,85.65,99.49,-6.46,0,450,1,"34.25,-118.50 (35.4%); 34.00,-118.25 (23.1%); 34.00,-118.50 (22.6%); 34.25,-118.25 (10.1%); 33.75,-118.25 (6.4%); 34.25,-118.75 (2.4%)"
2020-08-06,84.5,29.17,1.0,Moderate heat stress,78.8 to 89.6 F,92.51,85.82,99.95,-8.01,0,450,1,"34.25,-118.50 (35.4%); 34.00,-118.25 (23.1%); 34.00,-118.50 (22.6%); 34.25,-118.25 (10.1%); 33.75,-118.25 (6.4%); 34.25,-118.75 (2.4%)"
2020-08-07,87.43,30.79,1.0,Moderate heat stress,78.8 to 89.6 F,92.67,85.82,100.38,-5.24,0,450,1,"34.25,-118.50 (35.4%); 34.00,-118.25 (23.1%); 34.00,-118.50 (22.6%); 34.25,-118.25 (10.1%); 33.75,-118.25 (6.4%); 34.25,-118.75 (2.4%)"
2020-08-08,89.36,31.87,1.0,Moderate heat stress,78.8 to 89.6 F,92.8,85.86,100.97,-3.44,0,450,1,"34.25,-118.50 (35.4%); 34.00,-118.25 (23.1%); 34.00,-118.50 (22.6%); 34.25,-118.25 (10.1%); 33.75,-118.25 (6.4%); 34.25,-118.75 (2.4%)"
2020-08-09,89.54,31.97,1.0,Moderate heat stress,78.8 to 89.6 F,92.87,85.72,101.12,-3.33,0,450,1,"34.25,-118.50 (35.4%); 34.00,-118.25 (23.1%); 34.00,-118.50 (22.6%); 34.25,-118.25 (10.1%); 33.75,-118.25 (6.4%); 34.25,-118.75 (2.4%)"
2020-08-10,90.32,32.4,2.0,Strong heat stress,89.6 to 100.4 F,92.9,85.78,101.22,-2.58,0,450,1,"34.25,-118.50 (35.4%); 34.00,-118.25 (23.1%); 34.00,-118.50 (22.6%); 34.25,-118.25 (10.1%); 33.75,-118.25 (6.4%); 34.25,-118.75 (2.4%)"
2020-08-11,88.86,31.59,1.0,Moderate heat stress,78.8 to 89.6 F,92.94,85.78,101.25,-4.08,0,450,1,"34.25,-118.50 (35.4%); 34.00,-118.25 (23.1%); 34.00,-118.50 (22.6%); 34.25,-118.25 (10.1%); 33.75,-118.25 (6.4%); 34.25,-118.75 (2.4%)"
2020-08-12,96.64,35.91,2.0,Strong heat stress,89.6 to 100.4 F,92.9,85.78,101.25,3.74,0,450,1,"34.25,-118.50 (35.4%); 34.00,-118.25 (23.1%); 34.00,-118.50 (22.6%); 34.25,-118.25 (10.1%); 33.75,-118.25 (6.4%); 34.25,-118.75 (2.4%)"
2020-08-13,101.63,38.68,3.0,Very strong heat stress,100.4 to 114.8 F,92.9,85.96,101.25,8.73,1,450,1,"34.25,-118.50 (35.4%); 34.00,-118.25 (23.1%); 34.00,-118.50 (22.6%); 34.25,-118.25 (10.1%); 33.75,-118.25 (6.4%); 34.25,-118.75 (2.4%)"
2020-08-14,105.41,40.79,3.0,Very strong heat stress,100.4 to 114.8 F,92.94,86.23,101.19,12.47,1,450,1,"34.25,-118.50 (35.4%); 34.00,-118.25 (23.1%); 34.00,-118.50 (22.6%); 34.25,-118.25 (10.1%); 33.75,-118.25 (6.4%); 34.25,-118.75 (2.4%)"
2020-08-15,108.54,42.52,3.0,Very strong heat stress,100.4 to 114.8 F,93.04,86.38,101.22,15.5,1,450,1,"34.25,-118.50 (35.4%); 34.00,-118.25 (23.1%); 34.00,-118.50 (22.6%); 34.25,-118.25 (10.1%); 33.75,-118.25 (6.4%); 34.25,-118.75 (2.4%)"
2020-08-16,101.33,38.52,3.0,Very strong heat stress,100.4 to 114.8 F,93.11,86.44,101.25,8.22,1,450,1,"34.25,-118.50 (35.4%); 34.00,-118.25 (23.1%); 34.00,-118.50 (22.6%); 34.25,-118.25 (10.1%); 33.75,-118.25 (6.4%); 34.25,-118.75 (2.4%)"
2020-08-17,102.91,39.39,3.0,Very strong heat stress,100.4 to 114.8 F,93.15,86.61,101.25,9.76,1,450,1,"34.25,-118.50 (35.4%); 34.00,-118.25 (23.1%); 34.00,-118.50 (22.6%); 34.25,-118.25 (10.1%); 33.75,-118.25 (6.4%); 34.25,-118.75 (2.4%)"
2020-08-18,112.07,44.48,3.0,Very strong heat stress,100.4 to 114.8 F,93.27,86.82,101.22,18.8,1,450,1,"34.25,-118.50 (35.4%); 34.00,-118.25 (23.1%); 34.00,-118.50 (22.6%); 34.25,-118.25 (10.1%); 33.75,-118.25 (6.4%); 34.25,-118.75 (2.4%)"
2020-08-19,106.52,41.4,3.0,Very strong heat stress,100.4 to 114.8 F,93.38,86.86,101.12,13.14,1,450,1,"34.25,-118.50 (35.4%); 34.00,-118.25 (23.1%); 34.00,-118.50 (22.6%); 34.25,-118.25 (10.1%); 33.75,-118.25 (6.4%); 34.25,-118.75 (2.4%)"
2020-08-20,105.04,40.58,3.0,Very strong heat stress,100.4 to 114.8 F,93.49,86.86,100.98,11.55,1,450,1,"34.25,-118.50 (35.4%); 34.00,-118.25 (23.1%); 34.00,-118.50 (22.6%); 34.25,-118.25 (10.1%); 33.75,-118.25 (6.4%); 34.25,-118.75 (2.4%)"
2020-08-21,101.19,38.44,3.0,Very strong heat stress,100.4 to 114.8 F,93.53,86.86,100.98,7.66,1,450,1,"34.25,-118.50 (35.4%); 34.00,-118.25 (23.1%); 34.00,-118.50 (22.6%); 34.25,-118.25 (10.1%); 33.75,-118.25 (6.4%); 34.25,-118.75 (2.4%)"
2020-08-22,102.23,39.02,3.0,Very strong heat stress,100.4 to 114.8 F,93.65,87.08,101.12,8.58,1,450,1,"34.25,-118.50 (35.4%); 34.00,-118.25 (23.1%); 34.00,-118.50 (22.6%); 34.25,-118.25 (10.1%); 33.75,-118.25 (6.4%); 34.25,-118.75 (2.4%)"
2020-08-23,101.49,38.61,3.0,Very strong heat stress,100.4 to 114.8 F,93.71,87.12,101.14,7.78,1,450,1,"34.25,-118.50 (35.4%); 34.00,-118.25 (23.1%); 34.00,-118.50 (22.6%); 34.25,-118.25 (10.1%); 33.75,-118.25 (6.4%); 34.25,-118.75 (2.4%)"
2020-08-24,97.59,36.44,2.0,Strong heat stress,89.6 to 100.4 F,93.76,87.12,101.14,3.83,0,450,1,"34.25,-118.50 (35.4%); 34.00,-118.25 (23.1%); 34.00,-118.50 (22.6%); 34.25,-118.25 (10.1%); 33.75,-118.25 (6.4%); 34.25,-118.75 (2.4%)"
2020-08-25,98.76,37.09,2.0,Strong heat stress,89.6 to 100.4 F,93.85,87.19,101.33,4.91,0,450,1,"34.25,-118.50 (35.4%); 34.00,-118.25 (23.1%); 34.00,-118.50 (22.6%); 34.25,-118.25 (10.1%); 33.75,-118.25 (6.4%); 34.25,-118.75 (2.4%)"
2020-08-26,98.61,37.01,2.0,Strong heat stress,89.6 to 100.4 F,94.0,87.19,102.23,4.61,0,450,1,"34.25,-118.50 (35.4%); 34.00,-118.25 (23.1%); 34.00,-118.50 (22.6%); 34.25,-118.25 (10.1%); 33.75,-118.25 (6.4%); 34.25,-118.75 (2.4%)"
2020-08-27,100.31,37.95,2.0,Strong heat stress,89.6 to 100.4 F,94.21,87.19,102.66,6.1,0,450,1,"34.25,-118.50 (35.4%); 34.00,-118.25 (23.1%); 34.00,-118.50 (22.6%); 34.25,-118.25 (10.1%); 33.75,-118.25 (6.4%); 34.25,-118.75 (2.4%)"
2020-08-28,95.28,35.16,2.0,Strong heat stress,89.6 to 100.4 F,94.37,87.04,102.8,0.91,0,450,1,"34.25,-118.50 (35.4%); 34.00,-118.25 (23.1%); 34.00,-118.50 (22.6%); 34.25,-118.25 (10.1%); 33.75,-118.25 (6.4%); 34.25,-118.75 (2.4%)"
2020-08-29,90.41,32.45,2.0,Strong heat stress,89.6 to 100.4 F,94.6,87.32,103.3,-4.19,0,450,1,"34.25,-118.50 (35.4%); 34.00,-118.25 (23.1%); 34.00,-118.50 (22.6%); 34.25,-118.25 (10.1%); 33.75,-118.25 (6.4%); 34.25,-118.75 (2.4%)"
2020-08-30,90.0,32.22,2.0,Strong heat stress,89.6 to 100.4 F,94.73,87.32,103.35,-4.73,0,450,1,"34.25,-118.50 (35.4%); 34.00,-118.25 (23.1%); 34.00,-118.50 (22.6%); 34.25,-118.25 (10.1%); 33.75,-118.25 (6.4%); 34.25,-118.75 (2.4%)"
2020-08-31,88.4,31.33,1.0,Moderate heat stress,78.8 to 89.6 F,94.77,87.31,103.41,-6.37,0,450,1,"34.25,-118.50 (35.4%); 34.00,-118.25 (23.1%); 34.00,-118.50 (22.6%); 34.25,-118.25 (10.1%); 33.75,-118.25 (6.4%); 34.25,-118.75 (2.4%)"
2020-09-01,89.15,31.75,1.0,Moderate heat stress,78.8 to 89.6 F,94.66,87.0,103.41,-5.51,0,450,1,"34.25,-118.50 (35.4%); 34.00,-118.25 (23.1%); 34.00,-118.50 (22.6%); 34.25,-118.25 (10.1%); 33.75,-118.25 (6.4%); 34.25,-118.75 (2.4%)"
2020-09-02,90.24,32.35,2.0,Strong heat stress,89.6 to 100.4 F,94.43,86.42,103.41,-4.19,0,450,1,"34.25,-118.50 (35.4%); 34.00,-118.25 (23.1%); 34.00,-118.50 (22.6%); 34.25,-118.25 (10.1%); 33.75,-118.25 (6.4%); 34.25,-118.75 (2.4%)"
2020-09-03,94.25,34.58,2.0,Strong heat stress,89.6 to 100.4 F,94.19,86.08,103.35,0.06,0,450,1,"34.25,-118.50 (35.4%); 34.00,-118.25 (23.1%); 34.00,-118.50 (22.6%); 34.25,-118.25 (10.1%); 33.75,-118.25 (6.4%); 34.25,-118.75 (2.4%)"
2020-09-04,100.4,38.0,2.0,Strong heat stress,89.6 to 100.4 F,93.91,85.76,103.11,6.49,0,450,1,"34.25,-118.50 (35.4%); 34.00,-118.25 (23.1%); 34.00,-118.50 (22.6%); 34.25,-118.25 (10.1%); 33.75,-118.25 (6.4%); 34.25,-118.75 (2.4%)"
2020-09-05,117.33,47.41,4.0,Extreme heat stress,> 114.8 F,93.62,85.3,102.97,23.71,1,450,1,"34.25,-118.50 (35.4%); 34.00,-118.25 (23.1%); 34.00,-118.50 (22.6%); 34.25,-118.25 (10.1%); 33.75,-118.25 (6.4%); 34.25,-118.75 (2.4%)"
2020-09-06,116.09,46.72,4.0,Extreme heat stress,> 114.8 F,93.25,85.01,102.21,22.84,1,450,1,"34.25,-118.50 (35.4%); 34.00,-118.25 (23.1%); 34.00,-118.50 (22.6%); 34.25,-118.25 (10.1%); 33.75,-118.25 (6.4%); 34.25,-118.75 (2.4%)"
2020-09-07,99.48,37.49,2.0,Strong heat stress,89.6 to 100.4 F,93.03,84.88,101.61,6.45,0,450,1,"34.25,-118.50 (35.4%); 34.00,-118.25 (23.1%); 34.00,-118.50 (22.6%); 34.25,-118.25 (10.1%); 33.75,-118.25 (6.4%); 34.25,-118.75 (2.4%)"
2020-09-08,91.62,33.12,2.0,Strong heat stress,89.6 to 100.4 F,92.81,84.75,101.31,-1.19,0,450,1,"34.25,-118.50 (35.4%); 34.00,-118.25 (23.1%); 34.00,-118.50 (22.6%); 34.25,-118.25 (10.1%); 33.75,-118.25 (6.4%); 34.25,-118.75 (2.4%)"
2020-09-09,94.78,34.88,2.0,Strong heat stress,89.6 to 100.4 F,92.56,84.41,101.03,2.22,0,450,1,"34.25,-118.50 (35.4%); 34.00,-118.25 (23.1%); 34.00,-118.50 (22.6%); 34.25,-118.25 (10.1%); 33.75,-118.25 (6.4%); 34.25,-118.75 (2.4%)"
2020-09-10,94.97,34.98,2.0,Strong heat stress,89.6 to 100.4 F,92.23,84.3,100.55,2.74,0,450,1,"34.25,-118.50 (35.4%); 34.00,-118.25 (23.1%); 34.00,-118.50 (22.6%); 34.25,-118.25 (10.1%); 33.75,-118.25 (6.4%); 34.25,-118.75 (2.4%)"
2020-09-11,94.76,34.87,2.0,Strong heat stress,89.6 to 100.4 F,91.94,84.41,100.18,2.82,0,450,1,"34.25,-118.50 (35.4%); 34.00,-118.25 (23.1%); 34.00,-118.50 (22.6%); 34.25,-118.25 (10.1%); 33.75,-118.25 (6.4%); 34.25,-118.75 (2.4%)"
2020-09-12,95.33,35.19,2.0,Strong heat stress,89.6 to 100.4 F,91.63,84.01,99.56,3.7,0,450,1,"34.25,-118.50 (35.4%); 34.00,-118.25 (23.1%); 34.00,-118.50 (22.6%); 34.25,-118.25 (10.1%); 33.75,-118.25 (6.4%); 34.25,-118.75 (2.4%)"
2020-09-13,94.93,34.96,2.0,Strong heat stress,89.6 to 100.4 F,91.2,83.85,99.13,3.73,0,450,1,"34.25,-118.50 (35.4%); 34.00,-118.25 (23.1%); 34.00,-118.50 (22.6%); 34.25,-118.25 (10.1%); 33.75,-118.25 (6.4%); 34.25,-118.75 (2.4%)"
2020-09-14,96.91,36.06,2.0,Strong heat stress,89.6 to 100.4 F,90.85,83.58,98.73,6.06,0,450,1,"34.25,-118.50 (35.4%); 34.00,-118.25 (23.1%); 34.00,-118.50 (22.6%); 34.25,-118.25 (10.1%); 33.75,-118.25 (6.4%); 34.25,-118.75 (2.4%)"
2020-09-15,97.62,36.46,2.0,Strong heat stress,89.6 to 100.4 F,90.59,83.4,98.68,7.03,0,450,1,"34.25,-118.50 (35.4%); 34.00,-118.25 (23.1%); 34.00,-118.50 (22.6%); 34.25,-118.25 (10.1%); 33.75,-118.25 (6.4%); 34.25,-118.75 (2.4%)"
2020-09-16,100.74,38.19,3.0,Very strong heat stress,100.4 to 114.8 F,90.57,83.22,98.73,10.17,1,450,1,"34.25,-118.50 (35.4%); 34.00,-118.25 (23.1%); 34.00,-118.50 (22.6%); 34.25,-118.25 (10.1%); 33.75,-118.25 (6.4%); 34.25,-118.75 (2.4%)"
2020-09-17,101.52,38.62,3.0,Very strong heat stress,100.4 to 114.8 F,90.7,83.28,98.81,10.82,1,450,1,"34.25,-118.50 (35.4%); 34.00,-118.25 (23.1%); 34.00,-118.50 (22.6%); 34.25,-118.25 (10.1%); 33.75,-118.25 (6.4%); 34.25,-118.75 (2.4%)"
2020-09-18,101.89,38.83,3.0,Very strong heat stress,100.4 to 114.8 F,90.73,83.28,98.99,11.16,1,450,1,"34.25,-118.50 (35.4%); 34.00,-118.25 (23.1%); 34.00,-118.50 (22.6%); 34.25,-118.25 (10.1%); 33.75,-118.25 (6.4%); 34.25,-118.75 (2.4%)"
2020-09-19,96.34,35.74,2.0,Strong heat stress,89.6 to 100.4 F,90.74,83.22,99.68,5.6,0,450,1,"34.25,-118.50 (35.4%); 34.00,-118.25 (23.1%); 34.00,-118.50 (22.6%); 34.25,-118.25 (10.1%); 33.75,-118.25 (6.4%); 34.25,-118.75 (2.4%)"
2020-09-20,91.79,33.22,2.0,Strong heat stress,89.6 to 100.4 F,90.81,83.13,99.62,0.98,0,450,1,"34.25,-118.50 (35.4%); 34.00,-118.25 (23.1%); 34.00,-118.50 (22.6%); 34.25,-118.25 (10.1%); 33.75,-118.25 (6.4%); 34.25,-118.75 (2.4%)"
2020-09-21,91.46,33.03,2.0,Strong heat stress,89.6 to 100.4 F,90.87,82.71,99.75,0.59,0,450,1,"34.25,-118.50 (35.4%); 34.00,-118.25 (23.1%); 34.00,-118.50 (22.6%); 34.25,-118.25 (10.1%); 33.75,-118.25 (6.4%); 34.25,-118.75 (2.4%)"
2020-09-22,92.82,33.79,2.0,Strong heat stress,89.6 to 100.4 F,90.89,82.21,99.75,1.93,0,450,1,"34.25,-118.50 (35.4%); 34.00,-118.25 (23.1%); 34.00,-118.50 (22.6%); 34.25,-118.25 (10.1%); 33.75,-118.25 (6.4%); 34.25,-118.75 (2.4%)"
2020-09-23,93.78,34.32,2.0,Strong heat stress,89.6 to 100.4 F,91.0,82.03,100.12,2.78,0,450,1,"34.25,-118.50 (35.4%); 34.00,-118.25 (23.1%); 34.00,-118.50 (22.6%); 34.25,-118.25 (10.1%); 33.75,-118.25 (6.4%); 34.25,-118.75 (2.4%)"
2020-09-24,94.2,34.56,2.0,Strong heat stress,89.6 to 100.4 F,91.03,81.81,100.27,3.17,0,450,1,"34.25,-118.50 (35.4%); 34.00,-118.25 (23.1%); 34.00,-118.50 (22.6%); 34.25,-118.25 (10.1%); 33.75,-118.25 (6.4%); 34.25,-118.75 (2.4%)"
2020-09-25,90.01,32.23,2.0,Strong heat stress,89.6 to 100.4 F,91.02,82.03,100.61,-1.01,0,450,1,"34.25,-118.50 (35.4%); 34.00,-118.25 (23.1%); 34.00,-118.50 (22.6%); 34.25,-118.25 (10.1%); 33.75,-118.25 (6.4%); 34.25,-118.75 (2.4%)"
2020-09-26,90.65,32.58,2.0,Strong heat stress,89.6 to 100.4 F,90.77,81.65,100.81,-0.12,0,450,1,"34.25,-118.50 (35.4%); 34.00,-118.25 (23.1%); 34.00,-118.50 (22.6%); 34.25,-118.25 (10.1%); 33.75,-118.25 (6.4%); 34.25,-118.75 (2.4%)"
2020-09-27,92.26,33.48,2.0,Strong heat stress,89.6 to 100.4 F,90.41,81.36,100.86,1.85,0,450,1,"34.25,-118.50 (35.4%); 34.00,-118.25 (23.1%); 34.00,-118.50 (22.6%); 34.25,-118.25 (10.1%); 33.75,-118.25 (6.4%); 34.25,-118.75 (2.4%)"
2020-09-28,98.31,36.84,2.0,Strong heat stress,89.6 to 100.4 F,90.19,80.96,100.81,8.12,0,450,1,"34.25,-118.50 (35.4%); 34.00,-118.25 (23.1%); 34.00,-118.50 (22.6%); 34.25,-118.25 (10.1%); 33.75,-118.25 (6.4%); 34.25,-118.75 (2.4%)"
2020-09-29,104.54,40.3,3.0,Very strong heat stress,100.4 to 114.8 F,90.09,80.91,100.86,14.45,1,450,1,"34.25,-118.50 (35.4%); 34.00,-118.25 (23.1%); 34.00,-118.50 (22.6%); 34.25,-118.25 (10.1%); 33.75,-118.25 (6.4%); 34.25,-118.75 (2.4%)"
2020-09-30,106.87,41.59,3.0,Very strong heat stress,100.4 to 114.8 F,90.07,80.96,100.86,16.8,1,450,1,"34.25,-118.50 (35.4%); 34.00,-118.25 (23.1%); 34.00,-118.50 (22.6%); 34.25,-118.25 (10.1%); 33.75,-118.25 (6.4%); 34.25,-118.75 (2.4%)"
2020-10-01,107.74,42.08,3.0,Very strong heat stress,100.4 to 114.8 F,89.89,80.96,100.17,17.85,1,450,1,"34.25,-118.50 (35.4%); 34.00,-118.25 (23.1%); 34.00,-118.50 (22.6%); 34.25,-118.25 (10.1%); 33.75,-118.25 (6.4%); 34.25,-118.75 (2.4%)"
2020-10-02,105.12,40.62,3.0,Very strong heat stress,100.4 to 114.8 F,89.55,80.91,100.11,15.57,1,450,1,"34.25,-118.50 (35.4%); 34.00,-118.25 (23.1%); 34.00,-118.50 (22.6%); 34.25,-118.25 (10.1%); 33.75,-118.25 (6.4%); 34.25,-118.75 (2.4%)"
2020-10-03,102.31,39.06,3.0,Very strong heat stress,100.4 to 114.8 F,89.23,80.19,99.97,13.08,1,450,1,"34.25,-118.50 (35.4%); 34.00,-118.25 (23.1%); 34.00,-118.50 (22.6%); 34.25,-118.25 (10.1%); 33.75,-118.25 (6.4%); 34.25,-118.75 (2.4%)"
2020-10-04,100.65,38.14,3.0,Very strong heat stress,100.4 to 114.8 F,88.86,79.8,99.63,11.79,1,450,1,"34.25,-118.50 (35.4%); 34.00,-118.25 (23.1%); 34.00,-118.50 (22.6%); 34.25,-118.25 (10.1%); 33.75,-118.25 (6.4%); 34.25,-118.75 (2.4%)"
2020-10-05,99.81,37.67,2.0,Strong heat stress,89.6 to 100.4 F,88.53,79.53,99.2,11.28,1,450,1,"34.25,-118.50 (35.4%); 34.00,-118.25 (23.1%); 34.00,-118.50 (22.6%); 34.25,-118.25 (10.1%); 33.75,-118.25 (6.4%); 34.25,-118.75 (2.4%)"
2020-10-06,97.73,36.52,2.0,Strong heat stress,89.6 to 100.4 F,88.26,79.46,98.97,9.47,0,450,1,"34.25,-118.50 (35.4%); 34.00,-118.25 (23.1%); 34.00,-118.50 (22.6%); 34.25,-118.25 (10.1%); 33.75,-118.25 (6.4%); 34.25,-118.75 (2.4%)"
2020-10-07,91.07,32.82,2.0,Strong heat stress,89.6 to 100.4 F,88.01,79.37,98.57,3.06,0,450,1,"34.25,-118.50 (35.4%); 34.00,-118.25 (23.1%); 34.00,-118.50 (22.6%); 34.25,-118.25 (10.1%); 33.75,-118.25 (6.4%); 34.25,-118.75 (2.4%)"
2020-10-08,85.67,29.82,1.0,Moderate heat stress,78.8 to 89.6 F,87.62,78.72,97.87,-1.95,0,450,1,"34.25,-118.50 (35.4%); 34.00,-118.25 (23.1%); 34.00,-118.50 (22.6%); 34.25,-118.25 (10.1%); 33.75,-118.25 (6.4%); 34.25,-118.75 (2.4%)"
2020-10-09,86.01,30.01,1.0,Moderate heat stress,78.8 to 89.6 F,87.29,78.29,97.76,-1.28,0,450,1,"34.25,-118.50 (35.4%); 34.00,-118.25 (23.1%); 34.00,-118.50 (22.6%); 34.25,-118.25 (10.1%); 33.75,-118.25 (6.4%); 34.25,-118.75 (2.4%)"
2020-10-10,86.36,30.2,1.0,Moderate heat stress,78.8 to 89.6 F,87.07,77.8,97.45,-0.71,0,450,1,"34.25,-118.50 (35.4%); 34.00,-118.25 (23.1%); 34.00,-118.50 (22.6%); 34.25,-118.25 (10.1%); 33.75,-118.25 (6.4%); 34.25,-118.75 (2.4%)"
2020-10-11,89.9,32.17,2.0,Strong heat stress,89.6 to 100.4 F,87.04,77.75,97.17,2.86,0,450,1,"34.25,-118.50 (35.4%); 34.00,-118.25 (23.1%); 34.00,-118.50 (22.6%); 34.25,-118.25 (10.1%); 33.75,-118.25 (6.4%); 34.25,-118.75 (2.4%)"
2020-10-12,100.12,37.84,2.0,Strong heat stress,89.6 to 100.4 F,87.16,78.29,97.06,12.96,1,450,1,"34.25,-118.50 (35.4%); 34.00,-118.25 (23.1%); 34.00,-118.50 (22.6%); 34.25,-118.25 (10.1%); 33.75,-118.25 (6.4%); 34.25,-118.75 (2.4%)"
2020-10-13,101.82,38.79,3.0,Very strong heat stress,100.4 to 114.8 F,87.15,78.29,97.15,14.67,1,450,1,"34.25,-118.50 (35.4%); 34.00,-118.25 (23.1%); 34.00,-118.50 (22.6%); 34.25,-118.25 (10.1%); 33.75,-118.25 (6.4%); 34.25,-118.75 (2.4%)"
2020-10-14,101.38,38.55,3.0,Very strong heat stress,100.4 to 114.8 F,86.95,78.24,96.85,14.43,1,450,1,"34.25,-118.50 (35.4%); 34.00,-118.25 (23.1%); 34.00,-118.50 (22.6%); 34.25,-118.25 (10.1%); 33.75,-118.25 (6.4%); 34.25,-118.75 (2.4%)"
2020-10-15,102.21,39.01,3.0,Very strong heat stress,100.4 to 114.8 F,86.73,77.79,96.85,15.48,1,450,1,"34.25,-118.50 (35.4%); 34.00,-118.25 (23.1%); 34.00,-118.50 (22.6%); 34.25,-118.25 (10.1%); 33.75,-118.25 (6.4%); 34.25,-118.75 (2.4%)"
2020-10-16,101.89,38.83,3.0,Very strong heat stress,100.4 to 114.8 F,86.59,77.13,96.62,15.3,1,450,1,"34.25,-118.50 (35.4%); 34.00,-118.25 (23.1%); 34.00,-118.50 (22.6%); 34.25,-118.25 (10.1%); 33.75,-118.25 (6.4%); 34.25,-118.75 (2.4%)"
2020-10-17,95.87,35.48,2.0,Strong heat stress,89.6 to 100.4 F,86.47,77.13,96.53,9.4,0,450,1,"34.25,-118.50 (35.4%); 34.00,-118.25 (23.1%); 34.00,-118.50 (22.6%); 34.25,-118.25 (10.1%); 33.75,-118.25 (6.4%); 34.25,-118.75 (2.4%)"
2020-10-18,92.67,33.71,2.0,Strong heat stress,89.6 to 100.4 F,86.32,76.47,96.28,6.35,0,450,1,"34.25,-118.50 (35.4%); 34.00,-118.25 (23.1%); 34.00,-118.50 (22.6%); 34.25,-118.25 (10.1%); 33.75,-118.25 (6.4%); 34.25,-118.75 (2.4%)"
2020-10-19,88.5,31.39,1.0,Moderate heat stress,78.8 to 89.6 F,86.25,76.34,96.26,2.25,0,450,1,"34.25,-118.50 (35.4%); 34.00,-118.25 (23.1%); 34.00,-118.50 (22.6%); 34.25,-118.25 (10.1%); 33.75,-118.25 (6.4%); 34.25,-118.75 (2.4%)"
2020-10-20,89.24,31.8,1.0,Moderate heat stress,78.8 to 89.6 F,86.04,76.12,96.05,3.2,0,450,1,"34.25,-118.50 (35.4%); 34.00,-118.25 (23.1%); 34.00,-118.50 (22.6%); 34.25,-118.25 (10.1%); 33.75,-118.25 (6.4%); 34.25,-118.75 (2.4%)"
2020-10-21,86.74,30.41,1.0,Moderate heat stress,78.8 to 89.6 F,85.78,75.87,95.7,0.96,0,450,1,"34.25,-118.50 (35.4%); 34.00,-118.25 (23.1%); 34.00,-118.50 (22.6%); 34.25,-118.25 (10.1%); 33.75,-118.25 (6.4%); 34.25,-118.75 (2.4%)"
2020-10-22,83.67,28.7,1.0,Moderate heat stress,78.8 to 89.6 F,85.36,75.02,95.38,-1.69,0,450,1,"34.25,-118.50 (35.4%); 34.00,-118.25 (23.1%); 34.00,-118.50 (22.6%); 34.25,-118.25 (10.1%); 33.75,-118.25 (6.4%); 34.25,-118.75 (2.4%)"
2020-10-23,84.08,28.93,1.0,Moderate heat stress,78.8 to 89.6 F,84.94,74.6,94.84,-0.86,0,450,1,"34.25,-118.50 (35.4%); 34.00,-118.25 (23.1%); 34.00,-118.50 (22.6%); 34.25,-118.25 (10.1%); 33.75,-118.25 (6.4%); 34.25,-118.75 (2.4%)"
2020-10-24,81.19,27.33,1.0,Moderate heat stress,78.8 to 89.6 F,84.69,74.41,94.08,-3.5,0,450,1,"34.25,-118.50 (35.4%); 34.00,-118.25 (23.1%); 34.00,-118.50 (22.6%); 34.25,-118.25 (10.1%); 33.75,-118.25 (6.4%); 34.25,-118.75 (2.4%)"
2020-10-25,68.32,20.18,0.0,No thermal stress,48.2 to 78.8 F,84.49,74.41,93.75,-16.17,0,450,1,"34.25,-118.50 (35.4%); 34.00,-118.25 (23.1%); 34.00,-118.50 (22.6%); 34.25,-118.25 (10.1%); 33.75,-118.25 (6.4%); 34.25,-118.75 (2.4%)"
2020-10-26,73.9,23.28,0.0,No thermal stress,48.2 to 78.8 F,84.28,74.09,93.73,-10.38,0,450,1,"34.25,-118.50 (35.4%); 34.00,-118.25 (23.1%); 34.00,-118.50 (22.6%); 34.25,-118.25 (10.1%); 33.75,-118.25 (6.4%); 34.25,-118.75 (2.4%)"
2020-10-27,86.85,30.47,1.0,Moderate heat stress,78.8 to 89.6 F,84.06,74.09,93.55,2.79,0,450,1,"34.25,-118.50 (35.4%); 34.00,-118.25 (23.1%); 34.00,-118.50 (22.6%); 34.25,-118.25 (10.1%); 33.75,-118.25 (6.4%); 34.25,-118.75 (2.4%)"
2020-10-28,83.96,28.86,1.0,Moderate heat stress,78.8 to 89.6 F,83.85,74.01,93.26,0.11,0,450,1,"34.25,-118.50 (35.4%); 34.00,-118.25 (23.1%); 34.00,-118.50 (22.6%); 34.25,-118.25 (10.1%); 33.75,-118.25 (6.4%); 34.25,-118.75 (2.4%)"
2020-10-29,89.87,32.15,2.0,Strong heat stress,89.6 to 100.4 F,83.76,74.27,93.1,6.11,0,450,1,"34.25,-118.50 (35.4%); 34.00,-118.25 (23.1%); 34.00,-118.50 (22.6%); 34.25,-118.25 (10.1%); 33.75,-118.25 (6.4%); 34.25,-118.75 (2.4%)"
2020-10-30,89.77,32.09,2.0,Strong heat stress,89.6 to 100.4 F,83.52,74.32,92.86,6.25,0,450,1,"34.25,-118.50 (35.4%); 34.00,-118.25 (23.1%); 34.00,-118.50 (22.6%); 34.25,-118.25 (10.1%); 33.75,-118.25 (6.4%); 34.25,-118.75 (2.4%)"
2020-10-31,91.37,32.98,2.0,Strong heat stress,89.6 to 100.4 F,83.22,74.27,92.61,8.15,0,450,1,"34.25,-118.50 (35.4%); 34.00,-118.25 (23.1%); 34.00,-118.50 (22.6%); 34.25,-118.25 (10.1%); 33.75,-118.25 (6.4%); 34.25,-118.75 (2.4%)"
2020-11-01,93.82,34.35,2.0,Strong heat stress,89.6 to 100.4 F,82.76,73.54,92.47,11.06,1,450,1,"34.25,-118.50 (35.4%); 34.00,-118.25 (23.1%); 34.00,-118.50 (22.6%); 34.25,-118.25 (10.1%); 33.75,-118.25 (6.4%); 34.25,-118.75 (2.4%)"
2020-11-02,88.36,31.31,1.0,Moderate heat stress,78.8 to 89.6 F,82.36,73.3,92.12,6.0,0,450,1,"34.25,-118.50 (35.4%); 34.00,-118.25 (23.1%); 34.00,-118.50 (22.6%); 34.25,-118.25 (10.1%); 33.75,-118.25 (6.4%); 34.25,-118.75 (2.4%)"
2020-11-03,87.74,30.96,1.0,Moderate heat stress,78.8 to 89.6 F,81.95,73.06,91.99,5.79,0,450,1,"34.25,-118.50 (35.4%); 34.00,-118.25 (23.1%); 34.00,-118.50 (22.6%); 34.25,-118.25 (10.1%); 33.75,-118.25 (6.4%); 34.25,-118.75 (2.4%)"
2020-11-04,92.35,33.53,2.0,Strong heat stress,89.6 to 100.4 F,81.65,73.02,91.38,10.7,1,450,1,"34.25,-118.50 (35.4%); 34.00,-118.25 (23.1%); 34.00,-118.50 (22.6%); 34.25,-118.25 (10.1%); 33.75,-118.25 (6.4%); 34.25,-118.75 (2.4%)"
2020-11-05,95.74,35.41,2.0,Strong heat stress,89.6 to 100.4 F,81.49,72.52,91.14,14.25,1,450,1,"34.25,-118.50 (35.4%); 34.00,-118.25 (23.1%); 34.00,-118.50 (22.6%); 34.25,-118.25 (10.1%); 33.75,-118.25 (6.4%); 34.25,-118.75 (2.4%)"
2020-11-06,81.53,27.52,1.0,Moderate heat stress,78.8 to 89.6 F,81.57,72.77,91.32,-0.04,0,450,1,"34.25,-118.50 (35.4%); 34.00,-118.25 (23.1%); 34.00,-118.50 (22.6%); 34.25,-118.25 (10.1%); 33.75,-118.25 (6.4%); 34.25,-118.75 (2.4%)"
2020-11-07,57.2,14.0,0.0,No thermal stress,48.2 to 78.8 F,81.65,73.02,91.46,-24.45,0,450,1,"34.25,-118.50 (35.4%); 34.00,-118.25 (23.1%); 34.00,-118.50 (22.6%); 34.25,-118.25 (10.1%); 33.75,-118.25 (6.4%); 34.25,-118.75 (2.4%)"
2020-11-08,55.04,12.8,0.0,No thermal stress,48.2 to 78.8 F,81.52,72.77,91.32,-26.48,0,450,1,"34.25,-118.50 (35.4%); 34.00,-118.25 (23.1%); 34.00,-118.50 (22.6%); 34.25,-118.25 (10.1%); 33.75,-118.25 (6.4%); 34.25,-118.75 (2.4%)"
2020-11-09,74.58,23.66,0.0,No thermal stress,48.2 to 78.8 F,81.25,72.2,91.14,-6.67,0,450,1,"34.25,-118.50 (35.4%); 34.00,-118.25 (23.1%); 34.00,-118.50 (22.6%); 34.25,-118.25 (10.1%); 33.75,-118.25 (6.4%); 34.25,-118.75 (2.4%)"
2020-11-10,78.8,26.0,0.0,No thermal stress,48.2 to 78.8 F,81.07,71.94,90.92,-2.27,0,450,1,"34.25,-118.50 (35.4%); 34.00,-118.25 (23.1%); 34.00,-118.50 (22.6%); 34.25,-118.25 (10.1%); 33.75,-118.25 (6.4%); 34.25,-118.75 (2.4%)"
2020-11-11,77.07,25.04,0.0,No thermal stress,48.2 to 78.8 F,80.96,71.79,90.06,-3.89,0,450,1,"34.25,-118.50 (35.4%); 34.00,-118.25 (23.1%); 34.00,-118.50 (22.6%); 34.25,-118.25 (10.1%); 33.75,-118.25 (6.4%); 34.25,-118.75 (2.4%)"
2020-11-12,80.41,26.89,1.0,Moderate heat stress,78.8 to 89.6 F,80.89,71.73,89.29,-0.48,0,450,1,"34.25,-118.50 (35.4%); 34.00,-118.25 (23.1%); 34.00,-118.50 (22.6%); 34.25,-118.25 (10.1%); 33.75,-118.25 (6.4%); 34.25,-118.75 (2.4%)"
2020-11-13,76.99,25.0,0.0,No thermal stress,48.2 to 78.8 F,80.58,71.18,89.09,-3.59,0,450,1,"34.25,-118.50 (35.4%); 34.00,-118.25 (23.1%); 34.00,-118.50 (22.6%); 34.25,-118.25 (10.1%); 33.75,-118.25 (6.4%); 34.25,-118.75 (2.4%)"
2020-11-14,83.35,28.53,1.0,Moderate heat stress,78.8 to 89.6 F,80.3,70.98,89.09,3.05,0,450,1,"34.25,-118.50 (35.4%); 34.00,-118.25 (23.1%); 34.00,-118.50 (22.6%); 34.25,-118.25 (10.1%); 33.75,-118.25 (6.4%); 34.25,-118.75 (2.4%)"
2020-11-15,91.52,33.07,2.0,Strong heat stress,89.6 to 100.4 F,80.09,70.39,89.01,11.43,1,450,1,"34.25,-118.50 (35.4%); 34.00,-118.25 (23.1%); 34.00,-118.50 (22.6%); 34.25,-118.25 (10.1%); 33.75,-118.25 (6.4%); 34.25,-118.75 (2.4%)"
2020-11-16,94.89,34.94,2.0,Strong heat stress,89.6 to 100.4 F,80.12,71.14,88.93,14.77,1,450,1,"34.25,-118.50 (35.4%); 34.00,-118.25 (23.1%); 34.00,-118.50 (22.6%); 34.25,-118.25 (10.1%); 33.75,-118.25 (6.4%); 34.25,-118.75 (2.4%)"
2020-11-17,85.08,29.49,1.0,Moderate heat stress,78.8 to 89.6 F,80.18,71.36,88.71,4.9,0,450,1,"34.25,-118.50 (35.4%); 34.00,-118.25 (23.1%); 34.00,-118.50 (22.6%); 34.25,-118.25 (10.1%); 33.75,-118.25 (6.4%); 34.25,-118.75 (2.4%)"
2020-11-18,78.58,25.88,0.0,No thermal stress,48.2 to 78.8 F,80.18,71.61,88.57,-1.6,0,450,1,"34.25,-118.50 (35.4%); 34.00,-118.25 (23.1%); 34.00,-118.50 (22.6%); 34.25,-118.25 (10.1%); 33.75,-118.25 (6.4%); 34.25,-118.75 (2.4%)"
2020-11-19,80.98,27.21,1.0,Moderate heat stress,78.8 to 89.6 F,80.05,71.17,88.48,0.93,0,450,1,"34.25,-118.50 (35.4%); 34.00,-118.25 (23.1%); 34.00,-118.50 (22.6%); 34.25,-118.25 (10.1%); 33.75,-118.25 (6.4%); 34.25,-118.75 (2.4%)"
2020-11-20,82.76,28.2,1.0,Moderate heat stress,78.8 to 89.6 F,79.68,71.05,88.47,3.08,0,450,1,"34.25,-118.50 (35.4%); 34.00,-118.25 (23.1%); 34.00,-118.50 (22.6%); 34.25,-118.25 (10.1%); 33.75,-118.25 (6.4%); 34.25,-118.75 (2.4%)"
2020-11-21,85.73,29.85,1.0,Moderate heat stress,78.8 to 89.6 F,79.17,70.32,87.54,6.56,0,450,1,"34.25,-118.50 (35.4%); 34.00,-118.25 (23.1%); 34.00,-118.50 (22.6%); 34.25,-118.25 (10.1%); 33.75,-118.25 (6.4%); 34.25,-118.75 (2.4%)"
2020-11-22,82.44,28.02,1.0,Moderate heat stress,78.8 to 89.6 F,78.67,69.62,87.16,3.77,0,450,1,"34.25,-118.50 (35.4%); 34.00,-118.25 (23.1%); 34.00,-118.50 (22.6%); 34.25,-118.25 (10.1%); 33.75,-118.25 (6.4%); 34.25,-118.75 (2.4%)"
2020-11-23,78.51,25.84,0.0,No thermal stress,48.2 to 78.8 F,78.31,69.46,86.41,0.2,0,450,1,"34.25,-118.50 (35.4%); 34.00,-118.25 (23.1%); 34.00,-118.50 (22.6%); 34.25,-118.25 (10.1%); 33.75,-118.25 (6.4%); 34.25,-118.75 (2.4%)"
2020-11-24,80.8,27.11,1.0,Moderate heat stress,78.8 to 89.6 F,78.07,69.46,86.0,2.73,0,450,1,"34.25,-118.50 (35.4%); 34.00,-118.25 (23.1%); 34.00,-118.50 (22.6%); 34.25,-118.25 (10.1%); 33.75,-118.25 (6.4%); 34.25,-118.75 (2.4%)"
2020-11-25,76.41,24.67,0.0,No thermal stress,48.2 to 78.8 F,77.73,69.04,85.84,-1.32,0,450,1,"34.25,-118.50 (35.4%); 34.00,-118.25 (23.1%); 34.00,-118.50 (22.6%); 34.25,-118.25 (10.1%); 33.75,-118.25 (6.4%); 34.25,-118.75 (2.4%)"
2020-11-26,75.0,23.89,0.0,No thermal stress,48.2 to 78.8 F,77.35,68.39,85.51,-2.35,0,450,1,"34.25,-118.50 (35.4%); 34.00,-118.25 (23.1%); 34.00,-118.50 (22.6%); 34.25,-118.25 (10.1%); 33.75,-118.25 (6.4%); 34.25,-118.75 (2.4%)"
2020-11-27,81.54,27.52,1.0,Moderate heat stress,78.8 to 89.6 F,77.0,67.94,85.17,4.54,0,450,1,"34.25,-118.50 (35.4%); 34.00,-118.25 (23.1%); 34.00,-118.50 (22.6%); 34.25,-118.25 (10.1%); 33.75,-118.25 (6.4%); 34.25,-118.75 (2.4%)"
2020-11-28,82.9,28.28,1.0,Moderate heat stress,78.8 to 89.6 F,76.7,67.54,84.84,6.2,0,450,1,"34.25,-118.50 (35.4%); 34.00,-118.25 (23.1%); 34.00,-118.50 (22.6%); 34.25,-118.25 (10.1%); 33.75,-118.25 (6.4%); 34.25,-118.75 (2.4%)"
2020-11-29,84.01,28.89,1.0,Moderate heat stress,78.8 to 89.6 F,76.34,67.02,84.34,7.67,0,450,1,"34.25,-118.50 (35.4%); 34.00,-118.25 (23.1%); 34.00,-118.50 (22.6%); 34.25,-118.25 (10.1%); 33.75,-118.25 (6.4%); 34.25,-118.75 (2.4%)"
2020-11-30,85.19,29.55,1.0,Moderate heat stress,78.8 to 89.6 F,75.93,66.57,84.22,9.26,1,450,1,"34.25,-118.50 (35.4%); 34.00,-118.25 (23.1%); 34.00,-118.50 (22.6%); 34.25,-118.25 (10.1%); 33.75,-118.25 (6.4%); 34.25,-118.75 (2.4%)"
2020-12-01,84.46,29.14,1.0,Moderate heat stress,78.8 to 89.6 F,75.62,65.73,84.22,8.84,1,450,1,"34.25,-118.50 (35.4%); 34.00,-118.25 (23.1%); 34.00,-118.50 (22.6%); 34.25,-118.25 (10.1%); 33.75,-118.25 (6.4%); 34.25,-118.75 (2.4%)"
2020-12-02,85.22,29.57,1.0,Moderate heat stress,78.8 to 89.6 F,75.37,65.66,83.78,9.85,1,450,1,"34.25,-118.50 (35.4%); 34.00,-118.25 (23.1%); 34.00,-118.50 (22.6%); 34.25,-118.25 (10.1%); 33.75,-118.25 (6.4%); 34.25,-118.75 (2.4%)"
2020-12-03,81.39,27.44,1.0,Moderate heat stress,78.8 to 89.6 F,75.12,65.52,83.3,6.27,0,450,1,"34.25,-118.50 (35.4%); 34.00,-118.25 (23.1%); 34.00,-118.50 (22.6%); 34.25,-118.25 (10.1%); 33.75,-118.25 (6.4%); 34.25,-118.75 (2.4%)"
2020-12-04,82.33,27.96,1.0,Moderate heat stress,78.8 to 89.6 F,74.8,64.6,82.9,7.53,0,450,1,"34.25,-118.50 (35.4%); 34.00,-118.25 (23.1%); 34.00,-118.50 (22.6%); 34.25,-118.25 (10.1%); 33.75,-118.25 (6.4%); 34.25,-118.75 (2.4%)"
2020-12-05,81.2,27.33,1.0,Moderate heat stress,78.8 to 89.6 F,74.57,63.69,82.9,6.63,0,450,1,"34.25,-118.50 (35.4%); 34.00,-118.25 (23.1%); 34.00,-118.50 (22.6%); 34.25,-118.25 (10.1%); 33.75,-118.25 (6.4%); 34.25,-118.75 (2.4%)"
2020-12-06,82.17,27.87,1.0,Moderate heat stress,78.8 to 89.6 F,74.53,63.97,82.78,7.64,0,450,1,"34.25,-118.50 (35.4%); 34.00,-118.25 (23.1%); 34.00,-118.50 (22.6%); 34.25,-118.25 (10.1%); 33.75,-118.25 (6.4%); 34.25,-118.75 (2.4%)"
2020-12-07,72.64,22.58,0.0,No thermal stress,48.2 to 78.8 F,74.43,64.42,82.69,-1.79,0,450,1,"34.25,-118.50 (35.4%); 34.00,-118.25 (23.1%); 34.00,-118.50 (22.6%); 34.25,-118.25 (10.1%); 33.75,-118.25 (6.4%); 34.25,-118.75 (2.4%)"
2020-12-08,83.56,28.64,1.0,Moderate heat stress,78.8 to 89.6 F,74.29,64.61,82.56,9.27,1,450,1,"34.25,-118.50 (35.4%); 34.00,-118.25 (23.1%); 34.00,-118.50 (22.6%); 34.25,-118.25 (10.1%); 33.75,-118.25 (6.4%); 34.25,-118.75 (2.4%)"
2020-12-09,82.55,28.08,1.0,Moderate heat stress,78.8 to 89.6 F,74.05,63.97,82.44,8.5,1,450,1,"34.25,-118.50 (35.4%); 34.00,-118.25 (23.1%); 34.00,-118.50 (22.6%); 34.25,-118.25 (10.1%); 33.75,-118.25 (6.4%); 34.25,-118.75 (2.4%)"
2020-12-10,71.86,22.14,0.0,No thermal stress,48.2 to 78.8 F,73.87,63.69,82.67,-2.01,0,450,1,"34.25,-118.50 (35.4%); 34.00,-118.25 (23.1%); 34.00,-118.50 (22.6%); 34.25,-118.25 (10.1%); 33.75,-118.25 (6.4%); 34.25,-118.75 (2.4%)"
2020-12-11,71.61,22.01,0.0,No thermal stress,48.2 to 78.8 F,73.6,62.9,82.77,-1.99,0,450,1,"34.25,-118.50 (35.4%); 34.00,-118.25 (23.1%); 34.00,-118.50 (22.6%); 34.25,-118.25 (10.1%); 33.75,-118.25 (6.4%); 34.25,-118.75 (2.4%)"
2020-12-12,72.1,22.28,0.0,No thermal stress,48.2 to 78.8 F,73.38,61.29,82.92,-1.28,0,450,1,"34.25,-118.50 (35.4%); 34.00,-118.25 (23.1%); 34.00,-118.50 (22.6%); 34.25,-118.25 (10.1%); 33.75,-118.25 (6.4%); 34.25,-118.75 (2.4%)"
2020-12-13,77.26,25.14,0.0,No thermal stress,48.2 to 78.8 F,73.32,61.62,82.88,3.94,0,450,1,"34.25,-118.50 (35.4%); 34.00,-118.25 (23.1%); 34.00,-118.50 (22.6%); 34.25,-118.25 (10.1%); 33.75,-118.25 (6.4%); 34.25,-118.75 (2.4%)"
2020-12-14,67.48,19.71,0.0,No thermal stress,48.2 to 78.8 F,73.29,62.86,82.88,-5.81,0,450,1,"34.25,-118.50 (35.4%); 34.00,-118.25 (23.1%); 34.00,-118.50 (22.6%); 34.25,-118.25 (10.1%); 33.75,-118.25 (6.4%); 34.25,-118.75 (2.4%)"
2020-12-15,79.55,26.42,1.0,Moderate heat stress,78.8 to 89.6 F,73.15,62.77,82.61,6.4,0,450,1,"34.25,-118.50 (35.4%); 34.00,-118.25 (23.1%); 34.00,-118.50 (22.6%); 34.25,-118.25 (10.1%); 33.75,-118.25 (6.4%); 34.25,-118.75 (2.4%)"
2020-12-16,81.58,27.54,1.0,Moderate heat stress,78.8 to 89.6 F,73.01,62.27,82.55,8.57,0,450,1,"34.25,-118.50 (35.4%); 34.00,-118.25 (23.1%); 34.00,-118.50 (22.6%); 34.25,-118.25 (10.1%); 33.75,-118.25 (6.4%); 34.25,-118.75 (2.4%)"
2020-12-17,70.79,21.55,0.0,No thermal stress,48.2 to 78.8 F,72.87,61.29,82.36,-2.08,0,450,1,"34.25,-118.50 (35.4%); 34.00,-118.25 (23.1%); 34.00,-118.50 (22.6%); 34.25,-118.25 (10.1%); 33.75,-118.25 (6.4%); 34.25,-118.75 (2.4%)"
2020-12-18,78.31,25.73,0.0,No thermal stress,48.2 to 78.8 F,72.72,60.62,82.37,5.59,0,450,1,"34.25,-118.50 (35.4%); 34.00,-118.25 (23.1%); 34.00,-118.50 (22.6%); 34.25,-118.25 (10.1%); 33.75,-118.25 (6.4%); 34.25,-118.75 (2.4%)"
2020-12-19,81.03,27.24,1.0,Moderate heat stress,78.8 to 89.6 F,72.64,60.95,82.34,8.39,0,450,1,"34.25,-118.50 (35.4%); 34.00,-118.25 (23.1%); 34.00,-118.50 (22.6%); 34.25,-118.25 (10.1%); 33.75,-118.25 (6.4%); 34.25,-118.75 (2.4%)"
2020-12-20,86.28,30.16,1.0,Moderate heat stress,78.8 to 89.6 F,72.67,60.95,82.34,13.61,1,450,1,"34.25,-118.50 (35.4%); 34.00,-118.25 (23.1%); 34.00,-118.50 (22.6%); 34.25,-118.25 (10.1%); 33.75,-118.25 (6.4%); 34.25,-118.75 (2.4%)"
2020-12-21,86.83,30.46,1.0,Moderate heat stress,78.8 to 89.6 F,72.53,60.95,82.37,14.3,1,450,1,"34.25,-118.50 (35.4%); 34.00,-118.25 (23.1%); 34.00,-118.50 (22.6%); 34.25,-118.25 (10.1%); 33.75,-118.25 (6.4%); 34.25,-118.75 (2.4%)"
2020-12-22,78.47,25.81,0.0,No thermal stress,48.2 to 78.8 F,72.48,60.17,82.39,5.99,0,450,1,"34.25,-118.50 (35.4%); 34.00,-118.25 (23.1%); 34.00,-118.50 (22.6%); 34.25,-118.25 (10.1%); 33.75,-118.25 (6.4%); 34.25,-118.75 (2.4%)"
2020-12-23,78.82,26.01,1.0,Moderate heat stress,78.8 to 89.6 F,72.44,60.64,82.36,6.38,0,450,1,"34.25,-118.50 (35.4%); 34.00,-118.25 (23.1%); 34.00,-118.50 (22.6%); 34.25,-118.25 (10.1%); 33.75,-118.25 (6.4%); 34.25,-118.75 (2.4%)"
2020-12-24,62.63,17.02,0.0,No thermal stress,48.2 to 78.8 F,72.44,60.77,82.34,-9.81,0,450,1,"34.25,-118.50 (35.4%); 34.00,-118.25 (23.1%); 34.00,-118.50 (22.6%); 34.25,-118.25 (10.1%); 33.75,-118.25 (6.4%); 34.25,-118.75 (2.4%)"
2020-12-25,81.8,27.67,1.0,Moderate heat stress,78.8 to 89.6 F,72.54,60.96,82.15,9.26,0,450,1,"34.25,-118.50 (35.4%); 34.00,-118.25 (23.1%); 34.00,-118.50 (22.6%); 34.25,-118.25 (10.1%); 33.75,-118.25 (6.4%); 34.25,-118.75 (2.4%)"
2020-12-26,76.78,24.88,0.0,No thermal stress,48.2 to 78.8 F,72.55,60.77,82.36,4.23,0,450,1,"34.25,-118.50 (35.4%); 34.00,-118.25 (23.1%); 34.00,-118.50 (22.6%); 34.25,-118.25 (10.1%); 33.75,-118.25 (6.4%); 34.25,-118.75 (2.4%)"
2020-12-27,72.52,22.51,0.0,No thermal stress,48.2 to 78.8 F,72.57,60.7,82.36,-0.05,0,450,1,"34.25,-118.50 (35.4%); 34.00,-118.25 (23.1%); 34.00,-118.50 (22.6%); 34.25,-118.25 (10.1%); 33.75,-118.25 (6.4%); 34.25,-118.75 (2.4%)"
2020-12-28,58.84,14.91,0.0,No thermal stress,48.2 to 78.8 F,72.53,60.49,82.39,-13.69,0,450,1,"34.25,-118.50 (35.4%); 34.00,-118.25 (23.1%); 34.00,-118.50 (22.6%); 34.25,-118.25 (10.1%); 33.75,-118.25 (6.4%); 34.25,-118.75 (2.4%)"
2020-12-29,68.65,20.36,0.0,No thermal stress,48.2 to 78.8 F,72.46,59.6,82.76,-3.81,0,450,1,"34.25,-118.50 (35.4%); 34.00,-118.25 (23.1%); 34.00,-118.50 (22.6%); 34.25,-118.25 (10.1%); 33.75,-118.25 (6.4%); 34.25,-118.75 (2.4%)"
2020-12-30,76.95,24.97,0.0,No thermal stress,48.2 to 78.8 F,72.63,59.64,82.92,4.32,0,450,1,"34.25,-118.50 (35.4%); 34.00,-118.25 (23.1%); 34.00,-118.50 (22.6%); 34.25,-118.25 (10.1%); 33.75,-118.25 (6.4%); 34.25,-118.75 (2.4%)"
2020-12-31,64.97,18.31,0.0,No thermal stress,48.2 to 78.8 F,72.59,59.51,83.13,-7.62,0,450,1,"34.25,-118.50 (35.4%); 34.00,-118.25 (23.1%); 34.00,-118.50 (22.6%); 34.25,-118.25 (10.1%); 33.75,-118.25 (6.4%); 34.25,-118.75 (2.4%)"
2021-01-01,77.41,25.23,0.0,No thermal stress,48.2 to 78.8 F,72.59,59.05,83.16,4.82,0,450,1,"34.25,-118.50 (35.4%); 34.00,-118.25 (23.1%); 34.00,-118.50 (22.6%); 34.25,-118.25 (10.1%); 33.75,-118.25 (6.4%); 34.25,-118.75 (2.4%)"
2021-01-02,73.46,23.04,0.0,No thermal stress,48.2 to 78.8 F,72.55,59.05,83.02,0.91,0,450,1,"34.25,-118.50 (35.4%); 34.00,-118.25 (23.1%); 34.00,-118.50 (22.6%); 34.25,-118.25 (10.1%); 33.75,-118.25 (6.4%); 34.25,-118.75 (2.4%)"
2021-01-03,75.08,23.93,0.0,No thermal stress,48.2 to 78.8 F,72.6,58.43,83.16,2.48,0,450,1,"34.25,-118.50 (35.4%); 34.00,-118.25 (23.1%); 34.00,-118.50 (22.6%); 34.25,-118.25 (10.1%); 33.75,-118.25 (6.4%); 34.25,-118.75 (2.4%)"
2021-01-04,74.4,23.55,0.0,No thermal stress,48.2 to 78.8 F,72.65,58.45,83.22,1.75,0,450,1,"34.25,-118.50 (35.4%); 34.00,-118.25 (23.1%); 34.00,-118.50 (22.6%); 34.25,-118.25 (10.1%); 33.75,-118.25 (6.4%); 34.25,-118.75 (2.4%)"
2021-01-05,78.16,25.64,0.0,No thermal stress,48.2 to 78.8 F,72.71,58.14,83.16,5.45,0,450,1,"34.25,-118.50 (35.4%); 34.00,-118.25 (23.1%); 34.00,-118.50 (22.6%); 34.25,-118.25 (10.1%); 33.75,-118.25 (6.4%); 34.25,-118.75 (2.4%)"
2021-01-06,79.27,26.26,1.0,Moderate heat stress,78.8 to 89.6 F,72.95,58.4,83.57,6.32,0,450,1,"34.25,-118.50 (35.4%); 34.00,-118.25 (23.1%); 34.00,-118.50 (22.6%); 34.25,-118.25 (10.1%); 33.75,-118.25 (6.4%); 34.25,-118.75 (2.4%)"
2021-01-07,78.63,25.91,0.0,No thermal stress,48.2 to 78.8 F,73.12,58.15,83.84,5.51,0,450,1,"34.25,-118.50 (35.4%); 34.00,-118.25 (23.1%); 34.00,-118.50 (22.6%); 34.25,-118.25 (10.1%); 33.75,-118.25 (6.4%); 34.25,-118.75 (2.4%)"
2021-01-08,79.45,26.36,1.0,Moderate heat stress,78.8 to 89.6 F,73.15,57.71,84.08,6.3,0,450,1,"34.25,-118.50 (35.4%); 34.00,-118.25 (23.1%); 34.00,-118.50 (22.6%); 34.25,-118.25 (10.1%); 33.75,-118.25 (6.4%); 34.25,-118.75 (2.4%)"
2021-01-09,81.02,27.24,1.0,Moderate heat stress,78.8 to 89.6 F,73.17,57.56,84.23,7.85,0,450,1,"34.25,-118.50 (35.4%); 34.00,-118.25 (23.1%); 34.00,-118.50 (22.6%); 34.25,-118.25 (10.1%); 33.75,-118.25 (6.4%); 34.25,-118.75 (2.4%)"
2021-01-10,80.15,26.75,1.0,Moderate heat stress,78.8 to 89.6 F,73.42,57.8,84.26,6.73,0,450,1,"34.25,-118.50 (35.4%); 34.00,-118.25 (23.1%); 34.00,-118.50 (22.6%); 34.25,-118.25 (10.1%); 33.75,-118.25 (6.4%); 34.25,-118.75 (2.4%)"
2021-01-11,81.53,27.52,1.0,Moderate heat stress,78.8 to 89.6 F,73.64,58.54,84.31,7.89,0,450,1,"34.25,-118.50 (35.4%); 34.00,-118.25 (23.1%); 34.00,-118.50 (22.6%); 34.25,-118.25 (10.1%); 33.75,-118.25 (6.4%); 34.25,-118.75 (2.4%)"
2021-01-12,79.85,26.58,1.0,Moderate heat stress,78.8 to 89.6 F,73.72,58.84,84.43,6.13,0,450,1,"34.25,-118.50 (35.4%); 34.00,-118.25 (23.1%); 34.00,-118.50 (22.6%); 34.25,-118.25 (10.1%); 33.75,-118.25 (6.4%); 34.25,-118.75 (2.4%)"
2021-01-13,84.38,29.1,1.0,Moderate heat stress,78.8 to 89.6 F,73.83,59.77,84.47,10.55,0,450,1,"34.25,-118.50 (35.4%); 34.00,-118.25 (23.1%); 34.00,-118.50 (22.6%); 34.25,-118.25 (10.1%); 33.75,-118.25 (6.4%); 34.25,-118.75 (2.4%)"
2021-01-14,91.85,33.25,2.0,Strong heat stress,89.6 to 100.4 F,73.78,59.79,84.43,18.07,1,450,1,"34.25,-118.50 (35.4%); 34.00,-118.25 (23.1%); 34.00,-118.50 (22.6%); 34.25,-118.25 (10.1%); 33.75,-118.25 (6.4%); 34.25,-118.75 (2.4%)"
2021-01-15,93.88,34.38,2.0,Strong heat stress,89.6 to 100.4 F,73.83,59.79,84.11,20.05,1,450,1,"34.25,-118.50 (35.4%); 34.00,-118.25 (23.1%); 34.00,-118.50 (22.6%); 34.25,-118.25 (10.1%); 33.75,-118.25 (6.4%); 34.25,-118.75 (2.4%)"
2021-01-16,91.92,33.29,2.0,Strong heat stress,89.6 to 100.4 F,73.77,59.79,84.05,18.15,1,450,1,"34.25,-118.50 (35.4%); 34.00,-118.25 (23.1%); 34.00,-118.50 (22.6%); 34.25,-118.25 (10.1%); 33.75,-118.25 (6.4%); 34.25,-118.75 (2.4%)"
2021-01-17,91.4,33.0,2.0,Strong heat stress,89.6 to 100.4 F,73.91,60.07,84.05,17.49,1,450,1,"34.25,-118.50 (35.4%); 34.00,-118.25 (23.1%); 34.00,-118.50 (22.6%); 34.25,-118.25 (10.1%); 33.75,-118.25 (6.4%); 34.25,-118.75 (2.4%)"
2021-01-18,84.15,28.97,1.0,Moderate heat stress,78.8 to 89.6 F,73.96,60.23,84.12,10.19,1,450,1,"34.25,-118.50 (35.4%); 34.00,-118.25 (23.1%); 34.00,-118.50 (22.6%); 34.25,-118.25 (10.1%); 33.75,-118.25 (6.4%); 34.25,-118.75 (2.4%)"
2021-01-19,60.09,15.6,0.0,No thermal stress,48.2 to 78.8 F,74.03,60.55,83.96,-13.94,0,450,1,"34.25,-118.50 (35.4%); 34.00,-118.25 (23.1%); 34.00,-118.50 (22.6%); 34.25,-118.25 (10.1%); 33.75,-118.25 (6.4%); 34.25,-118.75 (2.4%)"
2021-01-20,77.9,25.5,0.0,No thermal stress,48.2 to 78.8 F,74.06,60.98,83.82,3.84,0,450,1,"34.25,-118.50 (35.4%); 34.00,-118.25 (23.1%); 34.00,-118.50 (22.6%); 34.25,-118.25 (10.1%); 33.75,-118.25 (6.4%); 34.25,-118.75 (2.4%)"
2021-01-21,78.68,25.93,0.0,No thermal stress,48.2 to 78.8 F,74.02,60.98,83.47,4.66,0,450,1,"34.25,-118.50 (35.4%); 34.00,-118.25 (23.1%); 34.00,-118.50 (22.6%); 34.25,-118.25 (10.1%); 33.75,-118.25 (6.4%); 34.25,-118.75 (2.4%)"
2021-01-22,63.87,17.7,0.0,No thermal stress,48.2 to 78.8 F,74.04,61.34,83.43,-10.17,0,450,1,"34.25,-118.50 (35.4%); 34.00,-118.25 (23.1%); 34.00,-118.50 (22.6%); 34.25,-118.25 (10.1%); 33.75,-118.25 (6.4%); 34.25,-118.75 (2.4%)"
2021-01-23,67.26,19.59,0.0,No thermal stress,48.2 to 78.8 F,74.19,62.04,83.57,-6.93,0,450,1,"34.25,-118.50 (35.4%); 34.00,-118.25 (23.1%); 34.00,-118.50 (22.6%); 34.25,-118.25 (10.1%); 33.75,-118.25 (6.4%); 34.25,-118.75 (2.4%)"
2021-01-24,70.27,21.26,0.0,No thermal stress,48.2 to 78.8 F,74.16,61.34,83.57,-3.89,0,450,1,"34.25,-118.50 (35.4%); 34.00,-118.25 (23.1%); 34.00,-118.50 (22.6%); 34.25,-118.25 (10.1%); 33.75,-118.25 (6.4%); 34.25,-118.75 (2.4%)"
2021-01-25,45.95,7.75,-1.0,Slight cold stress,32.0 to 48.2 F,74.2,62.04,83.45,-28.25,0,450,1,"34.25,-118.50 (35.4%); 34.00,-118.25 (23.1%); 34.00,-118.50 (22.6%); 34.25,-118.25 (10.1%); 33.75,-118.25 (6.4%); 34.25,-118.75 (2.4%)"
2021-01-26,69.25,20.69,0.0,No thermal stress,48.2 to 78.8 F,74.16,62.04,83.43,-4.91,0,450,1,"34.25,-118.50 (35.4%); 34.00,-118.25 (23.1%); 34.00,-118.50 (22.6%); 34.25,-118.25 (10.1%); 33.75,-118.25 (6.4%); 34.25,-118.75 (2.4%)"
2021-01-27,57.8,14.34,0.0,No thermal stress,48.2 to 78.8 F,74.13,61.05,83.43,-16.33,0,450,1,"34.25,-118.50 (35.4%); 34.00,-118.25 (23.1%); 34.00,-118.50 (22.6%); 34.25,-118.25 (10.1%); 33.75,-118.25 (6.4%); 34.25,-118.75 (2.4%)"
2021-01-28,64.18,17.88,0.0,No thermal stress,48.2 to 78.8 F,74.29,62.33,83.45,-10.11,0,450,1,"34.25,-118.50 (35.4%); 34.00,-118.25 (23.1%); 34.00,-118.50 (22.6%); 34.25,-118.25 (10.1%); 33.75,-118.25 (6.4%); 34.25,-118.75 (2.4%)"
2021-01-29,61.32,16.29,0.0,No thermal stress,48.2 to 78.8 F,74.5,62.77,83.76,-13.18,0,450,1,"34.25,-118.50 (35.4%); 34.00,-118.25 (23.1%); 34.00,-118.50 (22.6%); 34.25,-118.25 (10.1%); 33.75,-118.25 (6.4%); 34.25,-118.75 (2.4%)"
2021-01-30,74.49,23.61,0.0,No thermal stress,48.2 to 78.8 F,74.54,62.6,83.82,-0.05,0,450,1,"34.25,-118.50 (35.4%); 34.00,-118.25 (23.1%); 34.00,-118.50 (22.6%); 34.25,-118.25 (10.1%); 33.75,-118.25 (6.4%); 34.25,-118.75 (2.4%)"
2021-01-31,79.59,26.44,1.0,Moderate heat stress,78.8 to 89.6 F,74.56,62.48,84.29,5.03,0,450,1,"34.25,-118.50 (35.4%); 34.00,-118.25 (23.1%); 34.00,-118.50 (22.6%); 34.25,-118.25 (10.1%); 33.75,-118.25 (6.4%); 34.25,-118.75 (2.4%)"
2021-02-01,75.66,24.26,0.0,No thermal stress,48.2 to 78.8 F,74.66,62.51,84.85,1.0,0,450,1,"34.25,-118.50 (35.4%); 34.00,-118.25 (23.1%); 34.00,-118.50 (22.6%); 34.25,-118.25 (10.1%); 33.75,-118.25 (6.4%); 34.25,-118.75 (2.4%)"
2021-02-02,78.32,25.73,0.0,No thermal stress,48.2 to 78.8 F,74.68,62.25,85.08,3.64,0,450,1,"34.25,-118.50 (35.4%); 34.00,-118.25 (23.1%); 34.00,-118.50 (22.6%); 34.25,-118.25 (10.1%); 33.75,-118.25 (6.4%); 34.25,-118.75 (2.4%)"
2021-02-03,77.16,25.09,0.0,No thermal stress,48.2 to 78.8 F,74.64,61.28,85.19,2.52,0,450,1,"34.25,-118.50 (35.4%); 34.00,-118.25 (23.1%); 34.00,-118.50 (22.6%); 34.25,-118.25 (10.1%); 33.75,-118.25 (6.4%); 34.25,-118.75 (2.4%)"
2021-02-04,75.66,24.26,0.0,No thermal stress,48.2 to 78.8 F,74.64,61.06,85.67,1.02,0,450,1,"34.25,-118.50 (35.4%); 34.00,-118.25 (23.1%); 34.00,-118.50 (22.6%); 34.25,-118.25 (10.1%); 33.75,-118.25 (6.4%); 34.25,-118.75 (2.4%)"
2021-02-05,76.36,24.64,0.0,No thermal stress,48.2 to 78.8 F,74.63,61.06,85.85,1.73,0,450,1,"34.25,-118.50 (35.4%); 34.00,-118.25 (23.1%); 34.00,-118.50 (22.6%); 34.25,-118.25 (10.1%); 33.75,-118.25 (6.4%); 34.25,-118.75 (2.4%)"
2021-02-06,82.35,27.97,1.0,Moderate heat stress,78.8 to 89.6 F,74.5,60.42,85.88,7.85,0,450,1,"34.25,-118.50 (35.4%); 34.00,-118.25 (23.1%); 34.00,-118.50 (22.6%); 34.25,-118.25 (10.1%); 33.75,-118.25 (6.4%); 34.25,-118.75 (2.4%)"
2021-02-07,79.36,26.31,1.0,Moderate heat stress,78.8 to 89.6 F,74.47,60.65,85.94,4.89,0,450,1,"34.25,-118.50 (35.4%); 34.00,-118.25 (23.1%); 34.00,-118.50 (22.6%); 34.25,-118.25 (10.1%); 33.75,-118.25 (6.4%); 34.25,-118.75 (2.4%)"
2021-02-08,72.59,22.55,0.0,No thermal stress,48.2 to 78.8 F,74.55,60.87,85.88,-1.96,0,450,1,"34.25,-118.50 (35.4%); 34.00,-118.25 (23.1%); 34.00,-118.50 (22.6%); 34.25,-118.25 (10.1%); 33.75,-118.25 (6.4%); 34.25,-118.75 (2.4%)"
2021-02-09,70.15,21.19,0.0,No thermal stress,48.2 to 78.8 F,74.42,60.37,85.94,-4.27,0,450,1,"34.25,-118.50 (35.4%); 34.00,-118.25 (23.1%); 34.00,-118.50 (22.6%); 34.25,-118.25 (10.1%); 33.75,-118.25 (6.4%); 34.25,-118.75 (2.4%)"
2021-02-10,74.62,23.68,0.0,No thermal stress,48.2 to 78.8 F,74.25,60.15,85.85,0.37,0,450,1,"34.25,-118.50 (35.4%); 34.00,-118.25 (23.1%); 34.00,-118.50 (22.6%); 34.25,-118.25 (10.1%); 33.75,-118.25 (6.4%); 34.25,-118.75 (2.4%)"
2021-02-11,76.35,24.64,0.0,No thermal stress,48.2 to 78.8 F,74.17,60.37,85.71,2.18,0,450,1,"34.25,-118.50 (35.4%); 34.00,-118.25 (23.1%); 34.00,-118.50 (22.6%); 34.25,-118.25 (10.1%); 33.75,-118.25 (6.4%); 34.25,-118.75 (2.4%)"
2021-02-12,68.94,20.52,0.0,No thermal stress,48.2 to 78.8 F,73.89,60.08,85.58,-4.95,0,450,1,"34.25,-118.50 (35.4%); 34.00,-118.25 (23.1%); 34.00,-118.50 (22.6%); 34.25,-118.25 (10.1%); 33.75,-118.25 (6.4%); 34.25,-118.75 (2.4%)"
2021-02-13,72.17,22.32,0.0,No thermal stress,48.2 to 78.8 F,73.61,59.32,85.58,-1.44,0,450,1,"34.25,-118.50 (35.4%); 34.00,-118.25 (23.1%); 34.00,-118.50 (22.6%); 34.25,-118.25 (10.1%); 33.75,-118.25 (6.4%); 34.25,-118.75 (2.4%)"
2021-02-14,71.8,22.11,0.0,No thermal stress,48.2 to 78.8 F,73.59,59.66,85.62,-1.79,0,450,1,"34.25,-118.50 (35.4%); 34.00,-118.25 (23.1%); 34.00,-118.50 (22.6%); 34.25,-118.25 (10.1%); 33.75,-118.25 (6.4%); 34.25,-118.75 (2.4%)"
2021-02-15,74.64,23.69,0.0,No thermal stress,48.2 to 78.8 F,73.6,59.16,85.57,1.04,0,450,1,"34.25,-118.50 (35.4%); 34.00,-118.25 (23.1%); 34.00,-118.50 (22.6%); 34.25,-118.25 (10.1%); 33.75,-118.25 (6.4%); 34.25,-118.75 (2.4%)"
2021-02-16,72.1,22.28,0.0,No thermal stress,48.2 to 78.8 F,73.36,59.08,85.43,-1.26,0,450,1,"34.25,-118.50 (35.4%); 34.00,-118.25 (23.1%); 34.00,-118.50 (22.6%); 34.25,-118.25 (10.1%); 33.75,-118.25 (6.4%); 34.25,-118.75 (2.4%)"
2021-02-17,70.99,21.66,0.0,No thermal stress,48.2 to 78.8 F,73.38,59.64,85.13,-2.39,0,450,1,"34.25,-118.50 (35.4%); 34.00,-118.25 (23.1%); 34.00,-118.50 (22.6%); 34.25,-118.25 (10.1%); 33.75,-118.25 (6.4%); 34.25,-118.75 (2.4%)"
2021-02-18,80.51,26.95,1.0,Moderate heat stress,78.8 to 89.6 F,73.4,59.84,85.22,7.11,0,450,1,"34.25,-118.50 (35.4%); 34.00,-118.25 (23.1%); 34.00,-118.50 (22.6%); 34.25,-118.25 (10.1%); 33.75,-118.25 (6.4%); 34.25,-118.75 (2.4%)"
2021-02-19,78.91,26.06,1.0,Moderate heat stress,78.8 to 89.6 F,73.41,60.04,85.29,5.5,0,450,1,"34.25,-118.50 (35.4%); 34.00,-118.25 (23.1%); 34.00,-118.50 (22.6%); 34.25,-118.25 (10.1%); 33.75,-118.25 (6.4%); 34.25,-118.75 (2.4%)"
2021-02-20,69.82,21.01,0.0,No thermal stress,48.2 to 78.8 F,73.12,59.84,84.85,-3.3,0,450,1,"34.25,-118.50 (35.4%); 34.00,-118.25 (23.1%); 34.00,-118.50 (22.6%); 34.25,-118.25 (10.1%); 33.75,-118.25 (6.4%); 34.25,-118.75 (2.4%)"
2021-02-21,85.33,29.63,1.0,Moderate heat stress,78.8 to 89.6 F,73.12,60.13,84.89,12.21,1,458,1,"34.25,-118.50 (35.4%); 34.00,-118.25 (23.1%); 34.00,-118.50 (22.6%); 34.25,-118.25 (10.1%); 33.75,-118.25 (6.4%); 34.25,-118.75 (2.4%)"
2021-02-22,89.37,31.87,1.0,Moderate heat stress,78.8 to 89.6 F,73.11,60.13,84.79,16.26,1,458,1,"34.25,-118.50 (35.4%); 34.00,-118.25 (23.1%); 34.00,-118.50 (22.6%); 34.25,-118.25 (10.1%); 33.75,-118.25 (6.4%); 34.25,-118.75 (2.4%)"
2021-02-23,84.57,29.21,1.0,Moderate heat stress,78.8 to 89.6 F,72.99,60.01,84.39,11.58,1,458,1,"34.25,-118.50 (35.4%); 34.00,-118.25 (23.1%); 34.00,-118.50 (22.6%); 34.25,-118.25 (10.1%); 33.75,-118.25 (6.4%); 34.25,-118.75 (2.4%)"
2021-02-24,80.75,27.08,1.0,Moderate heat stress,78.8 to 89.6 F,73.02,60.22,84.16,7.73,0,458,1,"34.25,-118.50 (35.4%); 34.00,-118.25 (23.1%); 34.00,-118.50 (22.6%); 34.25,-118.25 (10.1%); 33.75,-118.25 (6.4%); 34.25,-118.75 (2.4%)"
2021-02-25,83.66,28.7,1.0,Moderate heat stress,78.8 to 89.6 F,73.13,60.25,84.44,10.53,0,458,1,"34.25,-118.50 (35.4%); 34.00,-118.25 (23.1%); 34.00,-118.50 (22.6%); 34.25,-118.25 (10.1%); 33.75,-118.25 (6.4%); 34.25,-118.75 (2.4%)"
2021-02-26,80.14,26.74,1.0,Moderate heat stress,78.8 to 89.6 F,73.24,60.23,84.7,6.9,0,458,1,"34.25,-118.50 (35.4%); 34.00,-118.25 (23.1%); 34.00,-118.50 (22.6%); 34.25,-118.25 (10.1%); 33.75,-118.25 (6.4%); 34.25,-118.75 (2.4%)"
2021-02-27,77.42,25.24,0.0,No thermal stress,48.2 to 78.8 F,73.37,60.25,84.77,4.05,0,458,1,"34.25,-118.50 (35.4%); 34.00,-118.25 (23.1%); 34.00,-118.50 (22.6%); 34.25,-118.25 (10.1%); 33.75,-118.25 (6.4%); 34.25,-118.75 (2.4%)"
2021-02-28,81.8,27.67,1.0,Moderate heat stress,78.8 to 89.6 F,73.66,61.46,84.89,8.14,0,458,1,"34.25,-118.50 (35.4%); 34.00,-118.25 (23.1%); 34.00,-118.50 (22.6%); 34.25,-118.25 (10.1%); 33.75,-118.25 (6.4%); 34.25,-118.75 (2.4%)"
2021-03-01,79.88,26.6,1.0,Moderate heat stress,78.8 to 89.6 F,73.88,61.73,85.12,6.0,0,458,1,"34.25,-118.50 (35.4%); 34.00,-118.25 (23.1%); 34.00,-118.50 (22.6%); 34.25,-118.25 (10.1%); 33.75,-118.25 (6.4%); 34.25,-118.75 (2.4%)"
2021-03-02,78.96,26.09,1.0,Moderate heat stress,78.8 to 89.6 F,74.25,62.2,85.7,4.71,0,458,1,"34.25,-118.50 (35.4%); 34.00,-118.25 (23.1%); 34.00,-118.50 (22.6%); 34.25,-118.25 (10.1%); 33.75,-118.25 (6.4%); 34.25,-118.75 (2.4%)"
2021-03-03,54.29,12.38,0.0,No thermal stress,48.2 to 78.8 F,74.61,62.73,85.83,-20.32,0,458,1,"34.25,-118.50 (35.4%); 34.00,-118.25 (23.1%); 34.00,-118.50 (22.6%); 34.25,-118.25 (10.1%); 33.75,-118.25 (6.4%); 34.25,-118.75 (2.4%)"
2021-03-04,75.33,24.07,0.0,No thermal stress,48.2 to 78.8 F,74.89,62.89,86.12,0.44,0,458,1,"34.25,-118.50 (35.4%); 34.00,-118.25 (23.1%); 34.00,-118.50 (22.6%); 34.25,-118.25 (10.1%); 33.75,-118.25 (6.4%); 34.25,-118.75 (2.4%)"
2021-03-05,83.27,28.48,1.0,Moderate heat stress,78.8 to 89.6 F,75.26,63.01,86.29,8.01,0,458,1,"34.25,-118.50 (35.4%); 34.00,-118.25 (23.1%); 34.00,-118.50 (22.6%); 34.25,-118.25 (10.1%); 33.75,-118.25 (6.4%); 34.25,-118.75 (2.4%)"
2021-03-06,75.69,24.27,0.0,No thermal stress,48.2 to 78.8 F,75.55,63.11,86.36,0.14,0,458,1,"34.25,-118.50 (35.4%); 34.00,-118.25 (23.1%); 34.00,-118.50 (22.6%); 34.25,-118.25 (10.1%); 33.75,-118.25 (6.4%); 34.25,-118.75 (2.4%)"
2021-03-07,74.96,23.86,0.0,No thermal stress,48.2 to 78.8 F,76.02,64.24,86.52,-1.06,0,458,1,"34.25,-118.50 (35.4%); 34.00,-118.25 (23.1%); 34.00,-118.50 (22.6%); 34.25,-118.25 (10.1%); 33.75,-118.25 (6.4%); 34.25,-118.75 (2.4%)"
2021-03-08,71.65,22.03,0.0,No thermal stress,48.2 to 78.8 F,76.29,64.29,87.01,-4.64,0,450,1,"34.25,-118.50 (35.4%); 34.00,-118.25 (23.1%); 34.00,-118.50 (22.6%); 34.25,-118.25 (10.1%); 33.75,-118.25 (6.4%); 34.25,-118.75 (2.4%)"
2021-03-09,69.35,20.75,0.0,No thermal stress,48.2 to 78.8 F,76.5,64.29,87.23,-7.15,0,450,1,"34.25,-118.50 (35.4%); 34.00,-118.25 (23.1%); 34.00,-118.50 (22.6%); 34.25,-118.25 (10.1%); 33.75,-118.25 (6.4%); 34.25,-118.75 (2.4%)"
2021-03-10,59.89,15.49,0.0,No thermal stress,48.2 to 78.8 F,76.71,64.98,87.23,-16.82,0,450,1,"34.25,-118.50 (35.4%); 34.00,-118.25 (23.1%); 34.00,-118.50 (22.6%); 34.25,-118.25 (10.1%); 33.75,-118.25 (6.4%); 34.25,-118.75 (2.4%)"
2021-03-11,65.52,18.62,0.0,No thermal stress,48.2 to 78.8 F,76.88,65.48,87.29,-11.36,0,450,1,"34.25,-118.50 (35.4%); 34.00,-118.25 (23.1%); 34.00,-118.50 (22.6%); 34.25,-118.25 (10.1%); 33.75,-118.25 (6.4%); 34.25,-118.75 (2.4%)"
2021-03-12,69.82,21.01,0.0,No thermal stress,48.2 to 78.8 F,77.04,65.61,87.4,-7.22,0,450,1,"34.25,-118.50 (35.4%); 34.00,-118.25 (23.1%); 34.00,-118.50 (22.6%); 34.25,-118.25 (10.1%); 33.75,-118.25 (6.4%); 34.25,-118.75 (2.4%)"
2021-03-13,73.81,23.23,0.0,No thermal stress,48.2 to 78.8 F,77.05,65.66,87.4,-3.24,0,450,1,"34.25,-118.50 (35.4%); 34.00,-118.25 (23.1%); 34.00,-118.50 (22.6%); 34.25,-118.25 (10.1%); 33.75,-118.25 (6.4%); 34.25,-118.75 (2.4%)"
2021-03-14,72.35,22.42,0.0,No thermal stress,48.2 to 78.8 F,77.2,66.2,87.24,-4.85,0,450,1,"34.25,-118.50 (35.4%); 34.00,-118.25 (23.1%); 34.00,-118.50 (22.6%); 34.25,-118.25 (10.1%); 33.75,-118.25 (6.4%); 34.25,-118.75 (2.4%)"
2021-03-15,50.83,10.46,0.0,No thermal stress,48.2 to 78.8 F,77.13,66.47,87.16,-26.3,0,450,1,"34.25,-118.50 (35.4%); 34.00,-118.25 (23.1%); 34.00,-118.50 (22.6%); 34.25,-118.25 (10.1%); 33.75,-118.25 (6.4%); 34.25,-118.75 (2.4%)"
2021-03-16,69.07,20.6,0.0,No thermal stress,48.2 to 78.8 F,76.96,66.2,87.01,-7.89,0,450,1,"34.25,-118.50 (35.4%); 34.00,-118.25 (23.1%); 34.00,-118.50 (22.6%); 34.25,-118.25 (10.1%); 33.75,-118.25 (6.4%); 34.25,-118.75 (2.4%)"
2021-03-17,75.3,24.05,0.0,No thermal stress,48.2 to 78.8 F,76.79,66.1,86.42,-1.49,0,450,1,"34.25,-118.50 (35.4%); 34.00,-118.25 (23.1%); 34.00,-118.50 (22.6%); 34.25,-118.25 (10.1%); 33.75,-118.25 (6.4%); 34.25,-118.75 (2.4%)"
2021-03-18,74.87,23.82,0.0,No thermal stress,48.2 to 78.8 F,76.54,65.69,86.25,-1.67,0,450,1,"34.25,-118.50 (35.4%); 34.00,-118.25 (23.1%); 34.00,-118.50 (22.6%); 34.25,-118.25 (10.1%); 33.75,-118.25 (6.4%); 34.25,-118.75 (2.4%)"
2021-03-19,78.82,26.01,1.0,Moderate heat stress,78.8 to 89.6 F,76.41,65.67,85.73,2.41,0,450,1,"34.25,-118.50 (35.4%); 34.00,-118.25 (23.1%); 34.00,-118.50 (22.6%); 34.25,-118.25 (10.1%); 33.75,-118.25 (6.4%); 34.25,-118.75 (2.4%)"
2021-03-20,75.4,24.11,0.0,No thermal stress,48.2 to 78.8 F,76.15,65.6,85.51,-0.75,0,450,1,"34.25,-118.50 (35.4%); 34.00,-118.25 (23.1%); 34.00,-118.50 (22.6%); 34.25,-118.25 (10.1%); 33.75,-118.25 (6.4%); 34.25,-118.75 (2.4%)"
2021-03-21,75.7,24.28,0.0,No thermal stress,48.2 to 78.8 F,75.92,65.34,85.38,-0.22,0,450,1,"34.25,-118.50 (35.4%); 34.00,-118.25 (23.1%); 34.00,-118.50 (22.6%); 34.25,-118.25 (10.1%); 33.75,-118.25 (6.4%); 34.25,-118.75 (2.4%)"
2021-03-22,75.6,24.22,0.0,No thermal stress,48.2 to 78.8 F,75.93,65.39,85.36,-0.33,0,450,1,"34.25,-118.50 (35.4%); 34.00,-118.25 (23.1%); 34.00,-118.50 (22.6%); 34.25,-118.25 (10.1%); 33.75,-118.25 (6.4%); 34.25,-118.75 (2.4%)"
2021-03-23,72.83,22.68,0.0,No thermal stress,48.2 to 78.8 F,76.09,65.69,85.38,-3.26,0,450,1,"34.25,-118.50 (35.4%); 34.00,-118.25 (23.1%); 34.00,-118.50 (22.6%); 34.25,-118.25 (10.1%); 33.75,-118.25 (6.4%); 34.25,-118.75 (2.4%)"
2021-03-24,80.96,27.2,1.0,Moderate heat stress,78.8 to 89.6 F,76.09,65.79,85.26,4.87,0,450,1,"34.25,-118.50 (35.4%); 34.00,-118.25 (23.1%); 34.00,-118.50 (22.6%); 34.25,-118.25 (10.1%); 33.75,-118.25 (6.4%); 34.25,-118.75 (2.4%)"
2021-03-25,63.98,17.77,0.0,No thermal stress,48.2 to 78.8 F,76.04,65.69,85.13,-12.06,0,450,1,"34.25,-118.50 (35.4%); 34.00,-118.25 (23.1%); 34.00,-118.50 (22.6%); 34.25,-118.25 (10.1%); 33.75,-118.25 (6.4%); 34.25,-118.75 (2.4%)"
2021-03-26,77.79,25.44,0.0,No thermal stress,48.2 to 78.8 F,76.01,65.69,84.88,1.78,0,450,1,"34.25,-118.50 (35.4%); 34.00,-118.25 (23.1%); 34.00,-118.50 (22.6%); 34.25,-118.25 (10.1%); 33.75,-118.25 (6.4%); 34.25,-118.75 (2.4%)"
2021-03-27,83.79,28.77,1.0,Moderate heat stress,78.8 to 89.6 F,76.01,65.69,85.23,7.78,0,450,1,"34.25,-118.50 (35.4%); 34.00,-118.25 (23.1%); 34.00,-118.50 (22.6%); 34.25,-118.25 (10.1%); 33.75,-118.25 (6.4%); 34.25,-118.75 (2.4%)"
2021-03-28,91.2,32.89,2.0,Strong heat stress,89.6 to 100.4 F,76.14,65.79,84.93,15.06,1,450,1,"34.25,-118.50 (35.4%); 34.00,-118.25 (23.1%); 34.00,-118.50 (22.6%); 34.25,-118.25 (10.1%); 33.75,-118.25 (6.4%); 34.25,-118.75 (2.4%)"
2021-03-29,84.99,29.44,1.0,Moderate heat stress,78.8 to 89.6 F,76.18,65.67,85.02,8.81,0,450,1,"34.25,-118.50 (35.4%); 34.00,-118.25 (23.1%); 34.00,-118.50 (22.6%); 34.25,-118.25 (10.1%); 33.75,-118.25 (6.4%); 34.25,-118.75 (2.4%)"
2021-03-30,82.65,28.14,1.0,Moderate heat stress,78.8 to 89.6 F,76.36,65.67,85.36,6.29,0,450,1,"34.25,-118.50 (35.4%); 34.00,-118.25 (23.1%); 34.00,-118.50 (22.6%); 34.25,-118.25 (10.1%); 33.75,-118.25 (6.4%); 34.25,-118.75 (2.4%)"
2021-03-31,91.76,33.2,2.0,Strong heat stress,89.6 to 100.4 F,76.55,66.06,85.47,15.21,1,450,1,"34.25,-118.50 (35.4%); 34.00,-118.25 (23.1%); 34.00,-118.50 (22.6%); 34.25,-118.25 (10.1%); 33.75,-118.25 (6.4%); 34.25,-118.75 (2.4%)"
2021-04-01,93.87,34.37,2.0,Strong heat stress,89.6 to 100.4 F,76.59,66.04,85.57,17.28,1,450,1,"34.25,-118.50 (35.4%); 34.00,-118.25 (23.1%); 34.00,-118.50 (22.6%); 34.25,-118.25 (10.1%); 33.75,-118.25 (6.4%); 34.25,-118.75 (2.4%)"
2021-04-02,80.55,26.97,1.0,Moderate heat stress,78.8 to 89.6 F,76.75,66.28,85.95,3.8,0,450,1,"34.25,-118.50 (35.4%); 34.00,-118.25 (23.1%); 34.00,-118.50 (22.6%); 34.25,-118.25 (10.1%); 33.75,-118.25 (6.4%); 34.25,-118.75 (2.4%)"
2021-04-03,80.65,27.03,1.0,Moderate heat stress,78.8 to 89.6 F,76.9,66.5,85.98,3.75,0,450,1,"34.25,-118.50 (35.4%); 34.00,-118.25 (23.1%); 34.00,-118.50 (22.6%); 34.25,-118.25 (10.1%); 33.75,-118.25 (6.4%); 34.25,-118.75 (2.4%)"
2021-04-04,84.04,28.91,1.0,Moderate heat stress,78.8 to 89.6 F,77.01,66.5,85.98,7.03,0,450,1,"34.25,-118.50 (35.4%); 34.00,-118.25 (23.1%); 34.00,-118.50 (22.6%); 34.25,-118.25 (10.1%); 33.75,-118.25 (6.4%); 34.25,-118.75 (2.4%)"
2021-04-05,79.2,26.22,1.0,Moderate heat stress,78.8 to 89.6 F,77.16,66.85,85.98,2.04,0,450,1,"34.25,-118.50 (35.4%); 34.00,-118.25 (23.1%); 34.00,-118.50 (22.6%); 34.25,-118.25 (10.1%); 33.75,-118.25 (6.4%); 34.25,-118.75 (2.4%)"
2021-04-06,79.99,26.66,1.0,Moderate heat stress,78.8 to 89.6 F,77.17,66.73,86.04,2.82,0,450,1,"34.25,-118.50 (35.4%); 34.00,-118.25 (23.1%); 34.00,-118.50 (22.6%); 34.25,-118.25 (10.1%); 33.75,-118.25 (6.4%); 34.25,-118.75 (2.4%)"
2021-04-07,84.08,28.93,1.0,Moderate heat stress,78.8 to 89.6 F,77.03,66.45,86.18,7.05,0,450,1,"34.25,-118.50 (35.4%); 34.00,-118.25 (23.1%); 34.00,-118.50 (22.6%); 34.25,-118.25 (10.1%); 33.75,-118.25 (6.4%); 34.25,-118.75 (2.4%)"
2021-04-08,82.67,28.15,1.0,Moderate heat stress,78.8 to 89.6 F,77.01,66.39,86.18,5.66,0,450,1,"34.25,-118.50 (35.4%); 34.00,-118.25 (23.1%); 34.00,-118.50 (22.6%); 34.25,-118.25 (10.1%); 33.75,-118.25 (6.4%); 34.25,-118.75 (2.4%)"
2021-04-09,82.46,28.03,1.0,Moderate heat stress,78.8 to 89.6 F,77.11,66.5,86.18,5.35,0,450,1,"34.25,-118.50 (35.4%); 34.00,-118.25 (23.1%); 34.00,-118.50 (22.6%); 34.25,-118.25 (10.1%); 33.75,-118.25 (6.4%); 34.25,-118.75 (2.4%)"
2021-04-10,84.85,29.36,1.0,Moderate heat stress,78.8 to 89.6 F,77.22,66.5,86.33,7.63,0,450,1,"34.25,-118.50 (35.4%); 34.00,-118.25 (23.1%); 34.00,-118.50 (22.6%); 34.25,-118.25 (10.1%); 33.75,-118.25 (6.4%); 34.25,-118.75 (2.4%)"
2021-04-11,83.5,28.61,1.0,Moderate heat stress,78.8 to 89.6 F,77.37,66.5,86.44,6.13,0,450,1,"34.25,-118.50 (35.4%); 34.00,-118.25 (23.1%); 34.00,-118.50 (22.6%); 34.25,-118.25 (10.1%); 33.75,-118.25 (6.4%); 34.25,-118.75 (2.4%)"
2021-04-12,76.47,24.7,0.0,No thermal stress,48.2 to 78.8 F,77.65,67.0,87.14,-1.18,0,450,1,"34.25,-118.50 (35.4%); 34.00,-118.25 (23.1%); 34.00,-118.50 (22.6%); 34.25,-118.25 (10.1%); 33.75,-118.25 (6.4%); 34.25,-118.75 (2.4%)"
2021-04-13,71.13,21.74,0.0,No thermal stress,48.2 to 78.8 F,77.91,67.72,87.36,-6.78,0,450,1,"34.25,-118.50 (35.4%); 34.00,-118.25 (23.1%); 34.00,-118.50 (22.6%); 34.25,-118.25 (10.1%); 33.75,-118.25 (6.4%); 34.25,-118.75 (2.4%)"
2021-04-14,67.85,19.92,0.0,No thermal stress,48.2 to 78.8 F,78.05,67.77,87.78,-10.2,0,450,1,"34.25,-118.50 (35.4%); 34.00,-118.25 (23.1%); 34.00,-118.50 (22.6%); 34.25,-118.25 (10.1%); 33.75,-118.25 (6.4%); 34.25,-118.75 (2.4%)"
2021-04-15,75.13,23.96,0.0,No thermal stress,48.2 to 78.8 F,78.13,67.87,87.36,-3.0,0,450,1,"34.25,-118.50 (35.4%); 34.00,-118.25 (23.1%); 34.00,-118.50 (22.6%); 34.25,-118.25 (10.1%); 33.75,-118.25 (6.4%); 34.25,-118.75 (2.4%)"
2021-04-16,77.33,25.19,0.0,No thermal stress,48.2 to 78.8 F,78.37,68.18,87.71,-1.04,0,450,1,"34.25,-118.50 (35.4%); 34.00,-118.25 (23.1%); 34.00,-118.50 (22.6%); 34.25,-118.25 (10.1%); 33.75,-118.25 (6.4%); 34.25,-118.75 (2.4%)"
2021-04-17,81.03,27.24,1.0,Moderate heat stress,78.8 to 89.6 F,78.61,68.44,87.95,2.42,0,450,1,"34.25,-118.50 (35.4%); 34.00,-118.25 (23.1%); 34.00,-118.50 (22.6%); 34.25,-118.25 (10.1%); 33.75,-118.25 (6.4%); 34.25,-118.75 (2.4%)"
2021-04-18,91.09,32.83,2.0,Strong heat stress,89.6 to 100.4 F,78.81,68.39,88.61,12.28,1,450,1,"34.25,-118.50 (35.4%); 34.00,-118.25 (23.1%); 34.00,-118.50 (22.6%); 34.25,-118.25 (10.1%); 33.75,-118.25 (6.4%); 34.25,-118.75 (2.4%)"
2021-04-19,88.59,31.44,1.0,Moderate heat stress,78.8 to 89.6 F,79.09,68.79,89.73,9.5,0,450,1,"34.25,-118.50 (35.4%); 34.00,-118.25 (23.1%); 34.00,-118.50 (22.6%); 34.25,-118.25 (10.1%); 33.75,-118.25 (6.4%); 34.25,-118.75 (2.4%)"
2021-04-20,76.51,24.73,0.0,No thermal stress,48.2 to 78.8 F,79.38,69.46,89.75,-2.87,0,450,1,"34.25,-118.50 (35.4%); 34.00,-118.25 (23.1%); 34.00,-118.50 (22.6%); 34.25,-118.25 (10.1%); 33.75,-118.25 (6.4%); 34.25,-118.75 (2.4%)"
2021-04-21,68.14,20.08,0.0,No thermal stress,48.2 to 78.8 F,79.59,69.51,89.92,-11.45,0,450,1,"34.25,-118.50 (35.4%); 34.00,-118.25 (23.1%); 34.00,-118.50 (22.6%); 34.25,-118.25 (10.1%); 33.75,-118.25 (6.4%); 34.25,-118.75 (2.4%)"
2021-04-22,75.69,24.27,0.0,No thermal stress,48.2 to 78.8 F,79.85,70.13,90.36,-4.16,0,450,1,"34.25,-118.50 (35.4%); 34.00,-118.25 (23.1%); 34.00,-118.50 (22.6%); 34.25,-118.25 (10.1%); 33.75,-118.25 (6.4%); 34.25,-118.75 (2.4%)"
2021-04-23,76.85,24.91,0.0,No thermal stress,48.2 to 78.8 F,80.12,70.7,90.47,-3.27,0,450,1,"34.25,-118.50 (35.4%); 34.00,-118.25 (23.1%); 34.00,-118.50 (22.6%); 34.25,-118.25 (10.1%); 33.75,-118.25 (6.4%); 34.25,-118.75 (2.4%)"
2021-04-24,76.49,24.72,0.0,No thermal stress,48.2 to 78.8 F,80.4,70.89,90.5,-3.91,0,450,1,"34.25,-118.50 (35.4%); 34.00,-118.25 (23.1%); 34.00,-118.50 (22.6%); 34.25,-118.25 (10.1%); 33.75,-118.25 (6.4%); 34.25,-118.75 (2.4%)"
2021-04-25,72.32,22.4,0.0,No thermal stress,48.2 to 78.8 F,80.62,71.2,90.53,-8.3,0,450,1,"34.25,-118.50 (35.4%); 34.00,-118.25 (23.1%); 34.00,-118.50 (22.6%); 34.25,-118.25 (10.1%); 33.75,-118.25 (6.4%); 34.25,-118.75 (2.4%)"
2021-04-26,65.7,18.72,0.0,No thermal stress,48.2 to 78.8 F,80.82,71.53,90.85,-15.12,0,450,1,"34.25,-118.50 (35.4%); 34.00,-118.25 (23.1%); 34.00,-118.50 (22.6%); 34.25,-118.25 (10.1%); 33.75,-118.25 (6.4%); 34.25,-118.75 (2.4%)"
2021-04-27,77.14,25.08,0.0,No thermal stress,48.2 to 78.8 F,80.86,71.59,91.11,-3.72,0,450,1,"34.25,-118.50 (35.4%); 34.00,-118.25 (23.1%); 34.00,-118.50 (22.6%); 34.25,-118.25 (10.1%); 33.75,-118.25 (6.4%); 34.25,-118.75 (2.4%)"
2021-04-28,,,,,,80.85,71.6,91.19,,,450,0,"34.25,-118.50 (35.4%); 34.00,-118.25 (23.1%); 34.00,-118.50 (22.6%); 34.25,-118.25 (10.1%); 33.75,-118.25 (6.4%); 34.25,-118.75 (2.4%)"
2021-04-29,,,,,,80.85,71.6,91.15,,,450,0,"34.25,-118.50 (35.4%); 34.00,-118.25 (23.1%); 34.00,-118.50 (22.6%); 34.25,-118.25 (10.1%); 33.75,-118.25 (6.4%); 34.25,-118.75 (2.4%)"
2021-04-30,94.01,34.45,2.0,Strong heat stress,89.6 to 100.4 F,81.0,71.63,91.32,13.01,1,450,1,"34.25,-118.50 (35.4%); 34.00,-118.25 (23.1%); 34.00,-118.50 (22.6%); 34.25,-118.25 (10.1%); 33.75,-118.25 (6.4%); 34.25,-118.75 (2.4%)"
2021-05-01,82.65,28.14,1.0,Moderate heat stress,78.8 to 89.6 F,81.07,71.6,92.1,1.58,0,450,1,"34.25,-118.50 (35.4%); 34.00,-118.25 (23.1%); 34.00,-118.50 (22.6%); 34.25,-118.25 (10.1%); 33.75,-118.25 (6.4%); 34.25,-118.75 (2.4%)"
2021-05-02,81.24,27.35,1.0,Moderate heat stress,78.8 to 89.6 F,81.1,71.7,91.32,0.14,0,450,1,"34.25,-118.50 (35.4%); 34.00,-118.25 (23.1%); 34.00,-118.50 (22.6%); 34.25,-118.25 (10.1%); 33.75,-118.25 (6.4%); 34.25,-118.75 (2.4%)"
2021-05-03,81.77,27.65,1.0,Moderate heat stress,78.8 to 89.6 F,81.05,72.12,90.89,0.72,0,450,1,"34.25,-118.50 (35.4%); 34.00,-118.25 (23.1%); 34.00,-118.50 (22.6%); 34.25,-118.25 (10.1%); 33.75,-118.25 (6.4%); 34.25,-118.75 (2.4%)"
2021-05-04,87.26,30.7,1.0,Moderate heat stress,78.8 to 89.6 F,80.99,72.17,90.53,6.27,0,450,1,"34.25,-118.50 (35.4%); 34.00,-118.25 (23.1%); 34.00,-118.50 (22.6%); 34.25,-118.25 (10.1%); 33.75,-118.25 (6.4%); 34.25,-118.75 (2.4%)"
2021-05-05,87.87,31.04,1.0,Moderate heat stress,78.8 to 89.6 F,81.0,72.53,90.64,6.87,0,450,1,"34.25,-118.50 (35.4%); 34.00,-118.25 (23.1%); 34.00,-118.50 (22.6%); 34.25,-118.25 (10.1%); 33.75,-118.25 (6.4%); 34.25,-118.75 (2.4%)"
2021-05-06,81.58,27.55,1.0,Moderate heat stress,78.8 to 89.6 F,81.02,72.78,90.64,0.56,0,450,1,"34.25,-118.50 (35.4%); 34.00,-118.25 (23.1%); 34.00,-118.50 (22.6%); 34.25,-118.25 (10.1%); 33.75,-118.25 (6.4%); 34.25,-118.75 (2.4%)"
2021-05-07,78.97,26.09,1.0,Moderate heat stress,78.8 to 89.6 F,81.0,72.78,90.18,-2.03,0,450,1,"34.25,-118.50 (35.4%); 34.00,-118.25 (23.1%); 34.00,-118.50 (22.6%); 34.25,-118.25 (10.1%); 33.75,-118.25 (6.4%); 34.25,-118.75 (2.4%)"
2021-05-08,80.59,27.0,1.0,Moderate heat stress,78.8 to 89.6 F,80.99,72.59,90.42,-0.4,0,450,1,"34.25,-118.50 (35.4%); 34.00,-118.25 (23.1%); 34.00,-118.50 (22.6%); 34.25,-118.25 (10.1%); 33.75,-118.25 (6.4%); 34.25,-118.75 (2.4%)"
2021-05-09,80.67,27.04,1.0,Moderate heat stress,78.8 to 89.6 F,80.93,72.15,90.43,-0.26,0,450,1,"34.25,-118.50 (35.4%); 34.00,-118.25 (23.1%); 34.00,-118.50 (22.6%); 34.25,-118.25 (10.1%); 33.75,-118.25 (6.4%); 34.25,-118.75 (2.4%)"
2021-05-10,80.29,26.83,1.0,Moderate heat stress,78.8 to 89.6 F,80.9,72.53,90.02,-0.61,0,450,1,"34.25,-118.50 (35.4%); 34.00,-118.25 (23.1%); 34.00,-118.50 (22.6%); 34.25,-118.25 (10.1%); 33.75,-118.25 (6.4%); 34.25,-118.75 (2.4%)"
2021-05-11,83.63,28.68,1.0,Moderate heat stress,78.8 to 89.6 F,80.77,72.38,89.62,2.86,0,450,1,"34.25,-118.50 (35.4%); 34.00,-118.25 (23.1%); 34.00,-118.50 (22.6%); 34.25,-118.25 (10.1%); 33.75,-118.25 (6.4%); 34.25,-118.75 (2.4%)"
2021-05-12,82.2,27.89,1.0,Moderate heat stress,78.8 to 89.6 F,80.78,72.53,89.44,1.42,0,450,1,"34.25,-118.50 (35.4%); 34.00,-118.25 (23.1%); 34.00,-118.50 (22.6%); 34.25,-118.25 (10.1%); 33.75,-118.25 (6.4%); 34.25,-118.75 (2.4%)"
2021-05-13,81.75,27.64,1.0,Moderate heat stress,78.8 to 89.6 F,80.86,72.76,89.44,0.89,0,450,1,"34.25,-118.50 (35.4%); 34.00,-118.25 (23.1%); 34.00,-118.50 (22.6%); 34.25,-118.25 (10.1%); 33.75,-118.25 (6.4%); 34.25,-118.75 (2.4%)"
2021-05-14,79.07,26.15,1.0,Moderate heat stress,78.8 to 89.6 F,80.99,73.38,89.42,-1.92,0,450,1,"34.25,-118.50 (35.4%); 34.00,-118.25 (23.1%); 34.00,-118.50 (22.6%); 34.25,-118.25 (10.1%); 33.75,-118.25 (6.4%); 34.25,-118.75 (2.4%)"
2021-05-15,76.54,24.74,0.0,No thermal stress,48.2 to 78.8 F,81.01,73.38,89.3,-4.47,0,450,1,"34.25,-118.50 (35.4%); 34.00,-118.25 (23.1%); 34.00,-118.50 (22.6%); 34.25,-118.25 (10.1%); 33.75,-118.25 (6.4%); 34.25,-118.75 (2.4%)"
2021-05-16,71.69,22.05,0.0,No thermal stress,48.2 to 78.8 F,80.9,73.09,89.18,-9.21,0,450,1,"34.25,-118.50 (35.4%); 34.00,-118.25 (23.1%); 34.00,-118.50 (22.6%); 34.25,-118.25 (10.1%); 33.75,-118.25 (6.4%); 34.25,-118.75 (2.4%)"
2021-05-17,80.89,27.16,1.0,Moderate heat stress,78.8 to 89.6 F,80.92,73.65,88.92,-0.03,0,450,1,"34.25,-118.50 (35.4%); 34.00,-118.25 (23.1%); 34.00,-118.50 (22.6%); 34.25,-118.25 (10.1%); 33.75,-118.25 (6.4%); 34.25,-118.75 (2.4%)"
2021-05-18,82.86,28.25,1.0,Moderate heat stress,78.8 to 89.6 F,80.81,73.65,88.9,2.05,0,450,1,"34.25,-118.50 (35.4%); 34.00,-118.25 (23.1%); 34.00,-118.50 (22.6%); 34.25,-118.25 (10.1%); 33.75,-118.25 (6.4%); 34.25,-118.75 (2.4%)"
2021-05-19,79.41,26.34,1.0,Moderate heat stress,78.8 to 89.6 F,80.73,73.38,88.9,-1.32,0,450,1,"34.25,-118.50 (35.4%); 34.00,-118.25 (23.1%); 34.00,-118.50 (22.6%); 34.25,-118.25 (10.1%); 33.75,-118.25 (6.4%); 34.25,-118.75 (2.4%)"
2021-05-20,76.94,24.97,0.0,No thermal stress,48.2 to 78.8 F,80.75,73.65,88.89,-3.81,0,450,1,"34.25,-118.50 (35.4%); 34.00,-118.25 (23.1%); 34.00,-118.50 (22.6%); 34.25,-118.25 (10.1%); 33.75,-118.25 (6.4%); 34.25,-118.75 (2.4%)"
2021-05-21,73.84,23.24,0.0,No thermal stress,48.2 to 78.8 F,80.84,73.96,88.83,-7.0,0,450,1,"34.25,-118.50 (35.4%); 34.00,-118.25 (23.1%); 34.00,-118.50 (22.6%); 34.25,-118.25 (10.1%); 33.75,-118.25 (6.4%); 34.25,-118.75 (2.4%)"
2021-05-22,76.37,24.65,0.0,No thermal stress,48.2 to 78.8 F,81.0,74.19,88.89,-4.63,0,450,1,"34.25,-118.50 (35.4%); 34.00,-118.25 (23.1%); 34.00,-118.50 (22.6%); 34.25,-118.25 (10.1%); 33.75,-118.25 (6.4%); 34.25,-118.75 (2.4%)"
2021-05-23,78.03,25.57,0.0,No thermal stress,48.2 to 78.8 F,81.14,74.3,88.8,-3.11,0,450,1,"34.25,-118.50 (35.4%); 34.00,-118.25 (23.1%); 34.00,-118.50 (22.6%); 34.25,-118.25 (10.1%); 33.75,-118.25 (6.4%); 34.25,-118.75 (2.4%)"
2021-05-24,91.14,32.86,2.0,Strong heat stress,89.6 to 100.4 F,81.34,74.7,88.89,9.8,1,450,1,"34.25,-118.50 (35.4%); 34.00,-118.25 (23.1%); 34.00,-118.50 (22.6%); 34.25,-118.25 (10.1%); 33.75,-118.25 (6.4%); 34.25,-118.75 (2.4%)"
2021-05-25,89.55,31.97,1.0,Moderate heat stress,78.8 to 89.6 F,81.5,74.72,89.0,8.05,1,450,1,"34.25,-118.50 (35.4%); 34.00,-118.25 (23.1%); 34.00,-118.50 (22.6%); 34.25,-118.25 (10.1%); 33.75,-118.25 (6.4%); 34.25,-118.75 (2.4%)"
2021-05-26,82.06,27.81,1.0,Moderate heat stress,78.8 to 89.6 F,81.71,75.09,89.34,0.35,0,450,1,"34.25,-118.50 (35.4%); 34.00,-118.25 (23.1%); 34.00,-118.50 (22.6%); 34.25,-118.25 (10.1%); 33.75,-118.25 (6.4%); 34.25,-118.75 (2.4%)"
2021-05-27,79.83,26.57,1.0,Moderate heat stress,78.8 to 89.6 F,81.88,75.21,89.48,-2.05,0,450,1,"34.25,-118.50 (35.4%); 34.00,-118.25 (23.1%); 34.00,-118.50 (22.6%); 34.25,-118.25 (10.1%); 33.75,-118.25 (6.4%); 34.25,-118.75 (2.4%)"
2021-05-28,80.91,27.17,1.0,Moderate heat stress,78.8 to 89.6 F,82.06,75.3,89.48,-1.15,0,450,1,"34.25,-118.50 (35.4%); 34.00,-118.25 (23.1%); 34.00,-118.50 (22.6%); 34.25,-118.25 (10.1%); 33.75,-118.25 (6.4%); 34.25,-118.75 (2.4%)"
2021-05-29,78.7,25.95,0.0,No thermal stress,48.2 to 78.8 F,82.07,75.61,89.34,-3.37,0,450,1,"34.25,-118.50 (35.4%); 34.00,-118.25 (23.1%); 34.00,-118.50 (22.6%); 34.25,-118.25 (10.1%); 33.75,-118.25 (6.4%); 34.25,-118.75 (2.4%)"
2021-05-30,81.49,27.5,1.0,Moderate heat stress,78.8 to 89.6 F,82.14,76.03,89.01,-0.65,0,450,1,"34.25,-118.50 (35.4%); 34.00,-118.25 (23.1%); 34.00,-118.50 (22.6%); 34.25,-118.25 (10.1%); 33.75,-118.25 (6.4%); 34.25,-118.75 (2.4%)"
2021-05-31,83.91,28.84,1.0,Moderate heat stress,78.8 to 89.6 F,82.32,76.37,88.92,1.59,0,450,1,"34.25,-118.50 (35.4%); 34.00,-118.25 (23.1%); 34.00,-118.50 (22.6%); 34.25,-118.25 (10.1%); 33.75,-118.25 (6.4%); 34.25,-118.75 (2.4%)"
2021-06-01,86.65,30.36,1.0,Moderate heat stress,78.8 to 89.6 F,82.5,76.41,88.99,4.15,0,450,1,"34.25,-118.50 (35.4%); 34.00,-118.25 (23.1%); 34.00,-118.50 (22.6%); 34.25,-118.25 (10.1%); 33.75,-118.25 (6.4%); 34.25,-118.75 (2.4%)"
2021-06-02,85.93,29.96,1.0,Moderate heat stress,78.8 to 89.6 F,82.91,77.11,89.59,3.02,0,450,1,"34.25,-118.50 (35.4%); 34.00,-118.25 (23.1%); 34.00,-118.50 (22.6%); 34.25,-118.25 (10.1%); 33.75,-118.25 (6.4%); 34.25,-118.75 (2.4%)"
2021-06-03,84.51,29.17,1.0,Moderate heat stress,78.8 to 89.6 F,83.26,77.37,89.96,1.25,0,450,1,"34.25,-118.50 (35.4%); 34.00,-118.25 (23.1%); 34.00,-118.50 (22.6%); 34.25,-118.25 (10.1%); 33.75,-118.25 (6.4%); 34.25,-118.75 (2.4%)"
2021-06-04,83.86,28.81,1.0,Moderate heat stress,78.8 to 89.6 F,83.39,77.64,90.19,0.47,0,450,1,"34.25,-118.50 (35.4%); 34.00,-118.25 (23.1%); 34.00,-118.50 (22.6%); 34.25,-118.25 (10.1%); 33.75,-118.25 (6.4%); 34.25,-118.75 (2.4%)"
2021-06-05,81.95,27.75,1.0,Moderate heat stress,78.8 to 89.6 F,83.4,77.83,90.06,-1.45,0,450,1,"34.25,-118.50 (35.4%); 34.00,-118.25 (23.1%); 34.00,-118.50 (22.6%); 34.25,-118.25 (10.1%); 33.75,-118.25 (6.4%); 34.25,-118.75 (2.4%)"
2021-06-06,77.33,25.19,0.0,No thermal stress,48.2 to 78.8 F,83.46,77.96,90.18,-6.13,0,450,1,"34.25,-118.50 (35.4%); 34.00,-118.25 (23.1%); 34.00,-118.50 (22.6%); 34.25,-118.25 (10.1%); 33.75,-118.25 (6.4%); 34.25,-118.75 (2.4%)"
2021-06-07,75.57,24.2,0.0,No thermal stress,48.2 to 78.8 F,83.59,78.2,90.28,-8.02,0,450,1,"34.25,-118.50 (35.4%); 34.00,-118.25 (23.1%); 34.00,-118.50 (22.6%); 34.25,-118.25 (10.1%); 33.75,-118.25 (6.4%); 34.25,-118.75 (2.4%)"
2021-06-08,78.52,25.84,0.0,No thermal stress,48.2 to 78.8 F,83.65,78.2,90.24,-5.13,0,450,1,"34.25,-118.50 (35.4%); 34.00,-118.25 (23.1%); 34.00,-118.50 (22.6%); 34.25,-118.25 (10.1%); 33.75,-118.25 (6.4%); 34.25,-118.75 (2.4%)"
2021-06-09,79.71,26.51,1.0,Moderate heat stress,78.8 to 89.6 F,83.69,78.2,90.35,-3.98,0,450,1,"34.25,-118.50 (35.4%); 34.00,-118.25 (23.1%); 34.00,-118.50 (22.6%); 34.25,-118.25 (10.1%); 33.75,-118.25 (6.4%); 34.25,-118.75 (2.4%)"
2021-06-10,81.47,27.48,1.0,Moderate heat stress,78.8 to 89.6 F,83.83,78.35,90.77,-2.36,0,450,1,"34.25,-118.50 (35.4%); 34.00,-118.25 (23.1%); 34.00,-118.50 (22.6%); 34.25,-118.25 (10.1%); 33.75,-118.25 (6.4%); 34.25,-118.75 (2.4%)"
2021-06-11,85.48,29.71,1.0,Moderate heat stress,78.8 to 89.6 F,83.99,78.43,90.9,1.49,0,450,1,"34.25,-118.50 (35.4%); 34.00,-118.25 (23.1%); 34.00,-118.50 (22.6%); 34.25,-118.25 (10.1%); 33.75,-118.25 (6.4%); 34.25,-118.75 (2.4%)"
2021-06-12,88.68,31.49,1.0,Moderate heat stress,78.8 to 89.6 F,84.21,78.73,91.41,4.47,0,450,1,"34.25,-118.50 (35.4%); 34.00,-118.25 (23.1%); 34.00,-118.50 (22.6%); 34.25,-118.25 (10.1%); 33.75,-118.25 (6.4%); 34.25,-118.75 (2.4%)"
2021-06-13,88.79,31.55,1.0,Moderate heat stress,78.8 to 89.6 F,84.6,79.0,91.58,4.19,0,450,1,"34.25,-118.50 (35.4%); 34.00,-118.25 (23.1%); 34.00,-118.50 (22.6%); 34.25,-118.25 (10.1%); 33.75,-118.25 (6.4%); 34.25,-118.75 (2.4%)"
2021-06-14,94.65,34.81,2.0,Strong heat stress,89.6 to 100.4 F,84.9,79.07,92.08,9.75,1,450,1,"34.25,-118.50 (35.4%); 34.00,-118.25 (23.1%); 34.00,-118.50 (22.6%); 34.25,-118.25 (10.1%); 33.75,-118.25 (6.4%); 34.25,-118.75 (2.4%)"
2021-06-15,104.15,40.08,3.0,Very strong heat stress,100.4 to 114.8 F,85.2,79.31,92.53,18.95,1,450,1,"34.25,-118.50 (35.4%); 34.00,-118.25 (23.1%); 34.00,-118.50 (22.6%); 34.25,-118.25 (10.1%); 33.75,-118.25 (6.4%); 34.25,-118.75 (2.4%)"
2021-06-16,94.0,34.45,2.0,Strong heat stress,89.6 to 100.4 F,85.43,79.7,92.63,8.57,1,450,1,"34.25,-118.50 (35.4%); 34.00,-118.25 (23.1%); 34.00,-118.50 (22.6%); 34.25,-118.25 (10.1%); 33.75,-118.25 (6.4%); 34.25,-118.75 (2.4%)"
2021-06-17,95.08,35.04,2.0,Strong heat stress,89.6 to 100.4 F,85.58,79.85,92.63,9.5,1,450,1,"34.25,-118.50 (35.4%); 34.00,-118.25 (23.1%); 34.00,-118.50 (22.6%); 34.25,-118.25 (10.1%); 33.75,-118.25 (6.4%); 34.25,-118.75 (2.4%)"
2021-06-18,91.72,33.18,2.0,Strong heat stress,89.6 to 100.4 F,85.82,79.95,92.67,5.9,0,450,1,"34.25,-118.50 (35.4%); 34.00,-118.25 (23.1%); 34.00,-118.50 (22.6%); 34.25,-118.25 (10.1%); 33.75,-118.25 (6.4%); 34.25,-118.75 (2.4%)"
2021-06-19,89.6,32.0,1.0,Moderate heat stress,78.8 to 89.6 F,86.12,80.18,93.0,3.48,0,450,1,"34.25,-118.50 (35.4%); 34.00,-118.25 (23.1%); 34.00,-118.50 (22.6%); 34.25,-118.25 (10.1%); 33.75,-118.25 (6.4%); 34.25,-118.75 (2.4%)"
2021-06-20,88.4,31.33,1.0,Moderate heat stress,78.8 to 89.6 F,86.44,80.32,93.17,1.96,0,450,1,"34.25,-118.50 (35.4%); 34.00,-118.25 (23.1%); 34.00,-118.50 (22.6%); 34.25,-118.25 (10.1%); 33.75,-118.25 (6.4%); 34.25,-118.75 (2.4%)"
2021-06-21,88.21,31.23,1.0,Moderate heat stress,78.8 to 89.6 F,86.73,80.53,93.8,1.48,0,450,1,"34.25,-118.50 (35.4%); 34.00,-118.25 (23.1%); 34.00,-118.50 (22.6%); 34.25,-118.25 (10.1%); 33.75,-118.25 (6.4%); 34.25,-118.75 (2.4%)"
2021-06-22,88.97,31.65,1.0,Moderate heat stress,78.8 to 89.6 F,86.97,80.7,94.16,2.0,0,450,1,"34.25,-118.50 (35.4%); 34.00,-118.25 (23.1%); 34.00,-118.50 (22.6%); 34.25,-118.25 (10.1%); 33.75,-118.25 (6.4%); 34.25,-118.75 (2.4%)"
2021-06-23,90.09,32.27,2.0,Strong heat stress,89.6 to 100.4 F,87.31,81.13,94.62,2.78,0,450,1,"34.25,-118.50 (35.4%); 34.00,-118.25 (23.1%); 34.00,-118.50 (22.6%); 34.25,-118.25 (10.1%); 33.75,-118.25 (6.4%); 34.25,-118.75 (2.4%)"
2021-06-24,85.11,29.51,1.0,Moderate heat stress,78.8 to 89.6 F,87.73,81.31,94.87,-2.62,0,450,1,"34.25,-118.50 (35.4%); 34.00,-118.25 (23.1%); 34.00,-118.50 (22.6%); 34.25,-118.25 (10.1%); 33.75,-118.25 (6.4%); 34.25,-118.75 (2.4%)"
2021-06-25,86.69,30.39,1.0,Moderate heat stress,78.8 to 89.6 F,88.03,81.59,95.71,-1.34,0,450,1,"34.25,-118.50 (35.4%); 34.00,-118.25 (23.1%); 34.00,-118.50 (22.6%); 34.25,-118.25 (10.1%); 33.75,-118.25 (6.4%); 34.25,-118.75 (2.4%)"
2021-06-26,92.1,33.39,2.0,Strong heat stress,89.6 to 100.4 F,88.18,81.62,95.87,3.92,0,450,1,"34.25,-118.50 (35.4%); 34.00,-118.25 (23.1%); 34.00,-118.50 (22.6%); 34.25,-118.25 (10.1%); 33.75,-118.25 (6.4%); 34.25,-118.75 (2.4%)"
2021-06-27,95.32,35.18,2.0,Strong heat stress,89.6 to 100.4 F,88.32,81.89,96.12,7.0,0,450,1,"34.25,-118.50 (35.4%); 34.00,-118.25 (23.1%); 34.00,-118.50 (22.6%); 34.25,-118.25 (10.1%); 33.75,-118.25 (6.4%); 34.25,-118.75 (2.4%)"
2021-06-28,95.78,35.44,2.0,Strong heat stress,89.6 to 100.4 F,88.5,82.07,96.1,7.28,0,450,1,"34.25,-118.50 (35.4%); 34.00,-118.25 (23.1%); 34.00,-118.50 (22.6%); 34.25,-118.25 (10.1%); 33.75,-118.25 (6.4%); 34.25,-118.75 (2.4%)"
2021-06-29,88.71,31.5,1.0,Moderate heat stress,78.8 to 89.6 F,88.81,82.52,96.36,-0.1,0,450,1,"34.25,-118.50 (35.4%); 34.00,-118.25 (23.1%); 34.00,-118.50 (22.6%); 34.25,-118.25 (10.1%); 33.75,-118.25 (6.4%); 34.25,-118.75 (2.4%)"
2021-06-30,88.89,31.6,1.0,Moderate heat stress,78.8 to 89.6 F,89.07,82.68,96.67,-0.18,0,450,1,"34.25,-118.50 (35.4%); 34.00,-118.25 (23.1%); 34.00,-118.50 (22.6%); 34.25,-118.25 (10.1%); 33.75,-118.25 (6.4%); 34.25,-118.75 (2.4%)"
2021-07-01,92.51,33.62,2.0,Strong heat stress,89.6 to 100.4 F,89.3,82.84,96.83,3.21,0,450,1,"34.25,-118.50 (35.4%); 34.00,-118.25 (23.1%); 34.00,-118.50 (22.6%); 34.25,-118.25 (10.1%); 33.75,-118.25 (6.4%); 34.25,-118.75 (2.4%)"
2021-07-02,91.1,32.83,2.0,Strong heat stress,89.6 to 100.4 F,89.53,83.06,96.94,1.57,0,450,1,"34.25,-118.50 (35.4%); 34.00,-118.25 (23.1%); 34.00,-118.50 (22.6%); 34.25,-118.25 (10.1%); 33.75,-118.25 (6.4%); 34.25,-118.75 (2.4%)"
2021-07-03,91.69,33.16,2.0,Strong heat stress,89.6 to 100.4 F,89.66,83.18,96.94,2.03,0,450,1,"34.25,-118.50 (35.4%); 34.00,-118.25 (23.1%); 34.00,-118.50 (22.6%); 34.25,-118.25 (10.1%); 33.75,-118.25 (6.4%); 34.25,-118.75 (2.4%)"
2021-07-04,88.08,31.15,1.0,Moderate heat stress,78.8 to 89.6 F,89.81,83.36,96.94,-1.73,0,450,1,"34.25,-118.50 (35.4%); 34.00,-118.25 (23.1%); 34.00,-118.50 (22.6%); 34.25,-118.25 (10.1%); 33.75,-118.25 (6.4%); 34.25,-118.75 (2.4%)"
2021-07-05,88.12,31.18,1.0,Moderate heat stress,78.8 to 89.6 F,89.98,83.45,97.01,-1.86,0,450,1,"34.25,-118.50 (35.4%); 34.00,-118.25 (23.1%); 34.00,-118.50 (22.6%); 34.25,-118.25 (10.1%); 33.75,-118.25 (6.4%); 34.25,-118.75 (2.4%)"
2021-07-06,89.42,31.9,1.0,Moderate heat stress,78.8 to 89.6 F,90.17,83.53,97.01,-0.75,0,450,1,"34.25,-118.50 (35.4%); 34.00,-118.25 (23.1%); 34.00,-118.50 (22.6%); 34.25,-118.25 (10.1%); 33.75,-118.25 (6.4%); 34.25,-118.75 (2.4%)"
2021-07-07,91.77,33.2,2.0,Strong heat stress,89.6 to 100.4 F,90.34,83.68,96.94,1.43,0,450,1,"34.25,-118.50 (35.4%); 34.00,-118.25 (23.1%); 34.00,-118.50 (22.6%); 34.25,-118.25 (10.1%); 33.75,-118.25 (6.4%); 34.25,-118.75 (2.4%)"
2021-07-08,95.61,35.34,2.0,Strong heat stress,89.6 to 100.4 F,90.42,83.78,96.93,5.19,0,450,1,"34.25,-118.50 (35.4%); 34.00,-118.25 (23.1%); 34.00,-118.50 (22.6%); 34.25,-118.25 (10.1%); 33.75,-118.25 (6.4%); 34.25,-118.75 (2.4%)"
2021-07-09,94.87,34.93,2.0,Strong heat stress,89.6 to 100.4 F,90.43,83.6,96.93,4.44,0,450,1,"34.25,-118.50 (35.4%); 34.00,-118.25 (23.1%); 34.00,-118.50 (22.6%); 34.25,-118.25 (10.1%); 33.75,-118.25 (6.4%); 34.25,-118.75 (2.4%)"
2021-07-10,94.92,34.95,2.0,Strong heat stress,89.6 to 100.4 F,90.49,83.6,96.94,4.43,0,450,1,"34.25,-118.50 (35.4%); 34.00,-118.25 (23.1%); 34.00,-118.50 (22.6%); 34.25,-118.25 (10.1%); 33.75,-118.25 (6.4%); 34.25,-118.75 (2.4%)"
2021-07-11,93.24,34.02,2.0,Strong heat stress,89.6 to 100.4 F,90.7,84.04,97.01,2.54,0,450,1,"34.25,-118.50 (35.4%); 34.00,-118.25 (23.1%); 34.00,-118.50 (22.6%); 34.25,-118.25 (10.1%); 33.75,-118.25 (6.4%); 34.25,-118.75 (2.4%)"
2021-07-12,92.43,33.57,2.0,Strong heat stress,89.6 to 100.4 F,90.87,84.24,97.31,1.56,0,450,1,"34.25,-118.50 (35.4%); 34.00,-118.25 (23.1%); 34.00,-118.50 (22.6%); 34.25,-118.25 (10.1%); 33.75,-118.25 (6.4%); 34.25,-118.75 (2.4%)"
2021-07-13,93.33,34.07,2.0,Strong heat stress,89.6 to 100.4 F,90.92,84.3,97.49,2.41,0,450,1,"34.25,-118.50 (35.4%); 34.00,-118.25 (23.1%); 34.00,-118.50 (22.6%); 34.25,-118.25 (10.1%); 33.75,-118.25 (6.4%); 34.25,-118.75 (2.4%)"
2021-07-14,91.18,32.88,2.0,Strong heat stress,89.6 to 100.4 F,90.91,84.44,97.51,0.27,0,450,1,"34.25,-118.50 (35.4%); 34.00,-118.25 (23.1%); 34.00,-118.50 (22.6%); 34.25,-118.25 (10.1%); 33.75,-118.25 (6.4%); 34.25,-118.75 (2.4%)"
2021-07-15,91.13,32.85,2.0,Strong heat stress,89.6 to 100.4 F,90.96,84.49,97.55,0.17,0,450,1,"34.25,-118.50 (35.4%); 34.00,-118.25 (23.1%); 34.00,-118.50 (22.6%); 34.25,-118.25 (10.1%); 33.75,-118.25 (6.4%); 34.25,-118.75 (2.4%)"
2021-07-16,90.12,32.29,2.0,Strong heat stress,89.6 to 100.4 F,91.08,84.61,97.7,-0.96,0,450,1,"34.25,-118.50 (35.4%); 34.00,-118.25 (23.1%); 34.00,-118.50 (22.6%); 34.25,-118.25 (10.1%); 33.75,-118.25 (6.4%); 34.25,-118.75 (2.4%)"
2021-07-17,92.7,33.72,2.0,Strong heat stress,89.6 to 100.4 F,91.18,84.65,97.91,1.52,0,450,1,"34.25,-118.50 (35.4%); 34.00,-118.25 (23.1%); 34.00,-118.50 (22.6%); 34.25,-118.25 (10.1%); 33.75,-118.25 (6.4%); 34.25,-118.75 (2.4%)"
2021-07-18,96.23,35.68,2.0,Strong heat stress,89.6 to 100.4 F,91.31,84.92,98.52,4.92,0,450,1,"34.25,-118.50 (35.4%); 34.00,-118.25 (23.1%); 34.00,-118.50 (22.6%); 34.25,-118.25 (10.1%); 33.75,-118.25 (6.4%); 34.25,-118.75 (2.4%)"
2021-07-19,96.46,35.81,2.0,Strong heat stress,89.6 to 100.4 F,91.46,85.02,98.93,5.0,0,450,1,"34.25,-118.50 (35.4%); 34.00,-118.25 (23.1%); 34.00,-118.50 (22.6%); 34.25,-118.25 (10.1%); 33.75,-118.25 (6.4%); 34.25,-118.75 (2.4%)"
2021-07-20,95.52,35.29,2.0,Strong heat stress,89.6 to 100.4 F,91.54,85.18,99.1,3.98,0,450,1,"34.25,-118.50 (35.4%); 34.00,-118.25 (23.1%); 34.00,-118.50 (22.6%); 34.25,-118.25 (10.1%); 33.75,-118.25 (6.4%); 34.25,-118.75 (2.4%)"
2021-07-21,97.91,36.62,2.0,Strong heat stress,89.6 to 100.4 F,91.54,85.18,99.1,6.37,0,450,1,"34.25,-118.50 (35.4%); 34.00,-118.25 (23.1%); 34.00,-118.50 (22.6%); 34.25,-118.25 (10.1%); 33.75,-118.25 (6.4%); 34.25,-118.75 (2.4%)"
2021-07-22,93.41,34.12,2.0,Strong heat stress,89.6 to 100.4 F,91.53,85.18,99.11,1.88,0,450,1,"34.25,-118.50 (35.4%); 34.00,-118.25 (23.1%); 34.00,-118.50 (22.6%); 34.25,-118.25 (10.1%); 33.75,-118.25 (6.4%); 34.25,-118.75 (2.4%)"
2021-07-23,92.34,33.52,2.0,Strong heat stress,89.6 to 100.4 F,91.58,85.22,99.1,0.76,0,450,1,"34.25,-118.50 (35.4%); 34.00,-118.25 (23.1%); 34.00,-118.50 (22.6%); 34.25,-118.25 (10.1%); 33.75,-118.25 (6.4%); 34.25,-118.75 (2.4%)"
2021-07-24,90.68,32.6,2.0,Strong heat stress,89.6 to 100.4 F,91.65,85.25,99.09,-0.97,0,450,1,"34.25,-118.50 (35.4%); 34.00,-118.25 (23.1%); 34.00,-118.50 (22.6%); 34.25,-118.25 (10.1%); 33.75,-118.25 (6.4%); 34.25,-118.75 (2.4%)"
2021-07-25,88.18,31.21,1.0,Moderate heat stress,78.8 to 89.6 F,91.76,85.38,99.1,-3.58,0,450,1,"34.25,-118.50 (35.4%); 34.00,-118.25 (23.1%); 34.00,-118.50 (22.6%); 34.25,-118.25 (10.1%); 33.75,-118.25 (6.4%); 34.25,-118.75 (2.4%)"
2021-07-26,89.35,31.86,1.0,Moderate heat stress,78.8 to 89.6 F,91.84,85.39,99.09,-2.49,0,450,1,"34.25,-118.50 (35.4%); 34.00,-118.25 (23.1%); 34.00,-118.50 (22.6%); 34.25,-118.25 (10.1%); 33.75,-118.25 (6.4%); 34.25,-118.75 (2.4%)"
2021-07-27,91.57,33.1,2.0,Strong heat stress,89.6 to 100.4 F,91.89,85.71,99.09,-0.32,0,450,1,"34.25,-118.50 (35.4%); 34.00,-118.25 (23.1%); 34.00,-118.50 (22.6%); 34.25,-118.25 (10.1%); 33.75,-118.25 (6.4%); 34.25,-118.75 (2.4%)"
2021-07-28,94.09,34.5,2.0,Strong heat stress,89.6 to 100.4 F,91.99,85.74,99.04,2.1,0,450,1,"34.25,-118.50 (35.4%); 34.00,-118.25 (23.1%); 34.00,-118.50 (22.6%); 34.25,-118.25 (10.1%); 33.75,-118.25 (6.4%); 34.25,-118.75 (2.4%)"
2021-07-29,94.68,34.82,2.0,Strong heat stress,89.6 to 100.4 F,92.08,85.81,98.93,2.6,0,450,1,"34.25,-118.50 (35.4%); 34.00,-118.25 (23.1%); 34.00,-118.50 (22.6%); 34.25,-118.25 (10.1%); 33.75,-118.25 (6.4%); 34.25,-118.75 (2.4%)"
2021-07-30,96.28,35.71,2.0,Strong heat stress,89.6 to 100.4 F,92.07,85.74,98.93,4.21,0,450,1,"34.25,-118.50 (35.4%); 34.00,-118.25 (23.1%); 34.00,-118.50 (22.6%); 34.25,-118.25 (10.1%); 33.75,-118.25 (6.4%); 34.25,-118.75 (2.4%)"
2021-07-31,93.91,34.4,2.0,Strong heat stress,89.6 to 100.4 F,92.02,85.71,98.89,1.89,0,450,1,"34.25,-118.50 (35.4%); 34.00,-118.25 (23.1%); 34.00,-118.50 (22.6%); 34.25,-118.25 (10.1%); 33.75,-118.25 (6.4%); 34.25,-118.75 (2.4%)"
2021-08-01,95.49,35.27,2.0,Strong heat stress,89.6 to 100.4 F,92.03,85.74,98.82,3.46,0,450,1,"34.25,-118.50 (35.4%); 34.00,-118.25 (23.1%); 34.00,-118.50 (22.6%); 34.25,-118.25 (10.1%); 33.75,-118.25 (6.4%); 34.25,-118.75 (2.4%)"
2021-08-02,98.76,37.09,2.0,Strong heat stress,89.6 to 100.4 F,92.08,85.59,98.89,6.68,0,450,1,"34.25,-118.50 (35.4%); 34.00,-118.25 (23.1%); 34.00,-118.50 (22.6%); 34.25,-118.25 (10.1%); 33.75,-118.25 (6.4%); 34.25,-118.75 (2.4%)"
2021-08-03,97.47,36.37,2.0,Strong heat stress,89.6 to 100.4 F,92.06,85.34,99.01,5.41,0,450,1,"34.25,-118.50 (35.4%); 34.00,-118.25 (23.1%); 34.00,-118.50 (22.6%); 34.25,-118.25 (10.1%); 33.75,-118.25 (6.4%); 34.25,-118.75 (2.4%)"
2021-08-04,98.37,36.87,2.0,Strong heat stress,89.6 to 100.4 F,92.13,85.45,99.01,6.24,0,450,1,"34.25,-118.50 (35.4%); 34.00,-118.25 (23.1%); 34.00,-118.50 (22.6%); 34.25,-118.25 (10.1%); 33.75,-118.25 (6.4%); 34.25,-118.75 (2.4%)"
2021-08-05,96.29,35.71,2.0,Strong heat stress,89.6 to 100.4 F,92.28,85.65,99.49,4.01,0,450,1,"34.25,-118.50 (35.4%); 34.00,-118.25 (23.1%); 34.00,-118.50 (22.6%); 34.25,-118.25 (10.1%); 33.75,-118.25 (6.4%); 34.25,-118.75 (2.4%)"
2021-08-06,89.71,32.06,2.0,Strong heat stress,89.6 to 100.4 F,92.51,85.82,99.95,-2.8,0,450,1,"34.25,-118.50 (35.4%); 34.00,-118.25 (23.1%); 34.00,-118.50 (22.6%); 34.25,-118.25 (10.1%); 33.75,-118.25 (6.4%); 34.25,-118.75 (2.4%)"
2021-08-07,88.33,31.3,1.0,Moderate heat stress,78.8 to 89.6 F,92.67,85.82,100.38,-4.34,0,450,1,"34.25,-118.50 (35.4%); 34.00,-118.25 (23.1%); 34.00,-118.50 (22.6%); 34.25,-118.25 (10.1%); 33.75,-118.25 (6.4%); 34.25,-118.75 (2.4%)"
2021-08-08,91.25,32.92,2.0,Strong heat stress,89.6 to 100.4 F,92.8,85.86,100.97,-1.55,0,450,1,"34.25,-118.50 (35.4%); 34.00,-118.25 (23.1%); 34.00,-118.50 (22.6%); 34.25,-118.25 (10.1%); 33.75,-118.25 (6.4%); 34.25,-118.75 (2.4%)"
2021-08-09,92.73,33.74,2.0,Strong heat stress,89.6 to 100.4 F,92.87,85.72,101.12,-0.14,0,450,1,"34.25,-118.50 (35.4%); 34.00,-118.25 (23.1%); 34.00,-118.50 (22.6%); 34.25,-118.25 (10.1%); 33.75,-118.25 (6.4%); 34.25,-118.75 (2.4%)"
2021-08-10,96.95,36.09,2.0,Strong heat stress,89.6 to 100.4 F,92.9,85.78,101.22,4.05,0,450,1,"34.25,-118.50 (35.4%); 34.00,-118.25 (23.1%); 34.00,-118.50 (22.6%); 34.25,-118.25 (10.1%); 33.75,-118.25 (6.4%); 34.25,-118.75 (2.4%)"
2021-08-11,97.53,36.4,2.0,Strong heat stress,89.6 to 100.4 F,92.94,85.78,101.25,4.59,0,450,1,"34.25,-118.50 (35.4%); 34.00,-118.25 (23.1%); 34.00,-118.50 (22.6%); 34.25,-118.25 (10.1%); 33.75,-118.25 (6.4%); 34.25,-118.75 (2.4%)"
2021-08-12,97.08,36.16,2.0,Strong heat stress,89.6 to 100.4 F,92.9,85.78,101.25,4.18,0,450,1,"34.25,-118.50 (35.4%); 34.00,-118.25 (23.1%); 34.00,-118.50 (22.6%); 34.25,-118.25 (10.1%); 33.75,-118.25 (6.4%); 34.25,-118.75 (2.4%)"
2021-08-13,93.27,34.04,2.0,Strong heat stress,89.6 to 100.4 F,92.9,85.96,101.25,0.37,0,450,1,"34.25,-118.50 (35.4%); 34.00,-118.25 (23.1%); 34.00,-118.50 (22.6%); 34.25,-118.25 (10.1%); 33.75,-118.25 (6.4%); 34.25,-118.75 (2.4%)"
2021-08-14,95.32,35.18,2.0,Strong heat stress,89.6 to 100.4 F,92.94,86.23,101.19,2.38,0,450,1,"34.25,-118.50 (35.4%); 34.00,-118.25 (23.1%); 34.00,-118.50 (22.6%); 34.25,-118.25 (10.1%); 33.75,-118.25 (6.4%); 34.25,-118.75 (2.4%)"
2021-08-15,96.29,35.72,2.0,Strong heat stress,89.6 to 100.4 F,93.04,86.38,101.22,3.25,0,450,1,"34.25,-118.50 (35.4%); 34.00,-118.25 (23.1%); 34.00,-118.50 (22.6%); 34.25,-118.25 (10.1%); 33.75,-118.25 (6.4%); 34.25,-118.75 (2.4%)"
2021-08-16,95.07,35.04,2.0,Strong heat stress,89.6 to 100.4 F,93.11,86.44,101.25,1.96,0,450,1,"34.25,-118.50 (35.4%); 34.00,-118.25 (23.1%); 34.00,-118.50 (22.6%); 34.25,-118.25 (10.1%); 33.75,-118.25 (6.4%); 34.25,-118.75 (2.4%)"
2021-08-17,90.63,32.57,2.0,Strong heat stress,89.6 to 100.4 F,93.15,86.61,101.25,-2.52,0,450,1,"34.25,-118.50 (35.4%); 34.00,-118.25 (23.1%); 34.00,-118.50 (22.6%); 34.25,-118.25 (10.1%); 33.75,-118.25 (6.4%); 34.25,-118.75 (2.4%)"
2021-08-18,80.61,27.01,1.0,Moderate heat stress,78.8 to 89.6 F,93.27,86.82,101.22,-12.66,0,450,1,"34.25,-118.50 (35.4%); 34.00,-118.25 (23.1%); 34.00,-118.50 (22.6%); 34.25,-118.25 (10.1%); 33.75,-118.25 (6.4%); 34.25,-118.75 (2.4%)"
2021-08-19,88.16,31.2,1.0,Moderate heat stress,78.8 to 89.6 F,93.38,86.86,101.12,-5.22,0,450,1,"34.25,-118.50 (35.4%); 34.00,-118.25 (23.1%); 34.00,-118.50 (22.6%); 34.25,-118.25 (10.1%); 33.75,-118.25 (6.4%); 34.25,-118.75 (2.4%)"
2021-08-20,88.27,31.26,1.0,Moderate heat stress,78.8 to 89.6 F,93.49,86.86,100.98,-5.22,0,450,1,"34.25,-118.50 (35.4%); 34.00,-118.25 (23.1%); 34.00,-118.50 (22.6%); 34.25,-118.25 (10.1%); 33.75,-118.25 (6.4%); 34.25,-118.75 (2.4%)"
2021-08-21,82.71,28.17,1.0,Moderate heat stress,78.8 to 89.6 F,93.53,86.86,100.98,-10.82,0,450,1,"34.25,-118.50 (35.4%); 34.00,-118.25 (23.1%); 34.00,-118.50 (22.6%); 34.25,-118.25 (10.1%); 33.75,-118.25 (6.4%); 34.25,-118.75 (2.4%)"
2021-08-22,87.45,30.8,1.0,Moderate heat stress,78.8 to 89.6 F,93.65,87.08,101.12,-6.2,0,450,1,"34.25,-118.50 (35.4%); 34.00,-118.25 (23.1%); 34.00,-118.50 (22.6%); 34.25,-118.25 (10.1%); 33.75,-118.25 (6.4%); 34.25,-118.75 (2.4%)"
2021-08-23,88.01,31.11,1.0,Moderate heat stress,78.8 to 89.6 F,93.71,87.12,101.14,-5.7,0,450,1,"34.25,-118.50 (35.4%); 34.00,-118.25 (23.1%); 34.00,-118.50 (22.6%); 34.25,-118.25 (10.1%); 33.75,-118.25 (6.4%); 34.25,-118.75 (2.4%)"
2021-08-24,91.44,33.02,2.0,Strong heat stress,89.6 to 100.4 F,93.76,87.12,101.14,-2.32,0,450,1,"34.25,-118.50 (35.4%); 34.00,-118.25 (23.1%); 34.00,-118.50 (22.6%); 34.25,-118.25 (10.1%); 33.75,-118.25 (6.4%); 34.25,-118.75 (2.4%)"
2021-08-25,95.12,35.07,2.0,Strong heat stress,89.6 to 100.4 F,93.85,87.19,101.33,1.27,0,450,1,"34.25,-118.50 (35.4%); 34.00,-118.25 (23.1%); 34.00,-118.50 (22.6%); 34.25,-118.25 (10.1%); 33.75,-118.25 (6.4%); 34.25,-118.75 (2.4%)"
2021-08-26,99.94,37.74,2.0,Strong heat stress,89.6 to 100.4 F,94.0,87.19,102.23,5.94,0,450,1,"34.25,-118.50 (35.4%); 34.00,-118.25 (23.1%); 34.00,-118.50 (22.6%); 34.25,-118.25 (10.1%); 33.75,-118.25 (6.4%); 34.25,-118.75 (2.4%)"
2021-08-27,99.56,37.53,2.0,Strong heat stress,89.6 to 100.4 F,94.21,87.19,102.66,5.35,0,450,1,"34.25,-118.50 (35.4%); 34.00,-118.25 (23.1%); 34.00,-118.50 (22.6%); 34.25,-118.25 (10.1%); 33.75,-118.25 (6.4%); 34.25,-118.75 (2.4%)"
2021-08-28,97.26,36.26,2.0,Strong heat stress,89.6 to 100.4 F,94.37,87.04,102.8,2.89,0,450,1,"34.25,-118.50 (35.4%); 34.00,-118.25 (23.1%); 34.00,-118.50 (22.6%); 34.25,-118.25 (10.1%); 33.75,-118.25 (6.4%); 34.25,-118.75 (2.4%)"
2021-08-29,97.6,36.44,2.0,Strong heat stress,89.6 to 100.4 F,94.6,87.32,103.3,3.0,0,450,1,"34.25,-118.50 (35.4%); 34.00,-118.25 (23.1%); 34.00,-118.50 (22.6%); 34.25,-118.25 (10.1%); 33.75,-118.25 (6.4%); 34.25,-118.75 (2.4%)"
2021-08-30,89.99,32.21,2.0,Strong heat stress,89.6 to 100.4 F,94.73,87.32,103.35,-4.74,0,450,1,"34.25,-118.50 (35.4%); 34.00,-118.25 (23.1%); 34.00,-118.50 (22.6%); 34.25,-118.25 (10.1%); 33.75,-118.25 (6.4%); 34.25,-118.75 (2.4%)"
2021-08-31,86.71,30.39,1.0,Moderate heat stress,78.8 to 89.6 F,94.77,87.31,103.41,-8.06,0,450,1,"34.25,-118.50 (35.4%); 34.00,-118.25 (23.1%); 34.00,-118.50 (22.6%); 34.25,-118.25 (10.1%); 33.75,-118.25 (6.4%); 34.25,-118.75 (2.4%)"
2021-09-01,86.11,30.06,1.0,Moderate heat stress,78.8 to 89.6 F,94.66,87.0,103.41,-8.55,0,450,1,"34.25,-118.50 (35.4%); 34.00,-118.25 (23.1%); 34.00,-118.50 (22.6%); 34.25,-118.25 (10.1%); 33.75,-118.25 (6.4%); 34.25,-118.75 (2.4%)"
2021-09-02,87.44,30.8,1.0,Moderate heat stress,78.8 to 89.6 F,94.43,86.42,103.41,-6.99,0,450,1,"34.25,-118.50 (35.4%); 34.00,-118.25 (23.1%); 34.00,-118.50 (22.6%); 34.25,-118.25 (10.1%); 33.75,-118.25 (6.4%); 34.25,-118.75 (2.4%)"
2021-09-03,90.09,32.27,2.0,Strong heat stress,89.6 to 100.4 F,94.19,86.08,103.35,-4.1,0,450,1,"34.25,-118.50 (35.4%); 34.00,-118.25 (23.1%); 34.00,-118.50 (22.6%); 34.25,-118.25 (10.1%); 33.75,-118.25 (6.4%); 34.25,-118.75 (2.4%)"
2021-09-04,97.81,36.56,2.0,Strong heat stress,89.6 to 100.4 F,93.91,85.76,103.11,3.9,0,450,1,"34.25,-118.50 (35.4%); 34.00,-118.25 (23.1%); 34.00,-118.50 (22.6%); 34.25,-118.25 (10.1%); 33.75,-118.25 (6.4%); 34.25,-118.75 (2.4%)"
2021-09-05,103.19,39.55,3.0,Very strong heat stress,100.4 to 114.8 F,93.62,85.3,102.97,9.57,1,450,1,"34.25,-118.50 (35.4%); 34.00,-118.25 (23.1%); 34.00,-118.50 (22.6%); 34.25,-118.25 (10.1%); 33.75,-118.25 (6.4%); 34.25,-118.75 (2.4%)"
2021-09-06,96.06,35.59,2.0,Strong heat stress,89.6 to 100.4 F,93.25,85.01,102.21,2.81,0,450,1,"34.25,-118.50 (35.4%); 34.00,-118.25 (23.1%); 34.00,-118.50 (22.6%); 34.25,-118.25 (10.1%); 33.75,-118.25 (6.4%); 34.25,-118.75 (2.4%)"
2021-09-07,96.22,35.68,2.0,Strong heat stress,89.6 to 100.4 F,93.03,84.88,101.61,3.19,0,450,1,"34.25,-118.50 (35.4%); 34.00,-118.25 (23.1%); 34.00,-118.50 (22.6%); 34.25,-118.25 (10.1%); 33.75,-118.25 (6.4%); 34.25,-118.75 (2.4%)"
2021-09-08,95.82,35.46,2.0,Strong heat stress,89.6 to 100.4 F,92.81,84.75,101.31,3.01,0,450,1,"34.25,-118.50 (35.4%); 34.00,-118.25 (23.1%); 34.00,-118.50 (22.6%); 34.25,-118.25 (10.1%); 33.75,-118.25 (6.4%); 34.25,-118.75 (2.4%)"
2021-09-09,99.03,37.24,2.0,Strong heat stress,89.6 to 100.4 F,92.56,84.41,101.03,6.47,0,450,1,"34.25,-118.50 (35.4%); 34.00,-118.25 (23.1%); 34.00,-118.50 (22.6%); 34.25,-118.25 (10.1%); 33.75,-118.25 (6.4%); 34.25,-118.75 (2.4%)"
2021-09-10,98.54,36.97,2.0,Strong heat stress,89.6 to 100.4 F,92.23,84.3,100.55,6.31,0,450,1,"34.25,-118.50 (35.4%); 34.00,-118.25 (23.1%); 34.00,-118.50 (22.6%); 34.25,-118.25 (10.1%); 33.75,-118.25 (6.4%); 34.25,-118.75 (2.4%)"
2021-09-11,99.8,37.67,2.0,Strong heat stress,89.6 to 100.4 F,91.94,84.41,100.18,7.86,0,450,1,"34.25,-118.50 (35.4%); 34.00,-118.25 (23.1%); 34.00,-118.50 (22.6%); 34.25,-118.25 (10.1%); 33.75,-118.25 (6.4%); 34.25,-118.75 (2.4%)"
2021-09-12,98.19,36.77,2.0,Strong heat stress,89.6 to 100.4 F,91.63,84.01,99.56,6.56,0,450,1,"34.25,-118.50 (35.4%); 34.00,-118.25 (23.1%); 34.00,-118.50 (22.6%); 34.25,-118.25 (10.1%); 33.75,-118.25 (6.4%); 34.25,-118.75 (2.4%)"
2021-09-13,94.74,34.86,2.0,Strong heat stress,89.6 to 100.4 F,91.2,83.85,99.13,3.54,0,450,1,"34.25,-118.50 (35.4%); 34.00,-118.25 (23.1%); 34.00,-118.50 (22.6%); 34.25,-118.25 (10.1%); 33.75,-118.25 (6.4%); 34.25,-118.75 (2.4%)"
2021-09-14,89.89,32.16,2.0,Strong heat stress,89.6 to 100.4 F,90.85,83.58,98.73,-0.96,0,450,1,"34.25,-118.50 (35.4%); 34.00,-118.25 (23.1%); 34.00,-118.50 (22.6%); 34.25,-118.25 (10.1%); 33.75,-118.25 (6.4%); 34.25,-118.75 (2.4%)"
2021-09-15,88.1,31.17,1.0,Moderate heat stress,78.8 to 89.6 F,90.59,83.4,98.68,-2.49,0,450,1,"34.25,-118.50 (35.4%); 34.00,-118.25 (23.1%); 34.00,-118.50 (22.6%); 34.25,-118.25 (10.1%); 33.75,-118.25 (6.4%); 34.25,-118.75 (2.4%)"
2021-09-16,83.78,28.77,1.0,Moderate heat stress,78.8 to 89.6 F,90.57,83.22,98.73,-6.79,0,450,1,"34.25,-118.50 (35.4%); 34.00,-118.25 (23.1%); 34.00,-118.50 (22.6%); 34.25,-118.25 (10.1%); 33.75,-118.25 (6.4%); 34.25,-118.75 (2.4%)"
2021-09-17,86.74,30.41,1.0,Moderate heat stress,78.8 to 89.6 F,90.7,83.28,98.81,-3.96,0,450,1,"34.25,-118.50 (35.4%); 34.00,-118.25 (23.1%); 34.00,-118.50 (22.6%); 34.25,-118.25 (10.1%); 33.75,-118.25 (6.4%); 34.25,-118.75 (2.4%)"
2021-09-18,84.93,29.4,1.0,Moderate heat stress,78.8 to 89.6 F,90.73,83.28,98.99,-5.8,0,450,1,"34.25,-118.50 (35.4%); 34.00,-118.25 (23.1%); 34.00,-118.50 (22.6%); 34.25,-118.25 (10.1%); 33.75,-118.25 (6.4%); 34.25,-118.75 (2.4%)"
2021-09-19,85.83,29.91,1.0,Moderate heat stress,78.8 to 89.6 F,90.74,83.22,99.68,-4.91,0,450,1,"34.25,-118.50 (35.4%); 34.00,-118.25 (23.1%); 34.00,-118.50 (22.6%); 34.25,-118.25 (10.1%); 33.75,-118.25 (6.4%); 34.25,-118.75 (2.4%)"
2021-09-20,92.1,33.39,2.0,Strong heat stress,89.6 to 100.4 F,90.81,83.13,99.62,1.29,0,450,1,"34.25,-118.50 (35.4%); 34.00,-118.25 (23.1%); 34.00,-118.50 (22.6%); 34.25,-118.25 (10.1%); 33.75,-118.25 (6.4%); 34.25,-118.75 (2.4%)"
2021-09-21,102.11,38.95,3.0,Very strong heat stress,100.4 to 114.8 F,90.87,82.71,99.75,11.24,1,450,1,"34.25,-118.50 (35.4%); 34.00,-118.25 (23.1%); 34.00,-118.50 (22.6%); 34.25,-118.25 (10.1%); 33.75,-118.25 (6.4%); 34.25,-118.75 (2.4%)"
2021-09-22,100.93,38.29,3.0,Very strong heat stress,100.4 to 114.8 F,90.89,82.21,99.75,10.04,1,450,1,"34.25,-118.50 (35.4%); 34.00,-118.25 (23.1%); 34.00,-118.50 (22.6%); 34.25,-118.25 (10.1%); 33.75,-118.25 (6.4%); 34.25,-118.75 (2.4%)"
2021-09-23,93.3,34.06,2.0,Strong heat stress,89.6 to 100.4 F,91.0,82.03,100.12,2.3,0,450,1,"34.25,-118.50 (35.4%); 34.00,-118.25 (23.1%); 34.00,-118.50 (22.6%); 34.25,-118.25 (10.1%); 33.75,-118.25 (6.4%); 34.25,-118.75 (2.4%)"
2021-09-24,89.44,31.91,1.0,Moderate heat stress,78.8 to 89.6 F,91.03,81.81,100.27,-1.59,0,450,1,"34.25,-118.50 (35.4%); 34.00,-118.25 (23.1%); 34.00,-118.50 (22.6%); 34.25,-118.25 (10.1%); 33.75,-118.25 (6.4%); 34.25,-118.75 (2.4%)"
2021-09-25,86.97,30.54,1.0,Moderate heat stress,78.8 to 89.6 F,91.02,82.03,100.61,-4.05,0,450,1,"34.25,-118.50 (35.4%); 34.00,-118.25 (23.1%); 34.00,-118.50 (22.6%); 34.25,-118.25 (10.1%); 33.75,-118.25 (6.4%); 34.25,-118.75 (2.4%)"
2021-09-26,83.26,28.48,1.0,Moderate heat stress,78.8 to 89.6 F,90.77,81.65,100.81,-7.51,0,450,1,"34.25,-118.50 (35.4%); 34.00,-118.25 (23.1%); 34.00,-118.50 (22.6%); 34.25,-118.25 (10.1%); 33.75,-118.25 (6.4%); 34.25,-118.75 (2.4%)"
2021-09-27,82.38,27.99,1.0,Moderate heat stress,78.8 to 89.6 F,90.41,81.36,100.86,-8.03,0,450,1,"34.25,-118.50 (35.4%); 34.00,-118.25 (23.1%); 34.00,-118.50 (22.6%); 34.25,-118.25 (10.1%); 33.75,-118.25 (6.4%); 34.25,-118.75 (2.4%)"
2021-09-28,81.41,27.45,1.0,Moderate heat stress,78.8 to 89.6 F,90.19,80.96,100.81,-8.78,0,450,1,"34.25,-118.50 (35.4%); 34.00,-118.25 (23.1%); 34.00,-118.50 (22.6%); 34.25,-118.25 (10.1%); 33.75,-118.25 (6.4%); 34.25,-118.75 (2.4%)"
2021-09-29,84.7,29.28,1.0,Moderate heat stress,78.8 to 89.6 F,90.09,80.91,100.86,-5.39,0,450,1,"34.25,-118.50 (35.4%); 34.00,-118.25 (23.1%); 34.00,-118.50 (22.6%); 34.25,-118.25 (10.1%); 33.75,-118.25 (6.4%); 34.25,-118.75 (2.4%)"
2021-09-30,93.61,34.23,2.0,Strong heat stress,89.6 to 100.4 F,90.07,80.96,100.86,3.54,0,450,1,"34.25,-118.50 (35.4%); 34.00,-118.25 (23.1%); 34.00,-118.50 (22.6%); 34.25,-118.25 (10.1%); 33.75,-118.25 (6.4%); 34.25,-118.75 (2.4%)"
2021-10-01,94.92,34.96,2.0,Strong heat stress,89.6 to 100.4 F,89.89,80.96,100.17,5.03,0,450,1,"34.25,-118.50 (35.4%); 34.00,-118.25 (23.1%); 34.00,-118.50 (22.6%); 34.25,-118.25 (10.1%); 33.75,-118.25 (6.4%); 34.25,-118.75 (2.4%)"
2021-10-02,97.42,36.35,2.0,Strong heat stress,89.6 to 100.4 F,89.55,80.91,100.11,7.87,0,450,1,"34.25,-118.50 (35.4%); 34.00,-118.25 (23.1%); 34.00,-118.50 (22.6%); 34.25,-118.25 (10.1%); 33.75,-118.25 (6.4%); 34.25,-118.75 (2.4%)"
2021-10-03,98.23,36.8,2.0,Strong heat stress,89.6 to 100.4 F,89.23,80.19,99.97,9.0,0,450,1,"34.25,-118.50 (35.4%); 34.00,-118.25 (23.1%); 34.00,-118.50 (22.6%); 34.25,-118.25 (10.1%); 33.75,-118.25 (6.4%); 34.25,-118.75 (2.4%)"
2021-10-04,95.43,35.24,2.0,Strong heat stress,89.6 to 100.4 F,88.86,79.8,99.63,6.57,0,450,1,"34.25,-118.50 (35.4%); 34.00,-118.25 (23.1%); 34.00,-118.50 (22.6%); 34.25,-118.25 (10.1%); 33.75,-118.25 (6.4%); 34.25,-118.75 (2.4%)"
2021-10-05,88.95,31.64,1.0,Moderate heat stress,78.8 to 89.6 F,88.53,79.53,99.2,0.42,0,450,1,"34.25,-118.50 (35.4%); 34.00,-118.25 (23.1%); 34.00,-118.50 (22.6%); 34.25,-118.25 (10.1%); 33.75,-118.25 (6.4%); 34.25,-118.75 (2.4%)"
2021-10-06,85.83,29.9,1.0,Moderate heat stress,78.8 to 89.6 F,88.26,79.46,98.97,-2.43,0,450,1,"34.25,-118.50 (35.4%); 34.00,-118.25 (23.1%); 34.00,-118.50 (22.6%); 34.25,-118.25 (10.1%); 33.75,-118.25 (6.4%); 34.25,-118.75 (2.4%)"
2021-10-07,75.13,23.96,0.0,No thermal stress,48.2 to 78.8 F,88.01,79.37,98.57,-12.88,0,450,1,"34.25,-118.50 (35.4%); 34.00,-118.25 (23.1%); 34.00,-118.50 (22.6%); 34.25,-118.25 (10.1%); 33.75,-118.25 (6.4%); 34.25,-118.75 (2.4%)"
2021-10-08,75.8,24.33,0.0,No thermal stress,48.2 to 78.8 F,87.62,78.72,97.87,-11.82,0,450,1,"34.25,-118.50 (35.4%); 34.00,-118.25 (23.1%); 34.00,-118.50 (22.6%); 34.25,-118.25 (10.1%); 33.75,-118.25 (6.4%); 34.25,-118.75 (2.4%)"
2021-10-09,80.76,27.09,1.0,Moderate heat stress,78.8 to 89.6 F,87.29,78.29,97.76,-6.53,0,450,1,"34.25,-118.50 (35.4%); 34.00,-118.25 (23.1%); 34.00,-118.50 (22.6%); 34.25,-118.25 (10.1%); 33.75,-118.25 (6.4%); 34.25,-118.75 (2.4%)"
2021-10-10,87.41,30.78,1.0,Moderate heat stress,78.8 to 89.6 F,87.07,77.8,97.45,0.34,0,450,1,"34.25,-118.50 (35.4%); 34.00,-118.25 (23.1%); 34.00,-118.50 (22.6%); 34.25,-118.25 (10.1%); 33.75,-118.25 (6.4%); 34.25,-118.75 (2.4%)"
2021-10-11,78.59,25.88,0.0,No thermal stress,48.2 to 78.8 F,87.04,77.75,97.17,-8.45,0,450,1,"34.25,-118.50 (35.4%); 34.00,-118.25 (23.1%); 34.00,-118.50 (22.6%); 34.25,-118.25 (10.1%); 33.75,-118.25 (6.4%); 34.25,-118.75 (2.4%)"
2021-10-12,81.25,27.36,1.0,Moderate heat stress,78.8 to 89.6 F,87.16,78.29,97.06,-5.91,0,450,1,"34.25,-118.50 (35.4%); 34.00,-118.25 (23.1%); 34.00,-118.50 (22.6%); 34.25,-118.25 (10.1%); 33.75,-118.25 (6.4%); 34.25,-118.75 (2.4%)"
2021-10-13,81.88,27.71,1.0,Moderate heat stress,78.8 to 89.6 F,87.15,78.29,97.15,-5.27,0,450,1,"34.25,-118.50 (35.4%); 34.00,-118.25 (23.1%); 34.00,-118.50 (22.6%); 34.25,-118.25 (10.1%); 33.75,-118.25 (6.4%); 34.25,-118.75 (2.4%)"
2021-10-14,85.08,29.49,1.0,Moderate heat stress,78.8 to 89.6 F,86.95,78.24,96.85,-1.87,0,450,1,"34.25,-118.50 (35.4%); 34.00,-118.25 (23.1%); 34.00,-118.50 (22.6%); 34.25,-118.25 (10.1%); 33.75,-118.25 (6.4%); 34.25,-118.75 (2.4%)"
2021-10-15,93.85,34.36,2.0,Strong heat stress,89.6 to 100.4 F,86.73,77.79,96.85,7.12,0,450,1,"34.25,-118.50 (35.4%); 34.00,-118.25 (23.1%); 34.00,-118.50 (22.6%); 34.25,-118.25 (10.1%); 33.75,-118.25 (6.4%); 34.25,-118.75 (2.4%)"
2021-10-16,92.52,33.62,2.0,Strong heat stress,89.6 to 100.4 F,86.59,77.13,96.62,5.93,0,450,1,"34.25,-118.50 (35.4%); 34.00,-118.25 (23.1%); 34.00,-118.50 (22.6%); 34.25,-118.25 (10.1%); 33.75,-118.25 (6.4%); 34.25,-118.75 (2.4%)"
2021-10-17,82.94,28.3,1.0,Moderate heat stress,78.8 to 89.6 F,86.47,77.13,96.53,-3.53,0,450,1,"34.25,-118.50 (35.4%); 34.00,-118.25 (23.1%); 34.00,-118.50 (22.6%); 34.25,-118.25 (10.1%); 33.75,-118.25 (6.4%); 34.25,-118.75 (2.4%)"
2021-10-18,70.29,21.27,0.0,No thermal stress,48.2 to 78.8 F,86.32,76.47,96.28,-16.03,0,450,1,"34.25,-118.50 (35.4%); 34.00,-118.25 (23.1%); 34.00,-118.50 (22.6%); 34.25,-118.25 (10.1%); 33.75,-118.25 (6.4%); 34.25,-118.75 (2.4%)"
2021-10-19,79.86,26.59,1.0,Moderate heat stress,78.8 to 89.6 F,86.25,76.34,96.26,-6.39,0,450,1,"34.25,-118.50 (35.4%); 34.00,-118.25 (23.1%); 34.00,-118.50 (22.6%); 34.25,-118.25 (10.1%); 33.75,-118.25 (6.4%); 34.25,-118.75 (2.4%)"
2021-10-20,81.76,27.64,1.0,Moderate heat stress,78.8 to 89.6 F,86.04,76.12,96.05,-4.28,0,450,1,"34.25,-118.50 (35.4%); 34.00,-118.25 (23.1%); 34.00,-118.50 (22.6%); 34.25,-118.25 (10.1%); 33.75,-118.25 (6.4%); 34.25,-118.75 (2.4%)"
2021-10-21,84.85,29.36,1.0,Moderate heat stress,78.8 to 89.6 F,85.78,75.87,95.7,-0.93,0,450,1,"34.25,-118.50 (35.4%); 34.00,-118.25 (23.1%); 34.00,-118.50 (22.6%); 34.25,-118.25 (10.1%); 33.75,-118.25 (6.4%); 34.25,-118.75 (2.4%)"
2021-10-22,80.49,26.94,1.0,Moderate heat stress,78.8 to 89.6 F,85.36,75.02,95.38,-4.87,0,450,1,"34.25,-118.50 (35.4%); 34.00,-118.25 (23.1%); 34.00,-118.50 (22.6%); 34.25,-118.25 (10.1%); 33.75,-118.25 (6.4%); 34.25,-118.75 (2.4%)"
2021-10-23,76.1,24.5,0.0,No thermal stress,48.2 to 78.8 F,84.94,74.6,94.84,-8.84,0,450,1,"34.25,-118.50 (35.4%); 34.00,-118.25 (23.1%); 34.00,-118.50 (22.6%); 34.25,-118.25 (10.1%); 33.75,-118.25 (6.4%); 34.25,-118.75 (2.4%)"
2021-10-24,79.96,26.64,1.0,Moderate heat stress,78.8 to 89.6 F,84.69,74.41,94.08,-4.73,0,450,1,"34.25,-118.50 (35.4%); 34.00,-118.25 (23.1%); 34.00,-118.50 (22.6%); 34.25,-118.25 (10.1%); 33.75,-118.25 (6.4%); 34.25,-118.75 (2.4%)"
2021-10-25,58.49,14.72,0.0,No thermal stress,48.2 to 78.8 F,84.49,74.41,93.75,-26.0,0,450,1,"34.25,-118.50 (35.4%); 34.00,-118.25 (23.1%); 34.00,-118.50 (22.6%); 34.25,-118.25 (10.1%); 33.75,-118.25 (6.4%); 34.25,-118.75 (2.4%)"
2021-10-26,77.74,25.41,0.0,No thermal stress,48.2 to 78.8 F,84.28,74.09,93.73,-6.54,0,450,1,"34.25,-118.50 (35.4%); 34.00,-118.25 (23.1%); 34.00,-118.50 (22.6%); 34.25,-118.25 (10.1%); 33.75,-118.25 (6.4%); 34.25,-118.75 (2.4%)"
2021-10-27,88.18,31.21,1.0,Moderate heat stress,78.8 to 89.6 F,84.06,74.09,93.55,4.12,0,450,1,"34.25,-118.50 (35.4%); 34.00,-118.25 (23.1%); 34.00,-118.50 (22.6%); 34.25,-118.25 (10.1%); 33.75,-118.25 (6.4%); 34.25,-118.75 (2.4%)"
2021-10-28,95.57,35.32,2.0,Strong heat stress,89.6 to 100.4 F,83.85,74.01,93.26,11.72,1,450,1,"34.25,-118.50 (35.4%); 34.00,-118.25 (23.1%); 34.00,-118.50 (22.6%); 34.25,-118.25 (10.1%); 33.75,-118.25 (6.4%); 34.25,-118.75 (2.4%)"
2021-10-29,90.46,32.48,2.0,Strong heat stress,89.6 to 100.4 F,83.76,74.27,93.1,6.7,0,450,1,"34.25,-118.50 (35.4%); 34.00,-118.25 (23.1%); 34.00,-118.50 (22.6%); 34.25,-118.25 (10.1%); 33.75,-118.25 (6.4%); 34.25,-118.75 (2.4%)"
2021-10-30,82.23,27.91,1.0,Moderate heat stress,78.8 to 89.6 F,83.52,74.32,92.86,-1.29,0,450,1,"34.25,-118.50 (35.4%); 34.00,-118.25 (23.1%); 34.00,-118.50 (22.6%); 34.25,-118.25 (10.1%); 33.75,-118.25 (6.4%); 34.25,-118.75 (2.4%)"
2021-10-31,80.71,27.06,1.0,Moderate heat stress,78.8 to 89.6 F,83.22,74.27,92.61,-2.51,0,450,1,"34.25,-118.50 (35.4%); 34.00,-118.25 (23.1%); 34.00,-118.50 (22.6%); 34.25,-118.25 (10.1%); 33.75,-118.25 (6.4%); 34.25,-118.75 (2.4%)"
2021-11-01,80.56,26.98,1.0,Moderate heat stress,78.8 to 89.6 F,82.76,73.54,92.47,-2.2,0,450,1,"34.25,-118.50 (35.4%); 34.00,-118.25 (23.1%); 34.00,-118.50 (22.6%); 34.25,-118.25 (10.1%); 33.75,-118.25 (6.4%); 34.25,-118.75 (2.4%)"
2021-11-02,81.37,27.43,1.0,Moderate heat stress,78.8 to 89.6 F,82.36,73.3,92.12,-0.99,0,450,1,"34.25,-118.50 (35.4%); 34.00,-118.25 (23.1%); 34.00,-118.50 (22.6%); 34.25,-118.25 (10.1%); 33.75,-118.25 (6.4%); 34.25,-118.75 (2.4%)"
2021-11-03,84.76,29.31,1.0,Moderate heat stress,78.8 to 89.6 F,81.95,73.06,91.99,2.81,0,450,1,"34.25,-118.50 (35.4%); 34.00,-118.25 (23.1%); 34.00,-118.50 (22.6%); 34.25,-118.25 (10.1%); 33.75,-118.25 (6.4%); 34.25,-118.75 (2.4%)"
2021-11-04,86.98,30.54,1.0,Moderate heat stress,78.8 to 89.6 F,81.65,73.02,91.38,5.33,0,450,1,"34.25,-118.50 (35.4%); 34.00,-118.25 (23.1%); 34.00,-118.50 (22.6%); 34.25,-118.25 (10.1%); 33.75,-118.25 (6.4%); 34.25,-118.75 (2.4%)"
2021-11-05,87.79,31.0,1.0,Moderate heat stress,78.8 to 89.6 F,81.49,72.52,91.14,6.3,0,450,1,"34.25,-118.50 (35.4%); 34.00,-118.25 (23.1%); 34.00,-118.50 (22.6%); 34.25,-118.25 (10.1%); 33.75,-118.25 (6.4%); 34.25,-118.75 (2.4%)"
2021-11-06,82.25,27.92,1.0,Moderate heat stress,78.8 to 89.6 F,81.57,72.77,91.32,0.68,0,450,1,"34.25,-118.50 (35.4%); 34.00,-118.25 (23.1%); 34.00,-118.50 (22.6%); 34.25,-118.25 (10.1%); 33.75,-118.25 (6.4%); 34.25,-118.75 (2.4%)"
2021-11-07,80.31,26.84,1.0,Moderate heat stress,78.8 to 89.6 F,81.65,73.02,91.46,-1.34,0,450,1,"34.25,-118.50 (35.4%); 34.00,-118.25 (23.1%); 34.00,-118.50 (22.6%); 34.25,-118.25 (10.1%); 33.75,-118.25 (6.4%); 34.25,-118.75 (2.4%)"
2021-11-08,78.3,25.72,0.0,No thermal stress,48.2 to 78.8 F,81.52,72.77,91.32,-3.22,0,450,1,"34.25,-118.50 (35.4%); 34.00,-118.25 (23.1%); 34.00,-118.50 (22.6%); 34.25,-118.25 (10.1%); 33.75,-118.25 (6.4%); 34.25,-118.75 (2.4%)"
2021-11-09,76.8,24.89,0.0,No thermal stress,48.2 to 78.8 F,81.25,72.2,91.14,-4.45,0,450,1,"34.25,-118.50 (35.4%); 34.00,-118.25 (23.1%); 34.00,-118.50 (22.6%); 34.25,-118.25 (10.1%); 33.75,-118.25 (6.4%); 34.25,-118.75 (2.4%)"
2021-11-10,84.97,29.43,1.0,Moderate heat stress,78.8 to 89.6 F,81.07,71.94,90.92,3.9,0,450,1,"34.25,-118.50 (35.4%); 34.00,-118.25 (23.1%); 34.00,-118.50 (22.6%); 34.25,-118.25 (10.1%); 33.75,-118.25 (6.4%); 34.25,-118.75 (2.4%)"
2021-11-11,96.47,35.81,2.0,Strong heat stress,89.6 to 100.4 F,80.96,71.79,90.06,15.51,1,450,1,"34.25,-118.50 (35.4%); 34.00,-118.25 (23.1%); 34.00,-118.50 (22.6%); 34.25,-118.25 (10.1%); 33.75,-118.25 (6.4%); 34.25,-118.75 (2.4%)"
2021-11-12,98.65,37.03,2.0,Strong heat stress,89.6 to 100.4 F,80.89,71.73,89.29,17.76,1,450,1,"34.25,-118.50 (35.4%); 34.00,-118.25 (23.1%); 34.00,-118.50 (22.6%); 34.25,-118.25 (10.1%); 33.75,-118.25 (6.4%); 34.25,-118.75 (2.4%)"
2021-11-13,94.56,34.75,2.0,Strong heat stress,89.6 to 100.4 F,80.58,71.18,89.09,13.98,1,450,1,"34.25,-118.50 (35.4%); 34.00,-118.25 (23.1%); 34.00,-118.50 (22.6%); 34.25,-118.25 (10.1%); 33.75,-118.25 (6.4%); 34.25,-118.75 (2.4%)"
2021-11-14,94.95,34.97,2.0,Strong heat stress,89.6 to 100.4 F,80.3,70.98,89.09,14.65,1,450,1,"34.25,-118.50 (35.4%); 34.00,-118.25 (23.1%); 34.00,-118.50 (22.6%); 34.25,-118.25 (10.1%); 33.75,-118.25 (6.4%); 34.25,-118.75 (2.4%)"
2021-11-15,88.56,31.42,1.0,Moderate heat stress,78.8 to 89.6 F,80.09,70.39,89.01,8.47,0,450,1,"34.25,-118.50 (35.4%); 34.00,-118.25 (23.1%); 34.00,-118.50 (22.6%); 34.25,-118.25 (10.1%); 33.75,-118.25 (6.4%); 34.25,-118.75 (2.4%)"
2021-11-16,80.09,26.72,1.0,Moderate heat stress,78.8 to 89.6 F,80.12,71.14,88.93,-0.03,0,450,1,"34.25,-118.50 (35.4%); 34.00,-118.25 (23.1%); 34.00,-118.50 (22.6%); 34.25,-118.25 (10.1%); 33.75,-118.25 (6.4%); 34.25,-118.75 (2.4%)"
2021-11-17,79.43,26.35,1.0,Moderate heat stress,78.8 to 89.6 F,80.18,71.36,88.71,-0.75,0,450,1,"34.25,-118.50 (35.4%); 34.00,-118.25 (23.1%); 34.00,-118.50 (22.6%); 34.25,-118.25 (10.1%); 33.75,-118.25 (6.4%); 34.25,-118.75 (2.4%)"
2021-11-18,80.57,26.98,1.0,Moderate heat stress,78.8 to 89.6 F,80.18,71.61,88.57,0.39,0,450,1,"34.25,-118.50 (35.4%); 34.00,-118.25 (23.1%); 34.00,-118.50 (22.6%); 34.25,-118.25 (10.1%); 33.75,-118.25 (6.4%); 34.25,-118.75 (2.4%)"
2021-11-19,79.43,26.35,1.0,Moderate heat stress,78.8 to 89.6 F,80.05,71.17,88.48,-0.62,0,450,1,"34.25,-118.50 (35.4%); 34.00,-118.25 (23.1%); 34.00,-118.50 (22.6%); 34.25,-118.25 (10.1%); 33.75,-118.25 (6.4%); 34.25,-118.75 (2.4%)"
2021-11-20,79.73,26.52,1.0,Moderate heat stress,78.8 to 89.6 F,79.68,71.05,88.47,0.05,0,450,1,"34.25,-118.50 (35.4%); 34.00,-118.25 (23.1%); 34.00,-118.50 (22.6%); 34.25,-118.25 (10.1%); 33.75,-118.25 (6.4%); 34.25,-118.75 (2.4%)"
2021-11-21,84.55,29.2,1.0,Moderate heat stress,78.8 to 89.6 F,79.17,70.32,87.54,5.38,0,450,1,"34.25,-118.50 (35.4%); 34.00,-118.25 (23.1%); 34.00,-118.50 (22.6%); 34.25,-118.25 (10.1%); 33.75,-118.25 (6.4%); 34.25,-118.75 (2.4%)"
2021-11-22,89.89,32.16,2.0,Strong heat stress,89.6 to 100.4 F,78.67,69.62,87.16,11.22,1,450,1,"34.25,-118.50 (35.4%); 34.00,-118.25 (23.1%); 34.00,-118.50 (22.6%); 34.25,-118.25 (10.1%); 33.75,-118.25 (6.4%); 34.25,-118.75 (2.4%)"
2021-11-23,81.12,27.29,1.0,Moderate heat stress,78.8 to 89.6 F,78.31,69.46,86.41,2.81,0,450,1,"34.25,-118.50 (35.4%); 34.00,-118.25 (23.1%); 34.00,-118.50 (22.6%); 34.25,-118.25 (10.1%); 33.75,-118.25 (6.4%); 34.25,-118.75 (2.4%)"
2021-11-24,82.21,27.89,1.0,Moderate heat stress,78.8 to 89.6 F,78.07,69.46,86.0,4.14,0,450,1,"34.25,-118.50 (35.4%); 34.00,-118.25 (23.1%); 34.00,-118.50 (22.6%); 34.25,-118.25 (10.1%); 33.75,-118.25 (6.4%); 34.25,-118.75 (2.4%)"
2021-11-25,78.07,25.59,0.0,No thermal stress,48.2 to 78.8 F,77.73,69.04,85.84,0.34,0,450,1,"34.25,-118.50 (35.4%); 34.00,-118.25 (23.1%); 34.00,-118.50 (22.6%); 34.25,-118.25 (10.1%); 33.75,-118.25 (6.4%); 34.25,-118.75 (2.4%)"
2021-11-26,85.46,29.7,1.0,Moderate heat stress,78.8 to 89.6 F,77.35,68.39,85.51,8.11,0,450,1,"34.25,-118.50 (35.4%); 34.00,-118.25 (23.1%); 34.00,-118.50 (22.6%); 34.25,-118.25 (10.1%); 33.75,-118.25 (6.4%); 34.25,-118.75 (2.4%)"
2021-11-27,83.29,28.5,1.0,Moderate heat stress,78.8 to 89.6 F,77.0,67.94,85.17,6.29,0,450,1,"34.25,-118.50 (35.4%); 34.00,-118.25 (23.1%); 34.00,-118.50 (22.6%); 34.25,-118.25 (10.1%); 33.75,-118.25 (6.4%); 34.25,-118.75 (2.4%)"
2021-11-28,86.25,30.14,1.0,Moderate heat stress,78.8 to 89.6 F,76.7,67.54,84.84,9.55,1,450,1,"34.25,-118.50 (35.4%); 34.00,-118.25 (23.1%); 34.00,-118.50 (22.6%); 34.25,-118.25 (10.1%); 33.75,-118.25 (6.4%); 34.25,-118.75 (2.4%)"
2021-11-29,85.46,29.7,1.0,Moderate heat stress,78.8 to 89.6 F,76.34,67.02,84.34,9.12,1,450,1,"34.25,-118.50 (35.4%); 34.00,-118.25 (23.1%); 34.00,-118.50 (22.6%); 34.25,-118.25 (10.1%); 33.75,-118.25 (6.4%); 34.25,-118.75 (2.4%)"
2021-11-30,85.14,29.52,1.0,Moderate heat stress,78.8 to 89.6 F,75.93,66.57,84.22,9.21,1,450,1,"34.25,-118.50 (35.4%); 34.00,-118.25 (23.1%); 34.00,-118.50 (22.6%); 34.25,-118.25 (10.1%); 33.75,-118.25 (6.4%); 34.25,-118.75 (2.4%)"
2021-12-01,85.98,29.99,1.0,Moderate heat stress,78.8 to 89.6 F,75.62,65.73,84.22,10.36,1,450,1,"34.25,-118.50 (35.4%); 34.00,-118.25 (23.1%); 34.00,-118.50 (22.6%); 34.25,-118.25 (10.1%); 33.75,-118.25 (6.4%); 34.25,-118.75 (2.4%)"
2021-12-02,80.09,26.72,1.0,Moderate heat stress,78.8 to 89.6 F,75.37,65.66,83.78,4.72,0,450,1,"34.25,-118.50 (35.4%); 34.00,-118.25 (23.1%); 34.00,-118.50 (22.6%); 34.25,-118.25 (10.1%); 33.75,-118.25 (6.4%); 34.25,-118.75 (2.4%)"
2021-12-03,77.8,25.44,0.0,No thermal stress,48.2 to 78.8 F,75.12,65.52,83.3,2.68,0,450,1,"34.25,-118.50 (35.4%); 34.00,-118.25 (23.1%); 34.00,-118.50 (22.6%); 34.25,-118.25 (10.1%); 33.75,-118.25 (6.4%); 34.25,-118.75 (2.4%)"
2021-12-04,77.69,25.38,0.0,No thermal stress,48.2 to 78.8 F,74.8,64.6,82.9,2.89,0,450,1,"34.25,-118.50 (35.4%); 34.00,-118.25 (23.1%); 34.00,-118.50 (22.6%); 34.25,-118.25 (10.1%); 33.75,-118.25 (6.4%); 34.25,-118.75 (2.4%)"
2021-12-05,79.29,26.27,1.0,Moderate heat stress,78.8 to 89.6 F,74.57,63.69,82.9,4.72,0,450,1,"34.25,-118.50 (35.4%); 34.00,-118.25 (23.1%); 34.00,-118.50 (22.6%); 34.25,-118.25 (10.1%); 33.75,-118.25 (6.4%); 34.25,-118.75 (2.4%)"
2021-12-06,78.79,26.0,0.0,No thermal stress,48.2 to 78.8 F,74.53,63.97,82.78,4.26,0,450,1,"34.25,-118.50 (35.4%); 34.00,-118.25 (23.1%); 34.00,-118.50 (22.6%); 34.25,-118.25 (10.1%); 33.75,-118.25 (6.4%); 34.25,-118.75 (2.4%)"
2021-12-07,76.17,24.54,0.0,No thermal stress,48.2 to 78.8 F,74.43,64.42,82.69,1.74,0,450,1,"34.25,-118.50 (35.4%); 34.00,-118.25 (23.1%); 34.00,-118.50 (22.6%); 34.25,-118.25 (10.1%); 33.75,-118.25 (6.4%); 34.25,-118.75 (2.4%)"
2021-12-08,77.33,25.18,0.0,No thermal stress,48.2 to 78.8 F,74.29,64.61,82.56,3.04,0,450,1,"34.25,-118.50 (35.4%); 34.00,-118.25 (23.1%); 34.00,-118.50 (22.6%); 34.25,-118.25 (10.1%); 33.75,-118.25 (6.4%); 34.25,-118.75 (2.4%)"
2021-12-09,55.08,12.82,0.0,No thermal stress,48.2 to 78.8 F,74.05,63.97,82.44,-18.97,0,450,1,"34.25,-118.50 (35.4%); 34.00,-118.25 (23.1%); 34.00,-118.50 (22.6%); 34.25,-118.25 (10.1%); 33.75,-118.25 (6.4%); 34.25,-118.75 (2.4%)"
2021-12-10,73.52,23.07,0.0,No thermal stress,48.2 to 78.8 F,73.87,63.69,82.67,-0.35,0,450,1,"34.25,-118.50 (35.4%); 34.00,-118.25 (23.1%); 34.00,-118.50 (22.6%); 34.25,-118.25 (10.1%); 33.75,-118.25 (6.4%); 34.25,-118.75 (2.4%)"
2021-12-11,77.2,25.11,0.0,No thermal stress,48.2 to 78.8 F,73.6,62.9,82.77,3.6,0,450,1,"34.25,-118.50 (35.4%); 34.00,-118.25 (23.1%); 34.00,-118.50 (22.6%); 34.25,-118.25 (10.1%); 33.75,-118.25 (6.4%); 34.25,-118.75 (2.4%)"
2021-12-12,73.05,22.8,0.0,No thermal stress,48.2 to 78.8 F,73.38,61.29,82.92,-0.33,0,450,1,"34.25,-118.50 (35.4%); 34.00,-118.25 (23.1%); 34.00,-118.50 (22.6%); 34.25,-118.25 (10.1%); 33.75,-118.25 (6.4%); 34.25,-118.75 (2.4%)"
2021-12-13,61.32,16.29,0.0,No thermal stress,48.2 to 78.8 F,73.32,61.62,82.88,-12.0,0,450,1,"34.25,-118.50 (35.4%); 34.00,-118.25 (23.1%); 34.00,-118.50 (22.6%); 34.25,-118.25 (10.1%); 33.75,-118.25 (6.4%); 34.25,-118.75 (2.4%)"
2021-12-14,43.34,6.3,-1.0,Slight cold stress,32.0 to 48.2 F,73.29,62.86,82.88,-29.95,0,450,1,"34.25,-118.50 (35.4%); 34.00,-118.25 (23.1%); 34.00,-118.50 (22.6%); 34.25,-118.25 (10.1%); 33.75,-118.25 (6.4%); 34.25,-118.75 (2.4%)"
2021-12-15,70.31,21.28,0.0,No thermal stress,48.2 to 78.8 F,73.15,62.77,82.61,-2.84,0,450,1,"34.25,-118.50 (35.4%); 34.00,-118.25 (23.1%); 34.00,-118.50 (22.6%); 34.25,-118.25 (10.1%); 33.75,-118.25 (6.4%); 34.25,-118.75 (2.4%)"
2021-12-16,68.28,20.16,0.0,No thermal stress,48.2 to 78.8 F,73.01,62.27,82.55,-4.73,0,450,1,"34.25,-118.50 (35.4%); 34.00,-118.25 (23.1%); 34.00,-118.50 (22.6%); 34.25,-118.25 (10.1%); 33.75,-118.25 (6.4%); 34.25,-118.75 (2.4%)"
2021-12-17,74.84,23.8,0.0,No thermal stress,48.2 to 78.8 F,72.87,61.29,82.36,1.97,0,450,1,"34.25,-118.50 (35.4%); 34.00,-118.25 (23.1%); 34.00,-118.50 (22.6%); 34.25,-118.25 (10.1%); 33.75,-118.25 (6.4%); 34.25,-118.75 (2.4%)"
2021-12-18,77.44,25.24,0.0,No thermal stress,48.2 to 78.8 F,72.72,60.62,82.37,4.72,0,450,1,"34.25,-118.50 (35.4%); 34.00,-118.25 (23.1%); 34.00,-118.50 (22.6%); 34.25,-118.25 (10.1%); 33.75,-118.25 (6.4%); 34.25,-118.75 (2.4%)"
2021-12-19,74.18,23.43,0.0,No thermal stress,48.2 to 78.8 F,72.64,60.95,82.34,1.54,0,450,1,"34.25,-118.50 (35.4%); 34.00,-118.25 (23.1%); 34.00,-118.50 (22.6%); 34.25,-118.25 (10.1%); 33.75,-118.25 (6.4%); 34.25,-118.75 (2.4%)"
2021-12-20,76.03,24.46,0.0,No thermal stress,48.2 to 78.8 F,72.67,60.95,82.34,3.36,0,450,1,"34.25,-118.50 (35.4%); 34.00,-118.25 (23.1%); 34.00,-118.50 (22.6%); 34.25,-118.25 (10.1%); 33.75,-118.25 (6.4%); 34.25,-118.75 (2.4%)"
2021-12-21,77.07,25.04,0.0,No thermal stress,48.2 to 78.8 F,72.53,60.95,82.37,4.54,0,450,1,"34.25,-118.50 (35.4%); 34.00,-118.25 (23.1%); 34.00,-118.50 (22.6%); 34.25,-118.25 (10.1%); 33.75,-118.25 (6.4%); 34.25,-118.75 (2.4%)"
2021-12-22,74.9,23.84,0.0,No thermal stress,48.2 to 78.8 F,72.48,60.17,82.39,2.42,0,450,1,"34.25,-118.50 (35.4%); 34.00,-118.25 (23.1%); 34.00,-118.50 (22.6%); 34.25,-118.25 (10.1%); 33.75,-118.25 (6.4%); 34.25,-118.75 (2.4%)"
2021-12-23,55.29,12.94,0.0,No thermal stress,48.2 to 78.8 F,72.44,60.64,82.36,-17.15,0,450,1,"34.25,-118.50 (35.4%); 34.00,-118.25 (23.1%); 34.00,-118.50 (22.6%); 34.25,-118.25 (10.1%); 33.75,-118.25 (6.4%); 34.25,-118.75 (2.4%)"
2021-12-24,62.53,16.96,0.0,No thermal stress,48.2 to 78.8 F,72.44,60.77,82.34,-9.91,0,450,1,"34.25,-118.50 (35.4%); 34.00,-118.25 (23.1%); 34.00,-118.50 (22.6%); 34.25,-118.25 (10.1%); 33.75,-118.25 (6.4%); 34.25,-118.75 (2.4%)"
2021-12-25,60.77,15.98,0.0,No thermal stress,48.2 to 78.8 F,72.54,60.96,82.15,-11.77,0,450,1,"34.25,-118.50 (35.4%); 34.00,-118.25 (23.1%); 34.00,-118.50 (22.6%); 34.25,-118.25 (10.1%); 33.75,-118.25 (6.4%); 34.25,-118.75 (2.4%)"
2021-12-26,68.79,20.44,0.0,No thermal stress,48.2 to 78.8 F,72.55,60.77,82.36,-3.76,0,450,1,"34.25,-118.50 (35.4%); 34.00,-118.25 (23.1%); 34.00,-118.50 (22.6%); 34.25,-118.25 (10.1%); 33.75,-118.25 (6.4%); 34.25,-118.75 (2.4%)"
2021-12-27,65.69,18.72,0.0,No thermal stress,48.2 to 78.8 F,72.57,60.7,82.36,-6.88,0,450,1,"34.25,-118.50 (35.4%); 34.00,-118.25 (23.1%); 34.00,-118.50 (22.6%); 34.25,-118.25 (10.1%); 33.75,-118.25 (6.4%); 34.25,-118.75 (2.4%)"
2021-12-28,59.97,15.54,0.0,No thermal stress,48.2 to 78.8 F,72.53,60.49,82.39,-12.56,0,450,1,"34.25,-118.50 (35.4%); 34.00,-118.25 (23.1%); 34.00,-118.50 (22.6%); 34.25,-118.25 (10.1%); 33.75,-118.25 (6.4%); 34.25,-118.75 (2.4%)"
2021-12-29,43.67,6.48,-1.0,Slight cold stress,32.0 to 48.2 F,72.46,59.6,82.76,-28.79,0,450,1,"34.25,-118.50 (35.4%); 34.00,-118.25 (23.1%); 34.00,-118.50 (22.6%); 34.25,-118.25 (10.1%); 33.75,-118.25 (6.4%); 34.25,-118.75 (2.4%)"
2021-12-30,50.32,10.18,0.0,No thermal stress,48.2 to 78.8 F,72.63,59.64,82.92,-22.31,0,450,1,"34.25,-118.50 (35.4%); 34.00,-118.25 (23.1%); 34.00,-118.50 (22.6%); 34.25,-118.25 (10.1%); 33.75,-118.25 (6.4%); 34.25,-118.75 (2.4%)"
2021-12-31,74.14,23.41,0.0,No thermal stress,48.2 to 78.8 F,72.59,59.51,83.13,1.55,0,450,1,"34.25,-118.50 (35.4%); 34.00,-118.25 (23.1%); 34.00,-118.50 (22.6%); 34.25,-118.25 (10.1%); 33.75,-118.25 (6.4%); 34.25,-118.75 (2.4%)"
2022-01-01,73.73,23.18,0.0,No thermal stress,48.2 to 78.8 F,72.59,59.05,83.16,1.14,0,450,1,"34.25,-118.50 (35.4%); 34.00,-118.25 (23.1%); 34.00,-118.50 (22.6%); 34.25,-118.25 (10.1%); 33.75,-118.25 (6.4%); 34.25,-118.75 (2.4%)"
2022-01-02,74.91,23.84,0.0,No thermal stress,48.2 to 78.8 F,72.55,59.05,83.02,2.36,0,450,1,"34.25,-118.50 (35.4%); 34.00,-118.25 (23.1%); 34.00,-118.50 (22.6%); 34.25,-118.25 (10.1%); 33.75,-118.25 (6.4%); 34.25,-118.75 (2.4%)"
2022-01-03,73.35,22.97,0.0,No thermal stress,48.2 to 78.8 F,72.6,58.43,83.16,0.75,0,450,1,"34.25,-118.50 (35.4%); 34.00,-118.25 (23.1%); 34.00,-118.50 (22.6%); 34.25,-118.25 (10.1%); 33.75,-118.25 (6.4%); 34.25,-118.75 (2.4%)"
2022-01-04,72.67,22.59,0.0,No thermal stress,48.2 to 78.8 F,72.65,58.45,83.22,0.02,0,450,1,"34.25,-118.50 (35.4%); 34.00,-118.25 (23.1%); 34.00,-118.50 (22.6%); 34.25,-118.25 (10.1%); 33.75,-118.25 (6.4%); 34.25,-118.75 (2.4%)"
2022-01-05,79.11,26.17,1.0,Moderate heat stress,78.8 to 89.6 F,72.71,58.14,83.16,6.4,0,450,1,"34.25,-118.50 (35.4%); 34.00,-118.25 (23.1%); 34.00,-118.50 (22.6%); 34.25,-118.25 (10.1%); 33.75,-118.25 (6.4%); 34.25,-118.75 (2.4%)"
2022-01-06,80.84,27.13,1.0,Moderate heat stress,78.8 to 89.6 F,72.95,58.4,83.57,7.89,0,450,1,"34.25,-118.50 (35.4%); 34.00,-118.25 (23.1%); 34.00,-118.50 (22.6%); 34.25,-118.25 (10.1%); 33.75,-118.25 (6.4%); 34.25,-118.75 (2.4%)"
2022-01-07,73.51,23.06,0.0,No thermal stress,48.2 to 78.8 F,73.12,58.15,83.84,0.39,0,450,1,"34.25,-118.50 (35.4%); 34.00,-118.25 (23.1%); 34.00,-118.50 (22.6%); 34.25,-118.25 (10.1%); 33.75,-118.25 (6.4%); 34.25,-118.75 (2.4%)"
2022-01-08,76.59,24.77,0.0,No thermal stress,48.2 to 78.8 F,73.15,57.71,84.08,3.44,0,450,1,"34.25,-118.50 (35.4%); 34.00,-118.25 (23.1%); 34.00,-118.50 (22.6%); 34.25,-118.25 (10.1%); 33.75,-118.25 (6.4%); 34.25,-118.75 (2.4%)"
2022-01-09,79.13,26.18,1.0,Moderate heat stress,78.8 to 89.6 F,73.17,57.56,84.23,5.96,0,450,1,"34.25,-118.50 (35.4%); 34.00,-118.25 (23.1%); 34.00,-118.50 (22.6%); 34.25,-118.25 (10.1%); 33.75,-118.25 (6.4%); 34.25,-118.75 (2.4%)"
2022-01-10,72.27,22.37,0.0,No thermal stress,48.2 to 78.8 F,73.42,57.8,84.26,-1.15,0,450,1,"34.25,-118.50 (35.4%); 34.00,-118.25 (23.1%); 34.00,-118.50 (22.6%); 34.25,-118.25 (10.1%); 33.75,-118.25 (6.4%); 34.25,-118.75 (2.4%)"
2022-01-11,79.86,26.59,1.0,Moderate heat stress,78.8 to 89.6 F,73.64,58.54,84.31,6.22,0,450,1,"34.25,-118.50 (35.4%); 34.00,-118.25 (23.1%); 34.00,-118.50 (22.6%); 34.25,-118.25 (10.1%); 33.75,-118.25 (6.4%); 34.25,-118.75 (2.4%)"
2022-01-12,80.59,27.0,1.0,Moderate heat stress,78.8 to 89.6 F,73.72,58.84,84.43,6.87,0,450,1,"34.25,-118.50 (35.4%); 34.00,-118.25 (23.1%); 34.00,-118.50 (22.6%); 34.25,-118.25 (10.1%); 33.75,-118.25 (6.4%); 34.25,-118.75 (2.4%)"
2022-01-13,70.53,21.41,0.0,No thermal stress,48.2 to 78.8 F,73.83,59.77,84.47,-3.3,0,450,1,"34.25,-118.50 (35.4%); 34.00,-118.25 (23.1%); 34.00,-118.50 (22.6%); 34.25,-118.25 (10.1%); 33.75,-118.25 (6.4%); 34.25,-118.75 (2.4%)"
2022-01-14,81.35,27.42,1.0,Moderate heat stress,78.8 to 89.6 F,73.78,59.79,84.43,7.57,0,450,1,"34.25,-118.50 (35.4%); 34.00,-118.25 (23.1%); 34.00,-118.50 (22.6%); 34.25,-118.25 (10.1%); 33.75,-118.25 (6.4%); 34.25,-118.75 (2.4%)"
2022-01-15,72.32,22.4,0.0,No thermal stress,48.2 to 78.8 F,73.83,59.79,84.11,-1.51,0,450,1,"34.25,-118.50 (35.4%); 34.00,-118.25 (23.1%); 34.00,-118.50 (22.6%); 34.25,-118.25 (10.1%); 33.75,-118.25 (6.4%); 34.25,-118.75 (2.4%)"
2022-01-16,80.58,26.99,1.0,Moderate heat stress,78.8 to 89.6 F,73.77,59.79,84.05,6.81,0,450,1,"34.25,-118.50 (35.4%); 34.00,-118.25 (23.1%); 34.00,-118.50 (22.6%); 34.25,-118.25 (10.1%); 33.75,-118.25 (6.4%); 34.25,-118.75 (2.4%)"
2022-01-17,68.56,20.31,0.0,No thermal stress,48.2 to 78.8 F,73.91,60.07,84.05,-5.35,0,450,1,"34.25,-118.50 (35.4%); 34.00,-118.25 (23.1%); 34.00,-118.50 (22.6%); 34.25,-118.25 (10.1%); 33.75,-118.25 (6.4%); 34.25,-118.75 (2.4%)"
2022-01-18,73.37,22.98,0.0,No thermal stress,48.2 to 78.8 F,73.96,60.23,84.12,-0.59,0,450,1,"34.25,-118.50 (35.4%); 34.00,-118.25 (23.1%); 34.00,-118.50 (22.6%); 34.25,-118.25 (10.1%); 33.75,-118.25 (6.4%); 34.25,-118.75 (2.4%)"
2022-01-19,75.87,24.37,0.0,No thermal stress,48.2 to 78.8 F,74.03,60.55,83.96,1.84,0,450,1,"34.25,-118.50 (35.4%); 34.00,-118.25 (23.1%); 34.00,-118.50 (22.6%); 34.25,-118.25 (10.1%); 33.75,-118.25 (6.4%); 34.25,-118.75 (2.4%)"
2022-01-20,82.25,27.92,1.0,Moderate heat stress,78.8 to 89.6 F,74.06,60.98,83.82,8.19,0,450,1,"34.25,-118.50 (35.4%); 34.00,-118.25 (23.1%); 34.00,-118.50 (22.6%); 34.25,-118.25 (10.1%); 33.75,-118.25 (6.4%); 34.25,-118.75 (2.4%)"
2022-01-21,79.1,26.17,1.0,Moderate heat stress,78.8 to 89.6 F,74.02,60.98,83.47,5.08,0,450,1,"34.25,-118.50 (35.4%); 34.00,-118.25 (23.1%); 34.00,-118.50 (22.6%); 34.25,-118.25 (10.1%); 33.75,-118.25 (6.4%); 34.25,-118.75 (2.4%)"
2022-01-22,75.28,24.05,0.0,No thermal stress,48.2 to 78.8 F,74.04,61.34,83.43,1.24,0,450,1,"34.25,-118.50 (35.4%); 34.00,-118.25 (23.1%); 34.00,-118.50 (22.6%); 34.25,-118.25 (10.1%); 33.75,-118.25 (6.4%); 34.25,-118.75 (2.4%)"
2022-01-23,81.21,27.34,1.0,Moderate heat stress,78.8 to 89.6 F,74.19,62.04,83.57,7.02,0,450,1,"34.25,-118.50 (35.4%); 34.00,-118.25 (23.1%); 34.00,-118.50 (22.6%); 34.25,-118.25 (10.1%); 33.75,-118.25 (6.4%); 34.25,-118.75 (2.4%)"
2022-01-24,78.17,25.65,0.0,No thermal stress,48.2 to 78.8 F,74.16,61.34,83.57,4.01,0,450,1,"34.25,-118.50 (35.4%); 34.00,-118.25 (23.1%); 34.00,-118.50 (22.6%); 34.25,-118.25 (10.1%); 33.75,-118.25 (6.4%); 34.25,-118.75 (2.4%)"
2022-01-25,75.4,24.11,0.0,No thermal stress,48.2 to 78.8 F,74.2,62.04,83.45,1.2,0,450,1,"34.25,-118.50 (35.4%); 34.00,-118.25 (23.1%); 34.00,-118.50 (22.6%); 34.25,-118.25 (10.1%); 33.75,-118.25 (6.4%); 34.25,-118.75 (2.4%)"
2022-01-26,79.23,26.24,1.0,Moderate heat stress,78.8 to 89.6 F,74.16,62.04,83.43,5.07,0,450,1,"34.25,-118.50 (35.4%); 34.00,-118.25 (23.1%); 34.00,-118.50 (22.6%); 34.25,-118.25 (10.1%); 33.75,-118.25 (6.4%); 34.25,-118.75 (2.4%)"
2022-01-27,78.6,25.89,0.0,No thermal stress,48.2 to 78.8 F,74.13,61.05,83.43,4.47,0,450,1,"34.25,-118.50 (35.4%); 34.00,-118.25 (23.1%); 34.00,-118.50 (22.6%); 34.25,-118.25 (10.1%); 33.75,-118.25 (6.4%); 34.25,-118.75 (2.4%)"
2022-01-28,77.95,25.53,0.0,No thermal stress,48.2 to 78.8 F,74.29,62.33,83.45,3.66,0,450,1,"34.25,-118.50 (35.4%); 34.00,-118.25 (23.1%); 34.00,-118.50 (22.6%); 34.25,-118.25 (10.1%); 33.75,-118.25 (6.4%); 34.25,-118.75 (2.4%)"
2022-01-29,75.5,24.17,0.0,No thermal stress,48.2 to 78.8 F,74.5,62.77,83.76,1.0,0,450,1,"34.25,-118.50 (35.4%); 34.00,-118.25 (23.1%); 34.00,-118.50 (22.6%); 34.25,-118.25 (10.1%); 33.75,-118.25 (6.4%); 34.25,-118.75 (2.4%)"
2022-01-30,77.88,25.49,0.0,No thermal stress,48.2 to 78.8 F,74.54,62.6,83.82,3.34,0,450,1,"34.25,-118.50 (35.4%); 34.00,-118.25 (23.1%); 34.00,-118.50 (22.6%); 34.25,-118.25 (10.1%); 33.75,-118.25 (6.4%); 34.25,-118.75 (2.4%)"
2022-01-31,69.84,21.02,0.0,No thermal stress,48.2 to 78.8 F,74.56,62.48,84.29,-4.72,0,450,1,"34.25,-118.50 (35.4%); 34.00,-118.25 (23.1%); 34.00,-118.50 (22.6%); 34.25,-118.25 (10.1%); 33.75,-118.25 (6.4%); 34.25,-118.75 (2.4%)"
2022-02-01,72.39,22.44,0.0,No thermal stress,48.2 to 78.8 F,74.66,62.51,84.85,-2.27,0,450,1,"34.25,-118.50 (35.4%); 34.00,-118.25 (23.1%); 34.00,-118.50 (22.6%); 34.25,-118.25 (10.1%); 33.75,-118.25 (6.4%); 34.25,-118.75 (2.4%)"
2022-02-02,71.45,21.92,0.0,No thermal stress,48.2 to 78.8 F,74.68,62.25,85.08,-3.23,0,450,1,"34.25,-118.50 (35.4%); 34.00,-118.25 (23.1%); 34.00,-118.50 (22.6%); 34.25,-118.25 (10.1%); 33.75,-118.25 (6.4%); 34.25,-118.75 (2.4%)"
2022-02-03,75.54,24.19,0.0,No thermal stress,48.2 to 78.8 F,74.64,61.28,85.19,0.9,0,450,1,"34.25,-118.50 (35.4%); 34.00,-118.25 (23.1%); 34.00,-118.50 (22.6%); 34.25,-118.25 (10.1%); 33.75,-118.25 (6.4%); 34.25,-118.75 (2.4%)"
2022-02-04,79.5,26.39,1.0,Moderate heat stress,78.8 to 89.6 F,74.64,61.06,85.67,4.86,0,450,1,"34.25,-118.50 (35.4%); 34.00,-118.25 (23.1%); 34.00,-118.50 (22.6%); 34.25,-118.25 (10.1%); 33.75,-118.25 (6.4%); 34.25,-118.75 (2.4%)"
2022-02-05,80.16,26.75,1.0,Moderate heat stress,78.8 to 89.6 F,74.63,61.06,85.85,5.53,0,450,1,"34.25,-118.50 (35.4%); 34.00,-118.25 (23.1%); 34.00,-118.50 (22.6%); 34.25,-118.25 (10.1%); 33.75,-118.25 (6.4%); 34.25,-118.75 (2.4%)"
2022-02-06,83.65,28.7,1.0,Moderate heat stress,78.8 to 89.6 F,74.5,60.42,85.88,9.15,0,450,1,"34.25,-118.50 (35.4%); 34.00,-118.25 (23.1%); 34.00,-118.50 (22.6%); 34.25,-118.25 (10.1%); 33.75,-118.25 (6.4%); 34.25,-118.75 (2.4%)"
2022-02-07,84.78,29.32,1.0,Moderate heat stress,78.8 to 89.6 F,74.47,60.65,85.94,10.31,0,450,1,"34.25,-118.50 (35.4%); 34.00,-118.25 (23.1%); 34.00,-118.50 (22.6%); 34.25,-118.25 (10.1%); 33.75,-118.25 (6.4%); 34.25,-118.75 (2.4%)"
2022-02-08,85.25,29.58,1.0,Moderate heat stress,78.8 to 89.6 F,74.55,60.87,85.88,10.7,0,450,1,"34.25,-118.50 (35.4%); 34.00,-118.25 (23.1%); 34.00,-118.50 (22.6%); 34.25,-118.25 (10.1%); 33.75,-118.25 (6.4%); 34.25,-118.75 (2.4%)"
2022-02-09,92.05,33.36,2.0,Strong heat stress,89.6 to 100.4 F,74.42,60.37,85.94,17.63,1,450,1,"34.25,-118.50 (35.4%); 34.00,-118.25 (23.1%); 34.00,-118.50 (22.6%); 34.25,-118.25 (10.1%); 33.75,-118.25 (6.4%); 34.25,-118.75 (2.4%)"
2022-02-10,92.56,33.64,2.0,Strong heat stress,89.6 to 100.4 F,74.25,60.15,85.85,18.31,1,450,1,"34.25,-118.50 (35.4%); 34.00,-118.25 (23.1%); 34.00,-118.50 (22.6%); 34.25,-118.25 (10.1%); 33.75,-118.25 (6.4%); 34.25,-118.75 (2.4%)"
2022-02-11,89.22,31.79,1.0,Moderate heat stress,78.8 to 89.6 F,74.17,60.37,85.71,15.05,1,450,1,"34.25,-118.50 (35.4%); 34.00,-118.25 (23.1%); 34.00,-118.50 (22.6%); 34.25,-118.25 (10.1%); 33.75,-118.25 (6.4%); 34.25,-118.75 (2.4%)"
2022-02-12,91.73,33.19,2.0,Strong heat stress,89.6 to 100.4 F,73.89,60.08,85.58,17.84,1,450,1,"34.25,-118.50 (35.4%); 34.00,-118.25 (23.1%); 34.00,-118.50 (22.6%); 34.25,-118.25 (10.1%); 33.75,-118.25 (6.4%); 34.25,-118.75 (2.4%)"
2022-02-13,91.29,32.94,2.0,Strong heat stress,89.6 to 100.4 F,73.61,59.32,85.58,17.68,1,450,1,"34.25,-118.50 (35.4%); 34.00,-118.25 (23.1%); 34.00,-118.50 (22.6%); 34.25,-118.25 (10.1%); 33.75,-118.25 (6.4%); 34.25,-118.75 (2.4%)"
2022-02-14,83.26,28.48,1.0,Moderate heat stress,78.8 to 89.6 F,73.59,59.66,85.62,9.67,0,450,1,"34.25,-118.50 (35.4%); 34.00,-118.25 (23.1%); 34.00,-118.50 (22.6%); 34.25,-118.25 (10.1%); 33.75,-118.25 (6.4%); 34.25,-118.75 (2.4%)"
2022-02-15,57.75,14.3,0.0,No thermal stress,48.2 to 78.8 F,73.6,59.16,85.57,-15.85,0,450,1,"34.25,-118.50 (35.4%); 34.00,-118.25 (23.1%); 34.00,-118.50 (22.6%); 34.25,-118.25 (10.1%); 33.75,-118.25 (6.4%); 34.25,-118.75 (2.4%)"
2022-02-16,72.56,22.54,0.0,No thermal stress,48.2 to 78.8 F,73.36,59.08,85.43,-0.8,0,450,1,"34.25,-118.50 (35.4%); 34.00,-118.25 (23.1%); 34.00,-118.50 (22.6%); 34.25,-118.25 (10.1%); 33.75,-118.25 (6.4%); 34.25,-118.75 (2.4%)"
2022-02-17,82.17,27.87,1.0,Moderate heat stress,78.8 to 89.6 F,73.38,59.64,85.13,8.79,0,450,1,"34.25,-118.50 (35.4%); 34.00,-118.25 (23.1%); 34.00,-118.50 (22.6%); 34.25,-118.25 (10.1%); 33.75,-118.25 (6.4%); 34.25,-118.75 (2.4%)"
2022-02-18,81.35,27.42,1.0,Moderate heat stress,78.8 to 89.6 F,73.4,59.84,85.22,7.95,0,450,1,"34.25,-118.50 (35.4%); 34.00,-118.25 (23.1%); 34.00,-118.50 (22.6%); 34.25,-118.25 (10.1%); 33.75,-118.25 (6.4%); 34.25,-118.75 (2.4%)"
2022-02-19,82.83,28.24,1.0,Moderate heat stress,78.8 to 89.6 F,73.41,60.04,85.29,9.42,0,450,1,"34.25,-118.50 (35.4%); 34.00,-118.25 (23.1%); 34.00,-118.50 (22.6%); 34.25,-118.25 (10.1%); 33.75,-118.25 (6.4%); 34.25,-118.75 (2.4%)"
2022-02-20,75.58,24.21,0.0,No thermal stress,48.2 to 78.8 F,73.12,59.84,84.85,2.46,0,450,1,"34.25,-118.50 (35.4%); 34.00,-118.25 (23.1%); 34.00,-118.50 (22.6%); 34.25,-118.25 (10.1%); 33.75,-118.25 (6.4%); 34.25,-118.75 (2.4%)"
2022-02-21,63.61,17.56,0.0,No thermal stress,48.2 to 78.8 F,73.12,60.13,84.89,-9.51,0,458,1,"34.25,-118.50 (35.4%); 34.00,-118.25 (23.1%); 34.00,-118.50 (22.6%); 34.25,-118.25 (10.1%); 33.75,-118.25 (6.4%); 34.25,-118.75 (2.4%)"
2022-02-22,55.09,12.83,0.0,No thermal stress,48.2 to 78.8 F,73.11,60.13,84.79,-18.02,0,458,1,"34.25,-118.50 (35.4%); 34.00,-118.25 (23.1%); 34.00,-118.50 (22.6%); 34.25,-118.25 (10.1%); 33.75,-118.25 (6.4%); 34.25,-118.75 (2.4%)"
2022-02-23,57.56,14.2,0.0,No thermal stress,48.2 to 78.8 F,72.99,60.01,84.39,-15.43,0,458,1,"34.25,-118.50 (35.4%); 34.00,-118.25 (23.1%); 34.00,-118.50 (22.6%); 34.25,-118.25 (10.1%); 33.75,-118.25 (6.4%); 34.25,-118.75 (2.4%)"
2022-02-24,73.84,23.24,0.0,No thermal stress,48.2 to 78.8 F,73.02,60.22,84.16,0.82,0,458,1,"34.25,-118.50 (35.4%); 34.00,-118.25 (23.1%); 34.00,-118.50 (22.6%); 34.25,-118.25 (10.1%); 33.75,-118.25 (6.4%); 34.25,-118.75 (2.4%)"
2022-02-25,75.12,23.95,0.0,No thermal stress,48.2 to 78.8 F,73.13,60.25,84.44,1.99,0,458,1,"34.25,-118.50 (35.4%); 34.00,-118.25 (23.1%); 34.00,-118.50 (22.6%); 34.25,-118.25 (10.1%); 33.75,-118.25 (6.4%); 34.25,-118.75 (2.4%)"
2022-02-26,81.6,27.56,1.0,Moderate heat stress,78.8 to 89.6 F,73.24,60.23,84.7,8.36,0,458,1,"34.25,-118.50 (35.4%); 34.00,-118.25 (23.1%); 34.00,-118.50 (22.6%); 34.25,-118.25 (10.1%); 33.75,-118.25 (6.4%); 34.25,-118.75 (2.4%)"
2022-02-27,84.39,29.1,1.0,Moderate heat stress,78.8 to 89.6 F,73.37,60.25,84.77,11.02,0,458,1,"34.25,-118.50 (35.4%); 34.00,-118.25 (23.1%); 34.00,-118.50 (22.6%); 34.25,-118.25 (10.1%); 33.75,-118.25 (6.4%); 34.25,-118.75 (2.4%)"
2022-02-28,90.8,32.67,2.0,Strong heat stress,89.6 to 100.4 F,73.66,61.46,84.89,17.14,1,458,1,"34.25,-118.50 (35.4%); 34.00,-118.25 (23.1%); 34.00,-118.50 (22.6%); 34.25,-118.25 (10.1%); 33.75,-118.25 (6.4%); 34.25,-118.75 (2.4%)"
2022-03-01,91.16,32.87,2.0,Strong heat stress,89.6 to 100.4 F,73.88,61.73,85.12,17.28,1,458,1,"34.25,-118.50 (35.4%); 34.00,-118.25 (23.1%); 34.00,-118.50 (22.6%); 34.25,-118.25 (10.1%); 33.75,-118.25 (6.4%); 34.25,-118.75 (2.4%)"
2022-03-02,86.74,30.41,1.0,Moderate heat stress,78.8 to 89.6 F,74.25,62.2,85.7,12.49,1,458,1,"34.25,-118.50 (35.4%); 34.00,-118.25 (23.1%); 34.00,-118.50 (22.6%); 34.25,-118.25 (10.1%); 33.75,-118.25 (6.4%); 34.25,-118.75 (2.4%)"
2022-03-03,75.83,24.35,0.0,No thermal stress,48.2 to 78.8 F,74.61,62.73,85.83,1.22,0,458,1,"34.25,-118.50 (35.4%); 34.00,-118.25 (23.1%); 34.00,-118.50 (22.6%); 34.25,-118.25 (10.1%); 33.75,-118.25 (6.4%); 34.25,-118.75 (2.4%)"
2022-03-04,70.33,21.3,0.0,No thermal stress,48.2 to 78.8 F,74.89,62.89,86.12,-4.56,0,458,1,"34.25,-118.50 (35.4%); 34.00,-118.25 (23.1%); 34.00,-118.50 (22.6%); 34.25,-118.25 (10.1%); 33.75,-118.25 (6.4%); 34.25,-118.75 (2.4%)"
2022-03-05,58.04,14.47,0.0,No thermal stress,48.2 to 78.8 F,75.26,63.01,86.29,-17.22,0,458,1,"34.25,-118.50 (35.4%); 34.00,-118.25 (23.1%); 34.00,-118.50 (22.6%); 34.25,-118.25 (10.1%); 33.75,-118.25 (6.4%); 34.25,-118.75 (2.4%)"
2022-03-06,71.87,22.15,0.0,No thermal stress,48.2 to 78.8 F,75.55,63.11,86.36,-3.68,0,458,1,"34.25,-118.50 (35.4%); 34.00,-118.25 (23.1%); 34.00,-118.50 (22.6%); 34.25,-118.25 (10.1%); 33.75,-118.25 (6.4%); 34.25,-118.75 (2.4%)"
2022-03-07,79.26,26.26,1.0,Moderate heat stress,78.8 to 89.6 F,76.02,64.24,86.52,3.24,0,458,1,"34.25,-118.50 (35.4%); 34.00,-118.25 (23.1%); 34.00,-118.50 (22.6%); 34.25,-118.25 (10.1%); 33.75,-118.25 (6.4%); 34.25,-118.75 (2.4%)"
2022-03-08,79.8,26.55,1.0,Moderate heat stress,78.8 to 89.6 F,76.29,64.29,87.01,3.51,0,450,1,"34.25,-118.50 (35.4%); 34.00,-118.25 (23.1%); 34.00,-118.50 (22.6%); 34.25,-118.25 (10.1%); 33.75,-118.25 (6.4%); 34.25,-118.75 (2.4%)"
2022-03-09,73.37,22.98,0.0,No thermal stress,48.2 to 78.8 F,76.5,64.29,87.23,-3.13,0,450,1,"34.25,-118.50 (35.4%); 34.00,-118.25 (23.1%); 34.00,-118.50 (22.6%); 34.25,-118.25 (10.1%); 33.75,-118.25 (6.4%); 34.25,-118.75 (2.4%)"
2022-03-10,77.55,25.31,0.0,No thermal stress,48.2 to 78.8 F,76.71,64.98,87.23,0.84,0,450,1,"34.25,-118.50 (35.4%); 34.00,-118.25 (23.1%); 34.00,-118.50 (22.6%); 34.25,-118.25 (10.1%); 33.75,-118.25 (6.4%); 34.25,-118.75 (2.4%)"
2022-03-11,81.52,27.51,1.0,Moderate heat stress,78.8 to 89.6 F,76.88,65.48,87.29,4.64,0,450,1,"34.25,-118.50 (35.4%); 34.00,-118.25 (23.1%); 34.00,-118.50 (22.6%); 34.25,-118.25 (10.1%); 33.75,-118.25 (6.4%); 34.25,-118.75 (2.4%)"
2022-03-12,83.77,28.76,1.0,Moderate heat stress,78.8 to 89.6 F,77.04,65.61,87.4,6.73,0,450,1,"34.25,-118.50 (35.4%); 34.00,-118.25 (23.1%); 34.00,-118.50 (22.6%); 34.25,-118.25 (10.1%); 33.75,-118.25 (6.4%); 34.25,-118.75 (2.4%)"
2022-03-13,78.3,25.72,0.0,No thermal stress,48.2 to 78.8 F,77.05,65.66,87.4,1.25,0,450,1,"34.25,-118.50 (35.4%); 34.00,-118.25 (23.1%); 34.00,-118.50 (22.6%); 34.25,-118.25 (10.1%); 33.75,-118.25 (6.4%); 34.25,-118.75 (2.4%)"
2022-03-14,82.17,27.87,1.0,Moderate heat stress,78.8 to 89.6 F,77.2,66.2,87.24,4.97,0,450,1,"34.25,-118.50 (35.4%); 34.00,-118.25 (23.1%); 34.00,-118.50 (22.6%); 34.25,-118.25 (10.1%); 33.75,-118.25 (6.4%); 34.25,-118.75 (2.4%)"
2022-03-15,82.01,27.79,1.0,Moderate heat stress,78.8 to 89.6 F,77.13,66.47,87.16,4.88,0,450,1,"34.25,-118.50 (35.4%); 34.00,-118.25 (23.1%); 34.00,-118.50 (22.6%); 34.25,-118.25 (10.1%); 33.75,-118.25 (6.4%); 34.25,-118.75 (2.4%)"
2022-03-16,83.05,28.36,1.0,Moderate heat stress,78.8 to 89.6 F,76.96,66.2,87.01,6.09,0,450,1,"34.25,-118.50 (35.4%); 34.00,-118.25 (23.1%); 34.00,-118.50 (22.6%); 34.25,-118.25 (10.1%); 33.75,-118.25 (6.4%); 34.25,-118.75 (2.4%)"
2022-03-17,86.43,30.24,1.0,Moderate heat stress,78.8 to 89.6 F,76.79,66.1,86.42,9.64,1,450,1,"34.25,-118.50 (35.4%); 34.00,-118.25 (23.1%); 34.00,-118.50 (22.6%); 34.25,-118.25 (10.1%); 33.75,-118.25 (6.4%); 34.25,-118.75 (2.4%)"
2022-03-18,85.08,29.49,1.0,Moderate heat stress,78.8 to 89.6 F,76.54,65.69,86.25,8.54,0,450,1,"34.25,-118.50 (35.4%); 34.00,-118.25 (23.1%); 34.00,-118.50 (22.6%); 34.25,-118.25 (10.1%); 33.75,-118.25 (6.4%); 34.25,-118.75 (2.4%)"
2022-03-19,74.1,23.39,0.0,No thermal stress,48.2 to 78.8 F,76.41,65.67,85.73,-2.31,0,450,1,"34.25,-118.50 (35.4%); 34.00,-118.25 (23.1%); 34.00,-118.50 (22.6%); 34.25,-118.25 (10.1%); 33.75,-118.25 (6.4%); 34.25,-118.75 (2.4%)"
2022-03-20,75.81,24.34,0.0,No thermal stress,48.2 to 78.8 F,76.15,65.6,85.51,-0.34,0,450,1,"34.25,-118.50 (35.4%); 34.00,-118.25 (23.1%); 34.00,-118.50 (22.6%); 34.25,-118.25 (10.1%); 33.75,-118.25 (6.4%); 34.25,-118.75 (2.4%)"
2022-03-21,83.46,28.59,1.0,Moderate heat stress,78.8 to 89.6 F,75.92,65.34,85.38,7.54,0,450,1,"34.25,-118.50 (35.4%); 34.00,-118.25 (23.1%); 34.00,-118.50 (22.6%); 34.25,-118.25 (10.1%); 33.75,-118.25 (6.4%); 34.25,-118.75 (2.4%)"
2022-03-22,89.33,31.85,1.0,Moderate heat stress,78.8 to 89.6 F,75.93,65.39,85.36,13.4,1,450,1,"34.25,-118.50 (35.4%); 34.00,-118.25 (23.1%); 34.00,-118.50 (22.6%); 34.25,-118.25 (10.1%); 33.75,-118.25 (6.4%); 34.25,-118.75 (2.4%)"
2022-03-23,89.45,31.92,1.0,Moderate heat stress,78.8 to 89.6 F,76.09,65.69,85.38,13.36,1,450,1,"34.25,-118.50 (35.4%); 34.00,-118.25 (23.1%); 34.00,-118.50 (22.6%); 34.25,-118.25 (10.1%); 33.75,-118.25 (6.4%); 34.25,-118.75 (2.4%)"
2022-03-24,88.72,31.51,1.0,Moderate heat stress,78.8 to 89.6 F,76.09,65.79,85.26,12.63,1,450,1,"34.25,-118.50 (35.4%); 34.00,-118.25 (23.1%); 34.00,-118.50 (22.6%); 34.25,-118.25 (10.1%); 33.75,-118.25 (6.4%); 34.25,-118.75 (2.4%)"
2022-03-25,87.9,31.06,1.0,Moderate heat stress,78.8 to 89.6 F,76.04,65.69,85.13,11.86,1,450,1,"34.25,-118.50 (35.4%); 34.00,-118.25 (23.1%); 34.00,-118.50 (22.6%); 34.25,-118.25 (10.1%); 33.75,-118.25 (6.4%); 34.25,-118.75 (2.4%)"
2022-03-26,82.94,28.3,1.0,Moderate heat stress,78.8 to 89.6 F,76.01,65.69,84.88,6.93,0,450,1,"34.25,-118.50 (35.4%); 34.00,-118.25 (23.1%); 34.00,-118.50 (22.6%); 34.25,-118.25 (10.1%); 33.75,-118.25 (6.4%); 34.25,-118.75 (2.4%)"
2022-03-27,71.94,22.19,0.0,No thermal stress,48.2 to 78.8 F,76.01,65.69,85.23,-4.07,0,450,1,"34.25,-118.50 (35.4%); 34.00,-118.25 (23.1%); 34.00,-118.50 (22.6%); 34.25,-118.25 (10.1%); 33.75,-118.25 (6.4%); 34.25,-118.75 (2.4%)"
2022-03-28,63.17,17.32,0.0,No thermal stress,48.2 to 78.8 F,76.14,65.79,84.93,-12.97,0,450,1,"34.25,-118.50 (35.4%); 34.00,-118.25 (23.1%); 34.00,-118.50 (22.6%); 34.25,-118.25 (10.1%); 33.75,-118.25 (6.4%); 34.25,-118.75 (2.4%)"
2022-03-29,72.21,22.34,0.0,No thermal stress,48.2 to 78.8 F,76.18,65.67,85.02,-3.97,0,450,1,"34.25,-118.50 (35.4%); 34.00,-118.25 (23.1%); 34.00,-118.50 (22.6%); 34.25,-118.25 (10.1%); 33.75,-118.25 (6.4%); 34.25,-118.75 (2.4%)"
2022-03-30,78.21,25.67,0.0,No thermal stress,48.2 to 78.8 F,76.36,65.67,85.36,1.85,0,450,1,"34.25,-118.50 (35.4%); 34.00,-118.25 (23.1%); 34.00,-118.50 (22.6%); 34.25,-118.25 (10.1%); 33.75,-118.25 (6.4%); 34.25,-118.75 (2.4%)"
2022-03-31,70.14,21.19,0.0,No thermal stress,48.2 to 78.8 F,76.55,66.06,85.47,-6.41,0,450,1,"34.25,-118.50 (35.4%); 34.00,-118.25 (23.1%); 34.00,-118.50 (22.6%); 34.25,-118.25 (10.1%); 33.75,-118.25 (6.4%); 34.25,-118.75 (2.4%)"
2022-04-01,77.8,25.44,0.0,No thermal stress,48.2 to 78.8 F,76.59,66.04,85.57,1.21,0,450,1,"34.25,-118.50 (35.4%); 34.00,-118.25 (23.1%); 34.00,-118.50 (22.6%); 34.25,-118.25 (10.1%); 33.75,-118.25 (6.4%); 34.25,-118.75 (2.4%)"
2022-04-02,79.33,26.29,1.0,Moderate heat stress,78.8 to 89.6 F,76.75,66.28,85.95,2.58,0,450,1,"34.25,-118.50 (35.4%); 34.00,-118.25 (23.1%); 34.00,-118.50 (22.6%); 34.25,-118.25 (10.1%); 33.75,-118.25 (6.4%); 34.25,-118.75 (2.4%)"
2022-04-03,72.84,22.69,0.0,No thermal stress,48.2 to 78.8 F,76.9,66.5,85.98,-4.06,0,450,1,"34.25,-118.50 (35.4%); 34.00,-118.25 (23.1%); 34.00,-118.50 (22.6%); 34.25,-118.25 (10.1%); 33.75,-118.25 (6.4%); 34.25,-118.75 (2.4%)"
2022-04-04,80.2,26.78,1.0,Moderate heat stress,78.8 to 89.6 F,77.01,66.5,85.98,3.19,0,450,1,"34.25,-118.50 (35.4%); 34.00,-118.25 (23.1%); 34.00,-118.50 (22.6%); 34.25,-118.25 (10.1%); 33.75,-118.25 (6.4%); 34.25,-118.75 (2.4%)"
2022-04-05,84.38,29.1,1.0,Moderate heat stress,78.8 to 89.6 F,77.16,66.85,85.98,7.22,0,450,1,"34.25,-118.50 (35.4%); 34.00,-118.25 (23.1%); 34.00,-118.50 (22.6%); 34.25,-118.25 (10.1%); 33.75,-118.25 (6.4%); 34.25,-118.75 (2.4%)"
2022-04-06,93.11,33.95,2.0,Strong heat stress,89.6 to 100.4 F,77.17,66.73,86.04,15.94,1,450,1,"34.25,-118.50 (35.4%); 34.00,-118.25 (23.1%); 34.00,-118.50 (22.6%); 34.25,-118.25 (10.1%); 33.75,-118.25 (6.4%); 34.25,-118.75 (2.4%)"
2022-04-07,100.9,38.28,3.0,Very strong heat stress,100.4 to 114.8 F,77.03,66.45,86.18,23.87,1,450,1,"34.25,-118.50 (35.4%); 34.00,-118.25 (23.1%); 34.00,-118.50 (22.6%); 34.25,-118.25 (10.1%); 33.75,-118.25 (6.4%); 34.25,-118.75 (2.4%)"
2022-04-08,99.91,37.73,2.0,Strong heat stress,89.6 to 100.4 F,77.01,66.39,86.18,22.9,1,450,1,"34.25,-118.50 (35.4%); 34.00,-118.25 (23.1%); 34.00,-118.50 (22.6%); 34.25,-118.25 (10.1%); 33.75,-118.25 (6.4%); 34.25,-118.75 (2.4%)"
2022-04-09,87.02,30.57,1.0,Moderate heat stress,78.8 to 89.6 F,77.11,66.5,86.18,9.91,1,450,1,"34.25,-118.50 (35.4%); 34.00,-118.25 (23.1%); 34.00,-118.50 (22.6%); 34.25,-118.25 (10.1%); 33.75,-118.25 (6.4%); 34.25,-118.75 (2.4%)"
2022-04-10,80.05,26.7,1.0,Moderate heat stress,78.8 to 89.6 F,77.22,66.5,86.33,2.83,0,450,1,"34.25,-118.50 (35.4%); 34.00,-118.25 (23.1%); 34.00,-118.50 (22.6%); 34.25,-118.25 (10.1%); 33.75,-118.25 (6.4%); 34.25,-118.75 (2.4%)"
2022-04-11,71.48,21.93,0.0,No thermal stress,48.2 to 78.8 F,77.37,66.5,86.44,-5.89,0,450,1,"34.25,-118.50 (35.4%); 34.00,-118.25 (23.1%); 34.00,-118.50 (22.6%); 34.25,-118.25 (10.1%); 33.75,-118.25 (6.4%); 34.25,-118.75 (2.4%)"
2022-04-12,67.36,19.64,0.0,No thermal stress,48.2 to 78.8 F,77.65,67.0,87.14,-10.29,0,450,1,"34.25,-118.50 (35.4%); 34.00,-118.25 (23.1%); 34.00,-118.50 (22.6%); 34.25,-118.25 (10.1%); 33.75,-118.25 (6.4%); 34.25,-118.75 (2.4%)"
2022-04-13,76.12,24.51,0.0,No thermal stress,48.2 to 78.8 F,77.91,67.72,87.36,-1.79,0,450,1,"34.25,-118.50 (35.4%); 34.00,-118.25 (23.1%); 34.00,-118.50 (22.6%); 34.25,-118.25 (10.1%); 33.75,-118.25 (6.4%); 34.25,-118.75 (2.4%)"
2022-04-14,77.09,25.05,0.0,No thermal stress,48.2 to 78.8 F,78.05,67.77,87.78,-0.96,0,450,1,"34.25,-118.50 (35.4%); 34.00,-118.25 (23.1%); 34.00,-118.50 (22.6%); 34.25,-118.25 (10.1%); 33.75,-118.25 (6.4%); 34.25,-118.75 (2.4%)"
2022-04-15,77.63,25.35,0.0,No thermal stress,48.2 to 78.8 F,78.13,67.87,87.36,-0.5,0,450,1,"34.25,-118.50 (35.4%); 34.00,-118.25 (23.1%); 34.00,-118.50 (22.6%); 34.25,-118.25 (10.1%); 33.75,-118.25 (6.4%); 34.25,-118.75 (2.4%)"
2022-04-16,72.97,22.76,0.0,No thermal stress,48.2 to 78.8 F,78.37,68.18,87.71,-5.4,0,450,1,"34.25,-118.50 (35.4%); 34.00,-118.25 (23.1%); 34.00,-118.50 (22.6%); 34.25,-118.25 (10.1%); 33.75,-118.25 (6.4%); 34.25,-118.75 (2.4%)"
2022-04-17,80.99,27.22,1.0,Moderate heat stress,78.8 to 89.6 F,78.61,68.44,87.95,2.38,0,450,1,"34.25,-118.50 (35.4%); 34.00,-118.25 (23.1%); 34.00,-118.50 (22.6%); 34.25,-118.25 (10.1%); 33.75,-118.25 (6.4%); 34.25,-118.75 (2.4%)"
2022-04-18,82.41,28.0,1.0,Moderate heat stress,78.8 to 89.6 F,78.81,68.39,88.61,3.6,0,450,1,"34.25,-118.50 (35.4%); 34.00,-118.25 (23.1%); 34.00,-118.50 (22.6%); 34.25,-118.25 (10.1%); 33.75,-118.25 (6.4%); 34.25,-118.75 (2.4%)"
2022-04-19,79.43,26.35,1.0,Moderate heat stress,78.8 to 89.6 F,79.09,68.79,89.73,0.34,0,450,1,"34.25,-118.50 (35.4%); 34.00,-118.25 (23.1%); 34.00,-118.50 (22.6%); 34.25,-118.25 (10.1%); 33.75,-118.25 (6.4%); 34.25,-118.75 (2.4%)"
2022-04-20,74.55,23.64,0.0,No thermal stress,48.2 to 78.8 F,79.38,69.46,89.75,-4.83,0,450,1,"34.25,-118.50 (35.4%); 34.00,-118.25 (23.1%); 34.00,-118.50 (22.6%); 34.25,-118.25 (10.1%); 33.75,-118.25 (6.4%); 34.25,-118.75 (2.4%)"
2022-04-21,73.55,23.08,0.0,No thermal stress,48.2 to 78.8 F,79.59,69.51,89.92,-6.04,0,450,1,"34.25,-118.50 (35.4%); 34.00,-118.25 (23.1%); 34.00,-118.50 (22.6%); 34.25,-118.25 (10.1%); 33.75,-118.25 (6.4%); 34.25,-118.75 (2.4%)"
2022-04-22,64.07,17.82,0.0,No thermal stress,48.2 to 78.8 F,79.85,70.13,90.36,-15.78,0,450,1,"34.25,-118.50 (35.4%); 34.00,-118.25 (23.1%); 34.00,-118.50 (22.6%); 34.25,-118.25 (10.1%); 33.75,-118.25 (6.4%); 34.25,-118.75 (2.4%)"
2022-04-23,81.13,27.29,1.0,Moderate heat stress,78.8 to 89.6 F,80.12,70.7,90.47,1.01,0,450,1,"34.25,-118.50 (35.4%); 34.00,-118.25 (23.1%); 34.00,-118.50 (22.6%); 34.25,-118.25 (10.1%); 33.75,-118.25 (6.4%); 34.25,-118.75 (2.4%)"
2022-04-24,89.61,32.01,2.0,Strong heat stress,89.6 to 100.4 F,80.4,70.89,90.5,9.21,0,450,1,"34.25,-118.50 (35.4%); 34.00,-118.25 (23.1%); 34.00,-118.50 (22.6%); 34.25,-118.25 (10.1%); 33.75,-118.25 (6.4%); 34.25,-118.75 (2.4%)"
2022-04-25,91.16,32.87,2.0,Strong heat stress,89.6 to 100.4 F,80.62,71.2,90.53,10.54,1,450,1,"34.25,-118.50 (35.4%); 34.00,-118.25 (23.1%); 34.00,-118.50 (22.6%); 34.25,-118.25 (10.1%); 33.75,-118.25 (6.4%); 34.25,-118.75 (2.4%)"
2022-04-26,85.1,29.5,1.0,Moderate heat stress,78.8 to 89.6 F,80.82,71.53,90.85,4.28,0,450,1,"34.25,-118.50 (35.4%); 34.00,-118.25 (23.1%); 34.00,-118.50 (22.6%); 34.25,-118.25 (10.1%); 33.75,-118.25 (6.4%); 34.25,-118.75 (2.4%)"
2022-04-27,76.43,24.68,0.0,No thermal stress,48.2 to 78.8 F,80.86,71.59,91.11,-4.43,0,450,1,"34.25,-118.50 (35.4%); 34.00,-118.25 (23.1%); 34.00,-118.50 (22.6%); 34.25,-118.25 (10.1%); 33.75,-118.25 (6.4%); 34.25,-118.75 (2.4%)"
2022-04-28,76.33,24.63,0.0,No thermal stress,48.2 to 78.8 F,80.85,71.6,91.19,-4.52,0,450,1,"34.25,-118.50 (35.4%); 34.00,-118.25 (23.1%); 34.00,-118.50 (22.6%); 34.25,-118.25 (10.1%); 33.75,-118.25 (6.4%); 34.25,-118.75 (2.4%)"
2022-04-29,80.41,26.89,1.0,Moderate heat stress,78.8 to 89.6 F,80.85,71.6,91.15,-0.44,0,450,1,"34.25,-118.50 (35.4%); 34.00,-118.25 (23.1%); 34.00,-118.50 (22.6%); 34.25,-118.25 (10.1%); 33.75,-118.25 (6.4%); 34.25,-118.75 (2.4%)"
2022-04-30,82.18,27.88,1.0,Moderate heat stress,78.8 to 89.6 F,81.0,71.63,91.32,1.18,0,450,1,"34.25,-118.50 (35.4%); 34.00,-118.25 (23.1%); 34.00,-118.50 (22.6%); 34.25,-118.25 (10.1%); 33.75,-118.25 (6.4%); 34.25,-118.75 (2.4%)"
2022-05-01,78.23,25.68,0.0,No thermal stress,48.2 to 78.8 F,81.07,71.6,92.1,-2.84,0,450,1,"34.25,-118.50 (35.4%); 34.00,-118.25 (23.1%); 34.00,-118.50 (22.6%); 34.25,-118.25 (10.1%); 33.75,-118.25 (6.4%); 34.25,-118.75 (2.4%)"
2022-05-02,79.27,26.26,1.0,Moderate heat stress,78.8 to 89.6 F,81.1,71.7,91.32,-1.83,0,450,1,"34.25,-118.50 (35.4%); 34.00,-118.25 (23.1%); 34.00,-118.50 (22.6%); 34.25,-118.25 (10.1%); 33.75,-118.25 (6.4%); 34.25,-118.75 (2.4%)"
2022-05-03,81.39,27.44,1.0,Moderate heat stress,78.8 to 89.6 F,81.05,72.12,90.89,0.34,0,450,1,"34.25,-118.50 (35.4%); 34.00,-118.25 (23.1%); 34.00,-118.50 (22.6%); 34.25,-118.25 (10.1%); 33.75,-118.25 (6.4%); 34.25,-118.75 (2.4%)"
2022-05-04,84.03,28.91,1.0,Moderate heat stress,78.8 to 89.6 F,80.99,72.17,90.53,3.04,0,450,1,"34.25,-118.50 (35.4%); 34.00,-118.25 (23.1%); 34.00,-118.50 (22.6%); 34.25,-118.25 (10.1%); 33.75,-118.25 (6.4%); 34.25,-118.75 (2.4%)"
2022-05-05,83.02,28.34,1.0,Moderate heat stress,78.8 to 89.6 F,81.0,72.53,90.64,2.02,0,450,1,"34.25,-118.50 (35.4%); 34.00,-118.25 (23.1%); 34.00,-118.50 (22.6%); 34.25,-118.25 (10.1%); 33.75,-118.25 (6.4%); 34.25,-118.75 (2.4%)"
2022-05-06,82.99,28.33,1.0,Moderate heat stress,78.8 to 89.6 F,81.02,72.78,90.64,1.97,0,450,1,"34.25,-118.50 (35.4%); 34.00,-118.25 (23.1%); 34.00,-118.50 (22.6%); 34.25,-118.25 (10.1%); 33.75,-118.25 (6.4%); 34.25,-118.75 (2.4%)"
2022-05-07,80.83,27.13,1.0,Moderate heat stress,78.8 to 89.6 F,81.0,72.78,90.18,-0.17,0,450,1,"34.25,-118.50 (35.4%); 34.00,-118.25 (23.1%); 34.00,-118.50 (22.6%); 34.25,-118.25 (10.1%); 33.75,-118.25 (6.4%); 34.25,-118.75 (2.4%)"
2022-05-08,74.7,23.72,0.0,No thermal stress,48.2 to 78.8 F,80.99,72.59,90.42,-6.29,0,450,1,"34.25,-118.50 (35.4%); 34.00,-118.25 (23.1%); 34.00,-118.50 (22.6%); 34.25,-118.25 (10.1%); 33.75,-118.25 (6.4%); 34.25,-118.75 (2.4%)"
2022-05-09,75.74,24.3,0.0,No thermal stress,48.2 to 78.8 F,80.93,72.15,90.43,-5.19,0,450,1,"34.25,-118.50 (35.4%); 34.00,-118.25 (23.1%); 34.00,-118.50 (22.6%); 34.25,-118.25 (10.1%); 33.75,-118.25 (6.4%); 34.25,-118.75 (2.4%)"
2022-05-10,75.86,24.37,0.0,No thermal stress,48.2 to 78.8 F,80.9,72.53,90.02,-5.04,0,450,1,"34.25,-118.50 (35.4%); 34.00,-118.25 (23.1%); 34.00,-118.50 (22.6%); 34.25,-118.25 (10.1%); 33.75,-118.25 (6.4%); 34.25,-118.75 (2.4%)"
2022-05-11,74.17,23.43,0.0,No thermal stress,48.2 to 78.8 F,80.77,72.38,89.62,-6.6,0,450,1,"34.25,-118.50 (35.4%); 34.00,-118.25 (23.1%); 34.00,-118.50 (22.6%); 34.25,-118.25 (10.1%); 33.75,-118.25 (6.4%); 34.25,-118.75 (2.4%)"
2022-05-12,85.44,29.69,1.0,Moderate heat stress,78.8 to 89.6 F,80.78,72.53,89.44,4.66,0,450,1,"34.25,-118.50 (35.4%); 34.00,-118.25 (23.1%); 34.00,-118.50 (22.6%); 34.25,-118.25 (10.1%); 33.75,-118.25 (6.4%); 34.25,-118.75 (2.4%)"
2022-05-13,94.19,34.55,2.0,Strong heat stress,89.6 to 100.4 F,80.86,72.76,89.44,13.33,1,450,1,"34.25,-118.50 (35.4%); 34.00,-118.25 (23.1%); 34.00,-118.50 (22.6%); 34.25,-118.25 (10.1%); 33.75,-118.25 (6.4%); 34.25,-118.75 (2.4%)"
2022-05-14,96.04,35.58,2.0,Strong heat stress,89.6 to 100.4 F,80.99,73.38,89.42,15.05,1,450,1,"34.25,-118.50 (35.4%); 34.00,-118.25 (23.1%); 34.00,-118.50 (22.6%); 34.25,-118.25 (10.1%); 33.75,-118.25 (6.4%); 34.25,-118.75 (2.4%)"
2022-05-15,90.25,32.36,2.0,Strong heat stress,89.6 to 100.4 F,81.01,73.38,89.3,9.24,1,450,1,"34.25,-118.50 (35.4%); 34.00,-118.25 (23.1%); 34.00,-118.50 (22.6%); 34.25,-118.25 (10.1%); 33.75,-118.25 (6.4%); 34.25,-118.75 (2.4%)"
2022-05-16,83.22,28.46,1.0,Moderate heat stress,78.8 to 89.6 F,80.9,73.09,89.18,2.32,0,450,1,"34.25,-118.50 (35.4%); 34.00,-118.25 (23.1%); 34.00,-118.50 (22.6%); 34.25,-118.25 (10.1%); 33.75,-118.25 (6.4%); 34.25,-118.75 (2.4%)"
2022-05-17,79.1,26.17,1.0,Moderate heat stress,78.8 to 89.6 F,80.92,73.65,88.92,-1.82,0,450,1,"34.25,-118.50 (35.4%); 34.00,-118.25 (23.1%); 34.00,-118.50 (22.6%); 34.25,-118.25 (10.1%); 33.75,-118.25 (6.4%); 34.25,-118.75 (2.4%)"
2022-05-18,82.52,28.06,1.0,Moderate heat stress,78.8 to 89.6 F,80.81,73.65,88.9,1.71,0,450,1,"34.25,-118.50 (35.4%); 34.00,-118.25 (23.1%); 34.00,-118.50 (22.6%); 34.25,-118.25 (10.1%); 33.75,-118.25 (6.4%); 34.25,-118.75 (2.4%)"
2022-05-19,80.22,26.79,1.0,Moderate heat stress,78.8 to 89.6 F,80.73,73.38,88.9,-0.51,0,450,1,"34.25,-118.50 (35.4%); 34.00,-118.25 (23.1%); 34.00,-118.50 (22.6%); 34.25,-118.25 (10.1%); 33.75,-118.25 (6.4%); 34.25,-118.75 (2.4%)"
2022-05-20,72.36,22.42,0.0,No thermal stress,48.2 to 78.8 F,80.75,73.65,88.89,-8.39,0,450,1,"34.25,-118.50 (35.4%); 34.00,-118.25 (23.1%); 34.00,-118.50 (22.6%); 34.25,-118.25 (10.1%); 33.75,-118.25 (6.4%); 34.25,-118.75 (2.4%)"
2022-05-21,80.9,27.17,1.0,Moderate heat stress,78.8 to 89.6 F,80.84,73.96,88.83,0.06,0,450,1,"34.25,-118.50 (35.4%); 34.00,-118.25 (23.1%); 34.00,-118.50 (22.6%); 34.25,-118.25 (10.1%); 33.75,-118.25 (6.4%); 34.25,-118.75 (2.4%)"
2022-05-22,80.18,26.77,1.0,Moderate heat stress,78.8 to 89.6 F,81.0,74.19,88.89,-0.82,0,450,1,"34.25,-118.50 (35.4%); 34.00,-118.25 (23.1%); 34.00,-118.50 (22.6%); 34.25,-118.25 (10.1%); 33.75,-118.25 (6.4%); 34.25,-118.75 (2.4%)"
2022-05-23,79.24,26.24,1.0,Moderate heat stress,78.8 to 89.6 F,81.14,74.3,88.8,-1.9,0,450,1,"34.25,-118.50 (35.4%); 34.00,-118.25 (23.1%); 34.00,-118.50 (22.6%); 34.25,-118.25 (10.1%); 33.75,-118.25 (6.4%); 34.25,-118.75 (2.4%)"
2022-05-24,85.83,29.91,1.0,Moderate heat stress,78.8 to 89.6 F,81.34,74.7,88.89,4.49,0,450,1,"34.25,-118.50 (35.4%); 34.00,-118.25 (23.1%); 34.00,-118.50 (22.6%); 34.25,-118.25 (10.1%); 33.75,-118.25 (6.4%); 34.25,-118.75 (2.4%)"
2022-05-25,85.02,29.45,1.0,Moderate heat stress,78.8 to 89.6 F,81.5,74.72,89.0,3.52,0,450,1,"34.25,-118.50 (35.4%); 34.00,-118.25 (23.1%); 34.00,-118.50 (22.6%); 34.25,-118.25 (10.1%); 33.75,-118.25 (6.4%); 34.25,-118.75 (2.4%)"
2022-05-26,82.36,27.98,1.0,Moderate heat stress,78.8 to 89.6 F,81.71,75.09,89.34,0.65,0,450,1,"34.25,-118.50 (35.4%); 34.00,-118.25 (23.1%); 34.00,-118.50 (22.6%); 34.25,-118.25 (10.1%); 33.75,-118.25 (6.4%); 34.25,-118.75 (2.4%)"
2022-05-27,81.38,27.43,1.0,Moderate heat stress,78.8 to 89.6 F,81.88,75.21,89.48,-0.5,0,450,1,"34.25,-118.50 (35.4%); 34.00,-118.25 (23.1%); 34.00,-118.50 (22.6%); 34.25,-118.25 (10.1%); 33.75,-118.25 (6.4%); 34.25,-118.75 (2.4%)"
2022-05-28,79.55,26.42,1.0,Moderate heat stress,78.8 to 89.6 F,82.06,75.3,89.48,-2.51,0,450,1,"34.25,-118.50 (35.4%); 34.00,-118.25 (23.1%); 34.00,-118.50 (22.6%); 34.25,-118.25 (10.1%); 33.75,-118.25 (6.4%); 34.25,-118.75 (2.4%)"
2022-05-29,80.51,26.95,1.0,Moderate heat stress,78.8 to 89.6 F,82.07,75.61,89.34,-1.56,0,450,1,"34.25,-118.50 (35.4%); 34.00,-118.25 (23.1%); 34.00,-118.50 (22.6%); 34.25,-118.25 (10.1%); 33.75,-118.25 (6.4%); 34.25,-118.75 (2.4%)"
2022-05-30,80.3,26.84,1.0,Moderate heat stress,78.8 to 89.6 F,82.14,76.03,89.01,-1.84,0,450,1,"34.25,-118.50 (35.4%); 34.00,-118.25 (23.1%); 34.00,-118.50 (22.6%); 34.25,-118.25 (10.1%); 33.75,-118.25 (6.4%); 34.25,-118.75 (2.4%)"
2022-05-31,83.44,28.58,1.0,Moderate heat stress,78.8 to 89.6 F,82.32,76.37,88.92,1.12,0,450,1,"34.25,-118.50 (35.4%); 34.00,-118.25 (23.1%); 34.00,-118.50 (22.6%); 34.25,-118.25 (10.1%); 33.75,-118.25 (6.4%); 34.25,-118.75 (2.4%)"
2022-06-01,87.99,31.11,1.0,Moderate heat stress,78.8 to 89.6 F,82.5,76.41,88.99,5.49,0,450,1,"34.25,-118.50 (35.4%); 34.00,-118.25 (23.1%); 34.00,-118.50 (22.6%); 34.25,-118.25 (10.1%); 33.75,-118.25 (6.4%); 34.25,-118.75 (2.4%)"
2022-06-02,86.24,30.13,1.0,Moderate heat stress,78.8 to 89.6 F,82.91,77.11,89.59,3.33,0,450,1,"34.25,-118.50 (35.4%); 34.00,-118.25 (23.1%); 34.00,-118.50 (22.6%); 34.25,-118.25 (10.1%); 33.75,-118.25 (6.4%); 34.25,-118.75 (2.4%)"
2022-06-03,82.45,28.03,1.0,Moderate heat stress,78.8 to 89.6 F,83.26,77.37,89.96,-0.81,0,450,1,"34.25,-118.50 (35.4%); 34.00,-118.25 (23.1%); 34.00,-118.50 (22.6%); 34.25,-118.25 (10.1%); 33.75,-118.25 (6.4%); 34.25,-118.75 (2.4%)"
2022-06-04,81.78,27.65,1.0,Moderate heat stress,78.8 to 89.6 F,83.39,77.64,90.19,-1.61,0,450,1,"34.25,-118.50 (35.4%); 34.00,-118.25 (23.1%); 34.00,-118.50 (22.6%); 34.25,-118.25 (10.1%); 33.75,-118.25 (6.4%); 34.25,-118.75 (2.4%)"
2022-06-05,85.02,29.46,1.0,Moderate heat stress,78.8 to 89.6 F,83.4,77.83,90.06,1.62,0,450,1,"34.25,-118.50 (35.4%); 34.00,-118.25 (23.1%); 34.00,-118.50 (22.6%); 34.25,-118.25 (10.1%); 33.75,-118.25 (6.4%); 34.25,-118.75 (2.4%)"
2022-06-06,86.18,30.1,1.0,Moderate heat stress,78.8 to 89.6 F,83.46,77.96,90.18,2.72,0,450,1,"34.25,-118.50 (35.4%); 34.00,-118.25 (23.1%); 34.00,-118.50 (22.6%); 34.25,-118.25 (10.1%); 33.75,-118.25 (6.4%); 34.25,-118.75 (2.4%)"
2022-06-07,86.84,30.47,1.0,Moderate heat stress,78.8 to 89.6 F,83.59,78.2,90.28,3.25,0,450,1,"34.25,-118.50 (35.4%); 34.00,-118.25 (23.1%); 34.00,-118.50 (22.6%); 34.25,-118.25 (10.1%); 33.75,-118.25 (6.4%); 34.25,-118.75 (2.4%)"
2022-06-08,88.4,31.33,1.0,Moderate heat stress,78.8 to 89.6 F,83.65,78.2,90.24,4.75,0,450,1,"34.25,-118.50 (35.4%); 34.00,-118.25 (23.1%); 34.00,-118.50 (22.6%); 34.25,-118.25 (10.1%); 33.75,-118.25 (6.4%); 34.25,-118.75 (2.4%)"
2022-06-09,89.91,32.17,2.0,Strong heat stress,89.6 to 100.4 F,83.69,78.2,90.35,6.22,0,450,1,"34.25,-118.50 (35.4%); 34.00,-118.25 (23.1%); 34.00,-118.50 (22.6%); 34.25,-118.25 (10.1%); 33.75,-118.25 (6.4%); 34.25,-118.75 (2.4%)"
2022-06-10,91.34,32.97,2.0,Strong heat stress,89.6 to 100.4 F,83.83,78.35,90.77,7.51,1,450,1,"34.25,-118.50 (35.4%); 34.00,-118.25 (23.1%); 34.00,-118.50 (22.6%); 34.25,-118.25 (10.1%); 33.75,-118.25 (6.4%); 34.25,-118.75 (2.4%)"
2022-06-11,90.22,32.34,2.0,Strong heat stress,89.6 to 100.4 F,83.99,78.43,90.9,6.23,0,450,1,"34.25,-118.50 (35.4%); 34.00,-118.25 (23.1%); 34.00,-118.50 (22.6%); 34.25,-118.25 (10.1%); 33.75,-118.25 (6.4%); 34.25,-118.75 (2.4%)"
2022-06-12,86.79,30.44,1.0,Moderate heat stress,78.8 to 89.6 F,84.21,78.73,91.41,2.58,0,450,1,"34.25,-118.50 (35.4%); 34.00,-118.25 (23.1%); 34.00,-118.50 (22.6%); 34.25,-118.25 (10.1%); 33.75,-118.25 (6.4%); 34.25,-118.75 (2.4%)"
2022-06-13,86.65,30.36,1.0,Moderate heat stress,78.8 to 89.6 F,84.6,79.0,91.58,2.05,0,450,1,"34.25,-118.50 (35.4%); 34.00,-118.25 (23.1%); 34.00,-118.50 (22.6%); 34.25,-118.25 (10.1%); 33.75,-118.25 (6.4%); 34.25,-118.75 (2.4%)"
2022-06-14,86.09,30.05,1.0,Moderate heat stress,78.8 to 89.6 F,84.9,79.07,92.08,1.19,0,450,1,"34.25,-118.50 (35.4%); 34.00,-118.25 (23.1%); 34.00,-118.50 (22.6%); 34.25,-118.25 (10.1%); 33.75,-118.25 (6.4%); 34.25,-118.75 (2.4%)"
2022-06-15,90.91,32.73,2.0,Strong heat stress,89.6 to 100.4 F,85.2,79.31,92.53,5.71,0,450,1,"34.25,-118.50 (35.4%); 34.00,-118.25 (23.1%); 34.00,-118.50 (22.6%); 34.25,-118.25 (10.1%); 33.75,-118.25 (6.4%); 34.25,-118.75 (2.4%)"
2022-06-16,89.78,32.1,2.0,Strong heat stress,89.6 to 100.4 F,85.43,79.7,92.63,4.35,0,450,1,"34.25,-118.50 (35.4%); 34.00,-118.25 (23.1%); 34.00,-118.50 (22.6%); 34.25,-118.25 (10.1%); 33.75,-118.25 (6.4%); 34.25,-118.75 (2.4%)"
2022-06-17,82.79,28.22,1.0,Moderate heat stress,78.8 to 89.6 F,85.58,79.85,92.63,-2.79,0,450,1,"34.25,-118.50 (35.4%); 34.00,-118.25 (23.1%); 34.00,-118.50 (22.6%); 34.25,-118.25 (10.1%); 33.75,-118.25 (6.4%); 34.25,-118.75 (2.4%)"
2022-06-18,79.23,26.24,1.0,Moderate heat stress,78.8 to 89.6 F,85.82,79.95,92.67,-6.59,0,450,1,"34.25,-118.50 (35.4%); 34.00,-118.25 (23.1%); 34.00,-118.50 (22.6%); 34.25,-118.25 (10.1%); 33.75,-118.25 (6.4%); 34.25,-118.75 (2.4%)"
2022-06-19,84.6,29.22,1.0,Moderate heat stress,78.8 to 89.6 F,86.12,80.18,93.0,-1.52,0,450,1,"34.25,-118.50 (35.4%); 34.00,-118.25 (23.1%); 34.00,-118.50 (22.6%); 34.25,-118.25 (10.1%); 33.75,-118.25 (6.4%); 34.25,-118.75 (2.4%)"
2022-06-20,96.82,36.01,2.0,Strong heat stress,89.6 to 100.4 F,86.44,80.32,93.17,10.38,1,450,1,"34.25,-118.50 (35.4%); 34.00,-118.25 (23.1%); 34.00,-118.50 (22.6%); 34.25,-118.25 (10.1%); 33.75,-118.25 (6.4%); 34.25,-118.75 (2.4%)"
2022-06-21,91.82,33.23,2.0,Strong heat stress,89.6 to 100.4 F,86.73,80.53,93.8,5.09,0,450,1,"34.25,-118.50 (35.4%); 34.00,-118.25 (23.1%); 34.00,-118.50 (22.6%); 34.25,-118.25 (10.1%); 33.75,-118.25 (6.4%); 34.25,-118.75 (2.4%)"
2022-06-22,94.81,34.89,2.0,Strong heat stress,89.6 to 100.4 F,86.97,80.7,94.16,7.84,1,450,1,"34.25,-118.50 (35.4%); 34.00,-118.25 (23.1%); 34.00,-118.50 (22.6%); 34.25,-118.25 (10.1%); 33.75,-118.25 (6.4%); 34.25,-118.75 (2.4%)"
2022-06-23,94.64,34.8,2.0,Strong heat stress,89.6 to 100.4 F,87.31,81.13,94.62,7.33,1,450,1,"34.25,-118.50 (35.4%); 34.00,-118.25 (23.1%); 34.00,-118.50 (22.6%); 34.25,-118.25 (10.1%); 33.75,-118.25 (6.4%); 34.25,-118.75 (2.4%)"
2022-06-24,94.55,34.75,2.0,Strong heat stress,89.6 to 100.4 F,87.73,81.31,94.87,6.82,0,450,1,"34.25,-118.50 (35.4%); 34.00,-118.25 (23.1%); 34.00,-118.50 (22.6%); 34.25,-118.25 (10.1%); 33.75,-118.25 (6.4%); 34.25,-118.75 (2.4%)"
2022-06-25,93.28,34.05,2.0,Strong heat stress,89.6 to 100.4 F,88.03,81.59,95.71,5.25,0,450,1,"34.25,-118.50 (35.4%); 34.00,-118.25 (23.1%); 34.00,-118.50 (22.6%); 34.25,-118.25 (10.1%); 33.75,-118.25 (6.4%); 34.25,-118.75 (2.4%)"
2022-06-26,95.77,35.43,2.0,Strong heat stress,89.6 to 100.4 F,88.18,81.62,95.87,7.59,0,450,1,"34.25,-118.50 (35.4%); 34.00,-118.25 (23.1%); 34.00,-118.50 (22.6%); 34.25,-118.25 (10.1%); 33.75,-118.25 (6.4%); 34.25,-118.75 (2.4%)"
2022-06-27,98.89,37.16,2.0,Strong heat stress,89.6 to 100.4 F,88.32,81.89,96.12,10.57,1,450,1,"34.25,-118.50 (35.4%); 34.00,-118.25 (23.1%); 34.00,-118.50 (22.6%); 34.25,-118.25 (10.1%); 33.75,-118.25 (6.4%); 34.25,-118.75 (2.4%)"
2022-06-28,96.98,36.1,2.0,Strong heat stress,89.6 to 100.4 F,88.5,82.07,96.1,8.48,1,450,1,"34.25,-118.50 (35.4%); 34.00,-118.25 (23.1%); 34.00,-118.50 (22.6%); 34.25,-118.25 (10.1%); 33.75,-118.25 (6.4%); 34.25,-118.75 (2.4%)"
2022-06-29,93.19,34.0,2.0,Strong heat stress,89.6 to 100.4 F,88.81,82.52,96.36,4.38,0,450,1,"34.25,-118.50 (35.4%); 34.00,-118.25 (23.1%); 34.00,-118.50 (22.6%); 34.25,-118.25 (10.1%); 33.75,-118.25 (6.4%); 34.25,-118.75 (2.4%)"
2022-06-30,92.37,33.54,2.0,Strong heat stress,89.6 to 100.4 F,89.07,82.68,96.67,3.3,0,450,1,"34.25,-118.50 (35.4%); 34.00,-118.25 (23.1%); 34.00,-118.50 (22.6%); 34.25,-118.25 (10.1%); 33.75,-118.25 (6.4%); 34.25,-118.75 (2.4%)"
2022-07-01,88.96,31.65,1.0,Moderate heat stress,78.8 to 89.6 F,89.3,82.84,96.83,-0.34,0,450,1,"34.25,-118.50 (35.4%); 34.00,-118.25 (23.1%); 34.00,-118.50 (22.6%); 34.25,-118.25 (10.1%); 33.75,-118.25 (6.4%); 34.25,-118.75 (2.4%)"
2022-07-02,86.91,30.51,1.0,Moderate heat stress,78.8 to 89.6 F,89.53,83.06,96.94,-2.62,0,450,1,"34.25,-118.50 (35.4%); 34.00,-118.25 (23.1%); 34.00,-118.50 (22.6%); 34.25,-118.25 (10.1%); 33.75,-118.25 (6.4%); 34.25,-118.75 (2.4%)"
2022-07-03,83.52,28.62,1.0,Moderate heat stress,78.8 to 89.6 F,89.66,83.18,96.94,-6.14,0,450,1,"34.25,-118.50 (35.4%); 34.00,-118.25 (23.1%); 34.00,-118.50 (22.6%); 34.25,-118.25 (10.1%); 33.75,-118.25 (6.4%); 34.25,-118.75 (2.4%)"
2022-07-04,83.04,28.35,1.0,Moderate heat stress,78.8 to 89.6 F,89.81,83.36,96.94,-6.77,0,450,1,"34.25,-118.50 (35.4%); 34.00,-118.25 (23.1%); 34.00,-118.50 (22.6%); 34.25,-118.25 (10.1%); 33.75,-118.25 (6.4%); 34.25,-118.75 (2.4%)"
2022-07-05,85.59,29.77,1.0,Moderate heat stress,78.8 to 89.6 F,89.98,83.45,97.01,-4.39,0,450,1,"34.25,-118.50 (35.4%); 34.00,-118.25 (23.1%); 34.00,-118.50 (22.6%); 34.25,-118.25 (10.1%); 33.75,-118.25 (6.4%); 34.25,-118.75 (2.4%)"
2022-07-06,87.27,30.7,1.0,Moderate heat stress,78.8 to 89.6 F,90.17,83.53,97.01,-2.9,0,450,1,"34.25,-118.50 (35.4%); 34.00,-118.25 (23.1%); 34.00,-118.50 (22.6%); 34.25,-118.25 (10.1%); 33.75,-118.25 (6.4%); 34.25,-118.75 (2.4%)"
2022-07-07,90.42,32.45,2.0,Strong heat stress,89.6 to 100.4 F,90.34,83.68,96.94,0.08,0,450,1,"34.25,-118.50 (35.4%); 34.00,-118.25 (23.1%); 34.00,-118.50 (22.6%); 34.25,-118.25 (10.1%); 33.75,-118.25 (6.4%); 34.25,-118.75 (2.4%)"
2022-07-08,88.66,31.48,1.0,Moderate heat stress,78.8 to 89.6 F,90.42,83.78,96.93,-1.76,0,450,1,"34.25,-118.50 (35.4%); 34.00,-118.25 (23.1%); 34.00,-118.50 (22.6%); 34.25,-118.25 (10.1%); 33.75,-118.25 (6.4%); 34.25,-118.75 (2.4%)"
2022-07-09,89.03,31.68,1.0,Moderate heat stress,78.8 to 89.6 F,90.43,83.6,96.93,-1.4,0,450,1,"34.25,-118.50 (35.4%); 34.00,-118.25 (23.1%); 34.00,-118.50 (22.6%); 34.25,-118.25 (10.1%); 33.75,-118.25 (6.4%); 34.25,-118.75 (2.4%)"
2022-07-10,91.89,33.27,2.0,Strong heat stress,89.6 to 100.4 F,90.49,83.6,96.94,1.4,0,450,1,"34.25,-118.50 (35.4%); 34.00,-118.25 (23.1%); 34.00,-118.50 (22.6%); 34.25,-118.25 (10.1%); 33.75,-118.25 (6.4%); 34.25,-118.75 (2.4%)"
2022-07-11,89.09,31.71,1.0,Moderate heat stress,78.8 to 89.6 F,90.7,84.04,97.01,-1.61,0,450,1,"34.25,-118.50 (35.4%); 34.00,-118.25 (23.1%); 34.00,-118.50 (22.6%); 34.25,-118.25 (10.1%); 33.75,-118.25 (6.4%); 34.25,-118.75 (2.4%)"
2022-07-12,85.86,29.92,1.0,Moderate heat stress,78.8 to 89.6 F,90.87,84.24,97.31,-5.01,0,450,1,"34.25,-118.50 (35.4%); 34.00,-118.25 (23.1%); 34.00,-118.50 (22.6%); 34.25,-118.25 (10.1%); 33.75,-118.25 (6.4%); 34.25,-118.75 (2.4%)"
2022-07-13,88.47,31.37,1.0,Moderate heat stress,78.8 to 89.6 F,90.92,84.3,97.49,-2.45,0,450,1,"34.25,-118.50 (35.4%); 34.00,-118.25 (23.1%); 34.00,-118.50 (22.6%); 34.25,-118.25 (10.1%); 33.75,-118.25 (6.4%); 34.25,-118.75 (2.4%)"
2022-07-14,90.44,32.47,2.0,Strong heat stress,89.6 to 100.4 F,90.91,84.44,97.51,-0.47,0,450,1,"34.25,-118.50 (35.4%); 34.00,-118.25 (23.1%); 34.00,-118.50 (22.6%); 34.25,-118.25 (10.1%); 33.75,-118.25 (6.4%); 34.25,-118.75 (2.4%)"
2022-07-15,94.14,34.52,2.0,Strong heat stress,89.6 to 100.4 F,90.96,84.49,97.55,3.18,0,450,1,"34.25,-118.50 (35.4%); 34.00,-118.25 (23.1%); 34.00,-118.50 (22.6%); 34.25,-118.25 (10.1%); 33.75,-118.25 (6.4%); 34.25,-118.75 (2.4%)"
2022-07-16,95.1,35.05,2.0,Strong heat stress,89.6 to 100.4 F,91.08,84.61,97.7,4.02,0,450,1,"34.25,-118.50 (35.4%); 34.00,-118.25 (23.1%); 34.00,-118.50 (22.6%); 34.25,-118.25 (10.1%); 33.75,-118.25 (6.4%); 34.25,-118.75 (2.4%)"
2022-07-17,95.47,35.26,2.0,Strong heat stress,89.6 to 100.4 F,91.18,84.65,97.91,4.29,0,450,1,"34.25,-118.50 (35.4%); 34.00,-118.25 (23.1%); 34.00,-118.50 (22.6%); 34.25,-118.25 (10.1%); 33.75,-118.25 (6.4%); 34.25,-118.75 (2.4%)"
2022-07-18,96.33,35.74,2.0,Strong heat stress,89.6 to 100.4 F,91.31,84.92,98.52,5.02,0,450,1,"34.25,-118.50 (35.4%); 34.00,-118.25 (23.1%); 34.00,-118.50 (22.6%); 34.25,-118.25 (10.1%); 33.75,-118.25 (6.4%); 34.25,-118.75 (2.4%)"
2022-07-19,95.95,35.53,2.0,Strong heat stress,89.6 to 100.4 F,91.46,85.02,98.93,4.49,0,450,1,"34.25,-118.50 (35.4%); 34.00,-118.25 (23.1%); 34.00,-118.50 (22.6%); 34.25,-118.25 (10.1%); 33.75,-118.25 (6.4%); 34.25,-118.75 (2.4%)"
2022-07-20,94.28,34.6,2.0,Strong heat stress,89.6 to 100.4 F,91.54,85.18,99.1,2.74,0,450,1,"34.25,-118.50 (35.4%); 34.00,-118.25 (23.1%); 34.00,-118.50 (22.6%); 34.25,-118.25 (10.1%); 33.75,-118.25 (6.4%); 34.25,-118.75 (2.4%)"
2022-07-21,92.68,33.71,2.0,Strong heat stress,89.6 to 100.4 F,91.54,85.18,99.1,1.14,0,450,1,"34.25,-118.50 (35.4%); 34.00,-118.25 (23.1%); 34.00,-118.50 (22.6%); 34.25,-118.25 (10.1%); 33.75,-118.25 (6.4%); 34.25,-118.75 (2.4%)"
2022-07-22,91.27,32.93,2.0,Strong heat stress,89.6 to 100.4 F,91.53,85.18,99.11,-0.26,0,450,1,"34.25,-118.50 (35.4%); 34.00,-118.25 (23.1%); 34.00,-118.50 (22.6%); 34.25,-118.25 (10.1%); 33.75,-118.25 (6.4%); 34.25,-118.75 (2.4%)"
2022-07-23,90.45,32.47,2.0,Strong heat stress,89.6 to 100.4 F,91.58,85.22,99.1,-1.13,0,450,1,"34.25,-118.50 (35.4%); 34.00,-118.25 (23.1%); 34.00,-118.50 (22.6%); 34.25,-118.25 (10.1%); 33.75,-118.25 (6.4%); 34.25,-118.75 (2.4%)"
2022-07-24,90.51,32.5,2.0,Strong heat stress,89.6 to 100.4 F,91.65,85.25,99.09,-1.14,0,450,1,"34.25,-118.50 (35.4%); 34.00,-118.25 (23.1%); 34.00,-118.50 (22.6%); 34.25,-118.25 (10.1%); 33.75,-118.25 (6.4%); 34.25,-118.75 (2.4%)"
2022-07-25,89.66,32.04,2.0,Strong heat stress,89.6 to 100.4 F,91.76,85.38,99.1,-2.1,0,450,1,"34.25,-118.50 (35.4%); 34.00,-118.25 (23.1%); 34.00,-118.50 (22.6%); 34.25,-118.25 (10.1%); 33.75,-118.25 (6.4%); 34.25,-118.75 (2.4%)"
2022-07-26,90.25,32.36,2.0,Strong heat stress,89.6 to 100.4 F,91.84,85.39,99.09,-1.59,0,450,1,"34.25,-118.50 (35.4%); 34.00,-118.25 (23.1%); 34.00,-118.50 (22.6%); 34.25,-118.25 (10.1%); 33.75,-118.25 (6.4%); 34.25,-118.75 (2.4%)"
2022-07-27,89.72,32.06,2.0,Strong heat stress,89.6 to 100.4 F,91.89,85.71,99.09,-2.17,0,450,1,"34.25,-118.50 (35.4%); 34.00,-118.25 (23.1%); 34.00,-118.50 (22.6%); 34.25,-118.25 (10.1%); 33.75,-118.25 (6.4%); 34.25,-118.75 (2.4%)"
2022-07-28,91.37,32.98,2.0,Strong heat stress,89.6 to 100.4 F,91.99,85.74,99.04,-0.62,0,450,1,"34.25,-118.50 (35.4%); 34.00,-118.25 (23.1%); 34.00,-118.50 (22.6%); 34.25,-118.25 (10.1%); 33.75,-118.25 (6.4%); 34.25,-118.75 (2.4%)"
2022-07-29,92.41,33.56,2.0,Strong heat stress,89.6 to 100.4 F,92.08,85.81,98.93,0.33,0,450,1,"34.25,-118.50 (35.4%); 34.00,-118.25 (23.1%); 34.00,-118.50 (22.6%); 34.25,-118.25 (10.1%); 33.75,-118.25 (6.4%); 34.25,-118.75 (2.4%)"
2022-07-30,93.73,34.29,2.0,Strong heat stress,89.6 to 100.4 F,92.07,85.74,98.93,1.66,0,450,1,"34.25,-118.50 (35.4%); 34.00,-118.25 (23.1%); 34.00,-118.50 (22.6%); 34.25,-118.25 (10.1%); 33.75,-118.25 (6.4%); 34.25,-118.75 (2.4%)"
2022-07-31,99.37,37.43,2.0,Strong heat stress,89.6 to 100.4 F,92.02,85.71,98.89,7.35,1,450,1,"34.25,-118.50 (35.4%); 34.00,-118.25 (23.1%); 34.00,-118.50 (22.6%); 34.25,-118.25 (10.1%); 33.75,-118.25 (6.4%); 34.25,-118.75 (2.4%)"
2022-08-01,94.35,34.64,2.0,Strong heat stress,89.6 to 100.4 F,92.03,85.74,98.82,2.32,0,450,1,"34.25,-118.50 (35.4%); 34.00,-118.25 (23.1%); 34.00,-118.50 (22.6%); 34.25,-118.25 (10.1%); 33.75,-118.25 (6.4%); 34.25,-118.75 (2.4%)"
2022-08-02,93.27,34.04,2.0,Strong heat stress,89.6 to 100.4 F,92.08,85.59,98.89,1.19,0,450,1,"34.25,-118.50 (35.4%); 34.00,-118.25 (23.1%); 34.00,-118.50 (22.6%); 34.25,-118.25 (10.1%); 33.75,-118.25 (6.4%); 34.25,-118.75 (2.4%)"
2022-08-03,93.49,34.16,2.0,Strong heat stress,89.6 to 100.4 F,92.06,85.34,99.01,1.43,0,450,1,"34.25,-118.50 (35.4%); 34.00,-118.25 (23.1%); 34.00,-118.50 (22.6%); 34.25,-118.25 (10.1%); 33.75,-118.25 (6.4%); 34.25,-118.75 (2.4%)"
2022-08-04,93.47,34.15,2.0,Strong heat stress,89.6 to 100.4 F,92.13,85.45,99.01,1.34,0,450,1,"34.25,-118.50 (35.4%); 34.00,-118.25 (23.1%); 34.00,-118.50 (22.6%); 34.25,-118.25 (10.1%); 33.75,-118.25 (6.4%); 34.25,-118.75 (2.4%)"
2022-08-05,94.39,34.66,2.0,Strong heat stress,89.6 to 100.4 F,92.28,85.65,99.49,2.11,0,450,1,"34.25,-118.50 (35.4%); 34.00,-118.25 (23.1%); 34.00,-118.50 (22.6%); 34.25,-118.25 (10.1%); 33.75,-118.25 (6.4%); 34.25,-118.75 (2.4%)"
2022-08-06,96.35,35.75,2.0,Strong heat stress,89.6 to 100.4 F,92.51,85.82,99.95,3.84,0,450,1,"34.25,-118.50 (35.4%); 34.00,-118.25 (23.1%); 34.00,-118.50 (22.6%); 34.25,-118.25 (10.1%); 33.75,-118.25 (6.4%); 34.25,-118.75 (2.4%)"
2022-08-07,99.39,37.44,2.0,Strong heat stress,89.6 to 100.4 F,92.67,85.82,100.38,6.72,0,450,1,"34.25,-118.50 (35.4%); 34.00,-118.25 (23.1%); 34.00,-118.50 (22.6%); 34.25,-118.25 (10.1%); 33.75,-118.25 (6.4%); 34.25,-118.75 (2.4%)"
2022-08-08,96.45,35.81,2.0,Strong heat stress,89.6 to 100.4 F,92.8,85.86,100.97,3.65,0,450,1,"34.25,-118.50 (35.4%); 34.00,-118.25 (23.1%); 34.00,-118.50 (22.6%); 34.25,-118.25 (10.1%); 33.75,-118.25 (6.4%); 34.25,-118.75 (2.4%)"
2022-08-09,99.55,37.53,2.0,Strong heat stress,89.6 to 100.4 F,92.87,85.72,101.12,6.68,0,450,1,"34.25,-118.50 (35.4%); 34.00,-118.25 (23.1%); 34.00,-118.50 (22.6%); 34.25,-118.25 (10.1%); 33.75,-118.25 (6.4%); 34.25,-118.75 (2.4%)"
2022-08-10,98.99,37.22,2.0,Strong heat stress,89.6 to 100.4 F,92.9,85.78,101.22,6.09,0,450,1,"34.25,-118.50 (35.4%); 34.00,-118.25 (23.1%); 34.00,-118.50 (22.6%); 34.25,-118.25 (10.1%); 33.75,-118.25 (6.4%); 34.25,-118.75 (2.4%)"
2022-08-11,97.53,36.4,2.0,Strong heat stress,89.6 to 100.4 F,92.94,85.78,101.25,4.59,0,450,1,"34.25,-118.50 (35.4%); 34.00,-118.25 (23.1%); 34.00,-118.50 (22.6%); 34.25,-118.25 (10.1%); 33.75,-118.25 (6.4%); 34.25,-118.75 (2.4%)"
2022-08-12,98.26,36.81,2.0,Strong heat stress,89.6 to 100.4 F,92.9,85.78,101.25,5.36,0,450,1,"34.25,-118.50 (35.4%); 34.00,-118.25 (23.1%); 34.00,-118.50 (22.6%); 34.25,-118.25 (10.1%); 33.75,-118.25 (6.4%); 34.25,-118.75 (2.4%)"
2022-08-13,99.4,37.45,2.0,Strong heat stress,89.6 to 100.4 F,92.9,85.96,101.25,6.5,0,450,1,"34.25,-118.50 (35.4%); 34.00,-118.25 (23.1%); 34.00,-118.50 (22.6%); 34.25,-118.25 (10.1%); 33.75,-118.25 (6.4%); 34.25,-118.75 (2.4%)"
2022-08-14,97.49,36.39,2.0,Strong heat stress,89.6 to 100.4 F,92.94,86.23,101.19,4.55,0,450,1,"34.25,-118.50 (35.4%); 34.00,-118.25 (23.1%); 34.00,-118.50 (22.6%); 34.25,-118.25 (10.1%); 33.75,-118.25 (6.4%); 34.25,-118.75 (2.4%)"
2022-08-15,97.4,36.33,2.0,Strong heat stress,89.6 to 100.4 F,93.04,86.38,101.22,4.36,0,450,1,"34.25,-118.50 (35.4%); 34.00,-118.25 (23.1%); 34.00,-118.50 (22.6%); 34.25,-118.25 (10.1%); 33.75,-118.25 (6.4%); 34.25,-118.75 (2.4%)"
2022-08-16,97.67,36.48,2.0,Strong heat stress,89.6 to 100.4 F,93.11,86.44,101.25,4.56,0,450,1,"34.25,-118.50 (35.4%); 34.00,-118.25 (23.1%); 34.00,-118.50 (22.6%); 34.25,-118.25 (10.1%); 33.75,-118.25 (6.4%); 34.25,-118.75 (2.4%)"
2022-08-17,96.88,36.04,2.0,Strong heat stress,89.6 to 100.4 F,93.15,86.61,101.25,3.73,0,450,1,"34.25,-118.50 (35.4%); 34.00,-118.25 (23.1%); 34.00,-118.50 (22.6%); 34.25,-118.25 (10.1%); 33.75,-118.25 (6.4%); 34.25,-118.75 (2.4%)"
2022-08-18,93.36,34.09,2.0,Strong heat stress,89.6 to 100.4 F,93.27,86.82,101.22,0.09,0,450,1,"34.25,-118.50 (35.4%); 34.00,-118.25 (23.1%); 34.00,-118.50 (22.6%); 34.25,-118.25 (10.1%); 33.75,-118.25 (6.4%); 34.25,-118.75 (2.4%)"
2022-08-19,95.18,35.1,2.0,Strong heat stress,89.6 to 100.4 F,93.38,86.86,101.12,1.8,0,450,1,"34.25,-118.50 (35.4%); 34.00,-118.25 (23.1%); 34.00,-118.50 (22.6%); 34.25,-118.25 (10.1%); 33.75,-118.25 (6.4%); 34.25,-118.75 (2.4%)"
2022-08-20,91.08,32.82,2.0,Strong heat stress,89.6 to 100.4 F,93.49,86.86,100.98,-2.41,0,450,1,"34.25,-118.50 (35.4%); 34.00,-118.25 (23.1%); 34.00,-118.50 (22.6%); 34.25,-118.25 (10.1%); 33.75,-118.25 (6.4%); 34.25,-118.75 (2.4%)"
2022-08-21,89.85,32.14,2.0,Strong heat stress,89.6 to 100.4 F,93.53,86.86,100.98,-3.68,0,450,1,"34.25,-118.50 (35.4%); 34.00,-118.25 (23.1%); 34.00,-118.50 (22.6%); 34.25,-118.25 (10.1%); 33.75,-118.25 (6.4%); 34.25,-118.75 (2.4%)"
2022-08-22,92.06,33.37,2.0,Strong heat stress,89.6 to 100.4 F,93.65,87.08,101.12,-1.59,0,450,1,"34.25,-118.50 (35.4%); 34.00,-118.25 (23.1%); 34.00,-118.50 (22.6%); 34.25,-118.25 (10.1%); 33.75,-118.25 (6.4%); 34.25,-118.75 (2.4%)"
2022-08-23,95.77,35.43,2.0,Strong heat stress,89.6 to 100.4 F,93.71,87.12,101.14,2.06,0,450,1,"34.25,-118.50 (35.4%); 34.00,-118.25 (23.1%); 34.00,-118.50 (22.6%); 34.25,-118.25 (10.1%); 33.75,-118.25 (6.4%); 34.25,-118.75 (2.4%)"
2022-08-24,93.72,34.29,2.0,Strong heat stress,89.6 to 100.4 F,93.76,87.12,101.14,-0.04,0,450,1,"34.25,-118.50 (35.4%); 34.00,-118.25 (23.1%); 34.00,-118.50 (22.6%); 34.25,-118.25 (10.1%); 33.75,-118.25 (6.4%); 34.25,-118.75 (2.4%)"
2022-08-25,95.31,35.17,2.0,Strong heat stress,89.6 to 100.4 F,93.85,87.19,101.33,1.46,0,450,1,"34.25,-118.50 (35.4%); 34.00,-118.25 (23.1%); 34.00,-118.50 (22.6%); 34.25,-118.25 (10.1%); 33.75,-118.25 (6.4%); 34.25,-118.75 (2.4%)"
2022-08-26,94.28,34.6,2.0,Strong heat stress,89.6 to 100.4 F,94.0,87.19,102.23,0.28,0,450,1,"34.25,-118.50 (35.4%); 34.00,-118.25 (23.1%); 34.00,-118.50 (22.6%); 34.25,-118.25 (10.1%); 33.75,-118.25 (6.4%); 34.25,-118.75 (2.4%)"
2022-08-27,89.71,32.06,2.0,Strong heat stress,89.6 to 100.4 F,94.21,87.19,102.66,-4.5,0,450,1,"34.25,-118.50 (35.4%); 34.00,-118.25 (23.1%); 34.00,-118.50 (22.6%); 34.25,-118.25 (10.1%); 33.75,-118.25 (6.4%); 34.25,-118.75 (2.4%)"
2022-08-28,88.9,31.61,1.0,Moderate heat stress,78.8 to 89.6 F,94.37,87.04,102.8,-5.47,0,450,1,"34.25,-118.50 (35.4%); 34.00,-118.25 (23.1%); 34.00,-118.50 (22.6%); 34.25,-118.25 (10.1%); 33.75,-118.25 (6.4%); 34.25,-118.75 (2.4%)"
2022-08-29,93.16,33.98,2.0,Strong heat stress,89.6 to 100.4 F,94.6,87.32,103.3,-1.44,0,450,1,"34.25,-118.50 (35.4%); 34.00,-118.25 (23.1%); 34.00,-118.50 (22.6%); 34.25,-118.25 (10.1%); 33.75,-118.25 (6.4%); 34.25,-118.75 (2.4%)"
2022-08-30,99.94,37.75,2.0,Strong heat stress,89.6 to 100.4 F,94.73,87.32,103.35,5.21,0,450,1,"34.25,-118.50 (35.4%); 34.00,-118.25 (23.1%); 34.00,-118.50 (22.6%); 34.25,-118.25 (10.1%); 33.75,-118.25 (6.4%); 34.25,-118.75 (2.4%)"
2022-08-31,107.92,42.18,3.0,Very strong heat stress,100.4 to 114.8 F,94.77,87.31,103.41,13.15,1,450,1,"34.25,-118.50 (35.4%); 34.00,-118.25 (23.1%); 34.00,-118.50 (22.6%); 34.25,-118.25 (10.1%); 33.75,-118.25 (6.4%); 34.25,-118.75 (2.4%)"
2022-09-01,104.28,40.16,3.0,Very strong heat stress,100.4 to 114.8 F,94.66,87.0,103.41,9.62,1,450,1,"34.25,-118.50 (35.4%); 34.00,-118.25 (23.1%); 34.00,-118.50 (22.6%); 34.25,-118.25 (10.1%); 33.75,-118.25 (6.4%); 34.25,-118.75 (2.4%)"
2022-09-02,106.72,41.51,3.0,Very strong heat stress,100.4 to 114.8 F,94.43,86.42,103.41,12.29,1,450,1,"34.25,-118.50 (35.4%); 34.00,-118.25 (23.1%); 34.00,-118.50 (22.6%); 34.25,-118.25 (10.1%); 33.75,-118.25 (6.4%); 34.25,-118.75 (2.4%)"
2022-09-03,108.1,42.28,3.0,Very strong heat stress,100.4 to 114.8 F,94.19,86.08,103.35,13.91,1,450,1,"34.25,-118.50 (35.4%); 34.00,-118.25 (23.1%); 34.00,-118.50 (22.6%); 34.25,-118.25 (10.1%); 33.75,-118.25 (6.4%); 34.25,-118.75 (2.4%)"
2022-09-04,117.3,47.39,4.0,Extreme heat stress,> 114.8 F,93.91,85.76,103.11,23.39,1,450,1,"34.25,-118.50 (35.4%); 34.00,-118.25 (23.1%); 34.00,-118.50 (22.6%); 34.25,-118.25 (10.1%); 33.75,-118.25 (6.4%); 34.25,-118.75 (2.4%)"
2022-09-05,106.58,41.43,3.0,Very strong heat stress,100.4 to 114.8 F,93.62,85.3,102.97,12.96,1,450,1,"34.25,-118.50 (35.4%); 34.00,-118.25 (23.1%); 34.00,-118.50 (22.6%); 34.25,-118.25 (10.1%); 33.75,-118.25 (6.4%); 34.25,-118.75 (2.4%)"
2022-09-06,106.9,41.61,3.0,Very strong heat stress,100.4 to 114.8 F,93.25,85.01,102.21,13.65,1,450,1,"34.25,-118.50 (35.4%); 34.00,-118.25 (23.1%); 34.00,-118.50 (22.6%); 34.25,-118.25 (10.1%); 33.75,-118.25 (6.4%); 34.25,-118.75 (2.4%)"
2022-09-07,108.02,42.23,3.0,Very strong heat stress,100.4 to 114.8 F,93.03,84.88,101.61,14.99,1,450,1,"34.25,-118.50 (35.4%); 34.00,-118.25 (23.1%); 34.00,-118.50 (22.6%); 34.25,-118.25 (10.1%); 33.75,-118.25 (6.4%); 34.25,-118.75 (2.4%)"
2022-09-08,109.63,43.13,3.0,Very strong heat stress,100.4 to 114.8 F,92.81,84.75,101.31,16.82,1,450,1,"34.25,-118.50 (35.4%); 34.00,-118.25 (23.1%); 34.00,-118.50 (22.6%); 34.25,-118.25 (10.1%); 33.75,-118.25 (6.4%); 34.25,-118.75 (2.4%)"
2022-09-09,104.54,40.3,3.0,Very strong heat stress,100.4 to 114.8 F,92.56,84.41,101.03,11.98,1,450,1,"34.25,-118.50 (35.4%); 34.00,-118.25 (23.1%); 34.00,-118.50 (22.6%); 34.25,-118.25 (10.1%); 33.75,-118.25 (6.4%); 34.25,-118.75 (2.4%)"
2022-09-10,90.0,32.22,2.0,Strong heat stress,89.6 to 100.4 F,92.23,84.3,100.55,-2.23,0,450,1,"34.25,-118.50 (35.4%); 34.00,-118.25 (23.1%); 34.00,-118.50 (22.6%); 34.25,-118.25 (10.1%); 33.75,-118.25 (6.4%); 34.25,-118.75 (2.4%)"
2022-09-11,96.14,35.63,2.0,Strong heat stress,89.6 to 100.4 F,91.94,84.41,100.18,4.2,0,450,1,"34.25,-118.50 (35.4%); 34.00,-118.25 (23.1%); 34.00,-118.50 (22.6%); 34.25,-118.25 (10.1%); 33.75,-118.25 (6.4%); 34.25,-118.75 (2.4%)"
2022-09-12,91.45,33.03,2.0,Strong heat stress,89.6 to 100.4 F,91.63,84.01,99.56,-0.18,0,450,1,"34.25,-118.50 (35.4%); 34.00,-118.25 (23.1%); 34.00,-118.50 (22.6%); 34.25,-118.25 (10.1%); 33.75,-118.25 (6.4%); 34.25,-118.75 (2.4%)"
2022-09-13,88.71,31.5,1.0,Moderate heat stress,78.8 to 89.6 F,91.2,83.85,99.13,-2.49,0,450,1,"34.25,-118.50 (35.4%); 34.00,-118.25 (23.1%); 34.00,-118.50 (22.6%); 34.25,-118.25 (10.1%); 33.75,-118.25 (6.4%); 34.25,-118.75 (2.4%)"
2022-09-14,88.21,31.23,1.0,Moderate heat stress,78.8 to 89.6 F,90.85,83.58,98.73,-2.64,0,450,1,"34.25,-118.50 (35.4%); 34.00,-118.25 (23.1%); 34.00,-118.50 (22.6%); 34.25,-118.25 (10.1%); 33.75,-118.25 (6.4%); 34.25,-118.75 (2.4%)"
2022-09-15,88.06,31.14,1.0,Moderate heat stress,78.8 to 89.6 F,90.59,83.4,98.68,-2.53,0,450,1,"34.25,-118.50 (35.4%); 34.00,-118.25 (23.1%); 34.00,-118.50 (22.6%); 34.25,-118.25 (10.1%); 33.75,-118.25 (6.4%); 34.25,-118.75 (2.4%)"
2022-09-16,89.68,32.05,2.0,Strong heat stress,89.6 to 100.4 F,90.57,83.22,98.73,-0.89,0,450,1,"34.25,-118.50 (35.4%); 34.00,-118.25 (23.1%); 34.00,-118.50 (22.6%); 34.25,-118.25 (10.1%); 33.75,-118.25 (6.4%); 34.25,-118.75 (2.4%)"
2022-09-17,85.98,29.99,1.0,Moderate heat stress,78.8 to 89.6 F,90.7,83.28,98.81,-4.72,0,450,1,"34.25,-118.50 (35.4%); 34.00,-118.25 (23.1%); 34.00,-118.50 (22.6%); 34.25,-118.25 (10.1%); 33.75,-118.25 (6.4%); 34.25,-118.75 (2.4%)"
2022-09-18,84.4,29.11,1.0,Moderate heat stress,78.8 to 89.6 F,90.73,83.28,98.99,-6.33,0,450,1,"34.25,-118.50 (35.4%); 34.00,-118.25 (23.1%); 34.00,-118.50 (22.6%); 34.25,-118.25 (10.1%); 33.75,-118.25 (6.4%); 34.25,-118.75 (2.4%)"
2022-09-19,86.86,30.48,1.0,Moderate heat stress,78.8 to 89.6 F,90.74,83.22,99.68,-3.88,0,450,1,"34.25,-118.50 (35.4%); 34.00,-118.25 (23.1%); 34.00,-118.50 (22.6%); 34.25,-118.25 (10.1%); 33.75,-118.25 (6.4%); 34.25,-118.75 (2.4%)"
2022-09-20,89.48,31.93,1.0,Moderate heat stress,78.8 to 89.6 F,90.81,83.13,99.62,-1.33,0,450,1,"34.25,-118.50 (35.4%); 34.00,-118.25 (23.1%); 34.00,-118.50 (22.6%); 34.25,-118.25 (10.1%); 33.75,-118.25 (6.4%); 34.25,-118.75 (2.4%)"
2022-09-21,86.83,30.46,1.0,Moderate heat stress,78.8 to 89.6 F,90.87,82.71,99.75,-4.04,0,450,1,"34.25,-118.50 (35.4%); 34.00,-118.25 (23.1%); 34.00,-118.50 (22.6%); 34.25,-118.25 (10.1%); 33.75,-118.25 (6.4%); 34.25,-118.75 (2.4%)"
2022-09-22,93.42,34.12,2.0,Strong heat stress,89.6 to 100.4 F,90.89,82.21,99.75,2.53,0,450,1,"34.25,-118.50 (35.4%); 34.00,-118.25 (23.1%); 34.00,-118.50 (22.6%); 34.25,-118.25 (10.1%); 33.75,-118.25 (6.4%); 34.25,-118.75 (2.4%)"
2022-09-23,97.06,36.14,2.0,Strong heat stress,89.6 to 100.4 F,91.0,82.03,100.12,6.06,0,450,1,"34.25,-118.50 (35.4%); 34.00,-118.25 (23.1%); 34.00,-118.50 (22.6%); 34.25,-118.25 (10.1%); 33.75,-118.25 (6.4%); 34.25,-118.75 (2.4%)"
2022-09-24,97.66,36.48,2.0,Strong heat stress,89.6 to 100.4 F,91.03,81.81,100.27,6.63,0,450,1,"34.25,-118.50 (35.4%); 34.00,-118.25 (23.1%); 34.00,-118.50 (22.6%); 34.25,-118.25 (10.1%); 33.75,-118.25 (6.4%); 34.25,-118.75 (2.4%)"
2022-09-25,98.46,36.92,2.0,Strong heat stress,89.6 to 100.4 F,91.02,82.03,100.61,7.44,0,450,1,"34.25,-118.50 (35.4%); 34.00,-118.25 (23.1%); 34.00,-118.50 (22.6%); 34.25,-118.25 (10.1%); 33.75,-118.25 (6.4%); 34.25,-118.75 (2.4%)"
2022-09-26,96.96,36.09,2.0,Strong heat stress,89.6 to 100.4 F,90.77,81.65,100.81,6.19,0,450,1,"34.25,-118.50 (35.4%); 34.00,-118.25 (23.1%); 34.00,-118.50 (22.6%); 34.25,-118.25 (10.1%); 33.75,-118.25 (6.4%); 34.25,-118.75 (2.4%)"
2022-09-27,101.4,38.56,3.0,Very strong heat stress,100.4 to 114.8 F,90.41,81.36,100.86,10.99,1,450,1,"34.25,-118.50 (35.4%); 34.00,-118.25 (23.1%); 34.00,-118.50 (22.6%); 34.25,-118.25 (10.1%); 33.75,-118.25 (6.4%); 34.25,-118.75 (2.4%)"
2022-09-28,100.6,38.11,3.0,Very strong heat stress,100.4 to 114.8 F,90.19,80.96,100.81,10.41,0,450,1,"34.25,-118.50 (35.4%); 34.00,-118.25 (23.1%); 34.00,-118.50 (22.6%); 34.25,-118.25 (10.1%); 33.75,-118.25 (6.4%); 34.25,-118.75 (2.4%)"
2022-09-29,95.81,35.45,2.0,Strong heat stress,89.6 to 100.4 F,90.09,80.91,100.86,5.72,0,450,1,"34.25,-118.50 (35.4%); 34.00,-118.25 (23.1%); 34.00,-118.50 (22.6%); 34.25,-118.25 (10.1%); 33.75,-118.25 (6.4%); 34.25,-118.75 (2.4%)"
2022-09-30,88.05,31.14,1.0,Moderate heat stress,78.8 to 89.6 F,90.07,80.96,100.86,-2.02,0,450,1,"34.25,-118.50 (35.4%); 34.00,-118.25 (23.1%); 34.00,-118.50 (22.6%); 34.25,-118.25 (10.1%); 33.75,-118.25 (6.4%); 34.25,-118.75 (2.4%)"
2022-10-01,86.64,30.36,1.0,Moderate heat stress,78.8 to 89.6 F,89.89,80.96,100.17,-3.25,0,450,1,"34.25,-118.50 (35.4%); 34.00,-118.25 (23.1%); 34.00,-118.50 (22.6%); 34.25,-118.25 (10.1%); 33.75,-118.25 (6.4%); 34.25,-118.75 (2.4%)"
2022-10-02,90.02,32.23,2.0,Strong heat stress,89.6 to 100.4 F,89.55,80.91,100.11,0.47,0,450,1,"34.25,-118.50 (35.4%); 34.00,-118.25 (23.1%); 34.00,-118.50 (22.6%); 34.25,-118.25 (10.1%); 33.75,-118.25 (6.4%); 34.25,-118.75 (2.4%)"
2022-10-03,90.44,32.47,2.0,Strong heat stress,89.6 to 100.4 F,89.23,80.19,99.97,1.21,0,450,1,"34.25,-118.50 (35.4%); 34.00,-118.25 (23.1%); 34.00,-118.50 (22.6%); 34.25,-118.25 (10.1%); 33.75,-118.25 (6.4%); 34.25,-118.75 (2.4%)"
2022-10-04,93.25,34.03,2.0,Strong heat stress,89.6 to 100.4 F,88.86,79.8,99.63,4.39,0,450,1,"34.25,-118.50 (35.4%); 34.00,-118.25 (23.1%); 34.00,-118.50 (22.6%); 34.25,-118.25 (10.1%); 33.75,-118.25 (6.4%); 34.25,-118.75 (2.4%)"
2022-10-05,92.03,33.35,2.0,Strong heat stress,89.6 to 100.4 F,88.53,79.53,99.2,3.5,0,450,1,"34.25,-118.50 (35.4%); 34.00,-118.25 (23.1%); 34.00,-118.50 (22.6%); 34.25,-118.25 (10.1%); 33.75,-118.25 (6.4%); 34.25,-118.75 (2.4%)"
2022-10-06,90.58,32.55,2.0,Strong heat stress,89.6 to 100.4 F,88.26,79.46,98.97,2.32,0,450,1,"34.25,-118.50 (35.4%); 34.00,-118.25 (23.1%); 34.00,-118.50 (22.6%); 34.25,-118.25 (10.1%); 33.75,-118.25 (6.4%); 34.25,-118.75 (2.4%)"
2022-10-07,91.18,32.88,2.0,Strong heat stress,89.6 to 100.4 F,88.01,79.37,98.57,3.17,0,450,1,"34.25,-118.50 (35.4%); 34.00,-118.25 (23.1%); 34.00,-118.50 (22.6%); 34.25,-118.25 (10.1%); 33.75,-118.25 (6.4%); 34.25,-118.75 (2.4%)"
2022-10-08,92.26,33.48,2.0,Strong heat stress,89.6 to 100.4 F,87.62,78.72,97.87,4.64,0,450,1,"34.25,-118.50 (35.4%); 34.00,-118.25 (23.1%); 34.00,-118.50 (22.6%); 34.25,-118.25 (10.1%); 33.75,-118.25 (6.4%); 34.25,-118.75 (2.4%)"
2022-10-09,90.13,32.29,2.0,Strong heat stress,89.6 to 100.4 F,87.29,78.29,97.76,2.84,0,450,1,"34.25,-118.50 (35.4%); 34.00,-118.25 (23.1%); 34.00,-118.50 (22.6%); 34.25,-118.25 (10.1%); 33.75,-118.25 (6.4%); 34.25,-118.75 (2.4%)"
2022-10-10,88.36,31.31,1.0,Moderate heat stress,78.8 to 89.6 F,87.07,77.8,97.45,1.29,0,450,1,"34.25,-118.50 (35.4%); 34.00,-118.25 (23.1%); 34.00,-118.50 (22.6%); 34.25,-118.25 (10.1%); 33.75,-118.25 (6.4%); 34.25,-118.75 (2.4%)"
2022-10-11,88.18,31.21,1.0,Moderate heat stress,78.8 to 89.6 F,87.04,77.75,97.17,1.14,0,450,1,"34.25,-118.50 (35.4%); 34.00,-118.25 (23.1%); 34.00,-118.50 (22.6%); 34.25,-118.25 (10.1%); 33.75,-118.25 (6.4%); 34.25,-118.75 (2.4%)"
2022-10-12,85.94,29.97,1.0,Moderate heat stress,78.8 to 89.6 F,87.16,78.29,97.06,-1.22,0,450,1,"34.25,-118.50 (35.4%); 34.00,-118.25 (23.1%); 34.00,-118.50 (22.6%); 34.25,-118.25 (10.1%); 33.75,-118.25 (6.4%); 34.25,-118.75 (2.4%)"
2022-10-13,87.28,30.71,1.0,Moderate heat stress,78.8 to 89.6 F,87.15,78.29,97.15,0.13,0,450,1,"34.25,-118.50 (35.4%); 34.00,-118.25 (23.1%); 34.00,-118.50 (22.6%); 34.25,-118.25 (10.1%); 33.75,-118.25 (6.4%); 34.25,-118.75 (2.4%)"
2022-10-14,85.97,29.98,1.0,Moderate heat stress,78.8 to 89.6 F,86.95,78.24,96.85,-0.98,0,450,1,"34.25,-118.50 (35.4%); 34.00,-118.25 (23.1%); 34.00,-118.50 (22.6%); 34.25,-118.25 (10.1%); 33.75,-118.25 (6.4%); 34.25,-118.75 (2.4%)"
2022-10-15,80.32,26.84,1.0,Moderate heat stress,78.8 to 89.6 F,86.73,77.79,96.85,-6.41,0,450,1,"34.25,-118.50 (35.4%); 34.00,-118.25 (23.1%); 34.00,-118.50 (22.6%); 34.25,-118.25 (10.1%); 33.75,-118.25 (6.4%); 34.25,-118.75 (2.4%)"
2022-10-16,82.94,28.3,1.0,Moderate heat stress,78.8 to 89.6 F,86.59,77.13,96.62,-3.65,0,450,1,"34.25,-118.50 (35.4%); 34.00,-118.25 (23.1%); 34.00,-118.50 (22.6%); 34.25,-118.25 (10.1%); 33.75,-118.25 (6.4%); 34.25,-118.75 (2.4%)"
2022-10-17,87.85,31.03,1.0,Moderate heat stress,78.8 to 89.6 F,86.47,77.13,96.53,1.38,0,450,1,"34.25,-118.50 (35.4%); 34.00,-118.25 (23.1%); 34.00,-118.50 (22.6%); 34.25,-118.25 (10.1%); 33.75,-118.25 (6.4%); 34.25,-118.75 (2.4%)"
2022-10-18,95.92,35.51,2.0,Strong heat stress,89.6 to 100.4 F,86.32,76.47,96.28,9.6,0,450,1,"34.25,-118.50 (35.4%); 34.00,-118.25 (23.1%); 34.00,-118.50 (22.6%); 34.25,-118.25 (10.1%); 33.75,-118.25 (6.4%); 34.25,-118.75 (2.4%)"
2022-10-19,100.33,37.96,2.0,Strong heat stress,89.6 to 100.4 F,86.25,76.34,96.26,14.08,1,450,1,"34.25,-118.50 (35.4%); 34.00,-118.25 (23.1%); 34.00,-118.50 (22.6%); 34.25,-118.25 (10.1%); 33.75,-118.25 (6.4%); 34.25,-118.75 (2.4%)"
2022-10-20,95.2,35.11,2.0,Strong heat stress,89.6 to 100.4 F,86.04,76.12,96.05,9.16,0,450,1,"34.25,-118.50 (35.4%); 34.00,-118.25 (23.1%); 34.00,-118.50 (22.6%); 34.25,-118.25 (10.1%); 33.75,-118.25 (6.4%); 34.25,-118.75 (2.4%)"
2022-10-21,87.48,30.82,1.0,Moderate heat stress,78.8 to 89.6 F,85.78,75.87,95.7,1.7,0,450,1,"34.25,-118.50 (35.4%); 34.00,-118.25 (23.1%); 34.00,-118.50 (22.6%); 34.25,-118.25 (10.1%); 33.75,-118.25 (6.4%); 34.25,-118.75 (2.4%)"
2022-10-22,73.43,23.02,0.0,No thermal stress,48.2 to 78.8 F,85.36,75.02,95.38,-11.93,0,450,1,"34.25,-118.50 (35.4%); 34.00,-118.25 (23.1%); 34.00,-118.50 (22.6%); 34.25,-118.25 (10.1%); 33.75,-118.25 (6.4%); 34.25,-118.75 (2.4%)"
2022-10-23,80.59,26.99,1.0,Moderate heat stress,78.8 to 89.6 F,84.94,74.6,94.84,-4.35,0,450,1,"34.25,-118.50 (35.4%); 34.00,-118.25 (23.1%); 34.00,-118.50 (22.6%); 34.25,-118.25 (10.1%); 33.75,-118.25 (6.4%); 34.25,-118.75 (2.4%)"
2022-10-24,84.77,29.32,1.0,Moderate heat stress,78.8 to 89.6 F,84.69,74.41,94.08,0.08,0,450,1,"34.25,-118.50 (35.4%); 34.00,-118.25 (23.1%); 34.00,-118.50 (22.6%); 34.25,-118.25 (10.1%); 33.75,-118.25 (6.4%); 34.25,-118.75 (2.4%)"
2022-10-25,83.19,28.44,1.0,Moderate heat stress,78.8 to 89.6 F,84.49,74.41,93.75,-1.3,0,450,1,"34.25,-118.50 (35.4%); 34.00,-118.25 (23.1%); 34.00,-118.50 (22.6%); 34.25,-118.25 (10.1%); 33.75,-118.25 (6.4%); 34.25,-118.75 (2.4%)"
2022-10-26,81.24,27.36,1.0,Moderate heat stress,78.8 to 89.6 F,84.28,74.09,93.73,-3.04,0,450,1,"34.25,-118.50 (35.4%); 34.00,-118.25 (23.1%); 34.00,-118.50 (22.6%); 34.25,-118.25 (10.1%); 33.75,-118.25 (6.4%); 34.25,-118.75 (2.4%)"
2022-10-27,86.0,30.0,1.0,Moderate heat stress,78.8 to 89.6 F,84.06,74.09,93.55,1.94,0,450,1,"34.25,-118.50 (35.4%); 34.00,-118.25 (23.1%); 34.00,-118.50 (22.6%); 34.25,-118.25 (10.1%); 33.75,-118.25 (6.4%); 34.25,-118.75 (2.4%)"
2022-10-28,85.38,29.66,1.0,Moderate heat stress,78.8 to 89.6 F,83.85,74.01,93.26,1.53,0,450,1,"34.25,-118.50 (35.4%); 34.00,-118.25 (23.1%); 34.00,-118.50 (22.6%); 34.25,-118.25 (10.1%); 33.75,-118.25 (6.4%); 34.25,-118.75 (2.4%)"
2022-10-29,86.4,30.22,1.0,Moderate heat stress,78.8 to 89.6 F,83.76,74.27,93.1,2.64,0,450,1,"34.25,-118.50 (35.4%); 34.00,-118.25 (23.1%); 34.00,-118.50 (22.6%); 34.25,-118.25 (10.1%); 33.75,-118.25 (6.4%); 34.25,-118.75 (2.4%)"
2022-10-30,88.05,31.14,1.0,Moderate heat stress,78.8 to 89.6 F,83.52,74.32,92.86,4.53,0,450,1,"34.25,-118.50 (35.4%); 34.00,-118.25 (23.1%); 34.00,-118.50 (22.6%); 34.25,-118.25 (10.1%); 33.75,-118.25 (6.4%); 34.25,-118.75 (2.4%)"
2022-10-31,86.77,30.43,1.0,Moderate heat stress,78.8 to 89.6 F,83.22,74.27,92.61,3.55,0,450,1,"34.25,-118.50 (35.4%); 34.00,-118.25 (23.1%); 34.00,-118.50 (22.6%); 34.25,-118.25 (10.1%); 33.75,-118.25 (6.4%); 34.25,-118.75 (2.4%)"
2022-11-01,76.9,24.95,0.0,No thermal stress,48.2 to 78.8 F,82.76,73.54,92.47,-5.86,0,450,1,"34.25,-118.50 (35.4%); 34.00,-118.25 (23.1%); 34.00,-118.50 (22.6%); 34.25,-118.25 (10.1%); 33.75,-118.25 (6.4%); 34.25,-118.75 (2.4%)"
2022-11-02,75.69,24.27,0.0,No thermal stress,48.2 to 78.8 F,82.36,73.3,92.12,-6.67,0,450,1,"34.25,-118.50 (35.4%); 34.00,-118.25 (23.1%); 34.00,-118.50 (22.6%); 34.25,-118.25 (10.1%); 33.75,-118.25 (6.4%); 34.25,-118.75 (2.4%)"
2022-11-03,70.61,21.45,0.0,No thermal stress,48.2 to 78.8 F,81.95,73.06,91.99,-11.34,0,450,1,"34.25,-118.50 (35.4%); 34.00,-118.25 (23.1%); 34.00,-118.50 (22.6%); 34.25,-118.25 (10.1%); 33.75,-118.25 (6.4%); 34.25,-118.75 (2.4%)"
2022-11-04,77.32,25.18,0.0,No thermal stress,48.2 to 78.8 F,81.65,73.02,91.38,-4.33,0,450,1,"34.25,-118.50 (35.4%); 34.00,-118.25 (23.1%); 34.00,-118.50 (22.6%); 34.25,-118.25 (10.1%); 33.75,-118.25 (6.4%); 34.25,-118.75 (2.4%)"
2022-11-05,78.22,25.68,0.0,No thermal stress,48.2 to 78.8 F,81.49,72.52,91.14,-3.27,0,450,1,"34.25,-118.50 (35.4%); 34.00,-118.25 (23.1%); 34.00,-118.50 (22.6%); 34.25,-118.25 (10.1%); 33.75,-118.25 (6.4%); 34.25,-118.75 (2.4%)"
2022-11-06,78.18,25.65,0.0,No thermal stress,48.2 to 78.8 F,81.57,72.77,91.32,-3.39,0,450,1,"34.25,-118.50 (35.4%); 34.00,-118.25 (23.1%); 34.00,-118.50 (22.6%); 34.25,-118.25 (10.1%); 33.75,-118.25 (6.4%); 34.25,-118.75 (2.4%)"
2022-11-07,67.71,19.84,0.0,No thermal stress,48.2 to 78.8 F,81.65,73.02,91.46,-13.94,0,450,1,"34.25,-118.50 (35.4%); 34.00,-118.25 (23.1%); 34.00,-118.50 (22.6%); 34.25,-118.25 (10.1%); 33.75,-118.25 (6.4%); 34.25,-118.75 (2.4%)"
2022-11-08,58.61,14.78,0.0,No thermal stress,48.2 to 78.8 F,81.52,72.77,91.32,-22.91,0,450,1,"34.25,-118.50 (35.4%); 34.00,-118.25 (23.1%); 34.00,-118.50 (22.6%); 34.25,-118.25 (10.1%); 33.75,-118.25 (6.4%); 34.25,-118.75 (2.4%)"
2022-11-09,71.31,21.84,0.0,No thermal stress,48.2 to 78.8 F,81.25,72.2,91.14,-9.94,0,450,1,"34.25,-118.50 (35.4%); 34.00,-118.25 (23.1%); 34.00,-118.50 (22.6%); 34.25,-118.25 (10.1%); 33.75,-118.25 (6.4%); 34.25,-118.75 (2.4%)"
2022-11-10,77.54,25.3,0.0,No thermal stress,48.2 to 78.8 F,81.07,71.94,90.92,-3.53,0,450,1,"34.25,-118.50 (35.4%); 34.00,-118.25 (23.1%); 34.00,-118.50 (22.6%); 34.25,-118.25 (10.1%); 33.75,-118.25 (6.4%); 34.25,-118.75 (2.4%)"
2022-11-11,79.15,26.2,1.0,Moderate heat stress,78.8 to 89.6 F,80.96,71.79,90.06,-1.81,0,450,1,"34.25,-118.50 (35.4%); 34.00,-118.25 (23.1%); 34.00,-118.50 (22.6%); 34.25,-118.25 (10.1%); 33.75,-118.25 (6.4%); 34.25,-118.75 (2.4%)"
2022-11-12,76.74,24.86,0.0,No thermal stress,48.2 to 78.8 F,80.89,71.73,89.29,-4.15,0,450,1,"34.25,-118.50 (35.4%); 34.00,-118.25 (23.1%); 34.00,-118.50 (22.6%); 34.25,-118.25 (10.1%); 33.75,-118.25 (6.4%); 34.25,-118.75 (2.4%)"
2022-11-13,75.63,24.24,0.0,No thermal stress,48.2 to 78.8 F,80.58,71.18,89.09,-4.95,0,450,1,"34.25,-118.50 (35.4%); 34.00,-118.25 (23.1%); 34.00,-118.50 (22.6%); 34.25,-118.25 (10.1%); 33.75,-118.25 (6.4%); 34.25,-118.75 (2.4%)"
2022-11-14,77.84,25.47,0.0,No thermal stress,48.2 to 78.8 F,80.3,70.98,89.09,-2.46,0,450,1,"34.25,-118.50 (35.4%); 34.00,-118.25 (23.1%); 34.00,-118.50 (22.6%); 34.25,-118.25 (10.1%); 33.75,-118.25 (6.4%); 34.25,-118.75 (2.4%)"
2022-11-15,80.09,26.71,1.0,Moderate heat stress,78.8 to 89.6 F,80.09,70.39,89.01,0.0,0,450,1,"34.25,-118.50 (35.4%); 34.00,-118.25 (23.1%); 34.00,-118.50 (22.6%); 34.25,-118.25 (10.1%); 33.75,-118.25 (6.4%); 34.25,-118.75 (2.4%)"
2022-11-16,77.49,25.27,0.0,No thermal stress,48.2 to 78.8 F,80.12,71.14,88.93,-2.63,0,450,1,"34.25,-118.50 (35.4%); 34.00,-118.25 (23.1%); 34.00,-118.50 (22.6%); 34.25,-118.25 (10.1%); 33.75,-118.25 (6.4%); 34.25,-118.75 (2.4%)"
2022-11-17,83.26,28.48,1.0,Moderate heat stress,78.8 to 89.6 F,80.18,71.36,88.71,3.08,0,450,1,"34.25,-118.50 (35.4%); 34.00,-118.25 (23.1%); 34.00,-118.50 (22.6%); 34.25,-118.25 (10.1%); 33.75,-118.25 (6.4%); 34.25,-118.75 (2.4%)"
2022-11-18,78.38,25.77,0.0,No thermal stress,48.2 to 78.8 F,80.18,71.61,88.57,-1.8,0,450,1,"34.25,-118.50 (35.4%); 34.00,-118.25 (23.1%); 34.00,-118.50 (22.6%); 34.25,-118.25 (10.1%); 33.75,-118.25 (6.4%); 34.25,-118.75 (2.4%)"
2022-11-19,73.09,22.83,0.0,No thermal stress,48.2 to 78.8 F,80.05,71.17,88.48,-6.96,0,450,1,"34.25,-118.50 (35.4%); 34.00,-118.25 (23.1%); 34.00,-118.50 (22.6%); 34.25,-118.25 (10.1%); 33.75,-118.25 (6.4%); 34.25,-118.75 (2.4%)"
2022-11-20,84.98,29.43,1.0,Moderate heat stress,78.8 to 89.6 F,79.68,71.05,88.47,5.3,0,450,1,"34.25,-118.50 (35.4%); 34.00,-118.25 (23.1%); 34.00,-118.50 (22.6%); 34.25,-118.25 (10.1%); 33.75,-118.25 (6.4%); 34.25,-118.75 (2.4%)"
2022-11-21,82.52,28.07,1.0,Moderate heat stress,78.8 to 89.6 F,79.17,70.32,87.54,3.35,0,450,1,"34.25,-118.50 (35.4%); 34.00,-118.25 (23.1%); 34.00,-118.50 (22.6%); 34.25,-118.25 (10.1%); 33.75,-118.25 (6.4%); 34.25,-118.75 (2.4%)"
2022-11-22,82.74,28.19,1.0,Moderate heat stress,78.8 to 89.6 F,78.67,69.62,87.16,4.07,0,450,1,"34.25,-118.50 (35.4%); 34.00,-118.25 (23.1%); 34.00,-118.50 (22.6%); 34.25,-118.25 (10.1%); 33.75,-118.25 (6.4%); 34.25,-118.75 (2.4%)"
2022-11-23,80.89,27.16,1.0,Moderate heat stress,78.8 to 89.6 F,78.31,69.46,86.41,2.58,0,450,1,"34.25,-118.50 (35.4%); 34.00,-118.25 (23.1%); 34.00,-118.50 (22.6%); 34.25,-118.25 (10.1%); 33.75,-118.25 (6.4%); 34.25,-118.75 (2.4%)"
2022-11-24,82.14,27.86,1.0,Moderate heat stress,78.8 to 89.6 F,78.07,69.46,86.0,4.07,0,450,1,"34.25,-118.50 (35.4%); 34.00,-118.25 (23.1%); 34.00,-118.50 (22.6%); 34.25,-118.25 (10.1%); 33.75,-118.25 (6.4%); 34.25,-118.75 (2.4%)"
2022-11-25,83.5,28.61,1.0,Moderate heat stress,78.8 to 89.6 F,77.73,69.04,85.84,5.77,0,450,1,"34.25,-118.50 (35.4%); 34.00,-118.25 (23.1%); 34.00,-118.50 (22.6%); 34.25,-118.25 (10.1%); 33.75,-118.25 (6.4%); 34.25,-118.75 (2.4%)"
2022-11-26,77.67,25.37,0.0,No thermal stress,48.2 to 78.8 F,77.35,68.39,85.51,0.32,0,450,1,"34.25,-118.50 (35.4%); 34.00,-118.25 (23.1%); 34.00,-118.50 (22.6%); 34.25,-118.25 (10.1%); 33.75,-118.25 (6.4%); 34.25,-118.75 (2.4%)"
2022-11-27,80.67,27.04,1.0,Moderate heat stress,78.8 to 89.6 F,77.0,67.94,85.17,3.67,0,450,1,"34.25,-118.50 (35.4%); 34.00,-118.25 (23.1%); 34.00,-118.50 (22.6%); 34.25,-118.25 (10.1%); 33.75,-118.25 (6.4%); 34.25,-118.75 (2.4%)"
2022-11-28,71.36,21.87,0.0,No thermal stress,48.2 to 78.8 F,76.7,67.54,84.84,-5.34,0,450,1,"34.25,-118.50 (35.4%); 34.00,-118.25 (23.1%); 34.00,-118.50 (22.6%); 34.25,-118.25 (10.1%); 33.75,-118.25 (6.4%); 34.25,-118.75 (2.4%)"
2022-11-29,69.88,21.05,0.0,No thermal stress,48.2 to 78.8 F,76.34,67.02,84.34,-6.46,0,450,1,"34.25,-118.50 (35.4%); 34.00,-118.25 (23.1%); 34.00,-118.50 (22.6%); 34.25,-118.25 (10.1%); 33.75,-118.25 (6.4%); 34.25,-118.75 (2.4%)"
2022-11-30,68.3,20.17,0.0,No thermal stress,48.2 to 78.8 F,75.93,66.57,84.22,-7.63,0,450,1,"34.25,-118.50 (35.4%); 34.00,-118.25 (23.1%); 34.00,-118.50 (22.6%); 34.25,-118.25 (10.1%); 33.75,-118.25 (6.4%); 34.25,-118.75 (2.4%)"
2022-12-01,62.54,16.97,0.0,No thermal stress,48.2 to 78.8 F,75.62,65.73,84.22,-13.08,0,450,1,"34.25,-118.50 (35.4%); 34.00,-118.25 (23.1%); 34.00,-118.50 (22.6%); 34.25,-118.25 (10.1%); 33.75,-118.25 (6.4%); 34.25,-118.75 (2.4%)"
2022-12-02,57.73,14.29,0.0,No thermal stress,48.2 to 78.8 F,75.37,65.66,83.78,-17.64,0,450,1,"34.25,-118.50 (35.4%); 34.00,-118.25 (23.1%); 34.00,-118.50 (22.6%); 34.25,-118.25 (10.1%); 33.75,-118.25 (6.4%); 34.25,-118.75 (2.4%)"
2022-12-03,81.09,27.27,1.0,Moderate heat stress,78.8 to 89.6 F,75.12,65.52,83.3,5.97,0,450,1,"34.25,-118.50 (35.4%); 34.00,-118.25 (23.1%); 34.00,-118.50 (22.6%); 34.25,-118.25 (10.1%); 33.75,-118.25 (6.4%); 34.25,-118.75 (2.4%)"
2022-12-04,68.66,20.36,0.0,No thermal stress,48.2 to 78.8 F,74.8,64.6,82.9,-6.14,0,450,1,"34.25,-118.50 (35.4%); 34.00,-118.25 (23.1%); 34.00,-118.50 (22.6%); 34.25,-118.25 (10.1%); 33.75,-118.25 (6.4%); 34.25,-118.75 (2.4%)"
2022-12-05,68.77,20.43,0.0,No thermal stress,48.2 to 78.8 F,74.57,63.69,82.9,-5.8,0,450,1,"34.25,-118.50 (35.4%); 34.00,-118.25 (23.1%); 34.00,-118.50 (22.6%); 34.25,-118.25 (10.1%); 33.75,-118.25 (6.4%); 34.25,-118.75 (2.4%)"
2022-12-06,68.15,20.08,0.0,No thermal stress,48.2 to 78.8 F,74.53,63.97,82.78,-6.38,0,450,1,"34.25,-118.50 (35.4%); 34.00,-118.25 (23.1%); 34.00,-118.50 (22.6%); 34.25,-118.25 (10.1%); 33.75,-118.25 (6.4%); 34.25,-118.75 (2.4%)"
2022-12-07,73.07,22.82,0.0,No thermal stress,48.2 to 78.8 F,74.43,64.42,82.69,-1.36,0,450,1,"34.25,-118.50 (35.4%); 34.00,-118.25 (23.1%); 34.00,-118.50 (22.6%); 34.25,-118.25 (10.1%); 33.75,-118.25 (6.4%); 34.25,-118.75 (2.4%)"
2022-12-08,73.65,23.14,0.0,No thermal stress,48.2 to 78.8 F,74.29,64.61,82.56,-0.64,0,450,1,"34.25,-118.50 (35.4%); 34.00,-118.25 (23.1%); 34.00,-118.50 (22.6%); 34.25,-118.25 (10.1%); 33.75,-118.25 (6.4%); 34.25,-118.75 (2.4%)"
2022-12-09,73.63,23.13,0.0,No thermal stress,48.2 to 78.8 F,74.05,63.97,82.44,-0.42,0,450,1,"34.25,-118.50 (35.4%); 34.00,-118.25 (23.1%); 34.00,-118.50 (22.6%); 34.25,-118.25 (10.1%); 33.75,-118.25 (6.4%); 34.25,-118.75 (2.4%)"
2022-12-10,65.47,18.6,0.0,No thermal stress,48.2 to 78.8 F,73.87,63.69,82.67,-8.4,0,450,1,"34.25,-118.50 (35.4%); 34.00,-118.25 (23.1%); 34.00,-118.50 (22.6%); 34.25,-118.25 (10.1%); 33.75,-118.25 (6.4%); 34.25,-118.75 (2.4%)"
2022-12-11,52.23,11.24,0.0,No thermal stress,48.2 to 78.8 F,73.6,62.9,82.77,-21.37,0,450,1,"34.25,-118.50 (35.4%); 34.00,-118.25 (23.1%); 34.00,-118.50 (22.6%); 34.25,-118.25 (10.1%); 33.75,-118.25 (6.4%); 34.25,-118.75 (2.4%)"
2022-12-12,66.38,19.1,0.0,No thermal stress,48.2 to 78.8 F,73.38,61.29,82.92,-7.0,0,450,1,"34.25,-118.50 (35.4%); 34.00,-118.25 (23.1%); 34.00,-118.50 (22.6%); 34.25,-118.25 (10.1%); 33.75,-118.25 (6.4%); 34.25,-118.75 (2.4%)"
2022-12-13,73.1,22.83,0.0,No thermal stress,48.2 to 78.8 F,73.32,61.62,82.88,-0.22,0,450,1,"34.25,-118.50 (35.4%); 34.00,-118.25 (23.1%); 34.00,-118.50 (22.6%); 34.25,-118.25 (10.1%); 33.75,-118.25 (6.4%); 34.25,-118.75 (2.4%)"
2022-12-14,73.53,23.07,0.0,No thermal stress,48.2 to 78.8 F,73.29,62.86,82.88,0.24,0,450,1,"34.25,-118.50 (35.4%); 34.00,-118.25 (23.1%); 34.00,-118.50 (22.6%); 34.25,-118.25 (10.1%); 33.75,-118.25 (6.4%); 34.25,-118.75 (2.4%)"
2022-12-15,74.98,23.88,0.0,No thermal stress,48.2 to 78.8 F,73.15,62.77,82.61,1.83,0,450,1,"34.25,-118.50 (35.4%); 34.00,-118.25 (23.1%); 34.00,-118.50 (22.6%); 34.25,-118.25 (10.1%); 33.75,-118.25 (6.4%); 34.25,-118.75 (2.4%)"
2022-12-16,74.81,23.79,0.0,No thermal stress,48.2 to 78.8 F,73.01,62.27,82.55,1.8,0,450,1,"34.25,-118.50 (35.4%); 34.00,-118.25 (23.1%); 34.00,-118.50 (22.6%); 34.25,-118.25 (10.1%); 33.75,-118.25 (6.4%); 34.25,-118.75 (2.4%)"
2022-12-17,74.64,23.69,0.0,No thermal stress,48.2 to 78.8 F,72.87,61.29,82.36,1.77,0,450,1,"34.25,-118.50 (35.4%); 34.00,-118.25 (23.1%); 34.00,-118.50 (22.6%); 34.25,-118.25 (10.1%); 33.75,-118.25 (6.4%); 34.25,-118.75 (2.4%)"
2022-12-18,74.21,23.45,0.0,No thermal stress,48.2 to 78.8 F,72.72,60.62,82.37,1.49,0,450,1,"34.25,-118.50 (35.4%); 34.00,-118.25 (23.1%); 34.00,-118.50 (22.6%); 34.25,-118.25 (10.1%); 33.75,-118.25 (6.4%); 34.25,-118.75 (2.4%)"
2022-12-19,76.4,24.67,0.0,No thermal stress,48.2 to 78.8 F,72.64,60.95,82.34,3.76,0,450,1,"34.25,-118.50 (35.4%); 34.00,-118.25 (23.1%); 34.00,-118.50 (22.6%); 34.25,-118.25 (10.1%); 33.75,-118.25 (6.4%); 34.25,-118.75 (2.4%)"
2022-12-20,75.79,24.33,0.0,No thermal stress,48.2 to 78.8 F,72.67,60.95,82.34,3.12,0,450,1,"34.25,-118.50 (35.4%); 34.00,-118.25 (23.1%); 34.00,-118.50 (22.6%); 34.25,-118.25 (10.1%); 33.75,-118.25 (6.4%); 34.25,-118.75 (2.4%)"
2022-12-21,80.32,26.84,1.0,Moderate heat stress,78.8 to 89.6 F,72.53,60.95,82.37,7.79,0,450,1,"34.25,-118.50 (35.4%); 34.00,-118.25 (23.1%); 34.00,-118.50 (22.6%); 34.25,-118.25 (10.1%); 33.75,-118.25 (6.4%); 34.25,-118.75 (2.4%)"
2022-12-22,78.31,25.73,0.0,No thermal stress,48.2 to 78.8 F,72.48,60.17,82.39,5.83,0,450,1,"34.25,-118.50 (35.4%); 34.00,-118.25 (23.1%); 34.00,-118.50 (22.6%); 34.25,-118.25 (10.1%); 33.75,-118.25 (6.4%); 34.25,-118.75 (2.4%)"
2022-12-23,78.77,25.98,0.0,No thermal stress,48.2 to 78.8 F,72.44,60.64,82.36,6.33,0,450,1,"34.25,-118.50 (35.4%); 34.00,-118.25 (23.1%); 34.00,-118.50 (22.6%); 34.25,-118.25 (10.1%); 33.75,-118.25 (6.4%); 34.25,-118.75 (2.4%)"
2022-12-24,83.64,28.69,1.0,Moderate heat stress,78.8 to 89.6 F,72.44,60.77,82.34,11.2,1,450,1,"34.25,-118.50 (35.4%); 34.00,-118.25 (23.1%); 34.00,-118.50 (22.6%); 34.25,-118.25 (10.1%); 33.75,-118.25 (6.4%); 34.25,-118.75 (2.4%)"
2022-12-25,87.87,31.04,1.0,Moderate heat stress,78.8 to 89.6 F,72.54,60.96,82.15,15.33,1,450,1,"34.25,-118.50 (35.4%); 34.00,-118.25 (23.1%); 34.00,-118.50 (22.6%); 34.25,-118.25 (10.1%); 33.75,-118.25 (6.4%); 34.25,-118.75 (2.4%)"
2022-12-26,85.93,29.96,1.0,Moderate heat stress,78.8 to 89.6 F,72.55,60.77,82.36,13.38,1,450,1,"34.25,-118.50 (35.4%); 34.00,-118.25 (23.1%); 34.00,-118.50 (22.6%); 34.25,-118.25 (10.1%); 33.75,-118.25 (6.4%); 34.25,-118.75 (2.4%)"
2022-12-27,72.46,22.48,0.0,No thermal stress,48.2 to 78.8 F,72.57,60.7,82.36,-0.11,0,450,1,"34.25,-118.50 (35.4%); 34.00,-118.25 (23.1%); 34.00,-118.50 (22.6%); 34.25,-118.25 (10.1%); 33.75,-118.25 (6.4%); 34.25,-118.75 (2.4%)"
2022-12-28,73.91,23.28,0.0,No thermal stress,48.2 to 78.8 F,72.53,60.49,82.39,1.38,0,450,1,"34.25,-118.50 (35.4%); 34.00,-118.25 (23.1%); 34.00,-118.50 (22.6%); 34.25,-118.25 (10.1%); 33.75,-118.25 (6.4%); 34.25,-118.75 (2.4%)"
2022-12-29,67.44,19.69,0.0,No thermal stress,48.2 to 78.8 F,72.46,59.6,82.76,-5.02,0,450,1,"34.25,-118.50 (35.4%); 34.00,-118.25 (23.1%); 34.00,-118.50 (22.6%); 34.25,-118.25 (10.1%); 33.75,-118.25 (6.4%); 34.25,-118.75 (2.4%)"
2022-12-30,65.17,18.43,0.0,No thermal stress,48.2 to 78.8 F,72.63,59.64,82.92,-7.46,0,450,1,"34.25,-118.50 (35.4%); 34.00,-118.25 (23.1%); 34.00,-118.50 (22.6%); 34.25,-118.25 (10.1%); 33.75,-118.25 (6.4%); 34.25,-118.75 (2.4%)"
2022-12-31,57.32,14.07,0.0,No thermal stress,48.2 to 78.8 F,72.59,59.51,83.13,-15.27,0,450,1,"34.25,-118.50 (35.4%); 34.00,-118.25 (23.1%); 34.00,-118.50 (22.6%); 34.25,-118.25 (10.1%); 33.75,-118.25 (6.4%); 34.25,-118.75 (2.4%)"
2023-01-01,58.95,14.97,0.0,No thermal stress,48.2 to 78.8 F,72.59,59.05,83.16,-13.64,0,450,1,"34.25,-118.50 (35.4%); 34.00,-118.25 (23.1%); 34.00,-118.50 (22.6%); 34.25,-118.25 (10.1%); 33.75,-118.25 (6.4%); 34.25,-118.75 (2.4%)"
2023-01-02,67.27,19.59,0.0,No thermal stress,48.2 to 78.8 F,72.55,59.05,83.02,-5.28,0,450,1,"34.25,-118.50 (35.4%); 34.00,-118.25 (23.1%); 34.00,-118.50 (22.6%); 34.25,-118.25 (10.1%); 33.75,-118.25 (6.4%); 34.25,-118.75 (2.4%)"
2023-01-03,50.04,10.02,0.0,No thermal stress,48.2 to 78.8 F,72.6,58.43,83.16,-22.56,0,450,1,"34.25,-118.50 (35.4%); 34.00,-118.25 (23.1%); 34.00,-118.50 (22.6%); 34.25,-118.25 (10.1%); 33.75,-118.25 (6.4%); 34.25,-118.75 (2.4%)"
2023-01-04,58.93,14.96,0.0,No thermal stress,48.2 to 78.8 F,72.65,58.45,83.22,-13.72,0,450,1,"34.25,-118.50 (35.4%); 34.00,-118.25 (23.1%); 34.00,-118.50 (22.6%); 34.25,-118.25 (10.1%); 33.75,-118.25 (6.4%); 34.25,-118.75 (2.4%)"
2023-01-05,61.69,16.49,0.0,No thermal stress,48.2 to 78.8 F,72.71,58.14,83.16,-11.02,0,450,1,"34.25,-118.50 (35.4%); 34.00,-118.25 (23.1%); 34.00,-118.50 (22.6%); 34.25,-118.25 (10.1%); 33.75,-118.25 (6.4%); 34.25,-118.75 (2.4%)"
2023-01-06,76.2,24.56,0.0,No thermal stress,48.2 to 78.8 F,72.95,58.4,83.57,3.25,0,450,1,"34.25,-118.50 (35.4%); 34.00,-118.25 (23.1%); 34.00,-118.50 (22.6%); 34.25,-118.25 (10.1%); 33.75,-118.25 (6.4%); 34.25,-118.75 (2.4%)"
2023-01-07,76.01,24.45,0.0,No thermal stress,48.2 to 78.8 F,73.12,58.15,83.84,2.89,0,450,1,"34.25,-118.50 (35.4%); 34.00,-118.25 (23.1%); 34.00,-118.50 (22.6%); 34.25,-118.25 (10.1%); 33.75,-118.25 (6.4%); 34.25,-118.75 (2.4%)"
2023-01-08,73.73,23.19,0.0,No thermal stress,48.2 to 78.8 F,73.15,57.71,84.08,0.58,0,450,1,"34.25,-118.50 (35.4%); 34.00,-118.25 (23.1%); 34.00,-118.50 (22.6%); 34.25,-118.25 (10.1%); 33.75,-118.25 (6.4%); 34.25,-118.75 (2.4%)"
2023-01-09,53.7,12.05,0.0,No thermal stress,48.2 to 78.8 F,73.17,57.56,84.23,-19.47,0,450,1,"34.25,-118.50 (35.4%); 34.00,-118.25 (23.1%); 34.00,-118.50 (22.6%); 34.25,-118.25 (10.1%); 33.75,-118.25 (6.4%); 34.25,-118.75 (2.4%)"
2023-01-10,58.12,14.51,0.0,No thermal stress,48.2 to 78.8 F,73.42,57.8,84.26,-15.3,0,450,1,"34.25,-118.50 (35.4%); 34.00,-118.25 (23.1%); 34.00,-118.50 (22.6%); 34.25,-118.25 (10.1%); 33.75,-118.25 (6.4%); 34.25,-118.75 (2.4%)"
2023-01-11,73.42,23.01,0.0,No thermal stress,48.2 to 78.8 F,73.64,58.54,84.31,-0.22,0,450,1,"34.25,-118.50 (35.4%); 34.00,-118.25 (23.1%); 34.00,-118.50 (22.6%); 34.25,-118.25 (10.1%); 33.75,-118.25 (6.4%); 34.25,-118.75 (2.4%)"
2023-01-12,75.12,23.95,0.0,No thermal stress,48.2 to 78.8 F,73.72,58.84,84.43,1.4,0,450,1,"34.25,-118.50 (35.4%); 34.00,-118.25 (23.1%); 34.00,-118.50 (22.6%); 34.25,-118.25 (10.1%); 33.75,-118.25 (6.4%); 34.25,-118.75 (2.4%)"
2023-01-13,73.4,23.0,0.0,No thermal stress,48.2 to 78.8 F,73.83,59.77,84.47,-0.43,0,450,1,"34.25,-118.50 (35.4%); 34.00,-118.25 (23.1%); 34.00,-118.50 (22.6%); 34.25,-118.25 (10.1%); 33.75,-118.25 (6.4%); 34.25,-118.75 (2.4%)"
2023-01-14,49.64,9.8,0.0,No thermal stress,48.2 to 78.8 F,73.78,59.79,84.43,-24.14,0,450,1,"34.25,-118.50 (35.4%); 34.00,-118.25 (23.1%); 34.00,-118.50 (22.6%); 34.25,-118.25 (10.1%); 33.75,-118.25 (6.4%); 34.25,-118.75 (2.4%)"
2023-01-15,64.83,18.24,0.0,No thermal stress,48.2 to 78.8 F,73.83,59.79,84.11,-9.0,0,450,1,"34.25,-118.50 (35.4%); 34.00,-118.25 (23.1%); 34.00,-118.50 (22.6%); 34.25,-118.25 (10.1%); 33.75,-118.25 (6.4%); 34.25,-118.75 (2.4%)"
2023-01-16,52.52,11.4,0.0,No thermal stress,48.2 to 78.8 F,73.77,59.79,84.05,-21.25,0,450,1,"34.25,-118.50 (35.4%); 34.00,-118.25 (23.1%); 34.00,-118.50 (22.6%); 34.25,-118.25 (10.1%); 33.75,-118.25 (6.4%); 34.25,-118.75 (2.4%)"
2023-01-17,67.25,19.58,0.0,No thermal stress,48.2 to 78.8 F,73.91,60.07,84.05,-6.66,0,450,1,"34.25,-118.50 (35.4%); 34.00,-118.25 (23.1%); 34.00,-118.50 (22.6%); 34.25,-118.25 (10.1%); 33.75,-118.25 (6.4%); 34.25,-118.75 (2.4%)"
2023-01-18,73.49,23.05,0.0,No thermal stress,48.2 to 78.8 F,73.96,60.23,84.12,-0.47,0,450,1,"34.25,-118.50 (35.4%); 34.00,-118.25 (23.1%); 34.00,-118.50 (22.6%); 34.25,-118.25 (10.1%); 33.75,-118.25 (6.4%); 34.25,-118.75 (2.4%)"
2023-01-19,69.81,21.01,0.0,No thermal stress,48.2 to 78.8 F,74.03,60.55,83.96,-4.22,0,450,1,"34.25,-118.50 (35.4%); 34.00,-118.25 (23.1%); 34.00,-118.50 (22.6%); 34.25,-118.25 (10.1%); 33.75,-118.25 (6.4%); 34.25,-118.75 (2.4%)"
2023-01-20,73.87,23.26,0.0,No thermal stress,48.2 to 78.8 F,74.06,60.98,83.82,-0.19,0,450,1,"34.25,-118.50 (35.4%); 34.00,-118.25 (23.1%); 34.00,-118.50 (22.6%); 34.25,-118.25 (10.1%); 33.75,-118.25 (6.4%); 34.25,-118.75 (2.4%)"
2023-01-21,74.54,23.63,0.0,No thermal stress,48.2 to 78.8 F,74.02,60.98,83.47,0.52,0,450,1,"34.25,-118.50 (35.4%); 34.00,-118.25 (23.1%); 34.00,-118.50 (22.6%); 34.25,-118.25 (10.1%); 33.75,-118.25 (6.4%); 34.25,-118.75 (2.4%)"
2023-01-22,72.7,22.61,0.0,No thermal stress,48.2 to 78.8 F,74.04,61.34,83.43,-1.34,0,450,1,"34.25,-118.50 (35.4%); 34.00,-118.25 (23.1%); 34.00,-118.50 (22.6%); 34.25,-118.25 (10.1%); 33.75,-118.25 (6.4%); 34.25,-118.75 (2.4%)"
2023-01-23,67.05,19.47,0.0,No thermal stress,48.2 to 78.8 F,74.19,62.04,83.57,-7.14,0,450,1,"34.25,-118.50 (35.4%); 34.00,-118.25 (23.1%); 34.00,-118.50 (22.6%); 34.25,-118.25 (10.1%); 33.75,-118.25 (6.4%); 34.25,-118.75 (2.4%)"
2023-01-24,75.98,24.43,0.0,No thermal stress,48.2 to 78.8 F,74.16,61.34,83.57,1.82,0,450,1,"34.25,-118.50 (35.4%); 34.00,-118.25 (23.1%); 34.00,-118.50 (22.6%); 34.25,-118.25 (10.1%); 33.75,-118.25 (6.4%); 34.25,-118.75 (2.4%)"
2023-01-25,78.62,25.9,0.0,No thermal stress,48.2 to 78.8 F,74.2,62.04,83.45,4.42,0,450,1,"34.25,-118.50 (35.4%); 34.00,-118.25 (23.1%); 34.00,-118.50 (22.6%); 34.25,-118.25 (10.1%); 33.75,-118.25 (6.4%); 34.25,-118.75 (2.4%)"
2023-01-26,76.41,24.67,0.0,No thermal stress,48.2 to 78.8 F,74.16,62.04,83.43,2.25,0,450,1,"34.25,-118.50 (35.4%); 34.00,-118.25 (23.1%); 34.00,-118.50 (22.6%); 34.25,-118.25 (10.1%); 33.75,-118.25 (6.4%); 34.25,-118.75 (2.4%)"
2023-01-27,76.83,24.91,0.0,No thermal stress,48.2 to 78.8 F,74.13,61.05,83.43,2.7,0,450,1,"34.25,-118.50 (35.4%); 34.00,-118.25 (23.1%); 34.00,-118.50 (22.6%); 34.25,-118.25 (10.1%); 33.75,-118.25 (6.4%); 34.25,-118.75 (2.4%)"
2023-01-28,70.21,21.23,0.0,No thermal stress,48.2 to 78.8 F,74.29,62.33,83.45,-4.08,0,450,1,"34.25,-118.50 (35.4%); 34.00,-118.25 (23.1%); 34.00,-118.50 (22.6%); 34.25,-118.25 (10.1%); 33.75,-118.25 (6.4%); 34.25,-118.75 (2.4%)"
2023-01-29,54.89,12.71,0.0,No thermal stress,48.2 to 78.8 F,74.5,62.77,83.76,-19.61,0,450,1,"34.25,-118.50 (35.4%); 34.00,-118.25 (23.1%); 34.00,-118.50 (22.6%); 34.25,-118.25 (10.1%); 33.75,-118.25 (6.4%); 34.25,-118.75 (2.4%)"
2023-01-30,62.84,17.14,0.0,No thermal stress,48.2 to 78.8 F,74.54,62.6,83.82,-11.7,0,450,1,"34.25,-118.50 (35.4%); 34.00,-118.25 (23.1%); 34.00,-118.50 (22.6%); 34.25,-118.25 (10.1%); 33.75,-118.25 (6.4%); 34.25,-118.75 (2.4%)"
2023-01-31,63.84,17.69,0.0,No thermal stress,48.2 to 78.8 F,74.56,62.48,84.29,-10.72,0,450,1,"34.25,-118.50 (35.4%); 34.00,-118.25 (23.1%); 34.00,-118.50 (22.6%); 34.25,-118.25 (10.1%); 33.75,-118.25 (6.4%); 34.25,-118.75 (2.4%)"
2023-02-01,77.46,25.25,0.0,No thermal stress,48.2 to 78.8 F,74.66,62.51,84.85,2.8,0,450,1,"34.25,-118.50 (35.4%); 34.00,-118.25 (23.1%); 34.00,-118.50 (22.6%); 34.25,-118.25 (10.1%); 33.75,-118.25 (6.4%); 34.25,-118.75 (2.4%)"
2023-02-02,75.8,24.33,0.0,No thermal stress,48.2 to 78.8 F,74.68,62.25,85.08,1.12,0,450,1,"34.25,-118.50 (35.4%); 34.00,-118.25 (23.1%); 34.00,-118.50 (22.6%); 34.25,-118.25 (10.1%); 33.75,-118.25 (6.4%); 34.25,-118.75 (2.4%)"
2023-02-03,77.48,25.27,0.0,No thermal stress,48.2 to 78.8 F,74.64,61.28,85.19,2.84,0,450,1,"34.25,-118.50 (35.4%); 34.00,-118.25 (23.1%); 34.00,-118.50 (22.6%); 34.25,-118.25 (10.1%); 33.75,-118.25 (6.4%); 34.25,-118.75 (2.4%)"
2023-02-04,77.95,25.53,0.0,No thermal stress,48.2 to 78.8 F,74.64,61.06,85.67,3.31,0,450,1,"34.25,-118.50 (35.4%); 34.00,-118.25 (23.1%); 34.00,-118.50 (22.6%); 34.25,-118.25 (10.1%); 33.75,-118.25 (6.4%); 34.25,-118.75 (2.4%)"
2023-02-05,67.8,19.89,0.0,No thermal stress,48.2 to 78.8 F,74.63,61.06,85.85,-6.83,0,450,1,"34.25,-118.50 (35.4%); 34.00,-118.25 (23.1%); 34.00,-118.50 (22.6%); 34.25,-118.25 (10.1%); 33.75,-118.25 (6.4%); 34.25,-118.75 (2.4%)"
2023-02-06,72.06,22.25,0.0,No thermal stress,48.2 to 78.8 F,74.5,60.42,85.88,-2.44,0,450,1,"34.25,-118.50 (35.4%); 34.00,-118.25 (23.1%); 34.00,-118.50 (22.6%); 34.25,-118.25 (10.1%); 33.75,-118.25 (6.4%); 34.25,-118.75 (2.4%)"
2023-02-07,79.34,26.3,1.0,Moderate heat stress,78.8 to 89.6 F,74.47,60.65,85.94,4.87,0,450,1,"34.25,-118.50 (35.4%); 34.00,-118.25 (23.1%); 34.00,-118.50 (22.6%); 34.25,-118.25 (10.1%); 33.75,-118.25 (6.4%); 34.25,-118.75 (2.4%)"
2023-02-08,80.23,26.79,1.0,Moderate heat stress,78.8 to 89.6 F,74.55,60.87,85.88,5.68,0,450,1,"34.25,-118.50 (35.4%); 34.00,-118.25 (23.1%); 34.00,-118.50 (22.6%); 34.25,-118.25 (10.1%); 33.75,-118.25 (6.4%); 34.25,-118.75 (2.4%)"
2023-02-09,86.3,30.16,1.0,Moderate heat stress,78.8 to 89.6 F,74.42,60.37,85.94,11.88,1,450,1,"34.25,-118.50 (35.4%); 34.00,-118.25 (23.1%); 34.00,-118.50 (22.6%); 34.25,-118.25 (10.1%); 33.75,-118.25 (6.4%); 34.25,-118.75 (2.4%)"
2023-02-10,83.15,28.41,1.0,Moderate heat stress,78.8 to 89.6 F,74.25,60.15,85.85,8.9,0,450,1,"34.25,-118.50 (35.4%); 34.00,-118.25 (23.1%); 34.00,-118.50 (22.6%); 34.25,-118.25 (10.1%); 33.75,-118.25 (6.4%); 34.25,-118.75 (2.4%)"
2023-02-11,64.95,18.31,0.0,No thermal stress,48.2 to 78.8 F,74.17,60.37,85.71,-9.22,0,450,1,"34.25,-118.50 (35.4%); 34.00,-118.25 (23.1%); 34.00,-118.50 (22.6%); 34.25,-118.25 (10.1%); 33.75,-118.25 (6.4%); 34.25,-118.75 (2.4%)"
2023-02-12,70.82,21.56,0.0,No thermal stress,48.2 to 78.8 F,73.89,60.08,85.58,-3.07,0,450,1,"34.25,-118.50 (35.4%); 34.00,-118.25 (23.1%); 34.00,-118.50 (22.6%); 34.25,-118.25 (10.1%); 33.75,-118.25 (6.4%); 34.25,-118.75 (2.4%)"
2023-02-13,70.85,21.58,0.0,No thermal stress,48.2 to 78.8 F,73.61,59.32,85.58,-2.76,0,450,1,"34.25,-118.50 (35.4%); 34.00,-118.25 (23.1%); 34.00,-118.50 (22.6%); 34.25,-118.25 (10.1%); 33.75,-118.25 (6.4%); 34.25,-118.75 (2.4%)"
2023-02-14,63.28,17.38,0.0,No thermal stress,48.2 to 78.8 F,73.59,59.66,85.62,-10.31,0,450,1,"34.25,-118.50 (35.4%); 34.00,-118.25 (23.1%); 34.00,-118.50 (22.6%); 34.25,-118.25 (10.1%); 33.75,-118.25 (6.4%); 34.25,-118.75 (2.4%)"
2023-02-15,73.35,22.97,0.0,No thermal stress,48.2 to 78.8 F,73.6,59.16,85.57,-0.25,0,450,1,"34.25,-118.50 (35.4%); 34.00,-118.25 (23.1%); 34.00,-118.50 (22.6%); 34.25,-118.25 (10.1%); 33.75,-118.25 (6.4%); 34.25,-118.75 (2.4%)"
2023-02-16,77.09,25.05,0.0,No thermal stress,48.2 to 78.8 F,73.36,59.08,85.43,3.73,0,450,1,"34.25,-118.50 (35.4%); 34.00,-118.25 (23.1%); 34.00,-118.50 (22.6%); 34.25,-118.25 (10.1%); 33.75,-118.25 (6.4%); 34.25,-118.75 (2.4%)"
2023-02-17,77.1,25.06,0.0,No thermal stress,48.2 to 78.8 F,73.38,59.64,85.13,3.72,0,450,1,"34.25,-118.50 (35.4%); 34.00,-118.25 (23.1%); 34.00,-118.50 (22.6%); 34.25,-118.25 (10.1%); 33.75,-118.25 (6.4%); 34.25,-118.75 (2.4%)"
2023-02-18,75.92,24.4,0.0,No thermal stress,48.2 to 78.8 F,73.4,59.84,85.22,2.52,0,450,1,"34.25,-118.50 (35.4%); 34.00,-118.25 (23.1%); 34.00,-118.50 (22.6%); 34.25,-118.25 (10.1%); 33.75,-118.25 (6.4%); 34.25,-118.75 (2.4%)"
2023-02-19,73.98,23.32,0.0,No thermal stress,48.2 to 78.8 F,73.41,60.04,85.29,0.57,0,450,1,"34.25,-118.50 (35.4%); 34.00,-118.25 (23.1%); 34.00,-118.50 (22.6%); 34.25,-118.25 (10.1%); 33.75,-118.25 (6.4%); 34.25,-118.75 (2.4%)"
2023-02-20,79.55,26.42,1.0,Moderate heat stress,78.8 to 89.6 F,73.12,59.84,84.85,6.43,0,450,1,"34.25,-118.50 (35.4%); 34.00,-118.25 (23.1%); 34.00,-118.50 (22.6%); 34.25,-118.25 (10.1%); 33.75,-118.25 (6.4%); 34.25,-118.75 (2.4%)"
2023-02-21,70.21,21.23,0.0,No thermal stress,48.2 to 78.8 F,73.12,60.13,84.89,-2.91,0,458,1,"34.25,-118.50 (35.4%); 34.00,-118.25 (23.1%); 34.00,-118.50 (22.6%); 34.25,-118.25 (10.1%); 33.75,-118.25 (6.4%); 34.25,-118.75 (2.4%)"
2023-02-22,48.36,9.09,0.0,No thermal stress,48.2 to 78.8 F,73.11,60.13,84.79,-24.75,0,458,1,"34.25,-118.50 (35.4%); 34.00,-118.25 (23.1%); 34.00,-118.50 (22.6%); 34.25,-118.25 (10.1%); 33.75,-118.25 (6.4%); 34.25,-118.75 (2.4%)"
2023-02-23,56.52,13.62,0.0,No thermal stress,48.2 to 78.8 F,72.99,60.01,84.39,-16.47,0,458,1,"34.25,-118.50 (35.4%); 34.00,-118.25 (23.1%); 34.00,-118.50 (22.6%); 34.25,-118.25 (10.1%); 33.75,-118.25 (6.4%); 34.25,-118.75 (2.4%)"
2023-02-24,30.79,-0.67,-2.0,Moderate cold stress,8.6 to 32.0 F,73.02,60.22,84.16,-42.23,0,458,1,"34.25,-118.50 (35.4%); 34.00,-118.25 (23.1%); 34.00,-118.50 (22.6%); 34.25,-118.25 (10.1%); 33.75,-118.25 (6.4%); 34.25,-118.75 (2.4%)"
2023-02-25,55.28,12.94,0.0,No thermal stress,48.2 to 78.8 F,73.13,60.25,84.44,-17.85,0,458,1,"34.25,-118.50 (35.4%); 34.00,-118.25 (23.1%); 34.00,-118.50 (22.6%); 34.25,-118.25 (10.1%); 33.75,-118.25 (6.4%); 34.25,-118.75 (2.4%)"
2023-02-26,60.24,15.69,0.0,No thermal stress,48.2 to 78.8 F,73.24,60.23,84.7,-13.0,0,458,1,"34.25,-118.50 (35.4%); 34.00,-118.25 (23.1%); 34.00,-118.50 (22.6%); 34.25,-118.25 (10.1%); 33.75,-118.25 (6.4%); 34.25,-118.75 (2.4%)"
2023-02-27,46.94,8.3,-1.0,Slight cold stress,32.0 to 48.2 F,73.37,60.25,84.77,-26.43,0,458,1,"34.25,-118.50 (35.4%); 34.00,-118.25 (23.1%); 34.00,-118.50 (22.6%); 34.25,-118.25 (10.1%); 33.75,-118.25 (6.4%); 34.25,-118.75 (2.4%)"
2023-02-28,57.83,14.35,0.0,No thermal stress,48.2 to 78.8 F,73.66,61.46,84.89,-15.83,0,458,1,"34.25,-118.50 (35.4%); 34.00,-118.25 (23.1%); 34.00,-118.50 (22.6%); 34.25,-118.25 (10.1%); 33.75,-118.25 (6.4%); 34.25,-118.75 (2.4%)"
2023-03-01,46.84,8.24,-1.0,Slight cold stress,32.0 to 48.2 F,73.88,61.73,85.12,-27.04,0,458,1,"34.25,-118.50 (35.4%); 34.00,-118.25 (23.1%); 34.00,-118.50 (22.6%); 34.25,-118.25 (10.1%); 33.75,-118.25 (6.4%); 34.25,-118.75 (2.4%)"
2023-03-02,71.88,22.16,0.0,No thermal stress,48.2 to 78.8 F,74.25,62.2,85.7,-2.37,0,458,1,"34.25,-118.50 (35.4%); 34.00,-118.25 (23.1%); 34.00,-118.50 (22.6%); 34.25,-118.25 (10.1%); 33.75,-118.25 (6.4%); 34.25,-118.75 (2.4%)"
2023-03-03,71.86,22.14,0.0,No thermal stress,48.2 to 78.8 F,74.61,62.73,85.83,-2.75,0,458,1,"34.25,-118.50 (35.4%); 34.00,-118.25 (23.1%); 34.00,-118.50 (22.6%); 34.25,-118.25 (10.1%); 33.75,-118.25 (6.4%); 34.25,-118.75 (2.4%)"
2023-03-04,66.22,19.01,0.0,No thermal stress,48.2 to 78.8 F,74.89,62.89,86.12,-8.67,0,458,1,"34.25,-118.50 (35.4%); 34.00,-118.25 (23.1%); 34.00,-118.50 (22.6%); 34.25,-118.25 (10.1%); 33.75,-118.25 (6.4%); 34.25,-118.75 (2.4%)"
2023-03-05,59.75,15.42,0.0,No thermal stress,48.2 to 78.8 F,75.26,63.01,86.29,-15.51,0,458,1,"34.25,-118.50 (35.4%); 34.00,-118.25 (23.1%); 34.00,-118.50 (22.6%); 34.25,-118.25 (10.1%); 33.75,-118.25 (6.4%); 34.25,-118.75 (2.4%)"
2023-03-06,68.45,20.25,0.0,No thermal stress,48.2 to 78.8 F,75.55,63.11,86.36,-7.1,0,458,1,"34.25,-118.50 (35.4%); 34.00,-118.25 (23.1%); 34.00,-118.50 (22.6%); 34.25,-118.25 (10.1%); 33.75,-118.25 (6.4%); 34.25,-118.75 (2.4%)"
2023-03-07,71.87,22.15,0.0,No thermal stress,48.2 to 78.8 F,76.02,64.24,86.52,-4.15,0,458,1,"34.25,-118.50 (35.4%); 34.00,-118.25 (23.1%); 34.00,-118.50 (22.6%); 34.25,-118.25 (10.1%); 33.75,-118.25 (6.4%); 34.25,-118.75 (2.4%)"
2023-03-08,71.45,21.92,0.0,No thermal stress,48.2 to 78.8 F,76.29,64.29,87.01,-4.84,0,450,1,"34.25,-118.50 (35.4%); 34.00,-118.25 (23.1%); 34.00,-118.50 (22.6%); 34.25,-118.25 (10.1%); 33.75,-118.25 (6.4%); 34.25,-118.75 (2.4%)"
2023-03-09,74.84,23.8,0.0,No thermal stress,48.2 to 78.8 F,76.5,64.29,87.23,-1.66,0,450,1,"34.25,-118.50 (35.4%); 34.00,-118.25 (23.1%); 34.00,-118.50 (22.6%); 34.25,-118.25 (10.1%); 33.75,-118.25 (6.4%); 34.25,-118.75 (2.4%)"
2023-03-10,53.19,11.77,0.0,No thermal stress,48.2 to 78.8 F,76.71,64.98,87.23,-23.52,0,450,1,"34.25,-118.50 (35.4%); 34.00,-118.25 (23.1%); 34.00,-118.50 (22.6%); 34.25,-118.25 (10.1%); 33.75,-118.25 (6.4%); 34.25,-118.75 (2.4%)"
2023-03-11,66.36,19.09,0.0,No thermal stress,48.2 to 78.8 F,76.88,65.48,87.29,-10.52,0,450,1,"34.25,-118.50 (35.4%); 34.00,-118.25 (23.1%); 34.00,-118.50 (22.6%); 34.25,-118.25 (10.1%); 33.75,-118.25 (6.4%); 34.25,-118.75 (2.4%)"
2023-03-12,73.91,23.28,0.0,No thermal stress,48.2 to 78.8 F,77.04,65.61,87.4,-3.13,0,450,1,"34.25,-118.50 (35.4%); 34.00,-118.25 (23.1%); 34.00,-118.50 (22.6%); 34.25,-118.25 (10.1%); 33.75,-118.25 (6.4%); 34.25,-118.75 (2.4%)"
2023-03-13,77.81,25.45,0.0,No thermal stress,48.2 to 78.8 F,77.05,65.66,87.4,0.76,0,450,1,"34.25,-118.50 (35.4%); 34.00,-118.25 (23.1%); 34.00,-118.50 (22.6%); 34.25,-118.25 (10.1%); 33.75,-118.25 (6.4%); 34.25,-118.75 (2.4%)"
2023-03-14,57.74,14.3,0.0,No thermal stress,48.2 to 78.8 F,77.2,66.2,87.24,-19.46,0,450,1,"34.25,-118.50 (35.4%); 34.00,-118.25 (23.1%); 34.00,-118.50 (22.6%); 34.25,-118.25 (10.1%); 33.75,-118.25 (6.4%); 34.25,-118.75 (2.4%)"
2023-03-15,66.07,18.93,0.0,No thermal stress,48.2 to 78.8 F,77.13,66.47,87.16,-11.06,0,450,1,"34.25,-118.50 (35.4%); 34.00,-118.25 (23.1%); 34.00,-118.50 (22.6%); 34.25,-118.25 (10.1%); 33.75,-118.25 (6.4%); 34.25,-118.75 (2.4%)"
2023-03-16,69.29,20.71,0.0,No thermal stress,48.2 to 78.8 F,76.96,66.2,87.01,-7.67,0,450,1,"34.25,-118.50 (35.4%); 34.00,-118.25 (23.1%); 34.00,-118.50 (22.6%); 34.25,-118.25 (10.1%); 33.75,-118.25 (6.4%); 34.25,-118.75 (2.4%)"
2023-03-17,78.46,25.81,0.0,No thermal stress,48.2 to 78.8 F,76.79,66.1,86.42,1.67,0,450,1,"34.25,-118.50 (35.4%); 34.00,-118.25 (23.1%); 34.00,-118.50 (22.6%); 34.25,-118.25 (10.1%); 33.75,-118.25 (6.4%); 34.25,-118.75 (2.4%)"
2023-03-18,79.14,26.19,1.0,Moderate heat stress,78.8 to 89.6 F,76.54,65.69,86.25,2.6,0,450,1,"34.25,-118.50 (35.4%); 34.00,-118.25 (23.1%); 34.00,-118.50 (22.6%); 34.25,-118.25 (10.1%); 33.75,-118.25 (6.4%); 34.25,-118.75 (2.4%)"
2023-03-19,64.58,18.1,0.0,No thermal stress,48.2 to 78.8 F,76.41,65.67,85.73,-11.83,0,450,1,"34.25,-118.50 (35.4%); 34.00,-118.25 (23.1%); 34.00,-118.50 (22.6%); 34.25,-118.25 (10.1%); 33.75,-118.25 (6.4%); 34.25,-118.75 (2.4%)"
2023-03-20,64.98,18.32,0.0,No thermal stress,48.2 to 78.8 F,76.15,65.6,85.51,-11.17,0,450,1,"34.25,-118.50 (35.4%); 34.00,-118.25 (23.1%); 34.00,-118.50 (22.6%); 34.25,-118.25 (10.1%); 33.75,-118.25 (6.4%); 34.25,-118.75 (2.4%)"
2023-03-21,52.95,11.64,0.0,No thermal stress,48.2 to 78.8 F,75.92,65.34,85.38,-22.97,0,450,1,"34.25,-118.50 (35.4%); 34.00,-118.25 (23.1%); 34.00,-118.50 (22.6%); 34.25,-118.25 (10.1%); 33.75,-118.25 (6.4%); 34.25,-118.75 (2.4%)"
2023-03-22,56.78,13.77,0.0,No thermal stress,48.2 to 78.8 F,75.93,65.39,85.36,-19.15,0,450,1,"34.25,-118.50 (35.4%); 34.00,-118.25 (23.1%); 34.00,-118.50 (22.6%); 34.25,-118.25 (10.1%); 33.75,-118.25 (6.4%); 34.25,-118.75 (2.4%)"
2023-03-23,65.62,18.68,0.0,No thermal stress,48.2 to 78.8 F,76.09,65.69,85.38,-10.47,0,450,1,"34.25,-118.50 (35.4%); 34.00,-118.25 (23.1%); 34.00,-118.50 (22.6%); 34.25,-118.25 (10.1%); 33.75,-118.25 (6.4%); 34.25,-118.75 (2.4%)"
2023-03-24,66.5,19.16,0.0,No thermal stress,48.2 to 78.8 F,76.09,65.79,85.26,-9.59,0,450,1,"34.25,-118.50 (35.4%); 34.00,-118.25 (23.1%); 34.00,-118.50 (22.6%); 34.25,-118.25 (10.1%); 33.75,-118.25 (6.4%); 34.25,-118.75 (2.4%)"
2023-03-25,71.19,21.77,0.0,No thermal stress,48.2 to 78.8 F,76.04,65.69,85.13,-4.85,0,450,1,"34.25,-118.50 (35.4%); 34.00,-118.25 (23.1%); 34.00,-118.50 (22.6%); 34.25,-118.25 (10.1%); 33.75,-118.25 (6.4%); 34.25,-118.75 (2.4%)"
2023-03-26,67.57,19.76,0.0,No thermal stress,48.2 to 78.8 F,76.01,65.69,84.88,-8.44,0,450,1,"34.25,-118.50 (35.4%); 34.00,-118.25 (23.1%); 34.00,-118.50 (22.6%); 34.25,-118.25 (10.1%); 33.75,-118.25 (6.4%); 34.25,-118.75 (2.4%)"
2023-03-27,78.66,25.92,0.0,No thermal stress,48.2 to 78.8 F,76.01,65.69,85.23,2.65,0,450,1,"34.25,-118.50 (35.4%); 34.00,-118.25 (23.1%); 34.00,-118.50 (22.6%); 34.25,-118.25 (10.1%); 33.75,-118.25 (6.4%); 34.25,-118.75 (2.4%)"
2023-03-28,76.28,24.6,0.0,No thermal stress,48.2 to 78.8 F,76.14,65.79,84.93,0.14,0,450,1,"34.25,-118.50 (35.4%); 34.00,-118.25 (23.1%); 34.00,-118.50 (22.6%); 34.25,-118.25 (10.1%); 33.75,-118.25 (6.4%); 34.25,-118.75 (2.4%)"
2023-03-29,57.73,14.3,0.0,No thermal stress,48.2 to 78.8 F,76.18,65.67,85.02,-18.45,0,450,1,"34.25,-118.50 (35.4%); 34.00,-118.25 (23.1%); 34.00,-118.50 (22.6%); 34.25,-118.25 (10.1%); 33.75,-118.25 (6.4%); 34.25,-118.75 (2.4%)"
2023-03-30,67.77,19.87,0.0,No thermal stress,48.2 to 78.8 F,76.36,65.67,85.36,-8.59,0,450,1,"34.25,-118.50 (35.4%); 34.00,-118.25 (23.1%); 34.00,-118.50 (22.6%); 34.25,-118.25 (10.1%); 33.75,-118.25 (6.4%); 34.25,-118.75 (2.4%)"
2023-03-31,73.97,23.31,0.0,No thermal stress,48.2 to 78.8 F,76.55,66.06,85.47,-2.58,0,450,1,"34.25,-118.50 (35.4%); 34.00,-118.25 (23.1%); 34.00,-118.50 (22.6%); 34.25,-118.25 (10.1%); 33.75,-118.25 (6.4%); 34.25,-118.75 (2.4%)"
2023-04-01,77.78,25.44,0.0,No thermal stress,48.2 to 78.8 F,76.59,66.04,85.57,1.19,0,450,1,"34.25,-118.50 (35.4%); 34.00,-118.25 (23.1%); 34.00,-118.50 (22.6%); 34.25,-118.25 (10.1%); 33.75,-118.25 (6.4%); 34.25,-118.75 (2.4%)"
2023-04-02,72.6,22.56,0.0,No thermal stress,48.2 to 78.8 F,76.75,66.28,85.95,-4.15,0,450,1,"34.25,-118.50 (35.4%); 34.00,-118.25 (23.1%); 34.00,-118.50 (22.6%); 34.25,-118.25 (10.1%); 33.75,-118.25 (6.4%); 34.25,-118.75 (2.4%)"
2023-04-03,59.59,15.33,0.0,No thermal stress,48.2 to 78.8 F,76.9,66.5,85.98,-17.31,0,450,1,"34.25,-118.50 (35.4%); 34.00,-118.25 (23.1%); 34.00,-118.50 (22.6%); 34.25,-118.25 (10.1%); 33.75,-118.25 (6.4%); 34.25,-118.75 (2.4%)"
2023-04-04,62.35,16.86,0.0,No thermal stress,48.2 to 78.8 F,77.01,66.5,85.98,-14.66,0,450,1,"34.25,-118.50 (35.4%); 34.00,-118.25 (23.1%); 34.00,-118.50 (22.6%); 34.25,-118.25 (10.1%); 33.75,-118.25 (6.4%); 34.25,-118.75 (2.4%)"
2023-04-05,76.29,24.6,0.0,No thermal stress,48.2 to 78.8 F,77.16,66.85,85.98,-0.87,0,450,1,"34.25,-118.50 (35.4%); 34.00,-118.25 (23.1%); 34.00,-118.50 (22.6%); 34.25,-118.25 (10.1%); 33.75,-118.25 (6.4%); 34.25,-118.75 (2.4%)"
2023-04-06,79.83,26.57,1.0,Moderate heat stress,78.8 to 89.6 F,77.17,66.73,86.04,2.66,0,450,1,"34.25,-118.50 (35.4%); 34.00,-118.25 (23.1%); 34.00,-118.50 (22.6%); 34.25,-118.25 (10.1%); 33.75,-118.25 (6.4%); 34.25,-118.75 (2.4%)"
2023-04-07,75.87,24.37,0.0,No thermal stress,48.2 to 78.8 F,77.03,66.45,86.18,-1.16,0,450,1,"34.25,-118.50 (35.4%); 34.00,-118.25 (23.1%); 34.00,-118.50 (22.6%); 34.25,-118.25 (10.1%); 33.75,-118.25 (6.4%); 34.25,-118.75 (2.4%)"
2023-04-08,77.22,25.12,0.0,No thermal stress,48.2 to 78.8 F,77.01,66.39,86.18,0.21,0,450,1,"34.25,-118.50 (35.4%); 34.00,-118.25 (23.1%); 34.00,-118.50 (22.6%); 34.25,-118.25 (10.1%); 33.75,-118.25 (6.4%); 34.25,-118.75 (2.4%)"
2023-04-09,82.04,27.8,1.0,Moderate heat stress,78.8 to 89.6 F,77.11,66.5,86.18,4.93,0,450,1,"34.25,-118.50 (35.4%); 34.00,-118.25 (23.1%); 34.00,-118.50 (22.6%); 34.25,-118.25 (10.1%); 33.75,-118.25 (6.4%); 34.25,-118.75 (2.4%)"
2023-04-10,83.27,28.49,1.0,Moderate heat stress,78.8 to 89.6 F,77.22,66.5,86.33,6.05,0,450,1,"34.25,-118.50 (35.4%); 34.00,-118.25 (23.1%); 34.00,-118.50 (22.6%); 34.25,-118.25 (10.1%); 33.75,-118.25 (6.4%); 34.25,-118.75 (2.4%)"
2023-04-11,79.38,26.32,1.0,Moderate heat stress,78.8 to 89.6 F,77.37,66.5,86.44,2.01,0,450,1,"34.25,-118.50 (35.4%); 34.00,-118.25 (23.1%); 34.00,-118.50 (22.6%); 34.25,-118.25 (10.1%); 33.75,-118.25 (6.4%); 34.25,-118.75 (2.4%)"
2023-04-12,75.71,24.28,0.0,No thermal stress,48.2 to 78.8 F,77.65,67.0,87.14,-1.94,0,450,1,"34.25,-118.50 (35.4%); 34.00,-118.25 (23.1%); 34.00,-118.50 (22.6%); 34.25,-118.25 (10.1%); 33.75,-118.25 (6.4%); 34.25,-118.75 (2.4%)"
2023-04-13,63.06,17.26,0.0,No thermal stress,48.2 to 78.8 F,77.91,67.72,87.36,-14.85,0,450,1,"34.25,-118.50 (35.4%); 34.00,-118.25 (23.1%); 34.00,-118.50 (22.6%); 34.25,-118.25 (10.1%); 33.75,-118.25 (6.4%); 34.25,-118.75 (2.4%)"
2023-04-14,75.29,24.05,0.0,No thermal stress,48.2 to 78.8 F,78.05,67.77,87.78,-2.76,0,450,1,"34.25,-118.50 (35.4%); 34.00,-118.25 (23.1%); 34.00,-118.50 (22.6%); 34.25,-118.25 (10.1%); 33.75,-118.25 (6.4%); 34.25,-118.75 (2.4%)"
2023-04-15,79.15,26.19,1.0,Moderate heat stress,78.8 to 89.6 F,78.13,67.87,87.36,1.02,0,450,1,"34.25,-118.50 (35.4%); 34.00,-118.25 (23.1%); 34.00,-118.50 (22.6%); 34.25,-118.25 (10.1%); 33.75,-118.25 (6.4%); 34.25,-118.75 (2.4%)"
2023-04-16,77.26,25.15,0.0,No thermal stress,48.2 to 78.8 F,78.37,68.18,87.71,-1.11,0,450,1,"34.25,-118.50 (35.4%); 34.00,-118.25 (23.1%); 34.00,-118.50 (22.6%); 34.25,-118.25 (10.1%); 33.75,-118.25 (6.4%); 34.25,-118.75 (2.4%)"
2023-04-17,73.99,23.33,0.0,No thermal stress,48.2 to 78.8 F,78.61,68.44,87.95,-4.62,0,450,1,"34.25,-118.50 (35.4%); 34.00,-118.25 (23.1%); 34.00,-118.50 (22.6%); 34.25,-118.25 (10.1%); 33.75,-118.25 (6.4%); 34.25,-118.75 (2.4%)"
2023-04-18,74.15,23.42,0.0,No thermal stress,48.2 to 78.8 F,78.81,68.39,88.61,-4.66,0,450,1,"34.25,-118.50 (35.4%); 34.00,-118.25 (23.1%); 34.00,-118.50 (22.6%); 34.25,-118.25 (10.1%); 33.75,-118.25 (6.4%); 34.25,-118.75 (2.4%)"
2023-04-19,75.1,23.95,0.0,No thermal stress,48.2 to 78.8 F,79.09,68.79,89.73,-3.99,0,450,1,"34.25,-118.50 (35.4%); 34.00,-118.25 (23.1%); 34.00,-118.50 (22.6%); 34.25,-118.25 (10.1%); 33.75,-118.25 (6.4%); 34.25,-118.75 (2.4%)"
2023-04-20,85.93,29.96,1.0,Moderate heat stress,78.8 to 89.6 F,79.38,69.46,89.75,6.55,0,450,1,"34.25,-118.50 (35.4%); 34.00,-118.25 (23.1%); 34.00,-118.50 (22.6%); 34.25,-118.25 (10.1%); 33.75,-118.25 (6.4%); 34.25,-118.75 (2.4%)"
2023-04-21,92.09,33.38,2.0,Strong heat stress,89.6 to 100.4 F,79.59,69.51,89.92,12.5,1,450,1,"34.25,-118.50 (35.4%); 34.00,-118.25 (23.1%); 34.00,-118.50 (22.6%); 34.25,-118.25 (10.1%); 33.75,-118.25 (6.4%); 34.25,-118.75 (2.4%)"
2023-04-22,89.87,32.15,2.0,Strong heat stress,89.6 to 100.4 F,79.85,70.13,90.36,10.02,0,450,1,"34.25,-118.50 (35.4%); 34.00,-118.25 (23.1%); 34.00,-118.50 (22.6%); 34.25,-118.25 (10.1%); 33.75,-118.25 (6.4%); 34.25,-118.75 (2.4%)"
2023-04-23,84.35,29.08,1.0,Moderate heat stress,78.8 to 89.6 F,80.12,70.7,90.47,4.23,0,450,1,"34.25,-118.50 (35.4%); 34.00,-118.25 (23.1%); 34.00,-118.50 (22.6%); 34.25,-118.25 (10.1%); 33.75,-118.25 (6.4%); 34.25,-118.75 (2.4%)"
2023-04-24,79.95,26.64,1.0,Moderate heat stress,78.8 to 89.6 F,80.4,70.89,90.5,-0.45,0,450,1,"34.25,-118.50 (35.4%); 34.00,-118.25 (23.1%); 34.00,-118.50 (22.6%); 34.25,-118.25 (10.1%); 33.75,-118.25 (6.4%); 34.25,-118.75 (2.4%)"
2023-04-25,79.56,26.42,1.0,Moderate heat stress,78.8 to 89.6 F,80.62,71.2,90.53,-1.06,0,450,1,"34.25,-118.50 (35.4%); 34.00,-118.25 (23.1%); 34.00,-118.50 (22.6%); 34.25,-118.25 (10.1%); 33.75,-118.25 (6.4%); 34.25,-118.75 (2.4%)"
2023-04-26,83.29,28.49,1.0,Moderate heat stress,78.8 to 89.6 F,80.82,71.53,90.85,2.47,0,450,1,"34.25,-118.50 (35.4%); 34.00,-118.25 (23.1%); 34.00,-118.50 (22.6%); 34.25,-118.25 (10.1%); 33.75,-118.25 (6.4%); 34.25,-118.75 (2.4%)"
2023-04-27,83.44,28.58,1.0,Moderate heat stress,78.8 to 89.6 F,80.86,71.59,91.11,2.58,0,450,1,"34.25,-118.50 (35.4%); 34.00,-118.25 (23.1%); 34.00,-118.50 (22.6%); 34.25,-118.25 (10.1%); 33.75,-118.25 (6.4%); 34.25,-118.75 (2.4%)"
2023-04-28,82.19,27.88,1.0,Moderate heat stress,78.8 to 89.6 F,80.85,71.6,91.19,1.34,0,450,1,"34.25,-118.50 (35.4%); 34.00,-118.25 (23.1%); 34.00,-118.50 (22.6%); 34.25,-118.25 (10.1%); 33.75,-118.25 (6.4%); 34.25,-118.75 (2.4%)"
2023-04-29,83.47,28.59,1.0,Moderate heat stress,78.8 to 89.6 F,80.85,71.6,91.15,2.62,0,450,1,"34.25,-118.50 (35.4%); 34.00,-118.25 (23.1%); 34.00,-118.50 (22.6%); 34.25,-118.25 (10.1%); 33.75,-118.25 (6.4%); 34.25,-118.75 (2.4%)"
2023-04-30,78.72,25.95,0.0,No thermal stress,48.2 to 78.8 F,81.0,71.63,91.32,-2.28,0,450,1,"34.25,-118.50 (35.4%); 34.00,-118.25 (23.1%); 34.00,-118.50 (22.6%); 34.25,-118.25 (10.1%); 33.75,-118.25 (6.4%); 34.25,-118.75 (2.4%)"
2023-05-01,68.17,20.09,0.0,No thermal stress,48.2 to 78.8 F,81.07,71.6,92.1,-12.9,0,450,1,"34.25,-118.50 (35.4%); 34.00,-118.25 (23.1%); 34.00,-118.50 (22.6%); 34.25,-118.25 (10.1%); 33.75,-118.25 (6.4%); 34.25,-118.75 (2.4%)"
2023-05-02,65.8,18.78,0.0,No thermal stress,48.2 to 78.8 F,81.1,71.7,91.32,-15.3,0,450,1,"34.25,-118.50 (35.4%); 34.00,-118.25 (23.1%); 34.00,-118.50 (22.6%); 34.25,-118.25 (10.1%); 33.75,-118.25 (6.4%); 34.25,-118.75 (2.4%)"
2023-05-03,67.22,19.57,0.0,No thermal stress,48.2 to 78.8 F,81.05,72.12,90.89,-13.83,0,450,1,"34.25,-118.50 (35.4%); 34.00,-118.25 (23.1%); 34.00,-118.50 (22.6%); 34.25,-118.25 (10.1%); 33.75,-118.25 (6.4%); 34.25,-118.75 (2.4%)"
2023-05-04,70.09,21.16,0.0,No thermal stress,48.2 to 78.8 F,80.99,72.17,90.53,-10.9,0,450,1,"34.25,-118.50 (35.4%); 34.00,-118.25 (23.1%); 34.00,-118.50 (22.6%); 34.25,-118.25 (10.1%); 33.75,-118.25 (6.4%); 34.25,-118.75 (2.4%)"
2023-05-05,71.47,21.93,0.0,No thermal stress,48.2 to 78.8 F,81.0,72.53,90.64,-9.53,0,450,1,"34.25,-118.50 (35.4%); 34.00,-118.25 (23.1%); 34.00,-118.50 (22.6%); 34.25,-118.25 (10.1%); 33.75,-118.25 (6.4%); 34.25,-118.75 (2.4%)"
2023-05-06,73.31,22.95,0.0,No thermal stress,48.2 to 78.8 F,81.02,72.78,90.64,-7.71,0,450,1,"34.25,-118.50 (35.4%); 34.00,-118.25 (23.1%); 34.00,-118.50 (22.6%); 34.25,-118.25 (10.1%); 33.75,-118.25 (6.4%); 34.25,-118.75 (2.4%)"
2023-05-07,76.36,24.65,0.0,No thermal stress,48.2 to 78.8 F,81.0,72.78,90.18,-4.64,0,450,1,"34.25,-118.50 (35.4%); 34.00,-118.25 (23.1%); 34.00,-118.50 (22.6%); 34.25,-118.25 (10.1%); 33.75,-118.25 (6.4%); 34.25,-118.75 (2.4%)"
2023-05-08,77.33,25.18,0.0,No thermal stress,48.2 to 78.8 F,80.99,72.59,90.42,-3.66,0,450,1,"34.25,-118.50 (35.4%); 34.00,-118.25 (23.1%); 34.00,-118.50 (22.6%); 34.25,-118.25 (10.1%); 33.75,-118.25 (6.4%); 34.25,-118.75 (2.4%)"
2023-05-09,76.06,24.48,0.0,No thermal stress,48.2 to 78.8 F,80.93,72.15,90.43,-4.87,0,450,1,"34.25,-118.50 (35.4%); 34.00,-118.25 (23.1%); 34.00,-118.50 (22.6%); 34.25,-118.25 (10.1%); 33.75,-118.25 (6.4%); 34.25,-118.75 (2.4%)"
2023-05-10,78.5,25.84,0.0,No thermal stress,48.2 to 78.8 F,80.9,72.53,90.02,-2.4,0,450,1,"34.25,-118.50 (35.4%); 34.00,-118.25 (23.1%); 34.00,-118.50 (22.6%); 34.25,-118.25 (10.1%); 33.75,-118.25 (6.4%); 34.25,-118.75 (2.4%)"
2023-05-11,77.89,25.49,0.0,No thermal stress,48.2 to 78.8 F,80.77,72.38,89.62,-2.88,0,450,1,"34.25,-118.50 (35.4%); 34.00,-118.25 (23.1%); 34.00,-118.50 (22.6%); 34.25,-118.25 (10.1%); 33.75,-118.25 (6.4%); 34.25,-118.75 (2.4%)"
2023-05-12,81.88,27.71,1.0,Moderate heat stress,78.8 to 89.6 F,80.78,72.53,89.44,1.1,0,450,1,"34.25,-118.50 (35.4%); 34.00,-118.25 (23.1%); 34.00,-118.50 (22.6%); 34.25,-118.25 (10.1%); 33.75,-118.25 (6.4%); 34.25,-118.75 (2.4%)"
2023-05-13,85.12,29.51,1.0,Moderate heat stress,78.8 to 89.6 F,80.86,72.76,89.44,4.26,0,450,1,"34.25,-118.50 (35.4%); 34.00,-118.25 (23.1%); 34.00,-118.50 (22.6%); 34.25,-118.25 (10.1%); 33.75,-118.25 (6.4%); 34.25,-118.75 (2.4%)"
2023-05-14,84.64,29.24,1.0,Moderate heat stress,78.8 to 89.6 F,80.99,73.38,89.42,3.65,0,450,1,"34.25,-118.50 (35.4%); 34.00,-118.25 (23.1%); 34.00,-118.50 (22.6%); 34.25,-118.25 (10.1%); 33.75,-118.25 (6.4%); 34.25,-118.75 (2.4%)"
2023-05-15,84.94,29.41,1.0,Moderate heat stress,78.8 to 89.6 F,81.01,73.38,89.3,3.93,0,450,1,"34.25,-118.50 (35.4%); 34.00,-118.25 (23.1%); 34.00,-118.50 (22.6%); 34.25,-118.25 (10.1%); 33.75,-118.25 (6.4%); 34.25,-118.75 (2.4%)"
2023-05-16,84.86,29.37,1.0,Moderate heat stress,78.8 to 89.6 F,80.9,73.09,89.18,3.96,0,450,1,"34.25,-118.50 (35.4%); 34.00,-118.25 (23.1%); 34.00,-118.50 (22.6%); 34.25,-118.25 (10.1%); 33.75,-118.25 (6.4%); 34.25,-118.75 (2.4%)"
2023-05-17,84.91,29.4,1.0,Moderate heat stress,78.8 to 89.6 F,80.92,73.65,88.92,3.99,0,450,1,"34.25,-118.50 (35.4%); 34.00,-118.25 (23.1%); 34.00,-118.50 (22.6%); 34.25,-118.25 (10.1%); 33.75,-118.25 (6.4%); 34.25,-118.75 (2.4%)"
2023-05-18,82.85,28.25,1.0,Moderate heat stress,78.8 to 89.6 F,80.81,73.65,88.9,2.04,0,450,1,"34.25,-118.50 (35.4%); 34.00,-118.25 (23.1%); 34.00,-118.50 (22.6%); 34.25,-118.25 (10.1%); 33.75,-118.25 (6.4%); 34.25,-118.75 (2.4%)"
2023-05-19,81.15,27.31,1.0,Moderate heat stress,78.8 to 89.6 F,80.73,73.38,88.9,0.42,0,450,1,"34.25,-118.50 (35.4%); 34.00,-118.25 (23.1%); 34.00,-118.50 (22.6%); 34.25,-118.25 (10.1%); 33.75,-118.25 (6.4%); 34.25,-118.75 (2.4%)"
2023-05-20,84.2,29.0,1.0,Moderate heat stress,78.8 to 89.6 F,80.75,73.65,88.89,3.45,0,450,1,"34.25,-118.50 (35.4%); 34.00,-118.25 (23.1%); 34.00,-118.50 (22.6%); 34.25,-118.25 (10.1%); 33.75,-118.25 (6.4%); 34.25,-118.75 (2.4%)"
2023-05-21,84.41,29.11,1.0,Moderate heat stress,78.8 to 89.6 F,80.84,73.96,88.83,3.57,0,450,1,"34.25,-118.50 (35.4%); 34.00,-118.25 (23.1%); 34.00,-118.50 (22.6%); 34.25,-118.25 (10.1%); 33.75,-118.25 (6.4%); 34.25,-118.75 (2.4%)"
2023-05-22,82.53,28.07,1.0,Moderate heat stress,78.8 to 89.6 F,81.0,74.19,88.89,1.53,0,450,1,"34.25,-118.50 (35.4%); 34.00,-118.25 (23.1%); 34.00,-118.50 (22.6%); 34.25,-118.25 (10.1%); 33.75,-118.25 (6.4%); 34.25,-118.75 (2.4%)"
2023-05-23,80.8,27.11,1.0,Moderate heat stress,78.8 to 89.6 F,81.14,74.3,88.8,-0.34,0,450,1,"34.25,-118.50 (35.4%); 34.00,-118.25 (23.1%); 34.00,-118.50 (22.6%); 34.25,-118.25 (10.1%); 33.75,-118.25 (6.4%); 34.25,-118.75 (2.4%)"
2023-05-24,77.12,25.07,0.0,No thermal stress,48.2 to 78.8 F,81.34,74.7,88.89,-4.22,0,450,1,"34.25,-118.50 (35.4%); 34.00,-118.25 (23.1%); 34.00,-118.50 (22.6%); 34.25,-118.25 (10.1%); 33.75,-118.25 (6.4%); 34.25,-118.75 (2.4%)"
2023-05-25,76.31,24.61,0.0,No thermal stress,48.2 to 78.8 F,81.5,74.72,89.0,-5.19,0,450,1,"34.25,-118.50 (35.4%); 34.00,-118.25 (23.1%); 34.00,-118.50 (22.6%); 34.25,-118.25 (10.1%); 33.75,-118.25 (6.4%); 34.25,-118.75 (2.4%)"
2023-05-26,78.78,25.99,0.0,No thermal stress,48.2 to 78.8 F,81.71,75.09,89.34,-2.93,0,450,1,"34.25,-118.50 (35.4%); 34.00,-118.25 (23.1%); 34.00,-118.50 (22.6%); 34.25,-118.25 (10.1%); 33.75,-118.25 (6.4%); 34.25,-118.75 (2.4%)"
2023-05-27,78.76,25.98,0.0,No thermal stress,48.2 to 78.8 F,81.88,75.21,89.48,-3.12,0,450,1,"34.25,-118.50 (35.4%); 34.00,-118.25 (23.1%); 34.00,-118.50 (22.6%); 34.25,-118.25 (10.1%); 33.75,-118.25 (6.4%); 34.25,-118.75 (2.4%)"
2023-05-28,78.91,26.06,1.0,Moderate heat stress,78.8 to 89.6 F,82.06,75.3,89.48,-3.15,0,450,1,"34.25,-118.50 (35.4%); 34.00,-118.25 (23.1%); 34.00,-118.50 (22.6%); 34.25,-118.25 (10.1%); 33.75,-118.25 (6.4%); 34.25,-118.75 (2.4%)"
2023-05-29,77.04,25.02,0.0,No thermal stress,48.2 to 78.8 F,82.07,75.61,89.34,-5.03,0,450,1,"34.25,-118.50 (35.4%); 34.00,-118.25 (23.1%); 34.00,-118.50 (22.6%); 34.25,-118.25 (10.1%); 33.75,-118.25 (6.4%); 34.25,-118.75 (2.4%)"
2023-05-30,71.76,22.09,0.0,No thermal stress,48.2 to 78.8 F,82.14,76.03,89.01,-10.38,0,450,1,"34.25,-118.50 (35.4%); 34.00,-118.25 (23.1%); 34.00,-118.50 (22.6%); 34.25,-118.25 (10.1%); 33.75,-118.25 (6.4%); 34.25,-118.75 (2.4%)"
2023-05-31,74.87,23.81,0.0,No thermal stress,48.2 to 78.8 F,82.32,76.37,88.92,-7.45,0,450,1,"34.25,-118.50 (35.4%); 34.00,-118.25 (23.1%); 34.00,-118.50 (22.6%); 34.25,-118.25 (10.1%); 33.75,-118.25 (6.4%); 34.25,-118.75 (2.4%)"
2023-06-01,79.0,26.11,1.0,Moderate heat stress,78.8 to 89.6 F,82.5,76.41,88.99,-3.5,0,450,1,"34.25,-118.50 (35.4%); 34.00,-118.25 (23.1%); 34.00,-118.50 (22.6%); 34.25,-118.25 (10.1%); 33.75,-118.25 (6.4%); 34.25,-118.75 (2.4%)"
2023-06-02,83.38,28.54,1.0,Moderate heat stress,78.8 to 89.6 F,82.91,77.11,89.59,0.47,0,450,1,"34.25,-118.50 (35.4%); 34.00,-118.25 (23.1%); 34.00,-118.50 (22.6%); 34.25,-118.25 (10.1%); 33.75,-118.25 (6.4%); 34.25,-118.75 (2.4%)"
2023-06-03,82.99,28.33,1.0,Moderate heat stress,78.8 to 89.6 F,83.26,77.37,89.96,-0.27,0,450,1,"34.25,-118.50 (35.4%); 34.00,-118.25 (23.1%); 34.00,-118.50 (22.6%); 34.25,-118.25 (10.1%); 33.75,-118.25 (6.4%); 34.25,-118.75 (2.4%)"
2023-06-04,83.71,28.73,1.0,Moderate heat stress,78.8 to 89.6 F,83.39,77.64,90.19,0.32,0,450,1,"34.25,-118.50 (35.4%); 34.00,-118.25 (23.1%); 34.00,-118.50 (22.6%); 34.25,-118.25 (10.1%); 33.75,-118.25 (6.4%); 34.25,-118.75 (2.4%)"
2023-06-05,76.01,24.45,0.0,No thermal stress,48.2 to 78.8 F,83.4,77.83,90.06,-7.39,0,450,1,"34.25,-118.50 (35.4%); 34.00,-118.25 (23.1%); 34.00,-118.50 (22.6%); 34.25,-118.25 (10.1%); 33.75,-118.25 (6.4%); 34.25,-118.75 (2.4%)"
2023-06-06,77.92,25.51,0.0,No thermal stress,48.2 to 78.8 F,83.46,77.96,90.18,-5.54,0,450,1,"34.25,-118.50 (35.4%); 34.00,-118.25 (23.1%); 34.00,-118.50 (22.6%); 34.25,-118.25 (10.1%); 33.75,-118.25 (6.4%); 34.25,-118.75 (2.4%)"
2023-06-07,77.25,25.14,0.0,No thermal stress,48.2 to 78.8 F,83.59,78.2,90.28,-6.34,0,450,1,"34.25,-118.50 (35.4%); 34.00,-118.25 (23.1%); 34.00,-118.50 (22.6%); 34.25,-118.25 (10.1%); 33.75,-118.25 (6.4%); 34.25,-118.75 (2.4%)"
2023-06-08,83.46,28.59,1.0,Moderate heat stress,78.8 to 89.6 F,83.65,78.2,90.24,-0.19,0,450,1,"34.25,-118.50 (35.4%); 34.00,-118.25 (23.1%); 34.00,-118.50 (22.6%); 34.25,-118.25 (10.1%); 33.75,-118.25 (6.4%); 34.25,-118.75 (2.4%)"
2023-06-09,83.29,28.49,1.0,Moderate heat stress,78.8 to 89.6 F,83.69,78.2,90.35,-0.4,0,450,1,"34.25,-118.50 (35.4%); 34.00,-118.25 (23.1%); 34.00,-118.50 (22.6%); 34.25,-118.25 (10.1%); 33.75,-118.25 (6.4%); 34.25,-118.75 (2.4%)"
2023-06-10,81.54,27.52,1.0,Moderate heat stress,78.8 to 89.6 F,83.83,78.35,90.77,-2.29,0,450,1,"34.25,-118.50 (35.4%); 34.00,-118.25 (23.1%); 34.00,-118.50 (22.6%); 34.25,-118.25 (10.1%); 33.75,-118.25 (6.4%); 34.25,-118.75 (2.4%)"
2023-06-11,73.01,22.78,0.0,No thermal stress,48.2 to 78.8 F,83.99,78.43,90.9,-10.98,0,450,1,"34.25,-118.50 (35.4%); 34.00,-118.25 (23.1%); 34.00,-118.50 (22.6%); 34.25,-118.25 (10.1%); 33.75,-118.25 (6.4%); 34.25,-118.75 (2.4%)"
2023-06-12,79.06,26.15,1.0,Moderate heat stress,78.8 to 89.6 F,84.21,78.73,91.41,-5.15,0,450,1,"34.25,-118.50 (35.4%); 34.00,-118.25 (23.1%); 34.00,-118.50 (22.6%); 34.25,-118.25 (10.1%); 33.75,-118.25 (6.4%); 34.25,-118.75 (2.4%)"
2023-06-13,82.99,28.33,1.0,Moderate heat stress,78.8 to 89.6 F,84.6,79.0,91.58,-1.61,0,450,1,"34.25,-118.50 (35.4%); 34.00,-118.25 (23.1%); 34.00,-118.50 (22.6%); 34.25,-118.25 (10.1%); 33.75,-118.25 (6.4%); 34.25,-118.75 (2.4%)"
2023-06-14,85.17,29.54,1.0,Moderate heat stress,78.8 to 89.6 F,84.9,79.07,92.08,0.27,0,450,1,"34.25,-118.50 (35.4%); 34.00,-118.25 (23.1%); 34.00,-118.50 (22.6%); 34.25,-118.25 (10.1%); 33.75,-118.25 (6.4%); 34.25,-118.75 (2.4%)"
2023-06-15,82.48,28.04,1.0,Moderate heat stress,78.8 to 89.6 F,85.2,79.31,92.53,-2.72,0,450,1,"34.25,-118.50 (35.4%); 34.00,-118.25 (23.1%); 34.00,-118.50 (22.6%); 34.25,-118.25 (10.1%); 33.75,-118.25 (6.4%); 34.25,-118.75 (2.4%)"
2023-06-16,88.66,31.48,1.0,Moderate heat stress,78.8 to 89.6 F,85.43,79.7,92.63,3.23,0,450,1,"34.25,-118.50 (35.4%); 34.00,-118.25 (23.1%); 34.00,-118.50 (22.6%); 34.25,-118.25 (10.1%); 33.75,-118.25 (6.4%); 34.25,-118.75 (2.4%)"
2023-06-17,86.88,30.49,1.0,Moderate heat stress,78.8 to 89.6 F,85.58,79.85,92.63,1.3,0,450,1,"34.25,-118.50 (35.4%); 34.00,-118.25 (23.1%); 34.00,-118.50 (22.6%); 34.25,-118.25 (10.1%); 33.75,-118.25 (6.4%); 34.25,-118.75 (2.4%)"
2023-06-18,80.33,26.85,1.0,Moderate heat stress,78.8 to 89.6 F,85.82,79.95,92.67,-5.49,0,450,1,"34.25,-118.50 (35.4%); 34.00,-118.25 (23.1%); 34.00,-118.50 (22.6%); 34.25,-118.25 (10.1%); 33.75,-118.25 (6.4%); 34.25,-118.75 (2.4%)"
2023-06-19,81.66,27.59,1.0,Moderate heat stress,78.8 to 89.6 F,86.12,80.18,93.0,-4.46,0,450,1,"34.25,-118.50 (35.4%); 34.00,-118.25 (23.1%); 34.00,-118.50 (22.6%); 34.25,-118.25 (10.1%); 33.75,-118.25 (6.4%); 34.25,-118.75 (2.4%)"
2023-06-20,82.0,27.78,1.0,Moderate heat stress,78.8 to 89.6 F,86.44,80.32,93.17,-4.44,0,450,1,"34.25,-118.50 (35.4%); 34.00,-118.25 (23.1%); 34.00,-118.50 (22.6%); 34.25,-118.25 (10.1%); 33.75,-118.25 (6.4%); 34.25,-118.75 (2.4%)"
2023-06-21,83.64,28.69,1.0,Moderate heat stress,78.8 to 89.6 F,86.73,80.53,93.8,-3.09,0,450,1,"34.25,-118.50 (35.4%); 34.00,-118.25 (23.1%); 34.00,-118.50 (22.6%); 34.25,-118.25 (10.1%); 33.75,-118.25 (6.4%); 34.25,-118.75 (2.4%)"
2023-06-22,78.17,25.65,0.0,No thermal stress,48.2 to 78.8 F,86.97,80.7,94.16,-8.8,0,450,1,"34.25,-118.50 (35.4%); 34.00,-118.25 (23.1%); 34.00,-118.50 (22.6%); 34.25,-118.25 (10.1%); 33.75,-118.25 (6.4%); 34.25,-118.75 (2.4%)"
2023-06-23,80.64,27.02,1.0,Moderate heat stress,78.8 to 89.6 F,87.31,81.13,94.62,-6.67,0,450,1,"34.25,-118.50 (35.4%); 34.00,-118.25 (23.1%); 34.00,-118.50 (22.6%); 34.25,-118.25 (10.1%); 33.75,-118.25 (6.4%); 34.25,-118.75 (2.4%)"
2023-06-24,83.06,28.36,1.0,Moderate heat stress,78.8 to 89.6 F,87.73,81.31,94.87,-4.67,0,450,1,"34.25,-118.50 (35.4%); 34.00,-118.25 (23.1%); 34.00,-118.50 (22.6%); 34.25,-118.25 (10.1%); 33.75,-118.25 (6.4%); 34.25,-118.75 (2.4%)"
2023-06-25,81.12,27.29,1.0,Moderate heat stress,78.8 to 89.6 F,88.03,81.59,95.71,-6.91,0,450,1,"34.25,-118.50 (35.4%); 34.00,-118.25 (23.1%); 34.00,-118.50 (22.6%); 34.25,-118.25 (10.1%); 33.75,-118.25 (6.4%); 34.25,-118.75 (2.4%)"
2023-06-26,82.44,28.02,1.0,Moderate heat stress,78.8 to 89.6 F,88.18,81.62,95.87,-5.74,0,450,1,"34.25,-118.50 (35.4%); 34.00,-118.25 (23.1%); 34.00,-118.50 (22.6%); 34.25,-118.25 (10.1%); 33.75,-118.25 (6.4%); 34.25,-118.75 (2.4%)"
2023-06-27,83.45,28.58,1.0,Moderate heat stress,78.8 to 89.6 F,88.32,81.89,96.12,-4.87,0,450,1,"34.25,-118.50 (35.4%); 34.00,-118.25 (23.1%); 34.00,-118.50 (22.6%); 34.25,-118.25 (10.1%); 33.75,-118.25 (6.4%); 34.25,-118.75 (2.4%)"
2023-06-28,80.87,27.15,1.0,Moderate heat stress,78.8 to 89.6 F,88.5,82.07,96.1,-7.63,0,450,1,"34.25,-118.50 (35.4%); 34.00,-118.25 (23.1%); 34.00,-118.50 (22.6%); 34.25,-118.25 (10.1%); 33.75,-118.25 (6.4%); 34.25,-118.75 (2.4%)"
2023-06-29,84.99,29.44,1.0,Moderate heat stress,78.8 to 89.6 F,88.81,82.52,96.36,-3.82,0,450,1,"34.25,-118.50 (35.4%); 34.00,-118.25 (23.1%); 34.00,-118.50 (22.6%); 34.25,-118.25 (10.1%); 33.75,-118.25 (6.4%); 34.25,-118.75 (2.4%)"
2023-06-30,88.91,31.61,1.0,Moderate heat stress,78.8 to 89.6 F,89.07,82.68,96.67,-0.16,0,450,1,"34.25,-118.50 (35.4%); 34.00,-118.25 (23.1%); 34.00,-118.50 (22.6%); 34.25,-118.25 (10.1%); 33.75,-118.25 (6.4%); 34.25,-118.75 (2.4%)"
2023-07-01,91.67,33.15,2.0,Strong heat stress,89.6 to 100.4 F,89.3,82.84,96.83,2.37,0,450,1,"34.25,-118.50 (35.4%); 34.00,-118.25 (23.1%); 34.00,-118.50 (22.6%); 34.25,-118.25 (10.1%); 33.75,-118.25 (6.4%); 34.25,-118.75 (2.4%)"
2023-07-02,90.61,32.56,2.0,Strong heat stress,89.6 to 100.4 F,89.53,83.06,96.94,1.08,0,450,1,"34.25,-118.50 (35.4%); 34.00,-118.25 (23.1%); 34.00,-118.50 (22.6%); 34.25,-118.25 (10.1%); 33.75,-118.25 (6.4%); 34.25,-118.75 (2.4%)"
2023-07-03,90.51,32.51,2.0,Strong heat stress,89.6 to 100.4 F,89.66,83.18,96.94,0.85,0,450,1,"34.25,-118.50 (35.4%); 34.00,-118.25 (23.1%); 34.00,-118.50 (22.6%); 34.25,-118.25 (10.1%); 33.75,-118.25 (6.4%); 34.25,-118.75 (2.4%)"
2023-07-04,85.38,29.66,1.0,Moderate heat stress,78.8 to 89.6 F,89.81,83.36,96.94,-4.43,0,450,1,"34.25,-118.50 (35.4%); 34.00,-118.25 (23.1%); 34.00,-118.50 (22.6%); 34.25,-118.25 (10.1%); 33.75,-118.25 (6.4%); 34.25,-118.75 (2.4%)"
2023-07-05,84.62,29.23,1.0,Moderate heat stress,78.8 to 89.6 F,89.98,83.45,97.01,-5.36,0,450,1,"34.25,-118.50 (35.4%); 34.00,-118.25 (23.1%); 34.00,-118.50 (22.6%); 34.25,-118.25 (10.1%); 33.75,-118.25 (6.4%); 34.25,-118.75 (2.4%)"
2023-07-06,82.28,27.93,1.0,Moderate heat stress,78.8 to 89.6 F,90.17,83.53,97.01,-7.89,0,450,1,"34.25,-118.50 (35.4%); 34.00,-118.25 (23.1%); 34.00,-118.50 (22.6%); 34.25,-118.25 (10.1%); 33.75,-118.25 (6.4%); 34.25,-118.75 (2.4%)"
2023-07-07,82.14,27.85,1.0,Moderate heat stress,78.8 to 89.6 F,90.34,83.68,96.94,-8.2,0,450,1,"34.25,-118.50 (35.4%); 34.00,-118.25 (23.1%); 34.00,-118.50 (22.6%); 34.25,-118.25 (10.1%); 33.75,-118.25 (6.4%); 34.25,-118.75 (2.4%)"
2023-07-08,84.34,29.08,1.0,Moderate heat stress,78.8 to 89.6 F,90.42,83.78,96.93,-6.08,0,450,1,"34.25,-118.50 (35.4%); 34.00,-118.25 (23.1%); 34.00,-118.50 (22.6%); 34.25,-118.25 (10.1%); 33.75,-118.25 (6.4%); 34.25,-118.75 (2.4%)"
2023-07-09,85.81,29.9,1.0,Moderate heat stress,78.8 to 89.6 F,90.43,83.6,96.93,-4.62,0,450,1,"34.25,-118.50 (35.4%); 34.00,-118.25 (23.1%); 34.00,-118.50 (22.6%); 34.25,-118.25 (10.1%); 33.75,-118.25 (6.4%); 34.25,-118.75 (2.4%)"
2023-07-10,89.57,31.99,1.0,Moderate heat stress,78.8 to 89.6 F,90.49,83.6,96.94,-0.92,0,450,1,"34.25,-118.50 (35.4%); 34.00,-118.25 (23.1%); 34.00,-118.50 (22.6%); 34.25,-118.25 (10.1%); 33.75,-118.25 (6.4%); 34.25,-118.75 (2.4%)"
2023-07-11,92.66,33.7,2.0,Strong heat stress,89.6 to 100.4 F,90.7,84.04,97.01,1.96,0,450,1,"34.25,-118.50 (35.4%); 34.00,-118.25 (23.1%); 34.00,-118.50 (22.6%); 34.25,-118.25 (10.1%); 33.75,-118.25 (6.4%); 34.25,-118.75 (2.4%)"
2023-07-12,94.24,34.58,2.0,Strong heat stress,89.6 to 100.4 F,90.87,84.24,97.31,3.37,0,450,1,"34.25,-118.50 (35.4%); 34.00,-118.25 (23.1%); 34.00,-118.50 (22.6%); 34.25,-118.25 (10.1%); 33.75,-118.25 (6.4%); 34.25,-118.75 (2.4%)"
2023-07-13,93.82,34.35,2.0,Strong heat stress,89.6 to 100.4 F,90.92,84.3,97.49,2.9,0,450,1,"34.25,-118.50 (35.4%); 34.00,-118.25 (23.1%); 34.00,-118.50 (22.6%); 34.25,-118.25 (10.1%); 33.75,-118.25 (6.4%); 34.25,-118.75 (2.4%)"
2023-07-14,96.34,35.74,2.0,Strong heat stress,89.6 to 100.4 F,90.91,84.44,97.51,5.43,0,450,1,"34.25,-118.50 (35.4%); 34.00,-118.25 (23.1%); 34.00,-118.50 (22.6%); 34.25,-118.25 (10.1%); 33.75,-118.25 (6.4%); 34.25,-118.75 (2.4%)"
2023-07-15,95.85,35.47,2.0,Strong heat stress,89.6 to 100.4 F,90.96,84.49,97.55,4.89,0,450,1,"34.25,-118.50 (35.4%); 34.00,-118.25 (23.1%); 34.00,-118.50 (22.6%); 34.25,-118.25 (10.1%); 33.75,-118.25 (6.4%); 34.25,-118.75 (2.4%)"
2023-07-16,95.73,35.41,2.0,Strong heat stress,89.6 to 100.4 F,91.08,84.61,97.7,4.65,0,450,1,"34.25,-118.50 (35.4%); 34.00,-118.25 (23.1%); 34.00,-118.50 (22.6%); 34.25,-118.25 (10.1%); 33.75,-118.25 (6.4%); 34.25,-118.75 (2.4%)"
2023-07-17,98.19,36.77,2.0,Strong heat stress,89.6 to 100.4 F,91.18,84.65,97.91,7.01,1,450,1,"34.25,-118.50 (35.4%); 34.00,-118.25 (23.1%); 34.00,-118.50 (22.6%); 34.25,-118.25 (10.1%); 33.75,-118.25 (6.4%); 34.25,-118.75 (2.4%)"
2023-07-18,96.07,35.59,2.0,Strong heat stress,89.6 to 100.4 F,91.31,84.92,98.52,4.76,0,450,1,"34.25,-118.50 (35.4%); 34.00,-118.25 (23.1%); 34.00,-118.50 (22.6%); 34.25,-118.25 (10.1%); 33.75,-118.25 (6.4%); 34.25,-118.75 (2.4%)"
2023-07-19,96.89,36.05,2.0,Strong heat stress,89.6 to 100.4 F,91.46,85.02,98.93,5.43,0,450,1,"34.25,-118.50 (35.4%); 34.00,-118.25 (23.1%); 34.00,-118.50 (22.6%); 34.25,-118.25 (10.1%); 33.75,-118.25 (6.4%); 34.25,-118.75 (2.4%)"
2023-07-20,96.85,36.03,2.0,Strong heat stress,89.6 to 100.4 F,91.54,85.18,99.1,5.31,0,450,1,"34.25,-118.50 (35.4%); 34.00,-118.25 (23.1%); 34.00,-118.50 (22.6%); 34.25,-118.25 (10.1%); 33.75,-118.25 (6.4%); 34.25,-118.75 (2.4%)"
2023-07-21,95.73,35.41,2.0,Strong heat stress,89.6 to 100.4 F,91.54,85.18,99.1,4.19,0,450,1,"34.25,-118.50 (35.4%); 34.00,-118.25 (23.1%); 34.00,-118.50 (22.6%); 34.25,-118.25 (10.1%); 33.75,-118.25 (6.4%); 34.25,-118.75 (2.4%)"
2023-07-22,95.07,35.04,2.0,Strong heat stress,89.6 to 100.4 F,91.53,85.18,99.11,3.54,0,450,1,"34.25,-118.50 (35.4%); 34.00,-118.25 (23.1%); 34.00,-118.50 (22.6%); 34.25,-118.25 (10.1%); 33.75,-118.25 (6.4%); 34.25,-118.75 (2.4%)"
2023-07-23,98.61,37.01,2.0,Strong heat stress,89.6 to 100.4 F,91.58,85.22,99.1,7.03,0,450,1,"34.25,-118.50 (35.4%); 34.00,-118.25 (23.1%); 34.00,-118.50 (22.6%); 34.25,-118.25 (10.1%); 33.75,-118.25 (6.4%); 34.25,-118.75 (2.4%)"
2023-07-24,97.26,36.26,2.0,Strong heat stress,89.6 to 100.4 F,91.65,85.25,99.09,5.61,0,450,1,"34.25,-118.50 (35.4%); 34.00,-118.25 (23.1%); 34.00,-118.50 (22.6%); 34.25,-118.25 (10.1%); 33.75,-118.25 (6.4%); 34.25,-118.75 (2.4%)"
2023-07-25,100.4,38.0,2.0,Strong heat stress,89.6 to 100.4 F,91.76,85.38,99.1,8.64,1,450,1,"34.25,-118.50 (35.4%); 34.00,-118.25 (23.1%); 34.00,-118.50 (22.6%); 34.25,-118.25 (10.1%); 33.75,-118.25 (6.4%); 34.25,-118.75 (2.4%)"
2023-07-26,100.76,38.2,3.0,Very strong heat stress,100.4 to 114.8 F,91.84,85.39,99.09,8.92,1,450,1,"34.25,-118.50 (35.4%); 34.00,-118.25 (23.1%); 34.00,-118.50 (22.6%); 34.25,-118.25 (10.1%); 33.75,-118.25 (6.4%); 34.25,-118.75 (2.4%)"
2023-07-27,101.66,38.7,3.0,Very strong heat stress,100.4 to 114.8 F,91.89,85.71,99.09,9.77,1,450,1,"34.25,-118.50 (35.4%); 34.00,-118.25 (23.1%); 34.00,-118.50 (22.6%); 34.25,-118.25 (10.1%); 33.75,-118.25 (6.4%); 34.25,-118.75 (2.4%)"
2023-07-28,96.98,36.1,2.0,Strong heat stress,89.6 to 100.4 F,91.99,85.74,99.04,4.99,0,450,1,"34.25,-118.50 (35.4%); 34.00,-118.25 (23.1%); 34.00,-118.50 (22.6%); 34.25,-118.25 (10.1%); 33.75,-118.25 (6.4%); 34.25,-118.75 (2.4%)"
2023-07-29,98.59,36.99,2.0,Strong heat stress,89.6 to 100.4 F,92.08,85.81,98.93,6.51,0,450,1,"34.25,-118.50 (35.4%); 34.00,-118.25 (23.1%); 34.00,-118.50 (22.6%); 34.25,-118.25 (10.1%); 33.75,-118.25 (6.4%); 34.25,-118.75 (2.4%)"
2023-07-30,98.31,36.84,2.0,Strong heat stress,89.6 to 100.4 F,92.07,85.74,98.93,6.24,0,450,1,"34.25,-118.50 (35.4%); 34.00,-118.25 (23.1%); 34.00,-118.50 (22.6%); 34.25,-118.25 (10.1%); 33.75,-118.25 (6.4%); 34.25,-118.75 (2.4%)"
2023-07-31,101.09,38.38,3.0,Very strong heat stress,100.4 to 114.8 F,92.02,85.71,98.89,9.07,1,450,1,"34.25,-118.50 (35.4%); 34.00,-118.25 (23.1%); 34.00,-118.50 (22.6%); 34.25,-118.25 (10.1%); 33.75,-118.25 (6.4%); 34.25,-118.75 (2.4%)"
2023-08-01,95.23,35.13,2.0,Strong heat stress,89.6 to 100.4 F,92.03,85.74,98.82,3.2,0,450,1,"34.25,-118.50 (35.4%); 34.00,-118.25 (23.1%); 34.00,-118.50 (22.6%); 34.25,-118.25 (10.1%); 33.75,-118.25 (6.4%); 34.25,-118.75 (2.4%)"
2023-08-02,94.22,34.57,2.0,Strong heat stress,89.6 to 100.4 F,92.08,85.59,98.89,2.14,0,450,1,"34.25,-118.50 (35.4%); 34.00,-118.25 (23.1%); 34.00,-118.50 (22.6%); 34.25,-118.25 (10.1%); 33.75,-118.25 (6.4%); 34.25,-118.75 (2.4%)"
2023-08-03,90.1,32.28,2.0,Strong heat stress,89.6 to 100.4 F,92.06,85.34,99.01,-1.96,0,450,1,"34.25,-118.50 (35.4%); 34.00,-118.25 (23.1%); 34.00,-118.50 (22.6%); 34.25,-118.25 (10.1%); 33.75,-118.25 (6.4%); 34.25,-118.75 (2.4%)"
2023-08-04,90.11,32.28,2.0,Strong heat stress,89.6 to 100.4 F,92.13,85.45,99.01,-2.02,0,450,1,"34.25,-118.50 (35.4%); 34.00,-118.25 (23.1%); 34.00,-118.50 (22.6%); 34.25,-118.25 (10.1%); 33.75,-118.25 (6.4%); 34.25,-118.75 (2.4%)"
2023-08-05,94.8,34.89,2.0,Strong heat stress,89.6 to 100.4 F,92.28,85.65,99.49,2.52,0,450,1,"34.25,-118.50 (35.4%); 34.00,-118.25 (23.1%); 34.00,-118.50 (22.6%); 34.25,-118.25 (10.1%); 33.75,-118.25 (6.4%); 34.25,-118.75 (2.4%)"
2023-08-06,97.61,36.45,2.0,Strong heat stress,89.6 to 100.4 F,92.51,85.82,99.95,5.1,0,450,1,"34.25,-118.50 (35.4%); 34.00,-118.25 (23.1%); 34.00,-118.50 (22.6%); 34.25,-118.25 (10.1%); 33.75,-118.25 (6.4%); 34.25,-118.75 (2.4%)"
2023-08-07,91.41,33.01,2.0,Strong heat stress,89.6 to 100.4 F,92.67,85.82,100.38,-1.26,0,450,1,"34.25,-118.50 (35.4%); 34.00,-118.25 (23.1%); 34.00,-118.50 (22.6%); 34.25,-118.25 (10.1%); 33.75,-118.25 (6.4%); 34.25,-118.75 (2.4%)"
2023-08-08,90.48,32.49,2.0,Strong heat stress,89.6 to 100.4 F,92.8,85.86,100.97,-2.32,0,450,1,"34.25,-118.50 (35.4%); 34.00,-118.25 (23.1%); 34.00,-118.50 (22.6%); 34.25,-118.25 (10.1%); 33.75,-118.25 (6.4%); 34.25,-118.75 (2.4%)"
2023-08-09,89.29,31.83,1.0,Moderate heat stress,78.8 to 89.6 F,92.87,85.72,101.12,-3.58,0,450,1,"34.25,-118.50 (35.4%); 34.00,-118.25 (23.1%); 34.00,-118.50 (22.6%); 34.25,-118.25 (10.1%); 33.75,-118.25 (6.4%); 34.25,-118.75 (2.4%)"
2023-08-10,87.41,30.78,1.0,Moderate heat stress,78.8 to 89.6 F,92.9,85.78,101.22,-5.49,0,450,1,"34.25,-118.50 (35.4%); 34.00,-118.25 (23.1%); 34.00,-118.50 (22.6%); 34.25,-118.25 (10.1%); 33.75,-118.25 (6.4%); 34.25,-118.75 (2.4%)"
2023-08-11,88.32,31.29,1.0,Moderate heat stress,78.8 to 89.6 F,92.94,85.78,101.25,-4.62,0,450,1,"34.25,-118.50 (35.4%); 34.00,-118.25 (23.1%); 34.00,-118.50 (22.6%); 34.25,-118.25 (10.1%); 33.75,-118.25 (6.4%); 34.25,-118.75 (2.4%)"
2023-08-12,89.97,32.2,2.0,Strong heat stress,89.6 to 100.4 F,92.9,85.78,101.25,-2.93,0,450,1,"34.25,-118.50 (35.4%); 34.00,-118.25 (23.1%); 34.00,-118.50 (22.6%); 34.25,-118.25 (10.1%); 33.75,-118.25 (6.4%); 34.25,-118.75 (2.4%)"
2023-08-13,93.08,33.93,2.0,Strong heat stress,89.6 to 100.4 F,92.9,85.96,101.25,0.18,0,450,1,"34.25,-118.50 (35.4%); 34.00,-118.25 (23.1%); 34.00,-118.50 (22.6%); 34.25,-118.25 (10.1%); 33.75,-118.25 (6.4%); 34.25,-118.75 (2.4%)"
2023-08-14,95.92,35.51,2.0,Strong heat stress,89.6 to 100.4 F,92.94,86.23,101.19,2.98,0,450,1,"34.25,-118.50 (35.4%); 34.00,-118.25 (23.1%); 34.00,-118.50 (22.6%); 34.25,-118.25 (10.1%); 33.75,-118.25 (6.4%); 34.25,-118.75 (2.4%)"
2023-08-15,97.62,36.45,2.0,Strong heat stress,89.6 to 100.4 F,93.04,86.38,101.22,4.58,0,450,1,"34.25,-118.50 (35.4%); 34.00,-118.25 (23.1%); 34.00,-118.50 (22.6%); 34.25,-118.25 (10.1%); 33.75,-118.25 (6.4%); 34.25,-118.75 (2.4%)"
2023-08-16,101.65,38.69,3.0,Very strong heat stress,100.4 to 114.8 F,93.11,86.44,101.25,8.54,1,450,1,"34.25,-118.50 (35.4%); 34.00,-118.25 (23.1%); 34.00,-118.50 (22.6%); 34.25,-118.25 (10.1%); 33.75,-118.25 (6.4%); 34.25,-118.75 (2.4%)"
2023-08-17,95.89,35.49,2.0,Strong heat stress,89.6 to 100.4 F,93.15,86.61,101.25,2.74,0,450,1,"34.25,-118.50 (35.4%); 34.00,-118.25 (23.1%); 34.00,-118.50 (22.6%); 34.25,-118.25 (10.1%); 33.75,-118.25 (6.4%); 34.25,-118.75 (2.4%)"
2023-08-18,94.56,34.76,2.0,Strong heat stress,89.6 to 100.4 F,93.27,86.82,101.22,1.29,0,450,1,"34.25,-118.50 (35.4%); 34.00,-118.25 (23.1%); 34.00,-118.50 (22.6%); 34.25,-118.25 (10.1%); 33.75,-118.25 (6.4%); 34.25,-118.75 (2.4%)"
2023-08-19,90.58,32.54,2.0,Strong heat stress,89.6 to 100.4 F,93.38,86.86,101.12,-2.8,0,450,1,"34.25,-118.50 (35.4%); 34.00,-118.25 (23.1%); 34.00,-118.50 (22.6%); 34.25,-118.25 (10.1%); 33.75,-118.25 (6.4%); 34.25,-118.75 (2.4%)"
2023-08-20,75.73,24.29,0.0,No thermal stress,48.2 to 78.8 F,93.49,86.86,100.98,-17.76,0,450,1,"34.25,-118.50 (35.4%); 34.00,-118.25 (23.1%); 34.00,-118.50 (22.6%); 34.25,-118.25 (10.1%); 33.75,-118.25 (6.4%); 34.25,-118.75 (2.4%)"
2023-08-21,87.97,31.1,1.0,Moderate heat stress,78.8 to 89.6 F,93.53,86.86,100.98,-5.56,0,450,1,"34.25,-118.50 (35.4%); 34.00,-118.25 (23.1%); 34.00,-118.50 (22.6%); 34.25,-118.25 (10.1%); 33.75,-118.25 (6.4%); 34.25,-118.75 (2.4%)"
2023-08-22,88.35,31.31,1.0,Moderate heat stress,78.8 to 89.6 F,93.65,87.08,101.12,-5.3,0,450,1,"34.25,-118.50 (35.4%); 34.00,-118.25 (23.1%); 34.00,-118.50 (22.6%); 34.25,-118.25 (10.1%); 33.75,-118.25 (6.4%); 34.25,-118.75 (2.4%)"
2023-08-23,90.88,32.71,2.0,Strong heat stress,89.6 to 100.4 F,93.71,87.12,101.14,-2.83,0,450,1,"34.25,-118.50 (35.4%); 34.00,-118.25 (23.1%); 34.00,-118.50 (22.6%); 34.25,-118.25 (10.1%); 33.75,-118.25 (6.4%); 34.25,-118.75 (2.4%)"
2023-08-24,89.59,32.0,1.0,Moderate heat stress,78.8 to 89.6 F,93.76,87.12,101.14,-4.17,0,450,1,"34.25,-118.50 (35.4%); 34.00,-118.25 (23.1%); 34.00,-118.50 (22.6%); 34.25,-118.25 (10.1%); 33.75,-118.25 (6.4%); 34.25,-118.75 (2.4%)"
2023-08-25,89.69,32.05,2.0,Strong heat stress,89.6 to 100.4 F,93.85,87.19,101.33,-4.16,0,450,1,"34.25,-118.50 (35.4%); 34.00,-118.25 (23.1%); 34.00,-118.50 (22.6%); 34.25,-118.25 (10.1%); 33.75,-118.25 (6.4%); 34.25,-118.75 (2.4%)"
2023-08-26,92.36,33.53,2.0,Strong heat stress,89.6 to 100.4 F,94.0,87.19,102.23,-1.64,0,450,1,"34.25,-118.50 (35.4%); 34.00,-118.25 (23.1%); 34.00,-118.50 (22.6%); 34.25,-118.25 (10.1%); 33.75,-118.25 (6.4%); 34.25,-118.75 (2.4%)"
2023-08-27,96.49,35.83,2.0,Strong heat stress,89.6 to 100.4 F,94.21,87.19,102.66,2.28,0,450,1,"34.25,-118.50 (35.4%); 34.00,-118.25 (23.1%); 34.00,-118.50 (22.6%); 34.25,-118.25 (10.1%); 33.75,-118.25 (6.4%); 34.25,-118.75 (2.4%)"
2023-08-28,101.53,38.63,3.0,Very strong heat stress,100.4 to 114.8 F,94.37,87.04,102.8,7.16,0,450,1,"34.25,-118.50 (35.4%); 34.00,-118.25 (23.1%); 34.00,-118.50 (22.6%); 34.25,-118.25 (10.1%); 33.75,-118.25 (6.4%); 34.25,-118.75 (2.4%)"
2023-08-29,102.34,39.08,3.0,Very strong heat stress,100.4 to 114.8 F,94.6,87.32,103.3,7.74,0,450,1,"34.25,-118.50 (35.4%); 34.00,-118.25 (23.1%); 34.00,-118.50 (22.6%); 34.25,-118.25 (10.1%); 33.75,-118.25 (6.4%); 34.25,-118.75 (2.4%)"
2023-08-30,99.0,37.22,2.0,Strong heat stress,89.6 to 100.4 F,94.73,87.32,103.35,4.27,0,450,1,"34.25,-118.50 (35.4%); 34.00,-118.25 (23.1%); 34.00,-118.50 (22.6%); 34.25,-118.25 (10.1%); 33.75,-118.25 (6.4%); 34.25,-118.75 (2.4%)"
2023-08-31,92.0,33.33,2.0,Strong heat stress,89.6 to 100.4 F,94.77,87.31,103.41,-2.77,0,450,1,"34.25,-118.50 (35.4%); 34.00,-118.25 (23.1%); 34.00,-118.50 (22.6%); 34.25,-118.25 (10.1%); 33.75,-118.25 (6.4%); 34.25,-118.75 (2.4%)"
2023-09-01,84.95,29.42,1.0,Moderate heat stress,78.8 to 89.6 F,94.66,87.0,103.41,-9.71,0,450,1,"34.25,-118.50 (35.4%); 34.00,-118.25 (23.1%); 34.00,-118.50 (22.6%); 34.25,-118.25 (10.1%); 33.75,-118.25 (6.4%); 34.25,-118.75 (2.4%)"
2023-09-02,78.39,25.77,0.0,No thermal stress,48.2 to 78.8 F,94.43,86.42,103.41,-16.04,0,450,1,"34.25,-118.50 (35.4%); 34.00,-118.25 (23.1%); 34.00,-118.50 (22.6%); 34.25,-118.25 (10.1%); 33.75,-118.25 (6.4%); 34.25,-118.75 (2.4%)"
2023-09-03,83.43,28.57,1.0,Moderate heat stress,78.8 to 89.6 F,94.19,86.08,103.35,-10.76,0,450,1,"34.25,-118.50 (35.4%); 34.00,-118.25 (23.1%); 34.00,-118.50 (22.6%); 34.25,-118.25 (10.1%); 33.75,-118.25 (6.4%); 34.25,-118.75 (2.4%)"
2023-09-04,89.5,31.95,1.0,Moderate heat stress,78.8 to 89.6 F,93.91,85.76,103.11,-4.41,0,450,1,"34.25,-118.50 (35.4%); 34.00,-118.25 (23.1%); 34.00,-118.50 (22.6%); 34.25,-118.25 (10.1%); 33.75,-118.25 (6.4%); 34.25,-118.75 (2.4%)"
2023-09-05,87.57,30.87,1.0,Moderate heat stress,78.8 to 89.6 F,93.62,85.3,102.97,-6.05,0,450,1,"34.25,-118.50 (35.4%); 34.00,-118.25 (23.1%); 34.00,-118.50 (22.6%); 34.25,-118.25 (10.1%); 33.75,-118.25 (6.4%); 34.25,-118.75 (2.4%)"
2023-09-06,89.76,32.09,2.0,Strong heat stress,89.6 to 100.4 F,93.25,85.01,102.21,-3.49,0,450,1,"34.25,-118.50 (35.4%); 34.00,-118.25 (23.1%); 34.00,-118.50 (22.6%); 34.25,-118.25 (10.1%); 33.75,-118.25 (6.4%); 34.25,-118.75 (2.4%)"
2023-09-07,92.15,33.41,2.0,Strong heat stress,89.6 to 100.4 F,93.03,84.88,101.61,-0.88,0,450,1,"34.25,-118.50 (35.4%); 34.00,-118.25 (23.1%); 34.00,-118.50 (22.6%); 34.25,-118.25 (10.1%); 33.75,-118.25 (6.4%); 34.25,-118.75 (2.4%)"
2023-09-08,100.03,37.79,2.0,Strong heat stress,89.6 to 100.4 F,92.81,84.75,101.31,7.22,0,450,1,"34.25,-118.50 (35.4%); 34.00,-118.25 (23.1%); 34.00,-118.50 (22.6%); 34.25,-118.25 (10.1%); 33.75,-118.25 (6.4%); 34.25,-118.75 (2.4%)"
2023-09-09,98.97,37.2,2.0,Strong heat stress,89.6 to 100.4 F,92.56,84.41,101.03,6.41,0,450,1,"34.25,-118.50 (35.4%); 34.00,-118.25 (23.1%); 34.00,-118.50 (22.6%); 34.25,-118.25 (10.1%); 33.75,-118.25 (6.4%); 34.25,-118.75 (2.4%)"
2023-09-10,100.94,38.3,3.0,Very strong heat stress,100.4 to 114.8 F,92.23,84.3,100.55,8.71,1,450,1,"34.25,-118.50 (35.4%); 34.00,-118.25 (23.1%); 34.00,-118.50 (22.6%); 34.25,-118.25 (10.1%); 33.75,-118.25 (6.4%); 34.25,-118.75 (2.4%)"
2023-09-11,94.49,34.72,2.0,Strong heat stress,89.6 to 100.4 F,91.94,84.41,100.18,2.55,0,450,1,"34.25,-118.50 (35.4%); 34.00,-118.25 (23.1%); 34.00,-118.50 (22.6%); 34.25,-118.25 (10.1%); 33.75,-118.25 (6.4%); 34.25,-118.75 (2.4%)"
2023-09-12,91.18,32.88,2.0,Strong heat stress,89.6 to 100.4 F,91.63,84.01,99.56,-0.45,0,450,1,"34.25,-118.50 (35.4%); 34.00,-118.25 (23.1%); 34.00,-118.50 (22.6%); 34.25,-118.25 (10.1%); 33.75,-118.25 (6.4%); 34.25,-118.75 (2.4%)"
2023-09-13,86.29,30.16,1.0,Moderate heat stress,78.8 to 89.6 F,91.2,83.85,99.13,-4.91,0,450,1,"34.25,-118.50 (35.4%); 34.00,-118.25 (23.1%); 34.00,-118.50 (22.6%); 34.25,-118.25 (10.1%); 33.75,-118.25 (6.4%); 34.25,-118.75 (2.4%)"
2023-09-14,86.72,30.4,1.0,Moderate heat stress,78.8 to 89.6 F,90.85,83.58,98.73,-4.13,0,450,1,"34.25,-118.50 (35.4%); 34.00,-118.25 (23.1%); 34.00,-118.50 (22.6%); 34.25,-118.25 (10.1%); 33.75,-118.25 (6.4%); 34.25,-118.75 (2.4%)"
2023-09-15,88.34,31.3,1.0,Moderate heat stress,78.8 to 89.6 F,90.59,83.4,98.68,-2.25,0,450,1,"34.25,-118.50 (35.4%); 34.00,-118.25 (23.1%); 34.00,-118.50 (22.6%); 34.25,-118.25 (10.1%); 33.75,-118.25 (6.4%); 34.25,-118.75 (2.4%)"
2023-09-16,87.95,31.08,1.0,Moderate heat stress,78.8 to 89.6 F,90.57,83.22,98.73,-2.62,0,450,1,"34.25,-118.50 (35.4%); 34.00,-118.25 (23.1%); 34.00,-118.50 (22.6%); 34.25,-118.25 (10.1%); 33.75,-118.25 (6.4%); 34.25,-118.75 (2.4%)"
2023-09-17,85.42,29.68,1.0,Moderate heat stress,78.8 to 89.6 F,90.7,83.28,98.81,-5.28,0,450,1,"34.25,-118.50 (35.4%); 34.00,-118.25 (23.1%); 34.00,-118.50 (22.6%); 34.25,-118.25 (10.1%); 33.75,-118.25 (6.4%); 34.25,-118.75 (2.4%)"
2023-09-18,84.08,28.93,1.0,Moderate heat stress,78.8 to 89.6 F,90.73,83.28,98.99,-6.65,0,450,1,"34.25,-118.50 (35.4%); 34.00,-118.25 (23.1%); 34.00,-118.50 (22.6%); 34.25,-118.25 (10.1%); 33.75,-118.25 (6.4%); 34.25,-118.75 (2.4%)"
2023-09-19,87.0,30.55,1.0,Moderate heat stress,78.8 to 89.6 F,90.74,83.22,99.68,-3.74,0,450,1,"34.25,-118.50 (35.4%); 34.00,-118.25 (23.1%); 34.00,-118.50 (22.6%); 34.25,-118.25 (10.1%); 33.75,-118.25 (6.4%); 34.25,-118.75 (2.4%)"
2023-09-20,83.76,28.75,1.0,Moderate heat stress,78.8 to 89.6 F,90.81,83.13,99.62,-7.05,0,450,1,"34.25,-118.50 (35.4%); 34.00,-118.25 (23.1%); 34.00,-118.50 (22.6%); 34.25,-118.25 (10.1%); 33.75,-118.25 (6.4%); 34.25,-118.75 (2.4%)"
2023-09-21,78.9,26.05,1.0,Moderate heat stress,78.8 to 89.6 F,90.87,82.71,99.75,-11.97,0,450,1,"34.25,-118.50 (35.4%); 34.00,-118.25 (23.1%); 34.00,-118.50 (22.6%); 34.25,-118.25 (10.1%); 33.75,-118.25 (6.4%); 34.25,-118.75 (2.4%)"
2023-09-22,85.48,29.71,1.0,Moderate heat stress,78.8 to 89.6 F,90.89,82.21,99.75,-5.41,0,450,1,"34.25,-118.50 (35.4%); 34.00,-118.25 (23.1%); 34.00,-118.50 (22.6%); 34.25,-118.25 (10.1%); 33.75,-118.25 (6.4%); 34.25,-118.75 (2.4%)"
2023-09-23,86.76,30.42,1.0,Moderate heat stress,78.8 to 89.6 F,91.0,82.03,100.12,-4.24,0,450,1,"34.25,-118.50 (35.4%); 34.00,-118.25 (23.1%); 34.00,-118.50 (22.6%); 34.25,-118.25 (10.1%); 33.75,-118.25 (6.4%); 34.25,-118.75 (2.4%)"
2023-09-24,87.62,30.9,1.0,Moderate heat stress,78.8 to 89.6 F,91.03,81.81,100.27,-3.41,0,450,1,"34.25,-118.50 (35.4%); 34.00,-118.25 (23.1%); 34.00,-118.50 (22.6%); 34.25,-118.25 (10.1%); 33.75,-118.25 (6.4%); 34.25,-118.75 (2.4%)"
2023-09-25,87.71,30.95,1.0,Moderate heat stress,78.8 to 89.6 F,91.02,82.03,100.61,-3.31,0,450,1,"34.25,-118.50 (35.4%); 34.00,-118.25 (23.1%); 34.00,-118.50 (22.6%); 34.25,-118.25 (10.1%); 33.75,-118.25 (6.4%); 34.25,-118.75 (2.4%)"
2023-09-26,89.88,32.15,2.0,Strong heat stress,89.6 to 100.4 F,90.77,81.65,100.81,-0.89,0,450,1,"34.25,-118.50 (35.4%); 34.00,-118.25 (23.1%); 34.00,-118.50 (22.6%); 34.25,-118.25 (10.1%); 33.75,-118.25 (6.4%); 34.25,-118.75 (2.4%)"
2023-09-27,90.93,32.74,2.0,Strong heat stress,89.6 to 100.4 F,90.41,81.36,100.86,0.52,0,450,1,"34.25,-118.50 (35.4%); 34.00,-118.25 (23.1%); 34.00,-118.50 (22.6%); 34.25,-118.25 (10.1%); 33.75,-118.25 (6.4%); 34.25,-118.75 (2.4%)"
2023-09-28,85.93,29.96,1.0,Moderate heat stress,78.8 to 89.6 F,90.19,80.96,100.81,-4.26,0,450,1,"34.25,-118.50 (35.4%); 34.00,-118.25 (23.1%); 34.00,-118.50 (22.6%); 34.25,-118.25 (10.1%); 33.75,-118.25 (6.4%); 34.25,-118.75 (2.4%)"
2023-09-29,83.58,28.66,1.0,Moderate heat stress,78.8 to 89.6 F,90.09,80.91,100.86,-6.51,0,450,1,"34.25,-118.50 (35.4%); 34.00,-118.25 (23.1%); 34.00,-118.50 (22.6%); 34.25,-118.25 (10.1%); 33.75,-118.25 (6.4%); 34.25,-118.75 (2.4%)"
2023-09-30,73.02,22.79,0.0,No thermal stress,48.2 to 78.8 F,90.07,80.96,100.86,-17.05,0,450,1,"34.25,-118.50 (35.4%); 34.00,-118.25 (23.1%); 34.00,-118.50 (22.6%); 34.25,-118.25 (10.1%); 33.75,-118.25 (6.4%); 34.25,-118.75 (2.4%)"
2023-10-01,75.0,23.89,0.0,No thermal stress,48.2 to 78.8 F,89.89,80.96,100.17,-14.89,0,450,1,"34.25,-118.50 (35.4%); 34.00,-118.25 (23.1%); 34.00,-118.50 (22.6%); 34.25,-118.25 (10.1%); 33.75,-118.25 (6.4%); 34.25,-118.75 (2.4%)"
2023-10-02,82.39,28.0,1.0,Moderate heat stress,78.8 to 89.6 F,89.55,80.91,100.11,-7.16,0,450,1,"34.25,-118.50 (35.4%); 34.00,-118.25 (23.1%); 34.00,-118.50 (22.6%); 34.25,-118.25 (10.1%); 33.75,-118.25 (6.4%); 34.25,-118.75 (2.4%)"
2023-10-03,88.88,31.6,1.0,Moderate heat stress,78.8 to 89.6 F,89.23,80.19,99.97,-0.35,0,450,1,"34.25,-118.50 (35.4%); 34.00,-118.25 (23.1%); 34.00,-118.50 (22.6%); 34.25,-118.25 (10.1%); 33.75,-118.25 (6.4%); 34.25,-118.75 (2.4%)"
2023-10-04,96.68,35.94,2.0,Strong heat stress,89.6 to 100.4 F,88.86,79.8,99.63,7.82,0,450,1,"34.25,-118.50 (35.4%); 34.00,-118.25 (23.1%); 34.00,-118.50 (22.6%); 34.25,-118.25 (10.1%); 33.75,-118.25 (6.4%); 34.25,-118.75 (2.4%)"
2023-10-05,100.59,38.11,3.0,Very strong heat stress,100.4 to 114.8 F,88.53,79.53,99.2,12.06,1,450,1,"34.25,-118.50 (35.4%); 34.00,-118.25 (23.1%); 34.00,-118.50 (22.6%); 34.25,-118.25 (10.1%); 33.75,-118.25 (6.4%); 34.25,-118.75 (2.4%)"
2023-10-06,99.35,37.42,2.0,Strong heat stress,89.6 to 100.4 F,88.26,79.46,98.97,11.09,1,450,1,"34.25,-118.50 (35.4%); 34.00,-118.25 (23.1%); 34.00,-118.50 (22.6%); 34.25,-118.25 (10.1%); 33.75,-118.25 (6.4%); 34.25,-118.75 (2.4%)"
2023-10-07,98.65,37.03,2.0,Strong heat stress,89.6 to 100.4 F,88.01,79.37,98.57,10.64,1,450,1,"34.25,-118.50 (35.4%); 34.00,-118.25 (23.1%); 34.00,-118.50 (22.6%); 34.25,-118.25 (10.1%); 33.75,-118.25 (6.4%); 34.25,-118.75 (2.4%)"
2023-10-08,95.73,35.4,2.0,Strong heat stress,89.6 to 100.4 F,87.62,78.72,97.87,8.11,0,450,1,"34.25,-118.50 (35.4%); 34.00,-118.25 (23.1%); 34.00,-118.50 (22.6%); 34.25,-118.25 (10.1%); 33.75,-118.25 (6.4%); 34.25,-118.75 (2.4%)"
2023-10-09,88.67,31.49,1.0,Moderate heat stress,78.8 to 89.6 F,87.29,78.29,97.76,1.38,0,450,1,"34.25,-118.50 (35.4%); 34.00,-118.25 (23.1%); 34.00,-118.50 (22.6%); 34.25,-118.25 (10.1%); 33.75,-118.25 (6.4%); 34.25,-118.75 (2.4%)"
2023-10-10,83.45,28.59,1.0,Moderate heat stress,78.8 to 89.6 F,87.07,77.8,97.45,-3.62,0,450,1,"34.25,-118.50 (35.4%); 34.00,-118.25 (23.1%); 34.00,-118.50 (22.6%); 34.25,-118.25 (10.1%); 33.75,-118.25 (6.4%); 34.25,-118.75 (2.4%)"
2023-10-11,83.25,28.47,1.0,Moderate heat stress,78.8 to 89.6 F,87.04,77.75,97.17,-3.79,0,450,1,"34.25,-118.50 (35.4%); 34.00,-118.25 (23.1%); 34.00,-118.50 (22.6%); 34.25,-118.25 (10.1%); 33.75,-118.25 (6.4%); 34.25,-118.75 (2.4%)"
2023-10-12,89.76,32.09,2.0,Strong heat stress,89.6 to 100.4 F,87.16,78.29,97.06,2.6,0,450,1,"34.25,-118.50 (35.4%); 34.00,-118.25 (23.1%); 34.00,-118.50 (22.6%); 34.25,-118.25 (10.1%); 33.75,-118.25 (6.4%); 34.25,-118.75 (2.4%)"
2023-10-13,88.94,31.63,1.0,Moderate heat stress,78.8 to 89.6 F,87.15,78.29,97.15,1.79,0,450,1,"34.25,-118.50 (35.4%); 34.00,-118.25 (23.1%); 34.00,-118.50 (22.6%); 34.25,-118.25 (10.1%); 33.75,-118.25 (6.4%); 34.25,-118.75 (2.4%)"
2023-10-14,88.27,31.26,1.0,Moderate heat stress,78.8 to 89.6 F,86.95,78.24,96.85,1.32,0,450,1,"34.25,-118.50 (35.4%); 34.00,-118.25 (23.1%); 34.00,-118.50 (22.6%); 34.25,-118.25 (10.1%); 33.75,-118.25 (6.4%); 34.25,-118.75 (2.4%)"
2023-10-15,94.19,34.55,2.0,Strong heat stress,89.6 to 100.4 F,86.73,77.79,96.85,7.46,0,450,1,"34.25,-118.50 (35.4%); 34.00,-118.25 (23.1%); 34.00,-118.50 (22.6%); 34.25,-118.25 (10.1%); 33.75,-118.25 (6.4%); 34.25,-118.75 (2.4%)"
2023-10-16,92.28,33.49,2.0,Strong heat stress,89.6 to 100.4 F,86.59,77.13,96.62,5.69,0,450,1,"34.25,-118.50 (35.4%); 34.00,-118.25 (23.1%); 34.00,-118.50 (22.6%); 34.25,-118.25 (10.1%); 33.75,-118.25 (6.4%); 34.25,-118.75 (2.4%)"
2023-10-17,90.79,32.66,2.0,Strong heat stress,89.6 to 100.4 F,86.47,77.13,96.53,4.32,0,450,1,"34.25,-118.50 (35.4%); 34.00,-118.25 (23.1%); 34.00,-118.50 (22.6%); 34.25,-118.25 (10.1%); 33.75,-118.25 (6.4%); 34.25,-118.75 (2.4%)"
2023-10-18,95.22,35.12,2.0,Strong heat stress,89.6 to 100.4 F,86.32,76.47,96.28,8.9,0,450,1,"34.25,-118.50 (35.4%); 34.00,-118.25 (23.1%); 34.00,-118.50 (22.6%); 34.25,-118.25 (10.1%); 33.75,-118.25 (6.4%); 34.25,-118.75 (2.4%)"
2023-10-19,95.17,35.09,2.0,Strong heat stress,89.6 to 100.4 F,86.25,76.34,96.26,8.92,0,450,1,"34.25,-118.50 (35.4%); 34.00,-118.25 (23.1%); 34.00,-118.50 (22.6%); 34.25,-118.25 (10.1%); 33.75,-118.25 (6.4%); 34.25,-118.75 (2.4%)"
2023-10-20,97.13,36.19,2.0,Strong heat stress,89.6 to 100.4 F,86.04,76.12,96.05,11.09,1,450,1,"34.25,-118.50 (35.4%); 34.00,-118.25 (23.1%); 34.00,-118.50 (22.6%); 34.25,-118.25 (10.1%); 33.75,-118.25 (6.4%); 34.25,-118.75 (2.4%)"
2023-10-21,90.69,32.61,2.0,Strong heat stress,89.6 to 100.4 F,85.78,75.87,95.7,4.91,0,450,1,"34.25,-118.50 (35.4%); 34.00,-118.25 (23.1%); 34.00,-118.50 (22.6%); 34.25,-118.25 (10.1%); 33.75,-118.25 (6.4%); 34.25,-118.75 (2.4%)"
2023-10-22,83.19,28.44,1.0,Moderate heat stress,78.8 to 89.6 F,85.36,75.02,95.38,-2.17,0,450,1,"34.25,-118.50 (35.4%); 34.00,-118.25 (23.1%); 34.00,-118.50 (22.6%); 34.25,-118.25 (10.1%); 33.75,-118.25 (6.4%); 34.25,-118.75 (2.4%)"
2023-10-23,80.83,27.13,1.0,Moderate heat stress,78.8 to 89.6 F,84.94,74.6,94.84,-4.11,0,450,1,"34.25,-118.50 (35.4%); 34.00,-118.25 (23.1%); 34.00,-118.50 (22.6%); 34.25,-118.25 (10.1%); 33.75,-118.25 (6.4%); 34.25,-118.75 (2.4%)"
2023-10-24,85.92,29.96,1.0,Moderate heat stress,78.8 to 89.6 F,84.69,74.41,94.08,1.23,0,450,1,"34.25,-118.50 (35.4%); 34.00,-118.25 (23.1%); 34.00,-118.50 (22.6%); 34.25,-118.25 (10.1%); 33.75,-118.25 (6.4%); 34.25,-118.75 (2.4%)"
2023-10-25,75.56,24.2,0.0,No thermal stress,48.2 to 78.8 F,84.49,74.41,93.75,-8.93,0,450,1,"34.25,-118.50 (35.4%); 34.00,-118.25 (23.1%); 34.00,-118.50 (22.6%); 34.25,-118.25 (10.1%); 33.75,-118.25 (6.4%); 34.25,-118.75 (2.4%)"
2023-10-26,82.3,27.94,1.0,Moderate heat stress,78.8 to 89.6 F,84.28,74.09,93.73,-1.98,0,450,1,"34.25,-118.50 (35.4%); 34.00,-118.25 (23.1%); 34.00,-118.50 (22.6%); 34.25,-118.25 (10.1%); 33.75,-118.25 (6.4%); 34.25,-118.75 (2.4%)"
2023-10-27,82.7,28.17,1.0,Moderate heat stress,78.8 to 89.6 F,84.06,74.09,93.55,-1.36,0,450,1,"34.25,-118.50 (35.4%); 34.00,-118.25 (23.1%); 34.00,-118.50 (22.6%); 34.25,-118.25 (10.1%); 33.75,-118.25 (6.4%); 34.25,-118.75 (2.4%)"
2023-10-28,80.74,27.08,1.0,Moderate heat stress,78.8 to 89.6 F,83.85,74.01,93.26,-3.11,0,450,1,"34.25,-118.50 (35.4%); 34.00,-118.25 (23.1%); 34.00,-118.50 (22.6%); 34.25,-118.25 (10.1%); 33.75,-118.25 (6.4%); 34.25,-118.75 (2.4%)"
2023-10-29,80.38,26.88,1.0,Moderate heat stress,78.8 to 89.6 F,83.76,74.27,93.1,-3.38,0,450,1,"34.25,-118.50 (35.4%); 34.00,-118.25 (23.1%); 34.00,-118.50 (22.6%); 34.25,-118.25 (10.1%); 33.75,-118.25 (6.4%); 34.25,-118.75 (2.4%)"
2023-10-30,88.33,31.29,1.0,Moderate heat stress,78.8 to 89.6 F,83.52,74.32,92.86,4.81,0,450,1,"34.25,-118.50 (35.4%); 34.00,-118.25 (23.1%); 34.00,-118.50 (22.6%); 34.25,-118.25 (10.1%); 33.75,-118.25 (6.4%); 34.25,-118.75 (2.4%)"
2023-10-31,90.65,32.58,2.0,Strong heat stress,89.6 to 100.4 F,83.22,74.27,92.61,7.43,0,450,1,"34.25,-118.50 (35.4%); 34.00,-118.25 (23.1%); 34.00,-118.50 (22.6%); 34.25,-118.25 (10.1%); 33.75,-118.25 (6.4%); 34.25,-118.75 (2.4%)"
2023-11-01,91.44,33.02,2.0,Strong heat stress,89.6 to 100.4 F,82.76,73.54,92.47,8.68,0,450,1,"34.25,-118.50 (35.4%); 34.00,-118.25 (23.1%); 34.00,-118.50 (22.6%); 34.25,-118.25 (10.1%); 33.75,-118.25 (6.4%); 34.25,-118.75 (2.4%)"
2023-11-02,90.21,32.34,2.0,Strong heat stress,89.6 to 100.4 F,82.36,73.3,92.12,7.85,0,450,1,"34.25,-118.50 (35.4%); 34.00,-118.25 (23.1%); 34.00,-118.50 (22.6%); 34.25,-118.25 (10.1%); 33.75,-118.25 (6.4%); 34.25,-118.75 (2.4%)"
2023-11-03,89.42,31.9,1.0,Moderate heat stress,78.8 to 89.6 F,81.95,73.06,91.99,7.47,0,450,1,"34.25,-118.50 (35.4%); 34.00,-118.25 (23.1%); 34.00,-118.50 (22.6%); 34.25,-118.25 (10.1%); 33.75,-118.25 (6.4%); 34.25,-118.75 (2.4%)"
2023-11-04,87.38,30.77,1.0,Moderate heat stress,78.8 to 89.6 F,81.65,73.02,91.38,5.73,0,450,1,"34.25,-118.50 (35.4%); 34.00,-118.25 (23.1%); 34.00,-118.50 (22.6%); 34.25,-118.25 (10.1%); 33.75,-118.25 (6.4%); 34.25,-118.75 (2.4%)"
2023-11-05,87.41,30.78,1.0,Moderate heat stress,78.8 to 89.6 F,81.49,72.52,91.14,5.92,0,450,1,"34.25,-118.50 (35.4%); 34.00,-118.25 (23.1%); 34.00,-118.50 (22.6%); 34.25,-118.25 (10.1%); 33.75,-118.25 (6.4%); 34.25,-118.75 (2.4%)"
2023-11-06,85.52,29.74,1.0,Moderate heat stress,78.8 to 89.6 F,81.57,72.77,91.32,3.95,0,450,1,"34.25,-118.50 (35.4%); 34.00,-118.25 (23.1%); 34.00,-118.50 (22.6%); 34.25,-118.25 (10.1%); 33.75,-118.25 (6.4%); 34.25,-118.75 (2.4%)"
2023-11-07,81.54,27.52,1.0,Moderate heat stress,78.8 to 89.6 F,81.65,73.02,91.46,-0.11,0,450,1,"34.25,-118.50 (35.4%); 34.00,-118.25 (23.1%); 34.00,-118.50 (22.6%); 34.25,-118.25 (10.1%); 33.75,-118.25 (6.4%); 34.25,-118.75 (2.4%)"
2023-11-08,82.09,27.83,1.0,Moderate heat stress,78.8 to 89.6 F,81.52,72.77,91.32,0.57,0,450,1,"34.25,-118.50 (35.4%); 34.00,-118.25 (23.1%); 34.00,-118.50 (22.6%); 34.25,-118.25 (10.1%); 33.75,-118.25 (6.4%); 34.25,-118.75 (2.4%)"
2023-11-09,86.18,30.1,1.0,Moderate heat stress,78.8 to 89.6 F,81.25,72.2,91.14,4.93,0,450,1,"34.25,-118.50 (35.4%); 34.00,-118.25 (23.1%); 34.00,-118.50 (22.6%); 34.25,-118.25 (10.1%); 33.75,-118.25 (6.4%); 34.25,-118.75 (2.4%)"
2023-11-10,83.56,28.64,1.0,Moderate heat stress,78.8 to 89.6 F,81.07,71.94,90.92,2.49,0,450,1,"34.25,-118.50 (35.4%); 34.00,-118.25 (23.1%); 34.00,-118.50 (22.6%); 34.25,-118.25 (10.1%); 33.75,-118.25 (6.4%); 34.25,-118.75 (2.4%)"
2023-11-11,86.54,30.3,1.0,Moderate heat stress,78.8 to 89.6 F,80.96,71.79,90.06,5.58,0,450,1,"34.25,-118.50 (35.4%); 34.00,-118.25 (23.1%); 34.00,-118.50 (22.6%); 34.25,-118.25 (10.1%); 33.75,-118.25 (6.4%); 34.25,-118.75 (2.4%)"
2023-11-12,89.79,32.11,2.0,Strong heat stress,89.6 to 100.4 F,80.89,71.73,89.29,8.9,1,450,1,"34.25,-118.50 (35.4%); 34.00,-118.25 (23.1%); 34.00,-118.50 (22.6%); 34.25,-118.25 (10.1%); 33.75,-118.25 (6.4%); 34.25,-118.75 (2.4%)"
2023-11-13,80.56,26.98,1.0,Moderate heat stress,78.8 to 89.6 F,80.58,71.18,89.09,-0.02,0,450,1,"34.25,-118.50 (35.4%); 34.00,-118.25 (23.1%); 34.00,-118.50 (22.6%); 34.25,-118.25 (10.1%); 33.75,-118.25 (6.4%); 34.25,-118.75 (2.4%)"
2023-11-14,86.04,30.02,1.0,Moderate heat stress,78.8 to 89.6 F,80.3,70.98,89.09,5.74,0,450,1,"34.25,-118.50 (35.4%); 34.00,-118.25 (23.1%); 34.00,-118.50 (22.6%); 34.25,-118.25 (10.1%); 33.75,-118.25 (6.4%); 34.25,-118.75 (2.4%)"
2023-11-15,70.52,21.4,0.0,No thermal stress,48.2 to 78.8 F,80.09,70.39,89.01,-9.57,0,450,1,"34.25,-118.50 (35.4%); 34.00,-118.25 (23.1%); 34.00,-118.50 (22.6%); 34.25,-118.25 (10.1%); 33.75,-118.25 (6.4%); 34.25,-118.75 (2.4%)"
2023-11-16,79.24,26.24,1.0,Moderate heat stress,78.8 to 89.6 F,80.12,71.14,88.93,-0.88,0,450,1,"34.25,-118.50 (35.4%); 34.00,-118.25 (23.1%); 34.00,-118.50 (22.6%); 34.25,-118.25 (10.1%); 33.75,-118.25 (6.4%); 34.25,-118.75 (2.4%)"
2023-11-17,78.85,26.03,1.0,Moderate heat stress,78.8 to 89.6 F,80.18,71.36,88.71,-1.33,0,450,1,"34.25,-118.50 (35.4%); 34.00,-118.25 (23.1%); 34.00,-118.50 (22.6%); 34.25,-118.25 (10.1%); 33.75,-118.25 (6.4%); 34.25,-118.75 (2.4%)"
2023-11-18,73.88,23.27,0.0,No thermal stress,48.2 to 78.8 F,80.18,71.61,88.57,-6.3,0,450,1,"34.25,-118.50 (35.4%); 34.00,-118.25 (23.1%); 34.00,-118.50 (22.6%); 34.25,-118.25 (10.1%); 33.75,-118.25 (6.4%); 34.25,-118.75 (2.4%)"
2023-11-19,77.22,25.12,0.0,No thermal stress,48.2 to 78.8 F,80.05,71.17,88.48,-2.83,0,450,1,"34.25,-118.50 (35.4%); 34.00,-118.25 (23.1%); 34.00,-118.50 (22.6%); 34.25,-118.25 (10.1%); 33.75,-118.25 (6.4%); 34.25,-118.75 (2.4%)"
2023-11-20,77.31,25.17,0.0,No thermal stress,48.2 to 78.8 F,79.68,71.05,88.47,-2.37,0,450,1,"34.25,-118.50 (35.4%); 34.00,-118.25 (23.1%); 34.00,-118.50 (22.6%); 34.25,-118.25 (10.1%); 33.75,-118.25 (6.4%); 34.25,-118.75 (2.4%)"
2023-11-21,85.81,29.89,1.0,Moderate heat stress,78.8 to 89.6 F,79.17,70.32,87.54,6.64,0,450,1,"34.25,-118.50 (35.4%); 34.00,-118.25 (23.1%); 34.00,-118.50 (22.6%); 34.25,-118.25 (10.1%); 33.75,-118.25 (6.4%); 34.25,-118.75 (2.4%)"
2023-11-22,87.71,30.95,1.0,Moderate heat stress,78.8 to 89.6 F,78.67,69.62,87.16,9.04,1,450,1,"34.25,-118.50 (35.4%); 34.00,-118.25 (23.1%); 34.00,-118.50 (22.6%); 34.25,-118.25 (10.1%); 33.75,-118.25 (6.4%); 34.25,-118.75 (2.4%)"
2023-11-23,75.25,24.03,0.0,No thermal stress,48.2 to 78.8 F,78.31,69.46,86.41,-3.06,0,450,1,"34.25,-118.50 (35.4%); 34.00,-118.25 (23.1%); 34.00,-118.50 (22.6%); 34.25,-118.25 (10.1%); 33.75,-118.25 (6.4%); 34.25,-118.75 (2.4%)"
2023-11-24,78.42,25.79,0.0,No thermal stress,48.2 to 78.8 F,78.07,69.46,86.0,0.35,0,450,1,"34.25,-118.50 (35.4%); 34.00,-118.25 (23.1%); 34.00,-118.50 (22.6%); 34.25,-118.25 (10.1%); 33.75,-118.25 (6.4%); 34.25,-118.75 (2.4%)"
2023-11-25,79.16,26.2,1.0,Moderate heat stress,78.8 to 89.6 F,77.73,69.04,85.84,1.43,0,450,1,"34.25,-118.50 (35.4%); 34.00,-118.25 (23.1%); 34.00,-118.50 (22.6%); 34.25,-118.25 (10.1%); 33.75,-118.25 (6.4%); 34.25,-118.75 (2.4%)"
2023-11-26,73.99,23.33,0.0,No thermal stress,48.2 to 78.8 F,77.35,68.39,85.51,-3.36,0,450,1,"34.25,-118.50 (35.4%); 34.00,-118.25 (23.1%); 34.00,-118.50 (22.6%); 34.25,-118.25 (10.1%); 33.75,-118.25 (6.4%); 34.25,-118.75 (2.4%)"
2023-11-27,79.19,26.21,1.0,Moderate heat stress,78.8 to 89.6 F,77.0,67.94,85.17,2.19,0,450,1,"34.25,-118.50 (35.4%); 34.00,-118.25 (23.1%); 34.00,-118.50 (22.6%); 34.25,-118.25 (10.1%); 33.75,-118.25 (6.4%); 34.25,-118.75 (2.4%)"
2023-11-28,80.75,27.09,1.0,Moderate heat stress,78.8 to 89.6 F,76.7,67.54,84.84,4.05,0,450,1,"34.25,-118.50 (35.4%); 34.00,-118.25 (23.1%); 34.00,-118.50 (22.6%); 34.25,-118.25 (10.1%); 33.75,-118.25 (6.4%); 34.25,-118.75 (2.4%)"
2023-11-29,73.92,23.29,0.0,No thermal stress,48.2 to 78.8 F,76.34,67.02,84.34,-2.42,0,450,1,"34.25,-118.50 (35.4%); 34.00,-118.25 (23.1%); 34.00,-118.50 (22.6%); 34.25,-118.25 (10.1%); 33.75,-118.25 (6.4%); 34.25,-118.75 (2.4%)"
2023-11-30,74.33,23.52,0.0,No thermal stress,48.2 to 78.8 F,75.93,66.57,84.22,-1.6,0,450,1,"34.25,-118.50 (35.4%); 34.00,-118.25 (23.1%); 34.00,-118.50 (22.6%); 34.25,-118.25 (10.1%); 33.75,-118.25 (6.4%); 34.25,-118.75 (2.4%)"
2023-12-01,73.62,23.12,0.0,No thermal stress,48.2 to 78.8 F,75.62,65.73,84.22,-2.0,0,450,1,"34.25,-118.50 (35.4%); 34.00,-118.25 (23.1%); 34.00,-118.50 (22.6%); 34.25,-118.25 (10.1%); 33.75,-118.25 (6.4%); 34.25,-118.75 (2.4%)"
2023-12-02,77.54,25.3,0.0,No thermal stress,48.2 to 78.8 F,75.37,65.66,83.78,2.17,0,450,1,"34.25,-118.50 (35.4%); 34.00,-118.25 (23.1%); 34.00,-118.50 (22.6%); 34.25,-118.25 (10.1%); 33.75,-118.25 (6.4%); 34.25,-118.75 (2.4%)"
2023-12-03,79.42,26.35,1.0,Moderate heat stress,78.8 to 89.6 F,75.12,65.52,83.3,4.3,0,450,1,"34.25,-118.50 (35.4%); 34.00,-118.25 (23.1%); 34.00,-118.50 (22.6%); 34.25,-118.25 (10.1%); 33.75,-118.25 (6.4%); 34.25,-118.75 (2.4%)"
2023-12-04,85.5,29.72,1.0,Moderate heat stress,78.8 to 89.6 F,74.8,64.6,82.9,10.7,1,450,1,"34.25,-118.50 (35.4%); 34.00,-118.25 (23.1%); 34.00,-118.50 (22.6%); 34.25,-118.25 (10.1%); 33.75,-118.25 (6.4%); 34.25,-118.75 (2.4%)"
2023-12-05,88.69,31.49,1.0,Moderate heat stress,78.8 to 89.6 F,74.57,63.69,82.9,14.12,1,450,1,"34.25,-118.50 (35.4%); 34.00,-118.25 (23.1%); 34.00,-118.50 (22.6%); 34.25,-118.25 (10.1%); 33.75,-118.25 (6.4%); 34.25,-118.75 (2.4%)"
2023-12-06,82.4,28.0,1.0,Moderate heat stress,78.8 to 89.6 F,74.53,63.97,82.78,7.87,0,450,1,"34.25,-118.50 (35.4%); 34.00,-118.25 (23.1%); 34.00,-118.50 (22.6%); 34.25,-118.25 (10.1%); 33.75,-118.25 (6.4%); 34.25,-118.75 (2.4%)"
2023-12-07,77.25,25.14,0.0,No thermal stress,48.2 to 78.8 F,74.43,64.42,82.69,2.82,0,450,1,"34.25,-118.50 (35.4%); 34.00,-118.25 (23.1%); 34.00,-118.50 (22.6%); 34.25,-118.25 (10.1%); 33.75,-118.25 (6.4%); 34.25,-118.75 (2.4%)"
2023-12-08,78.75,25.97,0.0,No thermal stress,48.2 to 78.8 F,74.29,64.61,82.56,4.46,0,450,1,"34.25,-118.50 (35.4%); 34.00,-118.25 (23.1%); 34.00,-118.50 (22.6%); 34.25,-118.25 (10.1%); 33.75,-118.25 (6.4%); 34.25,-118.75 (2.4%)"
2023-12-09,76.53,24.74,0.0,No thermal stress,48.2 to 78.8 F,74.05,63.97,82.44,2.48,0,450,1,"34.25,-118.50 (35.4%); 34.00,-118.25 (23.1%); 34.00,-118.50 (22.6%); 34.25,-118.25 (10.1%); 33.75,-118.25 (6.4%); 34.25,-118.75 (2.4%)"
2023-12-10,84.2,29.0,1.0,Moderate heat stress,78.8 to 89.6 F,73.87,63.69,82.67,10.33,1,450,1,"34.25,-118.50 (35.4%); 34.00,-118.25 (23.1%); 34.00,-118.50 (22.6%); 34.25,-118.25 (10.1%); 33.75,-118.25 (6.4%); 34.25,-118.75 (2.4%)"
2023-12-11,78.02,25.57,0.0,No thermal stress,48.2 to 78.8 F,73.6,62.9,82.77,4.42,0,450,1,"34.25,-118.50 (35.4%); 34.00,-118.25 (23.1%); 34.00,-118.50 (22.6%); 34.25,-118.25 (10.1%); 33.75,-118.25 (6.4%); 34.25,-118.75 (2.4%)"
2023-12-12,77.34,25.19,0.0,No thermal stress,48.2 to 78.8 F,73.38,61.29,82.92,3.96,0,450,1,"34.25,-118.50 (35.4%); 34.00,-118.25 (23.1%); 34.00,-118.50 (22.6%); 34.25,-118.25 (10.1%); 33.75,-118.25 (6.4%); 34.25,-118.75 (2.4%)"
2023-12-13,79.66,26.48,1.0,Moderate heat stress,78.8 to 89.6 F,73.32,61.62,82.88,6.34,0,450,1,"34.25,-118.50 (35.4%); 34.00,-118.25 (23.1%); 34.00,-118.50 (22.6%); 34.25,-118.25 (10.1%); 33.75,-118.25 (6.4%); 34.25,-118.75 (2.4%)"
2023-12-14,82.72,28.18,1.0,Moderate heat stress,78.8 to 89.6 F,73.29,62.86,82.88,9.43,0,450,1,"34.25,-118.50 (35.4%); 34.00,-118.25 (23.1%); 34.00,-118.50 (22.6%); 34.25,-118.25 (10.1%); 33.75,-118.25 (6.4%); 34.25,-118.75 (2.4%)"
2023-12-15,84.58,29.21,1.0,Moderate heat stress,78.8 to 89.6 F,73.15,62.77,82.61,11.43,1,450,1,"34.25,-118.50 (35.4%); 34.00,-118.25 (23.1%); 34.00,-118.50 (22.6%); 34.25,-118.25 (10.1%); 33.75,-118.25 (6.4%); 34.25,-118.75 (2.4%)"
2023-12-16,86.58,30.32,1.0,Moderate heat stress,78.8 to 89.6 F,73.01,62.27,82.55,13.57,1,450,1,"34.25,-118.50 (35.4%); 34.00,-118.25 (23.1%); 34.00,-118.50 (22.6%); 34.25,-118.25 (10.1%); 33.75,-118.25 (6.4%); 34.25,-118.75 (2.4%)"
2023-12-17,76.74,24.86,0.0,No thermal stress,48.2 to 78.8 F,72.87,61.29,82.36,3.87,0,450,1,"34.25,-118.50 (35.4%); 34.00,-118.25 (23.1%); 34.00,-118.50 (22.6%); 34.25,-118.25 (10.1%); 33.75,-118.25 (6.4%); 34.25,-118.75 (2.4%)"
2023-12-18,74.64,23.69,0.0,No thermal stress,48.2 to 78.8 F,72.72,60.62,82.37,1.92,0,450,1,"34.25,-118.50 (35.4%); 34.00,-118.25 (23.1%); 34.00,-118.50 (22.6%); 34.25,-118.25 (10.1%); 33.75,-118.25 (6.4%); 34.25,-118.75 (2.4%)"
2023-12-19,67.56,19.75,0.0,No thermal stress,48.2 to 78.8 F,72.64,60.95,82.34,-5.08,0,450,1,"34.25,-118.50 (35.4%); 34.00,-118.25 (23.1%); 34.00,-118.50 (22.6%); 34.25,-118.25 (10.1%); 33.75,-118.25 (6.4%); 34.25,-118.75 (2.4%)"
2023-12-20,62.35,16.86,0.0,No thermal stress,48.2 to 78.8 F,72.67,60.95,82.34,-10.32,0,450,1,"34.25,-118.50 (35.4%); 34.00,-118.25 (23.1%); 34.00,-118.50 (22.6%); 34.25,-118.25 (10.1%); 33.75,-118.25 (6.4%); 34.25,-118.75 (2.4%)"
2023-12-21,62.57,16.98,0.0,No thermal stress,48.2 to 78.8 F,72.53,60.95,82.37,-9.96,0,450,1,"34.25,-118.50 (35.4%); 34.00,-118.25 (23.1%); 34.00,-118.50 (22.6%); 34.25,-118.25 (10.1%); 33.75,-118.25 (6.4%); 34.25,-118.75 (2.4%)"
2023-12-22,76.42,24.68,0.0,No thermal stress,48.2 to 78.8 F,72.48,60.17,82.39,3.94,0,450,1,"34.25,-118.50 (35.4%); 34.00,-118.25 (23.1%); 34.00,-118.50 (22.6%); 34.25,-118.25 (10.1%); 33.75,-118.25 (6.4%); 34.25,-118.75 (2.4%)"
2023-12-23,71.36,21.87,0.0,No thermal stress,48.2 to 78.8 F,72.44,60.64,82.36,-1.08,0,450,1,"34.25,-118.50 (35.4%); 34.00,-118.25 (23.1%); 34.00,-118.50 (22.6%); 34.25,-118.25 (10.1%); 33.75,-118.25 (6.4%); 34.25,-118.75 (2.4%)"
2023-12-24,78.55,25.86,0.0,No thermal stress,48.2 to 78.8 F,72.44,60.77,82.34,6.11,0,450,1,"34.25,-118.50 (35.4%); 34.00,-118.25 (23.1%); 34.00,-118.50 (22.6%); 34.25,-118.25 (10.1%); 33.75,-118.25 (6.4%); 34.25,-118.75 (2.4%)"
2023-12-25,77.36,25.2,0.0,No thermal stress,48.2 to 78.8 F,72.54,60.96,82.15,4.82,0,450,1,"34.25,-118.50 (35.4%); 34.00,-118.25 (23.1%); 34.00,-118.50 (22.6%); 34.25,-118.25 (10.1%); 33.75,-118.25 (6.4%); 34.25,-118.75 (2.4%)"
2023-12-26,77.34,25.19,0.0,No thermal stress,48.2 to 78.8 F,72.55,60.77,82.36,4.79,0,450,1,"34.25,-118.50 (35.4%); 34.00,-118.25 (23.1%); 34.00,-118.50 (22.6%); 34.25,-118.25 (10.1%); 33.75,-118.25 (6.4%); 34.25,-118.75 (2.4%)"
2023-12-27,75.6,24.22,0.0,No thermal stress,48.2 to 78.8 F,72.57,60.7,82.36,3.03,0,450,1,"34.25,-118.50 (35.4%); 34.00,-118.25 (23.1%); 34.00,-118.50 (22.6%); 34.25,-118.25 (10.1%); 33.75,-118.25 (6.4%); 34.25,-118.75 (2.4%)"
2023-12-28,79.47,26.37,1.0,Moderate heat stress,78.8 to 89.6 F,72.53,60.49,82.39,6.94,0,450,1,"34.25,-118.50 (35.4%); 34.00,-118.25 (23.1%); 34.00,-118.50 (22.6%); 34.25,-118.25 (10.1%); 33.75,-118.25 (6.4%); 34.25,-118.75 (2.4%)"
2023-12-29,72.03,22.24,0.0,No thermal stress,48.2 to 78.8 F,72.46,59.6,82.76,-0.43,0,450,1,"34.25,-118.50 (35.4%); 34.00,-118.25 (23.1%); 34.00,-118.50 (22.6%); 34.25,-118.25 (10.1%); 33.75,-118.25 (6.4%); 34.25,-118.75 (2.4%)"
2023-12-30,69.82,21.01,0.0,No thermal stress,48.2 to 78.8 F,72.63,59.64,82.92,-2.81,0,450,1,"34.25,-118.50 (35.4%); 34.00,-118.25 (23.1%); 34.00,-118.50 (22.6%); 34.25,-118.25 (10.1%); 33.75,-118.25 (6.4%); 34.25,-118.75 (2.4%)"
2023-12-31,62.91,17.17,0.0,No thermal stress,48.2 to 78.8 F,72.59,59.51,83.13,-9.68,0,450,1,"34.25,-118.50 (35.4%); 34.00,-118.25 (23.1%); 34.00,-118.50 (22.6%); 34.25,-118.25 (10.1%); 33.75,-118.25 (6.4%); 34.25,-118.75 (2.4%)"
2024-01-01,77.81,25.45,0.0,No thermal stress,48.2 to 78.8 F,72.59,59.05,83.16,5.22,0,450,1,"34.25,-118.50 (35.4%); 34.00,-118.25 (23.1%); 34.00,-118.50 (22.6%); 34.25,-118.25 (10.1%); 33.75,-118.25 (6.4%); 34.25,-118.75 (2.4%)"
2024-01-02,75.12,23.96,0.0,No thermal stress,48.2 to 78.8 F,72.55,59.05,83.02,2.57,0,450,1,"34.25,-118.50 (35.4%); 34.00,-118.25 (23.1%); 34.00,-118.50 (22.6%); 34.25,-118.25 (10.1%); 33.75,-118.25 (6.4%); 34.25,-118.75 (2.4%)"
2024-01-03,63.77,17.65,0.0,No thermal stress,48.2 to 78.8 F,72.6,58.43,83.16,-8.83,0,450,1,"34.25,-118.50 (35.4%); 34.00,-118.25 (23.1%); 34.00,-118.50 (22.6%); 34.25,-118.25 (10.1%); 33.75,-118.25 (6.4%); 34.25,-118.75 (2.4%)"
2024-01-04,72.75,22.64,0.0,No thermal stress,48.2 to 78.8 F,72.65,58.45,83.22,0.1,0,450,1,"34.25,-118.50 (35.4%); 34.00,-118.25 (23.1%); 34.00,-118.50 (22.6%); 34.25,-118.25 (10.1%); 33.75,-118.25 (6.4%); 34.25,-118.75 (2.4%)"
2024-01-05,75.68,24.27,0.0,No thermal stress,48.2 to 78.8 F,72.71,58.14,83.16,2.97,0,450,1,"34.25,-118.50 (35.4%); 34.00,-118.25 (23.1%); 34.00,-118.50 (22.6%); 34.25,-118.25 (10.1%); 33.75,-118.25 (6.4%); 34.25,-118.75 (2.4%)"
2024-01-06,73.3,22.95,0.0,No thermal stress,48.2 to 78.8 F,72.95,58.4,83.57,0.35,0,450,1,"34.25,-118.50 (35.4%); 34.00,-118.25 (23.1%); 34.00,-118.50 (22.6%); 34.25,-118.25 (10.1%); 33.75,-118.25 (6.4%); 34.25,-118.75 (2.4%)"
2024-01-07,54.82,12.68,0.0,No thermal stress,48.2 to 78.8 F,73.12,58.15,83.84,-18.3,0,450,1,"34.25,-118.50 (35.4%); 34.00,-118.25 (23.1%); 34.00,-118.50 (22.6%); 34.25,-118.25 (10.1%); 33.75,-118.25 (6.4%); 34.25,-118.75 (2.4%)"
2024-01-08,72.16,22.31,0.0,No thermal stress,48.2 to 78.8 F,73.15,57.71,84.08,-0.99,0,450,1,"34.25,-118.50 (35.4%); 34.00,-118.25 (23.1%); 34.00,-118.50 (22.6%); 34.25,-118.25 (10.1%); 33.75,-118.25 (6.4%); 34.25,-118.75 (2.4%)"
2024-01-09,71.34,21.86,0.0,No thermal stress,48.2 to 78.8 F,73.17,57.56,84.23,-1.83,0,450,1,"34.25,-118.50 (35.4%); 34.00,-118.25 (23.1%); 34.00,-118.50 (22.6%); 34.25,-118.25 (10.1%); 33.75,-118.25 (6.4%); 34.25,-118.75 (2.4%)"
2024-01-10,71.28,21.82,0.0,No thermal stress,48.2 to 78.8 F,73.42,57.8,84.26,-2.14,0,450,1,"34.25,-118.50 (35.4%); 34.00,-118.25 (23.1%); 34.00,-118.50 (22.6%); 34.25,-118.25 (10.1%); 33.75,-118.25 (6.4%); 34.25,-118.75 (2.4%)"
2024-01-11,68.94,20.52,0.0,No thermal stress,48.2 to 78.8 F,73.64,58.54,84.31,-4.7,0,450,1,"34.25,-118.50 (35.4%); 34.00,-118.25 (23.1%); 34.00,-118.50 (22.6%); 34.25,-118.25 (10.1%); 33.75,-118.25 (6.4%); 34.25,-118.75 (2.4%)"
2024-01-12,72.44,22.47,0.0,No thermal stress,48.2 to 78.8 F,73.72,58.84,84.43,-1.28,0,450,1,"34.25,-118.50 (35.4%); 34.00,-118.25 (23.1%); 34.00,-118.50 (22.6%); 34.25,-118.25 (10.1%); 33.75,-118.25 (6.4%); 34.25,-118.75 (2.4%)"
2024-01-13,72.78,22.66,0.0,No thermal stress,48.2 to 78.8 F,73.83,59.77,84.47,-1.05,0,450,1,"34.25,-118.50 (35.4%); 34.00,-118.25 (23.1%); 34.00,-118.50 (22.6%); 34.25,-118.25 (10.1%); 33.75,-118.25 (6.4%); 34.25,-118.75 (2.4%)"
2024-01-14,72.94,22.75,0.0,No thermal stress,48.2 to 78.8 F,73.78,59.79,84.43,-0.84,0,450,1,"34.25,-118.50 (35.4%); 34.00,-118.25 (23.1%); 34.00,-118.50 (22.6%); 34.25,-118.25 (10.1%); 33.75,-118.25 (6.4%); 34.25,-118.75 (2.4%)"
2024-01-15,75.88,24.38,0.0,No thermal stress,48.2 to 78.8 F,73.83,59.79,84.11,2.05,0,450,1,"34.25,-118.50 (35.4%); 34.00,-118.25 (23.1%); 34.00,-118.50 (22.6%); 34.25,-118.25 (10.1%); 33.75,-118.25 (6.4%); 34.25,-118.75 (2.4%)"
2024-01-16,77.64,25.36,0.0,No thermal stress,48.2 to 78.8 F,73.77,59.79,84.05,3.87,0,450,1,"34.25,-118.50 (35.4%); 34.00,-118.25 (23.1%); 34.00,-118.50 (22.6%); 34.25,-118.25 (10.1%); 33.75,-118.25 (6.4%); 34.25,-118.75 (2.4%)"
2024-01-17,73.0,22.78,0.0,No thermal stress,48.2 to 78.8 F,73.91,60.07,84.05,-0.91,0,450,1,"34.25,-118.50 (35.4%); 34.00,-118.25 (23.1%); 34.00,-118.50 (22.6%); 34.25,-118.25 (10.1%); 33.75,-118.25 (6.4%); 34.25,-118.75 (2.4%)"
2024-01-18,78.75,25.97,0.0,No thermal stress,48.2 to 78.8 F,73.96,60.23,84.12,4.79,0,450,1,"34.25,-118.50 (35.4%); 34.00,-118.25 (23.1%); 34.00,-118.50 (22.6%); 34.25,-118.25 (10.1%); 33.75,-118.25 (6.4%); 34.25,-118.75 (2.4%)"
2024-01-19,77.07,25.04,0.0,No thermal stress,48.2 to 78.8 F,74.03,60.55,83.96,3.04,0,450,1,"34.25,-118.50 (35.4%); 34.00,-118.25 (23.1%); 34.00,-118.50 (22.6%); 34.25,-118.25 (10.1%); 33.75,-118.25 (6.4%); 34.25,-118.75 (2.4%)"
2024-01-20,55.01,12.78,0.0,No thermal stress,48.2 to 78.8 F,74.06,60.98,83.82,-19.05,0,450,1,"34.25,-118.50 (35.4%); 34.00,-118.25 (23.1%); 34.00,-118.50 (22.6%); 34.25,-118.25 (10.1%); 33.75,-118.25 (6.4%); 34.25,-118.75 (2.4%)"
2024-01-21,76.94,24.97,0.0,No thermal stress,48.2 to 78.8 F,74.02,60.98,83.47,2.92,0,450,1,"34.25,-118.50 (35.4%); 34.00,-118.25 (23.1%); 34.00,-118.50 (22.6%); 34.25,-118.25 (10.1%); 33.75,-118.25 (6.4%); 34.25,-118.75 (2.4%)"
2024-01-22,62.48,16.94,0.0,No thermal stress,48.2 to 78.8 F,74.04,61.34,83.43,-11.56,0,450,1,"34.25,-118.50 (35.4%); 34.00,-118.25 (23.1%); 34.00,-118.50 (22.6%); 34.25,-118.25 (10.1%); 33.75,-118.25 (6.4%); 34.25,-118.75 (2.4%)"
2024-01-23,75.82,24.35,0.0,No thermal stress,48.2 to 78.8 F,74.19,62.04,83.57,1.63,0,450,1,"34.25,-118.50 (35.4%); 34.00,-118.25 (23.1%); 34.00,-118.50 (22.6%); 34.25,-118.25 (10.1%); 33.75,-118.25 (6.4%); 34.25,-118.75 (2.4%)"
2024-01-24,69.55,20.86,0.0,No thermal stress,48.2 to 78.8 F,74.16,61.34,83.57,-4.61,0,450,1,"34.25,-118.50 (35.4%); 34.00,-118.25 (23.1%); 34.00,-118.50 (22.6%); 34.25,-118.25 (10.1%); 33.75,-118.25 (6.4%); 34.25,-118.75 (2.4%)"
2024-01-25,75.5,24.17,0.0,No thermal stress,48.2 to 78.8 F,74.2,62.04,83.45,1.3,0,450,1,"34.25,-118.50 (35.4%); 34.00,-118.25 (23.1%); 34.00,-118.50 (22.6%); 34.25,-118.25 (10.1%); 33.75,-118.25 (6.4%); 34.25,-118.75 (2.4%)"
2024-01-26,81.59,27.55,1.0,Moderate heat stress,78.8 to 89.6 F,74.16,62.04,83.43,7.43,0,450,1,"34.25,-118.50 (35.4%); 34.00,-118.25 (23.1%); 34.00,-118.50 (22.6%); 34.25,-118.25 (10.1%); 33.75,-118.25 (6.4%); 34.25,-118.75 (2.4%)"
2024-01-27,83.27,28.48,1.0,Moderate heat stress,78.8 to 89.6 F,74.13,61.05,83.43,9.14,0,450,1,"34.25,-118.50 (35.4%); 34.00,-118.25 (23.1%); 34.00,-118.50 (22.6%); 34.25,-118.25 (10.1%); 33.75,-118.25 (6.4%); 34.25,-118.75 (2.4%)"
2024-01-28,84.14,28.97,1.0,Moderate heat stress,78.8 to 89.6 F,74.29,62.33,83.45,9.85,1,450,1,"34.25,-118.50 (35.4%); 34.00,-118.25 (23.1%); 34.00,-118.50 (22.6%); 34.25,-118.25 (10.1%); 33.75,-118.25 (6.4%); 34.25,-118.75 (2.4%)"
2024-01-29,84.8,29.33,1.0,Moderate heat stress,78.8 to 89.6 F,74.5,62.77,83.76,10.3,1,450,1,"34.25,-118.50 (35.4%); 34.00,-118.25 (23.1%); 34.00,-118.50 (22.6%); 34.25,-118.25 (10.1%); 33.75,-118.25 (6.4%); 34.25,-118.75 (2.4%)"
2024-01-30,82.0,27.78,1.0,Moderate heat stress,78.8 to 89.6 F,74.54,62.6,83.82,7.46,0,450,1,"34.25,-118.50 (35.4%); 34.00,-118.25 (23.1%); 34.00,-118.50 (22.6%); 34.25,-118.25 (10.1%); 33.75,-118.25 (6.4%); 34.25,-118.75 (2.4%)"
2024-01-31,74.73,23.74,0.0,No thermal stress,48.2 to 78.8 F,74.56,62.48,84.29,0.17,0,450,1,"34.25,-118.50 (35.4%); 34.00,-118.25 (23.1%); 34.00,-118.50 (22.6%); 34.25,-118.25 (10.1%); 33.75,-118.25 (6.4%); 34.25,-118.75 (2.4%)"
2024-02-01,62.64,17.02,0.0,No thermal stress,48.2 to 78.8 F,74.66,62.51,84.85,-12.02,0,450,1,"34.25,-118.50 (35.4%); 34.00,-118.25 (23.1%); 34.00,-118.50 (22.6%); 34.25,-118.25 (10.1%); 33.75,-118.25 (6.4%); 34.25,-118.75 (2.4%)"
2024-02-02,64.41,18.01,0.0,No thermal stress,48.2 to 78.8 F,74.68,62.25,85.08,-10.27,0,450,1,"34.25,-118.50 (35.4%); 34.00,-118.25 (23.1%); 34.00,-118.50 (22.6%); 34.25,-118.25 (10.1%); 33.75,-118.25 (6.4%); 34.25,-118.75 (2.4%)"
2024-02-03,66.44,19.13,0.0,No thermal stress,48.2 to 78.8 F,74.64,61.28,85.19,-8.2,0,450,1,"34.25,-118.50 (35.4%); 34.00,-118.25 (23.1%); 34.00,-118.50 (22.6%); 34.25,-118.25 (10.1%); 33.75,-118.25 (6.4%); 34.25,-118.75 (2.4%)"
2024-02-04,46.09,7.83,-1.0,Slight cold stress,32.0 to 48.2 F,74.64,61.06,85.67,-28.55,0,450,1,"34.25,-118.50 (35.4%); 34.00,-118.25 (23.1%); 34.00,-118.50 (22.6%); 34.25,-118.25 (10.1%); 33.75,-118.25 (6.4%); 34.25,-118.75 (2.4%)"
2024-02-05,50.15,10.08,0.0,No thermal stress,48.2 to 78.8 F,74.63,61.06,85.85,-24.48,0,450,1,"34.25,-118.50 (35.4%); 34.00,-118.25 (23.1%); 34.00,-118.50 (22.6%); 34.25,-118.25 (10.1%); 33.75,-118.25 (6.4%); 34.25,-118.75 (2.4%)"
2024-02-06,58.68,14.82,0.0,No thermal stress,48.2 to 78.8 F,74.5,60.42,85.88,-15.82,0,450,1,"34.25,-118.50 (35.4%); 34.00,-118.25 (23.1%); 34.00,-118.50 (22.6%); 34.25,-118.25 (10.1%); 33.75,-118.25 (6.4%); 34.25,-118.75 (2.4%)"
2024-02-07,63.6,17.56,0.0,No thermal stress,48.2 to 78.8 F,74.47,60.65,85.94,-10.87,0,450,1,"34.25,-118.50 (35.4%); 34.00,-118.25 (23.1%); 34.00,-118.50 (22.6%); 34.25,-118.25 (10.1%); 33.75,-118.25 (6.4%); 34.25,-118.75 (2.4%)"
2024-02-08,62.41,16.89,0.0,No thermal stress,48.2 to 78.8 F,74.55,60.87,85.88,-12.14,0,450,1,"34.25,-118.50 (35.4%); 34.00,-118.25 (23.1%); 34.00,-118.50 (22.6%); 34.25,-118.25 (10.1%); 33.75,-118.25 (6.4%); 34.25,-118.75 (2.4%)"
2024-02-09,70.72,21.51,0.0,No thermal stress,48.2 to 78.8 F,74.42,60.37,85.94,-3.7,0,450,1,"34.25,-118.50 (35.4%); 34.00,-118.25 (23.1%); 34.00,-118.50 (22.6%); 34.25,-118.25 (10.1%); 33.75,-118.25 (6.4%); 34.25,-118.75 (2.4%)"
2024-02-10,73.29,22.94,0.0,No thermal stress,48.2 to 78.8 F,74.25,60.15,85.85,-0.96,0,450,1,"34.25,-118.50 (35.4%); 34.00,-118.25 (23.1%); 34.00,-118.50 (22.6%); 34.25,-118.25 (10.1%); 33.75,-118.25 (6.4%); 34.25,-118.75 (2.4%)"
2024-02-11,75.09,23.94,0.0,No thermal stress,48.2 to 78.8 F,74.17,60.37,85.71,0.92,0,450,1,"34.25,-118.50 (35.4%); 34.00,-118.25 (23.1%); 34.00,-118.50 (22.6%); 34.25,-118.25 (10.1%); 33.75,-118.25 (6.4%); 34.25,-118.75 (2.4%)"
2024-02-12,76.81,24.89,0.0,No thermal stress,48.2 to 78.8 F,73.89,60.08,85.58,2.92,0,450,1,"34.25,-118.50 (35.4%); 34.00,-118.25 (23.1%); 34.00,-118.50 (22.6%); 34.25,-118.25 (10.1%); 33.75,-118.25 (6.4%); 34.25,-118.75 (2.4%)"
2024-02-13,75.22,24.01,0.0,No thermal stress,48.2 to 78.8 F,73.61,59.32,85.58,1.61,0,450,1,"34.25,-118.50 (35.4%); 34.00,-118.25 (23.1%); 34.00,-118.50 (22.6%); 34.25,-118.25 (10.1%); 33.75,-118.25 (6.4%); 34.25,-118.75 (2.4%)"
2024-02-14,72.93,22.74,0.0,No thermal stress,48.2 to 78.8 F,73.59,59.66,85.62,-0.66,0,450,1,"34.25,-118.50 (35.4%); 34.00,-118.25 (23.1%); 34.00,-118.50 (22.6%); 34.25,-118.25 (10.1%); 33.75,-118.25 (6.4%); 34.25,-118.75 (2.4%)"
2024-02-15,76.21,24.56,0.0,No thermal stress,48.2 to 78.8 F,73.6,59.16,85.57,2.61,0,450,1,"34.25,-118.50 (35.4%); 34.00,-118.25 (23.1%); 34.00,-118.50 (22.6%); 34.25,-118.25 (10.1%); 33.75,-118.25 (6.4%); 34.25,-118.75 (2.4%)"
2024-02-16,77.98,25.54,0.0,No thermal stress,48.2 to 78.8 F,73.36,59.08,85.43,4.62,0,450,1,"34.25,-118.50 (35.4%); 34.00,-118.25 (23.1%); 34.00,-118.50 (22.6%); 34.25,-118.25 (10.1%); 33.75,-118.25 (6.4%); 34.25,-118.75 (2.4%)"
2024-02-17,75.47,24.15,0.0,No thermal stress,48.2 to 78.8 F,73.38,59.64,85.13,2.09,0,450,1,"34.25,-118.50 (35.4%); 34.00,-118.25 (23.1%); 34.00,-118.50 (22.6%); 34.25,-118.25 (10.1%); 33.75,-118.25 (6.4%); 34.25,-118.75 (2.4%)"
2024-02-18,71.82,22.12,0.0,No thermal stress,48.2 to 78.8 F,73.4,59.84,85.22,-1.58,0,450,1,"34.25,-118.50 (35.4%); 34.00,-118.25 (23.1%); 34.00,-118.50 (22.6%); 34.25,-118.25 (10.1%); 33.75,-118.25 (6.4%); 34.25,-118.75 (2.4%)"
2024-02-19,55.06,12.81,0.0,No thermal stress,48.2 to 78.8 F,73.41,60.04,85.29,-18.35,0,450,1,"34.25,-118.50 (35.4%); 34.00,-118.25 (23.1%); 34.00,-118.50 (22.6%); 34.25,-118.25 (10.1%); 33.75,-118.25 (6.4%); 34.25,-118.75 (2.4%)"
2024-02-20,58.25,14.59,0.0,No thermal stress,48.2 to 78.8 F,73.12,59.84,84.85,-14.87,0,450,1,"34.25,-118.50 (35.4%); 34.00,-118.25 (23.1%); 34.00,-118.50 (22.6%); 34.25,-118.25 (10.1%); 33.75,-118.25 (6.4%); 34.25,-118.75 (2.4%)"
2024-02-21,70.17,21.21,0.0,No thermal stress,48.2 to 78.8 F,73.12,60.13,84.89,-2.95,0,458,1,"34.25,-118.50 (35.4%); 34.00,-118.25 (23.1%); 34.00,-118.50 (22.6%); 34.25,-118.25 (10.1%); 33.75,-118.25 (6.4%); 34.25,-118.75 (2.4%)"
2024-02-22,78.1,25.61,0.0,No thermal stress,48.2 to 78.8 F,73.11,60.13,84.79,4.99,0,458,1,"34.25,-118.50 (35.4%); 34.00,-118.25 (23.1%); 34.00,-118.50 (22.6%); 34.25,-118.25 (10.1%); 33.75,-118.25 (6.4%); 34.25,-118.75 (2.4%)"
2024-02-23,82.29,27.94,1.0,Moderate heat stress,78.8 to 89.6 F,72.99,60.01,84.39,9.3,0,458,1,"34.25,-118.50 (35.4%); 34.00,-118.25 (23.1%); 34.00,-118.50 (22.6%); 34.25,-118.25 (10.1%); 33.75,-118.25 (6.4%); 34.25,-118.75 (2.4%)"
2024-02-24,80.99,27.21,1.0,Moderate heat stress,78.8 to 89.6 F,73.02,60.22,84.16,7.97,0,458,1,"34.25,-118.50 (35.4%); 34.00,-118.25 (23.1%); 34.00,-118.50 (22.6%); 34.25,-118.25 (10.1%); 33.75,-118.25 (6.4%); 34.25,-118.75 (2.4%)"
2024-02-25,78.84,26.02,1.0,Moderate heat stress,78.8 to 89.6 F,73.13,60.25,84.44,5.71,0,458,1,"34.25,-118.50 (35.4%); 34.00,-118.25 (23.1%); 34.00,-118.50 (22.6%); 34.25,-118.25 (10.1%); 33.75,-118.25 (6.4%); 34.25,-118.75 (2.4%)"
2024-02-26,74.56,23.65,0.0,No thermal stress,48.2 to 78.8 F,73.24,60.23,84.7,1.32,0,458,1,"34.25,-118.50 (35.4%); 34.00,-118.25 (23.1%); 34.00,-118.50 (22.6%); 34.25,-118.25 (10.1%); 33.75,-118.25 (6.4%); 34.25,-118.75 (2.4%)"
2024-02-27,72.87,22.7,0.0,No thermal stress,48.2 to 78.8 F,73.37,60.25,84.77,-0.5,0,458,1,"34.25,-118.50 (35.4%); 34.00,-118.25 (23.1%); 34.00,-118.50 (22.6%); 34.25,-118.25 (10.1%); 33.75,-118.25 (6.4%); 34.25,-118.75 (2.4%)"
2024-02-28,79.04,26.13,1.0,Moderate heat stress,78.8 to 89.6 F,73.66,61.46,84.89,5.38,0,458,1,"34.25,-118.50 (35.4%); 34.00,-118.25 (23.1%); 34.00,-118.50 (22.6%); 34.25,-118.25 (10.1%); 33.75,-118.25 (6.4%); 34.25,-118.75 (2.4%)"
2024-02-29,65.55,18.64,0.0,No thermal stress,48.2 to 78.8 F,73.66,61.46,84.89,-8.11,0,458,1,"34.25,-118.50 (35.4%); 34.00,-118.25 (23.1%); 34.00,-118.50 (22.6%); 34.25,-118.25 (10.1%); 33.75,-118.25 (6.4%); 34.25,-118.75 (2.4%)"
2024-03-01,63.11,17.28,0.0,No thermal stress,48.2 to 78.8 F,73.88,61.73,85.12,-10.77,0,458,1,"34.25,-118.50 (35.4%); 34.00,-118.25 (23.1%); 34.00,-118.50 (22.6%); 34.25,-118.25 (10.1%); 33.75,-118.25 (6.4%); 34.25,-118.75 (2.4%)"
2024-03-02,55.66,13.15,0.0,No thermal stress,48.2 to 78.8 F,74.25,62.2,85.7,-18.59,0,458,1,"34.25,-118.50 (35.4%); 34.00,-118.25 (23.1%); 34.00,-118.50 (22.6%); 34.25,-118.25 (10.1%); 33.75,-118.25 (6.4%); 34.25,-118.75 (2.4%)"
2024-03-03,59.49,15.27,0.0,No thermal stress,48.2 to 78.8 F,74.61,62.73,85.83,-15.12,0,458,1,"34.25,-118.50 (35.4%); 34.00,-118.25 (23.1%); 34.00,-118.50 (22.6%); 34.25,-118.25 (10.1%); 33.75,-118.25 (6.4%); 34.25,-118.75 (2.4%)"
2024-03-04,71.64,22.02,0.0,No thermal stress,48.2 to 78.8 F,74.89,62.89,86.12,-3.25,0,458,1,"34.25,-118.50 (35.4%); 34.00,-118.25 (23.1%); 34.00,-118.50 (22.6%); 34.25,-118.25 (10.1%); 33.75,-118.25 (6.4%); 34.25,-118.75 (2.4%)"
2024-03-05,76.59,24.77,0.0,No thermal stress,48.2 to 78.8 F,75.26,63.01,86.29,1.33,0,458,1,"34.25,-118.50 (35.4%); 34.00,-118.25 (23.1%); 34.00,-118.50 (22.6%); 34.25,-118.25 (10.1%); 33.75,-118.25 (6.4%); 34.25,-118.75 (2.4%)"
2024-03-06,68.29,20.16,0.0,No thermal stress,48.2 to 78.8 F,75.55,63.11,86.36,-7.26,0,458,1,"34.25,-118.50 (35.4%); 34.00,-118.25 (23.1%); 34.00,-118.50 (22.6%); 34.25,-118.25 (10.1%); 33.75,-118.25 (6.4%); 34.25,-118.75 (2.4%)"
2024-03-07,73.54,23.08,0.0,No thermal stress,48.2 to 78.8 F,76.02,64.24,86.52,-2.48,0,458,1,"34.25,-118.50 (35.4%); 34.00,-118.25 (23.1%); 34.00,-118.50 (22.6%); 34.25,-118.25 (10.1%); 33.75,-118.25 (6.4%); 34.25,-118.75 (2.4%)"
2024-03-08,79.04,26.13,1.0,Moderate heat stress,78.8 to 89.6 F,76.29,64.29,87.01,2.75,0,450,1,"34.25,-118.50 (35.4%); 34.00,-118.25 (23.1%); 34.00,-118.50 (22.6%); 34.25,-118.25 (10.1%); 33.75,-118.25 (6.4%); 34.25,-118.75 (2.4%)"
2024-03-09,78.44,25.8,0.0,No thermal stress,48.2 to 78.8 F,76.5,64.29,87.23,1.94,0,450,1,"34.25,-118.50 (35.4%); 34.00,-118.25 (23.1%); 34.00,-118.50 (22.6%); 34.25,-118.25 (10.1%); 33.75,-118.25 (6.4%); 34.25,-118.75 (2.4%)"
2024-03-10,77.24,25.13,0.0,No thermal stress,48.2 to 78.8 F,76.71,64.98,87.23,0.53,0,450,1,"34.25,-118.50 (35.4%); 34.00,-118.25 (23.1%); 34.00,-118.50 (22.6%); 34.25,-118.25 (10.1%); 33.75,-118.25 (6.4%); 34.25,-118.75 (2.4%)"
2024-03-11,74.43,23.57,0.0,No thermal stress,48.2 to 78.8 F,76.88,65.48,87.29,-2.45,0,450,1,"34.25,-118.50 (35.4%); 34.00,-118.25 (23.1%); 34.00,-118.50 (22.6%); 34.25,-118.25 (10.1%); 33.75,-118.25 (6.4%); 34.25,-118.75 (2.4%)"
2024-03-12,74.41,23.56,0.0,No thermal stress,48.2 to 78.8 F,77.04,65.61,87.4,-2.63,0,450,1,"34.25,-118.50 (35.4%); 34.00,-118.25 (23.1%); 34.00,-118.50 (22.6%); 34.25,-118.25 (10.1%); 33.75,-118.25 (6.4%); 34.25,-118.75 (2.4%)"
2024-03-13,78.41,25.78,0.0,No thermal stress,48.2 to 78.8 F,77.05,65.66,87.4,1.36,0,450,1,"34.25,-118.50 (35.4%); 34.00,-118.25 (23.1%); 34.00,-118.50 (22.6%); 34.25,-118.25 (10.1%); 33.75,-118.25 (6.4%); 34.25,-118.75 (2.4%)"
2024-03-14,72.39,22.44,0.0,No thermal stress,48.2 to 78.8 F,77.2,66.2,87.24,-4.81,0,450,1,"34.25,-118.50 (35.4%); 34.00,-118.25 (23.1%); 34.00,-118.50 (22.6%); 34.25,-118.25 (10.1%); 33.75,-118.25 (6.4%); 34.25,-118.75 (2.4%)"
2024-03-15,74.43,23.57,0.0,No thermal stress,48.2 to 78.8 F,77.13,66.47,87.16,-2.7,0,450,1,"34.25,-118.50 (35.4%); 34.00,-118.25 (23.1%); 34.00,-118.50 (22.6%); 34.25,-118.25 (10.1%); 33.75,-118.25 (6.4%); 34.25,-118.75 (2.4%)"
2024-03-16,74.47,23.6,0.0,No thermal stress,48.2 to 78.8 F,76.96,66.2,87.01,-2.49,0,450,1,"34.25,-118.50 (35.4%); 34.00,-118.25 (23.1%); 34.00,-118.50 (22.6%); 34.25,-118.25 (10.1%); 33.75,-118.25 (6.4%); 34.25,-118.75 (2.4%)"
2024-03-17,77.3,25.17,0.0,No thermal stress,48.2 to 78.8 F,76.79,66.1,86.42,0.51,0,450,1,"34.25,-118.50 (35.4%); 34.00,-118.25 (23.1%); 34.00,-118.50 (22.6%); 34.25,-118.25 (10.1%); 33.75,-118.25 (6.4%); 34.25,-118.75 (2.4%)"
2024-03-18,83.28,28.49,1.0,Moderate heat stress,78.8 to 89.6 F,76.54,65.69,86.25,6.74,0,450,1,"34.25,-118.50 (35.4%); 34.00,-118.25 (23.1%); 34.00,-118.50 (22.6%); 34.25,-118.25 (10.1%); 33.75,-118.25 (6.4%); 34.25,-118.75 (2.4%)"
2024-03-19,80.18,26.77,1.0,Moderate heat stress,78.8 to 89.6 F,76.41,65.67,85.73,3.77,0,450,1,"34.25,-118.50 (35.4%); 34.00,-118.25 (23.1%); 34.00,-118.50 (22.6%); 34.25,-118.25 (10.1%); 33.75,-118.25 (6.4%); 34.25,-118.75 (2.4%)"
2024-03-20,80.86,27.14,1.0,Moderate heat stress,78.8 to 89.6 F,76.15,65.6,85.51,4.71,0,450,1,"34.25,-118.50 (35.4%); 34.00,-118.25 (23.1%); 34.00,-118.50 (22.6%); 34.25,-118.25 (10.1%); 33.75,-118.25 (6.4%); 34.25,-118.75 (2.4%)"
2024-03-21,78.31,25.73,0.0,No thermal stress,48.2 to 78.8 F,75.92,65.34,85.38,2.39,0,450,1,"34.25,-118.50 (35.4%); 34.00,-118.25 (23.1%); 34.00,-118.50 (22.6%); 34.25,-118.25 (10.1%); 33.75,-118.25 (6.4%); 34.25,-118.75 (2.4%)"
2024-03-22,79.24,26.24,1.0,Moderate heat stress,78.8 to 89.6 F,75.93,65.39,85.36,3.31,0,450,1,"34.25,-118.50 (35.4%); 34.00,-118.25 (23.1%); 34.00,-118.50 (22.6%); 34.25,-118.25 (10.1%); 33.75,-118.25 (6.4%); 34.25,-118.75 (2.4%)"
2024-03-23,60.33,15.74,0.0,No thermal stress,48.2 to 78.8 F,76.09,65.69,85.38,-15.76,0,450,1,"34.25,-118.50 (35.4%); 34.00,-118.25 (23.1%); 34.00,-118.50 (22.6%); 34.25,-118.25 (10.1%); 33.75,-118.25 (6.4%); 34.25,-118.75 (2.4%)"
2024-03-24,63.66,17.59,0.0,No thermal stress,48.2 to 78.8 F,76.09,65.79,85.26,-12.43,0,450,1,"34.25,-118.50 (35.4%); 34.00,-118.25 (23.1%); 34.00,-118.50 (22.6%); 34.25,-118.25 (10.1%); 33.75,-118.25 (6.4%); 34.25,-118.75 (2.4%)"
2024-03-25,74.18,23.43,0.0,No thermal stress,48.2 to 78.8 F,76.04,65.69,85.13,-1.86,0,450,1,"34.25,-118.50 (35.4%); 34.00,-118.25 (23.1%); 34.00,-118.50 (22.6%); 34.25,-118.25 (10.1%); 33.75,-118.25 (6.4%); 34.25,-118.75 (2.4%)"
2024-03-26,75.67,24.26,0.0,No thermal stress,48.2 to 78.8 F,76.01,65.69,84.88,-0.34,0,450,1,"34.25,-118.50 (35.4%); 34.00,-118.25 (23.1%); 34.00,-118.50 (22.6%); 34.25,-118.25 (10.1%); 33.75,-118.25 (6.4%); 34.25,-118.75 (2.4%)"
2024-03-27,77.26,25.14,0.0,No thermal stress,48.2 to 78.8 F,76.01,65.69,85.23,1.25,0,450,1,"34.25,-118.50 (35.4%); 34.00,-118.25 (23.1%); 34.00,-118.50 (22.6%); 34.25,-118.25 (10.1%); 33.75,-118.25 (6.4%); 34.25,-118.75 (2.4%)"
2024-03-28,75.29,24.05,0.0,No thermal stress,48.2 to 78.8 F,76.14,65.79,84.93,-0.85,0,450,1,"34.25,-118.50 (35.4%); 34.00,-118.25 (23.1%); 34.00,-118.50 (22.6%); 34.25,-118.25 (10.1%); 33.75,-118.25 (6.4%); 34.25,-118.75 (2.4%)"
2024-03-29,65.88,18.82,0.0,No thermal stress,48.2 to 78.8 F,76.18,65.67,85.02,-10.3,0,450,1,"34.25,-118.50 (35.4%); 34.00,-118.25 (23.1%); 34.00,-118.50 (22.6%); 34.25,-118.25 (10.1%); 33.75,-118.25 (6.4%); 34.25,-118.75 (2.4%)"
2024-03-30,58.83,14.91,0.0,No thermal stress,48.2 to 78.8 F,76.36,65.67,85.36,-17.53,0,450,1,"34.25,-118.50 (35.4%); 34.00,-118.25 (23.1%); 34.00,-118.50 (22.6%); 34.25,-118.25 (10.1%); 33.75,-118.25 (6.4%); 34.25,-118.75 (2.4%)"
2024-03-31,65.24,18.46,0.0,No thermal stress,48.2 to 78.8 F,76.55,66.06,85.47,-11.31,0,450,1,"34.25,-118.50 (35.4%); 34.00,-118.25 (23.1%); 34.00,-118.50 (22.6%); 34.25,-118.25 (10.1%); 33.75,-118.25 (6.4%); 34.25,-118.75 (2.4%)"
2024-04-01,77.59,25.33,0.0,No thermal stress,48.2 to 78.8 F,76.59,66.04,85.57,1.0,0,450,1,"34.25,-118.50 (35.4%); 34.00,-118.25 (23.1%); 34.00,-118.50 (22.6%); 34.25,-118.25 (10.1%); 33.75,-118.25 (6.4%); 34.25,-118.75 (2.4%)"
2024-04-02,80.01,26.67,1.0,Moderate heat stress,78.8 to 89.6 F,76.75,66.28,85.95,3.26,0,450,1,"34.25,-118.50 (35.4%); 34.00,-118.25 (23.1%); 34.00,-118.50 (22.6%); 34.25,-118.25 (10.1%); 33.75,-118.25 (6.4%); 34.25,-118.75 (2.4%)"
2024-04-03,80.67,27.04,1.0,Moderate heat stress,78.8 to 89.6 F,76.9,66.5,85.98,3.77,0,450,1,"34.25,-118.50 (35.4%); 34.00,-118.25 (23.1%); 34.00,-118.50 (22.6%); 34.25,-118.25 (10.1%); 33.75,-118.25 (6.4%); 34.25,-118.75 (2.4%)"
2024-04-04,59.69,15.38,0.0,No thermal stress,48.2 to 78.8 F,77.01,66.5,85.98,-17.32,0,450,1,"34.25,-118.50 (35.4%); 34.00,-118.25 (23.1%); 34.00,-118.50 (22.6%); 34.25,-118.25 (10.1%); 33.75,-118.25 (6.4%); 34.25,-118.75 (2.4%)"
2024-04-05,61.06,16.14,0.0,No thermal stress,48.2 to 78.8 F,77.16,66.85,85.98,-16.1,0,450,1,"34.25,-118.50 (35.4%); 34.00,-118.25 (23.1%); 34.00,-118.50 (22.6%); 34.25,-118.25 (10.1%); 33.75,-118.25 (6.4%); 34.25,-118.75 (2.4%)"
2024-04-06,72.84,22.69,0.0,No thermal stress,48.2 to 78.8 F,77.17,66.73,86.04,-4.33,0,450,1,"34.25,-118.50 (35.4%); 34.00,-118.25 (23.1%); 34.00,-118.50 (22.6%); 34.25,-118.25 (10.1%); 33.75,-118.25 (6.4%); 34.25,-118.75 (2.4%)"
2024-04-07,73.08,22.82,0.0,No thermal stress,48.2 to 78.8 F,77.03,66.45,86.18,-3.95,0,450,1,"34.25,-118.50 (35.4%); 34.00,-118.25 (23.1%); 34.00,-118.50 (22.6%); 34.25,-118.25 (10.1%); 33.75,-118.25 (6.4%); 34.25,-118.75 (2.4%)"
2024-04-08,75.42,24.12,0.0,No thermal stress,48.2 to 78.8 F,77.01,66.39,86.18,-1.59,0,450,1,"34.25,-118.50 (35.4%); 34.00,-118.25 (23.1%); 34.00,-118.50 (22.6%); 34.25,-118.25 (10.1%); 33.75,-118.25 (6.4%); 34.25,-118.75 (2.4%)"
2024-04-09,84.99,29.44,1.0,Moderate heat stress,78.8 to 89.6 F,77.11,66.5,86.18,7.88,0,450,1,"34.25,-118.50 (35.4%); 34.00,-118.25 (23.1%); 34.00,-118.50 (22.6%); 34.25,-118.25 (10.1%); 33.75,-118.25 (6.4%); 34.25,-118.75 (2.4%)"
2024-04-10,85.04,29.47,1.0,Moderate heat stress,78.8 to 89.6 F,77.22,66.5,86.33,7.82,0,450,1,"34.25,-118.50 (35.4%); 34.00,-118.25 (23.1%); 34.00,-118.50 (22.6%); 34.25,-118.25 (10.1%); 33.75,-118.25 (6.4%); 34.25,-118.75 (2.4%)"
2024-04-11,86.2,30.11,1.0,Moderate heat stress,78.8 to 89.6 F,77.37,66.5,86.44,8.83,0,450,1,"34.25,-118.50 (35.4%); 34.00,-118.25 (23.1%); 34.00,-118.50 (22.6%); 34.25,-118.25 (10.1%); 33.75,-118.25 (6.4%); 34.25,-118.75 (2.4%)"
2024-04-12,71.77,22.09,0.0,No thermal stress,48.2 to 78.8 F,77.65,67.0,87.14,-5.88,0,450,1,"34.25,-118.50 (35.4%); 34.00,-118.25 (23.1%); 34.00,-118.50 (22.6%); 34.25,-118.25 (10.1%); 33.75,-118.25 (6.4%); 34.25,-118.75 (2.4%)"
2024-04-13,58.1,14.5,0.0,No thermal stress,48.2 to 78.8 F,77.91,67.72,87.36,-19.81,0,450,1,"34.25,-118.50 (35.4%); 34.00,-118.25 (23.1%); 34.00,-118.50 (22.6%); 34.25,-118.25 (10.1%); 33.75,-118.25 (6.4%); 34.25,-118.75 (2.4%)"
2024-04-14,64.04,17.8,0.0,No thermal stress,48.2 to 78.8 F,78.05,67.77,87.78,-14.01,0,450,1,"34.25,-118.50 (35.4%); 34.00,-118.25 (23.1%); 34.00,-118.50 (22.6%); 34.25,-118.25 (10.1%); 33.75,-118.25 (6.4%); 34.25,-118.75 (2.4%)"
2024-04-15,79.46,26.37,1.0,Moderate heat stress,78.8 to 89.6 F,78.13,67.87,87.36,1.33,0,450,1,"34.25,-118.50 (35.4%); 34.00,-118.25 (23.1%); 34.00,-118.50 (22.6%); 34.25,-118.25 (10.1%); 33.75,-118.25 (6.4%); 34.25,-118.75 (2.4%)"
2024-04-16,82.35,27.97,1.0,Moderate heat stress,78.8 to 89.6 F,78.37,68.18,87.71,3.98,0,450,1,"34.25,-118.50 (35.4%); 34.00,-118.25 (23.1%); 34.00,-118.50 (22.6%); 34.25,-118.25 (10.1%); 33.75,-118.25 (6.4%); 34.25,-118.75 (2.4%)"
2024-04-17,80.84,27.13,1.0,Moderate heat stress,78.8 to 89.6 F,78.61,68.44,87.95,2.23,0,450,1,"34.25,-118.50 (35.4%); 34.00,-118.25 (23.1%); 34.00,-118.50 (22.6%); 34.25,-118.25 (10.1%); 33.75,-118.25 (6.4%); 34.25,-118.75 (2.4%)"
2024-04-18,79.03,26.13,1.0,Moderate heat stress,78.8 to 89.6 F,78.81,68.39,88.61,0.22,0,450,1,"34.25,-118.50 (35.4%); 34.00,-118.25 (23.1%); 34.00,-118.50 (22.6%); 34.25,-118.25 (10.1%); 33.75,-118.25 (6.4%); 34.25,-118.75 (2.4%)"
2024-04-19,77.18,25.1,0.0,No thermal stress,48.2 to 78.8 F,79.09,68.79,89.73,-1.91,0,450,1,"34.25,-118.50 (35.4%); 34.00,-118.25 (23.1%); 34.00,-118.50 (22.6%); 34.25,-118.25 (10.1%); 33.75,-118.25 (6.4%); 34.25,-118.75 (2.4%)"
2024-04-20,80.3,26.83,1.0,Moderate heat stress,78.8 to 89.6 F,79.38,69.46,89.75,0.92,0,450,1,"34.25,-118.50 (35.4%); 34.00,-118.25 (23.1%); 34.00,-118.50 (22.6%); 34.25,-118.25 (10.1%); 33.75,-118.25 (6.4%); 34.25,-118.75 (2.4%)"
2024-04-21,83.6,28.67,1.0,Moderate heat stress,78.8 to 89.6 F,79.59,69.51,89.92,4.01,0,450,1,"34.25,-118.50 (35.4%); 34.00,-118.25 (23.1%); 34.00,-118.50 (22.6%); 34.25,-118.25 (10.1%); 33.75,-118.25 (6.4%); 34.25,-118.75 (2.4%)"
2024-04-22,78.63,25.91,0.0,No thermal stress,48.2 to 78.8 F,79.85,70.13,90.36,-1.22,0,450,1,"34.25,-118.50 (35.4%); 34.00,-118.25 (23.1%); 34.00,-118.50 (22.6%); 34.25,-118.25 (10.1%); 33.75,-118.25 (6.4%); 34.25,-118.75 (2.4%)"
2024-04-23,74.58,23.66,0.0,No thermal stress,48.2 to 78.8 F,80.12,70.7,90.47,-5.54,0,450,1,"34.25,-118.50 (35.4%); 34.00,-118.25 (23.1%); 34.00,-118.50 (22.6%); 34.25,-118.25 (10.1%); 33.75,-118.25 (6.4%); 34.25,-118.75 (2.4%)"
2024-04-24,73.65,23.14,0.0,No thermal stress,48.2 to 78.8 F,80.4,70.89,90.5,-6.75,0,450,1,"34.25,-118.50 (35.4%); 34.00,-118.25 (23.1%); 34.00,-118.50 (22.6%); 34.25,-118.25 (10.1%); 33.75,-118.25 (6.4%); 34.25,-118.75 (2.4%)"
2024-04-25,72.43,22.46,0.0,No thermal stress,48.2 to 78.8 F,80.62,71.2,90.53,-8.19,0,450,1,"34.25,-118.50 (35.4%); 34.00,-118.25 (23.1%); 34.00,-118.50 (22.6%); 34.25,-118.25 (10.1%); 33.75,-118.25 (6.4%); 34.25,-118.75 (2.4%)"
2024-04-26,72.2,22.33,0.0,No thermal stress,48.2 to 78.8 F,80.82,71.53,90.85,-8.62,0,450,1,"34.25,-118.50 (35.4%); 34.00,-118.25 (23.1%); 34.00,-118.50 (22.6%); 34.25,-118.25 (10.1%); 33.75,-118.25 (6.4%); 34.25,-118.75 (2.4%)"
2024-04-27,79.97,26.65,1.0,Moderate heat stress,78.8 to 89.6 F,80.86,71.59,91.11,-0.89,0,450,1,"34.25,-118.50 (35.4%); 34.00,-118.25 (23.1%); 34.00,-118.50 (22.6%); 34.25,-118.25 (10.1%); 33.75,-118.25 (6.4%); 34.25,-118.75 (2.4%)"
2024-04-28,79.06,26.14,1.0,Moderate heat stress,78.8 to 89.6 F,80.85,71.6,91.19,-1.79,0,450,1,"34.25,-118.50 (35.4%); 34.00,-118.25 (23.1%); 34.00,-118.50 (22.6%); 34.25,-118.25 (10.1%); 33.75,-118.25 (6.4%); 34.25,-118.75 (2.4%)"
2024-04-29,81.01,27.23,1.0,Moderate heat stress,78.8 to 89.6 F,80.85,71.6,91.15,0.16,0,450,1,"34.25,-118.50 (35.4%); 34.00,-118.25 (23.1%); 34.00,-118.50 (22.6%); 34.25,-118.25 (10.1%); 33.75,-118.25 (6.4%); 34.25,-118.75 (2.4%)"
2024-04-30,82.68,28.16,1.0,Moderate heat stress,78.8 to 89.6 F,81.0,71.63,91.32,1.68,0,450,1,"34.25,-118.50 (35.4%); 34.00,-118.25 (23.1%); 34.00,-118.50 (22.6%); 34.25,-118.25 (10.1%); 33.75,-118.25 (6.4%); 34.25,-118.75 (2.4%)"
2024-05-01,80.91,27.17,1.0,Moderate heat stress,78.8 to 89.6 F,81.07,71.6,92.1,-0.16,0,450,1,"34.25,-118.50 (35.4%); 34.00,-118.25 (23.1%); 34.00,-118.50 (22.6%); 34.25,-118.25 (10.1%); 33.75,-118.25 (6.4%); 34.25,-118.75 (2.4%)"
2024-05-02,81.63,27.57,1.0,Moderate heat stress,78.8 to 89.6 F,81.1,71.7,91.32,0.53,0,450,1,"34.25,-118.50 (35.4%); 34.00,-118.25 (23.1%); 34.00,-118.50 (22.6%); 34.25,-118.25 (10.1%); 33.75,-118.25 (6.4%); 34.25,-118.75 (2.4%)"
2024-05-03,81.73,27.63,1.0,Moderate heat stress,78.8 to 89.6 F,81.05,72.12,90.89,0.68,0,450,1,"34.25,-118.50 (35.4%); 34.00,-118.25 (23.1%); 34.00,-118.50 (22.6%); 34.25,-118.25 (10.1%); 33.75,-118.25 (6.4%); 34.25,-118.75 (2.4%)"
2024-05-04,76.35,24.64,0.0,No thermal stress,48.2 to 78.8 F,80.99,72.17,90.53,-4.64,0,450,1,"34.25,-118.50 (35.4%); 34.00,-118.25 (23.1%); 34.00,-118.50 (22.6%); 34.25,-118.25 (10.1%); 33.75,-118.25 (6.4%); 34.25,-118.75 (2.4%)"
2024-05-05,72.68,22.6,0.0,No thermal stress,48.2 to 78.8 F,81.0,72.53,90.64,-8.32,0,450,1,"34.25,-118.50 (35.4%); 34.00,-118.25 (23.1%); 34.00,-118.50 (22.6%); 34.25,-118.25 (10.1%); 33.75,-118.25 (6.4%); 34.25,-118.75 (2.4%)"
2024-05-06,78.71,25.95,0.0,No thermal stress,48.2 to 78.8 F,81.02,72.78,90.64,-2.31,0,450,1,"34.25,-118.50 (35.4%); 34.00,-118.25 (23.1%); 34.00,-118.50 (22.6%); 34.25,-118.25 (10.1%); 33.75,-118.25 (6.4%); 34.25,-118.75 (2.4%)"
2024-05-07,78.28,25.71,0.0,No thermal stress,48.2 to 78.8 F,81.0,72.78,90.18,-2.72,0,450,1,"34.25,-118.50 (35.4%); 34.00,-118.25 (23.1%); 34.00,-118.50 (22.6%); 34.25,-118.25 (10.1%); 33.75,-118.25 (6.4%); 34.25,-118.75 (2.4%)"
2024-05-08,81.09,27.27,1.0,Moderate heat stress,78.8 to 89.6 F,80.99,72.59,90.42,0.1,0,450,1,"34.25,-118.50 (35.4%); 34.00,-118.25 (23.1%); 34.00,-118.50 (22.6%); 34.25,-118.25 (10.1%); 33.75,-118.25 (6.4%); 34.25,-118.75 (2.4%)"
2024-05-09,82.18,27.88,1.0,Moderate heat stress,78.8 to 89.6 F,80.93,72.15,90.43,1.25,0,450,1,"34.25,-118.50 (35.4%); 34.00,-118.25 (23.1%); 34.00,-118.50 (22.6%); 34.25,-118.25 (10.1%); 33.75,-118.25 (6.4%); 34.25,-118.75 (2.4%)"
2024-05-10,80.43,26.9,1.0,Moderate heat stress,78.8 to 89.6 F,80.9,72.53,90.02,-0.47,0,450,1,"34.25,-118.50 (35.4%); 34.00,-118.25 (23.1%); 34.00,-118.50 (22.6%); 34.25,-118.25 (10.1%); 33.75,-118.25 (6.4%); 34.25,-118.75 (2.4%)"
2024-05-11,79.31,26.29,1.0,Moderate heat stress,78.8 to 89.6 F,80.77,72.38,89.62,-1.46,0,450,1,"34.25,-118.50 (35.4%); 34.00,-118.25 (23.1%); 34.00,-118.50 (22.6%); 34.25,-118.25 (10.1%); 33.75,-118.25 (6.4%); 34.25,-118.75 (2.4%)"
2024-05-12,80.86,27.15,1.0,Moderate heat stress,78.8 to 89.6 F,80.78,72.53,89.44,0.08,0,450,1,"34.25,-118.50 (35.4%); 34.00,-118.25 (23.1%); 34.00,-118.50 (22.6%); 34.25,-118.25 (10.1%); 33.75,-118.25 (6.4%); 34.25,-118.75 (2.4%)"
2024-05-13,79.02,26.12,1.0,Moderate heat stress,78.8 to 89.6 F,80.86,72.76,89.44,-1.84,0,450,1,"34.25,-118.50 (35.4%); 34.00,-118.25 (23.1%); 34.00,-118.50 (22.6%); 34.25,-118.25 (10.1%); 33.75,-118.25 (6.4%); 34.25,-118.75 (2.4%)"
2024-05-14,78.98,26.1,1.0,Moderate heat stress,78.8 to 89.6 F,80.99,73.38,89.42,-2.01,0,450,1,"34.25,-118.50 (35.4%); 34.00,-118.25 (23.1%); 34.00,-118.50 (22.6%); 34.25,-118.25 (10.1%); 33.75,-118.25 (6.4%); 34.25,-118.75 (2.4%)"
2024-05-15,80.54,26.97,1.0,Moderate heat stress,78.8 to 89.6 F,81.01,73.38,89.3,-0.47,0,450,1,"34.25,-118.50 (35.4%); 34.00,-118.25 (23.1%); 34.00,-118.50 (22.6%); 34.25,-118.25 (10.1%); 33.75,-118.25 (6.4%); 34.25,-118.75 (2.4%)"
2024-05-16,79.2,26.22,1.0,Moderate heat stress,78.8 to 89.6 F,80.9,73.09,89.18,-1.7,0,450,1,"34.25,-118.50 (35.4%); 34.00,-118.25 (23.1%); 34.00,-118.50 (22.6%); 34.25,-118.25 (10.1%); 33.75,-118.25 (6.4%); 34.25,-118.75 (2.4%)"
2024-05-17,78.72,25.95,0.0,No thermal stress,48.2 to 78.8 F,80.92,73.65,88.92,-2.2,0,450,1,"34.25,-118.50 (35.4%); 34.00,-118.25 (23.1%); 34.00,-118.50 (22.6%); 34.25,-118.25 (10.1%); 33.75,-118.25 (6.4%); 34.25,-118.75 (2.4%)"
2024-05-18,80.14,26.75,1.0,Moderate heat stress,78.8 to 89.6 F,80.81,73.65,88.9,-0.67,0,450,1,"34.25,-118.50 (35.4%); 34.00,-118.25 (23.1%); 34.00,-118.50 (22.6%); 34.25,-118.25 (10.1%); 33.75,-118.25 (6.4%); 34.25,-118.75 (2.4%)"
2024-05-19,76.74,24.85,0.0,No thermal stress,48.2 to 78.8 F,80.73,73.38,88.9,-3.99,0,450,1,"34.25,-118.50 (35.4%); 34.00,-118.25 (23.1%); 34.00,-118.50 (22.6%); 34.25,-118.25 (10.1%); 33.75,-118.25 (6.4%); 34.25,-118.75 (2.4%)"
2024-05-20,78.15,25.64,0.0,No thermal stress,48.2 to 78.8 F,80.75,73.65,88.89,-2.6,0,450,1,"34.25,-118.50 (35.4%); 34.00,-118.25 (23.1%); 34.00,-118.50 (22.6%); 34.25,-118.25 (10.1%); 33.75,-118.25 (6.4%); 34.25,-118.75 (2.4%)"
2024-05-21,78.84,26.02,1.0,Moderate heat stress,78.8 to 89.6 F,80.84,73.96,88.83,-2.0,0,450,1,"34.25,-118.50 (35.4%); 34.00,-118.25 (23.1%); 34.00,-118.50 (22.6%); 34.25,-118.25 (10.1%); 33.75,-118.25 (6.4%); 34.25,-118.75 (2.4%)"
2024-05-22,76.82,24.9,0.0,No thermal stress,48.2 to 78.8 F,81.0,74.19,88.89,-4.18,0,450,1,"34.25,-118.50 (35.4%); 34.00,-118.25 (23.1%); 34.00,-118.50 (22.6%); 34.25,-118.25 (10.1%); 33.75,-118.25 (6.4%); 34.25,-118.75 (2.4%)"
2024-05-23,77.35,25.19,0.0,No thermal stress,48.2 to 78.8 F,81.14,74.3,88.8,-3.79,0,450,1,"34.25,-118.50 (35.4%); 34.00,-118.25 (23.1%); 34.00,-118.50 (22.6%); 34.25,-118.25 (10.1%); 33.75,-118.25 (6.4%); 34.25,-118.75 (2.4%)"
2024-05-24,74.76,23.75,0.0,No thermal stress,48.2 to 78.8 F,81.34,74.7,88.89,-6.58,0,450,1,"34.25,-118.50 (35.4%); 34.00,-118.25 (23.1%); 34.00,-118.50 (22.6%); 34.25,-118.25 (10.1%); 33.75,-118.25 (6.4%); 34.25,-118.75 (2.4%)"
2024-05-25,74.84,23.8,0.0,No thermal stress,48.2 to 78.8 F,81.5,74.72,89.0,-6.66,0,450,1,"34.25,-118.50 (35.4%); 34.00,-118.25 (23.1%); 34.00,-118.50 (22.6%); 34.25,-118.25 (10.1%); 33.75,-118.25 (6.4%); 34.25,-118.75 (2.4%)"
2024-05-26,80.04,26.69,1.0,Moderate heat stress,78.8 to 89.6 F,81.71,75.09,89.34,-1.67,0,450,1,"34.25,-118.50 (35.4%); 34.00,-118.25 (23.1%); 34.00,-118.50 (22.6%); 34.25,-118.25 (10.1%); 33.75,-118.25 (6.4%); 34.25,-118.75 (2.4%)"
2024-05-27,80.6,27.0,1.0,Moderate heat stress,78.8 to 89.6 F,81.88,75.21,89.48,-1.28,0,450,1,"34.25,-118.50 (35.4%); 34.00,-118.25 (23.1%); 34.00,-118.50 (22.6%); 34.25,-118.25 (10.1%); 33.75,-118.25 (6.4%); 34.25,-118.75 (2.4%)"
2024-05-28,79.46,26.37,1.0,Moderate heat stress,78.8 to 89.6 F,82.06,75.3,89.48,-2.6,0,450,1,"34.25,-118.50 (35.4%); 34.00,-118.25 (23.1%); 34.00,-118.50 (22.6%); 34.25,-118.25 (10.1%); 33.75,-118.25 (6.4%); 34.25,-118.75 (2.4%)"
2024-05-29,78.68,25.94,0.0,No thermal stress,48.2 to 78.8 F,82.07,75.61,89.34,-3.39,0,450,1,"34.25,-118.50 (35.4%); 34.00,-118.25 (23.1%); 34.00,-118.50 (22.6%); 34.25,-118.25 (10.1%); 33.75,-118.25 (6.4%); 34.25,-118.75 (2.4%)"
2024-05-30,82.69,28.16,1.0,Moderate heat stress,78.8 to 89.6 F,82.14,76.03,89.01,0.55,0,450,1,"34.25,-118.50 (35.4%); 34.00,-118.25 (23.1%); 34.00,-118.50 (22.6%); 34.25,-118.25 (10.1%); 33.75,-118.25 (6.4%); 34.25,-118.75 (2.4%)"
2024-05-31,80.55,26.97,1.0,Moderate heat stress,78.8 to 89.6 F,82.32,76.37,88.92,-1.77,0,450,1,"34.25,-118.50 (35.4%); 34.00,-118.25 (23.1%); 34.00,-118.50 (22.6%); 34.25,-118.25 (10.1%); 33.75,-118.25 (6.4%); 34.25,-118.75 (2.4%)"
2024-06-01,79.0,26.11,1.0,Moderate heat stress,78.8 to 89.6 F,82.5,76.41,88.99,-3.5,0,450,1,"34.25,-118.50 (35.4%); 34.00,-118.25 (23.1%); 34.00,-118.50 (22.6%); 34.25,-118.25 (10.1%); 33.75,-118.25 (6.4%); 34.25,-118.75 (2.4%)"
2024-06-02,78.97,26.1,1.0,Moderate heat stress,78.8 to 89.6 F,82.91,77.11,89.59,-3.94,0,450,1,"34.25,-118.50 (35.4%); 34.00,-118.25 (23.1%); 34.00,-118.50 (22.6%); 34.25,-118.25 (10.1%); 33.75,-118.25 (6.4%); 34.25,-118.75 (2.4%)"
2024-06-03,82.14,27.86,1.0,Moderate heat stress,78.8 to 89.6 F,83.26,77.37,89.96,-1.12,0,450,1,"34.25,-118.50 (35.4%); 34.00,-118.25 (23.1%); 34.00,-118.50 (22.6%); 34.25,-118.25 (10.1%); 33.75,-118.25 (6.4%); 34.25,-118.75 (2.4%)"
2024-06-04,85.86,29.92,1.0,Moderate heat stress,78.8 to 89.6 F,83.39,77.64,90.19,2.47,0,450,1,"34.25,-118.50 (35.4%); 34.00,-118.25 (23.1%); 34.00,-118.50 (22.6%); 34.25,-118.25 (10.1%); 33.75,-118.25 (6.4%); 34.25,-118.75 (2.4%)"
2024-06-05,88.55,31.41,1.0,Moderate heat stress,78.8 to 89.6 F,83.4,77.83,90.06,5.15,0,450,1,"34.25,-118.50 (35.4%); 34.00,-118.25 (23.1%); 34.00,-118.50 (22.6%); 34.25,-118.25 (10.1%); 33.75,-118.25 (6.4%); 34.25,-118.75 (2.4%)"
2024-06-06,84.29,29.05,1.0,Moderate heat stress,78.8 to 89.6 F,83.46,77.96,90.18,0.83,0,450,1,"34.25,-118.50 (35.4%); 34.00,-118.25 (23.1%); 34.00,-118.50 (22.6%); 34.25,-118.25 (10.1%); 33.75,-118.25 (6.4%); 34.25,-118.75 (2.4%)"
2024-06-07,82.77,28.2,1.0,Moderate heat stress,78.8 to 89.6 F,83.59,78.2,90.28,-0.82,0,450,1,"34.25,-118.50 (35.4%); 34.00,-118.25 (23.1%); 34.00,-118.50 (22.6%); 34.25,-118.25 (10.1%); 33.75,-118.25 (6.4%); 34.25,-118.75 (2.4%)"
2024-06-08,82.62,28.12,1.0,Moderate heat stress,78.8 to 89.6 F,83.65,78.2,90.24,-1.03,0,450,1,"34.25,-118.50 (35.4%); 34.00,-118.25 (23.1%); 34.00,-118.50 (22.6%); 34.25,-118.25 (10.1%); 33.75,-118.25 (6.4%); 34.25,-118.75 (2.4%)"
2024-06-09,82.49,28.05,1.0,Moderate heat stress,78.8 to 89.6 F,83.69,78.2,90.35,-1.2,0,450,1,"34.25,-118.50 (35.4%); 34.00,-118.25 (23.1%); 34.00,-118.50 (22.6%); 34.25,-118.25 (10.1%); 33.75,-118.25 (6.4%); 34.25,-118.75 (2.4%)"
2024-06-10,83.84,28.8,1.0,Moderate heat stress,78.8 to 89.6 F,83.83,78.35,90.77,0.01,0,450,1,"34.25,-118.50 (35.4%); 34.00,-118.25 (23.1%); 34.00,-118.50 (22.6%); 34.25,-118.25 (10.1%); 33.75,-118.25 (6.4%); 34.25,-118.75 (2.4%)"
2024-06-11,83.94,28.86,1.0,Moderate heat stress,78.8 to 89.6 F,83.99,78.43,90.9,-0.05,0,450,1,"34.25,-118.50 (35.4%); 34.00,-118.25 (23.1%); 34.00,-118.50 (22.6%); 34.25,-118.25 (10.1%); 33.75,-118.25 (6.4%); 34.25,-118.75 (2.4%)"
2024-06-12,84.32,29.07,1.0,Moderate heat stress,78.8 to 89.6 F,84.21,78.73,91.41,0.11,0,450,1,"34.25,-118.50 (35.4%); 34.00,-118.25 (23.1%); 34.00,-118.50 (22.6%); 34.25,-118.25 (10.1%); 33.75,-118.25 (6.4%); 34.25,-118.75 (2.4%)"
2024-06-13,82.56,28.09,1.0,Moderate heat stress,78.8 to 89.6 F,84.6,79.0,91.58,-2.04,0,450,1,"34.25,-118.50 (35.4%); 34.00,-118.25 (23.1%); 34.00,-118.50 (22.6%); 34.25,-118.25 (10.1%); 33.75,-118.25 (6.4%); 34.25,-118.75 (2.4%)"
2024-06-14,87.53,30.85,1.0,Moderate heat stress,78.8 to 89.6 F,84.9,79.07,92.08,2.63,0,450,1,"34.25,-118.50 (35.4%); 34.00,-118.25 (23.1%); 34.00,-118.50 (22.6%); 34.25,-118.25 (10.1%); 33.75,-118.25 (6.4%); 34.25,-118.75 (2.4%)"
2024-06-15,92.04,33.35,2.0,Strong heat stress,89.6 to 100.4 F,85.2,79.31,92.53,6.84,0,450,1,"34.25,-118.50 (35.4%); 34.00,-118.25 (23.1%); 34.00,-118.50 (22.6%); 34.25,-118.25 (10.1%); 33.75,-118.25 (6.4%); 34.25,-118.75 (2.4%)"
2024-06-16,86.31,30.17,1.0,Moderate heat stress,78.8 to 89.6 F,85.43,79.7,92.63,0.88,0,450,1,"34.25,-118.50 (35.4%); 34.00,-118.25 (23.1%); 34.00,-118.50 (22.6%); 34.25,-118.25 (10.1%); 33.75,-118.25 (6.4%); 34.25,-118.75 (2.4%)"
2024-06-17,82.03,27.79,1.0,Moderate heat stress,78.8 to 89.6 F,85.58,79.85,92.63,-3.55,0,450,1,"34.25,-118.50 (35.4%); 34.00,-118.25 (23.1%); 34.00,-118.50 (22.6%); 34.25,-118.25 (10.1%); 33.75,-118.25 (6.4%); 34.25,-118.75 (2.4%)"
2024-06-18,84.01,28.89,1.0,Moderate heat stress,78.8 to 89.6 F,85.82,79.95,92.67,-1.81,0,450,1,"34.25,-118.50 (35.4%); 34.00,-118.25 (23.1%); 34.00,-118.50 (22.6%); 34.25,-118.25 (10.1%); 33.75,-118.25 (6.4%); 34.25,-118.75 (2.4%)"
2024-06-19,82.66,28.14,1.0,Moderate heat stress,78.8 to 89.6 F,86.12,80.18,93.0,-3.46,0,450,1,"34.25,-118.50 (35.4%); 34.00,-118.25 (23.1%); 34.00,-118.50 (22.6%); 34.25,-118.25 (10.1%); 33.75,-118.25 (6.4%); 34.25,-118.75 (2.4%)"
2024-06-20,84.6,29.22,1.0,Moderate heat stress,78.8 to 89.6 F,86.44,80.32,93.17,-1.84,0,450,1,"34.25,-118.50 (35.4%); 34.00,-118.25 (23.1%); 34.00,-118.50 (22.6%); 34.25,-118.25 (10.1%); 33.75,-118.25 (6.4%); 34.25,-118.75 (2.4%)"
2024-06-21,88.97,31.65,1.0,Moderate heat stress,78.8 to 89.6 F,86.73,80.53,93.8,2.24,0,450,1,"34.25,-118.50 (35.4%); 34.00,-118.25 (23.1%); 34.00,-118.50 (22.6%); 34.25,-118.25 (10.1%); 33.75,-118.25 (6.4%); 34.25,-118.75 (2.4%)"
2024-06-22,97.55,36.41,2.0,Strong heat stress,89.6 to 100.4 F,86.97,80.7,94.16,10.58,1,450,1,"34.25,-118.50 (35.4%); 34.00,-118.25 (23.1%); 34.00,-118.50 (22.6%); 34.25,-118.25 (10.1%); 33.75,-118.25 (6.4%); 34.25,-118.75 (2.4%)"
2024-06-23,98.53,36.96,2.0,Strong heat stress,89.6 to 100.4 F,87.31,81.13,94.62,11.22,1,450,1,"34.25,-118.50 (35.4%); 34.00,-118.25 (23.1%); 34.00,-118.50 (22.6%); 34.25,-118.25 (10.1%); 33.75,-118.25 (6.4%); 34.25,-118.75 (2.4%)"
2024-06-24,97.76,36.53,2.0,Strong heat stress,89.6 to 100.4 F,87.73,81.31,94.87,10.03,1,450,1,"34.25,-118.50 (35.4%); 34.00,-118.25 (23.1%); 34.00,-118.50 (22.6%); 34.25,-118.25 (10.1%); 33.75,-118.25 (6.4%); 34.25,-118.75 (2.4%)"
2024-06-25,90.97,32.76,2.0,Strong heat stress,89.6 to 100.4 F,88.03,81.59,95.71,2.94,0,450,1,"34.25,-118.50 (35.4%); 34.00,-118.25 (23.1%); 34.00,-118.50 (22.6%); 34.25,-118.25 (10.1%); 33.75,-118.25 (6.4%); 34.25,-118.75 (2.4%)"
2024-06-26,89.22,31.79,1.0,Moderate heat stress,78.8 to 89.6 F,88.18,81.62,95.87,1.04,0,450,1,"34.25,-118.50 (35.4%); 34.00,-118.25 (23.1%); 34.00,-118.50 (22.6%); 34.25,-118.25 (10.1%); 33.75,-118.25 (6.4%); 34.25,-118.75 (2.4%)"
2024-06-27,89.91,32.17,2.0,Strong heat stress,89.6 to 100.4 F,88.32,81.89,96.12,1.59,0,450,1,"34.25,-118.50 (35.4%); 34.00,-118.25 (23.1%); 34.00,-118.50 (22.6%); 34.25,-118.25 (10.1%); 33.75,-118.25 (6.4%); 34.25,-118.75 (2.4%)"
2024-06-28,87.66,30.92,1.0,Moderate heat stress,78.8 to 89.6 F,88.5,82.07,96.1,-0.84,0,450,1,"34.25,-118.50 (35.4%); 34.00,-118.25 (23.1%); 34.00,-118.50 (22.6%); 34.25,-118.25 (10.1%); 33.75,-118.25 (6.4%); 34.25,-118.75 (2.4%)"
2024-06-29,89.53,31.96,1.0,Moderate heat stress,78.8 to 89.6 F,88.81,82.52,96.36,0.72,0,450,1,"34.25,-118.50 (35.4%); 34.00,-118.25 (23.1%); 34.00,-118.50 (22.6%); 34.25,-118.25 (10.1%); 33.75,-118.25 (6.4%); 34.25,-118.75 (2.4%)"
2024-06-30,92.71,33.73,2.0,Strong heat stress,89.6 to 100.4 F,89.07,82.68,96.67,3.64,0,450,1,"34.25,-118.50 (35.4%); 34.00,-118.25 (23.1%); 34.00,-118.50 (22.6%); 34.25,-118.25 (10.1%); 33.75,-118.25 (6.4%); 34.25,-118.75 (2.4%)"
2024-07-01,90.87,32.7,2.0,Strong heat stress,89.6 to 100.4 F,89.3,82.84,96.83,1.57,0,450,1,"34.25,-118.50 (35.4%); 34.00,-118.25 (23.1%); 34.00,-118.50 (22.6%); 34.25,-118.25 (10.1%); 33.75,-118.25 (6.4%); 34.25,-118.75 (2.4%)"
2024-07-02,92.28,33.49,2.0,Strong heat stress,89.6 to 100.4 F,89.53,83.06,96.94,2.75,0,450,1,"34.25,-118.50 (35.4%); 34.00,-118.25 (23.1%); 34.00,-118.50 (22.6%); 34.25,-118.25 (10.1%); 33.75,-118.25 (6.4%); 34.25,-118.75 (2.4%)"
2024-07-03,94.91,34.95,2.0,Strong heat stress,89.6 to 100.4 F,89.66,83.18,96.94,5.25,0,450,1,"34.25,-118.50 (35.4%); 34.00,-118.25 (23.1%); 34.00,-118.50 (22.6%); 34.25,-118.25 (10.1%); 33.75,-118.25 (6.4%); 34.25,-118.75 (2.4%)"
2024-07-04,92.15,33.42,2.0,Strong heat stress,89.6 to 100.4 F,89.81,83.36,96.94,2.34,0,450,1,"34.25,-118.50 (35.4%); 34.00,-118.25 (23.1%); 34.00,-118.50 (22.6%); 34.25,-118.25 (10.1%); 33.75,-118.25 (6.4%); 34.25,-118.75 (2.4%)"
2024-07-05,100.15,37.86,2.0,Strong heat stress,89.6 to 100.4 F,89.98,83.45,97.01,10.17,1,450,1,"34.25,-118.50 (35.4%); 34.00,-118.25 (23.1%); 34.00,-118.50 (22.6%); 34.25,-118.25 (10.1%); 33.75,-118.25 (6.4%); 34.25,-118.75 (2.4%)"
2024-07-06,94.84,34.91,2.0,Strong heat stress,89.6 to 100.4 F,90.17,83.53,97.01,4.67,0,450,1,"34.25,-118.50 (35.4%); 34.00,-118.25 (23.1%); 34.00,-118.50 (22.6%); 34.25,-118.25 (10.1%); 33.75,-118.25 (6.4%); 34.25,-118.75 (2.4%)"
2024-07-07,91.32,32.96,2.0,Strong heat stress,89.6 to 100.4 F,90.34,83.68,96.94,0.98,0,450,1,"34.25,-118.50 (35.4%); 34.00,-118.25 (23.1%); 34.00,-118.50 (22.6%); 34.25,-118.25 (10.1%); 33.75,-118.25 (6.4%); 34.25,-118.75 (2.4%)"
2024-07-08,90.41,32.45,2.0,Strong heat stress,89.6 to 100.4 F,90.42,83.78,96.93,-0.01,0,450,1,"34.25,-118.50 (35.4%); 34.00,-118.25 (23.1%); 34.00,-118.50 (22.6%); 34.25,-118.25 (10.1%); 33.75,-118.25 (6.4%); 34.25,-118.75 (2.4%)"
2024-07-09,96.45,35.81,2.0,Strong heat stress,89.6 to 100.4 F,90.43,83.6,96.93,6.02,0,450,1,"34.25,-118.50 (35.4%); 34.00,-118.25 (23.1%); 34.00,-118.50 (22.6%); 34.25,-118.25 (10.1%); 33.75,-118.25 (6.4%); 34.25,-118.75 (2.4%)"
2024-07-10,99.51,37.5,2.0,Strong heat stress,89.6 to 100.4 F,90.49,83.6,96.94,9.02,1,450,1,"34.25,-118.50 (35.4%); 34.00,-118.25 (23.1%); 34.00,-118.50 (22.6%); 34.25,-118.25 (10.1%); 33.75,-118.25 (6.4%); 34.25,-118.75 (2.4%)"
2024-07-11,95.86,35.48,2.0,Strong heat stress,89.6 to 100.4 F,90.7,84.04,97.01,5.16,0,450,1,"34.25,-118.50 (35.4%); 34.00,-118.25 (23.1%); 34.00,-118.50 (22.6%); 34.25,-118.25 (10.1%); 33.75,-118.25 (6.4%); 34.25,-118.75 (2.4%)"
2024-07-12,95.83,35.46,2.0,Strong heat stress,89.6 to 100.4 F,90.87,84.24,97.31,4.96,0,450,1,"34.25,-118.50 (35.4%); 34.00,-118.25 (23.1%); 34.00,-118.50 (22.6%); 34.25,-118.25 (10.1%); 33.75,-118.25 (6.4%); 34.25,-118.75 (2.4%)"
2024-07-13,96.35,35.75,2.0,Strong heat stress,89.6 to 100.4 F,90.92,84.3,97.49,5.43,0,450,1,"34.25,-118.50 (35.4%); 34.00,-118.25 (23.1%); 34.00,-118.50 (22.6%); 34.25,-118.25 (10.1%); 33.75,-118.25 (6.4%); 34.25,-118.75 (2.4%)"
2024-07-14,92.7,33.72,2.0,Strong heat stress,89.6 to 100.4 F,90.91,84.44,97.51,1.79,0,450,1,"34.25,-118.50 (35.4%); 34.00,-118.25 (23.1%); 34.00,-118.50 (22.6%); 34.25,-118.25 (10.1%); 33.75,-118.25 (6.4%); 34.25,-118.75 (2.4%)"
2024-07-15,91.91,33.29,2.0,Strong heat stress,89.6 to 100.4 F,90.96,84.49,97.55,0.95,0,450,1,"34.25,-118.50 (35.4%); 34.00,-118.25 (23.1%); 34.00,-118.50 (22.6%); 34.25,-118.25 (10.1%); 33.75,-118.25 (6.4%); 34.25,-118.75 (2.4%)"
2024-07-16,89.36,31.86,1.0,Moderate heat stress,78.8 to 89.6 F,91.08,84.61,97.7,-1.72,0,450,1,"34.25,-118.50 (35.4%); 34.00,-118.25 (23.1%); 34.00,-118.50 (22.6%); 34.25,-118.25 (10.1%); 33.75,-118.25 (6.4%); 34.25,-118.75 (2.4%)"
2024-07-17,90.86,32.7,2.0,Strong heat stress,89.6 to 100.4 F,91.18,84.65,97.91,-0.32,0,450,1,"34.25,-118.50 (35.4%); 34.00,-118.25 (23.1%); 34.00,-118.50 (22.6%); 34.25,-118.25 (10.1%); 33.75,-118.25 (6.4%); 34.25,-118.75 (2.4%)"
2024-07-18,91.97,33.32,2.0,Strong heat stress,89.6 to 100.4 F,91.31,84.92,98.52,0.66,0,450,1,"34.25,-118.50 (35.4%); 34.00,-118.25 (23.1%); 34.00,-118.50 (22.6%); 34.25,-118.25 (10.1%); 33.75,-118.25 (6.4%); 34.25,-118.75 (2.4%)"
2024-07-19,95.71,35.39,2.0,Strong heat stress,89.6 to 100.4 F,91.46,85.02,98.93,4.25,0,450,1,"34.25,-118.50 (35.4%); 34.00,-118.25 (23.1%); 34.00,-118.50 (22.6%); 34.25,-118.25 (10.1%); 33.75,-118.25 (6.4%); 34.25,-118.75 (2.4%)"
2024-07-20,99.04,37.24,2.0,Strong heat stress,89.6 to 100.4 F,91.54,85.18,99.1,7.5,0,450,1,"34.25,-118.50 (35.4%); 34.00,-118.25 (23.1%); 34.00,-118.50 (22.6%); 34.25,-118.25 (10.1%); 33.75,-118.25 (6.4%); 34.25,-118.75 (2.4%)"
2024-07-21,95.4,35.22,2.0,Strong heat stress,89.6 to 100.4 F,91.54,85.18,99.1,3.86,0,450,1,"34.25,-118.50 (35.4%); 34.00,-118.25 (23.1%); 34.00,-118.50 (22.6%); 34.25,-118.25 (10.1%); 33.75,-118.25 (6.4%); 34.25,-118.75 (2.4%)"
2024-07-22,97.19,36.22,2.0,Strong heat stress,89.6 to 100.4 F,91.53,85.18,99.11,5.66,0,450,1,"34.25,-118.50 (35.4%); 34.00,-118.25 (23.1%); 34.00,-118.50 (22.6%); 34.25,-118.25 (10.1%); 33.75,-118.25 (6.4%); 34.25,-118.75 (2.4%)"
2024-07-23,96.13,35.63,2.0,Strong heat stress,89.6 to 100.4 F,91.58,85.22,99.1,4.55,0,450,1,"34.25,-118.50 (35.4%); 34.00,-118.25 (23.1%); 34.00,-118.50 (22.6%); 34.25,-118.25 (10.1%); 33.75,-118.25 (6.4%); 34.25,-118.75 (2.4%)"
2024-07-24,97.8,36.55,2.0,Strong heat stress,89.6 to 100.4 F,91.65,85.25,99.09,6.15,0,450,1,"34.25,-118.50 (35.4%); 34.00,-118.25 (23.1%); 34.00,-118.50 (22.6%); 34.25,-118.25 (10.1%); 33.75,-118.25 (6.4%); 34.25,-118.75 (2.4%)"
2024-07-25,99.65,37.58,2.0,Strong heat stress,89.6 to 100.4 F,91.76,85.38,99.1,7.89,1,450,1,"34.25,-118.50 (35.4%); 34.00,-118.25 (23.1%); 34.00,-118.50 (22.6%); 34.25,-118.25 (10.1%); 33.75,-118.25 (6.4%); 34.25,-118.75 (2.4%)"
2024-07-26,94.93,34.96,2.0,Strong heat stress,89.6 to 100.4 F,91.84,85.39,99.09,3.09,0,450,1,"34.25,-118.50 (35.4%); 34.00,-118.25 (23.1%); 34.00,-118.50 (22.6%); 34.25,-118.25 (10.1%); 33.75,-118.25 (6.4%); 34.25,-118.75 (2.4%)"
2024-07-27,89.87,32.15,2.0,Strong heat stress,89.6 to 100.4 F,91.89,85.71,99.09,-2.02,0,450,1,"34.25,-118.50 (35.4%); 34.00,-118.25 (23.1%); 34.00,-118.50 (22.6%); 34.25,-118.25 (10.1%); 33.75,-118.25 (6.4%); 34.25,-118.75 (2.4%)"
2024-07-28,87.41,30.79,1.0,Moderate heat stress,78.8 to 89.6 F,91.99,85.74,99.04,-4.58,0,450,1,"34.25,-118.50 (35.4%); 34.00,-118.25 (23.1%); 34.00,-118.50 (22.6%); 34.25,-118.25 (10.1%); 33.75,-118.25 (6.4%); 34.25,-118.75 (2.4%)"
2024-07-29,89.99,32.21,2.0,Strong heat stress,89.6 to 100.4 F,92.08,85.81,98.93,-2.09,0,450,1,"34.25,-118.50 (35.4%); 34.00,-118.25 (23.1%); 34.00,-118.50 (22.6%); 34.25,-118.25 (10.1%); 33.75,-118.25 (6.4%); 34.25,-118.75 (2.4%)"
2024-07-30,88.89,31.61,1.0,Moderate heat stress,78.8 to 89.6 F,92.07,85.74,98.93,-3.18,0,450,1,"34.25,-118.50 (35.4%); 34.00,-118.25 (23.1%); 34.00,-118.50 (22.6%); 34.25,-118.25 (10.1%); 33.75,-118.25 (6.4%); 34.25,-118.75 (2.4%)"
2024-07-31,91.26,32.92,2.0,Strong heat stress,89.6 to 100.4 F,92.02,85.71,98.89,-0.76,0,450,1,"34.25,-118.50 (35.4%); 34.00,-118.25 (23.1%); 34.00,-118.50 (22.6%); 34.25,-118.25 (10.1%); 33.75,-118.25 (6.4%); 34.25,-118.75 (2.4%)"
2024-08-01,96.22,35.68,2.0,Strong heat stress,89.6 to 100.4 F,92.03,85.74,98.82,4.19,0,450,1,"34.25,-118.50 (35.4%); 34.00,-118.25 (23.1%); 34.00,-118.50 (22.6%); 34.25,-118.25 (10.1%); 33.75,-118.25 (6.4%); 34.25,-118.75 (2.4%)"
2024-08-02,99.0,37.22,2.0,Strong heat stress,89.6 to 100.4 F,92.08,85.59,98.89,6.92,1,450,1,"34.25,-118.50 (35.4%); 34.00,-118.25 (23.1%); 34.00,-118.50 (22.6%); 34.25,-118.25 (10.1%); 33.75,-118.25 (6.4%); 34.25,-118.75 (2.4%)"
2024-08-03,100.2,37.89,2.0,Strong heat stress,89.6 to 100.4 F,92.06,85.34,99.01,8.14,1,450,1,"34.25,-118.50 (35.4%); 34.00,-118.25 (23.1%); 34.00,-118.50 (22.6%); 34.25,-118.25 (10.1%); 33.75,-118.25 (6.4%); 34.25,-118.75 (2.4%)"
2024-08-04,100.42,38.01,3.0,Very strong heat stress,100.4 to 114.8 F,92.13,85.45,99.01,8.29,1,450,1,"34.25,-118.50 (35.4%); 34.00,-118.25 (23.1%); 34.00,-118.50 (22.6%); 34.25,-118.25 (10.1%); 33.75,-118.25 (6.4%); 34.25,-118.75 (2.4%)"
2024-08-05,102.22,39.01,3.0,Very strong heat stress,100.4 to 114.8 F,92.28,85.65,99.49,9.94,1,450,1,"34.25,-118.50 (35.4%); 34.00,-118.25 (23.1%); 34.00,-118.50 (22.6%); 34.25,-118.25 (10.1%); 33.75,-118.25 (6.4%); 34.25,-118.75 (2.4%)"
2024-08-06,98.86,37.14,2.0,Strong heat stress,89.6 to 100.4 F,92.51,85.82,99.95,6.35,0,450,1,"34.25,-118.50 (35.4%); 34.00,-118.25 (23.1%); 34.00,-118.50 (22.6%); 34.25,-118.25 (10.1%); 33.75,-118.25 (6.4%); 34.25,-118.75 (2.4%)"
2024-08-07,92.54,33.63,2.0,Strong heat stress,89.6 to 100.4 F,92.67,85.82,100.38,-0.13,0,450,1,"34.25,-118.50 (35.4%); 34.00,-118.25 (23.1%); 34.00,-118.50 (22.6%); 34.25,-118.25 (10.1%); 33.75,-118.25 (6.4%); 34.25,-118.75 (2.4%)"
2024-08-08,90.31,32.39,2.0,Strong heat stress,89.6 to 100.4 F,92.8,85.86,100.97,-2.49,0,450,1,"34.25,-118.50 (35.4%); 34.00,-118.25 (23.1%); 34.00,-118.50 (22.6%); 34.25,-118.25 (10.1%); 33.75,-118.25 (6.4%); 34.25,-118.75 (2.4%)"
2024-08-09,94.66,34.81,2.0,Strong heat stress,89.6 to 100.4 F,92.87,85.72,101.12,1.79,0,450,1,"34.25,-118.50 (35.4%); 34.00,-118.25 (23.1%); 34.00,-118.50 (22.6%); 34.25,-118.25 (10.1%); 33.75,-118.25 (6.4%); 34.25,-118.75 (2.4%)"
2024-08-10,96.99,36.11,2.0,Strong heat stress,89.6 to 100.4 F,92.9,85.78,101.22,4.09,0,450,1,"34.25,-118.50 (35.4%); 34.00,-118.25 (23.1%); 34.00,-118.50 (22.6%); 34.25,-118.25 (10.1%); 33.75,-118.25 (6.4%); 34.25,-118.75 (2.4%)"
2024-08-11,95.05,35.03,2.0,Strong heat stress,89.6 to 100.4 F,92.94,85.78,101.25,2.11,0,450,1,"34.25,-118.50 (35.4%); 34.00,-118.25 (23.1%); 34.00,-118.50 (22.6%); 34.25,-118.25 (10.1%); 33.75,-118.25 (6.4%); 34.25,-118.75 (2.4%)"
2024-08-12,94.13,34.52,2.0,Strong heat stress,89.6 to 100.4 F,92.9,85.78,101.25,1.23,0,450,1,"34.25,-118.50 (35.4%); 34.00,-118.25 (23.1%); 34.00,-118.50 (22.6%); 34.25,-118.25 (10.1%); 33.75,-118.25 (6.4%); 34.25,-118.75 (2.4%)"
2024-08-13,94.55,34.75,2.0,Strong heat stress,89.6 to 100.4 F,92.9,85.96,101.25,1.65,0,450,1,"34.25,-118.50 (35.4%); 34.00,-118.25 (23.1%); 34.00,-118.50 (22.6%); 34.25,-118.25 (10.1%); 33.75,-118.25 (6.4%); 34.25,-118.75 (2.4%)"
2024-08-14,93.07,33.93,2.0,Strong heat stress,89.6 to 100.4 F,92.94,86.23,101.19,0.13,0,450,1,"34.25,-118.50 (35.4%); 34.00,-118.25 (23.1%); 34.00,-118.50 (22.6%); 34.25,-118.25 (10.1%); 33.75,-118.25 (6.4%); 34.25,-118.75 (2.4%)"
2024-08-15,94.38,34.66,2.0,Strong heat stress,89.6 to 100.4 F,93.04,86.38,101.22,1.34,0,450,1,"34.25,-118.50 (35.4%); 34.00,-118.25 (23.1%); 34.00,-118.50 (22.6%); 34.25,-118.25 (10.1%); 33.75,-118.25 (6.4%); 34.25,-118.75 (2.4%)"
2024-08-16,94.73,34.85,2.0,Strong heat stress,89.6 to 100.4 F,93.11,86.44,101.25,1.62,0,450,1,"34.25,-118.50 (35.4%); 34.00,-118.25 (23.1%); 34.00,-118.50 (22.6%); 34.25,-118.25 (10.1%); 33.75,-118.25 (6.4%); 34.25,-118.75 (2.4%)"
2024-08-17,89.69,32.05,2.0,Strong heat stress,89.6 to 100.4 F,93.15,86.61,101.25,-3.46,0,450,1,"34.25,-118.50 (35.4%); 34.00,-118.25 (23.1%); 34.00,-118.50 (22.6%); 34.25,-118.25 (10.1%); 33.75,-118.25 (6.4%); 34.25,-118.75 (2.4%)"
2024-08-18,92.44,33.58,2.0,Strong heat stress,89.6 to 100.4 F,93.27,86.82,101.22,-0.83,0,450,1,"34.25,-118.50 (35.4%); 34.00,-118.25 (23.1%); 34.00,-118.50 (22.6%); 34.25,-118.25 (10.1%); 33.75,-118.25 (6.4%); 34.25,-118.75 (2.4%)"
2024-08-19,97.27,36.26,2.0,Strong heat stress,89.6 to 100.4 F,93.38,86.86,101.12,3.89,0,450,1,"34.25,-118.50 (35.4%); 34.00,-118.25 (23.1%); 34.00,-118.50 (22.6%); 34.25,-118.25 (10.1%); 33.75,-118.25 (6.4%); 34.25,-118.75 (2.4%)"
2024-08-20,101.09,38.38,3.0,Very strong heat stress,100.4 to 114.8 F,93.49,86.86,100.98,7.6,1,450,1,"34.25,-118.50 (35.4%); 34.00,-118.25 (23.1%); 34.00,-118.50 (22.6%); 34.25,-118.25 (10.1%); 33.75,-118.25 (6.4%); 34.25,-118.75 (2.4%)"
2024-08-21,98.1,36.72,2.0,Strong heat stress,89.6 to 100.4 F,93.53,86.86,100.98,4.57,0,450,1,"34.25,-118.50 (35.4%); 34.00,-118.25 (23.1%); 34.00,-118.50 (22.6%); 34.25,-118.25 (10.1%); 33.75,-118.25 (6.4%); 34.25,-118.75 (2.4%)"
2024-08-22,89.86,32.14,2.0,Strong heat stress,89.6 to 100.4 F,93.65,87.08,101.12,-3.79,0,450,1,"34.25,-118.50 (35.4%); 34.00,-118.25 (23.1%); 34.00,-118.50 (22.6%); 34.25,-118.25 (10.1%); 33.75,-118.25 (6.4%); 34.25,-118.75 (2.4%)"
2024-08-23,86.02,30.01,1.0,Moderate heat stress,78.8 to 89.6 F,93.71,87.12,101.14,-7.69,0,450,1,"34.25,-118.50 (35.4%); 34.00,-118.25 (23.1%); 34.00,-118.50 (22.6%); 34.25,-118.25 (10.1%); 33.75,-118.25 (6.4%); 34.25,-118.75 (2.4%)"
2024-08-24,84.37,29.1,1.0,Moderate heat stress,78.8 to 89.6 F,93.76,87.12,101.14,-9.39,0,450,1,"34.25,-118.50 (35.4%); 34.00,-118.25 (23.1%); 34.00,-118.50 (22.6%); 34.25,-118.25 (10.1%); 33.75,-118.25 (6.4%); 34.25,-118.75 (2.4%)"
2024-08-25,89.25,31.81,1.0,Moderate heat stress,78.8 to 89.6 F,93.85,87.19,101.33,-4.6,0,450,1,"34.25,-118.50 (35.4%); 34.00,-118.25 (23.1%); 34.00,-118.50 (22.6%); 34.25,-118.25 (10.1%); 33.75,-118.25 (6.4%); 34.25,-118.75 (2.4%)"
2024-08-26,93.79,34.33,2.0,Strong heat stress,89.6 to 100.4 F,94.0,87.19,102.23,-0.21,0,450,1,"34.25,-118.50 (35.4%); 34.00,-118.25 (23.1%); 34.00,-118.50 (22.6%); 34.25,-118.25 (10.1%); 33.75,-118.25 (6.4%); 34.25,-118.75 (2.4%)"
2024-08-27,92.57,33.65,2.0,Strong heat stress,89.6 to 100.4 F,94.21,87.19,102.66,-1.64,0,450,1,"34.25,-118.50 (35.4%); 34.00,-118.25 (23.1%); 34.00,-118.50 (22.6%); 34.25,-118.25 (10.1%); 33.75,-118.25 (6.4%); 34.25,-118.75 (2.4%)"
2024-08-28,89.85,32.14,2.0,Strong heat stress,89.6 to 100.4 F,94.37,87.04,102.8,-4.52,0,450,1,"34.25,-118.50 (35.4%); 34.00,-118.25 (23.1%); 34.00,-118.50 (22.6%); 34.25,-118.25 (10.1%); 33.75,-118.25 (6.4%); 34.25,-118.75 (2.4%)"
2024-08-29,88.17,31.21,1.0,Moderate heat stress,78.8 to 89.6 F,94.6,87.32,103.3,-6.43,0,450,1,"34.25,-118.50 (35.4%); 34.00,-118.25 (23.1%); 34.00,-118.50 (22.6%); 34.25,-118.25 (10.1%); 33.75,-118.25 (6.4%); 34.25,-118.75 (2.4%)"
2024-08-30,89.45,31.92,1.0,Moderate heat stress,78.8 to 89.6 F,94.73,87.32,103.35,-5.28,0,450,1,"34.25,-118.50 (35.4%); 34.00,-118.25 (23.1%); 34.00,-118.50 (22.6%); 34.25,-118.25 (10.1%); 33.75,-118.25 (6.4%); 34.25,-118.75 (2.4%)"
2024-08-31,94.44,34.69,2.0,Strong heat stress,89.6 to 100.4 F,94.77,87.31,103.41,-0.33,0,450,1,"34.25,-118.50 (35.4%); 34.00,-118.25 (23.1%); 34.00,-118.50 (22.6%); 34.25,-118.25 (10.1%); 33.75,-118.25 (6.4%); 34.25,-118.75 (2.4%)"
2024-09-01,95.87,35.49,2.0,Strong heat stress,89.6 to 100.4 F,94.66,87.0,103.41,1.21,0,450,1,"34.25,-118.50 (35.4%); 34.00,-118.25 (23.1%); 34.00,-118.50 (22.6%); 34.25,-118.25 (10.1%); 33.75,-118.25 (6.4%); 34.25,-118.75 (2.4%)"
2024-09-02,97.64,36.46,2.0,Strong heat stress,89.6 to 100.4 F,94.43,86.42,103.41,3.21,0,450,1,"34.25,-118.50 (35.4%); 34.00,-118.25 (23.1%); 34.00,-118.50 (22.6%); 34.25,-118.25 (10.1%); 33.75,-118.25 (6.4%); 34.25,-118.75 (2.4%)"
2024-09-03,98.28,36.82,2.0,Strong heat stress,89.6 to 100.4 F,94.19,86.08,103.35,4.09,0,450,1,"34.25,-118.50 (35.4%); 34.00,-118.25 (23.1%); 34.00,-118.50 (22.6%); 34.25,-118.25 (10.1%); 33.75,-118.25 (6.4%); 34.25,-118.75 (2.4%)"
2024-09-04,106.24,41.24,3.0,Very strong heat stress,100.4 to 114.8 F,93.91,85.76,103.11,12.33,1,450,1,"34.25,-118.50 (35.4%); 34.00,-118.25 (23.1%); 34.00,-118.50 (22.6%); 34.25,-118.25 (10.1%); 33.75,-118.25 (6.4%); 34.25,-118.75 (2.4%)"
2024-09-05,113.81,45.45,3.0,Very strong heat stress,100.4 to 114.8 F,93.62,85.3,102.97,20.19,1,450,1,"34.25,-118.50 (35.4%); 34.00,-118.25 (23.1%); 34.00,-118.50 (22.6%); 34.25,-118.25 (10.1%); 33.75,-118.25 (6.4%); 34.25,-118.75 (2.4%)"
2024-09-06,117.07,47.26,4.0,Extreme heat stress,> 114.8 F,93.25,85.01,102.21,23.82,1,450,1,"34.25,-118.50 (35.4%); 34.00,-118.25 (23.1%); 34.00,-118.50 (22.6%); 34.25,-118.25 (10.1%); 33.75,-118.25 (6.4%); 34.25,-118.75 (2.4%)"
2024-09-07,108.92,42.73,3.0,Very strong heat stress,100.4 to 114.8 F,93.03,84.88,101.61,15.89,1,450,1,"34.25,-118.50 (35.4%); 34.00,-118.25 (23.1%); 34.00,-118.50 (22.6%); 34.25,-118.25 (10.1%); 33.75,-118.25 (6.4%); 34.25,-118.75 (2.4%)"
2024-09-08,112.08,44.49,3.0,Very strong heat stress,100.4 to 114.8 F,92.81,84.75,101.31,19.27,1,450,1,"34.25,-118.50 (35.4%); 34.00,-118.25 (23.1%); 34.00,-118.50 (22.6%); 34.25,-118.25 (10.1%); 33.75,-118.25 (6.4%); 34.25,-118.75 (2.4%)"
2024-09-09,110.76,43.76,3.0,Very strong heat stress,100.4 to 114.8 F,92.56,84.41,101.03,18.2,1,450,1,"34.25,-118.50 (35.4%); 34.00,-118.25 (23.1%); 34.00,-118.50 (22.6%); 34.25,-118.25 (10.1%); 33.75,-118.25 (6.4%); 34.25,-118.75 (2.4%)"
2024-09-10,98.71,37.06,2.0,Strong heat stress,89.6 to 100.4 F,92.23,84.3,100.55,6.48,0,450,1,"34.25,-118.50 (35.4%); 34.00,-118.25 (23.1%); 34.00,-118.50 (22.6%); 34.25,-118.25 (10.1%); 33.75,-118.25 (6.4%); 34.25,-118.75 (2.4%)"
2024-09-11,86.27,30.15,1.0,Moderate heat stress,78.8 to 89.6 F,91.94,84.41,100.18,-5.67,0,450,1,"34.25,-118.50 (35.4%); 34.00,-118.25 (23.1%); 34.00,-118.50 (22.6%); 34.25,-118.25 (10.1%); 33.75,-118.25 (6.4%); 34.25,-118.75 (2.4%)"
2024-09-12,84.5,29.17,1.0,Moderate heat stress,78.8 to 89.6 F,91.63,84.01,99.56,-7.13,0,450,1,"34.25,-118.50 (35.4%); 34.00,-118.25 (23.1%); 34.00,-118.50 (22.6%); 34.25,-118.25 (10.1%); 33.75,-118.25 (6.4%); 34.25,-118.75 (2.4%)"
2024-09-13,87.23,30.68,1.0,Moderate heat stress,78.8 to 89.6 F,91.2,83.85,99.13,-3.97,0,450,1,"34.25,-118.50 (35.4%); 34.00,-118.25 (23.1%); 34.00,-118.50 (22.6%); 34.25,-118.25 (10.1%); 33.75,-118.25 (6.4%); 34.25,-118.75 (2.4%)"
2024-09-14,87.17,30.65,1.0,Moderate heat stress,78.8 to 89.6 F,90.85,83.58,98.73,-3.68,0,450,1,"34.25,-118.50 (35.4%); 34.00,-118.25 (23.1%); 34.00,-118.50 (22.6%); 34.25,-118.25 (10.1%); 33.75,-118.25 (6.4%); 34.25,-118.75 (2.4%)"
2024-09-15,83.46,28.59,1.0,Moderate heat stress,78.8 to 89.6 F,90.59,83.4,98.68,-7.13,0,450,1,"34.25,-118.50 (35.4%); 34.00,-118.25 (23.1%); 34.00,-118.50 (22.6%); 34.25,-118.25 (10.1%); 33.75,-118.25 (6.4%); 34.25,-118.75 (2.4%)"
2024-09-16,77.21,25.12,0.0,No thermal stress,48.2 to 78.8 F,90.57,83.22,98.73,-13.36,0,450,1,"34.25,-118.50 (35.4%); 34.00,-118.25 (23.1%); 34.00,-118.50 (22.6%); 34.25,-118.25 (10.1%); 33.75,-118.25 (6.4%); 34.25,-118.75 (2.4%)"
2024-09-17,82.18,27.88,1.0,Moderate heat stress,78.8 to 89.6 F,90.7,83.28,98.81,-8.52,0,450,1,"34.25,-118.50 (35.4%); 34.00,-118.25 (23.1%); 34.00,-118.50 (22.6%); 34.25,-118.25 (10.1%); 33.75,-118.25 (6.4%); 34.25,-118.75 (2.4%)"
2024-09-18,81.74,27.63,1.0,Moderate heat stress,78.8 to 89.6 F,90.73,83.28,98.99,-8.99,0,450,1,"34.25,-118.50 (35.4%); 34.00,-118.25 (23.1%); 34.00,-118.50 (22.6%); 34.25,-118.25 (10.1%); 33.75,-118.25 (6.4%); 34.25,-118.75 (2.4%)"
2024-09-19,80.58,26.99,1.0,Moderate heat stress,78.8 to 89.6 F,90.74,83.22,99.68,-10.16,0,450,1,"34.25,-118.50 (35.4%); 34.00,-118.25 (23.1%); 34.00,-118.50 (22.6%); 34.25,-118.25 (10.1%); 33.75,-118.25 (6.4%); 34.25,-118.75 (2.4%)"
2024-09-20,86.27,30.15,1.0,Moderate heat stress,78.8 to 89.6 F,90.81,83.13,99.62,-4.54,0,450,1,"34.25,-118.50 (35.4%); 34.00,-118.25 (23.1%); 34.00,-118.50 (22.6%); 34.25,-118.25 (10.1%); 33.75,-118.25 (6.4%); 34.25,-118.75 (2.4%)"
2024-09-21,85.77,29.87,1.0,Moderate heat stress,78.8 to 89.6 F,90.87,82.71,99.75,-5.1,0,450,1,"34.25,-118.50 (35.4%); 34.00,-118.25 (23.1%); 34.00,-118.50 (22.6%); 34.25,-118.25 (10.1%); 33.75,-118.25 (6.4%); 34.25,-118.75 (2.4%)"
2024-09-22,90.74,32.63,2.0,Strong heat stress,89.6 to 100.4 F,90.89,82.21,99.75,-0.15,0,450,1,"34.25,-118.50 (35.4%); 34.00,-118.25 (23.1%); 34.00,-118.50 (22.6%); 34.25,-118.25 (10.1%); 33.75,-118.25 (6.4%); 34.25,-118.75 (2.4%)"
2024-09-23,93.69,34.27,2.0,Strong heat stress,89.6 to 100.4 F,91.0,82.03,100.12,2.69,0,450,1,"34.25,-118.50 (35.4%); 34.00,-118.25 (23.1%); 34.00,-118.50 (22.6%); 34.25,-118.25 (10.1%); 33.75,-118.25 (6.4%); 34.25,-118.75 (2.4%)"
2024-09-24,92.4,33.56,2.0,Strong heat stress,89.6 to 100.4 F,91.03,81.81,100.27,1.37,0,450,1,"34.25,-118.50 (35.4%); 34.00,-118.25 (23.1%); 34.00,-118.50 (22.6%); 34.25,-118.25 (10.1%); 33.75,-118.25 (6.4%); 34.25,-118.75 (2.4%)"
2024-09-25,86.35,30.19,1.0,Moderate heat stress,78.8 to 89.6 F,91.02,82.03,100.61,-4.67,0,450,1,"34.25,-118.50 (35.4%); 34.00,-118.25 (23.1%); 34.00,-118.50 (22.6%); 34.25,-118.25 (10.1%); 33.75,-118.25 (6.4%); 34.25,-118.75 (2.4%)"
2024-09-26,86.61,30.34,1.0,Moderate heat stress,78.8 to 89.6 F,90.77,81.65,100.81,-4.16,0,450,1,"34.25,-118.50 (35.4%); 34.00,-118.25 (23.1%); 34.00,-118.50 (22.6%); 34.25,-118.25 (10.1%); 33.75,-118.25 (6.4%); 34.25,-118.75 (2.4%)"
2024-09-27,87.59,30.88,1.0,Moderate heat stress,78.8 to 89.6 F,90.41,81.36,100.86,-2.82,0,450,1,"34.25,-118.50 (35.4%); 34.00,-118.25 (23.1%); 34.00,-118.50 (22.6%); 34.25,-118.25 (10.1%); 33.75,-118.25 (6.4%); 34.25,-118.75 (2.4%)"
2024-09-28,87.41,30.78,1.0,Moderate heat stress,78.8 to 89.6 F,90.19,80.96,100.81,-2.78,0,450,1,"34.25,-118.50 (35.4%); 34.00,-118.25 (23.1%); 34.00,-118.50 (22.6%); 34.25,-118.25 (10.1%); 33.75,-118.25 (6.4%); 34.25,-118.75 (2.4%)"
2024-09-29,87.76,30.98,1.0,Moderate heat stress,78.8 to 89.6 F,90.09,80.91,100.86,-2.33,0,450,1,"34.25,-118.50 (35.4%); 34.00,-118.25 (23.1%); 34.00,-118.50 (22.6%); 34.25,-118.25 (10.1%); 33.75,-118.25 (6.4%); 34.25,-118.75 (2.4%)"
2024-09-30,95.21,35.12,2.0,Strong heat stress,89.6 to 100.4 F,90.07,80.96,100.86,5.14,0,450,1,"34.25,-118.50 (35.4%); 34.00,-118.25 (23.1%); 34.00,-118.50 (22.6%); 34.25,-118.25 (10.1%); 33.75,-118.25 (6.4%); 34.25,-118.75 (2.4%)"
2024-10-01,98.16,36.76,2.0,Strong heat stress,89.6 to 100.4 F,89.89,80.96,100.17,8.27,0,450,1,"34.25,-118.50 (35.4%); 34.00,-118.25 (23.1%); 34.00,-118.50 (22.6%); 34.25,-118.25 (10.1%); 33.75,-118.25 (6.4%); 34.25,-118.75 (2.4%)"
2024-10-02,100.03,37.79,2.0,Strong heat stress,89.6 to 100.4 F,89.55,80.91,100.11,10.48,0,450,1,"34.25,-118.50 (35.4%); 34.00,-118.25 (23.1%); 34.00,-118.50 (22.6%); 34.25,-118.25 (10.1%); 33.75,-118.25 (6.4%); 34.25,-118.75 (2.4%)"
2024-10-03,97.25,36.25,2.0,Strong heat stress,89.6 to 100.4 F,89.23,80.19,99.97,8.02,0,450,1,"34.25,-118.50 (35.4%); 34.00,-118.25 (23.1%); 34.00,-118.50 (22.6%); 34.25,-118.25 (10.1%); 33.75,-118.25 (6.4%); 34.25,-118.75 (2.4%)"
2024-10-04,94.15,34.53,2.0,Strong heat stress,89.6 to 100.4 F,88.86,79.8,99.63,5.29,0,450,1,"34.25,-118.50 (35.4%); 34.00,-118.25 (23.1%); 34.00,-118.50 (22.6%); 34.25,-118.25 (10.1%); 33.75,-118.25 (6.4%); 34.25,-118.75 (2.4%)"
2024-10-05,94.18,34.55,2.0,Strong heat stress,89.6 to 100.4 F,88.53,79.53,99.2,5.65,0,450,1,"34.25,-118.50 (35.4%); 34.00,-118.25 (23.1%); 34.00,-118.50 (22.6%); 34.25,-118.25 (10.1%); 33.75,-118.25 (6.4%); 34.25,-118.75 (2.4%)"
2024-10-06,97.67,36.48,2.0,Strong heat stress,89.6 to 100.4 F,88.26,79.46,98.97,9.41,0,450,1,"34.25,-118.50 (35.4%); 34.00,-118.25 (23.1%); 34.00,-118.50 (22.6%); 34.25,-118.25 (10.1%); 33.75,-118.25 (6.4%); 34.25,-118.75 (2.4%)"
2024-10-07,96.23,35.68,2.0,Strong heat stress,89.6 to 100.4 F,88.01,79.37,98.57,8.22,0,450,1,"34.25,-118.50 (35.4%); 34.00,-118.25 (23.1%); 34.00,-118.50 (22.6%); 34.25,-118.25 (10.1%); 33.75,-118.25 (6.4%); 34.25,-118.75 (2.4%)"
2024-10-08,92.52,33.62,2.0,Strong heat stress,89.6 to 100.4 F,87.62,78.72,97.87,4.9,0,450,1,"34.25,-118.50 (35.4%); 34.00,-118.25 (23.1%); 34.00,-118.50 (22.6%); 34.25,-118.25 (10.1%); 33.75,-118.25 (6.4%); 34.25,-118.75 (2.4%)"
2024-10-09,90.95,32.75,2.0,Strong heat stress,89.6 to 100.4 F,87.29,78.29,97.76,3.66,0,450,1,"34.25,-118.50 (35.4%); 34.00,-118.25 (23.1%); 34.00,-118.50 (22.6%); 34.25,-118.25 (10.1%); 33.75,-118.25 (6.4%); 34.25,-118.75 (2.4%)"
2024-10-10,89.8,32.11,2.0,Strong heat stress,89.6 to 100.4 F,87.07,77.8,97.45,2.73,0,450,1,"34.25,-118.50 (35.4%); 34.00,-118.25 (23.1%); 34.00,-118.50 (22.6%); 34.25,-118.25 (10.1%); 33.75,-118.25 (6.4%); 34.25,-118.75 (2.4%)"
2024-10-11,91.32,32.95,2.0,Strong heat stress,89.6 to 100.4 F,87.04,77.75,97.17,4.28,0,450,1,"34.25,-118.50 (35.4%); 34.00,-118.25 (23.1%); 34.00,-118.50 (22.6%); 34.25,-118.25 (10.1%); 33.75,-118.25 (6.4%); 34.25,-118.75 (2.4%)"
2024-10-12,87.33,30.74,1.0,Moderate heat stress,78.8 to 89.6 F,87.16,78.29,97.06,0.17,0,450,1,"34.25,-118.50 (35.4%); 34.00,-118.25 (23.1%); 34.00,-118.50 (22.6%); 34.25,-118.25 (10.1%); 33.75,-118.25 (6.4%); 34.25,-118.75 (2.4%)"
2024-10-13,85.54,29.75,1.0,Moderate heat stress,78.8 to 89.6 F,87.15,78.29,97.15,-1.61,0,450,1,"34.25,-118.50 (35.4%); 34.00,-118.25 (23.1%); 34.00,-118.50 (22.6%); 34.25,-118.25 (10.1%); 33.75,-118.25 (6.4%); 34.25,-118.75 (2.4%)"
2024-10-14,83.61,28.67,1.0,Moderate heat stress,78.8 to 89.6 F,86.95,78.24,96.85,-3.34,0,450,1,"34.25,-118.50 (35.4%); 34.00,-118.25 (23.1%); 34.00,-118.50 (22.6%); 34.25,-118.25 (10.1%); 33.75,-118.25 (6.4%); 34.25,-118.75 (2.4%)"
2024-10-15,84.93,29.41,1.0,Moderate heat stress,78.8 to 89.6 F,86.73,77.79,96.85,-1.8,0,450,1,"34.25,-118.50 (35.4%); 34.00,-118.25 (23.1%); 34.00,-118.50 (22.6%); 34.25,-118.25 (10.1%); 33.75,-118.25 (6.4%); 34.25,-118.75 (2.4%)"
2024-10-16,82.4,28.0,1.0,Moderate heat stress,78.8 to 89.6 F,86.59,77.13,96.62,-4.19,0,450,1,"34.25,-118.50 (35.4%); 34.00,-118.25 (23.1%); 34.00,-118.50 (22.6%); 34.25,-118.25 (10.1%); 33.75,-118.25 (6.4%); 34.25,-118.75 (2.4%)"
2024-10-17,75.0,23.89,0.0,No thermal stress,48.2 to 78.8 F,86.47,77.13,96.53,-11.47,0,450,1,"34.25,-118.50 (35.4%); 34.00,-118.25 (23.1%); 34.00,-118.50 (22.6%); 34.25,-118.25 (10.1%); 33.75,-118.25 (6.4%); 34.25,-118.75 (2.4%)"
2024-10-18,83.9,28.83,1.0,Moderate heat stress,78.8 to 89.6 F,86.32,76.47,96.28,-2.42,0,450,1,"34.25,-118.50 (35.4%); 34.00,-118.25 (23.1%); 34.00,-118.50 (22.6%); 34.25,-118.25 (10.1%); 33.75,-118.25 (6.4%); 34.25,-118.75 (2.4%)"
2024-10-19,85.86,29.92,1.0,Moderate heat stress,78.8 to 89.6 F,86.25,76.34,96.26,-0.39,0,450,1,"34.25,-118.50 (35.4%); 34.00,-118.25 (23.1%); 34.00,-118.50 (22.6%); 34.25,-118.25 (10.1%); 33.75,-118.25 (6.4%); 34.25,-118.75 (2.4%)"
2024-10-20,89.29,31.83,1.0,Moderate heat stress,78.8 to 89.6 F,86.04,76.12,96.05,3.25,0,450,1,"34.25,-118.50 (35.4%); 34.00,-118.25 (23.1%); 34.00,-118.50 (22.6%); 34.25,-118.25 (10.1%); 33.75,-118.25 (6.4%); 34.25,-118.75 (2.4%)"
2024-10-21,91.3,32.94,2.0,Strong heat stress,89.6 to 100.4 F,85.78,75.87,95.7,5.52,0,450,1,"34.25,-118.50 (35.4%); 34.00,-118.25 (23.1%); 34.00,-118.50 (22.6%); 34.25,-118.25 (10.1%); 33.75,-118.25 (6.4%); 34.25,-118.75 (2.4%)"
2024-10-22,92.06,33.37,2.0,Strong heat stress,89.6 to 100.4 F,85.36,75.02,95.38,6.7,0,450,1,"34.25,-118.50 (35.4%); 34.00,-118.25 (23.1%); 34.00,-118.50 (22.6%); 34.25,-118.25 (10.1%); 33.75,-118.25 (6.4%); 34.25,-118.75 (2.4%)"
2024-10-23,93.19,33.99,2.0,Strong heat stress,89.6 to 100.4 F,84.94,74.6,94.84,8.25,0,450,1,"34.25,-118.50 (35.4%); 34.00,-118.25 (23.1%); 34.00,-118.50 (22.6%); 34.25,-118.25 (10.1%); 33.75,-118.25 (6.4%); 34.25,-118.75 (2.4%)"
2024-10-24,89.56,31.98,1.0,Moderate heat stress,78.8 to 89.6 F,84.69,74.41,94.08,4.87,0,450,1,"34.25,-118.50 (35.4%); 34.00,-118.25 (23.1%); 34.00,-118.50 (22.6%); 34.25,-118.25 (10.1%); 33.75,-118.25 (6.4%); 34.25,-118.75 (2.4%)"
2024-10-25,87.43,30.8,1.0,Moderate heat stress,78.8 to 89.6 F,84.49,74.41,93.75,2.94,0,450,1,"34.25,-118.50 (35.4%); 34.00,-118.25 (23.1%); 34.00,-118.50 (22.6%); 34.25,-118.25 (10.1%); 33.75,-118.25 (6.4%); 34.25,-118.75 (2.4%)"
2024-10-26,89.93,32.18,2.0,Strong heat stress,89.6 to 100.4 F,84.28,74.09,93.73,5.65,0,450,1,"34.25,-118.50 (35.4%); 34.00,-118.25 (23.1%); 34.00,-118.50 (22.6%); 34.25,-118.25 (10.1%); 33.75,-118.25 (6.4%); 34.25,-118.75 (2.4%)"
2024-10-27,88.39,31.33,1.0,Moderate heat stress,78.8 to 89.6 F,84.06,74.09,93.55,4.33,0,450,1,"34.25,-118.50 (35.4%); 34.00,-118.25 (23.1%); 34.00,-118.50 (22.6%); 34.25,-118.25 (10.1%); 33.75,-118.25 (6.4%); 34.25,-118.75 (2.4%)"
2024-10-28,78.36,25.75,0.0,No thermal stress,48.2 to 78.8 F,83.85,74.01,93.26,-5.49,0,450,1,"34.25,-118.50 (35.4%); 34.00,-118.25 (23.1%); 34.00,-118.50 (22.6%); 34.25,-118.25 (10.1%); 33.75,-118.25 (6.4%); 34.25,-118.75 (2.4%)"
2024-10-29,77.4,25.22,0.0,No thermal stress,48.2 to 78.8 F,83.76,74.27,93.1,-6.36,0,450,1,"34.25,-118.50 (35.4%); 34.00,-118.25 (23.1%); 34.00,-118.50 (22.6%); 34.25,-118.25 (10.1%); 33.75,-118.25 (6.4%); 34.25,-118.75 (2.4%)"
2024-10-30,82.51,28.06,1.0,Moderate heat stress,78.8 to 89.6 F,83.52,74.32,92.86,-1.01,0,450,1,"34.25,-118.50 (35.4%); 34.00,-118.25 (23.1%); 34.00,-118.50 (22.6%); 34.25,-118.25 (10.1%); 33.75,-118.25 (6.4%); 34.25,-118.75 (2.4%)"
2024-10-31,79.89,26.61,1.0,Moderate heat stress,78.8 to 89.6 F,83.22,74.27,92.61,-3.33,0,450,1,"34.25,-118.50 (35.4%); 34.00,-118.25 (23.1%); 34.00,-118.50 (22.6%); 34.25,-118.25 (10.1%); 33.75,-118.25 (6.4%); 34.25,-118.75 (2.4%)"
2024-11-01,80.93,27.18,1.0,Moderate heat stress,78.8 to 89.6 F,82.76,73.54,92.47,-1.83,0,450,1,"34.25,-118.50 (35.4%); 34.00,-118.25 (23.1%); 34.00,-118.50 (22.6%); 34.25,-118.25 (10.1%); 33.75,-118.25 (6.4%); 34.25,-118.75 (2.4%)"
2024-11-02,76.65,24.8,0.0,No thermal stress,48.2 to 78.8 F,82.36,73.3,92.12,-5.71,0,450,1,"34.25,-118.50 (35.4%); 34.00,-118.25 (23.1%); 34.00,-118.50 (22.6%); 34.25,-118.25 (10.1%); 33.75,-118.25 (6.4%); 34.25,-118.75 (2.4%)"
2024-11-03,79.74,26.52,1.0,Moderate heat stress,78.8 to 89.6 F,81.95,73.06,91.99,-2.21,0,450,1,"34.25,-118.50 (35.4%); 34.00,-118.25 (23.1%); 34.00,-118.50 (22.6%); 34.25,-118.25 (10.1%); 33.75,-118.25 (6.4%); 34.25,-118.75 (2.4%)"
2024-11-04,84.81,29.34,1.0,Moderate heat stress,78.8 to 89.6 F,81.65,73.02,91.38,3.16,0,450,1,"34.25,-118.50 (35.4%); 34.00,-118.25 (23.1%); 34.00,-118.50 (22.6%); 34.25,-118.25 (10.1%); 33.75,-118.25 (6.4%); 34.25,-118.75 (2.4%)"
2024-11-05,81.64,27.58,1.0,Moderate heat stress,78.8 to 89.6 F,81.49,72.52,91.14,0.15,0,450,1,"34.25,-118.50 (35.4%); 34.00,-118.25 (23.1%); 34.00,-118.50 (22.6%); 34.25,-118.25 (10.1%); 33.75,-118.25 (6.4%); 34.25,-118.75 (2.4%)"
2024-11-06,74.06,23.37,0.0,No thermal stress,48.2 to 78.8 F,81.57,72.77,91.32,-7.51,0,450,1,"34.25,-118.50 (35.4%); 34.00,-118.25 (23.1%); 34.00,-118.50 (22.6%); 34.25,-118.25 (10.1%); 33.75,-118.25 (6.4%); 34.25,-118.75 (2.4%)"
2024-11-07,84.2,29.0,1.0,Moderate heat stress,78.8 to 89.6 F,81.65,73.02,91.46,2.55,0,450,1,"34.25,-118.50 (35.4%); 34.00,-118.25 (23.1%); 34.00,-118.50 (22.6%); 34.25,-118.25 (10.1%); 33.75,-118.25 (6.4%); 34.25,-118.75 (2.4%)"
2024-11-08,81.95,27.75,1.0,Moderate heat stress,78.8 to 89.6 F,81.52,72.77,91.32,0.43,0,450,1,"34.25,-118.50 (35.4%); 34.00,-118.25 (23.1%); 34.00,-118.50 (22.6%); 34.25,-118.25 (10.1%); 33.75,-118.25 (6.4%); 34.25,-118.75 (2.4%)"
2024-11-09,84.43,29.13,1.0,Moderate heat stress,78.8 to 89.6 F,81.25,72.2,91.14,3.18,0,450,1,"34.25,-118.50 (35.4%); 34.00,-118.25 (23.1%); 34.00,-118.50 (22.6%); 34.25,-118.25 (10.1%); 33.75,-118.25 (6.4%); 34.25,-118.75 (2.4%)"
2024-11-10,84.31,29.06,1.0,Moderate heat stress,78.8 to 89.6 F,81.07,71.94,90.92,3.24,0,450,1,"34.25,-118.50 (35.4%); 34.00,-118.25 (23.1%); 34.00,-118.50 (22.6%); 34.25,-118.25 (10.1%); 33.75,-118.25 (6.4%); 34.25,-118.75 (2.4%)"
2024-11-11,77.9,25.5,0.0,No thermal stress,48.2 to 78.8 F,80.96,71.79,90.06,-3.06,0,450,1,"34.25,-118.50 (35.4%); 34.00,-118.25 (23.1%); 34.00,-118.50 (22.6%); 34.25,-118.25 (10.1%); 33.75,-118.25 (6.4%); 34.25,-118.75 (2.4%)"
2024-11-12,81.48,27.49,1.0,Moderate heat stress,78.8 to 89.6 F,80.89,71.73,89.29,0.59,0,450,1,"34.25,-118.50 (35.4%); 34.00,-118.25 (23.1%); 34.00,-118.50 (22.6%); 34.25,-118.25 (10.1%); 33.75,-118.25 (6.4%); 34.25,-118.75 (2.4%)"
2024-11-13,85.2,29.56,1.0,Moderate heat stress,78.8 to 89.6 F,80.58,71.18,89.09,4.62,0,450,1,"34.25,-118.50 (35.4%); 34.00,-118.25 (23.1%); 34.00,-118.50 (22.6%); 34.25,-118.25 (10.1%); 33.75,-118.25 (6.4%); 34.25,-118.75 (2.4%)"
2024-11-14,80.68,27.04,1.0,Moderate heat stress,78.8 to 89.6 F,80.3,70.98,89.09,0.38,0,450,1,"34.25,-118.50 (35.4%); 34.00,-118.25 (23.1%); 34.00,-118.50 (22.6%); 34.25,-118.25 (10.1%); 33.75,-118.25 (6.4%); 34.25,-118.75 (2.4%)"
2024-11-15,67.32,19.62,0.0,No thermal stress,48.2 to 78.8 F,80.09,70.39,89.01,-12.77,0,450,1,"34.25,-118.50 (35.4%); 34.00,-118.25 (23.1%); 34.00,-118.50 (22.6%); 34.25,-118.25 (10.1%); 33.75,-118.25 (6.4%); 34.25,-118.75 (2.4%)"
2024-11-16,75.17,23.98,0.0,No thermal stress,48.2 to 78.8 F,80.12,71.14,88.93,-4.95,0,450,1,"34.25,-118.50 (35.4%); 34.00,-118.25 (23.1%); 34.00,-118.50 (22.6%); 34.25,-118.25 (10.1%); 33.75,-118.25 (6.4%); 34.25,-118.75 (2.4%)"
2024-11-17,77.87,25.49,0.0,No thermal stress,48.2 to 78.8 F,80.18,71.36,88.71,-2.31,0,450,1,"34.25,-118.50 (35.4%); 34.00,-118.25 (23.1%); 34.00,-118.50 (22.6%); 34.25,-118.25 (10.1%); 33.75,-118.25 (6.4%); 34.25,-118.75 (2.4%)"
2024-11-18,76.44,24.69,0.0,No thermal stress,48.2 to 78.8 F,80.18,71.61,88.57,-3.74,0,450,1,"34.25,-118.50 (35.4%); 34.00,-118.25 (23.1%); 34.00,-118.50 (22.6%); 34.25,-118.25 (10.1%); 33.75,-118.25 (6.4%); 34.25,-118.75 (2.4%)"
2024-11-19,80.81,27.12,1.0,Moderate heat stress,78.8 to 89.6 F,80.05,71.17,88.48,0.76,0,450,1,"34.25,-118.50 (35.4%); 34.00,-118.25 (23.1%); 34.00,-118.50 (22.6%); 34.25,-118.25 (10.1%); 33.75,-118.25 (6.4%); 34.25,-118.75 (2.4%)"
2024-11-20,81.85,27.69,1.0,Moderate heat stress,78.8 to 89.6 F,79.68,71.05,88.47,2.17,0,450,1,"34.25,-118.50 (35.4%); 34.00,-118.25 (23.1%); 34.00,-118.50 (22.6%); 34.25,-118.25 (10.1%); 33.75,-118.25 (6.4%); 34.25,-118.75 (2.4%)"
2024-11-21,82.53,28.07,1.0,Moderate heat stress,78.8 to 89.6 F,79.17,70.32,87.54,3.36,0,450,1,"34.25,-118.50 (35.4%); 34.00,-118.25 (23.1%); 34.00,-118.50 (22.6%); 34.25,-118.25 (10.1%); 33.75,-118.25 (6.4%); 34.25,-118.75 (2.4%)"
2024-11-22,79.25,26.25,1.0,Moderate heat stress,78.8 to 89.6 F,78.67,69.62,87.16,0.58,0,450,1,"34.25,-118.50 (35.4%); 34.00,-118.25 (23.1%); 34.00,-118.50 (22.6%); 34.25,-118.25 (10.1%); 33.75,-118.25 (6.4%); 34.25,-118.75 (2.4%)"
2024-11-23,62.96,17.2,0.0,No thermal stress,48.2 to 78.8 F,78.31,69.46,86.41,-15.35,0,450,1,"34.25,-118.50 (35.4%); 34.00,-118.25 (23.1%); 34.00,-118.50 (22.6%); 34.25,-118.25 (10.1%); 33.75,-118.25 (6.4%); 34.25,-118.75 (2.4%)"
2024-11-24,71.75,22.09,0.0,No thermal stress,48.2 to 78.8 F,78.07,69.46,86.0,-6.32,0,450,1,"34.25,-118.50 (35.4%); 34.00,-118.25 (23.1%); 34.00,-118.50 (22.6%); 34.25,-118.25 (10.1%); 33.75,-118.25 (6.4%); 34.25,-118.75 (2.4%)"
2024-11-25,73.13,22.85,0.0,No thermal stress,48.2 to 78.8 F,77.73,69.04,85.84,-4.6,0,450,1,"34.25,-118.50 (35.4%); 34.00,-118.25 (23.1%); 34.00,-118.50 (22.6%); 34.25,-118.25 (10.1%); 33.75,-118.25 (6.4%); 34.25,-118.75 (2.4%)"
2024-11-26,73.52,23.06,0.0,No thermal stress,48.2 to 78.8 F,77.35,68.39,85.51,-3.83,0,450,1,"34.25,-118.50 (35.4%); 34.00,-118.25 (23.1%); 34.00,-118.50 (22.6%); 34.25,-118.25 (10.1%); 33.75,-118.25 (6.4%); 34.25,-118.75 (2.4%)"
2024-11-27,81.16,27.31,1.0,Moderate heat stress,78.8 to 89.6 F,77.0,67.94,85.17,4.16,0,450,1,"34.25,-118.50 (35.4%); 34.00,-118.25 (23.1%); 34.00,-118.50 (22.6%); 34.25,-118.25 (10.1%); 33.75,-118.25 (6.4%); 34.25,-118.75 (2.4%)"
2024-11-28,82.13,27.85,1.0,Moderate heat stress,78.8 to 89.6 F,76.7,67.54,84.84,5.43,0,450,1,"34.25,-118.50 (35.4%); 34.00,-118.25 (23.1%); 34.00,-118.50 (22.6%); 34.25,-118.25 (10.1%); 33.75,-118.25 (6.4%); 34.25,-118.75 (2.4%)"
2024-11-29,73.86,23.26,0.0,No thermal stress,48.2 to 78.8 F,76.34,67.02,84.34,-2.48,0,450,1,"34.25,-118.50 (35.4%); 34.00,-118.25 (23.1%); 34.00,-118.50 (22.6%); 34.25,-118.25 (10.1%); 33.75,-118.25 (6.4%); 34.25,-118.75 (2.4%)"
2024-11-30,84.38,29.1,1.0,Moderate heat stress,78.8 to 89.6 F,75.93,66.57,84.22,8.45,1,450,1,"34.25,-118.50 (35.4%); 34.00,-118.25 (23.1%); 34.00,-118.50 (22.6%); 34.25,-118.25 (10.1%); 33.75,-118.25 (6.4%); 34.25,-118.75 (2.4%)"
2024-12-01,82.3,27.94,1.0,Moderate heat stress,78.8 to 89.6 F,75.62,65.73,84.22,6.68,0,450,1,"34.25,-118.50 (35.4%); 34.00,-118.25 (23.1%); 34.00,-118.50 (22.6%); 34.25,-118.25 (10.1%); 33.75,-118.25 (6.4%); 34.25,-118.75 (2.4%)"
2024-12-02,80.64,27.02,1.0,Moderate heat stress,78.8 to 89.6 F,75.37,65.66,83.78,5.27,0,450,1,"34.25,-118.50 (35.4%); 34.00,-118.25 (23.1%); 34.00,-118.50 (22.6%); 34.25,-118.25 (10.1%); 33.75,-118.25 (6.4%); 34.25,-118.75 (2.4%)"
2024-12-03,77.64,25.36,0.0,No thermal stress,48.2 to 78.8 F,75.12,65.52,83.3,2.52,0,450,1,"34.25,-118.50 (35.4%); 34.00,-118.25 (23.1%); 34.00,-118.50 (22.6%); 34.25,-118.25 (10.1%); 33.75,-118.25 (6.4%); 34.25,-118.75 (2.4%)"
2024-12-04,77.58,25.32,0.0,No thermal stress,48.2 to 78.8 F,74.8,64.6,82.9,2.78,0,450,1,"34.25,-118.50 (35.4%); 34.00,-118.25 (23.1%); 34.00,-118.50 (22.6%); 34.25,-118.25 (10.1%); 33.75,-118.25 (6.4%); 34.25,-118.75 (2.4%)"
2024-12-05,78.76,25.98,0.0,No thermal stress,48.2 to 78.8 F,74.57,63.69,82.9,4.19,0,450,1,"34.25,-118.50 (35.4%); 34.00,-118.25 (23.1%); 34.00,-118.50 (22.6%); 34.25,-118.25 (10.1%); 33.75,-118.25 (6.4%); 34.25,-118.75 (2.4%)"
2024-12-06,84.76,29.31,1.0,Moderate heat stress,78.8 to 89.6 F,74.53,63.97,82.78,10.23,1,450,1,"34.25,-118.50 (35.4%); 34.00,-118.25 (23.1%); 34.00,-118.50 (22.6%); 34.25,-118.25 (10.1%); 33.75,-118.25 (6.4%); 34.25,-118.75 (2.4%)"
2024-12-07,85.46,29.7,1.0,Moderate heat stress,78.8 to 89.6 F,74.43,64.42,82.69,11.03,1,450,1,"34.25,-118.50 (35.4%); 34.00,-118.25 (23.1%); 34.00,-118.50 (22.6%); 34.25,-118.25 (10.1%); 33.75,-118.25 (6.4%); 34.25,-118.75 (2.4%)"
2024-12-08,75.21,24.01,0.0,No thermal stress,48.2 to 78.8 F,74.29,64.61,82.56,0.92,0,450,1,"34.25,-118.50 (35.4%); 34.00,-118.25 (23.1%); 34.00,-118.50 (22.6%); 34.25,-118.25 (10.1%); 33.75,-118.25 (6.4%); 34.25,-118.75 (2.4%)"
2024-12-09,77.07,25.04,0.0,No thermal stress,48.2 to 78.8 F,74.05,63.97,82.44,3.02,0,450,1,"34.25,-118.50 (35.4%); 34.00,-118.25 (23.1%); 34.00,-118.50 (22.6%); 34.25,-118.25 (10.1%); 33.75,-118.25 (6.4%); 34.25,-118.75 (2.4%)"
2024-12-10,81.6,27.56,1.0,Moderate heat stress,78.8 to 89.6 F,73.87,63.69,82.67,7.73,0,450,1,"34.25,-118.50 (35.4%); 34.00,-118.25 (23.1%); 34.00,-118.50 (22.6%); 34.25,-118.25 (10.1%); 33.75,-118.25 (6.4%); 34.25,-118.75 (2.4%)"
2024-12-11,77.04,25.02,0.0,No thermal stress,48.2 to 78.8 F,73.6,62.9,82.77,3.44,0,450,1,"34.25,-118.50 (35.4%); 34.00,-118.25 (23.1%); 34.00,-118.50 (22.6%); 34.25,-118.25 (10.1%); 33.75,-118.25 (6.4%); 34.25,-118.75 (2.4%)"
2024-12-12,65.76,18.76,0.0,No thermal stress,48.2 to 78.8 F,73.38,61.29,82.92,-7.62,0,450,1,"34.25,-118.50 (35.4%); 34.00,-118.25 (23.1%); 34.00,-118.50 (22.6%); 34.25,-118.25 (10.1%); 33.75,-118.25 (6.4%); 34.25,-118.75 (2.4%)"
2024-12-13,71.03,21.68,0.0,No thermal stress,48.2 to 78.8 F,73.32,61.62,82.88,-2.29,0,450,1,"34.25,-118.50 (35.4%); 34.00,-118.25 (23.1%); 34.00,-118.50 (22.6%); 34.25,-118.25 (10.1%); 33.75,-118.25 (6.4%); 34.25,-118.75 (2.4%)"
2024-12-14,72.66,22.59,0.0,No thermal stress,48.2 to 78.8 F,73.29,62.86,82.88,-0.63,0,450,1,"34.25,-118.50 (35.4%); 34.00,-118.25 (23.1%); 34.00,-118.50 (22.6%); 34.25,-118.25 (10.1%); 33.75,-118.25 (6.4%); 34.25,-118.75 (2.4%)"
2024-12-15,78.67,25.93,0.0,No thermal stress,48.2 to 78.8 F,73.15,62.77,82.61,5.52,0,450,1,"34.25,-118.50 (35.4%); 34.00,-118.25 (23.1%); 34.00,-118.50 (22.6%); 34.25,-118.25 (10.1%); 33.75,-118.25 (6.4%); 34.25,-118.75 (2.4%)"
2024-12-16,78.05,25.58,0.0,No thermal stress,48.2 to 78.8 F,73.01,62.27,82.55,5.04,0,450,1,"34.25,-118.50 (35.4%); 34.00,-118.25 (23.1%); 34.00,-118.50 (22.6%); 34.25,-118.25 (10.1%); 33.75,-118.25 (6.4%); 34.25,-118.75 (2.4%)"
2024-12-17,80.92,27.18,1.0,Moderate heat stress,78.8 to 89.6 F,72.87,61.29,82.36,8.05,0,450,1,"34.25,-118.50 (35.4%); 34.00,-118.25 (23.1%); 34.00,-118.50 (22.6%); 34.25,-118.25 (10.1%); 33.75,-118.25 (6.4%); 34.25,-118.75 (2.4%)"
2024-12-18,86.96,30.53,1.0,Moderate heat stress,78.8 to 89.6 F,72.72,60.62,82.37,14.24,1,450,1,"34.25,-118.50 (35.4%); 34.00,-118.25 (23.1%); 34.00,-118.50 (22.6%); 34.25,-118.25 (10.1%); 33.75,-118.25 (6.4%); 34.25,-118.75 (2.4%)"
2024-12-19,83.83,28.8,1.0,Moderate heat stress,78.8 to 89.6 F,72.64,60.95,82.34,11.19,1,450,1,"34.25,-118.50 (35.4%); 34.00,-118.25 (23.1%); 34.00,-118.50 (22.6%); 34.25,-118.25 (10.1%); 33.75,-118.25 (6.4%); 34.25,-118.75 (2.4%)"
2024-12-20,80.72,27.06,1.0,Moderate heat stress,78.8 to 89.6 F,72.67,60.95,82.34,8.05,0,450,1,"34.25,-118.50 (35.4%); 34.00,-118.25 (23.1%); 34.00,-118.50 (22.6%); 34.25,-118.25 (10.1%); 33.75,-118.25 (6.4%); 34.25,-118.75 (2.4%)"
2024-12-21,77.04,25.02,0.0,No thermal stress,48.2 to 78.8 F,72.53,60.95,82.37,4.51,0,450,1,"34.25,-118.50 (35.4%); 34.00,-118.25 (23.1%); 34.00,-118.50 (22.6%); 34.25,-118.25 (10.1%); 33.75,-118.25 (6.4%); 34.25,-118.75 (2.4%)"
2024-12-22,76.04,24.47,0.0,No thermal stress,48.2 to 78.8 F,72.48,60.17,82.39,3.56,0,450,1,"34.25,-118.50 (35.4%); 34.00,-118.25 (23.1%); 34.00,-118.50 (22.6%); 34.25,-118.25 (10.1%); 33.75,-118.25 (6.4%); 34.25,-118.75 (2.4%)"
2024-12-23,78.51,25.84,0.0,No thermal stress,48.2 to 78.8 F,72.44,60.64,82.36,6.07,0,450,1,"34.25,-118.50 (35.4%); 34.00,-118.25 (23.1%); 34.00,-118.50 (22.6%); 34.25,-118.25 (10.1%); 33.75,-118.25 (6.4%); 34.25,-118.75 (2.4%)"
2024-12-24,72.85,22.69,0.0,No thermal stress,48.2 to 78.8 F,72.44,60.77,82.34,0.41,0,450,1,"34.25,-118.50 (35.4%); 34.00,-118.25 (23.1%); 34.00,-118.50 (22.6%); 34.25,-118.25 (10.1%); 33.75,-118.25 (6.4%); 34.25,-118.75 (2.4%)"
2024-12-25,73.99,23.33,0.0,No thermal stress,48.2 to 78.8 F,72.54,60.96,82.15,1.45,0,450,1,"34.25,-118.50 (35.4%); 34.00,-118.25 (23.1%); 34.00,-118.50 (22.6%); 34.25,-118.25 (10.1%); 33.75,-118.25 (6.4%); 34.25,-118.75 (2.4%)"
2024-12-26,74.56,23.64,0.0,No thermal stress,48.2 to 78.8 F,72.55,60.77,82.36,2.01,0,450,1,"34.25,-118.50 (35.4%); 34.00,-118.25 (23.1%); 34.00,-118.50 (22.6%); 34.25,-118.25 (10.1%); 33.75,-118.25 (6.4%); 34.25,-118.75 (2.4%)"
2024-12-27,71.67,22.04,0.0,No thermal stress,48.2 to 78.8 F,72.57,60.7,82.36,-0.9,0,450,1,"34.25,-118.50 (35.4%); 34.00,-118.25 (23.1%); 34.00,-118.50 (22.6%); 34.25,-118.25 (10.1%); 33.75,-118.25 (6.4%); 34.25,-118.75 (2.4%)"
2024-12-28,76.5,24.72,0.0,No thermal stress,48.2 to 78.8 F,72.53,60.49,82.39,3.97,0,450,1,"34.25,-118.50 (35.4%); 34.00,-118.25 (23.1%); 34.00,-118.50 (22.6%); 34.25,-118.25 (10.1%); 33.75,-118.25 (6.4%); 34.25,-118.75 (2.4%)"
2024-12-29,74.07,23.37,0.0,No thermal stress,48.2 to 78.8 F,72.46,59.6,82.76,1.61,0,450,1,"34.25,-118.50 (35.4%); 34.00,-118.25 (23.1%); 34.00,-118.50 (22.6%); 34.25,-118.25 (10.1%); 33.75,-118.25 (6.4%); 34.25,-118.75 (2.4%)"
2024-12-30,77.55,25.3,0.0,No thermal stress,48.2 to 78.8 F,72.63,59.64,82.92,4.92,0,450,1,"34.25,-118.50 (35.4%); 34.00,-118.25 (23.1%); 34.00,-118.50 (22.6%); 34.25,-118.25 (10.1%); 33.75,-118.25 (6.4%); 34.25,-118.75 (2.4%)"
2024-12-31,76.27,24.59,0.0,No thermal stress,48.2 to 78.8 F,72.59,59.51,83.13,3.68,0,450,1,"34.25,-118.50 (35.4%); 34.00,-118.25 (23.1%); 34.00,-118.50 (22.6%); 34.25,-118.25 (10.1%); 33.75,-118.25 (6.4%); 34.25,-118.75 (2.4%)"
2025-01-01,79.1,26.17,1.0,Moderate heat stress,78.8 to 89.6 F,72.59,59.05,83.16,6.51,0,450,1,"34.25,-118.50 (35.4%); 34.00,-118.25 (23.1%); 34.00,-118.50 (22.6%); 34.25,-118.25 (10.1%); 33.75,-118.25 (6.4%); 34.25,-118.75 (2.4%)"
2025-01-02,84.73,29.29,1.0,Moderate heat stress,78.8 to 89.6 F,72.55,59.05,83.02,12.18,1,450,1,"34.25,-118.50 (35.4%); 34.00,-118.25 (23.1%); 34.00,-118.50 (22.6%); 34.25,-118.25 (10.1%); 33.75,-118.25 (6.4%); 34.25,-118.75 (2.4%)"
2025-01-03,75.67,24.26,0.0,No thermal stress,48.2 to 78.8 F,72.6,58.43,83.16,3.07,0,450,1,"34.25,-118.50 (35.4%); 34.00,-118.25 (23.1%); 34.00,-118.50 (22.6%); 34.25,-118.25 (10.1%); 33.75,-118.25 (6.4%); 34.25,-118.75 (2.4%)"
2025-01-04,76.65,24.81,0.0,No thermal stress,48.2 to 78.8 F,72.65,58.45,83.22,4.0,0,450,1,"34.25,-118.50 (35.4%); 34.00,-118.25 (23.1%); 34.00,-118.50 (22.6%); 34.25,-118.25 (10.1%); 33.75,-118.25 (6.4%); 34.25,-118.75 (2.4%)"
2025-01-05,82.84,28.24,1.0,Moderate heat stress,78.8 to 89.6 F,72.71,58.14,83.16,10.13,0,450,1,"34.25,-118.50 (35.4%); 34.00,-118.25 (23.1%); 34.00,-118.50 (22.6%); 34.25,-118.25 (10.1%); 33.75,-118.25 (6.4%); 34.25,-118.75 (2.4%)"
2025-01-06,80.37,26.87,1.0,Moderate heat stress,78.8 to 89.6 F,72.95,58.4,83.57,7.42,0,450,1,"34.25,-118.50 (35.4%); 34.00,-118.25 (23.1%); 34.00,-118.50 (22.6%); 34.25,-118.25 (10.1%); 33.75,-118.25 (6.4%); 34.25,-118.75 (2.4%)"
2025-01-07,66.45,19.14,0.0,No thermal stress,48.2 to 78.8 F,73.12,58.15,83.84,-6.67,0,450,1,"34.25,-118.50 (35.4%); 34.00,-118.25 (23.1%); 34.00,-118.50 (22.6%); 34.25,-118.25 (10.1%); 33.75,-118.25 (6.4%); 34.25,-118.75 (2.4%)"
2025-01-08,72.64,22.58,0.0,No thermal stress,48.2 to 78.8 F,73.15,57.71,84.08,-0.51,0,450,1,"34.25,-118.50 (35.4%); 34.00,-118.25 (23.1%); 34.00,-118.50 (22.6%); 34.25,-118.25 (10.1%); 33.75,-118.25 (6.4%); 34.25,-118.75 (2.4%)"
2025-01-09,81.74,27.63,1.0,Moderate heat stress,78.8 to 89.6 F,73.17,57.56,84.23,8.57,0,450,1,"34.25,-118.50 (35.4%); 34.00,-118.25 (23.1%); 34.00,-118.50 (22.6%); 34.25,-118.25 (10.1%); 33.75,-118.25 (6.4%); 34.25,-118.75 (2.4%)"
2025-01-10,81.07,27.26,1.0,Moderate heat stress,78.8 to 89.6 F,73.42,57.8,84.26,7.65,0,450,1,"34.25,-118.50 (35.4%); 34.00,-118.25 (23.1%); 34.00,-118.50 (22.6%); 34.25,-118.25 (10.1%); 33.75,-118.25 (6.4%); 34.25,-118.75 (2.4%)"
2025-01-11,79.24,26.24,1.0,Moderate heat stress,78.8 to 89.6 F,73.64,58.54,84.31,5.6,0,450,1,"34.25,-118.50 (35.4%); 34.00,-118.25 (23.1%); 34.00,-118.50 (22.6%); 34.25,-118.25 (10.1%); 33.75,-118.25 (6.4%); 34.25,-118.75 (2.4%)"
2025-01-12,80.3,26.84,1.0,Moderate heat stress,78.8 to 89.6 F,73.72,58.84,84.43,6.58,0,450,1,"34.25,-118.50 (35.4%); 34.00,-118.25 (23.1%); 34.00,-118.50 (22.6%); 34.25,-118.25 (10.1%); 33.75,-118.25 (6.4%); 34.25,-118.75 (2.4%)"
2025-01-13,70.19,21.21,0.0,No thermal stress,48.2 to 78.8 F,73.83,59.77,84.47,-3.64,0,450,1,"34.25,-118.50 (35.4%); 34.00,-118.25 (23.1%); 34.00,-118.50 (22.6%); 34.25,-118.25 (10.1%); 33.75,-118.25 (6.4%); 34.25,-118.75 (2.4%)"
2025-01-14,79.61,26.45,1.0,Moderate heat stress,78.8 to 89.6 F,73.78,59.79,84.43,5.83,0,450,1,"34.25,-118.50 (35.4%); 34.00,-118.25 (23.1%); 34.00,-118.50 (22.6%); 34.25,-118.25 (10.1%); 33.75,-118.25 (6.4%); 34.25,-118.75 (2.4%)"
2025-01-15,79.32,26.29,1.0,Moderate heat stress,78.8 to 89.6 F,73.83,59.79,84.11,5.49,0,450,1,"34.25,-118.50 (35.4%); 34.00,-118.25 (23.1%); 34.00,-118.50 (22.6%); 34.25,-118.25 (10.1%); 33.75,-118.25 (6.4%); 34.25,-118.75 (2.4%)"
2025-01-16,76.94,24.97,0.0,No thermal stress,48.2 to 78.8 F,73.77,59.79,84.05,3.17,0,450,1,"34.25,-118.50 (35.4%); 34.00,-118.25 (23.1%); 34.00,-118.50 (22.6%); 34.25,-118.25 (10.1%); 33.75,-118.25 (6.4%); 34.25,-118.75 (2.4%)"
2025-01-17,70.2,21.22,0.0,No thermal stress,48.2 to 78.8 F,73.91,60.07,84.05,-3.71,0,450,1,"34.25,-118.50 (35.4%); 34.00,-118.25 (23.1%); 34.00,-118.50 (22.6%); 34.25,-118.25 (10.1%); 33.75,-118.25 (6.4%); 34.25,-118.75 (2.4%)"
2025-01-18,75.85,24.36,0.0,No thermal stress,48.2 to 78.8 F,73.96,60.23,84.12,1.89,0,450,1,"34.25,-118.50 (35.4%); 34.00,-118.25 (23.1%); 34.00,-118.50 (22.6%); 34.25,-118.25 (10.1%); 33.75,-118.25 (6.4%); 34.25,-118.75 (2.4%)"
2025-01-19,71.53,21.96,0.0,No thermal stress,48.2 to 78.8 F,74.03,60.55,83.96,-2.5,0,450,1,"34.25,-118.50 (35.4%); 34.00,-118.25 (23.1%); 34.00,-118.50 (22.6%); 34.25,-118.25 (10.1%); 33.75,-118.25 (6.4%); 34.25,-118.75 (2.4%)"
2025-01-20,75.18,23.99,0.0,No thermal stress,48.2 to 78.8 F,74.06,60.98,83.82,1.12,0,450,1,"34.25,-118.50 (35.4%); 34.00,-118.25 (23.1%); 34.00,-118.50 (22.6%); 34.25,-118.25 (10.1%); 33.75,-118.25 (6.4%); 34.25,-118.75 (2.4%)"
2025-01-21,80.34,26.86,1.0,Moderate heat stress,78.8 to 89.6 F,74.02,60.98,83.47,6.32,0,450,1,"34.25,-118.50 (35.4%); 34.00,-118.25 (23.1%); 34.00,-118.50 (22.6%); 34.25,-118.25 (10.1%); 33.75,-118.25 (6.4%); 34.25,-118.75 (2.4%)"
2025-01-22,84.85,29.36,1.0,Moderate heat stress,78.8 to 89.6 F,74.04,61.34,83.43,10.81,1,450,1,"34.25,-118.50 (35.4%); 34.00,-118.25 (23.1%); 34.00,-118.50 (22.6%); 34.25,-118.25 (10.1%); 33.75,-118.25 (6.4%); 34.25,-118.75 (2.4%)"
2025-01-23,85.44,29.69,1.0,Moderate heat stress,78.8 to 89.6 F,74.19,62.04,83.57,11.25,1,450,1,"34.25,-118.50 (35.4%); 34.00,-118.25 (23.1%); 34.00,-118.50 (22.6%); 34.25,-118.25 (10.1%); 33.75,-118.25 (6.4%); 34.25,-118.75 (2.4%)"
2025-01-24,81.61,27.56,1.0,Moderate heat stress,78.8 to 89.6 F,74.16,61.34,83.57,7.45,0,450,1,"34.25,-118.50 (35.4%); 34.00,-118.25 (23.1%); 34.00,-118.50 (22.6%); 34.25,-118.25 (10.1%); 33.75,-118.25 (6.4%); 34.25,-118.75 (2.4%)"
2025-01-25,59.37,15.21,0.0,No thermal stress,48.2 to 78.8 F,74.2,62.04,83.45,-14.83,0,450,1,"34.25,-118.50 (35.4%); 34.00,-118.25 (23.1%); 34.00,-118.50 (22.6%); 34.25,-118.25 (10.1%); 33.75,-118.25 (6.4%); 34.25,-118.75 (2.4%)"
2025-01-26,54.67,12.59,0.0,No thermal stress,48.2 to 78.8 F,74.16,62.04,83.43,-19.49,0,450,1,"34.25,-118.50 (35.4%); 34.00,-118.25 (23.1%); 34.00,-118.50 (22.6%); 34.25,-118.25 (10.1%); 33.75,-118.25 (6.4%); 34.25,-118.75 (2.4%)"
2025-01-27,72.4,22.44,0.0,No thermal stress,48.2 to 78.8 F,74.13,61.05,83.43,-1.73,0,450,1,"34.25,-118.50 (35.4%); 34.00,-118.25 (23.1%); 34.00,-118.50 (22.6%); 34.25,-118.25 (10.1%); 33.75,-118.25 (6.4%); 34.25,-118.75 (2.4%)"
2025-01-28,71.15,21.75,0.0,No thermal stress,48.2 to 78.8 F,74.29,62.33,83.45,-3.14,0,450,1,"34.25,-118.50 (35.4%); 34.00,-118.25 (23.1%); 34.00,-118.50 (22.6%); 34.25,-118.25 (10.1%); 33.75,-118.25 (6.4%); 34.25,-118.75 (2.4%)"
2025-01-29,72.47,22.49,0.0,No thermal stress,48.2 to 78.8 F,74.5,62.77,83.76,-2.03,0,450,1,"34.25,-118.50 (35.4%); 34.00,-118.25 (23.1%); 34.00,-118.50 (22.6%); 34.25,-118.25 (10.1%); 33.75,-118.25 (6.4%); 34.25,-118.75 (2.4%)"
2025-01-30,68.39,20.22,0.0,No thermal stress,48.2 to 78.8 F,74.54,62.6,83.82,-6.15,0,450,1,"34.25,-118.50 (35.4%); 34.00,-118.25 (23.1%); 34.00,-118.50 (22.6%); 34.25,-118.25 (10.1%); 33.75,-118.25 (6.4%); 34.25,-118.75 (2.4%)"
2025-01-31,74.31,23.51,0.0,No thermal stress,48.2 to 78.8 F,74.56,62.48,84.29,-0.25,0,450,1,"34.25,-118.50 (35.4%); 34.00,-118.25 (23.1%); 34.00,-118.50 (22.6%); 34.25,-118.25 (10.1%); 33.75,-118.25 (6.4%); 34.25,-118.75 (2.4%)"
2025-02-01,77.23,25.13,0.0,No thermal stress,48.2 to 78.8 F,74.66,62.51,84.85,2.57,0,450,1,"34.25,-118.50 (35.4%); 34.00,-118.25 (23.1%); 34.00,-118.50 (22.6%); 34.25,-118.25 (10.1%); 33.75,-118.25 (6.4%); 34.25,-118.75 (2.4%)"
2025-02-02,81.67,27.6,1.0,Moderate heat stress,78.8 to 89.6 F,74.68,62.25,85.08,6.99,0,450,1,"34.25,-118.50 (35.4%); 34.00,-118.25 (23.1%); 34.00,-118.50 (22.6%); 34.25,-118.25 (10.1%); 33.75,-118.25 (6.4%); 34.25,-118.75 (2.4%)"
2025-02-03,80.71,27.06,1.0,Moderate heat stress,78.8 to 89.6 F,74.64,61.28,85.19,6.07,0,450,1,"34.25,-118.50 (35.4%); 34.00,-118.25 (23.1%); 34.00,-118.50 (22.6%); 34.25,-118.25 (10.1%); 33.75,-118.25 (6.4%); 34.25,-118.75 (2.4%)"
2025-02-04,72.33,22.41,0.0,No thermal stress,48.2 to 78.8 F,74.64,61.06,85.67,-2.31,0,450,1,"34.25,-118.50 (35.4%); 34.00,-118.25 (23.1%); 34.00,-118.50 (22.6%); 34.25,-118.25 (10.1%); 33.75,-118.25 (6.4%); 34.25,-118.75 (2.4%)"
2025-02-05,60.59,15.88,0.0,No thermal stress,48.2 to 78.8 F,74.63,61.06,85.85,-14.04,0,450,1,"34.25,-118.50 (35.4%); 34.00,-118.25 (23.1%); 34.00,-118.50 (22.6%); 34.25,-118.25 (10.1%); 33.75,-118.25 (6.4%); 34.25,-118.75 (2.4%)"
2025-02-06,65.81,18.78,0.0,No thermal stress,48.2 to 78.8 F,74.5,60.42,85.88,-8.69,0,450,1,"34.25,-118.50 (35.4%); 34.00,-118.25 (23.1%); 34.00,-118.50 (22.6%); 34.25,-118.25 (10.1%); 33.75,-118.25 (6.4%); 34.25,-118.75 (2.4%)"
2025-02-07,69.53,20.85,0.0,No thermal stress,48.2 to 78.8 F,74.47,60.65,85.94,-4.94,0,450,1,"34.25,-118.50 (35.4%); 34.00,-118.25 (23.1%); 34.00,-118.50 (22.6%); 34.25,-118.25 (10.1%); 33.75,-118.25 (6.4%); 34.25,-118.75 (2.4%)"
2025-02-08,75.81,24.34,0.0,No thermal stress,48.2 to 78.8 F,74.55,60.87,85.88,1.26,0,450,1,"34.25,-118.50 (35.4%); 34.00,-118.25 (23.1%); 34.00,-118.50 (22.6%); 34.25,-118.25 (10.1%); 33.75,-118.25 (6.4%); 34.25,-118.75 (2.4%)"
2025-02-09,79.81,26.56,1.0,Moderate heat stress,78.8 to 89.6 F,74.42,60.37,85.94,5.39,0,450,1,"34.25,-118.50 (35.4%); 34.00,-118.25 (23.1%); 34.00,-118.50 (22.6%); 34.25,-118.25 (10.1%); 33.75,-118.25 (6.4%); 34.25,-118.75 (2.4%)"
2025-02-10,71.03,21.69,0.0,No thermal stress,48.2 to 78.8 F,74.25,60.15,85.85,-3.22,0,450,1,"34.25,-118.50 (35.4%); 34.00,-118.25 (23.1%); 34.00,-118.50 (22.6%); 34.25,-118.25 (10.1%); 33.75,-118.25 (6.4%); 34.25,-118.75 (2.4%)"
2025-02-11,69.5,20.83,0.0,No thermal stress,48.2 to 78.8 F,74.17,60.37,85.71,-4.67,0,450,1,"34.25,-118.50 (35.4%); 34.00,-118.25 (23.1%); 34.00,-118.50 (22.6%); 34.25,-118.25 (10.1%); 33.75,-118.25 (6.4%); 34.25,-118.75 (2.4%)"
2025-02-12,50.7,10.39,0.0,No thermal stress,48.2 to 78.8 F,73.89,60.08,85.58,-23.19,0,450,1,"34.25,-118.50 (35.4%); 34.00,-118.25 (23.1%); 34.00,-118.50 (22.6%); 34.25,-118.25 (10.1%); 33.75,-118.25 (6.4%); 34.25,-118.75 (2.4%)"
2025-02-13,49.43,9.68,0.0,No thermal stress,48.2 to 78.8 F,73.61,59.32,85.58,-24.18,0,450,1,"34.25,-118.50 (35.4%); 34.00,-118.25 (23.1%); 34.00,-118.50 (22.6%); 34.25,-118.25 (10.1%); 33.75,-118.25 (6.4%); 34.25,-118.75 (2.4%)"
2025-02-14,60.17,15.65,0.0,No thermal stress,48.2 to 78.8 F,73.59,59.66,85.62,-13.42,0,450,1,"34.25,-118.50 (35.4%); 34.00,-118.25 (23.1%); 34.00,-118.50 (22.6%); 34.25,-118.25 (10.1%); 33.75,-118.25 (6.4%); 34.25,-118.75 (2.4%)"
2025-02-15,77.19,25.11,0.0,No thermal stress,48.2 to 78.8 F,73.6,59.16,85.57,3.59,0,450,1,"34.25,-118.50 (35.4%); 34.00,-118.25 (23.1%); 34.00,-118.50 (22.6%); 34.25,-118.25 (10.1%); 33.75,-118.25 (6.4%); 34.25,-118.75 (2.4%)"
2025-02-16,79.78,26.54,1.0,Moderate heat stress,78.8 to 89.6 F,73.36,59.08,85.43,6.42,0,450,1,"34.25,-118.50 (35.4%); 34.00,-118.25 (23.1%); 34.00,-118.50 (22.6%); 34.25,-118.25 (10.1%); 33.75,-118.25 (6.4%); 34.25,-118.75 (2.4%)"
2025-02-17,76.75,24.86,0.0,No thermal stress,48.2 to 78.8 F,73.38,59.64,85.13,3.37,0,450,1,"34.25,-118.50 (35.4%); 34.00,-118.25 (23.1%); 34.00,-118.50 (22.6%); 34.25,-118.25 (10.1%); 33.75,-118.25 (6.4%); 34.25,-118.75 (2.4%)"
2025-02-18,78.71,25.95,0.0,No thermal stress,48.2 to 78.8 F,73.4,59.84,85.22,5.31,0,450,1,"34.25,-118.50 (35.4%); 34.00,-118.25 (23.1%); 34.00,-118.50 (22.6%); 34.25,-118.25 (10.1%); 33.75,-118.25 (6.4%); 34.25,-118.75 (2.4%)"
2025-02-19,79.77,26.54,1.0,Moderate heat stress,78.8 to 89.6 F,73.41,60.04,85.29,6.36,0,450,1,"34.25,-118.50 (35.4%); 34.00,-118.25 (23.1%); 34.00,-118.50 (22.6%); 34.25,-118.25 (10.1%); 33.75,-118.25 (6.4%); 34.25,-118.75 (2.4%)"
2025-02-20,82.22,27.9,1.0,Moderate heat stress,78.8 to 89.6 F,73.12,59.84,84.85,9.1,0,450,1,"34.25,-118.50 (35.4%); 34.00,-118.25 (23.1%); 34.00,-118.50 (22.6%); 34.25,-118.25 (10.1%); 33.75,-118.25 (6.4%); 34.25,-118.75 (2.4%)"
2025-02-21,84.21,29.0,1.0,Moderate heat stress,78.8 to 89.6 F,73.12,60.13,84.89,11.09,0,458,1,"34.25,-118.50 (35.4%); 34.00,-118.25 (23.1%); 34.00,-118.50 (22.6%); 34.25,-118.25 (10.1%); 33.75,-118.25 (6.4%); 34.25,-118.75 (2.4%)"
2025-02-22,83.0,28.33,1.0,Moderate heat stress,78.8 to 89.6 F,73.11,60.13,84.79,9.89,0,458,1,"34.25,-118.50 (35.4%); 34.00,-118.25 (23.1%); 34.00,-118.50 (22.6%); 34.25,-118.25 (10.1%); 33.75,-118.25 (6.4%); 34.25,-118.75 (2.4%)"
2025-02-23,85.01,29.45,1.0,Moderate heat stress,78.8 to 89.6 F,72.99,60.01,84.39,12.02,1,458,1,"34.25,-118.50 (35.4%); 34.00,-118.25 (23.1%); 34.00,-118.50 (22.6%); 34.25,-118.25 (10.1%); 33.75,-118.25 (6.4%); 34.25,-118.75 (2.4%)"
2025-02-24,83.14,28.41,1.0,Moderate heat stress,78.8 to 89.6 F,73.02,60.22,84.16,10.12,0,458,1,"34.25,-118.50 (35.4%); 34.00,-118.25 (23.1%); 34.00,-118.50 (22.6%); 34.25,-118.25 (10.1%); 33.75,-118.25 (6.4%); 34.25,-118.75 (2.4%)"
2025-02-25,83.36,28.53,1.0,Moderate heat stress,78.8 to 89.6 F,73.13,60.25,84.44,10.23,0,458,1,"34.25,-118.50 (35.4%); 34.00,-118.25 (23.1%); 34.00,-118.50 (22.6%); 34.25,-118.25 (10.1%); 33.75,-118.25 (6.4%); 34.25,-118.75 (2.4%)"
2025-02-26,86.48,30.27,1.0,Moderate heat stress,78.8 to 89.6 F,73.24,60.23,84.7,13.24,1,458,1,"34.25,-118.50 (35.4%); 34.00,-118.25 (23.1%); 34.00,-118.50 (22.6%); 34.25,-118.25 (10.1%); 33.75,-118.25 (6.4%); 34.25,-118.75 (2.4%)"
2025-02-27,88.68,31.49,1.0,Moderate heat stress,78.8 to 89.6 F,73.37,60.25,84.77,15.31,1,458,1,"34.25,-118.50 (35.4%); 34.00,-118.25 (23.1%); 34.00,-118.50 (22.6%); 34.25,-118.25 (10.1%); 33.75,-118.25 (6.4%); 34.25,-118.75 (2.4%)"
2025-02-28,77.0,25.0,0.0,No thermal stress,48.2 to 78.8 F,73.66,61.46,84.89,3.34,0,458,1,"34.25,-118.50 (35.4%); 34.00,-118.25 (23.1%); 34.00,-118.50 (22.6%); 34.25,-118.25 (10.1%); 33.75,-118.25 (6.4%); 34.25,-118.75 (2.4%)"
2025-03-01,72.49,22.5,0.0,No thermal stress,48.2 to 78.8 F,73.88,61.73,85.12,-1.39,0,458,1,"34.25,-118.50 (35.4%); 34.00,-118.25 (23.1%); 34.00,-118.50 (22.6%); 34.25,-118.25 (10.1%); 33.75,-118.25 (6.4%); 34.25,-118.75 (2.4%)"
2025-03-02,61.94,16.63,0.0,No thermal stress,48.2 to 78.8 F,74.25,62.2,85.7,-12.31,0,458,1,"34.25,-118.50 (35.4%); 34.00,-118.25 (23.1%); 34.00,-118.50 (22.6%); 34.25,-118.25 (10.1%); 33.75,-118.25 (6.4%); 34.25,-118.75 (2.4%)"
2025-03-03,64.62,18.12,0.0,No thermal stress,48.2 to 78.8 F,74.61,62.73,85.83,-9.99,0,458,1,"34.25,-118.50 (35.4%); 34.00,-118.25 (23.1%); 34.00,-118.50 (22.6%); 34.25,-118.25 (10.1%); 33.75,-118.25 (6.4%); 34.25,-118.75 (2.4%)"
2025-03-04,80.13,26.74,1.0,Moderate heat stress,78.8 to 89.6 F,74.89,62.89,86.12,5.24,0,458,1,"34.25,-118.50 (35.4%); 34.00,-118.25 (23.1%); 34.00,-118.50 (22.6%); 34.25,-118.25 (10.1%); 33.75,-118.25 (6.4%); 34.25,-118.75 (2.4%)"
2025-03-05,63.49,17.49,0.0,No thermal stress,48.2 to 78.8 F,75.26,63.01,86.29,-11.77,0,458,1,"34.25,-118.50 (35.4%); 34.00,-118.25 (23.1%); 34.00,-118.50 (22.6%); 34.25,-118.25 (10.1%); 33.75,-118.25 (6.4%); 34.25,-118.75 (2.4%)"
2025-03-06,50.81,10.45,0.0,No thermal stress,48.2 to 78.8 F,75.55,63.11,86.36,-24.74,0,458,1,"34.25,-118.50 (35.4%); 34.00,-118.25 (23.1%); 34.00,-118.50 (22.6%); 34.25,-118.25 (10.1%); 33.75,-118.25 (6.4%); 34.25,-118.75 (2.4%)"
2025-03-07,71.41,21.89,0.0,No thermal stress,48.2 to 78.8 F,76.02,64.24,86.52,-4.61,0,458,1,"34.25,-118.50 (35.4%); 34.00,-118.25 (23.1%); 34.00,-118.50 (22.6%); 34.25,-118.25 (10.1%); 33.75,-118.25 (6.4%); 34.25,-118.75 (2.4%)"
2025-03-08,76.01,24.45,0.0,No thermal stress,48.2 to 78.8 F,76.29,64.29,87.01,-0.28,0,450,1,"34.25,-118.50 (35.4%); 34.00,-118.25 (23.1%); 34.00,-118.50 (22.6%); 34.25,-118.25 (10.1%); 33.75,-118.25 (6.4%); 34.25,-118.75 (2.4%)"
2025-03-09,78.7,25.95,0.0,No thermal stress,48.2 to 78.8 F,76.5,64.29,87.23,2.2,0,450,1,"34.25,-118.50 (35.4%); 34.00,-118.25 (23.1%); 34.00,-118.50 (22.6%); 34.25,-118.25 (10.1%); 33.75,-118.25 (6.4%); 34.25,-118.75 (2.4%)"
2025-03-10,76.83,24.91,0.0,No thermal stress,48.2 to 78.8 F,76.71,64.98,87.23,0.12,0,450,1,"34.25,-118.50 (35.4%); 34.00,-118.25 (23.1%); 34.00,-118.50 (22.6%); 34.25,-118.25 (10.1%); 33.75,-118.25 (6.4%); 34.25,-118.75 (2.4%)"
2025-03-11,59.2,15.11,0.0,No thermal stress,48.2 to 78.8 F,76.88,65.48,87.29,-17.68,0,450,1,"34.25,-118.50 (35.4%); 34.00,-118.25 (23.1%); 34.00,-118.50 (22.6%); 34.25,-118.25 (10.1%); 33.75,-118.25 (6.4%); 34.25,-118.75 (2.4%)"
2025-03-12,60.42,15.79,0.0,No thermal stress,48.2 to 78.8 F,77.04,65.61,87.4,-16.62,0,450,1,"34.25,-118.50 (35.4%); 34.00,-118.25 (23.1%); 34.00,-118.50 (22.6%); 34.25,-118.25 (10.1%); 33.75,-118.25 (6.4%); 34.25,-118.75 (2.4%)"
2025-03-13,52.58,11.43,0.0,No thermal stress,48.2 to 78.8 F,77.05,65.66,87.4,-24.47,0,450,1,"34.25,-118.50 (35.4%); 34.00,-118.25 (23.1%); 34.00,-118.50 (22.6%); 34.25,-118.25 (10.1%); 33.75,-118.25 (6.4%); 34.25,-118.75 (2.4%)"
2025-03-14,49.28,9.6,0.0,No thermal stress,48.2 to 78.8 F,77.2,66.2,87.24,-27.92,0,450,1,"34.25,-118.50 (35.4%); 34.00,-118.25 (23.1%); 34.00,-118.50 (22.6%); 34.25,-118.25 (10.1%); 33.75,-118.25 (6.4%); 34.25,-118.75 (2.4%)"
2025-03-15,71.81,22.12,0.0,No thermal stress,48.2 to 78.8 F,77.13,66.47,87.16,-5.32,0,450,1,"34.25,-118.50 (35.4%); 34.00,-118.25 (23.1%); 34.00,-118.50 (22.6%); 34.25,-118.25 (10.1%); 33.75,-118.25 (6.4%); 34.25,-118.75 (2.4%)"
2025-03-16,77.45,25.25,0.0,No thermal stress,48.2 to 78.8 F,76.96,66.2,87.01,0.49,0,450,1,"34.25,-118.50 (35.4%); 34.00,-118.25 (23.1%); 34.00,-118.50 (22.6%); 34.25,-118.25 (10.1%); 33.75,-118.25 (6.4%); 34.25,-118.75 (2.4%)"
2025-03-17,72.52,22.51,0.0,No thermal stress,48.2 to 78.8 F,76.79,66.1,86.42,-4.27,0,450,1,"34.25,-118.50 (35.4%); 34.00,-118.25 (23.1%); 34.00,-118.50 (22.6%); 34.25,-118.25 (10.1%); 33.75,-118.25 (6.4%); 34.25,-118.75 (2.4%)"
2025-03-18,69.08,20.6,0.0,No thermal stress,48.2 to 78.8 F,76.54,65.69,86.25,-7.46,0,450,1,"34.25,-118.50 (35.4%); 34.00,-118.25 (23.1%); 34.00,-118.50 (22.6%); 34.25,-118.25 (10.1%); 33.75,-118.25 (6.4%); 34.25,-118.75 (2.4%)"
2025-03-19,82.6,28.11,1.0,Moderate heat stress,78.8 to 89.6 F,76.41,65.67,85.73,6.19,0,450,1,"34.25,-118.50 (35.4%); 34.00,-118.25 (23.1%); 34.00,-118.50 (22.6%); 34.25,-118.25 (10.1%); 33.75,-118.25 (6.4%); 34.25,-118.75 (2.4%)"
2025-03-20,80.88,27.16,1.0,Moderate heat stress,78.8 to 89.6 F,76.15,65.6,85.51,4.73,0,450,1,"34.25,-118.50 (35.4%); 34.00,-118.25 (23.1%); 34.00,-118.50 (22.6%); 34.25,-118.25 (10.1%); 33.75,-118.25 (6.4%); 34.25,-118.75 (2.4%)"
2025-03-21,82.88,28.26,1.0,Moderate heat stress,78.8 to 89.6 F,75.92,65.34,85.38,6.96,0,450,1,"34.25,-118.50 (35.4%); 34.00,-118.25 (23.1%); 34.00,-118.50 (22.6%); 34.25,-118.25 (10.1%); 33.75,-118.25 (6.4%); 34.25,-118.75 (2.4%)"
2025-03-22,81.08,27.27,1.0,Moderate heat stress,78.8 to 89.6 F,75.93,65.39,85.36,5.15,0,450,1,"34.25,-118.50 (35.4%); 34.00,-118.25 (23.1%); 34.00,-118.50 (22.6%); 34.25,-118.25 (10.1%); 33.75,-118.25 (6.4%); 34.25,-118.75 (2.4%)"
2025-03-23,83.06,28.37,1.0,Moderate heat stress,78.8 to 89.6 F,76.09,65.69,85.38,6.97,0,450,1,"34.25,-118.50 (35.4%); 34.00,-118.25 (23.1%); 34.00,-118.50 (22.6%); 34.25,-118.25 (10.1%); 33.75,-118.25 (6.4%); 34.25,-118.75 (2.4%)"
2025-03-24,92.62,33.68,2.0,Strong heat stress,89.6 to 100.4 F,76.09,65.79,85.26,16.53,1,450,1,"34.25,-118.50 (35.4%); 34.00,-118.25 (23.1%); 34.00,-118.50 (22.6%); 34.25,-118.25 (10.1%); 33.75,-118.25 (6.4%); 34.25,-118.75 (2.4%)"
2025-03-25,83.27,28.48,1.0,Moderate heat stress,78.8 to 89.6 F,76.04,65.69,85.13,7.23,0,450,1,"34.25,-118.50 (35.4%); 34.00,-118.25 (23.1%); 34.00,-118.50 (22.6%); 34.25,-118.25 (10.1%); 33.75,-118.25 (6.4%); 34.25,-118.75 (2.4%)"
2025-03-26,76.24,24.58,0.0,No thermal stress,48.2 to 78.8 F,76.01,65.69,84.88,0.23,0,450,1,"34.25,-118.50 (35.4%); 34.00,-118.25 (23.1%); 34.00,-118.50 (22.6%); 34.25,-118.25 (10.1%); 33.75,-118.25 (6.4%); 34.25,-118.75 (2.4%)"
2025-03-27,74.81,23.79,0.0,No thermal stress,48.2 to 78.8 F,76.01,65.69,85.23,-1.2,0,450,1,"34.25,-118.50 (35.4%); 34.00,-118.25 (23.1%); 34.00,-118.50 (22.6%); 34.25,-118.25 (10.1%); 33.75,-118.25 (6.4%); 34.25,-118.75 (2.4%)"
2025-03-28,78.94,26.08,1.0,Moderate heat stress,78.8 to 89.6 F,76.14,65.79,84.93,2.8,0,450,1,"34.25,-118.50 (35.4%); 34.00,-118.25 (23.1%); 34.00,-118.50 (22.6%); 34.25,-118.25 (10.1%); 33.75,-118.25 (6.4%); 34.25,-118.75 (2.4%)"
2025-03-29,77.0,25.0,0.0,No thermal stress,48.2 to 78.8 F,76.18,65.67,85.02,0.82,0,450,1,"34.25,-118.50 (35.4%); 34.00,-118.25 (23.1%); 34.00,-118.50 (22.6%); 34.25,-118.25 (10.1%); 33.75,-118.25 (6.4%); 34.25,-118.75 (2.4%)"
2025-03-30,71.08,21.71,0.0,No thermal stress,48.2 to 78.8 F,76.36,65.67,85.36,-5.28,0,450,1,"34.25,-118.50 (35.4%); 34.00,-118.25 (23.1%); 34.00,-118.50 (22.6%); 34.25,-118.25 (10.1%); 33.75,-118.25 (6.4%); 34.25,-118.75 (2.4%)"
2025-03-31,72.04,22.24,0.0,No thermal stress,48.2 to 78.8 F,76.55,66.06,85.47,-4.51,0,450,1,"34.25,-118.50 (35.4%); 34.00,-118.25 (23.1%); 34.00,-118.50 (22.6%); 34.25,-118.25 (10.1%); 33.75,-118.25 (6.4%); 34.25,-118.75 (2.4%)"
2025-04-01,64.02,17.79,0.0,No thermal stress,48.2 to 78.8 F,76.59,66.04,85.57,-12.57,0,450,1,"34.25,-118.50 (35.4%); 34.00,-118.25 (23.1%); 34.00,-118.50 (22.6%); 34.25,-118.25 (10.1%); 33.75,-118.25 (6.4%); 34.25,-118.75 (2.4%)"
2025-04-02,67.86,19.92,0.0,No thermal stress,48.2 to 78.8 F,76.75,66.28,85.95,-8.89,0,450,1,"34.25,-118.50 (35.4%); 34.00,-118.25 (23.1%); 34.00,-118.50 (22.6%); 34.25,-118.25 (10.1%); 33.75,-118.25 (6.4%); 34.25,-118.75 (2.4%)"
2025-04-03,75.3,24.05,0.0,No thermal stress,48.2 to 78.8 F,76.9,66.5,85.98,-1.6,0,450,1,"34.25,-118.50 (35.4%); 34.00,-118.25 (23.1%); 34.00,-118.50 (22.6%); 34.25,-118.25 (10.1%); 33.75,-118.25 (6.4%); 34.25,-118.75 (2.4%)"
2025-04-04,80.76,27.09,1.0,Moderate heat stress,78.8 to 89.6 F,77.01,66.5,85.98,3.75,0,450,1,"34.25,-118.50 (35.4%); 34.00,-118.25 (23.1%); 34.00,-118.50 (22.6%); 34.25,-118.25 (10.1%); 33.75,-118.25 (6.4%); 34.25,-118.75 (2.4%)"
2025-04-05,85.57,29.76,1.0,Moderate heat stress,78.8 to 89.6 F,77.16,66.85,85.98,8.41,0,450,1,"34.25,-118.50 (35.4%); 34.00,-118.25 (23.1%); 34.00,-118.50 (22.6%); 34.25,-118.25 (10.1%); 33.75,-118.25 (6.4%); 34.25,-118.75 (2.4%)"
2025-04-06,85.09,29.5,1.0,Moderate heat stress,78.8 to 89.6 F,77.17,66.73,86.04,7.92,0,450,1,"34.25,-118.50 (35.4%); 34.00,-118.25 (23.1%); 34.00,-118.50 (22.6%); 34.25,-118.25 (10.1%); 33.75,-118.25 (6.4%); 34.25,-118.75 (2.4%)"
2025-04-07,82.09,27.83,1.0,Moderate heat stress,78.8 to 89.6 F,77.03,66.45,86.18,5.06,0,450,1,"34.25,-118.50 (35.4%); 34.00,-118.25 (23.1%); 34.00,-118.50 (22.6%); 34.25,-118.25 (10.1%); 33.75,-118.25 (6.4%); 34.25,-118.75 (2.4%)"
2025-04-08,82.63,28.13,1.0,Moderate heat stress,78.8 to 89.6 F,77.01,66.39,86.18,5.62,0,450,1,"34.25,-118.50 (35.4%); 34.00,-118.25 (23.1%); 34.00,-118.50 (22.6%); 34.25,-118.25 (10.1%); 33.75,-118.25 (6.4%); 34.25,-118.75 (2.4%)"
2025-04-09,87.17,30.65,1.0,Moderate heat stress,78.8 to 89.6 F,77.11,66.5,86.18,10.06,1,450,1,"34.25,-118.50 (35.4%); 34.00,-118.25 (23.1%); 34.00,-118.50 (22.6%); 34.25,-118.25 (10.1%); 33.75,-118.25 (6.4%); 34.25,-118.75 (2.4%)"
2025-04-10,87.02,30.56,1.0,Moderate heat stress,78.8 to 89.6 F,77.22,66.5,86.33,9.8,1,450,1,"34.25,-118.50 (35.4%); 34.00,-118.25 (23.1%); 34.00,-118.50 (22.6%); 34.25,-118.25 (10.1%); 33.75,-118.25 (6.4%); 34.25,-118.75 (2.4%)"
2025-04-11,88.11,31.17,1.0,Moderate heat stress,78.8 to 89.6 F,77.37,66.5,86.44,10.74,1,450,1,"34.25,-118.50 (35.4%); 34.00,-118.25 (23.1%); 34.00,-118.50 (22.6%); 34.25,-118.25 (10.1%); 33.75,-118.25 (6.4%); 34.25,-118.75 (2.4%)"
2025-04-12,81.85,27.7,1.0,Moderate heat stress,78.8 to 89.6 F,77.65,67.0,87.14,4.2,0,450,1,"34.25,-118.50 (35.4%); 34.00,-118.25 (23.1%); 34.00,-118.50 (22.6%); 34.25,-118.25 (10.1%); 33.75,-118.25 (6.4%); 34.25,-118.75 (2.4%)"
2025-04-13,78.95,26.09,1.0,Moderate heat stress,78.8 to 89.6 F,77.91,67.72,87.36,1.04,0,450,1,"34.25,-118.50 (35.4%); 34.00,-118.25 (23.1%); 34.00,-118.50 (22.6%); 34.25,-118.25 (10.1%); 33.75,-118.25 (6.4%); 34.25,-118.75 (2.4%)"
2025-04-14,78.67,25.93,0.0,No thermal stress,48.2 to 78.8 F,78.05,67.77,87.78,0.62,0,450,1,"34.25,-118.50 (35.4%); 34.00,-118.25 (23.1%); 34.00,-118.50 (22.6%); 34.25,-118.25 (10.1%); 33.75,-118.25 (6.4%); 34.25,-118.75 (2.4%)"
2025-04-15,75.53,24.18,0.0,No thermal stress,48.2 to 78.8 F,78.13,67.87,87.36,-2.6,0,450,1,"34.25,-118.50 (35.4%); 34.00,-118.25 (23.1%); 34.00,-118.50 (22.6%); 34.25,-118.25 (10.1%); 33.75,-118.25 (6.4%); 34.25,-118.75 (2.4%)"
2025-04-16,73.21,22.89,0.0,No thermal stress,48.2 to 78.8 F,78.37,68.18,87.71,-5.16,0,450,1,"34.25,-118.50 (35.4%); 34.00,-118.25 (23.1%); 34.00,-118.50 (22.6%); 34.25,-118.25 (10.1%); 33.75,-118.25 (6.4%); 34.25,-118.75 (2.4%)"
2025-04-17,69.54,20.85,0.0,No thermal stress,48.2 to 78.8 F,78.61,68.44,87.95,-9.07,0,450,1,"34.25,-118.50 (35.4%); 34.00,-118.25 (23.1%); 34.00,-118.50 (22.6%); 34.25,-118.25 (10.1%); 33.75,-118.25 (6.4%); 34.25,-118.75 (2.4%)"
2025-04-18,71.51,21.95,0.0,No thermal stress,48.2 to 78.8 F,78.81,68.39,88.61,-7.3,0,450,1,"34.25,-118.50 (35.4%); 34.00,-118.25 (23.1%); 34.00,-118.50 (22.6%); 34.25,-118.25 (10.1%); 33.75,-118.25 (6.4%); 34.25,-118.75 (2.4%)"
2025-04-19,80.9,27.17,1.0,Moderate heat stress,78.8 to 89.6 F,79.09,68.79,89.73,1.81,0,450,1,"34.25,-118.50 (35.4%); 34.00,-118.25 (23.1%); 34.00,-118.50 (22.6%); 34.25,-118.25 (10.1%); 33.75,-118.25 (6.4%); 34.25,-118.75 (2.4%)"
2025-04-20,80.64,27.02,1.0,Moderate heat stress,78.8 to 89.6 F,79.38,69.46,89.75,1.26,0,450,1,"34.25,-118.50 (35.4%); 34.00,-118.25 (23.1%); 34.00,-118.50 (22.6%); 34.25,-118.25 (10.1%); 33.75,-118.25 (6.4%); 34.25,-118.75 (2.4%)"
2025-04-21,78.99,26.1,1.0,Moderate heat stress,78.8 to 89.6 F,79.59,69.51,89.92,-0.6,0,450,1,"34.25,-118.50 (35.4%); 34.00,-118.25 (23.1%); 34.00,-118.50 (22.6%); 34.25,-118.25 (10.1%); 33.75,-118.25 (6.4%); 34.25,-118.75 (2.4%)"
2025-04-22,75.71,24.28,0.0,No thermal stress,48.2 to 78.8 F,79.85,70.13,90.36,-4.14,0,450,1,"34.25,-118.50 (35.4%); 34.00,-118.25 (23.1%); 34.00,-118.50 (22.6%); 34.25,-118.25 (10.1%); 33.75,-118.25 (6.4%); 34.25,-118.75 (2.4%)"
2025-04-23,74.01,23.34,0.0,No thermal stress,48.2 to 78.8 F,80.12,70.7,90.47,-6.11,0,450,1,"34.25,-118.50 (35.4%); 34.00,-118.25 (23.1%); 34.00,-118.50 (22.6%); 34.25,-118.25 (10.1%); 33.75,-118.25 (6.4%); 34.25,-118.75 (2.4%)"
2025-04-24,78.75,25.97,0.0,No thermal stress,48.2 to 78.8 F,80.4,70.89,90.5,-1.65,0,450,1,"34.25,-118.50 (35.4%); 34.00,-118.25 (23.1%); 34.00,-118.50 (22.6%); 34.25,-118.25 (10.1%); 33.75,-118.25 (6.4%); 34.25,-118.75 (2.4%)"
2025-04-25,65.43,18.57,0.0,No thermal stress,48.2 to 78.8 F,80.62,71.2,90.53,-15.19,0,450,1,"34.25,-118.50 (35.4%); 34.00,-118.25 (23.1%); 34.00,-118.50 (22.6%); 34.25,-118.25 (10.1%); 33.75,-118.25 (6.4%); 34.25,-118.75 (2.4%)"
2025-04-26,62.57,16.98,0.0,No thermal stress,48.2 to 78.8 F,80.82,71.53,90.85,-18.25,0,450,1,"34.25,-118.50 (35.4%); 34.00,-118.25 (23.1%); 34.00,-118.50 (22.6%); 34.25,-118.25 (10.1%); 33.75,-118.25 (6.4%); 34.25,-118.75 (2.4%)"
2025-04-27,67.99,20.0,0.0,No thermal stress,48.2 to 78.8 F,80.86,71.59,91.11,-12.87,0,450,1,"34.25,-118.50 (35.4%); 34.00,-118.25 (23.1%); 34.00,-118.50 (22.6%); 34.25,-118.25 (10.1%); 33.75,-118.25 (6.4%); 34.25,-118.75 (2.4%)"
2025-04-28,80.82,27.12,1.0,Moderate heat stress,78.8 to 89.6 F,80.85,71.6,91.19,-0.03,0,450,1,"34.25,-118.50 (35.4%); 34.00,-118.25 (23.1%); 34.00,-118.50 (22.6%); 34.25,-118.25 (10.1%); 33.75,-118.25 (6.4%); 34.25,-118.75 (2.4%)"
2025-04-29,80.14,26.74,1.0,Moderate heat stress,78.8 to 89.6 F,80.85,71.6,91.15,-0.71,0,450,1,"34.25,-118.50 (35.4%); 34.00,-118.25 (23.1%); 34.00,-118.50 (22.6%); 34.25,-118.25 (10.1%); 33.75,-118.25 (6.4%); 34.25,-118.75 (2.4%)"
2025-04-30,79.57,26.43,1.0,Moderate heat stress,78.8 to 89.6 F,81.0,71.63,91.32,-1.43,0,450,1,"34.25,-118.50 (35.4%); 34.00,-118.25 (23.1%); 34.00,-118.50 (22.6%); 34.25,-118.25 (10.1%); 33.75,-118.25 (6.4%); 34.25,-118.75 (2.4%)"
2025-05-01,79.5,26.39,1.0,Moderate heat stress,78.8 to 89.6 F,81.07,71.6,92.1,-1.57,0,450,1,"34.25,-118.50 (35.4%); 34.00,-118.25 (23.1%); 34.00,-118.50 (22.6%); 34.25,-118.25 (10.1%); 33.75,-118.25 (6.4%); 34.25,-118.75 (2.4%)"
2025-05-02,79.43,26.35,1.0,Moderate heat stress,78.8 to 89.6 F,81.1,71.7,91.32,-1.67,0,450,1,"34.25,-118.50 (35.4%); 34.00,-118.25 (23.1%); 34.00,-118.50 (22.6%); 34.25,-118.25 (10.1%); 33.75,-118.25 (6.4%); 34.25,-118.75 (2.4%)"
2025-05-03,79.76,26.53,1.0,Moderate heat stress,78.8 to 89.6 F,81.05,72.12,90.89,-1.29,0,450,1,"34.25,-118.50 (35.4%); 34.00,-118.25 (23.1%); 34.00,-118.50 (22.6%); 34.25,-118.25 (10.1%); 33.75,-118.25 (6.4%); 34.25,-118.75 (2.4%)"
2025-05-04,69.55,20.86,0.0,No thermal stress,48.2 to 78.8 F,80.99,72.17,90.53,-11.44,0,450,1,"34.25,-118.50 (35.4%); 34.00,-118.25 (23.1%); 34.00,-118.50 (22.6%); 34.25,-118.25 (10.1%); 33.75,-118.25 (6.4%); 34.25,-118.75 (2.4%)"
2025-05-05,74.83,23.79,0.0,No thermal stress,48.2 to 78.8 F,81.0,72.53,90.64,-6.17,0,450,1,"34.25,-118.50 (35.4%); 34.00,-118.25 (23.1%); 34.00,-118.50 (22.6%); 34.25,-118.25 (10.1%); 33.75,-118.25 (6.4%); 34.25,-118.75 (2.4%)"
2025-05-06,74.3,23.5,0.0,No thermal stress,48.2 to 78.8 F,81.02,72.78,90.64,-6.72,0,450,1,"34.25,-118.50 (35.4%); 34.00,-118.25 (23.1%); 34.00,-118.50 (22.6%); 34.25,-118.25 (10.1%); 33.75,-118.25 (6.4%); 34.25,-118.75 (2.4%)"
2025-05-07,79.96,26.64,1.0,Moderate heat stress,78.8 to 89.6 F,81.0,72.78,90.18,-1.04,0,450,1,"34.25,-118.50 (35.4%); 34.00,-118.25 (23.1%); 34.00,-118.50 (22.6%); 34.25,-118.25 (10.1%); 33.75,-118.25 (6.4%); 34.25,-118.75 (2.4%)"
2025-05-08,85.43,29.69,1.0,Moderate heat stress,78.8 to 89.6 F,80.99,72.59,90.42,4.44,0,450,1,"34.25,-118.50 (35.4%); 34.00,-118.25 (23.1%); 34.00,-118.50 (22.6%); 34.25,-118.25 (10.1%); 33.75,-118.25 (6.4%); 34.25,-118.75 (2.4%)"
2025-05-09,96.72,35.96,2.0,Strong heat stress,89.6 to 100.4 F,80.93,72.15,90.43,15.79,1,450,1,"34.25,-118.50 (35.4%); 34.00,-118.25 (23.1%); 34.00,-118.50 (22.6%); 34.25,-118.25 (10.1%); 33.75,-118.25 (6.4%); 34.25,-118.75 (2.4%)"
2025-05-10,101.67,38.71,3.0,Very strong heat stress,100.4 to 114.8 F,80.9,72.53,90.02,20.77,1,450,1,"34.25,-118.50 (35.4%); 34.00,-118.25 (23.1%); 34.00,-118.50 (22.6%); 34.25,-118.25 (10.1%); 33.75,-118.25 (6.4%); 34.25,-118.75 (2.4%)"
2025-05-11,94.19,34.55,2.0,Strong heat stress,89.6 to 100.4 F,80.77,72.38,89.62,13.42,1,450,1,"34.25,-118.50 (35.4%); 34.00,-118.25 (23.1%); 34.00,-118.50 (22.6%); 34.25,-118.25 (10.1%); 33.75,-118.25 (6.4%); 34.25,-118.75 (2.4%)"
2025-05-12,78.69,25.94,0.0,No thermal stress,48.2 to 78.8 F,80.78,72.53,89.44,-2.09,0,450,1,"34.25,-118.50 (35.4%); 34.00,-118.25 (23.1%); 34.00,-118.50 (22.6%); 34.25,-118.25 (10.1%); 33.75,-118.25 (6.4%); 34.25,-118.75 (2.4%)"
2025-05-13,77.78,25.43,0.0,No thermal stress,48.2 to 78.8 F,80.86,72.76,89.44,-3.08,0,450,1,"34.25,-118.50 (35.4%); 34.00,-118.25 (23.1%); 34.00,-118.50 (22.6%); 34.25,-118.25 (10.1%); 33.75,-118.25 (6.4%); 34.25,-118.75 (2.4%)"
2025-05-14,79.02,26.12,1.0,Moderate heat stress,78.8 to 89.6 F,80.99,73.38,89.42,-1.97,0,450,1,"34.25,-118.50 (35.4%); 34.00,-118.25 (23.1%); 34.00,-118.50 (22.6%); 34.25,-118.25 (10.1%); 33.75,-118.25 (6.4%); 34.25,-118.75 (2.4%)"
2025-05-15,79.62,26.46,1.0,Moderate heat stress,78.8 to 89.6 F,81.01,73.38,89.3,-1.39,0,450,1,"34.25,-118.50 (35.4%); 34.00,-118.25 (23.1%); 34.00,-118.50 (22.6%); 34.25,-118.25 (10.1%); 33.75,-118.25 (6.4%); 34.25,-118.75 (2.4%)"
2025-05-16,79.46,26.37,1.0,Moderate heat stress,78.8 to 89.6 F,80.9,73.09,89.18,-1.44,0,450,1,"34.25,-118.50 (35.4%); 34.00,-118.25 (23.1%); 34.00,-118.50 (22.6%); 34.25,-118.25 (10.1%); 33.75,-118.25 (6.4%); 34.25,-118.75 (2.4%)"
2025-05-17,69.85,21.03,0.0,No thermal stress,48.2 to 78.8 F,80.92,73.65,88.92,-11.07,0,450,1,"34.25,-118.50 (35.4%); 34.00,-118.25 (23.1%); 34.00,-118.50 (22.6%); 34.25,-118.25 (10.1%); 33.75,-118.25 (6.4%); 34.25,-118.75 (2.4%)"
2025-05-18,80.13,26.74,1.0,Moderate heat stress,78.8 to 89.6 F,80.81,73.65,88.9,-0.68,0,450,1,"34.25,-118.50 (35.4%); 34.00,-118.25 (23.1%); 34.00,-118.50 (22.6%); 34.25,-118.25 (10.1%); 33.75,-118.25 (6.4%); 34.25,-118.75 (2.4%)"
2025-05-19,86.01,30.01,1.0,Moderate heat stress,78.8 to 89.6 F,80.73,73.38,88.9,5.28,0,450,1,"34.25,-118.50 (35.4%); 34.00,-118.25 (23.1%); 34.00,-118.50 (22.6%); 34.25,-118.25 (10.1%); 33.75,-118.25 (6.4%); 34.25,-118.75 (2.4%)"
2025-05-20,89.73,32.07,2.0,Strong heat stress,89.6 to 100.4 F,80.75,73.65,88.89,8.98,1,450,1,"34.25,-118.50 (35.4%); 34.00,-118.25 (23.1%); 34.00,-118.50 (22.6%); 34.25,-118.25 (10.1%); 33.75,-118.25 (6.4%); 34.25,-118.75 (2.4%)"
2025-05-21,90.77,32.65,2.0,Strong heat stress,89.6 to 100.4 F,80.84,73.96,88.83,9.93,1,450,1,"34.25,-118.50 (35.4%); 34.00,-118.25 (23.1%); 34.00,-118.50 (22.6%); 34.25,-118.25 (10.1%); 33.75,-118.25 (6.4%); 34.25,-118.75 (2.4%)"
2025-05-22,85.7,29.84,1.0,Moderate heat stress,78.8 to 89.6 F,81.0,74.19,88.89,4.7,0,450,1,"34.25,-118.50 (35.4%); 34.00,-118.25 (23.1%); 34.00,-118.50 (22.6%); 34.25,-118.25 (10.1%); 33.75,-118.25 (6.4%); 34.25,-118.75 (2.4%)"
2025-05-23,80.57,26.98,1.0,Moderate heat stress,78.8 to 89.6 F,81.14,74.3,88.8,-0.57,0,450,1,"34.25,-118.50 (35.4%); 34.00,-118.25 (23.1%); 34.00,-118.50 (22.6%); 34.25,-118.25 (10.1%); 33.75,-118.25 (6.4%); 34.25,-118.75 (2.4%)"
2025-05-24,78.47,25.82,0.0,No thermal stress,48.2 to 78.8 F,81.34,74.7,88.89,-2.87,0,450,1,"34.25,-118.50 (35.4%); 34.00,-118.25 (23.1%); 34.00,-118.50 (22.6%); 34.25,-118.25 (10.1%); 33.75,-118.25 (6.4%); 34.25,-118.75 (2.4%)"
2025-05-25,79.44,26.36,1.0,Moderate heat stress,78.8 to 89.6 F,81.5,74.72,89.0,-2.06,0,450,1,"34.25,-118.50 (35.4%); 34.00,-118.25 (23.1%); 34.00,-118.50 (22.6%); 34.25,-118.25 (10.1%); 33.75,-118.25 (6.4%); 34.25,-118.75 (2.4%)"
2025-05-26,81.91,27.73,1.0,Moderate heat stress,78.8 to 89.6 F,81.71,75.09,89.34,0.2,0,450,1,"34.25,-118.50 (35.4%); 34.00,-118.25 (23.1%); 34.00,-118.50 (22.6%); 34.25,-118.25 (10.1%); 33.75,-118.25 (6.4%); 34.25,-118.75 (2.4%)"
2025-05-27,84.61,29.23,1.0,Moderate heat stress,78.8 to 89.6 F,81.88,75.21,89.48,2.73,0,450,1,"34.25,-118.50 (35.4%); 34.00,-118.25 (23.1%); 34.00,-118.50 (22.6%); 34.25,-118.25 (10.1%); 33.75,-118.25 (6.4%); 34.25,-118.75 (2.4%)"
2025-05-28,83.61,28.67,1.0,Moderate heat stress,78.8 to 89.6 F,82.06,75.3,89.48,1.55,0,450,1,"34.25,-118.50 (35.4%); 34.00,-118.25 (23.1%); 34.00,-118.50 (22.6%); 34.25,-118.25 (10.1%); 33.75,-118.25 (6.4%); 34.25,-118.75 (2.4%)"
2025-05-29,83.91,28.84,1.0,Moderate heat stress,78.8 to 89.6 F,82.07,75.61,89.34,1.84,0,450,1,"34.25,-118.50 (35.4%); 34.00,-118.25 (23.1%); 34.00,-118.50 (22.6%); 34.25,-118.25 (10.1%); 33.75,-118.25 (6.4%); 34.25,-118.75 (2.4%)"
2025-05-30,97.54,36.41,2.0,Strong heat stress,89.6 to 100.4 F,82.14,76.03,89.01,15.4,1,450,1,"34.25,-118.50 (35.4%); 34.00,-118.25 (23.1%); 34.00,-118.50 (22.6%); 34.25,-118.25 (10.1%); 33.75,-118.25 (6.4%); 34.25,-118.75 (2.4%)"
2025-05-31,93.83,34.35,2.0,Strong heat stress,89.6 to 100.4 F,82.32,76.37,88.92,11.51,1,450,1,"34.25,-118.50 (35.4%); 34.00,-118.25 (23.1%); 34.00,-118.50 (22.6%); 34.25,-118.25 (10.1%); 33.75,-118.25 (6.4%); 34.25,-118.75 (2.4%)"
2025-06-01,89.13,31.74,1.0,Moderate heat stress,78.8 to 89.6 F,82.5,76.41,88.99,6.63,1,450,1,"34.25,-118.50 (35.4%); 34.00,-118.25 (23.1%); 34.00,-118.50 (22.6%); 34.25,-118.25 (10.1%); 33.75,-118.25 (6.4%); 34.25,-118.75 (2.4%)"
2025-06-02,82.18,27.88,1.0,Moderate heat stress,78.8 to 89.6 F,82.91,77.11,89.59,-0.73,0,450,1,"34.25,-118.50 (35.4%); 34.00,-118.25 (23.1%); 34.00,-118.50 (22.6%); 34.25,-118.25 (10.1%); 33.75,-118.25 (6.4%); 34.25,-118.75 (2.4%)"
2025-06-03,84.95,29.41,1.0,Moderate heat stress,78.8 to 89.6 F,83.26,77.37,89.96,1.69,0,450,1,"34.25,-118.50 (35.4%); 34.00,-118.25 (23.1%); 34.00,-118.50 (22.6%); 34.25,-118.25 (10.1%); 33.75,-118.25 (6.4%); 34.25,-118.75 (2.4%)"
2025-06-04,82.28,27.93,1.0,Moderate heat stress,78.8 to 89.6 F,83.39,77.64,90.19,-1.11,0,450,1,"34.25,-118.50 (35.4%); 34.00,-118.25 (23.1%); 34.00,-118.50 (22.6%); 34.25,-118.25 (10.1%); 33.75,-118.25 (6.4%); 34.25,-118.75 (2.4%)"
2025-06-05,82.48,28.04,1.0,Moderate heat stress,78.8 to 89.6 F,83.4,77.83,90.06,-0.92,0,450,1,"34.25,-118.50 (35.4%); 34.00,-118.25 (23.1%); 34.00,-118.50 (22.6%); 34.25,-118.25 (10.1%); 33.75,-118.25 (6.4%); 34.25,-118.75 (2.4%)"
2025-06-06,82.59,28.11,1.0,Moderate heat stress,78.8 to 89.6 F,83.46,77.96,90.18,-0.87,0,450,1,"34.25,-118.50 (35.4%); 34.00,-118.25 (23.1%); 34.00,-118.50 (22.6%); 34.25,-118.25 (10.1%); 33.75,-118.25 (6.4%); 34.25,-118.75 (2.4%)"
2025-06-07,82.33,27.96,1.0,Moderate heat stress,78.8 to 89.6 F,83.59,78.2,90.28,-1.26,0,450,1,"34.25,-118.50 (35.4%); 34.00,-118.25 (23.1%); 34.00,-118.50 (22.6%); 34.25,-118.25 (10.1%); 33.75,-118.25 (6.4%); 34.25,-118.75 (2.4%)"
2025-06-08,83.38,28.54,1.0,Moderate heat stress,78.8 to 89.6 F,83.65,78.2,90.24,-0.27,0,450,1,"34.25,-118.50 (35.4%); 34.00,-118.25 (23.1%); 34.00,-118.50 (22.6%); 34.25,-118.25 (10.1%); 33.75,-118.25 (6.4%); 34.25,-118.75 (2.4%)"
2025-06-09,84.19,29.0,1.0,Moderate heat stress,78.8 to 89.6 F,83.69,78.2,90.35,0.5,0,450,1,"34.25,-118.50 (35.4%); 34.00,-118.25 (23.1%); 34.00,-118.50 (22.6%); 34.25,-118.25 (10.1%); 33.75,-118.25 (6.4%); 34.25,-118.75 (2.4%)"
2025-06-10,87.24,30.69,1.0,Moderate heat stress,78.8 to 89.6 F,83.83,78.35,90.77,3.41,0,450,1,"34.25,-118.50 (35.4%); 34.00,-118.25 (23.1%); 34.00,-118.50 (22.6%); 34.25,-118.25 (10.1%); 33.75,-118.25 (6.4%); 34.25,-118.75 (2.4%)"
2025-06-11,86.51,30.28,1.0,Moderate heat stress,78.8 to 89.6 F,83.99,78.43,90.9,2.52,0,450,1,"34.25,-118.50 (35.4%); 34.00,-118.25 (23.1%); 34.00,-118.50 (22.6%); 34.25,-118.25 (10.1%); 33.75,-118.25 (6.4%); 34.25,-118.75 (2.4%)"
2025-06-12,84.02,28.9,1.0,Moderate heat stress,78.8 to 89.6 F,84.21,78.73,91.41,-0.19,0,450,1,"34.25,-118.50 (35.4%); 34.00,-118.25 (23.1%); 34.00,-118.50 (22.6%); 34.25,-118.25 (10.1%); 33.75,-118.25 (6.4%); 34.25,-118.75 (2.4%)"
2025-06-13,83.76,28.76,1.0,Moderate heat stress,78.8 to 89.6 F,84.6,79.0,91.58,-0.84,0,450,1,"34.25,-118.50 (35.4%); 34.00,-118.25 (23.1%); 34.00,-118.50 (22.6%); 34.25,-118.25 (10.1%); 33.75,-118.25 (6.4%); 34.25,-118.75 (2.4%)"
2025-06-14,87.87,31.04,1.0,Moderate heat stress,78.8 to 89.6 F,84.9,79.07,92.08,2.97,0,450,1,"34.25,-118.50 (35.4%); 34.00,-118.25 (23.1%); 34.00,-118.50 (22.6%); 34.25,-118.25 (10.1%); 33.75,-118.25 (6.4%); 34.25,-118.75 (2.4%)"
2025-06-15,94.08,34.49,2.0,Strong heat stress,89.6 to 100.4 F,85.2,79.31,92.53,8.88,1,450,1,"34.25,-118.50 (35.4%); 34.00,-118.25 (23.1%); 34.00,-118.50 (22.6%); 34.25,-118.25 (10.1%); 33.75,-118.25 (6.4%); 34.25,-118.75 (2.4%)"
2025-06-16,92.65,33.7,2.0,Strong heat stress,89.6 to 100.4 F,85.43,79.7,92.63,7.22,1,450,1,"34.25,-118.50 (35.4%); 34.00,-118.25 (23.1%); 34.00,-118.50 (22.6%); 34.25,-118.25 (10.1%); 33.75,-118.25 (6.4%); 34.25,-118.75 (2.4%)"
2025-06-17,93.63,34.24,2.0,Strong heat stress,89.6 to 100.4 F,85.58,79.85,92.63,8.05,1,450,1,"34.25,-118.50 (35.4%); 34.00,-118.25 (23.1%); 34.00,-118.50 (22.6%); 34.25,-118.25 (10.1%); 33.75,-118.25 (6.4%); 34.25,-118.75 (2.4%)"
2025-06-18,92.12,33.4,2.0,Strong heat stress,89.6 to 100.4 F,85.82,79.95,92.67,6.3,0,450,1,"34.25,-118.50 (35.4%); 34.00,-118.25 (23.1%); 34.00,-118.50 (22.6%); 34.25,-118.25 (10.1%); 33.75,-118.25 (6.4%); 34.25,-118.75 (2.4%)"
2025-06-19,86.37,30.21,1.0,Moderate heat stress,78.8 to 89.6 F,86.12,80.18,93.0,0.25,0,450,1,"34.25,-118.50 (35.4%); 34.00,-118.25 (23.1%); 34.00,-118.50 (22.6%); 34.25,-118.25 (10.1%); 33.75,-118.25 (6.4%); 34.25,-118.75 (2.4%)"
2025-06-20,82.4,28.0,1.0,Moderate heat stress,78.8 to 89.6 F,86.44,80.32,93.17,-4.04,0,450,1,"34.25,-118.50 (35.4%); 34.00,-118.25 (23.1%); 34.00,-118.50 (22.6%); 34.25,-118.25 (10.1%); 33.75,-118.25 (6.4%); 34.25,-118.75 (2.4%)"
2025-06-21,83.47,28.59,1.0,Moderate heat stress,78.8 to 89.6 F,86.73,80.53,93.8,-3.26,0,450,1,"34.25,-118.50 (35.4%); 34.00,-118.25 (23.1%); 34.00,-118.50 (22.6%); 34.25,-118.25 (10.1%); 33.75,-118.25 (6.4%); 34.25,-118.75 (2.4%)"
2025-06-22,83.53,28.63,1.0,Moderate heat stress,78.8 to 89.6 F,86.97,80.7,94.16,-3.44,0,450,1,"34.25,-118.50 (35.4%); 34.00,-118.25 (23.1%); 34.00,-118.50 (22.6%); 34.25,-118.25 (10.1%); 33.75,-118.25 (6.4%); 34.25,-118.75 (2.4%)"
2025-06-23,80.99,27.22,1.0,Moderate heat stress,78.8 to 89.6 F,87.31,81.13,94.62,-6.32,0,450,1,"34.25,-118.50 (35.4%); 34.00,-118.25 (23.1%); 34.00,-118.50 (22.6%); 34.25,-118.25 (10.1%); 33.75,-118.25 (6.4%); 34.25,-118.75 (2.4%)"
2025-06-24,82.36,27.98,1.0,Moderate heat stress,78.8 to 89.6 F,87.73,81.31,94.87,-5.37,0,450,1,"34.25,-118.50 (35.4%); 34.00,-118.25 (23.1%); 34.00,-118.50 (22.6%); 34.25,-118.25 (10.1%); 33.75,-118.25 (6.4%); 34.25,-118.75 (2.4%)"
2025-06-25,85.75,29.86,1.0,Moderate heat stress,78.8 to 89.6 F,88.03,81.59,95.71,-2.28,0,450,1,"34.25,-118.50 (35.4%); 34.00,-118.25 (23.1%); 34.00,-118.50 (22.6%); 34.25,-118.25 (10.1%); 33.75,-118.25 (6.4%); 34.25,-118.75 (2.4%)"
2025-06-26,85.7,29.83,1.0,Moderate heat stress,78.8 to 89.6 F,88.18,81.62,95.87,-2.48,0,450,1,"34.25,-118.50 (35.4%); 34.00,-118.25 (23.1%); 34.00,-118.50 (22.6%); 34.25,-118.25 (10.1%); 33.75,-118.25 (6.4%); 34.25,-118.75 (2.4%)"
2025-06-27,86.88,30.49,1.0,Moderate heat stress,78.8 to 89.6 F,88.32,81.89,96.12,-1.44,0,450,1,"34.25,-118.50 (35.4%); 34.00,-118.25 (23.1%); 34.00,-118.50 (22.6%); 34.25,-118.25 (10.1%); 33.75,-118.25 (6.4%); 34.25,-118.75 (2.4%)"
2025-06-28,90.4,32.44,2.0,Strong heat stress,89.6 to 100.4 F,88.5,82.07,96.1,1.9,0,450,1,"34.25,-118.50 (35.4%); 34.00,-118.25 (23.1%); 34.00,-118.50 (22.6%); 34.25,-118.25 (10.1%); 33.75,-118.25 (6.4%); 34.25,-118.75 (2.4%)"
2025-06-29,91.47,33.04,2.0,Strong heat stress,89.6 to 100.4 F,88.81,82.52,96.36,2.66,0,450,1,"34.25,-118.50 (35.4%); 34.00,-118.25 (23.1%); 34.00,-118.50 (22.6%); 34.25,-118.25 (10.1%); 33.75,-118.25 (6.4%); 34.25,-118.75 (2.4%)"
2025-06-30,90.73,32.63,2.0,Strong heat stress,89.6 to 100.4 F,89.07,82.68,96.67,1.66,0,450,1,"34.25,-118.50 (35.4%); 34.00,-118.25 (23.1%); 34.00,-118.50 (22.6%); 34.25,-118.25 (10.1%); 33.75,-118.25 (6.4%); 34.25,-118.75 (2.4%)"
2025-07-01,86.87,30.48,1.0,Moderate heat stress,78.8 to 89.6 F,89.3,82.84,96.83,-2.43,0,450,1,"34.25,-118.50 (35.4%); 34.00,-118.25 (23.1%); 34.00,-118.50 (22.6%); 34.25,-118.25 (10.1%); 33.75,-118.25 (6.4%); 34.25,-118.75 (2.4%)"
2025-07-02,84.77,29.32,1.0,Moderate heat stress,78.8 to 89.6 F,89.53,83.06,96.94,-4.76,0,450,1,"34.25,-118.50 (35.4%); 34.00,-118.25 (23.1%); 34.00,-118.50 (22.6%); 34.25,-118.25 (10.1%); 33.75,-118.25 (6.4%); 34.25,-118.75 (2.4%)"
2025-07-03,85.06,29.48,1.0,Moderate heat stress,78.8 to 89.6 F,89.66,83.18,96.94,-4.6,0,450,1,"34.25,-118.50 (35.4%); 34.00,-118.25 (23.1%); 34.00,-118.50 (22.6%); 34.25,-118.25 (10.1%); 33.75,-118.25 (6.4%); 34.25,-118.75 (2.4%)"
2025-07-04,88.55,31.42,1.0,Moderate heat stress,78.8 to 89.6 F,89.81,83.36,96.94,-1.26,0,450,1,"34.25,-118.50 (35.4%); 34.00,-118.25 (23.1%); 34.00,-118.50 (22.6%); 34.25,-118.25 (10.1%); 33.75,-118.25 (6.4%); 34.25,-118.75 (2.4%)"
2025-07-05,89.84,32.13,2.0,Strong heat stress,89.6 to 100.4 F,89.98,83.45,97.01,-0.14,0,450,1,"34.25,-118.50 (35.4%); 34.00,-118.25 (23.1%); 34.00,-118.50 (22.6%); 34.25,-118.25 (10.1%); 33.75,-118.25 (6.4%); 34.25,-118.75 (2.4%)"
2025-07-06,88.61,31.45,1.0,Moderate heat stress,78.8 to 89.6 F,90.17,83.53,97.01,-1.56,0,450,1,"34.25,-118.50 (35.4%); 34.00,-118.25 (23.1%); 34.00,-118.50 (22.6%); 34.25,-118.25 (10.1%); 33.75,-118.25 (6.4%); 34.25,-118.75 (2.4%)"
2025-07-07,87.53,30.85,1.0,Moderate heat stress,78.8 to 89.6 F,90.34,83.68,96.94,-2.81,0,450,1,"34.25,-118.50 (35.4%); 34.00,-118.25 (23.1%); 34.00,-118.50 (22.6%); 34.25,-118.25 (10.1%); 33.75,-118.25 (6.4%); 34.25,-118.75 (2.4%)"
2025-07-08,90.95,32.75,2.0,Strong heat stress,89.6 to 100.4 F,90.42,83.78,96.93,0.53,0,450,1,"34.25,-118.50 (35.4%); 34.00,-118.25 (23.1%); 34.00,-118.50 (22.6%); 34.25,-118.25 (10.1%); 33.75,-118.25 (6.4%); 34.25,-118.75 (2.4%)"
2025-07-09,92.71,33.73,2.0,Strong heat stress,89.6 to 100.4 F,90.43,83.6,96.93,2.28,0,450,1,"34.25,-118.50 (35.4%); 34.00,-118.25 (23.1%); 34.00,-118.50 (22.6%); 34.25,-118.25 (10.1%); 33.75,-118.25 (6.4%); 34.25,-118.75 (2.4%)"
2025-07-10,94.12,34.51,2.0,Strong heat stress,89.6 to 100.4 F,90.49,83.6,96.94,3.63,0,450,1,"34.25,-118.50 (35.4%); 34.00,-118.25 (23.1%); 34.00,-118.50 (22.6%); 34.25,-118.25 (10.1%); 33.75,-118.25 (6.4%); 34.25,-118.75 (2.4%)"
2025-07-11,87.92,31.07,1.0,Moderate heat stress,78.8 to 89.6 F,90.7,84.04,97.01,-2.78,0,450,1,"34.25,-118.50 (35.4%); 34.00,-118.25 (23.1%); 34.00,-118.50 (22.6%); 34.25,-118.25 (10.1%); 33.75,-118.25 (6.4%); 34.25,-118.75 (2.4%)"
2025-07-12,86.39,30.21,1.0,Moderate heat stress,78.8 to 89.6 F,90.87,84.24,97.31,-4.48,0,450,1,"34.25,-118.50 (35.4%); 34.00,-118.25 (23.1%); 34.00,-118.50 (22.6%); 34.25,-118.25 (10.1%); 33.75,-118.25 (6.4%); 34.25,-118.75 (2.4%)"
2025-07-13,87.15,30.64,1.0,Moderate heat stress,78.8 to 89.6 F,90.92,84.3,97.49,-3.77,0,450,1,"34.25,-118.50 (35.4%); 34.00,-118.25 (23.1%); 34.00,-118.50 (22.6%); 34.25,-118.25 (10.1%); 33.75,-118.25 (6.4%); 34.25,-118.75 (2.4%)"
2025-07-14,87.27,30.71,1.0,Moderate heat stress,78.8 to 89.6 F,90.91,84.44,97.51,-3.64,0,450,1,"34.25,-118.50 (35.4%); 34.00,-118.25 (23.1%); 34.00,-118.50 (22.6%); 34.25,-118.25 (10.1%); 33.75,-118.25 (6.4%); 34.25,-118.75 (2.4%)"
2025-07-15,85.29,29.61,1.0,Moderate heat stress,78.8 to 89.6 F,90.96,84.49,97.55,-5.67,0,450,1,"34.25,-118.50 (35.4%); 34.00,-118.25 (23.1%); 34.00,-118.50 (22.6%); 34.25,-118.25 (10.1%); 33.75,-118.25 (6.4%); 34.25,-118.75 (2.4%)"
2025-07-16,87.03,30.57,1.0,Moderate heat stress,78.8 to 89.6 F,91.08,84.61,97.7,-4.05,0,450,1,"34.25,-118.50 (35.4%); 34.00,-118.25 (23.1%); 34.00,-118.50 (22.6%); 34.25,-118.25 (10.1%); 33.75,-118.25 (6.4%); 34.25,-118.75 (2.4%)"
2025-07-17,89.95,32.2,2.0,Strong heat stress,89.6 to 100.4 F,91.18,84.65,97.91,-1.23,0,450,1,"34.25,-118.50 (35.4%); 34.00,-118.25 (23.1%); 34.00,-118.50 (22.6%); 34.25,-118.25 (10.1%); 33.75,-118.25 (6.4%); 34.25,-118.75 (2.4%)"
2025-07-18,88.45,31.36,1.0,Moderate heat stress,78.8 to 89.6 F,91.31,84.92,98.52,-2.86,0,450,1,"34.25,-118.50 (35.4%); 34.00,-118.25 (23.1%); 34.00,-118.50 (22.6%); 34.25,-118.25 (10.1%); 33.75,-118.25 (6.4%); 34.25,-118.75 (2.4%)"
2025-07-19,86.55,30.31,1.0,Moderate heat stress,78.8 to 89.6 F,91.46,85.02,98.93,-4.91,0,450,1,"34.25,-118.50 (35.4%); 34.00,-118.25 (23.1%); 34.00,-118.50 (22.6%); 34.25,-118.25 (10.1%); 33.75,-118.25 (6.4%); 34.25,-118.75 (2.4%)"
2025-07-20,86.29,30.16,1.0,Moderate heat stress,78.8 to 89.6 F,91.54,85.18,99.1,-5.25,0,450,1,"34.25,-118.50 (35.4%); 34.00,-118.25 (23.1%); 34.00,-118.50 (22.6%); 34.25,-118.25 (10.1%); 33.75,-118.25 (6.4%); 34.25,-118.75 (2.4%)"
2025-07-21,85.87,29.93,1.0,Moderate heat stress,78.8 to 89.6 F,91.54,85.18,99.1,-5.67,0,450,1,"34.25,-118.50 (35.4%); 34.00,-118.25 (23.1%); 34.00,-118.50 (22.6%); 34.25,-118.25 (10.1%); 33.75,-118.25 (6.4%); 34.25,-118.75 (2.4%)"
2025-07-22,86.41,30.23,1.0,Moderate heat stress,78.8 to 89.6 F,91.53,85.18,99.11,-5.12,0,450,1,"34.25,-118.50 (35.4%); 34.00,-118.25 (23.1%); 34.00,-118.50 (22.6%); 34.25,-118.25 (10.1%); 33.75,-118.25 (6.4%); 34.25,-118.75 (2.4%)"
2025-07-23,85.82,29.9,1.0,Moderate heat stress,78.8 to 89.6 F,91.58,85.22,99.1,-5.76,0,450,1,"34.25,-118.50 (35.4%); 34.00,-118.25 (23.1%); 34.00,-118.50 (22.6%); 34.25,-118.25 (10.1%); 33.75,-118.25 (6.4%); 34.25,-118.75 (2.4%)"
2025-07-24,86.06,30.03,1.0,Moderate heat stress,78.8 to 89.6 F,91.65,85.25,99.09,-5.59,0,450,1,"34.25,-118.50 (35.4%); 34.00,-118.25 (23.1%); 34.00,-118.50 (22.6%); 34.25,-118.25 (10.1%); 33.75,-118.25 (6.4%); 34.25,-118.75 (2.4%)"
2025-07-25,84.25,29.03,1.0,Moderate heat stress,78.8 to 89.6 F,91.76,85.38,99.1,-7.51,0,450,1,"34.25,-118.50 (35.4%); 34.00,-118.25 (23.1%); 34.00,-118.50 (22.6%); 34.25,-118.25 (10.1%); 33.75,-118.25 (6.4%); 34.25,-118.75 (2.4%)"
2025-07-26,84.08,28.93,1.0,Moderate heat stress,78.8 to 89.6 F,91.84,85.39,99.09,-7.76,0,450,1,"34.25,-118.50 (35.4%); 34.00,-118.25 (23.1%); 34.00,-118.50 (22.6%); 34.25,-118.25 (10.1%); 33.75,-118.25 (6.4%); 34.25,-118.75 (2.4%)"
2025-07-27,85.17,29.54,1.0,Moderate heat stress,78.8 to 89.6 F,91.89,85.71,99.09,-6.72,0,450,1,"34.25,-118.50 (35.4%); 34.00,-118.25 (23.1%); 34.00,-118.50 (22.6%); 34.25,-118.25 (10.1%); 33.75,-118.25 (6.4%); 34.25,-118.75 (2.4%)"
2025-07-28,85.89,29.94,1.0,Moderate heat stress,78.8 to 89.6 F,91.99,85.74,99.04,-6.1,0,450,1,"34.25,-118.50 (35.4%); 34.00,-118.25 (23.1%); 34.00,-118.50 (22.6%); 34.25,-118.25 (10.1%); 33.75,-118.25 (6.4%); 34.25,-118.75 (2.4%)"
2025-07-29,87.63,30.91,1.0,Moderate heat stress,78.8 to 89.6 F,92.08,85.81,98.93,-4.45,0,450,1,"34.25,-118.50 (35.4%); 34.00,-118.25 (23.1%); 34.00,-118.50 (22.6%); 34.25,-118.25 (10.1%); 33.75,-118.25 (6.4%); 34.25,-118.75 (2.4%)"
2025-07-30,88.95,31.64,1.0,Moderate heat stress,78.8 to 89.6 F,92.07,85.74,98.93,-3.12,0,450,1,"34.25,-118.50 (35.4%); 34.00,-118.25 (23.1%); 34.00,-118.50 (22.6%); 34.25,-118.25 (10.1%); 33.75,-118.25 (6.4%); 34.25,-118.75 (2.4%)"
2025-07-31,90.63,32.57,2.0,Strong heat stress,89.6 to 100.4 F,92.02,85.71,98.89,-1.39,0,450,1,"34.25,-118.50 (35.4%); 34.00,-118.25 (23.1%); 34.00,-118.50 (22.6%); 34.25,-118.25 (10.1%); 33.75,-118.25 (6.4%); 34.25,-118.75 (2.4%)"
2025-08-01,87.79,30.99,1.0,Moderate heat stress,78.8 to 89.6 F,92.03,85.74,98.82,-4.24,0,450,1,"34.25,-118.50 (35.4%); 34.00,-118.25 (23.1%); 34.00,-118.50 (22.6%); 34.25,-118.25 (10.1%); 33.75,-118.25 (6.4%); 34.25,-118.75 (2.4%)"
2025-08-02,88.96,31.64,1.0,Moderate heat stress,78.8 to 89.6 F,92.08,85.59,98.89,-3.12,0,450,1,"34.25,-118.50 (35.4%); 34.00,-118.25 (23.1%); 34.00,-118.50 (22.6%); 34.25,-118.25 (10.1%); 33.75,-118.25 (6.4%); 34.25,-118.75 (2.4%)"
2025-08-03,89.68,32.04,2.0,Strong heat stress,89.6 to 100.4 F,92.06,85.34,99.01,-2.38,0,450,1,"34.25,-118.50 (35.4%); 34.00,-118.25 (23.1%); 34.00,-118.50 (22.6%); 34.25,-118.25 (10.1%); 33.75,-118.25 (6.4%); 34.25,-118.75 (2.4%)"
2025-08-04,90.57,32.54,2.0,Strong heat stress,89.6 to 100.4 F,92.13,85.45,99.01,-1.56,0,450,1,"34.25,-118.50 (35.4%); 34.00,-118.25 (23.1%); 34.00,-118.50 (22.6%); 34.25,-118.25 (10.1%); 33.75,-118.25 (6.4%); 34.25,-118.75 (2.4%)"
2025-08-05,91.87,33.26,2.0,Strong heat stress,89.6 to 100.4 F,92.28,85.65,99.49,-0.41,0,450,1,"34.25,-118.50 (35.4%); 34.00,-118.25 (23.1%); 34.00,-118.50 (22.6%); 34.25,-118.25 (10.1%); 33.75,-118.25 (6.4%); 34.25,-118.75 (2.4%)"
2025-08-06,97.04,36.13,2.0,Strong heat stress,89.6 to 100.4 F,92.51,85.82,99.95,4.53,0,450,1,"34.25,-118.50 (35.4%); 34.00,-118.25 (23.1%); 34.00,-118.50 (22.6%); 34.25,-118.25 (10.1%); 33.75,-118.25 (6.4%); 34.25,-118.75 (2.4%)"
2025-08-07,101.3,38.5,3.0,Very strong heat stress,100.4 to 114.8 F,92.67,85.82,100.38,8.63,1,450,1,"34.25,-118.50 (35.4%); 34.00,-118.25 (23.1%); 34.00,-118.50 (22.6%); 34.25,-118.25 (10.1%); 33.75,-118.25 (6.4%); 34.25,-118.75 (2.4%)"
2025-08-08,96.85,36.03,2.0,Strong heat stress,89.6 to 100.4 F,92.8,85.86,100.97,4.05,0,450,1,"34.25,-118.50 (35.4%); 34.00,-118.25 (23.1%); 34.00,-118.50 (22.6%); 34.25,-118.25 (10.1%); 33.75,-118.25 (6.4%); 34.25,-118.75 (2.4%)"
2025-08-09,92.34,33.52,2.0,Strong heat stress,89.6 to 100.4 F,92.87,85.72,101.12,-0.53,0,450,1,"34.25,-118.50 (35.4%); 34.00,-118.25 (23.1%); 34.00,-118.50 (22.6%); 34.25,-118.25 (10.1%); 33.75,-118.25 (6.4%); 34.25,-118.75 (2.4%)"
2025-08-10,92.12,33.4,2.0,Strong heat stress,89.6 to 100.4 F,92.9,85.78,101.22,-0.78,0,450,1,"34.25,-118.50 (35.4%); 34.00,-118.25 (23.1%); 34.00,-118.50 (22.6%); 34.25,-118.25 (10.1%); 33.75,-118.25 (6.4%); 34.25,-118.75 (2.4%)"
2025-08-11,91.36,32.98,2.0,Strong heat stress,89.6 to 100.4 F,92.94,85.78,101.25,-1.58,0,450,1,"34.25,-118.50 (35.4%); 34.00,-118.25 (23.1%); 34.00,-118.50 (22.6%); 34.25,-118.25 (10.1%); 33.75,-118.25 (6.4%); 34.25,-118.75 (2.4%)"
2025-08-12,91.46,33.03,2.0,Strong heat stress,89.6 to 100.4 F,92.9,85.78,101.25,-1.44,0,450,1,"34.25,-118.50 (35.4%); 34.00,-118.25 (23.1%); 34.00,-118.50 (22.6%); 34.25,-118.25 (10.1%); 33.75,-118.25 (6.4%); 34.25,-118.75 (2.4%)"
2025-08-13,89.24,31.8,1.0,Moderate heat stress,78.8 to 89.6 F,92.9,85.96,101.25,-3.66,0,450,1,"34.25,-118.50 (35.4%); 34.00,-118.25 (23.1%); 34.00,-118.50 (22.6%); 34.25,-118.25 (10.1%); 33.75,-118.25 (6.4%); 34.25,-118.75 (2.4%)"
2025-08-14,87.8,31.0,1.0,Moderate heat stress,78.8 to 89.6 F,92.94,86.23,101.19,-5.14,0,450,1,"34.25,-118.50 (35.4%); 34.00,-118.25 (23.1%); 34.00,-118.50 (22.6%); 34.25,-118.25 (10.1%); 33.75,-118.25 (6.4%); 34.25,-118.75 (2.4%)"
2025-08-15,85.71,29.84,1.0,Moderate heat stress,78.8 to 89.6 F,93.04,86.38,101.22,-7.33,0,450,1,"34.25,-118.50 (35.4%); 34.00,-118.25 (23.1%); 34.00,-118.50 (22.6%); 34.25,-118.25 (10.1%); 33.75,-118.25 (6.4%); 34.25,-118.75 (2.4%)"
2025-08-16,87.99,31.11,1.0,Moderate heat stress,78.8 to 89.6 F,93.11,86.44,101.25,-5.12,0,450,1,"34.25,-118.50 (35.4%); 34.00,-118.25 (23.1%); 34.00,-118.50 (22.6%); 34.25,-118.25 (10.1%); 33.75,-118.25 (6.4%); 34.25,-118.75 (2.4%)"
2025-08-17,88.83,31.57,1.0,Moderate heat stress,78.8 to 89.6 F,93.15,86.61,101.25,-4.32,0,450,1,"34.25,-118.50 (35.4%); 34.00,-118.25 (23.1%); 34.00,-118.50 (22.6%); 34.25,-118.25 (10.1%); 33.75,-118.25 (6.4%); 34.25,-118.75 (2.4%)"
2025-08-18,91.91,33.28,2.0,Strong heat stress,89.6 to 100.4 F,93.27,86.82,101.22,-1.36,0,450,1,"34.25,-118.50 (35.4%); 34.00,-118.25 (23.1%); 34.00,-118.50 (22.6%); 34.25,-118.25 (10.1%); 33.75,-118.25 (6.4%); 34.25,-118.75 (2.4%)"
2025-08-19,92.68,33.71,2.0,Strong heat stress,89.6 to 100.4 F,93.38,86.86,101.12,-0.7,0,450,1,"34.25,-118.50 (35.4%); 34.00,-118.25 (23.1%); 34.00,-118.50 (22.6%); 34.25,-118.25 (10.1%); 33.75,-118.25 (6.4%); 34.25,-118.75 (2.4%)"
2025-08-20,97.86,36.59,2.0,Strong heat stress,89.6 to 100.4 F,93.49,86.86,100.98,4.37,0,450,1,"34.25,-118.50 (35.4%); 34.00,-118.25 (23.1%); 34.00,-118.50 (22.6%); 34.25,-118.25 (10.1%); 33.75,-118.25 (6.4%); 34.25,-118.75 (2.4%)"
2025-08-21,101.68,38.71,3.0,Very strong heat stress,100.4 to 114.8 F,93.53,86.86,100.98,8.15,1,450,1,"34.25,-118.50 (35.4%); 34.00,-118.25 (23.1%); 34.00,-118.50 (22.6%); 34.25,-118.25 (10.1%); 33.75,-118.25 (6.4%); 34.25,-118.75 (2.4%)"
2025-08-22,103.37,39.65,3.0,Very strong heat stress,100.4 to 114.8 F,93.65,87.08,101.12,9.72,1,450,1,"34.25,-118.50 (35.4%); 34.00,-118.25 (23.1%); 34.00,-118.50 (22.6%); 34.25,-118.25 (10.1%); 33.75,-118.25 (6.4%); 34.25,-118.75 (2.4%)"
2025-08-23,106.83,41.57,3.0,Very strong heat stress,100.4 to 114.8 F,93.71,87.12,101.14,13.12,1,450,1,"34.25,-118.50 (35.4%); 34.00,-118.25 (23.1%); 34.00,-118.50 (22.6%); 34.25,-118.25 (10.1%); 33.75,-118.25 (6.4%); 34.25,-118.75 (2.4%)"
2025-08-24,98.13,36.74,2.0,Strong heat stress,89.6 to 100.4 F,93.76,87.12,101.14,4.37,0,450,1,"34.25,-118.50 (35.4%); 34.00,-118.25 (23.1%); 34.00,-118.50 (22.6%); 34.25,-118.25 (10.1%); 33.75,-118.25 (6.4%); 34.25,-118.75 (2.4%)"
2025-08-25,96.16,35.65,2.0,Strong heat stress,89.6 to 100.4 F,93.85,87.19,101.33,2.31,0,450,1,"34.25,-118.50 (35.4%); 34.00,-118.25 (23.1%); 34.00,-118.50 (22.6%); 34.25,-118.25 (10.1%); 33.75,-118.25 (6.4%); 34.25,-118.75 (2.4%)"
2025-08-26,92.32,33.51,2.0,Strong heat stress,89.6 to 100.4 F,94.0,87.19,102.23,-1.68,0,450,1,"34.25,-118.50 (35.4%); 34.00,-118.25 (23.1%); 34.00,-118.50 (22.6%); 34.25,-118.25 (10.1%); 33.75,-118.25 (6.4%); 34.25,-118.75 (2.4%)"
2025-08-27,97.3,36.28,2.0,Strong heat stress,89.6 to 100.4 F,94.21,87.19,102.66,3.09,0,450,1,"34.25,-118.50 (35.4%); 34.00,-118.25 (23.1%); 34.00,-118.50 (22.6%); 34.25,-118.25 (10.1%); 33.75,-118.25 (6.4%); 34.25,-118.75 (2.4%)"
2025-08-28,92.01,33.34,2.0,Strong heat stress,89.6 to 100.4 F,94.37,87.04,102.8,-2.36,0,450,1,"34.25,-118.50 (35.4%); 34.00,-118.25 (23.1%); 34.00,-118.50 (22.6%); 34.25,-118.25 (10.1%); 33.75,-118.25 (6.4%); 34.25,-118.75 (2.4%)"
2025-08-29,98.1,36.72,2.0,Strong heat stress,89.6 to 100.4 F,94.6,87.32,103.3,3.5,0,450,1,"34.25,-118.50 (35.4%); 34.00,-118.25 (23.1%); 34.00,-118.50 (22.6%); 34.25,-118.25 (10.1%); 33.75,-118.25 (6.4%); 34.25,-118.75 (2.4%)"
2025-08-30,97.49,36.38,2.0,Strong heat stress,89.6 to 100.4 F,94.73,87.32,103.35,2.76,0,450,1,"34.25,-118.50 (35.4%); 34.00,-118.25 (23.1%); 34.00,-118.50 (22.6%); 34.25,-118.25 (10.1%); 33.75,-118.25 (6.4%); 34.25,-118.75 (2.4%)"
2025-08-31,100.05,37.8,2.0,Strong heat stress,89.6 to 100.4 F,94.77,87.31,103.41,5.28,0,450,1,"34.25,-118.50 (35.4%); 34.00,-118.25 (23.1%); 34.00,-118.50 (22.6%); 34.25,-118.25 (10.1%); 33.75,-118.25 (6.4%); 34.25,-118.75 (2.4%)"
2025-09-01,98.43,36.91,2.0,Strong heat stress,89.6 to 100.4 F,94.66,87.0,103.41,3.77,0,450,1,"34.25,-118.50 (35.4%); 34.00,-118.25 (23.1%); 34.00,-118.50 (22.6%); 34.25,-118.25 (10.1%); 33.75,-118.25 (6.4%); 34.25,-118.75 (2.4%)"
2025-09-02,101.11,38.39,3.0,Very strong heat stress,100.4 to 114.8 F,94.43,86.42,103.41,6.68,0,450,1,"34.25,-118.50 (35.4%); 34.00,-118.25 (23.1%); 34.00,-118.50 (22.6%); 34.25,-118.25 (10.1%); 33.75,-118.25 (6.4%); 34.25,-118.75 (2.4%)"
2025-09-03,99.45,37.47,2.0,Strong heat stress,89.6 to 100.4 F,94.19,86.08,103.35,5.26,0,450,1,"34.25,-118.50 (35.4%); 34.00,-118.25 (23.1%); 34.00,-118.50 (22.6%); 34.25,-118.25 (10.1%); 33.75,-118.25 (6.4%); 34.25,-118.75 (2.4%)"
2025-09-04,96.25,35.7,2.0,Strong heat stress,89.6 to 100.4 F,93.91,85.76,103.11,2.34,0,450,1,"34.25,-118.50 (35.4%); 34.00,-118.25 (23.1%); 34.00,-118.50 (22.6%); 34.25,-118.25 (10.1%); 33.75,-118.25 (6.4%); 34.25,-118.75 (2.4%)"
2025-09-05,96.51,35.84,2.0,Strong heat stress,89.6 to 100.4 F,93.62,85.3,102.97,2.89,0,450,1,"34.25,-118.50 (35.4%); 34.00,-118.25 (23.1%); 34.00,-118.50 (22.6%); 34.25,-118.25 (10.1%); 33.75,-118.25 (6.4%); 34.25,-118.75 (2.4%)"
2025-09-06,95.59,35.33,2.0,Strong heat stress,89.6 to 100.4 F,93.25,85.01,102.21,2.34,0,450,1,"34.25,-118.50 (35.4%); 34.00,-118.25 (23.1%); 34.00,-118.50 (22.6%); 34.25,-118.25 (10.1%); 33.75,-118.25 (6.4%); 34.25,-118.75 (2.4%)"
2025-09-07,96.44,35.8,2.0,Strong heat stress,89.6 to 100.4 F,93.03,84.88,101.61,3.41,0,450,1,"34.25,-118.50 (35.4%); 34.00,-118.25 (23.1%); 34.00,-118.50 (22.6%); 34.25,-118.25 (10.1%); 33.75,-118.25 (6.4%); 34.25,-118.75 (2.4%)"
2025-09-08,93.8,34.33,2.0,Strong heat stress,89.6 to 100.4 F,92.81,84.75,101.31,0.99,0,450,1,"34.25,-118.50 (35.4%); 34.00,-118.25 (23.1%); 34.00,-118.50 (22.6%); 34.25,-118.25 (10.1%); 33.75,-118.25 (6.4%); 34.25,-118.75 (2.4%)"
2025-09-09,87.35,30.75,1.0,Moderate heat stress,78.8 to 89.6 F,92.56,84.41,101.03,-5.21,0,450,1,"34.25,-118.50 (35.4%); 34.00,-118.25 (23.1%); 34.00,-118.50 (22.6%); 34.25,-118.25 (10.1%); 33.75,-118.25 (6.4%); 34.25,-118.75 (2.4%)"
2025-09-10,85.67,29.82,1.0,Moderate heat stress,78.8 to 89.6 F,92.23,84.3,100.55,-6.56,0,450,1,"34.25,-118.50 (35.4%); 34.00,-118.25 (23.1%); 34.00,-118.50 (22.6%); 34.25,-118.25 (10.1%); 33.75,-118.25 (6.4%); 34.25,-118.75 (2.4%)"
2025-09-11,86.43,30.24,1.0,Moderate heat stress,78.8 to 89.6 F,91.94,84.41,100.18,-5.51,0,450,1,"34.25,-118.50 (35.4%); 34.00,-118.25 (23.1%); 34.00,-118.50 (22.6%); 34.25,-118.25 (10.1%); 33.75,-118.25 (6.4%); 34.25,-118.75 (2.4%)"
2025-09-12,88.42,31.35,1.0,Moderate heat stress,78.8 to 89.6 F,91.63,84.01,99.56,-3.21,0,450,1,"34.25,-118.50 (35.4%); 34.00,-118.25 (23.1%); 34.00,-118.50 (22.6%); 34.25,-118.25 (10.1%); 33.75,-118.25 (6.4%); 34.25,-118.75 (2.4%)"
2025-09-13,90.3,32.39,2.0,Strong heat stress,89.6 to 100.4 F,91.2,83.85,99.13,-0.9,0,450,1,"34.25,-118.50 (35.4%); 34.00,-118.25 (23.1%); 34.00,-118.50 (22.6%); 34.25,-118.25 (10.1%); 33.75,-118.25 (6.4%); 34.25,-118.75 (2.4%)"
2025-09-14,91.5,33.05,2.0,Strong heat stress,89.6 to 100.4 F,90.85,83.58,98.73,0.65,0,450,1,"34.25,-118.50 (35.4%); 34.00,-118.25 (23.1%); 34.00,-118.50 (22.6%); 34.25,-118.25 (10.1%); 33.75,-118.25 (6.4%); 34.25,-118.75 (2.4%)"
2025-09-15,93.54,34.19,2.0,Strong heat stress,89.6 to 100.4 F,90.59,83.4,98.68,2.95,0,450,1,"34.25,-118.50 (35.4%); 34.00,-118.25 (23.1%); 34.00,-118.50 (22.6%); 34.25,-118.25 (10.1%); 33.75,-118.25 (6.4%); 34.25,-118.75 (2.4%)"
2025-09-16,99.64,37.58,2.0,Strong heat stress,89.6 to 100.4 F,90.57,83.22,98.73,9.07,1,450,1,"34.25,-118.50 (35.4%); 34.00,-118.25 (23.1%); 34.00,-118.50 (22.6%); 34.25,-118.25 (10.1%); 33.75,-118.25 (6.4%); 34.25,-118.75 (2.4%)"
2025-09-17,99.57,37.54,2.0,Strong heat stress,89.6 to 100.4 F,90.7,83.28,98.81,8.87,1,450,1,"34.25,-118.50 (35.4%); 34.00,-118.25 (23.1%); 34.00,-118.50 (22.6%); 34.25,-118.25 (10.1%); 33.75,-118.25 (6.4%); 34.25,-118.75 (2.4%)"
2025-09-18,84.97,29.43,1.0,Moderate heat stress,78.8 to 89.6 F,90.73,83.28,98.99,-5.76,0,450,1,"34.25,-118.50 (35.4%); 34.00,-118.25 (23.1%); 34.00,-118.50 (22.6%); 34.25,-118.25 (10.1%); 33.75,-118.25 (6.4%); 34.25,-118.75 (2.4%)"
2025-09-19,91.07,32.82,2.0,Strong heat stress,89.6 to 100.4 F,90.74,83.22,99.68,0.33,0,450,1,"34.25,-118.50 (35.4%); 34.00,-118.25 (23.1%); 34.00,-118.50 (22.6%); 34.25,-118.25 (10.1%); 33.75,-118.25 (6.4%); 34.25,-118.75 (2.4%)"
2025-09-20,92.11,33.39,2.0,Strong heat stress,89.6 to 100.4 F,90.81,83.13,99.62,1.3,0,450,1,"34.25,-118.50 (35.4%); 34.00,-118.25 (23.1%); 34.00,-118.50 (22.6%); 34.25,-118.25 (10.1%); 33.75,-118.25 (6.4%); 34.25,-118.75 (2.4%)"
2025-09-21,89.1,31.72,1.0,Moderate heat stress,78.8 to 89.6 F,90.87,82.71,99.75,-1.77,0,450,1,"34.25,-118.50 (35.4%); 34.00,-118.25 (23.1%); 34.00,-118.50 (22.6%); 34.25,-118.25 (10.1%); 33.75,-118.25 (6.4%); 34.25,-118.75 (2.4%)"
2025-09-22,92.26,33.48,2.0,Strong heat stress,89.6 to 100.4 F,90.89,82.21,99.75,1.37,0,450,1,"34.25,-118.50 (35.4%); 34.00,-118.25 (23.1%); 34.00,-118.50 (22.6%); 34.25,-118.25 (10.1%); 33.75,-118.25 (6.4%); 34.25,-118.75 (2.4%)"
2025-09-23,97.35,36.3,2.0,Strong heat stress,89.6 to 100.4 F,91.0,82.03,100.12,6.35,0,450,1,"34.25,-118.50 (35.4%); 34.00,-118.25 (23.1%); 34.00,-118.50 (22.6%); 34.25,-118.25 (10.1%); 33.75,-118.25 (6.4%); 34.25,-118.75 (2.4%)"
2025-09-24,93.67,34.26,2.0,Strong heat stress,89.6 to 100.4 F,91.03,81.81,100.27,2.64,0,450,1,"34.25,-118.50 (35.4%); 34.00,-118.25 (23.1%); 34.00,-118.50 (22.6%); 34.25,-118.25 (10.1%); 33.75,-118.25 (6.4%); 34.25,-118.75 (2.4%)"
2025-09-25,89.53,31.96,1.0,Moderate heat stress,78.8 to 89.6 F,91.02,82.03,100.61,-1.49,0,450,1,"34.25,-118.50 (35.4%); 34.00,-118.25 (23.1%); 34.00,-118.50 (22.6%); 34.25,-118.25 (10.1%); 33.75,-118.25 (6.4%); 34.25,-118.75 (2.4%)"
2025-09-26,86.87,30.49,1.0,Moderate heat stress,78.8 to 89.6 F,90.77,81.65,100.81,-3.9,0,450,1,"34.25,-118.50 (35.4%); 34.00,-118.25 (23.1%); 34.00,-118.50 (22.6%); 34.25,-118.25 (10.1%); 33.75,-118.25 (6.4%); 34.25,-118.75 (2.4%)"
2025-09-27,86.97,30.54,1.0,Moderate heat stress,78.8 to 89.6 F,90.41,81.36,100.86,-3.44,0,450,1,"34.25,-118.50 (35.4%); 34.00,-118.25 (23.1%); 34.00,-118.50 (22.6%); 34.25,-118.25 (10.1%); 33.75,-118.25 (6.4%); 34.25,-118.75 (2.4%)"
2025-09-28,89.93,32.19,2.0,Strong heat stress,89.6 to 100.4 F,90.19,80.96,100.81,-0.26,0,450,1,"34.25,-118.50 (35.4%); 34.00,-118.25 (23.1%); 34.00,-118.50 (22.6%); 34.25,-118.25 (10.1%); 33.75,-118.25 (6.4%); 34.25,-118.75 (2.4%)"
2025-09-29,89.28,31.82,1.0,Moderate heat stress,78.8 to 89.6 F,90.09,80.91,100.86,-0.81,0,450,1,"34.25,-118.50 (35.4%); 34.00,-118.25 (23.1%); 34.00,-118.50 (22.6%); 34.25,-118.25 (10.1%); 33.75,-118.25 (6.4%); 34.25,-118.75 (2.4%)"
2025-09-30,87.39,30.77,1.0,Moderate heat stress,78.8 to 89.6 F,90.07,80.96,100.86,-2.68,0,450,1,"34.25,-118.50 (35.4%); 34.00,-118.25 (23.1%); 34.00,-118.50 (22.6%); 34.25,-118.25 (10.1%); 33.75,-118.25 (6.4%); 34.25,-118.75 (2.4%)"
2025-10-01,86.52,30.29,1.0,Moderate heat stress,78.8 to 89.6 F,89.89,80.96,100.17,-3.37,0,450,1,"34.25,-118.50 (35.4%); 34.00,-118.25 (23.1%); 34.00,-118.50 (22.6%); 34.25,-118.25 (10.1%); 33.75,-118.25 (6.4%); 34.25,-118.75 (2.4%)"
2025-10-02,88.16,31.2,1.0,Moderate heat stress,78.8 to 89.6 F,89.55,80.91,100.11,-1.39,0,450,1,"34.25,-118.50 (35.4%); 34.00,-118.25 (23.1%); 34.00,-118.50 (22.6%); 34.25,-118.25 (10.1%); 33.75,-118.25 (6.4%); 34.25,-118.75 (2.4%)"
2025-10-03,81.79,27.66,1.0,Moderate heat stress,78.8 to 89.6 F,89.23,80.19,99.97,-7.44,0,450,1,"34.25,-118.50 (35.4%); 34.00,-118.25 (23.1%); 34.00,-118.50 (22.6%); 34.25,-118.25 (10.1%); 33.75,-118.25 (6.4%); 34.25,-118.75 (2.4%)"
2025-10-04,86.66,30.37,1.0,Moderate heat stress,78.8 to 89.6 F,88.86,79.8,99.63,-2.2,0,450,1,"34.25,-118.50 (35.4%); 34.00,-118.25 (23.1%); 34.00,-118.50 (22.6%); 34.25,-118.25 (10.1%); 33.75,-118.25 (6.4%); 34.25,-118.75 (2.4%)"
2025-10-05,88.19,31.22,1.0,Moderate heat stress,78.8 to 89.6 F,88.53,79.53,99.2,-0.34,0,450,1,"34.25,-118.50 (35.4%); 34.00,-118.25 (23.1%); 34.00,-118.50 (22.6%); 34.25,-118.25 (10.1%); 33.75,-118.25 (6.4%); 34.25,-118.75 (2.4%)"
2025-10-06,87.12,30.62,1.0,Moderate heat stress,78.8 to 89.6 F,88.26,79.46,98.97,-1.14,0,450,1,"34.25,-118.50 (35.4%); 34.00,-118.25 (23.1%); 34.00,-118.50 (22.6%); 34.25,-118.25 (10.1%); 33.75,-118.25 (6.4%); 34.25,-118.75 (2.4%)"
2025-10-07,85.75,29.86,1.0,Moderate heat stress,78.8 to 89.6 F,88.01,79.37,98.57,-2.26,0,450,1,"34.25,-118.50 (35.4%); 34.00,-118.25 (23.1%); 34.00,-118.50 (22.6%); 34.25,-118.25 (10.1%); 33.75,-118.25 (6.4%); 34.25,-118.75 (2.4%)"
2025-10-08,85.44,29.69,1.0,Moderate heat stress,78.8 to 89.6 F,87.62,78.72,97.87,-2.18,0,450,1,"34.25,-118.50 (35.4%); 34.00,-118.25 (23.1%); 34.00,-118.50 (22.6%); 34.25,-118.25 (10.1%); 33.75,-118.25 (6.4%); 34.25,-118.75 (2.4%)"
2025-10-09,88.58,31.43,1.0,Moderate heat stress,78.8 to 89.6 F,87.29,78.29,97.76,1.29,0,450,1,"34.25,-118.50 (35.4%); 34.00,-118.25 (23.1%); 34.00,-118.50 (22.6%); 34.25,-118.25 (10.1%); 33.75,-118.25 (6.4%); 34.25,-118.75 (2.4%)"
2025-10-10,94.5,34.72,2.0,Strong heat stress,89.6 to 100.4 F,87.07,77.8,97.45,7.43,0,450,1,"34.25,-118.50 (35.4%); 34.00,-118.25 (23.1%); 34.00,-118.50 (22.6%); 34.25,-118.25 (10.1%); 33.75,-118.25 (6.4%); 34.25,-118.75 (2.4%)"
2025-10-11,88.93,31.63,1.0,Moderate heat stress,78.8 to 89.6 F,87.04,77.75,97.17,1.89,0,450,1,"34.25,-118.50 (35.4%); 34.00,-118.25 (23.1%); 34.00,-118.50 (22.6%); 34.25,-118.25 (10.1%); 33.75,-118.25 (6.4%); 34.25,-118.75 (2.4%)"
2025-10-12,86.21,30.11,1.0,Moderate heat stress,78.8 to 89.6 F,87.16,78.29,97.06,-0.95,0,450,1,"34.25,-118.50 (35.4%); 34.00,-118.25 (23.1%); 34.00,-118.50 (22.6%); 34.25,-118.25 (10.1%); 33.75,-118.25 (6.4%); 34.25,-118.75 (2.4%)"
2025-10-13,70.82,21.56,0.0,No thermal stress,48.2 to 78.8 F,87.15,78.29,97.15,-16.33,0,450,1,"34.25,-118.50 (35.4%); 34.00,-118.25 (23.1%); 34.00,-118.50 (22.6%); 34.25,-118.25 (10.1%); 33.75,-118.25 (6.4%); 34.25,-118.75 (2.4%)"
2025-10-14,69.52,20.85,0.0,No thermal stress,48.2 to 78.8 F,86.95,78.24,96.85,-17.43,0,450,1,"34.25,-118.50 (35.4%); 34.00,-118.25 (23.1%); 34.00,-118.50 (22.6%); 34.25,-118.25 (10.1%); 33.75,-118.25 (6.4%); 34.25,-118.75 (2.4%)"
2025-10-15,77.01,25.01,0.0,No thermal stress,48.2 to 78.8 F,86.73,77.79,96.85,-9.72,0,450,1,"34.25,-118.50 (35.4%); 34.00,-118.25 (23.1%); 34.00,-118.50 (22.6%); 34.25,-118.25 (10.1%); 33.75,-118.25 (6.4%); 34.25,-118.75 (2.4%)"
2025-10-16,82.96,28.31,1.0,Moderate heat stress,78.8 to 89.6 F,86.59,77.13,96.62,-3.63,0,450,1,"34.25,-118.50 (35.4%); 34.00,-118.25 (23.1%); 34.00,-118.50 (22.6%); 34.25,-118.25 (10.1%); 33.75,-118.25 (6.4%); 34.25,-118.75 (2.4%)"
2025-10-17,87.03,30.57,1.0,Moderate heat stress,78.8 to 89.6 F,86.47,77.13,96.53,0.56,0,450,1,"34.25,-118.50 (35.4%); 34.00,-118.25 (23.1%); 34.00,-118.50 (22.6%); 34.25,-118.25 (10.1%); 33.75,-118.25 (6.4%); 34.25,-118.75 (2.4%)"
2025-10-18,88.52,31.4,1.0,Moderate heat stress,78.8 to 89.6 F,86.32,76.47,96.28,2.2,0,450,1,"34.25,-118.50 (35.4%); 34.00,-118.25 (23.1%); 34.00,-118.50 (22.6%); 34.25,-118.25 (10.1%); 33.75,-118.25 (6.4%); 34.25,-118.75 (2.4%)"
2025-10-19,87.24,30.69,1.0,Moderate heat stress,78.8 to 89.6 F,86.25,76.34,96.26,0.99,0,450,1,"34.25,-118.50 (35.4%); 34.00,-118.25 (23.1%); 34.00,-118.50 (22.6%); 34.25,-118.25 (10.1%); 33.75,-118.25 (6.4%); 34.25,-118.75 (2.4%)"
2025-10-20,88.13,31.18,1.0,Moderate heat stress,78.8 to 89.6 F,86.04,76.12,96.05,2.09,0,450,1,"34.25,-118.50 (35.4%); 34.00,-118.25 (23.1%); 34.00,-118.50 (22.6%); 34.25,-118.25 (10.1%); 33.75,-118.25 (6.4%); 34.25,-118.75 (2.4%)"
2025-10-21,88.27,31.26,1.0,Moderate heat stress,78.8 to 89.6 F,85.78,75.87,95.7,2.49,0,450,1,"34.25,-118.50 (35.4%); 34.00,-118.25 (23.1%); 34.00,-118.50 (22.6%); 34.25,-118.25 (10.1%); 33.75,-118.25 (6.4%); 34.25,-118.75 (2.4%)"
2025-10-22,80.49,26.94,1.0,Moderate heat stress,78.8 to 89.6 F,85.36,75.02,95.38,-4.87,0,450,1,"34.25,-118.50 (35.4%); 34.00,-118.25 (23.1%); 34.00,-118.50 (22.6%); 34.25,-118.25 (10.1%); 33.75,-118.25 (6.4%); 34.25,-118.75 (2.4%)"
2025-10-23,84.63,29.24,1.0,Moderate heat stress,78.8 to 89.6 F,84.94,74.6,94.84,-0.31,0,450,1,"34.25,-118.50 (35.4%); 34.00,-118.25 (23.1%); 34.00,-118.50 (22.6%); 34.25,-118.25 (10.1%); 33.75,-118.25 (6.4%); 34.25,-118.75 (2.4%)"
2025-10-24,86.29,30.16,1.0,Moderate heat stress,78.8 to 89.6 F,84.69,74.41,94.08,1.6,0,450,1,"34.25,-118.50 (35.4%); 34.00,-118.25 (23.1%); 34.00,-118.50 (22.6%); 34.25,-118.25 (10.1%); 33.75,-118.25 (6.4%); 34.25,-118.75 (2.4%)"
2025-10-25,84.06,28.92,1.0,Moderate heat stress,78.8 to 89.6 F,84.49,74.41,93.75,-0.43,0,450,1,"34.25,-118.50 (35.4%); 34.00,-118.25 (23.1%); 34.00,-118.50 (22.6%); 34.25,-118.25 (10.1%); 33.75,-118.25 (6.4%); 34.25,-118.75 (2.4%)"
2025-10-26,81.63,27.57,1.0,Moderate heat stress,78.8 to 89.6 F,84.28,74.09,93.73,-2.65,0,450,1,"34.25,-118.50 (35.4%); 34.00,-118.25 (23.1%); 34.00,-118.50 (22.6%); 34.25,-118.25 (10.1%); 33.75,-118.25 (6.4%); 34.25,-118.75 (2.4%)"
2025-10-27,84.39,29.11,1.0,Moderate heat stress,78.8 to 89.6 F,84.06,74.09,93.55,0.33,0,450,1,"34.25,-118.50 (35.4%); 34.00,-118.25 (23.1%); 34.00,-118.50 (22.6%); 34.25,-118.25 (10.1%); 33.75,-118.25 (6.4%); 34.25,-118.75 (2.4%)"
2025-10-28,95.9,35.5,2.0,Strong heat stress,89.6 to 100.4 F,83.85,74.01,93.26,12.05,1,450,1,"34.25,-118.50 (35.4%); 34.00,-118.25 (23.1%); 34.00,-118.50 (22.6%); 34.25,-118.25 (10.1%); 33.75,-118.25 (6.4%); 34.25,-118.75 (2.4%)"
2025-10-29,97.62,36.45,2.0,Strong heat stress,89.6 to 100.4 F,83.76,74.27,93.1,13.86,1,450,1,"34.25,-118.50 (35.4%); 34.00,-118.25 (23.1%); 34.00,-118.50 (22.6%); 34.25,-118.25 (10.1%); 33.75,-118.25 (6.4%); 34.25,-118.75 (2.4%)"
2025-10-30,91.71,33.17,2.0,Strong heat stress,89.6 to 100.4 F,83.52,74.32,92.86,8.19,0,450,1,"34.25,-118.50 (35.4%); 34.00,-118.25 (23.1%); 34.00,-118.50 (22.6%); 34.25,-118.25 (10.1%); 33.75,-118.25 (6.4%); 34.25,-118.75 (2.4%)"
2025-10-31,86.66,30.37,1.0,Moderate heat stress,78.8 to 89.6 F,83.22,74.27,92.61,3.44,0,450,1,"34.25,-118.50 (35.4%); 34.00,-118.25 (23.1%); 34.00,-118.50 (22.6%); 34.25,-118.25 (10.1%); 33.75,-118.25 (6.4%); 34.25,-118.75 (2.4%)"
2025-11-01,85.73,29.85,1.0,Moderate heat stress,78.8 to 89.6 F,82.76,73.54,92.47,2.97,0,450,1,"34.25,-118.50 (35.4%); 34.00,-118.25 (23.1%); 34.00,-118.50 (22.6%); 34.25,-118.25 (10.1%); 33.75,-118.25 (6.4%); 34.25,-118.75 (2.4%)"
2025-11-02,85.07,29.48,1.0,Moderate heat stress,78.8 to 89.6 F,82.36,73.3,92.12,2.71,0,450,1,"34.25,-118.50 (35.4%); 34.00,-118.25 (23.1%); 34.00,-118.50 (22.6%); 34.25,-118.25 (10.1%); 33.75,-118.25 (6.4%); 34.25,-118.75 (2.4%)"
2025-11-03,85.52,29.73,1.0,Moderate heat stress,78.8 to 89.6 F,81.95,73.06,91.99,3.57,0,450,1,"34.25,-118.50 (35.4%); 34.00,-118.25 (23.1%); 34.00,-118.50 (22.6%); 34.25,-118.25 (10.1%); 33.75,-118.25 (6.4%); 34.25,-118.75 (2.4%)"
2025-11-04,82.48,28.05,1.0,Moderate heat stress,78.8 to 89.6 F,81.65,73.02,91.38,0.83,0,450,1,"34.25,-118.50 (35.4%); 34.00,-118.25 (23.1%); 34.00,-118.50 (22.6%); 34.25,-118.25 (10.1%); 33.75,-118.25 (6.4%); 34.25,-118.75 (2.4%)"
2025-11-05,79.68,26.49,1.0,Moderate heat stress,78.8 to 89.6 F,81.49,72.52,91.14,-1.81,0,450,1,"34.25,-118.50 (35.4%); 34.00,-118.25 (23.1%); 34.00,-118.50 (22.6%); 34.25,-118.25 (10.1%); 33.75,-118.25 (6.4%); 34.25,-118.75 (2.4%)"
2025-11-06,81.99,27.77,1.0,Moderate heat stress,78.8 to 89.6 F,81.57,72.77,91.32,0.42,0,450,1,"34.25,-118.50 (35.4%); 34.00,-118.25 (23.1%); 34.00,-118.50 (22.6%); 34.25,-118.25 (10.1%); 33.75,-118.25 (6.4%); 34.25,-118.75 (2.4%)"
2025-11-07,87.93,31.07,1.0,Moderate heat stress,78.8 to 89.6 F,81.65,73.02,91.46,6.28,0,450,1,"34.25,-118.50 (35.4%); 34.00,-118.25 (23.1%); 34.00,-118.50 (22.6%); 34.25,-118.25 (10.1%); 33.75,-118.25 (6.4%); 34.25,-118.75 (2.4%)"
2025-11-08,88.26,31.25,1.0,Moderate heat stress,78.8 to 89.6 F,81.52,72.77,91.32,6.74,0,450,1,"34.25,-118.50 (35.4%); 34.00,-118.25 (23.1%); 34.00,-118.50 (22.6%); 34.25,-118.25 (10.1%); 33.75,-118.25 (6.4%); 34.25,-118.75 (2.4%)"
2025-11-09,92.03,33.35,2.0,Strong heat stress,89.6 to 100.4 F,81.25,72.2,91.14,10.78,1,450,1,"34.25,-118.50 (35.4%); 34.00,-118.25 (23.1%); 34.00,-118.50 (22.6%); 34.25,-118.25 (10.1%); 33.75,-118.25 (6.4%); 34.25,-118.75 (2.4%)"
2025-11-10,92.94,33.86,2.0,Strong heat stress,89.6 to 100.4 F,81.07,71.94,90.92,11.87,1,450,1,"34.25,-118.50 (35.4%); 34.00,-118.25 (23.1%); 34.00,-118.50 (22.6%); 34.25,-118.25 (10.1%); 33.75,-118.25 (6.4%); 34.25,-118.75 (2.4%)"
2025-11-11,86.06,30.03,1.0,Moderate heat stress,78.8 to 89.6 F,80.96,71.79,90.06,5.1,0,450,1,"34.25,-118.50 (35.4%); 34.00,-118.25 (23.1%); 34.00,-118.50 (22.6%); 34.25,-118.25 (10.1%); 33.75,-118.25 (6.4%); 34.25,-118.75 (2.4%)"
2025-11-12,81.2,27.34,1.0,Moderate heat stress,78.8 to 89.6 F,80.89,71.73,89.29,0.31,0,450,1,"34.25,-118.50 (35.4%); 34.00,-118.25 (23.1%); 34.00,-118.50 (22.6%); 34.25,-118.25 (10.1%); 33.75,-118.25 (6.4%); 34.25,-118.75 (2.4%)"
2025-11-13,82.39,27.99,1.0,Moderate heat stress,78.8 to 89.6 F,80.58,71.18,89.09,1.81,0,450,1,"34.25,-118.50 (35.4%); 34.00,-118.25 (23.1%); 34.00,-118.50 (22.6%); 34.25,-118.25 (10.1%); 33.75,-118.25 (6.4%); 34.25,-118.75 (2.4%)"
2025-11-14,62.75,17.09,0.0,No thermal stress,48.2 to 78.8 F,80.3,70.98,89.09,-17.55,0,450,1,"34.25,-118.50 (35.4%); 34.00,-118.25 (23.1%); 34.00,-118.50 (22.6%); 34.25,-118.25 (10.1%); 33.75,-118.25 (6.4%); 34.25,-118.75 (2.4%)"
2025-11-15,62.49,16.94,0.0,No thermal stress,48.2 to 78.8 F,80.09,70.39,89.01,-17.6,0,450,1,"34.25,-118.50 (35.4%); 34.00,-118.25 (23.1%); 34.00,-118.50 (22.6%); 34.25,-118.25 (10.1%); 33.75,-118.25 (6.4%); 34.25,-118.75 (2.4%)"
2025-11-16,65.07,18.37,0.0,No thermal stress,48.2 to 78.8 F,80.12,71.14,88.93,-15.05,0,450,1,"34.25,-118.50 (35.4%); 34.00,-118.25 (23.1%); 34.00,-118.50 (22.6%); 34.25,-118.25 (10.1%); 33.75,-118.25 (6.4%); 34.25,-118.75 (2.4%)"
2025-11-17,61.31,16.28,0.0,No thermal stress,48.2 to 78.8 F,80.18,71.36,88.71,-18.87,0,450,1,"34.25,-118.50 (35.4%); 34.00,-118.25 (23.1%); 34.00,-118.50 (22.6%); 34.25,-118.25 (10.1%); 33.75,-118.25 (6.4%); 34.25,-118.75 (2.4%)"
2025-11-18,70.37,21.31,0.0,No thermal stress,48.2 to 78.8 F,80.18,71.61,88.57,-9.81,0,450,1,"34.25,-118.50 (35.4%); 34.00,-118.25 (23.1%); 34.00,-118.50 (22.6%); 34.25,-118.25 (10.1%); 33.75,-118.25 (6.4%); 34.25,-118.75 (2.4%)"
2025-11-19,75.05,23.92,0.0,No thermal stress,48.2 to 78.8 F,80.05,71.17,88.48,-5.0,0,450,1,"34.25,-118.50 (35.4%); 34.00,-118.25 (23.1%); 34.00,-118.50 (22.6%); 34.25,-118.25 (10.1%); 33.75,-118.25 (6.4%); 34.25,-118.75 (2.4%)"
2025-11-20,62.13,16.74,0.0,No thermal stress,48.2 to 78.8 F,79.68,71.05,88.47,-17.55,0,450,1,"34.25,-118.50 (35.4%); 34.00,-118.25 (23.1%); 34.00,-118.50 (22.6%); 34.25,-118.25 (10.1%); 33.75,-118.25 (6.4%); 34.25,-118.75 (2.4%)"
2025-11-21,64.45,18.03,0.0,No thermal stress,48.2 to 78.8 F,79.17,70.32,87.54,-14.72,0,450,1,"34.25,-118.50 (35.4%); 34.00,-118.25 (23.1%); 34.00,-118.50 (22.6%); 34.25,-118.25 (10.1%); 33.75,-118.25 (6.4%); 34.25,-118.75 (2.4%)"
2025-11-22,76.16,24.53,0.0,No thermal stress,48.2 to 78.8 F,78.67,69.62,87.16,-2.51,0,450,1,"34.25,-118.50 (35.4%); 34.00,-118.25 (23.1%); 34.00,-118.50 (22.6%); 34.25,-118.25 (10.1%); 33.75,-118.25 (6.4%); 34.25,-118.75 (2.4%)"
2025-11-23,77.85,25.47,0.0,No thermal stress,48.2 to 78.8 F,78.31,69.46,86.41,-0.46,0,450,1,"34.25,-118.50 (35.4%); 34.00,-118.25 (23.1%); 34.00,-118.50 (22.6%); 34.25,-118.25 (10.1%); 33.75,-118.25 (6.4%); 34.25,-118.75 (2.4%)"
2025-11-24,79.19,26.21,1.0,Moderate heat stress,78.8 to 89.6 F,78.07,69.46,86.0,1.12,0,450,1,"34.25,-118.50 (35.4%); 34.00,-118.25 (23.1%); 34.00,-118.50 (22.6%); 34.25,-118.25 (10.1%); 33.75,-118.25 (6.4%); 34.25,-118.75 (2.4%)"
2025-11-25,84.28,29.05,1.0,Moderate heat stress,78.8 to 89.6 F,77.73,69.04,85.84,6.55,0,450,1,"34.25,-118.50 (35.4%); 34.00,-118.25 (23.1%); 34.00,-118.50 (22.6%); 34.25,-118.25 (10.1%); 33.75,-118.25 (6.4%); 34.25,-118.75 (2.4%)"
2025-11-26,85.79,29.89,1.0,Moderate heat stress,78.8 to 89.6 F,77.35,68.39,85.51,8.44,1,450,1,"34.25,-118.50 (35.4%); 34.00,-118.25 (23.1%); 34.00,-118.50 (22.6%); 34.25,-118.25 (10.1%); 33.75,-118.25 (6.4%); 34.25,-118.75 (2.4%)"
2025-11-27,85.34,29.63,1.0,Moderate heat stress,78.8 to 89.6 F,77.0,67.94,85.17,8.34,1,450,1,"34.25,-118.50 (35.4%); 34.00,-118.25 (23.1%); 34.00,-118.50 (22.6%); 34.25,-118.25 (10.1%); 33.75,-118.25 (6.4%); 34.25,-118.75 (2.4%)"
2025-11-28,81.15,27.3,1.0,Moderate heat stress,78.8 to 89.6 F,76.7,67.54,84.84,4.45,0,450,1,"34.25,-118.50 (35.4%); 34.00,-118.25 (23.1%); 34.00,-118.50 (22.6%); 34.25,-118.25 (10.1%); 33.75,-118.25 (6.4%); 34.25,-118.75 (2.4%)"
2025-11-29,79.4,26.34,1.0,Moderate heat stress,78.8 to 89.6 F,76.34,67.02,84.34,3.06,0,450,1,"34.25,-118.50 (35.4%); 34.00,-118.25 (23.1%); 34.00,-118.50 (22.6%); 34.25,-118.25 (10.1%); 33.75,-118.25 (6.4%); 34.25,-118.75 (2.4%)"
2025-11-30,76.18,24.54,0.0,No thermal stress,48.2 to 78.8 F,75.93,66.57,84.22,0.25,0,450,1,"34.25,-118.50 (35.4%); 34.00,-118.25 (23.1%); 34.00,-118.50 (22.6%); 34.25,-118.25 (10.1%); 33.75,-118.25 (6.4%); 34.25,-118.75 (2.4%)"
2025-12-01,79.9,26.61,1.0,Moderate heat stress,78.8 to 89.6 F,75.62,65.73,84.22,4.28,0,450,1,"34.25,-118.50 (35.4%); 34.00,-118.25 (23.1%); 34.00,-118.50 (22.6%); 34.25,-118.25 (10.1%); 33.75,-118.25 (6.4%); 34.25,-118.75 (2.4%)"
2025-12-02,76.62,24.79,0.0,No thermal stress,48.2 to 78.8 F,75.37,65.66,83.78,1.25,0,450,1,"34.25,-118.50 (35.4%); 34.00,-118.25 (23.1%); 34.00,-118.50 (22.6%); 34.25,-118.25 (10.1%); 33.75,-118.25 (6.4%); 34.25,-118.75 (2.4%)"
2025-12-03,79.24,26.24,1.0,Moderate heat stress,78.8 to 89.6 F,75.12,65.52,83.3,4.12,0,450,1,"34.25,-118.50 (35.4%); 34.00,-118.25 (23.1%); 34.00,-118.50 (22.6%); 34.25,-118.25 (10.1%); 33.75,-118.25 (6.4%); 34.25,-118.75 (2.4%)"
2025-12-04,78.44,25.8,0.0,No thermal stress,48.2 to 78.8 F,74.8,64.6,82.9,3.64,0,450,1,"34.25,-118.50 (35.4%); 34.00,-118.25 (23.1%); 34.00,-118.50 (22.6%); 34.25,-118.25 (10.1%); 33.75,-118.25 (6.4%); 34.25,-118.75 (2.4%)"
2025-12-05,77.97,25.54,0.0,No thermal stress,48.2 to 78.8 F,74.57,63.69,82.9,3.4,0,450,1,"34.25,-118.50 (35.4%); 34.00,-118.25 (23.1%); 34.00,-118.50 (22.6%); 34.25,-118.25 (10.1%); 33.75,-118.25 (6.4%); 34.25,-118.75 (2.4%)"
2025-12-06,77.28,25.15,0.0,No thermal stress,48.2 to 78.8 F,74.53,63.97,82.78,2.75,0,450,1,"34.25,-118.50 (35.4%); 34.00,-118.25 (23.1%); 34.00,-118.50 (22.6%); 34.25,-118.25 (10.1%); 33.75,-118.25 (6.4%); 34.25,-118.75 (2.4%)"
2025-12-07,82.76,28.2,1.0,Moderate heat stress,78.8 to 89.6 F,74.43,64.42,82.69,8.33,1,450,1,"34.25,-118.50 (35.4%); 34.00,-118.25 (23.1%); 34.00,-118.50 (22.6%); 34.25,-118.25 (10.1%); 33.75,-118.25 (6.4%); 34.25,-118.75 (2.4%)"
2025-12-08,85.35,29.64,1.0,Moderate heat stress,78.8 to 89.6 F,74.29,64.61,82.56,11.06,1,450,1,"34.25,-118.50 (35.4%); 34.00,-118.25 (23.1%); 34.00,-118.50 (22.6%); 34.25,-118.25 (10.1%); 33.75,-118.25 (6.4%); 34.25,-118.75 (2.4%)"
2025-12-09,86.81,30.45,1.0,Moderate heat stress,78.8 to 89.6 F,74.05,63.97,82.44,12.76,1,450,1,"34.25,-118.50 (35.4%); 34.00,-118.25 (23.1%); 34.00,-118.50 (22.6%); 34.25,-118.25 (10.1%); 33.75,-118.25 (6.4%); 34.25,-118.75 (2.4%)"
2025-12-10,88.32,31.29,1.0,Moderate heat stress,78.8 to 89.6 F,73.87,63.69,82.67,14.45,1,450,1,"34.25,-118.50 (35.4%); 34.00,-118.25 (23.1%); 34.00,-118.50 (22.6%); 34.25,-118.25 (10.1%); 33.75,-118.25 (6.4%); 34.25,-118.75 (2.4%)"
2025-12-11,86.18,30.1,1.0,Moderate heat stress,78.8 to 89.6 F,73.6,62.9,82.77,12.58,1,450,1,"34.25,-118.50 (35.4%); 34.00,-118.25 (23.1%); 34.00,-118.50 (22.6%); 34.25,-118.25 (10.1%); 33.75,-118.25 (6.4%); 34.25,-118.75 (2.4%)"
2025-12-12,84.17,28.98,1.0,Moderate heat stress,78.8 to 89.6 F,73.38,61.29,82.92,10.79,1,450,1,"34.25,-118.50 (35.4%); 34.00,-118.25 (23.1%); 34.00,-118.50 (22.6%); 34.25,-118.25 (10.1%); 33.75,-118.25 (6.4%); 34.25,-118.75 (2.4%)"
2025-12-13,80.72,27.07,1.0,Moderate heat stress,78.8 to 89.6 F,73.32,61.62,82.88,7.4,0,450,1,"34.25,-118.50 (35.4%); 34.00,-118.25 (23.1%); 34.00,-118.50 (22.6%); 34.25,-118.25 (10.1%); 33.75,-118.25 (6.4%); 34.25,-118.75 (2.4%)"
2025-12-14,81.18,27.32,1.0,Moderate heat stress,78.8 to 89.6 F,73.29,62.86,82.88,7.89,0,450,1,"34.25,-118.50 (35.4%); 34.00,-118.25 (23.1%); 34.00,-118.50 (22.6%); 34.25,-118.25 (10.1%); 33.75,-118.25 (6.4%); 34.25,-118.75 (2.4%)"
2025-12-15,82.54,28.08,1.0,Moderate heat stress,78.8 to 89.6 F,73.15,62.77,82.61,9.39,0,450,1,"34.25,-118.50 (35.4%); 34.00,-118.25 (23.1%); 34.00,-118.50 (22.6%); 34.25,-118.25 (10.1%); 33.75,-118.25 (6.4%); 34.25,-118.75 (2.4%)"
2025-12-16,82.38,27.99,1.0,Moderate heat stress,78.8 to 89.6 F,73.01,62.27,82.55,9.37,0,450,1,"34.25,-118.50 (35.4%); 34.00,-118.25 (23.1%); 34.00,-118.50 (22.6%); 34.25,-118.25 (10.1%); 33.75,-118.25 (6.4%); 34.25,-118.75 (2.4%)"
2025-12-17,79.84,26.58,1.0,Moderate heat stress,78.8 to 89.6 F,72.87,61.29,82.36,6.97,0,450,1,"34.25,-118.50 (35.4%); 34.00,-118.25 (23.1%); 34.00,-118.50 (22.6%); 34.25,-118.25 (10.1%); 33.75,-118.25 (6.4%); 34.25,-118.75 (2.4%)"
2025-12-18,85.21,29.56,1.0,Moderate heat stress,78.8 to 89.6 F,72.72,60.62,82.37,12.49,1,450,1,"34.25,-118.50 (35.4%); 34.00,-118.25 (23.1%); 34.00,-118.50 (22.6%); 34.25,-118.25 (10.1%); 33.75,-118.25 (6.4%); 34.25,-118.75 (2.4%)"
2025-12-19,82.09,27.83,1.0,Moderate heat stress,78.8 to 89.6 F,72.64,60.95,82.34,9.45,0,450,1,"34.25,-118.50 (35.4%); 34.00,-118.25 (23.1%); 34.00,-118.50 (22.6%); 34.25,-118.25 (10.1%); 33.75,-118.25 (6.4%); 34.25,-118.75 (2.4%)"
2025-12-20,77.93,25.52,0.0,No thermal stress,48.2 to 78.8 F,72.67,60.95,82.34,5.26,0,450,1,"34.25,-118.50 (35.4%); 34.00,-118.25 (23.1%); 34.00,-118.50 (22.6%); 34.25,-118.25 (10.1%); 33.75,-118.25 (6.4%); 34.25,-118.75 (2.4%)"
2025-12-21,79.84,26.58,1.0,Moderate heat stress,78.8 to 89.6 F,72.53,60.95,82.37,7.31,0,450,1,"34.25,-118.50 (35.4%); 34.00,-118.25 (23.1%); 34.00,-118.50 (22.6%); 34.25,-118.25 (10.1%); 33.75,-118.25 (6.4%); 34.25,-118.75 (2.4%)"
2025-12-22,77.35,25.19,0.0,No thermal stress,48.2 to 78.8 F,72.48,60.17,82.39,4.87,0,450,1,"34.25,-118.50 (35.4%); 34.00,-118.25 (23.1%); 34.00,-118.50 (22.6%); 34.25,-118.25 (10.1%); 33.75,-118.25 (6.4%); 34.25,-118.75 (2.4%)"
2025-12-23,56.14,13.41,0.0,No thermal stress,48.2 to 78.8 F,72.44,60.64,82.36,-16.3,0,450,1,"34.25,-118.50 (35.4%); 34.00,-118.25 (23.1%); 34.00,-118.50 (22.6%); 34.25,-118.25 (10.1%); 33.75,-118.25 (6.4%); 34.25,-118.75 (2.4%)"
2025-12-24,58.59,14.77,0.0,No thermal stress,48.2 to 78.8 F,72.44,60.77,82.34,-13.85,0,450,1,"34.25,-118.50 (35.4%); 34.00,-118.25 (23.1%); 34.00,-118.50 (22.6%); 34.25,-118.25 (10.1%); 33.75,-118.25 (6.4%); 34.25,-118.75 (2.4%)"
2025-12-25,61.89,16.61,0.0,No thermal stress,48.2 to 78.8 F,72.54,60.96,82.15,-10.65,0,450,1,"34.25,-118.50 (35.4%); 34.00,-118.25 (23.1%); 34.00,-118.50 (22.6%); 34.25,-118.25 (10.1%); 33.75,-118.25 (6.4%); 34.25,-118.75 (2.4%)"
2025-12-26,58.74,14.85,0.0,No thermal stress,48.2 to 78.8 F,72.55,60.77,82.36,-13.81,0,450,1,"34.25,-118.50 (35.4%); 34.00,-118.25 (23.1%); 34.00,-118.50 (22.6%); 34.25,-118.25 (10.1%); 33.75,-118.25 (6.4%); 34.25,-118.75 (2.4%)"
2025-12-27,76.41,24.67,0.0,No thermal stress,48.2 to 78.8 F,72.57,60.7,82.36,3.84,0,450,1,"34.25,-118.50 (35.4%); 34.00,-118.25 (23.1%); 34.00,-118.50 (22.6%); 34.25,-118.25 (10.1%); 33.75,-118.25 (6.4%); 34.25,-118.75 (2.4%)"
2025-12-28,76.41,24.67,0.0,No thermal stress,48.2 to 78.8 F,72.53,60.49,82.39,3.88,0,450,1,"34.25,-118.50 (35.4%); 34.00,-118.25 (23.1%); 34.00,-118.50 (22.6%); 34.25,-118.25 (10.1%); 33.75,-118.25 (6.4%); 34.25,-118.75 (2.4%)"
2025-12-29,72.17,22.32,0.0,No thermal stress,48.2 to 78.8 F,72.46,59.6,82.76,-0.29,0,450,1,"34.25,-118.50 (35.4%); 34.00,-118.25 (23.1%); 34.00,-118.50 (22.6%); 34.25,-118.25 (10.1%); 33.75,-118.25 (6.4%); 34.25,-118.75 (2.4%)"
2025-12-30,69.12,20.62,0.0,No thermal stress,48.2 to 78.8 F,72.63,59.64,82.92,-3.51,0,450,1,"34.25,-118.50 (35.4%); 34.00,-118.25 (23.1%); 34.00,-118.50 (22.6%); 34.25,-118.25 (10.1%); 33.75,-118.25 (6.4%); 34.25,-118.75 (2.4%)"
2025-12-31,62.66,17.03,0.0,No thermal stress,48.2 to 78.8 F,72.59,59.51,83.13,-9.93,0,450,1,"34.25,-118.50 (35.4%); 34.00,-118.25 (23.1%); 34.00,-118.50 (22.6%); 34.25,-118.25 (10.1%); 33.75,-118.25 (6.4%); 34.25,-118.75 (2.4%)"
2026-01-01,70.39,21.33,0.0,No thermal stress,48.2 to 78.8 F,72.59,59.05,83.16,-2.2,0,450,1,"34.25,-118.50 (35.4%); 34.00,-118.25 (23.1%); 34.00,-118.50 (22.6%); 34.25,-118.25 (10.1%); 33.75,-118.25 (6.4%); 34.25,-118.75 (2.4%)"
2026-01-02,68.74,20.41,0.0,No thermal stress,48.2 to 78.8 F,72.55,59.05,83.02,-3.81,0,450,1,"34.25,-118.50 (35.4%); 34.00,-118.25 (23.1%); 34.00,-118.50 (22.6%); 34.25,-118.25 (10.1%); 33.75,-118.25 (6.4%); 34.25,-118.75 (2.4%)"
2026-01-03,58.45,14.69,0.0,No thermal stress,48.2 to 78.8 F,72.6,58.43,83.16,-14.15,0,450,1,"34.25,-118.50 (35.4%); 34.00,-118.25 (23.1%); 34.00,-118.50 (22.6%); 34.25,-118.25 (10.1%); 33.75,-118.25 (6.4%); 34.25,-118.75 (2.4%)"
2026-01-04,60.96,16.09,0.0,No thermal stress,48.2 to 78.8 F,72.65,58.45,83.22,-11.69,0,450,1,"34.25,-118.50 (35.4%); 34.00,-118.25 (23.1%); 34.00,-118.50 (22.6%); 34.25,-118.25 (10.1%); 33.75,-118.25 (6.4%); 34.25,-118.75 (2.4%)"
2026-01-05,70.54,21.41,0.0,No thermal stress,48.2 to 78.8 F,72.71,58.14,83.16,-2.17,0,450,1,"34.25,-118.50 (35.4%); 34.00,-118.25 (23.1%); 34.00,-118.50 (22.6%); 34.25,-118.25 (10.1%); 33.75,-118.25 (6.4%); 34.25,-118.75 (2.4%)"
2026-01-06,72.83,22.68,0.0,No thermal stress,48.2 to 78.8 F,72.95,58.4,83.57,-0.12,0,450,1,"34.25,-118.50 (35.4%); 34.00,-118.25 (23.1%); 34.00,-118.50 (22.6%); 34.25,-118.25 (10.1%); 33.75,-118.25 (6.4%); 34.25,-118.75 (2.4%)"
2026-01-07,76.35,24.64,0.0,No thermal stress,48.2 to 78.8 F,73.12,58.15,83.84,3.23,0,450,1,"34.25,-118.50 (35.4%); 34.00,-118.25 (23.1%); 34.00,-118.50 (22.6%); 34.25,-118.25 (10.1%); 33.75,-118.25 (6.4%); 34.25,-118.75 (2.4%)"
2026-01-08,64.15,17.86,0.0,No thermal stress,48.2 to 78.8 F,73.15,57.71,84.08,-9.0,0,450,1,"34.25,-118.50 (35.4%); 34.00,-118.25 (23.1%); 34.00,-118.50 (22.6%); 34.25,-118.25 (10.1%); 33.75,-118.25 (6.4%); 34.25,-118.75 (2.4%)"
2026-01-09,72.77,22.65,0.0,No thermal stress,48.2 to 78.8 F,73.17,57.56,84.23,-0.4,0,450,1,"34.25,-118.50 (35.4%); 34.00,-118.25 (23.1%); 34.00,-118.50 (22.6%); 34.25,-118.25 (10.1%); 33.75,-118.25 (6.4%); 34.25,-118.75 (2.4%)"
2026-01-10,73.84,23.24,0.0,No thermal stress,48.2 to 78.8 F,73.42,57.8,84.26,0.42,0,450,1,"34.25,-118.50 (35.4%); 34.00,-118.25 (23.1%); 34.00,-118.50 (22.6%); 34.25,-118.25 (10.1%); 33.75,-118.25 (6.4%); 34.25,-118.75 (2.4%)"
2026-01-11,80.57,26.98,1.0,Moderate heat stress,78.8 to 89.6 F,73.64,58.54,84.31,6.93,0,450,1,"34.25,-118.50 (35.4%); 34.00,-118.25 (23.1%); 34.00,-118.50 (22.6%); 34.25,-118.25 (10.1%); 33.75,-118.25 (6.4%); 34.25,-118.75 (2.4%)"
2026-01-12,81.58,27.54,1.0,Moderate heat stress,78.8 to 89.6 F,73.72,58.84,84.43,7.86,0,450,1,"34.25,-118.50 (35.4%); 34.00,-118.25 (23.1%); 34.00,-118.50 (22.6%); 34.25,-118.25 (10.1%); 33.75,-118.25 (6.4%); 34.25,-118.75 (2.4%)"
2026-01-13,83.91,28.84,1.0,Moderate heat stress,78.8 to 89.6 F,73.83,59.77,84.47,10.08,0,450,1,"34.25,-118.50 (35.4%); 34.00,-118.25 (23.1%); 34.00,-118.50 (22.6%); 34.25,-118.25 (10.1%); 33.75,-118.25 (6.4%); 34.25,-118.75 (2.4%)"
2026-01-14,86.7,30.39,1.0,Moderate heat stress,78.8 to 89.6 F,73.78,59.79,84.43,12.92,1,450,1,"34.25,-118.50 (35.4%); 34.00,-118.25 (23.1%); 34.00,-118.50 (22.6%); 34.25,-118.25 (10.1%); 33.75,-118.25 (6.4%); 34.25,-118.75 (2.4%)"
2026-01-15,87.11,30.61,1.0,Moderate heat stress,78.8 to 89.6 F,73.83,59.79,84.11,13.28,1,450,1,"34.25,-118.50 (35.4%); 34.00,-118.25 (23.1%); 34.00,-118.50 (22.6%); 34.25,-118.25 (10.1%); 33.75,-118.25 (6.4%); 34.25,-118.75 (2.4%)"
2026-01-16,85.53,29.74,1.0,Moderate heat stress,78.8 to 89.6 F,73.77,59.79,84.05,11.76,1,450,1,"34.25,-118.50 (35.4%); 34.00,-118.25 (23.1%); 34.00,-118.50 (22.6%); 34.25,-118.25 (10.1%); 33.75,-118.25 (6.4%); 34.25,-118.75 (2.4%)"
2026-01-17,85.85,29.92,1.0,Moderate heat stress,78.8 to 89.6 F,73.91,60.07,84.05,11.94,1,450,1,"34.25,-118.50 (35.4%); 34.00,-118.25 (23.1%); 34.00,-118.50 (22.6%); 34.25,-118.25 (10.1%); 33.75,-118.25 (6.4%); 34.25,-118.75 (2.4%)"
2026-01-18,81.73,27.63,1.0,Moderate heat stress,78.8 to 89.6 F,73.96,60.23,84.12,7.77,0,450,1,"34.25,-118.50 (35.4%); 34.00,-118.25 (23.1%); 34.00,-118.50 (22.6%); 34.25,-118.25 (10.1%); 33.75,-118.25 (6.4%); 34.25,-118.75 (2.4%)"
2026-01-19,83.09,28.38,1.0,Moderate heat stress,78.8 to 89.6 F,74.03,60.55,83.96,9.06,0,450,1,"34.25,-118.50 (35.4%); 34.00,-118.25 (23.1%); 34.00,-118.50 (22.6%); 34.25,-118.25 (10.1%); 33.75,-118.25 (6.4%); 34.25,-118.75 (2.4%)"
2026-01-20,83.6,28.67,1.0,Moderate heat stress,78.8 to 89.6 F,74.06,60.98,83.82,9.54,0,450,1,"34.25,-118.50 (35.4%); 34.00,-118.25 (23.1%); 34.00,-118.50 (22.6%); 34.25,-118.25 (10.1%); 33.75,-118.25 (6.4%); 34.25,-118.75 (2.4%)"
2026-01-21,75.48,24.16,0.0,No thermal stress,48.2 to 78.8 F,74.02,60.98,83.47,1.46,0,450,1,"34.25,-118.50 (35.4%); 34.00,-118.25 (23.1%); 34.00,-118.50 (22.6%); 34.25,-118.25 (10.1%); 33.75,-118.25 (6.4%); 34.25,-118.75 (2.4%)"
2026-01-22,73.23,22.9,0.0,No thermal stress,48.2 to 78.8 F,74.04,61.34,83.43,-0.81,0,450,1,"34.25,-118.50 (35.4%); 34.00,-118.25 (23.1%); 34.00,-118.50 (22.6%); 34.25,-118.25 (10.1%); 33.75,-118.25 (6.4%); 34.25,-118.75 (2.4%)"
2026-01-23,73.3,22.94,0.0,No thermal stress,48.2 to 78.8 F,74.19,62.04,83.57,-0.89,0,450,1,"34.25,-118.50 (35.4%); 34.00,-118.25 (23.1%); 34.00,-118.50 (22.6%); 34.25,-118.25 (10.1%); 33.75,-118.25 (6.4%); 34.25,-118.75 (2.4%)"
2026-01-24,73.43,23.02,0.0,No thermal stress,48.2 to 78.8 F,74.16,61.34,83.57,-0.73,0,450,1,"34.25,-118.50 (35.4%); 34.00,-118.25 (23.1%); 34.00,-118.50 (22.6%); 34.25,-118.25 (10.1%); 33.75,-118.25 (6.4%); 34.25,-118.75 (2.4%)"
2026-01-25,76.9,24.95,0.0,No thermal stress,48.2 to 78.8 F,74.2,62.04,83.45,2.7,0,450,1,"34.25,-118.50 (35.4%); 34.00,-118.25 (23.1%); 34.00,-118.50 (22.6%); 34.25,-118.25 (10.1%); 33.75,-118.25 (6.4%); 34.25,-118.75 (2.4%)"
2026-01-26,79.04,26.13,1.0,Moderate heat stress,78.8 to 89.6 F,74.16,62.04,83.43,4.88,0,450,1,"34.25,-118.50 (35.4%); 34.00,-118.25 (23.1%); 34.00,-118.50 (22.6%); 34.25,-118.25 (10.1%); 33.75,-118.25 (6.4%); 34.25,-118.75 (2.4%)"
2026-01-27,81.3,27.39,1.0,Moderate heat stress,78.8 to 89.6 F,74.13,61.05,83.43,7.17,0,450,1,"34.25,-118.50 (35.4%); 34.00,-118.25 (23.1%); 34.00,-118.50 (22.6%); 34.25,-118.25 (10.1%); 33.75,-118.25 (6.4%); 34.25,-118.75 (2.4%)"
2026-01-28,78.51,25.84,0.0,No thermal stress,48.2 to 78.8 F,74.29,62.33,83.45,4.22,0,450,1,"34.25,-118.50 (35.4%); 34.00,-118.25 (23.1%); 34.00,-118.50 (22.6%); 34.25,-118.25 (10.1%); 33.75,-118.25 (6.4%); 34.25,-118.75 (2.4%)"
2026-01-29,86.1,30.06,1.0,Moderate heat stress,78.8 to 89.6 F,74.5,62.77,83.76,11.6,1,450,1,"34.25,-118.50 (35.4%); 34.00,-118.25 (23.1%); 34.00,-118.50 (22.6%); 34.25,-118.25 (10.1%); 33.75,-118.25 (6.4%); 34.25,-118.75 (2.4%)"
2026-01-30,88.65,31.47,1.0,Moderate heat stress,78.8 to 89.6 F,74.54,62.6,83.82,14.11,1,450,1,"34.25,-118.50 (35.4%); 34.00,-118.25 (23.1%); 34.00,-118.50 (22.6%); 34.25,-118.25 (10.1%); 33.75,-118.25 (6.4%); 34.25,-118.75 (2.4%)"
2026-01-31,89.99,32.22,2.0,Strong heat stress,89.6 to 100.4 F,74.56,62.48,84.29,15.43,1,450,1,"34.25,-118.50 (35.4%); 34.00,-118.25 (23.1%); 34.00,-118.50 (22.6%); 34.25,-118.25 (10.1%); 33.75,-118.25 (6.4%); 34.25,-118.75 (2.4%)"
2026-02-01,88.82,31.56,1.0,Moderate heat stress,78.8 to 89.6 F,74.66,62.51,84.85,14.16,1,450,1,"34.25,-118.50 (35.4%); 34.00,-118.25 (23.1%); 34.00,-118.50 (22.6%); 34.25,-118.25 (10.1%); 33.75,-118.25 (6.4%); 34.25,-118.75 (2.4%)"
2026-02-02,84.24,29.02,1.0,Moderate heat stress,78.8 to 89.6 F,74.68,62.25,85.08,9.56,0,450,1,"34.25,-118.50 (35.4%); 34.00,-118.25 (23.1%); 34.00,-118.50 (22.6%); 34.25,-118.25 (10.1%); 33.75,-118.25 (6.4%); 34.25,-118.75 (2.4%)"
2026-02-03,88.14,31.19,1.0,Moderate heat stress,78.8 to 89.6 F,74.64,61.28,85.19,13.5,1,450,1,"34.25,-118.50 (35.4%); 34.00,-118.25 (23.1%); 34.00,-118.50 (22.6%); 34.25,-118.25 (10.1%); 33.75,-118.25 (6.4%); 34.25,-118.75 (2.4%)"
2026-02-04,92.05,33.36,2.0,Strong heat stress,89.6 to 100.4 F,74.64,61.06,85.67,17.41,1,450,1,"34.25,-118.50 (35.4%); 34.00,-118.25 (23.1%); 34.00,-118.50 (22.6%); 34.25,-118.25 (10.1%); 33.75,-118.25 (6.4%); 34.25,-118.75 (2.4%)"
2026-02-05,86.72,30.4,1.0,Moderate heat stress,78.8 to 89.6 F,74.63,61.06,85.85,12.09,1,450,1,"34.25,-118.50 (35.4%); 34.00,-118.25 (23.1%); 34.00,-118.50 (22.6%); 34.25,-118.25 (10.1%); 33.75,-118.25 (6.4%); 34.25,-118.75 (2.4%)"
2026-02-06,78.73,25.96,0.0,No thermal stress,48.2 to 78.8 F,74.5,60.42,85.88,4.23,0,450,1,"34.25,-118.50 (35.4%); 34.00,-118.25 (23.1%); 34.00,-118.50 (22.6%); 34.25,-118.25 (10.1%); 33.75,-118.25 (6.4%); 34.25,-118.75 (2.4%)"
2026-02-07,84.46,29.14,1.0,Moderate heat stress,78.8 to 89.6 F,74.47,60.65,85.94,9.99,0,450,1,"34.25,-118.50 (35.4%); 34.00,-118.25 (23.1%); 34.00,-118.50 (22.6%); 34.25,-118.25 (10.1%); 33.75,-118.25 (6.4%); 34.25,-118.75 (2.4%)"
2026-02-08,89.83,32.13,2.0,Strong heat stress,89.6 to 100.4 F,74.55,60.87,85.88,15.28,1,450,1,"34.25,-118.50 (35.4%); 34.00,-118.25 (23.1%); 34.00,-118.50 (22.6%); 34.25,-118.25 (10.1%); 33.75,-118.25 (6.4%); 34.25,-118.75 (2.4%)"
2026-02-09,85.48,29.71,1.0,Moderate heat stress,78.8 to 89.6 F,74.42,60.37,85.94,11.06,0,450,1,"34.25,-118.50 (35.4%); 34.00,-118.25 (23.1%); 34.00,-118.50 (22.6%); 34.25,-118.25 (10.1%); 33.75,-118.25 (6.4%); 34.25,-118.75 (2.4%)"
2026-02-10,62.76,17.09,0.0,No thermal stress,48.2 to 78.8 F,74.25,60.15,85.85,-11.49,0,450,1,"34.25,-118.50 (35.4%); 34.00,-118.25 (23.1%); 34.00,-118.50 (22.6%); 34.25,-118.25 (10.1%); 33.75,-118.25 (6.4%); 34.25,-118.75 (2.4%)"
2026-02-11,69.39,20.77,0.0,No thermal stress,48.2 to 78.8 F,74.17,60.37,85.71,-4.78,0,450,1,"34.25,-118.50 (35.4%); 34.00,-118.25 (23.1%); 34.00,-118.50 (22.6%); 34.25,-118.25 (10.1%); 33.75,-118.25 (6.4%); 34.25,-118.75 (2.4%)"
2026-02-12,76.84,24.91,0.0,No thermal stress,48.2 to 78.8 F,73.89,60.08,85.58,2.95,0,450,1,"34.25,-118.50 (35.4%); 34.00,-118.25 (23.1%); 34.00,-118.50 (22.6%); 34.25,-118.25 (10.1%); 33.75,-118.25 (6.4%); 34.25,-118.75 (2.4%)"
2026-02-13,79.07,26.15,1.0,Moderate heat stress,78.8 to 89.6 F,73.61,59.32,85.58,5.46,0,450,1,"34.25,-118.50 (35.4%); 34.00,-118.25 (23.1%); 34.00,-118.50 (22.6%); 34.25,-118.25 (10.1%); 33.75,-118.25 (6.4%); 34.25,-118.75 (2.4%)"
2026-02-14,73.57,23.09,0.0,No thermal stress,48.2 to 78.8 F,73.59,59.66,85.62,-0.02,0,450,1,"34.25,-118.50 (35.4%); 34.00,-118.25 (23.1%); 34.00,-118.50 (22.6%); 34.25,-118.25 (10.1%); 33.75,-118.25 (6.4%); 34.25,-118.75 (2.4%)"
2026-02-15,69.96,21.09,0.0,No thermal stress,48.2 to 78.8 F,73.6,59.16,85.57,-3.64,0,450,1,"34.25,-118.50 (35.4%); 34.00,-118.25 (23.1%); 34.00,-118.50 (22.6%); 34.25,-118.25 (10.1%); 33.75,-118.25 (6.4%); 34.25,-118.75 (2.4%)"
2026-02-16,50.01,10.0,0.0,No thermal stress,48.2 to 78.8 F,73.36,59.08,85.43,-23.35,0,450,1,"34.25,-118.50 (35.4%); 34.00,-118.25 (23.1%); 34.00,-118.50 (22.6%); 34.25,-118.25 (10.1%); 33.75,-118.25 (6.4%); 34.25,-118.75 (2.4%)"
2026-02-17,60.66,15.92,0.0,No thermal stress,48.2 to 78.8 F,73.38,59.64,85.13,-12.72,0,450,1,"34.25,-118.50 (35.4%); 34.00,-118.25 (23.1%); 34.00,-118.50 (22.6%); 34.25,-118.25 (10.1%); 33.75,-118.25 (6.4%); 34.25,-118.75 (2.4%)"
2026-02-18,55.88,13.26,0.0,No thermal stress,48.2 to 78.8 F,73.4,59.84,85.22,-17.52,0,450,1,"34.25,-118.50 (35.4%); 34.00,-118.25 (23.1%); 34.00,-118.50 (22.6%); 34.25,-118.25 (10.1%); 33.75,-118.25 (6.4%); 34.25,-118.75 (2.4%)"
2026-02-19,46.48,8.04,-1.0,Slight cold stress,32.0 to 48.2 F,73.41,60.04,85.29,-26.93,0,450,1,"34.25,-118.50 (35.4%); 34.00,-118.25 (23.1%); 34.00,-118.50 (22.6%); 34.25,-118.25 (10.1%); 33.75,-118.25 (6.4%); 34.25,-118.75 (2.4%)"
2026-02-20,72.56,22.53,0.0,No thermal stress,48.2 to 78.8 F,73.12,59.84,84.85,-0.56,0,450,1,"34.25,-118.50 (35.4%); 34.00,-118.25 (23.1%); 34.00,-118.50 (22.6%); 34.25,-118.25 (10.1%); 33.75,-118.25 (6.4%); 34.25,-118.75 (2.4%)"
2026-02-21,77.25,25.14,0.0,No thermal stress,48.2 to 78.8 F,73.12,60.13,84.89,4.13,0,458,1,"34.25,-118.50 (35.4%); 34.00,-118.25 (23.1%); 34.00,-118.50 (22.6%); 34.25,-118.25 (10.1%); 33.75,-118.25 (6.4%); 34.25,-118.75 (2.4%)"
2026-02-22,81.73,27.63,1.0,Moderate heat stress,78.8 to 89.6 F,73.11,60.13,84.79,8.62,0,458,1,"34.25,-118.50 (35.4%); 34.00,-118.25 (23.1%); 34.00,-118.50 (22.6%); 34.25,-118.25 (10.1%); 33.75,-118.25 (6.4%); 34.25,-118.75 (2.4%)"
2026-02-23,85.47,29.7,1.0,Moderate heat stress,78.8 to 89.6 F,72.99,60.01,84.39,12.48,1,458,1,"34.25,-118.50 (35.4%); 34.00,-118.25 (23.1%); 34.00,-118.50 (22.6%); 34.25,-118.25 (10.1%); 33.75,-118.25 (6.4%); 34.25,-118.75 (2.4%)"
2026-02-24,83.49,28.61,1.0,Moderate heat stress,78.8 to 89.6 F,73.02,60.22,84.16,10.47,0,458,1,"34.25,-118.50 (35.4%); 34.00,-118.25 (23.1%); 34.00,-118.50 (22.6%); 34.25,-118.25 (10.1%); 33.75,-118.25 (6.4%); 34.25,-118.75 (2.4%)"
2026-02-25,84.15,28.97,1.0,Moderate heat stress,78.8 to 89.6 F,73.13,60.25,84.44,11.02,0,458,1,"34.25,-118.50 (35.4%); 34.00,-118.25 (23.1%); 34.00,-118.50 (22.6%); 34.25,-118.25 (10.1%); 33.75,-118.25 (6.4%); 34.25,-118.75 (2.4%)"
2026-02-26,87.25,30.7,1.0,Moderate heat stress,78.8 to 89.6 F,73.24,60.23,84.7,14.01,1,458,1,"34.25,-118.50 (35.4%); 34.00,-118.25 (23.1%); 34.00,-118.50 (22.6%); 34.25,-118.25 (10.1%); 33.75,-118.25 (6.4%); 34.25,-118.75 (2.4%)"
2026-02-27,94.19,34.55,2.0,Strong heat stress,89.6 to 100.4 F,73.37,60.25,84.77,20.82,1,458,1,"34.25,-118.50 (35.4%); 34.00,-118.25 (23.1%); 34.00,-118.50 (22.6%); 34.25,-118.25 (10.1%); 33.75,-118.25 (6.4%); 34.25,-118.75 (2.4%)"
2026-02-28,89.51,31.95,1.0,Moderate heat stress,78.8 to 89.6 F,73.66,61.46,84.89,15.85,1,458,1,"34.25,-118.50 (35.4%); 34.00,-118.25 (23.1%); 34.00,-118.50 (22.6%); 34.25,-118.25 (10.1%); 33.75,-118.25 (6.4%); 34.25,-118.75 (2.4%)"
2026-03-01,85.91,29.95,1.0,Moderate heat stress,78.8 to 89.6 F,73.88,61.73,85.12,12.03,1,458,1,"34.25,-118.50 (35.4%); 34.00,-118.25 (23.1%); 34.00,-118.50 (22.6%); 34.25,-118.25 (10.1%); 33.75,-118.25 (6.4%); 34.25,-118.75 (2.4%)"
2026-03-02,79.68,26.49,1.0,Moderate heat stress,78.8 to 89.6 F,74.25,62.2,85.7,5.43,0,458,1,"34.25,-118.50 (35.4%); 34.00,-118.25 (23.1%); 34.00,-118.50 (22.6%); 34.25,-118.25 (10.1%); 33.75,-118.25 (6.4%); 34.25,-118.75 (2.4%)"
2026-03-03,82.1,27.83,1.0,Moderate heat stress,78.8 to 89.6 F,74.61,62.73,85.83,7.49,0,458,1,"34.25,-118.50 (35.4%); 34.00,-118.25 (23.1%); 34.00,-118.50 (22.6%); 34.25,-118.25 (10.1%); 33.75,-118.25 (6.4%); 34.25,-118.75 (2.4%)"
2026-03-04,78.39,25.77,0.0,No thermal stress,48.2 to 78.8 F,74.89,62.89,86.12,3.5,0,458,1,"34.25,-118.50 (35.4%); 34.00,-118.25 (23.1%); 34.00,-118.50 (22.6%); 34.25,-118.25 (10.1%); 33.75,-118.25 (6.4%); 34.25,-118.75 (2.4%)"
2026-03-05,80.54,26.97,1.0,Moderate heat stress,78.8 to 89.6 F,75.26,63.01,86.29,5.28,0,458,1,"34.25,-118.50 (35.4%); 34.00,-118.25 (23.1%); 34.00,-118.50 (22.6%); 34.25,-118.25 (10.1%); 33.75,-118.25 (6.4%); 34.25,-118.75 (2.4%)"
2026-03-06,83.41,28.56,1.0,Moderate heat stress,78.8 to 89.6 F,75.55,63.11,86.36,7.86,0,458,1,"34.25,-118.50 (35.4%); 34.00,-118.25 (23.1%); 34.00,-118.50 (22.6%); 34.25,-118.25 (10.1%); 33.75,-118.25 (6.4%); 34.25,-118.75 (2.4%)"
2026-03-07,76.49,24.72,0.0,No thermal stress,48.2 to 78.8 F,76.02,64.24,86.52,0.47,0,458,1,"34.25,-118.50 (35.4%); 34.00,-118.25 (23.1%); 34.00,-118.50 (22.6%); 34.25,-118.25 (10.1%); 33.75,-118.25 (6.4%); 34.25,-118.75 (2.4%)"
2026-03-08,92.9,33.84,2.0,Strong heat stress,89.6 to 100.4 F,76.29,64.29,87.01,16.61,1,450,1,"34.25,-118.50 (35.4%); 34.00,-118.25 (23.1%); 34.00,-118.50 (22.6%); 34.25,-118.25 (10.1%); 33.75,-118.25 (6.4%); 34.25,-118.75 (2.4%)"
2026-03-09,79.26,26.25,1.0,Moderate heat stress,78.8 to 89.6 F,76.5,64.29,87.23,2.76,0,450,1,"34.25,-118.50 (35.4%); 34.00,-118.25 (23.1%); 34.00,-118.50 (22.6%); 34.25,-118.25 (10.1%); 33.75,-118.25 (6.4%); 34.25,-118.75 (2.4%)"
2026-03-10,76.17,24.54,0.0,No thermal stress,48.2 to 78.8 F,76.71,64.98,87.23,-0.54,0,450,1,"34.25,-118.50 (35.4%); 34.00,-118.25 (23.1%); 34.00,-118.50 (22.6%); 34.25,-118.25 (10.1%); 33.75,-118.25 (6.4%); 34.25,-118.75 (2.4%)"
2026-03-11,84.36,29.09,1.0,Moderate heat stress,78.8 to 89.6 F,76.88,65.48,87.29,7.48,0,450,1,"34.25,-118.50 (35.4%); 34.00,-118.25 (23.1%); 34.00,-118.50 (22.6%); 34.25,-118.25 (10.1%); 33.75,-118.25 (6.4%); 34.25,-118.75 (2.4%)"
2026-03-12,97.42,36.35,2.0,Strong heat stress,89.6 to 100.4 F,77.04,65.61,87.4,20.38,1,450,1,"34.25,-118.50 (35.4%); 34.00,-118.25 (23.1%); 34.00,-118.50 (22.6%); 34.25,-118.25 (10.1%); 33.75,-118.25 (6.4%); 34.25,-118.75 (2.4%)"
2026-03-13,95.63,35.35,2.0,Strong heat stress,89.6 to 100.4 F,77.05,65.66,87.4,18.58,1,450,1,"34.25,-118.50 (35.4%); 34.00,-118.25 (23.1%); 34.00,-118.50 (22.6%); 34.25,-118.25 (10.1%); 33.75,-118.25 (6.4%); 34.25,-118.75 (2.4%)"
2026-03-14,86.15,30.08,1.0,Moderate heat stress,78.8 to 89.6 F,77.2,66.2,87.24,8.95,0,450,1,"34.25,-118.50 (35.4%); 34.00,-118.25 (23.1%); 34.00,-118.50 (22.6%); 34.25,-118.25 (10.1%); 33.75,-118.25 (6.4%); 34.25,-118.75 (2.4%)"
2026-03-15,86.88,30.49,1.0,Moderate heat stress,78.8 to 89.6 F,77.13,66.47,87.16,9.75,0,450,1,"34.25,-118.50 (35.4%); 34.00,-118.25 (23.1%); 34.00,-118.50 (22.6%); 34.25,-118.25 (10.1%); 33.75,-118.25 (6.4%); 34.25,-118.75 (2.4%)"
2026-03-16,93.21,34.01,2.0,Strong heat stress,89.6 to 100.4 F,76.96,66.2,87.01,16.25,1,450,1,"34.25,-118.50 (35.4%); 34.00,-118.25 (23.1%); 34.00,-118.50 (22.6%); 34.25,-118.25 (10.1%); 33.75,-118.25 (6.4%); 34.25,-118.75 (2.4%)"
2026-03-17,101.63,38.68,3.0,Very strong heat stress,100.4 to 114.8 F,76.79,66.1,86.42,24.84,1,450,1,"34.25,-118.50 (35.4%); 34.00,-118.25 (23.1%); 34.00,-118.50 (22.6%); 34.25,-118.25 (10.1%); 33.75,-118.25 (6.4%); 34.25,-118.75 (2.4%)"
2026-03-18,98.14,36.75,2.0,Strong heat stress,89.6 to 100.4 F,76.54,65.69,86.25,21.6,1,450,1,"34.25,-118.50 (35.4%); 34.00,-118.25 (23.1%); 34.00,-118.50 (22.6%); 34.25,-118.25 (10.1%); 33.75,-118.25 (6.4%); 34.25,-118.75 (2.4%)"
2026-03-19,98.69,37.05,2.0,Strong heat stress,89.6 to 100.4 F,76.41,65.67,85.73,22.28,1,450,1,"34.25,-118.50 (35.4%); 34.00,-118.25 (23.1%); 34.00,-118.50 (22.6%); 34.25,-118.25 (10.1%); 33.75,-118.25 (6.4%); 34.25,-118.75 (2.4%)"
2026-03-20,99.38,37.43,2.0,Strong heat stress,89.6 to 100.4 F,76.15,65.6,85.51,23.23,1,450,1,"34.25,-118.50 (35.4%); 34.00,-118.25 (23.1%); 34.00,-118.50 (22.6%); 34.25,-118.25 (10.1%); 33.75,-118.25 (6.4%); 34.25,-118.75 (2.4%)"
2026-03-21,91.48,33.04,2.0,Strong heat stress,89.6 to 100.4 F,75.92,65.34,85.38,15.56,1,450,1,"34.25,-118.50 (35.4%); 34.00,-118.25 (23.1%); 34.00,-118.50 (22.6%); 34.25,-118.25 (10.1%); 33.75,-118.25 (6.4%); 34.25,-118.75 (2.4%)"
2026-03-22,86.15,30.08,1.0,Moderate heat stress,78.8 to 89.6 F,75.93,65.39,85.36,10.22,1,450,1,"34.25,-118.50 (35.4%); 34.00,-118.25 (23.1%); 34.00,-118.50 (22.6%); 34.25,-118.25 (10.1%); 33.75,-118.25 (6.4%); 34.25,-118.75 (2.4%)"
2026-03-23,86.37,30.2,1.0,Moderate heat stress,78.8 to 89.6 F,76.09,65.69,85.38,10.28,1,450,1,"34.25,-118.50 (35.4%); 34.00,-118.25 (23.1%); 34.00,-118.50 (22.6%); 34.25,-118.25 (10.1%); 33.75,-118.25 (6.4%); 34.25,-118.75 (2.4%)"
2026-03-24,86.91,30.51,1.0,Moderate heat stress,78.8 to 89.6 F,76.09,65.79,85.26,10.82,1,450,1,"34.25,-118.50 (35.4%); 34.00,-118.25 (23.1%); 34.00,-118.50 (22.6%); 34.25,-118.25 (10.1%); 33.75,-118.25 (6.4%); 34.25,-118.75 (2.4%)"
2026-03-25,86.2,30.11,1.0,Moderate heat stress,78.8 to 89.6 F,76.04,65.69,85.13,10.16,1,450,1,"34.25,-118.50 (35.4%); 34.00,-118.25 (23.1%); 34.00,-118.50 (22.6%); 34.25,-118.25 (10.1%); 33.75,-118.25 (6.4%); 34.25,-118.75 (2.4%)"
2026-03-26,87.99,31.11,1.0,Moderate heat stress,78.8 to 89.6 F,76.01,65.69,84.88,11.98,1,450,1,"34.25,-118.50 (35.4%); 34.00,-118.25 (23.1%); 34.00,-118.50 (22.6%); 34.25,-118.25 (10.1%); 33.75,-118.25 (6.4%); 34.25,-118.75 (2.4%)"
2026-03-27,89.65,32.03,2.0,Strong heat stress,89.6 to 100.4 F,76.01,65.69,85.23,13.64,1,450,1,"34.25,-118.50 (35.4%); 34.00,-118.25 (23.1%); 34.00,-118.50 (22.6%); 34.25,-118.25 (10.1%); 33.75,-118.25 (6.4%); 34.25,-118.75 (2.4%)"
2026-03-28,89.6,32.0,1.0,Moderate heat stress,78.8 to 89.6 F,76.14,65.79,84.93,13.46,1,450,1,"34.25,-118.50 (35.4%); 34.00,-118.25 (23.1%); 34.00,-118.50 (22.6%); 34.25,-118.25 (10.1%); 33.75,-118.25 (6.4%); 34.25,-118.75 (2.4%)"
2026-03-29,89.12,31.73,1.0,Moderate heat stress,78.8 to 89.6 F,76.18,65.67,85.02,12.94,1,450,1,"34.25,-118.50 (35.4%); 34.00,-118.25 (23.1%); 34.00,-118.50 (22.6%); 34.25,-118.25 (10.1%); 33.75,-118.25 (6.4%); 34.25,-118.75 (2.4%)"
2026-03-30,83.88,28.82,1.0,Moderate heat stress,78.8 to 89.6 F,76.36,65.67,85.36,7.52,0,450,1,"34.25,-118.50 (35.4%); 34.00,-118.25 (23.1%); 34.00,-118.50 (22.6%); 34.25,-118.25 (10.1%); 33.75,-118.25 (6.4%); 34.25,-118.75 (2.4%)"
2026-03-31,75.83,24.35,0.0,No thermal stress,48.2 to 78.8 F,76.55,66.06,85.47,-0.72,0,450,1,"34.25,-118.50 (35.4%); 34.00,-118.25 (23.1%); 34.00,-118.50 (22.6%); 34.25,-118.25 (10.1%); 33.75,-118.25 (6.4%); 34.25,-118.75 (2.4%)"
2026-04-01,77.54,25.3,0.0,No thermal stress,48.2 to 78.8 F,76.59,66.04,85.57,0.95,0,450,1,"34.25,-118.50 (35.4%); 34.00,-118.25 (23.1%); 34.00,-118.50 (22.6%); 34.25,-118.25 (10.1%); 33.75,-118.25 (6.4%); 34.25,-118.75 (2.4%)"
2026-04-02,77.45,25.25,0.0,No thermal stress,48.2 to 78.8 F,76.75,66.28,85.95,0.7,0,450,1,"34.25,-118.50 (35.4%); 34.00,-118.25 (23.1%); 34.00,-118.50 (22.6%); 34.25,-118.25 (10.1%); 33.75,-118.25 (6.4%); 34.25,-118.75 (2.4%)"
2026-04-03,88.56,31.42,1.0,Moderate heat stress,78.8 to 89.6 F,76.9,66.5,85.98,11.66,1,450,1,"34.25,-118.50 (35.4%); 34.00,-118.25 (23.1%); 34.00,-118.50 (22.6%); 34.25,-118.25 (10.1%); 33.75,-118.25 (6.4%); 34.25,-118.75 (2.4%)"
2026-04-04,92.61,33.67,2.0,Strong heat stress,89.6 to 100.4 F,77.01,66.5,85.98,15.6,1,450,1,"34.25,-118.50 (35.4%); 34.00,-118.25 (23.1%); 34.00,-118.50 (22.6%); 34.25,-118.25 (10.1%); 33.75,-118.25 (6.4%); 34.25,-118.75 (2.4%)"
2026-04-05,88.68,31.49,1.0,Moderate heat stress,78.8 to 89.6 F,77.16,66.85,85.98,11.52,1,450,1,"34.25,-118.50 (35.4%); 34.00,-118.25 (23.1%); 34.00,-118.50 (22.6%); 34.25,-118.25 (10.1%); 33.75,-118.25 (6.4%); 34.25,-118.75 (2.4%)"
2026-04-06,83.99,28.88,1.0,Moderate heat stress,78.8 to 89.6 F,77.17,66.73,86.04,6.82,0,450,1,"34.25,-118.50 (35.4%); 34.00,-118.25 (23.1%); 34.00,-118.50 (22.6%); 34.25,-118.25 (10.1%); 33.75,-118.25 (6.4%); 34.25,-118.75 (2.4%)"
2026-04-07,83.37,28.54,1.0,Moderate heat stress,78.8 to 89.6 F,77.03,66.45,86.18,6.34,0,450,1,"34.25,-118.50 (35.4%); 34.00,-118.25 (23.1%); 34.00,-118.50 (22.6%); 34.25,-118.25 (10.1%); 33.75,-118.25 (6.4%); 34.25,-118.75 (2.4%)"
2026-04-08,84.43,29.13,1.0,Moderate heat stress,78.8 to 89.6 F,77.01,66.39,86.18,7.42,0,450,1,"34.25,-118.50 (35.4%); 34.00,-118.25 (23.1%); 34.00,-118.50 (22.6%); 34.25,-118.25 (10.1%); 33.75,-118.25 (6.4%); 34.25,-118.75 (2.4%)"
2026-04-09,82.96,28.31,1.0,Moderate heat stress,78.8 to 89.6 F,77.11,66.5,86.18,5.85,0,450,1,"34.25,-118.50 (35.4%); 34.00,-118.25 (23.1%); 34.00,-118.50 (22.6%); 34.25,-118.25 (10.1%); 33.75,-118.25 (6.4%); 34.25,-118.75 (2.4%)"
2026-04-10,77.6,25.34,0.0,No thermal stress,48.2 to 78.8 F,77.22,66.5,86.33,0.38,0,450,1,"34.25,-118.50 (35.4%); 34.00,-118.25 (23.1%); 34.00,-118.50 (22.6%); 34.25,-118.25 (10.1%); 33.75,-118.25 (6.4%); 34.25,-118.75 (2.4%)"
2026-04-11,75.96,24.42,0.0,No thermal stress,48.2 to 78.8 F,77.37,66.5,86.44,-1.41,0,450,1,"34.25,-118.50 (35.4%); 34.00,-118.25 (23.1%); 34.00,-118.50 (22.6%); 34.25,-118.25 (10.1%); 33.75,-118.25 (6.4%); 34.25,-118.75 (2.4%)"
2026-04-12,68.78,20.43,0.0,No thermal stress,48.2 to 78.8 F,77.65,67.0,87.14,-8.87,0,450,1,"34.25,-118.50 (35.4%); 34.00,-118.25 (23.1%); 34.00,-118.50 (22.6%); 34.25,-118.25 (10.1%); 33.75,-118.25 (6.4%); 34.25,-118.75 (2.4%)"
2026-04-13,68.7,20.39,0.0,No thermal stress,48.2 to 78.8 F,77.91,67.72,87.36,-9.21,0,450,1,"34.25,-118.50 (35.4%); 34.00,-118.25 (23.1%); 34.00,-118.50 (22.6%); 34.25,-118.25 (10.1%); 33.75,-118.25 (6.4%); 34.25,-118.75 (2.4%)"
2026-04-14,79.26,26.26,1.0,Moderate heat stress,78.8 to 89.6 F,78.05,67.77,87.78,1.21,0,450,1,"34.25,-118.50 (35.4%); 34.00,-118.25 (23.1%); 34.00,-118.50 (22.6%); 34.25,-118.25 (10.1%); 33.75,-118.25 (6.4%); 34.25,-118.75 (2.4%)"
2026-04-15,79.77,26.54,1.0,Moderate heat stress,78.8 to 89.6 F,78.13,67.87,87.36,1.64,0,450,1,"34.25,-118.50 (35.4%); 34.00,-118.25 (23.1%); 34.00,-118.50 (22.6%); 34.25,-118.25 (10.1%); 33.75,-118.25 (6.4%); 34.25,-118.75 (2.4%)"
2026-04-16,81.12,27.29,1.0,Moderate heat stress,78.8 to 89.6 F,78.37,68.18,87.71,2.75,0,450,1,"34.25,-118.50 (35.4%); 34.00,-118.25 (23.1%); 34.00,-118.50 (22.6%); 34.25,-118.25 (10.1%); 33.75,-118.25 (6.4%); 34.25,-118.75 (2.4%)"
2026-04-17,83.25,28.47,1.0,Moderate heat stress,78.8 to 89.6 F,78.61,68.44,87.95,4.64,0,450,1,"34.25,-118.50 (35.4%); 34.00,-118.25 (23.1%); 34.00,-118.50 (22.6%); 34.25,-118.25 (10.1%); 33.75,-118.25 (6.4%); 34.25,-118.75 (2.4%)"
2026-04-18,86.0,30.0,1.0,Moderate heat stress,78.8 to 89.6 F,78.81,68.39,88.61,7.19,0,450,1,"34.25,-118.50 (35.4%); 34.00,-118.25 (23.1%); 34.00,-118.50 (22.6%); 34.25,-118.25 (10.1%); 33.75,-118.25 (6.4%); 34.25,-118.75 (2.4%)"
2026-04-19,84.03,28.9,1.0,Moderate heat stress,78.8 to 89.6 F,79.09,68.79,89.73,4.94,0,450,1,"34.25,-118.50 (35.4%); 34.00,-118.25 (23.1%); 34.00,-118.50 (22.6%); 34.25,-118.25 (10.1%); 33.75,-118.25 (6.4%); 34.25,-118.75 (2.4%)"
2026-04-20,80.25,26.81,1.0,Moderate heat stress,78.8 to 89.6 F,79.38,69.46,89.75,0.87,0,450,1,"34.25,-118.50 (35.4%); 34.00,-118.25 (23.1%); 34.00,-118.50 (22.6%); 34.25,-118.25 (10.1%); 33.75,-118.25 (6.4%); 34.25,-118.75 (2.4%)"
2026-04-21,69.56,20.87,0.0,No thermal stress,48.2 to 78.8 F,79.59,69.51,89.92,-10.03,0,450,1,"34.25,-118.50 (35.4%); 34.00,-118.25 (23.1%); 34.00,-118.50 (22.6%); 34.25,-118.25 (10.1%); 33.75,-118.25 (6.4%); 34.25,-118.75 (2.4%)"
2026-04-22,77.12,25.07,0.0,No thermal stress,48.2 to 78.8 F,79.85,70.13,90.36,-2.73,0,450,1,"34.25,-118.50 (35.4%); 34.00,-118.25 (23.1%); 34.00,-118.50 (22.6%); 34.25,-118.25 (10.1%); 33.75,-118.25 (6.4%); 34.25,-118.75 (2.4%)"
2026-04-23,83.26,28.48,1.0,Moderate heat stress,78.8 to 89.6 F,80.12,70.7,90.47,3.14,0,450,1,"34.25,-118.50 (35.4%); 34.00,-118.25 (23.1%); 34.00,-118.50 (22.6%); 34.25,-118.25 (10.1%); 33.75,-118.25 (6.4%); 34.25,-118.75 (2.4%)"
2026-04-24,76.78,24.88,0.0,No thermal stress,48.2 to 78.8 F,80.4,70.89,90.5,-3.62,0,450,1,"34.25,-118.50 (35.4%); 34.00,-118.25 (23.1%); 34.00,-118.50 (22.6%); 34.25,-118.25 (10.1%); 33.75,-118.25 (6.4%); 34.25,-118.75 (2.4%)"
2026-04-25,72.11,22.28,0.0,No thermal stress,48.2 to 78.8 F,80.62,71.2,90.53,-8.51,0,450,1,"34.25,-118.50 (35.4%); 34.00,-118.25 (23.1%); 34.00,-118.50 (22.6%); 34.25,-118.25 (10.1%); 33.75,-118.25 (6.4%); 34.25,-118.75 (2.4%)"
2026-04-26,65.03,18.35,0.0,No thermal stress,48.2 to 78.8 F,80.82,71.53,90.85,-15.79,0,450,1,"34.25,-118.50 (35.4%); 34.00,-118.25 (23.1%); 34.00,-118.50 (22.6%); 34.25,-118.25 (10.1%); 33.75,-118.25 (6.4%); 34.25,-118.75 (2.4%)"
2026-04-27,71.8,22.11,0.0,No thermal stress,48.2 to 78.8 F,80.86,71.59,91.11,-9.06,0,450,1,"34.25,-118.50 (35.4%); 34.00,-118.25 (23.1%); 34.00,-118.50 (22.6%); 34.25,-118.25 (10.1%); 33.75,-118.25 (6.4%); 34.25,-118.75 (2.4%)"
2026-04-28,81.03,27.24,1.0,Moderate heat stress,78.8 to 89.6 F,80.85,71.6,91.19,0.18,0,450,1,"34.25,-118.50 (35.4%); 34.00,-118.25 (23.1%); 34.00,-118.50 (22.6%); 34.25,-118.25 (10.1%); 33.75,-118.25 (6.4%); 34.25,-118.75 (2.4%)"
2026-04-29,81.03,27.24,1.0,Moderate heat stress,78.8 to 89.6 F,80.85,71.6,91.15,0.18,0,450,1,"34.25,-118.50 (35.4%); 34.00,-118.25 (23.1%); 34.00,-118.50 (22.6%); 34.25,-118.25 (10.1%); 33.75,-118.25 (6.4%); 34.25,-118.75 (2.4%)"
2026-04-30,82.29,27.94,1.0,Moderate heat stress,78.8 to 89.6 F,81.0,71.63,91.32,1.29,0,450,1,"34.25,-118.50 (35.4%); 34.00,-118.25 (23.1%); 34.00,-118.50 (22.6%); 34.25,-118.25 (10.1%); 33.75,-118.25 (6.4%); 34.25,-118.75 (2.4%)"
2026-05-01,82.89,28.27,1.0,Moderate heat stress,78.8 to 89.6 F,81.07,71.6,92.1,1.82,0,450,1,"34.25,-118.50 (35.4%); 34.00,-118.25 (23.1%); 34.00,-118.50 (22.6%); 34.25,-118.25 (10.1%); 33.75,-118.25 (6.4%); 34.25,-118.75 (2.4%)"
2026-05-02,83.39,28.55,1.0,Moderate heat stress,78.8 to 89.6 F,81.1,71.7,91.32,2.29,0,450,1,"34.25,-118.50 (35.4%); 34.00,-118.25 (23.1%); 34.00,-118.50 (22.6%); 34.25,-118.25 (10.1%); 33.75,-118.25 (6.4%); 34.25,-118.75 (2.4%)"
2026-05-03,73.51,23.06,0.0,No thermal stress,48.2 to 78.8 F,81.05,72.12,90.89,-7.54,0,450,1,"34.25,-118.50 (35.4%); 34.00,-118.25 (23.1%); 34.00,-118.50 (22.6%); 34.25,-118.25 (10.1%); 33.75,-118.25 (6.4%); 34.25,-118.75 (2.4%)"
2026-05-04,69.02,20.57,0.0,No thermal stress,48.2 to 78.8 F,80.99,72.17,90.53,-11.97,0,450,1,"34.25,-118.50 (35.4%); 34.00,-118.25 (23.1%); 34.00,-118.50 (22.6%); 34.25,-118.25 (10.1%); 33.75,-118.25 (6.4%); 34.25,-118.75 (2.4%)"
2026-05-05,71.7,22.05,0.0,No thermal stress,48.2 to 78.8 F,81.0,72.53,90.64,-9.3,0,450,1,"34.25,-118.50 (35.4%); 34.00,-118.25 (23.1%); 34.00,-118.50 (22.6%); 34.25,-118.25 (10.1%); 33.75,-118.25 (6.4%); 34.25,-118.75 (2.4%)"
2026-05-06,80.0,26.67,1.0,Moderate heat stress,78.8 to 89.6 F,81.02,72.78,90.64,-1.02,0,450,1,"34.25,-118.50 (35.4%); 34.00,-118.25 (23.1%); 34.00,-118.50 (22.6%); 34.25,-118.25 (10.1%); 33.75,-118.25 (6.4%); 34.25,-118.75 (2.4%)"
2026-05-07,84.23,29.01,1.0,Moderate heat stress,78.8 to 89.6 F,81.0,72.78,90.18,3.23,0,450,1,"34.25,-118.50 (35.4%); 34.00,-118.25 (23.1%); 34.00,-118.50 (22.6%); 34.25,-118.25 (10.1%); 33.75,-118.25 (6.4%); 34.25,-118.75 (2.4%)"
2026-05-08,82.64,28.13,1.0,Moderate heat stress,78.8 to 89.6 F,80.99,72.59,90.42,1.65,0,450,1,"34.25,-118.50 (35.4%); 34.00,-118.25 (23.1%); 34.00,-118.50 (22.6%); 34.25,-118.25 (10.1%); 33.75,-118.25 (6.4%); 34.25,-118.75 (2.4%)"
2026-05-09,83.67,28.71,1.0,Moderate heat stress,78.8 to 89.6 F,80.93,72.15,90.43,2.74,0,450,1,"34.25,-118.50 (35.4%); 34.00,-118.25 (23.1%); 34.00,-118.50 (22.6%); 34.25,-118.25 (10.1%); 33.75,-118.25 (6.4%); 34.25,-118.75 (2.4%)"
2026-05-10,85.81,29.89,1.0,Moderate heat stress,78.8 to 89.6 F,80.9,72.53,90.02,4.91,0,450,1,"34.25,-118.50 (35.4%); 34.00,-118.25 (23.1%); 34.00,-118.50 (22.6%); 34.25,-118.25 (10.1%); 33.75,-118.25 (6.4%); 34.25,-118.75 (2.4%)"
2026-05-11,89.8,32.11,2.0,Strong heat stress,89.6 to 100.4 F,80.77,72.38,89.62,9.03,1,450,1,"34.25,-118.50 (35.4%); 34.00,-118.25 (23.1%); 34.00,-118.50 (22.6%); 34.25,-118.25 (10.1%); 33.75,-118.25 (6.4%); 34.25,-118.75 (2.4%)"
2026-05-12,78.84,26.02,1.0,Moderate heat stress,78.8 to 89.6 F,80.78,72.53,89.44,-1.94,0,450,1,"34.25,-118.50 (35.4%); 34.00,-118.25 (23.1%); 34.00,-118.50 (22.6%); 34.25,-118.25 (10.1%); 33.75,-118.25 (6.4%); 34.25,-118.75 (2.4%)"
2026-05-13,78.87,26.04,1.0,Moderate heat stress,78.8 to 89.6 F,80.86,72.76,89.44,-1.99,0,450,1,"34.25,-118.50 (35.4%); 34.00,-118.25 (23.1%); 34.00,-118.50 (22.6%); 34.25,-118.25 (10.1%); 33.75,-118.25 (6.4%); 34.25,-118.75 (2.4%)"
2026-05-14,81.52,27.51,1.0,Moderate heat stress,78.8 to 89.6 F,80.99,73.38,89.42,0.53,0,450,1,"34.25,-118.50 (35.4%); 34.00,-118.25 (23.1%); 34.00,-118.50 (22.6%); 34.25,-118.25 (10.1%); 33.75,-118.25 (6.4%); 34.25,-118.75 (2.4%)"
2026-05-15,79.95,26.64,1.0,Moderate heat stress,78.8 to 89.6 F,81.01,73.38,89.3,-1.06,0,450,1,"34.25,-118.50 (35.4%); 34.00,-118.25 (23.1%); 34.00,-118.50 (22.6%); 34.25,-118.25 (10.1%); 33.75,-118.25 (6.4%); 34.25,-118.75 (2.4%)"
2026-05-16,77.77,25.43,0.0,No thermal stress,48.2 to 78.8 F,80.9,73.09,89.18,-3.13,0,450,1,"34.25,-118.50 (35.4%); 34.00,-118.25 (23.1%); 34.00,-118.50 (22.6%); 34.25,-118.25 (10.1%); 33.75,-118.25 (6.4%); 34.25,-118.75 (2.4%)"
2026-05-17,79.92,26.62,1.0,Moderate heat stress,78.8 to 89.6 F,80.92,73.65,88.92,-1.0,0,450,1,"34.25,-118.50 (35.4%); 34.00,-118.25 (23.1%); 34.00,-118.50 (22.6%); 34.25,-118.25 (10.1%); 33.75,-118.25 (6.4%); 34.25,-118.75 (2.4%)"
2026-05-18,83.2,28.44,1.0,Moderate heat stress,78.8 to 89.6 F,80.81,73.65,88.9,2.39,0,450,1,"34.25,-118.50 (35.4%); 34.00,-118.25 (23.1%); 34.00,-118.50 (22.6%); 34.25,-118.25 (10.1%); 33.75,-118.25 (6.4%); 34.25,-118.75 (2.4%)"
2026-05-19,89.04,31.69,1.0,Moderate heat stress,78.8 to 89.6 F,80.73,73.38,88.9,8.31,1,450,1,"34.25,-118.50 (35.4%); 34.00,-118.25 (23.1%); 34.00,-118.50 (22.6%); 34.25,-118.25 (10.1%); 33.75,-118.25 (6.4%); 34.25,-118.75 (2.4%)"
2026-05-20,88.59,31.44,1.0,Moderate heat stress,78.8 to 89.6 F,80.75,73.65,88.89,7.84,0,450,1,"34.25,-118.50 (35.4%); 34.00,-118.25 (23.1%); 34.00,-118.50 (22.6%); 34.25,-118.25 (10.1%); 33.75,-118.25 (6.4%); 34.25,-118.75 (2.4%)"
2026-05-21,86.3,30.16,1.0,Moderate heat stress,78.8 to 89.6 F,80.84,73.96,88.83,5.46,0,450,1,"34.25,-118.50 (35.4%); 34.00,-118.25 (23.1%); 34.00,-118.50 (22.6%); 34.25,-118.25 (10.1%); 33.75,-118.25 (6.4%); 34.25,-118.75 (2.4%)"
2026-05-22,80.08,26.71,1.0,Moderate heat stress,78.8 to 89.6 F,81.0,74.19,88.89,-0.92,0,450,1,"34.25,-118.50 (35.4%); 34.00,-118.25 (23.1%); 34.00,-118.50 (22.6%); 34.25,-118.25 (10.1%); 33.75,-118.25 (6.4%); 34.25,-118.75 (2.4%)"
2026-05-23,80.65,27.03,1.0,Moderate heat stress,78.8 to 89.6 F,81.14,74.3,88.8,-0.49,0,450,1,"34.25,-118.50 (35.4%); 34.00,-118.25 (23.1%); 34.00,-118.50 (22.6%); 34.25,-118.25 (10.1%); 33.75,-118.25 (6.4%); 34.25,-118.75 (2.4%)"
2026-05-24,79.45,26.36,1.0,Moderate heat stress,78.8 to 89.6 F,81.34,74.7,88.89,-1.89,0,450,1,"34.25,-118.50 (35.4%); 34.00,-118.25 (23.1%); 34.00,-118.50 (22.6%); 34.25,-118.25 (10.1%); 33.75,-118.25 (6.4%); 34.25,-118.75 (2.4%)"
2026-05-25,79.05,26.14,1.0,Moderate heat stress,78.8 to 89.6 F,81.5,74.72,89.0,-2.45,0,450,1,"34.25,-118.50 (35.4%); 34.00,-118.25 (23.1%); 34.00,-118.50 (22.6%); 34.25,-118.25 (10.1%); 33.75,-118.25 (6.4%); 34.25,-118.75 (2.4%)"
2026-05-26,75.04,23.91,0.0,No thermal stress,48.2 to 78.8 F,81.71,75.09,89.34,-6.67,0,450,1,"34.25,-118.50 (35.4%); 34.00,-118.25 (23.1%); 34.00,-118.50 (22.6%); 34.25,-118.25 (10.1%); 33.75,-118.25 (6.4%); 34.25,-118.75 (2.4%)"
2026-05-27,66.82,19.34,0.0,No thermal stress,48.2 to 78.8 F,81.88,75.21,89.48,-15.06,0,450,1,"34.25,-118.50 (35.4%); 34.00,-118.25 (23.1%); 34.00,-118.50 (22.6%); 34.25,-118.25 (10.1%); 33.75,-118.25 (6.4%); 34.25,-118.75 (2.4%)"
2026-05-28,74.58,23.66,0.0,No thermal stress,48.2 to 78.8 F,82.06,75.3,89.48,-7.48,0,450,1,"34.25,-118.50 (35.4%); 34.00,-118.25 (23.1%); 34.00,-118.50 (22.6%); 34.25,-118.25 (10.1%); 33.75,-118.25 (6.4%); 34.25,-118.75 (2.4%)"
2026-05-29,76.77,24.87,0.0,No thermal stress,48.2 to 78.8 F,82.07,75.61,89.34,-5.3,0,450,1,"34.25,-118.50 (35.4%); 34.00,-118.25 (23.1%); 34.00,-118.50 (22.6%); 34.25,-118.25 (10.1%); 33.75,-118.25 (6.4%); 34.25,-118.75 (2.4%)"
2026-05-30,82.75,28.19,1.0,Moderate heat stress,78.8 to 89.6 F,82.14,76.03,89.01,0.61,0,450,1,"34.25,-118.50 (35.4%); 34.00,-118.25 (23.1%); 34.00,-118.50 (22.6%); 34.25,-118.25 (10.1%); 33.75,-118.25 (6.4%); 34.25,-118.75 (2.4%)"
2026-05-31,86.21,30.12,1.0,Moderate heat stress,78.8 to 89.6 F,82.32,76.37,88.92,3.89,0,450,1,"34.25,-118.50 (35.4%); 34.00,-118.25 (23.1%); 34.00,-118.50 (22.6%); 34.25,-118.25 (10.1%); 33.75,-118.25 (6.4%); 34.25,-118.75 (2.4%)"
2026-06-01,84.44,29.13,1.0,Moderate heat stress,78.8 to 89.6 F,82.5,76.41,88.99,1.94,0,450,1,"34.25,-118.50 (35.4%); 34.00,-118.25 (23.1%); 34.00,-118.50 (22.6%); 34.25,-118.25 (10.1%); 33.75,-118.25 (6.4%); 34.25,-118.75 (2.4%)"
2026-06-02,84.02,28.9,1.0,Moderate heat stress,78.8 to 89.6 F,82.91,77.11,89.59,1.11,0,450,1,"34.25,-118.50 (35.4%); 34.00,-118.25 (23.1%); 34.00,-118.50 (22.6%); 34.25,-118.25 (10.1%); 33.75,-118.25 (6.4%); 34.25,-118.75 (2.4%)"
2026-06-03,85.32,29.62,1.0,Moderate heat stress,78.8 to 89.6 F,83.26,77.37,89.96,2.06,0,450,1,"34.25,-118.50 (35.4%); 34.00,-118.25 (23.1%); 34.00,-118.50 (22.6%); 34.25,-118.25 (10.1%); 33.75,-118.25 (6.4%); 34.25,-118.75 (2.4%)"
2026-06-04,86.08,30.05,1.0,Moderate heat stress,78.8 to 89.6 F,83.39,77.64,90.19,2.69,0,450,1,"34.25,-118.50 (35.4%); 34.00,-118.25 (23.1%); 34.00,-118.50 (22.6%); 34.25,-118.25 (10.1%); 33.75,-118.25 (6.4%); 34.25,-118.75 (2.4%)"
2026-06-05,85.23,29.57,1.0,Moderate heat stress,78.8 to 89.6 F,83.4,77.83,90.06,1.83,0,450,1,"34.25,-118.50 (35.4%); 34.00,-118.25 (23.1%); 34.00,-118.50 (22.6%); 34.25,-118.25 (10.1%); 33.75,-118.25 (6.4%); 34.25,-118.75 (2.4%)"
2026-06-06,84.65,29.25,1.0,Moderate heat stress,78.8 to 89.6 F,83.46,77.96,90.18,1.19,0,450,1,"34.25,-118.50 (35.4%); 34.00,-118.25 (23.1%); 34.00,-118.50 (22.6%); 34.25,-118.25 (10.1%); 33.75,-118.25 (6.4%); 34.25,-118.75 (2.4%)"
2026-06-07,82.29,27.94,1.0,Moderate heat stress,78.8 to 89.6 F,83.59,78.2,90.28,-1.3,0,450,1,"34.25,-118.50 (35.4%); 34.00,-118.25 (23.1%); 34.00,-118.50 (22.6%); 34.25,-118.25 (10.1%); 33.75,-118.25 (6.4%); 34.25,-118.75 (2.4%)"
2026-06-08,82.9,28.28,1.0,Moderate heat stress,78.8 to 89.6 F,83.65,78.2,90.24,-0.75,0,450,1,"34.25,-118.50 (35.4%); 34.00,-118.25 (23.1%); 34.00,-118.50 (22.6%); 34.25,-118.25 (10.1%); 33.75,-118.25 (6.4%); 34.25,-118.75 (2.4%)"
2026-06-09,85.24,29.58,1.0,Moderate heat stress,78.8 to 89.6 F,83.69,78.2,90.35,1.55,0,450,1,"34.25,-118.50 (35.4%); 34.00,-118.25 (23.1%); 34.00,-118.50 (22.6%); 34.25,-118.25 (10.1%); 33.75,-118.25 (6.4%); 34.25,-118.75 (2.4%)"
2026-06-10,90.62,32.57,2.0,Strong heat stress,89.6 to 100.4 F,83.83,78.35,90.77,6.79,0,450,1,"34.25,-118.50 (35.4%); 34.00,-118.25 (23.1%); 34.00,-118.50 (22.6%); 34.25,-118.25 (10.1%); 33.75,-118.25 (6.4%); 34.25,-118.75 (2.4%)"
2026-06-11,90.14,32.3,2.0,Strong heat stress,89.6 to 100.4 F,83.99,78.43,90.9,6.15,0,450,1,"34.25,-118.50 (35.4%); 34.00,-118.25 (23.1%); 34.00,-118.50 (22.6%); 34.25,-118.25 (10.1%); 33.75,-118.25 (6.4%); 34.25,-118.75 (2.4%)"
2026-06-12,94.06,34.48,2.0,Strong heat stress,89.6 to 100.4 F,84.21,78.73,91.41,9.85,1,450,1,"34.25,-118.50 (35.4%); 34.00,-118.25 (23.1%); 34.00,-118.50 (22.6%); 34.25,-118.25 (10.1%); 33.75,-118.25 (6.4%); 34.25,-118.75 (2.4%)"
2026-06-13,,,,,,84.6,79.0,91.58,,,450,0,"34.25,-118.50 (35.4%); 34.00,-118.25 (23.1%); 34.00,-118.50 (22.6%); 34.25,-118.25 (10.1%); 33.75,-118.25 (6.4%); 34.25,-118.75 (2.4%)"
2026-06-14,,,,,,84.9,79.07,92.08,,,450,0,"34.25,-118.50 (35.4%); 34.00,-118.25 (23.1%); 34.00,-118.50 (22.6%); 34.25,-118.25 (10.1%); 33.75,-118.25 (6.4%); 34.25,-118.75 (2.4%)"
2026-06-15,,,,,,85.2,79.31,92.53,,,450,0,"34.25,-118.50 (35.4%); 34.00,-118.25 (23.1%); 34.00,-118.50 (22.6%); 34.25,-118.25 (10.1%); 33.75,-118.25 (6.4%); 34.25,-118.75 (2.4%)"
2026-06-16,,,,,,85.43,79.7,92.63,,,450,0,"34.25,-118.50 (35.4%); 34.00,-118.25 (23.1%); 34.00,-118.50 (22.6%); 34.25,-118.25 (10.1%); 33.75,-118.25 (6.4%); 34.25,-118.75 (2.4%)"
2026-06-17,,,,,,85.58,79.85,92.63,,,450,0,"34.25,-118.50 (35.4%); 34.00,-118.25 (23.1%); 34.00,-118.50 (22.6%); 34.25,-118.25 (10.1%); 33.75,-118.25 (6.4%); 34.25,-118.75 (2.4%)"
2026-06-18,,,,,,85.82,79.95,92.67,,,450,0,"34.25,-118.50 (35.4%); 34.00,-118.25 (23.1%); 34.00,-118.50 (22.6%); 34.25,-118.25 (10.1%); 33.75,-118.25 (6.4%); 34.25,-118.75 (2.4%)"
2026-06-19,,,,,,86.12,80.18,93.0,,,450,0,"34.25,-118.50 (35.4%); 34.00,-118.25 (23.1%); 34.00,-118.50 (22.6%); 34.25,-118.25 (10.1%); 33.75,-118.25 (6.4%); 34.25,-118.75 (2.4%)"
2026-06-20,,,,,,86.44,80.32,93.17,,,450,0,"34.25,-118.50 (35.4%); 34.00,-118.25 (23.1%); 34.00,-118.50 (22.6%); 34.25,-118.25 (10.1%); 33.75,-118.25 (6.4%); 34.25,-118.75 (2.4%)"
2026-06-21,,,,,,86.73,80.53,93.8,,,450,0,"34.25,-118.50 (35.4%); 34.00,-118.25 (23.1%); 34.00,-118.50 (22.6%); 34.25,-118.25 (10.1%); 33.75,-118.25 (6.4%); 34.25,-118.75 (2.4%)"
2026-06-22,,,,,,86.97,80.7,94.16,,,450,0,"34.25,-118.50 (35.4%); 34.00,-118.25 (23.1%); 34.00,-118.50 (22.6%); 34.25,-118.25 (10.1%); 33.75,-118.25 (6.4%); 34.25,-118.75 (2.4%)"
2026-06-23,,,,,,87.31,81.13,94.62,,,450,0,"34.25,-118.50 (35.4%); 34.00,-118.25 (23.1%); 34.00,-118.50 (22.6%); 34.25,-118.25 (10.1%); 33.75,-118.25 (6.4%); 34.25,-118.75 (2.4%)"
2026-06-24,,,,,,87.73,81.31,94.87,,,450,0,"34.25,-118.50 (35.4%); 34.00,-118.25 (23.1%); 34.00,-118.50 (22.6%); 34.25,-118.25 (10.1%); 33.75,-118.25 (6.4%); 34.25,-118.75 (2.4%)"
2026-06-25,,,,,,88.03,81.59,95.71,,,450,0,"34.25,-118.50 (35.4%); 34.00,-118.25 (23.1%); 34.00,-118.50 (22.6%); 34.25,-118.25 (10.1%); 33.75,-118.25 (6.4%); 34.25,-118.75 (2.4%)"
2026-06-26,,,,,,88.18,81.62,95.87,,,450,0,"34.25,-118.50 (35.4%); 34.00,-118.25 (23.1%); 34.00,-118.50 (22.6%); 34.25,-118.25 (10.1%); 33.75,-118.25 (6.4%); 34.25,-118.75 (2.4%)"
2026-06-27,,,,,,88.32,81.89,96.12,,,450,0,"34.25,-118.50 (35.4%); 34.00,-118.25 (23.1%); 34.00,-118.50 (22.6%); 34.25,-118.25 (10.1%); 33.75,-118.25 (6.4%); 34.25,-118.75 (2.4%)"
2026-06-28,,,,,,88.5,82.07,96.1,,,450,0,"34.25,-118.50 (35.4%); 34.00,-118.25 (23.1%); 34.00,-118.50 (22.6%); 34.25,-118.25 (10.1%); 33.75,-118.25 (6.4%); 34.25,-118.75 (2.4%)"
2026-06-29,,,,,,88.81,82.52,96.36,,,450,0,"34.25,-118.50 (35.4%); 34.00,-118.25 (23.1%); 34.00,-118.50 (22.6%); 34.25,-118.25 (10.1%); 33.75,-118.25 (6.4%); 34.25,-118.75 (2.4%)"
2026-06-30,,,,,,89.07,82.68,96.67,,,450,0,"34.25,-118.50 (35.4%); 34.00,-118.25 (23.1%); 34.00,-118.50 (22.6%); 34.25,-118.25 (10.1%); 33.75,-118.25 (6.4%); 34.25,-118.75 (2.4%)"
2026-07-01,,,,,,89.3,82.84,96.83,,,450,0,"34.25,-118.50 (35.4%); 34.00,-118.25 (23.1%); 34.00,-118.50 (22.6%); 34.25,-118.25 (10.1%); 33.75,-118.25 (6.4%); 34.25,-118.75 (2.4%)"
2026-07-02,,,,,,89.53,83.06,96.94,,,450,0,"34.25,-118.50 (35.4%); 34.00,-118.25 (23.1%); 34.00,-118.50 (22.6%); 34.25,-118.25 (10.1%); 33.75,-118.25 (6.4%); 34.25,-118.75 (2.4%)"
2026-07-03,,,,,,89.66,83.18,96.94,,,450,0,"34.25,-118.50 (35.4%); 34.00,-118.25 (23.1%); 34.00,-118.50 (22.6%); 34.25,-118.25 (10.1%); 33.75,-118.25 (6.4%); 34.25,-118.75 (2.4%)"
2026-07-04,,,,,,89.81,83.36,96.94,,,450,0,"34.25,-118.50 (35.4%); 34.00,-118.25 (23.1%); 34.00,-118.50 (22.6%); 34.25,-118.25 (10.1%); 33.75,-118.25 (6.4%); 34.25,-118.75 (2.4%)"
2026-07-05,,,,,,89.98,83.45,97.01,,,450,0,"34.25,-118.50 (35.4%); 34.00,-118.25 (23.1%); 34.00,-118.50 (22.6%); 34.25,-118.25 (10.1%); 33.75,-118.25 (6.4%); 34.25,-118.75 (2.4%)"
2026-07-06,,,,,,90.17,83.53,97.01,,,450,0,"34.25,-118.50 (35.4%); 34.00,-118.25 (23.1%); 34.00,-118.50 (22.6%); 34.25,-118.25 (10.1%); 33.75,-118.25 (6.4%); 34.25,-118.75 (2.4%)"
2026-07-07,,,,,,90.34,83.68,96.94,,,450,0,"34.25,-118.50 (35.4%); 34.00,-118.25 (23.1%); 34.00,-118.50 (22.6%); 34.25,-118.25 (10.1%); 33.75,-118.25 (6.4%); 34.25,-118.75 (2.4%)"
2026-07-08,,,,,,90.42,83.78,96.93,,,450,0,"34.25,-118.50 (35.4%); 34.00,-118.25 (23.1%); 34.00,-118.50 (22.6%); 34.25,-118.25 (10.1%); 33.75,-118.25 (6.4%); 34.25,-118.75 (2.4%)"
2026-07-09,,,,,,90.43,83.6,96.93,,,450,0,"34.25,-118.50 (35.4%); 34.00,-118.25 (23.1%); 34.00,-118.50 (22.6%); 34.25,-118.25 (10.1%); 33.75,-118.25 (6.4%); 34.25,-118.75 (2.4%)"
2026-07-10,,,,,,90.49,83.6,96.94,,,450,0,"34.25,-118.50 (35.4%); 34.00,-118.25 (23.1%); 34.00,-118.50 (22.6%); 34.25,-118.25 (10.1%); 33.75,-118.25 (6.4%); 34.25,-118.75 (2.4%)"
2026-07-11,,,,,,90.7,84.04,97.01,,,450,0,"34.25,-118.50 (35.4%); 34.00,-118.25 (23.1%); 34.00,-118.50 (22.6%); 34.25,-118.25 (10.1%); 33.75,-118.25 (6.4%); 34.25,-118.75 (2.4%)"
2026-07-12,,,,,,90.87,84.24,97.31,,,450,0,"34.25,-118.50 (35.4%); 34.00,-118.25 (23.1%); 34.00,-118.50 (22.6%); 34.25,-118.25 (10.1%); 33.75,-118.25 (6.4%); 34.25,-118.75 (2.4%)"
2026-07-13,,,,,,90.92,84.3,97.49,,,450,0,"34.25,-118.50 (35.4%); 34.00,-118.25 (23.1%); 34.00,-118.50 (22.6%); 34.25,-118.25 (10.1%); 33.75,-118.25 (6.4%); 34.25,-118.75 (2.4%)"
2026-07-14,,,,,,90.91,84.44,97.51,,,450,0,"34.25,-118.50 (35.4%); 34.00,-118.25 (23.1%); 34.00,-118.50 (22.6%); 34.25,-118.25 (10.1%); 33.75,-118.25 (6.4%); 34.25,-118.75 (2.4%)"
2026-07-15,,,,,,90.96,84.49,97.55,,,450,0,"34.25,-118.50 (35.4%); 34.00,-118.25 (23.1%); 34.00,-118.50 (22.6%); 34.25,-118.25 (10.1%); 33.75,-118.25 (6.4%); 34.25,-118.75 (2.4%)"
2026-07-16,,,,,,91.08,84.61,97.7,,,450,0,"34.25,-118.50 (35.4%); 34.00,-118.25 (23.1%); 34.00,-118.50 (22.6%); 34.25,-118.25 (10.1%); 33.75,-118.25 (6.4%); 34.25,-118.75 (2.4%)"
2026-07-17,,,,,,91.18,84.65,97.91,,,450,0,"34.25,-118.50 (35.4%); 34.00,-118.25 (23.1%); 34.00,-118.50 (22.6%); 34.25,-118.25 (10.1%); 33.75,-118.25 (6.4%); 34.25,-118.75 (2.4%)"
2026-07-18,,,,,,91.31,84.92,98.52,,,450,0,"34.25,-118.50 (35.4%); 34.00,-118.25 (23.1%); 34.00,-118.50 (22.6%); 34.25,-118.25 (10.1%); 33.75,-118.25 (6.4%); 34.25,-118.75 (2.4%)"
2026-07-19,,,,,,91.46,85.02,98.93,,,450,0,"34.25,-118.50 (35.4%); 34.00,-118.25 (23.1%); 34.00,-118.50 (22.6%); 34.25,-118.25 (10.1%); 33.75,-118.25 (6.4%); 34.25,-118.75 (2.4%)"
2026-07-20,,,,,,91.54,85.18,99.1,,,450,0,"34.25,-118.50 (35.4%); 34.00,-118.25 (23.1%); 34.00,-118.50 (22.6%); 34.25,-118.25 (10.1%); 33.75,-118.25 (6.4%); 34.25,-118.75 (2.4%)"
2026-07-21,,,,,,91.54,85.18,99.1,,,450,0,"34.25,-118.50 (35.4%); 34.00,-118.25 (23.1%); 34.00,-118.50 (22.6%); 34.25,-118.25 (10.1%); 33.75,-118.25 (6.4%); 34.25,-118.75 (2.4%)"
2026-07-22,,,,,,91.53,85.18,99.11,,,450,0,"34.25,-118.50 (35.4%); 34.00,-118.25 (23.1%); 34.00,-118.50 (22.6%); 34.25,-118.25 (10.1%); 33.75,-118.25 (6.4%); 34.25,-118.75 (2.4%)"
2026-07-23,,,,,,91.58,85.22,99.1,,,450,0,"34.25,-118.50 (35.4%); 34.00,-118.25 (23.1%); 34.00,-118.50 (22.6%); 34.25,-118.25 (10.1%); 33.75,-118.25 (6.4%); 34.25,-118.75 (2.4%)"
2026-07-24,,,,,,91.65,85.25,99.09,,,450,0,"34.25,-118.50 (35.4%); 34.00,-118.25 (23.1%); 34.00,-118.50 (22.6%); 34.25,-118.25 (10.1%); 33.75,-118.25 (6.4%); 34.25,-118.75 (2.4%)"
2026-07-25,,,,,,91.76,85.38,99.1,,,450,0,"34.25,-118.50 (35.4%); 34.00,-118.25 (23.1%); 34.00,-118.50 (22.6%); 34.25,-118.25 (10.1%); 33.75,-118.25 (6.4%); 34.25,-118.75 (2.4%)"
2026-07-26,,,,,,91.84,85.39,99.09,,,450,0,"34.25,-118.50 (35.4%); 34.00,-118.25 (23.1%); 34.00,-118.50 (22.6%); 34.25,-118.25 (10.1%); 33.75,-118.25 (6.4%); 34.25,-118.75 (2.4%)"
2026-07-27,,,,,,91.89,85.71,99.09,,,450,0,"34.25,-118.50 (35.4%); 34.00,-118.25 (23.1%); 34.00,-118.50 (22.6%); 34.25,-118.25 (10.1%); 33.75,-118.25 (6.4%); 34.25,-118.75 (2.4%)"
2026-07-28,,,,,,91.99,85.74,99.04,,,450,0,"34.25,-118.50 (35.4%); 34.00,-118.25 (23.1%); 34.00,-118.50 (22.6%); 34.25,-118.25 (10.1%); 33.75,-118.25 (6.4%); 34.25,-118.75 (2.4%)"
2026-07-29,,,,,,92.08,85.81,98.93,,,450,0,"34.25,-118.50 (35.4%); 34.00,-118.25 (23.1%); 34.00,-118.50 (22.6%); 34.25,-118.25 (10.1%); 33.75,-118.25 (6.4%); 34.25,-118.75 (2.4%)"
2026-07-30,,,,,,92.07,85.74,98.93,,,450,0,"34.25,-118.50 (35.4%); 34.00,-118.25 (23.1%); 34.00,-118.50 (22.6%); 34.25,-118.25 (10.1%); 33.75,-118.25 (6.4%); 34.25,-118.75 (2.4%)"
2026-07-31,,,,,,92.02,85.71,98.89,,,450,0,"34.25,-118.50 (35.4%); 34.00,-118.25 (23.1%); 34.00,-118.50 (22.6%); 34.25,-118.25 (10.1%); 33.75,-118.25 (6.4%); 34.25,-118.75 (2.4%)"
2026-08-01,,,,,,92.03,85.74,98.82,,,450,0,"34.25,-118.50 (35.4%); 34.00,-118.25 (23.1%); 34.00,-118.50 (22.6%); 34.25,-118.25 (10.1%); 33.75,-118.25 (6.4%); 34.25,-118.75 (2.4%)"
2026-08-02,,,,,,92.08,85.59,98.89,,,450,0,"34.25,-118.50 (35.4%); 34.00,-118.25 (23.1%); 34.00,-118.50 (22.6%); 34.25,-118.25 (10.1%); 33.75,-118.25 (6.4%); 34.25,-118.75 (2.4%)"
2026-08-03,,,,,,92.06,85.34,99.01,,,450,0,"34.25,-118.50 (35.4%); 34.00,-118.25 (23.1%); 34.00,-118.50 (22.6%); 34.25,-118.25 (10.1%); 33.75,-118.25 (6.4%); 34.25,-118.75 (2.4%)"
2026-08-04,,,,,,92.13,85.45,99.01,,,450,0,"34.25,-118.50 (35.4%); 34.00,-118.25 (23.1%); 34.00,-118.50 (22.6%); 34.25,-118.25 (10.1%); 33.75,-118.25 (6.4%); 34.25,-118.75 (2.4%)"
2026-08-05,,,,,,92.28,85.65,99.49,,,450,0,"34.25,-118.50 (35.4%); 34.00,-118.25 (23.1%); 34.00,-118.50 (22.6%); 34.25,-118.25 (10.1%); 33.75,-118.25 (6.4%); 34.25,-118.75 (2.4%)"
2026-08-06,,,,,,92.51,85.82,99.95,,,450,0,"34.25,-118.50 (35.4%); 34.00,-118.25 (23.1%); 34.00,-118.50 (22.6%); 34.25,-118.25 (10.1%); 33.75,-118.25 (6.4%); 34.25,-118.75 (2.4%)"
2026-08-07,,,,,,92.67,85.82,100.38,,,450,0,"34.25,-118.50 (35.4%); 34.00,-118.25 (23.1%); 34.00,-118.50 (22.6%); 34.25,-118.25 (10.1%); 33.75,-118.25 (6.4%); 34.25,-118.75 (2.4%)"
2026-08-08,,,,,,92.8,85.86,100.97,,,450,0,"34.25,-118.50 (35.4%); 34.00,-118.25 (23.1%); 34.00,-118.50 (22.6%); 34.25,-118.25 (10.1%); 33.75,-118.25 (6.4%); 34.25,-118.75 (2.4%)"
2026-08-09,,,,,,92.87,85.72,101.12,,,450,0,"34.25,-118.50 (35.4%); 34.00,-118.25 (23.1%); 34.00,-118.50 (22.6%); 34.25,-118.25 (10.1%); 33.75,-118.25 (6.4%); 34.25,-118.75 (2.4%)"
2026-08-10,,,,,,92.9,85.78,101.22,,,450,0,"34.25,-118.50 (35.4%); 34.00,-118.25 (23.1%); 34.00,-118.50 (22.6%); 34.25,-118.25 (10.1%); 33.75,-118.25 (6.4%); 34.25,-118.75 (2.4%)"
2026-08-11,,,,,,92.94,85.78,101.25,,,450,0,"34.25,-118.50 (35.4%); 34.00,-118.25 (23.1%); 34.00,-118.50 (22.6%); 34.25,-118.25 (10.1%); 33.75,-118.25 (6.4%); 34.25,-118.75 (2.4%)"
2026-08-12,,,,,,92.9,85.78,101.25,,,450,0,"34.25,-118.50 (35.4%); 34.00,-118.25 (23.1%); 34.00,-118.50 (22.6%); 34.25,-118.25 (10.1%); 33.75,-118.25 (6.4%); 34.25,-118.75 (2.4%)"
2026-08-13,,,,,,92.9,85.96,101.25,,,450,0,"34.25,-118.50 (35.4%); 34.00,-118.25 (23.1%); 34.00,-118.50 (22.6%); 34.25,-118.25 (10.1%); 33.75,-118.25 (6.4%); 34.25,-118.75 (2.4%)"
2026-08-14,,,,,,92.94,86.23,101.19,,,450,0,"34.25,-118.50 (35.4%); 34.00,-118.25 (23.1%); 34.00,-118.50 (22.6%); 34.25,-118.25 (10.1%); 33.75,-118.25 (6.4%); 34.25,-118.75 (2.4%)"
2026-08-15,,,,,,93.04,86.38,101.22,,,450,0,"34.25,-118.50 (35.4%); 34.00,-118.25 (23.1%); 34.00,-118.50 (22.6%); 34.25,-118.25 (10.1%); 33.75,-118.25 (6.4%); 34.25,-118.75 (2.4%)"
2026-08-16,,,,,,93.11,86.44,101.25,,,450,0,"34.25,-118.50 (35.4%); 34.00,-118.25 (23.1%); 34.00,-118.50 (22.6%); 34.25,-118.25 (10.1%); 33.75,-118.25 (6.4%); 34.25,-118.75 (2.4%)"
2026-08-17,,,,,,93.15,86.61,101.25,,,450,0,"34.25,-118.50 (35.4%); 34.00,-118.25 (23.1%); 34.00,-118.50 (22.6%); 34.25,-118.25 (10.1%); 33.75,-118.25 (6.4%); 34.25,-118.75 (2.4%)"
2026-08-18,,,,,,93.27,86.82,101.22,,,450,0,"34.25,-118.50 (35.4%); 34.00,-118.25 (23.1%); 34.00,-118.50 (22.6%); 34.25,-118.25 (10.1%); 33.75,-118.25 (6.4%); 34.25,-118.75 (2.4%)"
2026-08-19,,,,,,93.38,86.86,101.12,,,450,0,"34.25,-118.50 (35.4%); 34.00,-118.25 (23.1%); 34.00,-118.50 (22.6%); 34.25,-118.25 (10.1%); 33.75,-118.25 (6.4%); 34.25,-118.75 (2.4%)"
2026-08-20,,,,,,93.49,86.86,100.98,,,450,0,"34.25,-118.50 (35.4%); 34.00,-118.25 (23.1%); 34.00,-118.50 (22.6%); 34.25,-118.25 (10.1%); 33.75,-118.25 (6.4%); 34.25,-118.75 (2.4%)"
2026-08-21,,,,,,93.53,86.86,100.98,,,450,0,"34.25,-118.50 (35.4%); 34.00,-118.25 (23.1%); 34.00,-118.50 (22.6%); 34.25,-118.25 (10.1%); 33.75,-118.25 (6.4%); 34.25,-118.75 (2.4%)"
2026-08-22,,,,,,93.65,87.08,101.12,,,450,0,"34.25,-118.50 (35.4%); 34.00,-118.25 (23.1%); 34.00,-118.50 (22.6%); 34.25,-118.25 (10.1%); 33.75,-118.25 (6.4%); 34.25,-118.75 (2.4%)"
2026-08-23,,,,,,93.71,87.12,101.14,,,450,0,"34.25,-118.50 (35.4%); 34.00,-118.25 (23.1%); 34.00,-118.50 (22.6%); 34.25,-118.25 (10.1%); 33.75,-118.25 (6.4%); 34.25,-118.75 (2.4%)"
2026-08-24,,,,,,93.76,87.12,101.14,,,450,0,"34.25,-118.50 (35.4%); 34.00,-118.25 (23.1%); 34.00,-118.50 (22.6%); 34.25,-118.25 (10.1%); 33.75,-118.25 (6.4%); 34.25,-118.75 (2.4%)"
2026-08-25,,,,,,93.85,87.19,101.33,,,450,0,"34.25,-118.50 (35.4%); 34.00,-118.25 (23.1%); 34.00,-118.50 (22.6%); 34.25,-118.25 (10.1%); 33.75,-118.25 (6.4%); 34.25,-118.75 (2.4%)"
2026-08-26,,,,,,94.0,87.19,102.23,,,450,0,"34.25,-118.50 (35.4%); 34.00,-118.25 (23.1%); 34.00,-118.50 (22.6%); 34.25,-118.25 (10.1%); 33.75,-118.25 (6.4%); 34.25,-118.75 (2.4%)"
2026-08-27,,,,,,94.21,87.19,102.66,,,450,0,"34.25,-118.50 (35.4%); 34.00,-118.25 (23.1%); 34.00,-118.50 (22.6%); 34.25,-118.25 (10.1%); 33.75,-118.25 (6.4%); 34.25,-118.75 (2.4%)"
2026-08-28,,,,,,94.37,87.04,102.8,,,450,0,"34.25,-118.50 (35.4%); 34.00,-118.25 (23.1%); 34.00,-118.50 (22.6%); 34.25,-118.25 (10.1%); 33.75,-118.25 (6.4%); 34.25,-118.75 (2.4%)"
2026-08-29,,,,,,94.6,87.32,103.3,,,450,0,"34.25,-118.50 (35.4%); 34.00,-118.25 (23.1%); 34.00,-118.50 (22.6%); 34.25,-118.25 (10.1%); 33.75,-118.25 (6.4%); 34.25,-118.75 (2.4%)"
2026-08-30,,,,,,94.73,87.32,103.35,,,450,0,"34.25,-118.50 (35.4%); 34.00,-118.25 (23.1%); 34.00,-118.50 (22.6%); 34.25,-118.25 (10.1%); 33.75,-118.25 (6.4%); 34.25,-118.75 (2.4%)"
2026-08-31,,,,,,94.77,87.31,103.41,,,450,0,"34.25,-118.50 (35.4%); 34.00,-118.25 (23.1%); 34.00,-118.50 (22.6%); 34.25,-118.25 (10.1%); 33.75,-118.25 (6.4%); 34.25,-118.75 (2.4%)"
2026-09-01,,,,,,94.66,87.0,103.41,,,450,0,"34.25,-118.50 (35.4%); 34.00,-118.25 (23.1%); 34.00,-118.50 (22.6%); 34.25,-118.25 (10.1%); 33.75,-118.25 (6.4%); 34.25,-118.75 (2.4%)"
2026-09-02,,,,,,94.43,86.42,103.41,,,450,0,"34.25,-118.50 (35.4%); 34.00,-118.25 (23.1%); 34.00,-118.50 (22.6%); 34.25,-118.25 (10.1%); 33.75,-118.25 (6.4%); 34.25,-118.75 (2.4%)"
2026-09-03,,,,,,94.19,86.08,103.35,,,450,0,"34.25,-118.50 (35.4%); 34.00,-118.25 (23.1%); 34.00,-118.50 (22.6%); 34.25,-118.25 (10.1%); 33.75,-118.25 (6.4%); 34.25,-118.75 (2.4%)"
2026-09-04,,,,,,93.91,85.76,103.11,,,450,0,"34.25,-118.50 (35.4%); 34.00,-118.25 (23.1%); 34.00,-118.50 (22.6%); 34.25,-118.25 (10.1%); 33.75,-118.25 (6.4%); 34.25,-118.75 (2.4%)"
2026-09-05,,,,,,93.62,85.3,102.97,,,450,0,"34.25,-118.50 (35.4%); 34.00,-118.25 (23.1%); 34.00,-118.50 (22.6%); 34.25,-118.25 (10.1%); 33.75,-118.25 (6.4%); 34.25,-118.75 (2.4%)"
2026-09-06,,,,,,93.25,85.01,102.21,,,450,0,"34.25,-118.50 (35.4%); 34.00,-118.25 (23.1%); 34.00,-118.50 (22.6%); 34.25,-118.25 (10.1%); 33.75,-118.25 (6.4%); 34.25,-118.75 (2.4%)"
2026-09-07,,,,,,93.03,84.88,101.61,,,450,0,"34.25,-118.50 (35.4%); 34.00,-118.25 (23.1%); 34.00,-118.50 (22.6%); 34.25,-118.25 (10.1%); 33.75,-118.25 (6.4%); 34.25,-118.75 (2.4%)"
2026-09-08,,,,,,92.81,84.75,101.31,,,450,0,"34.25,-118.50 (35.4%); 34.00,-118.25 (23.1%); 34.00,-118.50 (22.6%); 34.25,-118.25 (10.1%); 33.75,-118.25 (6.4%); 34.25,-118.75 (2.4%)"
2026-09-09,,,,,,92.56,84.41,101.03,,,450,0,"34.25,-118.50 (35.4%); 34.00,-118.25 (23.1%); 34.00,-118.50 (22.6%); 34.25,-118.25 (10.1%); 33.75,-118.25 (6.4%); 34.25,-118.75 (2.4%)"
2026-09-10,,,,,,92.23,84.3,100.55,,,450,0,"34.25,-118.50 (35.4%); 34.00,-118.25 (23.1%); 34.00,-118.50 (22.6%); 34.25,-118.25 (10.1%); 33.75,-118.25 (6.4%); 34.25,-118.75 (2.4%)"
2026-09-11,,,,,,91.94,84.41,100.18,,,450,0,"34.25,-118.50 (35.4%); 34.00,-118.25 (23.1%); 34.00,-118.50 (22.6%); 34.25,-118.25 (10.1%); 33.75,-118.25 (6.4%); 34.25,-118.75 (2.4%)"
2026-09-12,,,,,,91.63,84.01,99.56,,,450,0,"34.25,-118.50 (35.4%); 34.00,-118.25 (23.1%); 34.00,-118.50 (22.6%); 34.25,-118.25 (10.1%); 33.75,-118.25 (6.4%); 34.25,-118.75 (2.4%)"
2026-09-13,,,,,,91.2,83.85,99.13,,,450,0,"34.25,-118.50 (35.4%); 34.00,-118.25 (23.1%); 34.00,-118.50 (22.6%); 34.25,-118.25 (10.1%); 33.75,-118.25 (6.4%); 34.25,-118.75 (2.4%)"
2026-09-14,,,,,,90.85,83.58,98.73,,,450,0,"34.25,-118.50 (35.4%); 34.00,-118.25 (23.1%); 34.00,-118.50 (22.6%); 34.25,-118.25 (10.1%); 33.75,-118.25 (6.4%); 34.25,-118.75 (2.4%)"
2026-09-15,,,,,,90.59,83.4,98.68,,,450,0,"34.25,-118.50 (35.4%); 34.00,-118.25 (23.1%); 34.00,-118.50 (22.6%); 34.25,-118.25 (10.1%); 33.75,-118.25 (6.4%); 34.25,-118.75 (2.4%)"
2026-09-16,,,,,,90.57,83.22,98.73,,,450,0,"34.25,-118.50 (35.4%); 34.00,-118.25 (23.1%); 34.00,-118.50 (22.6%); 34.25,-118.25 (10.1%); 33.75,-118.25 (6.4%); 34.25,-118.75 (2.4%)"
2026-09-17,,,,,,90.7,83.28,98.81,,,450,0,"34.25,-118.50 (35.4%); 34.00,-118.25 (23.1%); 34.00,-118.50 (22.6%); 34.25,-118.25 (10.1%); 33.75,-118.25 (6.4%); 34.25,-118.75 (2.4%)"
2026-09-18,,,,,,90.73,83.28,98.99,,,450,0,"34.25,-118.50 (35.4%); 34.00,-118.25 (23.1%); 34.00,-118.50 (22.6%); 34.25,-118.25 (10.1%); 33.75,-118.25 (6.4%); 34.25,-118.75 (2.4%)"
2026-09-19,,,,,,90.74,83.22,99.68,,,450,0,"34.25,-118.50 (35.4%); 34.00,-118.25 (23.1%); 34.00,-118.50 (22.6%); 34.25,-118.25 (10.1%); 33.75,-118.25 (6.4%); 34.25,-118.75 (2.4%)"
2026-09-20,,,,,,90.81,83.13,99.62,,,450,0,"34.25,-118.50 (35.4%); 34.00,-118.25 (23.1%); 34.00,-118.50 (22.6%); 34.25,-118.25 (10.1%); 33.75,-118.25 (6.4%); 34.25,-118.75 (2.4%)"
2026-09-21,,,,,,90.87,82.71,99.75,,,450,0,"34.25,-118.50 (35.4%); 34.00,-118.25 (23.1%); 34.00,-118.50 (22.6%); 34.25,-118.25 (10.1%); 33.75,-118.25 (6.4%); 34.25,-118.75 (2.4%)"
2026-09-22,,,,,,90.89,82.21,99.75,,,450,0,"34.25,-118.50 (35.4%); 34.00,-118.25 (23.1%); 34.00,-118.50 (22.6%); 34.25,-118.25 (10.1%); 33.75,-118.25 (6.4%); 34.25,-118.75 (2.4%)"
2026-09-23,,,,,,91.0,82.03,100.12,,,450,0,"34.25,-118.50 (35.4%); 34.00,-118.25 (23.1%); 34.00,-118.50 (22.6%); 34.25,-118.25 (10.1%); 33.75,-118.25 (6.4%); 34.25,-118.75 (2.4%)"
2026-09-24,,,,,,91.03,81.81,100.27,,,450,0,"34.25,-118.50 (35.4%); 34.00,-118.25 (23.1%); 34.00,-118.50 (22.6%); 34.25,-118.25 (10.1%); 33.75,-118.25 (6.4%); 34.25,-118.75 (2.4%)"
