date,utci_max_f,utci_max_c,stress_level,stress_category,stress_range_f,normal_f,p10_f,p90_f,anomaly_f,abnormally_high,n_baseline_values,valid,cells_used
2016-01-01,1.55,-16.92,-3.0,Strong cold stress,-16.6 to 8.6 F,26.92,4.33,46.02,-25.37,0,450,1,"42.25,-83.75 (100.0%)"
2016-01-02,30.37,-0.91,-2.0,Moderate cold stress,8.6 to 32.0 F,27.11,4.85,45.6,3.26,0,450,1,"42.25,-83.75 (100.0%)"
2016-01-03,12.6,-10.78,-2.0,Moderate cold stress,8.6 to 32.0 F,26.88,3.47,45.03,-14.28,0,450,1,"42.25,-83.75 (100.0%)"
2016-01-04,14.75,-9.59,-2.0,Moderate cold stress,8.6 to 32.0 F,26.74,3.21,45.08,-11.99,0,450,1,"42.25,-83.75 (100.0%)"
2016-01-05,29.99,-1.12,-2.0,Moderate cold stress,8.6 to 32.0 F,26.84,2.78,45.74,3.15,0,450,1,"42.25,-83.75 (100.0%)"
2016-01-06,38.92,3.84,-1.0,Slight cold stress,32.0 to 48.2 F,26.53,2.78,45.43,12.39,0,450,1,"42.25,-83.75 (100.0%)"
2016-01-07,54.16,12.31,0.0,No thermal stress,48.2 to 78.8 F,26.69,2.74,45.49,27.47,1,450,1,"42.25,-83.75 (100.0%)"
2016-01-08,31.8,-0.11,-2.0,Moderate cold stress,8.6 to 32.0 F,26.84,3.32,46.02,4.96,0,450,1,"42.25,-83.75 (100.0%)"
2016-01-09,44.84,7.13,-1.0,Slight cold stress,32.0 to 48.2 F,26.67,2.77,45.49,18.17,0,450,1,"42.25,-83.75 (100.0%)"
2016-01-10,35.48,1.93,-1.0,Slight cold stress,32.0 to 48.2 F,26.49,2.42,45.43,8.99,0,450,1,"42.25,-83.75 (100.0%)"
2016-01-11,12.08,-11.07,-2.0,Moderate cold stress,8.6 to 32.0 F,26.19,2.42,45.49,-14.11,0,450,1,"42.25,-83.75 (100.0%)"
2016-01-12,-4.84,-20.47,-3.0,Strong cold stress,-16.6 to 8.6 F,25.98,2.12,45.61,-30.82,0,450,1,"42.25,-83.75 (100.0%)"
2016-01-13,11.96,-11.13,-2.0,Moderate cold stress,8.6 to 32.0 F,26.19,3.16,45.61,-14.23,0,450,1,"42.25,-83.75 (100.0%)"
2016-01-14,50.73,10.41,0.0,No thermal stress,48.2 to 78.8 F,26.32,3.32,45.79,24.41,1,450,1,"42.25,-83.75 (100.0%)"
2016-01-15,47.2,8.45,-1.0,Slight cold stress,32.0 to 48.2 F,26.46,3.93,46.21,20.74,1,450,1,"42.25,-83.75 (100.0%)"
2016-01-16,9.41,-12.55,-2.0,Moderate cold stress,8.6 to 32.0 F,26.35,3.93,45.79,-16.94,0,450,1,"42.25,-83.75 (100.0%)"
2016-01-17,-0.26,-17.92,-3.0,Strong cold stress,-16.6 to 8.6 F,26.09,3.93,45.79,-26.35,0,450,1,"42.25,-83.75 (100.0%)"
2016-01-18,-3.36,-19.65,-3.0,Strong cold stress,-16.6 to 8.6 F,26.0,4.11,45.61,-29.36,0,450,1,"42.25,-83.75 (100.0%)"
2016-01-19,24.75,-4.03,-2.0,Moderate cold stress,8.6 to 32.0 F,25.83,4.11,45.54,-1.08,0,450,1,"42.25,-83.75 (100.0%)"
2016-01-20,35.85,2.14,-1.0,Slight cold stress,32.0 to 48.2 F,25.59,4.13,45.49,10.26,0,450,1,"42.25,-83.75 (100.0%)"
2016-01-21,27.46,-2.52,-2.0,Moderate cold stress,8.6 to 32.0 F,25.63,4.13,45.79,1.83,0,450,1,"42.25,-83.75 (100.0%)"
2016-01-22,19.21,-7.11,-2.0,Moderate cold stress,8.6 to 32.0 F,25.58,4.13,45.88,-6.37,0,450,1,"42.25,-83.75 (100.0%)"
2016-01-23,35.8,2.11,-1.0,Slight cold stress,32.0 to 48.2 F,25.66,4.02,45.84,10.14,0,450,1,"42.25,-83.75 (100.0%)"
2016-01-24,28.61,-1.88,-2.0,Moderate cold stress,8.6 to 32.0 F,25.82,4.19,45.88,2.79,0,450,1,"42.25,-83.75 (100.0%)"
2016-01-25,35.31,1.84,-1.0,Slight cold stress,32.0 to 48.2 F,26.53,5.45,46.51,8.78,0,450,1,"42.25,-83.75 (100.0%)"
2016-01-26,17.55,-8.03,-2.0,Moderate cold stress,8.6 to 32.0 F,27.11,5.57,47.18,-9.56,0,450,1,"42.25,-83.75 (100.0%)"
2016-01-27,25.85,-3.42,-2.0,Moderate cold stress,8.6 to 32.0 F,27.85,5.6,48.62,-2.0,0,450,1,"42.25,-83.75 (100.0%)"
2016-01-28,17.23,-8.2,-2.0,Moderate cold stress,8.6 to 32.0 F,27.83,6.03,49.09,-10.6,0,450,1,"42.25,-83.75 (100.0%)"
2016-01-29,33.88,1.04,-1.0,Slight cold stress,32.0 to 48.2 F,27.91,5.98,49.47,5.97,0,450,1,"42.25,-83.75 (100.0%)"
2016-01-30,48.98,9.43,0.0,No thermal stress,48.2 to 78.8 F,28.43,6.67,49.63,20.55,0,450,1,"42.25,-83.75 (100.0%)"
2016-01-31,42.42,5.79,-1.0,Slight cold stress,32.0 to 48.2 F,28.83,7.0,49.95,13.59,0,450,1,"42.25,-83.75 (100.0%)"
2016-02-01,48.02,8.9,-1.0,Slight cold stress,32.0 to 48.2 F,29.42,7.05,50.83,18.6,0,450,1,"42.25,-83.75 (100.0%)"
2016-02-02,24.67,-4.07,-2.0,Moderate cold stress,8.6 to 32.0 F,30.09,7.42,51.44,-5.42,0,450,1,"42.25,-83.75 (100.0%)"
2016-02-03,43.54,6.41,-1.0,Slight cold stress,32.0 to 48.2 F,30.27,7.52,52.34,13.27,0,450,1,"42.25,-83.75 (100.0%)"
2016-02-04,24.46,-4.19,-2.0,Moderate cold stress,8.6 to 32.0 F,30.17,7.25,51.84,-5.71,0,450,1,"42.25,-83.75 (100.0%)"
2016-02-05,43.92,6.62,-1.0,Slight cold stress,32.0 to 48.2 F,30.06,7.0,50.72,13.86,0,450,1,"42.25,-83.75 (100.0%)"
2016-02-06,34.49,1.38,-1.0,Slight cold stress,32.0 to 48.2 F,29.92,7.25,51.44,4.57,0,450,1,"42.25,-83.75 (100.0%)"
2016-02-07,37.76,3.2,-1.0,Slight cold stress,32.0 to 48.2 F,30.29,7.96,51.44,7.47,0,450,1,"42.25,-83.75 (100.0%)"
2016-02-08,45.82,7.68,-1.0,Slight cold stress,32.0 to 48.2 F,30.68,8.06,52.26,15.14,0,450,1,"42.25,-83.75 (100.0%)"
2016-02-09,16.06,-8.86,-2.0,Moderate cold stress,8.6 to 32.0 F,30.85,8.23,52.42,-14.79,0,450,1,"42.25,-83.75 (100.0%)"
2016-02-10,4.59,-15.23,-3.0,Strong cold stress,-16.6 to 8.6 F,30.89,8.32,52.59,-26.3,0,450,1,"42.25,-83.75 (100.0%)"
2016-02-11,17.38,-8.12,-2.0,Moderate cold stress,8.6 to 32.0 F,30.85,9.29,52.26,-13.47,0,450,1,"42.25,-83.75 (100.0%)"
2016-02-12,3.66,-15.74,-3.0,Strong cold stress,-16.6 to 8.6 F,31.35,9.24,52.5,-27.69,0,450,1,"42.25,-83.75 (100.0%)"
2016-02-13,8.32,-13.16,-3.0,Strong cold stress,-16.6 to 8.6 F,31.86,10.33,52.29,-23.54,0,450,1,"42.25,-83.75 (100.0%)"
2016-02-14,23.7,-4.61,-2.0,Moderate cold stress,8.6 to 32.0 F,32.12,10.45,52.59,-8.42,0,450,1,"42.25,-83.75 (100.0%)"
2016-02-15,34.39,1.33,-1.0,Slight cold stress,32.0 to 48.2 F,32.48,10.45,52.65,1.91,0,450,1,"42.25,-83.75 (100.0%)"
2016-02-16,33.53,0.85,-1.0,Slight cold stress,32.0 to 48.2 F,32.96,10.86,52.59,0.57,0,450,1,"42.25,-83.75 (100.0%)"
2016-02-17,30.73,-0.71,-2.0,Moderate cold stress,8.6 to 32.0 F,33.18,10.41,52.65,-2.45,0,450,1,"42.25,-83.75 (100.0%)"
2016-02-18,31.08,-0.51,-2.0,Moderate cold stress,8.6 to 32.0 F,33.6,10.48,53.18,-2.52,0,450,1,"42.25,-83.75 (100.0%)"
2016-02-19,49.5,9.72,0.0,No thermal stress,48.2 to 78.8 F,34.15,10.91,53.18,15.35,0,450,1,"42.25,-83.75 (100.0%)"
2016-02-20,46.94,8.3,-1.0,Slight cold stress,32.0 to 48.2 F,34.81,11.63,53.82,12.13,0,450,1,"42.25,-83.75 (100.0%)"
2016-02-21,46.96,8.31,-1.0,Slight cold stress,32.0 to 48.2 F,35.84,13.51,54.87,11.12,0,458,1,"42.25,-83.75 (100.0%)"
2016-02-22,40.85,4.91,-1.0,Slight cold stress,32.0 to 48.2 F,36.11,13.51,55.25,4.74,0,458,1,"42.25,-83.75 (100.0%)"
2016-02-23,43.05,6.14,-1.0,Slight cold stress,32.0 to 48.2 F,36.51,15.03,55.43,6.54,0,458,1,"42.25,-83.75 (100.0%)"
2016-02-24,8.77,-12.9,-2.0,Moderate cold stress,8.6 to 32.0 F,36.64,13.9,56.02,-27.87,0,458,1,"42.25,-83.75 (100.0%)"
2016-02-25,17.32,-8.16,-2.0,Moderate cold stress,8.6 to 32.0 F,37.26,14.48,56.52,-19.94,0,458,1,"42.25,-83.75 (100.0%)"
2016-02-26,45.6,7.55,-1.0,Slight cold stress,32.0 to 48.2 F,37.81,15.03,57.49,7.79,0,458,1,"42.25,-83.75 (100.0%)"
2016-02-27,35.95,2.19,-1.0,Slight cold stress,32.0 to 48.2 F,38.16,16.07,57.58,-2.21,0,458,1,"42.25,-83.75 (100.0%)"
2016-02-28,51.47,10.82,0.0,No thermal stress,48.2 to 78.8 F,38.88,16.44,58.91,12.59,0,458,1,"42.25,-83.75 (100.0%)"
2016-02-29,28.4,-2.0,-2.0,Moderate cold stress,8.6 to 32.0 F,38.88,16.44,58.91,-10.48,0,458,1,"42.25,-83.75 (100.0%)"
2016-03-01,20.18,-6.56,-2.0,Moderate cold stress,8.6 to 32.0 F,39.1,16.58,60.18,-18.92,0,458,1,"42.25,-83.75 (100.0%)"
2016-03-02,29.62,-1.32,-2.0,Moderate cold stress,8.6 to 32.0 F,39.28,16.58,60.34,-9.66,0,458,1,"42.25,-83.75 (100.0%)"
2016-03-03,43.66,6.48,-1.0,Slight cold stress,32.0 to 48.2 F,39.32,16.07,60.16,4.34,0,458,1,"42.25,-83.75 (100.0%)"
2016-03-04,59.67,15.37,0.0,No thermal stress,48.2 to 78.8 F,39.98,16.69,60.41,19.69,0,458,1,"42.25,-83.75 (100.0%)"
2016-03-05,50.03,10.01,0.0,No thermal stress,48.2 to 78.8 F,40.67,17.28,60.57,9.36,0,458,1,"42.25,-83.75 (100.0%)"
2016-03-06,44.92,7.18,-1.0,Slight cold stress,32.0 to 48.2 F,41.01,16.87,60.82,3.91,0,458,1,"42.25,-83.75 (100.0%)"
2016-03-07,61.95,16.64,0.0,No thermal stress,48.2 to 78.8 F,41.43,17.28,62.03,20.52,0,458,1,"42.25,-83.75 (100.0%)"
2016-03-08,66.44,19.13,0.0,No thermal stress,48.2 to 78.8 F,41.78,17.38,62.83,24.66,1,450,1,"42.25,-83.75 (100.0%)"
2016-03-09,58.95,14.97,0.0,No thermal stress,48.2 to 78.8 F,42.21,16.94,64.44,16.74,0,450,1,"42.25,-83.75 (100.0%)"
2016-03-10,55.58,13.1,0.0,No thermal stress,48.2 to 78.8 F,42.91,17.57,64.44,12.67,0,450,1,"42.25,-83.75 (100.0%)"
2016-03-11,67.82,19.9,0.0,No thermal stress,48.2 to 78.8 F,43.59,18.77,64.54,24.23,1,450,1,"42.25,-83.75 (100.0%)"
2016-03-12,74.4,23.55,0.0,No thermal stress,48.2 to 78.8 F,43.94,19.98,64.54,30.46,1,450,1,"42.25,-83.75 (100.0%)"
2016-03-13,42.27,5.71,-1.0,Slight cold stress,32.0 to 48.2 F,44.27,19.98,64.66,-2.0,0,450,1,"42.25,-83.75 (100.0%)"
2016-03-14,63.04,17.24,0.0,No thermal stress,48.2 to 78.8 F,44.57,21.17,65.49,18.47,0,450,1,"42.25,-83.75 (100.0%)"
2016-03-15,70.0,21.11,0.0,No thermal stress,48.2 to 78.8 F,44.5,21.32,65.49,25.5,1,450,1,"42.25,-83.75 (100.0%)"
2016-03-16,41.68,5.38,-1.0,Slight cold stress,32.0 to 48.2 F,45.02,22.05,65.49,-3.34,0,450,1,"42.25,-83.75 (100.0%)"
2016-03-17,35.82,2.12,-1.0,Slight cold stress,32.0 to 48.2 F,45.65,22.81,66.09,-9.83,0,450,1,"42.25,-83.75 (100.0%)"
2016-03-18,54.62,12.57,0.0,No thermal stress,48.2 to 78.8 F,46.0,22.99,66.25,8.62,0,450,1,"42.25,-83.75 (100.0%)"
2016-03-19,46.83,8.24,-1.0,Slight cold stress,32.0 to 48.2 F,46.43,23.08,66.25,0.4,0,450,1,"42.25,-83.75 (100.0%)"
2016-03-20,54.23,12.35,0.0,No thermal stress,48.2 to 78.8 F,46.91,24.23,66.6,7.32,0,450,1,"42.25,-83.75 (100.0%)"
2016-03-21,40.62,4.79,-1.0,Slight cold stress,32.0 to 48.2 F,47.75,26.0,66.25,-7.13,0,450,1,"42.25,-83.75 (100.0%)"
2016-03-22,51.96,11.09,0.0,No thermal stress,48.2 to 78.8 F,48.44,27.38,66.6,3.52,0,450,1,"42.25,-83.75 (100.0%)"
2016-03-23,41.15,5.08,-1.0,Slight cold stress,32.0 to 48.2 F,48.82,28.43,66.6,-7.67,0,450,1,"42.25,-83.75 (100.0%)"
2016-03-24,46.33,7.96,-1.0,Slight cold stress,32.0 to 48.2 F,49.1,30.49,66.09,-2.77,0,450,1,"42.25,-83.75 (100.0%)"
2016-03-25,60.54,15.86,0.0,No thermal stress,48.2 to 78.8 F,49.35,30.71,66.47,11.19,0,450,1,"42.25,-83.75 (100.0%)"
2016-03-26,58.71,14.84,0.0,No thermal stress,48.2 to 78.8 F,49.92,30.71,67.04,8.79,0,450,1,"42.25,-83.75 (100.0%)"
2016-03-27,69.89,21.05,0.0,No thermal stress,48.2 to 78.8 F,50.33,30.62,67.84,19.56,1,450,1,"42.25,-83.75 (100.0%)"
2016-03-28,43.21,6.23,-1.0,Slight cold stress,32.0 to 48.2 F,50.37,30.71,67.72,-7.16,0,450,1,"42.25,-83.75 (100.0%)"
2016-03-29,69.06,20.59,0.0,No thermal stress,48.2 to 78.8 F,50.69,31.27,67.97,18.37,1,450,1,"42.25,-83.75 (100.0%)"
2016-03-30,56.32,13.51,0.0,No thermal stress,48.2 to 78.8 F,51.24,31.27,68.92,5.08,0,450,1,"42.25,-83.75 (100.0%)"
2016-03-31,55.76,13.2,0.0,No thermal stress,48.2 to 78.8 F,51.61,31.27,69.07,4.15,0,450,1,"42.25,-83.75 (100.0%)"
2016-04-01,46.9,8.28,-1.0,Slight cold stress,32.0 to 48.2 F,51.95,31.27,69.23,-5.05,0,450,1,"42.25,-83.75 (100.0%)"
2016-04-02,43.33,6.29,-1.0,Slight cold stress,32.0 to 48.2 F,52.43,31.91,69.31,-9.1,0,450,1,"42.25,-83.75 (100.0%)"
2016-04-03,46.38,7.99,-1.0,Slight cold stress,32.0 to 48.2 F,52.48,31.71,69.37,-6.1,0,450,1,"42.25,-83.75 (100.0%)"
2016-04-04,30.97,-0.57,-2.0,Moderate cold stress,8.6 to 32.0 F,52.75,31.91,69.74,-21.78,0,450,1,"42.25,-83.75 (100.0%)"
2016-04-05,55.1,12.84,0.0,No thermal stress,48.2 to 78.8 F,52.87,31.67,69.89,2.23,0,450,1,"42.25,-83.75 (100.0%)"
2016-04-06,41.2,5.11,-1.0,Slight cold stress,32.0 to 48.2 F,52.91,30.96,70.18,-11.71,0,450,1,"42.25,-83.75 (100.0%)"
2016-04-07,34.58,1.43,-1.0,Slight cold stress,32.0 to 48.2 F,53.26,30.47,70.39,-18.68,0,450,1,"42.25,-83.75 (100.0%)"
2016-04-08,50.64,10.35,0.0,No thermal stress,48.2 to 78.8 F,53.92,31.67,71.46,-3.28,0,450,1,"42.25,-83.75 (100.0%)"
2016-04-09,27.71,-2.38,-2.0,Moderate cold stress,8.6 to 32.0 F,54.27,31.24,71.73,-26.56,0,450,1,"42.25,-83.75 (100.0%)"
2016-04-10,27.07,-2.74,-2.0,Moderate cold stress,8.6 to 32.0 F,54.42,31.24,71.95,-27.35,0,450,1,"42.25,-83.75 (100.0%)"
2016-04-11,60.04,15.58,0.0,No thermal stress,48.2 to 78.8 F,55.35,32.37,73.24,4.69,0,450,1,"42.25,-83.75 (100.0%)"
2016-04-12,51.62,10.9,0.0,No thermal stress,48.2 to 78.8 F,56.36,35.4,73.51,-4.74,0,450,1,"42.25,-83.75 (100.0%)"
2016-04-13,58.33,14.63,0.0,No thermal stress,48.2 to 78.8 F,56.94,35.4,73.86,1.39,0,450,1,"42.25,-83.75 (100.0%)"
2016-04-14,61.64,16.47,0.0,No thermal stress,48.2 to 78.8 F,57.32,35.86,74.34,4.32,0,450,1,"42.25,-83.75 (100.0%)"
2016-04-15,67.74,19.86,0.0,No thermal stress,48.2 to 78.8 F,57.57,36.62,74.55,10.17,0,450,1,"42.25,-83.75 (100.0%)"
2016-04-16,73.54,23.08,0.0,No thermal stress,48.2 to 78.8 F,57.93,36.62,74.58,15.61,0,450,1,"42.25,-83.75 (100.0%)"
2016-04-17,81.64,27.58,1.0,Moderate heat stress,78.8 to 89.6 F,58.57,37.4,75.15,23.07,1,450,1,"42.25,-83.75 (100.0%)"
2016-04-18,83.77,28.76,1.0,Moderate heat stress,78.8 to 89.6 F,59.09,38.67,75.36,24.68,1,450,1,"42.25,-83.75 (100.0%)"
2016-04-19,64.1,17.83,0.0,No thermal stress,48.2 to 78.8 F,59.38,39.43,76.04,4.72,0,450,1,"42.25,-83.75 (100.0%)"
2016-04-20,62.74,17.08,0.0,No thermal stress,48.2 to 78.8 F,59.64,39.7,76.13,3.1,0,450,1,"42.25,-83.75 (100.0%)"
2016-04-21,61.8,16.56,0.0,No thermal stress,48.2 to 78.8 F,60.08,40.09,76.16,1.72,0,450,1,"42.25,-83.75 (100.0%)"
2016-04-22,59.3,15.16,0.0,No thermal stress,48.2 to 78.8 F,60.5,40.95,76.19,-1.2,0,450,1,"42.25,-83.75 (100.0%)"
2016-04-23,69.26,20.7,0.0,No thermal stress,48.2 to 78.8 F,60.85,41.24,76.19,8.41,0,450,1,"42.25,-83.75 (100.0%)"
2016-04-24,76.96,24.98,0.0,No thermal stress,48.2 to 78.8 F,61.36,42.66,76.39,15.6,1,450,1,"42.25,-83.75 (100.0%)"
2016-04-25,75.31,24.06,0.0,No thermal stress,48.2 to 78.8 F,61.89,44.24,76.95,13.42,0,450,1,"42.25,-83.75 (100.0%)"
2016-04-26,65.21,18.45,0.0,No thermal stress,48.2 to 78.8 F,61.98,44.24,76.95,3.23,0,450,1,"42.25,-83.75 (100.0%)"
2016-04-27,61.19,16.22,0.0,No thermal stress,48.2 to 78.8 F,62.34,45.1,76.95,-1.15,0,450,1,"42.25,-83.75 (100.0%)"
2016-04-28,37.34,2.97,-1.0,Slight cold stress,32.0 to 48.2 F,62.79,45.94,76.96,-25.45,0,450,1,"42.25,-83.75 (100.0%)"
2016-04-29,56.48,13.6,0.0,No thermal stress,48.2 to 78.8 F,63.48,47.52,77.46,-7.0,0,450,1,"42.25,-83.75 (100.0%)"
2016-04-30,56.58,13.66,0.0,No thermal stress,48.2 to 78.8 F,64.29,48.53,77.63,-7.71,0,450,1,"42.25,-83.75 (100.0%)"
2016-05-01,61.69,16.5,0.0,No thermal stress,48.2 to 78.8 F,64.79,48.65,78.06,-3.1,0,450,1,"42.25,-83.75 (100.0%)"
2016-05-02,59.34,15.19,0.0,No thermal stress,48.2 to 78.8 F,65.32,49.17,79.15,-5.98,0,450,1,"42.25,-83.75 (100.0%)"
2016-05-03,75.11,23.95,0.0,No thermal stress,48.2 to 78.8 F,65.99,49.77,79.82,9.12,0,450,1,"42.25,-83.75 (100.0%)"
2016-05-04,58.82,14.9,0.0,No thermal stress,48.2 to 78.8 F,66.32,49.65,80.13,-7.5,0,450,1,"42.25,-83.75 (100.0%)"
2016-05-05,58.83,14.91,0.0,No thermal stress,48.2 to 78.8 F,66.73,49.38,80.72,-7.9,0,450,1,"42.25,-83.75 (100.0%)"
2016-05-06,77.69,25.38,0.0,No thermal stress,48.2 to 78.8 F,67.33,50.33,81.37,10.36,0,450,1,"42.25,-83.75 (100.0%)"
2016-05-07,75.53,24.18,0.0,No thermal stress,48.2 to 78.8 F,67.72,50.39,81.94,7.81,0,450,1,"42.25,-83.75 (100.0%)"
2016-05-08,64.61,18.12,0.0,No thermal stress,48.2 to 78.8 F,67.96,50.07,82.34,-3.35,0,450,1,"42.25,-83.75 (100.0%)"
2016-05-09,69.6,20.89,0.0,No thermal stress,48.2 to 78.8 F,68.29,50.33,82.62,1.31,0,450,1,"42.25,-83.75 (100.0%)"
2016-05-10,50.34,10.19,0.0,No thermal stress,48.2 to 78.8 F,68.78,50.77,82.86,-18.44,0,450,1,"42.25,-83.75 (100.0%)"
2016-05-11,73.89,23.27,0.0,No thermal stress,48.2 to 78.8 F,68.91,51.78,83.07,4.98,0,450,1,"42.25,-83.75 (100.0%)"
2016-05-12,80.61,27.01,1.0,Moderate heat stress,78.8 to 89.6 F,69.21,51.78,83.47,11.4,0,450,1,"42.25,-83.75 (100.0%)"
2016-05-13,64.35,17.97,0.0,No thermal stress,48.2 to 78.8 F,69.68,52.03,83.97,-5.33,0,450,1,"42.25,-83.75 (100.0%)"
2016-05-14,45.7,7.61,-1.0,Slight cold stress,32.0 to 48.2 F,69.91,52.16,84.48,-24.21,0,450,1,"42.25,-83.75 (100.0%)"
2016-05-15,39.85,4.36,-1.0,Slight cold stress,32.0 to 48.2 F,70.28,52.88,84.76,-30.43,0,450,1,"42.25,-83.75 (100.0%)"
2016-05-16,58.24,14.58,0.0,No thermal stress,48.2 to 78.8 F,70.82,54.11,85.48,-12.58,0,450,1,"42.25,-83.75 (100.0%)"
2016-05-17,70.2,21.22,0.0,No thermal stress,48.2 to 78.8 F,71.01,54.3,85.81,-0.81,0,450,1,"42.25,-83.75 (100.0%)"
2016-05-18,71.34,21.86,0.0,No thermal stress,48.2 to 78.8 F,71.2,54.3,86.13,0.14,0,450,1,"42.25,-83.75 (100.0%)"
2016-05-19,77.86,25.48,0.0,No thermal stress,48.2 to 78.8 F,71.89,55.55,86.51,5.97,0,450,1,"42.25,-83.75 (100.0%)"
2016-05-20,74.56,23.65,0.0,No thermal stress,48.2 to 78.8 F,72.59,57.55,86.7,1.97,0,450,1,"42.25,-83.75 (100.0%)"
2016-05-21,73.16,22.86,0.0,No thermal stress,48.2 to 78.8 F,73.25,58.24,86.93,-0.09,0,450,1,"42.25,-83.75 (100.0%)"
2016-05-22,70.28,21.27,0.0,No thermal stress,48.2 to 78.8 F,73.89,58.73,87.48,-3.61,0,450,1,"42.25,-83.75 (100.0%)"
2016-05-23,82.48,28.04,1.0,Moderate heat stress,78.8 to 89.6 F,74.67,59.71,88.0,7.81,0,450,1,"42.25,-83.75 (100.0%)"
2016-05-24,84.98,29.43,1.0,Moderate heat stress,78.8 to 89.6 F,75.17,60.03,88.24,9.81,0,450,1,"42.25,-83.75 (100.0%)"
2016-05-25,83.91,28.84,1.0,Moderate heat stress,78.8 to 89.6 F,75.44,60.03,88.36,8.47,0,450,1,"42.25,-83.75 (100.0%)"
2016-05-26,87.93,31.07,1.0,Moderate heat stress,78.8 to 89.6 F,75.93,60.85,88.62,12.0,0,450,1,"42.25,-83.75 (100.0%)"
2016-05-27,88.79,31.55,1.0,Moderate heat stress,78.8 to 89.6 F,76.18,61.38,88.43,12.61,1,450,1,"42.25,-83.75 (100.0%)"
2016-05-28,86.34,30.19,1.0,Moderate heat stress,78.8 to 89.6 F,76.42,62.28,88.6,9.92,0,450,1,"42.25,-83.75 (100.0%)"
2016-05-29,85.56,29.75,1.0,Moderate heat stress,78.8 to 89.6 F,76.75,62.83,88.79,8.81,0,450,1,"42.25,-83.75 (100.0%)"
2016-05-30,84.57,29.21,1.0,Moderate heat stress,78.8 to 89.6 F,77.04,62.83,88.94,7.53,0,450,1,"42.25,-83.75 (100.0%)"
2016-05-31,88.02,31.12,1.0,Moderate heat stress,78.8 to 89.6 F,77.38,63.29,89.31,10.64,0,450,1,"42.25,-83.75 (100.0%)"
2016-06-01,86.76,30.42,1.0,Moderate heat stress,78.8 to 89.6 F,77.95,64.57,89.53,8.81,0,450,1,"42.25,-83.75 (100.0%)"
2016-06-02,82.5,28.06,1.0,Moderate heat stress,78.8 to 89.6 F,78.51,65.72,89.65,3.99,0,450,1,"42.25,-83.75 (100.0%)"
2016-06-03,86.25,30.14,1.0,Moderate heat stress,78.8 to 89.6 F,78.93,66.01,89.97,7.32,0,450,1,"42.25,-83.75 (100.0%)"
2016-06-04,83.36,28.53,1.0,Moderate heat stress,78.8 to 89.6 F,79.39,67.5,90.32,3.97,0,450,1,"42.25,-83.75 (100.0%)"
2016-06-05,73.59,23.11,0.0,No thermal stress,48.2 to 78.8 F,79.56,68.01,90.46,-5.97,0,450,1,"42.25,-83.75 (100.0%)"
2016-06-06,76.11,24.51,0.0,No thermal stress,48.2 to 78.8 F,79.74,68.48,90.4,-3.63,0,450,1,"42.25,-83.75 (100.0%)"
2016-06-07,58.67,14.82,0.0,No thermal stress,48.2 to 78.8 F,80.0,68.92,90.36,-21.33,0,450,1,"42.25,-83.75 (100.0%)"
2016-06-08,66.68,19.27,0.0,No thermal stress,48.2 to 78.8 F,80.37,69.52,90.5,-13.69,0,450,1,"42.25,-83.75 (100.0%)"
2016-06-09,80.24,26.8,1.0,Moderate heat stress,78.8 to 89.6 F,80.79,69.85,90.79,-0.55,0,450,1,"42.25,-83.75 (100.0%)"
2016-06-10,89.33,31.85,1.0,Moderate heat stress,78.8 to 89.6 F,81.31,69.96,91.35,8.02,0,450,1,"42.25,-83.75 (100.0%)"
2016-06-11,92.39,33.55,2.0,Strong heat stress,89.6 to 100.4 F,82.06,70.24,92.17,10.33,1,450,1,"42.25,-83.75 (100.0%)"
2016-06-12,78.69,25.94,0.0,No thermal stress,48.2 to 78.8 F,82.57,70.62,92.55,-3.88,0,450,1,"42.25,-83.75 (100.0%)"
2016-06-13,87.45,30.81,1.0,Moderate heat stress,78.8 to 89.6 F,82.98,71.32,92.81,4.47,0,450,1,"42.25,-83.75 (100.0%)"
2016-06-14,78.71,25.95,0.0,No thermal stress,48.2 to 78.8 F,83.43,72.24,93.04,-4.72,0,450,1,"42.25,-83.75 (100.0%)"
2016-06-15,94.03,34.46,2.0,Strong heat stress,89.6 to 100.4 F,83.67,72.41,93.06,10.36,1,450,1,"42.25,-83.75 (100.0%)"
2016-06-16,78.34,25.75,0.0,No thermal stress,48.2 to 78.8 F,83.87,72.74,93.13,-5.53,0,450,1,"42.25,-83.75 (100.0%)"
2016-06-17,90.3,32.39,2.0,Strong heat stress,89.6 to 100.4 F,84.1,73.25,93.17,6.2,0,450,1,"42.25,-83.75 (100.0%)"
2016-06-18,93.94,34.41,2.0,Strong heat stress,89.6 to 100.4 F,84.29,73.38,93.37,9.65,1,450,1,"42.25,-83.75 (100.0%)"
2016-06-19,92.8,33.78,2.0,Strong heat stress,89.6 to 100.4 F,84.55,73.38,93.72,8.25,0,450,1,"42.25,-83.75 (100.0%)"
2016-06-20,93.04,33.91,2.0,Strong heat stress,89.6 to 100.4 F,84.78,73.48,93.86,8.26,0,450,1,"42.25,-83.75 (100.0%)"
2016-06-21,81.5,27.5,1.0,Moderate heat stress,78.8 to 89.6 F,85.06,73.98,94.01,-3.56,0,450,1,"42.25,-83.75 (100.0%)"
2016-06-22,89.32,31.84,1.0,Moderate heat stress,78.8 to 89.6 F,85.12,74.03,94.04,4.2,0,450,1,"42.25,-83.75 (100.0%)"
2016-06-23,79.77,26.54,1.0,Moderate heat stress,78.8 to 89.6 F,85.26,74.08,94.21,-5.49,0,450,1,"42.25,-83.75 (100.0%)"
2016-06-24,89.96,32.2,2.0,Strong heat stress,89.6 to 100.4 F,85.39,74.51,94.21,4.57,0,450,1,"42.25,-83.75 (100.0%)"
2016-06-25,91.78,33.21,2.0,Strong heat stress,89.6 to 100.4 F,85.56,74.72,94.3,6.22,0,450,1,"42.25,-83.75 (100.0%)"
2016-06-26,96.63,35.91,2.0,Strong heat stress,89.6 to 100.4 F,85.55,74.72,94.34,11.08,1,450,1,"42.25,-83.75 (100.0%)"
2016-06-27,89.13,31.74,1.0,Moderate heat stress,78.8 to 89.6 F,85.7,74.84,94.56,3.43,0,450,1,"42.25,-83.75 (100.0%)"
2016-06-28,72.34,22.41,0.0,No thermal stress,48.2 to 78.8 F,85.99,75.38,95.06,-13.65,0,450,1,"42.25,-83.75 (100.0%)"
2016-06-29,84.08,28.93,1.0,Moderate heat stress,78.8 to 89.6 F,86.14,75.47,95.57,-2.06,0,450,1,"42.25,-83.75 (100.0%)"
2016-06-30,85.39,29.66,1.0,Moderate heat stress,78.8 to 89.6 F,86.35,75.75,95.7,-0.96,0,450,1,"42.25,-83.75 (100.0%)"
2016-07-01,74.85,23.8,0.0,No thermal stress,48.2 to 78.8 F,86.5,75.8,95.85,-11.65,0,450,1,"42.25,-83.75 (100.0%)"
2016-07-02,85.51,29.73,1.0,Moderate heat stress,78.8 to 89.6 F,86.53,75.8,95.71,-1.02,0,450,1,"42.25,-83.75 (100.0%)"
2016-07-03,86.71,30.39,1.0,Moderate heat stress,78.8 to 89.6 F,86.59,75.98,95.69,0.12,0,450,1,"42.25,-83.75 (100.0%)"
2016-07-04,84.75,29.31,1.0,Moderate heat stress,78.8 to 89.6 F,86.59,76.0,95.6,-1.84,0,450,1,"42.25,-83.75 (100.0%)"
2016-07-05,87.17,30.65,1.0,Moderate heat stress,78.8 to 89.6 F,86.68,76.4,95.37,0.49,0,450,1,"42.25,-83.75 (100.0%)"
2016-07-06,96.14,35.64,2.0,Strong heat stress,89.6 to 100.4 F,86.8,76.84,95.34,9.34,1,450,1,"42.25,-83.75 (100.0%)"
2016-07-07,99.55,37.53,2.0,Strong heat stress,89.6 to 100.4 F,87.03,77.15,95.61,12.52,1,450,1,"42.25,-83.75 (100.0%)"
2016-07-08,92.6,33.67,2.0,Strong heat stress,89.6 to 100.4 F,87.21,77.39,95.74,5.39,0,450,1,"42.25,-83.75 (100.0%)"
2016-07-09,74.85,23.8,0.0,No thermal stress,48.2 to 78.8 F,87.5,77.72,96.15,-12.65,0,450,1,"42.25,-83.75 (100.0%)"
2016-07-10,91.41,33.01,2.0,Strong heat stress,89.6 to 100.4 F,87.66,77.86,96.15,3.75,0,450,1,"42.25,-83.75 (100.0%)"
2016-07-11,94.23,34.57,2.0,Strong heat stress,89.6 to 100.4 F,87.89,78.0,96.24,6.34,0,450,1,"42.25,-83.75 (100.0%)"
2016-07-12,92.82,33.79,2.0,Strong heat stress,89.6 to 100.4 F,87.94,78.35,96.15,4.88,0,450,1,"42.25,-83.75 (100.0%)"
2016-07-13,93.91,34.39,2.0,Strong heat stress,89.6 to 100.4 F,87.94,78.34,95.98,5.97,0,450,1,"42.25,-83.75 (100.0%)"
2016-07-14,84.91,29.4,1.0,Moderate heat stress,78.8 to 89.6 F,88.08,78.61,96.37,-3.17,0,450,1,"42.25,-83.75 (100.0%)"
2016-07-15,78.21,25.67,0.0,No thermal stress,48.2 to 78.8 F,88.07,78.57,96.32,-9.86,0,450,1,"42.25,-83.75 (100.0%)"
2016-07-16,84.97,29.43,1.0,Moderate heat stress,78.8 to 89.6 F,88.01,78.52,96.45,-3.04,0,450,1,"42.25,-83.75 (100.0%)"
2016-07-17,86.0,30.0,1.0,Moderate heat stress,78.8 to 89.6 F,88.09,78.7,96.46,-2.09,0,450,1,"42.25,-83.75 (100.0%)"
2016-07-18,89.3,31.83,1.0,Moderate heat stress,78.8 to 89.6 F,88.09,78.75,96.59,1.21,0,450,1,"42.25,-83.75 (100.0%)"
2016-07-19,86.91,30.51,1.0,Moderate heat stress,78.8 to 89.6 F,88.1,78.75,96.79,-1.19,0,450,1,"42.25,-83.75 (100.0%)"
2016-07-20,95.73,35.41,2.0,Strong heat stress,89.6 to 100.4 F,88.13,78.75,96.86,7.6,0,450,1,"42.25,-83.75 (100.0%)"
2016-07-21,96.45,35.81,2.0,Strong heat stress,89.6 to 100.4 F,88.02,78.8,96.8,8.43,0,450,1,"42.25,-83.75 (100.0%)"
2016-07-22,100.14,37.85,2.0,Strong heat stress,89.6 to 100.4 F,87.9,78.9,96.48,12.24,1,450,1,"42.25,-83.75 (100.0%)"
2016-07-23,101.96,38.87,3.0,Very strong heat stress,100.4 to 114.8 F,87.84,79.3,96.4,14.12,1,450,1,"42.25,-83.75 (100.0%)"
2016-07-24,95.08,35.04,2.0,Strong heat stress,89.6 to 100.4 F,87.76,79.3,96.45,7.32,0,450,1,"42.25,-83.75 (100.0%)"
2016-07-25,93.09,33.94,2.0,Strong heat stress,89.6 to 100.4 F,87.7,78.96,96.45,5.39,0,450,1,"42.25,-83.75 (100.0%)"
2016-07-26,95.8,35.45,2.0,Strong heat stress,89.6 to 100.4 F,87.64,78.75,96.33,8.16,0,450,1,"42.25,-83.75 (100.0%)"
2016-07-27,96.88,36.04,2.0,Strong heat stress,89.6 to 100.4 F,87.68,78.75,96.29,9.2,1,450,1,"42.25,-83.75 (100.0%)"
2016-07-28,94.93,34.96,2.0,Strong heat stress,89.6 to 100.4 F,87.53,78.55,96.24,7.4,0,450,1,"42.25,-83.75 (100.0%)"
2016-07-29,92.59,33.66,2.0,Strong heat stress,89.6 to 100.4 F,87.2,78.41,95.71,5.39,0,450,1,"42.25,-83.75 (100.0%)"
2016-07-30,85.5,29.72,1.0,Moderate heat stress,78.8 to 89.6 F,87.03,78.28,95.44,-1.53,0,450,1,"42.25,-83.75 (100.0%)"
2016-07-31,89.83,32.13,2.0,Strong heat stress,89.6 to 100.4 F,87.11,78.55,95.26,2.72,0,450,1,"42.25,-83.75 (100.0%)"
2016-08-01,90.42,32.46,2.0,Strong heat stress,89.6 to 100.4 F,87.08,78.27,95.03,3.34,0,450,1,"42.25,-83.75 (100.0%)"
2016-08-02,91.78,33.21,2.0,Strong heat stress,89.6 to 100.4 F,87.08,78.17,95.22,4.7,0,450,1,"42.25,-83.75 (100.0%)"
2016-08-03,94.18,34.54,2.0,Strong heat stress,89.6 to 100.4 F,87.04,78.08,95.22,7.14,0,450,1,"42.25,-83.75 (100.0%)"
2016-08-04,96.19,35.66,2.0,Strong heat stress,89.6 to 100.4 F,86.87,77.86,95.26,9.32,1,450,1,"42.25,-83.75 (100.0%)"
2016-08-05,92.31,33.51,2.0,Strong heat stress,89.6 to 100.4 F,86.91,77.89,95.26,5.4,0,450,1,"42.25,-83.75 (100.0%)"
2016-08-06,86.35,30.2,1.0,Moderate heat stress,78.8 to 89.6 F,86.9,77.75,95.26,-0.55,0,450,1,"42.25,-83.75 (100.0%)"
2016-08-07,87.79,30.99,1.0,Moderate heat stress,78.8 to 89.6 F,86.76,77.28,95.26,1.03,0,450,1,"42.25,-83.75 (100.0%)"
2016-08-08,88.02,31.12,1.0,Moderate heat stress,78.8 to 89.6 F,86.69,76.79,95.2,1.33,0,450,1,"42.25,-83.75 (100.0%)"
2016-08-09,92.5,33.61,2.0,Strong heat stress,89.6 to 100.4 F,86.5,76.77,94.82,6.0,0,450,1,"42.25,-83.75 (100.0%)"
2016-08-10,99.99,37.77,2.0,Strong heat stress,89.6 to 100.4 F,86.21,76.41,94.18,13.78,1,450,1,"42.25,-83.75 (100.0%)"
2016-08-11,95.66,35.37,2.0,Strong heat stress,89.6 to 100.4 F,85.98,76.22,93.94,9.68,1,450,1,"42.25,-83.75 (100.0%)"
2016-08-12,99.5,37.5,2.0,Strong heat stress,89.6 to 100.4 F,85.9,76.41,93.73,13.6,1,450,1,"42.25,-83.75 (100.0%)"
2016-08-13,84.64,29.25,1.0,Moderate heat stress,78.8 to 89.6 F,85.72,76.22,93.57,-1.08,0,450,1,"42.25,-83.75 (100.0%)"
2016-08-14,91.11,32.84,2.0,Strong heat stress,89.6 to 100.4 F,85.63,76.0,93.55,5.48,0,450,1,"42.25,-83.75 (100.0%)"
2016-08-15,88.54,31.41,1.0,Moderate heat stress,78.8 to 89.6 F,85.39,75.26,93.55,3.15,0,450,1,"42.25,-83.75 (100.0%)"
2016-08-16,87.49,30.83,1.0,Moderate heat stress,78.8 to 89.6 F,85.28,74.94,93.55,2.21,0,450,1,"42.25,-83.75 (100.0%)"
2016-08-17,90.31,32.39,2.0,Strong heat stress,89.6 to 100.4 F,85.12,74.62,93.21,5.19,0,450,1,"42.25,-83.75 (100.0%)"
2016-08-18,92.27,33.48,2.0,Strong heat stress,89.6 to 100.4 F,85.08,75.18,93.16,7.19,0,450,1,"42.25,-83.75 (100.0%)"
2016-08-19,90.9,32.72,2.0,Strong heat stress,89.6 to 100.4 F,85.27,75.25,93.17,5.63,0,450,1,"42.25,-83.75 (100.0%)"
2016-08-20,86.76,30.42,1.0,Moderate heat stress,78.8 to 89.6 F,85.3,75.25,93.13,1.46,0,450,1,"42.25,-83.75 (100.0%)"
2016-08-21,72.03,22.24,0.0,No thermal stress,48.2 to 78.8 F,85.11,74.94,93.16,-13.08,0,450,1,"42.25,-83.75 (100.0%)"
2016-08-22,82.98,28.32,1.0,Moderate heat stress,78.8 to 89.6 F,85.03,74.74,93.17,-2.05,0,450,1,"42.25,-83.75 (100.0%)"
2016-08-23,85.09,29.5,1.0,Moderate heat stress,78.8 to 89.6 F,84.9,74.43,93.09,0.19,0,450,1,"42.25,-83.75 (100.0%)"
2016-08-24,85.17,29.54,1.0,Moderate heat stress,78.8 to 89.6 F,84.76,74.22,93.09,0.41,0,450,1,"42.25,-83.75 (100.0%)"
2016-08-25,85.16,29.53,1.0,Moderate heat stress,78.8 to 89.6 F,84.72,73.91,93.19,0.44,0,450,1,"42.25,-83.75 (100.0%)"
2016-08-26,92.59,33.66,2.0,Strong heat stress,89.6 to 100.4 F,84.61,73.75,93.47,7.98,0,450,1,"42.25,-83.75 (100.0%)"
2016-08-27,84.21,29.0,1.0,Moderate heat stress,78.8 to 89.6 F,84.58,73.77,93.55,-0.37,0,450,1,"42.25,-83.75 (100.0%)"
2016-08-28,97.11,36.17,2.0,Strong heat stress,89.6 to 100.4 F,84.6,73.77,93.57,12.51,1,450,1,"42.25,-83.75 (100.0%)"
2016-08-29,93.51,34.17,2.0,Strong heat stress,89.6 to 100.4 F,84.54,73.49,93.58,8.97,0,450,1,"42.25,-83.75 (100.0%)"
2016-08-30,90.5,32.5,2.0,Strong heat stress,89.6 to 100.4 F,84.51,73.73,93.58,5.99,0,450,1,"42.25,-83.75 (100.0%)"
2016-08-31,83.07,28.37,1.0,Moderate heat stress,78.8 to 89.6 F,84.37,73.72,93.6,-1.3,0,450,1,"42.25,-83.75 (100.0%)"
2016-09-01,70.71,21.51,0.0,No thermal stress,48.2 to 78.8 F,83.96,72.01,93.6,-13.25,0,450,1,"42.25,-83.75 (100.0%)"
2016-09-02,78.33,25.74,0.0,No thermal stress,48.2 to 78.8 F,83.55,71.57,93.52,-5.22,0,450,1,"42.25,-83.75 (100.0%)"
2016-09-03,83.42,28.57,1.0,Moderate heat stress,78.8 to 89.6 F,82.9,70.98,93.35,0.52,0,450,1,"42.25,-83.75 (100.0%)"
2016-09-04,88.16,31.2,1.0,Moderate heat stress,78.8 to 89.6 F,82.36,70.1,93.27,5.8,0,450,1,"42.25,-83.75 (100.0%)"
2016-09-05,88.19,31.21,1.0,Moderate heat stress,78.8 to 89.6 F,82.11,69.93,92.96,6.08,0,450,1,"42.25,-83.75 (100.0%)"
2016-09-06,95.52,35.29,2.0,Strong heat stress,89.6 to 100.4 F,81.75,69.35,92.12,13.77,1,450,1,"42.25,-83.75 (100.0%)"
2016-09-07,94.93,34.96,2.0,Strong heat stress,89.6 to 100.4 F,81.26,68.98,91.73,13.67,1,450,1,"42.25,-83.75 (100.0%)"
2016-09-08,85.19,29.55,1.0,Moderate heat stress,78.8 to 89.6 F,80.78,67.98,91.72,4.41,0,450,1,"42.25,-83.75 (100.0%)"
2016-09-09,90.03,32.24,2.0,Strong heat stress,89.6 to 100.4 F,80.4,67.84,91.25,9.63,0,450,1,"42.25,-83.75 (100.0%)"
2016-09-10,76.3,24.61,0.0,No thermal stress,48.2 to 78.8 F,80.0,66.86,90.85,-3.7,0,450,1,"42.25,-83.75 (100.0%)"
2016-09-11,82.37,27.99,1.0,Moderate heat stress,78.8 to 89.6 F,79.53,66.16,90.28,2.84,0,450,1,"42.25,-83.75 (100.0%)"
2016-09-12,81.23,27.35,1.0,Moderate heat stress,78.8 to 89.6 F,79.12,65.59,89.59,2.11,0,450,1,"42.25,-83.75 (100.0%)"
2016-09-13,84.0,28.89,1.0,Moderate heat stress,78.8 to 89.6 F,78.71,65.45,88.96,5.29,0,450,1,"42.25,-83.75 (100.0%)"
2016-09-14,80.36,26.87,1.0,Moderate heat stress,78.8 to 89.6 F,78.22,65.04,88.57,2.14,0,450,1,"42.25,-83.75 (100.0%)"
2016-09-15,80.45,26.92,1.0,Moderate heat stress,78.8 to 89.6 F,77.58,64.32,88.4,2.87,0,450,1,"42.25,-83.75 (100.0%)"
2016-09-16,81.62,27.57,1.0,Moderate heat stress,78.8 to 89.6 F,77.35,64.32,87.98,4.27,0,450,1,"42.25,-83.75 (100.0%)"
2016-09-17,76.9,24.94,0.0,No thermal stress,48.2 to 78.8 F,76.96,63.86,87.9,-0.06,0,450,1,"42.25,-83.75 (100.0%)"
2016-09-18,84.91,29.4,1.0,Moderate heat stress,78.8 to 89.6 F,76.61,63.81,87.73,8.3,0,450,1,"42.25,-83.75 (100.0%)"
2016-09-19,88.94,31.63,1.0,Moderate heat stress,78.8 to 89.6 F,76.14,63.12,87.59,12.8,1,450,1,"42.25,-83.75 (100.0%)"
2016-09-20,89.29,31.83,1.0,Moderate heat stress,78.8 to 89.6 F,75.6,62.56,87.33,13.69,1,450,1,"42.25,-83.75 (100.0%)"
2016-09-21,88.01,31.11,1.0,Moderate heat stress,78.8 to 89.6 F,74.96,61.3,86.8,13.05,1,450,1,"42.25,-83.75 (100.0%)"
2016-09-22,90.89,32.72,2.0,Strong heat stress,89.6 to 100.4 F,74.29,60.47,86.49,16.6,1,450,1,"42.25,-83.75 (100.0%)"
2016-09-23,84.64,29.25,1.0,Moderate heat stress,78.8 to 89.6 F,73.71,59.88,85.86,10.93,0,450,1,"42.25,-83.75 (100.0%)"
2016-09-24,79.12,26.18,1.0,Moderate heat stress,78.8 to 89.6 F,73.05,59.06,85.56,6.07,0,450,1,"42.25,-83.75 (100.0%)"
2016-09-25,74.86,23.81,0.0,No thermal stress,48.2 to 78.8 F,72.36,57.65,85.16,2.5,0,450,1,"42.25,-83.75 (100.0%)"
2016-09-26,62.43,16.91,0.0,No thermal stress,48.2 to 78.8 F,71.66,56.96,85.08,-9.23,0,450,1,"42.25,-83.75 (100.0%)"
2016-09-27,60.47,15.82,0.0,No thermal stress,48.2 to 78.8 F,70.99,55.35,84.81,-10.52,0,450,1,"42.25,-83.75 (100.0%)"
2016-09-28,66.24,19.02,0.0,No thermal stress,48.2 to 78.8 F,70.26,54.33,84.56,-4.02,0,450,1,"42.25,-83.75 (100.0%)"
2016-09-29,63.23,17.35,0.0,No thermal stress,48.2 to 78.8 F,69.72,54.23,84.15,-6.49,0,450,1,"42.25,-83.75 (100.0%)"
2016-09-30,59.51,15.28,0.0,No thermal stress,48.2 to 78.8 F,69.23,53.33,83.77,-9.72,0,450,1,"42.25,-83.75 (100.0%)"
2016-10-01,75.77,24.32,0.0,No thermal stress,48.2 to 78.8 F,68.67,52.88,83.54,7.1,0,450,1,"42.25,-83.75 (100.0%)"
2016-10-02,74.71,23.73,0.0,No thermal stress,48.2 to 78.8 F,68.26,52.12,83.27,6.45,0,450,1,"42.25,-83.75 (100.0%)"
2016-10-03,76.43,24.68,0.0,No thermal stress,48.2 to 78.8 F,67.96,51.68,82.82,8.47,0,450,1,"42.25,-83.75 (100.0%)"
2016-10-04,75.09,23.94,0.0,No thermal stress,48.2 to 78.8 F,67.57,51.45,82.33,7.52,0,450,1,"42.25,-83.75 (100.0%)"
2016-10-05,78.76,25.98,0.0,No thermal stress,48.2 to 78.8 F,67.08,50.52,82.2,11.68,0,450,1,"42.25,-83.75 (100.0%)"
2016-10-06,84.95,29.42,1.0,Moderate heat stress,78.8 to 89.6 F,66.62,49.45,82.14,18.33,1,450,1,"42.25,-83.75 (100.0%)"
2016-10-07,81.72,27.62,1.0,Moderate heat stress,78.8 to 89.6 F,66.15,48.66,81.99,15.57,0,450,1,"42.25,-83.75 (100.0%)"
2016-10-08,55.63,13.13,0.0,No thermal stress,48.2 to 78.8 F,65.45,48.17,81.66,-9.82,0,450,1,"42.25,-83.75 (100.0%)"
2016-10-09,67.67,19.82,0.0,No thermal stress,48.2 to 78.8 F,64.67,47.25,81.44,3.0,0,450,1,"42.25,-83.75 (100.0%)"
2016-10-10,69.42,20.79,0.0,No thermal stress,48.2 to 78.8 F,63.97,45.63,80.8,5.45,0,450,1,"42.25,-83.75 (100.0%)"
2016-10-11,71.55,21.97,0.0,No thermal stress,48.2 to 78.8 F,63.52,45.53,79.35,8.03,0,450,1,"42.25,-83.75 (100.0%)"
2016-10-12,72.15,22.31,0.0,No thermal stress,48.2 to 78.8 F,62.8,44.92,78.57,9.35,0,450,1,"42.25,-83.75 (100.0%)"
2016-10-13,62.47,16.93,0.0,No thermal stress,48.2 to 78.8 F,62.18,44.68,77.88,0.29,0,450,1,"42.25,-83.75 (100.0%)"
2016-10-14,67.23,19.57,0.0,No thermal stress,48.2 to 78.8 F,61.42,44.27,77.25,5.81,0,450,1,"42.25,-83.75 (100.0%)"
2016-10-15,69.69,20.94,0.0,No thermal stress,48.2 to 78.8 F,60.9,43.78,75.7,8.79,0,450,1,"42.25,-83.75 (100.0%)"
2016-10-16,63.37,17.43,0.0,No thermal stress,48.2 to 78.8 F,60.24,43.05,74.58,3.13,0,450,1,"42.25,-83.75 (100.0%)"
2016-10-17,75.63,24.24,0.0,No thermal stress,48.2 to 78.8 F,59.28,42.38,73.9,16.35,1,450,1,"42.25,-83.75 (100.0%)"
2016-10-18,72.68,22.6,0.0,No thermal stress,48.2 to 78.8 F,58.51,42.04,73.15,14.17,0,450,1,"42.25,-83.75 (100.0%)"
2016-10-19,82.06,27.81,1.0,Moderate heat stress,78.8 to 89.6 F,57.62,41.47,72.53,24.44,1,450,1,"42.25,-83.75 (100.0%)"
2016-10-20,58.18,14.55,0.0,No thermal stress,48.2 to 78.8 F,56.89,41.26,72.29,1.29,0,450,1,"42.25,-83.75 (100.0%)"
2016-10-21,42.73,5.96,-1.0,Slight cold stress,32.0 to 48.2 F,56.11,40.56,71.89,-13.38,0,450,1,"42.25,-83.75 (100.0%)"
2016-10-22,50.53,10.29,0.0,No thermal stress,48.2 to 78.8 F,55.37,38.7,71.61,-4.84,0,450,1,"42.25,-83.75 (100.0%)"
2016-10-23,68.33,20.18,0.0,No thermal stress,48.2 to 78.8 F,55.09,38.09,71.61,13.24,0,450,1,"42.25,-83.75 (100.0%)"
2016-10-24,48.87,9.37,0.0,No thermal stress,48.2 to 78.8 F,54.55,37.25,71.5,-5.68,0,450,1,"42.25,-83.75 (100.0%)"
2016-10-25,60.77,15.98,0.0,No thermal stress,48.2 to 78.8 F,53.93,36.11,70.85,6.84,0,450,1,"42.25,-83.75 (100.0%)"
2016-10-26,33.45,0.81,-1.0,Slight cold stress,32.0 to 48.2 F,53.12,34.31,70.51,-19.67,0,450,1,"42.25,-83.75 (100.0%)"
2016-10-27,42.5,5.84,-1.0,Slight cold stress,32.0 to 48.2 F,52.62,33.35,70.18,-10.12,0,450,1,"42.25,-83.75 (100.0%)"
2016-10-28,55.38,12.99,0.0,No thermal stress,48.2 to 78.8 F,52.11,33.29,70.06,3.27,0,450,1,"42.25,-83.75 (100.0%)"
2016-10-29,61.82,16.57,0.0,No thermal stress,48.2 to 78.8 F,51.69,32.26,69.73,10.13,0,450,1,"42.25,-83.75 (100.0%)"
2016-10-30,58.76,14.87,0.0,No thermal stress,48.2 to 78.8 F,50.97,31.86,68.74,7.79,0,450,1,"42.25,-83.75 (100.0%)"
2016-10-31,48.97,9.43,0.0,No thermal stress,48.2 to 78.8 F,50.49,30.36,68.12,-1.52,0,450,1,"42.25,-83.75 (100.0%)"
2016-11-01,75.52,24.18,0.0,No thermal stress,48.2 to 78.8 F,50.43,29.74,68.12,25.09,1,450,1,"42.25,-83.75 (100.0%)"
2016-11-02,82.06,27.81,1.0,Moderate heat stress,78.8 to 89.6 F,50.07,29.74,67.72,31.99,1,450,1,"42.25,-83.75 (100.0%)"
2016-11-03,64.6,18.11,0.0,No thermal stress,48.2 to 78.8 F,49.6,29.61,66.87,15.0,0,450,1,"42.25,-83.75 (100.0%)"
2016-11-04,62.05,16.69,0.0,No thermal stress,48.2 to 78.8 F,48.98,28.24,66.19,13.07,0,450,1,"42.25,-83.75 (100.0%)"
2016-11-05,65.72,18.73,0.0,No thermal stress,48.2 to 78.8 F,48.63,26.93,65.67,17.09,1,450,1,"42.25,-83.75 (100.0%)"
2016-11-06,75.65,24.25,0.0,No thermal stress,48.2 to 78.8 F,48.09,26.87,65.61,27.56,1,450,1,"42.25,-83.75 (100.0%)"
2016-11-07,72.18,22.32,0.0,No thermal stress,48.2 to 78.8 F,47.61,26.32,65.12,24.57,1,450,1,"42.25,-83.75 (100.0%)"
2016-11-08,53.95,12.19,0.0,No thermal stress,48.2 to 78.8 F,47.21,26.46,64.8,6.74,0,450,1,"42.25,-83.75 (100.0%)"
2016-11-09,50.95,10.53,0.0,No thermal stress,48.2 to 78.8 F,46.72,26.41,64.44,4.23,0,450,1,"42.25,-83.75 (100.0%)"
2016-11-10,51.43,10.8,0.0,No thermal stress,48.2 to 78.8 F,46.25,26.3,63.99,5.18,0,450,1,"42.25,-83.75 (100.0%)"
2016-11-11,32.4,0.22,-1.0,Slight cold stress,32.0 to 48.2 F,45.91,26.1,63.92,-13.51,0,450,1,"42.25,-83.75 (100.0%)"
2016-11-12,48.09,8.94,-1.0,Slight cold stress,32.0 to 48.2 F,45.34,25.83,63.1,2.75,0,450,1,"42.25,-83.75 (100.0%)"
2016-11-13,49.86,9.92,0.0,No thermal stress,48.2 to 78.8 F,44.68,25.08,62.04,5.18,0,450,1,"42.25,-83.75 (100.0%)"
2016-11-14,58.07,14.48,0.0,No thermal stress,48.2 to 78.8 F,44.34,24.84,61.99,13.73,0,450,1,"42.25,-83.75 (100.0%)"
2016-11-15,66.76,19.31,0.0,No thermal stress,48.2 to 78.8 F,43.71,23.98,61.47,23.05,1,450,1,"42.25,-83.75 (100.0%)"
2016-11-16,55.36,12.98,0.0,No thermal stress,48.2 to 78.8 F,42.85,23.07,60.64,12.51,0,450,1,"42.25,-83.75 (100.0%)"
2016-11-17,59.01,15.0,0.0,No thermal stress,48.2 to 78.8 F,41.84,22.52,59.51,17.17,0,450,1,"42.25,-83.75 (100.0%)"
2016-11-18,65.63,18.68,0.0,No thermal stress,48.2 to 78.8 F,41.23,21.94,59.2,24.4,1,450,1,"42.25,-83.75 (100.0%)"
2016-11-19,38.65,3.7,-1.0,Slight cold stress,32.0 to 48.2 F,40.94,21.87,59.18,-2.29,0,450,1,"42.25,-83.75 (100.0%)"
2016-11-20,3.84,-15.65,-3.0,Strong cold stress,-16.6 to 8.6 F,40.48,20.73,58.75,-36.64,0,450,1,"42.25,-83.75 (100.0%)"
2016-11-21,18.86,-7.3,-2.0,Moderate cold stress,8.6 to 32.0 F,40.3,20.98,58.55,-21.44,0,450,1,"42.25,-83.75 (100.0%)"
2016-11-22,56.29,13.49,0.0,No thermal stress,48.2 to 78.8 F,39.88,20.73,57.96,16.41,0,450,1,"42.25,-83.75 (100.0%)"
2016-11-23,21.95,-5.59,-2.0,Moderate cold stress,8.6 to 32.0 F,39.59,20.41,57.64,-17.64,0,450,1,"42.25,-83.75 (100.0%)"
2016-11-24,36.09,2.27,-1.0,Slight cold stress,32.0 to 48.2 F,39.06,19.65,57.2,-2.97,0,450,1,"42.25,-83.75 (100.0%)"
2016-11-25,38.81,3.79,-1.0,Slight cold stress,32.0 to 48.2 F,38.87,19.31,57.12,-0.06,0,450,1,"42.25,-83.75 (100.0%)"
2016-11-26,37.22,2.9,-1.0,Slight cold stress,32.0 to 48.2 F,38.47,19.16,56.81,-1.25,0,450,1,"42.25,-83.75 (100.0%)"
2016-11-27,48.86,9.37,0.0,No thermal stress,48.2 to 78.8 F,38.18,18.65,56.32,10.68,0,450,1,"42.25,-83.75 (100.0%)"
2016-11-28,23.57,-4.68,-2.0,Moderate cold stress,8.6 to 32.0 F,37.68,18.07,56.32,-14.11,0,450,1,"42.25,-83.75 (100.0%)"
2016-11-29,50.74,10.41,0.0,No thermal stress,48.2 to 78.8 F,36.62,16.73,55.81,14.12,0,450,1,"42.25,-83.75 (100.0%)"
2016-11-30,59.76,15.42,0.0,No thermal stress,48.2 to 78.8 F,36.04,16.04,55.35,23.72,1,450,1,"42.25,-83.75 (100.0%)"
2016-12-01,19.17,-7.13,-2.0,Moderate cold stress,8.6 to 32.0 F,35.55,15.63,54.6,-16.38,0,450,1,"42.25,-83.75 (100.0%)"
2016-12-02,26.76,-2.91,-2.0,Moderate cold stress,8.6 to 32.0 F,35.41,15.63,54.0,-8.65,0,450,1,"42.25,-83.75 (100.0%)"
2016-12-03,36.69,2.61,-1.0,Slight cold stress,32.0 to 48.2 F,34.83,14.52,53.52,1.86,0,450,1,"42.25,-83.75 (100.0%)"
2016-12-04,35.02,1.68,-1.0,Slight cold stress,32.0 to 48.2 F,34.19,13.82,54.0,0.83,0,450,1,"42.25,-83.75 (100.0%)"
2016-12-05,48.71,9.28,0.0,No thermal stress,48.2 to 78.8 F,33.85,13.48,53.42,14.86,0,450,1,"42.25,-83.75 (100.0%)"
2016-12-06,38.18,3.43,-1.0,Slight cold stress,32.0 to 48.2 F,33.6,12.66,53.49,4.58,0,450,1,"42.25,-83.75 (100.0%)"
2016-12-07,25.41,-3.66,-2.0,Moderate cold stress,8.6 to 32.0 F,33.28,12.02,53.42,-7.87,0,450,1,"42.25,-83.75 (100.0%)"
2016-12-08,1.05,-17.2,-3.0,Strong cold stress,-16.6 to 8.6 F,32.67,10.7,53.14,-31.62,0,450,1,"42.25,-83.75 (100.0%)"
2016-12-09,19.75,-6.81,-2.0,Moderate cold stress,8.6 to 32.0 F,32.68,10.7,53.14,-12.93,0,450,1,"42.25,-83.75 (100.0%)"
2016-12-10,13.48,-10.29,-2.0,Moderate cold stress,8.6 to 32.0 F,32.2,10.63,52.45,-18.72,0,450,1,"42.25,-83.75 (100.0%)"
2016-12-11,14.18,-9.9,-2.0,Moderate cold stress,8.6 to 32.0 F,31.62,10.12,52.19,-17.44,0,450,1,"42.25,-83.75 (100.0%)"
2016-12-12,14.76,-9.58,-2.0,Moderate cold stress,8.6 to 32.0 F,31.13,9.27,51.67,-16.37,0,450,1,"42.25,-83.75 (100.0%)"
2016-12-13,19.41,-7.0,-2.0,Moderate cold stress,8.6 to 32.0 F,30.91,9.86,51.03,-11.5,0,450,1,"42.25,-83.75 (100.0%)"
2016-12-14,-0.12,-17.84,-3.0,Strong cold stress,-16.6 to 8.6 F,31.19,10.12,50.76,-31.31,0,450,1,"42.25,-83.75 (100.0%)"
2016-12-15,1.6,-16.89,-3.0,Strong cold stress,-16.6 to 8.6 F,31.07,10.13,50.68,-29.47,0,450,1,"42.25,-83.75 (100.0%)"
2016-12-16,15.41,-9.22,-2.0,Moderate cold stress,8.6 to 32.0 F,30.83,9.59,50.64,-15.42,0,450,1,"42.25,-83.75 (100.0%)"
2016-12-17,33.16,0.65,-1.0,Slight cold stress,32.0 to 48.2 F,30.28,9.05,50.19,2.88,0,450,1,"42.25,-83.75 (100.0%)"
2016-12-18,29.83,-1.2,-2.0,Moderate cold stress,8.6 to 32.0 F,30.07,8.81,50.17,-0.24,0,450,1,"42.25,-83.75 (100.0%)"
2016-12-19,21.98,-5.57,-2.0,Moderate cold stress,8.6 to 32.0 F,29.89,8.92,49.82,-7.91,0,450,1,"42.25,-83.75 (100.0%)"
2016-12-20,12.03,-11.09,-2.0,Moderate cold stress,8.6 to 32.0 F,29.75,9.06,49.54,-17.72,0,450,1,"42.25,-83.75 (100.0%)"
2016-12-21,32.41,0.23,-1.0,Slight cold stress,32.0 to 48.2 F,29.48,8.81,48.96,2.93,0,450,1,"42.25,-83.75 (100.0%)"
2016-12-22,37.81,3.23,-1.0,Slight cold stress,32.0 to 48.2 F,29.34,9.06,48.03,8.47,0,450,1,"42.25,-83.75 (100.0%)"
2016-12-23,32.94,0.52,-1.0,Slight cold stress,32.0 to 48.2 F,29.26,9.06,48.26,3.68,0,450,1,"42.25,-83.75 (100.0%)"
2016-12-24,44.29,6.83,-1.0,Slight cold stress,32.0 to 48.2 F,28.82,8.15,47.87,15.47,0,450,1,"42.25,-83.75 (100.0%)"
2016-12-25,26.9,-2.83,-2.0,Moderate cold stress,8.6 to 32.0 F,28.52,7.93,47.72,-1.62,0,450,1,"42.25,-83.75 (100.0%)"
2016-12-26,37.54,3.08,-1.0,Slight cold stress,32.0 to 48.2 F,28.2,7.29,47.12,9.34,0,450,1,"42.25,-83.75 (100.0%)"
2016-12-27,9.46,-12.52,-2.0,Moderate cold stress,8.6 to 32.0 F,28.01,7.24,46.84,-18.55,0,450,1,"42.25,-83.75 (100.0%)"
2016-12-28,38.07,3.37,-1.0,Slight cold stress,32.0 to 48.2 F,27.71,6.28,46.42,10.36,0,450,1,"42.25,-83.75 (100.0%)"
2016-12-29,21.4,-5.89,-2.0,Moderate cold stress,8.6 to 32.0 F,27.46,6.03,46.27,-6.06,0,450,1,"42.25,-83.75 (100.0%)"
2016-12-30,6.14,-14.37,-3.0,Strong cold stress,-16.6 to 8.6 F,27.11,5.06,46.02,-20.97,0,450,1,"42.25,-83.75 (100.0%)"
2016-12-31,23.79,-4.56,-2.0,Moderate cold stress,8.6 to 32.0 F,26.72,4.33,45.82,-2.93,0,450,1,"42.25,-83.75 (100.0%)"
2017-01-01,52.48,11.38,0.0,No thermal stress,48.2 to 78.8 F,26.92,4.33,46.02,25.56,1,450,1,"42.25,-83.75 (100.0%)"
2017-01-02,40.96,4.98,-1.0,Slight cold stress,32.0 to 48.2 F,27.11,4.85,45.6,13.85,0,450,1,"42.25,-83.75 (100.0%)"
2017-01-03,42.11,5.62,-1.0,Slight cold stress,32.0 to 48.2 F,26.88,3.47,45.03,15.23,0,450,1,"42.25,-83.75 (100.0%)"
2017-01-04,5.06,-14.97,-3.0,Strong cold stress,-16.6 to 8.6 F,26.74,3.21,45.08,-21.68,0,450,1,"42.25,-83.75 (100.0%)"
2017-01-05,-4.13,-20.07,-3.0,Strong cold stress,-16.6 to 8.6 F,26.84,2.78,45.74,-30.97,0,450,1,"42.25,-83.75 (100.0%)"
2017-01-06,9.32,-12.6,-2.0,Moderate cold stress,8.6 to 32.0 F,26.53,2.78,45.43,-17.21,0,450,1,"42.25,-83.75 (100.0%)"
2017-01-07,6.76,-14.02,-3.0,Strong cold stress,-16.6 to 8.6 F,26.69,2.74,45.49,-19.93,0,450,1,"42.25,-83.75 (100.0%)"
2017-01-08,20.84,-6.2,-2.0,Moderate cold stress,8.6 to 32.0 F,26.84,3.32,46.02,-6.0,0,450,1,"42.25,-83.75 (100.0%)"
2017-01-09,26.47,-3.07,-2.0,Moderate cold stress,8.6 to 32.0 F,26.67,2.77,45.49,-0.2,0,450,1,"42.25,-83.75 (100.0%)"
2017-01-10,10.66,-11.86,-2.0,Moderate cold stress,8.6 to 32.0 F,26.49,2.42,45.43,-15.83,0,450,1,"42.25,-83.75 (100.0%)"
2017-01-11,28.69,-1.84,-2.0,Moderate cold stress,8.6 to 32.0 F,26.19,2.42,45.49,2.5,0,450,1,"42.25,-83.75 (100.0%)"
2017-01-12,34.38,1.32,-1.0,Slight cold stress,32.0 to 48.2 F,25.98,2.12,45.61,8.4,0,450,1,"42.25,-83.75 (100.0%)"
2017-01-13,33.6,0.89,-1.0,Slight cold stress,32.0 to 48.2 F,26.19,3.16,45.61,7.41,0,450,1,"42.25,-83.75 (100.0%)"
2017-01-14,40.09,4.5,-1.0,Slight cold stress,32.0 to 48.2 F,26.32,3.32,45.79,13.77,0,450,1,"42.25,-83.75 (100.0%)"
2017-01-15,53.16,11.75,0.0,No thermal stress,48.2 to 78.8 F,26.46,3.93,46.21,26.7,1,450,1,"42.25,-83.75 (100.0%)"
2017-01-16,30.31,-0.94,-2.0,Moderate cold stress,8.6 to 32.0 F,26.35,3.93,45.79,3.96,0,450,1,"42.25,-83.75 (100.0%)"
2017-01-17,34.54,1.41,-1.0,Slight cold stress,32.0 to 48.2 F,26.09,3.93,45.79,8.45,0,450,1,"42.25,-83.75 (100.0%)"
2017-01-18,34.1,1.17,-1.0,Slight cold stress,32.0 to 48.2 F,26.0,4.11,45.61,8.1,0,450,1,"42.25,-83.75 (100.0%)"
2017-01-19,51.09,10.61,0.0,No thermal stress,48.2 to 78.8 F,25.83,4.11,45.54,25.26,1,450,1,"42.25,-83.75 (100.0%)"
2017-01-20,44.58,6.99,-1.0,Slight cold stress,32.0 to 48.2 F,25.59,4.13,45.49,18.99,0,450,1,"42.25,-83.75 (100.0%)"
2017-01-21,60.52,15.84,0.0,No thermal stress,48.2 to 78.8 F,25.63,4.13,45.79,34.89,1,450,1,"42.25,-83.75 (100.0%)"
2017-01-22,56.07,13.37,0.0,No thermal stress,48.2 to 78.8 F,25.58,4.13,45.88,30.49,1,450,1,"42.25,-83.75 (100.0%)"
2017-01-23,37.37,2.98,-1.0,Slight cold stress,32.0 to 48.2 F,25.66,4.02,45.84,11.71,0,450,1,"42.25,-83.75 (100.0%)"
2017-01-24,37.38,2.99,-1.0,Slight cold stress,32.0 to 48.2 F,25.82,4.19,45.88,11.56,0,450,1,"42.25,-83.75 (100.0%)"
2017-01-25,37.05,2.81,-1.0,Slight cold stress,32.0 to 48.2 F,26.53,5.45,46.51,10.52,0,450,1,"42.25,-83.75 (100.0%)"
2017-01-26,21.26,-5.97,-2.0,Moderate cold stress,8.6 to 32.0 F,27.11,5.57,47.18,-5.85,0,450,1,"42.25,-83.75 (100.0%)"
2017-01-27,11.25,-11.53,-2.0,Moderate cold stress,8.6 to 32.0 F,27.85,5.6,48.62,-16.6,0,450,1,"42.25,-83.75 (100.0%)"
2017-01-28,6.65,-14.08,-3.0,Strong cold stress,-16.6 to 8.6 F,27.83,6.03,49.09,-21.18,0,450,1,"42.25,-83.75 (100.0%)"
2017-01-29,28.92,-1.71,-2.0,Moderate cold stress,8.6 to 32.0 F,27.91,5.98,49.47,1.01,0,450,1,"42.25,-83.75 (100.0%)"
2017-01-30,25.01,-3.88,-2.0,Moderate cold stress,8.6 to 32.0 F,28.43,6.67,49.63,-3.42,0,450,1,"42.25,-83.75 (100.0%)"
2017-01-31,32.34,0.19,-1.0,Slight cold stress,32.0 to 48.2 F,28.83,7.0,49.95,3.51,0,450,1,"42.25,-83.75 (100.0%)"
2017-02-01,44.73,7.07,-1.0,Slight cold stress,32.0 to 48.2 F,29.42,7.05,50.83,15.31,0,450,1,"42.25,-83.75 (100.0%)"
2017-02-02,3.19,-16.0,-3.0,Strong cold stress,-16.6 to 8.6 F,30.09,7.42,51.44,-26.9,0,450,1,"42.25,-83.75 (100.0%)"
2017-02-03,5.49,-14.73,-3.0,Strong cold stress,-16.6 to 8.6 F,30.27,7.52,52.34,-24.78,0,450,1,"42.25,-83.75 (100.0%)"
2017-02-04,28.45,-1.97,-2.0,Moderate cold stress,8.6 to 32.0 F,30.17,7.25,51.84,-1.72,0,450,1,"42.25,-83.75 (100.0%)"
2017-02-05,31.5,-0.28,-2.0,Moderate cold stress,8.6 to 32.0 F,30.06,7.0,50.72,1.44,0,450,1,"42.25,-83.75 (100.0%)"
2017-02-06,53.46,11.92,0.0,No thermal stress,48.2 to 78.8 F,29.92,7.25,51.44,23.54,1,450,1,"42.25,-83.75 (100.0%)"
2017-02-07,36.5,2.5,-1.0,Slight cold stress,32.0 to 48.2 F,30.29,7.96,51.44,6.21,0,450,1,"42.25,-83.75 (100.0%)"
2017-02-08,34.87,1.59,-1.0,Slight cold stress,32.0 to 48.2 F,30.68,8.06,52.26,4.19,0,450,1,"42.25,-83.75 (100.0%)"
2017-02-09,1.87,-16.74,-3.0,Strong cold stress,-16.6 to 8.6 F,30.85,8.23,52.42,-28.98,0,450,1,"42.25,-83.75 (100.0%)"
2017-02-10,15.71,-9.05,-2.0,Moderate cold stress,8.6 to 32.0 F,30.89,8.32,52.59,-15.18,0,450,1,"42.25,-83.75 (100.0%)"
2017-02-11,60.21,15.67,0.0,No thermal stress,48.2 to 78.8 F,30.85,9.29,52.26,29.36,1,450,1,"42.25,-83.75 (100.0%)"
2017-02-12,31.31,-0.39,-2.0,Moderate cold stress,8.6 to 32.0 F,31.35,9.24,52.5,-0.04,0,450,1,"42.25,-83.75 (100.0%)"
2017-02-13,47.28,8.49,-1.0,Slight cold stress,32.0 to 48.2 F,31.86,10.33,52.29,15.42,0,450,1,"42.25,-83.75 (100.0%)"
2017-02-14,38.08,3.38,-1.0,Slight cold stress,32.0 to 48.2 F,32.12,10.45,52.59,5.96,0,450,1,"42.25,-83.75 (100.0%)"
2017-02-15,10.91,-11.72,-2.0,Moderate cold stress,8.6 to 32.0 F,32.48,10.45,52.65,-21.57,0,450,1,"42.25,-83.75 (100.0%)"
2017-02-16,42.55,5.86,-1.0,Slight cold stress,32.0 to 48.2 F,32.96,10.86,52.59,9.59,0,450,1,"42.25,-83.75 (100.0%)"
2017-02-17,57.56,14.2,0.0,No thermal stress,48.2 to 78.8 F,33.18,10.41,52.65,24.38,1,450,1,"42.25,-83.75 (100.0%)"
2017-02-18,64.14,17.85,0.0,No thermal stress,48.2 to 78.8 F,33.6,10.48,53.18,30.54,1,450,1,"42.25,-83.75 (100.0%)"
2017-02-19,64.69,18.16,0.0,No thermal stress,48.2 to 78.8 F,34.15,10.91,53.18,30.54,1,450,1,"42.25,-83.75 (100.0%)"
2017-02-20,50.39,10.21,0.0,No thermal stress,48.2 to 78.8 F,34.81,11.63,53.82,15.58,0,450,1,"42.25,-83.75 (100.0%)"
2017-02-21,65.15,18.42,0.0,No thermal stress,48.2 to 78.8 F,35.84,13.51,54.87,29.31,1,458,1,"42.25,-83.75 (100.0%)"
2017-02-22,65.7,18.72,0.0,No thermal stress,48.2 to 78.8 F,36.11,13.51,55.25,29.59,1,458,1,"42.25,-83.75 (100.0%)"
2017-02-23,70.64,21.47,0.0,No thermal stress,48.2 to 78.8 F,36.51,15.03,55.43,34.13,1,458,1,"42.25,-83.75 (100.0%)"
2017-02-24,62.66,17.03,0.0,No thermal stress,48.2 to 78.8 F,36.64,13.9,56.02,26.02,1,458,1,"42.25,-83.75 (100.0%)"
2017-02-25,28.42,-1.99,-2.0,Moderate cold stress,8.6 to 32.0 F,37.26,14.48,56.52,-8.84,0,458,1,"42.25,-83.75 (100.0%)"
2017-02-26,27.56,-2.47,-2.0,Moderate cold stress,8.6 to 32.0 F,37.81,15.03,57.49,-10.25,0,458,1,"42.25,-83.75 (100.0%)"
2017-02-27,56.44,13.58,0.0,No thermal stress,48.2 to 78.8 F,38.16,16.07,57.58,18.28,0,458,1,"42.25,-83.75 (100.0%)"
2017-02-28,40.71,4.84,-1.0,Slight cold stress,32.0 to 48.2 F,38.88,16.44,58.91,1.83,0,458,1,"42.25,-83.75 (100.0%)"
2017-03-01,56.83,13.79,0.0,No thermal stress,48.2 to 78.8 F,39.1,16.58,60.18,17.73,0,458,1,"42.25,-83.75 (100.0%)"
2017-03-02,21.71,-5.72,-2.0,Moderate cold stress,8.6 to 32.0 F,39.28,16.58,60.34,-17.57,0,458,1,"42.25,-83.75 (100.0%)"
2017-03-03,15.99,-8.89,-2.0,Moderate cold stress,8.6 to 32.0 F,39.32,16.07,60.16,-23.33,0,458,1,"42.25,-83.75 (100.0%)"
2017-03-04,47.77,8.76,-1.0,Slight cold stress,32.0 to 48.2 F,39.98,16.69,60.41,7.79,0,458,1,"42.25,-83.75 (100.0%)"
2017-03-05,37.31,2.95,-1.0,Slight cold stress,32.0 to 48.2 F,40.67,17.28,60.57,-3.36,0,458,1,"42.25,-83.75 (100.0%)"
2017-03-06,49.36,9.65,0.0,No thermal stress,48.2 to 78.8 F,41.01,16.87,60.82,8.35,0,458,1,"42.25,-83.75 (100.0%)"
2017-03-07,46.83,8.24,-1.0,Slight cold stress,32.0 to 48.2 F,41.43,17.28,62.03,5.4,0,458,1,"42.25,-83.75 (100.0%)"
2017-03-08,25.48,-3.62,-2.0,Moderate cold stress,8.6 to 32.0 F,41.78,17.38,62.83,-16.3,0,450,1,"42.25,-83.75 (100.0%)"
2017-03-09,47.79,8.77,-1.0,Slight cold stress,32.0 to 48.2 F,42.21,16.94,64.44,5.58,0,450,1,"42.25,-83.75 (100.0%)"
2017-03-10,9.51,-12.49,-2.0,Moderate cold stress,8.6 to 32.0 F,42.91,17.57,64.44,-33.4,0,450,1,"42.25,-83.75 (100.0%)"
2017-03-11,26.07,-3.3,-2.0,Moderate cold stress,8.6 to 32.0 F,43.59,18.77,64.54,-17.52,0,450,1,"42.25,-83.75 (100.0%)"
2017-03-12,43.67,6.48,-1.0,Slight cold stress,32.0 to 48.2 F,43.94,19.98,64.54,-0.27,0,450,1,"42.25,-83.75 (100.0%)"
2017-03-13,13.9,-10.05,-2.0,Moderate cold stress,8.6 to 32.0 F,44.27,19.98,64.66,-30.37,0,450,1,"42.25,-83.75 (100.0%)"
2017-03-14,6.01,-14.44,-3.0,Strong cold stress,-16.6 to 8.6 F,44.57,21.17,65.49,-38.56,0,450,1,"42.25,-83.75 (100.0%)"
2017-03-15,18.79,-7.34,-2.0,Moderate cold stress,8.6 to 32.0 F,44.5,21.32,65.49,-25.71,0,450,1,"42.25,-83.75 (100.0%)"
2017-03-16,41.83,5.46,-1.0,Slight cold stress,32.0 to 48.2 F,45.02,22.05,65.49,-3.19,0,450,1,"42.25,-83.75 (100.0%)"
2017-03-17,25.76,-3.47,-2.0,Moderate cold stress,8.6 to 32.0 F,45.65,22.81,66.09,-19.89,0,450,1,"42.25,-83.75 (100.0%)"
2017-03-18,38.64,3.69,-1.0,Slight cold stress,32.0 to 48.2 F,46.0,22.99,66.25,-7.36,0,450,1,"42.25,-83.75 (100.0%)"
2017-03-19,66.09,18.94,0.0,No thermal stress,48.2 to 78.8 F,46.43,23.08,66.25,19.66,0,450,1,"42.25,-83.75 (100.0%)"
2017-03-20,69.17,20.65,0.0,No thermal stress,48.2 to 78.8 F,46.91,24.23,66.6,22.26,1,450,1,"42.25,-83.75 (100.0%)"
2017-03-21,55.19,12.88,0.0,No thermal stress,48.2 to 78.8 F,47.75,26.0,66.25,7.44,0,450,1,"42.25,-83.75 (100.0%)"
2017-03-22,53.35,11.86,0.0,No thermal stress,48.2 to 78.8 F,48.44,27.38,66.6,4.91,0,450,1,"42.25,-83.75 (100.0%)"
2017-03-23,38.0,3.33,-1.0,Slight cold stress,32.0 to 48.2 F,48.82,28.43,66.6,-10.82,0,450,1,"42.25,-83.75 (100.0%)"
2017-03-24,69.31,20.73,0.0,No thermal stress,48.2 to 78.8 F,49.1,30.49,66.09,20.21,1,450,1,"42.25,-83.75 (100.0%)"
2017-03-25,46.81,8.23,-1.0,Slight cold stress,32.0 to 48.2 F,49.35,30.71,66.47,-2.54,0,450,1,"42.25,-83.75 (100.0%)"
2017-03-26,61.64,16.47,0.0,No thermal stress,48.2 to 78.8 F,49.92,30.71,67.04,11.72,0,450,1,"42.25,-83.75 (100.0%)"
2017-03-27,62.89,17.16,0.0,No thermal stress,48.2 to 78.8 F,50.33,30.62,67.84,12.56,0,450,1,"42.25,-83.75 (100.0%)"
2017-03-28,61.13,16.18,0.0,No thermal stress,48.2 to 78.8 F,50.37,30.71,67.72,10.76,0,450,1,"42.25,-83.75 (100.0%)"
2017-03-29,64.86,18.25,0.0,No thermal stress,48.2 to 78.8 F,50.69,31.27,67.97,14.17,0,450,1,"42.25,-83.75 (100.0%)"
2017-03-30,25.5,-3.61,-2.0,Moderate cold stress,8.6 to 32.0 F,51.24,31.27,68.92,-25.74,0,450,1,"42.25,-83.75 (100.0%)"
2017-03-31,28.55,-1.92,-2.0,Moderate cold stress,8.6 to 32.0 F,51.61,31.27,69.07,-23.06,0,450,1,"42.25,-83.75 (100.0%)"
2017-04-01,62.54,16.97,0.0,No thermal stress,48.2 to 78.8 F,51.95,31.27,69.23,10.59,0,450,1,"42.25,-83.75 (100.0%)"
2017-04-02,67.64,19.8,0.0,No thermal stress,48.2 to 78.8 F,52.43,31.91,69.31,15.21,0,450,1,"42.25,-83.75 (100.0%)"
2017-04-03,55.86,13.26,0.0,No thermal stress,48.2 to 78.8 F,52.48,31.71,69.37,3.38,0,450,1,"42.25,-83.75 (100.0%)"
2017-04-04,43.44,6.35,-1.0,Slight cold stress,32.0 to 48.2 F,52.75,31.91,69.74,-9.31,0,450,1,"42.25,-83.75 (100.0%)"
2017-04-05,42.03,5.57,-1.0,Slight cold stress,32.0 to 48.2 F,52.87,31.67,69.89,-10.84,0,450,1,"42.25,-83.75 (100.0%)"
2017-04-06,15.73,-9.04,-2.0,Moderate cold stress,8.6 to 32.0 F,52.91,30.96,70.18,-37.18,0,450,1,"42.25,-83.75 (100.0%)"
2017-04-07,48.16,8.98,-1.0,Slight cold stress,32.0 to 48.2 F,53.26,30.47,70.39,-5.1,0,450,1,"42.25,-83.75 (100.0%)"
2017-04-08,65.13,18.4,0.0,No thermal stress,48.2 to 78.8 F,53.92,31.67,71.46,11.21,0,450,1,"42.25,-83.75 (100.0%)"
2017-04-09,69.74,20.97,0.0,No thermal stress,48.2 to 78.8 F,54.27,31.24,71.73,15.47,0,450,1,"42.25,-83.75 (100.0%)"
2017-04-10,73.51,23.06,0.0,No thermal stress,48.2 to 78.8 F,54.42,31.24,71.95,19.09,1,450,1,"42.25,-83.75 (100.0%)"
2017-04-11,63.96,17.75,0.0,No thermal stress,48.2 to 78.8 F,55.35,32.37,73.24,8.61,0,450,1,"42.25,-83.75 (100.0%)"
2017-04-12,65.58,18.66,0.0,No thermal stress,48.2 to 78.8 F,56.36,35.4,73.51,9.22,0,450,1,"42.25,-83.75 (100.0%)"
2017-04-13,51.74,10.97,0.0,No thermal stress,48.2 to 78.8 F,56.94,35.4,73.86,-5.2,0,450,1,"42.25,-83.75 (100.0%)"
2017-04-14,60.51,15.84,0.0,No thermal stress,48.2 to 78.8 F,57.32,35.86,74.34,3.19,0,450,1,"42.25,-83.75 (100.0%)"
2017-04-15,76.66,24.81,0.0,No thermal stress,48.2 to 78.8 F,57.57,36.62,74.55,19.09,1,450,1,"42.25,-83.75 (100.0%)"
2017-04-16,67.58,19.77,0.0,No thermal stress,48.2 to 78.8 F,57.93,36.62,74.58,9.65,0,450,1,"42.25,-83.75 (100.0%)"
2017-04-17,74.33,23.52,0.0,No thermal stress,48.2 to 78.8 F,58.57,37.4,75.15,15.76,0,450,1,"42.25,-83.75 (100.0%)"
2017-04-18,65.85,18.8,0.0,No thermal stress,48.2 to 78.8 F,59.09,38.67,75.36,6.76,0,450,1,"42.25,-83.75 (100.0%)"
2017-04-19,75.24,24.02,0.0,No thermal stress,48.2 to 78.8 F,59.38,39.43,76.04,15.86,0,450,1,"42.25,-83.75 (100.0%)"
2017-04-20,71.51,21.95,0.0,No thermal stress,48.2 to 78.8 F,59.64,39.7,76.13,11.87,0,450,1,"42.25,-83.75 (100.0%)"
2017-04-21,48.29,9.05,0.0,No thermal stress,48.2 to 78.8 F,60.08,40.09,76.16,-11.79,0,450,1,"42.25,-83.75 (100.0%)"
2017-04-22,64.45,18.03,0.0,No thermal stress,48.2 to 78.8 F,60.5,40.95,76.19,3.95,0,450,1,"42.25,-83.75 (100.0%)"
2017-04-23,79.76,26.53,1.0,Moderate heat stress,78.8 to 89.6 F,60.85,41.24,76.19,18.91,1,450,1,"42.25,-83.75 (100.0%)"
2017-04-24,67.96,19.98,0.0,No thermal stress,48.2 to 78.8 F,61.36,42.66,76.39,6.6,0,450,1,"42.25,-83.75 (100.0%)"
2017-04-25,72.66,22.59,0.0,No thermal stress,48.2 to 78.8 F,61.89,44.24,76.95,10.77,0,450,1,"42.25,-83.75 (100.0%)"
2017-04-26,76.16,24.53,0.0,No thermal stress,48.2 to 78.8 F,61.98,44.24,76.95,14.18,0,450,1,"42.25,-83.75 (100.0%)"
2017-04-27,61.16,16.2,0.0,No thermal stress,48.2 to 78.8 F,62.34,45.1,76.95,-1.18,0,450,1,"42.25,-83.75 (100.0%)"
2017-04-28,67.22,19.57,0.0,No thermal stress,48.2 to 78.8 F,62.79,45.94,76.96,4.43,0,450,1,"42.25,-83.75 (100.0%)"
2017-04-29,60.47,15.82,0.0,No thermal stress,48.2 to 78.8 F,63.48,47.52,77.46,-3.01,0,450,1,"42.25,-83.75 (100.0%)"
2017-04-30,67.94,19.97,0.0,No thermal stress,48.2 to 78.8 F,64.29,48.53,77.63,3.65,0,450,1,"42.25,-83.75 (100.0%)"
2017-05-01,60.67,15.93,0.0,No thermal stress,48.2 to 78.8 F,64.79,48.65,78.06,-4.12,0,450,1,"42.25,-83.75 (100.0%)"
2017-05-02,31.04,-0.53,-2.0,Moderate cold stress,8.6 to 32.0 F,65.32,49.17,79.15,-34.28,0,450,1,"42.25,-83.75 (100.0%)"
2017-05-03,75.31,24.06,0.0,No thermal stress,48.2 to 78.8 F,65.99,49.77,79.82,9.32,0,450,1,"42.25,-83.75 (100.0%)"
2017-05-04,39.35,4.08,-1.0,Slight cold stress,32.0 to 48.2 F,66.32,49.65,80.13,-26.97,0,450,1,"42.25,-83.75 (100.0%)"
2017-05-05,25.94,-3.37,-2.0,Moderate cold stress,8.6 to 32.0 F,66.73,49.38,80.72,-40.79,0,450,1,"42.25,-83.75 (100.0%)"
2017-05-06,47.24,8.47,-1.0,Slight cold stress,32.0 to 48.2 F,67.33,50.33,81.37,-20.09,0,450,1,"42.25,-83.75 (100.0%)"
2017-05-07,49.69,9.83,0.0,No thermal stress,48.2 to 78.8 F,67.72,50.39,81.94,-18.03,0,450,1,"42.25,-83.75 (100.0%)"
2017-05-08,57.1,13.94,0.0,No thermal stress,48.2 to 78.8 F,67.96,50.07,82.34,-10.86,0,450,1,"42.25,-83.75 (100.0%)"
2017-05-09,75.55,24.2,0.0,No thermal stress,48.2 to 78.8 F,68.29,50.33,82.62,7.26,0,450,1,"42.25,-83.75 (100.0%)"
2017-05-10,68.27,20.15,0.0,No thermal stress,48.2 to 78.8 F,68.78,50.77,82.86,-0.51,0,450,1,"42.25,-83.75 (100.0%)"
2017-05-11,72.54,22.52,0.0,No thermal stress,48.2 to 78.8 F,68.91,51.78,83.07,3.63,0,450,1,"42.25,-83.75 (100.0%)"
2017-05-12,74.23,23.46,0.0,No thermal stress,48.2 to 78.8 F,69.21,51.78,83.47,5.02,0,450,1,"42.25,-83.75 (100.0%)"
2017-05-13,79.87,26.6,1.0,Moderate heat stress,78.8 to 89.6 F,69.68,52.03,83.97,10.19,0,450,1,"42.25,-83.75 (100.0%)"
2017-05-14,68.7,20.39,0.0,No thermal stress,48.2 to 78.8 F,69.91,52.16,84.48,-1.21,0,450,1,"42.25,-83.75 (100.0%)"
2017-05-15,77.79,25.44,0.0,No thermal stress,48.2 to 78.8 F,70.28,52.88,84.76,7.51,0,450,1,"42.25,-83.75 (100.0%)"
2017-05-16,83.86,28.81,1.0,Moderate heat stress,78.8 to 89.6 F,70.82,54.11,85.48,13.04,0,450,1,"42.25,-83.75 (100.0%)"
2017-05-17,82.59,28.11,1.0,Moderate heat stress,78.8 to 89.6 F,71.01,54.3,85.81,11.58,0,450,1,"42.25,-83.75 (100.0%)"
2017-05-18,79.83,26.57,1.0,Moderate heat stress,78.8 to 89.6 F,71.2,54.3,86.13,8.63,0,450,1,"42.25,-83.75 (100.0%)"
2017-05-19,67.32,19.62,0.0,No thermal stress,48.2 to 78.8 F,71.89,55.55,86.51,-4.57,0,450,1,"42.25,-83.75 (100.0%)"
2017-05-20,57.57,14.2,0.0,No thermal stress,48.2 to 78.8 F,72.59,57.55,86.7,-15.02,0,450,1,"42.25,-83.75 (100.0%)"
2017-05-21,71.89,22.16,0.0,No thermal stress,48.2 to 78.8 F,73.25,58.24,86.93,-1.36,0,450,1,"42.25,-83.75 (100.0%)"
2017-05-22,66.84,19.35,0.0,No thermal stress,48.2 to 78.8 F,73.89,58.73,87.48,-7.05,0,450,1,"42.25,-83.75 (100.0%)"
2017-05-23,75.97,24.43,0.0,No thermal stress,48.2 to 78.8 F,74.67,59.71,88.0,1.3,0,450,1,"42.25,-83.75 (100.0%)"
2017-05-24,71.39,21.88,0.0,No thermal stress,48.2 to 78.8 F,75.17,60.03,88.24,-3.78,0,450,1,"42.25,-83.75 (100.0%)"
2017-05-25,62.45,16.91,0.0,No thermal stress,48.2 to 78.8 F,75.44,60.03,88.36,-12.99,0,450,1,"42.25,-83.75 (100.0%)"
2017-05-26,77.32,25.18,0.0,No thermal stress,48.2 to 78.8 F,75.93,60.85,88.62,1.39,0,450,1,"42.25,-83.75 (100.0%)"
2017-05-27,83.13,28.41,1.0,Moderate heat stress,78.8 to 89.6 F,76.18,61.38,88.43,6.95,0,450,1,"42.25,-83.75 (100.0%)"
2017-05-28,84.39,29.11,1.0,Moderate heat stress,78.8 to 89.6 F,76.42,62.28,88.6,7.97,0,450,1,"42.25,-83.75 (100.0%)"
2017-05-29,76.1,24.5,0.0,No thermal stress,48.2 to 78.8 F,76.75,62.83,88.79,-0.65,0,450,1,"42.25,-83.75 (100.0%)"
2017-05-30,70.36,21.31,0.0,No thermal stress,48.2 to 78.8 F,77.04,62.83,88.94,-6.68,0,450,1,"42.25,-83.75 (100.0%)"
2017-05-31,68.04,20.02,0.0,No thermal stress,48.2 to 78.8 F,77.38,63.29,89.31,-9.34,0,450,1,"42.25,-83.75 (100.0%)"
2017-06-01,76.88,24.94,0.0,No thermal stress,48.2 to 78.8 F,77.95,64.57,89.53,-1.07,0,450,1,"42.25,-83.75 (100.0%)"
2017-06-02,78.31,25.73,0.0,No thermal stress,48.2 to 78.8 F,78.51,65.72,89.65,-0.2,0,450,1,"42.25,-83.75 (100.0%)"
2017-06-03,84.22,29.01,1.0,Moderate heat stress,78.8 to 89.6 F,78.93,66.01,89.97,5.29,0,450,1,"42.25,-83.75 (100.0%)"
2017-06-04,85.96,29.98,1.0,Moderate heat stress,78.8 to 89.6 F,79.39,67.5,90.32,6.57,0,450,1,"42.25,-83.75 (100.0%)"
2017-06-05,71.94,22.19,0.0,No thermal stress,48.2 to 78.8 F,79.56,68.01,90.46,-7.62,0,450,1,"42.25,-83.75 (100.0%)"
2017-06-06,63.58,17.54,0.0,No thermal stress,48.2 to 78.8 F,79.74,68.48,90.4,-16.16,0,450,1,"42.25,-83.75 (100.0%)"
2017-06-07,74.35,23.53,0.0,No thermal stress,48.2 to 78.8 F,80.0,68.92,90.36,-5.65,0,450,1,"42.25,-83.75 (100.0%)"
2017-06-08,85.99,29.99,1.0,Moderate heat stress,78.8 to 89.6 F,80.37,69.52,90.5,5.62,0,450,1,"42.25,-83.75 (100.0%)"
2017-06-09,82.44,28.02,1.0,Moderate heat stress,78.8 to 89.6 F,80.79,69.85,90.79,1.65,0,450,1,"42.25,-83.75 (100.0%)"
2017-06-10,83.96,28.87,1.0,Moderate heat stress,78.8 to 89.6 F,81.31,69.96,91.35,2.65,0,450,1,"42.25,-83.75 (100.0%)"
2017-06-11,90.36,32.42,2.0,Strong heat stress,89.6 to 100.4 F,82.06,70.24,92.17,8.3,0,450,1,"42.25,-83.75 (100.0%)"
2017-06-12,92.0,33.33,2.0,Strong heat stress,89.6 to 100.4 F,82.57,70.62,92.55,9.43,0,450,1,"42.25,-83.75 (100.0%)"
2017-06-13,95.54,35.3,2.0,Strong heat stress,89.6 to 100.4 F,82.98,71.32,92.81,12.56,1,450,1,"42.25,-83.75 (100.0%)"
2017-06-14,90.36,32.42,2.0,Strong heat stress,89.6 to 100.4 F,83.43,72.24,93.04,6.93,0,450,1,"42.25,-83.75 (100.0%)"
2017-06-15,93.19,33.99,2.0,Strong heat stress,89.6 to 100.4 F,83.67,72.41,93.06,9.52,1,450,1,"42.25,-83.75 (100.0%)"
2017-06-16,91.82,33.23,2.0,Strong heat stress,89.6 to 100.4 F,83.87,72.74,93.13,7.95,0,450,1,"42.25,-83.75 (100.0%)"
2017-06-17,87.12,30.62,1.0,Moderate heat stress,78.8 to 89.6 F,84.1,73.25,93.17,3.02,0,450,1,"42.25,-83.75 (100.0%)"
2017-06-18,82.06,27.81,1.0,Moderate heat stress,78.8 to 89.6 F,84.29,73.38,93.37,-2.23,0,450,1,"42.25,-83.75 (100.0%)"
2017-06-19,75.58,24.21,0.0,No thermal stress,48.2 to 78.8 F,84.55,73.38,93.72,-8.97,0,450,1,"42.25,-83.75 (100.0%)"
2017-06-20,73.39,22.99,0.0,No thermal stress,48.2 to 78.8 F,84.78,73.48,93.86,-11.39,0,450,1,"42.25,-83.75 (100.0%)"
2017-06-21,88.39,31.33,1.0,Moderate heat stress,78.8 to 89.6 F,85.06,73.98,94.01,3.33,0,450,1,"42.25,-83.75 (100.0%)"
2017-06-22,89.83,32.13,2.0,Strong heat stress,89.6 to 100.4 F,85.12,74.03,94.04,4.71,0,450,1,"42.25,-83.75 (100.0%)"
2017-06-23,80.08,26.71,1.0,Moderate heat stress,78.8 to 89.6 F,85.26,74.08,94.21,-5.18,0,450,1,"42.25,-83.75 (100.0%)"
2017-06-24,74.01,23.34,0.0,No thermal stress,48.2 to 78.8 F,85.39,74.51,94.21,-11.38,0,450,1,"42.25,-83.75 (100.0%)"
2017-06-25,63.04,17.24,0.0,No thermal stress,48.2 to 78.8 F,85.56,74.72,94.3,-22.52,0,450,1,"42.25,-83.75 (100.0%)"
2017-06-26,65.05,18.36,0.0,No thermal stress,48.2 to 78.8 F,85.55,74.72,94.34,-20.5,0,450,1,"42.25,-83.75 (100.0%)"
2017-06-27,71.0,21.67,0.0,No thermal stress,48.2 to 78.8 F,85.7,74.84,94.56,-14.7,0,450,1,"42.25,-83.75 (100.0%)"
2017-06-28,78.66,25.92,0.0,No thermal stress,48.2 to 78.8 F,85.99,75.38,95.06,-7.33,0,450,1,"42.25,-83.75 (100.0%)"
2017-06-29,85.14,29.52,1.0,Moderate heat stress,78.8 to 89.6 F,86.14,75.47,95.57,-1.0,0,450,1,"42.25,-83.75 (100.0%)"
2017-06-30,91.5,33.06,2.0,Strong heat stress,89.6 to 100.4 F,86.35,75.75,95.7,5.15,0,450,1,"42.25,-83.75 (100.0%)"
2017-07-01,84.55,29.19,1.0,Moderate heat stress,78.8 to 89.6 F,86.5,75.8,95.85,-1.95,0,450,1,"42.25,-83.75 (100.0%)"
2017-07-02,84.77,29.32,1.0,Moderate heat stress,78.8 to 89.6 F,86.53,75.8,95.71,-1.76,0,450,1,"42.25,-83.75 (100.0%)"
2017-07-03,89.88,32.16,2.0,Strong heat stress,89.6 to 100.4 F,86.59,75.98,95.69,3.29,0,450,1,"42.25,-83.75 (100.0%)"
2017-07-04,88.3,31.28,1.0,Moderate heat stress,78.8 to 89.6 F,86.59,76.0,95.6,1.71,0,450,1,"42.25,-83.75 (100.0%)"
2017-07-05,91.27,32.93,2.0,Strong heat stress,89.6 to 100.4 F,86.68,76.4,95.37,4.59,0,450,1,"42.25,-83.75 (100.0%)"
2017-07-06,94.74,34.86,2.0,Strong heat stress,89.6 to 100.4 F,86.8,76.84,95.34,7.94,0,450,1,"42.25,-83.75 (100.0%)"
2017-07-07,83.84,28.8,1.0,Moderate heat stress,78.8 to 89.6 F,87.03,77.15,95.61,-3.19,0,450,1,"42.25,-83.75 (100.0%)"
2017-07-08,78.7,25.94,0.0,No thermal stress,48.2 to 78.8 F,87.21,77.39,95.74,-8.51,0,450,1,"42.25,-83.75 (100.0%)"
2017-07-09,83.56,28.64,1.0,Moderate heat stress,78.8 to 89.6 F,87.5,77.72,96.15,-3.94,0,450,1,"42.25,-83.75 (100.0%)"
2017-07-10,79.35,26.31,1.0,Moderate heat stress,78.8 to 89.6 F,87.66,77.86,96.15,-8.31,0,450,1,"42.25,-83.75 (100.0%)"
2017-07-11,94.9,34.95,2.0,Strong heat stress,89.6 to 100.4 F,87.89,78.0,96.24,7.01,0,450,1,"42.25,-83.75 (100.0%)"
2017-07-12,88.77,31.54,1.0,Moderate heat stress,78.8 to 89.6 F,87.94,78.35,96.15,0.83,0,450,1,"42.25,-83.75 (100.0%)"
2017-07-13,86.07,30.04,1.0,Moderate heat stress,78.8 to 89.6 F,87.94,78.34,95.98,-1.87,0,450,1,"42.25,-83.75 (100.0%)"
2017-07-14,82.34,27.97,1.0,Moderate heat stress,78.8 to 89.6 F,88.08,78.61,96.37,-5.74,0,450,1,"42.25,-83.75 (100.0%)"
2017-07-15,87.77,30.98,1.0,Moderate heat stress,78.8 to 89.6 F,88.07,78.57,96.32,-0.3,0,450,1,"42.25,-83.75 (100.0%)"
2017-07-16,85.35,29.64,1.0,Moderate heat stress,78.8 to 89.6 F,88.01,78.52,96.45,-2.66,0,450,1,"42.25,-83.75 (100.0%)"
2017-07-17,88.77,31.54,1.0,Moderate heat stress,78.8 to 89.6 F,88.09,78.7,96.46,0.68,0,450,1,"42.25,-83.75 (100.0%)"
2017-07-18,92.45,33.58,2.0,Strong heat stress,89.6 to 100.4 F,88.09,78.75,96.59,4.36,0,450,1,"42.25,-83.75 (100.0%)"
2017-07-19,97.22,36.23,2.0,Strong heat stress,89.6 to 100.4 F,88.1,78.75,96.79,9.12,1,450,1,"42.25,-83.75 (100.0%)"
2017-07-20,89.97,32.21,2.0,Strong heat stress,89.6 to 100.4 F,88.13,78.75,96.86,1.84,0,450,1,"42.25,-83.75 (100.0%)"
2017-07-21,99.29,37.38,2.0,Strong heat stress,89.6 to 100.4 F,88.02,78.8,96.8,11.27,1,450,1,"42.25,-83.75 (100.0%)"
2017-07-22,89.76,32.09,2.0,Strong heat stress,89.6 to 100.4 F,87.9,78.9,96.48,1.86,0,450,1,"42.25,-83.75 (100.0%)"
2017-07-23,90.97,32.76,2.0,Strong heat stress,89.6 to 100.4 F,87.84,79.3,96.4,3.13,0,450,1,"42.25,-83.75 (100.0%)"
2017-07-24,72.52,22.51,0.0,No thermal stress,48.2 to 78.8 F,87.76,79.3,96.45,-15.24,0,450,1,"42.25,-83.75 (100.0%)"
2017-07-25,89.28,31.82,1.0,Moderate heat stress,78.8 to 89.6 F,87.7,78.96,96.45,1.58,0,450,1,"42.25,-83.75 (100.0%)"
2017-07-26,87.21,30.67,1.0,Moderate heat stress,78.8 to 89.6 F,87.64,78.75,96.33,-0.43,0,450,1,"42.25,-83.75 (100.0%)"
2017-07-27,93.48,34.15,2.0,Strong heat stress,89.6 to 100.4 F,87.68,78.75,96.29,5.8,0,450,1,"42.25,-83.75 (100.0%)"
2017-07-28,77.35,25.19,0.0,No thermal stress,48.2 to 78.8 F,87.53,78.55,96.24,-10.18,0,450,1,"42.25,-83.75 (100.0%)"
2017-07-29,82.02,27.79,1.0,Moderate heat stress,78.8 to 89.6 F,87.2,78.41,95.71,-5.18,0,450,1,"42.25,-83.75 (100.0%)"
2017-07-30,89.79,32.1,2.0,Strong heat stress,89.6 to 100.4 F,87.03,78.28,95.44,2.76,0,450,1,"42.25,-83.75 (100.0%)"
2017-07-31,91.06,32.81,2.0,Strong heat stress,89.6 to 100.4 F,87.11,78.55,95.26,3.95,0,450,1,"42.25,-83.75 (100.0%)"
2017-08-01,88.95,31.64,1.0,Moderate heat stress,78.8 to 89.6 F,87.08,78.27,95.03,1.87,0,450,1,"42.25,-83.75 (100.0%)"
2017-08-02,89.99,32.22,2.0,Strong heat stress,89.6 to 100.4 F,87.08,78.17,95.22,2.91,0,450,1,"42.25,-83.75 (100.0%)"
2017-08-03,91.08,32.82,2.0,Strong heat stress,89.6 to 100.4 F,87.04,78.08,95.22,4.04,0,450,1,"42.25,-83.75 (100.0%)"
2017-08-04,69.38,20.77,0.0,No thermal stress,48.2 to 78.8 F,86.87,77.86,95.26,-17.49,0,450,1,"42.25,-83.75 (100.0%)"
2017-08-05,74.96,23.87,0.0,No thermal stress,48.2 to 78.8 F,86.91,77.89,95.26,-11.95,0,450,1,"42.25,-83.75 (100.0%)"
2017-08-06,80.4,26.89,1.0,Moderate heat stress,78.8 to 89.6 F,86.9,77.75,95.26,-6.5,0,450,1,"42.25,-83.75 (100.0%)"
2017-08-07,83.97,28.87,1.0,Moderate heat stress,78.8 to 89.6 F,86.76,77.28,95.26,-2.79,0,450,1,"42.25,-83.75 (100.0%)"
2017-08-08,84.24,29.02,1.0,Moderate heat stress,78.8 to 89.6 F,86.69,76.79,95.2,-2.45,0,450,1,"42.25,-83.75 (100.0%)"
2017-08-09,88.3,31.28,1.0,Moderate heat stress,78.8 to 89.6 F,86.5,76.77,94.82,1.8,0,450,1,"42.25,-83.75 (100.0%)"
2017-08-10,88.49,31.38,1.0,Moderate heat stress,78.8 to 89.6 F,86.21,76.41,94.18,2.28,0,450,1,"42.25,-83.75 (100.0%)"
2017-08-11,86.01,30.0,1.0,Moderate heat stress,78.8 to 89.6 F,85.98,76.22,93.94,0.03,0,450,1,"42.25,-83.75 (100.0%)"
2017-08-12,78.91,26.06,1.0,Moderate heat stress,78.8 to 89.6 F,85.9,76.41,93.73,-6.99,0,450,1,"42.25,-83.75 (100.0%)"
2017-08-13,88.27,31.26,1.0,Moderate heat stress,78.8 to 89.6 F,85.72,76.22,93.57,2.55,0,450,1,"42.25,-83.75 (100.0%)"
2017-08-14,81.31,27.4,1.0,Moderate heat stress,78.8 to 89.6 F,85.63,76.0,93.55,-4.32,0,450,1,"42.25,-83.75 (100.0%)"
2017-08-15,90.28,32.38,2.0,Strong heat stress,89.6 to 100.4 F,85.39,75.26,93.55,4.89,0,450,1,"42.25,-83.75 (100.0%)"
2017-08-16,90.14,32.3,2.0,Strong heat stress,89.6 to 100.4 F,85.28,74.94,93.55,4.86,0,450,1,"42.25,-83.75 (100.0%)"
2017-08-17,85.11,29.5,1.0,Moderate heat stress,78.8 to 89.6 F,85.12,74.62,93.21,-0.01,0,450,1,"42.25,-83.75 (100.0%)"
2017-08-18,74.22,23.46,0.0,No thermal stress,48.2 to 78.8 F,85.08,75.18,93.16,-10.86,0,450,1,"42.25,-83.75 (100.0%)"
2017-08-19,81.75,27.64,1.0,Moderate heat stress,78.8 to 89.6 F,85.27,75.25,93.17,-3.52,0,450,1,"42.25,-83.75 (100.0%)"
2017-08-20,90.36,32.42,2.0,Strong heat stress,89.6 to 100.4 F,85.3,75.25,93.13,5.06,0,450,1,"42.25,-83.75 (100.0%)"
2017-08-21,96.44,35.8,2.0,Strong heat stress,89.6 to 100.4 F,85.11,74.94,93.16,11.33,1,450,1,"42.25,-83.75 (100.0%)"
2017-08-22,79.63,26.46,1.0,Moderate heat stress,78.8 to 89.6 F,85.03,74.74,93.17,-5.4,0,450,1,"42.25,-83.75 (100.0%)"
2017-08-23,73.49,23.05,0.0,No thermal stress,48.2 to 78.8 F,84.9,74.43,93.09,-11.41,0,450,1,"42.25,-83.75 (100.0%)"
2017-08-24,70.35,21.3,0.0,No thermal stress,48.2 to 78.8 F,84.76,74.22,93.09,-14.41,0,450,1,"42.25,-83.75 (100.0%)"
2017-08-25,82.37,27.98,1.0,Moderate heat stress,78.8 to 89.6 F,84.72,73.91,93.19,-2.35,0,450,1,"42.25,-83.75 (100.0%)"
2017-08-26,84.16,28.98,1.0,Moderate heat stress,78.8 to 89.6 F,84.61,73.75,93.47,-0.45,0,450,1,"42.25,-83.75 (100.0%)"
2017-08-27,83.3,28.5,1.0,Moderate heat stress,78.8 to 89.6 F,84.58,73.77,93.55,-1.28,0,450,1,"42.25,-83.75 (100.0%)"
2017-08-28,79.39,26.33,1.0,Moderate heat stress,78.8 to 89.6 F,84.6,73.77,93.57,-5.21,0,450,1,"42.25,-83.75 (100.0%)"
2017-08-29,85.18,29.54,1.0,Moderate heat stress,78.8 to 89.6 F,84.54,73.49,93.58,0.64,0,450,1,"42.25,-83.75 (100.0%)"
2017-08-30,85.47,29.71,1.0,Moderate heat stress,78.8 to 89.6 F,84.51,73.73,93.58,0.96,0,450,1,"42.25,-83.75 (100.0%)"
2017-08-31,74.21,23.45,0.0,No thermal stress,48.2 to 78.8 F,84.37,73.72,93.6,-10.16,0,450,1,"42.25,-83.75 (100.0%)"
2017-09-01,67.2,19.56,0.0,No thermal stress,48.2 to 78.8 F,83.96,72.01,93.6,-16.76,0,450,1,"42.25,-83.75 (100.0%)"
2017-09-02,79.12,26.18,1.0,Moderate heat stress,78.8 to 89.6 F,83.55,71.57,93.52,-4.43,0,450,1,"42.25,-83.75 (100.0%)"
2017-09-03,76.55,24.75,0.0,No thermal stress,48.2 to 78.8 F,82.9,70.98,93.35,-6.35,0,450,1,"42.25,-83.75 (100.0%)"
2017-09-04,85.0,29.44,1.0,Moderate heat stress,78.8 to 89.6 F,82.36,70.1,93.27,2.64,0,450,1,"42.25,-83.75 (100.0%)"
2017-09-05,69.16,20.64,0.0,No thermal stress,48.2 to 78.8 F,82.11,69.93,92.96,-12.95,0,450,1,"42.25,-83.75 (100.0%)"
2017-09-06,73.12,22.84,0.0,No thermal stress,48.2 to 78.8 F,81.75,69.35,92.12,-8.63,0,450,1,"42.25,-83.75 (100.0%)"
2017-09-07,71.21,21.78,0.0,No thermal stress,48.2 to 78.8 F,81.26,68.98,91.73,-10.05,0,450,1,"42.25,-83.75 (100.0%)"
2017-09-08,68.99,20.55,0.0,No thermal stress,48.2 to 78.8 F,80.78,67.98,91.72,-11.79,0,450,1,"42.25,-83.75 (100.0%)"
2017-09-09,71.48,21.93,0.0,No thermal stress,48.2 to 78.8 F,80.4,67.84,91.25,-8.92,0,450,1,"42.25,-83.75 (100.0%)"
2017-09-10,76.41,24.67,0.0,No thermal stress,48.2 to 78.8 F,80.0,66.86,90.85,-3.59,0,450,1,"42.25,-83.75 (100.0%)"
2017-09-11,82.26,27.92,1.0,Moderate heat stress,78.8 to 89.6 F,79.53,66.16,90.28,2.73,0,450,1,"42.25,-83.75 (100.0%)"
2017-09-12,82.82,28.23,1.0,Moderate heat stress,78.8 to 89.6 F,79.12,65.59,89.59,3.7,0,450,1,"42.25,-83.75 (100.0%)"
2017-09-13,80.95,27.19,1.0,Moderate heat stress,78.8 to 89.6 F,78.71,65.45,88.96,2.24,0,450,1,"42.25,-83.75 (100.0%)"
2017-09-14,86.38,30.21,1.0,Moderate heat stress,78.8 to 89.6 F,78.22,65.04,88.57,8.16,0,450,1,"42.25,-83.75 (100.0%)"
2017-09-15,86.05,30.03,1.0,Moderate heat stress,78.8 to 89.6 F,77.58,64.32,88.4,8.47,0,450,1,"42.25,-83.75 (100.0%)"
2017-09-16,87.08,30.6,1.0,Moderate heat stress,78.8 to 89.6 F,77.35,64.32,87.98,9.73,0,450,1,"42.25,-83.75 (100.0%)"
2017-09-17,87.81,31.01,1.0,Moderate heat stress,78.8 to 89.6 F,76.96,63.86,87.9,10.85,0,450,1,"42.25,-83.75 (100.0%)"
2017-09-18,84.7,29.28,1.0,Moderate heat stress,78.8 to 89.6 F,76.61,63.81,87.73,8.09,0,450,1,"42.25,-83.75 (100.0%)"
2017-09-19,72.98,22.77,0.0,No thermal stress,48.2 to 78.8 F,76.14,63.12,87.59,-3.16,0,450,1,"42.25,-83.75 (100.0%)"
2017-09-20,89.68,32.04,2.0,Strong heat stress,89.6 to 100.4 F,75.6,62.56,87.33,14.08,1,450,1,"42.25,-83.75 (100.0%)"
2017-09-21,96.54,35.86,2.0,Strong heat stress,89.6 to 100.4 F,74.96,61.3,86.8,21.58,1,450,1,"42.25,-83.75 (100.0%)"
2017-09-22,100.19,37.88,2.0,Strong heat stress,89.6 to 100.4 F,74.29,60.47,86.49,25.9,1,450,1,"42.25,-83.75 (100.0%)"
2017-09-23,98.25,36.8,2.0,Strong heat stress,89.6 to 100.4 F,73.71,59.88,85.86,24.54,1,450,1,"42.25,-83.75 (100.0%)"
2017-09-24,93.67,34.26,2.0,Strong heat stress,89.6 to 100.4 F,73.05,59.06,85.56,20.62,1,450,1,"42.25,-83.75 (100.0%)"
2017-09-25,96.45,35.81,2.0,Strong heat stress,89.6 to 100.4 F,72.36,57.65,85.16,24.09,1,450,1,"42.25,-83.75 (100.0%)"
2017-09-26,94.78,34.88,2.0,Strong heat stress,89.6 to 100.4 F,71.66,56.96,85.08,23.12,1,450,1,"42.25,-83.75 (100.0%)"
2017-09-27,77.68,25.38,0.0,No thermal stress,48.2 to 78.8 F,70.99,55.35,84.81,6.69,0,450,1,"42.25,-83.75 (100.0%)"
2017-09-28,66.22,19.01,0.0,No thermal stress,48.2 to 78.8 F,70.26,54.33,84.56,-4.04,0,450,1,"42.25,-83.75 (100.0%)"
2017-09-29,63.22,17.34,0.0,No thermal stress,48.2 to 78.8 F,69.72,54.23,84.15,-6.5,0,450,1,"42.25,-83.75 (100.0%)"
2017-09-30,77.09,25.05,0.0,No thermal stress,48.2 to 78.8 F,69.23,53.33,83.77,7.86,0,450,1,"42.25,-83.75 (100.0%)"
2017-10-01,73.46,23.04,0.0,No thermal stress,48.2 to 78.8 F,68.67,52.88,83.54,4.79,0,450,1,"42.25,-83.75 (100.0%)"
2017-10-02,79.04,26.14,1.0,Moderate heat stress,78.8 to 89.6 F,68.26,52.12,83.27,10.78,0,450,1,"42.25,-83.75 (100.0%)"
2017-10-03,82.32,27.95,1.0,Moderate heat stress,78.8 to 89.6 F,67.96,51.68,82.82,14.36,0,450,1,"42.25,-83.75 (100.0%)"
2017-10-04,72.19,22.33,0.0,No thermal stress,48.2 to 78.8 F,67.57,51.45,82.33,4.62,0,450,1,"42.25,-83.75 (100.0%)"
2017-10-05,78.3,25.72,0.0,No thermal stress,48.2 to 78.8 F,67.08,50.52,82.2,11.22,0,450,1,"42.25,-83.75 (100.0%)"
2017-10-06,72.06,22.25,0.0,No thermal stress,48.2 to 78.8 F,66.62,49.45,82.14,5.44,0,450,1,"42.25,-83.75 (100.0%)"
2017-10-07,78.08,25.6,0.0,No thermal stress,48.2 to 78.8 F,66.15,48.66,81.99,11.93,0,450,1,"42.25,-83.75 (100.0%)"
2017-10-08,83.1,28.39,1.0,Moderate heat stress,78.8 to 89.6 F,65.45,48.17,81.66,17.65,1,450,1,"42.25,-83.75 (100.0%)"
2017-10-09,85.95,29.97,1.0,Moderate heat stress,78.8 to 89.6 F,64.67,47.25,81.44,21.28,1,450,1,"42.25,-83.75 (100.0%)"
2017-10-10,80.93,27.18,1.0,Moderate heat stress,78.8 to 89.6 F,63.97,45.63,80.8,16.96,1,450,1,"42.25,-83.75 (100.0%)"
2017-10-11,41.25,5.14,-1.0,Slight cold stress,32.0 to 48.2 F,63.52,45.53,79.35,-22.27,0,450,1,"42.25,-83.75 (100.0%)"
2017-10-12,63.9,17.72,0.0,No thermal stress,48.2 to 78.8 F,62.8,44.92,78.57,1.1,0,450,1,"42.25,-83.75 (100.0%)"
2017-10-13,72.18,22.32,0.0,No thermal stress,48.2 to 78.8 F,62.18,44.68,77.88,10.0,0,450,1,"42.25,-83.75 (100.0%)"
2017-10-14,72.32,22.4,0.0,No thermal stress,48.2 to 78.8 F,61.42,44.27,77.25,10.9,0,450,1,"42.25,-83.75 (100.0%)"
2017-10-15,54.71,12.62,0.0,No thermal stress,48.2 to 78.8 F,60.9,43.78,75.7,-6.19,0,450,1,"42.25,-83.75 (100.0%)"
2017-10-16,65.6,18.67,0.0,No thermal stress,48.2 to 78.8 F,60.24,43.05,74.58,5.36,0,450,1,"42.25,-83.75 (100.0%)"
2017-10-17,60.95,16.08,0.0,No thermal stress,48.2 to 78.8 F,59.28,42.38,73.9,1.67,0,450,1,"42.25,-83.75 (100.0%)"
2017-10-18,63.27,17.37,0.0,No thermal stress,48.2 to 78.8 F,58.51,42.04,73.15,4.76,0,450,1,"42.25,-83.75 (100.0%)"
2017-10-19,68.92,20.51,0.0,No thermal stress,48.2 to 78.8 F,57.62,41.47,72.53,11.3,0,450,1,"42.25,-83.75 (100.0%)"
2017-10-20,73.42,23.01,0.0,No thermal stress,48.2 to 78.8 F,56.89,41.26,72.29,16.53,1,450,1,"42.25,-83.75 (100.0%)"
2017-10-21,73.74,23.19,0.0,No thermal stress,48.2 to 78.8 F,56.11,40.56,71.89,17.63,1,450,1,"42.25,-83.75 (100.0%)"
2017-10-22,73.78,23.21,0.0,No thermal stress,48.2 to 78.8 F,55.37,38.7,71.61,18.41,1,450,1,"42.25,-83.75 (100.0%)"
2017-10-23,62.37,16.87,0.0,No thermal stress,48.2 to 78.8 F,55.09,38.09,71.61,7.28,0,450,1,"42.25,-83.75 (100.0%)"
2017-10-24,42.65,5.92,-1.0,Slight cold stress,32.0 to 48.2 F,54.55,37.25,71.5,-11.9,0,450,1,"42.25,-83.75 (100.0%)"
2017-10-25,50.95,10.53,0.0,No thermal stress,48.2 to 78.8 F,53.93,36.11,70.85,-2.98,0,450,1,"42.25,-83.75 (100.0%)"
2017-10-26,62.45,16.92,0.0,No thermal stress,48.2 to 78.8 F,53.12,34.31,70.51,9.33,0,450,1,"42.25,-83.75 (100.0%)"
2017-10-27,48.32,9.07,0.0,No thermal stress,48.2 to 78.8 F,52.62,33.35,70.18,-4.3,0,450,1,"42.25,-83.75 (100.0%)"
2017-10-28,41.25,5.14,-1.0,Slight cold stress,32.0 to 48.2 F,52.11,33.29,70.06,-10.86,0,450,1,"42.25,-83.75 (100.0%)"
2017-10-29,47.8,8.78,-1.0,Slight cold stress,32.0 to 48.2 F,51.69,32.26,69.73,-3.89,0,450,1,"42.25,-83.75 (100.0%)"
2017-10-30,30.43,-0.87,-2.0,Moderate cold stress,8.6 to 32.0 F,50.97,31.86,68.74,-20.54,0,450,1,"42.25,-83.75 (100.0%)"
2017-10-31,32.3,0.16,-1.0,Slight cold stress,32.0 to 48.2 F,50.49,30.36,68.12,-18.19,0,450,1,"42.25,-83.75 (100.0%)"
2017-11-01,41.27,5.15,-1.0,Slight cold stress,32.0 to 48.2 F,50.43,29.74,68.12,-9.16,0,450,1,"42.25,-83.75 (100.0%)"
2017-11-02,59.58,15.32,0.0,No thermal stress,48.2 to 78.8 F,50.07,29.74,67.72,9.51,0,450,1,"42.25,-83.75 (100.0%)"
2017-11-03,50.26,10.14,0.0,No thermal stress,48.2 to 78.8 F,49.6,29.61,66.87,0.66,0,450,1,"42.25,-83.75 (100.0%)"
2017-11-04,41.35,5.2,-1.0,Slight cold stress,32.0 to 48.2 F,48.98,28.24,66.19,-7.63,0,450,1,"42.25,-83.75 (100.0%)"
2017-11-05,61.24,16.25,0.0,No thermal stress,48.2 to 78.8 F,48.63,26.93,65.67,12.61,0,450,1,"42.25,-83.75 (100.0%)"
2017-11-06,51.11,10.62,0.0,No thermal stress,48.2 to 78.8 F,48.09,26.87,65.61,3.02,0,450,1,"42.25,-83.75 (100.0%)"
2017-11-07,54.33,12.41,0.0,No thermal stress,48.2 to 78.8 F,47.61,26.32,65.12,6.72,0,450,1,"42.25,-83.75 (100.0%)"
2017-11-08,55.82,13.23,0.0,No thermal stress,48.2 to 78.8 F,47.21,26.46,64.8,8.61,0,450,1,"42.25,-83.75 (100.0%)"
2017-11-09,32.67,0.37,-1.0,Slight cold stress,32.0 to 48.2 F,46.72,26.41,64.44,-14.05,0,450,1,"42.25,-83.75 (100.0%)"
2017-11-10,29.19,-1.56,-2.0,Moderate cold stress,8.6 to 32.0 F,46.25,26.3,63.99,-17.06,0,450,1,"42.25,-83.75 (100.0%)"
2017-11-11,35.57,1.98,-1.0,Slight cold stress,32.0 to 48.2 F,45.91,26.1,63.92,-10.34,0,450,1,"42.25,-83.75 (100.0%)"
2017-11-12,43.32,6.29,-1.0,Slight cold stress,32.0 to 48.2 F,45.34,25.83,63.1,-2.02,0,450,1,"42.25,-83.75 (100.0%)"
2017-11-13,43.92,6.62,-1.0,Slight cold stress,32.0 to 48.2 F,44.68,25.08,62.04,-0.76,0,450,1,"42.25,-83.75 (100.0%)"
2017-11-14,55.53,13.07,0.0,No thermal stress,48.2 to 78.8 F,44.34,24.84,61.99,11.19,0,450,1,"42.25,-83.75 (100.0%)"
2017-11-15,22.84,-5.09,-2.0,Moderate cold stress,8.6 to 32.0 F,43.71,23.98,61.47,-20.87,0,450,1,"42.25,-83.75 (100.0%)"
2017-11-16,24.87,-3.96,-2.0,Moderate cold stress,8.6 to 32.0 F,42.85,23.07,60.64,-17.98,0,450,1,"42.25,-83.75 (100.0%)"
2017-11-17,29.65,-1.31,-2.0,Moderate cold stress,8.6 to 32.0 F,41.84,22.52,59.51,-12.19,0,450,1,"42.25,-83.75 (100.0%)"
2017-11-18,49.87,9.93,0.0,No thermal stress,48.2 to 78.8 F,41.23,21.94,59.2,8.64,0,450,1,"42.25,-83.75 (100.0%)"
2017-11-19,13.9,-10.06,-2.0,Moderate cold stress,8.6 to 32.0 F,40.94,21.87,59.18,-27.04,0,450,1,"42.25,-83.75 (100.0%)"
2017-11-20,34.7,1.5,-1.0,Slight cold stress,32.0 to 48.2 F,40.48,20.73,58.75,-5.78,0,450,1,"42.25,-83.75 (100.0%)"
2017-11-21,36.17,2.32,-1.0,Slight cold stress,32.0 to 48.2 F,40.3,20.98,58.55,-4.13,0,450,1,"42.25,-83.75 (100.0%)"
2017-11-22,39.56,4.2,-1.0,Slight cold stress,32.0 to 48.2 F,39.88,20.73,57.96,-0.32,0,450,1,"42.25,-83.75 (100.0%)"
2017-11-23,34.61,1.45,-1.0,Slight cold stress,32.0 to 48.2 F,39.59,20.41,57.64,-4.98,0,450,1,"42.25,-83.75 (100.0%)"
2017-11-24,43.32,6.29,-1.0,Slight cold stress,32.0 to 48.2 F,39.06,19.65,57.2,4.26,0,450,1,"42.25,-83.75 (100.0%)"
2017-11-25,31.87,-0.07,-2.0,Moderate cold stress,8.6 to 32.0 F,38.87,19.31,57.12,-7.0,0,450,1,"42.25,-83.75 (100.0%)"
2017-11-26,40.13,4.52,-1.0,Slight cold stress,32.0 to 48.2 F,38.47,19.16,56.81,1.66,0,450,1,"42.25,-83.75 (100.0%)"
2017-11-27,55.43,13.02,0.0,No thermal stress,48.2 to 78.8 F,38.18,18.65,56.32,17.25,0,450,1,"42.25,-83.75 (100.0%)"
2017-11-28,52.83,11.57,0.0,No thermal stress,48.2 to 78.8 F,37.68,18.07,56.32,15.15,0,450,1,"42.25,-83.75 (100.0%)"
2017-11-29,62.16,16.76,0.0,No thermal stress,48.2 to 78.8 F,36.62,16.73,55.81,25.54,1,450,1,"42.25,-83.75 (100.0%)"
2017-11-30,40.64,4.8,-1.0,Slight cold stress,32.0 to 48.2 F,36.04,16.04,55.35,4.6,0,450,1,"42.25,-83.75 (100.0%)"
2017-12-01,60.35,15.75,0.0,No thermal stress,48.2 to 78.8 F,35.55,15.63,54.6,24.8,1,450,1,"42.25,-83.75 (100.0%)"
2017-12-02,53.47,11.93,0.0,No thermal stress,48.2 to 78.8 F,35.41,15.63,54.0,18.06,0,450,1,"42.25,-83.75 (100.0%)"
2017-12-03,65.67,18.7,0.0,No thermal stress,48.2 to 78.8 F,34.83,14.52,53.52,30.84,1,450,1,"42.25,-83.75 (100.0%)"
2017-12-04,38.11,3.39,-1.0,Slight cold stress,32.0 to 48.2 F,34.19,13.82,54.0,3.92,0,450,1,"42.25,-83.75 (100.0%)"
2017-12-05,31.75,-0.14,-2.0,Moderate cold stress,8.6 to 32.0 F,33.85,13.48,53.42,-2.1,0,450,1,"42.25,-83.75 (100.0%)"
2017-12-06,12.71,-10.72,-2.0,Moderate cold stress,8.6 to 32.0 F,33.6,12.66,53.49,-20.89,0,450,1,"42.25,-83.75 (100.0%)"
2017-12-07,9.28,-12.62,-2.0,Moderate cold stress,8.6 to 32.0 F,33.28,12.02,53.42,-24.0,0,450,1,"42.25,-83.75 (100.0%)"
2017-12-08,14.53,-9.71,-2.0,Moderate cold stress,8.6 to 32.0 F,32.67,10.7,53.14,-18.14,0,450,1,"42.25,-83.75 (100.0%)"
2017-12-09,37.96,3.31,-1.0,Slight cold stress,32.0 to 48.2 F,32.68,10.7,53.14,5.28,0,450,1,"42.25,-83.75 (100.0%)"
2017-12-10,16.45,-8.64,-2.0,Moderate cold stress,8.6 to 32.0 F,32.2,10.63,52.45,-15.75,0,450,1,"42.25,-83.75 (100.0%)"
2017-12-11,26.71,-2.94,-2.0,Moderate cold stress,8.6 to 32.0 F,31.62,10.12,52.19,-4.91,0,450,1,"42.25,-83.75 (100.0%)"
2017-12-12,8.08,-13.29,-3.0,Strong cold stress,-16.6 to 8.6 F,31.13,9.27,51.67,-23.05,0,450,1,"42.25,-83.75 (100.0%)"
2017-12-13,7.27,-13.74,-3.0,Strong cold stress,-16.6 to 8.6 F,30.91,9.86,51.03,-23.64,0,450,1,"42.25,-83.75 (100.0%)"
2017-12-14,40.72,4.85,-1.0,Slight cold stress,32.0 to 48.2 F,31.19,10.12,50.76,9.53,0,450,1,"42.25,-83.75 (100.0%)"
2017-12-15,9.45,-12.53,-2.0,Moderate cold stress,8.6 to 32.0 F,31.07,10.13,50.68,-21.62,0,450,1,"42.25,-83.75 (100.0%)"
2017-12-16,52.69,11.5,0.0,No thermal stress,48.2 to 78.8 F,30.83,9.59,50.64,21.86,1,450,1,"42.25,-83.75 (100.0%)"
2017-12-17,25.52,-3.6,-2.0,Moderate cold stress,8.6 to 32.0 F,30.28,9.05,50.19,-4.76,0,450,1,"42.25,-83.75 (100.0%)"
2017-12-18,25.08,-3.85,-2.0,Moderate cold stress,8.6 to 32.0 F,30.07,8.81,50.17,-4.99,0,450,1,"42.25,-83.75 (100.0%)"
2017-12-19,36.43,2.46,-1.0,Slight cold stress,32.0 to 48.2 F,29.89,8.92,49.82,6.54,0,450,1,"42.25,-83.75 (100.0%)"
2017-12-20,46.26,7.92,-1.0,Slight cold stress,32.0 to 48.2 F,29.75,9.06,49.54,16.51,0,450,1,"42.25,-83.75 (100.0%)"
2017-12-21,24.46,-4.19,-2.0,Moderate cold stress,8.6 to 32.0 F,29.48,8.81,48.96,-5.02,0,450,1,"42.25,-83.75 (100.0%)"
2017-12-22,54.9,12.72,0.0,No thermal stress,48.2 to 78.8 F,29.34,9.06,48.03,25.56,1,450,1,"42.25,-83.75 (100.0%)"
2017-12-23,24.1,-4.39,-2.0,Moderate cold stress,8.6 to 32.0 F,29.26,9.06,48.26,-5.16,0,450,1,"42.25,-83.75 (100.0%)"
2017-12-24,24.04,-4.42,-2.0,Moderate cold stress,8.6 to 32.0 F,28.82,8.15,47.87,-4.78,0,450,1,"42.25,-83.75 (100.0%)"
2017-12-25,-2.19,-19.0,-3.0,Strong cold stress,-16.6 to 8.6 F,28.52,7.93,47.72,-30.71,0,450,1,"42.25,-83.75 (100.0%)"
2017-12-26,22.05,-5.53,-2.0,Moderate cold stress,8.6 to 32.0 F,28.2,7.29,47.12,-6.15,0,450,1,"42.25,-83.75 (100.0%)"
2017-12-27,13.8,-10.11,-2.0,Moderate cold stress,8.6 to 32.0 F,28.01,7.24,46.84,-14.21,0,450,1,"42.25,-83.75 (100.0%)"
2017-12-28,27.99,-2.23,-2.0,Moderate cold stress,8.6 to 32.0 F,27.71,6.28,46.42,0.28,0,450,1,"42.25,-83.75 (100.0%)"
2017-12-29,26.03,-3.31,-2.0,Moderate cold stress,8.6 to 32.0 F,27.46,6.03,46.27,-1.43,0,450,1,"42.25,-83.75 (100.0%)"
2017-12-30,2.64,-16.31,-3.0,Strong cold stress,-16.6 to 8.6 F,27.11,5.06,46.02,-24.47,0,450,1,"42.25,-83.75 (100.0%)"
2017-12-31,37.54,3.08,-1.0,Slight cold stress,32.0 to 48.2 F,26.72,4.33,45.82,10.82,0,450,1,"42.25,-83.75 (100.0%)"
2018-01-01,-1.38,-18.54,-3.0,Strong cold stress,-16.6 to 8.6 F,26.92,4.33,46.02,-28.3,0,450,1,"42.25,-83.75 (100.0%)"
2018-01-02,-6.98,-21.66,-3.0,Strong cold stress,-16.6 to 8.6 F,27.11,4.85,45.6,-34.09,0,450,1,"42.25,-83.75 (100.0%)"
2018-01-03,8.94,-12.81,-2.0,Moderate cold stress,8.6 to 32.0 F,26.88,3.47,45.03,-17.94,0,450,1,"42.25,-83.75 (100.0%)"
2018-01-04,-5.22,-20.68,-3.0,Strong cold stress,-16.6 to 8.6 F,26.74,3.21,45.08,-31.96,0,450,1,"42.25,-83.75 (100.0%)"
2018-01-05,0.1,-17.72,-3.0,Strong cold stress,-16.6 to 8.6 F,26.84,2.78,45.74,-26.74,0,450,1,"42.25,-83.75 (100.0%)"
2018-01-06,22.99,-5.01,-2.0,Moderate cold stress,8.6 to 32.0 F,26.53,2.78,45.43,-3.54,0,450,1,"42.25,-83.75 (100.0%)"
2018-01-07,-0.78,-18.21,-3.0,Strong cold stress,-16.6 to 8.6 F,26.69,2.74,45.49,-27.47,0,450,1,"42.25,-83.75 (100.0%)"
2018-01-08,28.3,-2.06,-2.0,Moderate cold stress,8.6 to 32.0 F,26.84,3.32,46.02,1.46,0,450,1,"42.25,-83.75 (100.0%)"
2018-01-09,63.08,17.27,0.0,No thermal stress,48.2 to 78.8 F,26.67,2.77,45.49,36.41,1,450,1,"42.25,-83.75 (100.0%)"
2018-01-10,29.51,-1.39,-2.0,Moderate cold stress,8.6 to 32.0 F,26.49,2.42,45.43,3.02,0,450,1,"42.25,-83.75 (100.0%)"
2018-01-11,42.27,5.71,-1.0,Slight cold stress,32.0 to 48.2 F,26.19,2.42,45.49,16.08,0,450,1,"42.25,-83.75 (100.0%)"
2018-01-12,41.93,5.52,-1.0,Slight cold stress,32.0 to 48.2 F,25.98,2.12,45.61,15.95,0,450,1,"42.25,-83.75 (100.0%)"
2018-01-13,17.64,-7.98,-2.0,Moderate cold stress,8.6 to 32.0 F,26.19,3.16,45.61,-8.55,0,450,1,"42.25,-83.75 (100.0%)"
2018-01-14,21.15,-6.03,-2.0,Moderate cold stress,8.6 to 32.0 F,26.32,3.32,45.79,-5.17,0,450,1,"42.25,-83.75 (100.0%)"
2018-01-15,19.64,-6.87,-2.0,Moderate cold stress,8.6 to 32.0 F,26.46,3.93,46.21,-6.82,0,450,1,"42.25,-83.75 (100.0%)"
2018-01-16,26.98,-2.79,-2.0,Moderate cold stress,8.6 to 32.0 F,26.35,3.93,45.79,0.63,0,450,1,"42.25,-83.75 (100.0%)"
2018-01-17,20.03,-6.65,-2.0,Moderate cold stress,8.6 to 32.0 F,26.09,3.93,45.79,-6.06,0,450,1,"42.25,-83.75 (100.0%)"
2018-01-18,23.12,-4.93,-2.0,Moderate cold stress,8.6 to 32.0 F,26.0,4.11,45.61,-2.88,0,450,1,"42.25,-83.75 (100.0%)"
2018-01-19,28.45,-1.97,-2.0,Moderate cold stress,8.6 to 32.0 F,25.83,4.11,45.54,2.62,0,450,1,"42.25,-83.75 (100.0%)"
2018-01-20,46.25,7.92,-1.0,Slight cold stress,32.0 to 48.2 F,25.59,4.13,45.49,20.66,1,450,1,"42.25,-83.75 (100.0%)"
2018-01-21,41.45,5.25,-1.0,Slight cold stress,32.0 to 48.2 F,25.63,4.13,45.79,15.82,0,450,1,"42.25,-83.75 (100.0%)"
2018-01-22,42.79,5.99,-1.0,Slight cold stress,32.0 to 48.2 F,25.58,4.13,45.88,17.21,0,450,1,"42.25,-83.75 (100.0%)"
2018-01-23,28.43,-1.98,-2.0,Moderate cold stress,8.6 to 32.0 F,25.66,4.02,45.84,2.77,0,450,1,"42.25,-83.75 (100.0%)"
2018-01-24,27.12,-2.71,-2.0,Moderate cold stress,8.6 to 32.0 F,25.82,4.19,45.88,1.3,0,450,1,"42.25,-83.75 (100.0%)"
2018-01-25,34.56,1.42,-1.0,Slight cold stress,32.0 to 48.2 F,26.53,5.45,46.51,8.03,0,450,1,"42.25,-83.75 (100.0%)"
2018-01-26,44.08,6.71,-1.0,Slight cold stress,32.0 to 48.2 F,27.11,5.57,47.18,16.97,0,450,1,"42.25,-83.75 (100.0%)"
2018-01-27,38.75,3.75,-1.0,Slight cold stress,32.0 to 48.2 F,27.85,5.6,48.62,10.9,0,450,1,"42.25,-83.75 (100.0%)"
2018-01-28,66.32,19.07,0.0,No thermal stress,48.2 to 78.8 F,27.83,6.03,49.09,38.49,1,450,1,"42.25,-83.75 (100.0%)"
2018-01-29,6.48,-14.18,-3.0,Strong cold stress,-16.6 to 8.6 F,27.91,5.98,49.47,-21.43,0,450,1,"42.25,-83.75 (100.0%)"
2018-01-30,33.0,0.56,-1.0,Slight cold stress,32.0 to 48.2 F,28.43,6.67,49.63,4.57,0,450,1,"42.25,-83.75 (100.0%)"
2018-01-31,25.77,-3.46,-2.0,Moderate cold stress,8.6 to 32.0 F,28.83,7.0,49.95,-3.06,0,450,1,"42.25,-83.75 (100.0%)"
2018-02-01,14.92,-9.49,-2.0,Moderate cold stress,8.6 to 32.0 F,29.42,7.05,50.83,-14.5,0,450,1,"42.25,-83.75 (100.0%)"
2018-02-02,12.15,-11.03,-2.0,Moderate cold stress,8.6 to 32.0 F,30.09,7.42,51.44,-17.94,0,450,1,"42.25,-83.75 (100.0%)"
2018-02-03,7.53,-13.6,-3.0,Strong cold stress,-16.6 to 8.6 F,30.27,7.52,52.34,-22.74,0,450,1,"42.25,-83.75 (100.0%)"
2018-02-04,33.3,0.72,-1.0,Slight cold stress,32.0 to 48.2 F,30.17,7.25,51.84,3.13,0,450,1,"42.25,-83.75 (100.0%)"
2018-02-05,15.88,-8.95,-2.0,Moderate cold stress,8.6 to 32.0 F,30.06,7.0,50.72,-14.18,0,450,1,"42.25,-83.75 (100.0%)"
2018-02-06,44.3,6.83,-1.0,Slight cold stress,32.0 to 48.2 F,29.92,7.25,51.44,14.38,0,450,1,"42.25,-83.75 (100.0%)"
2018-02-07,31.16,-0.47,-2.0,Moderate cold stress,8.6 to 32.0 F,30.29,7.96,51.44,0.87,0,450,1,"42.25,-83.75 (100.0%)"
2018-02-08,13.9,-10.06,-2.0,Moderate cold stress,8.6 to 32.0 F,30.68,8.06,52.26,-16.78,0,450,1,"42.25,-83.75 (100.0%)"
2018-02-09,35.78,2.1,-1.0,Slight cold stress,32.0 to 48.2 F,30.85,8.23,52.42,4.93,0,450,1,"42.25,-83.75 (100.0%)"
2018-02-10,19.78,-6.79,-2.0,Moderate cold stress,8.6 to 32.0 F,30.89,8.32,52.59,-11.11,0,450,1,"42.25,-83.75 (100.0%)"
2018-02-11,24.72,-4.04,-2.0,Moderate cold stress,8.6 to 32.0 F,30.85,9.29,52.26,-6.13,0,450,1,"42.25,-83.75 (100.0%)"
2018-02-12,52.59,11.44,0.0,No thermal stress,48.2 to 78.8 F,31.35,9.24,52.5,21.24,1,450,1,"42.25,-83.75 (100.0%)"
2018-02-13,41.67,5.37,-1.0,Slight cold stress,32.0 to 48.2 F,31.86,10.33,52.29,9.81,0,450,1,"42.25,-83.75 (100.0%)"
2018-02-14,52.0,11.11,0.0,No thermal stress,48.2 to 78.8 F,32.12,10.45,52.59,19.88,0,450,1,"42.25,-83.75 (100.0%)"
2018-02-15,47.41,8.56,-1.0,Slight cold stress,32.0 to 48.2 F,32.48,10.45,52.65,14.93,0,450,1,"42.25,-83.75 (100.0%)"
2018-02-16,25.92,-3.38,-2.0,Moderate cold stress,8.6 to 32.0 F,32.96,10.86,52.59,-7.04,0,450,1,"42.25,-83.75 (100.0%)"
2018-02-17,31.5,-0.28,-2.0,Moderate cold stress,8.6 to 32.0 F,33.18,10.41,52.65,-1.68,0,450,1,"42.25,-83.75 (100.0%)"
2018-02-18,48.16,8.98,-1.0,Slight cold stress,32.0 to 48.2 F,33.6,10.48,53.18,14.56,0,450,1,"42.25,-83.75 (100.0%)"
2018-02-19,38.19,3.44,-1.0,Slight cold stress,32.0 to 48.2 F,34.15,10.91,53.18,4.04,0,450,1,"42.25,-83.75 (100.0%)"
2018-02-20,47.95,8.86,-1.0,Slight cold stress,32.0 to 48.2 F,34.81,11.63,53.82,13.14,0,450,1,"42.25,-83.75 (100.0%)"
2018-02-21,44.91,7.17,-1.0,Slight cold stress,32.0 to 48.2 F,35.84,13.51,54.87,9.07,0,458,1,"42.25,-83.75 (100.0%)"
2018-02-22,42.42,5.79,-1.0,Slight cold stress,32.0 to 48.2 F,36.11,13.51,55.25,6.31,0,458,1,"42.25,-83.75 (100.0%)"
2018-02-23,32.09,0.05,-1.0,Slight cold stress,32.0 to 48.2 F,36.51,15.03,55.43,-4.42,0,458,1,"42.25,-83.75 (100.0%)"
2018-02-24,35.06,1.7,-1.0,Slight cold stress,32.0 to 48.2 F,36.64,13.9,56.02,-1.58,0,458,1,"42.25,-83.75 (100.0%)"
2018-02-25,26.25,-3.2,-2.0,Moderate cold stress,8.6 to 32.0 F,37.26,14.48,56.52,-11.01,0,458,1,"42.25,-83.75 (100.0%)"
2018-02-26,49.91,9.95,0.0,No thermal stress,48.2 to 78.8 F,37.81,15.03,57.49,12.1,0,458,1,"42.25,-83.75 (100.0%)"
2018-02-27,51.02,10.57,0.0,No thermal stress,48.2 to 78.8 F,38.16,16.07,57.58,12.86,0,458,1,"42.25,-83.75 (100.0%)"
2018-02-28,56.1,13.39,0.0,No thermal stress,48.2 to 78.8 F,38.88,16.44,58.91,17.22,0,458,1,"42.25,-83.75 (100.0%)"
2018-03-01,23.74,-4.59,-2.0,Moderate cold stress,8.6 to 32.0 F,39.1,16.58,60.18,-15.36,0,458,1,"42.25,-83.75 (100.0%)"
2018-03-02,36.59,2.55,-1.0,Slight cold stress,32.0 to 48.2 F,39.28,16.58,60.34,-2.69,0,458,1,"42.25,-83.75 (100.0%)"
2018-03-03,49.45,9.7,0.0,No thermal stress,48.2 to 78.8 F,39.32,16.07,60.16,10.13,0,458,1,"42.25,-83.75 (100.0%)"
2018-03-04,50.55,10.3,0.0,No thermal stress,48.2 to 78.8 F,39.98,16.69,60.41,10.57,0,458,1,"42.25,-83.75 (100.0%)"
2018-03-05,41.5,5.28,-1.0,Slight cold stress,32.0 to 48.2 F,40.67,17.28,60.57,0.83,0,458,1,"42.25,-83.75 (100.0%)"
2018-03-06,55.84,13.24,0.0,No thermal stress,48.2 to 78.8 F,41.01,16.87,60.82,14.83,0,458,1,"42.25,-83.75 (100.0%)"
2018-03-07,26.66,-2.97,-2.0,Moderate cold stress,8.6 to 32.0 F,41.43,17.28,62.03,-14.77,0,458,1,"42.25,-83.75 (100.0%)"
2018-03-08,13.49,-10.28,-2.0,Moderate cold stress,8.6 to 32.0 F,41.78,17.38,62.83,-28.29,0,450,1,"42.25,-83.75 (100.0%)"
2018-03-09,29.36,-1.47,-2.0,Moderate cold stress,8.6 to 32.0 F,42.21,16.94,64.44,-12.85,0,450,1,"42.25,-83.75 (100.0%)"
2018-03-10,41.88,5.49,-1.0,Slight cold stress,32.0 to 48.2 F,42.91,17.57,64.44,-1.03,0,450,1,"42.25,-83.75 (100.0%)"
2018-03-11,55.54,13.08,0.0,No thermal stress,48.2 to 78.8 F,43.59,18.77,64.54,11.95,0,450,1,"42.25,-83.75 (100.0%)"
2018-03-12,41.6,5.33,-1.0,Slight cold stress,32.0 to 48.2 F,43.94,19.98,64.54,-2.34,0,450,1,"42.25,-83.75 (100.0%)"
2018-03-13,29.71,-1.27,-2.0,Moderate cold stress,8.6 to 32.0 F,44.27,19.98,64.66,-14.56,0,450,1,"42.25,-83.75 (100.0%)"
2018-03-14,30.79,-0.67,-2.0,Moderate cold stress,8.6 to 32.0 F,44.57,21.17,65.49,-13.78,0,450,1,"42.25,-83.75 (100.0%)"
2018-03-15,19.08,-7.18,-2.0,Moderate cold stress,8.6 to 32.0 F,44.5,21.32,65.49,-25.42,0,450,1,"42.25,-83.75 (100.0%)"
2018-03-16,51.09,10.6,0.0,No thermal stress,48.2 to 78.8 F,45.02,22.05,65.49,6.07,0,450,1,"42.25,-83.75 (100.0%)"
2018-03-17,61.5,16.39,0.0,No thermal stress,48.2 to 78.8 F,45.65,22.81,66.09,15.85,0,450,1,"42.25,-83.75 (100.0%)"
2018-03-18,54.64,12.58,0.0,No thermal stress,48.2 to 78.8 F,46.0,22.99,66.25,8.64,0,450,1,"42.25,-83.75 (100.0%)"
2018-03-19,41.98,5.55,-1.0,Slight cold stress,32.0 to 48.2 F,46.43,23.08,66.25,-4.45,0,450,1,"42.25,-83.75 (100.0%)"
2018-03-20,30.49,-0.84,-2.0,Moderate cold stress,8.6 to 32.0 F,46.91,24.23,66.6,-16.42,0,450,1,"42.25,-83.75 (100.0%)"
2018-03-21,33.97,1.1,-1.0,Slight cold stress,32.0 to 48.2 F,47.75,26.0,66.25,-13.78,0,450,1,"42.25,-83.75 (100.0%)"
2018-03-22,42.76,5.98,-1.0,Slight cold stress,32.0 to 48.2 F,48.44,27.38,66.6,-5.68,0,450,1,"42.25,-83.75 (100.0%)"
2018-03-23,43.07,6.15,-1.0,Slight cold stress,32.0 to 48.2 F,48.82,28.43,66.6,-5.75,0,450,1,"42.25,-83.75 (100.0%)"
2018-03-24,36.72,2.62,-1.0,Slight cold stress,32.0 to 48.2 F,49.1,30.49,66.09,-12.38,0,450,1,"42.25,-83.75 (100.0%)"
2018-03-25,31.3,-0.39,-2.0,Moderate cold stress,8.6 to 32.0 F,49.35,30.71,66.47,-18.05,0,450,1,"42.25,-83.75 (100.0%)"
2018-03-26,42.91,6.06,-1.0,Slight cold stress,32.0 to 48.2 F,49.92,30.71,67.04,-7.01,0,450,1,"42.25,-83.75 (100.0%)"
2018-03-27,42.25,5.7,-1.0,Slight cold stress,32.0 to 48.2 F,50.33,30.62,67.84,-8.08,0,450,1,"42.25,-83.75 (100.0%)"
2018-03-28,67.93,19.96,0.0,No thermal stress,48.2 to 78.8 F,50.37,30.71,67.72,17.56,1,450,1,"42.25,-83.75 (100.0%)"
2018-03-29,41.03,5.02,-1.0,Slight cold stress,32.0 to 48.2 F,50.69,31.27,67.97,-9.66,0,450,1,"42.25,-83.75 (100.0%)"
2018-03-30,55.16,12.87,0.0,No thermal stress,48.2 to 78.8 F,51.24,31.27,68.92,3.92,0,450,1,"42.25,-83.75 (100.0%)"
2018-03-31,28.41,-1.99,-2.0,Moderate cold stress,8.6 to 32.0 F,51.61,31.27,69.07,-23.2,0,450,1,"42.25,-83.75 (100.0%)"
2018-04-01,41.75,5.42,-1.0,Slight cold stress,32.0 to 48.2 F,51.95,31.27,69.23,-10.2,0,450,1,"42.25,-83.75 (100.0%)"
2018-04-02,55.59,13.11,0.0,No thermal stress,48.2 to 78.8 F,52.43,31.91,69.31,3.16,0,450,1,"42.25,-83.75 (100.0%)"
2018-04-03,27.97,-2.24,-2.0,Moderate cold stress,8.6 to 32.0 F,52.48,31.71,69.37,-24.51,0,450,1,"42.25,-83.75 (100.0%)"
2018-04-04,20.71,-6.27,-2.0,Moderate cold stress,8.6 to 32.0 F,52.75,31.91,69.74,-32.04,0,450,1,"42.25,-83.75 (100.0%)"
2018-04-05,39.52,4.18,-1.0,Slight cold stress,32.0 to 48.2 F,52.87,31.67,69.89,-13.35,0,450,1,"42.25,-83.75 (100.0%)"
2018-04-06,27.75,-2.36,-2.0,Moderate cold stress,8.6 to 32.0 F,52.91,30.96,70.18,-25.16,0,450,1,"42.25,-83.75 (100.0%)"
2018-04-07,34.77,1.54,-1.0,Slight cold stress,32.0 to 48.2 F,53.26,30.47,70.39,-18.49,0,450,1,"42.25,-83.75 (100.0%)"
2018-04-08,45.8,7.67,-1.0,Slight cold stress,32.0 to 48.2 F,53.92,31.67,71.46,-8.12,0,450,1,"42.25,-83.75 (100.0%)"
2018-04-09,60.91,16.06,0.0,No thermal stress,48.2 to 78.8 F,54.27,31.24,71.73,6.64,0,450,1,"42.25,-83.75 (100.0%)"
2018-04-10,50.56,10.31,0.0,No thermal stress,48.2 to 78.8 F,54.42,31.24,71.95,-3.86,0,450,1,"42.25,-83.75 (100.0%)"
2018-04-11,57.51,14.17,0.0,No thermal stress,48.2 to 78.8 F,55.35,32.37,73.24,2.16,0,450,1,"42.25,-83.75 (100.0%)"
2018-04-12,65.37,18.54,0.0,No thermal stress,48.2 to 78.8 F,56.36,35.4,73.51,9.01,0,450,1,"42.25,-83.75 (100.0%)"
2018-04-13,65.77,18.76,0.0,No thermal stress,48.2 to 78.8 F,56.94,35.4,73.86,8.83,0,450,1,"42.25,-83.75 (100.0%)"
2018-04-14,27.81,-2.33,-2.0,Moderate cold stress,8.6 to 32.0 F,57.32,35.86,74.34,-29.51,0,450,1,"42.25,-83.75 (100.0%)"
2018-04-15,41.74,5.41,-1.0,Slight cold stress,32.0 to 48.2 F,57.57,36.62,74.55,-15.83,0,450,1,"42.25,-83.75 (100.0%)"
2018-04-16,22.63,-5.21,-2.0,Moderate cold stress,8.6 to 32.0 F,57.93,36.62,74.58,-35.3,0,450,1,"42.25,-83.75 (100.0%)"
2018-04-17,24.91,-3.94,-2.0,Moderate cold stress,8.6 to 32.0 F,58.57,37.4,75.15,-33.66,0,450,1,"42.25,-83.75 (100.0%)"
2018-04-18,68.64,20.36,0.0,No thermal stress,48.2 to 78.8 F,59.09,38.67,75.36,9.55,0,450,1,"42.25,-83.75 (100.0%)"
2018-04-19,44.02,6.68,-1.0,Slight cold stress,32.0 to 48.2 F,59.38,39.43,76.04,-15.36,0,450,1,"42.25,-83.75 (100.0%)"
2018-04-20,60.63,15.91,0.0,No thermal stress,48.2 to 78.8 F,59.64,39.7,76.13,0.99,0,450,1,"42.25,-83.75 (100.0%)"
2018-04-21,68.78,20.43,0.0,No thermal stress,48.2 to 78.8 F,60.08,40.09,76.16,8.7,0,450,1,"42.25,-83.75 (100.0%)"
2018-04-22,60.41,15.78,0.0,No thermal stress,48.2 to 78.8 F,60.5,40.95,76.19,-0.09,0,450,1,"42.25,-83.75 (100.0%)"
2018-04-23,71.47,21.93,0.0,No thermal stress,48.2 to 78.8 F,60.85,41.24,76.19,10.62,0,450,1,"42.25,-83.75 (100.0%)"
2018-04-24,61.06,16.15,0.0,No thermal stress,48.2 to 78.8 F,61.36,42.66,76.39,-0.3,0,450,1,"42.25,-83.75 (100.0%)"
2018-04-25,57.83,14.35,0.0,No thermal stress,48.2 to 78.8 F,61.89,44.24,76.95,-4.06,0,450,1,"42.25,-83.75 (100.0%)"
2018-04-26,69.74,20.96,0.0,No thermal stress,48.2 to 78.8 F,61.98,44.24,76.95,7.76,0,450,1,"42.25,-83.75 (100.0%)"
2018-04-27,70.4,21.34,0.0,No thermal stress,48.2 to 78.8 F,62.34,45.1,76.95,8.06,0,450,1,"42.25,-83.75 (100.0%)"
2018-04-28,45.96,7.75,-1.0,Slight cold stress,32.0 to 48.2 F,62.79,45.94,76.96,-16.83,0,450,1,"42.25,-83.75 (100.0%)"
2018-04-29,62.96,17.2,0.0,No thermal stress,48.2 to 78.8 F,63.48,47.52,77.46,-0.52,0,450,1,"42.25,-83.75 (100.0%)"
2018-04-30,69.39,20.77,0.0,No thermal stress,48.2 to 78.8 F,64.29,48.53,77.63,5.1,0,450,1,"42.25,-83.75 (100.0%)"
2018-05-01,76.14,24.52,0.0,No thermal stress,48.2 to 78.8 F,64.79,48.65,78.06,11.35,0,450,1,"42.25,-83.75 (100.0%)"
2018-05-02,79.76,26.53,1.0,Moderate heat stress,78.8 to 89.6 F,65.32,49.17,79.15,14.44,1,450,1,"42.25,-83.75 (100.0%)"
2018-05-03,71.86,22.14,0.0,No thermal stress,48.2 to 78.8 F,65.99,49.77,79.82,5.87,0,450,1,"42.25,-83.75 (100.0%)"
2018-05-04,62.13,16.74,0.0,No thermal stress,48.2 to 78.8 F,66.32,49.65,80.13,-4.19,0,450,1,"42.25,-83.75 (100.0%)"
2018-05-05,77.21,25.12,0.0,No thermal stress,48.2 to 78.8 F,66.73,49.38,80.72,10.48,0,450,1,"42.25,-83.75 (100.0%)"
2018-05-06,81.98,27.77,1.0,Moderate heat stress,78.8 to 89.6 F,67.33,50.33,81.37,14.65,1,450,1,"42.25,-83.75 (100.0%)"
2018-05-07,80.11,26.73,1.0,Moderate heat stress,78.8 to 89.6 F,67.72,50.39,81.94,12.39,0,450,1,"42.25,-83.75 (100.0%)"
2018-05-08,80.7,27.06,1.0,Moderate heat stress,78.8 to 89.6 F,67.96,50.07,82.34,12.74,0,450,1,"42.25,-83.75 (100.0%)"
2018-05-09,76.5,24.72,0.0,No thermal stress,48.2 to 78.8 F,68.29,50.33,82.62,8.21,0,450,1,"42.25,-83.75 (100.0%)"
2018-05-10,68.93,20.52,0.0,No thermal stress,48.2 to 78.8 F,68.78,50.77,82.86,0.15,0,450,1,"42.25,-83.75 (100.0%)"
2018-05-11,45.59,7.55,-1.0,Slight cold stress,32.0 to 48.2 F,68.91,51.78,83.07,-23.32,0,450,1,"42.25,-83.75 (100.0%)"
2018-05-12,62.39,16.88,0.0,No thermal stress,48.2 to 78.8 F,69.21,51.78,83.47,-6.82,0,450,1,"42.25,-83.75 (100.0%)"
2018-05-13,80.87,27.15,1.0,Moderate heat stress,78.8 to 89.6 F,69.68,52.03,83.97,11.19,0,450,1,"42.25,-83.75 (100.0%)"
2018-05-14,85.86,29.92,1.0,Moderate heat stress,78.8 to 89.6 F,69.91,52.16,84.48,15.95,1,450,1,"42.25,-83.75 (100.0%)"
2018-05-15,81.55,27.53,1.0,Moderate heat stress,78.8 to 89.6 F,70.28,52.88,84.76,11.27,0,450,1,"42.25,-83.75 (100.0%)"
2018-05-16,88.09,31.16,1.0,Moderate heat stress,78.8 to 89.6 F,70.82,54.11,85.48,17.27,1,450,1,"42.25,-83.75 (100.0%)"
2018-05-17,81.54,27.52,1.0,Moderate heat stress,78.8 to 89.6 F,71.01,54.3,85.81,10.53,0,450,1,"42.25,-83.75 (100.0%)"
2018-05-18,68.84,20.46,0.0,No thermal stress,48.2 to 78.8 F,71.2,54.3,86.13,-2.36,0,450,1,"42.25,-83.75 (100.0%)"
2018-05-19,83.66,28.7,1.0,Moderate heat stress,78.8 to 89.6 F,71.89,55.55,86.51,11.77,0,450,1,"42.25,-83.75 (100.0%)"
2018-05-20,78.43,25.8,0.0,No thermal stress,48.2 to 78.8 F,72.59,57.55,86.7,5.84,0,450,1,"42.25,-83.75 (100.0%)"
2018-05-21,69.57,20.87,0.0,No thermal stress,48.2 to 78.8 F,73.25,58.24,86.93,-3.68,0,450,1,"42.25,-83.75 (100.0%)"
2018-05-22,79.32,26.29,1.0,Moderate heat stress,78.8 to 89.6 F,73.89,58.73,87.48,5.43,0,450,1,"42.25,-83.75 (100.0%)"
2018-05-23,86.63,30.35,1.0,Moderate heat stress,78.8 to 89.6 F,74.67,59.71,88.0,11.96,0,450,1,"42.25,-83.75 (100.0%)"
2018-05-24,86.99,30.55,1.0,Moderate heat stress,78.8 to 89.6 F,75.17,60.03,88.24,11.82,0,450,1,"42.25,-83.75 (100.0%)"
2018-05-25,88.0,31.11,1.0,Moderate heat stress,78.8 to 89.6 F,75.44,60.03,88.36,12.56,0,450,1,"42.25,-83.75 (100.0%)"
2018-05-26,89.49,31.94,1.0,Moderate heat stress,78.8 to 89.6 F,75.93,60.85,88.62,13.56,1,450,1,"42.25,-83.75 (100.0%)"
2018-05-27,96.63,35.91,2.0,Strong heat stress,89.6 to 100.4 F,76.18,61.38,88.43,20.45,1,450,1,"42.25,-83.75 (100.0%)"
2018-05-28,99.12,37.29,2.0,Strong heat stress,89.6 to 100.4 F,76.42,62.28,88.6,22.7,1,450,1,"42.25,-83.75 (100.0%)"
2018-05-29,89.65,32.03,2.0,Strong heat stress,89.6 to 100.4 F,76.75,62.83,88.79,12.9,1,450,1,"42.25,-83.75 (100.0%)"
2018-05-30,87.68,30.93,1.0,Moderate heat stress,78.8 to 89.6 F,77.04,62.83,88.94,10.64,0,450,1,"42.25,-83.75 (100.0%)"
2018-05-31,87.01,30.56,1.0,Moderate heat stress,78.8 to 89.6 F,77.38,63.29,89.31,9.63,0,450,1,"42.25,-83.75 (100.0%)"
2018-06-01,91.6,33.11,2.0,Strong heat stress,89.6 to 100.4 F,77.95,64.57,89.53,13.65,1,450,1,"42.25,-83.75 (100.0%)"
2018-06-02,82.33,27.96,1.0,Moderate heat stress,78.8 to 89.6 F,78.51,65.72,89.65,3.82,0,450,1,"42.25,-83.75 (100.0%)"
2018-06-03,71.68,22.04,0.0,No thermal stress,48.2 to 78.8 F,78.93,66.01,89.97,-7.25,0,450,1,"42.25,-83.75 (100.0%)"
2018-06-04,66.29,19.05,0.0,No thermal stress,48.2 to 78.8 F,79.39,67.5,90.32,-13.1,0,450,1,"42.25,-83.75 (100.0%)"
2018-06-05,70.04,21.13,0.0,No thermal stress,48.2 to 78.8 F,79.56,68.01,90.46,-9.52,0,450,1,"42.25,-83.75 (100.0%)"
2018-06-06,82.63,28.13,1.0,Moderate heat stress,78.8 to 89.6 F,79.74,68.48,90.4,2.89,0,450,1,"42.25,-83.75 (100.0%)"
2018-06-07,89.52,31.95,1.0,Moderate heat stress,78.8 to 89.6 F,80.0,68.92,90.36,9.52,0,450,1,"42.25,-83.75 (100.0%)"
2018-06-08,86.28,30.15,1.0,Moderate heat stress,78.8 to 89.6 F,80.37,69.52,90.5,5.91,0,450,1,"42.25,-83.75 (100.0%)"
2018-06-09,74.08,23.38,0.0,No thermal stress,48.2 to 78.8 F,80.79,69.85,90.79,-6.71,0,450,1,"42.25,-83.75 (100.0%)"
2018-06-10,68.35,20.19,0.0,No thermal stress,48.2 to 78.8 F,81.31,69.96,91.35,-12.96,0,450,1,"42.25,-83.75 (100.0%)"
2018-06-11,75.17,23.98,0.0,No thermal stress,48.2 to 78.8 F,82.06,70.24,92.17,-6.89,0,450,1,"42.25,-83.75 (100.0%)"
2018-06-12,82.95,28.3,1.0,Moderate heat stress,78.8 to 89.6 F,82.57,70.62,92.55,0.38,0,450,1,"42.25,-83.75 (100.0%)"
2018-06-13,78.93,26.07,1.0,Moderate heat stress,78.8 to 89.6 F,82.98,71.32,92.81,-4.05,0,450,1,"42.25,-83.75 (100.0%)"
2018-06-14,86.0,30.0,1.0,Moderate heat stress,78.8 to 89.6 F,83.43,72.24,93.04,2.57,0,450,1,"42.25,-83.75 (100.0%)"
2018-06-15,89.44,31.91,1.0,Moderate heat stress,78.8 to 89.6 F,83.67,72.41,93.06,5.77,0,450,1,"42.25,-83.75 (100.0%)"
2018-06-16,95.44,35.24,2.0,Strong heat stress,89.6 to 100.4 F,83.87,72.74,93.13,11.57,1,450,1,"42.25,-83.75 (100.0%)"
2018-06-17,98.22,36.79,2.0,Strong heat stress,89.6 to 100.4 F,84.1,73.25,93.17,14.12,1,450,1,"42.25,-83.75 (100.0%)"
2018-06-18,95.24,35.13,2.0,Strong heat stress,89.6 to 100.4 F,84.29,73.38,93.37,10.95,1,450,1,"42.25,-83.75 (100.0%)"
2018-06-19,82.92,28.29,1.0,Moderate heat stress,78.8 to 89.6 F,84.55,73.38,93.72,-1.63,0,450,1,"42.25,-83.75 (100.0%)"
2018-06-20,76.82,24.9,0.0,No thermal stress,48.2 to 78.8 F,84.78,73.48,93.86,-7.96,0,450,1,"42.25,-83.75 (100.0%)"
2018-06-21,80.77,27.09,1.0,Moderate heat stress,78.8 to 89.6 F,85.06,73.98,94.01,-4.29,0,450,1,"42.25,-83.75 (100.0%)"
2018-06-22,68.87,20.49,0.0,No thermal stress,48.2 to 78.8 F,85.12,74.03,94.04,-16.25,0,450,1,"42.25,-83.75 (100.0%)"
2018-06-23,89.69,32.05,2.0,Strong heat stress,89.6 to 100.4 F,85.26,74.08,94.21,4.43,0,450,1,"42.25,-83.75 (100.0%)"
2018-06-24,81.04,27.24,1.0,Moderate heat stress,78.8 to 89.6 F,85.39,74.51,94.21,-4.35,0,450,1,"42.25,-83.75 (100.0%)"
2018-06-25,79.05,26.14,1.0,Moderate heat stress,78.8 to 89.6 F,85.56,74.72,94.3,-6.51,0,450,1,"42.25,-83.75 (100.0%)"
2018-06-26,83.18,28.43,1.0,Moderate heat stress,78.8 to 89.6 F,85.55,74.72,94.34,-2.37,0,450,1,"42.25,-83.75 (100.0%)"
2018-06-27,86.84,30.46,1.0,Moderate heat stress,78.8 to 89.6 F,85.7,74.84,94.56,1.14,0,450,1,"42.25,-83.75 (100.0%)"
2018-06-28,91.28,32.93,2.0,Strong heat stress,89.6 to 100.4 F,85.99,75.38,95.06,5.29,0,450,1,"42.25,-83.75 (100.0%)"
2018-06-29,93.37,34.09,2.0,Strong heat stress,89.6 to 100.4 F,86.14,75.47,95.57,7.23,0,450,1,"42.25,-83.75 (100.0%)"
2018-06-30,99.51,37.5,2.0,Strong heat stress,89.6 to 100.4 F,86.35,75.75,95.7,13.16,1,450,1,"42.25,-83.75 (100.0%)"
2018-07-01,93.54,34.19,2.0,Strong heat stress,89.6 to 100.4 F,86.5,75.8,95.85,7.04,0,450,1,"42.25,-83.75 (100.0%)"
2018-07-02,93.48,34.15,2.0,Strong heat stress,89.6 to 100.4 F,86.53,75.8,95.71,6.95,0,450,1,"42.25,-83.75 (100.0%)"
2018-07-03,93.56,34.2,2.0,Strong heat stress,89.6 to 100.4 F,86.59,75.98,95.69,6.97,0,450,1,"42.25,-83.75 (100.0%)"
2018-07-04,99.56,37.53,2.0,Strong heat stress,89.6 to 100.4 F,86.59,76.0,95.6,12.97,1,450,1,"42.25,-83.75 (100.0%)"
2018-07-05,95.69,35.38,2.0,Strong heat stress,89.6 to 100.4 F,86.68,76.4,95.37,9.01,1,450,1,"42.25,-83.75 (100.0%)"
2018-07-06,76.0,24.44,0.0,No thermal stress,48.2 to 78.8 F,86.8,76.84,95.34,-10.8,0,450,1,"42.25,-83.75 (100.0%)"
2018-07-07,83.11,28.4,1.0,Moderate heat stress,78.8 to 89.6 F,87.03,77.15,95.61,-3.92,0,450,1,"42.25,-83.75 (100.0%)"
2018-07-08,91.23,32.9,2.0,Strong heat stress,89.6 to 100.4 F,87.21,77.39,95.74,4.02,0,450,1,"42.25,-83.75 (100.0%)"
2018-07-09,92.27,33.48,2.0,Strong heat stress,89.6 to 100.4 F,87.5,77.72,96.15,4.77,0,450,1,"42.25,-83.75 (100.0%)"
2018-07-10,90.91,32.73,2.0,Strong heat stress,89.6 to 100.4 F,87.66,77.86,96.15,3.25,0,450,1,"42.25,-83.75 (100.0%)"
2018-07-11,88.38,31.32,1.0,Moderate heat stress,78.8 to 89.6 F,87.89,78.0,96.24,0.49,0,450,1,"42.25,-83.75 (100.0%)"
2018-07-12,92.31,33.51,2.0,Strong heat stress,89.6 to 100.4 F,87.94,78.35,96.15,4.37,0,450,1,"42.25,-83.75 (100.0%)"
2018-07-13,94.79,34.89,2.0,Strong heat stress,89.6 to 100.4 F,87.94,78.34,95.98,6.85,0,450,1,"42.25,-83.75 (100.0%)"
2018-07-14,94.85,34.91,2.0,Strong heat stress,89.6 to 100.4 F,88.08,78.61,96.37,6.77,0,450,1,"42.25,-83.75 (100.0%)"
2018-07-15,100.02,37.79,2.0,Strong heat stress,89.6 to 100.4 F,88.07,78.57,96.32,11.95,1,450,1,"42.25,-83.75 (100.0%)"
2018-07-16,97.73,36.52,2.0,Strong heat stress,89.6 to 100.4 F,88.01,78.52,96.45,9.72,1,450,1,"42.25,-83.75 (100.0%)"
2018-07-17,83.09,28.38,1.0,Moderate heat stress,78.8 to 89.6 F,88.09,78.7,96.46,-5.0,0,450,1,"42.25,-83.75 (100.0%)"
2018-07-18,90.87,32.7,2.0,Strong heat stress,89.6 to 100.4 F,88.09,78.75,96.59,2.78,0,450,1,"42.25,-83.75 (100.0%)"
2018-07-19,85.95,29.97,1.0,Moderate heat stress,78.8 to 89.6 F,88.1,78.75,96.79,-2.15,0,450,1,"42.25,-83.75 (100.0%)"
2018-07-20,80.84,27.14,1.0,Moderate heat stress,78.8 to 89.6 F,88.13,78.75,96.86,-7.29,0,450,1,"42.25,-83.75 (100.0%)"
2018-07-21,82.95,28.31,1.0,Moderate heat stress,78.8 to 89.6 F,88.02,78.8,96.8,-5.07,0,450,1,"42.25,-83.75 (100.0%)"
2018-07-22,73.75,23.19,0.0,No thermal stress,48.2 to 78.8 F,87.9,78.9,96.48,-14.15,0,450,1,"42.25,-83.75 (100.0%)"
2018-07-23,85.81,29.9,1.0,Moderate heat stress,78.8 to 89.6 F,87.84,79.3,96.4,-2.03,0,450,1,"42.25,-83.75 (100.0%)"
2018-07-24,91.0,32.78,2.0,Strong heat stress,89.6 to 100.4 F,87.76,79.3,96.45,3.24,0,450,1,"42.25,-83.75 (100.0%)"
2018-07-25,88.6,31.45,1.0,Moderate heat stress,78.8 to 89.6 F,87.7,78.96,96.45,0.9,0,450,1,"42.25,-83.75 (100.0%)"
2018-07-26,80.55,26.97,1.0,Moderate heat stress,78.8 to 89.6 F,87.64,78.75,96.33,-7.09,0,450,1,"42.25,-83.75 (100.0%)"
2018-07-27,78.7,25.94,0.0,No thermal stress,48.2 to 78.8 F,87.68,78.75,96.29,-8.98,0,450,1,"42.25,-83.75 (100.0%)"
2018-07-28,83.75,28.75,1.0,Moderate heat stress,78.8 to 89.6 F,87.53,78.55,96.24,-3.78,0,450,1,"42.25,-83.75 (100.0%)"
2018-07-29,86.7,30.39,1.0,Moderate heat stress,78.8 to 89.6 F,87.2,78.41,95.71,-0.5,0,450,1,"42.25,-83.75 (100.0%)"
2018-07-30,87.2,30.67,1.0,Moderate heat stress,78.8 to 89.6 F,87.03,78.28,95.44,0.17,0,450,1,"42.25,-83.75 (100.0%)"
2018-07-31,81.61,27.56,1.0,Moderate heat stress,78.8 to 89.6 F,87.11,78.55,95.26,-5.5,0,450,1,"42.25,-83.75 (100.0%)"
2018-08-01,87.85,31.03,1.0,Moderate heat stress,78.8 to 89.6 F,87.08,78.27,95.03,0.77,0,450,1,"42.25,-83.75 (100.0%)"
2018-08-02,87.28,30.71,1.0,Moderate heat stress,78.8 to 89.6 F,87.08,78.17,95.22,0.2,0,450,1,"42.25,-83.75 (100.0%)"
2018-08-03,91.71,33.17,2.0,Strong heat stress,89.6 to 100.4 F,87.04,78.08,95.22,4.67,0,450,1,"42.25,-83.75 (100.0%)"
2018-08-04,96.07,35.59,2.0,Strong heat stress,89.6 to 100.4 F,86.87,77.86,95.26,9.2,1,450,1,"42.25,-83.75 (100.0%)"
2018-08-05,92.66,33.7,2.0,Strong heat stress,89.6 to 100.4 F,86.91,77.89,95.26,5.75,0,450,1,"42.25,-83.75 (100.0%)"
2018-08-06,95.26,35.14,2.0,Strong heat stress,89.6 to 100.4 F,86.9,77.75,95.26,8.36,0,450,1,"42.25,-83.75 (100.0%)"
2018-08-07,93.25,34.03,2.0,Strong heat stress,89.6 to 100.4 F,86.76,77.28,95.26,6.49,0,450,1,"42.25,-83.75 (100.0%)"
2018-08-08,88.59,31.44,1.0,Moderate heat stress,78.8 to 89.6 F,86.69,76.79,95.2,1.9,0,450,1,"42.25,-83.75 (100.0%)"
2018-08-09,88.36,31.31,1.0,Moderate heat stress,78.8 to 89.6 F,86.5,76.77,94.82,1.86,0,450,1,"42.25,-83.75 (100.0%)"
2018-08-10,90.03,32.24,2.0,Strong heat stress,89.6 to 100.4 F,86.21,76.41,94.18,3.82,0,450,1,"42.25,-83.75 (100.0%)"
2018-08-11,94.02,34.45,2.0,Strong heat stress,89.6 to 100.4 F,85.98,76.22,93.94,8.04,1,450,1,"42.25,-83.75 (100.0%)"
2018-08-12,90.81,32.67,2.0,Strong heat stress,89.6 to 100.4 F,85.9,76.41,93.73,4.91,0,450,1,"42.25,-83.75 (100.0%)"
2018-08-13,91.75,33.19,2.0,Strong heat stress,89.6 to 100.4 F,85.72,76.22,93.57,6.03,0,450,1,"42.25,-83.75 (100.0%)"
2018-08-14,91.99,33.33,2.0,Strong heat stress,89.6 to 100.4 F,85.63,76.0,93.55,6.36,0,450,1,"42.25,-83.75 (100.0%)"
2018-08-15,93.49,34.16,2.0,Strong heat stress,89.6 to 100.4 F,85.39,75.26,93.55,8.1,0,450,1,"42.25,-83.75 (100.0%)"
2018-08-16,84.87,29.37,1.0,Moderate heat stress,78.8 to 89.6 F,85.28,74.94,93.55,-0.41,0,450,1,"42.25,-83.75 (100.0%)"
2018-08-17,91.6,33.11,2.0,Strong heat stress,89.6 to 100.4 F,85.12,74.62,93.21,6.48,0,450,1,"42.25,-83.75 (100.0%)"
2018-08-18,93.93,34.41,2.0,Strong heat stress,89.6 to 100.4 F,85.08,75.18,93.16,8.85,1,450,1,"42.25,-83.75 (100.0%)"
2018-08-19,88.12,31.18,1.0,Moderate heat stress,78.8 to 89.6 F,85.27,75.25,93.17,2.85,0,450,1,"42.25,-83.75 (100.0%)"
2018-08-20,85.47,29.71,1.0,Moderate heat stress,78.8 to 89.6 F,85.3,75.25,93.13,0.17,0,450,1,"42.25,-83.75 (100.0%)"
2018-08-21,78.53,25.85,0.0,No thermal stress,48.2 to 78.8 F,85.11,74.94,93.16,-6.58,0,450,1,"42.25,-83.75 (100.0%)"
2018-08-22,72.83,22.68,0.0,No thermal stress,48.2 to 78.8 F,85.03,74.74,93.17,-12.2,0,450,1,"42.25,-83.75 (100.0%)"
2018-08-23,83.14,28.41,1.0,Moderate heat stress,78.8 to 89.6 F,84.9,74.43,93.09,-1.76,0,450,1,"42.25,-83.75 (100.0%)"
2018-08-24,79.72,26.51,1.0,Moderate heat stress,78.8 to 89.6 F,84.76,74.22,93.09,-5.04,0,450,1,"42.25,-83.75 (100.0%)"
2018-08-25,77.08,25.05,0.0,No thermal stress,48.2 to 78.8 F,84.72,73.91,93.19,-7.64,0,450,1,"42.25,-83.75 (100.0%)"
2018-08-26,96.13,35.63,2.0,Strong heat stress,89.6 to 100.4 F,84.61,73.75,93.47,11.52,1,450,1,"42.25,-83.75 (100.0%)"
2018-08-27,93.13,33.96,2.0,Strong heat stress,89.6 to 100.4 F,84.58,73.77,93.55,8.55,0,450,1,"42.25,-83.75 (100.0%)"
2018-08-28,92.55,33.64,2.0,Strong heat stress,89.6 to 100.4 F,84.6,73.77,93.57,7.95,0,450,1,"42.25,-83.75 (100.0%)"
2018-08-29,84.12,28.96,1.0,Moderate heat stress,78.8 to 89.6 F,84.54,73.49,93.58,-0.42,0,450,1,"42.25,-83.75 (100.0%)"
2018-08-30,84.76,29.31,1.0,Moderate heat stress,78.8 to 89.6 F,84.51,73.73,93.58,0.25,0,450,1,"42.25,-83.75 (100.0%)"
2018-08-31,86.84,30.47,1.0,Moderate heat stress,78.8 to 89.6 F,84.37,73.72,93.6,2.47,0,450,1,"42.25,-83.75 (100.0%)"
2018-09-01,91.27,32.93,2.0,Strong heat stress,89.6 to 100.4 F,83.96,72.01,93.6,7.31,0,450,1,"42.25,-83.75 (100.0%)"
2018-09-02,93.72,34.29,2.0,Strong heat stress,89.6 to 100.4 F,83.55,71.57,93.52,10.17,1,450,1,"42.25,-83.75 (100.0%)"
2018-09-03,94.3,34.61,2.0,Strong heat stress,89.6 to 100.4 F,82.9,70.98,93.35,11.4,1,450,1,"42.25,-83.75 (100.0%)"
2018-09-04,96.5,35.83,2.0,Strong heat stress,89.6 to 100.4 F,82.36,70.1,93.27,14.14,1,450,1,"42.25,-83.75 (100.0%)"
2018-09-05,94.47,34.7,2.0,Strong heat stress,89.6 to 100.4 F,82.11,69.93,92.96,12.36,1,450,1,"42.25,-83.75 (100.0%)"
2018-09-06,78.42,25.79,0.0,No thermal stress,48.2 to 78.8 F,81.75,69.35,92.12,-3.33,0,450,1,"42.25,-83.75 (100.0%)"
2018-09-07,76.34,24.63,0.0,No thermal stress,48.2 to 78.8 F,81.26,68.98,91.73,-4.92,0,450,1,"42.25,-83.75 (100.0%)"
2018-09-08,66.31,19.06,0.0,No thermal stress,48.2 to 78.8 F,80.78,67.98,91.72,-14.47,0,450,1,"42.25,-83.75 (100.0%)"
2018-09-09,55.75,13.2,0.0,No thermal stress,48.2 to 78.8 F,80.4,67.84,91.25,-24.65,0,450,1,"42.25,-83.75 (100.0%)"
2018-09-10,58.19,14.55,0.0,No thermal stress,48.2 to 78.8 F,80.0,66.86,90.85,-21.81,0,450,1,"42.25,-83.75 (100.0%)"
2018-09-11,86.3,30.17,1.0,Moderate heat stress,78.8 to 89.6 F,79.53,66.16,90.28,6.77,0,450,1,"42.25,-83.75 (100.0%)"
2018-09-12,82.65,28.14,1.0,Moderate heat stress,78.8 to 89.6 F,79.12,65.59,89.59,3.53,0,450,1,"42.25,-83.75 (100.0%)"
2018-09-13,82.69,28.16,1.0,Moderate heat stress,78.8 to 89.6 F,78.71,65.45,88.96,3.98,0,450,1,"42.25,-83.75 (100.0%)"
2018-09-14,92.79,33.77,2.0,Strong heat stress,89.6 to 100.4 F,78.22,65.04,88.57,14.57,1,450,1,"42.25,-83.75 (100.0%)"
2018-09-15,91.86,33.25,2.0,Strong heat stress,89.6 to 100.4 F,77.58,64.32,88.4,14.28,1,450,1,"42.25,-83.75 (100.0%)"
2018-09-16,87.72,30.96,1.0,Moderate heat stress,78.8 to 89.6 F,77.35,64.32,87.98,10.37,0,450,1,"42.25,-83.75 (100.0%)"
2018-09-17,94.48,34.71,2.0,Strong heat stress,89.6 to 100.4 F,76.96,63.86,87.9,17.52,1,450,1,"42.25,-83.75 (100.0%)"
2018-09-18,92.48,33.6,2.0,Strong heat stress,89.6 to 100.4 F,76.61,63.81,87.73,15.87,1,450,1,"42.25,-83.75 (100.0%)"
2018-09-19,88.96,31.64,1.0,Moderate heat stress,78.8 to 89.6 F,76.14,63.12,87.59,12.82,1,450,1,"42.25,-83.75 (100.0%)"
2018-09-20,88.48,31.38,1.0,Moderate heat stress,78.8 to 89.6 F,75.6,62.56,87.33,12.88,1,450,1,"42.25,-83.75 (100.0%)"
2018-09-21,82.89,28.27,1.0,Moderate heat stress,78.8 to 89.6 F,74.96,61.3,86.8,7.93,0,450,1,"42.25,-83.75 (100.0%)"
2018-09-22,76.05,24.47,0.0,No thermal stress,48.2 to 78.8 F,74.29,60.47,86.49,1.76,0,450,1,"42.25,-83.75 (100.0%)"
2018-09-23,75.67,24.26,0.0,No thermal stress,48.2 to 78.8 F,73.71,59.88,85.86,1.96,0,450,1,"42.25,-83.75 (100.0%)"
2018-09-24,66.27,19.04,0.0,No thermal stress,48.2 to 78.8 F,73.05,59.06,85.56,-6.78,0,450,1,"42.25,-83.75 (100.0%)"
2018-09-25,78.14,25.63,0.0,No thermal stress,48.2 to 78.8 F,72.36,57.65,85.16,5.78,0,450,1,"42.25,-83.75 (100.0%)"
2018-09-26,64.91,18.29,0.0,No thermal stress,48.2 to 78.8 F,71.66,56.96,85.08,-6.75,0,450,1,"42.25,-83.75 (100.0%)"
2018-09-27,69.62,20.9,0.0,No thermal stress,48.2 to 78.8 F,70.99,55.35,84.81,-1.37,0,450,1,"42.25,-83.75 (100.0%)"
2018-09-28,70.65,21.47,0.0,No thermal stress,48.2 to 78.8 F,70.26,54.33,84.56,0.39,0,450,1,"42.25,-83.75 (100.0%)"
2018-09-29,68.98,20.54,0.0,No thermal stress,48.2 to 78.8 F,69.72,54.23,84.15,-0.74,0,450,1,"42.25,-83.75 (100.0%)"
2018-09-30,72.74,22.63,0.0,No thermal stress,48.2 to 78.8 F,69.23,53.33,83.77,3.51,0,450,1,"42.25,-83.75 (100.0%)"
2018-10-01,65.38,18.54,0.0,No thermal stress,48.2 to 78.8 F,68.67,52.88,83.54,-3.29,0,450,1,"42.25,-83.75 (100.0%)"
2018-10-02,72.05,22.25,0.0,No thermal stress,48.2 to 78.8 F,68.26,52.12,83.27,3.79,0,450,1,"42.25,-83.75 (100.0%)"
2018-10-03,82.2,27.89,1.0,Moderate heat stress,78.8 to 89.6 F,67.96,51.68,82.82,14.24,0,450,1,"42.25,-83.75 (100.0%)"
2018-10-04,65.28,18.49,0.0,No thermal stress,48.2 to 78.8 F,67.57,51.45,82.33,-2.29,0,450,1,"42.25,-83.75 (100.0%)"
2018-10-05,56.28,13.49,0.0,No thermal stress,48.2 to 78.8 F,67.08,50.52,82.2,-10.8,0,450,1,"42.25,-83.75 (100.0%)"
2018-10-06,83.61,28.67,1.0,Moderate heat stress,78.8 to 89.6 F,66.62,49.45,82.14,16.99,1,450,1,"42.25,-83.75 (100.0%)"
2018-10-07,60.52,15.84,0.0,No thermal stress,48.2 to 78.8 F,66.15,48.66,81.99,-5.63,0,450,1,"42.25,-83.75 (100.0%)"
2018-10-08,89.62,32.01,2.0,Strong heat stress,89.6 to 100.4 F,65.45,48.17,81.66,24.17,1,450,1,"42.25,-83.75 (100.0%)"
2018-10-09,87.49,30.83,1.0,Moderate heat stress,78.8 to 89.6 F,64.67,47.25,81.44,22.82,1,450,1,"42.25,-83.75 (100.0%)"
2018-10-10,77.44,25.24,0.0,No thermal stress,48.2 to 78.8 F,63.97,45.63,80.8,13.47,0,450,1,"42.25,-83.75 (100.0%)"
2018-10-11,58.07,14.48,0.0,No thermal stress,48.2 to 78.8 F,63.52,45.53,79.35,-5.45,0,450,1,"42.25,-83.75 (100.0%)"
2018-10-12,50.28,10.15,0.0,No thermal stress,48.2 to 78.8 F,62.8,44.92,78.57,-12.52,0,450,1,"42.25,-83.75 (100.0%)"
2018-10-13,53.77,12.09,0.0,No thermal stress,48.2 to 78.8 F,62.18,44.68,77.88,-8.41,0,450,1,"42.25,-83.75 (100.0%)"
2018-10-14,63.82,17.68,0.0,No thermal stress,48.2 to 78.8 F,61.42,44.27,77.25,2.4,0,450,1,"42.25,-83.75 (100.0%)"
2018-10-15,47.4,8.56,-1.0,Slight cold stress,32.0 to 48.2 F,60.9,43.78,75.7,-13.5,0,450,1,"42.25,-83.75 (100.0%)"
2018-10-16,44.28,6.82,-1.0,Slight cold stress,32.0 to 48.2 F,60.24,43.05,74.58,-15.96,0,450,1,"42.25,-83.75 (100.0%)"
2018-10-17,39.58,4.21,-1.0,Slight cold stress,32.0 to 48.2 F,59.28,42.38,73.9,-19.7,0,450,1,"42.25,-83.75 (100.0%)"
2018-10-18,55.69,13.16,0.0,No thermal stress,48.2 to 78.8 F,58.51,42.04,73.15,-2.82,0,450,1,"42.25,-83.75 (100.0%)"
2018-10-19,49.71,9.84,0.0,No thermal stress,48.2 to 78.8 F,57.62,41.47,72.53,-7.91,0,450,1,"42.25,-83.75 (100.0%)"
2018-10-20,49.51,9.73,0.0,No thermal stress,48.2 to 78.8 F,56.89,41.26,72.29,-7.38,0,450,1,"42.25,-83.75 (100.0%)"
2018-10-21,46.56,8.09,-1.0,Slight cold stress,32.0 to 48.2 F,56.11,40.56,71.89,-9.55,0,450,1,"42.25,-83.75 (100.0%)"
2018-10-22,63.31,17.39,0.0,No thermal stress,48.2 to 78.8 F,55.37,38.7,71.61,7.94,0,450,1,"42.25,-83.75 (100.0%)"
2018-10-23,43.68,6.49,-1.0,Slight cold stress,32.0 to 48.2 F,55.09,38.09,71.61,-11.41,0,450,1,"42.25,-83.75 (100.0%)"
2018-10-24,54.25,12.36,0.0,No thermal stress,48.2 to 78.8 F,54.55,37.25,71.5,-0.3,0,450,1,"42.25,-83.75 (100.0%)"
2018-10-25,61.28,16.27,0.0,No thermal stress,48.2 to 78.8 F,53.93,36.11,70.85,7.35,0,450,1,"42.25,-83.75 (100.0%)"
2018-10-26,41.93,5.51,-1.0,Slight cold stress,32.0 to 48.2 F,53.12,34.31,70.51,-11.19,0,450,1,"42.25,-83.75 (100.0%)"
2018-10-27,31.77,-0.13,-2.0,Moderate cold stress,8.6 to 32.0 F,52.62,33.35,70.18,-20.85,0,450,1,"42.25,-83.75 (100.0%)"
2018-10-28,46.2,7.89,-1.0,Slight cold stress,32.0 to 48.2 F,52.11,33.29,70.06,-5.91,0,450,1,"42.25,-83.75 (100.0%)"
2018-10-29,44.86,7.15,-1.0,Slight cold stress,32.0 to 48.2 F,51.69,32.26,69.73,-6.83,0,450,1,"42.25,-83.75 (100.0%)"
2018-10-30,54.71,12.61,0.0,No thermal stress,48.2 to 78.8 F,50.97,31.86,68.74,3.74,0,450,1,"42.25,-83.75 (100.0%)"
2018-10-31,52.85,11.58,0.0,No thermal stress,48.2 to 78.8 F,50.49,30.36,68.12,2.36,0,450,1,"42.25,-83.75 (100.0%)"
2018-11-01,44.04,6.69,-1.0,Slight cold stress,32.0 to 48.2 F,50.43,29.74,68.12,-6.39,0,450,1,"42.25,-83.75 (100.0%)"
2018-11-02,48.11,8.95,-1.0,Slight cold stress,32.0 to 48.2 F,50.07,29.74,67.72,-1.96,0,450,1,"42.25,-83.75 (100.0%)"
2018-11-03,41.95,5.53,-1.0,Slight cold stress,32.0 to 48.2 F,49.6,29.61,66.87,-7.65,0,450,1,"42.25,-83.75 (100.0%)"
2018-11-04,36.2,2.33,-1.0,Slight cold stress,32.0 to 48.2 F,48.98,28.24,66.19,-12.78,0,450,1,"42.25,-83.75 (100.0%)"
2018-11-05,45.92,7.73,-1.0,Slight cold stress,32.0 to 48.2 F,48.63,26.93,65.67,-2.71,0,450,1,"42.25,-83.75 (100.0%)"
2018-11-06,34.02,1.12,-1.0,Slight cold stress,32.0 to 48.2 F,48.09,26.87,65.61,-14.07,0,450,1,"42.25,-83.75 (100.0%)"
2018-11-07,21.71,-5.72,-2.0,Moderate cold stress,8.6 to 32.0 F,47.61,26.32,65.12,-25.9,0,450,1,"42.25,-83.75 (100.0%)"
2018-11-08,49.17,9.54,0.0,No thermal stress,48.2 to 78.8 F,47.21,26.46,64.8,1.96,0,450,1,"42.25,-83.75 (100.0%)"
2018-11-09,45.51,7.5,-1.0,Slight cold stress,32.0 to 48.2 F,46.72,26.41,64.44,-1.21,0,450,1,"42.25,-83.75 (100.0%)"
2018-11-10,25.74,-3.48,-2.0,Moderate cold stress,8.6 to 32.0 F,46.25,26.3,63.99,-20.51,0,450,1,"42.25,-83.75 (100.0%)"
2018-11-11,33.99,1.1,-1.0,Slight cold stress,32.0 to 48.2 F,45.91,26.1,63.92,-11.92,0,450,1,"42.25,-83.75 (100.0%)"
2018-11-12,57.13,13.96,0.0,No thermal stress,48.2 to 78.8 F,45.34,25.83,63.1,11.79,0,450,1,"42.25,-83.75 (100.0%)"
2018-11-13,26.11,-3.27,-2.0,Moderate cold stress,8.6 to 32.0 F,44.68,25.08,62.04,-18.57,0,450,1,"42.25,-83.75 (100.0%)"
2018-11-14,58.39,14.66,0.0,No thermal stress,48.2 to 78.8 F,44.34,24.84,61.99,14.05,0,450,1,"42.25,-83.75 (100.0%)"
2018-11-15,28.41,-1.99,-2.0,Moderate cold stress,8.6 to 32.0 F,43.71,23.98,61.47,-15.3,0,450,1,"42.25,-83.75 (100.0%)"
2018-11-16,22.53,-5.26,-2.0,Moderate cold stress,8.6 to 32.0 F,42.85,23.07,60.64,-20.32,0,450,1,"42.25,-83.75 (100.0%)"
2018-11-17,40.05,4.47,-1.0,Slight cold stress,32.0 to 48.2 F,41.84,22.52,59.51,-1.79,0,450,1,"42.25,-83.75 (100.0%)"
2018-11-18,53.46,11.92,0.0,No thermal stress,48.2 to 78.8 F,41.23,21.94,59.2,12.23,0,450,1,"42.25,-83.75 (100.0%)"
2018-11-19,41.31,5.17,-1.0,Slight cold stress,32.0 to 48.2 F,40.94,21.87,59.18,0.37,0,450,1,"42.25,-83.75 (100.0%)"
2018-11-20,34.21,1.23,-1.0,Slight cold stress,32.0 to 48.2 F,40.48,20.73,58.75,-6.27,0,450,1,"42.25,-83.75 (100.0%)"
2018-11-21,26.57,-3.02,-2.0,Moderate cold stress,8.6 to 32.0 F,40.3,20.98,58.55,-13.73,0,450,1,"42.25,-83.75 (100.0%)"
2018-11-22,28.09,-2.17,-2.0,Moderate cold stress,8.6 to 32.0 F,39.88,20.73,57.96,-11.79,0,450,1,"42.25,-83.75 (100.0%)"
2018-11-23,43.73,6.51,-1.0,Slight cold stress,32.0 to 48.2 F,39.59,20.41,57.64,4.14,0,450,1,"42.25,-83.75 (100.0%)"
2018-11-24,32.27,0.15,-1.0,Slight cold stress,32.0 to 48.2 F,39.06,19.65,57.2,-6.79,0,450,1,"42.25,-83.75 (100.0%)"
2018-11-25,61.25,16.25,0.0,No thermal stress,48.2 to 78.8 F,38.87,19.31,57.12,22.38,1,450,1,"42.25,-83.75 (100.0%)"
2018-11-26,9.0,-12.78,-2.0,Moderate cold stress,8.6 to 32.0 F,38.47,19.16,56.81,-29.47,0,450,1,"42.25,-83.75 (100.0%)"
2018-11-27,16.09,-8.84,-2.0,Moderate cold stress,8.6 to 32.0 F,38.18,18.65,56.32,-22.09,0,450,1,"42.25,-83.75 (100.0%)"
2018-11-28,25.77,-3.46,-2.0,Moderate cold stress,8.6 to 32.0 F,37.68,18.07,56.32,-11.91,0,450,1,"42.25,-83.75 (100.0%)"
2018-11-29,24.23,-4.32,-2.0,Moderate cold stress,8.6 to 32.0 F,36.62,16.73,55.81,-12.39,0,450,1,"42.25,-83.75 (100.0%)"
2018-11-30,60.14,15.63,0.0,No thermal stress,48.2 to 78.8 F,36.04,16.04,55.35,24.1,1,450,1,"42.25,-83.75 (100.0%)"
2018-12-01,22.76,-5.13,-2.0,Moderate cold stress,8.6 to 32.0 F,35.55,15.63,54.6,-12.79,0,450,1,"42.25,-83.75 (100.0%)"
2018-12-02,51.21,10.67,0.0,No thermal stress,48.2 to 78.8 F,35.41,15.63,54.0,15.8,0,450,1,"42.25,-83.75 (100.0%)"
2018-12-03,17.65,-7.97,-2.0,Moderate cold stress,8.6 to 32.0 F,34.83,14.52,53.52,-17.18,0,450,1,"42.25,-83.75 (100.0%)"
2018-12-04,52.17,11.2,0.0,No thermal stress,48.2 to 78.8 F,34.19,13.82,54.0,17.98,0,450,1,"42.25,-83.75 (100.0%)"
2018-12-05,26.81,-2.88,-2.0,Moderate cold stress,8.6 to 32.0 F,33.85,13.48,53.42,-7.04,0,450,1,"42.25,-83.75 (100.0%)"
2018-12-06,15.63,-9.1,-2.0,Moderate cold stress,8.6 to 32.0 F,33.6,12.66,53.49,-17.97,0,450,1,"42.25,-83.75 (100.0%)"
2018-12-07,33.91,1.06,-1.0,Slight cold stress,32.0 to 48.2 F,33.28,12.02,53.42,0.63,0,450,1,"42.25,-83.75 (100.0%)"
2018-12-08,44.1,6.72,-1.0,Slight cold stress,32.0 to 48.2 F,32.67,10.7,53.14,11.43,0,450,1,"42.25,-83.75 (100.0%)"
2018-12-09,48.07,8.93,-1.0,Slight cold stress,32.0 to 48.2 F,32.68,10.7,53.14,15.39,0,450,1,"42.25,-83.75 (100.0%)"
2018-12-10,35.37,1.87,-1.0,Slight cold stress,32.0 to 48.2 F,32.2,10.63,52.45,3.17,0,450,1,"42.25,-83.75 (100.0%)"
2018-12-11,25.42,-3.65,-2.0,Moderate cold stress,8.6 to 32.0 F,31.62,10.12,52.19,-6.2,0,450,1,"42.25,-83.75 (100.0%)"
2018-12-12,31.95,-0.03,-2.0,Moderate cold stress,8.6 to 32.0 F,31.13,9.27,51.67,0.82,0,450,1,"42.25,-83.75 (100.0%)"
2018-12-13,53.0,11.66,0.0,No thermal stress,48.2 to 78.8 F,30.91,9.86,51.03,22.09,1,450,1,"42.25,-83.75 (100.0%)"
2018-12-14,50.53,10.29,0.0,No thermal stress,48.2 to 78.8 F,31.19,10.12,50.76,19.34,0,450,1,"42.25,-83.75 (100.0%)"
2018-12-15,31.3,-0.39,-2.0,Moderate cold stress,8.6 to 32.0 F,31.07,10.13,50.68,0.23,0,450,1,"42.25,-83.75 (100.0%)"
2018-12-16,57.02,13.9,0.0,No thermal stress,48.2 to 78.8 F,30.83,9.59,50.64,26.19,1,450,1,"42.25,-83.75 (100.0%)"
2018-12-17,31.9,-0.06,-2.0,Moderate cold stress,8.6 to 32.0 F,30.28,9.05,50.19,1.62,0,450,1,"42.25,-83.75 (100.0%)"
2018-12-18,47.08,8.38,-1.0,Slight cold stress,32.0 to 48.2 F,30.07,8.81,50.17,17.01,0,450,1,"42.25,-83.75 (100.0%)"
2018-12-19,44.07,6.71,-1.0,Slight cold stress,32.0 to 48.2 F,29.89,8.92,49.82,14.18,0,450,1,"42.25,-83.75 (100.0%)"
2018-12-20,42.48,5.82,-1.0,Slight cold stress,32.0 to 48.2 F,29.75,9.06,49.54,12.73,0,450,1,"42.25,-83.75 (100.0%)"
2018-12-21,31.64,-0.2,-2.0,Moderate cold stress,8.6 to 32.0 F,29.48,8.81,48.96,2.16,0,450,1,"42.25,-83.75 (100.0%)"
2018-12-22,27.25,-2.64,-2.0,Moderate cold stress,8.6 to 32.0 F,29.34,9.06,48.03,-2.09,0,450,1,"42.25,-83.75 (100.0%)"
2018-12-23,39.34,4.08,-1.0,Slight cold stress,32.0 to 48.2 F,29.26,9.06,48.26,10.08,0,450,1,"42.25,-83.75 (100.0%)"
2018-12-24,24.98,-3.9,-2.0,Moderate cold stress,8.6 to 32.0 F,28.82,8.15,47.87,-3.84,0,450,1,"42.25,-83.75 (100.0%)"
2018-12-25,39.0,3.89,-1.0,Slight cold stress,32.0 to 48.2 F,28.52,7.93,47.72,10.48,0,450,1,"42.25,-83.75 (100.0%)"
2018-12-26,59.62,15.34,0.0,No thermal stress,48.2 to 78.8 F,28.2,7.29,47.12,31.42,1,450,1,"42.25,-83.75 (100.0%)"
2018-12-27,25.73,-3.48,-2.0,Moderate cold stress,8.6 to 32.0 F,28.01,7.24,46.84,-2.28,0,450,1,"42.25,-83.75 (100.0%)"
2018-12-28,38.18,3.43,-1.0,Slight cold stress,32.0 to 48.2 F,27.71,6.28,46.42,10.47,0,450,1,"42.25,-83.75 (100.0%)"
2018-12-29,30.64,-0.75,-2.0,Moderate cold stress,8.6 to 32.0 F,27.46,6.03,46.27,3.18,0,450,1,"42.25,-83.75 (100.0%)"
2018-12-30,29.84,-1.2,-2.0,Moderate cold stress,8.6 to 32.0 F,27.11,5.06,46.02,2.73,0,450,1,"42.25,-83.75 (100.0%)"
2018-12-31,27.93,-2.26,-2.0,Moderate cold stress,8.6 to 32.0 F,26.72,4.33,45.82,1.21,0,450,1,"42.25,-83.75 (100.0%)"
2019-01-01,33.76,0.98,-1.0,Slight cold stress,32.0 to 48.2 F,26.92,4.33,46.02,6.84,0,450,1,"42.25,-83.75 (100.0%)"
2019-01-02,28.06,-2.19,-2.0,Moderate cold stress,8.6 to 32.0 F,27.11,4.85,45.6,0.95,0,450,1,"42.25,-83.75 (100.0%)"
2019-01-03,31.3,-0.39,-2.0,Moderate cold stress,8.6 to 32.0 F,26.88,3.47,45.03,4.42,0,450,1,"42.25,-83.75 (100.0%)"
2019-01-04,56.38,13.55,0.0,No thermal stress,48.2 to 78.8 F,26.74,3.21,45.08,29.64,1,450,1,"42.25,-83.75 (100.0%)"
2019-01-05,50.63,10.35,0.0,No thermal stress,48.2 to 78.8 F,26.84,2.78,45.74,23.79,1,450,1,"42.25,-83.75 (100.0%)"
2019-01-06,44.4,6.89,-1.0,Slight cold stress,32.0 to 48.2 F,26.53,2.78,45.43,17.87,0,450,1,"42.25,-83.75 (100.0%)"
2019-01-07,23.89,-4.51,-2.0,Moderate cold stress,8.6 to 32.0 F,26.69,2.74,45.49,-2.8,0,450,1,"42.25,-83.75 (100.0%)"
2019-01-08,43.83,6.57,-1.0,Slight cold stress,32.0 to 48.2 F,26.84,3.32,46.02,16.99,0,450,1,"42.25,-83.75 (100.0%)"
2019-01-09,2.14,-16.59,-3.0,Strong cold stress,-16.6 to 8.6 F,26.67,2.77,45.49,-24.53,0,450,1,"42.25,-83.75 (100.0%)"
2019-01-10,8.62,-12.99,-2.0,Moderate cold stress,8.6 to 32.0 F,26.49,2.42,45.43,-17.87,0,450,1,"42.25,-83.75 (100.0%)"
2019-01-11,44.17,6.76,-1.0,Slight cold stress,32.0 to 48.2 F,26.19,2.42,45.49,17.98,0,450,1,"42.25,-83.75 (100.0%)"
2019-01-12,17.65,-7.97,-2.0,Moderate cold stress,8.6 to 32.0 F,25.98,2.12,45.61,-8.33,0,450,1,"42.25,-83.75 (100.0%)"
2019-01-13,29.07,-1.63,-2.0,Moderate cold stress,8.6 to 32.0 F,26.19,3.16,45.61,2.88,0,450,1,"42.25,-83.75 (100.0%)"
2019-01-14,47.15,8.42,-1.0,Slight cold stress,32.0 to 48.2 F,26.32,3.32,45.79,20.83,1,450,1,"42.25,-83.75 (100.0%)"
2019-01-15,19.25,-7.08,-2.0,Moderate cold stress,8.6 to 32.0 F,26.46,3.93,46.21,-7.21,0,450,1,"42.25,-83.75 (100.0%)"
2019-01-16,28.11,-2.16,-2.0,Moderate cold stress,8.6 to 32.0 F,26.35,3.93,45.79,1.76,0,450,1,"42.25,-83.75 (100.0%)"
2019-01-17,28.9,-1.72,-2.0,Moderate cold stress,8.6 to 32.0 F,26.09,3.93,45.79,2.81,0,450,1,"42.25,-83.75 (100.0%)"
2019-01-18,28.55,-1.92,-2.0,Moderate cold stress,8.6 to 32.0 F,26.0,4.11,45.61,2.55,0,450,1,"42.25,-83.75 (100.0%)"
2019-01-19,4.93,-15.04,-3.0,Strong cold stress,-16.6 to 8.6 F,25.83,4.11,45.54,-20.9,0,450,1,"42.25,-83.75 (100.0%)"
2019-01-20,-6.79,-21.55,-3.0,Strong cold stress,-16.6 to 8.6 F,25.59,4.13,45.49,-32.38,0,450,1,"42.25,-83.75 (100.0%)"
2019-01-21,40.82,4.9,-1.0,Slight cold stress,32.0 to 48.2 F,25.63,4.13,45.79,15.19,0,450,1,"42.25,-83.75 (100.0%)"
2019-01-22,13.45,-10.3,-2.0,Moderate cold stress,8.6 to 32.0 F,25.58,4.13,45.88,-12.13,0,450,1,"42.25,-83.75 (100.0%)"
2019-01-23,24.24,-4.31,-2.0,Moderate cold stress,8.6 to 32.0 F,25.66,4.02,45.84,-1.42,0,450,1,"42.25,-83.75 (100.0%)"
2019-01-24,12.58,-10.79,-2.0,Moderate cold stress,8.6 to 32.0 F,25.82,4.19,45.88,-13.24,0,450,1,"42.25,-83.75 (100.0%)"
2019-01-25,-3.24,-19.58,-3.0,Strong cold stress,-16.6 to 8.6 F,26.53,5.45,46.51,-29.77,0,450,1,"42.25,-83.75 (100.0%)"
2019-01-26,33.26,0.7,-1.0,Slight cold stress,32.0 to 48.2 F,27.11,5.57,47.18,6.15,0,450,1,"42.25,-83.75 (100.0%)"
2019-01-27,11.12,-11.6,-2.0,Moderate cold stress,8.6 to 32.0 F,27.85,5.6,48.62,-16.73,0,450,1,"42.25,-83.75 (100.0%)"
2019-01-28,9.37,-12.57,-2.0,Moderate cold stress,8.6 to 32.0 F,27.83,6.03,49.09,-18.46,0,450,1,"42.25,-83.75 (100.0%)"
2019-01-29,-11.7,-24.28,-3.0,Strong cold stress,-16.6 to 8.6 F,27.91,5.98,49.47,-39.61,0,450,1,"42.25,-83.75 (100.0%)"
2019-01-30,-32.15,-35.64,-4.0,Very strong cold stress,-40.0 to -16.6 F,28.43,6.67,49.63,-60.58,0,450,1,"42.25,-83.75 (100.0%)"
2019-01-31,-6.46,-21.37,-3.0,Strong cold stress,-16.6 to 8.6 F,28.83,7.0,49.95,-35.29,0,450,1,"42.25,-83.75 (100.0%)"
2019-02-01,43.18,6.21,-1.0,Slight cold stress,32.0 to 48.2 F,29.42,7.05,50.83,13.76,0,450,1,"42.25,-83.75 (100.0%)"
2019-02-02,42.58,5.88,-1.0,Slight cold stress,32.0 to 48.2 F,30.09,7.42,51.44,12.49,0,450,1,"42.25,-83.75 (100.0%)"
2019-02-03,49.74,9.85,0.0,No thermal stress,48.2 to 78.8 F,30.27,7.52,52.34,19.47,0,450,1,"42.25,-83.75 (100.0%)"
2019-02-04,49.35,9.64,0.0,No thermal stress,48.2 to 78.8 F,30.17,7.25,51.84,19.18,0,450,1,"42.25,-83.75 (100.0%)"
2019-02-05,49.95,9.97,0.0,No thermal stress,48.2 to 78.8 F,30.06,7.0,50.72,19.89,0,450,1,"42.25,-83.75 (100.0%)"
2019-02-06,38.77,3.76,-1.0,Slight cold stress,32.0 to 48.2 F,29.92,7.25,51.44,8.85,0,450,1,"42.25,-83.75 (100.0%)"
2019-02-07,28.99,-1.67,-2.0,Moderate cold stress,8.6 to 32.0 F,30.29,7.96,51.44,-1.3,0,450,1,"42.25,-83.75 (100.0%)"
2019-02-08,-15.49,-26.38,-3.0,Strong cold stress,-16.6 to 8.6 F,30.68,8.06,52.26,-46.17,0,450,1,"42.25,-83.75 (100.0%)"
2019-02-09,45.03,7.24,-1.0,Slight cold stress,32.0 to 48.2 F,30.85,8.23,52.42,14.18,0,450,1,"42.25,-83.75 (100.0%)"
2019-02-10,20.19,-6.56,-2.0,Moderate cold stress,8.6 to 32.0 F,30.89,8.32,52.59,-10.7,0,450,1,"42.25,-83.75 (100.0%)"
2019-02-11,26.74,-2.92,-2.0,Moderate cold stress,8.6 to 32.0 F,30.85,9.29,52.26,-4.11,0,450,1,"42.25,-83.75 (100.0%)"
2019-02-12,36.88,2.71,-1.0,Slight cold stress,32.0 to 48.2 F,31.35,9.24,52.5,5.53,0,450,1,"42.25,-83.75 (100.0%)"
2019-02-13,-5.41,-20.78,-3.0,Strong cold stress,-16.6 to 8.6 F,31.86,10.33,52.29,-37.27,0,450,1,"42.25,-83.75 (100.0%)"
2019-02-14,49.85,9.92,0.0,No thermal stress,48.2 to 78.8 F,32.12,10.45,52.59,17.73,0,450,1,"42.25,-83.75 (100.0%)"
2019-02-15,13.09,-10.5,-2.0,Moderate cold stress,8.6 to 32.0 F,32.48,10.45,52.65,-19.39,0,450,1,"42.25,-83.75 (100.0%)"
2019-02-16,45.39,7.44,-1.0,Slight cold stress,32.0 to 48.2 F,32.96,10.86,52.59,12.43,0,450,1,"42.25,-83.75 (100.0%)"
2019-02-17,11.64,-11.31,-2.0,Moderate cold stress,8.6 to 32.0 F,33.18,10.41,52.65,-21.54,0,450,1,"42.25,-83.75 (100.0%)"
2019-02-18,25.76,-3.46,-2.0,Moderate cold stress,8.6 to 32.0 F,33.6,10.48,53.18,-7.84,0,450,1,"42.25,-83.75 (100.0%)"
2019-02-19,58.39,14.66,0.0,No thermal stress,48.2 to 78.8 F,34.15,10.91,53.18,24.24,1,450,1,"42.25,-83.75 (100.0%)"
2019-02-20,17.87,-7.85,-2.0,Moderate cold stress,8.6 to 32.0 F,34.81,11.63,53.82,-16.94,0,450,1,"42.25,-83.75 (100.0%)"
2019-02-21,32.19,0.1,-1.0,Slight cold stress,32.0 to 48.2 F,35.84,13.51,54.87,-3.65,0,458,1,"42.25,-83.75 (100.0%)"
2019-02-22,55.39,12.99,0.0,No thermal stress,48.2 to 78.8 F,36.11,13.51,55.25,19.28,1,458,1,"42.25,-83.75 (100.0%)"
2019-02-23,35.01,1.67,-1.0,Slight cold stress,32.0 to 48.2 F,36.51,15.03,55.43,-1.5,0,458,1,"42.25,-83.75 (100.0%)"
2019-02-24,27.25,-2.64,-2.0,Moderate cold stress,8.6 to 32.0 F,36.64,13.9,56.02,-9.39,0,458,1,"42.25,-83.75 (100.0%)"
2019-02-25,10.18,-12.12,-2.0,Moderate cold stress,8.6 to 32.0 F,37.26,14.48,56.52,-27.08,0,458,1,"42.25,-83.75 (100.0%)"
2019-02-26,41.23,5.13,-1.0,Slight cold stress,32.0 to 48.2 F,37.81,15.03,57.49,3.42,0,458,1,"42.25,-83.75 (100.0%)"
2019-02-27,34.91,1.62,-1.0,Slight cold stress,32.0 to 48.2 F,38.16,16.07,57.58,-3.25,0,458,1,"42.25,-83.75 (100.0%)"
2019-02-28,54.34,12.41,0.0,No thermal stress,48.2 to 78.8 F,38.88,16.44,58.91,15.46,0,458,1,"42.25,-83.75 (100.0%)"
2019-03-01,51.98,11.1,0.0,No thermal stress,48.2 to 78.8 F,39.1,16.58,60.18,12.88,0,458,1,"42.25,-83.75 (100.0%)"
2019-03-02,36.8,2.66,-1.0,Slight cold stress,32.0 to 48.2 F,39.28,16.58,60.34,-2.48,0,458,1,"42.25,-83.75 (100.0%)"
2019-03-03,45.41,7.45,-1.0,Slight cold stress,32.0 to 48.2 F,39.32,16.07,60.16,6.09,0,458,1,"42.25,-83.75 (100.0%)"
2019-03-04,4.39,-15.34,-3.0,Strong cold stress,-16.6 to 8.6 F,39.98,16.69,60.41,-35.59,0,458,1,"42.25,-83.75 (100.0%)"
2019-03-05,-1.47,-18.6,-3.0,Strong cold stress,-16.6 to 8.6 F,40.67,17.28,60.57,-42.14,0,458,1,"42.25,-83.75 (100.0%)"
2019-03-06,16.48,-8.62,-2.0,Moderate cold stress,8.6 to 32.0 F,41.01,16.87,60.82,-24.53,0,458,1,"42.25,-83.75 (100.0%)"
2019-03-07,41.56,5.31,-1.0,Slight cold stress,32.0 to 48.2 F,41.43,17.28,62.03,0.13,0,458,1,"42.25,-83.75 (100.0%)"
2019-03-08,60.09,15.61,0.0,No thermal stress,48.2 to 78.8 F,41.78,17.38,62.83,18.31,0,450,1,"42.25,-83.75 (100.0%)"
2019-03-09,29.73,-1.26,-2.0,Moderate cold stress,8.6 to 32.0 F,42.21,16.94,64.44,-12.48,0,450,1,"42.25,-83.75 (100.0%)"
2019-03-10,24.15,-4.36,-2.0,Moderate cold stress,8.6 to 32.0 F,42.91,17.57,64.44,-18.76,0,450,1,"42.25,-83.75 (100.0%)"
2019-03-11,28.2,-2.11,-2.0,Moderate cold stress,8.6 to 32.0 F,43.59,18.77,64.54,-15.39,0,450,1,"42.25,-83.75 (100.0%)"
2019-03-12,56.79,13.77,0.0,No thermal stress,48.2 to 78.8 F,43.94,19.98,64.54,12.85,0,450,1,"42.25,-83.75 (100.0%)"
2019-03-13,55.48,13.05,0.0,No thermal stress,48.2 to 78.8 F,44.27,19.98,64.66,11.21,0,450,1,"42.25,-83.75 (100.0%)"
2019-03-14,56.97,13.87,0.0,No thermal stress,48.2 to 78.8 F,44.57,21.17,65.49,12.4,0,450,1,"42.25,-83.75 (100.0%)"
2019-03-15,23.09,-4.95,-2.0,Moderate cold stress,8.6 to 32.0 F,44.5,21.32,65.49,-21.41,0,450,1,"42.25,-83.75 (100.0%)"
2019-03-16,21.65,-5.75,-2.0,Moderate cold stress,8.6 to 32.0 F,45.02,22.05,65.49,-23.37,0,450,1,"42.25,-83.75 (100.0%)"
2019-03-17,46.9,8.28,-1.0,Slight cold stress,32.0 to 48.2 F,45.65,22.81,66.09,1.25,0,450,1,"42.25,-83.75 (100.0%)"
2019-03-18,49.11,9.5,0.0,No thermal stress,48.2 to 78.8 F,46.0,22.99,66.25,3.11,0,450,1,"42.25,-83.75 (100.0%)"
2019-03-19,51.52,10.84,0.0,No thermal stress,48.2 to 78.8 F,46.43,23.08,66.25,5.09,0,450,1,"42.25,-83.75 (100.0%)"
2019-03-20,41.65,5.36,-1.0,Slight cold stress,32.0 to 48.2 F,46.91,24.23,66.6,-5.26,0,450,1,"42.25,-83.75 (100.0%)"
2019-03-21,50.68,10.38,0.0,No thermal stress,48.2 to 78.8 F,47.75,26.0,66.25,2.93,0,450,1,"42.25,-83.75 (100.0%)"
2019-03-22,26.03,-3.32,-2.0,Moderate cold stress,8.6 to 32.0 F,48.44,27.38,66.6,-22.41,0,450,1,"42.25,-83.75 (100.0%)"
2019-03-23,54.56,12.53,0.0,No thermal stress,48.2 to 78.8 F,48.82,28.43,66.6,5.74,0,450,1,"42.25,-83.75 (100.0%)"
2019-03-24,58.21,14.56,0.0,No thermal stress,48.2 to 78.8 F,49.1,30.49,66.09,9.11,0,450,1,"42.25,-83.75 (100.0%)"
2019-03-25,46.3,7.95,-1.0,Slight cold stress,32.0 to 48.2 F,49.35,30.71,66.47,-3.05,0,450,1,"42.25,-83.75 (100.0%)"
2019-03-26,63.05,17.25,0.0,No thermal stress,48.2 to 78.8 F,49.92,30.71,67.04,13.13,0,450,1,"42.25,-83.75 (100.0%)"
2019-03-27,52.15,11.19,0.0,No thermal stress,48.2 to 78.8 F,50.33,30.62,67.84,1.82,0,450,1,"42.25,-83.75 (100.0%)"
2019-03-28,62.56,16.98,0.0,No thermal stress,48.2 to 78.8 F,50.37,30.71,67.72,12.19,0,450,1,"42.25,-83.75 (100.0%)"
2019-03-29,61.94,16.63,0.0,No thermal stress,48.2 to 78.8 F,50.69,31.27,67.97,11.25,0,450,1,"42.25,-83.75 (100.0%)"
2019-03-30,32.31,0.17,-1.0,Slight cold stress,32.0 to 48.2 F,51.24,31.27,68.92,-18.93,0,450,1,"42.25,-83.75 (100.0%)"
2019-03-31,20.78,-6.23,-2.0,Moderate cold stress,8.6 to 32.0 F,51.61,31.27,69.07,-30.83,0,450,1,"42.25,-83.75 (100.0%)"
2019-04-01,47.04,8.36,-1.0,Slight cold stress,32.0 to 48.2 F,51.95,31.27,69.23,-4.91,0,450,1,"42.25,-83.75 (100.0%)"
2019-04-02,51.62,10.9,0.0,No thermal stress,48.2 to 78.8 F,52.43,31.91,69.31,-0.81,0,450,1,"42.25,-83.75 (100.0%)"
2019-04-03,42.24,5.69,-1.0,Slight cold stress,32.0 to 48.2 F,52.48,31.71,69.37,-10.24,0,450,1,"42.25,-83.75 (100.0%)"
2019-04-04,40.02,4.46,-1.0,Slight cold stress,32.0 to 48.2 F,52.75,31.91,69.74,-12.73,0,450,1,"42.25,-83.75 (100.0%)"
2019-04-05,69.0,20.56,0.0,No thermal stress,48.2 to 78.8 F,52.87,31.67,69.89,16.13,0,450,1,"42.25,-83.75 (100.0%)"
2019-04-06,73.96,23.31,0.0,No thermal stress,48.2 to 78.8 F,52.91,30.96,70.18,21.05,1,450,1,"42.25,-83.75 (100.0%)"
2019-04-07,69.79,21.0,0.0,No thermal stress,48.2 to 78.8 F,53.26,30.47,70.39,16.53,0,450,1,"42.25,-83.75 (100.0%)"
2019-04-08,73.18,22.88,0.0,No thermal stress,48.2 to 78.8 F,53.92,31.67,71.46,19.26,1,450,1,"42.25,-83.75 (100.0%)"
2019-04-09,51.47,10.82,0.0,No thermal stress,48.2 to 78.8 F,54.27,31.24,71.73,-2.8,0,450,1,"42.25,-83.75 (100.0%)"
2019-04-10,55.68,13.16,0.0,No thermal stress,48.2 to 78.8 F,54.42,31.24,71.95,1.26,0,450,1,"42.25,-83.75 (100.0%)"
2019-04-11,38.85,3.81,-1.0,Slight cold stress,32.0 to 48.2 F,55.35,32.37,73.24,-16.5,0,450,1,"42.25,-83.75 (100.0%)"
2019-04-12,54.53,12.52,0.0,No thermal stress,48.2 to 78.8 F,56.36,35.4,73.51,-1.83,0,450,1,"42.25,-83.75 (100.0%)"
2019-04-13,50.89,10.5,0.0,No thermal stress,48.2 to 78.8 F,56.94,35.4,73.86,-6.05,0,450,1,"42.25,-83.75 (100.0%)"
2019-04-14,23.02,-4.99,-2.0,Moderate cold stress,8.6 to 32.0 F,57.32,35.86,74.34,-34.3,0,450,1,"42.25,-83.75 (100.0%)"
2019-04-15,48.38,9.1,0.0,No thermal stress,48.2 to 78.8 F,57.57,36.62,74.55,-9.19,0,450,1,"42.25,-83.75 (100.0%)"
2019-04-16,71.12,21.74,0.0,No thermal stress,48.2 to 78.8 F,57.93,36.62,74.58,13.19,0,450,1,"42.25,-83.75 (100.0%)"
2019-04-17,56.16,13.42,0.0,No thermal stress,48.2 to 78.8 F,58.57,37.4,75.15,-2.41,0,450,1,"42.25,-83.75 (100.0%)"
2019-04-18,58.84,14.91,0.0,No thermal stress,48.2 to 78.8 F,59.09,38.67,75.36,-0.25,0,450,1,"42.25,-83.75 (100.0%)"
2019-04-19,31.87,-0.07,-2.0,Moderate cold stress,8.6 to 32.0 F,59.38,39.43,76.04,-27.51,0,450,1,"42.25,-83.75 (100.0%)"
2019-04-20,31.71,-0.16,-2.0,Moderate cold stress,8.6 to 32.0 F,59.64,39.7,76.13,-27.93,0,450,1,"42.25,-83.75 (100.0%)"
2019-04-21,77.69,25.39,0.0,No thermal stress,48.2 to 78.8 F,60.08,40.09,76.16,17.61,1,450,1,"42.25,-83.75 (100.0%)"
2019-04-22,69.99,21.1,0.0,No thermal stress,48.2 to 78.8 F,60.5,40.95,76.19,9.49,0,450,1,"42.25,-83.75 (100.0%)"
2019-04-23,56.84,13.8,0.0,No thermal stress,48.2 to 78.8 F,60.85,41.24,76.19,-4.01,0,450,1,"42.25,-83.75 (100.0%)"
2019-04-24,77.62,25.34,0.0,No thermal stress,48.2 to 78.8 F,61.36,42.66,76.39,16.26,1,450,1,"42.25,-83.75 (100.0%)"
2019-04-25,73.39,22.99,0.0,No thermal stress,48.2 to 78.8 F,61.89,44.24,76.95,11.5,0,450,1,"42.25,-83.75 (100.0%)"
2019-04-26,49.74,9.86,0.0,No thermal stress,48.2 to 78.8 F,61.98,44.24,76.95,-12.24,0,450,1,"42.25,-83.75 (100.0%)"
2019-04-27,59.82,15.45,0.0,No thermal stress,48.2 to 78.8 F,62.34,45.1,76.95,-2.52,0,450,1,"42.25,-83.75 (100.0%)"
2019-04-28,68.45,20.25,0.0,No thermal stress,48.2 to 78.8 F,62.79,45.94,76.96,5.66,0,450,1,"42.25,-83.75 (100.0%)"
2019-04-29,39.22,4.01,-1.0,Slight cold stress,32.0 to 48.2 F,63.48,47.52,77.46,-24.26,0,450,1,"42.25,-83.75 (100.0%)"
2019-04-30,56.95,13.86,0.0,No thermal stress,48.2 to 78.8 F,64.29,48.53,77.63,-7.34,0,450,1,"42.25,-83.75 (100.0%)"
2019-05-01,67.88,19.94,0.0,No thermal stress,48.2 to 78.8 F,64.79,48.65,78.06,3.09,0,450,1,"42.25,-83.75 (100.0%)"
2019-05-02,77.02,25.01,0.0,No thermal stress,48.2 to 78.8 F,65.32,49.17,79.15,11.7,0,450,1,"42.25,-83.75 (100.0%)"
2019-05-03,55.73,13.18,0.0,No thermal stress,48.2 to 78.8 F,65.99,49.77,79.82,-10.26,0,450,1,"42.25,-83.75 (100.0%)"
2019-05-04,76.32,24.62,0.0,No thermal stress,48.2 to 78.8 F,66.32,49.65,80.13,10.0,0,450,1,"42.25,-83.75 (100.0%)"
2019-05-05,78.92,26.07,1.0,Moderate heat stress,78.8 to 89.6 F,66.73,49.38,80.72,12.19,0,450,1,"42.25,-83.75 (100.0%)"
2019-05-06,74.17,23.43,0.0,No thermal stress,48.2 to 78.8 F,67.33,50.33,81.37,6.84,0,450,1,"42.25,-83.75 (100.0%)"
2019-05-07,54.29,12.38,0.0,No thermal stress,48.2 to 78.8 F,67.72,50.39,81.94,-13.43,0,450,1,"42.25,-83.75 (100.0%)"
2019-05-08,52.89,11.6,0.0,No thermal stress,48.2 to 78.8 F,67.96,50.07,82.34,-15.07,0,450,1,"42.25,-83.75 (100.0%)"
2019-05-09,71.39,21.88,0.0,No thermal stress,48.2 to 78.8 F,68.29,50.33,82.62,3.1,0,450,1,"42.25,-83.75 (100.0%)"
2019-05-10,61.52,16.4,0.0,No thermal stress,48.2 to 78.8 F,68.78,50.77,82.86,-7.26,0,450,1,"42.25,-83.75 (100.0%)"
2019-05-11,56.62,13.68,0.0,No thermal stress,48.2 to 78.8 F,68.91,51.78,83.07,-12.29,0,450,1,"42.25,-83.75 (100.0%)"
2019-05-12,53.01,11.67,0.0,No thermal stress,48.2 to 78.8 F,69.21,51.78,83.47,-16.2,0,450,1,"42.25,-83.75 (100.0%)"
2019-05-13,46.05,7.81,-1.0,Slight cold stress,32.0 to 48.2 F,69.68,52.03,83.97,-23.63,0,450,1,"42.25,-83.75 (100.0%)"
2019-05-14,68.74,20.41,0.0,No thermal stress,48.2 to 78.8 F,69.91,52.16,84.48,-1.17,0,450,1,"42.25,-83.75 (100.0%)"
2019-05-15,70.14,21.19,0.0,No thermal stress,48.2 to 78.8 F,70.28,52.88,84.76,-0.14,0,450,1,"42.25,-83.75 (100.0%)"
2019-05-16,75.48,24.16,0.0,No thermal stress,48.2 to 78.8 F,70.82,54.11,85.48,4.66,0,450,1,"42.25,-83.75 (100.0%)"
2019-05-17,81.29,27.38,1.0,Moderate heat stress,78.8 to 89.6 F,71.01,54.3,85.81,10.28,0,450,1,"42.25,-83.75 (100.0%)"
2019-05-18,79.14,26.19,1.0,Moderate heat stress,78.8 to 89.6 F,71.2,54.3,86.13,7.94,0,450,1,"42.25,-83.75 (100.0%)"
2019-05-19,71.93,22.18,0.0,No thermal stress,48.2 to 78.8 F,71.89,55.55,86.51,0.04,0,450,1,"42.25,-83.75 (100.0%)"
2019-05-20,55.58,13.1,0.0,No thermal stress,48.2 to 78.8 F,72.59,57.55,86.7,-17.01,0,450,1,"42.25,-83.75 (100.0%)"
2019-05-21,68.45,20.25,0.0,No thermal stress,48.2 to 78.8 F,73.25,58.24,86.93,-4.8,0,450,1,"42.25,-83.75 (100.0%)"
2019-05-22,77.78,25.44,0.0,No thermal stress,48.2 to 78.8 F,73.89,58.73,87.48,3.89,0,450,1,"42.25,-83.75 (100.0%)"
2019-05-23,71.55,21.97,0.0,No thermal stress,48.2 to 78.8 F,74.67,59.71,88.0,-3.12,0,450,1,"42.25,-83.75 (100.0%)"
2019-05-24,78.32,25.74,0.0,No thermal stress,48.2 to 78.8 F,75.17,60.03,88.24,3.15,0,450,1,"42.25,-83.75 (100.0%)"
2019-05-25,82.42,28.01,1.0,Moderate heat stress,78.8 to 89.6 F,75.44,60.03,88.36,6.98,0,450,1,"42.25,-83.75 (100.0%)"
2019-05-26,85.62,29.79,1.0,Moderate heat stress,78.8 to 89.6 F,75.93,60.85,88.62,9.69,0,450,1,"42.25,-83.75 (100.0%)"
2019-05-27,77.43,25.24,0.0,No thermal stress,48.2 to 78.8 F,76.18,61.38,88.43,1.25,0,450,1,"42.25,-83.75 (100.0%)"
2019-05-28,79.6,26.44,1.0,Moderate heat stress,78.8 to 89.6 F,76.42,62.28,88.6,3.18,0,450,1,"42.25,-83.75 (100.0%)"
2019-05-29,77.72,25.4,0.0,No thermal stress,48.2 to 78.8 F,76.75,62.83,88.79,0.97,0,450,1,"42.25,-83.75 (100.0%)"
2019-05-30,74.66,23.7,0.0,No thermal stress,48.2 to 78.8 F,77.04,62.83,88.94,-2.38,0,450,1,"42.25,-83.75 (100.0%)"
2019-05-31,82.56,28.09,1.0,Moderate heat stress,78.8 to 89.6 F,77.38,63.29,89.31,5.18,0,450,1,"42.25,-83.75 (100.0%)"
2019-06-01,85.28,29.6,1.0,Moderate heat stress,78.8 to 89.6 F,77.95,64.57,89.53,7.33,0,450,1,"42.25,-83.75 (100.0%)"
2019-06-02,71.92,22.18,0.0,No thermal stress,48.2 to 78.8 F,78.51,65.72,89.65,-6.59,0,450,1,"42.25,-83.75 (100.0%)"
2019-06-03,74.4,23.55,0.0,No thermal stress,48.2 to 78.8 F,78.93,66.01,89.97,-4.53,0,450,1,"42.25,-83.75 (100.0%)"
2019-06-04,75.12,23.96,0.0,No thermal stress,48.2 to 78.8 F,79.39,67.5,90.32,-4.27,0,450,1,"42.25,-83.75 (100.0%)"
2019-06-05,84.1,28.95,1.0,Moderate heat stress,78.8 to 89.6 F,79.56,68.01,90.46,4.54,0,450,1,"42.25,-83.75 (100.0%)"
2019-06-06,86.76,30.42,1.0,Moderate heat stress,78.8 to 89.6 F,79.74,68.48,90.4,7.02,0,450,1,"42.25,-83.75 (100.0%)"
2019-06-07,80.18,26.76,1.0,Moderate heat stress,78.8 to 89.6 F,80.0,68.92,90.36,0.18,0,450,1,"42.25,-83.75 (100.0%)"
2019-06-08,77.26,25.15,0.0,No thermal stress,48.2 to 78.8 F,80.37,69.52,90.5,-3.11,0,450,1,"42.25,-83.75 (100.0%)"
2019-06-09,73.97,23.32,0.0,No thermal stress,48.2 to 78.8 F,80.79,69.85,90.79,-6.82,0,450,1,"42.25,-83.75 (100.0%)"
2019-06-10,66.01,18.9,0.0,No thermal stress,48.2 to 78.8 F,81.31,69.96,91.35,-15.3,0,450,1,"42.25,-83.75 (100.0%)"
2019-06-11,81.85,27.69,1.0,Moderate heat stress,78.8 to 89.6 F,82.06,70.24,92.17,-0.21,0,450,1,"42.25,-83.75 (100.0%)"
2019-06-12,74.78,23.77,0.0,No thermal stress,48.2 to 78.8 F,82.57,70.62,92.55,-7.79,0,450,1,"42.25,-83.75 (100.0%)"
2019-06-13,69.41,20.78,0.0,No thermal stress,48.2 to 78.8 F,82.98,71.32,92.81,-13.57,0,450,1,"42.25,-83.75 (100.0%)"
2019-06-14,71.36,21.87,0.0,No thermal stress,48.2 to 78.8 F,83.43,72.24,93.04,-12.07,0,450,1,"42.25,-83.75 (100.0%)"
2019-06-15,70.27,21.26,0.0,No thermal stress,48.2 to 78.8 F,83.67,72.41,93.06,-13.4,0,450,1,"42.25,-83.75 (100.0%)"
2019-06-16,68.65,20.36,0.0,No thermal stress,48.2 to 78.8 F,83.87,72.74,93.13,-15.22,0,450,1,"42.25,-83.75 (100.0%)"
2019-06-17,85.34,29.63,1.0,Moderate heat stress,78.8 to 89.6 F,84.1,73.25,93.17,1.24,0,450,1,"42.25,-83.75 (100.0%)"
2019-06-18,87.65,30.91,1.0,Moderate heat stress,78.8 to 89.6 F,84.29,73.38,93.37,3.36,0,450,1,"42.25,-83.75 (100.0%)"
2019-06-19,89.83,32.13,2.0,Strong heat stress,89.6 to 100.4 F,84.55,73.38,93.72,5.28,0,450,1,"42.25,-83.75 (100.0%)"
2019-06-20,65.49,18.61,0.0,No thermal stress,48.2 to 78.8 F,84.78,73.48,93.86,-19.29,0,450,1,"42.25,-83.75 (100.0%)"
2019-06-21,83.72,28.73,1.0,Moderate heat stress,78.8 to 89.6 F,85.06,73.98,94.01,-1.34,0,450,1,"42.25,-83.75 (100.0%)"
2019-06-22,82.55,28.08,1.0,Moderate heat stress,78.8 to 89.6 F,85.12,74.03,94.04,-2.57,0,450,1,"42.25,-83.75 (100.0%)"
2019-06-23,81.17,27.32,1.0,Moderate heat stress,78.8 to 89.6 F,85.26,74.08,94.21,-4.09,0,450,1,"42.25,-83.75 (100.0%)"
2019-06-24,79.8,26.55,1.0,Moderate heat stress,78.8 to 89.6 F,85.39,74.51,94.21,-5.59,0,450,1,"42.25,-83.75 (100.0%)"
2019-06-25,82.42,28.01,1.0,Moderate heat stress,78.8 to 89.6 F,85.56,74.72,94.3,-3.14,0,450,1,"42.25,-83.75 (100.0%)"
2019-06-26,87.7,30.94,1.0,Moderate heat stress,78.8 to 89.6 F,85.55,74.72,94.34,2.15,0,450,1,"42.25,-83.75 (100.0%)"
2019-06-27,94.43,34.69,2.0,Strong heat stress,89.6 to 100.4 F,85.7,74.84,94.56,8.73,0,450,1,"42.25,-83.75 (100.0%)"
2019-06-28,93.68,34.27,2.0,Strong heat stress,89.6 to 100.4 F,85.99,75.38,95.06,7.69,0,450,1,"42.25,-83.75 (100.0%)"
2019-06-29,92.32,33.51,2.0,Strong heat stress,89.6 to 100.4 F,86.14,75.47,95.57,6.18,0,450,1,"42.25,-83.75 (100.0%)"
2019-06-30,89.6,32.0,1.0,Moderate heat stress,78.8 to 89.6 F,86.35,75.75,95.7,3.25,0,450,1,"42.25,-83.75 (100.0%)"
2019-07-01,95.84,35.47,2.0,Strong heat stress,89.6 to 100.4 F,86.5,75.8,95.85,9.34,0,450,1,"42.25,-83.75 (100.0%)"
2019-07-02,95.97,35.54,2.0,Strong heat stress,89.6 to 100.4 F,86.53,75.8,95.71,9.44,1,450,1,"42.25,-83.75 (100.0%)"
2019-07-03,94.55,34.75,2.0,Strong heat stress,89.6 to 100.4 F,86.59,75.98,95.69,7.96,0,450,1,"42.25,-83.75 (100.0%)"
2019-07-04,96.77,35.98,2.0,Strong heat stress,89.6 to 100.4 F,86.59,76.0,95.6,10.18,1,450,1,"42.25,-83.75 (100.0%)"
2019-07-05,97.05,36.14,2.0,Strong heat stress,89.6 to 100.4 F,86.68,76.4,95.37,10.37,1,450,1,"42.25,-83.75 (100.0%)"
2019-07-06,95.34,35.19,2.0,Strong heat stress,89.6 to 100.4 F,86.8,76.84,95.34,8.54,0,450,1,"42.25,-83.75 (100.0%)"
2019-07-07,84.18,28.99,1.0,Moderate heat stress,78.8 to 89.6 F,87.03,77.15,95.61,-2.85,0,450,1,"42.25,-83.75 (100.0%)"
2019-07-08,90.25,32.36,2.0,Strong heat stress,89.6 to 100.4 F,87.21,77.39,95.74,3.04,0,450,1,"42.25,-83.75 (100.0%)"
2019-07-09,89.8,32.11,2.0,Strong heat stress,89.6 to 100.4 F,87.5,77.72,96.15,2.3,0,450,1,"42.25,-83.75 (100.0%)"
2019-07-10,93.0,33.89,2.0,Strong heat stress,89.6 to 100.4 F,87.66,77.86,96.15,5.34,0,450,1,"42.25,-83.75 (100.0%)"
2019-07-11,87.05,30.58,1.0,Moderate heat stress,78.8 to 89.6 F,87.89,78.0,96.24,-0.84,0,450,1,"42.25,-83.75 (100.0%)"
2019-07-12,89.22,31.79,1.0,Moderate heat stress,78.8 to 89.6 F,87.94,78.35,96.15,1.28,0,450,1,"42.25,-83.75 (100.0%)"
2019-07-13,89.2,31.78,1.0,Moderate heat stress,78.8 to 89.6 F,87.94,78.34,95.98,1.26,0,450,1,"42.25,-83.75 (100.0%)"
2019-07-14,91.04,32.8,2.0,Strong heat stress,89.6 to 100.4 F,88.08,78.61,96.37,2.96,0,450,1,"42.25,-83.75 (100.0%)"
2019-07-15,95.22,35.12,2.0,Strong heat stress,89.6 to 100.4 F,88.07,78.57,96.32,7.15,0,450,1,"42.25,-83.75 (100.0%)"
2019-07-16,87.3,30.72,1.0,Moderate heat stress,78.8 to 89.6 F,88.01,78.52,96.45,-0.71,0,450,1,"42.25,-83.75 (100.0%)"
2019-07-17,95.96,35.53,2.0,Strong heat stress,89.6 to 100.4 F,88.09,78.7,96.46,7.87,0,450,1,"42.25,-83.75 (100.0%)"
2019-07-18,92.96,33.87,2.0,Strong heat stress,89.6 to 100.4 F,88.09,78.75,96.59,4.87,0,450,1,"42.25,-83.75 (100.0%)"
2019-07-19,94.81,34.9,2.0,Strong heat stress,89.6 to 100.4 F,88.1,78.75,96.79,6.71,0,450,1,"42.25,-83.75 (100.0%)"
2019-07-20,98.18,36.77,2.0,Strong heat stress,89.6 to 100.4 F,88.13,78.75,96.86,10.05,1,450,1,"42.25,-83.75 (100.0%)"
2019-07-21,92.06,33.37,2.0,Strong heat stress,89.6 to 100.4 F,88.02,78.8,96.8,4.04,0,450,1,"42.25,-83.75 (100.0%)"
2019-07-22,78.38,25.76,0.0,No thermal stress,48.2 to 78.8 F,87.9,78.9,96.48,-9.52,0,450,1,"42.25,-83.75 (100.0%)"
2019-07-23,80.36,26.87,1.0,Moderate heat stress,78.8 to 89.6 F,87.84,79.3,96.4,-7.48,0,450,1,"42.25,-83.75 (100.0%)"
2019-07-24,82.45,28.03,1.0,Moderate heat stress,78.8 to 89.6 F,87.76,79.3,96.45,-5.31,0,450,1,"42.25,-83.75 (100.0%)"
2019-07-25,87.65,30.92,1.0,Moderate heat stress,78.8 to 89.6 F,87.7,78.96,96.45,-0.05,0,450,1,"42.25,-83.75 (100.0%)"
2019-07-26,85.7,29.84,1.0,Moderate heat stress,78.8 to 89.6 F,87.64,78.75,96.33,-1.94,0,450,1,"42.25,-83.75 (100.0%)"
2019-07-27,85.51,29.73,1.0,Moderate heat stress,78.8 to 89.6 F,87.68,78.75,96.29,-2.17,0,450,1,"42.25,-83.75 (100.0%)"
2019-07-28,91.04,32.8,2.0,Strong heat stress,89.6 to 100.4 F,87.53,78.55,96.24,3.51,0,450,1,"42.25,-83.75 (100.0%)"
2019-07-29,85.42,29.68,1.0,Moderate heat stress,78.8 to 89.6 F,87.2,78.41,95.71,-1.78,0,450,1,"42.25,-83.75 (100.0%)"
2019-07-30,87.37,30.76,1.0,Moderate heat stress,78.8 to 89.6 F,87.03,78.28,95.44,0.34,0,450,1,"42.25,-83.75 (100.0%)"
2019-07-31,86.07,30.04,1.0,Moderate heat stress,78.8 to 89.6 F,87.11,78.55,95.26,-1.04,0,450,1,"42.25,-83.75 (100.0%)"
2019-08-01,87.57,30.87,1.0,Moderate heat stress,78.8 to 89.6 F,87.08,78.27,95.03,0.49,0,450,1,"42.25,-83.75 (100.0%)"
2019-08-02,88.45,31.36,1.0,Moderate heat stress,78.8 to 89.6 F,87.08,78.17,95.22,1.37,0,450,1,"42.25,-83.75 (100.0%)"
2019-08-03,92.3,33.5,2.0,Strong heat stress,89.6 to 100.4 F,87.04,78.08,95.22,5.26,0,450,1,"42.25,-83.75 (100.0%)"
2019-08-04,91.0,32.78,2.0,Strong heat stress,89.6 to 100.4 F,86.87,77.86,95.26,4.13,0,450,1,"42.25,-83.75 (100.0%)"
2019-08-05,92.28,33.49,2.0,Strong heat stress,89.6 to 100.4 F,86.91,77.89,95.26,5.37,0,450,1,"42.25,-83.75 (100.0%)"
2019-08-06,88.27,31.26,1.0,Moderate heat stress,78.8 to 89.6 F,86.9,77.75,95.26,1.37,0,450,1,"42.25,-83.75 (100.0%)"
2019-08-07,88.5,31.39,1.0,Moderate heat stress,78.8 to 89.6 F,86.76,77.28,95.26,1.74,0,450,1,"42.25,-83.75 (100.0%)"
2019-08-08,80.89,27.16,1.0,Moderate heat stress,78.8 to 89.6 F,86.69,76.79,95.2,-5.8,0,450,1,"42.25,-83.75 (100.0%)"
2019-08-09,81.0,27.22,1.0,Moderate heat stress,78.8 to 89.6 F,86.5,76.77,94.82,-5.5,0,450,1,"42.25,-83.75 (100.0%)"
2019-08-10,82.68,28.16,1.0,Moderate heat stress,78.8 to 89.6 F,86.21,76.41,94.18,-3.53,0,450,1,"42.25,-83.75 (100.0%)"
2019-08-11,88.99,31.66,1.0,Moderate heat stress,78.8 to 89.6 F,85.98,76.22,93.94,3.01,0,450,1,"42.25,-83.75 (100.0%)"
2019-08-12,90.29,32.38,2.0,Strong heat stress,89.6 to 100.4 F,85.9,76.41,93.73,4.39,0,450,1,"42.25,-83.75 (100.0%)"
2019-08-13,90.77,32.65,2.0,Strong heat stress,89.6 to 100.4 F,85.72,76.22,93.57,5.05,0,450,1,"42.25,-83.75 (100.0%)"
2019-08-14,87.9,31.05,1.0,Moderate heat stress,78.8 to 89.6 F,85.63,76.0,93.55,2.27,0,450,1,"42.25,-83.75 (100.0%)"
2019-08-15,87.87,31.04,1.0,Moderate heat stress,78.8 to 89.6 F,85.39,75.26,93.55,2.48,0,450,1,"42.25,-83.75 (100.0%)"
2019-08-16,85.85,29.91,1.0,Moderate heat stress,78.8 to 89.6 F,85.28,74.94,93.55,0.57,0,450,1,"42.25,-83.75 (100.0%)"
2019-08-17,91.83,33.24,2.0,Strong heat stress,89.6 to 100.4 F,85.12,74.62,93.21,6.71,0,450,1,"42.25,-83.75 (100.0%)"
2019-08-18,91.46,33.03,2.0,Strong heat stress,89.6 to 100.4 F,85.08,75.18,93.16,6.38,0,450,1,"42.25,-83.75 (100.0%)"
2019-08-19,92.22,33.45,2.0,Strong heat stress,89.6 to 100.4 F,85.27,75.25,93.17,6.95,0,450,1,"42.25,-83.75 (100.0%)"
2019-08-20,93.55,34.19,2.0,Strong heat stress,89.6 to 100.4 F,85.3,75.25,93.13,8.25,1,450,1,"42.25,-83.75 (100.0%)"
2019-08-21,90.93,32.74,2.0,Strong heat stress,89.6 to 100.4 F,85.11,74.94,93.16,5.82,0,450,1,"42.25,-83.75 (100.0%)"
2019-08-22,84.83,29.35,1.0,Moderate heat stress,78.8 to 89.6 F,85.03,74.74,93.17,-0.2,0,450,1,"42.25,-83.75 (100.0%)"
2019-08-23,77.94,25.52,0.0,No thermal stress,48.2 to 78.8 F,84.9,74.43,93.09,-6.96,0,450,1,"42.25,-83.75 (100.0%)"
2019-08-24,78.11,25.62,0.0,No thermal stress,48.2 to 78.8 F,84.76,74.22,93.09,-6.65,0,450,1,"42.25,-83.75 (100.0%)"
2019-08-25,75.33,24.07,0.0,No thermal stress,48.2 to 78.8 F,84.72,73.91,93.19,-9.39,0,450,1,"42.25,-83.75 (100.0%)"
2019-08-26,72.0,22.22,0.0,No thermal stress,48.2 to 78.8 F,84.61,73.75,93.47,-12.61,0,450,1,"42.25,-83.75 (100.0%)"
2019-08-27,86.16,30.09,1.0,Moderate heat stress,78.8 to 89.6 F,84.58,73.77,93.55,1.58,0,450,1,"42.25,-83.75 (100.0%)"
2019-08-28,71.55,21.97,0.0,No thermal stress,48.2 to 78.8 F,84.6,73.77,93.57,-13.05,0,450,1,"42.25,-83.75 (100.0%)"
2019-08-29,79.13,26.18,1.0,Moderate heat stress,78.8 to 89.6 F,84.54,73.49,93.58,-5.41,0,450,1,"42.25,-83.75 (100.0%)"
2019-08-30,82.14,27.85,1.0,Moderate heat stress,78.8 to 89.6 F,84.51,73.73,93.58,-2.37,0,450,1,"42.25,-83.75 (100.0%)"
2019-08-31,78.74,25.97,0.0,No thermal stress,48.2 to 78.8 F,84.37,73.72,93.6,-5.63,0,450,1,"42.25,-83.75 (100.0%)"
2019-09-01,73.86,23.26,0.0,No thermal stress,48.2 to 78.8 F,83.96,72.01,93.6,-10.1,0,450,1,"42.25,-83.75 (100.0%)"
2019-09-02,83.1,28.39,1.0,Moderate heat stress,78.8 to 89.6 F,83.55,71.57,93.52,-0.45,0,450,1,"42.25,-83.75 (100.0%)"
2019-09-03,78.65,25.92,0.0,No thermal stress,48.2 to 78.8 F,82.9,70.98,93.35,-4.25,0,450,1,"42.25,-83.75 (100.0%)"
2019-09-04,79.64,26.47,1.0,Moderate heat stress,78.8 to 89.6 F,82.36,70.1,93.27,-2.72,0,450,1,"42.25,-83.75 (100.0%)"
2019-09-05,84.89,29.38,1.0,Moderate heat stress,78.8 to 89.6 F,82.11,69.93,92.96,2.78,0,450,1,"42.25,-83.75 (100.0%)"
2019-09-06,81.69,27.6,1.0,Moderate heat stress,78.8 to 89.6 F,81.75,69.35,92.12,-0.06,0,450,1,"42.25,-83.75 (100.0%)"
2019-09-07,79.37,26.32,1.0,Moderate heat stress,78.8 to 89.6 F,81.26,68.98,91.73,-1.89,0,450,1,"42.25,-83.75 (100.0%)"
2019-09-08,77.71,25.4,0.0,No thermal stress,48.2 to 78.8 F,80.78,67.98,91.72,-3.07,0,450,1,"42.25,-83.75 (100.0%)"
2019-09-09,76.64,24.8,0.0,No thermal stress,48.2 to 78.8 F,80.4,67.84,91.25,-3.76,0,450,1,"42.25,-83.75 (100.0%)"
2019-09-10,90.87,32.71,2.0,Strong heat stress,89.6 to 100.4 F,80.0,66.86,90.85,10.87,1,450,1,"42.25,-83.75 (100.0%)"
2019-09-11,94.91,34.95,2.0,Strong heat stress,89.6 to 100.4 F,79.53,66.16,90.28,15.38,1,450,1,"42.25,-83.75 (100.0%)"
2019-09-12,81.36,27.42,1.0,Moderate heat stress,78.8 to 89.6 F,79.12,65.59,89.59,2.24,0,450,1,"42.25,-83.75 (100.0%)"
2019-09-13,88.27,31.26,1.0,Moderate heat stress,78.8 to 89.6 F,78.71,65.45,88.96,9.56,0,450,1,"42.25,-83.75 (100.0%)"
2019-09-14,77.48,25.27,0.0,No thermal stress,48.2 to 78.8 F,78.22,65.04,88.57,-0.74,0,450,1,"42.25,-83.75 (100.0%)"
2019-09-15,76.41,24.67,0.0,No thermal stress,48.2 to 78.8 F,77.58,64.32,88.4,-1.17,0,450,1,"42.25,-83.75 (100.0%)"
2019-09-16,87.17,30.65,1.0,Moderate heat stress,78.8 to 89.6 F,77.35,64.32,87.98,9.82,0,450,1,"42.25,-83.75 (100.0%)"
2019-09-17,84.22,29.01,1.0,Moderate heat stress,78.8 to 89.6 F,76.96,63.86,87.9,7.26,0,450,1,"42.25,-83.75 (100.0%)"
2019-09-18,81.52,27.51,1.0,Moderate heat stress,78.8 to 89.6 F,76.61,63.81,87.73,4.91,0,450,1,"42.25,-83.75 (100.0%)"
2019-09-19,85.62,29.79,1.0,Moderate heat stress,78.8 to 89.6 F,76.14,63.12,87.59,9.48,0,450,1,"42.25,-83.75 (100.0%)"
2019-09-20,92.82,33.79,2.0,Strong heat stress,89.6 to 100.4 F,75.6,62.56,87.33,17.22,1,450,1,"42.25,-83.75 (100.0%)"
2019-09-21,88.72,31.51,1.0,Moderate heat stress,78.8 to 89.6 F,74.96,61.3,86.8,13.76,1,450,1,"42.25,-83.75 (100.0%)"
2019-09-22,84.5,29.17,1.0,Moderate heat stress,78.8 to 89.6 F,74.29,60.47,86.49,10.21,0,450,1,"42.25,-83.75 (100.0%)"
2019-09-23,70.56,21.42,0.0,No thermal stress,48.2 to 78.8 F,73.71,59.88,85.86,-3.15,0,450,1,"42.25,-83.75 (100.0%)"
2019-09-24,78.54,25.86,0.0,No thermal stress,48.2 to 78.8 F,73.05,59.06,85.56,5.49,0,450,1,"42.25,-83.75 (100.0%)"
2019-09-25,69.34,20.74,0.0,No thermal stress,48.2 to 78.8 F,72.36,57.65,85.16,-3.02,0,450,1,"42.25,-83.75 (100.0%)"
2019-09-26,67.32,19.62,0.0,No thermal stress,48.2 to 78.8 F,71.66,56.96,85.08,-4.34,0,450,1,"42.25,-83.75 (100.0%)"
2019-09-27,72.4,22.44,0.0,No thermal stress,48.2 to 78.8 F,70.99,55.35,84.81,1.41,0,450,1,"42.25,-83.75 (100.0%)"
2019-09-28,70.81,21.56,0.0,No thermal stress,48.2 to 78.8 F,70.26,54.33,84.56,0.55,0,450,1,"42.25,-83.75 (100.0%)"
2019-09-29,54.09,12.27,0.0,No thermal stress,48.2 to 78.8 F,69.72,54.23,84.15,-15.63,0,450,1,"42.25,-83.75 (100.0%)"
2019-09-30,85.55,29.75,1.0,Moderate heat stress,78.8 to 89.6 F,69.23,53.33,83.77,16.32,1,450,1,"42.25,-83.75 (100.0%)"
2019-10-01,87.94,31.08,1.0,Moderate heat stress,78.8 to 89.6 F,68.67,52.88,83.54,19.27,1,450,1,"42.25,-83.75 (100.0%)"
2019-10-02,72.02,22.23,0.0,No thermal stress,48.2 to 78.8 F,68.26,52.12,83.27,3.76,0,450,1,"42.25,-83.75 (100.0%)"
2019-10-03,70.93,21.63,0.0,No thermal stress,48.2 to 78.8 F,67.96,51.68,82.82,2.97,0,450,1,"42.25,-83.75 (100.0%)"
2019-10-04,57.42,14.12,0.0,No thermal stress,48.2 to 78.8 F,67.57,51.45,82.33,-10.15,0,450,1,"42.25,-83.75 (100.0%)"
2019-10-05,60.8,16.0,0.0,No thermal stress,48.2 to 78.8 F,67.08,50.52,82.2,-6.28,0,450,1,"42.25,-83.75 (100.0%)"
2019-10-06,67.81,19.89,0.0,No thermal stress,48.2 to 78.8 F,66.62,49.45,82.14,1.19,0,450,1,"42.25,-83.75 (100.0%)"
2019-10-07,71.9,22.17,0.0,No thermal stress,48.2 to 78.8 F,66.15,48.66,81.99,5.75,0,450,1,"42.25,-83.75 (100.0%)"
2019-10-08,77.73,25.4,0.0,No thermal stress,48.2 to 78.8 F,65.45,48.17,81.66,12.28,0,450,1,"42.25,-83.75 (100.0%)"
2019-10-09,71.61,22.0,0.0,No thermal stress,48.2 to 78.8 F,64.67,47.25,81.44,6.94,0,450,1,"42.25,-83.75 (100.0%)"
2019-10-10,73.68,23.16,0.0,No thermal stress,48.2 to 78.8 F,63.97,45.63,80.8,9.71,0,450,1,"42.25,-83.75 (100.0%)"
2019-10-11,67.81,19.89,0.0,No thermal stress,48.2 to 78.8 F,63.52,45.53,79.35,4.29,0,450,1,"42.25,-83.75 (100.0%)"
2019-10-12,42.46,5.81,-1.0,Slight cold stress,32.0 to 48.2 F,62.8,44.92,78.57,-20.34,0,450,1,"42.25,-83.75 (100.0%)"
2019-10-13,51.73,10.96,0.0,No thermal stress,48.2 to 78.8 F,62.18,44.68,77.88,-10.45,0,450,1,"42.25,-83.75 (100.0%)"
2019-10-14,48.66,9.25,0.0,No thermal stress,48.2 to 78.8 F,61.42,44.27,77.25,-12.76,0,450,1,"42.25,-83.75 (100.0%)"
2019-10-15,66.13,18.96,0.0,No thermal stress,48.2 to 78.8 F,60.9,43.78,75.7,5.23,0,450,1,"42.25,-83.75 (100.0%)"
2019-10-16,43.59,6.44,-1.0,Slight cold stress,32.0 to 48.2 F,60.24,43.05,74.58,-16.65,0,450,1,"42.25,-83.75 (100.0%)"
2019-10-17,42.54,5.86,-1.0,Slight cold stress,32.0 to 48.2 F,59.28,42.38,73.9,-16.74,0,450,1,"42.25,-83.75 (100.0%)"
2019-10-18,73.05,22.81,0.0,No thermal stress,48.2 to 78.8 F,58.51,42.04,73.15,14.54,0,450,1,"42.25,-83.75 (100.0%)"
2019-10-19,62.02,16.68,0.0,No thermal stress,48.2 to 78.8 F,57.62,41.47,72.53,4.4,0,450,1,"42.25,-83.75 (100.0%)"
2019-10-20,79.13,26.18,1.0,Moderate heat stress,78.8 to 89.6 F,56.89,41.26,72.29,22.24,1,450,1,"42.25,-83.75 (100.0%)"
2019-10-21,55.05,12.8,0.0,No thermal stress,48.2 to 78.8 F,56.11,40.56,71.89,-1.06,0,450,1,"42.25,-83.75 (100.0%)"
2019-10-22,44.1,6.72,-1.0,Slight cold stress,32.0 to 48.2 F,55.37,38.7,71.61,-11.27,0,450,1,"42.25,-83.75 (100.0%)"
2019-10-23,53.82,12.12,0.0,No thermal stress,48.2 to 78.8 F,55.09,38.09,71.61,-1.27,0,450,1,"42.25,-83.75 (100.0%)"
2019-10-24,61.78,16.54,0.0,No thermal stress,48.2 to 78.8 F,54.55,37.25,71.5,7.23,0,450,1,"42.25,-83.75 (100.0%)"
2019-10-25,59.44,15.24,0.0,No thermal stress,48.2 to 78.8 F,53.93,36.11,70.85,5.51,0,450,1,"42.25,-83.75 (100.0%)"
2019-10-26,42.66,5.92,-1.0,Slight cold stress,32.0 to 48.2 F,53.12,34.31,70.51,-10.46,0,450,1,"42.25,-83.75 (100.0%)"
2019-10-27,53.87,12.15,0.0,No thermal stress,48.2 to 78.8 F,52.62,33.35,70.18,1.25,0,450,1,"42.25,-83.75 (100.0%)"
2019-10-28,68.7,20.39,0.0,No thermal stress,48.2 to 78.8 F,52.11,33.29,70.06,16.59,0,450,1,"42.25,-83.75 (100.0%)"
2019-10-29,49.65,9.8,0.0,No thermal stress,48.2 to 78.8 F,51.69,32.26,69.73,-2.04,0,450,1,"42.25,-83.75 (100.0%)"
2019-10-30,37.14,2.86,-1.0,Slight cold stress,32.0 to 48.2 F,50.97,31.86,68.74,-13.83,0,450,1,"42.25,-83.75 (100.0%)"
2019-10-31,42.05,5.58,-1.0,Slight cold stress,32.0 to 48.2 F,50.49,30.36,68.12,-8.44,0,450,1,"42.25,-83.75 (100.0%)"
2019-11-01,40.34,4.64,-1.0,Slight cold stress,32.0 to 48.2 F,50.43,29.74,68.12,-10.09,0,450,1,"42.25,-83.75 (100.0%)"
2019-11-02,38.53,3.63,-1.0,Slight cold stress,32.0 to 48.2 F,50.07,29.74,67.72,-11.54,0,450,1,"42.25,-83.75 (100.0%)"
2019-11-03,40.95,4.97,-1.0,Slight cold stress,32.0 to 48.2 F,49.6,29.61,66.87,-8.65,0,450,1,"42.25,-83.75 (100.0%)"
2019-11-04,45.57,7.54,-1.0,Slight cold stress,32.0 to 48.2 F,48.98,28.24,66.19,-3.41,0,450,1,"42.25,-83.75 (100.0%)"
2019-11-05,32.06,0.03,-1.0,Slight cold stress,32.0 to 48.2 F,48.63,26.93,65.67,-16.57,0,450,1,"42.25,-83.75 (100.0%)"
2019-11-06,36.65,2.58,-1.0,Slight cold stress,32.0 to 48.2 F,48.09,26.87,65.61,-11.44,0,450,1,"42.25,-83.75 (100.0%)"
2019-11-07,29.06,-1.63,-2.0,Moderate cold stress,8.6 to 32.0 F,47.61,26.32,65.12,-18.55,0,450,1,"42.25,-83.75 (100.0%)"
2019-11-08,44.04,6.69,-1.0,Slight cold stress,32.0 to 48.2 F,47.21,26.46,64.8,-3.17,0,450,1,"42.25,-83.75 (100.0%)"
2019-11-09,32.75,0.42,-1.0,Slight cold stress,32.0 to 48.2 F,46.72,26.41,64.44,-13.97,0,450,1,"42.25,-83.75 (100.0%)"
2019-11-10,46.28,7.93,-1.0,Slight cold stress,32.0 to 48.2 F,46.25,26.3,63.99,0.03,0,450,1,"42.25,-83.75 (100.0%)"
2019-11-11,18.52,-7.49,-2.0,Moderate cold stress,8.6 to 32.0 F,45.91,26.1,63.92,-27.39,0,450,1,"42.25,-83.75 (100.0%)"
2019-11-12,22.28,-5.4,-2.0,Moderate cold stress,8.6 to 32.0 F,45.34,25.83,63.1,-23.06,0,450,1,"42.25,-83.75 (100.0%)"
2019-11-13,14.4,-9.78,-2.0,Moderate cold stress,8.6 to 32.0 F,44.68,25.08,62.04,-30.28,0,450,1,"42.25,-83.75 (100.0%)"
2019-11-14,44.06,6.7,-1.0,Slight cold stress,32.0 to 48.2 F,44.34,24.84,61.99,-0.28,0,450,1,"42.25,-83.75 (100.0%)"
2019-11-15,48.15,8.97,-1.0,Slight cold stress,32.0 to 48.2 F,43.71,23.98,61.47,4.44,0,450,1,"42.25,-83.75 (100.0%)"
2019-11-16,39.74,4.3,-1.0,Slight cold stress,32.0 to 48.2 F,42.85,23.07,60.64,-3.11,0,450,1,"42.25,-83.75 (100.0%)"
2019-11-17,55.99,13.33,0.0,No thermal stress,48.2 to 78.8 F,41.84,22.52,59.51,14.15,0,450,1,"42.25,-83.75 (100.0%)"
2019-11-18,68.09,20.05,0.0,No thermal stress,48.2 to 78.8 F,41.23,21.94,59.2,26.86,1,450,1,"42.25,-83.75 (100.0%)"
2019-11-19,51.59,10.88,0.0,No thermal stress,48.2 to 78.8 F,40.94,21.87,59.18,10.65,0,450,1,"42.25,-83.75 (100.0%)"
2019-11-20,47.91,8.84,-1.0,Slight cold stress,32.0 to 48.2 F,40.48,20.73,58.75,7.43,0,450,1,"42.25,-83.75 (100.0%)"
2019-11-21,30.2,-1.0,-2.0,Moderate cold stress,8.6 to 32.0 F,40.3,20.98,58.55,-10.1,0,450,1,"42.25,-83.75 (100.0%)"
2019-11-22,31.84,-0.09,-2.0,Moderate cold stress,8.6 to 32.0 F,39.88,20.73,57.96,-8.04,0,450,1,"42.25,-83.75 (100.0%)"
2019-11-23,60.54,15.85,0.0,No thermal stress,48.2 to 78.8 F,39.59,20.41,57.64,20.95,1,450,1,"42.25,-83.75 (100.0%)"
2019-11-24,40.0,4.45,-1.0,Slight cold stress,32.0 to 48.2 F,39.06,19.65,57.2,0.94,0,450,1,"42.25,-83.75 (100.0%)"
2019-11-25,50.74,10.41,0.0,No thermal stress,48.2 to 78.8 F,38.87,19.31,57.12,11.87,0,450,1,"42.25,-83.75 (100.0%)"
2019-11-26,65.33,18.51,0.0,No thermal stress,48.2 to 78.8 F,38.47,19.16,56.81,26.86,1,450,1,"42.25,-83.75 (100.0%)"
2019-11-27,27.4,-2.55,-2.0,Moderate cold stress,8.6 to 32.0 F,38.18,18.65,56.32,-10.78,0,450,1,"42.25,-83.75 (100.0%)"
2019-11-28,33.97,1.1,-1.0,Slight cold stress,32.0 to 48.2 F,37.68,18.07,56.32,-3.71,0,450,1,"42.25,-83.75 (100.0%)"
2019-11-29,36.54,2.52,-1.0,Slight cold stress,32.0 to 48.2 F,36.62,16.73,55.81,-0.08,0,450,1,"42.25,-83.75 (100.0%)"
2019-11-30,31.04,-0.53,-2.0,Moderate cold stress,8.6 to 32.0 F,36.04,16.04,55.35,-5.0,0,450,1,"42.25,-83.75 (100.0%)"
2019-12-01,44.85,7.14,-1.0,Slight cold stress,32.0 to 48.2 F,35.55,15.63,54.6,9.3,0,450,1,"42.25,-83.75 (100.0%)"
2019-12-02,19.9,-6.72,-2.0,Moderate cold stress,8.6 to 32.0 F,35.41,15.63,54.0,-15.51,0,450,1,"42.25,-83.75 (100.0%)"
2019-12-03,26.0,-3.33,-2.0,Moderate cold stress,8.6 to 32.0 F,34.83,14.52,53.52,-8.83,0,450,1,"42.25,-83.75 (100.0%)"
2019-12-04,14.35,-9.81,-2.0,Moderate cold stress,8.6 to 32.0 F,34.19,13.82,54.0,-19.84,0,450,1,"42.25,-83.75 (100.0%)"
2019-12-05,46.97,8.32,-1.0,Slight cold stress,32.0 to 48.2 F,33.85,13.48,53.42,13.12,0,450,1,"42.25,-83.75 (100.0%)"
2019-12-06,27.99,-2.23,-2.0,Moderate cold stress,8.6 to 32.0 F,33.6,12.66,53.49,-5.61,0,450,1,"42.25,-83.75 (100.0%)"
2019-12-07,39.15,3.97,-1.0,Slight cold stress,32.0 to 48.2 F,33.28,12.02,53.42,5.87,0,450,1,"42.25,-83.75 (100.0%)"
2019-12-08,32.37,0.2,-1.0,Slight cold stress,32.0 to 48.2 F,32.67,10.7,53.14,-0.3,0,450,1,"42.25,-83.75 (100.0%)"
2019-12-09,32.22,0.12,-1.0,Slight cold stress,32.0 to 48.2 F,32.68,10.7,53.14,-0.46,0,450,1,"42.25,-83.75 (100.0%)"
2019-12-10,6.89,-13.95,-3.0,Strong cold stress,-16.6 to 8.6 F,32.2,10.63,52.45,-25.31,0,450,1,"42.25,-83.75 (100.0%)"
2019-12-11,2.51,-16.38,-3.0,Strong cold stress,-16.6 to 8.6 F,31.62,10.12,52.19,-29.11,0,450,1,"42.25,-83.75 (100.0%)"
2019-12-12,18.8,-7.34,-2.0,Moderate cold stress,8.6 to 32.0 F,31.13,9.27,51.67,-12.33,0,450,1,"42.25,-83.75 (100.0%)"
2019-12-13,44.08,6.71,-1.0,Slight cold stress,32.0 to 48.2 F,30.91,9.86,51.03,13.17,0,450,1,"42.25,-83.75 (100.0%)"
2019-12-14,33.05,0.58,-1.0,Slight cold stress,32.0 to 48.2 F,31.19,10.12,50.76,1.86,0,450,1,"42.25,-83.75 (100.0%)"
2019-12-15,25.27,-3.74,-2.0,Moderate cold stress,8.6 to 32.0 F,31.07,10.13,50.68,-5.8,0,450,1,"42.25,-83.75 (100.0%)"
2019-12-16,55.39,13.0,0.0,No thermal stress,48.2 to 78.8 F,30.83,9.59,50.64,24.56,1,450,1,"42.25,-83.75 (100.0%)"
2019-12-17,28.65,-1.86,-2.0,Moderate cold stress,8.6 to 32.0 F,30.28,9.05,50.19,-1.63,0,450,1,"42.25,-83.75 (100.0%)"
2019-12-18,-1.79,-18.77,-3.0,Strong cold stress,-16.6 to 8.6 F,30.07,8.81,50.17,-31.86,0,450,1,"42.25,-83.75 (100.0%)"
2019-12-19,26.34,-3.15,-2.0,Moderate cold stress,8.6 to 32.0 F,29.89,8.92,49.82,-3.55,0,450,1,"42.25,-83.75 (100.0%)"
2019-12-20,26.93,-2.82,-2.0,Moderate cold stress,8.6 to 32.0 F,29.75,9.06,49.54,-2.82,0,450,1,"42.25,-83.75 (100.0%)"
2019-12-21,47.11,8.39,-1.0,Slight cold stress,32.0 to 48.2 F,29.48,8.81,48.96,17.63,0,450,1,"42.25,-83.75 (100.0%)"
2019-12-22,50.64,10.36,0.0,No thermal stress,48.2 to 78.8 F,29.34,9.06,48.03,21.3,1,450,1,"42.25,-83.75 (100.0%)"
2019-12-23,56.45,13.58,0.0,No thermal stress,48.2 to 78.8 F,29.26,9.06,48.26,27.19,1,450,1,"42.25,-83.75 (100.0%)"
2019-12-24,36.9,2.72,-1.0,Slight cold stress,32.0 to 48.2 F,28.82,8.15,47.87,8.08,0,450,1,"42.25,-83.75 (100.0%)"
2019-12-25,58.12,14.51,0.0,No thermal stress,48.2 to 78.8 F,28.52,7.93,47.72,29.6,1,450,1,"42.25,-83.75 (100.0%)"
2019-12-26,49.86,9.92,0.0,No thermal stress,48.2 to 78.8 F,28.2,7.29,47.12,21.66,1,450,1,"42.25,-83.75 (100.0%)"
2019-12-27,44.22,6.79,-1.0,Slight cold stress,32.0 to 48.2 F,28.01,7.24,46.84,16.21,0,450,1,"42.25,-83.75 (100.0%)"
2019-12-28,46.26,7.92,-1.0,Slight cold stress,32.0 to 48.2 F,27.71,6.28,46.42,18.55,0,450,1,"42.25,-83.75 (100.0%)"
2019-12-29,48.25,9.03,0.0,No thermal stress,48.2 to 78.8 F,27.46,6.03,46.27,20.79,1,450,1,"42.25,-83.75 (100.0%)"
2019-12-30,42.07,5.59,-1.0,Slight cold stress,32.0 to 48.2 F,27.11,5.06,46.02,14.96,0,450,1,"42.25,-83.75 (100.0%)"
2019-12-31,3.48,-15.85,-3.0,Strong cold stress,-16.6 to 8.6 F,26.72,4.33,45.82,-23.24,0,450,1,"42.25,-83.75 (100.0%)"
2020-01-01,32.47,0.26,-1.0,Slight cold stress,32.0 to 48.2 F,26.92,4.33,46.02,5.55,0,450,1,"42.25,-83.75 (100.0%)"
2020-01-02,34.23,1.24,-1.0,Slight cold stress,32.0 to 48.2 F,27.11,4.85,45.6,7.12,0,450,1,"42.25,-83.75 (100.0%)"
2020-01-03,46.75,8.2,-1.0,Slight cold stress,32.0 to 48.2 F,26.88,3.47,45.03,19.87,1,450,1,"42.25,-83.75 (100.0%)"
2020-01-04,30.09,-1.06,-2.0,Moderate cold stress,8.6 to 32.0 F,26.74,3.21,45.08,3.35,0,450,1,"42.25,-83.75 (100.0%)"
2020-01-05,20.96,-6.13,-2.0,Moderate cold stress,8.6 to 32.0 F,26.84,2.78,45.74,-5.88,0,450,1,"42.25,-83.75 (100.0%)"
2020-01-06,26.39,-3.12,-2.0,Moderate cold stress,8.6 to 32.0 F,26.53,2.78,45.43,-0.14,0,450,1,"42.25,-83.75 (100.0%)"
2020-01-07,36.54,2.52,-1.0,Slight cold stress,32.0 to 48.2 F,26.69,2.74,45.49,9.85,0,450,1,"42.25,-83.75 (100.0%)"
2020-01-08,20.08,-6.62,-2.0,Moderate cold stress,8.6 to 32.0 F,26.84,3.32,46.02,-6.76,0,450,1,"42.25,-83.75 (100.0%)"
2020-01-09,19.88,-6.73,-2.0,Moderate cold stress,8.6 to 32.0 F,26.67,2.77,45.49,-6.79,0,450,1,"42.25,-83.75 (100.0%)"
2020-01-10,45.07,7.26,-1.0,Slight cold stress,32.0 to 48.2 F,26.49,2.42,45.43,18.58,0,450,1,"42.25,-83.75 (100.0%)"
2020-01-11,45.73,7.63,-1.0,Slight cold stress,32.0 to 48.2 F,26.19,2.42,45.49,19.54,1,450,1,"42.25,-83.75 (100.0%)"
2020-01-12,52.13,11.18,0.0,No thermal stress,48.2 to 78.8 F,25.98,2.12,45.61,26.15,1,450,1,"42.25,-83.75 (100.0%)"
2020-01-13,33.78,0.99,-1.0,Slight cold stress,32.0 to 48.2 F,26.19,3.16,45.61,7.59,0,450,1,"42.25,-83.75 (100.0%)"
2020-01-14,41.78,5.43,-1.0,Slight cold stress,32.0 to 48.2 F,26.32,3.32,45.79,15.46,0,450,1,"42.25,-83.75 (100.0%)"
2020-01-15,47.93,8.85,-1.0,Slight cold stress,32.0 to 48.2 F,26.46,3.93,46.21,21.47,1,450,1,"42.25,-83.75 (100.0%)"
2020-01-16,7.29,-13.73,-3.0,Strong cold stress,-16.6 to 8.6 F,26.35,3.93,45.79,-19.06,0,450,1,"42.25,-83.75 (100.0%)"
2020-01-17,33.07,0.59,-1.0,Slight cold stress,32.0 to 48.2 F,26.09,3.93,45.79,6.98,0,450,1,"42.25,-83.75 (100.0%)"
2020-01-18,12.29,-10.95,-2.0,Moderate cold stress,8.6 to 32.0 F,26.0,4.11,45.61,-13.71,0,450,1,"42.25,-83.75 (100.0%)"
2020-01-19,12.13,-11.04,-2.0,Moderate cold stress,8.6 to 32.0 F,25.83,4.11,45.54,-13.7,0,450,1,"42.25,-83.75 (100.0%)"
2020-01-20,41.03,5.02,-1.0,Slight cold stress,32.0 to 48.2 F,25.59,4.13,45.49,15.44,0,450,1,"42.25,-83.75 (100.0%)"
2020-01-21,37.52,3.06,-1.0,Slight cold stress,32.0 to 48.2 F,25.63,4.13,45.79,11.89,0,450,1,"42.25,-83.75 (100.0%)"
2020-01-22,28.32,-2.05,-2.0,Moderate cold stress,8.6 to 32.0 F,25.58,4.13,45.88,2.74,0,450,1,"42.25,-83.75 (100.0%)"
2020-01-23,53.73,12.07,0.0,No thermal stress,48.2 to 78.8 F,25.66,4.02,45.84,28.07,1,450,1,"42.25,-83.75 (100.0%)"
2020-01-24,29.53,-1.37,-2.0,Moderate cold stress,8.6 to 32.0 F,25.82,4.19,45.88,3.71,0,450,1,"42.25,-83.75 (100.0%)"
2020-01-25,30.36,-0.91,-2.0,Moderate cold stress,8.6 to 32.0 F,26.53,5.45,46.51,3.83,0,450,1,"42.25,-83.75 (100.0%)"
2020-01-26,18.98,-7.23,-2.0,Moderate cold stress,8.6 to 32.0 F,27.11,5.57,47.18,-8.13,0,450,1,"42.25,-83.75 (100.0%)"
2020-01-27,27.64,-2.42,-2.0,Moderate cold stress,8.6 to 32.0 F,27.85,5.6,48.62,-0.21,0,450,1,"42.25,-83.75 (100.0%)"
2020-01-28,37.07,2.82,-1.0,Slight cold stress,32.0 to 48.2 F,27.83,6.03,49.09,9.24,0,450,1,"42.25,-83.75 (100.0%)"
2020-01-29,49.06,9.48,0.0,No thermal stress,48.2 to 78.8 F,27.91,5.98,49.47,21.15,0,450,1,"42.25,-83.75 (100.0%)"
2020-01-30,52.42,11.35,0.0,No thermal stress,48.2 to 78.8 F,28.43,6.67,49.63,23.99,1,450,1,"42.25,-83.75 (100.0%)"
2020-01-31,41.02,5.01,-1.0,Slight cold stress,32.0 to 48.2 F,28.83,7.0,49.95,12.19,0,450,1,"42.25,-83.75 (100.0%)"
2020-02-01,25.75,-3.47,-2.0,Moderate cold stress,8.6 to 32.0 F,29.42,7.05,50.83,-3.67,0,450,1,"42.25,-83.75 (100.0%)"
2020-02-02,39.06,3.92,-1.0,Slight cold stress,32.0 to 48.2 F,30.09,7.42,51.44,8.97,0,450,1,"42.25,-83.75 (100.0%)"
2020-02-03,61.42,16.34,0.0,No thermal stress,48.2 to 78.8 F,30.27,7.52,52.34,31.15,1,450,1,"42.25,-83.75 (100.0%)"
2020-02-04,23.92,-4.49,-2.0,Moderate cold stress,8.6 to 32.0 F,30.17,7.25,51.84,-6.25,0,450,1,"42.25,-83.75 (100.0%)"
2020-02-05,41.33,5.19,-1.0,Slight cold stress,32.0 to 48.2 F,30.06,7.0,50.72,11.27,0,450,1,"42.25,-83.75 (100.0%)"
2020-02-06,16.05,-8.86,-2.0,Moderate cold stress,8.6 to 32.0 F,29.92,7.25,51.44,-13.87,0,450,1,"42.25,-83.75 (100.0%)"
2020-02-07,27.08,-2.73,-2.0,Moderate cold stress,8.6 to 32.0 F,30.29,7.96,51.44,-3.21,0,450,1,"42.25,-83.75 (100.0%)"
2020-02-08,53.39,11.88,0.0,No thermal stress,48.2 to 78.8 F,30.68,8.06,52.26,22.71,1,450,1,"42.25,-83.75 (100.0%)"
2020-02-09,36.11,2.28,-1.0,Slight cold stress,32.0 to 48.2 F,30.85,8.23,52.42,5.26,0,450,1,"42.25,-83.75 (100.0%)"
2020-02-10,48.71,9.29,0.0,No thermal stress,48.2 to 78.8 F,30.89,8.32,52.59,17.82,0,450,1,"42.25,-83.75 (100.0%)"
2020-02-11,34.51,1.39,-1.0,Slight cold stress,32.0 to 48.2 F,30.85,9.29,52.26,3.66,0,450,1,"42.25,-83.75 (100.0%)"
2020-02-12,38.29,3.49,-1.0,Slight cold stress,32.0 to 48.2 F,31.35,9.24,52.5,6.94,0,450,1,"42.25,-83.75 (100.0%)"
2020-02-13,30.39,-0.9,-2.0,Moderate cold stress,8.6 to 32.0 F,31.86,10.33,52.29,-1.47,0,450,1,"42.25,-83.75 (100.0%)"
2020-02-14,34.49,1.38,-1.0,Slight cold stress,32.0 to 48.2 F,32.12,10.45,52.59,2.37,0,450,1,"42.25,-83.75 (100.0%)"
2020-02-15,9.51,-12.5,-2.0,Moderate cold stress,8.6 to 32.0 F,32.48,10.45,52.65,-22.97,0,450,1,"42.25,-83.75 (100.0%)"
2020-02-16,48.88,9.38,0.0,No thermal stress,48.2 to 78.8 F,32.96,10.86,52.59,15.92,0,450,1,"42.25,-83.75 (100.0%)"
2020-02-17,33.09,0.61,-1.0,Slight cold stress,32.0 to 48.2 F,33.18,10.41,52.65,-0.09,0,450,1,"42.25,-83.75 (100.0%)"
2020-02-18,21.09,-6.06,-2.0,Moderate cold stress,8.6 to 32.0 F,33.6,10.48,53.18,-12.51,0,450,1,"42.25,-83.75 (100.0%)"
2020-02-19,30.47,-0.85,-2.0,Moderate cold stress,8.6 to 32.0 F,34.15,10.91,53.18,-3.68,0,450,1,"42.25,-83.75 (100.0%)"
2020-02-20,26.98,-2.79,-2.0,Moderate cold stress,8.6 to 32.0 F,34.81,11.63,53.82,-7.83,0,450,1,"42.25,-83.75 (100.0%)"
2020-02-21,25.57,-3.57,-2.0,Moderate cold stress,8.6 to 32.0 F,35.84,13.51,54.87,-10.27,0,458,1,"42.25,-83.75 (100.0%)"
2020-02-22,40.41,4.67,-1.0,Slight cold stress,32.0 to 48.2 F,36.11,13.51,55.25,4.3,0,458,1,"42.25,-83.75 (100.0%)"
2020-02-23,45.43,7.46,-1.0,Slight cold stress,32.0 to 48.2 F,36.51,15.03,55.43,8.92,0,458,1,"42.25,-83.75 (100.0%)"
2020-02-24,63.92,17.73,0.0,No thermal stress,48.2 to 78.8 F,36.64,13.9,56.02,27.28,1,458,1,"42.25,-83.75 (100.0%)"
2020-02-25,27.21,-2.66,-2.0,Moderate cold stress,8.6 to 32.0 F,37.26,14.48,56.52,-10.05,0,458,1,"42.25,-83.75 (100.0%)"
2020-02-26,16.79,-8.45,-2.0,Moderate cold stress,8.6 to 32.0 F,37.81,15.03,57.49,-21.02,0,458,1,"42.25,-83.75 (100.0%)"
2020-02-27,5.46,-14.74,-3.0,Strong cold stress,-16.6 to 8.6 F,38.16,16.07,57.58,-32.7,0,458,1,"42.25,-83.75 (100.0%)"
2020-02-28,10.9,-11.72,-2.0,Moderate cold stress,8.6 to 32.0 F,38.88,16.44,58.91,-27.98,0,458,1,"42.25,-83.75 (100.0%)"
2020-02-29,37.04,2.8,-1.0,Slight cold stress,32.0 to 48.2 F,38.88,16.44,58.91,-1.84,0,458,1,"42.25,-83.75 (100.0%)"
2020-03-01,42.81,6.0,-1.0,Slight cold stress,32.0 to 48.2 F,39.1,16.58,60.18,3.71,0,458,1,"42.25,-83.75 (100.0%)"
2020-03-02,54.1,12.28,0.0,No thermal stress,48.2 to 78.8 F,39.28,16.58,60.34,14.82,0,458,1,"42.25,-83.75 (100.0%)"
2020-03-03,48.69,9.27,0.0,No thermal stress,48.2 to 78.8 F,39.32,16.07,60.16,9.37,0,458,1,"42.25,-83.75 (100.0%)"
2020-03-04,36.96,2.75,-1.0,Slight cold stress,32.0 to 48.2 F,39.98,16.69,60.41,-3.02,0,458,1,"42.25,-83.75 (100.0%)"
2020-03-05,47.69,8.72,-1.0,Slight cold stress,32.0 to 48.2 F,40.67,17.28,60.57,7.02,0,458,1,"42.25,-83.75 (100.0%)"
2020-03-06,20.56,-6.36,-2.0,Moderate cold stress,8.6 to 32.0 F,41.01,16.87,60.82,-20.45,0,458,1,"42.25,-83.75 (100.0%)"
2020-03-07,50.51,10.28,0.0,No thermal stress,48.2 to 78.8 F,41.43,17.28,62.03,9.08,0,458,1,"42.25,-83.75 (100.0%)"
2020-03-08,51.65,10.91,0.0,No thermal stress,48.2 to 78.8 F,41.78,17.38,62.83,9.87,0,450,1,"42.25,-83.75 (100.0%)"
2020-03-09,56.27,13.49,0.0,No thermal stress,48.2 to 78.8 F,42.21,16.94,64.44,14.06,0,450,1,"42.25,-83.75 (100.0%)"
2020-03-10,55.57,13.09,0.0,No thermal stress,48.2 to 78.8 F,42.91,17.57,64.44,12.66,0,450,1,"42.25,-83.75 (100.0%)"
2020-03-11,51.18,10.66,0.0,No thermal stress,48.2 to 78.8 F,43.59,18.77,64.54,7.59,0,450,1,"42.25,-83.75 (100.0%)"
2020-03-12,46.42,8.01,-1.0,Slight cold stress,32.0 to 48.2 F,43.94,19.98,64.54,2.48,0,450,1,"42.25,-83.75 (100.0%)"
2020-03-13,34.98,1.66,-1.0,Slight cold stress,32.0 to 48.2 F,44.27,19.98,64.66,-9.29,0,450,1,"42.25,-83.75 (100.0%)"
2020-03-14,55.61,13.11,0.0,No thermal stress,48.2 to 78.8 F,44.57,21.17,65.49,11.04,0,450,1,"42.25,-83.75 (100.0%)"
2020-03-15,50.34,10.19,0.0,No thermal stress,48.2 to 78.8 F,44.5,21.32,65.49,5.84,0,450,1,"42.25,-83.75 (100.0%)"
2020-03-16,56.87,13.82,0.0,No thermal stress,48.2 to 78.8 F,45.02,22.05,65.49,11.85,0,450,1,"42.25,-83.75 (100.0%)"
2020-03-17,48.02,8.9,-1.0,Slight cold stress,32.0 to 48.2 F,45.65,22.81,66.09,2.37,0,450,1,"42.25,-83.75 (100.0%)"
2020-03-18,44.69,7.05,-1.0,Slight cold stress,32.0 to 48.2 F,46.0,22.99,66.25,-1.31,0,450,1,"42.25,-83.75 (100.0%)"
2020-03-19,51.6,10.89,0.0,No thermal stress,48.2 to 78.8 F,46.43,23.08,66.25,5.17,0,450,1,"42.25,-83.75 (100.0%)"
2020-03-20,43.93,6.63,-1.0,Slight cold stress,32.0 to 48.2 F,46.91,24.23,66.6,-2.98,0,450,1,"42.25,-83.75 (100.0%)"
2020-03-21,49.32,9.62,0.0,No thermal stress,48.2 to 78.8 F,47.75,26.0,66.25,1.57,0,450,1,"42.25,-83.75 (100.0%)"
2020-03-22,34.71,1.51,-1.0,Slight cold stress,32.0 to 48.2 F,48.44,27.38,66.6,-13.73,0,450,1,"42.25,-83.75 (100.0%)"
2020-03-23,58.51,14.73,0.0,No thermal stress,48.2 to 78.8 F,48.82,28.43,66.6,9.69,0,450,1,"42.25,-83.75 (100.0%)"
2020-03-24,57.6,14.22,0.0,No thermal stress,48.2 to 78.8 F,49.1,30.49,66.09,8.5,0,450,1,"42.25,-83.75 (100.0%)"
2020-03-25,67.83,19.9,0.0,No thermal stress,48.2 to 78.8 F,49.35,30.71,66.47,18.48,1,450,1,"42.25,-83.75 (100.0%)"
2020-03-26,60.22,15.68,0.0,No thermal stress,48.2 to 78.8 F,49.92,30.71,67.04,10.3,0,450,1,"42.25,-83.75 (100.0%)"
2020-03-27,59.53,15.29,0.0,No thermal stress,48.2 to 78.8 F,50.33,30.62,67.84,9.2,0,450,1,"42.25,-83.75 (100.0%)"
2020-03-28,63.57,17.54,0.0,No thermal stress,48.2 to 78.8 F,50.37,30.71,67.72,13.2,0,450,1,"42.25,-83.75 (100.0%)"
2020-03-29,55.52,13.06,0.0,No thermal stress,48.2 to 78.8 F,50.69,31.27,67.97,4.83,0,450,1,"42.25,-83.75 (100.0%)"
2020-03-30,30.85,-0.64,-2.0,Moderate cold stress,8.6 to 32.0 F,51.24,31.27,68.92,-20.39,0,450,1,"42.25,-83.75 (100.0%)"
2020-03-31,49.82,9.9,0.0,No thermal stress,48.2 to 78.8 F,51.61,31.27,69.07,-1.79,0,450,1,"42.25,-83.75 (100.0%)"
2020-04-01,51.43,10.8,0.0,No thermal stress,48.2 to 78.8 F,51.95,31.27,69.23,-0.52,0,450,1,"42.25,-83.75 (100.0%)"
2020-04-02,61.92,16.62,0.0,No thermal stress,48.2 to 78.8 F,52.43,31.91,69.31,9.49,0,450,1,"42.25,-83.75 (100.0%)"
2020-04-03,66.26,19.04,0.0,No thermal stress,48.2 to 78.8 F,52.48,31.71,69.37,13.78,0,450,1,"42.25,-83.75 (100.0%)"
2020-04-04,67.71,19.84,0.0,No thermal stress,48.2 to 78.8 F,52.75,31.91,69.74,14.96,0,450,1,"42.25,-83.75 (100.0%)"
2020-04-05,66.88,19.38,0.0,No thermal stress,48.2 to 78.8 F,52.87,31.67,69.89,14.01,0,450,1,"42.25,-83.75 (100.0%)"
2020-04-06,65.71,18.73,0.0,No thermal stress,48.2 to 78.8 F,52.91,30.96,70.18,12.8,0,450,1,"42.25,-83.75 (100.0%)"
2020-04-07,68.64,20.36,0.0,No thermal stress,48.2 to 78.8 F,53.26,30.47,70.39,15.38,0,450,1,"42.25,-83.75 (100.0%)"
2020-04-08,73.8,23.22,0.0,No thermal stress,48.2 to 78.8 F,53.92,31.67,71.46,19.88,1,450,1,"42.25,-83.75 (100.0%)"
2020-04-09,43.73,6.52,-1.0,Slight cold stress,32.0 to 48.2 F,54.27,31.24,71.73,-10.54,0,450,1,"42.25,-83.75 (100.0%)"
2020-04-10,34.52,1.4,-1.0,Slight cold stress,32.0 to 48.2 F,54.42,31.24,71.95,-19.9,0,450,1,"42.25,-83.75 (100.0%)"
2020-04-11,55.33,12.96,0.0,No thermal stress,48.2 to 78.8 F,55.35,32.37,73.24,-0.02,0,450,1,"42.25,-83.75 (100.0%)"
2020-04-12,64.48,18.04,0.0,No thermal stress,48.2 to 78.8 F,56.36,35.4,73.51,8.12,0,450,1,"42.25,-83.75 (100.0%)"
2020-04-13,48.6,9.22,0.0,No thermal stress,48.2 to 78.8 F,56.94,35.4,73.86,-8.34,0,450,1,"42.25,-83.75 (100.0%)"
2020-04-14,27.08,-2.73,-2.0,Moderate cold stress,8.6 to 32.0 F,57.32,35.86,74.34,-30.24,0,450,1,"42.25,-83.75 (100.0%)"
2020-04-15,45.64,7.58,-1.0,Slight cold stress,32.0 to 48.2 F,57.57,36.62,74.55,-11.93,0,450,1,"42.25,-83.75 (100.0%)"
2020-04-16,28.99,-1.67,-2.0,Moderate cold stress,8.6 to 32.0 F,57.93,36.62,74.58,-28.94,0,450,1,"42.25,-83.75 (100.0%)"
2020-04-17,35.84,2.13,-1.0,Slight cold stress,32.0 to 48.2 F,58.57,37.4,75.15,-22.73,0,450,1,"42.25,-83.75 (100.0%)"
2020-04-18,48.91,9.39,0.0,No thermal stress,48.2 to 78.8 F,59.09,38.67,75.36,-10.18,0,450,1,"42.25,-83.75 (100.0%)"
2020-04-19,55.77,13.2,0.0,No thermal stress,48.2 to 78.8 F,59.38,39.43,76.04,-3.61,0,450,1,"42.25,-83.75 (100.0%)"
2020-04-20,50.05,10.03,0.0,No thermal stress,48.2 to 78.8 F,59.64,39.7,76.13,-9.59,0,450,1,"42.25,-83.75 (100.0%)"
2020-04-21,20.04,-6.64,-2.0,Moderate cold stress,8.6 to 32.0 F,60.08,40.09,76.16,-40.04,0,450,1,"42.25,-83.75 (100.0%)"
2020-04-22,64.12,17.84,0.0,No thermal stress,48.2 to 78.8 F,60.5,40.95,76.19,3.62,0,450,1,"42.25,-83.75 (100.0%)"
2020-04-23,50.93,10.52,0.0,No thermal stress,48.2 to 78.8 F,60.85,41.24,76.19,-9.92,0,450,1,"42.25,-83.75 (100.0%)"
2020-04-24,61.71,16.51,0.0,No thermal stress,48.2 to 78.8 F,61.36,42.66,76.39,0.35,0,450,1,"42.25,-83.75 (100.0%)"
2020-04-25,47.66,8.7,-1.0,Slight cold stress,32.0 to 48.2 F,61.89,44.24,76.95,-14.23,0,450,1,"42.25,-83.75 (100.0%)"
2020-04-26,50.96,10.53,0.0,No thermal stress,48.2 to 78.8 F,61.98,44.24,76.95,-11.02,0,450,1,"42.25,-83.75 (100.0%)"
2020-04-27,65.04,18.36,0.0,No thermal stress,48.2 to 78.8 F,62.34,45.1,76.95,2.7,0,450,1,"42.25,-83.75 (100.0%)"
2020-04-28,78.54,25.86,0.0,No thermal stress,48.2 to 78.8 F,62.79,45.94,76.96,15.75,1,450,1,"42.25,-83.75 (100.0%)"
2020-04-29,57.47,14.15,0.0,No thermal stress,48.2 to 78.8 F,63.48,47.52,77.46,-6.01,0,450,1,"42.25,-83.75 (100.0%)"
2020-04-30,70.95,21.64,0.0,No thermal stress,48.2 to 78.8 F,64.29,48.53,77.63,6.66,0,450,1,"42.25,-83.75 (100.0%)"
2020-05-01,73.88,23.27,0.0,No thermal stress,48.2 to 78.8 F,64.79,48.65,78.06,9.09,0,450,1,"42.25,-83.75 (100.0%)"
2020-05-02,72.39,22.44,0.0,No thermal stress,48.2 to 78.8 F,65.32,49.17,79.15,7.07,0,450,1,"42.25,-83.75 (100.0%)"
2020-05-03,71.28,21.82,0.0,No thermal stress,48.2 to 78.8 F,65.99,49.77,79.82,5.29,0,450,1,"42.25,-83.75 (100.0%)"
2020-05-04,70.14,21.19,0.0,No thermal stress,48.2 to 78.8 F,66.32,49.65,80.13,3.82,0,450,1,"42.25,-83.75 (100.0%)"
2020-05-05,54.54,12.52,0.0,No thermal stress,48.2 to 78.8 F,66.73,49.38,80.72,-12.19,0,450,1,"42.25,-83.75 (100.0%)"
2020-05-06,58.86,14.92,0.0,No thermal stress,48.2 to 78.8 F,67.33,50.33,81.37,-8.47,0,450,1,"42.25,-83.75 (100.0%)"
2020-05-07,51.82,11.01,0.0,No thermal stress,48.2 to 78.8 F,67.72,50.39,81.94,-15.9,0,450,1,"42.25,-83.75 (100.0%)"
2020-05-08,34.01,1.12,-1.0,Slight cold stress,32.0 to 48.2 F,67.96,50.07,82.34,-33.95,0,450,1,"42.25,-83.75 (100.0%)"
2020-05-09,33.34,0.75,-1.0,Slight cold stress,32.0 to 48.2 F,68.29,50.33,82.62,-34.95,0,450,1,"42.25,-83.75 (100.0%)"
2020-05-10,60.58,15.88,0.0,No thermal stress,48.2 to 78.8 F,68.78,50.77,82.86,-8.2,0,450,1,"42.25,-83.75 (100.0%)"
2020-05-11,43.96,6.65,-1.0,Slight cold stress,32.0 to 48.2 F,68.91,51.78,83.07,-24.95,0,450,1,"42.25,-83.75 (100.0%)"
2020-05-12,52.17,11.21,0.0,No thermal stress,48.2 to 78.8 F,69.21,51.78,83.47,-17.04,0,450,1,"42.25,-83.75 (100.0%)"
2020-05-13,67.12,19.51,0.0,No thermal stress,48.2 to 78.8 F,69.68,52.03,83.97,-2.56,0,450,1,"42.25,-83.75 (100.0%)"
2020-05-14,64.93,18.29,0.0,No thermal stress,48.2 to 78.8 F,69.91,52.16,84.48,-4.98,0,450,1,"42.25,-83.75 (100.0%)"
2020-05-15,75.43,24.13,0.0,No thermal stress,48.2 to 78.8 F,70.28,52.88,84.76,5.15,0,450,1,"42.25,-83.75 (100.0%)"
2020-05-16,75.07,23.93,0.0,No thermal stress,48.2 to 78.8 F,70.82,54.11,85.48,4.25,0,450,1,"42.25,-83.75 (100.0%)"
2020-05-17,52.77,11.54,0.0,No thermal stress,48.2 to 78.8 F,71.01,54.3,85.81,-18.24,0,450,1,"42.25,-83.75 (100.0%)"
2020-05-18,57.22,14.01,0.0,No thermal stress,48.2 to 78.8 F,71.2,54.3,86.13,-13.98,0,450,1,"42.25,-83.75 (100.0%)"
2020-05-19,59.01,15.0,0.0,No thermal stress,48.2 to 78.8 F,71.89,55.55,86.51,-12.88,0,450,1,"42.25,-83.75 (100.0%)"
2020-05-20,62.4,16.89,0.0,No thermal stress,48.2 to 78.8 F,72.59,57.55,86.7,-10.19,0,450,1,"42.25,-83.75 (100.0%)"
2020-05-21,70.14,21.19,0.0,No thermal stress,48.2 to 78.8 F,73.25,58.24,86.93,-3.11,0,450,1,"42.25,-83.75 (100.0%)"
2020-05-22,73.4,23.0,0.0,No thermal stress,48.2 to 78.8 F,73.89,58.73,87.48,-0.49,0,450,1,"42.25,-83.75 (100.0%)"
2020-05-23,84.58,29.21,1.0,Moderate heat stress,78.8 to 89.6 F,74.67,59.71,88.0,9.91,0,450,1,"42.25,-83.75 (100.0%)"
2020-05-24,89.45,31.92,1.0,Moderate heat stress,78.8 to 89.6 F,75.17,60.03,88.24,14.28,1,450,1,"42.25,-83.75 (100.0%)"
2020-05-25,90.99,32.77,2.0,Strong heat stress,89.6 to 100.4 F,75.44,60.03,88.36,15.55,1,450,1,"42.25,-83.75 (100.0%)"
2020-05-26,92.73,33.74,2.0,Strong heat stress,89.6 to 100.4 F,75.93,60.85,88.62,16.8,1,450,1,"42.25,-83.75 (100.0%)"
2020-05-27,87.94,31.08,1.0,Moderate heat stress,78.8 to 89.6 F,76.18,61.38,88.43,11.76,0,450,1,"42.25,-83.75 (100.0%)"
2020-05-28,81.33,27.4,1.0,Moderate heat stress,78.8 to 89.6 F,76.42,62.28,88.6,4.91,0,450,1,"42.25,-83.75 (100.0%)"
2020-05-29,73.93,23.29,0.0,No thermal stress,48.2 to 78.8 F,76.75,62.83,88.79,-2.82,0,450,1,"42.25,-83.75 (100.0%)"
2020-05-30,64.57,18.09,0.0,No thermal stress,48.2 to 78.8 F,77.04,62.83,88.94,-12.47,0,450,1,"42.25,-83.75 (100.0%)"
2020-05-31,73.01,22.78,0.0,No thermal stress,48.2 to 78.8 F,77.38,63.29,89.31,-4.37,0,450,1,"42.25,-83.75 (100.0%)"
2020-06-01,73.71,23.17,0.0,No thermal stress,48.2 to 78.8 F,77.95,64.57,89.53,-4.24,0,450,1,"42.25,-83.75 (100.0%)"
2020-06-02,88.76,31.53,1.0,Moderate heat stress,78.8 to 89.6 F,78.51,65.72,89.65,10.25,0,450,1,"42.25,-83.75 (100.0%)"
2020-06-03,82.99,28.33,1.0,Moderate heat stress,78.8 to 89.6 F,78.93,66.01,89.97,4.06,0,450,1,"42.25,-83.75 (100.0%)"
2020-06-04,90.31,32.39,2.0,Strong heat stress,89.6 to 100.4 F,79.39,67.5,90.32,10.92,0,450,1,"42.25,-83.75 (100.0%)"
2020-06-05,90.76,32.64,2.0,Strong heat stress,89.6 to 100.4 F,79.56,68.01,90.46,11.2,1,450,1,"42.25,-83.75 (100.0%)"
2020-06-06,80.94,27.19,1.0,Moderate heat stress,78.8 to 89.6 F,79.74,68.48,90.4,1.2,0,450,1,"42.25,-83.75 (100.0%)"
2020-06-07,85.61,29.79,1.0,Moderate heat stress,78.8 to 89.6 F,80.0,68.92,90.36,5.61,0,450,1,"42.25,-83.75 (100.0%)"
2020-06-08,86.81,30.45,1.0,Moderate heat stress,78.8 to 89.6 F,80.37,69.52,90.5,6.44,0,450,1,"42.25,-83.75 (100.0%)"
2020-06-09,89.37,31.87,1.0,Moderate heat stress,78.8 to 89.6 F,80.79,69.85,90.79,8.58,0,450,1,"42.25,-83.75 (100.0%)"
2020-06-10,88.96,31.64,1.0,Moderate heat stress,78.8 to 89.6 F,81.31,69.96,91.35,7.65,0,450,1,"42.25,-83.75 (100.0%)"
2020-06-11,73.46,23.03,0.0,No thermal stress,48.2 to 78.8 F,82.06,70.24,92.17,-8.6,0,450,1,"42.25,-83.75 (100.0%)"
2020-06-12,73.52,23.06,0.0,No thermal stress,48.2 to 78.8 F,82.57,70.62,92.55,-9.05,0,450,1,"42.25,-83.75 (100.0%)"
2020-06-13,68.65,20.36,0.0,No thermal stress,48.2 to 78.8 F,82.98,71.32,92.81,-14.33,0,450,1,"42.25,-83.75 (100.0%)"
2020-06-14,68.43,20.24,0.0,No thermal stress,48.2 to 78.8 F,83.43,72.24,93.04,-15.0,0,450,1,"42.25,-83.75 (100.0%)"
2020-06-15,77.43,25.24,0.0,No thermal stress,48.2 to 78.8 F,83.67,72.41,93.06,-6.24,0,450,1,"42.25,-83.75 (100.0%)"
2020-06-16,88.83,31.57,1.0,Moderate heat stress,78.8 to 89.6 F,83.87,72.74,93.13,4.96,0,450,1,"42.25,-83.75 (100.0%)"
2020-06-17,87.17,30.65,1.0,Moderate heat stress,78.8 to 89.6 F,84.1,73.25,93.17,3.07,0,450,1,"42.25,-83.75 (100.0%)"
2020-06-18,90.82,32.68,2.0,Strong heat stress,89.6 to 100.4 F,84.29,73.38,93.37,6.53,0,450,1,"42.25,-83.75 (100.0%)"
2020-06-19,93.13,33.96,2.0,Strong heat stress,89.6 to 100.4 F,84.55,73.38,93.72,8.58,0,450,1,"42.25,-83.75 (100.0%)"
2020-06-20,92.73,33.74,2.0,Strong heat stress,89.6 to 100.4 F,84.78,73.48,93.86,7.95,0,450,1,"42.25,-83.75 (100.0%)"
2020-06-21,90.8,32.67,2.0,Strong heat stress,89.6 to 100.4 F,85.06,73.98,94.01,5.74,0,450,1,"42.25,-83.75 (100.0%)"
2020-06-22,91.46,33.03,2.0,Strong heat stress,89.6 to 100.4 F,85.12,74.03,94.04,6.34,0,450,1,"42.25,-83.75 (100.0%)"
2020-06-23,78.78,25.99,0.0,No thermal stress,48.2 to 78.8 F,85.26,74.08,94.21,-6.48,0,450,1,"42.25,-83.75 (100.0%)"
2020-06-24,71.55,21.97,0.0,No thermal stress,48.2 to 78.8 F,85.39,74.51,94.21,-13.84,0,450,1,"42.25,-83.75 (100.0%)"
2020-06-25,82.5,28.06,1.0,Moderate heat stress,78.8 to 89.6 F,85.56,74.72,94.3,-3.06,0,450,1,"42.25,-83.75 (100.0%)"
2020-06-26,88.51,31.39,1.0,Moderate heat stress,78.8 to 89.6 F,85.55,74.72,94.34,2.96,0,450,1,"42.25,-83.75 (100.0%)"
2020-06-27,87.52,30.84,1.0,Moderate heat stress,78.8 to 89.6 F,85.7,74.84,94.56,1.82,0,450,1,"42.25,-83.75 (100.0%)"
2020-06-28,94.01,34.45,2.0,Strong heat stress,89.6 to 100.4 F,85.99,75.38,95.06,8.02,0,450,1,"42.25,-83.75 (100.0%)"
2020-06-29,95.63,35.35,2.0,Strong heat stress,89.6 to 100.4 F,86.14,75.47,95.57,9.49,1,450,1,"42.25,-83.75 (100.0%)"
2020-06-30,93.93,34.4,2.0,Strong heat stress,89.6 to 100.4 F,86.35,75.75,95.7,7.58,0,450,1,"42.25,-83.75 (100.0%)"
2020-07-01,93.65,34.25,2.0,Strong heat stress,89.6 to 100.4 F,86.5,75.8,95.85,7.15,0,450,1,"42.25,-83.75 (100.0%)"
2020-07-02,97.41,36.34,2.0,Strong heat stress,89.6 to 100.4 F,86.53,75.8,95.71,10.88,1,450,1,"42.25,-83.75 (100.0%)"
2020-07-03,97.58,36.43,2.0,Strong heat stress,89.6 to 100.4 F,86.59,75.98,95.69,10.99,1,450,1,"42.25,-83.75 (100.0%)"
2020-07-04,97.3,36.28,2.0,Strong heat stress,89.6 to 100.4 F,86.59,76.0,95.6,10.71,1,450,1,"42.25,-83.75 (100.0%)"
2020-07-05,98.19,36.77,2.0,Strong heat stress,89.6 to 100.4 F,86.68,76.4,95.37,11.51,1,450,1,"42.25,-83.75 (100.0%)"
2020-07-06,99.85,37.7,2.0,Strong heat stress,89.6 to 100.4 F,86.8,76.84,95.34,13.05,1,450,1,"42.25,-83.75 (100.0%)"
2020-07-07,98.05,36.7,2.0,Strong heat stress,89.6 to 100.4 F,87.03,77.15,95.61,11.02,1,450,1,"42.25,-83.75 (100.0%)"
2020-07-08,100.89,38.27,3.0,Very strong heat stress,100.4 to 114.8 F,87.21,77.39,95.74,13.68,1,450,1,"42.25,-83.75 (100.0%)"
2020-07-09,101.39,38.55,3.0,Very strong heat stress,100.4 to 114.8 F,87.5,77.72,96.15,13.89,1,450,1,"42.25,-83.75 (100.0%)"
2020-07-10,91.55,33.09,2.0,Strong heat stress,89.6 to 100.4 F,87.66,77.86,96.15,3.89,0,450,1,"42.25,-83.75 (100.0%)"
2020-07-11,83.59,28.66,1.0,Moderate heat stress,78.8 to 89.6 F,87.89,78.0,96.24,-4.3,0,450,1,"42.25,-83.75 (100.0%)"
2020-07-12,85.91,29.95,1.0,Moderate heat stress,78.8 to 89.6 F,87.94,78.35,96.15,-2.03,0,450,1,"42.25,-83.75 (100.0%)"
2020-07-13,82.98,28.32,1.0,Moderate heat stress,78.8 to 89.6 F,87.94,78.34,95.98,-4.96,0,450,1,"42.25,-83.75 (100.0%)"
2020-07-14,92.1,33.39,2.0,Strong heat stress,89.6 to 100.4 F,88.08,78.61,96.37,4.02,0,450,1,"42.25,-83.75 (100.0%)"
2020-07-15,92.88,33.82,2.0,Strong heat stress,89.6 to 100.4 F,88.07,78.57,96.32,4.81,0,450,1,"42.25,-83.75 (100.0%)"
2020-07-16,86.47,30.26,1.0,Moderate heat stress,78.8 to 89.6 F,88.01,78.52,96.45,-1.54,0,450,1,"42.25,-83.75 (100.0%)"
2020-07-17,91.92,33.29,2.0,Strong heat stress,89.6 to 100.4 F,88.09,78.7,96.46,3.83,0,450,1,"42.25,-83.75 (100.0%)"
2020-07-18,94.36,34.65,2.0,Strong heat stress,89.6 to 100.4 F,88.09,78.75,96.59,6.27,0,450,1,"42.25,-83.75 (100.0%)"
2020-07-19,87.87,31.04,1.0,Moderate heat stress,78.8 to 89.6 F,88.1,78.75,96.79,-0.23,0,450,1,"42.25,-83.75 (100.0%)"
2020-07-20,88.11,31.17,1.0,Moderate heat stress,78.8 to 89.6 F,88.13,78.75,96.86,-0.02,0,450,1,"42.25,-83.75 (100.0%)"
2020-07-21,91.24,32.91,2.0,Strong heat stress,89.6 to 100.4 F,88.02,78.8,96.8,3.22,0,450,1,"42.25,-83.75 (100.0%)"
2020-07-22,88.08,31.16,1.0,Moderate heat stress,78.8 to 89.6 F,87.9,78.9,96.48,0.18,0,450,1,"42.25,-83.75 (100.0%)"
2020-07-23,90.84,32.69,2.0,Strong heat stress,89.6 to 100.4 F,87.84,79.3,96.4,3.0,0,450,1,"42.25,-83.75 (100.0%)"
2020-07-24,92.2,33.44,2.0,Strong heat stress,89.6 to 100.4 F,87.76,79.3,96.45,4.44,0,450,1,"42.25,-83.75 (100.0%)"
2020-07-25,94.98,34.99,2.0,Strong heat stress,89.6 to 100.4 F,87.7,78.96,96.45,7.28,0,450,1,"42.25,-83.75 (100.0%)"
2020-07-26,94.66,34.81,2.0,Strong heat stress,89.6 to 100.4 F,87.64,78.75,96.33,7.02,0,450,1,"42.25,-83.75 (100.0%)"
2020-07-27,88.73,31.52,1.0,Moderate heat stress,78.8 to 89.6 F,87.68,78.75,96.29,1.05,0,450,1,"42.25,-83.75 (100.0%)"
2020-07-28,84.3,29.06,1.0,Moderate heat stress,78.8 to 89.6 F,87.53,78.55,96.24,-3.23,0,450,1,"42.25,-83.75 (100.0%)"
2020-07-29,86.94,30.52,1.0,Moderate heat stress,78.8 to 89.6 F,87.2,78.41,95.71,-0.26,0,450,1,"42.25,-83.75 (100.0%)"
2020-07-30,91.2,32.89,2.0,Strong heat stress,89.6 to 100.4 F,87.03,78.28,95.44,4.17,0,450,1,"42.25,-83.75 (100.0%)"
2020-07-31,86.04,30.02,1.0,Moderate heat stress,78.8 to 89.6 F,87.11,78.55,95.26,-1.07,0,450,1,"42.25,-83.75 (100.0%)"
2020-08-01,86.2,30.11,1.0,Moderate heat stress,78.8 to 89.6 F,87.08,78.27,95.03,-0.88,0,450,1,"42.25,-83.75 (100.0%)"
2020-08-02,78.67,25.93,0.0,No thermal stress,48.2 to 78.8 F,87.08,78.17,95.22,-8.41,0,450,1,"42.25,-83.75 (100.0%)"
2020-08-03,86.06,30.03,1.0,Moderate heat stress,78.8 to 89.6 F,87.04,78.08,95.22,-0.98,0,450,1,"42.25,-83.75 (100.0%)"
2020-08-04,72.54,22.52,0.0,No thermal stress,48.2 to 78.8 F,86.87,77.86,95.26,-14.33,0,450,1,"42.25,-83.75 (100.0%)"
2020-08-05,80.31,26.84,1.0,Moderate heat stress,78.8 to 89.6 F,86.91,77.89,95.26,-6.6,0,450,1,"42.25,-83.75 (100.0%)"
2020-08-06,85.45,29.69,1.0,Moderate heat stress,78.8 to 89.6 F,86.9,77.75,95.26,-1.45,0,450,1,"42.25,-83.75 (100.0%)"
2020-08-07,89.58,31.99,1.0,Moderate heat stress,78.8 to 89.6 F,86.76,77.28,95.26,2.82,0,450,1,"42.25,-83.75 (100.0%)"
2020-08-08,87.77,30.99,1.0,Moderate heat stress,78.8 to 89.6 F,86.69,76.79,95.2,1.08,0,450,1,"42.25,-83.75 (100.0%)"
2020-08-09,95.71,35.4,2.0,Strong heat stress,89.6 to 100.4 F,86.5,76.77,94.82,9.21,1,450,1,"42.25,-83.75 (100.0%)"
2020-08-10,94.09,34.5,2.0,Strong heat stress,89.6 to 100.4 F,86.21,76.41,94.18,7.88,0,450,1,"42.25,-83.75 (100.0%)"
2020-08-11,88.37,31.32,1.0,Moderate heat stress,78.8 to 89.6 F,85.98,76.22,93.94,2.39,0,450,1,"42.25,-83.75 (100.0%)"
2020-08-12,93.71,34.28,2.0,Strong heat stress,89.6 to 100.4 F,85.9,76.41,93.73,7.81,0,450,1,"42.25,-83.75 (100.0%)"
2020-08-13,91.46,33.03,2.0,Strong heat stress,89.6 to 100.4 F,85.72,76.22,93.57,5.74,0,450,1,"42.25,-83.75 (100.0%)"
2020-08-14,90.12,32.29,2.0,Strong heat stress,89.6 to 100.4 F,85.63,76.0,93.55,4.49,0,450,1,"42.25,-83.75 (100.0%)"
2020-08-15,97.49,36.38,2.0,Strong heat stress,89.6 to 100.4 F,85.39,75.26,93.55,12.1,1,450,1,"42.25,-83.75 (100.0%)"
2020-08-16,82.85,28.25,1.0,Moderate heat stress,78.8 to 89.6 F,85.28,74.94,93.55,-2.43,0,450,1,"42.25,-83.75 (100.0%)"
2020-08-17,81.15,27.31,1.0,Moderate heat stress,78.8 to 89.6 F,85.12,74.62,93.21,-3.97,0,450,1,"42.25,-83.75 (100.0%)"
2020-08-18,78.25,25.69,0.0,No thermal stress,48.2 to 78.8 F,85.08,75.18,93.16,-6.83,0,450,1,"42.25,-83.75 (100.0%)"
2020-08-19,84.59,29.22,1.0,Moderate heat stress,78.8 to 89.6 F,85.27,75.25,93.17,-0.68,0,450,1,"42.25,-83.75 (100.0%)"
2020-08-20,86.7,30.39,1.0,Moderate heat stress,78.8 to 89.6 F,85.3,75.25,93.13,1.4,0,450,1,"42.25,-83.75 (100.0%)"
2020-08-21,93.55,34.19,2.0,Strong heat stress,89.6 to 100.4 F,85.11,74.94,93.16,8.44,1,450,1,"42.25,-83.75 (100.0%)"
2020-08-22,95.73,35.41,2.0,Strong heat stress,89.6 to 100.4 F,85.03,74.74,93.17,10.7,1,450,1,"42.25,-83.75 (100.0%)"
2020-08-23,94.6,34.78,2.0,Strong heat stress,89.6 to 100.4 F,84.9,74.43,93.09,9.7,1,450,1,"42.25,-83.75 (100.0%)"
2020-08-24,94.12,34.51,2.0,Strong heat stress,89.6 to 100.4 F,84.76,74.22,93.09,9.36,1,450,1,"42.25,-83.75 (100.0%)"
2020-08-25,89.6,32.0,1.0,Moderate heat stress,78.8 to 89.6 F,84.72,73.91,93.19,4.88,0,450,1,"42.25,-83.75 (100.0%)"
2020-08-26,95.03,35.02,2.0,Strong heat stress,89.6 to 100.4 F,84.61,73.75,93.47,10.42,1,450,1,"42.25,-83.75 (100.0%)"
2020-08-27,93.39,34.1,2.0,Strong heat stress,89.6 to 100.4 F,84.58,73.77,93.55,8.81,0,450,1,"42.25,-83.75 (100.0%)"
2020-08-28,92.97,33.87,2.0,Strong heat stress,89.6 to 100.4 F,84.6,73.77,93.57,8.37,0,450,1,"42.25,-83.75 (100.0%)"
2020-08-29,78.63,25.91,0.0,No thermal stress,48.2 to 78.8 F,84.54,73.49,93.58,-5.91,0,450,1,"42.25,-83.75 (100.0%)"
2020-08-30,85.58,29.77,1.0,Moderate heat stress,78.8 to 89.6 F,84.51,73.73,93.58,1.07,0,450,1,"42.25,-83.75 (100.0%)"
2020-08-31,84.68,29.27,1.0,Moderate heat stress,78.8 to 89.6 F,84.37,73.72,93.6,0.31,0,450,1,"42.25,-83.75 (100.0%)"
2020-09-01,88.75,31.53,1.0,Moderate heat stress,78.8 to 89.6 F,83.96,72.01,93.6,4.79,0,450,1,"42.25,-83.75 (100.0%)"
2020-09-02,80.82,27.12,1.0,Moderate heat stress,78.8 to 89.6 F,83.55,71.57,93.52,-2.73,0,450,1,"42.25,-83.75 (100.0%)"
2020-09-03,82.74,28.19,1.0,Moderate heat stress,78.8 to 89.6 F,82.9,70.98,93.35,-0.16,0,450,1,"42.25,-83.75 (100.0%)"
2020-09-04,71.52,21.96,0.0,No thermal stress,48.2 to 78.8 F,82.36,70.1,93.27,-10.84,0,450,1,"42.25,-83.75 (100.0%)"
2020-09-05,79.28,26.27,1.0,Moderate heat stress,78.8 to 89.6 F,82.11,69.93,92.96,-2.83,0,450,1,"42.25,-83.75 (100.0%)"
2020-09-06,74.38,23.54,0.0,No thermal stress,48.2 to 78.8 F,81.75,69.35,92.12,-7.37,0,450,1,"42.25,-83.75 (100.0%)"
2020-09-07,88.16,31.2,1.0,Moderate heat stress,78.8 to 89.6 F,81.26,68.98,91.73,6.9,0,450,1,"42.25,-83.75 (100.0%)"
2020-09-08,65.66,18.7,0.0,No thermal stress,48.2 to 78.8 F,80.78,67.98,91.72,-15.12,0,450,1,"42.25,-83.75 (100.0%)"
2020-09-09,81.17,27.32,1.0,Moderate heat stress,78.8 to 89.6 F,80.4,67.84,91.25,0.77,0,450,1,"42.25,-83.75 (100.0%)"
2020-09-10,72.45,22.47,0.0,No thermal stress,48.2 to 78.8 F,80.0,66.86,90.85,-7.55,0,450,1,"42.25,-83.75 (100.0%)"
2020-09-11,74.5,23.61,0.0,No thermal stress,48.2 to 78.8 F,79.53,66.16,90.28,-5.03,0,450,1,"42.25,-83.75 (100.0%)"
2020-09-12,84.23,29.02,1.0,Moderate heat stress,78.8 to 89.6 F,79.12,65.59,89.59,5.11,0,450,1,"42.25,-83.75 (100.0%)"
2020-09-13,74.43,23.57,0.0,No thermal stress,48.2 to 78.8 F,78.71,65.45,88.96,-4.28,0,450,1,"42.25,-83.75 (100.0%)"
2020-09-14,77.2,25.11,0.0,No thermal stress,48.2 to 78.8 F,78.22,65.04,88.57,-1.02,0,450,1,"42.25,-83.75 (100.0%)"
2020-09-15,76.52,24.73,0.0,No thermal stress,48.2 to 78.8 F,77.58,64.32,88.4,-1.06,0,450,1,"42.25,-83.75 (100.0%)"
2020-09-16,80.63,27.01,1.0,Moderate heat stress,78.8 to 89.6 F,77.35,64.32,87.98,3.28,0,450,1,"42.25,-83.75 (100.0%)"
2020-09-17,72.8,22.67,0.0,No thermal stress,48.2 to 78.8 F,76.96,63.86,87.9,-4.16,0,450,1,"42.25,-83.75 (100.0%)"
2020-09-18,58.44,14.69,0.0,No thermal stress,48.2 to 78.8 F,76.61,63.81,87.73,-18.17,0,450,1,"42.25,-83.75 (100.0%)"
2020-09-19,76.86,24.92,0.0,No thermal stress,48.2 to 78.8 F,76.14,63.12,87.59,0.72,0,450,1,"42.25,-83.75 (100.0%)"
2020-09-20,68.64,20.36,0.0,No thermal stress,48.2 to 78.8 F,75.6,62.56,87.33,-6.96,0,450,1,"42.25,-83.75 (100.0%)"
2020-09-21,74.74,23.74,0.0,No thermal stress,48.2 to 78.8 F,74.96,61.3,86.8,-0.22,0,450,1,"42.25,-83.75 (100.0%)"
2020-09-22,83.18,28.43,1.0,Moderate heat stress,78.8 to 89.6 F,74.29,60.47,86.49,8.89,0,450,1,"42.25,-83.75 (100.0%)"
2020-09-23,84.22,29.01,1.0,Moderate heat stress,78.8 to 89.6 F,73.71,59.88,85.86,10.51,0,450,1,"42.25,-83.75 (100.0%)"
2020-09-24,82.86,28.26,1.0,Moderate heat stress,78.8 to 89.6 F,73.05,59.06,85.56,9.81,0,450,1,"42.25,-83.75 (100.0%)"
2020-09-25,84.81,29.34,1.0,Moderate heat stress,78.8 to 89.6 F,72.36,57.65,85.16,12.45,0,450,1,"42.25,-83.75 (100.0%)"
2020-09-26,80.8,27.11,1.0,Moderate heat stress,78.8 to 89.6 F,71.66,56.96,85.08,9.14,0,450,1,"42.25,-83.75 (100.0%)"
2020-09-27,82.05,27.8,1.0,Moderate heat stress,78.8 to 89.6 F,70.99,55.35,84.81,11.06,0,450,1,"42.25,-83.75 (100.0%)"
2020-09-28,69.82,21.01,0.0,No thermal stress,48.2 to 78.8 F,70.26,54.33,84.56,-0.44,0,450,1,"42.25,-83.75 (100.0%)"
2020-09-29,63.03,17.24,0.0,No thermal stress,48.2 to 78.8 F,69.72,54.23,84.15,-6.69,0,450,1,"42.25,-83.75 (100.0%)"
2020-09-30,55.13,12.85,0.0,No thermal stress,48.2 to 78.8 F,69.23,53.33,83.77,-14.1,0,450,1,"42.25,-83.75 (100.0%)"
2020-10-01,63.6,17.56,0.0,No thermal stress,48.2 to 78.8 F,68.67,52.88,83.54,-5.07,0,450,1,"42.25,-83.75 (100.0%)"
2020-10-02,56.07,13.37,0.0,No thermal stress,48.2 to 78.8 F,68.26,52.12,83.27,-12.19,0,450,1,"42.25,-83.75 (100.0%)"
2020-10-03,70.32,21.29,0.0,No thermal stress,48.2 to 78.8 F,67.96,51.68,82.82,2.36,0,450,1,"42.25,-83.75 (100.0%)"
2020-10-04,56.03,13.35,0.0,No thermal stress,48.2 to 78.8 F,67.57,51.45,82.33,-11.54,0,450,1,"42.25,-83.75 (100.0%)"
2020-10-05,67.12,19.51,0.0,No thermal stress,48.2 to 78.8 F,67.08,50.52,82.2,0.04,0,450,1,"42.25,-83.75 (100.0%)"
2020-10-06,65.47,18.6,0.0,No thermal stress,48.2 to 78.8 F,66.62,49.45,82.14,-1.15,0,450,1,"42.25,-83.75 (100.0%)"
2020-10-07,64.75,18.19,0.0,No thermal stress,48.2 to 78.8 F,66.15,48.66,81.99,-1.4,0,450,1,"42.25,-83.75 (100.0%)"
2020-10-08,68.62,20.34,0.0,No thermal stress,48.2 to 78.8 F,65.45,48.17,81.66,3.17,0,450,1,"42.25,-83.75 (100.0%)"
2020-10-09,74.45,23.58,0.0,No thermal stress,48.2 to 78.8 F,64.67,47.25,81.44,9.78,0,450,1,"42.25,-83.75 (100.0%)"
2020-10-10,75.31,24.06,0.0,No thermal stress,48.2 to 78.8 F,63.97,45.63,80.8,11.34,0,450,1,"42.25,-83.75 (100.0%)"
2020-10-11,65.47,18.6,0.0,No thermal stress,48.2 to 78.8 F,63.52,45.53,79.35,1.95,0,450,1,"42.25,-83.75 (100.0%)"
2020-10-12,67.93,19.96,0.0,No thermal stress,48.2 to 78.8 F,62.8,44.92,78.57,5.13,0,450,1,"42.25,-83.75 (100.0%)"
2020-10-13,67.83,19.9,0.0,No thermal stress,48.2 to 78.8 F,62.18,44.68,77.88,5.65,0,450,1,"42.25,-83.75 (100.0%)"
2020-10-14,61.27,16.26,0.0,No thermal stress,48.2 to 78.8 F,61.42,44.27,77.25,-0.15,0,450,1,"42.25,-83.75 (100.0%)"
2020-10-15,51.39,10.77,0.0,No thermal stress,48.2 to 78.8 F,60.9,43.78,75.7,-9.51,0,450,1,"42.25,-83.75 (100.0%)"
2020-10-16,49.6,9.78,0.0,No thermal stress,48.2 to 78.8 F,60.24,43.05,74.58,-10.64,0,450,1,"42.25,-83.75 (100.0%)"
2020-10-17,57.56,14.2,0.0,No thermal stress,48.2 to 78.8 F,59.28,42.38,73.9,-1.72,0,450,1,"42.25,-83.75 (100.0%)"
2020-10-18,48.55,9.2,0.0,No thermal stress,48.2 to 78.8 F,58.51,42.04,73.15,-9.96,0,450,1,"42.25,-83.75 (100.0%)"
2020-10-19,55.23,12.91,0.0,No thermal stress,48.2 to 78.8 F,57.62,41.47,72.53,-2.39,0,450,1,"42.25,-83.75 (100.0%)"
2020-10-20,62.48,16.93,0.0,No thermal stress,48.2 to 78.8 F,56.89,41.26,72.29,5.59,0,450,1,"42.25,-83.75 (100.0%)"
2020-10-21,64.19,17.88,0.0,No thermal stress,48.2 to 78.8 F,56.11,40.56,71.89,8.08,0,450,1,"42.25,-83.75 (100.0%)"
2020-10-22,61.6,16.45,0.0,No thermal stress,48.2 to 78.8 F,55.37,38.7,71.61,6.23,0,450,1,"42.25,-83.75 (100.0%)"
2020-10-23,70.61,21.45,0.0,No thermal stress,48.2 to 78.8 F,55.09,38.09,71.61,15.52,0,450,1,"42.25,-83.75 (100.0%)"
2020-10-24,59.08,15.04,0.0,No thermal stress,48.2 to 78.8 F,54.55,37.25,71.5,4.53,0,450,1,"42.25,-83.75 (100.0%)"
2020-10-25,48.18,8.99,-1.0,Slight cold stress,32.0 to 48.2 F,53.93,36.11,70.85,-5.75,0,450,1,"42.25,-83.75 (100.0%)"
2020-10-26,41.35,5.2,-1.0,Slight cold stress,32.0 to 48.2 F,53.12,34.31,70.51,-11.77,0,450,1,"42.25,-83.75 (100.0%)"
2020-10-27,44.68,7.05,-1.0,Slight cold stress,32.0 to 48.2 F,52.62,33.35,70.18,-7.94,0,450,1,"42.25,-83.75 (100.0%)"
2020-10-28,53.3,11.83,0.0,No thermal stress,48.2 to 78.8 F,52.11,33.29,70.06,1.19,0,450,1,"42.25,-83.75 (100.0%)"
2020-10-29,37.88,3.26,-1.0,Slight cold stress,32.0 to 48.2 F,51.69,32.26,69.73,-13.81,0,450,1,"42.25,-83.75 (100.0%)"
2020-10-30,32.27,0.15,-1.0,Slight cold stress,32.0 to 48.2 F,50.97,31.86,68.74,-18.7,0,450,1,"42.25,-83.75 (100.0%)"
2020-10-31,43.48,6.38,-1.0,Slight cold stress,32.0 to 48.2 F,50.49,30.36,68.12,-7.01,0,450,1,"42.25,-83.75 (100.0%)"
2020-11-01,19.02,-7.21,-2.0,Moderate cold stress,8.6 to 32.0 F,50.43,29.74,68.12,-31.41,0,450,1,"42.25,-83.75 (100.0%)"
2020-11-02,33.32,0.73,-1.0,Slight cold stress,32.0 to 48.2 F,50.07,29.74,67.72,-16.75,0,450,1,"42.25,-83.75 (100.0%)"
2020-11-03,62.15,16.75,0.0,No thermal stress,48.2 to 78.8 F,49.6,29.61,66.87,12.55,0,450,1,"42.25,-83.75 (100.0%)"
2020-11-04,64.42,18.01,0.0,No thermal stress,48.2 to 78.8 F,48.98,28.24,66.19,15.44,0,450,1,"42.25,-83.75 (100.0%)"
2020-11-05,56.62,13.68,0.0,No thermal stress,48.2 to 78.8 F,48.63,26.93,65.67,7.99,0,450,1,"42.25,-83.75 (100.0%)"
2020-11-06,70.11,21.17,0.0,No thermal stress,48.2 to 78.8 F,48.09,26.87,65.61,22.02,1,450,1,"42.25,-83.75 (100.0%)"
2020-11-07,69.18,20.66,0.0,No thermal stress,48.2 to 78.8 F,47.61,26.32,65.12,21.57,1,450,1,"42.25,-83.75 (100.0%)"
2020-11-08,75.65,24.25,0.0,No thermal stress,48.2 to 78.8 F,47.21,26.46,64.8,28.44,1,450,1,"42.25,-83.75 (100.0%)"
2020-11-09,78.12,25.62,0.0,No thermal stress,48.2 to 78.8 F,46.72,26.41,64.44,31.4,1,450,1,"42.25,-83.75 (100.0%)"
2020-11-10,68.5,20.28,0.0,No thermal stress,48.2 to 78.8 F,46.25,26.3,63.99,22.25,1,450,1,"42.25,-83.75 (100.0%)"
2020-11-11,51.61,10.89,0.0,No thermal stress,48.2 to 78.8 F,45.91,26.1,63.92,5.7,0,450,1,"42.25,-83.75 (100.0%)"
2020-11-12,64.95,18.31,0.0,No thermal stress,48.2 to 78.8 F,45.34,25.83,63.1,19.61,1,450,1,"42.25,-83.75 (100.0%)"
2020-11-13,37.47,3.04,-1.0,Slight cold stress,32.0 to 48.2 F,44.68,25.08,62.04,-7.21,0,450,1,"42.25,-83.75 (100.0%)"
2020-11-14,45.87,7.71,-1.0,Slight cold stress,32.0 to 48.2 F,44.34,24.84,61.99,1.53,0,450,1,"42.25,-83.75 (100.0%)"
2020-11-15,30.51,-0.83,-2.0,Moderate cold stress,8.6 to 32.0 F,43.71,23.98,61.47,-13.2,0,450,1,"42.25,-83.75 (100.0%)"
2020-11-16,34.08,1.15,-1.0,Slight cold stress,32.0 to 48.2 F,42.85,23.07,60.64,-8.77,0,450,1,"42.25,-83.75 (100.0%)"
2020-11-17,26.01,-3.33,-2.0,Moderate cold stress,8.6 to 32.0 F,41.84,22.52,59.51,-15.83,0,450,1,"42.25,-83.75 (100.0%)"
2020-11-18,42.72,5.96,-1.0,Slight cold stress,32.0 to 48.2 F,41.23,21.94,59.2,1.49,0,450,1,"42.25,-83.75 (100.0%)"
2020-11-19,48.16,8.98,-1.0,Slight cold stress,32.0 to 48.2 F,40.94,21.87,59.18,7.22,0,450,1,"42.25,-83.75 (100.0%)"
2020-11-20,59.64,15.35,0.0,No thermal stress,48.2 to 78.8 F,40.48,20.73,58.75,19.16,1,450,1,"42.25,-83.75 (100.0%)"
2020-11-21,59.34,15.19,0.0,No thermal stress,48.2 to 78.8 F,40.3,20.98,58.55,19.04,1,450,1,"42.25,-83.75 (100.0%)"
2020-11-22,25.75,-3.47,-2.0,Moderate cold stress,8.6 to 32.0 F,39.88,20.73,57.96,-14.13,0,450,1,"42.25,-83.75 (100.0%)"
2020-11-23,36.72,2.62,-1.0,Slight cold stress,32.0 to 48.2 F,39.59,20.41,57.64,-2.87,0,450,1,"42.25,-83.75 (100.0%)"
2020-11-24,29.46,-1.41,-2.0,Moderate cold stress,8.6 to 32.0 F,39.06,19.65,57.2,-9.6,0,450,1,"42.25,-83.75 (100.0%)"
2020-11-25,42.81,6.01,-1.0,Slight cold stress,32.0 to 48.2 F,38.87,19.31,57.12,3.94,0,450,1,"42.25,-83.75 (100.0%)"
2020-11-26,47.86,8.81,-1.0,Slight cold stress,32.0 to 48.2 F,38.47,19.16,56.81,9.39,0,450,1,"42.25,-83.75 (100.0%)"
2020-11-27,41.18,5.1,-1.0,Slight cold stress,32.0 to 48.2 F,38.18,18.65,56.32,3.0,0,450,1,"42.25,-83.75 (100.0%)"
2020-11-28,44.94,7.19,-1.0,Slight cold stress,32.0 to 48.2 F,37.68,18.07,56.32,7.26,0,450,1,"42.25,-83.75 (100.0%)"
2020-11-29,45.07,7.26,-1.0,Slight cold stress,32.0 to 48.2 F,36.62,16.73,55.81,8.45,0,450,1,"42.25,-83.75 (100.0%)"
2020-11-30,24.68,-4.07,-2.0,Moderate cold stress,8.6 to 32.0 F,36.04,16.04,55.35,-11.36,0,450,1,"42.25,-83.75 (100.0%)"
2020-12-01,8.62,-12.99,-2.0,Moderate cold stress,8.6 to 32.0 F,35.55,15.63,54.6,-26.93,0,450,1,"42.25,-83.75 (100.0%)"
2020-12-02,39.99,4.44,-1.0,Slight cold stress,32.0 to 48.2 F,35.41,15.63,54.0,4.58,0,450,1,"42.25,-83.75 (100.0%)"
2020-12-03,33.86,1.03,-1.0,Slight cold stress,32.0 to 48.2 F,34.83,14.52,53.52,-0.97,0,450,1,"42.25,-83.75 (100.0%)"
2020-12-04,35.65,2.03,-1.0,Slight cold stress,32.0 to 48.2 F,34.19,13.82,54.0,1.46,0,450,1,"42.25,-83.75 (100.0%)"
2020-12-05,34.23,1.24,-1.0,Slight cold stress,32.0 to 48.2 F,33.85,13.48,53.42,0.38,0,450,1,"42.25,-83.75 (100.0%)"
2020-12-06,42.34,5.75,-1.0,Slight cold stress,32.0 to 48.2 F,33.6,12.66,53.49,8.74,0,450,1,"42.25,-83.75 (100.0%)"
2020-12-07,40.01,4.45,-1.0,Slight cold stress,32.0 to 48.2 F,33.28,12.02,53.42,6.73,0,450,1,"42.25,-83.75 (100.0%)"
2020-12-08,33.59,0.89,-1.0,Slight cold stress,32.0 to 48.2 F,32.67,10.7,53.14,0.92,0,450,1,"42.25,-83.75 (100.0%)"
2020-12-09,45.71,7.61,-1.0,Slight cold stress,32.0 to 48.2 F,32.68,10.7,53.14,13.03,0,450,1,"42.25,-83.75 (100.0%)"
2020-12-10,54.49,12.49,0.0,No thermal stress,48.2 to 78.8 F,32.2,10.63,52.45,22.29,1,450,1,"42.25,-83.75 (100.0%)"
2020-12-11,62.12,16.73,0.0,No thermal stress,48.2 to 78.8 F,31.62,10.12,52.19,30.5,1,450,1,"42.25,-83.75 (100.0%)"
2020-12-12,36.74,2.64,-1.0,Slight cold stress,32.0 to 48.2 F,31.13,9.27,51.67,5.61,0,450,1,"42.25,-83.75 (100.0%)"
2020-12-13,36.55,2.53,-1.0,Slight cold stress,32.0 to 48.2 F,30.91,9.86,51.03,5.64,0,450,1,"42.25,-83.75 (100.0%)"
2020-12-14,24.34,-4.25,-2.0,Moderate cold stress,8.6 to 32.0 F,31.19,10.12,50.76,-6.85,0,450,1,"42.25,-83.75 (100.0%)"
2020-12-15,38.82,3.79,-1.0,Slight cold stress,32.0 to 48.2 F,31.07,10.13,50.68,7.75,0,450,1,"42.25,-83.75 (100.0%)"
2020-12-16,14.17,-9.91,-2.0,Moderate cold stress,8.6 to 32.0 F,30.83,9.59,50.64,-16.66,0,450,1,"42.25,-83.75 (100.0%)"
2020-12-17,34.09,1.16,-1.0,Slight cold stress,32.0 to 48.2 F,30.28,9.05,50.19,3.81,0,450,1,"42.25,-83.75 (100.0%)"
2020-12-18,48.0,8.89,-1.0,Slight cold stress,32.0 to 48.2 F,30.07,8.81,50.17,17.93,0,450,1,"42.25,-83.75 (100.0%)"
2020-12-19,25.11,-3.83,-2.0,Moderate cold stress,8.6 to 32.0 F,29.89,8.92,49.82,-4.78,0,450,1,"42.25,-83.75 (100.0%)"
2020-12-20,26.92,-2.82,-2.0,Moderate cold stress,8.6 to 32.0 F,29.75,9.06,49.54,-2.83,0,450,1,"42.25,-83.75 (100.0%)"
2020-12-21,32.23,0.13,-1.0,Slight cold stress,32.0 to 48.2 F,29.48,8.81,48.96,2.75,0,450,1,"42.25,-83.75 (100.0%)"
2020-12-22,29.23,-1.54,-2.0,Moderate cold stress,8.6 to 32.0 F,29.34,9.06,48.03,-0.11,0,450,1,"42.25,-83.75 (100.0%)"
2020-12-23,33.35,0.75,-1.0,Slight cold stress,32.0 to 48.2 F,29.26,9.06,48.26,4.09,0,450,1,"42.25,-83.75 (100.0%)"
2020-12-24,18.61,-7.44,-2.0,Moderate cold stress,8.6 to 32.0 F,28.82,8.15,47.87,-10.21,0,450,1,"42.25,-83.75 (100.0%)"
2020-12-25,4.35,-15.36,-3.0,Strong cold stress,-16.6 to 8.6 F,28.52,7.93,47.72,-24.17,0,450,1,"42.25,-83.75 (100.0%)"
2020-12-26,16.85,-8.41,-2.0,Moderate cold stress,8.6 to 32.0 F,28.2,7.29,47.12,-11.35,0,450,1,"42.25,-83.75 (100.0%)"
2020-12-27,27.26,-2.63,-2.0,Moderate cold stress,8.6 to 32.0 F,28.01,7.24,46.84,-0.75,0,450,1,"42.25,-83.75 (100.0%)"
2020-12-28,13.92,-10.04,-2.0,Moderate cold stress,8.6 to 32.0 F,27.71,6.28,46.42,-13.79,0,450,1,"42.25,-83.75 (100.0%)"
2020-12-29,47.6,8.66,-1.0,Slight cold stress,32.0 to 48.2 F,27.46,6.03,46.27,20.14,1,450,1,"42.25,-83.75 (100.0%)"
2020-12-30,15.65,-9.08,-2.0,Moderate cold stress,8.6 to 32.0 F,27.11,5.06,46.02,-11.46,0,450,1,"42.25,-83.75 (100.0%)"
2020-12-31,48.2,9.0,-1.0,Slight cold stress,32.0 to 48.2 F,26.72,4.33,45.82,21.48,1,450,1,"42.25,-83.75 (100.0%)"
2021-01-01,13.9,-10.06,-2.0,Moderate cold stress,8.6 to 32.0 F,26.92,4.33,46.02,-13.02,0,450,1,"42.25,-83.75 (100.0%)"
2021-01-02,45.48,7.49,-1.0,Slight cold stress,32.0 to 48.2 F,27.11,4.85,45.6,18.37,0,450,1,"42.25,-83.75 (100.0%)"
2021-01-03,51.93,11.07,0.0,No thermal stress,48.2 to 78.8 F,26.88,3.47,45.03,25.05,1,450,1,"42.25,-83.75 (100.0%)"
2021-01-04,37.99,3.33,-1.0,Slight cold stress,32.0 to 48.2 F,26.74,3.21,45.08,11.25,0,450,1,"42.25,-83.75 (100.0%)"
2021-01-05,33.0,0.55,-1.0,Slight cold stress,32.0 to 48.2 F,26.84,2.78,45.74,6.16,0,450,1,"42.25,-83.75 (100.0%)"
2021-01-06,48.0,8.89,-1.0,Slight cold stress,32.0 to 48.2 F,26.53,2.78,45.43,21.47,1,450,1,"42.25,-83.75 (100.0%)"
2021-01-07,27.09,-2.73,-2.0,Moderate cold stress,8.6 to 32.0 F,26.69,2.74,45.49,0.4,0,450,1,"42.25,-83.75 (100.0%)"
2021-01-08,22.43,-5.31,-2.0,Moderate cold stress,8.6 to 32.0 F,26.84,3.32,46.02,-4.41,0,450,1,"42.25,-83.75 (100.0%)"
2021-01-09,48.51,9.17,0.0,No thermal stress,48.2 to 78.8 F,26.67,2.77,45.49,21.84,1,450,1,"42.25,-83.75 (100.0%)"
2021-01-10,56.1,13.39,0.0,No thermal stress,48.2 to 78.8 F,26.49,2.42,45.43,29.61,1,450,1,"42.25,-83.75 (100.0%)"
2021-01-11,20.5,-6.39,-2.0,Moderate cold stress,8.6 to 32.0 F,26.19,2.42,45.49,-5.69,0,450,1,"42.25,-83.75 (100.0%)"
2021-01-12,28.23,-2.09,-2.0,Moderate cold stress,8.6 to 32.0 F,25.98,2.12,45.61,2.25,0,450,1,"42.25,-83.75 (100.0%)"
2021-01-13,37.5,3.05,-1.0,Slight cold stress,32.0 to 48.2 F,26.19,3.16,45.61,11.31,0,450,1,"42.25,-83.75 (100.0%)"
2021-01-14,51.42,10.79,0.0,No thermal stress,48.2 to 78.8 F,26.32,3.32,45.79,25.1,1,450,1,"42.25,-83.75 (100.0%)"
2021-01-15,36.84,2.69,-1.0,Slight cold stress,32.0 to 48.2 F,26.46,3.93,46.21,10.38,0,450,1,"42.25,-83.75 (100.0%)"
2021-01-16,47.55,8.64,-1.0,Slight cold stress,32.0 to 48.2 F,26.35,3.93,45.79,21.2,1,450,1,"42.25,-83.75 (100.0%)"
2021-01-17,36.1,2.28,-1.0,Slight cold stress,32.0 to 48.2 F,26.09,3.93,45.79,10.01,0,450,1,"42.25,-83.75 (100.0%)"
2021-01-18,22.25,-5.42,-2.0,Moderate cold stress,8.6 to 32.0 F,26.0,4.11,45.61,-3.75,0,450,1,"42.25,-83.75 (100.0%)"
2021-01-19,16.35,-8.69,-2.0,Moderate cold stress,8.6 to 32.0 F,25.83,4.11,45.54,-9.48,0,450,1,"42.25,-83.75 (100.0%)"
2021-01-20,25.16,-3.8,-2.0,Moderate cold stress,8.6 to 32.0 F,25.59,4.13,45.49,-0.43,0,450,1,"42.25,-83.75 (100.0%)"
2021-01-21,22.7,-5.16,-2.0,Moderate cold stress,8.6 to 32.0 F,25.63,4.13,45.79,-2.93,0,450,1,"42.25,-83.75 (100.0%)"
2021-01-22,3.18,-16.01,-3.0,Strong cold stress,-16.6 to 8.6 F,25.58,4.13,45.88,-22.4,0,450,1,"42.25,-83.75 (100.0%)"
2021-01-23,39.49,4.16,-1.0,Slight cold stress,32.0 to 48.2 F,25.66,4.02,45.84,13.83,0,450,1,"42.25,-83.75 (100.0%)"
2021-01-24,19.46,-6.97,-2.0,Moderate cold stress,8.6 to 32.0 F,25.82,4.19,45.88,-6.36,0,450,1,"42.25,-83.75 (100.0%)"
2021-01-25,27.7,-2.39,-2.0,Moderate cold stress,8.6 to 32.0 F,26.53,5.45,46.51,1.17,0,450,1,"42.25,-83.75 (100.0%)"
2021-01-26,25.26,-3.74,-2.0,Moderate cold stress,8.6 to 32.0 F,27.11,5.57,47.18,-1.85,0,450,1,"42.25,-83.75 (100.0%)"
2021-01-27,34.55,1.41,-1.0,Slight cold stress,32.0 to 48.2 F,27.85,5.6,48.62,6.7,0,450,1,"42.25,-83.75 (100.0%)"
2021-01-28,19.52,-6.93,-2.0,Moderate cold stress,8.6 to 32.0 F,27.83,6.03,49.09,-8.31,0,450,1,"42.25,-83.75 (100.0%)"
2021-01-29,41.11,5.06,-1.0,Slight cold stress,32.0 to 48.2 F,27.91,5.98,49.47,13.2,0,450,1,"42.25,-83.75 (100.0%)"
2021-01-30,16.58,-8.57,-2.0,Moderate cold stress,8.6 to 32.0 F,28.43,6.67,49.63,-11.85,0,450,1,"42.25,-83.75 (100.0%)"
2021-01-31,15.11,-9.38,-2.0,Moderate cold stress,8.6 to 32.0 F,28.83,7.0,49.95,-13.72,0,450,1,"42.25,-83.75 (100.0%)"
2021-02-01,15.21,-9.33,-2.0,Moderate cold stress,8.6 to 32.0 F,29.42,7.05,50.83,-14.21,0,450,1,"42.25,-83.75 (100.0%)"
2021-02-02,20.26,-6.52,-2.0,Moderate cold stress,8.6 to 32.0 F,30.09,7.42,51.44,-9.83,0,450,1,"42.25,-83.75 (100.0%)"
2021-02-03,43.28,6.27,-1.0,Slight cold stress,32.0 to 48.2 F,30.27,7.52,52.34,13.01,0,450,1,"42.25,-83.75 (100.0%)"
2021-02-04,26.67,-2.96,-2.0,Moderate cold stress,8.6 to 32.0 F,30.17,7.25,51.84,-3.5,0,450,1,"42.25,-83.75 (100.0%)"
2021-02-05,-1.78,-18.77,-3.0,Strong cold stress,-16.6 to 8.6 F,30.06,7.0,50.72,-31.84,0,450,1,"42.25,-83.75 (100.0%)"
2021-02-06,21.62,-5.77,-2.0,Moderate cold stress,8.6 to 32.0 F,29.92,7.25,51.44,-8.3,0,450,1,"42.25,-83.75 (100.0%)"
2021-02-07,16.23,-8.76,-2.0,Moderate cold stress,8.6 to 32.0 F,30.29,7.96,51.44,-14.06,0,450,1,"42.25,-83.75 (100.0%)"
2021-02-08,35.99,2.22,-1.0,Slight cold stress,32.0 to 48.2 F,30.68,8.06,52.26,5.31,0,450,1,"42.25,-83.75 (100.0%)"
2021-02-09,43.19,6.22,-1.0,Slight cold stress,32.0 to 48.2 F,30.85,8.23,52.42,12.34,0,450,1,"42.25,-83.75 (100.0%)"
2021-02-10,45.65,7.59,-1.0,Slight cold stress,32.0 to 48.2 F,30.89,8.32,52.59,14.76,0,450,1,"42.25,-83.75 (100.0%)"
2021-02-11,38.88,3.82,-1.0,Slight cold stress,32.0 to 48.2 F,30.85,9.29,52.26,8.03,0,450,1,"42.25,-83.75 (100.0%)"
2021-02-12,50.68,10.38,0.0,No thermal stress,48.2 to 78.8 F,31.35,9.24,52.5,19.33,0,450,1,"42.25,-83.75 (100.0%)"
2021-02-13,29.91,-1.16,-2.0,Moderate cold stress,8.6 to 32.0 F,31.86,10.33,52.29,-1.95,0,450,1,"42.25,-83.75 (100.0%)"
2021-02-14,45.23,7.35,-1.0,Slight cold stress,32.0 to 48.2 F,32.12,10.45,52.59,13.11,0,450,1,"42.25,-83.75 (100.0%)"
2021-02-15,8.66,-12.97,-2.0,Moderate cold stress,8.6 to 32.0 F,32.48,10.45,52.65,-23.82,0,450,1,"42.25,-83.75 (100.0%)"
2021-02-16,24.12,-4.38,-2.0,Moderate cold stress,8.6 to 32.0 F,32.96,10.86,52.59,-8.84,0,450,1,"42.25,-83.75 (100.0%)"
2021-02-17,52.07,11.15,0.0,No thermal stress,48.2 to 78.8 F,33.18,10.41,52.65,18.89,0,450,1,"42.25,-83.75 (100.0%)"
2021-02-18,29.17,-1.57,-2.0,Moderate cold stress,8.6 to 32.0 F,33.6,10.48,53.18,-4.43,0,450,1,"42.25,-83.75 (100.0%)"
2021-02-19,43.51,6.39,-1.0,Slight cold stress,32.0 to 48.2 F,34.15,10.91,53.18,9.36,0,450,1,"42.25,-83.75 (100.0%)"
2021-02-20,43.74,6.52,-1.0,Slight cold stress,32.0 to 48.2 F,34.81,11.63,53.82,8.93,0,450,1,"42.25,-83.75 (100.0%)"
2021-02-21,31.0,-0.55,-2.0,Moderate cold stress,8.6 to 32.0 F,35.84,13.51,54.87,-4.84,0,458,1,"42.25,-83.75 (100.0%)"
2021-02-22,18.16,-7.69,-2.0,Moderate cold stress,8.6 to 32.0 F,36.11,13.51,55.25,-17.95,0,458,1,"42.25,-83.75 (100.0%)"
2021-02-23,47.82,8.79,-1.0,Slight cold stress,32.0 to 48.2 F,36.51,15.03,55.43,11.31,0,458,1,"42.25,-83.75 (100.0%)"
2021-02-24,45.9,7.72,-1.0,Slight cold stress,32.0 to 48.2 F,36.64,13.9,56.02,9.26,0,458,1,"42.25,-83.75 (100.0%)"
2021-02-25,47.05,8.36,-1.0,Slight cold stress,32.0 to 48.2 F,37.26,14.48,56.52,9.79,0,458,1,"42.25,-83.75 (100.0%)"
2021-02-26,46.33,7.96,-1.0,Slight cold stress,32.0 to 48.2 F,37.81,15.03,57.49,8.52,0,458,1,"42.25,-83.75 (100.0%)"
2021-02-27,56.0,13.33,0.0,No thermal stress,48.2 to 78.8 F,38.16,16.07,57.58,17.84,0,458,1,"42.25,-83.75 (100.0%)"
2021-02-28,52.92,11.62,0.0,No thermal stress,48.2 to 78.8 F,38.88,16.44,58.91,14.04,0,458,1,"42.25,-83.75 (100.0%)"
2021-03-01,17.55,-8.03,-2.0,Moderate cold stress,8.6 to 32.0 F,39.1,16.58,60.18,-21.55,0,458,1,"42.25,-83.75 (100.0%)"
2021-03-02,32.63,0.35,-1.0,Slight cold stress,32.0 to 48.2 F,39.28,16.58,60.34,-6.65,0,458,1,"42.25,-83.75 (100.0%)"
2021-03-03,51.86,11.03,0.0,No thermal stress,48.2 to 78.8 F,39.32,16.07,60.16,12.54,0,458,1,"42.25,-83.75 (100.0%)"
2021-03-04,23.23,-4.87,-2.0,Moderate cold stress,8.6 to 32.0 F,39.98,16.69,60.41,-16.75,0,458,1,"42.25,-83.75 (100.0%)"
2021-03-05,32.65,0.36,-1.0,Slight cold stress,32.0 to 48.2 F,40.67,17.28,60.57,-8.02,0,458,1,"42.25,-83.75 (100.0%)"
2021-03-06,37.08,2.82,-1.0,Slight cold stress,32.0 to 48.2 F,41.01,16.87,60.82,-3.93,0,458,1,"42.25,-83.75 (100.0%)"
2021-03-07,55.37,12.98,0.0,No thermal stress,48.2 to 78.8 F,41.43,17.28,62.03,13.94,0,458,1,"42.25,-83.75 (100.0%)"
2021-03-08,55.14,12.86,0.0,No thermal stress,48.2 to 78.8 F,41.78,17.38,62.83,13.36,0,450,1,"42.25,-83.75 (100.0%)"
2021-03-09,60.97,16.1,0.0,No thermal stress,48.2 to 78.8 F,42.21,16.94,64.44,18.76,0,450,1,"42.25,-83.75 (100.0%)"
2021-03-10,59.64,15.36,0.0,No thermal stress,48.2 to 78.8 F,42.91,17.57,64.44,16.73,0,450,1,"42.25,-83.75 (100.0%)"
2021-03-11,53.03,11.68,0.0,No thermal stress,48.2 to 78.8 F,43.59,18.77,64.54,9.44,0,450,1,"42.25,-83.75 (100.0%)"
2021-03-12,44.5,6.94,-1.0,Slight cold stress,32.0 to 48.2 F,43.94,19.98,64.54,0.56,0,450,1,"42.25,-83.75 (100.0%)"
2021-03-13,53.62,12.01,0.0,No thermal stress,48.2 to 78.8 F,44.27,19.98,64.66,9.35,0,450,1,"42.25,-83.75 (100.0%)"
2021-03-14,39.77,4.32,-1.0,Slight cold stress,32.0 to 48.2 F,44.57,21.17,65.49,-4.8,0,450,1,"42.25,-83.75 (100.0%)"
2021-03-15,20.54,-6.37,-2.0,Moderate cold stress,8.6 to 32.0 F,44.5,21.32,65.49,-23.96,0,450,1,"42.25,-83.75 (100.0%)"
2021-03-16,67.62,19.79,0.0,No thermal stress,48.2 to 78.8 F,45.02,22.05,65.49,22.6,1,450,1,"42.25,-83.75 (100.0%)"
2021-03-17,71.29,21.83,0.0,No thermal stress,48.2 to 78.8 F,45.65,22.81,66.09,25.64,1,450,1,"42.25,-83.75 (100.0%)"
2021-03-18,23.97,-4.46,-2.0,Moderate cold stress,8.6 to 32.0 F,46.0,22.99,66.25,-22.03,0,450,1,"42.25,-83.75 (100.0%)"
2021-03-19,55.12,12.84,0.0,No thermal stress,48.2 to 78.8 F,46.43,23.08,66.25,8.69,0,450,1,"42.25,-83.75 (100.0%)"
2021-03-20,63.31,17.4,0.0,No thermal stress,48.2 to 78.8 F,46.91,24.23,66.6,16.4,0,450,1,"42.25,-83.75 (100.0%)"
2021-03-21,64.9,18.28,0.0,No thermal stress,48.2 to 78.8 F,47.75,26.0,66.25,17.15,0,450,1,"42.25,-83.75 (100.0%)"
2021-03-22,65.57,18.65,0.0,No thermal stress,48.2 to 78.8 F,48.44,27.38,66.6,17.13,0,450,1,"42.25,-83.75 (100.0%)"
2021-03-23,65.28,18.49,0.0,No thermal stress,48.2 to 78.8 F,48.82,28.43,66.6,16.46,0,450,1,"42.25,-83.75 (100.0%)"
2021-03-24,62.19,16.77,0.0,No thermal stress,48.2 to 78.8 F,49.1,30.49,66.09,13.09,0,450,1,"42.25,-83.75 (100.0%)"
2021-03-25,76.4,24.67,0.0,No thermal stress,48.2 to 78.8 F,49.35,30.71,66.47,27.05,1,450,1,"42.25,-83.75 (100.0%)"
2021-03-26,59.16,15.09,0.0,No thermal stress,48.2 to 78.8 F,49.92,30.71,67.04,9.24,0,450,1,"42.25,-83.75 (100.0%)"
2021-03-27,62.0,16.67,0.0,No thermal stress,48.2 to 78.8 F,50.33,30.62,67.84,11.67,0,450,1,"42.25,-83.75 (100.0%)"
2021-03-28,43.91,6.61,-1.0,Slight cold stress,32.0 to 48.2 F,50.37,30.71,67.72,-6.46,0,450,1,"42.25,-83.75 (100.0%)"
2021-03-29,53.41,11.9,0.0,No thermal stress,48.2 to 78.8 F,50.69,31.27,67.97,2.72,0,450,1,"42.25,-83.75 (100.0%)"
2021-03-30,59.77,15.43,0.0,No thermal stress,48.2 to 78.8 F,51.24,31.27,68.92,8.53,0,450,1,"42.25,-83.75 (100.0%)"
2021-03-31,42.52,5.85,-1.0,Slight cold stress,32.0 to 48.2 F,51.61,31.27,69.07,-9.09,0,450,1,"42.25,-83.75 (100.0%)"
2021-04-01,20.88,-6.18,-2.0,Moderate cold stress,8.6 to 32.0 F,51.95,31.27,69.23,-31.07,0,450,1,"42.25,-83.75 (100.0%)"
2021-04-02,55.87,13.26,0.0,No thermal stress,48.2 to 78.8 F,52.43,31.91,69.31,3.44,0,450,1,"42.25,-83.75 (100.0%)"
2021-04-03,55.3,12.95,0.0,No thermal stress,48.2 to 78.8 F,52.48,31.71,69.37,2.82,0,450,1,"42.25,-83.75 (100.0%)"
2021-04-04,79.52,26.4,1.0,Moderate heat stress,78.8 to 89.6 F,52.75,31.91,69.74,26.77,1,450,1,"42.25,-83.75 (100.0%)"
2021-04-05,67.48,19.71,0.0,No thermal stress,48.2 to 78.8 F,52.87,31.67,69.89,14.61,0,450,1,"42.25,-83.75 (100.0%)"
2021-04-06,78.37,25.76,0.0,No thermal stress,48.2 to 78.8 F,52.91,30.96,70.18,25.46,1,450,1,"42.25,-83.75 (100.0%)"
2021-04-07,81.31,27.39,1.0,Moderate heat stress,78.8 to 89.6 F,53.26,30.47,70.39,28.05,1,450,1,"42.25,-83.75 (100.0%)"
2021-04-08,74.0,23.33,0.0,No thermal stress,48.2 to 78.8 F,53.92,31.67,71.46,20.08,1,450,1,"42.25,-83.75 (100.0%)"
2021-04-09,67.58,19.77,0.0,No thermal stress,48.2 to 78.8 F,54.27,31.24,71.73,13.31,0,450,1,"42.25,-83.75 (100.0%)"
2021-04-10,77.25,25.14,0.0,No thermal stress,48.2 to 78.8 F,54.42,31.24,71.95,22.83,1,450,1,"42.25,-83.75 (100.0%)"
2021-04-11,62.85,17.14,0.0,No thermal stress,48.2 to 78.8 F,55.35,32.37,73.24,7.5,0,450,1,"42.25,-83.75 (100.0%)"
2021-04-12,61.46,16.37,0.0,No thermal stress,48.2 to 78.8 F,56.36,35.4,73.51,5.1,0,450,1,"42.25,-83.75 (100.0%)"
2021-04-13,63.43,17.46,0.0,No thermal stress,48.2 to 78.8 F,56.94,35.4,73.86,6.49,0,450,1,"42.25,-83.75 (100.0%)"
2021-04-14,51.3,10.72,0.0,No thermal stress,48.2 to 78.8 F,57.32,35.86,74.34,-6.02,0,450,1,"42.25,-83.75 (100.0%)"
2021-04-15,46.53,8.07,-1.0,Slight cold stress,32.0 to 48.2 F,57.57,36.62,74.55,-11.04,0,450,1,"42.25,-83.75 (100.0%)"
2021-04-16,54.66,12.59,0.0,No thermal stress,48.2 to 78.8 F,57.93,36.62,74.58,-3.27,0,450,1,"42.25,-83.75 (100.0%)"
2021-04-17,68.89,20.5,0.0,No thermal stress,48.2 to 78.8 F,58.57,37.4,75.15,10.32,0,450,1,"42.25,-83.75 (100.0%)"
2021-04-18,64.99,18.33,0.0,No thermal stress,48.2 to 78.8 F,59.09,38.67,75.36,5.9,0,450,1,"42.25,-83.75 (100.0%)"
2021-04-19,54.79,12.66,0.0,No thermal stress,48.2 to 78.8 F,59.38,39.43,76.04,-4.59,0,450,1,"42.25,-83.75 (100.0%)"
2021-04-20,41.24,5.14,-1.0,Slight cold stress,32.0 to 48.2 F,59.64,39.7,76.13,-18.4,0,450,1,"42.25,-83.75 (100.0%)"
2021-04-21,37.58,3.1,-1.0,Slight cold stress,32.0 to 48.2 F,60.08,40.09,76.16,-22.5,0,450,1,"42.25,-83.75 (100.0%)"
2021-04-22,38.01,3.34,-1.0,Slight cold stress,32.0 to 48.2 F,60.5,40.95,76.19,-22.49,0,450,1,"42.25,-83.75 (100.0%)"
2021-04-23,57.95,14.42,0.0,No thermal stress,48.2 to 78.8 F,60.85,41.24,76.19,-2.9,0,450,1,"42.25,-83.75 (100.0%)"
2021-04-24,60.61,15.89,0.0,No thermal stress,48.2 to 78.8 F,61.36,42.66,76.39,-0.75,0,450,1,"42.25,-83.75 (100.0%)"
2021-04-25,50.12,10.07,0.0,No thermal stress,48.2 to 78.8 F,61.89,44.24,76.95,-11.77,0,450,1,"42.25,-83.75 (100.0%)"
2021-04-26,50.26,10.14,0.0,No thermal stress,48.2 to 78.8 F,61.98,44.24,76.95,-11.72,0,450,1,"42.25,-83.75 (100.0%)"
2021-04-27,79.85,26.58,1.0,Moderate heat stress,78.8 to 89.6 F,62.34,45.1,76.95,17.51,1,450,1,"42.25,-83.75 (100.0%)"
2021-04-28,,,,,,62.79,45.94,76.96,,,450,0,"42.25,-83.75 (100.0%)"
2021-04-29,,,,,,63.48,47.52,77.46,,,450,0,"42.25,-83.75 (100.0%)"
2021-04-30,42.49,5.83,-1.0,Slight cold stress,32.0 to 48.2 F,64.29,48.53,77.63,-21.8,0,450,1,"42.25,-83.75 (100.0%)"
2021-05-01,57.74,14.3,0.0,No thermal stress,48.2 to 78.8 F,64.79,48.65,78.06,-7.05,0,450,1,"42.25,-83.75 (100.0%)"
2021-05-02,78.07,25.6,0.0,No thermal stress,48.2 to 78.8 F,65.32,49.17,79.15,12.75,0,450,1,"42.25,-83.75 (100.0%)"
2021-05-03,67.95,19.97,0.0,No thermal stress,48.2 to 78.8 F,65.99,49.77,79.82,1.96,0,450,1,"42.25,-83.75 (100.0%)"
2021-05-04,65.37,18.54,0.0,No thermal stress,48.2 to 78.8 F,66.32,49.65,80.13,-0.95,0,450,1,"42.25,-83.75 (100.0%)"
2021-05-05,57.78,14.32,0.0,No thermal stress,48.2 to 78.8 F,66.73,49.38,80.72,-8.95,0,450,1,"42.25,-83.75 (100.0%)"
2021-05-06,66.85,19.36,0.0,No thermal stress,48.2 to 78.8 F,67.33,50.33,81.37,-0.48,0,450,1,"42.25,-83.75 (100.0%)"
2021-05-07,69.63,20.9,0.0,No thermal stress,48.2 to 78.8 F,67.72,50.39,81.94,1.91,0,450,1,"42.25,-83.75 (100.0%)"
2021-05-08,61.93,16.63,0.0,No thermal stress,48.2 to 78.8 F,67.96,50.07,82.34,-6.03,0,450,1,"42.25,-83.75 (100.0%)"
2021-05-09,49.37,9.65,0.0,No thermal stress,48.2 to 78.8 F,68.29,50.33,82.62,-18.92,0,450,1,"42.25,-83.75 (100.0%)"
2021-05-10,54.44,12.47,0.0,No thermal stress,48.2 to 78.8 F,68.78,50.77,82.86,-14.34,0,450,1,"42.25,-83.75 (100.0%)"
2021-05-11,48.83,9.35,0.0,No thermal stress,48.2 to 78.8 F,68.91,51.78,83.07,-20.08,0,450,1,"42.25,-83.75 (100.0%)"
2021-05-12,67.12,19.51,0.0,No thermal stress,48.2 to 78.8 F,69.21,51.78,83.47,-2.09,0,450,1,"42.25,-83.75 (100.0%)"
2021-05-13,73.81,23.23,0.0,No thermal stress,48.2 to 78.8 F,69.68,52.03,83.97,4.13,0,450,1,"42.25,-83.75 (100.0%)"
2021-05-14,78.52,25.85,0.0,No thermal stress,48.2 to 78.8 F,69.91,52.16,84.48,8.61,0,450,1,"42.25,-83.75 (100.0%)"
2021-05-15,78.04,25.58,0.0,No thermal stress,48.2 to 78.8 F,70.28,52.88,84.76,7.76,0,450,1,"42.25,-83.75 (100.0%)"
2021-05-16,78.56,25.87,0.0,No thermal stress,48.2 to 78.8 F,70.82,54.11,85.48,7.74,0,450,1,"42.25,-83.75 (100.0%)"
2021-05-17,77.7,25.39,0.0,No thermal stress,48.2 to 78.8 F,71.01,54.3,85.81,6.69,0,450,1,"42.25,-83.75 (100.0%)"
2021-05-18,78.83,26.02,1.0,Moderate heat stress,78.8 to 89.6 F,71.2,54.3,86.13,7.63,0,450,1,"42.25,-83.75 (100.0%)"
2021-05-19,81.31,27.4,1.0,Moderate heat stress,78.8 to 89.6 F,71.89,55.55,86.51,9.42,0,450,1,"42.25,-83.75 (100.0%)"
2021-05-20,89.97,32.21,2.0,Strong heat stress,89.6 to 100.4 F,72.59,57.55,86.7,17.38,1,450,1,"42.25,-83.75 (100.0%)"
2021-05-21,89.25,31.81,1.0,Moderate heat stress,78.8 to 89.6 F,73.25,58.24,86.93,16.0,1,450,1,"42.25,-83.75 (100.0%)"
2021-05-22,85.74,29.85,1.0,Moderate heat stress,78.8 to 89.6 F,73.89,58.73,87.48,11.85,0,450,1,"42.25,-83.75 (100.0%)"
2021-05-23,91.18,32.88,2.0,Strong heat stress,89.6 to 100.4 F,74.67,59.71,88.0,16.51,1,450,1,"42.25,-83.75 (100.0%)"
2021-05-24,91.84,33.24,2.0,Strong heat stress,89.6 to 100.4 F,75.17,60.03,88.24,16.67,1,450,1,"42.25,-83.75 (100.0%)"
2021-05-25,88.19,31.22,1.0,Moderate heat stress,78.8 to 89.6 F,75.44,60.03,88.36,12.75,0,450,1,"42.25,-83.75 (100.0%)"
2021-05-26,77.96,25.53,0.0,No thermal stress,48.2 to 78.8 F,75.93,60.85,88.62,2.03,0,450,1,"42.25,-83.75 (100.0%)"
2021-05-27,80.66,27.03,1.0,Moderate heat stress,78.8 to 89.6 F,76.18,61.38,88.43,4.48,0,450,1,"42.25,-83.75 (100.0%)"
2021-05-28,34.38,1.32,-1.0,Slight cold stress,32.0 to 48.2 F,76.42,62.28,88.6,-42.04,0,450,1,"42.25,-83.75 (100.0%)"
2021-05-29,60.1,15.61,0.0,No thermal stress,48.2 to 78.8 F,76.75,62.83,88.79,-16.65,0,450,1,"42.25,-83.75 (100.0%)"
2021-05-30,80.26,26.81,1.0,Moderate heat stress,78.8 to 89.6 F,77.04,62.83,88.94,3.22,0,450,1,"42.25,-83.75 (100.0%)"
2021-05-31,79.16,26.2,1.0,Moderate heat stress,78.8 to 89.6 F,77.38,63.29,89.31,1.78,0,450,1,"42.25,-83.75 (100.0%)"
2021-06-01,83.61,28.67,1.0,Moderate heat stress,78.8 to 89.6 F,77.95,64.57,89.53,5.66,0,450,1,"42.25,-83.75 (100.0%)"
2021-06-02,79.5,26.39,1.0,Moderate heat stress,78.8 to 89.6 F,78.51,65.72,89.65,0.99,0,450,1,"42.25,-83.75 (100.0%)"
2021-06-03,86.89,30.5,1.0,Moderate heat stress,78.8 to 89.6 F,78.93,66.01,89.97,7.96,0,450,1,"42.25,-83.75 (100.0%)"
2021-06-04,86.74,30.41,1.0,Moderate heat stress,78.8 to 89.6 F,79.39,67.5,90.32,7.35,0,450,1,"42.25,-83.75 (100.0%)"
2021-06-05,88.17,31.2,1.0,Moderate heat stress,78.8 to 89.6 F,79.56,68.01,90.46,8.61,0,450,1,"42.25,-83.75 (100.0%)"
2021-06-06,91.68,33.16,2.0,Strong heat stress,89.6 to 100.4 F,79.74,68.48,90.4,11.94,1,450,1,"42.25,-83.75 (100.0%)"
2021-06-07,91.04,32.8,2.0,Strong heat stress,89.6 to 100.4 F,80.0,68.92,90.36,11.04,1,450,1,"42.25,-83.75 (100.0%)"
2021-06-08,93.07,33.93,2.0,Strong heat stress,89.6 to 100.4 F,80.37,69.52,90.5,12.7,1,450,1,"42.25,-83.75 (100.0%)"
2021-06-09,94.87,34.93,2.0,Strong heat stress,89.6 to 100.4 F,80.79,69.85,90.79,14.08,1,450,1,"42.25,-83.75 (100.0%)"
2021-06-10,91.73,33.19,2.0,Strong heat stress,89.6 to 100.4 F,81.31,69.96,91.35,10.42,1,450,1,"42.25,-83.75 (100.0%)"
2021-06-11,96.82,36.01,2.0,Strong heat stress,89.6 to 100.4 F,82.06,70.24,92.17,14.76,1,450,1,"42.25,-83.75 (100.0%)"
2021-06-12,97.53,36.4,2.0,Strong heat stress,89.6 to 100.4 F,82.57,70.62,92.55,14.96,1,450,1,"42.25,-83.75 (100.0%)"
2021-06-13,86.25,30.14,1.0,Moderate heat stress,78.8 to 89.6 F,82.98,71.32,92.81,3.27,0,450,1,"42.25,-83.75 (100.0%)"
2021-06-14,77.85,25.47,0.0,No thermal stress,48.2 to 78.8 F,83.43,72.24,93.04,-5.58,0,450,1,"42.25,-83.75 (100.0%)"
2021-06-15,73.73,23.19,0.0,No thermal stress,48.2 to 78.8 F,83.67,72.41,93.06,-9.94,0,450,1,"42.25,-83.75 (100.0%)"
2021-06-16,80.34,26.85,1.0,Moderate heat stress,78.8 to 89.6 F,83.87,72.74,93.13,-3.53,0,450,1,"42.25,-83.75 (100.0%)"
2021-06-17,90.6,32.56,2.0,Strong heat stress,89.6 to 100.4 F,84.1,73.25,93.17,6.5,0,450,1,"42.25,-83.75 (100.0%)"
2021-06-18,87.71,30.95,1.0,Moderate heat stress,78.8 to 89.6 F,84.29,73.38,93.37,3.42,0,450,1,"42.25,-83.75 (100.0%)"
2021-06-19,95.71,35.4,2.0,Strong heat stress,89.6 to 100.4 F,84.55,73.38,93.72,11.16,1,450,1,"42.25,-83.75 (100.0%)"
2021-06-20,95.66,35.37,2.0,Strong heat stress,89.6 to 100.4 F,84.78,73.48,93.86,10.88,1,450,1,"42.25,-83.75 (100.0%)"
2021-06-21,72.63,22.57,0.0,No thermal stress,48.2 to 78.8 F,85.06,73.98,94.01,-12.43,0,450,1,"42.25,-83.75 (100.0%)"
2021-06-22,69.94,21.08,0.0,No thermal stress,48.2 to 78.8 F,85.12,74.03,94.04,-15.18,0,450,1,"42.25,-83.75 (100.0%)"
2021-06-23,71.27,21.81,0.0,No thermal stress,48.2 to 78.8 F,85.26,74.08,94.21,-13.99,0,450,1,"42.25,-83.75 (100.0%)"
2021-06-24,84.5,29.17,1.0,Moderate heat stress,78.8 to 89.6 F,85.39,74.51,94.21,-0.89,0,450,1,"42.25,-83.75 (100.0%)"
2021-06-25,75.1,23.95,0.0,No thermal stress,48.2 to 78.8 F,85.56,74.72,94.3,-10.46,0,450,1,"42.25,-83.75 (100.0%)"
2021-06-26,84.57,29.21,1.0,Moderate heat stress,78.8 to 89.6 F,85.55,74.72,94.34,-0.98,0,450,1,"42.25,-83.75 (100.0%)"
2021-06-27,85.08,29.49,1.0,Moderate heat stress,78.8 to 89.6 F,85.7,74.84,94.56,-0.62,0,450,1,"42.25,-83.75 (100.0%)"
2021-06-28,96.5,35.83,2.0,Strong heat stress,89.6 to 100.4 F,85.99,75.38,95.06,10.51,1,450,1,"42.25,-83.75 (100.0%)"
2021-06-29,93.95,34.42,2.0,Strong heat stress,89.6 to 100.4 F,86.14,75.47,95.57,7.81,0,450,1,"42.25,-83.75 (100.0%)"
2021-06-30,90.03,32.24,2.0,Strong heat stress,89.6 to 100.4 F,86.35,75.75,95.7,3.68,0,450,1,"42.25,-83.75 (100.0%)"
2021-07-01,81.94,27.75,1.0,Moderate heat stress,78.8 to 89.6 F,86.5,75.8,95.85,-4.56,0,450,1,"42.25,-83.75 (100.0%)"
2021-07-02,73.09,22.83,0.0,No thermal stress,48.2 to 78.8 F,86.53,75.8,95.71,-13.44,0,450,1,"42.25,-83.75 (100.0%)"
2021-07-03,83.49,28.61,1.0,Moderate heat stress,78.8 to 89.6 F,86.59,75.98,95.69,-3.1,0,450,1,"42.25,-83.75 (100.0%)"
2021-07-04,96.72,35.96,2.0,Strong heat stress,89.6 to 100.4 F,86.59,76.0,95.6,10.13,1,450,1,"42.25,-83.75 (100.0%)"
2021-07-05,93.69,34.27,2.0,Strong heat stress,89.6 to 100.4 F,86.68,76.4,95.37,7.01,0,450,1,"42.25,-83.75 (100.0%)"
2021-07-06,95.06,35.03,2.0,Strong heat stress,89.6 to 100.4 F,86.8,76.84,95.34,8.26,0,450,1,"42.25,-83.75 (100.0%)"
2021-07-07,94.41,34.67,2.0,Strong heat stress,89.6 to 100.4 F,87.03,77.15,95.61,7.38,0,450,1,"42.25,-83.75 (100.0%)"
2021-07-08,85.71,29.84,1.0,Moderate heat stress,78.8 to 89.6 F,87.21,77.39,95.74,-1.5,0,450,1,"42.25,-83.75 (100.0%)"
2021-07-09,79.58,26.43,1.0,Moderate heat stress,78.8 to 89.6 F,87.5,77.72,96.15,-7.92,0,450,1,"42.25,-83.75 (100.0%)"
2021-07-10,85.58,29.76,1.0,Moderate heat stress,78.8 to 89.6 F,87.66,77.86,96.15,-2.08,0,450,1,"42.25,-83.75 (100.0%)"
2021-07-11,67.18,19.55,0.0,No thermal stress,48.2 to 78.8 F,87.89,78.0,96.24,-20.71,0,450,1,"42.25,-83.75 (100.0%)"
2021-07-12,79.85,26.58,1.0,Moderate heat stress,78.8 to 89.6 F,87.94,78.35,96.15,-8.09,0,450,1,"42.25,-83.75 (100.0%)"
2021-07-13,85.74,29.86,1.0,Moderate heat stress,78.8 to 89.6 F,87.94,78.34,95.98,-2.2,0,450,1,"42.25,-83.75 (100.0%)"
2021-07-14,87.94,31.08,1.0,Moderate heat stress,78.8 to 89.6 F,88.08,78.61,96.37,-0.14,0,450,1,"42.25,-83.75 (100.0%)"
2021-07-15,84.45,29.14,1.0,Moderate heat stress,78.8 to 89.6 F,88.07,78.57,96.32,-3.62,0,450,1,"42.25,-83.75 (100.0%)"
2021-07-16,73.08,22.82,0.0,No thermal stress,48.2 to 78.8 F,88.01,78.52,96.45,-14.93,0,450,1,"42.25,-83.75 (100.0%)"
2021-07-17,87.14,30.63,1.0,Moderate heat stress,78.8 to 89.6 F,88.09,78.7,96.46,-0.95,0,450,1,"42.25,-83.75 (100.0%)"
2021-07-18,91.5,33.06,2.0,Strong heat stress,89.6 to 100.4 F,88.09,78.75,96.59,3.41,0,450,1,"42.25,-83.75 (100.0%)"
2021-07-19,91.8,33.22,2.0,Strong heat stress,89.6 to 100.4 F,88.1,78.75,96.79,3.7,0,450,1,"42.25,-83.75 (100.0%)"
2021-07-20,87.55,30.86,1.0,Moderate heat stress,78.8 to 89.6 F,88.13,78.75,96.86,-0.58,0,450,1,"42.25,-83.75 (100.0%)"
2021-07-21,82.36,27.98,1.0,Moderate heat stress,78.8 to 89.6 F,88.02,78.8,96.8,-5.66,0,450,1,"42.25,-83.75 (100.0%)"
2021-07-22,88.66,31.48,1.0,Moderate heat stress,78.8 to 89.6 F,87.9,78.9,96.48,0.76,0,450,1,"42.25,-83.75 (100.0%)"
2021-07-23,85.24,29.58,1.0,Moderate heat stress,78.8 to 89.6 F,87.84,79.3,96.4,-2.6,0,450,1,"42.25,-83.75 (100.0%)"
2021-07-24,88.87,31.6,1.0,Moderate heat stress,78.8 to 89.6 F,87.76,79.3,96.45,1.11,0,450,1,"42.25,-83.75 (100.0%)"
2021-07-25,92.62,33.68,2.0,Strong heat stress,89.6 to 100.4 F,87.7,78.96,96.45,4.92,0,450,1,"42.25,-83.75 (100.0%)"
2021-07-26,93.7,34.28,2.0,Strong heat stress,89.6 to 100.4 F,87.64,78.75,96.33,6.06,0,450,1,"42.25,-83.75 (100.0%)"
2021-07-27,91.36,32.98,2.0,Strong heat stress,89.6 to 100.4 F,87.68,78.75,96.29,3.68,0,450,1,"42.25,-83.75 (100.0%)"
2021-07-28,93.31,34.06,2.0,Strong heat stress,89.6 to 100.4 F,87.53,78.55,96.24,5.78,0,450,1,"42.25,-83.75 (100.0%)"
2021-07-29,90.39,32.44,2.0,Strong heat stress,89.6 to 100.4 F,87.2,78.41,95.71,3.19,0,450,1,"42.25,-83.75 (100.0%)"
2021-07-30,80.76,27.09,1.0,Moderate heat stress,78.8 to 89.6 F,87.03,78.28,95.44,-6.27,0,450,1,"42.25,-83.75 (100.0%)"
2021-07-31,82.8,28.22,1.0,Moderate heat stress,78.8 to 89.6 F,87.11,78.55,95.26,-4.31,0,450,1,"42.25,-83.75 (100.0%)"
2021-08-01,76.64,24.8,0.0,No thermal stress,48.2 to 78.8 F,87.08,78.27,95.03,-10.44,0,450,1,"42.25,-83.75 (100.0%)"
2021-08-02,82.82,28.23,1.0,Moderate heat stress,78.8 to 89.6 F,87.08,78.17,95.22,-4.26,0,450,1,"42.25,-83.75 (100.0%)"
2021-08-03,85.18,29.54,1.0,Moderate heat stress,78.8 to 89.6 F,87.04,78.08,95.22,-1.86,0,450,1,"42.25,-83.75 (100.0%)"
2021-08-04,90.82,32.68,2.0,Strong heat stress,89.6 to 100.4 F,86.87,77.86,95.26,3.95,0,450,1,"42.25,-83.75 (100.0%)"
2021-08-05,89.69,32.05,2.0,Strong heat stress,89.6 to 100.4 F,86.91,77.89,95.26,2.78,0,450,1,"42.25,-83.75 (100.0%)"
2021-08-06,85.61,29.78,1.0,Moderate heat stress,78.8 to 89.6 F,86.9,77.75,95.26,-1.29,0,450,1,"42.25,-83.75 (100.0%)"
2021-08-07,92.02,33.35,2.0,Strong heat stress,89.6 to 100.4 F,86.76,77.28,95.26,5.26,0,450,1,"42.25,-83.75 (100.0%)"
2021-08-08,91.54,33.08,2.0,Strong heat stress,89.6 to 100.4 F,86.69,76.79,95.2,4.85,0,450,1,"42.25,-83.75 (100.0%)"
2021-08-09,88.63,31.46,1.0,Moderate heat stress,78.8 to 89.6 F,86.5,76.77,94.82,2.13,0,450,1,"42.25,-83.75 (100.0%)"
2021-08-10,93.48,34.15,2.0,Strong heat stress,89.6 to 100.4 F,86.21,76.41,94.18,7.27,0,450,1,"42.25,-83.75 (100.0%)"
2021-08-11,91.57,33.09,2.0,Strong heat stress,89.6 to 100.4 F,85.98,76.22,93.94,5.59,0,450,1,"42.25,-83.75 (100.0%)"
2021-08-12,95.08,35.05,2.0,Strong heat stress,89.6 to 100.4 F,85.9,76.41,93.73,9.18,1,450,1,"42.25,-83.75 (100.0%)"
2021-08-13,90.52,32.51,2.0,Strong heat stress,89.6 to 100.4 F,85.72,76.22,93.57,4.8,0,450,1,"42.25,-83.75 (100.0%)"
2021-08-14,81.33,27.41,1.0,Moderate heat stress,78.8 to 89.6 F,85.63,76.0,93.55,-4.3,0,450,1,"42.25,-83.75 (100.0%)"
2021-08-15,84.35,29.09,1.0,Moderate heat stress,78.8 to 89.6 F,85.39,75.26,93.55,-1.04,0,450,1,"42.25,-83.75 (100.0%)"
2021-08-16,84.24,29.02,1.0,Moderate heat stress,78.8 to 89.6 F,85.28,74.94,93.55,-1.04,0,450,1,"42.25,-83.75 (100.0%)"
2021-08-17,91.71,33.17,2.0,Strong heat stress,89.6 to 100.4 F,85.12,74.62,93.21,6.59,0,450,1,"42.25,-83.75 (100.0%)"
2021-08-18,91.33,32.96,2.0,Strong heat stress,89.6 to 100.4 F,85.08,75.18,93.16,6.25,0,450,1,"42.25,-83.75 (100.0%)"
2021-08-19,93.13,33.96,2.0,Strong heat stress,89.6 to 100.4 F,85.27,75.25,93.17,7.86,0,450,1,"42.25,-83.75 (100.0%)"
2021-08-20,94.92,34.96,2.0,Strong heat stress,89.6 to 100.4 F,85.3,75.25,93.13,9.62,1,450,1,"42.25,-83.75 (100.0%)"
2021-08-21,95.68,35.38,2.0,Strong heat stress,89.6 to 100.4 F,85.11,74.94,93.16,10.57,1,450,1,"42.25,-83.75 (100.0%)"
2021-08-22,96.36,35.75,2.0,Strong heat stress,89.6 to 100.4 F,85.03,74.74,93.17,11.33,1,450,1,"42.25,-83.75 (100.0%)"
2021-08-23,92.86,33.81,2.0,Strong heat stress,89.6 to 100.4 F,84.9,74.43,93.09,7.96,0,450,1,"42.25,-83.75 (100.0%)"
2021-08-24,98.55,36.97,2.0,Strong heat stress,89.6 to 100.4 F,84.76,74.22,93.09,13.79,1,450,1,"42.25,-83.75 (100.0%)"
2021-08-25,98.47,36.93,2.0,Strong heat stress,89.6 to 100.4 F,84.72,73.91,93.19,13.75,1,450,1,"42.25,-83.75 (100.0%)"
2021-08-26,98.04,36.69,2.0,Strong heat stress,89.6 to 100.4 F,84.61,73.75,93.47,13.43,1,450,1,"42.25,-83.75 (100.0%)"
2021-08-27,97.22,36.23,2.0,Strong heat stress,89.6 to 100.4 F,84.58,73.77,93.55,12.64,1,450,1,"42.25,-83.75 (100.0%)"
2021-08-28,97.09,36.16,2.0,Strong heat stress,89.6 to 100.4 F,84.6,73.77,93.57,12.49,1,450,1,"42.25,-83.75 (100.0%)"
2021-08-29,93.58,34.21,2.0,Strong heat stress,89.6 to 100.4 F,84.54,73.49,93.58,9.04,0,450,1,"42.25,-83.75 (100.0%)"
2021-08-30,89.67,32.04,2.0,Strong heat stress,89.6 to 100.4 F,84.51,73.73,93.58,5.16,0,450,1,"42.25,-83.75 (100.0%)"
2021-08-31,87.13,30.63,1.0,Moderate heat stress,78.8 to 89.6 F,84.37,73.72,93.6,2.76,0,450,1,"42.25,-83.75 (100.0%)"
2021-09-01,77.77,25.43,0.0,No thermal stress,48.2 to 78.8 F,83.96,72.01,93.6,-6.19,0,450,1,"42.25,-83.75 (100.0%)"
2021-09-02,82.38,27.99,1.0,Moderate heat stress,78.8 to 89.6 F,83.55,71.57,93.52,-1.17,0,450,1,"42.25,-83.75 (100.0%)"
2021-09-03,86.49,30.27,1.0,Moderate heat stress,78.8 to 89.6 F,82.9,70.98,93.35,3.59,0,450,1,"42.25,-83.75 (100.0%)"
2021-09-04,81.46,27.48,1.0,Moderate heat stress,78.8 to 89.6 F,82.36,70.1,93.27,-0.9,0,450,1,"42.25,-83.75 (100.0%)"
2021-09-05,79.03,26.13,1.0,Moderate heat stress,78.8 to 89.6 F,82.11,69.93,92.96,-3.08,0,450,1,"42.25,-83.75 (100.0%)"
2021-09-06,80.9,27.16,1.0,Moderate heat stress,78.8 to 89.6 F,81.75,69.35,92.12,-0.85,0,450,1,"42.25,-83.75 (100.0%)"
2021-09-07,86.7,30.39,1.0,Moderate heat stress,78.8 to 89.6 F,81.26,68.98,91.73,5.44,0,450,1,"42.25,-83.75 (100.0%)"
2021-09-08,74.65,23.69,0.0,No thermal stress,48.2 to 78.8 F,80.78,67.98,91.72,-6.13,0,450,1,"42.25,-83.75 (100.0%)"
2021-09-09,67.82,19.9,0.0,No thermal stress,48.2 to 78.8 F,80.4,67.84,91.25,-12.58,0,450,1,"42.25,-83.75 (100.0%)"
2021-09-10,82.47,28.04,1.0,Moderate heat stress,78.8 to 89.6 F,80.0,66.86,90.85,2.47,0,450,1,"42.25,-83.75 (100.0%)"
2021-09-11,84.48,29.16,1.0,Moderate heat stress,78.8 to 89.6 F,79.53,66.16,90.28,4.95,0,450,1,"42.25,-83.75 (100.0%)"
2021-09-12,88.19,31.22,1.0,Moderate heat stress,78.8 to 89.6 F,79.12,65.59,89.59,9.07,0,450,1,"42.25,-83.75 (100.0%)"
2021-09-13,84.73,29.29,1.0,Moderate heat stress,78.8 to 89.6 F,78.71,65.45,88.96,6.02,0,450,1,"42.25,-83.75 (100.0%)"
2021-09-14,86.77,30.43,1.0,Moderate heat stress,78.8 to 89.6 F,78.22,65.04,88.57,8.55,0,450,1,"42.25,-83.75 (100.0%)"
2021-09-15,79.4,26.33,1.0,Moderate heat stress,78.8 to 89.6 F,77.58,64.32,88.4,1.82,0,450,1,"42.25,-83.75 (100.0%)"
2021-09-16,82.06,27.81,1.0,Moderate heat stress,78.8 to 89.6 F,77.35,64.32,87.98,4.71,0,450,1,"42.25,-83.75 (100.0%)"
2021-09-17,87.41,30.78,1.0,Moderate heat stress,78.8 to 89.6 F,76.96,63.86,87.9,10.45,0,450,1,"42.25,-83.75 (100.0%)"
2021-09-18,85.86,29.92,1.0,Moderate heat stress,78.8 to 89.6 F,76.61,63.81,87.73,9.25,0,450,1,"42.25,-83.75 (100.0%)"
2021-09-19,86.94,30.52,1.0,Moderate heat stress,78.8 to 89.6 F,76.14,63.12,87.59,10.8,0,450,1,"42.25,-83.75 (100.0%)"
2021-09-20,82.77,28.2,1.0,Moderate heat stress,78.8 to 89.6 F,75.6,62.56,87.33,7.17,0,450,1,"42.25,-83.75 (100.0%)"
2021-09-21,76.45,24.69,0.0,No thermal stress,48.2 to 78.8 F,74.96,61.3,86.8,1.49,0,450,1,"42.25,-83.75 (100.0%)"
2021-09-22,49.49,9.72,0.0,No thermal stress,48.2 to 78.8 F,74.29,60.47,86.49,-24.8,0,450,1,"42.25,-83.75 (100.0%)"
2021-09-23,34.21,1.23,-1.0,Slight cold stress,32.0 to 48.2 F,73.71,59.88,85.86,-39.5,0,450,1,"42.25,-83.75 (100.0%)"
2021-09-24,72.54,22.52,0.0,No thermal stress,48.2 to 78.8 F,73.05,59.06,85.56,-0.51,0,450,1,"42.25,-83.75 (100.0%)"
2021-09-25,61.73,16.52,0.0,No thermal stress,48.2 to 78.8 F,72.36,57.65,85.16,-10.63,0,450,1,"42.25,-83.75 (100.0%)"
2021-09-26,73.83,23.24,0.0,No thermal stress,48.2 to 78.8 F,71.66,56.96,85.08,2.17,0,450,1,"42.25,-83.75 (100.0%)"
2021-09-27,83.79,28.77,1.0,Moderate heat stress,78.8 to 89.6 F,70.99,55.35,84.81,12.8,0,450,1,"42.25,-83.75 (100.0%)"
2021-09-28,80.32,26.84,1.0,Moderate heat stress,78.8 to 89.6 F,70.26,54.33,84.56,10.06,0,450,1,"42.25,-83.75 (100.0%)"
2021-09-29,83.95,28.86,1.0,Moderate heat stress,78.8 to 89.6 F,69.72,54.23,84.15,14.23,0,450,1,"42.25,-83.75 (100.0%)"
2021-09-30,84.23,29.02,1.0,Moderate heat stress,78.8 to 89.6 F,69.23,53.33,83.77,15.0,1,450,1,"42.25,-83.75 (100.0%)"
2021-10-01,79.97,26.65,1.0,Moderate heat stress,78.8 to 89.6 F,68.67,52.88,83.54,11.3,0,450,1,"42.25,-83.75 (100.0%)"
2021-10-02,78.98,26.1,1.0,Moderate heat stress,78.8 to 89.6 F,68.26,52.12,83.27,10.72,0,450,1,"42.25,-83.75 (100.0%)"
2021-10-03,82.04,27.8,1.0,Moderate heat stress,78.8 to 89.6 F,67.96,51.68,82.82,14.08,0,450,1,"42.25,-83.75 (100.0%)"
2021-10-04,83.31,28.51,1.0,Moderate heat stress,78.8 to 89.6 F,67.57,51.45,82.33,15.74,1,450,1,"42.25,-83.75 (100.0%)"
2021-10-05,72.05,22.25,0.0,No thermal stress,48.2 to 78.8 F,67.08,50.52,82.2,4.97,0,450,1,"42.25,-83.75 (100.0%)"
2021-10-06,77.74,25.41,0.0,No thermal stress,48.2 to 78.8 F,66.62,49.45,82.14,11.12,0,450,1,"42.25,-83.75 (100.0%)"
2021-10-07,80.96,27.2,1.0,Moderate heat stress,78.8 to 89.6 F,66.15,48.66,81.99,14.81,0,450,1,"42.25,-83.75 (100.0%)"
2021-10-08,76.26,24.59,0.0,No thermal stress,48.2 to 78.8 F,65.45,48.17,81.66,10.81,0,450,1,"42.25,-83.75 (100.0%)"
2021-10-09,82.41,28.01,1.0,Moderate heat stress,78.8 to 89.6 F,64.67,47.25,81.44,17.74,1,450,1,"42.25,-83.75 (100.0%)"
2021-10-10,78.61,25.89,0.0,No thermal stress,48.2 to 78.8 F,63.97,45.63,80.8,14.64,0,450,1,"42.25,-83.75 (100.0%)"
2021-10-11,82.66,28.14,1.0,Moderate heat stress,78.8 to 89.6 F,63.52,45.53,79.35,19.14,1,450,1,"42.25,-83.75 (100.0%)"
2021-10-12,66.8,19.33,0.0,No thermal stress,48.2 to 78.8 F,62.8,44.92,78.57,4.0,0,450,1,"42.25,-83.75 (100.0%)"
2021-10-13,77.67,25.37,0.0,No thermal stress,48.2 to 78.8 F,62.18,44.68,77.88,15.49,0,450,1,"42.25,-83.75 (100.0%)"
2021-10-14,79.6,26.45,1.0,Moderate heat stress,78.8 to 89.6 F,61.42,44.27,77.25,18.18,1,450,1,"42.25,-83.75 (100.0%)"
2021-10-15,63.09,17.27,0.0,No thermal stress,48.2 to 78.8 F,60.9,43.78,75.7,2.19,0,450,1,"42.25,-83.75 (100.0%)"
2021-10-16,48.63,9.24,0.0,No thermal stress,48.2 to 78.8 F,60.24,43.05,74.58,-11.61,0,450,1,"42.25,-83.75 (100.0%)"
2021-10-17,54.43,12.46,0.0,No thermal stress,48.2 to 78.8 F,59.28,42.38,73.9,-4.85,0,450,1,"42.25,-83.75 (100.0%)"
2021-10-18,69.0,20.55,0.0,No thermal stress,48.2 to 78.8 F,58.51,42.04,73.15,10.49,0,450,1,"42.25,-83.75 (100.0%)"
2021-10-19,73.52,23.07,0.0,No thermal stress,48.2 to 78.8 F,57.62,41.47,72.53,15.9,1,450,1,"42.25,-83.75 (100.0%)"
2021-10-20,74.35,23.53,0.0,No thermal stress,48.2 to 78.8 F,56.89,41.26,72.29,17.46,1,450,1,"42.25,-83.75 (100.0%)"
2021-10-21,59.48,15.26,0.0,No thermal stress,48.2 to 78.8 F,56.11,40.56,71.89,3.37,0,450,1,"42.25,-83.75 (100.0%)"
2021-10-22,66.3,19.06,0.0,No thermal stress,48.2 to 78.8 F,55.37,38.7,71.61,10.93,0,450,1,"42.25,-83.75 (100.0%)"
2021-10-23,54.43,12.46,0.0,No thermal stress,48.2 to 78.8 F,55.09,38.09,71.61,-0.66,0,450,1,"42.25,-83.75 (100.0%)"
2021-10-24,56.38,13.55,0.0,No thermal stress,48.2 to 78.8 F,54.55,37.25,71.5,1.83,0,450,1,"42.25,-83.75 (100.0%)"
2021-10-25,26.7,-2.95,-2.0,Moderate cold stress,8.6 to 32.0 F,53.93,36.11,70.85,-27.23,0,450,1,"42.25,-83.75 (100.0%)"
2021-10-26,42.71,5.95,-1.0,Slight cold stress,32.0 to 48.2 F,53.12,34.31,70.51,-10.41,0,450,1,"42.25,-83.75 (100.0%)"
2021-10-27,65.82,18.79,0.0,No thermal stress,48.2 to 78.8 F,52.62,33.35,70.18,13.2,0,450,1,"42.25,-83.75 (100.0%)"
2021-10-28,56.21,13.45,0.0,No thermal stress,48.2 to 78.8 F,52.11,33.29,70.06,4.1,0,450,1,"42.25,-83.75 (100.0%)"
2021-10-29,43.17,6.2,-1.0,Slight cold stress,32.0 to 48.2 F,51.69,32.26,69.73,-8.52,0,450,1,"42.25,-83.75 (100.0%)"
2021-10-30,48.15,8.97,-1.0,Slight cold stress,32.0 to 48.2 F,50.97,31.86,68.74,-2.82,0,450,1,"42.25,-83.75 (100.0%)"
2021-10-31,56.1,13.39,0.0,No thermal stress,48.2 to 78.8 F,50.49,30.36,68.12,5.61,0,450,1,"42.25,-83.75 (100.0%)"
2021-11-01,38.33,3.52,-1.0,Slight cold stress,32.0 to 48.2 F,50.43,29.74,68.12,-12.1,0,450,1,"42.25,-83.75 (100.0%)"
2021-11-02,39.45,4.14,-1.0,Slight cold stress,32.0 to 48.2 F,50.07,29.74,67.72,-10.62,0,450,1,"42.25,-83.75 (100.0%)"
2021-11-03,48.77,9.31,0.0,No thermal stress,48.2 to 78.8 F,49.6,29.61,66.87,-0.83,0,450,1,"42.25,-83.75 (100.0%)"
2021-11-04,50.14,10.08,0.0,No thermal stress,48.2 to 78.8 F,48.98,28.24,66.19,1.16,0,450,1,"42.25,-83.75 (100.0%)"
2021-11-05,52.8,11.55,0.0,No thermal stress,48.2 to 78.8 F,48.63,26.93,65.67,4.17,0,450,1,"42.25,-83.75 (100.0%)"
2021-11-06,51.91,11.06,0.0,No thermal stress,48.2 to 78.8 F,48.09,26.87,65.61,3.82,0,450,1,"42.25,-83.75 (100.0%)"
2021-11-07,67.1,19.5,0.0,No thermal stress,48.2 to 78.8 F,47.61,26.32,65.12,19.49,1,450,1,"42.25,-83.75 (100.0%)"
2021-11-08,62.38,16.88,0.0,No thermal stress,48.2 to 78.8 F,47.21,26.46,64.8,15.17,0,450,1,"42.25,-83.75 (100.0%)"
2021-11-09,63.68,17.6,0.0,No thermal stress,48.2 to 78.8 F,46.72,26.41,64.44,16.96,0,450,1,"42.25,-83.75 (100.0%)"
2021-11-10,65.1,18.39,0.0,No thermal stress,48.2 to 78.8 F,46.25,26.3,63.99,18.85,1,450,1,"42.25,-83.75 (100.0%)"
2021-11-11,57.3,14.05,0.0,No thermal stress,48.2 to 78.8 F,45.91,26.1,63.92,11.39,0,450,1,"42.25,-83.75 (100.0%)"
2021-11-12,39.16,3.98,-1.0,Slight cold stress,32.0 to 48.2 F,45.34,25.83,63.1,-6.18,0,450,1,"42.25,-83.75 (100.0%)"
2021-11-13,32.7,0.39,-1.0,Slight cold stress,32.0 to 48.2 F,44.68,25.08,62.04,-11.98,0,450,1,"42.25,-83.75 (100.0%)"
2021-11-14,23.11,-4.94,-2.0,Moderate cold stress,8.6 to 32.0 F,44.34,24.84,61.99,-21.23,0,450,1,"42.25,-83.75 (100.0%)"
2021-11-15,29.71,-1.27,-2.0,Moderate cold stress,8.6 to 32.0 F,43.71,23.98,61.47,-14.0,0,450,1,"42.25,-83.75 (100.0%)"
2021-11-16,58.31,14.62,0.0,No thermal stress,48.2 to 78.8 F,42.85,23.07,60.64,15.46,0,450,1,"42.25,-83.75 (100.0%)"
2021-11-17,49.2,9.55,0.0,No thermal stress,48.2 to 78.8 F,41.84,22.52,59.51,7.36,0,450,1,"42.25,-83.75 (100.0%)"
2021-11-18,26.22,-3.21,-2.0,Moderate cold stress,8.6 to 32.0 F,41.23,21.94,59.2,-15.01,0,450,1,"42.25,-83.75 (100.0%)"
2021-11-19,51.58,10.88,0.0,No thermal stress,48.2 to 78.8 F,40.94,21.87,59.18,10.64,0,450,1,"42.25,-83.75 (100.0%)"
2021-11-20,30.9,-0.61,-2.0,Moderate cold stress,8.6 to 32.0 F,40.48,20.73,58.75,-9.58,0,450,1,"42.25,-83.75 (100.0%)"
2021-11-21,36.55,2.53,-1.0,Slight cold stress,32.0 to 48.2 F,40.3,20.98,58.55,-3.75,0,450,1,"42.25,-83.75 (100.0%)"
2021-11-22,21.13,-6.04,-2.0,Moderate cold stress,8.6 to 32.0 F,39.88,20.73,57.96,-18.75,0,450,1,"42.25,-83.75 (100.0%)"
2021-11-23,45.35,7.42,-1.0,Slight cold stress,32.0 to 48.2 F,39.59,20.41,57.64,5.76,0,450,1,"42.25,-83.75 (100.0%)"
2021-11-24,35.56,1.98,-1.0,Slight cold stress,32.0 to 48.2 F,39.06,19.65,57.2,-3.5,0,450,1,"42.25,-83.75 (100.0%)"
2021-11-25,43.89,6.6,-1.0,Slight cold stress,32.0 to 48.2 F,38.87,19.31,57.12,5.02,0,450,1,"42.25,-83.75 (100.0%)"
2021-11-26,12.81,-10.66,-2.0,Moderate cold stress,8.6 to 32.0 F,38.47,19.16,56.81,-25.66,0,450,1,"42.25,-83.75 (100.0%)"
2021-11-27,27.47,-2.52,-2.0,Moderate cold stress,8.6 to 32.0 F,38.18,18.65,56.32,-10.71,0,450,1,"42.25,-83.75 (100.0%)"
2021-11-28,30.91,-0.61,-2.0,Moderate cold stress,8.6 to 32.0 F,37.68,18.07,56.32,-6.77,0,450,1,"42.25,-83.75 (100.0%)"
2021-11-29,42.88,6.04,-1.0,Slight cold stress,32.0 to 48.2 F,36.62,16.73,55.81,6.26,0,450,1,"42.25,-83.75 (100.0%)"
2021-11-30,41.63,5.35,-1.0,Slight cold stress,32.0 to 48.2 F,36.04,16.04,55.35,5.59,0,450,1,"42.25,-83.75 (100.0%)"
2021-12-01,40.31,4.62,-1.0,Slight cold stress,32.0 to 48.2 F,35.55,15.63,54.6,4.76,0,450,1,"42.25,-83.75 (100.0%)"
2021-12-02,37.21,2.9,-1.0,Slight cold stress,32.0 to 48.2 F,35.41,15.63,54.0,1.8,0,450,1,"42.25,-83.75 (100.0%)"
2021-12-03,42.7,5.95,-1.0,Slight cold stress,32.0 to 48.2 F,34.83,14.52,53.52,7.87,0,450,1,"42.25,-83.75 (100.0%)"
2021-12-04,30.85,-0.64,-2.0,Moderate cold stress,8.6 to 32.0 F,34.19,13.82,54.0,-3.34,0,450,1,"42.25,-83.75 (100.0%)"
2021-12-05,31.77,-0.13,-2.0,Moderate cold stress,8.6 to 32.0 F,33.85,13.48,53.42,-2.08,0,450,1,"42.25,-83.75 (100.0%)"
2021-12-06,36.0,2.22,-1.0,Slight cold stress,32.0 to 48.2 F,33.6,12.66,53.49,2.4,0,450,1,"42.25,-83.75 (100.0%)"
2021-12-07,29.8,-1.22,-2.0,Moderate cold stress,8.6 to 32.0 F,33.28,12.02,53.42,-3.48,0,450,1,"42.25,-83.75 (100.0%)"
2021-12-08,38.8,3.78,-1.0,Slight cold stress,32.0 to 48.2 F,32.67,10.7,53.14,6.13,0,450,1,"42.25,-83.75 (100.0%)"
2021-12-09,24.63,-4.09,-2.0,Moderate cold stress,8.6 to 32.0 F,32.68,10.7,53.14,-8.05,0,450,1,"42.25,-83.75 (100.0%)"
2021-12-10,60.3,15.72,0.0,No thermal stress,48.2 to 78.8 F,32.2,10.63,52.45,28.1,1,450,1,"42.25,-83.75 (100.0%)"
2021-12-11,39.81,4.34,-1.0,Slight cold stress,32.0 to 48.2 F,31.62,10.12,52.19,8.19,0,450,1,"42.25,-83.75 (100.0%)"
2021-12-12,33.11,0.62,-1.0,Slight cold stress,32.0 to 48.2 F,31.13,9.27,51.67,1.98,0,450,1,"42.25,-83.75 (100.0%)"
2021-12-13,46.44,8.02,-1.0,Slight cold stress,32.0 to 48.2 F,30.91,9.86,51.03,15.53,0,450,1,"42.25,-83.75 (100.0%)"
2021-12-14,46.12,7.84,-1.0,Slight cold stress,32.0 to 48.2 F,31.19,10.12,50.76,14.93,0,450,1,"42.25,-83.75 (100.0%)"
2021-12-15,40.38,4.66,-1.0,Slight cold stress,32.0 to 48.2 F,31.07,10.13,50.68,9.31,0,450,1,"42.25,-83.75 (100.0%)"
2021-12-16,45.98,7.77,-1.0,Slight cold stress,32.0 to 48.2 F,30.83,9.59,50.64,15.15,0,450,1,"42.25,-83.75 (100.0%)"
2021-12-17,49.26,9.59,0.0,No thermal stress,48.2 to 78.8 F,30.28,9.05,50.19,18.98,0,450,1,"42.25,-83.75 (100.0%)"
2021-12-18,16.77,-8.46,-2.0,Moderate cold stress,8.6 to 32.0 F,30.07,8.81,50.17,-13.3,0,450,1,"42.25,-83.75 (100.0%)"
2021-12-19,41.28,5.15,-1.0,Slight cold stress,32.0 to 48.2 F,29.89,8.92,49.82,11.39,0,450,1,"42.25,-83.75 (100.0%)"
2021-12-20,29.34,-1.48,-2.0,Moderate cold stress,8.6 to 32.0 F,29.75,9.06,49.54,-0.41,0,450,1,"42.25,-83.75 (100.0%)"
2021-12-21,35.21,1.78,-1.0,Slight cold stress,32.0 to 48.2 F,29.48,8.81,48.96,5.73,0,450,1,"42.25,-83.75 (100.0%)"
2021-12-22,19.7,-6.83,-2.0,Moderate cold stress,8.6 to 32.0 F,29.34,9.06,48.03,-9.64,0,450,1,"42.25,-83.75 (100.0%)"
2021-12-23,22.7,-5.17,-2.0,Moderate cold stress,8.6 to 32.0 F,29.26,9.06,48.26,-6.56,0,450,1,"42.25,-83.75 (100.0%)"
2021-12-24,39.63,4.24,-1.0,Slight cold stress,32.0 to 48.2 F,28.82,8.15,47.87,10.81,0,450,1,"42.25,-83.75 (100.0%)"
2021-12-25,44.9,7.16,-1.0,Slight cold stress,32.0 to 48.2 F,28.52,7.93,47.72,16.38,0,450,1,"42.25,-83.75 (100.0%)"
2021-12-26,54.18,12.32,0.0,No thermal stress,48.2 to 78.8 F,28.2,7.29,47.12,25.98,1,450,1,"42.25,-83.75 (100.0%)"
2021-12-27,42.88,6.05,-1.0,Slight cold stress,32.0 to 48.2 F,28.01,7.24,46.84,14.87,0,450,1,"42.25,-83.75 (100.0%)"
2021-12-28,37.56,3.09,-1.0,Slight cold stress,32.0 to 48.2 F,27.71,6.28,46.42,9.85,0,450,1,"42.25,-83.75 (100.0%)"
2021-12-29,35.27,1.81,-1.0,Slight cold stress,32.0 to 48.2 F,27.46,6.03,46.27,7.81,0,450,1,"42.25,-83.75 (100.0%)"
2021-12-30,44.96,7.2,-1.0,Slight cold stress,32.0 to 48.2 F,27.11,5.06,46.02,17.85,0,450,1,"42.25,-83.75 (100.0%)"
2021-12-31,43.67,6.48,-1.0,Slight cold stress,32.0 to 48.2 F,26.72,4.33,45.82,16.95,0,450,1,"42.25,-83.75 (100.0%)"
2022-01-01,39.64,4.24,-1.0,Slight cold stress,32.0 to 48.2 F,26.92,4.33,46.02,12.72,0,450,1,"42.25,-83.75 (100.0%)"
2022-01-02,21.77,-5.68,-2.0,Moderate cold stress,8.6 to 32.0 F,27.11,4.85,45.6,-5.34,0,450,1,"42.25,-83.75 (100.0%)"
2022-01-03,41.2,5.11,-1.0,Slight cold stress,32.0 to 48.2 F,26.88,3.47,45.03,14.32,0,450,1,"42.25,-83.75 (100.0%)"
2022-01-04,29.85,-1.19,-2.0,Moderate cold stress,8.6 to 32.0 F,26.74,3.21,45.08,3.11,0,450,1,"42.25,-83.75 (100.0%)"
2022-01-05,-1.0,-18.34,-3.0,Strong cold stress,-16.6 to 8.6 F,26.84,2.78,45.74,-27.84,0,450,1,"42.25,-83.75 (100.0%)"
2022-01-06,16.09,-8.84,-2.0,Moderate cold stress,8.6 to 32.0 F,26.53,2.78,45.43,-10.44,0,450,1,"42.25,-83.75 (100.0%)"
2022-01-07,18.05,-7.75,-2.0,Moderate cold stress,8.6 to 32.0 F,26.69,2.74,45.49,-8.64,0,450,1,"42.25,-83.75 (100.0%)"
2022-01-08,17.73,-7.93,-2.0,Moderate cold stress,8.6 to 32.0 F,26.84,3.32,46.02,-9.11,0,450,1,"42.25,-83.75 (100.0%)"
2022-01-09,11.04,-11.64,-2.0,Moderate cold stress,8.6 to 32.0 F,26.67,2.77,45.49,-15.63,0,450,1,"42.25,-83.75 (100.0%)"
2022-01-10,-4.87,-20.48,-3.0,Strong cold stress,-16.6 to 8.6 F,26.49,2.42,45.43,-31.36,0,450,1,"42.25,-83.75 (100.0%)"
2022-01-11,13.05,-10.53,-2.0,Moderate cold stress,8.6 to 32.0 F,26.19,2.42,45.49,-13.14,0,450,1,"42.25,-83.75 (100.0%)"
2022-01-12,36.54,2.52,-1.0,Slight cold stress,32.0 to 48.2 F,25.98,2.12,45.61,10.56,0,450,1,"42.25,-83.75 (100.0%)"
2022-01-13,43.13,6.18,-1.0,Slight cold stress,32.0 to 48.2 F,26.19,3.16,45.61,16.94,0,450,1,"42.25,-83.75 (100.0%)"
2022-01-14,20.37,-6.46,-2.0,Moderate cold stress,8.6 to 32.0 F,26.32,3.32,45.79,-5.95,0,450,1,"42.25,-83.75 (100.0%)"
2022-01-15,23.59,-4.67,-2.0,Moderate cold stress,8.6 to 32.0 F,26.46,3.93,46.21,-2.87,0,450,1,"42.25,-83.75 (100.0%)"
2022-01-16,48.03,8.91,-1.0,Slight cold stress,32.0 to 48.2 F,26.35,3.93,45.79,21.68,1,450,1,"42.25,-83.75 (100.0%)"
2022-01-17,8.77,-12.91,-2.0,Moderate cold stress,8.6 to 32.0 F,26.09,3.93,45.79,-17.32,0,450,1,"42.25,-83.75 (100.0%)"
2022-01-18,35.5,1.95,-1.0,Slight cold stress,32.0 to 48.2 F,26.0,4.11,45.61,9.5,0,450,1,"42.25,-83.75 (100.0%)"
2022-01-19,6.95,-13.92,-3.0,Strong cold stress,-16.6 to 8.6 F,25.83,4.11,45.54,-18.88,0,450,1,"42.25,-83.75 (100.0%)"
2022-01-20,19.27,-7.07,-2.0,Moderate cold stress,8.6 to 32.0 F,25.59,4.13,45.49,-6.32,0,450,1,"42.25,-83.75 (100.0%)"
2022-01-21,37.44,3.02,-1.0,Slight cold stress,32.0 to 48.2 F,25.63,4.13,45.79,11.81,0,450,1,"42.25,-83.75 (100.0%)"
2022-01-22,3.78,-15.68,-3.0,Strong cold stress,-16.6 to 8.6 F,25.58,4.13,45.88,-21.8,0,450,1,"42.25,-83.75 (100.0%)"
2022-01-23,17.02,-8.32,-2.0,Moderate cold stress,8.6 to 32.0 F,25.66,4.02,45.84,-8.64,0,450,1,"42.25,-83.75 (100.0%)"
2022-01-24,25.95,-3.36,-2.0,Moderate cold stress,8.6 to 32.0 F,25.82,4.19,45.88,0.13,0,450,1,"42.25,-83.75 (100.0%)"
2022-01-25,27.82,-2.32,-2.0,Moderate cold stress,8.6 to 32.0 F,26.53,5.45,46.51,1.29,0,450,1,"42.25,-83.75 (100.0%)"
2022-01-26,34.47,1.37,-1.0,Slight cold stress,32.0 to 48.2 F,27.11,5.57,47.18,7.36,0,450,1,"42.25,-83.75 (100.0%)"
2022-01-27,15.26,-9.3,-2.0,Moderate cold stress,8.6 to 32.0 F,27.85,5.6,48.62,-12.59,0,450,1,"42.25,-83.75 (100.0%)"
2022-01-28,24.86,-3.97,-2.0,Moderate cold stress,8.6 to 32.0 F,27.83,6.03,49.09,-2.97,0,450,1,"42.25,-83.75 (100.0%)"
2022-01-29,35.07,1.7,-1.0,Slight cold stress,32.0 to 48.2 F,27.91,5.98,49.47,7.16,0,450,1,"42.25,-83.75 (100.0%)"
2022-01-30,54.65,12.59,0.0,No thermal stress,48.2 to 78.8 F,28.43,6.67,49.63,26.22,1,450,1,"42.25,-83.75 (100.0%)"
2022-01-31,39.2,4.0,-1.0,Slight cold stress,32.0 to 48.2 F,28.83,7.0,49.95,10.37,0,450,1,"42.25,-83.75 (100.0%)"
2022-02-01,44.19,6.77,-1.0,Slight cold stress,32.0 to 48.2 F,29.42,7.05,50.83,14.77,0,450,1,"42.25,-83.75 (100.0%)"
2022-02-02,33.58,0.88,-1.0,Slight cold stress,32.0 to 48.2 F,30.09,7.42,51.44,3.49,0,450,1,"42.25,-83.75 (100.0%)"
2022-02-03,-0.9,-18.28,-3.0,Strong cold stress,-16.6 to 8.6 F,30.27,7.52,52.34,-31.17,0,450,1,"42.25,-83.75 (100.0%)"
2022-02-04,32.46,0.26,-1.0,Slight cold stress,32.0 to 48.2 F,30.17,7.25,51.84,2.29,0,450,1,"42.25,-83.75 (100.0%)"
2022-02-05,40.27,4.6,-1.0,Slight cold stress,32.0 to 48.2 F,30.06,7.0,50.72,10.21,0,450,1,"42.25,-83.75 (100.0%)"
2022-02-06,29.13,-1.59,-2.0,Moderate cold stress,8.6 to 32.0 F,29.92,7.25,51.44,-0.79,0,450,1,"42.25,-83.75 (100.0%)"
2022-02-07,31.54,-0.25,-2.0,Moderate cold stress,8.6 to 32.0 F,30.29,7.96,51.44,1.25,0,450,1,"42.25,-83.75 (100.0%)"
2022-02-08,29.59,-1.34,-2.0,Moderate cold stress,8.6 to 32.0 F,30.68,8.06,52.26,-1.09,0,450,1,"42.25,-83.75 (100.0%)"
2022-02-09,46.9,8.28,-1.0,Slight cold stress,32.0 to 48.2 F,30.85,8.23,52.42,16.05,0,450,1,"42.25,-83.75 (100.0%)"
2022-02-10,20.53,-6.37,-2.0,Moderate cold stress,8.6 to 32.0 F,30.89,8.32,52.59,-10.36,0,450,1,"42.25,-83.75 (100.0%)"
2022-02-11,20.53,-6.37,-2.0,Moderate cold stress,8.6 to 32.0 F,30.85,9.29,52.26,-10.32,0,450,1,"42.25,-83.75 (100.0%)"
2022-02-12,25.3,-3.72,-2.0,Moderate cold stress,8.6 to 32.0 F,31.35,9.24,52.5,-6.05,0,450,1,"42.25,-83.75 (100.0%)"
2022-02-13,37.54,3.08,-1.0,Slight cold stress,32.0 to 48.2 F,31.86,10.33,52.29,5.68,0,450,1,"42.25,-83.75 (100.0%)"
2022-02-14,37.4,3.0,-1.0,Slight cold stress,32.0 to 48.2 F,32.12,10.45,52.59,5.28,0,450,1,"42.25,-83.75 (100.0%)"
2022-02-15,38.64,3.69,-1.0,Slight cold stress,32.0 to 48.2 F,32.48,10.45,52.65,6.16,0,450,1,"42.25,-83.75 (100.0%)"
2022-02-16,41.67,5.37,-1.0,Slight cold stress,32.0 to 48.2 F,32.96,10.86,52.59,8.71,0,450,1,"42.25,-83.75 (100.0%)"
2022-02-17,32.15,0.09,-1.0,Slight cold stress,32.0 to 48.2 F,33.18,10.41,52.65,-1.03,0,450,1,"42.25,-83.75 (100.0%)"
2022-02-18,29.99,-1.12,-2.0,Moderate cold stress,8.6 to 32.0 F,33.6,10.48,53.18,-3.61,0,450,1,"42.25,-83.75 (100.0%)"
2022-02-19,13.93,-10.04,-2.0,Moderate cold stress,8.6 to 32.0 F,34.15,10.91,53.18,-20.22,0,450,1,"42.25,-83.75 (100.0%)"
2022-02-20,34.97,1.65,-1.0,Slight cold stress,32.0 to 48.2 F,34.81,11.63,53.82,0.16,0,450,1,"42.25,-83.75 (100.0%)"
2022-02-21,62.03,16.68,0.0,No thermal stress,48.2 to 78.8 F,35.84,13.51,54.87,26.19,1,458,1,"42.25,-83.75 (100.0%)"
2022-02-22,41.89,5.49,-1.0,Slight cold stress,32.0 to 48.2 F,36.11,13.51,55.25,5.78,0,458,1,"42.25,-83.75 (100.0%)"
2022-02-23,22.87,-5.07,-2.0,Moderate cold stress,8.6 to 32.0 F,36.51,15.03,55.43,-13.64,0,458,1,"42.25,-83.75 (100.0%)"
2022-02-24,25.0,-3.89,-2.0,Moderate cold stress,8.6 to 32.0 F,36.64,13.9,56.02,-11.64,0,458,1,"42.25,-83.75 (100.0%)"
2022-02-25,21.54,-5.81,-2.0,Moderate cold stress,8.6 to 32.0 F,37.26,14.48,56.52,-15.72,0,458,1,"42.25,-83.75 (100.0%)"
2022-02-26,17.54,-8.03,-2.0,Moderate cold stress,8.6 to 32.0 F,37.81,15.03,57.49,-20.27,0,458,1,"42.25,-83.75 (100.0%)"
2022-02-27,31.44,-0.31,-2.0,Moderate cold stress,8.6 to 32.0 F,38.16,16.07,57.58,-6.72,0,458,1,"42.25,-83.75 (100.0%)"
2022-02-28,34.78,1.54,-1.0,Slight cold stress,32.0 to 48.2 F,38.88,16.44,58.91,-4.1,0,458,1,"42.25,-83.75 (100.0%)"
2022-03-01,42.64,5.91,-1.0,Slight cold stress,32.0 to 48.2 F,39.1,16.58,60.18,3.54,0,458,1,"42.25,-83.75 (100.0%)"
2022-03-02,47.72,8.74,-1.0,Slight cold stress,32.0 to 48.2 F,39.28,16.58,60.34,8.44,0,458,1,"42.25,-83.75 (100.0%)"
2022-03-03,36.16,2.31,-1.0,Slight cold stress,32.0 to 48.2 F,39.32,16.07,60.16,-3.16,0,458,1,"42.25,-83.75 (100.0%)"
2022-03-04,55.46,13.03,0.0,No thermal stress,48.2 to 78.8 F,39.98,16.69,60.41,15.48,0,458,1,"42.25,-83.75 (100.0%)"
2022-03-05,62.76,17.09,0.0,No thermal stress,48.2 to 78.8 F,40.67,17.28,60.57,22.09,1,458,1,"42.25,-83.75 (100.0%)"
2022-03-06,35.06,1.7,-1.0,Slight cold stress,32.0 to 48.2 F,41.01,16.87,60.82,-5.95,0,458,1,"42.25,-83.75 (100.0%)"
2022-03-07,29.02,-1.66,-2.0,Moderate cold stress,8.6 to 32.0 F,41.43,17.28,62.03,-12.41,0,458,1,"42.25,-83.75 (100.0%)"
2022-03-08,41.21,5.12,-1.0,Slight cold stress,32.0 to 48.2 F,41.78,17.38,62.83,-0.57,0,450,1,"42.25,-83.75 (100.0%)"
2022-03-09,48.86,9.37,0.0,No thermal stress,48.2 to 78.8 F,42.21,16.94,64.44,6.65,0,450,1,"42.25,-83.75 (100.0%)"
2022-03-10,52.87,11.6,0.0,No thermal stress,48.2 to 78.8 F,42.91,17.57,64.44,9.96,0,450,1,"42.25,-83.75 (100.0%)"
2022-03-11,40.88,4.93,-1.0,Slight cold stress,32.0 to 48.2 F,43.59,18.77,64.54,-2.71,0,450,1,"42.25,-83.75 (100.0%)"
2022-03-12,-0.01,-17.78,-3.0,Strong cold stress,-16.6 to 8.6 F,43.94,19.98,64.54,-43.95,0,450,1,"42.25,-83.75 (100.0%)"
2022-03-13,34.84,1.58,-1.0,Slight cold stress,32.0 to 48.2 F,44.27,19.98,64.66,-9.43,0,450,1,"42.25,-83.75 (100.0%)"
2022-03-14,53.77,12.1,0.0,No thermal stress,48.2 to 78.8 F,44.57,21.17,65.49,9.2,0,450,1,"42.25,-83.75 (100.0%)"
2022-03-15,69.58,20.88,0.0,No thermal stress,48.2 to 78.8 F,44.5,21.32,65.49,25.08,1,450,1,"42.25,-83.75 (100.0%)"
2022-03-16,66.6,19.22,0.0,No thermal stress,48.2 to 78.8 F,45.02,22.05,65.49,21.58,1,450,1,"42.25,-83.75 (100.0%)"
2022-03-17,71.6,22.0,0.0,No thermal stress,48.2 to 78.8 F,45.65,22.81,66.09,25.95,1,450,1,"42.25,-83.75 (100.0%)"
2022-03-18,56.71,13.73,0.0,No thermal stress,48.2 to 78.8 F,46.0,22.99,66.25,10.71,0,450,1,"42.25,-83.75 (100.0%)"
2022-03-19,46.23,7.9,-1.0,Slight cold stress,32.0 to 48.2 F,46.43,23.08,66.25,-0.2,0,450,1,"42.25,-83.75 (100.0%)"
2022-03-20,60.32,15.73,0.0,No thermal stress,48.2 to 78.8 F,46.91,24.23,66.6,13.41,0,450,1,"42.25,-83.75 (100.0%)"
2022-03-21,71.24,21.8,0.0,No thermal stress,48.2 to 78.8 F,47.75,26.0,66.25,23.49,1,450,1,"42.25,-83.75 (100.0%)"
2022-03-22,27.58,-2.46,-2.0,Moderate cold stress,8.6 to 32.0 F,48.44,27.38,66.6,-20.86,0,450,1,"42.25,-83.75 (100.0%)"
2022-03-23,45.47,7.49,-1.0,Slight cold stress,32.0 to 48.2 F,48.82,28.43,66.6,-3.35,0,450,1,"42.25,-83.75 (100.0%)"
2022-03-24,34.69,1.49,-1.0,Slight cold stress,32.0 to 48.2 F,49.1,30.49,66.09,-14.41,0,450,1,"42.25,-83.75 (100.0%)"
2022-03-25,30.97,-0.57,-2.0,Moderate cold stress,8.6 to 32.0 F,49.35,30.71,66.47,-18.38,0,450,1,"42.25,-83.75 (100.0%)"
2022-03-26,21.27,-5.96,-2.0,Moderate cold stress,8.6 to 32.0 F,49.92,30.71,67.04,-28.65,0,450,1,"42.25,-83.75 (100.0%)"
2022-03-27,18.83,-7.31,-2.0,Moderate cold stress,8.6 to 32.0 F,50.33,30.62,67.84,-31.5,0,450,1,"42.25,-83.75 (100.0%)"
2022-03-28,28.63,-1.87,-2.0,Moderate cold stress,8.6 to 32.0 F,50.37,30.71,67.72,-21.74,0,450,1,"42.25,-83.75 (100.0%)"
2022-03-29,50.89,10.5,0.0,No thermal stress,48.2 to 78.8 F,50.69,31.27,67.97,0.2,0,450,1,"42.25,-83.75 (100.0%)"
2022-03-30,61.54,16.41,0.0,No thermal stress,48.2 to 78.8 F,51.24,31.27,68.92,10.3,0,450,1,"42.25,-83.75 (100.0%)"
2022-03-31,38.98,3.88,-1.0,Slight cold stress,32.0 to 48.2 F,51.61,31.27,69.07,-12.63,0,450,1,"42.25,-83.75 (100.0%)"
2022-04-01,30.65,-0.75,-2.0,Moderate cold stress,8.6 to 32.0 F,51.95,31.27,69.23,-21.3,0,450,1,"42.25,-83.75 (100.0%)"
2022-04-02,53.12,11.73,0.0,No thermal stress,48.2 to 78.8 F,52.43,31.91,69.31,0.69,0,450,1,"42.25,-83.75 (100.0%)"
2022-04-03,47.01,8.34,-1.0,Slight cold stress,32.0 to 48.2 F,52.48,31.71,69.37,-5.47,0,450,1,"42.25,-83.75 (100.0%)"
2022-04-04,33.44,0.8,-1.0,Slight cold stress,32.0 to 48.2 F,52.75,31.91,69.74,-19.31,0,450,1,"42.25,-83.75 (100.0%)"
2022-04-05,69.54,20.86,0.0,No thermal stress,48.2 to 78.8 F,52.87,31.67,69.89,16.67,0,450,1,"42.25,-83.75 (100.0%)"
2022-04-06,49.26,9.59,0.0,No thermal stress,48.2 to 78.8 F,52.91,30.96,70.18,-3.65,0,450,1,"42.25,-83.75 (100.0%)"
2022-04-07,40.28,4.6,-1.0,Slight cold stress,32.0 to 48.2 F,53.26,30.47,70.39,-12.98,0,450,1,"42.25,-83.75 (100.0%)"
2022-04-08,54.17,12.32,0.0,No thermal stress,48.2 to 78.8 F,53.92,31.67,71.46,0.25,0,450,1,"42.25,-83.75 (100.0%)"
2022-04-09,36.06,2.26,-1.0,Slight cold stress,32.0 to 48.2 F,54.27,31.24,71.73,-18.21,0,450,1,"42.25,-83.75 (100.0%)"
2022-04-10,71.04,21.69,0.0,No thermal stress,48.2 to 78.8 F,54.42,31.24,71.95,16.62,0,450,1,"42.25,-83.75 (100.0%)"
2022-04-11,69.22,20.68,0.0,No thermal stress,48.2 to 78.8 F,55.35,32.37,73.24,13.87,0,450,1,"42.25,-83.75 (100.0%)"
2022-04-12,67.11,19.51,0.0,No thermal stress,48.2 to 78.8 F,56.36,35.4,73.51,10.75,0,450,1,"42.25,-83.75 (100.0%)"
2022-04-13,67.35,19.64,0.0,No thermal stress,48.2 to 78.8 F,56.94,35.4,73.86,10.41,0,450,1,"42.25,-83.75 (100.0%)"
2022-04-14,46.07,7.82,-1.0,Slight cold stress,32.0 to 48.2 F,57.32,35.86,74.34,-11.25,0,450,1,"42.25,-83.75 (100.0%)"
2022-04-15,40.2,4.55,-1.0,Slight cold stress,32.0 to 48.2 F,57.57,36.62,74.55,-17.37,0,450,1,"42.25,-83.75 (100.0%)"
2022-04-16,46.57,8.09,-1.0,Slight cold stress,32.0 to 48.2 F,57.93,36.62,74.58,-11.36,0,450,1,"42.25,-83.75 (100.0%)"
2022-04-17,57.72,14.29,0.0,No thermal stress,48.2 to 78.8 F,58.57,37.4,75.15,-0.85,0,450,1,"42.25,-83.75 (100.0%)"
2022-04-18,36.38,2.43,-1.0,Slight cold stress,32.0 to 48.2 F,59.09,38.67,75.36,-22.71,0,450,1,"42.25,-83.75 (100.0%)"
2022-04-19,33.14,0.64,-1.0,Slight cold stress,32.0 to 48.2 F,59.38,39.43,76.04,-26.24,0,450,1,"42.25,-83.75 (100.0%)"
2022-04-20,52.35,11.3,0.0,No thermal stress,48.2 to 78.8 F,59.64,39.7,76.13,-7.29,0,450,1,"42.25,-83.75 (100.0%)"
2022-04-21,59.46,15.25,0.0,No thermal stress,48.2 to 78.8 F,60.08,40.09,76.16,-0.62,0,450,1,"42.25,-83.75 (100.0%)"
2022-04-22,57.18,13.99,0.0,No thermal stress,48.2 to 78.8 F,60.5,40.95,76.19,-3.32,0,450,1,"42.25,-83.75 (100.0%)"
2022-04-23,81.64,27.58,1.0,Moderate heat stress,78.8 to 89.6 F,60.85,41.24,76.19,20.79,1,450,1,"42.25,-83.75 (100.0%)"
2022-04-24,74.6,23.67,0.0,No thermal stress,48.2 to 78.8 F,61.36,42.66,76.39,13.24,0,450,1,"42.25,-83.75 (100.0%)"
2022-04-25,58.24,14.58,0.0,No thermal stress,48.2 to 78.8 F,61.89,44.24,76.95,-3.65,0,450,1,"42.25,-83.75 (100.0%)"
2022-04-26,43.57,6.43,-1.0,Slight cold stress,32.0 to 48.2 F,61.98,44.24,76.95,-18.41,0,450,1,"42.25,-83.75 (100.0%)"
2022-04-27,44.83,7.13,-1.0,Slight cold stress,32.0 to 48.2 F,62.34,45.1,76.95,-17.51,0,450,1,"42.25,-83.75 (100.0%)"
2022-04-28,65.71,18.73,0.0,No thermal stress,48.2 to 78.8 F,62.79,45.94,76.96,2.92,0,450,1,"42.25,-83.75 (100.0%)"
2022-04-29,57.89,14.39,0.0,No thermal stress,48.2 to 78.8 F,63.48,47.52,77.46,-5.59,0,450,1,"42.25,-83.75 (100.0%)"
2022-04-30,53.37,11.87,0.0,No thermal stress,48.2 to 78.8 F,64.29,48.53,77.63,-10.92,0,450,1,"42.25,-83.75 (100.0%)"
2022-05-01,66.52,19.18,0.0,No thermal stress,48.2 to 78.8 F,64.79,48.65,78.06,1.73,0,450,1,"42.25,-83.75 (100.0%)"
2022-05-02,60.43,15.79,0.0,No thermal stress,48.2 to 78.8 F,65.32,49.17,79.15,-4.89,0,450,1,"42.25,-83.75 (100.0%)"
2022-05-03,47.01,8.34,-1.0,Slight cold stress,32.0 to 48.2 F,65.99,49.77,79.82,-18.98,0,450,1,"42.25,-83.75 (100.0%)"
2022-05-04,67.5,19.72,0.0,No thermal stress,48.2 to 78.8 F,66.32,49.65,80.13,1.18,0,450,1,"42.25,-83.75 (100.0%)"
2022-05-05,70.49,21.38,0.0,No thermal stress,48.2 to 78.8 F,66.73,49.38,80.72,3.76,0,450,1,"42.25,-83.75 (100.0%)"
2022-05-06,44.16,6.76,-1.0,Slight cold stress,32.0 to 48.2 F,67.33,50.33,81.37,-23.17,0,450,1,"42.25,-83.75 (100.0%)"
2022-05-07,65.82,18.79,0.0,No thermal stress,48.2 to 78.8 F,67.72,50.39,81.94,-1.9,0,450,1,"42.25,-83.75 (100.0%)"
2022-05-08,66.01,18.89,0.0,No thermal stress,48.2 to 78.8 F,67.96,50.07,82.34,-1.95,0,450,1,"42.25,-83.75 (100.0%)"
2022-05-09,65.3,18.5,0.0,No thermal stress,48.2 to 78.8 F,68.29,50.33,82.62,-2.99,0,450,1,"42.25,-83.75 (100.0%)"
2022-05-10,83.0,28.33,1.0,Moderate heat stress,78.8 to 89.6 F,68.78,50.77,82.86,14.22,1,450,1,"42.25,-83.75 (100.0%)"
2022-05-11,87.97,31.09,1.0,Moderate heat stress,78.8 to 89.6 F,68.91,51.78,83.07,19.06,1,450,1,"42.25,-83.75 (100.0%)"
2022-05-12,84.29,29.05,1.0,Moderate heat stress,78.8 to 89.6 F,69.21,51.78,83.47,15.08,1,450,1,"42.25,-83.75 (100.0%)"
2022-05-13,86.68,30.38,1.0,Moderate heat stress,78.8 to 89.6 F,69.68,52.03,83.97,17.0,1,450,1,"42.25,-83.75 (100.0%)"
2022-05-14,86.47,30.26,1.0,Moderate heat stress,78.8 to 89.6 F,69.91,52.16,84.48,16.56,1,450,1,"42.25,-83.75 (100.0%)"
2022-05-15,87.21,30.67,1.0,Moderate heat stress,78.8 to 89.6 F,70.28,52.88,84.76,16.93,1,450,1,"42.25,-83.75 (100.0%)"
2022-05-16,68.78,20.43,0.0,No thermal stress,48.2 to 78.8 F,70.82,54.11,85.48,-2.04,0,450,1,"42.25,-83.75 (100.0%)"
2022-05-17,67.75,19.86,0.0,No thermal stress,48.2 to 78.8 F,71.01,54.3,85.81,-3.26,0,450,1,"42.25,-83.75 (100.0%)"
2022-05-18,57.59,14.21,0.0,No thermal stress,48.2 to 78.8 F,71.2,54.3,86.13,-13.61,0,450,1,"42.25,-83.75 (100.0%)"
2022-05-19,77.47,25.26,0.0,No thermal stress,48.2 to 78.8 F,71.89,55.55,86.51,5.58,0,450,1,"42.25,-83.75 (100.0%)"
2022-05-20,85.02,29.46,1.0,Moderate heat stress,78.8 to 89.6 F,72.59,57.55,86.7,12.43,0,450,1,"42.25,-83.75 (100.0%)"
2022-05-21,78.0,25.56,0.0,No thermal stress,48.2 to 78.8 F,73.25,58.24,86.93,4.75,0,450,1,"42.25,-83.75 (100.0%)"
2022-05-22,66.96,19.42,0.0,No thermal stress,48.2 to 78.8 F,73.89,58.73,87.48,-6.93,0,450,1,"42.25,-83.75 (100.0%)"
2022-05-23,69.3,20.72,0.0,No thermal stress,48.2 to 78.8 F,74.67,59.71,88.0,-5.37,0,450,1,"42.25,-83.75 (100.0%)"
2022-05-24,74.71,23.73,0.0,No thermal stress,48.2 to 78.8 F,75.17,60.03,88.24,-0.46,0,450,1,"42.25,-83.75 (100.0%)"
2022-05-25,69.54,20.86,0.0,No thermal stress,48.2 to 78.8 F,75.44,60.03,88.36,-5.9,0,450,1,"42.25,-83.75 (100.0%)"
2022-05-26,79.1,26.17,1.0,Moderate heat stress,78.8 to 89.6 F,75.93,60.85,88.62,3.17,0,450,1,"42.25,-83.75 (100.0%)"
2022-05-27,78.52,25.84,0.0,No thermal stress,48.2 to 78.8 F,76.18,61.38,88.43,2.34,0,450,1,"42.25,-83.75 (100.0%)"
2022-05-28,82.77,28.21,1.0,Moderate heat stress,78.8 to 89.6 F,76.42,62.28,88.6,6.35,0,450,1,"42.25,-83.75 (100.0%)"
2022-05-29,80.9,27.17,1.0,Moderate heat stress,78.8 to 89.6 F,76.75,62.83,88.79,4.15,0,450,1,"42.25,-83.75 (100.0%)"
2022-05-30,85.55,29.75,1.0,Moderate heat stress,78.8 to 89.6 F,77.04,62.83,88.94,8.51,0,450,1,"42.25,-83.75 (100.0%)"
2022-05-31,87.55,30.86,1.0,Moderate heat stress,78.8 to 89.6 F,77.38,63.29,89.31,10.17,0,450,1,"42.25,-83.75 (100.0%)"
2022-06-01,87.15,30.64,1.0,Moderate heat stress,78.8 to 89.6 F,77.95,64.57,89.53,9.2,0,450,1,"42.25,-83.75 (100.0%)"
2022-06-02,78.87,26.04,1.0,Moderate heat stress,78.8 to 89.6 F,78.51,65.72,89.65,0.36,0,450,1,"42.25,-83.75 (100.0%)"
2022-06-03,72.65,22.58,0.0,No thermal stress,48.2 to 78.8 F,78.93,66.01,89.97,-6.28,0,450,1,"42.25,-83.75 (100.0%)"
2022-06-04,82.39,28.0,1.0,Moderate heat stress,78.8 to 89.6 F,79.39,67.5,90.32,3.0,0,450,1,"42.25,-83.75 (100.0%)"
2022-06-05,79.4,26.33,1.0,Moderate heat stress,78.8 to 89.6 F,79.56,68.01,90.46,-0.16,0,450,1,"42.25,-83.75 (100.0%)"
2022-06-06,82.22,27.9,1.0,Moderate heat stress,78.8 to 89.6 F,79.74,68.48,90.4,2.48,0,450,1,"42.25,-83.75 (100.0%)"
2022-06-07,73.33,22.96,0.0,No thermal stress,48.2 to 78.8 F,80.0,68.92,90.36,-6.67,0,450,1,"42.25,-83.75 (100.0%)"
2022-06-08,78.76,25.98,0.0,No thermal stress,48.2 to 78.8 F,80.37,69.52,90.5,-1.61,0,450,1,"42.25,-83.75 (100.0%)"
2022-06-09,70.48,21.38,0.0,No thermal stress,48.2 to 78.8 F,80.79,69.85,90.79,-10.31,0,450,1,"42.25,-83.75 (100.0%)"
2022-06-10,76.61,24.78,0.0,No thermal stress,48.2 to 78.8 F,81.31,69.96,91.35,-4.7,0,450,1,"42.25,-83.75 (100.0%)"
2022-06-11,80.41,26.89,1.0,Moderate heat stress,78.8 to 89.6 F,82.06,70.24,92.17,-1.65,0,450,1,"42.25,-83.75 (100.0%)"
2022-06-12,85.11,29.5,1.0,Moderate heat stress,78.8 to 89.6 F,82.57,70.62,92.55,2.54,0,450,1,"42.25,-83.75 (100.0%)"
2022-06-13,87.56,30.87,1.0,Moderate heat stress,78.8 to 89.6 F,82.98,71.32,92.81,4.58,0,450,1,"42.25,-83.75 (100.0%)"
2022-06-14,91.69,33.16,2.0,Strong heat stress,89.6 to 100.4 F,83.43,72.24,93.04,8.26,0,450,1,"42.25,-83.75 (100.0%)"
2022-06-15,98.58,36.99,2.0,Strong heat stress,89.6 to 100.4 F,83.67,72.41,93.06,14.91,1,450,1,"42.25,-83.75 (100.0%)"
2022-06-16,88.72,31.51,1.0,Moderate heat stress,78.8 to 89.6 F,83.87,72.74,93.13,4.85,0,450,1,"42.25,-83.75 (100.0%)"
2022-06-17,78.4,25.78,0.0,No thermal stress,48.2 to 78.8 F,84.1,73.25,93.17,-5.7,0,450,1,"42.25,-83.75 (100.0%)"
2022-06-18,70.59,21.44,0.0,No thermal stress,48.2 to 78.8 F,84.29,73.38,93.37,-13.7,0,450,1,"42.25,-83.75 (100.0%)"
2022-06-19,85.36,29.65,1.0,Moderate heat stress,78.8 to 89.6 F,84.55,73.38,93.72,0.81,0,450,1,"42.25,-83.75 (100.0%)"
2022-06-20,88.59,31.44,1.0,Moderate heat stress,78.8 to 89.6 F,84.78,73.48,93.86,3.81,0,450,1,"42.25,-83.75 (100.0%)"
2022-06-21,96.35,35.75,2.0,Strong heat stress,89.6 to 100.4 F,85.06,73.98,94.01,11.29,1,450,1,"42.25,-83.75 (100.0%)"
2022-06-22,88.91,31.62,1.0,Moderate heat stress,78.8 to 89.6 F,85.12,74.03,94.04,3.79,0,450,1,"42.25,-83.75 (100.0%)"
2022-06-23,87.01,30.56,1.0,Moderate heat stress,78.8 to 89.6 F,85.26,74.08,94.21,1.75,0,450,1,"42.25,-83.75 (100.0%)"
2022-06-24,94.65,34.81,2.0,Strong heat stress,89.6 to 100.4 F,85.39,74.51,94.21,9.26,1,450,1,"42.25,-83.75 (100.0%)"
2022-06-25,93.31,34.06,2.0,Strong heat stress,89.6 to 100.4 F,85.56,74.72,94.3,7.75,0,450,1,"42.25,-83.75 (100.0%)"
2022-06-26,88.95,31.64,1.0,Moderate heat stress,78.8 to 89.6 F,85.55,74.72,94.34,3.4,0,450,1,"42.25,-83.75 (100.0%)"
2022-06-27,71.79,22.1,0.0,No thermal stress,48.2 to 78.8 F,85.7,74.84,94.56,-13.91,0,450,1,"42.25,-83.75 (100.0%)"
2022-06-28,85.18,29.55,1.0,Moderate heat stress,78.8 to 89.6 F,85.99,75.38,95.06,-0.81,0,450,1,"42.25,-83.75 (100.0%)"
2022-06-29,88.75,31.53,1.0,Moderate heat stress,78.8 to 89.6 F,86.14,75.47,95.57,2.61,0,450,1,"42.25,-83.75 (100.0%)"
2022-06-30,90.27,32.37,2.0,Strong heat stress,89.6 to 100.4 F,86.35,75.75,95.7,3.92,0,450,1,"42.25,-83.75 (100.0%)"
2022-07-01,90.31,32.39,2.0,Strong heat stress,89.6 to 100.4 F,86.5,75.8,95.85,3.81,0,450,1,"42.25,-83.75 (100.0%)"
2022-07-02,86.93,30.52,1.0,Moderate heat stress,78.8 to 89.6 F,86.53,75.8,95.71,0.4,0,450,1,"42.25,-83.75 (100.0%)"
2022-07-03,89.66,32.03,2.0,Strong heat stress,89.6 to 100.4 F,86.59,75.98,95.69,3.07,0,450,1,"42.25,-83.75 (100.0%)"
2022-07-04,95.53,35.29,2.0,Strong heat stress,89.6 to 100.4 F,86.59,76.0,95.6,8.94,0,450,1,"42.25,-83.75 (100.0%)"
2022-07-05,91.72,33.18,2.0,Strong heat stress,89.6 to 100.4 F,86.68,76.4,95.37,5.04,0,450,1,"42.25,-83.75 (100.0%)"
2022-07-06,77.78,25.43,0.0,No thermal stress,48.2 to 78.8 F,86.8,76.84,95.34,-9.02,0,450,1,"42.25,-83.75 (100.0%)"
2022-07-07,92.52,33.62,2.0,Strong heat stress,89.6 to 100.4 F,87.03,77.15,95.61,5.49,0,450,1,"42.25,-83.75 (100.0%)"
2022-07-08,92.67,33.7,2.0,Strong heat stress,89.6 to 100.4 F,87.21,77.39,95.74,5.46,0,450,1,"42.25,-83.75 (100.0%)"
2022-07-09,80.84,27.13,1.0,Moderate heat stress,78.8 to 89.6 F,87.5,77.72,96.15,-6.66,0,450,1,"42.25,-83.75 (100.0%)"
2022-07-10,89.71,32.06,2.0,Strong heat stress,89.6 to 100.4 F,87.66,77.86,96.15,2.05,0,450,1,"42.25,-83.75 (100.0%)"
2022-07-11,86.47,30.26,1.0,Moderate heat stress,78.8 to 89.6 F,87.89,78.0,96.24,-1.42,0,450,1,"42.25,-83.75 (100.0%)"
2022-07-12,80.22,26.79,1.0,Moderate heat stress,78.8 to 89.6 F,87.94,78.35,96.15,-7.72,0,450,1,"42.25,-83.75 (100.0%)"
2022-07-13,85.08,29.49,1.0,Moderate heat stress,78.8 to 89.6 F,87.94,78.34,95.98,-2.86,0,450,1,"42.25,-83.75 (100.0%)"
2022-07-14,87.3,30.72,1.0,Moderate heat stress,78.8 to 89.6 F,88.08,78.61,96.37,-0.78,0,450,1,"42.25,-83.75 (100.0%)"
2022-07-15,87.55,30.86,1.0,Moderate heat stress,78.8 to 89.6 F,88.07,78.57,96.32,-0.52,0,450,1,"42.25,-83.75 (100.0%)"
2022-07-16,90.49,32.49,2.0,Strong heat stress,89.6 to 100.4 F,88.01,78.52,96.45,2.48,0,450,1,"42.25,-83.75 (100.0%)"
2022-07-17,80.28,26.82,1.0,Moderate heat stress,78.8 to 89.6 F,88.09,78.7,96.46,-7.81,0,450,1,"42.25,-83.75 (100.0%)"
2022-07-18,90.91,32.73,2.0,Strong heat stress,89.6 to 100.4 F,88.09,78.75,96.59,2.82,0,450,1,"42.25,-83.75 (100.0%)"
2022-07-19,94.94,34.96,2.0,Strong heat stress,89.6 to 100.4 F,88.1,78.75,96.79,6.84,0,450,1,"42.25,-83.75 (100.0%)"
2022-07-20,89.94,32.19,2.0,Strong heat stress,89.6 to 100.4 F,88.13,78.75,96.86,1.81,0,450,1,"42.25,-83.75 (100.0%)"
2022-07-21,87.65,30.92,1.0,Moderate heat stress,78.8 to 89.6 F,88.02,78.8,96.8,-0.37,0,450,1,"42.25,-83.75 (100.0%)"
2022-07-22,93.72,34.29,2.0,Strong heat stress,89.6 to 100.4 F,87.9,78.9,96.48,5.82,0,450,1,"42.25,-83.75 (100.0%)"
2022-07-23,93.28,34.05,2.0,Strong heat stress,89.6 to 100.4 F,87.84,79.3,96.4,5.44,0,450,1,"42.25,-83.75 (100.0%)"
2022-07-24,86.3,30.17,1.0,Moderate heat stress,78.8 to 89.6 F,87.76,79.3,96.45,-1.46,0,450,1,"42.25,-83.75 (100.0%)"
2022-07-25,80.51,26.95,1.0,Moderate heat stress,78.8 to 89.6 F,87.7,78.96,96.45,-7.19,0,450,1,"42.25,-83.75 (100.0%)"
2022-07-26,89.16,31.75,1.0,Moderate heat stress,78.8 to 89.6 F,87.64,78.75,96.33,1.52,0,450,1,"42.25,-83.75 (100.0%)"
2022-07-27,84.85,29.36,1.0,Moderate heat stress,78.8 to 89.6 F,87.68,78.75,96.29,-2.83,0,450,1,"42.25,-83.75 (100.0%)"
2022-07-28,80.26,26.81,1.0,Moderate heat stress,78.8 to 89.6 F,87.53,78.55,96.24,-7.27,0,450,1,"42.25,-83.75 (100.0%)"
2022-07-29,79.96,26.65,1.0,Moderate heat stress,78.8 to 89.6 F,87.2,78.41,95.71,-7.24,0,450,1,"42.25,-83.75 (100.0%)"
2022-07-30,89.1,31.72,1.0,Moderate heat stress,78.8 to 89.6 F,87.03,78.28,95.44,2.07,0,450,1,"42.25,-83.75 (100.0%)"
2022-07-31,90.91,32.73,2.0,Strong heat stress,89.6 to 100.4 F,87.11,78.55,95.26,3.8,0,450,1,"42.25,-83.75 (100.0%)"
2022-08-01,84.01,28.9,1.0,Moderate heat stress,78.8 to 89.6 F,87.08,78.27,95.03,-3.07,0,450,1,"42.25,-83.75 (100.0%)"
2022-08-02,90.14,32.3,2.0,Strong heat stress,89.6 to 100.4 F,87.08,78.17,95.22,3.06,0,450,1,"42.25,-83.75 (100.0%)"
2022-08-03,96.04,35.58,2.0,Strong heat stress,89.6 to 100.4 F,87.04,78.08,95.22,9.0,1,450,1,"42.25,-83.75 (100.0%)"
2022-08-04,90.89,32.72,2.0,Strong heat stress,89.6 to 100.4 F,86.87,77.86,95.26,4.02,0,450,1,"42.25,-83.75 (100.0%)"
2022-08-05,96.47,35.81,2.0,Strong heat stress,89.6 to 100.4 F,86.91,77.89,95.26,9.56,1,450,1,"42.25,-83.75 (100.0%)"
2022-08-06,95.88,35.49,2.0,Strong heat stress,89.6 to 100.4 F,86.9,77.75,95.26,8.98,1,450,1,"42.25,-83.75 (100.0%)"
2022-08-07,94.56,34.76,2.0,Strong heat stress,89.6 to 100.4 F,86.76,77.28,95.26,7.8,0,450,1,"42.25,-83.75 (100.0%)"
2022-08-08,88.33,31.3,1.0,Moderate heat stress,78.8 to 89.6 F,86.69,76.79,95.2,1.64,0,450,1,"42.25,-83.75 (100.0%)"
2022-08-09,85.86,29.92,1.0,Moderate heat stress,78.8 to 89.6 F,86.5,76.77,94.82,-0.64,0,450,1,"42.25,-83.75 (100.0%)"
2022-08-10,88.29,31.27,1.0,Moderate heat stress,78.8 to 89.6 F,86.21,76.41,94.18,2.08,0,450,1,"42.25,-83.75 (100.0%)"
2022-08-11,80.02,26.68,1.0,Moderate heat stress,78.8 to 89.6 F,85.98,76.22,93.94,-5.96,0,450,1,"42.25,-83.75 (100.0%)"
2022-08-12,87.29,30.72,1.0,Moderate heat stress,78.8 to 89.6 F,85.9,76.41,93.73,1.39,0,450,1,"42.25,-83.75 (100.0%)"
2022-08-13,80.84,27.13,1.0,Moderate heat stress,78.8 to 89.6 F,85.72,76.22,93.57,-4.88,0,450,1,"42.25,-83.75 (100.0%)"
2022-08-14,80.68,27.04,1.0,Moderate heat stress,78.8 to 89.6 F,85.63,76.0,93.55,-4.95,0,450,1,"42.25,-83.75 (100.0%)"
2022-08-15,80.66,27.04,1.0,Moderate heat stress,78.8 to 89.6 F,85.39,75.26,93.55,-4.73,0,450,1,"42.25,-83.75 (100.0%)"
2022-08-16,80.56,26.98,1.0,Moderate heat stress,78.8 to 89.6 F,85.28,74.94,93.55,-4.72,0,450,1,"42.25,-83.75 (100.0%)"
2022-08-17,85.45,29.69,1.0,Moderate heat stress,78.8 to 89.6 F,85.12,74.62,93.21,0.33,0,450,1,"42.25,-83.75 (100.0%)"
2022-08-18,88.61,31.45,1.0,Moderate heat stress,78.8 to 89.6 F,85.08,75.18,93.16,3.53,0,450,1,"42.25,-83.75 (100.0%)"
2022-08-19,89.01,31.67,1.0,Moderate heat stress,78.8 to 89.6 F,85.27,75.25,93.17,3.74,0,450,1,"42.25,-83.75 (100.0%)"
2022-08-20,88.47,31.37,1.0,Moderate heat stress,78.8 to 89.6 F,85.3,75.25,93.13,3.17,0,450,1,"42.25,-83.75 (100.0%)"
2022-08-21,89.07,31.7,1.0,Moderate heat stress,78.8 to 89.6 F,85.11,74.94,93.16,3.96,0,450,1,"42.25,-83.75 (100.0%)"
2022-08-22,83.29,28.5,1.0,Moderate heat stress,78.8 to 89.6 F,85.03,74.74,93.17,-1.74,0,450,1,"42.25,-83.75 (100.0%)"
2022-08-23,89.21,31.79,1.0,Moderate heat stress,78.8 to 89.6 F,84.9,74.43,93.09,4.31,0,450,1,"42.25,-83.75 (100.0%)"
2022-08-24,92.9,33.83,2.0,Strong heat stress,89.6 to 100.4 F,84.76,74.22,93.09,8.14,0,450,1,"42.25,-83.75 (100.0%)"
2022-08-25,85.2,29.55,1.0,Moderate heat stress,78.8 to 89.6 F,84.72,73.91,93.19,0.48,0,450,1,"42.25,-83.75 (100.0%)"
2022-08-26,81.96,27.76,1.0,Moderate heat stress,78.8 to 89.6 F,84.61,73.75,93.47,-2.65,0,450,1,"42.25,-83.75 (100.0%)"
2022-08-27,89.5,31.94,1.0,Moderate heat stress,78.8 to 89.6 F,84.58,73.77,93.55,4.92,0,450,1,"42.25,-83.75 (100.0%)"
2022-08-28,88.64,31.47,1.0,Moderate heat stress,78.8 to 89.6 F,84.6,73.77,93.57,4.04,0,450,1,"42.25,-83.75 (100.0%)"
2022-08-29,91.26,32.92,2.0,Strong heat stress,89.6 to 100.4 F,84.54,73.49,93.58,6.72,0,450,1,"42.25,-83.75 (100.0%)"
2022-08-30,78.17,25.65,0.0,No thermal stress,48.2 to 78.8 F,84.51,73.73,93.58,-6.34,0,450,1,"42.25,-83.75 (100.0%)"
2022-08-31,79.46,26.37,1.0,Moderate heat stress,78.8 to 89.6 F,84.37,73.72,93.6,-4.91,0,450,1,"42.25,-83.75 (100.0%)"
2022-09-01,92.83,33.79,2.0,Strong heat stress,89.6 to 100.4 F,83.96,72.01,93.6,8.87,0,450,1,"42.25,-83.75 (100.0%)"
2022-09-02,90.79,32.66,2.0,Strong heat stress,89.6 to 100.4 F,83.55,71.57,93.52,7.24,0,450,1,"42.25,-83.75 (100.0%)"
2022-09-03,94.44,34.69,2.0,Strong heat stress,89.6 to 100.4 F,82.9,70.98,93.35,11.54,1,450,1,"42.25,-83.75 (100.0%)"
2022-09-04,76.86,24.92,0.0,No thermal stress,48.2 to 78.8 F,82.36,70.1,93.27,-5.5,0,450,1,"42.25,-83.75 (100.0%)"
2022-09-05,73.08,22.82,0.0,No thermal stress,48.2 to 78.8 F,82.11,69.93,92.96,-9.03,0,450,1,"42.25,-83.75 (100.0%)"
2022-09-06,84.2,29.0,1.0,Moderate heat stress,78.8 to 89.6 F,81.75,69.35,92.12,2.45,0,450,1,"42.25,-83.75 (100.0%)"
2022-09-07,83.16,28.42,1.0,Moderate heat stress,78.8 to 89.6 F,81.26,68.98,91.73,1.9,0,450,1,"42.25,-83.75 (100.0%)"
2022-09-08,89.81,32.12,2.0,Strong heat stress,89.6 to 100.4 F,80.78,67.98,91.72,9.03,0,450,1,"42.25,-83.75 (100.0%)"
2022-09-09,88.83,31.57,1.0,Moderate heat stress,78.8 to 89.6 F,80.4,67.84,91.25,8.43,0,450,1,"42.25,-83.75 (100.0%)"
2022-09-10,89.39,31.88,1.0,Moderate heat stress,78.8 to 89.6 F,80.0,66.86,90.85,9.39,0,450,1,"42.25,-83.75 (100.0%)"
2022-09-11,82.27,27.93,1.0,Moderate heat stress,78.8 to 89.6 F,79.53,66.16,90.28,2.74,0,450,1,"42.25,-83.75 (100.0%)"
2022-09-12,68.33,20.18,0.0,No thermal stress,48.2 to 78.8 F,79.12,65.59,89.59,-10.79,0,450,1,"42.25,-83.75 (100.0%)"
2022-09-13,76.51,24.73,0.0,No thermal stress,48.2 to 78.8 F,78.71,65.45,88.96,-2.2,0,450,1,"42.25,-83.75 (100.0%)"
2022-09-14,83.47,28.59,1.0,Moderate heat stress,78.8 to 89.6 F,78.22,65.04,88.57,5.25,0,450,1,"42.25,-83.75 (100.0%)"
2022-09-15,87.37,30.76,1.0,Moderate heat stress,78.8 to 89.6 F,77.58,64.32,88.4,9.79,0,450,1,"42.25,-83.75 (100.0%)"
2022-09-16,90.78,32.65,2.0,Strong heat stress,89.6 to 100.4 F,77.35,64.32,87.98,13.43,1,450,1,"42.25,-83.75 (100.0%)"
2022-09-17,84.97,29.43,1.0,Moderate heat stress,78.8 to 89.6 F,76.96,63.86,87.9,8.01,0,450,1,"42.25,-83.75 (100.0%)"
2022-09-18,85.39,29.66,1.0,Moderate heat stress,78.8 to 89.6 F,76.61,63.81,87.73,8.78,0,450,1,"42.25,-83.75 (100.0%)"
2022-09-19,82.34,27.96,1.0,Moderate heat stress,78.8 to 89.6 F,76.14,63.12,87.59,6.2,0,450,1,"42.25,-83.75 (100.0%)"
2022-09-20,85.22,29.56,1.0,Moderate heat stress,78.8 to 89.6 F,75.6,62.56,87.33,9.62,0,450,1,"42.25,-83.75 (100.0%)"
2022-09-21,87.77,30.99,1.0,Moderate heat stress,78.8 to 89.6 F,74.96,61.3,86.8,12.81,1,450,1,"42.25,-83.75 (100.0%)"
2022-09-22,51.78,10.99,0.0,No thermal stress,48.2 to 78.8 F,74.29,60.47,86.49,-22.51,0,450,1,"42.25,-83.75 (100.0%)"
2022-09-23,78.04,25.58,0.0,No thermal stress,48.2 to 78.8 F,73.71,59.88,85.86,4.33,0,450,1,"42.25,-83.75 (100.0%)"
2022-09-24,68.09,20.05,0.0,No thermal stress,48.2 to 78.8 F,73.05,59.06,85.56,-4.96,0,450,1,"42.25,-83.75 (100.0%)"
2022-09-25,62.06,16.7,0.0,No thermal stress,48.2 to 78.8 F,72.36,57.65,85.16,-10.3,0,450,1,"42.25,-83.75 (100.0%)"
2022-09-26,46.63,8.13,-1.0,Slight cold stress,32.0 to 48.2 F,71.66,56.96,85.08,-25.03,0,450,1,"42.25,-83.75 (100.0%)"
2022-09-27,50.08,10.05,0.0,No thermal stress,48.2 to 78.8 F,70.99,55.35,84.81,-20.91,0,450,1,"42.25,-83.75 (100.0%)"
2022-09-28,52.49,11.38,0.0,No thermal stress,48.2 to 78.8 F,70.26,54.33,84.56,-17.77,0,450,1,"42.25,-83.75 (100.0%)"
2022-09-29,76.53,24.74,0.0,No thermal stress,48.2 to 78.8 F,69.72,54.23,84.15,6.81,0,450,1,"42.25,-83.75 (100.0%)"
2022-09-30,73.89,23.27,0.0,No thermal stress,48.2 to 78.8 F,69.23,53.33,83.77,4.66,0,450,1,"42.25,-83.75 (100.0%)"
2022-10-01,68.17,20.1,0.0,No thermal stress,48.2 to 78.8 F,68.67,52.88,83.54,-0.5,0,450,1,"42.25,-83.75 (100.0%)"
2022-10-02,64.32,17.96,0.0,No thermal stress,48.2 to 78.8 F,68.26,52.12,83.27,-3.94,0,450,1,"42.25,-83.75 (100.0%)"
2022-10-03,74.84,23.8,0.0,No thermal stress,48.2 to 78.8 F,67.96,51.68,82.82,6.88,0,450,1,"42.25,-83.75 (100.0%)"
2022-10-04,79.15,26.19,1.0,Moderate heat stress,78.8 to 89.6 F,67.57,51.45,82.33,11.58,0,450,1,"42.25,-83.75 (100.0%)"
2022-10-05,80.99,27.22,1.0,Moderate heat stress,78.8 to 89.6 F,67.08,50.52,82.2,13.91,0,450,1,"42.25,-83.75 (100.0%)"
2022-10-06,74.65,23.7,0.0,No thermal stress,48.2 to 78.8 F,66.62,49.45,82.14,8.03,0,450,1,"42.25,-83.75 (100.0%)"
2022-10-07,41.88,5.49,-1.0,Slight cold stress,32.0 to 48.2 F,66.15,48.66,81.99,-24.27,0,450,1,"42.25,-83.75 (100.0%)"
2022-10-08,46.01,7.78,-1.0,Slight cold stress,32.0 to 48.2 F,65.45,48.17,81.66,-19.44,0,450,1,"42.25,-83.75 (100.0%)"
2022-10-09,61.45,16.36,0.0,No thermal stress,48.2 to 78.8 F,64.67,47.25,81.44,-3.22,0,450,1,"42.25,-83.75 (100.0%)"
2022-10-10,78.57,25.87,0.0,No thermal stress,48.2 to 78.8 F,63.97,45.63,80.8,14.6,0,450,1,"42.25,-83.75 (100.0%)"
2022-10-11,69.93,21.07,0.0,No thermal stress,48.2 to 78.8 F,63.52,45.53,79.35,6.41,0,450,1,"42.25,-83.75 (100.0%)"
2022-10-12,64.58,18.1,0.0,No thermal stress,48.2 to 78.8 F,62.8,44.92,78.57,1.78,0,450,1,"42.25,-83.75 (100.0%)"
2022-10-13,45.99,7.77,-1.0,Slight cold stress,32.0 to 48.2 F,62.18,44.68,77.88,-16.19,0,450,1,"42.25,-83.75 (100.0%)"
2022-10-14,49.83,9.91,0.0,No thermal stress,48.2 to 78.8 F,61.42,44.27,77.25,-11.59,0,450,1,"42.25,-83.75 (100.0%)"
2022-10-15,41.45,5.25,-1.0,Slight cold stress,32.0 to 48.2 F,60.9,43.78,75.7,-19.45,0,450,1,"42.25,-83.75 (100.0%)"
2022-10-16,63.49,17.5,0.0,No thermal stress,48.2 to 78.8 F,60.24,43.05,74.58,3.25,0,450,1,"42.25,-83.75 (100.0%)"
2022-10-17,33.15,0.64,-1.0,Slight cold stress,32.0 to 48.2 F,59.28,42.38,73.9,-26.13,0,450,1,"42.25,-83.75 (100.0%)"
2022-10-18,17.23,-8.2,-2.0,Moderate cold stress,8.6 to 32.0 F,58.51,42.04,73.15,-41.28,0,450,1,"42.25,-83.75 (100.0%)"
2022-10-19,26.01,-3.33,-2.0,Moderate cold stress,8.6 to 32.0 F,57.62,41.47,72.53,-31.61,0,450,1,"42.25,-83.75 (100.0%)"
2022-10-20,42.2,5.67,-1.0,Slight cold stress,32.0 to 48.2 F,56.89,41.26,72.29,-14.69,0,450,1,"42.25,-83.75 (100.0%)"
2022-10-21,62.91,17.17,0.0,No thermal stress,48.2 to 78.8 F,56.11,40.56,71.89,6.8,0,450,1,"42.25,-83.75 (100.0%)"
2022-10-22,72.36,22.42,0.0,No thermal stress,48.2 to 78.8 F,55.37,38.7,71.61,16.99,1,450,1,"42.25,-83.75 (100.0%)"
2022-10-23,73.43,23.02,0.0,No thermal stress,48.2 to 78.8 F,55.09,38.09,71.61,18.34,1,450,1,"42.25,-83.75 (100.0%)"
2022-10-24,74.34,23.52,0.0,No thermal stress,48.2 to 78.8 F,54.55,37.25,71.5,19.79,1,450,1,"42.25,-83.75 (100.0%)"
2022-10-25,75.13,23.96,0.0,No thermal stress,48.2 to 78.8 F,53.93,36.11,70.85,21.2,1,450,1,"42.25,-83.75 (100.0%)"
2022-10-26,52.03,11.13,0.0,No thermal stress,48.2 to 78.8 F,53.12,34.31,70.51,-1.09,0,450,1,"42.25,-83.75 (100.0%)"
2022-10-27,63.95,17.75,0.0,No thermal stress,48.2 to 78.8 F,52.62,33.35,70.18,11.33,0,450,1,"42.25,-83.75 (100.0%)"
2022-10-28,68.38,20.21,0.0,No thermal stress,48.2 to 78.8 F,52.11,33.29,70.06,16.27,0,450,1,"42.25,-83.75 (100.0%)"
2022-10-29,71.67,22.04,0.0,No thermal stress,48.2 to 78.8 F,51.69,32.26,69.73,19.98,1,450,1,"42.25,-83.75 (100.0%)"
2022-10-30,70.69,21.49,0.0,No thermal stress,48.2 to 78.8 F,50.97,31.86,68.74,19.72,1,450,1,"42.25,-83.75 (100.0%)"
2022-10-31,68.03,20.02,0.0,No thermal stress,48.2 to 78.8 F,50.49,30.36,68.12,17.54,0,450,1,"42.25,-83.75 (100.0%)"
2022-11-01,71.64,22.02,0.0,No thermal stress,48.2 to 78.8 F,50.43,29.74,68.12,21.21,1,450,1,"42.25,-83.75 (100.0%)"
2022-11-02,74.07,23.37,0.0,No thermal stress,48.2 to 78.8 F,50.07,29.74,67.72,24.0,1,450,1,"42.25,-83.75 (100.0%)"
2022-11-03,71.31,21.84,0.0,No thermal stress,48.2 to 78.8 F,49.6,29.61,66.87,21.71,1,450,1,"42.25,-83.75 (100.0%)"
2022-11-04,62.87,17.15,0.0,No thermal stress,48.2 to 78.8 F,48.98,28.24,66.19,13.89,0,450,1,"42.25,-83.75 (100.0%)"
2022-11-05,56.97,13.87,0.0,No thermal stress,48.2 to 78.8 F,48.63,26.93,65.67,8.34,0,450,1,"42.25,-83.75 (100.0%)"
2022-11-06,57.56,14.2,0.0,No thermal stress,48.2 to 78.8 F,48.09,26.87,65.61,9.47,0,450,1,"42.25,-83.75 (100.0%)"
2022-11-07,52.09,11.16,0.0,No thermal stress,48.2 to 78.8 F,47.61,26.32,65.12,4.48,0,450,1,"42.25,-83.75 (100.0%)"
2022-11-08,55.55,13.08,0.0,No thermal stress,48.2 to 78.8 F,47.21,26.46,64.8,8.34,0,450,1,"42.25,-83.75 (100.0%)"
2022-11-09,65.77,18.76,0.0,No thermal stress,48.2 to 78.8 F,46.72,26.41,64.44,19.05,1,450,1,"42.25,-83.75 (100.0%)"
2022-11-10,71.32,21.84,0.0,No thermal stress,48.2 to 78.8 F,46.25,26.3,63.99,25.07,1,450,1,"42.25,-83.75 (100.0%)"
2022-11-11,66.84,19.36,0.0,No thermal stress,48.2 to 78.8 F,45.91,26.1,63.92,20.93,1,450,1,"42.25,-83.75 (100.0%)"
2022-11-12,31.29,-0.4,-2.0,Moderate cold stress,8.6 to 32.0 F,45.34,25.83,63.1,-14.05,0,450,1,"42.25,-83.75 (100.0%)"
2022-11-13,29.3,-1.5,-2.0,Moderate cold stress,8.6 to 32.0 F,44.68,25.08,62.04,-15.38,0,450,1,"42.25,-83.75 (100.0%)"
2022-11-14,61.19,16.22,0.0,No thermal stress,48.2 to 78.8 F,44.34,24.84,61.99,16.85,0,450,1,"42.25,-83.75 (100.0%)"
2022-11-15,35.64,2.02,-1.0,Slight cold stress,32.0 to 48.2 F,43.71,23.98,61.47,-8.07,0,450,1,"42.25,-83.75 (100.0%)"
2022-11-16,31.85,-0.08,-2.0,Moderate cold stress,8.6 to 32.0 F,42.85,23.07,60.64,-11.0,0,450,1,"42.25,-83.75 (100.0%)"
2022-11-17,25.15,-3.81,-2.0,Moderate cold stress,8.6 to 32.0 F,41.84,22.52,59.51,-16.69,0,450,1,"42.25,-83.75 (100.0%)"
2022-11-18,8.3,-13.16,-3.0,Strong cold stress,-16.6 to 8.6 F,41.23,21.94,59.2,-32.93,0,450,1,"42.25,-83.75 (100.0%)"
2022-11-19,3.66,-15.74,-3.0,Strong cold stress,-16.6 to 8.6 F,40.94,21.87,59.18,-37.28,0,450,1,"42.25,-83.75 (100.0%)"
2022-11-20,6.82,-13.99,-3.0,Strong cold stress,-16.6 to 8.6 F,40.48,20.73,58.75,-33.66,0,450,1,"42.25,-83.75 (100.0%)"
2022-11-21,24.71,-4.05,-2.0,Moderate cold stress,8.6 to 32.0 F,40.3,20.98,58.55,-15.59,0,450,1,"42.25,-83.75 (100.0%)"
2022-11-22,44.25,6.81,-1.0,Slight cold stress,32.0 to 48.2 F,39.88,20.73,57.96,4.37,0,450,1,"42.25,-83.75 (100.0%)"
2022-11-23,61.65,16.47,0.0,No thermal stress,48.2 to 78.8 F,39.59,20.41,57.64,22.06,1,450,1,"42.25,-83.75 (100.0%)"
2022-11-24,55.01,12.78,0.0,No thermal stress,48.2 to 78.8 F,39.06,19.65,57.2,15.95,0,450,1,"42.25,-83.75 (100.0%)"
2022-11-25,42.9,6.05,-1.0,Slight cold stress,32.0 to 48.2 F,38.87,19.31,57.12,4.03,0,450,1,"42.25,-83.75 (100.0%)"
2022-11-26,48.82,9.34,0.0,No thermal stress,48.2 to 78.8 F,38.47,19.16,56.81,10.35,0,450,1,"42.25,-83.75 (100.0%)"
2022-11-27,30.78,-0.68,-2.0,Moderate cold stress,8.6 to 32.0 F,38.18,18.65,56.32,-7.4,0,450,1,"42.25,-83.75 (100.0%)"
2022-11-28,44.79,7.11,-1.0,Slight cold stress,32.0 to 48.2 F,37.68,18.07,56.32,7.11,0,450,1,"42.25,-83.75 (100.0%)"
2022-11-29,37.47,3.04,-1.0,Slight cold stress,32.0 to 48.2 F,36.62,16.73,55.81,0.85,0,450,1,"42.25,-83.75 (100.0%)"
2022-11-30,30.61,-0.77,-2.0,Moderate cold stress,8.6 to 32.0 F,36.04,16.04,55.35,-5.43,0,450,1,"42.25,-83.75 (100.0%)"
2022-12-01,39.5,4.17,-1.0,Slight cold stress,32.0 to 48.2 F,35.55,15.63,54.6,3.95,0,450,1,"42.25,-83.75 (100.0%)"
2022-12-02,24.19,-4.34,-2.0,Moderate cold stress,8.6 to 32.0 F,35.41,15.63,54.0,-11.22,0,450,1,"42.25,-83.75 (100.0%)"
2022-12-03,24.27,-4.3,-2.0,Moderate cold stress,8.6 to 32.0 F,34.83,14.52,53.52,-10.56,0,450,1,"42.25,-83.75 (100.0%)"
2022-12-04,27.49,-2.51,-2.0,Moderate cold stress,8.6 to 32.0 F,34.19,13.82,54.0,-6.7,0,450,1,"42.25,-83.75 (100.0%)"
2022-12-05,35.96,2.2,-1.0,Slight cold stress,32.0 to 48.2 F,33.85,13.48,53.42,2.11,0,450,1,"42.25,-83.75 (100.0%)"
2022-12-06,46.18,7.88,-1.0,Slight cold stress,32.0 to 48.2 F,33.6,12.66,53.49,12.58,0,450,1,"42.25,-83.75 (100.0%)"
2022-12-07,55.95,13.31,0.0,No thermal stress,48.2 to 78.8 F,33.28,12.02,53.42,22.67,1,450,1,"42.25,-83.75 (100.0%)"
2022-12-08,44.87,7.15,-1.0,Slight cold stress,32.0 to 48.2 F,32.67,10.7,53.14,12.2,0,450,1,"42.25,-83.75 (100.0%)"
2022-12-09,25.76,-3.47,-2.0,Moderate cold stress,8.6 to 32.0 F,32.68,10.7,53.14,-6.92,0,450,1,"42.25,-83.75 (100.0%)"
2022-12-10,35.7,2.06,-1.0,Slight cold stress,32.0 to 48.2 F,32.2,10.63,52.45,3.5,0,450,1,"42.25,-83.75 (100.0%)"
2022-12-11,38.77,3.76,-1.0,Slight cold stress,32.0 to 48.2 F,31.62,10.12,52.19,7.15,0,450,1,"42.25,-83.75 (100.0%)"
2022-12-12,38.39,3.55,-1.0,Slight cold stress,32.0 to 48.2 F,31.13,9.27,51.67,7.26,0,450,1,"42.25,-83.75 (100.0%)"
2022-12-13,29.46,-1.41,-2.0,Moderate cold stress,8.6 to 32.0 F,30.91,9.86,51.03,-1.45,0,450,1,"42.25,-83.75 (100.0%)"
2022-12-14,20.52,-6.38,-2.0,Moderate cold stress,8.6 to 32.0 F,31.19,10.12,50.76,-10.67,0,450,1,"42.25,-83.75 (100.0%)"
2022-12-15,32.05,0.03,-1.0,Slight cold stress,32.0 to 48.2 F,31.07,10.13,50.68,0.98,0,450,1,"42.25,-83.75 (100.0%)"
2022-12-16,23.65,-4.64,-2.0,Moderate cold stress,8.6 to 32.0 F,30.83,9.59,50.64,-7.18,0,450,1,"42.25,-83.75 (100.0%)"
2022-12-17,16.1,-8.83,-2.0,Moderate cold stress,8.6 to 32.0 F,30.28,9.05,50.19,-14.18,0,450,1,"42.25,-83.75 (100.0%)"
2022-12-18,13.64,-10.2,-2.0,Moderate cold stress,8.6 to 32.0 F,30.07,8.81,50.17,-16.43,0,450,1,"42.25,-83.75 (100.0%)"
2022-12-19,29.8,-1.22,-2.0,Moderate cold stress,8.6 to 32.0 F,29.89,8.92,49.82,-0.09,0,450,1,"42.25,-83.75 (100.0%)"
2022-12-20,42.79,6.0,-1.0,Slight cold stress,32.0 to 48.2 F,29.75,9.06,49.54,13.04,0,450,1,"42.25,-83.75 (100.0%)"
2022-12-21,52.27,11.26,0.0,No thermal stress,48.2 to 78.8 F,29.48,8.81,48.96,22.79,1,450,1,"42.25,-83.75 (100.0%)"
2022-12-22,30.64,-0.75,-2.0,Moderate cold stress,8.6 to 32.0 F,29.34,9.06,48.03,1.3,0,450,1,"42.25,-83.75 (100.0%)"
2022-12-23,-12.57,-24.76,-3.0,Strong cold stress,-16.6 to 8.6 F,29.26,9.06,48.26,-41.83,0,450,1,"42.25,-83.75 (100.0%)"
2022-12-24,-16.72,-27.07,-4.0,Very strong cold stress,-40.0 to -16.6 F,28.82,8.15,47.87,-45.54,0,450,1,"42.25,-83.75 (100.0%)"
2022-12-25,0.32,-17.6,-3.0,Strong cold stress,-16.6 to 8.6 F,28.52,7.93,47.72,-28.2,0,450,1,"42.25,-83.75 (100.0%)"
2022-12-26,29.0,-1.67,-2.0,Moderate cold stress,8.6 to 32.0 F,28.2,7.29,47.12,0.8,0,450,1,"42.25,-83.75 (100.0%)"
2022-12-27,29.36,-1.46,-2.0,Moderate cold stress,8.6 to 32.0 F,28.01,7.24,46.84,1.35,0,450,1,"42.25,-83.75 (100.0%)"
2022-12-28,29.68,-1.29,-2.0,Moderate cold stress,8.6 to 32.0 F,27.71,6.28,46.42,1.97,0,450,1,"42.25,-83.75 (100.0%)"
2022-12-29,40.02,4.46,-1.0,Slight cold stress,32.0 to 48.2 F,27.46,6.03,46.27,12.56,0,450,1,"42.25,-83.75 (100.0%)"
2022-12-30,44.91,7.17,-1.0,Slight cold stress,32.0 to 48.2 F,27.11,5.06,46.02,17.8,0,450,1,"42.25,-83.75 (100.0%)"
2022-12-31,45.1,7.28,-1.0,Slight cold stress,32.0 to 48.2 F,26.72,4.33,45.82,18.38,0,450,1,"42.25,-83.75 (100.0%)"
2023-01-01,36.26,2.37,-1.0,Slight cold stress,32.0 to 48.2 F,26.92,4.33,46.02,9.34,0,450,1,"42.25,-83.75 (100.0%)"
2023-01-02,55.74,13.19,0.0,No thermal stress,48.2 to 78.8 F,27.11,4.85,45.6,28.63,1,450,1,"42.25,-83.75 (100.0%)"
2023-01-03,39.56,4.2,-1.0,Slight cold stress,32.0 to 48.2 F,26.88,3.47,45.03,12.68,0,450,1,"42.25,-83.75 (100.0%)"
2023-01-04,58.84,14.91,0.0,No thermal stress,48.2 to 78.8 F,26.74,3.21,45.08,32.1,1,450,1,"42.25,-83.75 (100.0%)"
2023-01-05,26.73,-2.93,-2.0,Moderate cold stress,8.6 to 32.0 F,26.84,2.78,45.74,-0.11,0,450,1,"42.25,-83.75 (100.0%)"
2023-01-06,29.27,-1.51,-2.0,Moderate cold stress,8.6 to 32.0 F,26.53,2.78,45.43,2.74,0,450,1,"42.25,-83.75 (100.0%)"
2023-01-07,34.17,1.2,-1.0,Slight cold stress,32.0 to 48.2 F,26.69,2.74,45.49,7.48,0,450,1,"42.25,-83.75 (100.0%)"
2023-01-08,45.89,7.72,-1.0,Slight cold stress,32.0 to 48.2 F,26.84,3.32,46.02,19.05,0,450,1,"42.25,-83.75 (100.0%)"
2023-01-09,36.08,2.27,-1.0,Slight cold stress,32.0 to 48.2 F,26.67,2.77,45.49,9.41,0,450,1,"42.25,-83.75 (100.0%)"
2023-01-10,43.52,6.4,-1.0,Slight cold stress,32.0 to 48.2 F,26.49,2.42,45.43,17.03,0,450,1,"42.25,-83.75 (100.0%)"
2023-01-11,44.07,6.71,-1.0,Slight cold stress,32.0 to 48.2 F,26.19,2.42,45.49,17.88,0,450,1,"42.25,-83.75 (100.0%)"
2023-01-12,37.04,2.8,-1.0,Slight cold stress,32.0 to 48.2 F,25.98,2.12,45.61,11.06,0,450,1,"42.25,-83.75 (100.0%)"
2023-01-13,8.61,-12.99,-2.0,Moderate cold stress,8.6 to 32.0 F,26.19,3.16,45.61,-17.58,0,450,1,"42.25,-83.75 (100.0%)"
2023-01-14,39.87,4.37,-1.0,Slight cold stress,32.0 to 48.2 F,26.32,3.32,45.79,13.55,0,450,1,"42.25,-83.75 (100.0%)"
2023-01-15,33.75,0.97,-1.0,Slight cold stress,32.0 to 48.2 F,26.46,3.93,46.21,7.29,0,450,1,"42.25,-83.75 (100.0%)"
2023-01-16,27.34,-2.59,-2.0,Moderate cold stress,8.6 to 32.0 F,26.35,3.93,45.79,0.99,0,450,1,"42.25,-83.75 (100.0%)"
2023-01-17,29.51,-1.39,-2.0,Moderate cold stress,8.6 to 32.0 F,26.09,3.93,45.79,3.42,0,450,1,"42.25,-83.75 (100.0%)"
2023-01-18,41.55,5.31,-1.0,Slight cold stress,32.0 to 48.2 F,26.0,4.11,45.61,15.55,0,450,1,"42.25,-83.75 (100.0%)"
2023-01-19,46.49,8.05,-1.0,Slight cold stress,32.0 to 48.2 F,25.83,4.11,45.54,20.66,1,450,1,"42.25,-83.75 (100.0%)"
2023-01-20,19.8,-6.78,-2.0,Moderate cold stress,8.6 to 32.0 F,25.59,4.13,45.49,-5.79,0,450,1,"42.25,-83.75 (100.0%)"
2023-01-21,30.34,-0.92,-2.0,Moderate cold stress,8.6 to 32.0 F,25.63,4.13,45.79,4.71,0,450,1,"42.25,-83.75 (100.0%)"
2023-01-22,45.58,7.54,-1.0,Slight cold stress,32.0 to 48.2 F,25.58,4.13,45.88,20.0,0,450,1,"42.25,-83.75 (100.0%)"
2023-01-23,29.41,-1.44,-2.0,Moderate cold stress,8.6 to 32.0 F,25.66,4.02,45.84,3.75,0,450,1,"42.25,-83.75 (100.0%)"
2023-01-24,48.8,9.33,0.0,No thermal stress,48.2 to 78.8 F,25.82,4.19,45.88,22.98,1,450,1,"42.25,-83.75 (100.0%)"
2023-01-25,22.06,-5.52,-2.0,Moderate cold stress,8.6 to 32.0 F,26.53,5.45,46.51,-4.47,0,450,1,"42.25,-83.75 (100.0%)"
2023-01-26,36.62,2.56,-1.0,Slight cold stress,32.0 to 48.2 F,27.11,5.57,47.18,9.51,0,450,1,"42.25,-83.75 (100.0%)"
2023-01-27,7.47,-13.63,-3.0,Strong cold stress,-16.6 to 8.6 F,27.85,5.6,48.62,-20.38,0,450,1,"42.25,-83.75 (100.0%)"
2023-01-28,43.26,6.25,-1.0,Slight cold stress,32.0 to 48.2 F,27.83,6.03,49.09,15.43,0,450,1,"42.25,-83.75 (100.0%)"
2023-01-29,29.55,-1.36,-2.0,Moderate cold stress,8.6 to 32.0 F,27.91,5.98,49.47,1.64,0,450,1,"42.25,-83.75 (100.0%)"
2023-01-30,23.57,-4.69,-2.0,Moderate cold stress,8.6 to 32.0 F,28.43,6.67,49.63,-4.86,0,450,1,"42.25,-83.75 (100.0%)"
2023-01-31,37.3,2.95,-1.0,Slight cold stress,32.0 to 48.2 F,28.83,7.0,49.95,8.47,0,450,1,"42.25,-83.75 (100.0%)"
2023-02-01,23.9,-4.5,-2.0,Moderate cold stress,8.6 to 32.0 F,29.42,7.05,50.83,-5.52,0,450,1,"42.25,-83.75 (100.0%)"
2023-02-02,20.47,-6.41,-2.0,Moderate cold stress,8.6 to 32.0 F,30.09,7.42,51.44,-9.62,0,450,1,"42.25,-83.75 (100.0%)"
2023-02-03,13.19,-10.45,-2.0,Moderate cold stress,8.6 to 32.0 F,30.27,7.52,52.34,-17.08,0,450,1,"42.25,-83.75 (100.0%)"
2023-02-04,22.04,-5.53,-2.0,Moderate cold stress,8.6 to 32.0 F,30.17,7.25,51.84,-8.13,0,450,1,"42.25,-83.75 (100.0%)"
2023-02-05,36.54,2.52,-1.0,Slight cold stress,32.0 to 48.2 F,30.06,7.0,50.72,6.48,0,450,1,"42.25,-83.75 (100.0%)"
2023-02-06,43.72,6.51,-1.0,Slight cold stress,32.0 to 48.2 F,29.92,7.25,51.44,13.8,0,450,1,"42.25,-83.75 (100.0%)"
2023-02-07,37.15,2.86,-1.0,Slight cold stress,32.0 to 48.2 F,30.29,7.96,51.44,6.86,0,450,1,"42.25,-83.75 (100.0%)"
2023-02-08,59.3,15.17,0.0,No thermal stress,48.2 to 78.8 F,30.68,8.06,52.26,28.62,1,450,1,"42.25,-83.75 (100.0%)"
2023-02-09,48.61,9.23,0.0,No thermal stress,48.2 to 78.8 F,30.85,8.23,52.42,17.76,0,450,1,"42.25,-83.75 (100.0%)"
2023-02-10,24.55,-4.14,-2.0,Moderate cold stress,8.6 to 32.0 F,30.89,8.32,52.59,-6.34,0,450,1,"42.25,-83.75 (100.0%)"
2023-02-11,45.29,7.38,-1.0,Slight cold stress,32.0 to 48.2 F,30.85,9.29,52.26,14.44,0,450,1,"42.25,-83.75 (100.0%)"
2023-02-12,60.07,15.59,0.0,No thermal stress,48.2 to 78.8 F,31.35,9.24,52.5,28.72,1,450,1,"42.25,-83.75 (100.0%)"
2023-02-13,38.16,3.42,-1.0,Slight cold stress,32.0 to 48.2 F,31.86,10.33,52.29,6.3,0,450,1,"42.25,-83.75 (100.0%)"
2023-02-14,49.32,9.62,0.0,No thermal stress,48.2 to 78.8 F,32.12,10.45,52.59,17.2,0,450,1,"42.25,-83.75 (100.0%)"
2023-02-15,38.07,3.37,-1.0,Slight cold stress,32.0 to 48.2 F,32.48,10.45,52.65,5.59,0,450,1,"42.25,-83.75 (100.0%)"
2023-02-16,35.72,2.06,-1.0,Slight cold stress,32.0 to 48.2 F,32.96,10.86,52.59,2.76,0,450,1,"42.25,-83.75 (100.0%)"
2023-02-17,23.08,-4.95,-2.0,Moderate cold stress,8.6 to 32.0 F,33.18,10.41,52.65,-10.1,0,450,1,"42.25,-83.75 (100.0%)"
2023-02-18,33.71,0.95,-1.0,Slight cold stress,32.0 to 48.2 F,33.6,10.48,53.18,0.11,0,450,1,"42.25,-83.75 (100.0%)"
2023-02-19,37.54,3.08,-1.0,Slight cold stress,32.0 to 48.2 F,34.15,10.91,53.18,3.39,0,450,1,"42.25,-83.75 (100.0%)"
2023-02-20,66.11,18.95,0.0,No thermal stress,48.2 to 78.8 F,34.81,11.63,53.82,31.3,1,450,1,"42.25,-83.75 (100.0%)"
2023-02-21,28.35,-2.03,-2.0,Moderate cold stress,8.6 to 32.0 F,35.84,13.51,54.87,-7.49,0,458,1,"42.25,-83.75 (100.0%)"
2023-02-22,30.13,-1.04,-2.0,Moderate cold stress,8.6 to 32.0 F,36.11,13.51,55.25,-5.98,0,458,1,"42.25,-83.75 (100.0%)"
2023-02-23,43.55,6.41,-1.0,Slight cold stress,32.0 to 48.2 F,36.51,15.03,55.43,7.04,0,458,1,"42.25,-83.75 (100.0%)"
2023-02-24,38.4,3.56,-1.0,Slight cold stress,32.0 to 48.2 F,36.64,13.9,56.02,1.76,0,458,1,"42.25,-83.75 (100.0%)"
2023-02-25,45.64,7.58,-1.0,Slight cold stress,32.0 to 48.2 F,37.26,14.48,56.52,8.38,0,458,1,"42.25,-83.75 (100.0%)"
2023-02-26,41.08,5.04,-1.0,Slight cold stress,32.0 to 48.2 F,37.81,15.03,57.49,3.27,0,458,1,"42.25,-83.75 (100.0%)"
2023-02-27,33.01,0.56,-1.0,Slight cold stress,32.0 to 48.2 F,38.16,16.07,57.58,-5.15,0,458,1,"42.25,-83.75 (100.0%)"
2023-02-28,57.21,14.01,0.0,No thermal stress,48.2 to 78.8 F,38.88,16.44,58.91,18.33,0,458,1,"42.25,-83.75 (100.0%)"
2023-03-01,69.76,20.98,0.0,No thermal stress,48.2 to 78.8 F,39.1,16.58,60.18,30.66,1,458,1,"42.25,-83.75 (100.0%)"
2023-03-02,45.04,7.25,-1.0,Slight cold stress,32.0 to 48.2 F,39.28,16.58,60.34,5.76,0,458,1,"42.25,-83.75 (100.0%)"
2023-03-03,18.42,-7.55,-2.0,Moderate cold stress,8.6 to 32.0 F,39.32,16.07,60.16,-20.9,0,458,1,"42.25,-83.75 (100.0%)"
2023-03-04,63.92,17.73,0.0,No thermal stress,48.2 to 78.8 F,39.98,16.69,60.41,23.94,1,458,1,"42.25,-83.75 (100.0%)"
2023-03-05,66.66,19.26,0.0,No thermal stress,48.2 to 78.8 F,40.67,17.28,60.57,25.99,1,458,1,"42.25,-83.75 (100.0%)"
2023-03-06,34.86,1.59,-1.0,Slight cold stress,32.0 to 48.2 F,41.01,16.87,60.82,-6.15,0,458,1,"42.25,-83.75 (100.0%)"
2023-03-07,39.35,4.08,-1.0,Slight cold stress,32.0 to 48.2 F,41.43,17.28,62.03,-2.08,0,458,1,"42.25,-83.75 (100.0%)"
2023-03-08,46.91,8.29,-1.0,Slight cold stress,32.0 to 48.2 F,41.78,17.38,62.83,5.13,0,450,1,"42.25,-83.75 (100.0%)"
2023-03-09,50.02,10.01,0.0,No thermal stress,48.2 to 78.8 F,42.21,16.94,64.44,7.81,0,450,1,"42.25,-83.75 (100.0%)"
2023-03-10,24.99,-3.89,-2.0,Moderate cold stress,8.6 to 32.0 F,42.91,17.57,64.44,-17.92,0,450,1,"42.25,-83.75 (100.0%)"
2023-03-11,53.05,11.7,0.0,No thermal stress,48.2 to 78.8 F,43.59,18.77,64.54,9.46,0,450,1,"42.25,-83.75 (100.0%)"
2023-03-12,50.78,10.43,0.0,No thermal stress,48.2 to 78.8 F,43.94,19.98,64.54,6.84,0,450,1,"42.25,-83.75 (100.0%)"
2023-03-13,39.5,4.16,-1.0,Slight cold stress,32.0 to 48.2 F,44.27,19.98,64.66,-4.77,0,450,1,"42.25,-83.75 (100.0%)"
2023-03-14,26.53,-3.04,-2.0,Moderate cold stress,8.6 to 32.0 F,44.57,21.17,65.49,-18.04,0,450,1,"42.25,-83.75 (100.0%)"
2023-03-15,53.33,11.85,0.0,No thermal stress,48.2 to 78.8 F,44.5,21.32,65.49,8.83,0,450,1,"42.25,-83.75 (100.0%)"
2023-03-16,48.53,9.19,0.0,No thermal stress,48.2 to 78.8 F,45.02,22.05,65.49,3.51,0,450,1,"42.25,-83.75 (100.0%)"
2023-03-17,25.0,-3.89,-2.0,Moderate cold stress,8.6 to 32.0 F,45.65,22.81,66.09,-20.65,0,450,1,"42.25,-83.75 (100.0%)"
2023-03-18,-0.63,-18.13,-3.0,Strong cold stress,-16.6 to 8.6 F,46.0,22.99,66.25,-46.63,0,450,1,"42.25,-83.75 (100.0%)"
2023-03-19,26.51,-3.05,-2.0,Moderate cold stress,8.6 to 32.0 F,46.43,23.08,66.25,-19.92,0,450,1,"42.25,-83.75 (100.0%)"
2023-03-20,33.43,0.79,-1.0,Slight cold stress,32.0 to 48.2 F,46.91,24.23,66.6,-13.48,0,450,1,"42.25,-83.75 (100.0%)"
2023-03-21,55.29,12.94,0.0,No thermal stress,48.2 to 78.8 F,47.75,26.0,66.25,7.54,0,450,1,"42.25,-83.75 (100.0%)"
2023-03-22,38.33,3.52,-1.0,Slight cold stress,32.0 to 48.2 F,48.44,27.38,66.6,-10.11,0,450,1,"42.25,-83.75 (100.0%)"
2023-03-23,46.27,7.93,-1.0,Slight cold stress,32.0 to 48.2 F,48.82,28.43,66.6,-2.55,0,450,1,"42.25,-83.75 (100.0%)"
2023-03-24,53.47,11.93,0.0,No thermal stress,48.2 to 78.8 F,49.1,30.49,66.09,4.37,0,450,1,"42.25,-83.75 (100.0%)"
2023-03-25,36.55,2.53,-1.0,Slight cold stress,32.0 to 48.2 F,49.35,30.71,66.47,-12.8,0,450,1,"42.25,-83.75 (100.0%)"
2023-03-26,57.35,14.08,0.0,No thermal stress,48.2 to 78.8 F,49.92,30.71,67.04,7.43,0,450,1,"42.25,-83.75 (100.0%)"
2023-03-27,42.82,6.01,-1.0,Slight cold stress,32.0 to 48.2 F,50.33,30.62,67.84,-7.51,0,450,1,"42.25,-83.75 (100.0%)"
2023-03-28,60.5,15.83,0.0,No thermal stress,48.2 to 78.8 F,50.37,30.71,67.72,10.13,0,450,1,"42.25,-83.75 (100.0%)"
2023-03-29,27.8,-2.33,-2.0,Moderate cold stress,8.6 to 32.0 F,50.69,31.27,67.97,-22.89,0,450,1,"42.25,-83.75 (100.0%)"
2023-03-30,50.99,10.55,0.0,No thermal stress,48.2 to 78.8 F,51.24,31.27,68.92,-0.25,0,450,1,"42.25,-83.75 (100.0%)"
2023-03-31,49.74,9.86,0.0,No thermal stress,48.2 to 78.8 F,51.61,31.27,69.07,-1.87,0,450,1,"42.25,-83.75 (100.0%)"
2023-04-01,54.74,12.63,0.0,No thermal stress,48.2 to 78.8 F,51.95,31.27,69.23,2.79,0,450,1,"42.25,-83.75 (100.0%)"
2023-04-02,51.92,11.07,0.0,No thermal stress,48.2 to 78.8 F,52.43,31.91,69.31,-0.51,0,450,1,"42.25,-83.75 (100.0%)"
2023-04-03,69.7,20.94,0.0,No thermal stress,48.2 to 78.8 F,52.48,31.71,69.37,17.22,1,450,1,"42.25,-83.75 (100.0%)"
2023-04-04,50.88,10.49,0.0,No thermal stress,48.2 to 78.8 F,52.75,31.91,69.74,-1.87,0,450,1,"42.25,-83.75 (100.0%)"
2023-04-05,69.84,21.02,0.0,No thermal stress,48.2 to 78.8 F,52.87,31.67,69.89,16.97,0,450,1,"42.25,-83.75 (100.0%)"
2023-04-06,45.63,7.57,-1.0,Slight cold stress,32.0 to 48.2 F,52.91,30.96,70.18,-7.28,0,450,1,"42.25,-83.75 (100.0%)"
2023-04-07,61.26,16.26,0.0,No thermal stress,48.2 to 78.8 F,53.26,30.47,70.39,8.0,0,450,1,"42.25,-83.75 (100.0%)"
2023-04-08,61.12,16.18,0.0,No thermal stress,48.2 to 78.8 F,53.92,31.67,71.46,7.2,0,450,1,"42.25,-83.75 (100.0%)"
2023-04-09,69.65,20.92,0.0,No thermal stress,48.2 to 78.8 F,54.27,31.24,71.73,15.38,0,450,1,"42.25,-83.75 (100.0%)"
2023-04-10,70.46,21.37,0.0,No thermal stress,48.2 to 78.8 F,54.42,31.24,71.95,16.04,0,450,1,"42.25,-83.75 (100.0%)"
2023-04-11,68.38,20.21,0.0,No thermal stress,48.2 to 78.8 F,55.35,32.37,73.24,13.03,0,450,1,"42.25,-83.75 (100.0%)"
2023-04-12,72.52,22.51,0.0,No thermal stress,48.2 to 78.8 F,56.36,35.4,73.51,16.16,0,450,1,"42.25,-83.75 (100.0%)"
2023-04-13,78.35,25.75,0.0,No thermal stress,48.2 to 78.8 F,56.94,35.4,73.86,21.41,1,450,1,"42.25,-83.75 (100.0%)"
2023-04-14,87.41,30.78,1.0,Moderate heat stress,78.8 to 89.6 F,57.32,35.86,74.34,30.09,1,450,1,"42.25,-83.75 (100.0%)"
2023-04-15,87.96,31.09,1.0,Moderate heat stress,78.8 to 89.6 F,57.57,36.62,74.55,30.39,1,450,1,"42.25,-83.75 (100.0%)"
2023-04-16,72.47,22.48,0.0,No thermal stress,48.2 to 78.8 F,57.93,36.62,74.58,14.54,0,450,1,"42.25,-83.75 (100.0%)"
2023-04-17,25.54,-3.59,-2.0,Moderate cold stress,8.6 to 32.0 F,58.57,37.4,75.15,-33.03,0,450,1,"42.25,-83.75 (100.0%)"
2023-04-18,36.46,2.48,-1.0,Slight cold stress,32.0 to 48.2 F,59.09,38.67,75.36,-22.63,0,450,1,"42.25,-83.75 (100.0%)"
2023-04-19,62.45,16.92,0.0,No thermal stress,48.2 to 78.8 F,59.38,39.43,76.04,3.07,0,450,1,"42.25,-83.75 (100.0%)"
2023-04-20,71.66,22.03,0.0,No thermal stress,48.2 to 78.8 F,59.64,39.7,76.13,12.02,0,450,1,"42.25,-83.75 (100.0%)"
2023-04-21,61.25,16.25,0.0,No thermal stress,48.2 to 78.8 F,60.08,40.09,76.16,1.17,0,450,1,"42.25,-83.75 (100.0%)"
2023-04-22,56.39,13.55,0.0,No thermal stress,48.2 to 78.8 F,60.5,40.95,76.19,-4.11,0,450,1,"42.25,-83.75 (100.0%)"
2023-04-23,50.29,10.16,0.0,No thermal stress,48.2 to 78.8 F,60.85,41.24,76.19,-10.56,0,450,1,"42.25,-83.75 (100.0%)"
2023-04-24,48.75,9.31,0.0,No thermal stress,48.2 to 78.8 F,61.36,42.66,76.39,-12.61,0,450,1,"42.25,-83.75 (100.0%)"
2023-04-25,60.46,15.81,0.0,No thermal stress,48.2 to 78.8 F,61.89,44.24,76.95,-1.43,0,450,1,"42.25,-83.75 (100.0%)"
2023-04-26,62.58,16.99,0.0,No thermal stress,48.2 to 78.8 F,61.98,44.24,76.95,0.6,0,450,1,"42.25,-83.75 (100.0%)"
2023-04-27,60.0,15.55,0.0,No thermal stress,48.2 to 78.8 F,62.34,45.1,76.95,-2.34,0,450,1,"42.25,-83.75 (100.0%)"
2023-04-28,44.29,6.83,-1.0,Slight cold stress,32.0 to 48.2 F,62.79,45.94,76.96,-18.5,0,450,1,"42.25,-83.75 (100.0%)"
2023-04-29,65.48,18.6,0.0,No thermal stress,48.2 to 78.8 F,63.48,47.52,77.46,2.0,0,450,1,"42.25,-83.75 (100.0%)"
2023-04-30,58.17,14.54,0.0,No thermal stress,48.2 to 78.8 F,64.29,48.53,77.63,-6.12,0,450,1,"42.25,-83.75 (100.0%)"
2023-05-01,39.43,4.13,-1.0,Slight cold stress,32.0 to 48.2 F,64.79,48.65,78.06,-25.36,0,450,1,"42.25,-83.75 (100.0%)"
2023-05-02,22.74,-5.14,-2.0,Moderate cold stress,8.6 to 32.0 F,65.32,49.17,79.15,-42.58,0,450,1,"42.25,-83.75 (100.0%)"
2023-05-03,48.04,8.91,-1.0,Slight cold stress,32.0 to 48.2 F,65.99,49.77,79.82,-17.95,0,450,1,"42.25,-83.75 (100.0%)"
2023-05-04,70.01,21.12,0.0,No thermal stress,48.2 to 78.8 F,66.32,49.65,80.13,3.69,0,450,1,"42.25,-83.75 (100.0%)"
2023-05-05,70.74,21.52,0.0,No thermal stress,48.2 to 78.8 F,66.73,49.38,80.72,4.01,0,450,1,"42.25,-83.75 (100.0%)"
2023-05-06,68.91,20.5,0.0,No thermal stress,48.2 to 78.8 F,67.33,50.33,81.37,1.58,0,450,1,"42.25,-83.75 (100.0%)"
2023-05-07,78.17,25.65,0.0,No thermal stress,48.2 to 78.8 F,67.72,50.39,81.94,10.45,0,450,1,"42.25,-83.75 (100.0%)"
2023-05-08,71.28,21.82,0.0,No thermal stress,48.2 to 78.8 F,67.96,50.07,82.34,3.32,0,450,1,"42.25,-83.75 (100.0%)"
2023-05-09,77.76,25.42,0.0,No thermal stress,48.2 to 78.8 F,68.29,50.33,82.62,9.47,0,450,1,"42.25,-83.75 (100.0%)"
2023-05-10,81.73,27.63,1.0,Moderate heat stress,78.8 to 89.6 F,68.78,50.77,82.86,12.95,0,450,1,"42.25,-83.75 (100.0%)"
2023-05-11,82.45,28.03,1.0,Moderate heat stress,78.8 to 89.6 F,68.91,51.78,83.07,13.54,0,450,1,"42.25,-83.75 (100.0%)"
2023-05-12,86.08,30.05,1.0,Moderate heat stress,78.8 to 89.6 F,69.21,51.78,83.47,16.87,1,450,1,"42.25,-83.75 (100.0%)"
2023-05-13,80.13,26.74,1.0,Moderate heat stress,78.8 to 89.6 F,69.68,52.03,83.97,10.45,0,450,1,"42.25,-83.75 (100.0%)"
2023-05-14,70.47,21.37,0.0,No thermal stress,48.2 to 78.8 F,69.91,52.16,84.48,0.56,0,450,1,"42.25,-83.75 (100.0%)"
2023-05-15,81.0,27.22,1.0,Moderate heat stress,78.8 to 89.6 F,70.28,52.88,84.76,10.72,0,450,1,"42.25,-83.75 (100.0%)"
2023-05-16,74.73,23.74,0.0,No thermal stress,48.2 to 78.8 F,70.82,54.11,85.48,3.91,0,450,1,"42.25,-83.75 (100.0%)"
2023-05-17,69.39,20.77,0.0,No thermal stress,48.2 to 78.8 F,71.01,54.3,85.81,-1.62,0,450,1,"42.25,-83.75 (100.0%)"
2023-05-18,71.07,21.71,0.0,No thermal stress,48.2 to 78.8 F,71.2,54.3,86.13,-0.13,0,450,1,"42.25,-83.75 (100.0%)"
2023-05-19,74.76,23.76,0.0,No thermal stress,48.2 to 78.8 F,71.89,55.55,86.51,2.87,0,450,1,"42.25,-83.75 (100.0%)"
2023-05-20,59.84,15.47,0.0,No thermal stress,48.2 to 78.8 F,72.59,57.55,86.7,-12.75,0,450,1,"42.25,-83.75 (100.0%)"
2023-05-21,79.2,26.22,1.0,Moderate heat stress,78.8 to 89.6 F,73.25,58.24,86.93,5.95,0,450,1,"42.25,-83.75 (100.0%)"
2023-05-22,80.38,26.88,1.0,Moderate heat stress,78.8 to 89.6 F,73.89,58.73,87.48,6.49,0,450,1,"42.25,-83.75 (100.0%)"
2023-05-23,87.38,30.77,1.0,Moderate heat stress,78.8 to 89.6 F,74.67,59.71,88.0,12.71,0,450,1,"42.25,-83.75 (100.0%)"
2023-05-24,66.51,19.17,0.0,No thermal stress,48.2 to 78.8 F,75.17,60.03,88.24,-8.66,0,450,1,"42.25,-83.75 (100.0%)"
2023-05-25,65.0,18.34,0.0,No thermal stress,48.2 to 78.8 F,75.44,60.03,88.36,-10.44,0,450,1,"42.25,-83.75 (100.0%)"
2023-05-26,75.25,24.03,0.0,No thermal stress,48.2 to 78.8 F,75.93,60.85,88.62,-0.68,0,450,1,"42.25,-83.75 (100.0%)"
2023-05-27,82.13,27.85,1.0,Moderate heat stress,78.8 to 89.6 F,76.18,61.38,88.43,5.95,0,450,1,"42.25,-83.75 (100.0%)"
2023-05-28,84.74,29.3,1.0,Moderate heat stress,78.8 to 89.6 F,76.42,62.28,88.6,8.32,0,450,1,"42.25,-83.75 (100.0%)"
2023-05-29,88.36,31.31,1.0,Moderate heat stress,78.8 to 89.6 F,76.75,62.83,88.79,11.61,0,450,1,"42.25,-83.75 (100.0%)"
2023-05-30,90.38,32.43,2.0,Strong heat stress,89.6 to 100.4 F,77.04,62.83,88.94,13.34,1,450,1,"42.25,-83.75 (100.0%)"
2023-05-31,87.8,31.0,1.0,Moderate heat stress,78.8 to 89.6 F,77.38,63.29,89.31,10.42,0,450,1,"42.25,-83.75 (100.0%)"
2023-06-01,90.47,32.48,2.0,Strong heat stress,89.6 to 100.4 F,77.95,64.57,89.53,12.52,1,450,1,"42.25,-83.75 (100.0%)"
2023-06-02,91.15,32.86,2.0,Strong heat stress,89.6 to 100.4 F,78.51,65.72,89.65,12.64,1,450,1,"42.25,-83.75 (100.0%)"
2023-06-03,89.58,31.99,1.0,Moderate heat stress,78.8 to 89.6 F,78.93,66.01,89.97,10.65,0,450,1,"42.25,-83.75 (100.0%)"
2023-06-04,79.65,26.47,1.0,Moderate heat stress,78.8 to 89.6 F,79.39,67.5,90.32,0.26,0,450,1,"42.25,-83.75 (100.0%)"
2023-06-05,88.36,31.31,1.0,Moderate heat stress,78.8 to 89.6 F,79.56,68.01,90.46,8.8,0,450,1,"42.25,-83.75 (100.0%)"
2023-06-06,79.19,26.22,1.0,Moderate heat stress,78.8 to 89.6 F,79.74,68.48,90.4,-0.55,0,450,1,"42.25,-83.75 (100.0%)"
2023-06-07,72.84,22.69,0.0,No thermal stress,48.2 to 78.8 F,80.0,68.92,90.36,-7.16,0,450,1,"42.25,-83.75 (100.0%)"
2023-06-08,72.88,22.71,0.0,No thermal stress,48.2 to 78.8 F,80.37,69.52,90.5,-7.49,0,450,1,"42.25,-83.75 (100.0%)"
2023-06-09,81.19,27.33,1.0,Moderate heat stress,78.8 to 89.6 F,80.79,69.85,90.79,0.4,0,450,1,"42.25,-83.75 (100.0%)"
2023-06-10,85.98,29.99,1.0,Moderate heat stress,78.8 to 89.6 F,81.31,69.96,91.35,4.67,0,450,1,"42.25,-83.75 (100.0%)"
2023-06-11,72.33,22.41,0.0,No thermal stress,48.2 to 78.8 F,82.06,70.24,92.17,-9.73,0,450,1,"42.25,-83.75 (100.0%)"
2023-06-12,67.9,19.94,0.0,No thermal stress,48.2 to 78.8 F,82.57,70.62,92.55,-14.67,0,450,1,"42.25,-83.75 (100.0%)"
2023-06-13,74.82,23.79,0.0,No thermal stress,48.2 to 78.8 F,82.98,71.32,92.81,-8.16,0,450,1,"42.25,-83.75 (100.0%)"
2023-06-14,79.41,26.34,1.0,Moderate heat stress,78.8 to 89.6 F,83.43,72.24,93.04,-4.02,0,450,1,"42.25,-83.75 (100.0%)"
2023-06-15,81.7,27.61,1.0,Moderate heat stress,78.8 to 89.6 F,83.67,72.41,93.06,-1.97,0,450,1,"42.25,-83.75 (100.0%)"
2023-06-16,68.17,20.1,0.0,No thermal stress,48.2 to 78.8 F,83.87,72.74,93.13,-15.7,0,450,1,"42.25,-83.75 (100.0%)"
2023-06-17,83.69,28.72,1.0,Moderate heat stress,78.8 to 89.6 F,84.1,73.25,93.17,-0.41,0,450,1,"42.25,-83.75 (100.0%)"
2023-06-18,86.34,30.19,1.0,Moderate heat stress,78.8 to 89.6 F,84.29,73.38,93.37,2.05,0,450,1,"42.25,-83.75 (100.0%)"
2023-06-19,85.38,29.65,1.0,Moderate heat stress,78.8 to 89.6 F,84.55,73.38,93.72,0.83,0,450,1,"42.25,-83.75 (100.0%)"
2023-06-20,85.2,29.55,1.0,Moderate heat stress,78.8 to 89.6 F,84.78,73.48,93.86,0.42,0,450,1,"42.25,-83.75 (100.0%)"
2023-06-21,85.45,29.69,1.0,Moderate heat stress,78.8 to 89.6 F,85.06,73.98,94.01,0.39,0,450,1,"42.25,-83.75 (100.0%)"
2023-06-22,80.69,27.05,1.0,Moderate heat stress,78.8 to 89.6 F,85.12,74.03,94.04,-4.43,0,450,1,"42.25,-83.75 (100.0%)"
2023-06-23,77.91,25.5,0.0,No thermal stress,48.2 to 78.8 F,85.26,74.08,94.21,-7.35,0,450,1,"42.25,-83.75 (100.0%)"
2023-06-24,91.41,33.01,2.0,Strong heat stress,89.6 to 100.4 F,85.39,74.51,94.21,6.02,0,450,1,"42.25,-83.75 (100.0%)"
2023-06-25,85.19,29.55,1.0,Moderate heat stress,78.8 to 89.6 F,85.56,74.72,94.3,-0.37,0,450,1,"42.25,-83.75 (100.0%)"
2023-06-26,79.39,26.33,1.0,Moderate heat stress,78.8 to 89.6 F,85.55,74.72,94.34,-6.16,0,450,1,"42.25,-83.75 (100.0%)"
2023-06-27,73.31,22.95,0.0,No thermal stress,48.2 to 78.8 F,85.7,74.84,94.56,-12.39,0,450,1,"42.25,-83.75 (100.0%)"
2023-06-28,89.08,31.71,1.0,Moderate heat stress,78.8 to 89.6 F,85.99,75.38,95.06,3.09,0,450,1,"42.25,-83.75 (100.0%)"
2023-06-29,89.78,32.1,2.0,Strong heat stress,89.6 to 100.4 F,86.14,75.47,95.57,3.64,0,450,1,"42.25,-83.75 (100.0%)"
2023-06-30,95.88,35.49,2.0,Strong heat stress,89.6 to 100.4 F,86.35,75.75,95.7,9.53,1,450,1,"42.25,-83.75 (100.0%)"
2023-07-01,97.25,36.25,2.0,Strong heat stress,89.6 to 100.4 F,86.5,75.8,95.85,10.75,1,450,1,"42.25,-83.75 (100.0%)"
2023-07-02,91.43,33.02,2.0,Strong heat stress,89.6 to 100.4 F,86.53,75.8,95.71,4.9,0,450,1,"42.25,-83.75 (100.0%)"
2023-07-03,91.86,33.26,2.0,Strong heat stress,89.6 to 100.4 F,86.59,75.98,95.69,5.27,0,450,1,"42.25,-83.75 (100.0%)"
2023-07-04,94.7,34.83,2.0,Strong heat stress,89.6 to 100.4 F,86.59,76.0,95.6,8.11,0,450,1,"42.25,-83.75 (100.0%)"
2023-07-05,94.37,34.65,2.0,Strong heat stress,89.6 to 100.4 F,86.68,76.4,95.37,7.69,0,450,1,"42.25,-83.75 (100.0%)"
2023-07-06,88.63,31.46,1.0,Moderate heat stress,78.8 to 89.6 F,86.8,76.84,95.34,1.83,0,450,1,"42.25,-83.75 (100.0%)"
2023-07-07,88.73,31.52,1.0,Moderate heat stress,78.8 to 89.6 F,87.03,77.15,95.61,1.7,0,450,1,"42.25,-83.75 (100.0%)"
2023-07-08,84.98,29.43,1.0,Moderate heat stress,78.8 to 89.6 F,87.21,77.39,95.74,-2.23,0,450,1,"42.25,-83.75 (100.0%)"
2023-07-09,84.16,28.98,1.0,Moderate heat stress,78.8 to 89.6 F,87.5,77.72,96.15,-3.34,0,450,1,"42.25,-83.75 (100.0%)"
2023-07-10,88.87,31.6,1.0,Moderate heat stress,78.8 to 89.6 F,87.66,77.86,96.15,1.21,0,450,1,"42.25,-83.75 (100.0%)"
2023-07-11,86.4,30.22,1.0,Moderate heat stress,78.8 to 89.6 F,87.89,78.0,96.24,-1.49,0,450,1,"42.25,-83.75 (100.0%)"
2023-07-12,86.76,30.42,1.0,Moderate heat stress,78.8 to 89.6 F,87.94,78.35,96.15,-1.18,0,450,1,"42.25,-83.75 (100.0%)"
2023-07-13,82.55,28.08,1.0,Moderate heat stress,78.8 to 89.6 F,87.94,78.34,95.98,-5.39,0,450,1,"42.25,-83.75 (100.0%)"
2023-07-14,87.66,30.92,1.0,Moderate heat stress,78.8 to 89.6 F,88.08,78.61,96.37,-0.42,0,450,1,"42.25,-83.75 (100.0%)"
2023-07-15,85.88,29.93,1.0,Moderate heat stress,78.8 to 89.6 F,88.07,78.57,96.32,-2.19,0,450,1,"42.25,-83.75 (100.0%)"
2023-07-16,85.07,29.49,1.0,Moderate heat stress,78.8 to 89.6 F,88.01,78.52,96.45,-2.94,0,450,1,"42.25,-83.75 (100.0%)"
2023-07-17,82.27,27.93,1.0,Moderate heat stress,78.8 to 89.6 F,88.09,78.7,96.46,-5.82,0,450,1,"42.25,-83.75 (100.0%)"
2023-07-18,85.11,29.5,1.0,Moderate heat stress,78.8 to 89.6 F,88.09,78.75,96.59,-2.98,0,450,1,"42.25,-83.75 (100.0%)"
2023-07-19,91.01,32.78,2.0,Strong heat stress,89.6 to 100.4 F,88.1,78.75,96.79,2.91,0,450,1,"42.25,-83.75 (100.0%)"
2023-07-20,85.58,29.76,1.0,Moderate heat stress,78.8 to 89.6 F,88.13,78.75,96.86,-2.55,0,450,1,"42.25,-83.75 (100.0%)"
2023-07-21,81.8,27.67,1.0,Moderate heat stress,78.8 to 89.6 F,88.02,78.8,96.8,-6.22,0,450,1,"42.25,-83.75 (100.0%)"
2023-07-22,87.86,31.03,1.0,Moderate heat stress,78.8 to 89.6 F,87.9,78.9,96.48,-0.04,0,450,1,"42.25,-83.75 (100.0%)"
2023-07-23,86.52,30.29,1.0,Moderate heat stress,78.8 to 89.6 F,87.84,79.3,96.4,-1.32,0,450,1,"42.25,-83.75 (100.0%)"
2023-07-24,88.72,31.51,1.0,Moderate heat stress,78.8 to 89.6 F,87.76,79.3,96.45,0.96,0,450,1,"42.25,-83.75 (100.0%)"
2023-07-25,91.84,33.25,2.0,Strong heat stress,89.6 to 100.4 F,87.7,78.96,96.45,4.14,0,450,1,"42.25,-83.75 (100.0%)"
2023-07-26,89.1,31.72,1.0,Moderate heat stress,78.8 to 89.6 F,87.64,78.75,96.33,1.46,0,450,1,"42.25,-83.75 (100.0%)"
2023-07-27,96.61,35.89,2.0,Strong heat stress,89.6 to 100.4 F,87.68,78.75,96.29,8.93,1,450,1,"42.25,-83.75 (100.0%)"
2023-07-28,98.47,36.93,2.0,Strong heat stress,89.6 to 100.4 F,87.53,78.55,96.24,10.94,1,450,1,"42.25,-83.75 (100.0%)"
2023-07-29,84.33,29.07,1.0,Moderate heat stress,78.8 to 89.6 F,87.2,78.41,95.71,-2.87,0,450,1,"42.25,-83.75 (100.0%)"
2023-07-30,84.34,29.08,1.0,Moderate heat stress,78.8 to 89.6 F,87.03,78.28,95.44,-2.69,0,450,1,"42.25,-83.75 (100.0%)"
2023-07-31,82.15,27.86,1.0,Moderate heat stress,78.8 to 89.6 F,87.11,78.55,95.26,-4.96,0,450,1,"42.25,-83.75 (100.0%)"
2023-08-01,87.54,30.85,1.0,Moderate heat stress,78.8 to 89.6 F,87.08,78.27,95.03,0.46,0,450,1,"42.25,-83.75 (100.0%)"
2023-08-02,86.34,30.19,1.0,Moderate heat stress,78.8 to 89.6 F,87.08,78.17,95.22,-0.74,0,450,1,"42.25,-83.75 (100.0%)"
2023-08-03,91.1,32.84,2.0,Strong heat stress,89.6 to 100.4 F,87.04,78.08,95.22,4.06,0,450,1,"42.25,-83.75 (100.0%)"
2023-08-04,86.33,30.18,1.0,Moderate heat stress,78.8 to 89.6 F,86.87,77.86,95.26,-0.54,0,450,1,"42.25,-83.75 (100.0%)"
2023-08-05,89.01,31.67,1.0,Moderate heat stress,78.8 to 89.6 F,86.91,77.89,95.26,2.1,0,450,1,"42.25,-83.75 (100.0%)"
2023-08-06,83.25,28.47,1.0,Moderate heat stress,78.8 to 89.6 F,86.9,77.75,95.26,-3.65,0,450,1,"42.25,-83.75 (100.0%)"
2023-08-07,75.22,24.01,0.0,No thermal stress,48.2 to 78.8 F,86.76,77.28,95.26,-11.54,0,450,1,"42.25,-83.75 (100.0%)"
2023-08-08,85.37,29.65,1.0,Moderate heat stress,78.8 to 89.6 F,86.69,76.79,95.2,-1.32,0,450,1,"42.25,-83.75 (100.0%)"
2023-08-09,88.01,31.12,1.0,Moderate heat stress,78.8 to 89.6 F,86.5,76.77,94.82,1.51,0,450,1,"42.25,-83.75 (100.0%)"
2023-08-10,83.15,28.42,1.0,Moderate heat stress,78.8 to 89.6 F,86.21,76.41,94.18,-3.06,0,450,1,"42.25,-83.75 (100.0%)"
2023-08-11,86.92,30.51,1.0,Moderate heat stress,78.8 to 89.6 F,85.98,76.22,93.94,0.94,0,450,1,"42.25,-83.75 (100.0%)"
2023-08-12,84.93,29.4,1.0,Moderate heat stress,78.8 to 89.6 F,85.9,76.41,93.73,-0.97,0,450,1,"42.25,-83.75 (100.0%)"
2023-08-13,86.05,30.03,1.0,Moderate heat stress,78.8 to 89.6 F,85.72,76.22,93.57,0.33,0,450,1,"42.25,-83.75 (100.0%)"
2023-08-14,80.62,27.01,1.0,Moderate heat stress,78.8 to 89.6 F,85.63,76.0,93.55,-5.01,0,450,1,"42.25,-83.75 (100.0%)"
2023-08-15,65.01,18.34,0.0,No thermal stress,48.2 to 78.8 F,85.39,75.26,93.55,-20.38,0,450,1,"42.25,-83.75 (100.0%)"
2023-08-16,86.53,30.3,1.0,Moderate heat stress,78.8 to 89.6 F,85.28,74.94,93.55,1.25,0,450,1,"42.25,-83.75 (100.0%)"
2023-08-17,71.94,22.19,0.0,No thermal stress,48.2 to 78.8 F,85.12,74.62,93.21,-13.18,0,450,1,"42.25,-83.75 (100.0%)"
2023-08-18,74.68,23.71,0.0,No thermal stress,48.2 to 78.8 F,85.08,75.18,93.16,-10.4,0,450,1,"42.25,-83.75 (100.0%)"
2023-08-19,82.67,28.15,1.0,Moderate heat stress,78.8 to 89.6 F,85.27,75.25,93.17,-2.6,0,450,1,"42.25,-83.75 (100.0%)"
2023-08-20,96.18,35.66,2.0,Strong heat stress,89.6 to 100.4 F,85.3,75.25,93.13,10.88,1,450,1,"42.25,-83.75 (100.0%)"
2023-08-21,94.08,34.49,2.0,Strong heat stress,89.6 to 100.4 F,85.11,74.94,93.16,8.97,1,450,1,"42.25,-83.75 (100.0%)"
2023-08-22,84.36,29.09,1.0,Moderate heat stress,78.8 to 89.6 F,85.03,74.74,93.17,-0.67,0,450,1,"42.25,-83.75 (100.0%)"
2023-08-23,96.09,35.61,2.0,Strong heat stress,89.6 to 100.4 F,84.9,74.43,93.09,11.19,1,450,1,"42.25,-83.75 (100.0%)"
2023-08-24,96.34,35.74,2.0,Strong heat stress,89.6 to 100.4 F,84.76,74.22,93.09,11.58,1,450,1,"42.25,-83.75 (100.0%)"
2023-08-25,88.28,31.26,1.0,Moderate heat stress,78.8 to 89.6 F,84.72,73.91,93.19,3.56,0,450,1,"42.25,-83.75 (100.0%)"
2023-08-26,82.77,28.21,1.0,Moderate heat stress,78.8 to 89.6 F,84.61,73.75,93.47,-1.84,0,450,1,"42.25,-83.75 (100.0%)"
2023-08-27,80.14,26.75,1.0,Moderate heat stress,78.8 to 89.6 F,84.58,73.77,93.55,-4.44,0,450,1,"42.25,-83.75 (100.0%)"
2023-08-28,83.47,28.59,1.0,Moderate heat stress,78.8 to 89.6 F,84.6,73.77,93.57,-1.13,0,450,1,"42.25,-83.75 (100.0%)"
2023-08-29,81.45,27.47,1.0,Moderate heat stress,78.8 to 89.6 F,84.54,73.49,93.58,-3.09,0,450,1,"42.25,-83.75 (100.0%)"
2023-08-30,72.21,22.34,0.0,No thermal stress,48.2 to 78.8 F,84.51,73.73,93.58,-12.3,0,450,1,"42.25,-83.75 (100.0%)"
2023-08-31,80.7,27.06,1.0,Moderate heat stress,78.8 to 89.6 F,84.37,73.72,93.6,-3.67,0,450,1,"42.25,-83.75 (100.0%)"
2023-09-01,84.45,29.14,1.0,Moderate heat stress,78.8 to 89.6 F,83.96,72.01,93.6,0.49,0,450,1,"42.25,-83.75 (100.0%)"
2023-09-02,85.4,29.67,1.0,Moderate heat stress,78.8 to 89.6 F,83.55,71.57,93.52,1.85,0,450,1,"42.25,-83.75 (100.0%)"
2023-09-03,89.01,31.67,1.0,Moderate heat stress,78.8 to 89.6 F,82.9,70.98,93.35,6.11,0,450,1,"42.25,-83.75 (100.0%)"
2023-09-04,93.4,34.11,2.0,Strong heat stress,89.6 to 100.4 F,82.36,70.1,93.27,11.04,1,450,1,"42.25,-83.75 (100.0%)"
2023-09-05,92.38,33.54,2.0,Strong heat stress,89.6 to 100.4 F,82.11,69.93,92.96,10.27,0,450,1,"42.25,-83.75 (100.0%)"
2023-09-06,79.63,26.46,1.0,Moderate heat stress,78.8 to 89.6 F,81.75,69.35,92.12,-2.12,0,450,1,"42.25,-83.75 (100.0%)"
2023-09-07,76.78,24.88,0.0,No thermal stress,48.2 to 78.8 F,81.26,68.98,91.73,-4.48,0,450,1,"42.25,-83.75 (100.0%)"
2023-09-08,71.0,21.66,0.0,No thermal stress,48.2 to 78.8 F,80.78,67.98,91.72,-9.78,0,450,1,"42.25,-83.75 (100.0%)"
2023-09-09,80.88,27.15,1.0,Moderate heat stress,78.8 to 89.6 F,80.4,67.84,91.25,0.48,0,450,1,"42.25,-83.75 (100.0%)"
2023-09-10,83.91,28.84,1.0,Moderate heat stress,78.8 to 89.6 F,80.0,66.86,90.85,3.91,0,450,1,"42.25,-83.75 (100.0%)"
2023-09-11,78.32,25.73,0.0,No thermal stress,48.2 to 78.8 F,79.53,66.16,90.28,-1.21,0,450,1,"42.25,-83.75 (100.0%)"
2023-09-12,73.04,22.8,0.0,No thermal stress,48.2 to 78.8 F,79.12,65.59,89.59,-6.08,0,450,1,"42.25,-83.75 (100.0%)"
2023-09-13,73.12,22.85,0.0,No thermal stress,48.2 to 78.8 F,78.71,65.45,88.96,-5.59,0,450,1,"42.25,-83.75 (100.0%)"
2023-09-14,80.11,26.73,1.0,Moderate heat stress,78.8 to 89.6 F,78.22,65.04,88.57,1.89,0,450,1,"42.25,-83.75 (100.0%)"
2023-09-15,78.71,25.95,0.0,No thermal stress,48.2 to 78.8 F,77.58,64.32,88.4,1.13,0,450,1,"42.25,-83.75 (100.0%)"
2023-09-16,84.03,28.91,1.0,Moderate heat stress,78.8 to 89.6 F,77.35,64.32,87.98,6.68,0,450,1,"42.25,-83.75 (100.0%)"
2023-09-17,80.06,26.7,1.0,Moderate heat stress,78.8 to 89.6 F,76.96,63.86,87.9,3.1,0,450,1,"42.25,-83.75 (100.0%)"
2023-09-18,69.38,20.76,0.0,No thermal stress,48.2 to 78.8 F,76.61,63.81,87.73,-7.23,0,450,1,"42.25,-83.75 (100.0%)"
2023-09-19,76.74,24.85,0.0,No thermal stress,48.2 to 78.8 F,76.14,63.12,87.59,0.6,0,450,1,"42.25,-83.75 (100.0%)"
2023-09-20,83.07,28.37,1.0,Moderate heat stress,78.8 to 89.6 F,75.6,62.56,87.33,7.47,0,450,1,"42.25,-83.75 (100.0%)"
2023-09-21,88.63,31.46,1.0,Moderate heat stress,78.8 to 89.6 F,74.96,61.3,86.8,13.67,1,450,1,"42.25,-83.75 (100.0%)"
2023-09-22,82.6,28.11,1.0,Moderate heat stress,78.8 to 89.6 F,74.29,60.47,86.49,8.31,0,450,1,"42.25,-83.75 (100.0%)"
2023-09-23,73.37,22.98,0.0,No thermal stress,48.2 to 78.8 F,73.71,59.88,85.86,-0.34,0,450,1,"42.25,-83.75 (100.0%)"
2023-09-24,80.35,26.86,1.0,Moderate heat stress,78.8 to 89.6 F,73.05,59.06,85.56,7.3,0,450,1,"42.25,-83.75 (100.0%)"
2023-09-25,68.69,20.38,0.0,No thermal stress,48.2 to 78.8 F,72.36,57.65,85.16,-3.67,0,450,1,"42.25,-83.75 (100.0%)"
2023-09-26,72.06,22.26,0.0,No thermal stress,48.2 to 78.8 F,71.66,56.96,85.08,0.4,0,450,1,"42.25,-83.75 (100.0%)"
2023-09-27,58.67,14.82,0.0,No thermal stress,48.2 to 78.8 F,70.99,55.35,84.81,-12.32,0,450,1,"42.25,-83.75 (100.0%)"
2023-09-28,67.84,19.91,0.0,No thermal stress,48.2 to 78.8 F,70.26,54.33,84.56,-2.42,0,450,1,"42.25,-83.75 (100.0%)"
2023-09-29,78.49,25.83,0.0,No thermal stress,48.2 to 78.8 F,69.72,54.23,84.15,8.77,0,450,1,"42.25,-83.75 (100.0%)"
2023-09-30,85.76,29.87,1.0,Moderate heat stress,78.8 to 89.6 F,69.23,53.33,83.77,16.53,1,450,1,"42.25,-83.75 (100.0%)"
2023-10-01,87.49,30.83,1.0,Moderate heat stress,78.8 to 89.6 F,68.67,52.88,83.54,18.82,1,450,1,"42.25,-83.75 (100.0%)"
2023-10-02,89.65,32.03,2.0,Strong heat stress,89.6 to 100.4 F,68.26,52.12,83.27,21.39,1,450,1,"42.25,-83.75 (100.0%)"
2023-10-03,89.44,31.91,1.0,Moderate heat stress,78.8 to 89.6 F,67.96,51.68,82.82,21.48,1,450,1,"42.25,-83.75 (100.0%)"
2023-10-04,83.21,28.45,1.0,Moderate heat stress,78.8 to 89.6 F,67.57,51.45,82.33,15.64,1,450,1,"42.25,-83.75 (100.0%)"
2023-10-05,70.85,21.58,0.0,No thermal stress,48.2 to 78.8 F,67.08,50.52,82.2,3.77,0,450,1,"42.25,-83.75 (100.0%)"
2023-10-06,61.82,16.57,0.0,No thermal stress,48.2 to 78.8 F,66.62,49.45,82.14,-4.8,0,450,1,"42.25,-83.75 (100.0%)"
2023-10-07,44.46,6.92,-1.0,Slight cold stress,32.0 to 48.2 F,66.15,48.66,81.99,-21.69,0,450,1,"42.25,-83.75 (100.0%)"
2023-10-08,46.05,7.81,-1.0,Slight cold stress,32.0 to 48.2 F,65.45,48.17,81.66,-19.4,0,450,1,"42.25,-83.75 (100.0%)"
2023-10-09,44.93,7.18,-1.0,Slight cold stress,32.0 to 48.2 F,64.67,47.25,81.44,-19.74,0,450,1,"42.25,-83.75 (100.0%)"
2023-10-10,47.82,8.79,-1.0,Slight cold stress,32.0 to 48.2 F,63.97,45.63,80.8,-16.15,0,450,1,"42.25,-83.75 (100.0%)"
2023-10-11,65.35,18.53,0.0,No thermal stress,48.2 to 78.8 F,63.52,45.53,79.35,1.83,0,450,1,"42.25,-83.75 (100.0%)"
2023-10-12,69.71,20.95,0.0,No thermal stress,48.2 to 78.8 F,62.8,44.92,78.57,6.91,0,450,1,"42.25,-83.75 (100.0%)"
2023-10-13,52.07,11.15,0.0,No thermal stress,48.2 to 78.8 F,62.18,44.68,77.88,-10.11,0,450,1,"42.25,-83.75 (100.0%)"
2023-10-14,33.68,0.93,-1.0,Slight cold stress,32.0 to 48.2 F,61.42,44.27,77.25,-27.74,0,450,1,"42.25,-83.75 (100.0%)"
2023-10-15,47.81,8.78,-1.0,Slight cold stress,32.0 to 48.2 F,60.9,43.78,75.7,-13.09,0,450,1,"42.25,-83.75 (100.0%)"
2023-10-16,46.85,8.25,-1.0,Slight cold stress,32.0 to 48.2 F,60.24,43.05,74.58,-13.39,0,450,1,"42.25,-83.75 (100.0%)"
2023-10-17,61.55,16.42,0.0,No thermal stress,48.2 to 78.8 F,59.28,42.38,73.9,2.27,0,450,1,"42.25,-83.75 (100.0%)"
2023-10-18,57.69,14.27,0.0,No thermal stress,48.2 to 78.8 F,58.51,42.04,73.15,-0.82,0,450,1,"42.25,-83.75 (100.0%)"
2023-10-19,47.84,8.8,-1.0,Slight cold stress,32.0 to 48.2 F,57.62,41.47,72.53,-9.78,0,450,1,"42.25,-83.75 (100.0%)"
2023-10-20,59.65,15.36,0.0,No thermal stress,48.2 to 78.8 F,56.89,41.26,72.29,2.76,0,450,1,"42.25,-83.75 (100.0%)"
2023-10-21,53.66,12.03,0.0,No thermal stress,48.2 to 78.8 F,56.11,40.56,71.89,-2.45,0,450,1,"42.25,-83.75 (100.0%)"
2023-10-22,54.65,12.58,0.0,No thermal stress,48.2 to 78.8 F,55.37,38.7,71.61,-0.72,0,450,1,"42.25,-83.75 (100.0%)"
2023-10-23,62.41,16.9,0.0,No thermal stress,48.2 to 78.8 F,55.09,38.09,71.61,7.32,0,450,1,"42.25,-83.75 (100.0%)"
2023-10-24,74.79,23.77,0.0,No thermal stress,48.2 to 78.8 F,54.55,37.25,71.5,20.24,1,450,1,"42.25,-83.75 (100.0%)"
2023-10-25,57.32,14.06,0.0,No thermal stress,48.2 to 78.8 F,53.93,36.11,70.85,3.39,0,450,1,"42.25,-83.75 (100.0%)"
2023-10-26,71.18,21.77,0.0,No thermal stress,48.2 to 78.8 F,53.12,34.31,70.51,18.06,1,450,1,"42.25,-83.75 (100.0%)"
2023-10-27,71.83,22.13,0.0,No thermal stress,48.2 to 78.8 F,52.62,33.35,70.18,19.21,1,450,1,"42.25,-83.75 (100.0%)"
2023-10-28,63.26,17.37,0.0,No thermal stress,48.2 to 78.8 F,52.11,33.29,70.06,11.15,0,450,1,"42.25,-83.75 (100.0%)"
2023-10-29,42.09,5.61,-1.0,Slight cold stress,32.0 to 48.2 F,51.69,32.26,69.73,-9.6,0,450,1,"42.25,-83.75 (100.0%)"
2023-10-30,33.92,1.07,-1.0,Slight cold stress,32.0 to 48.2 F,50.97,31.86,68.74,-17.05,0,450,1,"42.25,-83.75 (100.0%)"
2023-10-31,37.53,3.07,-1.0,Slight cold stress,32.0 to 48.2 F,50.49,30.36,68.12,-12.96,0,450,1,"42.25,-83.75 (100.0%)"
2023-11-01,39.76,4.31,-1.0,Slight cold stress,32.0 to 48.2 F,50.43,29.74,68.12,-10.67,0,450,1,"42.25,-83.75 (100.0%)"
2023-11-02,42.11,5.62,-1.0,Slight cold stress,32.0 to 48.2 F,50.07,29.74,67.72,-7.96,0,450,1,"42.25,-83.75 (100.0%)"
2023-11-03,45.75,7.64,-1.0,Slight cold stress,32.0 to 48.2 F,49.6,29.61,66.87,-3.85,0,450,1,"42.25,-83.75 (100.0%)"
2023-11-04,72.17,22.32,0.0,No thermal stress,48.2 to 78.8 F,48.98,28.24,66.19,23.19,1,450,1,"42.25,-83.75 (100.0%)"
2023-11-05,67.86,19.92,0.0,No thermal stress,48.2 to 78.8 F,48.63,26.93,65.67,19.23,1,450,1,"42.25,-83.75 (100.0%)"
2023-11-06,51.83,11.02,0.0,No thermal stress,48.2 to 78.8 F,48.09,26.87,65.61,3.74,0,450,1,"42.25,-83.75 (100.0%)"
2023-11-07,52.35,11.3,0.0,No thermal stress,48.2 to 78.8 F,47.61,26.32,65.12,4.74,0,450,1,"42.25,-83.75 (100.0%)"
2023-11-08,34.05,1.14,-1.0,Slight cold stress,32.0 to 48.2 F,47.21,26.46,64.8,-13.16,0,450,1,"42.25,-83.75 (100.0%)"
2023-11-09,45.61,7.56,-1.0,Slight cold stress,32.0 to 48.2 F,46.72,26.41,64.44,-1.11,0,450,1,"42.25,-83.75 (100.0%)"
2023-11-10,52.28,11.27,0.0,No thermal stress,48.2 to 78.8 F,46.25,26.3,63.99,6.03,0,450,1,"42.25,-83.75 (100.0%)"
2023-11-11,57.73,14.3,0.0,No thermal stress,48.2 to 78.8 F,45.91,26.1,63.92,11.82,0,450,1,"42.25,-83.75 (100.0%)"
2023-11-12,51.94,11.08,0.0,No thermal stress,48.2 to 78.8 F,45.34,25.83,63.1,6.6,0,450,1,"42.25,-83.75 (100.0%)"
2023-11-13,52.88,11.6,0.0,No thermal stress,48.2 to 78.8 F,44.68,25.08,62.04,8.2,0,450,1,"42.25,-83.75 (100.0%)"
2023-11-14,60.98,16.1,0.0,No thermal stress,48.2 to 78.8 F,44.34,24.84,61.99,16.64,0,450,1,"42.25,-83.75 (100.0%)"
2023-11-15,60.16,15.64,0.0,No thermal stress,48.2 to 78.8 F,43.71,23.98,61.47,16.45,0,450,1,"42.25,-83.75 (100.0%)"
2023-11-16,61.27,16.26,0.0,No thermal stress,48.2 to 78.8 F,42.85,23.07,60.64,18.42,1,450,1,"42.25,-83.75 (100.0%)"
2023-11-17,44.68,7.05,-1.0,Slight cold stress,32.0 to 48.2 F,41.84,22.52,59.51,2.84,0,450,1,"42.25,-83.75 (100.0%)"
2023-11-18,46.92,8.29,-1.0,Slight cold stress,32.0 to 48.2 F,41.23,21.94,59.2,5.69,0,450,1,"42.25,-83.75 (100.0%)"
2023-11-19,58.86,14.92,0.0,No thermal stress,48.2 to 78.8 F,40.94,21.87,59.18,17.92,0,450,1,"42.25,-83.75 (100.0%)"
2023-11-20,29.28,-1.51,-2.0,Moderate cold stress,8.6 to 32.0 F,40.48,20.73,58.75,-11.2,0,450,1,"42.25,-83.75 (100.0%)"
2023-11-21,42.94,6.08,-1.0,Slight cold stress,32.0 to 48.2 F,40.3,20.98,58.55,2.64,0,450,1,"42.25,-83.75 (100.0%)"
2023-11-22,40.74,4.86,-1.0,Slight cold stress,32.0 to 48.2 F,39.88,20.73,57.96,0.86,0,450,1,"42.25,-83.75 (100.0%)"
2023-11-23,49.2,9.56,0.0,No thermal stress,48.2 to 78.8 F,39.59,20.41,57.64,9.61,0,450,1,"42.25,-83.75 (100.0%)"
2023-11-24,29.57,-1.35,-2.0,Moderate cold stress,8.6 to 32.0 F,39.06,19.65,57.2,-9.49,0,450,1,"42.25,-83.75 (100.0%)"
2023-11-25,49.98,9.99,0.0,No thermal stress,48.2 to 78.8 F,38.87,19.31,57.12,11.11,0,450,1,"42.25,-83.75 (100.0%)"
2023-11-26,34.17,1.21,-1.0,Slight cold stress,32.0 to 48.2 F,38.47,19.16,56.81,-4.3,0,450,1,"42.25,-83.75 (100.0%)"
2023-11-27,11.45,-11.42,-2.0,Moderate cold stress,8.6 to 32.0 F,38.18,18.65,56.32,-26.73,0,450,1,"42.25,-83.75 (100.0%)"
2023-11-28,13.88,-10.07,-2.0,Moderate cold stress,8.6 to 32.0 F,37.68,18.07,56.32,-23.8,0,450,1,"42.25,-83.75 (100.0%)"
2023-11-29,31.59,-0.23,-2.0,Moderate cold stress,8.6 to 32.0 F,36.62,16.73,55.81,-5.03,0,450,1,"42.25,-83.75 (100.0%)"
2023-11-30,41.62,5.34,-1.0,Slight cold stress,32.0 to 48.2 F,36.04,16.04,55.35,5.58,0,450,1,"42.25,-83.75 (100.0%)"
2023-12-01,43.8,6.55,-1.0,Slight cold stress,32.0 to 48.2 F,35.55,15.63,54.6,8.25,0,450,1,"42.25,-83.75 (100.0%)"
2023-12-02,41.31,5.17,-1.0,Slight cold stress,32.0 to 48.2 F,35.41,15.63,54.0,5.9,0,450,1,"42.25,-83.75 (100.0%)"
2023-12-03,38.97,3.87,-1.0,Slight cold stress,32.0 to 48.2 F,34.83,14.52,53.52,4.14,0,450,1,"42.25,-83.75 (100.0%)"
2023-12-04,32.49,0.27,-1.0,Slight cold stress,32.0 to 48.2 F,34.19,13.82,54.0,-1.7,0,450,1,"42.25,-83.75 (100.0%)"
2023-12-05,38.14,3.41,-1.0,Slight cold stress,32.0 to 48.2 F,33.85,13.48,53.42,4.29,0,450,1,"42.25,-83.75 (100.0%)"
2023-12-06,38.89,3.83,-1.0,Slight cold stress,32.0 to 48.2 F,33.6,12.66,53.49,5.29,0,450,1,"42.25,-83.75 (100.0%)"
2023-12-07,53.23,11.79,0.0,No thermal stress,48.2 to 78.8 F,33.28,12.02,53.42,19.95,0,450,1,"42.25,-83.75 (100.0%)"
2023-12-08,44.82,7.12,-1.0,Slight cold stress,32.0 to 48.2 F,32.67,10.7,53.14,12.15,0,450,1,"42.25,-83.75 (100.0%)"
2023-12-09,46.44,8.02,-1.0,Slight cold stress,32.0 to 48.2 F,32.68,10.7,53.14,13.76,0,450,1,"42.25,-83.75 (100.0%)"
2023-12-10,29.39,-1.45,-2.0,Moderate cold stress,8.6 to 32.0 F,32.2,10.63,52.45,-2.81,0,450,1,"42.25,-83.75 (100.0%)"
2023-12-11,26.46,-3.08,-2.0,Moderate cold stress,8.6 to 32.0 F,31.62,10.12,52.19,-5.16,0,450,1,"42.25,-83.75 (100.0%)"
2023-12-12,26.23,-3.21,-2.0,Moderate cold stress,8.6 to 32.0 F,31.13,9.27,51.67,-4.9,0,450,1,"42.25,-83.75 (100.0%)"
2023-12-13,43.28,6.27,-1.0,Slight cold stress,32.0 to 48.2 F,30.91,9.86,51.03,12.37,0,450,1,"42.25,-83.75 (100.0%)"
2023-12-14,43.12,6.18,-1.0,Slight cold stress,32.0 to 48.2 F,31.19,10.12,50.76,11.93,0,450,1,"42.25,-83.75 (100.0%)"
2023-12-15,56.95,13.86,0.0,No thermal stress,48.2 to 78.8 F,31.07,10.13,50.68,25.88,1,450,1,"42.25,-83.75 (100.0%)"
2023-12-16,42.84,6.02,-1.0,Slight cold stress,32.0 to 48.2 F,30.83,9.59,50.64,12.01,0,450,1,"42.25,-83.75 (100.0%)"
2023-12-17,39.39,4.1,-1.0,Slight cold stress,32.0 to 48.2 F,30.28,9.05,50.19,9.11,0,450,1,"42.25,-83.75 (100.0%)"
2023-12-18,24.54,-4.14,-2.0,Moderate cold stress,8.6 to 32.0 F,30.07,8.81,50.17,-5.53,0,450,1,"42.25,-83.75 (100.0%)"
2023-12-19,32.32,0.18,-1.0,Slight cold stress,32.0 to 48.2 F,29.89,8.92,49.82,2.43,0,450,1,"42.25,-83.75 (100.0%)"
2023-12-20,52.49,11.38,0.0,No thermal stress,48.2 to 78.8 F,29.75,9.06,49.54,22.74,1,450,1,"42.25,-83.75 (100.0%)"
2023-12-21,37.51,3.06,-1.0,Slight cold stress,32.0 to 48.2 F,29.48,8.81,48.96,8.03,0,450,1,"42.25,-83.75 (100.0%)"
2023-12-22,33.57,0.87,-1.0,Slight cold stress,32.0 to 48.2 F,29.34,9.06,48.03,4.23,0,450,1,"42.25,-83.75 (100.0%)"
2023-12-23,47.54,8.63,-1.0,Slight cold stress,32.0 to 48.2 F,29.26,9.06,48.26,18.28,0,450,1,"42.25,-83.75 (100.0%)"
2023-12-24,46.45,8.03,-1.0,Slight cold stress,32.0 to 48.2 F,28.82,8.15,47.87,17.63,0,450,1,"42.25,-83.75 (100.0%)"
2023-12-25,55.38,12.99,0.0,No thermal stress,48.2 to 78.8 F,28.52,7.93,47.72,26.86,1,450,1,"42.25,-83.75 (100.0%)"
2023-12-26,54.34,12.41,0.0,No thermal stress,48.2 to 78.8 F,28.2,7.29,47.12,26.14,1,450,1,"42.25,-83.75 (100.0%)"
2023-12-27,43.91,6.62,-1.0,Slight cold stress,32.0 to 48.2 F,28.01,7.24,46.84,15.9,0,450,1,"42.25,-83.75 (100.0%)"
2023-12-28,48.0,8.89,-1.0,Slight cold stress,32.0 to 48.2 F,27.71,6.28,46.42,20.29,1,450,1,"42.25,-83.75 (100.0%)"
2023-12-29,39.46,4.15,-1.0,Slight cold stress,32.0 to 48.2 F,27.46,6.03,46.27,12.0,0,450,1,"42.25,-83.75 (100.0%)"
2023-12-30,31.55,-0.25,-2.0,Moderate cold stress,8.6 to 32.0 F,27.11,5.06,46.02,4.44,0,450,1,"42.25,-83.75 (100.0%)"
2023-12-31,34.41,1.34,-1.0,Slight cold stress,32.0 to 48.2 F,26.72,4.33,45.82,7.69,0,450,1,"42.25,-83.75 (100.0%)"
2024-01-01,24.69,-4.06,-2.0,Moderate cold stress,8.6 to 32.0 F,26.92,4.33,46.02,-2.23,0,450,1,"42.25,-83.75 (100.0%)"
2024-01-02,26.27,-3.18,-2.0,Moderate cold stress,8.6 to 32.0 F,27.11,4.85,45.6,-0.84,0,450,1,"42.25,-83.75 (100.0%)"
2024-01-03,30.09,-1.06,-2.0,Moderate cold stress,8.6 to 32.0 F,26.88,3.47,45.03,3.21,0,450,1,"42.25,-83.75 (100.0%)"
2024-01-04,44.76,7.09,-1.0,Slight cold stress,32.0 to 48.2 F,26.74,3.21,45.08,18.02,0,450,1,"42.25,-83.75 (100.0%)"
2024-01-05,38.05,3.36,-1.0,Slight cold stress,32.0 to 48.2 F,26.84,2.78,45.74,11.21,0,450,1,"42.25,-83.75 (100.0%)"
2024-01-06,30.38,-0.9,-2.0,Moderate cold stress,8.6 to 32.0 F,26.53,2.78,45.43,3.85,0,450,1,"42.25,-83.75 (100.0%)"
2024-01-07,35.24,1.8,-1.0,Slight cold stress,32.0 to 48.2 F,26.69,2.74,45.49,8.55,0,450,1,"42.25,-83.75 (100.0%)"
2024-01-08,37.89,3.27,-1.0,Slight cold stress,32.0 to 48.2 F,26.84,3.32,46.02,11.05,0,450,1,"42.25,-83.75 (100.0%)"
2024-01-09,34.18,1.21,-1.0,Slight cold stress,32.0 to 48.2 F,26.67,2.77,45.49,7.51,0,450,1,"42.25,-83.75 (100.0%)"
2024-01-10,18.87,-7.3,-2.0,Moderate cold stress,8.6 to 32.0 F,26.49,2.42,45.43,-7.62,0,450,1,"42.25,-83.75 (100.0%)"
2024-01-11,24.72,-4.04,-2.0,Moderate cold stress,8.6 to 32.0 F,26.19,2.42,45.49,-1.47,0,450,1,"42.25,-83.75 (100.0%)"
2024-01-12,16.96,-8.36,-2.0,Moderate cold stress,8.6 to 32.0 F,25.98,2.12,45.61,-9.02,0,450,1,"42.25,-83.75 (100.0%)"
2024-01-13,2.42,-16.44,-3.0,Strong cold stress,-16.6 to 8.6 F,26.19,3.16,45.61,-23.77,0,450,1,"42.25,-83.75 (100.0%)"
2024-01-14,-16.0,-26.67,-3.0,Strong cold stress,-16.6 to 8.6 F,26.32,3.32,45.79,-42.32,0,450,1,"42.25,-83.75 (100.0%)"
2024-01-15,7.14,-13.81,-3.0,Strong cold stress,-16.6 to 8.6 F,26.46,3.93,46.21,-19.32,0,450,1,"42.25,-83.75 (100.0%)"
2024-01-16,-5.56,-20.87,-3.0,Strong cold stress,-16.6 to 8.6 F,26.35,3.93,45.79,-31.91,0,450,1,"42.25,-83.75 (100.0%)"
2024-01-17,-0.86,-18.25,-3.0,Strong cold stress,-16.6 to 8.6 F,26.09,3.93,45.79,-26.95,0,450,1,"42.25,-83.75 (100.0%)"
2024-01-18,24.79,-4.0,-2.0,Moderate cold stress,8.6 to 32.0 F,26.0,4.11,45.61,-1.21,0,450,1,"42.25,-83.75 (100.0%)"
2024-01-19,15.38,-9.23,-2.0,Moderate cold stress,8.6 to 32.0 F,25.83,4.11,45.54,-10.45,0,450,1,"42.25,-83.75 (100.0%)"
2024-01-20,11.56,-11.36,-2.0,Moderate cold stress,8.6 to 32.0 F,25.59,4.13,45.49,-14.03,0,450,1,"42.25,-83.75 (100.0%)"
2024-01-21,32.92,0.51,-1.0,Slight cold stress,32.0 to 48.2 F,25.63,4.13,45.79,7.29,0,450,1,"42.25,-83.75 (100.0%)"
2024-01-22,17.5,-8.05,-2.0,Moderate cold stress,8.6 to 32.0 F,25.58,4.13,45.88,-8.08,0,450,1,"42.25,-83.75 (100.0%)"
2024-01-23,29.68,-1.29,-2.0,Moderate cold stress,8.6 to 32.0 F,25.66,4.02,45.84,4.02,0,450,1,"42.25,-83.75 (100.0%)"
2024-01-24,36.52,2.51,-1.0,Slight cold stress,32.0 to 48.2 F,25.82,4.19,45.88,10.7,0,450,1,"42.25,-83.75 (100.0%)"
2024-01-25,40.46,4.7,-1.0,Slight cold stress,32.0 to 48.2 F,26.53,5.45,46.51,13.93,0,450,1,"42.25,-83.75 (100.0%)"
2024-01-26,51.63,10.91,0.0,No thermal stress,48.2 to 78.8 F,27.11,5.57,47.18,24.52,1,450,1,"42.25,-83.75 (100.0%)"
2024-01-27,52.98,11.65,0.0,No thermal stress,48.2 to 78.8 F,27.85,5.6,48.62,25.13,1,450,1,"42.25,-83.75 (100.0%)"
2024-01-28,19.6,-6.89,-2.0,Moderate cold stress,8.6 to 32.0 F,27.83,6.03,49.09,-8.23,0,450,1,"42.25,-83.75 (100.0%)"
2024-01-29,45.69,7.6,-1.0,Slight cold stress,32.0 to 48.2 F,27.91,5.98,49.47,17.78,0,450,1,"42.25,-83.75 (100.0%)"
2024-01-30,35.12,1.74,-1.0,Slight cold stress,32.0 to 48.2 F,28.43,6.67,49.63,6.69,0,450,1,"42.25,-83.75 (100.0%)"
2024-01-31,48.23,9.02,0.0,No thermal stress,48.2 to 78.8 F,28.83,7.0,49.95,19.4,0,450,1,"42.25,-83.75 (100.0%)"
2024-02-01,51.47,10.82,0.0,No thermal stress,48.2 to 78.8 F,29.42,7.05,50.83,22.05,1,450,1,"42.25,-83.75 (100.0%)"
2024-02-02,43.67,6.48,-1.0,Slight cold stress,32.0 to 48.2 F,30.09,7.42,51.44,13.58,0,450,1,"42.25,-83.75 (100.0%)"
2024-02-03,57.41,14.12,0.0,No thermal stress,48.2 to 78.8 F,30.27,7.52,52.34,27.14,1,450,1,"42.25,-83.75 (100.0%)"
2024-02-04,62.83,17.13,0.0,No thermal stress,48.2 to 78.8 F,30.17,7.25,51.84,32.66,1,450,1,"42.25,-83.75 (100.0%)"
2024-02-05,53.4,11.89,0.0,No thermal stress,48.2 to 78.8 F,30.06,7.0,50.72,23.34,1,450,1,"42.25,-83.75 (100.0%)"
2024-02-06,59.12,15.07,0.0,No thermal stress,48.2 to 78.8 F,29.92,7.25,51.44,29.2,1,450,1,"42.25,-83.75 (100.0%)"
2024-02-07,59.49,15.27,0.0,No thermal stress,48.2 to 78.8 F,30.29,7.96,51.44,29.2,1,450,1,"42.25,-83.75 (100.0%)"
2024-02-08,53.4,11.89,0.0,No thermal stress,48.2 to 78.8 F,30.68,8.06,52.26,22.72,1,450,1,"42.25,-83.75 (100.0%)"
2024-02-09,50.07,10.04,0.0,No thermal stress,48.2 to 78.8 F,30.85,8.23,52.42,19.22,0,450,1,"42.25,-83.75 (100.0%)"
2024-02-10,43.69,6.49,-1.0,Slight cold stress,32.0 to 48.2 F,30.89,8.32,52.59,12.8,0,450,1,"42.25,-83.75 (100.0%)"
2024-02-11,59.2,15.11,0.0,No thermal stress,48.2 to 78.8 F,30.85,9.29,52.26,28.35,1,450,1,"42.25,-83.75 (100.0%)"
2024-02-12,63.76,17.64,0.0,No thermal stress,48.2 to 78.8 F,31.35,9.24,52.5,32.41,1,450,1,"42.25,-83.75 (100.0%)"
2024-02-13,38.91,3.84,-1.0,Slight cold stress,32.0 to 48.2 F,31.86,10.33,52.29,7.05,0,450,1,"42.25,-83.75 (100.0%)"
2024-02-14,51.31,10.73,0.0,No thermal stress,48.2 to 78.8 F,32.12,10.45,52.59,19.19,0,450,1,"42.25,-83.75 (100.0%)"
2024-02-15,21.13,-6.04,-2.0,Moderate cold stress,8.6 to 32.0 F,32.48,10.45,52.65,-11.35,0,450,1,"42.25,-83.75 (100.0%)"
2024-02-16,35.52,1.96,-1.0,Slight cold stress,32.0 to 48.2 F,32.96,10.86,52.59,2.56,0,450,1,"42.25,-83.75 (100.0%)"
2024-02-17,7.11,-13.83,-3.0,Strong cold stress,-16.6 to 8.6 F,33.18,10.41,52.65,-26.07,0,450,1,"42.25,-83.75 (100.0%)"
2024-02-18,17.77,-7.9,-2.0,Moderate cold stress,8.6 to 32.0 F,33.6,10.48,53.18,-15.83,0,450,1,"42.25,-83.75 (100.0%)"
2024-02-19,52.39,11.33,0.0,No thermal stress,48.2 to 78.8 F,34.15,10.91,53.18,18.24,0,450,1,"42.25,-83.75 (100.0%)"
2024-02-20,50.95,10.53,0.0,No thermal stress,48.2 to 78.8 F,34.81,11.63,53.82,16.14,0,450,1,"42.25,-83.75 (100.0%)"
2024-02-21,52.54,11.41,0.0,No thermal stress,48.2 to 78.8 F,35.84,13.51,54.87,16.7,0,458,1,"42.25,-83.75 (100.0%)"
2024-02-22,57.66,14.26,0.0,No thermal stress,48.2 to 78.8 F,36.11,13.51,55.25,21.55,1,458,1,"42.25,-83.75 (100.0%)"
2024-02-23,50.79,10.44,0.0,No thermal stress,48.2 to 78.8 F,36.51,15.03,55.43,14.28,0,458,1,"42.25,-83.75 (100.0%)"
2024-02-24,54.5,12.5,0.0,No thermal stress,48.2 to 78.8 F,36.64,13.9,56.02,17.86,0,458,1,"42.25,-83.75 (100.0%)"
2024-02-25,40.87,4.93,-1.0,Slight cold stress,32.0 to 48.2 F,37.26,14.48,56.52,3.61,0,458,1,"42.25,-83.75 (100.0%)"
2024-02-26,55.73,13.18,0.0,No thermal stress,48.2 to 78.8 F,37.81,15.03,57.49,17.92,0,458,1,"42.25,-83.75 (100.0%)"
2024-02-27,67.73,19.85,0.0,No thermal stress,48.2 to 78.8 F,38.16,16.07,57.58,29.57,1,458,1,"42.25,-83.75 (100.0%)"
2024-02-28,39.97,4.43,-1.0,Slight cold stress,32.0 to 48.2 F,38.88,16.44,58.91,1.09,0,458,1,"42.25,-83.75 (100.0%)"
2024-02-29,37.67,3.15,-1.0,Slight cold stress,32.0 to 48.2 F,38.88,16.44,58.91,-1.21,0,458,1,"42.25,-83.75 (100.0%)"
2024-03-01,45.58,7.54,-1.0,Slight cold stress,32.0 to 48.2 F,39.1,16.58,60.18,6.48,0,458,1,"42.25,-83.75 (100.0%)"
2024-03-02,62.46,16.92,0.0,No thermal stress,48.2 to 78.8 F,39.28,16.58,60.34,23.18,1,458,1,"42.25,-83.75 (100.0%)"
2024-03-03,58.36,14.64,0.0,No thermal stress,48.2 to 78.8 F,39.32,16.07,60.16,19.04,0,458,1,"42.25,-83.75 (100.0%)"
2024-03-04,66.27,19.04,0.0,No thermal stress,48.2 to 78.8 F,39.98,16.69,60.41,26.29,1,458,1,"42.25,-83.75 (100.0%)"
2024-03-05,60.63,15.91,0.0,No thermal stress,48.2 to 78.8 F,40.67,17.28,60.57,19.96,1,458,1,"42.25,-83.75 (100.0%)"
2024-03-06,42.18,5.66,-1.0,Slight cold stress,32.0 to 48.2 F,41.01,16.87,60.82,1.17,0,458,1,"42.25,-83.75 (100.0%)"
2024-03-07,54.83,12.68,0.0,No thermal stress,48.2 to 78.8 F,41.43,17.28,62.03,13.4,0,458,1,"42.25,-83.75 (100.0%)"
2024-03-08,49.61,9.78,0.0,No thermal stress,48.2 to 78.8 F,41.78,17.38,62.83,7.83,0,450,1,"42.25,-83.75 (100.0%)"
2024-03-09,39.91,4.4,-1.0,Slight cold stress,32.0 to 48.2 F,42.21,16.94,64.44,-2.3,0,450,1,"42.25,-83.75 (100.0%)"
2024-03-10,15.7,-9.06,-2.0,Moderate cold stress,8.6 to 32.0 F,42.91,17.57,64.44,-27.21,0,450,1,"42.25,-83.75 (100.0%)"
2024-03-11,49.97,9.98,0.0,No thermal stress,48.2 to 78.8 F,43.59,18.77,64.54,6.38,0,450,1,"42.25,-83.75 (100.0%)"
2024-03-12,63.27,17.37,0.0,No thermal stress,48.2 to 78.8 F,43.94,19.98,64.54,19.33,0,450,1,"42.25,-83.75 (100.0%)"
2024-03-13,80.51,26.95,1.0,Moderate heat stress,78.8 to 89.6 F,44.27,19.98,64.66,36.24,1,450,1,"42.25,-83.75 (100.0%)"
2024-03-14,56.48,13.6,0.0,No thermal stress,48.2 to 78.8 F,44.57,21.17,65.49,11.91,0,450,1,"42.25,-83.75 (100.0%)"
2024-03-15,59.12,15.07,0.0,No thermal stress,48.2 to 78.8 F,44.5,21.32,65.49,14.62,0,450,1,"42.25,-83.75 (100.0%)"
2024-03-16,44.07,6.7,-1.0,Slight cold stress,32.0 to 48.2 F,45.02,22.05,65.49,-0.95,0,450,1,"42.25,-83.75 (100.0%)"
2024-03-17,38.72,3.73,-1.0,Slight cold stress,32.0 to 48.2 F,45.65,22.81,66.09,-6.93,0,450,1,"42.25,-83.75 (100.0%)"
2024-03-18,26.27,-3.18,-2.0,Moderate cold stress,8.6 to 32.0 F,46.0,22.99,66.25,-19.73,0,450,1,"42.25,-83.75 (100.0%)"
2024-03-19,25.38,-3.68,-2.0,Moderate cold stress,8.6 to 32.0 F,46.43,23.08,66.25,-21.05,0,450,1,"42.25,-83.75 (100.0%)"
2024-03-20,25.24,-3.75,-2.0,Moderate cold stress,8.6 to 32.0 F,46.91,24.23,66.6,-21.67,0,450,1,"42.25,-83.75 (100.0%)"
2024-03-21,46.94,8.3,-1.0,Slight cold stress,32.0 to 48.2 F,47.75,26.0,66.25,-0.81,0,450,1,"42.25,-83.75 (100.0%)"
2024-03-22,38.47,3.59,-1.0,Slight cold stress,32.0 to 48.2 F,48.44,27.38,66.6,-9.97,0,450,1,"42.25,-83.75 (100.0%)"
2024-03-23,35.59,2.0,-1.0,Slight cold stress,32.0 to 48.2 F,48.82,28.43,66.6,-13.23,0,450,1,"42.25,-83.75 (100.0%)"
2024-03-24,31.57,-0.24,-2.0,Moderate cold stress,8.6 to 32.0 F,49.1,30.49,66.09,-17.53,0,450,1,"42.25,-83.75 (100.0%)"
2024-03-25,59.02,15.01,0.0,No thermal stress,48.2 to 78.8 F,49.35,30.71,66.47,9.67,0,450,1,"42.25,-83.75 (100.0%)"
2024-03-26,42.95,6.08,-1.0,Slight cold stress,32.0 to 48.2 F,49.92,30.71,67.04,-6.97,0,450,1,"42.25,-83.75 (100.0%)"
2024-03-27,29.76,-1.25,-2.0,Moderate cold stress,8.6 to 32.0 F,50.33,30.62,67.84,-20.57,0,450,1,"42.25,-83.75 (100.0%)"
2024-03-28,36.94,2.74,-1.0,Slight cold stress,32.0 to 48.2 F,50.37,30.71,67.72,-13.43,0,450,1,"42.25,-83.75 (100.0%)"
2024-03-29,58.98,14.99,0.0,No thermal stress,48.2 to 78.8 F,50.69,31.27,67.97,8.29,0,450,1,"42.25,-83.75 (100.0%)"
2024-03-30,56.62,13.68,0.0,No thermal stress,48.2 to 78.8 F,51.24,31.27,68.92,5.38,0,450,1,"42.25,-83.75 (100.0%)"
2024-03-31,67.99,19.99,0.0,No thermal stress,48.2 to 78.8 F,51.61,31.27,69.07,16.38,0,450,1,"42.25,-83.75 (100.0%)"
2024-04-01,59.52,15.29,0.0,No thermal stress,48.2 to 78.8 F,51.95,31.27,69.23,7.57,0,450,1,"42.25,-83.75 (100.0%)"
2024-04-02,38.96,3.86,-1.0,Slight cold stress,32.0 to 48.2 F,52.43,31.91,69.31,-13.47,0,450,1,"42.25,-83.75 (100.0%)"
2024-04-03,56.69,13.71,0.0,No thermal stress,48.2 to 78.8 F,52.48,31.71,69.37,4.21,0,450,1,"42.25,-83.75 (100.0%)"
2024-04-04,53.84,12.13,0.0,No thermal stress,48.2 to 78.8 F,52.75,31.91,69.74,1.09,0,450,1,"42.25,-83.75 (100.0%)"
2024-04-05,35.88,2.16,-1.0,Slight cold stress,32.0 to 48.2 F,52.87,31.67,69.89,-16.99,0,450,1,"42.25,-83.75 (100.0%)"
2024-04-06,60.02,15.57,0.0,No thermal stress,48.2 to 78.8 F,52.91,30.96,70.18,7.11,0,450,1,"42.25,-83.75 (100.0%)"
2024-04-07,54.6,12.56,0.0,No thermal stress,48.2 to 78.8 F,53.26,30.47,70.39,1.34,0,450,1,"42.25,-83.75 (100.0%)"
2024-04-08,72.32,22.4,0.0,No thermal stress,48.2 to 78.8 F,53.92,31.67,71.46,18.4,1,450,1,"42.25,-83.75 (100.0%)"
2024-04-09,69.54,20.86,0.0,No thermal stress,48.2 to 78.8 F,54.27,31.24,71.73,15.27,0,450,1,"42.25,-83.75 (100.0%)"
2024-04-10,76.68,24.82,0.0,No thermal stress,48.2 to 78.8 F,54.42,31.24,71.95,22.26,1,450,1,"42.25,-83.75 (100.0%)"
2024-04-11,55.42,13.01,0.0,No thermal stress,48.2 to 78.8 F,55.35,32.37,73.24,0.07,0,450,1,"42.25,-83.75 (100.0%)"
2024-04-12,38.03,3.35,-1.0,Slight cold stress,32.0 to 48.2 F,56.36,35.4,73.51,-18.33,0,450,1,"42.25,-83.75 (100.0%)"
2024-04-13,55.76,13.2,0.0,No thermal stress,48.2 to 78.8 F,56.94,35.4,73.86,-1.18,0,450,1,"42.25,-83.75 (100.0%)"
2024-04-14,75.59,24.22,0.0,No thermal stress,48.2 to 78.8 F,57.32,35.86,74.34,18.27,1,450,1,"42.25,-83.75 (100.0%)"
2024-04-15,78.04,25.58,0.0,No thermal stress,48.2 to 78.8 F,57.57,36.62,74.55,20.47,1,450,1,"42.25,-83.75 (100.0%)"
2024-04-16,66.52,19.18,0.0,No thermal stress,48.2 to 78.8 F,57.93,36.62,74.58,8.59,0,450,1,"42.25,-83.75 (100.0%)"
2024-04-17,68.94,20.52,0.0,No thermal stress,48.2 to 78.8 F,58.57,37.4,75.15,10.37,0,450,1,"42.25,-83.75 (100.0%)"
2024-04-18,78.7,25.95,0.0,No thermal stress,48.2 to 78.8 F,59.09,38.67,75.36,19.61,1,450,1,"42.25,-83.75 (100.0%)"
2024-04-19,47.55,8.64,-1.0,Slight cold stress,32.0 to 48.2 F,59.38,39.43,76.04,-11.83,0,450,1,"42.25,-83.75 (100.0%)"
2024-04-20,38.47,3.59,-1.0,Slight cold stress,32.0 to 48.2 F,59.64,39.7,76.13,-21.17,0,450,1,"42.25,-83.75 (100.0%)"
2024-04-21,49.46,9.7,0.0,No thermal stress,48.2 to 78.8 F,60.08,40.09,76.16,-10.62,0,450,1,"42.25,-83.75 (100.0%)"
2024-04-22,61.87,16.59,0.0,No thermal stress,48.2 to 78.8 F,60.5,40.95,76.19,1.37,0,450,1,"42.25,-83.75 (100.0%)"
2024-04-23,47.13,8.41,-1.0,Slight cold stress,32.0 to 48.2 F,60.85,41.24,76.19,-13.72,0,450,1,"42.25,-83.75 (100.0%)"
2024-04-24,48.97,9.43,0.0,No thermal stress,48.2 to 78.8 F,61.36,42.66,76.39,-12.39,0,450,1,"42.25,-83.75 (100.0%)"
2024-04-25,68.01,20.01,0.0,No thermal stress,48.2 to 78.8 F,61.89,44.24,76.95,6.12,0,450,1,"42.25,-83.75 (100.0%)"
2024-04-26,60.15,15.64,0.0,No thermal stress,48.2 to 78.8 F,61.98,44.24,76.95,-1.83,0,450,1,"42.25,-83.75 (100.0%)"
2024-04-27,77.55,25.3,0.0,No thermal stress,48.2 to 78.8 F,62.34,45.1,76.95,15.21,1,450,1,"42.25,-83.75 (100.0%)"
2024-04-28,82.78,28.21,1.0,Moderate heat stress,78.8 to 89.6 F,62.79,45.94,76.96,19.99,1,450,1,"42.25,-83.75 (100.0%)"
2024-04-29,76.32,24.62,0.0,No thermal stress,48.2 to 78.8 F,63.48,47.52,77.46,12.84,0,450,1,"42.25,-83.75 (100.0%)"
2024-04-30,66.79,19.33,0.0,No thermal stress,48.2 to 78.8 F,64.29,48.53,77.63,2.5,0,450,1,"42.25,-83.75 (100.0%)"
2024-05-01,75.67,24.26,0.0,No thermal stress,48.2 to 78.8 F,64.79,48.65,78.06,10.88,0,450,1,"42.25,-83.75 (100.0%)"
2024-05-02,75.22,24.01,0.0,No thermal stress,48.2 to 78.8 F,65.32,49.17,79.15,9.9,0,450,1,"42.25,-83.75 (100.0%)"
2024-05-03,85.66,29.81,1.0,Moderate heat stress,78.8 to 89.6 F,65.99,49.77,79.82,19.67,1,450,1,"42.25,-83.75 (100.0%)"
2024-05-04,78.4,25.78,0.0,No thermal stress,48.2 to 78.8 F,66.32,49.65,80.13,12.08,0,450,1,"42.25,-83.75 (100.0%)"
2024-05-05,73.15,22.86,0.0,No thermal stress,48.2 to 78.8 F,66.73,49.38,80.72,6.42,0,450,1,"42.25,-83.75 (100.0%)"
2024-05-06,68.93,20.51,0.0,No thermal stress,48.2 to 78.8 F,67.33,50.33,81.37,1.6,0,450,1,"42.25,-83.75 (100.0%)"
2024-05-07,68.05,20.03,0.0,No thermal stress,48.2 to 78.8 F,67.72,50.39,81.94,0.33,0,450,1,"42.25,-83.75 (100.0%)"
2024-05-08,74.29,23.5,0.0,No thermal stress,48.2 to 78.8 F,67.96,50.07,82.34,6.33,0,450,1,"42.25,-83.75 (100.0%)"
2024-05-09,57.28,14.05,0.0,No thermal stress,48.2 to 78.8 F,68.29,50.33,82.62,-11.01,0,450,1,"42.25,-83.75 (100.0%)"
2024-05-10,65.16,18.42,0.0,No thermal stress,48.2 to 78.8 F,68.78,50.77,82.86,-3.62,0,450,1,"42.25,-83.75 (100.0%)"
2024-05-11,50.9,10.5,0.0,No thermal stress,48.2 to 78.8 F,68.91,51.78,83.07,-18.01,0,450,1,"42.25,-83.75 (100.0%)"
2024-05-12,74.37,23.54,0.0,No thermal stress,48.2 to 78.8 F,69.21,51.78,83.47,5.16,0,450,1,"42.25,-83.75 (100.0%)"
2024-05-13,75.53,24.18,0.0,No thermal stress,48.2 to 78.8 F,69.68,52.03,83.97,5.85,0,450,1,"42.25,-83.75 (100.0%)"
2024-05-14,81.05,27.25,1.0,Moderate heat stress,78.8 to 89.6 F,69.91,52.16,84.48,11.14,0,450,1,"42.25,-83.75 (100.0%)"
2024-05-15,75.72,24.29,0.0,No thermal stress,48.2 to 78.8 F,70.28,52.88,84.76,5.44,0,450,1,"42.25,-83.75 (100.0%)"
2024-05-16,83.32,28.51,1.0,Moderate heat stress,78.8 to 89.6 F,70.82,54.11,85.48,12.5,0,450,1,"42.25,-83.75 (100.0%)"
2024-05-17,85.32,29.62,1.0,Moderate heat stress,78.8 to 89.6 F,71.01,54.3,85.81,14.31,0,450,1,"42.25,-83.75 (100.0%)"
2024-05-18,88.36,31.31,1.0,Moderate heat stress,78.8 to 89.6 F,71.2,54.3,86.13,17.16,1,450,1,"42.25,-83.75 (100.0%)"
2024-05-19,91.5,33.05,2.0,Strong heat stress,89.6 to 100.4 F,71.89,55.55,86.51,19.61,1,450,1,"42.25,-83.75 (100.0%)"
2024-05-20,92.2,33.44,2.0,Strong heat stress,89.6 to 100.4 F,72.59,57.55,86.7,19.61,1,450,1,"42.25,-83.75 (100.0%)"
2024-05-21,91.66,33.14,2.0,Strong heat stress,89.6 to 100.4 F,73.25,58.24,86.93,18.41,1,450,1,"42.25,-83.75 (100.0%)"
2024-05-22,80.64,27.02,1.0,Moderate heat stress,78.8 to 89.6 F,73.89,58.73,87.48,6.75,0,450,1,"42.25,-83.75 (100.0%)"
2024-05-23,78.52,25.84,0.0,No thermal stress,48.2 to 78.8 F,74.67,59.71,88.0,3.85,0,450,1,"42.25,-83.75 (100.0%)"
2024-05-24,87.57,30.87,1.0,Moderate heat stress,78.8 to 89.6 F,75.17,60.03,88.24,12.4,0,450,1,"42.25,-83.75 (100.0%)"
2024-05-25,79.97,26.65,1.0,Moderate heat stress,78.8 to 89.6 F,75.44,60.03,88.36,4.53,0,450,1,"42.25,-83.75 (100.0%)"
2024-05-26,76.97,24.99,0.0,No thermal stress,48.2 to 78.8 F,75.93,60.85,88.62,1.04,0,450,1,"42.25,-83.75 (100.0%)"
2024-05-27,64.61,18.12,0.0,No thermal stress,48.2 to 78.8 F,76.18,61.38,88.43,-11.57,0,450,1,"42.25,-83.75 (100.0%)"
2024-05-28,74.0,23.33,0.0,No thermal stress,48.2 to 78.8 F,76.42,62.28,88.6,-2.42,0,450,1,"42.25,-83.75 (100.0%)"
2024-05-29,71.9,22.17,0.0,No thermal stress,48.2 to 78.8 F,76.75,62.83,88.79,-4.85,0,450,1,"42.25,-83.75 (100.0%)"
2024-05-30,78.36,25.76,0.0,No thermal stress,48.2 to 78.8 F,77.04,62.83,88.94,1.32,0,450,1,"42.25,-83.75 (100.0%)"
2024-05-31,82.08,27.82,1.0,Moderate heat stress,78.8 to 89.6 F,77.38,63.29,89.31,4.7,0,450,1,"42.25,-83.75 (100.0%)"
2024-06-01,79.62,26.46,1.0,Moderate heat stress,78.8 to 89.6 F,77.95,64.57,89.53,1.67,0,450,1,"42.25,-83.75 (100.0%)"
2024-06-02,83.29,28.5,1.0,Moderate heat stress,78.8 to 89.6 F,78.51,65.72,89.65,4.78,0,450,1,"42.25,-83.75 (100.0%)"
2024-06-03,87.33,30.74,1.0,Moderate heat stress,78.8 to 89.6 F,78.93,66.01,89.97,8.4,0,450,1,"42.25,-83.75 (100.0%)"
2024-06-04,87.44,30.8,1.0,Moderate heat stress,78.8 to 89.6 F,79.39,67.5,90.32,8.05,0,450,1,"42.25,-83.75 (100.0%)"
2024-06-05,84.16,28.98,1.0,Moderate heat stress,78.8 to 89.6 F,79.56,68.01,90.46,4.6,0,450,1,"42.25,-83.75 (100.0%)"
2024-06-06,71.52,21.95,0.0,No thermal stress,48.2 to 78.8 F,79.74,68.48,90.4,-8.22,0,450,1,"42.25,-83.75 (100.0%)"
2024-06-07,61.63,16.46,0.0,No thermal stress,48.2 to 78.8 F,80.0,68.92,90.36,-18.37,0,450,1,"42.25,-83.75 (100.0%)"
2024-06-08,76.42,24.68,0.0,No thermal stress,48.2 to 78.8 F,80.37,69.52,90.5,-3.95,0,450,1,"42.25,-83.75 (100.0%)"
2024-06-09,69.43,20.79,0.0,No thermal stress,48.2 to 78.8 F,80.79,69.85,90.79,-11.36,0,450,1,"42.25,-83.75 (100.0%)"
2024-06-10,71.15,21.75,0.0,No thermal stress,48.2 to 78.8 F,81.31,69.96,91.35,-10.16,0,450,1,"42.25,-83.75 (100.0%)"
2024-06-11,82.33,27.96,1.0,Moderate heat stress,78.8 to 89.6 F,82.06,70.24,92.17,0.27,0,450,1,"42.25,-83.75 (100.0%)"
2024-06-12,82.64,28.13,1.0,Moderate heat stress,78.8 to 89.6 F,82.57,70.62,92.55,0.07,0,450,1,"42.25,-83.75 (100.0%)"
2024-06-13,85.17,29.54,1.0,Moderate heat stress,78.8 to 89.6 F,82.98,71.32,92.81,2.19,0,450,1,"42.25,-83.75 (100.0%)"
2024-06-14,84.23,29.02,1.0,Moderate heat stress,78.8 to 89.6 F,83.43,72.24,93.04,0.8,0,450,1,"42.25,-83.75 (100.0%)"
2024-06-15,86.77,30.43,1.0,Moderate heat stress,78.8 to 89.6 F,83.67,72.41,93.06,3.1,0,450,1,"42.25,-83.75 (100.0%)"
2024-06-16,86.14,30.08,1.0,Moderate heat stress,78.8 to 89.6 F,83.87,72.74,93.13,2.27,0,450,1,"42.25,-83.75 (100.0%)"
2024-06-17,98.68,37.04,2.0,Strong heat stress,89.6 to 100.4 F,84.1,73.25,93.17,14.58,1,450,1,"42.25,-83.75 (100.0%)"
2024-06-18,93.83,34.35,2.0,Strong heat stress,89.6 to 100.4 F,84.29,73.38,93.37,9.54,1,450,1,"42.25,-83.75 (100.0%)"
2024-06-19,99.45,37.47,2.0,Strong heat stress,89.6 to 100.4 F,84.55,73.38,93.72,14.9,1,450,1,"42.25,-83.75 (100.0%)"
2024-06-20,102.45,39.14,3.0,Very strong heat stress,100.4 to 114.8 F,84.78,73.48,93.86,17.67,1,450,1,"42.25,-83.75 (100.0%)"
2024-06-21,99.23,37.35,2.0,Strong heat stress,89.6 to 100.4 F,85.06,73.98,94.01,14.17,1,450,1,"42.25,-83.75 (100.0%)"
2024-06-22,92.77,33.76,2.0,Strong heat stress,89.6 to 100.4 F,85.12,74.03,94.04,7.65,0,450,1,"42.25,-83.75 (100.0%)"
2024-06-23,80.77,27.09,1.0,Moderate heat stress,78.8 to 89.6 F,85.26,74.08,94.21,-4.49,0,450,1,"42.25,-83.75 (100.0%)"
2024-06-24,89.38,31.88,1.0,Moderate heat stress,78.8 to 89.6 F,85.39,74.51,94.21,3.99,0,450,1,"42.25,-83.75 (100.0%)"
2024-06-25,83.6,28.67,1.0,Moderate heat stress,78.8 to 89.6 F,85.56,74.72,94.3,-1.96,0,450,1,"42.25,-83.75 (100.0%)"
2024-06-26,87.22,30.68,1.0,Moderate heat stress,78.8 to 89.6 F,85.55,74.72,94.34,1.67,0,450,1,"42.25,-83.75 (100.0%)"
2024-06-27,81.32,27.4,1.0,Moderate heat stress,78.8 to 89.6 F,85.7,74.84,94.56,-4.38,0,450,1,"42.25,-83.75 (100.0%)"
2024-06-28,81.85,27.7,1.0,Moderate heat stress,78.8 to 89.6 F,85.99,75.38,95.06,-4.14,0,450,1,"42.25,-83.75 (100.0%)"
2024-06-29,90.5,32.5,2.0,Strong heat stress,89.6 to 100.4 F,86.14,75.47,95.57,4.36,0,450,1,"42.25,-83.75 (100.0%)"
2024-06-30,71.66,22.04,0.0,No thermal stress,48.2 to 78.8 F,86.35,75.75,95.7,-14.69,0,450,1,"42.25,-83.75 (100.0%)"
2024-07-01,82.68,28.16,1.0,Moderate heat stress,78.8 to 89.6 F,86.5,75.8,95.85,-3.82,0,450,1,"42.25,-83.75 (100.0%)"
2024-07-02,83.44,28.58,1.0,Moderate heat stress,78.8 to 89.6 F,86.53,75.8,95.71,-3.09,0,450,1,"42.25,-83.75 (100.0%)"
2024-07-03,85.61,29.79,1.0,Moderate heat stress,78.8 to 89.6 F,86.59,75.98,95.69,-0.98,0,450,1,"42.25,-83.75 (100.0%)"
2024-07-04,94.35,34.64,2.0,Strong heat stress,89.6 to 100.4 F,86.59,76.0,95.6,7.76,0,450,1,"42.25,-83.75 (100.0%)"
2024-07-05,84.57,29.2,1.0,Moderate heat stress,78.8 to 89.6 F,86.68,76.4,95.37,-2.11,0,450,1,"42.25,-83.75 (100.0%)"
2024-07-06,81.15,27.31,1.0,Moderate heat stress,78.8 to 89.6 F,86.8,76.84,95.34,-5.65,0,450,1,"42.25,-83.75 (100.0%)"
2024-07-07,88.0,31.11,1.0,Moderate heat stress,78.8 to 89.6 F,87.03,77.15,95.61,0.97,0,450,1,"42.25,-83.75 (100.0%)"
2024-07-08,91.26,32.92,2.0,Strong heat stress,89.6 to 100.4 F,87.21,77.39,95.74,4.05,0,450,1,"42.25,-83.75 (100.0%)"
2024-07-09,90.77,32.65,2.0,Strong heat stress,89.6 to 100.4 F,87.5,77.72,96.15,3.27,0,450,1,"42.25,-83.75 (100.0%)"
2024-07-10,69.07,20.59,0.0,No thermal stress,48.2 to 78.8 F,87.66,77.86,96.15,-18.59,0,450,1,"42.25,-83.75 (100.0%)"
2024-07-11,89.98,32.21,2.0,Strong heat stress,89.6 to 100.4 F,87.89,78.0,96.24,2.09,0,450,1,"42.25,-83.75 (100.0%)"
2024-07-12,91.05,32.8,2.0,Strong heat stress,89.6 to 100.4 F,87.94,78.35,96.15,3.11,0,450,1,"42.25,-83.75 (100.0%)"
2024-07-13,94.26,34.59,2.0,Strong heat stress,89.6 to 100.4 F,87.94,78.34,95.98,6.32,0,450,1,"42.25,-83.75 (100.0%)"
2024-07-14,90.6,32.56,2.0,Strong heat stress,89.6 to 100.4 F,88.08,78.61,96.37,2.52,0,450,1,"42.25,-83.75 (100.0%)"
2024-07-15,91.51,33.06,2.0,Strong heat stress,89.6 to 100.4 F,88.07,78.57,96.32,3.44,0,450,1,"42.25,-83.75 (100.0%)"
2024-07-16,91.48,33.04,2.0,Strong heat stress,89.6 to 100.4 F,88.01,78.52,96.45,3.47,0,450,1,"42.25,-83.75 (100.0%)"
2024-07-17,86.27,30.15,1.0,Moderate heat stress,78.8 to 89.6 F,88.09,78.7,96.46,-1.82,0,450,1,"42.25,-83.75 (100.0%)"
2024-07-18,75.6,24.22,0.0,No thermal stress,48.2 to 78.8 F,88.09,78.75,96.59,-12.49,0,450,1,"42.25,-83.75 (100.0%)"
2024-07-19,88.78,31.54,1.0,Moderate heat stress,78.8 to 89.6 F,88.1,78.75,96.79,0.68,0,450,1,"42.25,-83.75 (100.0%)"
2024-07-20,87.06,30.59,1.0,Moderate heat stress,78.8 to 89.6 F,88.13,78.75,96.86,-1.07,0,450,1,"42.25,-83.75 (100.0%)"
2024-07-21,91.28,32.94,2.0,Strong heat stress,89.6 to 100.4 F,88.02,78.8,96.8,3.26,0,450,1,"42.25,-83.75 (100.0%)"
2024-07-22,89.62,32.01,2.0,Strong heat stress,89.6 to 100.4 F,87.9,78.9,96.48,1.72,0,450,1,"42.25,-83.75 (100.0%)"
2024-07-23,88.16,31.2,1.0,Moderate heat stress,78.8 to 89.6 F,87.84,79.3,96.4,0.32,0,450,1,"42.25,-83.75 (100.0%)"
2024-07-24,82.92,28.29,1.0,Moderate heat stress,78.8 to 89.6 F,87.76,79.3,96.45,-4.84,0,450,1,"42.25,-83.75 (100.0%)"
2024-07-25,83.86,28.81,1.0,Moderate heat stress,78.8 to 89.6 F,87.7,78.96,96.45,-3.84,0,450,1,"42.25,-83.75 (100.0%)"
2024-07-26,88.59,31.44,1.0,Moderate heat stress,78.8 to 89.6 F,87.64,78.75,96.33,0.95,0,450,1,"42.25,-83.75 (100.0%)"
2024-07-27,88.36,31.31,1.0,Moderate heat stress,78.8 to 89.6 F,87.68,78.75,96.29,0.68,0,450,1,"42.25,-83.75 (100.0%)"
2024-07-28,93.8,34.33,2.0,Strong heat stress,89.6 to 100.4 F,87.53,78.55,96.24,6.27,0,450,1,"42.25,-83.75 (100.0%)"
2024-07-29,93.26,34.03,2.0,Strong heat stress,89.6 to 100.4 F,87.2,78.41,95.71,6.06,0,450,1,"42.25,-83.75 (100.0%)"
2024-07-30,88.31,31.28,1.0,Moderate heat stress,78.8 to 89.6 F,87.03,78.28,95.44,1.28,0,450,1,"42.25,-83.75 (100.0%)"
2024-07-31,95.5,35.28,2.0,Strong heat stress,89.6 to 100.4 F,87.11,78.55,95.26,8.39,1,450,1,"42.25,-83.75 (100.0%)"
2024-08-01,96.89,36.05,2.0,Strong heat stress,89.6 to 100.4 F,87.08,78.27,95.03,9.81,1,450,1,"42.25,-83.75 (100.0%)"
2024-08-02,89.84,32.13,2.0,Strong heat stress,89.6 to 100.4 F,87.08,78.17,95.22,2.76,0,450,1,"42.25,-83.75 (100.0%)"
2024-08-03,91.0,32.78,2.0,Strong heat stress,89.6 to 100.4 F,87.04,78.08,95.22,3.96,0,450,1,"42.25,-83.75 (100.0%)"
2024-08-04,94.16,34.54,2.0,Strong heat stress,89.6 to 100.4 F,86.87,77.86,95.26,7.29,0,450,1,"42.25,-83.75 (100.0%)"
2024-08-05,92.74,33.75,2.0,Strong heat stress,89.6 to 100.4 F,86.91,77.89,95.26,5.83,0,450,1,"42.25,-83.75 (100.0%)"
2024-08-06,71.36,21.87,0.0,No thermal stress,48.2 to 78.8 F,86.9,77.75,95.26,-15.54,0,450,1,"42.25,-83.75 (100.0%)"
2024-08-07,80.86,27.14,1.0,Moderate heat stress,78.8 to 89.6 F,86.76,77.28,95.26,-5.9,0,450,1,"42.25,-83.75 (100.0%)"
2024-08-08,91.97,33.32,2.0,Strong heat stress,89.6 to 100.4 F,86.69,76.79,95.2,5.28,0,450,1,"42.25,-83.75 (100.0%)"
2024-08-09,76.06,24.48,0.0,No thermal stress,48.2 to 78.8 F,86.5,76.77,94.82,-10.44,0,450,1,"42.25,-83.75 (100.0%)"
2024-08-10,68.97,20.54,0.0,No thermal stress,48.2 to 78.8 F,86.21,76.41,94.18,-17.24,0,450,1,"42.25,-83.75 (100.0%)"
2024-08-11,71.04,21.69,0.0,No thermal stress,48.2 to 78.8 F,85.98,76.22,93.94,-14.94,0,450,1,"42.25,-83.75 (100.0%)"
2024-08-12,81.72,27.62,1.0,Moderate heat stress,78.8 to 89.6 F,85.9,76.41,93.73,-4.18,0,450,1,"42.25,-83.75 (100.0%)"
2024-08-13,88.21,31.23,1.0,Moderate heat stress,78.8 to 89.6 F,85.72,76.22,93.57,2.49,0,450,1,"42.25,-83.75 (100.0%)"
2024-08-14,90.38,32.43,2.0,Strong heat stress,89.6 to 100.4 F,85.63,76.0,93.55,4.75,0,450,1,"42.25,-83.75 (100.0%)"
2024-08-15,86.31,30.17,1.0,Moderate heat stress,78.8 to 89.6 F,85.39,75.26,93.55,0.92,0,450,1,"42.25,-83.75 (100.0%)"
2024-08-16,88.84,31.58,1.0,Moderate heat stress,78.8 to 89.6 F,85.28,74.94,93.55,3.56,0,450,1,"42.25,-83.75 (100.0%)"
2024-08-17,78.78,25.99,0.0,No thermal stress,48.2 to 78.8 F,85.12,74.62,93.21,-6.34,0,450,1,"42.25,-83.75 (100.0%)"
2024-08-18,81.41,27.45,1.0,Moderate heat stress,78.8 to 89.6 F,85.08,75.18,93.16,-3.67,0,450,1,"42.25,-83.75 (100.0%)"
2024-08-19,68.8,20.45,0.0,No thermal stress,48.2 to 78.8 F,85.27,75.25,93.17,-16.47,0,450,1,"42.25,-83.75 (100.0%)"
2024-08-20,70.18,21.21,0.0,No thermal stress,48.2 to 78.8 F,85.3,75.25,93.13,-15.12,0,450,1,"42.25,-83.75 (100.0%)"
2024-08-21,74.3,23.5,0.0,No thermal stress,48.2 to 78.8 F,85.11,74.94,93.16,-10.81,0,450,1,"42.25,-83.75 (100.0%)"
2024-08-22,85.1,29.5,1.0,Moderate heat stress,78.8 to 89.6 F,85.03,74.74,93.17,0.07,0,450,1,"42.25,-83.75 (100.0%)"
2024-08-23,85.15,29.53,1.0,Moderate heat stress,78.8 to 89.6 F,84.9,74.43,93.09,0.25,0,450,1,"42.25,-83.75 (100.0%)"
2024-08-24,89.41,31.9,1.0,Moderate heat stress,78.8 to 89.6 F,84.76,74.22,93.09,4.65,0,450,1,"42.25,-83.75 (100.0%)"
2024-08-25,95.9,35.5,2.0,Strong heat stress,89.6 to 100.4 F,84.72,73.91,93.19,11.18,1,450,1,"42.25,-83.75 (100.0%)"
2024-08-26,96.06,35.59,2.0,Strong heat stress,89.6 to 100.4 F,84.61,73.75,93.47,11.45,1,450,1,"42.25,-83.75 (100.0%)"
2024-08-27,98.28,36.82,2.0,Strong heat stress,89.6 to 100.4 F,84.58,73.77,93.55,13.7,1,450,1,"42.25,-83.75 (100.0%)"
2024-08-28,94.73,34.85,2.0,Strong heat stress,89.6 to 100.4 F,84.6,73.77,93.57,10.13,1,450,1,"42.25,-83.75 (100.0%)"
2024-08-29,92.67,33.7,2.0,Strong heat stress,89.6 to 100.4 F,84.54,73.49,93.58,8.13,0,450,1,"42.25,-83.75 (100.0%)"
2024-08-30,95.87,35.48,2.0,Strong heat stress,89.6 to 100.4 F,84.51,73.73,93.58,11.36,1,450,1,"42.25,-83.75 (100.0%)"
2024-08-31,87.85,31.03,1.0,Moderate heat stress,78.8 to 89.6 F,84.37,73.72,93.6,3.48,0,450,1,"42.25,-83.75 (100.0%)"
2024-09-01,80.67,27.04,1.0,Moderate heat stress,78.8 to 89.6 F,83.96,72.01,93.6,-3.29,0,450,1,"42.25,-83.75 (100.0%)"
2024-09-02,73.86,23.26,0.0,No thermal stress,48.2 to 78.8 F,83.55,71.57,93.52,-9.69,0,450,1,"42.25,-83.75 (100.0%)"
2024-09-03,82.94,28.3,1.0,Moderate heat stress,78.8 to 89.6 F,82.9,70.98,93.35,0.04,0,450,1,"42.25,-83.75 (100.0%)"
2024-09-04,83.47,28.59,1.0,Moderate heat stress,78.8 to 89.6 F,82.36,70.1,93.27,1.11,0,450,1,"42.25,-83.75 (100.0%)"
2024-09-05,86.3,30.17,1.0,Moderate heat stress,78.8 to 89.6 F,82.11,69.93,92.96,4.19,0,450,1,"42.25,-83.75 (100.0%)"
2024-09-06,75.68,24.26,0.0,No thermal stress,48.2 to 78.8 F,81.75,69.35,92.12,-6.07,0,450,1,"42.25,-83.75 (100.0%)"
2024-09-07,55.66,13.15,0.0,No thermal stress,48.2 to 78.8 F,81.26,68.98,91.73,-25.6,0,450,1,"42.25,-83.75 (100.0%)"
2024-09-08,67.2,19.56,0.0,No thermal stress,48.2 to 78.8 F,80.78,67.98,91.72,-13.58,0,450,1,"42.25,-83.75 (100.0%)"
2024-09-09,75.37,24.09,0.0,No thermal stress,48.2 to 78.8 F,80.4,67.84,91.25,-5.03,0,450,1,"42.25,-83.75 (100.0%)"
2024-09-10,87.75,30.97,1.0,Moderate heat stress,78.8 to 89.6 F,80.0,66.86,90.85,7.75,0,450,1,"42.25,-83.75 (100.0%)"
2024-09-11,92.22,33.46,2.0,Strong heat stress,89.6 to 100.4 F,79.53,66.16,90.28,12.69,1,450,1,"42.25,-83.75 (100.0%)"
2024-09-12,89.24,31.8,1.0,Moderate heat stress,78.8 to 89.6 F,79.12,65.59,89.59,10.12,0,450,1,"42.25,-83.75 (100.0%)"
2024-09-13,85.37,29.65,1.0,Moderate heat stress,78.8 to 89.6 F,78.71,65.45,88.96,6.66,0,450,1,"42.25,-83.75 (100.0%)"
2024-09-14,87.04,30.58,1.0,Moderate heat stress,78.8 to 89.6 F,78.22,65.04,88.57,8.82,0,450,1,"42.25,-83.75 (100.0%)"
2024-09-15,89.31,31.84,1.0,Moderate heat stress,78.8 to 89.6 F,77.58,64.32,88.4,11.73,1,450,1,"42.25,-83.75 (100.0%)"
2024-09-16,86.14,30.08,1.0,Moderate heat stress,78.8 to 89.6 F,77.35,64.32,87.98,8.79,0,450,1,"42.25,-83.75 (100.0%)"
2024-09-17,85.51,29.73,1.0,Moderate heat stress,78.8 to 89.6 F,76.96,63.86,87.9,8.55,0,450,1,"42.25,-83.75 (100.0%)"
2024-09-18,87.27,30.71,1.0,Moderate heat stress,78.8 to 89.6 F,76.61,63.81,87.73,10.66,0,450,1,"42.25,-83.75 (100.0%)"
2024-09-19,92.72,33.73,2.0,Strong heat stress,89.6 to 100.4 F,76.14,63.12,87.59,16.58,1,450,1,"42.25,-83.75 (100.0%)"
2024-09-20,91.35,32.97,2.0,Strong heat stress,89.6 to 100.4 F,75.6,62.56,87.33,15.75,1,450,1,"42.25,-83.75 (100.0%)"
2024-09-21,91.14,32.86,2.0,Strong heat stress,89.6 to 100.4 F,74.96,61.3,86.8,16.18,1,450,1,"42.25,-83.75 (100.0%)"
2024-09-22,85.29,29.61,1.0,Moderate heat stress,78.8 to 89.6 F,74.29,60.47,86.49,11.0,0,450,1,"42.25,-83.75 (100.0%)"
2024-09-23,75.42,24.12,0.0,No thermal stress,48.2 to 78.8 F,73.71,59.88,85.86,1.71,0,450,1,"42.25,-83.75 (100.0%)"
2024-09-24,78.18,25.66,0.0,No thermal stress,48.2 to 78.8 F,73.05,59.06,85.56,5.13,0,450,1,"42.25,-83.75 (100.0%)"
2024-09-25,81.75,27.64,1.0,Moderate heat stress,78.8 to 89.6 F,72.36,57.65,85.16,9.39,0,450,1,"42.25,-83.75 (100.0%)"
2024-09-26,81.65,27.58,1.0,Moderate heat stress,78.8 to 89.6 F,71.66,56.96,85.08,9.99,0,450,1,"42.25,-83.75 (100.0%)"
2024-09-27,64.95,18.3,0.0,No thermal stress,48.2 to 78.8 F,70.99,55.35,84.81,-6.04,0,450,1,"42.25,-83.75 (100.0%)"
2024-09-28,70.4,21.33,0.0,No thermal stress,48.2 to 78.8 F,70.26,54.33,84.56,0.14,0,450,1,"42.25,-83.75 (100.0%)"
2024-09-29,72.69,22.61,0.0,No thermal stress,48.2 to 78.8 F,69.72,54.23,84.15,2.97,0,450,1,"42.25,-83.75 (100.0%)"
2024-09-30,74.71,23.73,0.0,No thermal stress,48.2 to 78.8 F,69.23,53.33,83.77,5.48,0,450,1,"42.25,-83.75 (100.0%)"
2024-10-01,79.65,26.47,1.0,Moderate heat stress,78.8 to 89.6 F,68.67,52.88,83.54,10.98,0,450,1,"42.25,-83.75 (100.0%)"
2024-10-02,77.47,25.26,0.0,No thermal stress,48.2 to 78.8 F,68.26,52.12,83.27,9.21,0,450,1,"42.25,-83.75 (100.0%)"
2024-10-03,81.86,27.7,1.0,Moderate heat stress,78.8 to 89.6 F,67.96,51.68,82.82,13.9,0,450,1,"42.25,-83.75 (100.0%)"
2024-10-04,78.43,25.8,0.0,No thermal stress,48.2 to 78.8 F,67.57,51.45,82.33,10.86,0,450,1,"42.25,-83.75 (100.0%)"
2024-10-05,69.79,20.99,0.0,No thermal stress,48.2 to 78.8 F,67.08,50.52,82.2,2.71,0,450,1,"42.25,-83.75 (100.0%)"
2024-10-06,72.62,22.57,0.0,No thermal stress,48.2 to 78.8 F,66.62,49.45,82.14,6.0,0,450,1,"42.25,-83.75 (100.0%)"
2024-10-07,65.63,18.68,0.0,No thermal stress,48.2 to 78.8 F,66.15,48.66,81.99,-0.52,0,450,1,"42.25,-83.75 (100.0%)"
2024-10-08,68.14,20.08,0.0,No thermal stress,48.2 to 78.8 F,65.45,48.17,81.66,2.69,0,450,1,"42.25,-83.75 (100.0%)"
2024-10-09,63.87,17.7,0.0,No thermal stress,48.2 to 78.8 F,64.67,47.25,81.44,-0.8,0,450,1,"42.25,-83.75 (100.0%)"
2024-10-10,77.28,25.16,0.0,No thermal stress,48.2 to 78.8 F,63.97,45.63,80.8,13.31,0,450,1,"42.25,-83.75 (100.0%)"
2024-10-11,74.69,23.72,0.0,No thermal stress,48.2 to 78.8 F,63.52,45.53,79.35,11.17,0,450,1,"42.25,-83.75 (100.0%)"
2024-10-12,70.86,21.59,0.0,No thermal stress,48.2 to 78.8 F,62.8,44.92,78.57,8.06,0,450,1,"42.25,-83.75 (100.0%)"
2024-10-13,57.57,14.21,0.0,No thermal stress,48.2 to 78.8 F,62.18,44.68,77.88,-4.61,0,450,1,"42.25,-83.75 (100.0%)"
2024-10-14,51.49,10.83,0.0,No thermal stress,48.2 to 78.8 F,61.42,44.27,77.25,-9.93,0,450,1,"42.25,-83.75 (100.0%)"
2024-10-15,40.75,4.86,-1.0,Slight cold stress,32.0 to 48.2 F,60.9,43.78,75.7,-20.15,0,450,1,"42.25,-83.75 (100.0%)"
2024-10-16,57.31,14.06,0.0,No thermal stress,48.2 to 78.8 F,60.24,43.05,74.58,-2.93,0,450,1,"42.25,-83.75 (100.0%)"
2024-10-17,69.15,20.64,0.0,No thermal stress,48.2 to 78.8 F,59.28,42.38,73.9,9.87,0,450,1,"42.25,-83.75 (100.0%)"
2024-10-18,71.02,21.68,0.0,No thermal stress,48.2 to 78.8 F,58.51,42.04,73.15,12.51,0,450,1,"42.25,-83.75 (100.0%)"
2024-10-19,75.96,24.42,0.0,No thermal stress,48.2 to 78.8 F,57.62,41.47,72.53,18.34,1,450,1,"42.25,-83.75 (100.0%)"
2024-10-20,72.81,22.67,0.0,No thermal stress,48.2 to 78.8 F,56.89,41.26,72.29,15.92,1,450,1,"42.25,-83.75 (100.0%)"
2024-10-21,78.21,25.67,0.0,No thermal stress,48.2 to 78.8 F,56.11,40.56,71.89,22.1,1,450,1,"42.25,-83.75 (100.0%)"
2024-10-22,72.63,22.57,0.0,No thermal stress,48.2 to 78.8 F,55.37,38.7,71.61,17.26,1,450,1,"42.25,-83.75 (100.0%)"
2024-10-23,61.39,16.33,0.0,No thermal stress,48.2 to 78.8 F,55.09,38.09,71.61,6.3,0,450,1,"42.25,-83.75 (100.0%)"
2024-10-24,73.26,22.92,0.0,No thermal stress,48.2 to 78.8 F,54.55,37.25,71.5,18.71,1,450,1,"42.25,-83.75 (100.0%)"
2024-10-25,58.55,14.75,0.0,No thermal stress,48.2 to 78.8 F,53.93,36.11,70.85,4.62,0,450,1,"42.25,-83.75 (100.0%)"
2024-10-26,56.16,13.42,0.0,No thermal stress,48.2 to 78.8 F,53.12,34.31,70.51,3.04,0,450,1,"42.25,-83.75 (100.0%)"
2024-10-27,63.57,17.54,0.0,No thermal stress,48.2 to 78.8 F,52.62,33.35,70.18,10.95,0,450,1,"42.25,-83.75 (100.0%)"
2024-10-28,59.44,15.24,0.0,No thermal stress,48.2 to 78.8 F,52.11,33.29,70.06,7.33,0,450,1,"42.25,-83.75 (100.0%)"
2024-10-29,74.1,23.39,0.0,No thermal stress,48.2 to 78.8 F,51.69,32.26,69.73,22.41,1,450,1,"42.25,-83.75 (100.0%)"
2024-10-30,71.13,21.74,0.0,No thermal stress,48.2 to 78.8 F,50.97,31.86,68.74,20.16,1,450,1,"42.25,-83.75 (100.0%)"
2024-10-31,57.49,14.16,0.0,No thermal stress,48.2 to 78.8 F,50.49,30.36,68.12,7.0,0,450,1,"42.25,-83.75 (100.0%)"
2024-11-01,46.83,8.24,-1.0,Slight cold stress,32.0 to 48.2 F,50.43,29.74,68.12,-3.6,0,450,1,"42.25,-83.75 (100.0%)"
2024-11-02,70.95,21.64,0.0,No thermal stress,48.2 to 78.8 F,50.07,29.74,67.72,20.88,1,450,1,"42.25,-83.75 (100.0%)"
2024-11-03,51.06,10.59,0.0,No thermal stress,48.2 to 78.8 F,49.6,29.61,66.87,1.46,0,450,1,"42.25,-83.75 (100.0%)"
2024-11-04,51.45,10.81,0.0,No thermal stress,48.2 to 78.8 F,48.98,28.24,66.19,2.47,0,450,1,"42.25,-83.75 (100.0%)"
2024-11-05,64.64,18.13,0.0,No thermal stress,48.2 to 78.8 F,48.63,26.93,65.67,16.01,0,450,1,"42.25,-83.75 (100.0%)"
2024-11-06,62.84,17.13,0.0,No thermal stress,48.2 to 78.8 F,48.09,26.87,65.61,14.75,0,450,1,"42.25,-83.75 (100.0%)"
2024-11-07,68.11,20.06,0.0,No thermal stress,48.2 to 78.8 F,47.61,26.32,65.12,20.5,1,450,1,"42.25,-83.75 (100.0%)"
2024-11-08,56.44,13.58,0.0,No thermal stress,48.2 to 78.8 F,47.21,26.46,64.8,9.23,0,450,1,"42.25,-83.75 (100.0%)"
2024-11-09,53.63,12.02,0.0,No thermal stress,48.2 to 78.8 F,46.72,26.41,64.44,6.91,0,450,1,"42.25,-83.75 (100.0%)"
2024-11-10,51.16,10.64,0.0,No thermal stress,48.2 to 78.8 F,46.25,26.3,63.99,4.91,0,450,1,"42.25,-83.75 (100.0%)"
2024-11-11,39.84,4.35,-1.0,Slight cold stress,32.0 to 48.2 F,45.91,26.1,63.92,-6.07,0,450,1,"42.25,-83.75 (100.0%)"
2024-11-12,54.0,12.22,0.0,No thermal stress,48.2 to 78.8 F,45.34,25.83,63.1,8.66,0,450,1,"42.25,-83.75 (100.0%)"
2024-11-13,42.17,5.65,-1.0,Slight cold stress,32.0 to 48.2 F,44.68,25.08,62.04,-2.51,0,450,1,"42.25,-83.75 (100.0%)"
2024-11-14,51.21,10.67,0.0,No thermal stress,48.2 to 78.8 F,44.34,24.84,61.99,6.87,0,450,1,"42.25,-83.75 (100.0%)"
2024-11-15,43.3,6.28,-1.0,Slight cold stress,32.0 to 48.2 F,43.71,23.98,61.47,-0.41,0,450,1,"42.25,-83.75 (100.0%)"
2024-11-16,70.77,21.54,0.0,No thermal stress,48.2 to 78.8 F,42.85,23.07,60.64,27.92,1,450,1,"42.25,-83.75 (100.0%)"
2024-11-17,50.79,10.44,0.0,No thermal stress,48.2 to 78.8 F,41.84,22.52,59.51,8.95,0,450,1,"42.25,-83.75 (100.0%)"
2024-11-18,66.86,19.36,0.0,No thermal stress,48.2 to 78.8 F,41.23,21.94,59.2,25.63,1,450,1,"42.25,-83.75 (100.0%)"
2024-11-19,55.37,12.98,0.0,No thermal stress,48.2 to 78.8 F,40.94,21.87,59.18,14.43,0,450,1,"42.25,-83.75 (100.0%)"
2024-11-20,42.03,5.57,-1.0,Slight cold stress,32.0 to 48.2 F,40.48,20.73,58.75,1.55,0,450,1,"42.25,-83.75 (100.0%)"
2024-11-21,38.52,3.62,-1.0,Slight cold stress,32.0 to 48.2 F,40.3,20.98,58.55,-1.78,0,450,1,"42.25,-83.75 (100.0%)"
2024-11-22,22.48,-5.29,-2.0,Moderate cold stress,8.6 to 32.0 F,39.88,20.73,57.96,-17.4,0,450,1,"42.25,-83.75 (100.0%)"
2024-11-23,32.58,0.32,-1.0,Slight cold stress,32.0 to 48.2 F,39.59,20.41,57.64,-7.01,0,450,1,"42.25,-83.75 (100.0%)"
2024-11-24,53.26,11.81,0.0,No thermal stress,48.2 to 78.8 F,39.06,19.65,57.2,14.2,0,450,1,"42.25,-83.75 (100.0%)"
2024-11-25,47.8,8.78,-1.0,Slight cold stress,32.0 to 48.2 F,38.87,19.31,57.12,8.93,0,450,1,"42.25,-83.75 (100.0%)"
2024-11-26,29.97,-1.13,-2.0,Moderate cold stress,8.6 to 32.0 F,38.47,19.16,56.81,-8.5,0,450,1,"42.25,-83.75 (100.0%)"
2024-11-27,56.97,13.87,0.0,No thermal stress,48.2 to 78.8 F,38.18,18.65,56.32,18.79,1,450,1,"42.25,-83.75 (100.0%)"
2024-11-28,33.88,1.04,-1.0,Slight cold stress,32.0 to 48.2 F,37.68,18.07,56.32,-3.8,0,450,1,"42.25,-83.75 (100.0%)"
2024-11-29,15.69,-9.06,-2.0,Moderate cold stress,8.6 to 32.0 F,36.62,16.73,55.81,-20.93,0,450,1,"42.25,-83.75 (100.0%)"
2024-11-30,8.09,-13.28,-3.0,Strong cold stress,-16.6 to 8.6 F,36.04,16.04,55.35,-27.95,0,450,1,"42.25,-83.75 (100.0%)"
2024-12-01,16.28,-8.74,-2.0,Moderate cold stress,8.6 to 32.0 F,35.55,15.63,54.6,-19.27,0,450,1,"42.25,-83.75 (100.0%)"
2024-12-02,31.21,-0.44,-2.0,Moderate cold stress,8.6 to 32.0 F,35.41,15.63,54.0,-4.2,0,450,1,"42.25,-83.75 (100.0%)"
2024-12-03,36.71,2.62,-1.0,Slight cold stress,32.0 to 48.2 F,34.83,14.52,53.52,1.88,0,450,1,"42.25,-83.75 (100.0%)"
2024-12-04,10.51,-11.94,-2.0,Moderate cold stress,8.6 to 32.0 F,34.19,13.82,54.0,-23.68,0,450,1,"42.25,-83.75 (100.0%)"
2024-12-05,3.58,-15.79,-3.0,Strong cold stress,-16.6 to 8.6 F,33.85,13.48,53.42,-30.27,0,450,1,"42.25,-83.75 (100.0%)"
2024-12-06,16.75,-8.47,-2.0,Moderate cold stress,8.6 to 32.0 F,33.6,12.66,53.49,-16.85,0,450,1,"42.25,-83.75 (100.0%)"
2024-12-07,19.22,-7.1,-2.0,Moderate cold stress,8.6 to 32.0 F,33.28,12.02,53.42,-14.06,0,450,1,"42.25,-83.75 (100.0%)"
2024-12-08,58.82,14.9,0.0,No thermal stress,48.2 to 78.8 F,32.67,10.7,53.14,26.15,1,450,1,"42.25,-83.75 (100.0%)"
2024-12-09,34.28,1.27,-1.0,Slight cold stress,32.0 to 48.2 F,32.68,10.7,53.14,1.6,0,450,1,"42.25,-83.75 (100.0%)"
2024-12-10,55.68,13.15,0.0,No thermal stress,48.2 to 78.8 F,32.2,10.63,52.45,23.48,1,450,1,"42.25,-83.75 (100.0%)"
2024-12-11,19.36,-7.02,-2.0,Moderate cold stress,8.6 to 32.0 F,31.62,10.12,52.19,-12.26,0,450,1,"42.25,-83.75 (100.0%)"
2024-12-12,4.62,-15.21,-3.0,Strong cold stress,-16.6 to 8.6 F,31.13,9.27,51.67,-26.51,0,450,1,"42.25,-83.75 (100.0%)"
2024-12-13,45.86,7.7,-1.0,Slight cold stress,32.0 to 48.2 F,30.91,9.86,51.03,14.95,0,450,1,"42.25,-83.75 (100.0%)"
2024-12-14,26.04,-3.31,-2.0,Moderate cold stress,8.6 to 32.0 F,31.19,10.12,50.76,-5.15,0,450,1,"42.25,-83.75 (100.0%)"
2024-12-15,34.85,1.58,-1.0,Slight cold stress,32.0 to 48.2 F,31.07,10.13,50.68,3.78,0,450,1,"42.25,-83.75 (100.0%)"
2024-12-16,36.24,2.36,-1.0,Slight cold stress,32.0 to 48.2 F,30.83,9.59,50.64,5.41,0,450,1,"42.25,-83.75 (100.0%)"
2024-12-17,30.0,-1.11,-2.0,Moderate cold stress,8.6 to 32.0 F,30.28,9.05,50.19,-0.28,0,450,1,"42.25,-83.75 (100.0%)"
2024-12-18,34.92,1.62,-1.0,Slight cold stress,32.0 to 48.2 F,30.07,8.81,50.17,4.85,0,450,1,"42.25,-83.75 (100.0%)"
2024-12-19,38.76,3.75,-1.0,Slight cold stress,32.0 to 48.2 F,29.89,8.92,49.82,8.87,0,450,1,"42.25,-83.75 (100.0%)"
2024-12-20,22.02,-5.54,-2.0,Moderate cold stress,8.6 to 32.0 F,29.75,9.06,49.54,-7.73,0,450,1,"42.25,-83.75 (100.0%)"
2024-12-21,16.12,-8.82,-2.0,Moderate cold stress,8.6 to 32.0 F,29.48,8.81,48.96,-13.36,0,450,1,"42.25,-83.75 (100.0%)"
2024-12-22,32.22,0.12,-1.0,Slight cold stress,32.0 to 48.2 F,29.34,9.06,48.03,2.88,0,450,1,"42.25,-83.75 (100.0%)"
2024-12-23,19.82,-6.77,-2.0,Moderate cold stress,8.6 to 32.0 F,29.26,9.06,48.26,-9.44,0,450,1,"42.25,-83.75 (100.0%)"
2024-12-24,43.94,6.63,-1.0,Slight cold stress,32.0 to 48.2 F,28.82,8.15,47.87,15.12,0,450,1,"42.25,-83.75 (100.0%)"
2024-12-25,39.81,4.34,-1.0,Slight cold stress,32.0 to 48.2 F,28.52,7.93,47.72,11.29,0,450,1,"42.25,-83.75 (100.0%)"
2024-12-26,33.65,0.92,-1.0,Slight cold stress,32.0 to 48.2 F,28.2,7.29,47.12,5.45,0,450,1,"42.25,-83.75 (100.0%)"
2024-12-27,38.34,3.52,-1.0,Slight cold stress,32.0 to 48.2 F,28.01,7.24,46.84,10.33,0,450,1,"42.25,-83.75 (100.0%)"
2024-12-28,45.89,7.72,-1.0,Slight cold stress,32.0 to 48.2 F,27.71,6.28,46.42,18.18,0,450,1,"42.25,-83.75 (100.0%)"
2024-12-29,37.6,3.11,-1.0,Slight cold stress,32.0 to 48.2 F,27.46,6.03,46.27,10.14,0,450,1,"42.25,-83.75 (100.0%)"
2024-12-30,39.82,4.34,-1.0,Slight cold stress,32.0 to 48.2 F,27.11,5.06,46.02,12.71,0,450,1,"42.25,-83.75 (100.0%)"
2024-12-31,28.05,-2.2,-2.0,Moderate cold stress,8.6 to 32.0 F,26.72,4.33,45.82,1.33,0,450,1,"42.25,-83.75 (100.0%)"
2025-01-01,13.31,-10.38,-2.0,Moderate cold stress,8.6 to 32.0 F,26.92,4.33,46.02,-13.61,0,450,1,"42.25,-83.75 (100.0%)"
2025-01-02,11.06,-11.63,-2.0,Moderate cold stress,8.6 to 32.0 F,27.11,4.85,45.6,-16.05,0,450,1,"42.25,-83.75 (100.0%)"
2025-01-03,14.49,-9.73,-2.0,Moderate cold stress,8.6 to 32.0 F,26.88,3.47,45.03,-12.39,0,450,1,"42.25,-83.75 (100.0%)"
2025-01-04,-0.35,-17.97,-3.0,Strong cold stress,-16.6 to 8.6 F,26.74,3.21,45.08,-27.09,0,450,1,"42.25,-83.75 (100.0%)"
2025-01-05,28.77,-1.79,-2.0,Moderate cold stress,8.6 to 32.0 F,26.84,2.78,45.74,1.93,0,450,1,"42.25,-83.75 (100.0%)"
2025-01-06,12.62,-10.77,-2.0,Moderate cold stress,8.6 to 32.0 F,26.53,2.78,45.43,-13.91,0,450,1,"42.25,-83.75 (100.0%)"
2025-01-07,16.93,-8.37,-2.0,Moderate cold stress,8.6 to 32.0 F,26.69,2.74,45.49,-9.76,0,450,1,"42.25,-83.75 (100.0%)"
2025-01-08,20.7,-6.28,-2.0,Moderate cold stress,8.6 to 32.0 F,26.84,3.32,46.02,-6.14,0,450,1,"42.25,-83.75 (100.0%)"
2025-01-09,44.48,6.93,-1.0,Slight cold stress,32.0 to 48.2 F,26.67,2.77,45.49,17.81,0,450,1,"42.25,-83.75 (100.0%)"
2025-01-10,10.8,-11.78,-2.0,Moderate cold stress,8.6 to 32.0 F,26.49,2.42,45.43,-15.69,0,450,1,"42.25,-83.75 (100.0%)"
2025-01-11,29.82,-1.21,-2.0,Moderate cold stress,8.6 to 32.0 F,26.19,2.42,45.49,3.63,0,450,1,"42.25,-83.75 (100.0%)"
2025-01-12,15.0,-9.44,-2.0,Moderate cold stress,8.6 to 32.0 F,25.98,2.12,45.61,-10.98,0,450,1,"42.25,-83.75 (100.0%)"
2025-01-13,-3.34,-19.63,-3.0,Strong cold stress,-16.6 to 8.6 F,26.19,3.16,45.61,-29.53,0,450,1,"42.25,-83.75 (100.0%)"
2025-01-14,12.13,-11.04,-2.0,Moderate cold stress,8.6 to 32.0 F,26.32,3.32,45.79,-14.19,0,450,1,"42.25,-83.75 (100.0%)"
2025-01-15,4.62,-15.21,-3.0,Strong cold stress,-16.6 to 8.6 F,26.46,3.93,46.21,-21.84,0,450,1,"42.25,-83.75 (100.0%)"
2025-01-16,15.46,-9.19,-2.0,Moderate cold stress,8.6 to 32.0 F,26.35,3.93,45.79,-10.89,0,450,1,"42.25,-83.75 (100.0%)"
2025-01-17,28.14,-2.15,-2.0,Moderate cold stress,8.6 to 32.0 F,26.09,3.93,45.79,2.05,0,450,1,"42.25,-83.75 (100.0%)"
2025-01-18,22.64,-5.2,-2.0,Moderate cold stress,8.6 to 32.0 F,26.0,4.11,45.61,-3.36,0,450,1,"42.25,-83.75 (100.0%)"
2025-01-19,10.3,-12.06,-2.0,Moderate cold stress,8.6 to 32.0 F,25.83,4.11,45.54,-15.53,0,450,1,"42.25,-83.75 (100.0%)"
2025-01-20,-11.32,-24.07,-3.0,Strong cold stress,-16.6 to 8.6 F,25.59,4.13,45.49,-36.91,0,450,1,"42.25,-83.75 (100.0%)"
2025-01-21,-5.96,-21.09,-3.0,Strong cold stress,-16.6 to 8.6 F,25.63,4.13,45.79,-31.59,0,450,1,"42.25,-83.75 (100.0%)"
2025-01-22,-13.01,-25.01,-3.0,Strong cold stress,-16.6 to 8.6 F,25.58,4.13,45.88,-38.59,0,450,1,"42.25,-83.75 (100.0%)"
2025-01-23,17.61,-7.99,-2.0,Moderate cold stress,8.6 to 32.0 F,25.66,4.02,45.84,-8.05,0,450,1,"42.25,-83.75 (100.0%)"
2025-01-24,20.56,-6.36,-2.0,Moderate cold stress,8.6 to 32.0 F,25.82,4.19,45.88,-5.26,0,450,1,"42.25,-83.75 (100.0%)"
2025-01-25,29.05,-1.64,-2.0,Moderate cold stress,8.6 to 32.0 F,26.53,5.45,46.51,2.52,0,450,1,"42.25,-83.75 (100.0%)"
2025-01-26,26.83,-2.87,-2.0,Moderate cold stress,8.6 to 32.0 F,27.11,5.57,47.18,-0.28,0,450,1,"42.25,-83.75 (100.0%)"
2025-01-27,12.97,-10.57,-2.0,Moderate cold stress,8.6 to 32.0 F,27.85,5.6,48.62,-14.88,0,450,1,"42.25,-83.75 (100.0%)"
2025-01-28,37.4,3.0,-1.0,Slight cold stress,32.0 to 48.2 F,27.83,6.03,49.09,9.57,0,450,1,"42.25,-83.75 (100.0%)"
2025-01-29,22.59,-5.23,-2.0,Moderate cold stress,8.6 to 32.0 F,27.91,5.98,49.47,-5.32,0,450,1,"42.25,-83.75 (100.0%)"
2025-01-30,43.94,6.63,-1.0,Slight cold stress,32.0 to 48.2 F,28.43,6.67,49.63,15.51,0,450,1,"42.25,-83.75 (100.0%)"
2025-01-31,36.58,2.55,-1.0,Slight cold stress,32.0 to 48.2 F,28.83,7.0,49.95,7.75,0,450,1,"42.25,-83.75 (100.0%)"
2025-02-01,41.32,5.18,-1.0,Slight cold stress,32.0 to 48.2 F,29.42,7.05,50.83,11.9,0,450,1,"42.25,-83.75 (100.0%)"
2025-02-02,40.81,4.9,-1.0,Slight cold stress,32.0 to 48.2 F,30.09,7.42,51.44,10.72,0,450,1,"42.25,-83.75 (100.0%)"
2025-02-03,52.44,11.36,0.0,No thermal stress,48.2 to 78.8 F,30.27,7.52,52.34,22.17,1,450,1,"42.25,-83.75 (100.0%)"
2025-02-04,30.99,-0.56,-2.0,Moderate cold stress,8.6 to 32.0 F,30.17,7.25,51.84,0.82,0,450,1,"42.25,-83.75 (100.0%)"
2025-02-05,26.72,-2.93,-2.0,Moderate cold stress,8.6 to 32.0 F,30.06,7.0,50.72,-3.34,0,450,1,"42.25,-83.75 (100.0%)"
2025-02-06,22.9,-5.06,-2.0,Moderate cold stress,8.6 to 32.0 F,29.92,7.25,51.44,-7.02,0,450,1,"42.25,-83.75 (100.0%)"
2025-02-07,29.78,-1.24,-2.0,Moderate cold stress,8.6 to 32.0 F,30.29,7.96,51.44,-0.51,0,450,1,"42.25,-83.75 (100.0%)"
2025-02-08,15.48,-9.18,-2.0,Moderate cold stress,8.6 to 32.0 F,30.68,8.06,52.26,-15.2,0,450,1,"42.25,-83.75 (100.0%)"
2025-02-09,21.78,-5.68,-2.0,Moderate cold stress,8.6 to 32.0 F,30.85,8.23,52.42,-9.07,0,450,1,"42.25,-83.75 (100.0%)"
2025-02-10,32.45,0.25,-1.0,Slight cold stress,32.0 to 48.2 F,30.89,8.32,52.59,1.56,0,450,1,"42.25,-83.75 (100.0%)"
2025-02-11,55.38,12.99,0.0,No thermal stress,48.2 to 78.8 F,30.85,9.29,52.26,24.53,1,450,1,"42.25,-83.75 (100.0%)"
2025-02-12,12.05,-11.08,-2.0,Moderate cold stress,8.6 to 32.0 F,31.35,9.24,52.5,-19.3,0,450,1,"42.25,-83.75 (100.0%)"
2025-02-13,18.25,-7.64,-2.0,Moderate cold stress,8.6 to 32.0 F,31.86,10.33,52.29,-13.61,0,450,1,"42.25,-83.75 (100.0%)"
2025-02-14,39.41,4.12,-1.0,Slight cold stress,32.0 to 48.2 F,32.12,10.45,52.59,7.29,0,450,1,"42.25,-83.75 (100.0%)"
2025-02-15,45.88,7.71,-1.0,Slight cold stress,32.0 to 48.2 F,32.48,10.45,52.65,13.4,0,450,1,"42.25,-83.75 (100.0%)"
2025-02-16,16.24,-8.76,-2.0,Moderate cold stress,8.6 to 32.0 F,32.96,10.86,52.59,-16.72,0,450,1,"42.25,-83.75 (100.0%)"
2025-02-17,-1.69,-18.72,-3.0,Strong cold stress,-16.6 to 8.6 F,33.18,10.41,52.65,-34.87,0,450,1,"42.25,-83.75 (100.0%)"
2025-02-18,20.67,-6.3,-2.0,Moderate cold stress,8.6 to 32.0 F,33.6,10.48,53.18,-12.93,0,450,1,"42.25,-83.75 (100.0%)"
2025-02-19,34.18,1.21,-1.0,Slight cold stress,32.0 to 48.2 F,34.15,10.91,53.18,0.03,0,450,1,"42.25,-83.75 (100.0%)"
2025-02-20,21.22,-5.99,-2.0,Moderate cold stress,8.6 to 32.0 F,34.81,11.63,53.82,-13.59,0,450,1,"42.25,-83.75 (100.0%)"
2025-02-21,47.82,8.79,-1.0,Slight cold stress,32.0 to 48.2 F,35.84,13.51,54.87,11.98,0,458,1,"42.25,-83.75 (100.0%)"
2025-02-22,24.87,-3.96,-2.0,Moderate cold stress,8.6 to 32.0 F,36.11,13.51,55.25,-11.24,0,458,1,"42.25,-83.75 (100.0%)"
2025-02-23,52.33,11.29,0.0,No thermal stress,48.2 to 78.8 F,36.51,15.03,55.43,15.82,0,458,1,"42.25,-83.75 (100.0%)"
2025-02-24,44.62,7.01,-1.0,Slight cold stress,32.0 to 48.2 F,36.64,13.9,56.02,7.98,0,458,1,"42.25,-83.75 (100.0%)"
2025-02-25,52.79,11.55,0.0,No thermal stress,48.2 to 78.8 F,37.26,14.48,56.52,15.53,0,458,1,"42.25,-83.75 (100.0%)"
2025-02-26,38.24,3.47,-1.0,Slight cold stress,32.0 to 48.2 F,37.81,15.03,57.49,0.43,0,458,1,"42.25,-83.75 (100.0%)"
2025-02-27,36.99,2.77,-1.0,Slight cold stress,32.0 to 48.2 F,38.16,16.07,57.58,-1.17,0,458,1,"42.25,-83.75 (100.0%)"
2025-02-28,37.24,2.91,-1.0,Slight cold stress,32.0 to 48.2 F,38.88,16.44,58.91,-1.64,0,458,1,"42.25,-83.75 (100.0%)"
2025-03-01,11.89,-11.17,-2.0,Moderate cold stress,8.6 to 32.0 F,39.1,16.58,60.18,-27.21,0,458,1,"42.25,-83.75 (100.0%)"
2025-03-02,28.62,-1.88,-2.0,Moderate cold stress,8.6 to 32.0 F,39.28,16.58,60.34,-10.66,0,458,1,"42.25,-83.75 (100.0%)"
2025-03-03,37.18,2.88,-1.0,Slight cold stress,32.0 to 48.2 F,39.32,16.07,60.16,-2.14,0,458,1,"42.25,-83.75 (100.0%)"
2025-03-04,45.63,7.57,-1.0,Slight cold stress,32.0 to 48.2 F,39.98,16.69,60.41,5.65,0,458,1,"42.25,-83.75 (100.0%)"
2025-03-05,52.8,11.55,0.0,No thermal stress,48.2 to 78.8 F,40.67,17.28,60.57,12.13,0,458,1,"42.25,-83.75 (100.0%)"
2025-03-06,15.26,-9.3,-2.0,Moderate cold stress,8.6 to 32.0 F,41.01,16.87,60.82,-25.75,0,458,1,"42.25,-83.75 (100.0%)"
2025-03-07,49.42,9.68,0.0,No thermal stress,48.2 to 78.8 F,41.43,17.28,62.03,7.99,0,458,1,"42.25,-83.75 (100.0%)"
2025-03-08,46.04,7.8,-1.0,Slight cold stress,32.0 to 48.2 F,41.78,17.38,62.83,4.26,0,450,1,"42.25,-83.75 (100.0%)"
2025-03-09,51.12,10.62,0.0,No thermal stress,48.2 to 78.8 F,42.21,16.94,64.44,8.91,0,450,1,"42.25,-83.75 (100.0%)"
2025-03-10,59.39,15.22,0.0,No thermal stress,48.2 to 78.8 F,42.91,17.57,64.44,16.48,0,450,1,"42.25,-83.75 (100.0%)"
2025-03-11,52.06,11.14,0.0,No thermal stress,48.2 to 78.8 F,43.59,18.77,64.54,8.47,0,450,1,"42.25,-83.75 (100.0%)"
2025-03-12,47.07,8.37,-1.0,Slight cold stress,32.0 to 48.2 F,43.94,19.98,64.54,3.13,0,450,1,"42.25,-83.75 (100.0%)"
2025-03-13,68.54,20.3,0.0,No thermal stress,48.2 to 78.8 F,44.27,19.98,64.66,24.27,1,450,1,"42.25,-83.75 (100.0%)"
2025-03-14,68.97,20.54,0.0,No thermal stress,48.2 to 78.8 F,44.57,21.17,65.49,24.4,1,450,1,"42.25,-83.75 (100.0%)"
2025-03-15,60.55,15.86,0.0,No thermal stress,48.2 to 78.8 F,44.5,21.32,65.49,16.05,0,450,1,"42.25,-83.75 (100.0%)"
2025-03-16,51.81,11.0,0.0,No thermal stress,48.2 to 78.8 F,45.02,22.05,65.49,6.79,0,450,1,"42.25,-83.75 (100.0%)"
2025-03-17,58.0,14.45,0.0,No thermal stress,48.2 to 78.8 F,45.65,22.81,66.09,12.35,0,450,1,"42.25,-83.75 (100.0%)"
2025-03-18,64.06,17.81,0.0,No thermal stress,48.2 to 78.8 F,46.0,22.99,66.25,18.06,0,450,1,"42.25,-83.75 (100.0%)"
2025-03-19,66.6,19.22,0.0,No thermal stress,48.2 to 78.8 F,46.43,23.08,66.25,20.17,1,450,1,"42.25,-83.75 (100.0%)"
2025-03-20,41.12,5.07,-1.0,Slight cold stress,32.0 to 48.2 F,46.91,24.23,66.6,-5.79,0,450,1,"42.25,-83.75 (100.0%)"
2025-03-21,41.54,5.3,-1.0,Slight cold stress,32.0 to 48.2 F,47.75,26.0,66.25,-6.21,0,450,1,"42.25,-83.75 (100.0%)"
2025-03-22,33.19,0.66,-1.0,Slight cold stress,32.0 to 48.2 F,48.44,27.38,66.6,-15.25,0,450,1,"42.25,-83.75 (100.0%)"
2025-03-23,31.35,-0.36,-2.0,Moderate cold stress,8.6 to 32.0 F,48.82,28.43,66.6,-17.47,0,450,1,"42.25,-83.75 (100.0%)"
2025-03-24,19.25,-7.08,-2.0,Moderate cold stress,8.6 to 32.0 F,49.1,30.49,66.09,-29.85,0,450,1,"42.25,-83.75 (100.0%)"
2025-03-25,32.55,0.31,-1.0,Slight cold stress,32.0 to 48.2 F,49.35,30.71,66.47,-16.8,0,450,1,"42.25,-83.75 (100.0%)"
2025-03-26,44.54,6.97,-1.0,Slight cold stress,32.0 to 48.2 F,49.92,30.71,67.04,-5.38,0,450,1,"42.25,-83.75 (100.0%)"
2025-03-27,50.95,10.53,0.0,No thermal stress,48.2 to 78.8 F,50.33,30.62,67.84,0.62,0,450,1,"42.25,-83.75 (100.0%)"
2025-03-28,67.63,19.79,0.0,No thermal stress,48.2 to 78.8 F,50.37,30.71,67.72,17.26,0,450,1,"42.25,-83.75 (100.0%)"
2025-03-29,65.35,18.53,0.0,No thermal stress,48.2 to 78.8 F,50.69,31.27,67.97,14.66,0,450,1,"42.25,-83.75 (100.0%)"
2025-03-30,69.1,20.61,0.0,No thermal stress,48.2 to 78.8 F,51.24,31.27,68.92,17.86,1,450,1,"42.25,-83.75 (100.0%)"
2025-03-31,39.87,4.37,-1.0,Slight cold stress,32.0 to 48.2 F,51.61,31.27,69.07,-11.74,0,450,1,"42.25,-83.75 (100.0%)"
2025-04-01,51.43,10.79,0.0,No thermal stress,48.2 to 78.8 F,51.95,31.27,69.23,-0.52,0,450,1,"42.25,-83.75 (100.0%)"
2025-04-02,47.49,8.61,-1.0,Slight cold stress,32.0 to 48.2 F,52.43,31.91,69.31,-4.94,0,450,1,"42.25,-83.75 (100.0%)"
2025-04-03,54.77,12.65,0.0,No thermal stress,48.2 to 78.8 F,52.48,31.71,69.37,2.29,0,450,1,"42.25,-83.75 (100.0%)"
2025-04-04,61.91,16.62,0.0,No thermal stress,48.2 to 78.8 F,52.75,31.91,69.74,9.16,0,450,1,"42.25,-83.75 (100.0%)"
2025-04-05,47.49,8.61,-1.0,Slight cold stress,32.0 to 48.2 F,52.87,31.67,69.89,-5.38,0,450,1,"42.25,-83.75 (100.0%)"
2025-04-06,62.14,16.75,0.0,No thermal stress,48.2 to 78.8 F,52.91,30.96,70.18,9.23,0,450,1,"42.25,-83.75 (100.0%)"
2025-04-07,35.93,2.18,-1.0,Slight cold stress,32.0 to 48.2 F,53.26,30.47,70.39,-17.33,0,450,1,"42.25,-83.75 (100.0%)"
2025-04-08,33.86,1.03,-1.0,Slight cold stress,32.0 to 48.2 F,53.92,31.67,71.46,-20.06,0,450,1,"42.25,-83.75 (100.0%)"
2025-04-09,51.46,10.81,0.0,No thermal stress,48.2 to 78.8 F,54.27,31.24,71.73,-2.81,0,450,1,"42.25,-83.75 (100.0%)"
2025-04-10,49.32,9.62,0.0,No thermal stress,48.2 to 78.8 F,54.42,31.24,71.95,-5.1,0,450,1,"42.25,-83.75 (100.0%)"
2025-04-11,52.77,11.54,0.0,No thermal stress,48.2 to 78.8 F,55.35,32.37,73.24,-2.58,0,450,1,"42.25,-83.75 (100.0%)"
2025-04-12,74.44,23.58,0.0,No thermal stress,48.2 to 78.8 F,56.36,35.4,73.51,18.08,1,450,1,"42.25,-83.75 (100.0%)"
2025-04-13,57.89,14.39,0.0,No thermal stress,48.2 to 78.8 F,56.94,35.4,73.86,0.95,0,450,1,"42.25,-83.75 (100.0%)"
2025-04-14,64.23,17.91,0.0,No thermal stress,48.2 to 78.8 F,57.32,35.86,74.34,6.91,0,450,1,"42.25,-83.75 (100.0%)"
2025-04-15,23.36,-4.8,-2.0,Moderate cold stress,8.6 to 32.0 F,57.57,36.62,74.55,-34.21,0,450,1,"42.25,-83.75 (100.0%)"
2025-04-16,52.16,11.2,0.0,No thermal stress,48.2 to 78.8 F,57.93,36.62,74.58,-5.77,0,450,1,"42.25,-83.75 (100.0%)"
2025-04-17,61.82,16.57,0.0,No thermal stress,48.2 to 78.8 F,58.57,37.4,75.15,3.25,0,450,1,"42.25,-83.75 (100.0%)"
2025-04-18,76.0,24.44,0.0,No thermal stress,48.2 to 78.8 F,59.09,38.67,75.36,16.91,1,450,1,"42.25,-83.75 (100.0%)"
2025-04-19,67.75,19.86,0.0,No thermal stress,48.2 to 78.8 F,59.38,39.43,76.04,8.37,0,450,1,"42.25,-83.75 (100.0%)"
2025-04-20,55.7,13.17,0.0,No thermal stress,48.2 to 78.8 F,59.64,39.7,76.13,-3.94,0,450,1,"42.25,-83.75 (100.0%)"
2025-04-21,63.27,17.37,0.0,No thermal stress,48.2 to 78.8 F,60.08,40.09,76.16,3.19,0,450,1,"42.25,-83.75 (100.0%)"
2025-04-22,73.73,23.18,0.0,No thermal stress,48.2 to 78.8 F,60.5,40.95,76.19,13.23,0,450,1,"42.25,-83.75 (100.0%)"
2025-04-23,82.13,27.85,1.0,Moderate heat stress,78.8 to 89.6 F,60.85,41.24,76.19,21.28,1,450,1,"42.25,-83.75 (100.0%)"
2025-04-24,86.92,30.51,1.0,Moderate heat stress,78.8 to 89.6 F,61.36,42.66,76.39,25.56,1,450,1,"42.25,-83.75 (100.0%)"
2025-04-25,85.27,29.59,1.0,Moderate heat stress,78.8 to 89.6 F,61.89,44.24,76.95,23.38,1,450,1,"42.25,-83.75 (100.0%)"
2025-04-26,51.69,10.94,0.0,No thermal stress,48.2 to 78.8 F,61.98,44.24,76.95,-10.29,0,450,1,"42.25,-83.75 (100.0%)"
2025-04-27,76.2,24.56,0.0,No thermal stress,48.2 to 78.8 F,62.34,45.1,76.95,13.86,0,450,1,"42.25,-83.75 (100.0%)"
2025-04-28,70.05,21.14,0.0,No thermal stress,48.2 to 78.8 F,62.79,45.94,76.96,7.26,0,450,1,"42.25,-83.75 (100.0%)"
2025-04-29,74.9,23.84,0.0,No thermal stress,48.2 to 78.8 F,63.48,47.52,77.46,11.42,0,450,1,"42.25,-83.75 (100.0%)"
2025-04-30,77.17,25.09,0.0,No thermal stress,48.2 to 78.8 F,64.29,48.53,77.63,12.88,0,450,1,"42.25,-83.75 (100.0%)"
2025-05-01,68.96,20.54,0.0,No thermal stress,48.2 to 78.8 F,64.79,48.65,78.06,4.17,0,450,1,"42.25,-83.75 (100.0%)"
2025-05-02,69.39,20.77,0.0,No thermal stress,48.2 to 78.8 F,65.32,49.17,79.15,4.07,0,450,1,"42.25,-83.75 (100.0%)"
2025-05-03,66.9,19.39,0.0,No thermal stress,48.2 to 78.8 F,65.99,49.77,79.82,0.91,0,450,1,"42.25,-83.75 (100.0%)"
2025-05-04,43.42,6.35,-1.0,Slight cold stress,32.0 to 48.2 F,66.32,49.65,80.13,-22.9,0,450,1,"42.25,-83.75 (100.0%)"
2025-05-05,79.32,26.29,1.0,Moderate heat stress,78.8 to 89.6 F,66.73,49.38,80.72,12.59,0,450,1,"42.25,-83.75 (100.0%)"
2025-05-06,65.0,18.33,0.0,No thermal stress,48.2 to 78.8 F,67.33,50.33,81.37,-2.33,0,450,1,"42.25,-83.75 (100.0%)"
2025-05-07,82.23,27.91,1.0,Moderate heat stress,78.8 to 89.6 F,67.72,50.39,81.94,14.51,1,450,1,"42.25,-83.75 (100.0%)"
2025-05-08,59.32,15.18,0.0,No thermal stress,48.2 to 78.8 F,67.96,50.07,82.34,-8.64,0,450,1,"42.25,-83.75 (100.0%)"
2025-05-09,71.55,21.97,0.0,No thermal stress,48.2 to 78.8 F,68.29,50.33,82.62,3.26,0,450,1,"42.25,-83.75 (100.0%)"
2025-05-10,78.31,25.73,0.0,No thermal stress,48.2 to 78.8 F,68.78,50.77,82.86,9.53,0,450,1,"42.25,-83.75 (100.0%)"
2025-05-11,71.48,21.94,0.0,No thermal stress,48.2 to 78.8 F,68.91,51.78,83.07,2.57,0,450,1,"42.25,-83.75 (100.0%)"
2025-05-12,80.91,27.17,1.0,Moderate heat stress,78.8 to 89.6 F,69.21,51.78,83.47,11.7,0,450,1,"42.25,-83.75 (100.0%)"
2025-05-13,77.19,25.11,0.0,No thermal stress,48.2 to 78.8 F,69.68,52.03,83.97,7.51,0,450,1,"42.25,-83.75 (100.0%)"
2025-05-14,83.02,28.34,1.0,Moderate heat stress,78.8 to 89.6 F,69.91,52.16,84.48,13.11,0,450,1,"42.25,-83.75 (100.0%)"
2025-05-15,82.92,28.29,1.0,Moderate heat stress,78.8 to 89.6 F,70.28,52.88,84.76,12.64,0,450,1,"42.25,-83.75 (100.0%)"
2025-05-16,80.49,26.94,1.0,Moderate heat stress,78.8 to 89.6 F,70.82,54.11,85.48,9.67,0,450,1,"42.25,-83.75 (100.0%)"
2025-05-17,49.93,9.96,0.0,No thermal stress,48.2 to 78.8 F,71.01,54.3,85.81,-21.08,0,450,1,"42.25,-83.75 (100.0%)"
2025-05-18,66.51,19.17,0.0,No thermal stress,48.2 to 78.8 F,71.2,54.3,86.13,-4.69,0,450,1,"42.25,-83.75 (100.0%)"
2025-05-19,69.6,20.89,0.0,No thermal stress,48.2 to 78.8 F,71.89,55.55,86.51,-2.29,0,450,1,"42.25,-83.75 (100.0%)"
2025-05-20,51.77,10.98,0.0,No thermal stress,48.2 to 78.8 F,72.59,57.55,86.7,-20.82,0,450,1,"42.25,-83.75 (100.0%)"
2025-05-21,62.71,17.06,0.0,No thermal stress,48.2 to 78.8 F,73.25,58.24,86.93,-10.54,0,450,1,"42.25,-83.75 (100.0%)"
2025-05-22,45.32,7.4,-1.0,Slight cold stress,32.0 to 48.2 F,73.89,58.73,87.48,-28.57,0,450,1,"42.25,-83.75 (100.0%)"
2025-05-23,47.78,8.77,-1.0,Slight cold stress,32.0 to 48.2 F,74.67,59.71,88.0,-26.89,0,450,1,"42.25,-83.75 (100.0%)"
2025-05-24,62.47,16.93,0.0,No thermal stress,48.2 to 78.8 F,75.17,60.03,88.24,-12.7,0,450,1,"42.25,-83.75 (100.0%)"
2025-05-25,64.35,17.97,0.0,No thermal stress,48.2 to 78.8 F,75.44,60.03,88.36,-11.09,0,450,1,"42.25,-83.75 (100.0%)"
2025-05-26,74.37,23.54,0.0,No thermal stress,48.2 to 78.8 F,75.93,60.85,88.62,-1.56,0,450,1,"42.25,-83.75 (100.0%)"
2025-05-27,72.18,22.32,0.0,No thermal stress,48.2 to 78.8 F,76.18,61.38,88.43,-4.0,0,450,1,"42.25,-83.75 (100.0%)"
2025-05-28,62.96,17.2,0.0,No thermal stress,48.2 to 78.8 F,76.42,62.28,88.6,-13.46,0,450,1,"42.25,-83.75 (100.0%)"
2025-05-29,72.05,22.25,0.0,No thermal stress,48.2 to 78.8 F,76.75,62.83,88.79,-4.7,0,450,1,"42.25,-83.75 (100.0%)"
2025-05-30,77.47,25.26,0.0,No thermal stress,48.2 to 78.8 F,77.04,62.83,88.94,0.43,0,450,1,"42.25,-83.75 (100.0%)"
2025-05-31,62.69,17.05,0.0,No thermal stress,48.2 to 78.8 F,77.38,63.29,89.31,-14.69,0,450,1,"42.25,-83.75 (100.0%)"
2025-06-01,70.89,21.61,0.0,No thermal stress,48.2 to 78.8 F,77.95,64.57,89.53,-7.06,0,450,1,"42.25,-83.75 (100.0%)"
2025-06-02,78.99,26.11,1.0,Moderate heat stress,78.8 to 89.6 F,78.51,65.72,89.65,0.48,0,450,1,"42.25,-83.75 (100.0%)"
2025-06-03,84.38,29.1,1.0,Moderate heat stress,78.8 to 89.6 F,78.93,66.01,89.97,5.45,0,450,1,"42.25,-83.75 (100.0%)"
2025-06-04,82.6,28.11,1.0,Moderate heat stress,78.8 to 89.6 F,79.39,67.5,90.32,3.21,0,450,1,"42.25,-83.75 (100.0%)"
2025-06-05,65.9,18.83,0.0,No thermal stress,48.2 to 78.8 F,79.56,68.01,90.46,-13.66,0,450,1,"42.25,-83.75 (100.0%)"
2025-06-06,79.61,26.45,1.0,Moderate heat stress,78.8 to 89.6 F,79.74,68.48,90.4,-0.13,0,450,1,"42.25,-83.75 (100.0%)"
2025-06-07,82.8,28.22,1.0,Moderate heat stress,78.8 to 89.6 F,80.0,68.92,90.36,2.8,0,450,1,"42.25,-83.75 (100.0%)"
2025-06-08,86.18,30.1,1.0,Moderate heat stress,78.8 to 89.6 F,80.37,69.52,90.5,5.81,0,450,1,"42.25,-83.75 (100.0%)"
2025-06-09,79.25,26.25,1.0,Moderate heat stress,78.8 to 89.6 F,80.79,69.85,90.79,-1.54,0,450,1,"42.25,-83.75 (100.0%)"
2025-06-10,68.12,20.07,0.0,No thermal stress,48.2 to 78.8 F,81.31,69.96,91.35,-13.19,0,450,1,"42.25,-83.75 (100.0%)"
2025-06-11,82.86,28.26,1.0,Moderate heat stress,78.8 to 89.6 F,82.06,70.24,92.17,0.8,0,450,1,"42.25,-83.75 (100.0%)"
2025-06-12,85.19,29.55,1.0,Moderate heat stress,78.8 to 89.6 F,82.57,70.62,92.55,2.62,0,450,1,"42.25,-83.75 (100.0%)"
2025-06-13,75.76,24.31,0.0,No thermal stress,48.2 to 78.8 F,82.98,71.32,92.81,-7.22,0,450,1,"42.25,-83.75 (100.0%)"
2025-06-14,82.5,28.05,1.0,Moderate heat stress,78.8 to 89.6 F,83.43,72.24,93.04,-0.93,0,450,1,"42.25,-83.75 (100.0%)"
2025-06-15,87.98,31.1,1.0,Moderate heat stress,78.8 to 89.6 F,83.67,72.41,93.06,4.31,0,450,1,"42.25,-83.75 (100.0%)"
2025-06-16,91.75,33.2,2.0,Strong heat stress,89.6 to 100.4 F,83.87,72.74,93.13,7.88,0,450,1,"42.25,-83.75 (100.0%)"
2025-06-17,91.36,32.98,2.0,Strong heat stress,89.6 to 100.4 F,84.1,73.25,93.17,7.26,0,450,1,"42.25,-83.75 (100.0%)"
2025-06-18,91.59,33.11,2.0,Strong heat stress,89.6 to 100.4 F,84.29,73.38,93.37,7.3,0,450,1,"42.25,-83.75 (100.0%)"
2025-06-19,77.57,25.32,0.0,No thermal stress,48.2 to 78.8 F,84.55,73.38,93.72,-6.98,0,450,1,"42.25,-83.75 (100.0%)"
2025-06-20,90.6,32.55,2.0,Strong heat stress,89.6 to 100.4 F,84.78,73.48,93.86,5.82,0,450,1,"42.25,-83.75 (100.0%)"
2025-06-21,93.17,33.99,2.0,Strong heat stress,89.6 to 100.4 F,85.06,73.98,94.01,8.11,0,450,1,"42.25,-83.75 (100.0%)"
2025-06-22,99.22,37.35,2.0,Strong heat stress,89.6 to 100.4 F,85.12,74.03,94.04,14.1,1,450,1,"42.25,-83.75 (100.0%)"
2025-06-23,97.17,36.21,2.0,Strong heat stress,89.6 to 100.4 F,85.26,74.08,94.21,11.91,1,450,1,"42.25,-83.75 (100.0%)"
2025-06-24,98.13,36.74,2.0,Strong heat stress,89.6 to 100.4 F,85.39,74.51,94.21,12.74,1,450,1,"42.25,-83.75 (100.0%)"
2025-06-25,90.53,32.52,2.0,Strong heat stress,89.6 to 100.4 F,85.56,74.72,94.3,4.97,0,450,1,"42.25,-83.75 (100.0%)"
2025-06-26,100.96,38.31,3.0,Very strong heat stress,100.4 to 114.8 F,85.55,74.72,94.34,15.41,1,450,1,"42.25,-83.75 (100.0%)"
2025-06-27,93.47,34.15,2.0,Strong heat stress,89.6 to 100.4 F,85.7,74.84,94.56,7.77,0,450,1,"42.25,-83.75 (100.0%)"
2025-06-28,87.81,31.0,1.0,Moderate heat stress,78.8 to 89.6 F,85.99,75.38,95.06,1.82,0,450,1,"42.25,-83.75 (100.0%)"
2025-06-29,97.58,36.43,2.0,Strong heat stress,89.6 to 100.4 F,86.14,75.47,95.57,11.44,1,450,1,"42.25,-83.75 (100.0%)"
2025-06-30,92.08,33.38,2.0,Strong heat stress,89.6 to 100.4 F,86.35,75.75,95.7,5.73,0,450,1,"42.25,-83.75 (100.0%)"
2025-07-01,84.95,29.42,1.0,Moderate heat stress,78.8 to 89.6 F,86.5,75.8,95.85,-1.55,0,450,1,"42.25,-83.75 (100.0%)"
2025-07-02,87.08,30.6,1.0,Moderate heat stress,78.8 to 89.6 F,86.53,75.8,95.71,0.55,0,450,1,"42.25,-83.75 (100.0%)"
2025-07-03,89.13,31.74,1.0,Moderate heat stress,78.8 to 89.6 F,86.59,75.98,95.69,2.54,0,450,1,"42.25,-83.75 (100.0%)"
2025-07-04,96.47,35.82,2.0,Strong heat stress,89.6 to 100.4 F,86.59,76.0,95.6,9.88,1,450,1,"42.25,-83.75 (100.0%)"
2025-07-05,92.59,33.66,2.0,Strong heat stress,89.6 to 100.4 F,86.68,76.4,95.37,5.91,0,450,1,"42.25,-83.75 (100.0%)"
2025-07-06,92.54,33.63,2.0,Strong heat stress,89.6 to 100.4 F,86.8,76.84,95.34,5.74,0,450,1,"42.25,-83.75 (100.0%)"
2025-07-07,80.72,27.07,1.0,Moderate heat stress,78.8 to 89.6 F,87.03,77.15,95.61,-6.31,0,450,1,"42.25,-83.75 (100.0%)"
2025-07-08,93.14,33.97,2.0,Strong heat stress,89.6 to 100.4 F,87.21,77.39,95.74,5.93,0,450,1,"42.25,-83.75 (100.0%)"
2025-07-09,90.72,32.62,2.0,Strong heat stress,89.6 to 100.4 F,87.5,77.72,96.15,3.22,0,450,1,"42.25,-83.75 (100.0%)"
2025-07-10,91.34,32.96,2.0,Strong heat stress,89.6 to 100.4 F,87.66,77.86,96.15,3.68,0,450,1,"42.25,-83.75 (100.0%)"
2025-07-11,90.32,32.4,2.0,Strong heat stress,89.6 to 100.4 F,87.89,78.0,96.24,2.43,0,450,1,"42.25,-83.75 (100.0%)"
2025-07-12,93.33,34.07,2.0,Strong heat stress,89.6 to 100.4 F,87.94,78.35,96.15,5.39,0,450,1,"42.25,-83.75 (100.0%)"
2025-07-13,92.06,33.36,2.0,Strong heat stress,89.6 to 100.4 F,87.94,78.34,95.98,4.12,0,450,1,"42.25,-83.75 (100.0%)"
2025-07-14,91.86,33.26,2.0,Strong heat stress,89.6 to 100.4 F,88.08,78.61,96.37,3.78,0,450,1,"42.25,-83.75 (100.0%)"
2025-07-15,95.82,35.46,2.0,Strong heat stress,89.6 to 100.4 F,88.07,78.57,96.32,7.75,0,450,1,"42.25,-83.75 (100.0%)"
2025-07-16,89.95,32.19,2.0,Strong heat stress,89.6 to 100.4 F,88.01,78.52,96.45,1.94,0,450,1,"42.25,-83.75 (100.0%)"
2025-07-17,79.27,26.26,1.0,Moderate heat stress,78.8 to 89.6 F,88.09,78.7,96.46,-8.82,0,450,1,"42.25,-83.75 (100.0%)"
2025-07-18,88.39,31.33,1.0,Moderate heat stress,78.8 to 89.6 F,88.09,78.75,96.59,0.3,0,450,1,"42.25,-83.75 (100.0%)"
2025-07-19,87.07,30.6,1.0,Moderate heat stress,78.8 to 89.6 F,88.1,78.75,96.79,-1.03,0,450,1,"42.25,-83.75 (100.0%)"
2025-07-20,87.74,30.97,1.0,Moderate heat stress,78.8 to 89.6 F,88.13,78.75,96.86,-0.39,0,450,1,"42.25,-83.75 (100.0%)"
2025-07-21,89.19,31.77,1.0,Moderate heat stress,78.8 to 89.6 F,88.02,78.8,96.8,1.17,0,450,1,"42.25,-83.75 (100.0%)"
2025-07-22,88.85,31.58,1.0,Moderate heat stress,78.8 to 89.6 F,87.9,78.9,96.48,0.95,0,450,1,"42.25,-83.75 (100.0%)"
2025-07-23,91.07,32.81,2.0,Strong heat stress,89.6 to 100.4 F,87.84,79.3,96.4,3.23,0,450,1,"42.25,-83.75 (100.0%)"
2025-07-24,96.77,35.98,2.0,Strong heat stress,89.6 to 100.4 F,87.76,79.3,96.45,9.01,1,450,1,"42.25,-83.75 (100.0%)"
2025-07-25,95.0,35.0,2.0,Strong heat stress,89.6 to 100.4 F,87.7,78.96,96.45,7.3,0,450,1,"42.25,-83.75 (100.0%)"
2025-07-26,91.58,33.1,2.0,Strong heat stress,89.6 to 100.4 F,87.64,78.75,96.33,3.94,0,450,1,"42.25,-83.75 (100.0%)"
2025-07-27,99.28,37.38,2.0,Strong heat stress,89.6 to 100.4 F,87.68,78.75,96.29,11.6,1,450,1,"42.25,-83.75 (100.0%)"
2025-07-28,100.21,37.9,2.0,Strong heat stress,89.6 to 100.4 F,87.53,78.55,96.24,12.68,1,450,1,"42.25,-83.75 (100.0%)"
2025-07-29,98.62,37.01,2.0,Strong heat stress,89.6 to 100.4 F,87.2,78.41,95.71,11.42,1,450,1,"42.25,-83.75 (100.0%)"
2025-07-30,96.49,35.83,2.0,Strong heat stress,89.6 to 100.4 F,87.03,78.28,95.44,9.46,1,450,1,"42.25,-83.75 (100.0%)"
2025-07-31,79.03,26.13,1.0,Moderate heat stress,78.8 to 89.6 F,87.11,78.55,95.26,-8.08,0,450,1,"42.25,-83.75 (100.0%)"
2025-08-01,79.1,26.16,1.0,Moderate heat stress,78.8 to 89.6 F,87.08,78.27,95.03,-7.98,0,450,1,"42.25,-83.75 (100.0%)"
2025-08-02,84.69,29.27,1.0,Moderate heat stress,78.8 to 89.6 F,87.08,78.17,95.22,-2.39,0,450,1,"42.25,-83.75 (100.0%)"
2025-08-03,87.38,30.77,1.0,Moderate heat stress,78.8 to 89.6 F,87.04,78.08,95.22,0.34,0,450,1,"42.25,-83.75 (100.0%)"
2025-08-04,86.82,30.45,1.0,Moderate heat stress,78.8 to 89.6 F,86.87,77.86,95.26,-0.05,0,450,1,"42.25,-83.75 (100.0%)"
2025-08-05,85.19,29.55,1.0,Moderate heat stress,78.8 to 89.6 F,86.91,77.89,95.26,-1.72,0,450,1,"42.25,-83.75 (100.0%)"
2025-08-06,90.62,32.57,2.0,Strong heat stress,89.6 to 100.4 F,86.9,77.75,95.26,3.72,0,450,1,"42.25,-83.75 (100.0%)"
2025-08-07,90.62,32.57,2.0,Strong heat stress,89.6 to 100.4 F,86.76,77.28,95.26,3.86,0,450,1,"42.25,-83.75 (100.0%)"
2025-08-08,94.21,34.56,2.0,Strong heat stress,89.6 to 100.4 F,86.69,76.79,95.2,7.52,0,450,1,"42.25,-83.75 (100.0%)"
2025-08-09,93.13,33.96,2.0,Strong heat stress,89.6 to 100.4 F,86.5,76.77,94.82,6.63,0,450,1,"42.25,-83.75 (100.0%)"
2025-08-10,95.26,35.14,2.0,Strong heat stress,89.6 to 100.4 F,86.21,76.41,94.18,9.05,1,450,1,"42.25,-83.75 (100.0%)"
2025-08-11,93.02,33.9,2.0,Strong heat stress,89.6 to 100.4 F,85.98,76.22,93.94,7.04,0,450,1,"42.25,-83.75 (100.0%)"
2025-08-12,95.62,35.34,2.0,Strong heat stress,89.6 to 100.4 F,85.9,76.41,93.73,9.72,1,450,1,"42.25,-83.75 (100.0%)"
2025-08-13,91.47,33.04,2.0,Strong heat stress,89.6 to 100.4 F,85.72,76.22,93.57,5.75,0,450,1,"42.25,-83.75 (100.0%)"
2025-08-14,92.91,33.84,2.0,Strong heat stress,89.6 to 100.4 F,85.63,76.0,93.55,7.28,0,450,1,"42.25,-83.75 (100.0%)"
2025-08-15,92.71,33.73,2.0,Strong heat stress,89.6 to 100.4 F,85.39,75.26,93.55,7.32,0,450,1,"42.25,-83.75 (100.0%)"
2025-08-16,100.0,37.78,2.0,Strong heat stress,89.6 to 100.4 F,85.28,74.94,93.55,14.72,1,450,1,"42.25,-83.75 (100.0%)"
2025-08-17,87.39,30.77,1.0,Moderate heat stress,78.8 to 89.6 F,85.12,74.62,93.21,2.27,0,450,1,"42.25,-83.75 (100.0%)"
2025-08-18,84.22,29.01,1.0,Moderate heat stress,78.8 to 89.6 F,85.08,75.18,93.16,-0.86,0,450,1,"42.25,-83.75 (100.0%)"
2025-08-19,88.88,31.6,1.0,Moderate heat stress,78.8 to 89.6 F,85.27,75.25,93.17,3.61,0,450,1,"42.25,-83.75 (100.0%)"
2025-08-20,72.19,22.33,0.0,No thermal stress,48.2 to 78.8 F,85.3,75.25,93.13,-13.11,0,450,1,"42.25,-83.75 (100.0%)"
2025-08-21,80.2,26.78,1.0,Moderate heat stress,78.8 to 89.6 F,85.11,74.94,93.16,-4.91,0,450,1,"42.25,-83.75 (100.0%)"
2025-08-22,91.67,33.15,2.0,Strong heat stress,89.6 to 100.4 F,85.03,74.74,93.17,6.64,0,450,1,"42.25,-83.75 (100.0%)"
2025-08-23,79.03,26.13,1.0,Moderate heat stress,78.8 to 89.6 F,84.9,74.43,93.09,-5.87,0,450,1,"42.25,-83.75 (100.0%)"
2025-08-24,73.53,23.07,0.0,No thermal stress,48.2 to 78.8 F,84.76,74.22,93.09,-11.23,0,450,1,"42.25,-83.75 (100.0%)"
2025-08-25,67.01,19.45,0.0,No thermal stress,48.2 to 78.8 F,84.72,73.91,93.19,-17.71,0,450,1,"42.25,-83.75 (100.0%)"
2025-08-26,67.65,19.81,0.0,No thermal stress,48.2 to 78.8 F,84.61,73.75,93.47,-16.96,0,450,1,"42.25,-83.75 (100.0%)"
2025-08-27,75.12,23.95,0.0,No thermal stress,48.2 to 78.8 F,84.58,73.77,93.55,-9.46,0,450,1,"42.25,-83.75 (100.0%)"
2025-08-28,75.1,23.95,0.0,No thermal stress,48.2 to 78.8 F,84.6,73.77,93.57,-9.5,0,450,1,"42.25,-83.75 (100.0%)"
2025-08-29,76.79,24.88,0.0,No thermal stress,48.2 to 78.8 F,84.54,73.49,93.58,-7.75,0,450,1,"42.25,-83.75 (100.0%)"
2025-08-30,83.01,28.34,1.0,Moderate heat stress,78.8 to 89.6 F,84.51,73.73,93.58,-1.5,0,450,1,"42.25,-83.75 (100.0%)"
2025-08-31,83.96,28.87,1.0,Moderate heat stress,78.8 to 89.6 F,84.37,73.72,93.6,-0.41,0,450,1,"42.25,-83.75 (100.0%)"
2025-09-01,83.44,28.58,1.0,Moderate heat stress,78.8 to 89.6 F,83.96,72.01,93.6,-0.52,0,450,1,"42.25,-83.75 (100.0%)"
2025-09-02,86.28,30.16,1.0,Moderate heat stress,78.8 to 89.6 F,83.55,71.57,93.52,2.73,0,450,1,"42.25,-83.75 (100.0%)"
2025-09-03,76.8,24.89,0.0,No thermal stress,48.2 to 78.8 F,82.9,70.98,93.35,-6.1,0,450,1,"42.25,-83.75 (100.0%)"
2025-09-04,67.99,20.0,0.0,No thermal stress,48.2 to 78.8 F,82.36,70.1,93.27,-14.37,0,450,1,"42.25,-83.75 (100.0%)"
2025-09-05,62.76,17.09,0.0,No thermal stress,48.2 to 78.8 F,82.11,69.93,92.96,-19.35,0,450,1,"42.25,-83.75 (100.0%)"
2025-09-06,59.42,15.24,0.0,No thermal stress,48.2 to 78.8 F,81.75,69.35,92.12,-22.33,0,450,1,"42.25,-83.75 (100.0%)"
2025-09-07,66.65,19.25,0.0,No thermal stress,48.2 to 78.8 F,81.26,68.98,91.73,-14.61,0,450,1,"42.25,-83.75 (100.0%)"
2025-09-08,79.84,26.58,1.0,Moderate heat stress,78.8 to 89.6 F,80.78,67.98,91.72,-0.94,0,450,1,"42.25,-83.75 (100.0%)"
2025-09-09,80.63,27.02,1.0,Moderate heat stress,78.8 to 89.6 F,80.4,67.84,91.25,0.23,0,450,1,"42.25,-83.75 (100.0%)"
2025-09-10,86.54,30.3,1.0,Moderate heat stress,78.8 to 89.6 F,80.0,66.86,90.85,6.54,0,450,1,"42.25,-83.75 (100.0%)"
2025-09-11,86.93,30.52,1.0,Moderate heat stress,78.8 to 89.6 F,79.53,66.16,90.28,7.4,0,450,1,"42.25,-83.75 (100.0%)"
2025-09-12,89.26,31.81,1.0,Moderate heat stress,78.8 to 89.6 F,79.12,65.59,89.59,10.14,0,450,1,"42.25,-83.75 (100.0%)"
2025-09-13,84.21,29.01,1.0,Moderate heat stress,78.8 to 89.6 F,78.71,65.45,88.96,5.5,0,450,1,"42.25,-83.75 (100.0%)"
2025-09-14,85.86,29.92,1.0,Moderate heat stress,78.8 to 89.6 F,78.22,65.04,88.57,7.64,0,450,1,"42.25,-83.75 (100.0%)"
2025-09-15,87.78,30.99,1.0,Moderate heat stress,78.8 to 89.6 F,77.58,64.32,88.4,10.2,0,450,1,"42.25,-83.75 (100.0%)"
2025-09-16,88.1,31.17,1.0,Moderate heat stress,78.8 to 89.6 F,77.35,64.32,87.98,10.75,1,450,1,"42.25,-83.75 (100.0%)"
2025-09-17,90.87,32.71,2.0,Strong heat stress,89.6 to 100.4 F,76.96,63.86,87.9,13.91,1,450,1,"42.25,-83.75 (100.0%)"
2025-09-18,93.32,34.07,2.0,Strong heat stress,89.6 to 100.4 F,76.61,63.81,87.73,16.71,1,450,1,"42.25,-83.75 (100.0%)"
2025-09-19,90.92,32.73,2.0,Strong heat stress,89.6 to 100.4 F,76.14,63.12,87.59,14.78,1,450,1,"42.25,-83.75 (100.0%)"
2025-09-20,80.77,27.1,1.0,Moderate heat stress,78.8 to 89.6 F,75.6,62.56,87.33,5.17,0,450,1,"42.25,-83.75 (100.0%)"
2025-09-21,84.32,29.07,1.0,Moderate heat stress,78.8 to 89.6 F,74.96,61.3,86.8,9.36,0,450,1,"42.25,-83.75 (100.0%)"
2025-09-22,78.03,25.57,0.0,No thermal stress,48.2 to 78.8 F,74.29,60.47,86.49,3.74,0,450,1,"42.25,-83.75 (100.0%)"
2025-09-23,87.08,30.6,1.0,Moderate heat stress,78.8 to 89.6 F,73.71,59.88,85.86,13.37,1,450,1,"42.25,-83.75 (100.0%)"
2025-09-24,83.7,28.72,1.0,Moderate heat stress,78.8 to 89.6 F,73.05,59.06,85.56,10.65,0,450,1,"42.25,-83.75 (100.0%)"
2025-09-25,80.76,27.09,1.0,Moderate heat stress,78.8 to 89.6 F,72.36,57.65,85.16,8.4,0,450,1,"42.25,-83.75 (100.0%)"
2025-09-26,85.75,29.86,1.0,Moderate heat stress,78.8 to 89.6 F,71.66,56.96,85.08,14.09,1,450,1,"42.25,-83.75 (100.0%)"
2025-09-27,85.8,29.89,1.0,Moderate heat stress,78.8 to 89.6 F,70.99,55.35,84.81,14.81,1,450,1,"42.25,-83.75 (100.0%)"
2025-09-28,89.14,31.74,1.0,Moderate heat stress,78.8 to 89.6 F,70.26,54.33,84.56,18.88,1,450,1,"42.25,-83.75 (100.0%)"
2025-09-29,90.84,32.69,2.0,Strong heat stress,89.6 to 100.4 F,69.72,54.23,84.15,21.12,1,450,1,"42.25,-83.75 (100.0%)"
2025-09-30,83.34,28.52,1.0,Moderate heat stress,78.8 to 89.6 F,69.23,53.33,83.77,14.11,0,450,1,"42.25,-83.75 (100.0%)"
2025-10-01,73.97,23.32,0.0,No thermal stress,48.2 to 78.8 F,68.67,52.88,83.54,5.3,0,450,1,"42.25,-83.75 (100.0%)"
2025-10-02,83.04,28.35,1.0,Moderate heat stress,78.8 to 89.6 F,68.26,52.12,83.27,14.78,0,450,1,"42.25,-83.75 (100.0%)"
2025-10-03,91.85,33.25,2.0,Strong heat stress,89.6 to 100.4 F,67.96,51.68,82.82,23.89,1,450,1,"42.25,-83.75 (100.0%)"
2025-10-04,88.79,31.55,1.0,Moderate heat stress,78.8 to 89.6 F,67.57,51.45,82.33,21.22,1,450,1,"42.25,-83.75 (100.0%)"
2025-10-05,85.24,29.58,1.0,Moderate heat stress,78.8 to 89.6 F,67.08,50.52,82.2,18.16,1,450,1,"42.25,-83.75 (100.0%)"
2025-10-06,83.17,28.43,1.0,Moderate heat stress,78.8 to 89.6 F,66.62,49.45,82.14,16.55,1,450,1,"42.25,-83.75 (100.0%)"
2025-10-07,66.14,18.97,0.0,No thermal stress,48.2 to 78.8 F,66.15,48.66,81.99,-0.01,0,450,1,"42.25,-83.75 (100.0%)"
2025-10-08,63.39,17.44,0.0,No thermal stress,48.2 to 78.8 F,65.45,48.17,81.66,-2.06,0,450,1,"42.25,-83.75 (100.0%)"
2025-10-09,71.01,21.67,0.0,No thermal stress,48.2 to 78.8 F,64.67,47.25,81.44,6.34,0,450,1,"42.25,-83.75 (100.0%)"
2025-10-10,67.0,19.44,0.0,No thermal stress,48.2 to 78.8 F,63.97,45.63,80.8,3.03,0,450,1,"42.25,-83.75 (100.0%)"
2025-10-11,63.52,17.51,0.0,No thermal stress,48.2 to 78.8 F,63.52,45.53,79.35,0.0,0,450,1,"42.25,-83.75 (100.0%)"
2025-10-12,67.79,19.88,0.0,No thermal stress,48.2 to 78.8 F,62.8,44.92,78.57,4.99,0,450,1,"42.25,-83.75 (100.0%)"
2025-10-13,83.18,28.43,1.0,Moderate heat stress,78.8 to 89.6 F,62.18,44.68,77.88,21.0,1,450,1,"42.25,-83.75 (100.0%)"
2025-10-14,80.0,26.67,1.0,Moderate heat stress,78.8 to 89.6 F,61.42,44.27,77.25,18.58,1,450,1,"42.25,-83.75 (100.0%)"
2025-10-15,67.74,19.86,0.0,No thermal stress,48.2 to 78.8 F,60.9,43.78,75.7,6.84,0,450,1,"42.25,-83.75 (100.0%)"
2025-10-16,77.11,25.06,0.0,No thermal stress,48.2 to 78.8 F,60.24,43.05,74.58,16.87,1,450,1,"42.25,-83.75 (100.0%)"
2025-10-17,68.22,20.12,0.0,No thermal stress,48.2 to 78.8 F,59.28,42.38,73.9,8.94,0,450,1,"42.25,-83.75 (100.0%)"
2025-10-18,79.46,26.37,1.0,Moderate heat stress,78.8 to 89.6 F,58.51,42.04,73.15,20.95,1,450,1,"42.25,-83.75 (100.0%)"
2025-10-19,61.85,16.58,0.0,No thermal stress,48.2 to 78.8 F,57.62,41.47,72.53,4.23,0,450,1,"42.25,-83.75 (100.0%)"
2025-10-20,65.63,18.69,0.0,No thermal stress,48.2 to 78.8 F,56.89,41.26,72.29,8.74,0,450,1,"42.25,-83.75 (100.0%)"
2025-10-21,53.56,11.98,0.0,No thermal stress,48.2 to 78.8 F,56.11,40.56,71.89,-2.55,0,450,1,"42.25,-83.75 (100.0%)"
2025-10-22,38.92,3.84,-1.0,Slight cold stress,32.0 to 48.2 F,55.37,38.7,71.61,-16.45,0,450,1,"42.25,-83.75 (100.0%)"
2025-10-23,47.02,8.35,-1.0,Slight cold stress,32.0 to 48.2 F,55.09,38.09,71.61,-8.07,0,450,1,"42.25,-83.75 (100.0%)"
2025-10-24,52.71,11.5,0.0,No thermal stress,48.2 to 78.8 F,54.55,37.25,71.5,-1.84,0,450,1,"42.25,-83.75 (100.0%)"
2025-10-25,72.35,22.42,0.0,No thermal stress,48.2 to 78.8 F,53.93,36.11,70.85,18.42,1,450,1,"42.25,-83.75 (100.0%)"
2025-10-26,61.34,16.3,0.0,No thermal stress,48.2 to 78.8 F,53.12,34.31,70.51,8.22,0,450,1,"42.25,-83.75 (100.0%)"
2025-10-27,54.38,12.44,0.0,No thermal stress,48.2 to 78.8 F,52.62,33.35,70.18,1.76,0,450,1,"42.25,-83.75 (100.0%)"
2025-10-28,49.27,9.6,0.0,No thermal stress,48.2 to 78.8 F,52.11,33.29,70.06,-2.84,0,450,1,"42.25,-83.75 (100.0%)"
2025-10-29,52.6,11.44,0.0,No thermal stress,48.2 to 78.8 F,51.69,32.26,69.73,0.91,0,450,1,"42.25,-83.75 (100.0%)"
2025-10-30,40.49,4.72,-1.0,Slight cold stress,32.0 to 48.2 F,50.97,31.86,68.74,-10.48,0,450,1,"42.25,-83.75 (100.0%)"
2025-10-31,41.77,5.43,-1.0,Slight cold stress,32.0 to 48.2 F,50.49,30.36,68.12,-8.72,0,450,1,"42.25,-83.75 (100.0%)"
2025-11-01,59.23,15.13,0.0,No thermal stress,48.2 to 78.8 F,50.43,29.74,68.12,8.8,0,450,1,"42.25,-83.75 (100.0%)"
2025-11-02,58.54,14.74,0.0,No thermal stress,48.2 to 78.8 F,50.07,29.74,67.72,8.47,0,450,1,"42.25,-83.75 (100.0%)"
2025-11-03,45.44,7.47,-1.0,Slight cold stress,32.0 to 48.2 F,49.6,29.61,66.87,-4.16,0,450,1,"42.25,-83.75 (100.0%)"
2025-11-04,60.63,15.91,0.0,No thermal stress,48.2 to 78.8 F,48.98,28.24,66.19,11.65,0,450,1,"42.25,-83.75 (100.0%)"
2025-11-05,46.04,7.8,-1.0,Slight cold stress,32.0 to 48.2 F,48.63,26.93,65.67,-2.59,0,450,1,"42.25,-83.75 (100.0%)"
2025-11-06,61.54,16.41,0.0,No thermal stress,48.2 to 78.8 F,48.09,26.87,65.61,13.45,0,450,1,"42.25,-83.75 (100.0%)"
2025-11-07,48.24,9.02,0.0,No thermal stress,48.2 to 78.8 F,47.61,26.32,65.12,0.63,0,450,1,"42.25,-83.75 (100.0%)"
2025-11-08,41.31,5.17,-1.0,Slight cold stress,32.0 to 48.2 F,47.21,26.46,64.8,-5.9,0,450,1,"42.25,-83.75 (100.0%)"
2025-11-09,25.47,-3.63,-2.0,Moderate cold stress,8.6 to 32.0 F,46.72,26.41,64.44,-21.25,0,450,1,"42.25,-83.75 (100.0%)"
2025-11-10,21.55,-5.8,-2.0,Moderate cold stress,8.6 to 32.0 F,46.25,26.3,63.99,-24.7,0,450,1,"42.25,-83.75 (100.0%)"
2025-11-11,22.68,-5.18,-2.0,Moderate cold stress,8.6 to 32.0 F,45.91,26.1,63.92,-23.23,0,450,1,"42.25,-83.75 (100.0%)"
2025-11-12,32.17,0.09,-1.0,Slight cold stress,32.0 to 48.2 F,45.34,25.83,63.1,-13.17,0,450,1,"42.25,-83.75 (100.0%)"
2025-11-13,46.04,7.8,-1.0,Slight cold stress,32.0 to 48.2 F,44.68,25.08,62.04,1.36,0,450,1,"42.25,-83.75 (100.0%)"
2025-11-14,64.11,17.84,0.0,No thermal stress,48.2 to 78.8 F,44.34,24.84,61.99,19.77,1,450,1,"42.25,-83.75 (100.0%)"
2025-11-15,53.19,11.77,0.0,No thermal stress,48.2 to 78.8 F,43.71,23.98,61.47,9.48,0,450,1,"42.25,-83.75 (100.0%)"
2025-11-16,26.68,-2.96,-2.0,Moderate cold stress,8.6 to 32.0 F,42.85,23.07,60.64,-16.17,0,450,1,"42.25,-83.75 (100.0%)"
2025-11-17,44.14,6.74,-1.0,Slight cold stress,32.0 to 48.2 F,41.84,22.52,59.51,2.3,0,450,1,"42.25,-83.75 (100.0%)"
2025-11-18,34.38,1.32,-1.0,Slight cold stress,32.0 to 48.2 F,41.23,21.94,59.2,-6.85,0,450,1,"42.25,-83.75 (100.0%)"
2025-11-19,60.98,16.1,0.0,No thermal stress,48.2 to 78.8 F,40.94,21.87,59.18,20.04,1,450,1,"42.25,-83.75 (100.0%)"
2025-11-20,46.74,8.19,-1.0,Slight cold stress,32.0 to 48.2 F,40.48,20.73,58.75,6.26,0,450,1,"42.25,-83.75 (100.0%)"
2025-11-21,53.68,12.04,0.0,No thermal stress,48.2 to 78.8 F,40.3,20.98,58.55,13.38,0,450,1,"42.25,-83.75 (100.0%)"
2025-11-22,58.46,14.7,0.0,No thermal stress,48.2 to 78.8 F,39.88,20.73,57.96,18.58,1,450,1,"42.25,-83.75 (100.0%)"
2025-11-23,44.89,7.16,-1.0,Slight cold stress,32.0 to 48.2 F,39.59,20.41,57.64,5.3,0,450,1,"42.25,-83.75 (100.0%)"
2025-11-24,47.25,8.47,-1.0,Slight cold stress,32.0 to 48.2 F,39.06,19.65,57.2,8.19,0,450,1,"42.25,-83.75 (100.0%)"
2025-11-25,46.74,8.19,-1.0,Slight cold stress,32.0 to 48.2 F,38.87,19.31,57.12,7.87,0,450,1,"42.25,-83.75 (100.0%)"
2025-11-26,36.95,2.75,-1.0,Slight cold stress,32.0 to 48.2 F,38.47,19.16,56.81,-1.52,0,450,1,"42.25,-83.75 (100.0%)"
2025-11-27,9.71,-12.38,-2.0,Moderate cold stress,8.6 to 32.0 F,38.18,18.65,56.32,-28.47,0,450,1,"42.25,-83.75 (100.0%)"
2025-11-28,12.76,-10.69,-2.0,Moderate cold stress,8.6 to 32.0 F,37.68,18.07,56.32,-24.92,0,450,1,"42.25,-83.75 (100.0%)"
2025-11-29,22.79,-5.11,-2.0,Moderate cold stress,8.6 to 32.0 F,36.62,16.73,55.81,-13.83,0,450,1,"42.25,-83.75 (100.0%)"
2025-11-30,19.06,-7.19,-2.0,Moderate cold stress,8.6 to 32.0 F,36.04,16.04,55.35,-16.98,0,450,1,"42.25,-83.75 (100.0%)"
2025-12-01,42.86,6.03,-1.0,Slight cold stress,32.0 to 48.2 F,35.55,15.63,54.6,7.31,0,450,1,"42.25,-83.75 (100.0%)"
2025-12-02,51.93,11.07,0.0,No thermal stress,48.2 to 78.8 F,35.41,15.63,54.0,16.52,0,450,1,"42.25,-83.75 (100.0%)"
2025-12-03,8.1,-13.28,-3.0,Strong cold stress,-16.6 to 8.6 F,34.83,14.52,53.52,-26.73,0,450,1,"42.25,-83.75 (100.0%)"
2025-12-04,40.56,4.75,-1.0,Slight cold stress,32.0 to 48.2 F,34.19,13.82,54.0,6.37,0,450,1,"42.25,-83.75 (100.0%)"
2025-12-05,24.02,-4.43,-2.0,Moderate cold stress,8.6 to 32.0 F,33.85,13.48,53.42,-9.83,0,450,1,"42.25,-83.75 (100.0%)"
2025-12-06,27.98,-2.23,-2.0,Moderate cold stress,8.6 to 32.0 F,33.6,12.66,53.49,-5.62,0,450,1,"42.25,-83.75 (100.0%)"
2025-12-07,32.13,0.07,-1.0,Slight cold stress,32.0 to 48.2 F,33.28,12.02,53.42,-1.15,0,450,1,"42.25,-83.75 (100.0%)"
2025-12-08,36.63,2.57,-1.0,Slight cold stress,32.0 to 48.2 F,32.67,10.7,53.14,3.96,0,450,1,"42.25,-83.75 (100.0%)"
2025-12-09,12.14,-11.03,-2.0,Moderate cold stress,8.6 to 32.0 F,32.68,10.7,53.14,-20.54,0,450,1,"42.25,-83.75 (100.0%)"
2025-12-10,22.81,-5.11,-2.0,Moderate cold stress,8.6 to 32.0 F,32.2,10.63,52.45,-9.39,0,450,1,"42.25,-83.75 (100.0%)"
2025-12-11,17.68,-7.95,-2.0,Moderate cold stress,8.6 to 32.0 F,31.62,10.12,52.19,-13.94,0,450,1,"42.25,-83.75 (100.0%)"
2025-12-12,45.86,7.7,-1.0,Slight cold stress,32.0 to 48.2 F,31.13,9.27,51.67,14.73,0,450,1,"42.25,-83.75 (100.0%)"
2025-12-13,0.62,-17.43,-3.0,Strong cold stress,-16.6 to 8.6 F,30.91,9.86,51.03,-30.29,0,450,1,"42.25,-83.75 (100.0%)"
2025-12-14,1.37,-17.02,-3.0,Strong cold stress,-16.6 to 8.6 F,31.19,10.12,50.76,-29.82,0,450,1,"42.25,-83.75 (100.0%)"
2025-12-15,7.48,-13.62,-3.0,Strong cold stress,-16.6 to 8.6 F,31.07,10.13,50.68,-23.59,0,450,1,"42.25,-83.75 (100.0%)"
2025-12-16,29.13,-1.6,-2.0,Moderate cold stress,8.6 to 32.0 F,30.83,9.59,50.64,-1.7,0,450,1,"42.25,-83.75 (100.0%)"
2025-12-17,54.09,12.27,0.0,No thermal stress,48.2 to 78.8 F,30.28,9.05,50.19,23.81,1,450,1,"42.25,-83.75 (100.0%)"
2025-12-18,41.87,5.48,-1.0,Slight cold stress,32.0 to 48.2 F,30.07,8.81,50.17,11.8,0,450,1,"42.25,-83.75 (100.0%)"
2025-12-19,8.2,-13.22,-3.0,Strong cold stress,-16.6 to 8.6 F,29.89,8.92,49.82,-21.69,0,450,1,"42.25,-83.75 (100.0%)"
2025-12-20,16.28,-8.74,-2.0,Moderate cold stress,8.6 to 32.0 F,29.75,9.06,49.54,-13.47,0,450,1,"42.25,-83.75 (100.0%)"
2025-12-21,31.38,-0.34,-2.0,Moderate cold stress,8.6 to 32.0 F,29.48,8.81,48.96,1.9,0,450,1,"42.25,-83.75 (100.0%)"
2025-12-22,24.48,-4.18,-2.0,Moderate cold stress,8.6 to 32.0 F,29.34,9.06,48.03,-4.86,0,450,1,"42.25,-83.75 (100.0%)"
2025-12-23,48.74,9.3,0.0,No thermal stress,48.2 to 78.8 F,29.26,9.06,48.26,19.48,1,450,1,"42.25,-83.75 (100.0%)"
2025-12-24,37.9,3.28,-1.0,Slight cold stress,32.0 to 48.2 F,28.82,8.15,47.87,9.08,0,450,1,"42.25,-83.75 (100.0%)"
2025-12-25,39.16,3.98,-1.0,Slight cold stress,32.0 to 48.2 F,28.52,7.93,47.72,10.64,0,450,1,"42.25,-83.75 (100.0%)"
2025-12-26,31.91,-0.05,-2.0,Moderate cold stress,8.6 to 32.0 F,28.2,7.29,47.12,3.71,0,450,1,"42.25,-83.75 (100.0%)"
2025-12-27,37.85,3.25,-1.0,Slight cold stress,32.0 to 48.2 F,28.01,7.24,46.84,9.84,0,450,1,"42.25,-83.75 (100.0%)"
2025-12-28,40.72,4.84,-1.0,Slight cold stress,32.0 to 48.2 F,27.71,6.28,46.42,13.01,0,450,1,"42.25,-83.75 (100.0%)"
2025-12-29,17.97,-7.79,-2.0,Moderate cold stress,8.6 to 32.0 F,27.46,6.03,46.27,-9.49,0,450,1,"42.25,-83.75 (100.0%)"
2025-12-30,-3.57,-19.76,-3.0,Strong cold stress,-16.6 to 8.6 F,27.11,5.06,46.02,-30.68,0,450,1,"42.25,-83.75 (100.0%)"
2025-12-31,6.94,-13.92,-3.0,Strong cold stress,-16.6 to 8.6 F,26.72,4.33,45.82,-19.78,0,450,1,"42.25,-83.75 (100.0%)"
2026-01-01,9.0,-12.78,-2.0,Moderate cold stress,8.6 to 32.0 F,26.92,4.33,46.02,-17.92,0,450,1,"42.25,-83.75 (100.0%)"
2026-01-02,18.36,-7.58,-2.0,Moderate cold stress,8.6 to 32.0 F,27.11,4.85,45.6,-8.75,0,450,1,"42.25,-83.75 (100.0%)"
2026-01-03,24.47,-4.18,-2.0,Moderate cold stress,8.6 to 32.0 F,26.88,3.47,45.03,-2.41,0,450,1,"42.25,-83.75 (100.0%)"
2026-01-04,35.78,2.1,-1.0,Slight cold stress,32.0 to 48.2 F,26.74,3.21,45.08,9.04,0,450,1,"42.25,-83.75 (100.0%)"
2026-01-05,40.5,4.72,-1.0,Slight cold stress,32.0 to 48.2 F,26.84,2.78,45.74,13.66,0,450,1,"42.25,-83.75 (100.0%)"
2026-01-06,35.83,2.13,-1.0,Slight cold stress,32.0 to 48.2 F,26.53,2.78,45.43,9.3,0,450,1,"42.25,-83.75 (100.0%)"
2026-01-07,35.46,1.92,-1.0,Slight cold stress,32.0 to 48.2 F,26.69,2.74,45.49,8.77,0,450,1,"42.25,-83.75 (100.0%)"
2026-01-08,45.59,7.55,-1.0,Slight cold stress,32.0 to 48.2 F,26.84,3.32,46.02,18.75,0,450,1,"42.25,-83.75 (100.0%)"
2026-01-09,36.3,2.39,-1.0,Slight cold stress,32.0 to 48.2 F,26.67,2.77,45.49,9.63,0,450,1,"42.25,-83.75 (100.0%)"
2026-01-10,38.01,3.34,-1.0,Slight cold stress,32.0 to 48.2 F,26.49,2.42,45.43,11.52,0,450,1,"42.25,-83.75 (100.0%)"
2026-01-11,20.44,-6.42,-2.0,Moderate cold stress,8.6 to 32.0 F,26.19,2.42,45.49,-5.75,0,450,1,"42.25,-83.75 (100.0%)"
2026-01-12,29.21,-1.55,-2.0,Moderate cold stress,8.6 to 32.0 F,25.98,2.12,45.61,3.23,0,450,1,"42.25,-83.75 (100.0%)"
2026-01-13,27.72,-2.38,-2.0,Moderate cold stress,8.6 to 32.0 F,26.19,3.16,45.61,1.53,0,450,1,"42.25,-83.75 (100.0%)"
2026-01-14,23.28,-4.85,-2.0,Moderate cold stress,8.6 to 32.0 F,26.32,3.32,45.79,-3.04,0,450,1,"42.25,-83.75 (100.0%)"
2026-01-15,19.19,-7.12,-2.0,Moderate cold stress,8.6 to 32.0 F,26.46,3.93,46.21,-7.27,0,450,1,"42.25,-83.75 (100.0%)"
2026-01-16,5.78,-14.57,-3.0,Strong cold stress,-16.6 to 8.6 F,26.35,3.93,45.79,-20.57,0,450,1,"42.25,-83.75 (100.0%)"
2026-01-17,9.97,-12.24,-2.0,Moderate cold stress,8.6 to 32.0 F,26.09,3.93,45.79,-16.12,0,450,1,"42.25,-83.75 (100.0%)"
2026-01-18,20.43,-6.43,-2.0,Moderate cold stress,8.6 to 32.0 F,26.0,4.11,45.61,-5.57,0,450,1,"42.25,-83.75 (100.0%)"
2026-01-19,-1.42,-18.56,-3.0,Strong cold stress,-16.6 to 8.6 F,25.83,4.11,45.54,-27.25,0,450,1,"42.25,-83.75 (100.0%)"
2026-01-20,-1.93,-18.85,-3.0,Strong cold stress,-16.6 to 8.6 F,25.59,4.13,45.49,-27.52,0,450,1,"42.25,-83.75 (100.0%)"
2026-01-21,12.94,-10.59,-2.0,Moderate cold stress,8.6 to 32.0 F,25.63,4.13,45.79,-12.69,0,450,1,"42.25,-83.75 (100.0%)"
2026-01-22,-1.87,-18.82,-3.0,Strong cold stress,-16.6 to 8.6 F,25.58,4.13,45.88,-27.45,0,450,1,"42.25,-83.75 (100.0%)"
2026-01-23,-12.59,-24.77,-3.0,Strong cold stress,-16.6 to 8.6 F,25.66,4.02,45.84,-38.25,0,450,1,"42.25,-83.75 (100.0%)"
2026-01-24,31.32,-0.38,-2.0,Moderate cold stress,8.6 to 32.0 F,25.82,4.19,45.88,5.5,0,450,1,"42.25,-83.75 (100.0%)"
2026-01-25,-2.13,-18.96,-3.0,Strong cold stress,-16.6 to 8.6 F,26.53,5.45,46.51,-28.66,0,450,1,"42.25,-83.75 (100.0%)"
2026-01-26,22.38,-5.34,-2.0,Moderate cold stress,8.6 to 32.0 F,27.11,5.57,47.18,-4.73,0,450,1,"42.25,-83.75 (100.0%)"
2026-01-27,-6.18,-21.21,-3.0,Strong cold stress,-16.6 to 8.6 F,27.85,5.6,48.62,-34.03,0,450,1,"42.25,-83.75 (100.0%)"
2026-01-28,8.16,-13.25,-3.0,Strong cold stress,-16.6 to 8.6 F,27.83,6.03,49.09,-19.67,0,450,1,"42.25,-83.75 (100.0%)"
2026-01-29,45.11,7.28,-1.0,Slight cold stress,32.0 to 48.2 F,27.91,5.98,49.47,17.2,0,450,1,"42.25,-83.75 (100.0%)"
2026-01-30,33.09,0.6,-1.0,Slight cold stress,32.0 to 48.2 F,28.43,6.67,49.63,4.66,0,450,1,"42.25,-83.75 (100.0%)"
2026-01-31,19.17,-7.13,-2.0,Moderate cold stress,8.6 to 32.0 F,28.83,7.0,49.95,-9.66,0,450,1,"42.25,-83.75 (100.0%)"
2026-02-01,56.52,13.62,0.0,No thermal stress,48.2 to 78.8 F,29.42,7.05,50.83,27.1,1,450,1,"42.25,-83.75 (100.0%)"
2026-02-02,31.26,-0.41,-2.0,Moderate cold stress,8.6 to 32.0 F,30.09,7.42,51.44,1.17,0,450,1,"42.25,-83.75 (100.0%)"
2026-02-03,26.19,-3.23,-2.0,Moderate cold stress,8.6 to 32.0 F,30.27,7.52,52.34,-4.08,0,450,1,"42.25,-83.75 (100.0%)"
2026-02-04,43.12,6.18,-1.0,Slight cold stress,32.0 to 48.2 F,30.17,7.25,51.84,12.95,0,450,1,"42.25,-83.75 (100.0%)"
2026-02-05,13.34,-10.37,-2.0,Moderate cold stress,8.6 to 32.0 F,30.06,7.0,50.72,-16.72,0,450,1,"42.25,-83.75 (100.0%)"
2026-02-06,30.32,-0.93,-2.0,Moderate cold stress,8.6 to 32.0 F,29.92,7.25,51.44,0.4,0,450,1,"42.25,-83.75 (100.0%)"
2026-02-07,17.87,-7.85,-2.0,Moderate cold stress,8.6 to 32.0 F,30.29,7.96,51.44,-12.42,0,450,1,"42.25,-83.75 (100.0%)"
2026-02-08,46.04,7.8,-1.0,Slight cold stress,32.0 to 48.2 F,30.68,8.06,52.26,15.36,0,450,1,"42.25,-83.75 (100.0%)"
2026-02-09,35.39,1.88,-1.0,Slight cold stress,32.0 to 48.2 F,30.85,8.23,52.42,4.54,0,450,1,"42.25,-83.75 (100.0%)"
2026-02-10,51.61,10.9,0.0,No thermal stress,48.2 to 78.8 F,30.89,8.32,52.59,20.72,0,450,1,"42.25,-83.75 (100.0%)"
2026-02-11,11.12,-11.6,-2.0,Moderate cold stress,8.6 to 32.0 F,30.85,9.29,52.26,-19.73,0,450,1,"42.25,-83.75 (100.0%)"
2026-02-12,33.27,0.7,-1.0,Slight cold stress,32.0 to 48.2 F,31.35,9.24,52.5,1.92,0,450,1,"42.25,-83.75 (100.0%)"
2026-02-13,45.54,7.52,-1.0,Slight cold stress,32.0 to 48.2 F,31.86,10.33,52.29,13.68,0,450,1,"42.25,-83.75 (100.0%)"
2026-02-14,69.23,20.68,0.0,No thermal stress,48.2 to 78.8 F,32.12,10.45,52.59,37.11,1,450,1,"42.25,-83.75 (100.0%)"
2026-02-15,64.16,17.86,0.0,No thermal stress,48.2 to 78.8 F,32.48,10.45,52.65,31.68,1,450,1,"42.25,-83.75 (100.0%)"
2026-02-16,54.5,12.5,0.0,No thermal stress,48.2 to 78.8 F,32.96,10.86,52.59,21.54,1,450,1,"42.25,-83.75 (100.0%)"
2026-02-17,60.62,15.9,0.0,No thermal stress,48.2 to 78.8 F,33.18,10.41,52.65,27.44,1,450,1,"42.25,-83.75 (100.0%)"
2026-02-18,59.1,15.06,0.0,No thermal stress,48.2 to 78.8 F,33.6,10.48,53.18,25.5,1,450,1,"42.25,-83.75 (100.0%)"
2026-02-19,36.04,2.25,-1.0,Slight cold stress,32.0 to 48.2 F,34.15,10.91,53.18,1.89,0,450,1,"42.25,-83.75 (100.0%)"
2026-02-20,25.59,-3.56,-2.0,Moderate cold stress,8.6 to 32.0 F,34.81,11.63,53.82,-9.22,0,450,1,"42.25,-83.75 (100.0%)"
2026-02-21,31.31,-0.38,-2.0,Moderate cold stress,8.6 to 32.0 F,35.84,13.51,54.87,-4.53,0,458,1,"42.25,-83.75 (100.0%)"
2026-02-22,17.41,-8.1,-2.0,Moderate cold stress,8.6 to 32.0 F,36.11,13.51,55.25,-18.7,0,458,1,"42.25,-83.75 (100.0%)"
2026-02-23,15.65,-9.08,-2.0,Moderate cold stress,8.6 to 32.0 F,36.51,15.03,55.43,-20.86,0,458,1,"42.25,-83.75 (100.0%)"
2026-02-24,21.4,-5.89,-2.0,Moderate cold stress,8.6 to 32.0 F,36.64,13.9,56.02,-15.24,0,458,1,"42.25,-83.75 (100.0%)"
2026-02-25,15.37,-9.24,-2.0,Moderate cold stress,8.6 to 32.0 F,37.26,14.48,56.52,-21.89,0,458,1,"42.25,-83.75 (100.0%)"
2026-02-26,47.41,8.56,-1.0,Slight cold stress,32.0 to 48.2 F,37.81,15.03,57.49,9.6,0,458,1,"42.25,-83.75 (100.0%)"
2026-02-27,51.41,10.78,0.0,No thermal stress,48.2 to 78.8 F,38.16,16.07,57.58,13.25,0,458,1,"42.25,-83.75 (100.0%)"
2026-02-28,54.99,12.77,0.0,No thermal stress,48.2 to 78.8 F,38.88,16.44,58.91,16.11,0,458,1,"42.25,-83.75 (100.0%)"
2026-03-01,48.85,9.36,0.0,No thermal stress,48.2 to 78.8 F,39.1,16.58,60.18,9.75,0,458,1,"42.25,-83.75 (100.0%)"
2026-03-02,36.49,2.49,-1.0,Slight cold stress,32.0 to 48.2 F,39.28,16.58,60.34,-2.79,0,458,1,"42.25,-83.75 (100.0%)"
2026-03-03,46.88,8.27,-1.0,Slight cold stress,32.0 to 48.2 F,39.32,16.07,60.16,7.56,0,458,1,"42.25,-83.75 (100.0%)"
2026-03-04,58.61,14.78,0.0,No thermal stress,48.2 to 78.8 F,39.98,16.69,60.41,18.63,0,458,1,"42.25,-83.75 (100.0%)"
2026-03-05,38.67,3.71,-1.0,Slight cold stress,32.0 to 48.2 F,40.67,17.28,60.57,-2.0,0,458,1,"42.25,-83.75 (100.0%)"
2026-03-06,63.72,17.62,0.0,No thermal stress,48.2 to 78.8 F,41.01,16.87,60.82,22.71,1,458,1,"42.25,-83.75 (100.0%)"
2026-03-07,59.7,15.39,0.0,No thermal stress,48.2 to 78.8 F,41.43,17.28,62.03,18.27,0,458,1,"42.25,-83.75 (100.0%)"
2026-03-08,48.5,9.17,0.0,No thermal stress,48.2 to 78.8 F,41.78,17.38,62.83,6.72,0,450,1,"42.25,-83.75 (100.0%)"
2026-03-09,64.0,17.78,0.0,No thermal stress,48.2 to 78.8 F,42.21,16.94,64.44,21.79,0,450,1,"42.25,-83.75 (100.0%)"
2026-03-10,80.0,26.67,1.0,Moderate heat stress,78.8 to 89.6 F,42.91,17.57,64.44,37.09,1,450,1,"42.25,-83.75 (100.0%)"
2026-03-11,51.97,11.1,0.0,No thermal stress,48.2 to 78.8 F,43.59,18.77,64.54,8.38,0,450,1,"42.25,-83.75 (100.0%)"
2026-03-12,34.97,1.65,-1.0,Slight cold stress,32.0 to 48.2 F,43.94,19.98,64.54,-8.97,0,450,1,"42.25,-83.75 (100.0%)"
2026-03-13,26.29,-3.17,-2.0,Moderate cold stress,8.6 to 32.0 F,44.27,19.98,64.66,-17.98,0,450,1,"42.25,-83.75 (100.0%)"
2026-03-14,57.85,14.36,0.0,No thermal stress,48.2 to 78.8 F,44.57,21.17,65.49,13.28,0,450,1,"42.25,-83.75 (100.0%)"
2026-03-15,58.86,14.92,0.0,No thermal stress,48.2 to 78.8 F,44.5,21.32,65.49,14.36,0,450,1,"42.25,-83.75 (100.0%)"
2026-03-16,38.22,3.45,-1.0,Slight cold stress,32.0 to 48.2 F,45.02,22.05,65.49,-6.8,0,450,1,"42.25,-83.75 (100.0%)"
2026-03-17,15.25,-9.31,-2.0,Moderate cold stress,8.6 to 32.0 F,45.65,22.81,66.09,-30.4,0,450,1,"42.25,-83.75 (100.0%)"
2026-03-18,22.4,-5.33,-2.0,Moderate cold stress,8.6 to 32.0 F,46.0,22.99,66.25,-23.6,0,450,1,"42.25,-83.75 (100.0%)"
2026-03-19,67.25,19.59,0.0,No thermal stress,48.2 to 78.8 F,46.43,23.08,66.25,20.82,1,450,1,"42.25,-83.75 (100.0%)"
2026-03-20,66.5,19.16,0.0,No thermal stress,48.2 to 78.8 F,46.91,24.23,66.6,19.59,0,450,1,"42.25,-83.75 (100.0%)"
2026-03-21,56.48,13.6,0.0,No thermal stress,48.2 to 78.8 F,47.75,26.0,66.25,8.73,0,450,1,"42.25,-83.75 (100.0%)"
2026-03-22,58.94,14.97,0.0,No thermal stress,48.2 to 78.8 F,48.44,27.38,66.6,10.5,0,450,1,"42.25,-83.75 (100.0%)"
2026-03-23,25.75,-3.47,-2.0,Moderate cold stress,8.6 to 32.0 F,48.82,28.43,66.6,-23.07,0,450,1,"42.25,-83.75 (100.0%)"
2026-03-24,49.17,9.54,0.0,No thermal stress,48.2 to 78.8 F,49.1,30.49,66.09,0.07,0,450,1,"42.25,-83.75 (100.0%)"
2026-03-25,56.21,13.45,0.0,No thermal stress,48.2 to 78.8 F,49.35,30.71,66.47,6.86,0,450,1,"42.25,-83.75 (100.0%)"
2026-03-26,71.69,22.05,0.0,No thermal stress,48.2 to 78.8 F,49.92,30.71,67.04,21.77,1,450,1,"42.25,-83.75 (100.0%)"
2026-03-27,46.92,8.29,-1.0,Slight cold stress,32.0 to 48.2 F,50.33,30.62,67.84,-3.41,0,450,1,"42.25,-83.75 (100.0%)"
2026-03-28,47.0,8.33,-1.0,Slight cold stress,32.0 to 48.2 F,50.37,30.71,67.72,-3.37,0,450,1,"42.25,-83.75 (100.0%)"
2026-03-29,57.38,14.1,0.0,No thermal stress,48.2 to 78.8 F,50.69,31.27,67.97,6.69,0,450,1,"42.25,-83.75 (100.0%)"
2026-03-30,70.41,21.34,0.0,No thermal stress,48.2 to 78.8 F,51.24,31.27,68.92,19.17,1,450,1,"42.25,-83.75 (100.0%)"
2026-03-31,64.96,18.31,0.0,No thermal stress,48.2 to 78.8 F,51.61,31.27,69.07,13.35,0,450,1,"42.25,-83.75 (100.0%)"
2026-04-01,38.93,3.85,-1.0,Slight cold stress,32.0 to 48.2 F,51.95,31.27,69.23,-13.02,0,450,1,"42.25,-83.75 (100.0%)"
2026-04-02,65.66,18.7,0.0,No thermal stress,48.2 to 78.8 F,52.43,31.91,69.31,13.23,0,450,1,"42.25,-83.75 (100.0%)"
2026-04-03,66.27,19.04,0.0,No thermal stress,48.2 to 78.8 F,52.48,31.71,69.37,13.79,0,450,1,"42.25,-83.75 (100.0%)"
2026-04-04,69.15,20.64,0.0,No thermal stress,48.2 to 78.8 F,52.75,31.91,69.74,16.4,0,450,1,"42.25,-83.75 (100.0%)"
2026-04-05,25.11,-3.83,-2.0,Moderate cold stress,8.6 to 32.0 F,52.87,31.67,69.89,-27.76,0,450,1,"42.25,-83.75 (100.0%)"
2026-04-06,49.21,9.56,0.0,No thermal stress,48.2 to 78.8 F,52.91,30.96,70.18,-3.7,0,450,1,"42.25,-83.75 (100.0%)"
2026-04-07,58.97,14.98,0.0,No thermal stress,48.2 to 78.8 F,53.26,30.47,70.39,5.71,0,450,1,"42.25,-83.75 (100.0%)"
2026-04-08,50.2,10.11,0.0,No thermal stress,48.2 to 78.8 F,53.92,31.67,71.46,-3.72,0,450,1,"42.25,-83.75 (100.0%)"
2026-04-09,67.0,19.44,0.0,No thermal stress,48.2 to 78.8 F,54.27,31.24,71.73,12.73,0,450,1,"42.25,-83.75 (100.0%)"
2026-04-10,53.65,12.03,0.0,No thermal stress,48.2 to 78.8 F,54.42,31.24,71.95,-0.77,0,450,1,"42.25,-83.75 (100.0%)"
2026-04-11,67.53,19.74,0.0,No thermal stress,48.2 to 78.8 F,55.35,32.37,73.24,12.18,0,450,1,"42.25,-83.75 (100.0%)"
2026-04-12,75.2,24.0,0.0,No thermal stress,48.2 to 78.8 F,56.36,35.4,73.51,18.84,1,450,1,"42.25,-83.75 (100.0%)"
2026-04-13,79.52,26.4,1.0,Moderate heat stress,78.8 to 89.6 F,56.94,35.4,73.86,22.58,1,450,1,"42.25,-83.75 (100.0%)"
2026-04-14,79.73,26.51,1.0,Moderate heat stress,78.8 to 89.6 F,57.32,35.86,74.34,22.41,1,450,1,"42.25,-83.75 (100.0%)"
2026-04-15,73.72,23.18,0.0,No thermal stress,48.2 to 78.8 F,57.57,36.62,74.55,16.15,0,450,1,"42.25,-83.75 (100.0%)"
2026-04-16,72.82,22.68,0.0,No thermal stress,48.2 to 78.8 F,57.93,36.62,74.58,14.89,0,450,1,"42.25,-83.75 (100.0%)"
2026-04-17,76.51,24.73,0.0,No thermal stress,48.2 to 78.8 F,58.57,37.4,75.15,17.94,1,450,1,"42.25,-83.75 (100.0%)"
2026-04-18,57.05,13.92,0.0,No thermal stress,48.2 to 78.8 F,59.09,38.67,75.36,-2.04,0,450,1,"42.25,-83.75 (100.0%)"
2026-04-19,44.1,6.72,-1.0,Slight cold stress,32.0 to 48.2 F,59.38,39.43,76.04,-15.28,0,450,1,"42.25,-83.75 (100.0%)"
2026-04-20,60.36,15.76,0.0,No thermal stress,48.2 to 78.8 F,59.64,39.7,76.13,0.72,0,450,1,"42.25,-83.75 (100.0%)"
2026-04-21,68.47,20.26,0.0,No thermal stress,48.2 to 78.8 F,60.08,40.09,76.16,8.39,0,450,1,"42.25,-83.75 (100.0%)"
2026-04-22,85.62,29.79,1.0,Moderate heat stress,78.8 to 89.6 F,60.5,40.95,76.19,25.12,1,450,1,"42.25,-83.75 (100.0%)"
2026-04-23,84.34,29.08,1.0,Moderate heat stress,78.8 to 89.6 F,60.85,41.24,76.19,23.49,1,450,1,"42.25,-83.75 (100.0%)"
2026-04-24,79.03,26.13,1.0,Moderate heat stress,78.8 to 89.6 F,61.36,42.66,76.39,17.67,1,450,1,"42.25,-83.75 (100.0%)"
2026-04-25,64.87,18.26,0.0,No thermal stress,48.2 to 78.8 F,61.89,44.24,76.95,2.98,0,450,1,"42.25,-83.75 (100.0%)"
2026-04-26,65.2,18.45,0.0,No thermal stress,48.2 to 78.8 F,61.98,44.24,76.95,3.22,0,450,1,"42.25,-83.75 (100.0%)"
2026-04-27,64.79,18.22,0.0,No thermal stress,48.2 to 78.8 F,62.34,45.1,76.95,2.45,0,450,1,"42.25,-83.75 (100.0%)"
2026-04-28,63.91,17.73,0.0,No thermal stress,48.2 to 78.8 F,62.79,45.94,76.96,1.12,0,450,1,"42.25,-83.75 (100.0%)"
2026-04-29,70.76,21.53,0.0,No thermal stress,48.2 to 78.8 F,63.48,47.52,77.46,7.28,0,450,1,"42.25,-83.75 (100.0%)"
2026-04-30,49.56,9.76,0.0,No thermal stress,48.2 to 78.8 F,64.29,48.53,77.63,-14.73,0,450,1,"42.25,-83.75 (100.0%)"
2026-05-01,58.27,14.59,0.0,No thermal stress,48.2 to 78.8 F,64.79,48.65,78.06,-6.52,0,450,1,"42.25,-83.75 (100.0%)"
2026-05-02,50.51,10.29,0.0,No thermal stress,48.2 to 78.8 F,65.32,49.17,79.15,-14.81,0,450,1,"42.25,-83.75 (100.0%)"
2026-05-03,52.8,11.56,0.0,No thermal stress,48.2 to 78.8 F,65.99,49.77,79.82,-13.19,0,450,1,"42.25,-83.75 (100.0%)"
2026-05-04,68.49,20.27,0.0,No thermal stress,48.2 to 78.8 F,66.32,49.65,80.13,2.17,0,450,1,"42.25,-83.75 (100.0%)"
2026-05-05,63.76,17.65,0.0,No thermal stress,48.2 to 78.8 F,66.73,49.38,80.72,-2.97,0,450,1,"42.25,-83.75 (100.0%)"
2026-05-06,56.42,13.57,0.0,No thermal stress,48.2 to 78.8 F,67.33,50.33,81.37,-10.91,0,450,1,"42.25,-83.75 (100.0%)"
2026-05-07,56.47,13.59,0.0,No thermal stress,48.2 to 78.8 F,67.72,50.39,81.94,-11.25,0,450,1,"42.25,-83.75 (100.0%)"
2026-05-08,70.41,21.34,0.0,No thermal stress,48.2 to 78.8 F,67.96,50.07,82.34,2.45,0,450,1,"42.25,-83.75 (100.0%)"
2026-05-09,62.4,16.89,0.0,No thermal stress,48.2 to 78.8 F,68.29,50.33,82.62,-5.89,0,450,1,"42.25,-83.75 (100.0%)"
2026-05-10,61.74,16.52,0.0,No thermal stress,48.2 to 78.8 F,68.78,50.77,82.86,-7.04,0,450,1,"42.25,-83.75 (100.0%)"
2026-05-11,67.7,19.83,0.0,No thermal stress,48.2 to 78.8 F,68.91,51.78,83.07,-1.21,0,450,1,"42.25,-83.75 (100.0%)"
2026-05-12,62.27,16.82,0.0,No thermal stress,48.2 to 78.8 F,69.21,51.78,83.47,-6.94,0,450,1,"42.25,-83.75 (100.0%)"
2026-05-13,48.53,9.18,0.0,No thermal stress,48.2 to 78.8 F,69.68,52.03,83.97,-21.15,0,450,1,"42.25,-83.75 (100.0%)"
2026-05-14,68.7,20.39,0.0,No thermal stress,48.2 to 78.8 F,69.91,52.16,84.48,-1.21,0,450,1,"42.25,-83.75 (100.0%)"
2026-05-15,64.96,18.31,0.0,No thermal stress,48.2 to 78.8 F,70.28,52.88,84.76,-5.32,0,450,1,"42.25,-83.75 (100.0%)"
2026-05-16,80.3,26.83,1.0,Moderate heat stress,78.8 to 89.6 F,70.82,54.11,85.48,9.48,0,450,1,"42.25,-83.75 (100.0%)"
2026-05-17,85.24,29.58,1.0,Moderate heat stress,78.8 to 89.6 F,71.01,54.3,85.81,14.23,0,450,1,"42.25,-83.75 (100.0%)"
2026-05-18,85.47,29.7,1.0,Moderate heat stress,78.8 to 89.6 F,71.2,54.3,86.13,14.27,0,450,1,"42.25,-83.75 (100.0%)"
2026-05-19,82.69,28.16,1.0,Moderate heat stress,78.8 to 89.6 F,71.89,55.55,86.51,10.8,0,450,1,"42.25,-83.75 (100.0%)"
2026-05-20,74.93,23.85,0.0,No thermal stress,48.2 to 78.8 F,72.59,57.55,86.7,2.34,0,450,1,"42.25,-83.75 (100.0%)"
2026-05-21,64.76,18.2,0.0,No thermal stress,48.2 to 78.8 F,73.25,58.24,86.93,-8.49,0,450,1,"42.25,-83.75 (100.0%)"
2026-05-22,61.87,16.59,0.0,No thermal stress,48.2 to 78.8 F,73.89,58.73,87.48,-12.02,0,450,1,"42.25,-83.75 (100.0%)"
2026-05-23,52.25,11.25,0.0,No thermal stress,48.2 to 78.8 F,74.67,59.71,88.0,-22.42,0,450,1,"42.25,-83.75 (100.0%)"
2026-05-24,80.42,26.9,1.0,Moderate heat stress,78.8 to 89.6 F,75.17,60.03,88.24,5.25,0,450,1,"42.25,-83.75 (100.0%)"
2026-05-25,84.34,29.08,1.0,Moderate heat stress,78.8 to 89.6 F,75.44,60.03,88.36,8.9,0,450,1,"42.25,-83.75 (100.0%)"
2026-05-26,89.88,32.15,2.0,Strong heat stress,89.6 to 100.4 F,75.93,60.85,88.62,13.95,1,450,1,"42.25,-83.75 (100.0%)"
2026-05-27,88.45,31.36,1.0,Moderate heat stress,78.8 to 89.6 F,76.18,61.38,88.43,12.27,1,450,1,"42.25,-83.75 (100.0%)"
2026-05-28,76.66,24.81,0.0,No thermal stress,48.2 to 78.8 F,76.42,62.28,88.6,0.24,0,450,1,"42.25,-83.75 (100.0%)"
2026-05-29,82.12,27.84,1.0,Moderate heat stress,78.8 to 89.6 F,76.75,62.83,88.79,5.37,0,450,1,"42.25,-83.75 (100.0%)"
2026-05-30,72.74,22.63,0.0,No thermal stress,48.2 to 78.8 F,77.04,62.83,88.94,-4.3,0,450,1,"42.25,-83.75 (100.0%)"
2026-05-31,84.1,28.94,1.0,Moderate heat stress,78.8 to 89.6 F,77.38,63.29,89.31,6.72,0,450,1,"42.25,-83.75 (100.0%)"
2026-06-01,84.62,29.24,1.0,Moderate heat stress,78.8 to 89.6 F,77.95,64.57,89.53,6.67,0,450,1,"42.25,-83.75 (100.0%)"
2026-06-02,79.11,26.17,1.0,Moderate heat stress,78.8 to 89.6 F,78.51,65.72,89.65,0.6,0,450,1,"42.25,-83.75 (100.0%)"
2026-06-03,87.8,31.0,1.0,Moderate heat stress,78.8 to 89.6 F,78.93,66.01,89.97,8.87,0,450,1,"42.25,-83.75 (100.0%)"
2026-06-04,85.02,29.45,1.0,Moderate heat stress,78.8 to 89.6 F,79.39,67.5,90.32,5.63,0,450,1,"42.25,-83.75 (100.0%)"
2026-06-05,81.13,27.3,1.0,Moderate heat stress,78.8 to 89.6 F,79.56,68.01,90.46,1.57,0,450,1,"42.25,-83.75 (100.0%)"
2026-06-06,86.27,30.15,1.0,Moderate heat stress,78.8 to 89.6 F,79.74,68.48,90.4,6.53,0,450,1,"42.25,-83.75 (100.0%)"
2026-06-07,88.87,31.59,1.0,Moderate heat stress,78.8 to 89.6 F,80.0,68.92,90.36,8.87,0,450,1,"42.25,-83.75 (100.0%)"
2026-06-08,88.65,31.47,1.0,Moderate heat stress,78.8 to 89.6 F,80.37,69.52,90.5,8.28,0,450,1,"42.25,-83.75 (100.0%)"
2026-06-09,87.13,30.63,1.0,Moderate heat stress,78.8 to 89.6 F,80.79,69.85,90.79,6.34,0,450,1,"42.25,-83.75 (100.0%)"
2026-06-10,95.19,35.1,2.0,Strong heat stress,89.6 to 100.4 F,81.31,69.96,91.35,13.88,1,450,1,"42.25,-83.75 (100.0%)"
2026-06-11,92.59,33.66,2.0,Strong heat stress,89.6 to 100.4 F,82.06,70.24,92.17,10.53,1,450,1,"42.25,-83.75 (100.0%)"
2026-06-12,78.9,26.06,1.0,Moderate heat stress,78.8 to 89.6 F,82.57,70.62,92.55,-3.67,0,450,1,"42.25,-83.75 (100.0%)"
2026-06-13,,,,,,82.98,71.32,92.81,,,450,0,"42.25,-83.75 (100.0%)"
2026-06-14,,,,,,83.43,72.24,93.04,,,450,0,"42.25,-83.75 (100.0%)"
2026-06-15,,,,,,83.67,72.41,93.06,,,450,0,"42.25,-83.75 (100.0%)"
2026-06-16,,,,,,83.87,72.74,93.13,,,450,0,"42.25,-83.75 (100.0%)"
2026-06-17,,,,,,84.1,73.25,93.17,,,450,0,"42.25,-83.75 (100.0%)"
2026-06-18,,,,,,84.29,73.38,93.37,,,450,0,"42.25,-83.75 (100.0%)"
2026-06-19,,,,,,84.55,73.38,93.72,,,450,0,"42.25,-83.75 (100.0%)"
2026-06-20,,,,,,84.78,73.48,93.86,,,450,0,"42.25,-83.75 (100.0%)"
2026-06-21,,,,,,85.06,73.98,94.01,,,450,0,"42.25,-83.75 (100.0%)"
2026-06-22,,,,,,85.12,74.03,94.04,,,450,0,"42.25,-83.75 (100.0%)"
2026-06-23,,,,,,85.26,74.08,94.21,,,450,0,"42.25,-83.75 (100.0%)"
2026-06-24,,,,,,85.39,74.51,94.21,,,450,0,"42.25,-83.75 (100.0%)"
2026-06-25,,,,,,85.56,74.72,94.3,,,450,0,"42.25,-83.75 (100.0%)"
2026-06-26,,,,,,85.55,74.72,94.34,,,450,0,"42.25,-83.75 (100.0%)"
2026-06-27,,,,,,85.7,74.84,94.56,,,450,0,"42.25,-83.75 (100.0%)"
2026-06-28,,,,,,85.99,75.38,95.06,,,450,0,"42.25,-83.75 (100.0%)"
2026-06-29,,,,,,86.14,75.47,95.57,,,450,0,"42.25,-83.75 (100.0%)"
2026-06-30,,,,,,86.35,75.75,95.7,,,450,0,"42.25,-83.75 (100.0%)"
2026-07-01,,,,,,86.5,75.8,95.85,,,450,0,"42.25,-83.75 (100.0%)"
2026-07-02,,,,,,86.53,75.8,95.71,,,450,0,"42.25,-83.75 (100.0%)"
2026-07-03,,,,,,86.59,75.98,95.69,,,450,0,"42.25,-83.75 (100.0%)"
2026-07-04,,,,,,86.59,76.0,95.6,,,450,0,"42.25,-83.75 (100.0%)"
2026-07-05,,,,,,86.68,76.4,95.37,,,450,0,"42.25,-83.75 (100.0%)"
2026-07-06,,,,,,86.8,76.84,95.34,,,450,0,"42.25,-83.75 (100.0%)"
2026-07-07,,,,,,87.03,77.15,95.61,,,450,0,"42.25,-83.75 (100.0%)"
2026-07-08,,,,,,87.21,77.39,95.74,,,450,0,"42.25,-83.75 (100.0%)"
2026-07-09,,,,,,87.5,77.72,96.15,,,450,0,"42.25,-83.75 (100.0%)"
2026-07-10,,,,,,87.66,77.86,96.15,,,450,0,"42.25,-83.75 (100.0%)"
2026-07-11,,,,,,87.89,78.0,96.24,,,450,0,"42.25,-83.75 (100.0%)"
2026-07-12,,,,,,87.94,78.35,96.15,,,450,0,"42.25,-83.75 (100.0%)"
2026-07-13,,,,,,87.94,78.34,95.98,,,450,0,"42.25,-83.75 (100.0%)"
2026-07-14,,,,,,88.08,78.61,96.37,,,450,0,"42.25,-83.75 (100.0%)"
2026-07-15,,,,,,88.07,78.57,96.32,,,450,0,"42.25,-83.75 (100.0%)"
2026-07-16,,,,,,88.01,78.52,96.45,,,450,0,"42.25,-83.75 (100.0%)"
2026-07-17,,,,,,88.09,78.7,96.46,,,450,0,"42.25,-83.75 (100.0%)"
2026-07-18,,,,,,88.09,78.75,96.59,,,450,0,"42.25,-83.75 (100.0%)"
2026-07-19,,,,,,88.1,78.75,96.79,,,450,0,"42.25,-83.75 (100.0%)"
2026-07-20,,,,,,88.13,78.75,96.86,,,450,0,"42.25,-83.75 (100.0%)"
2026-07-21,,,,,,88.02,78.8,96.8,,,450,0,"42.25,-83.75 (100.0%)"
2026-07-22,,,,,,87.9,78.9,96.48,,,450,0,"42.25,-83.75 (100.0%)"
2026-07-23,,,,,,87.84,79.3,96.4,,,450,0,"42.25,-83.75 (100.0%)"
2026-07-24,,,,,,87.76,79.3,96.45,,,450,0,"42.25,-83.75 (100.0%)"
2026-07-25,,,,,,87.7,78.96,96.45,,,450,0,"42.25,-83.75 (100.0%)"
2026-07-26,,,,,,87.64,78.75,96.33,,,450,0,"42.25,-83.75 (100.0%)"
2026-07-27,,,,,,87.68,78.75,96.29,,,450,0,"42.25,-83.75 (100.0%)"
2026-07-28,,,,,,87.53,78.55,96.24,,,450,0,"42.25,-83.75 (100.0%)"
2026-07-29,,,,,,87.2,78.41,95.71,,,450,0,"42.25,-83.75 (100.0%)"
2026-07-30,,,,,,87.03,78.28,95.44,,,450,0,"42.25,-83.75 (100.0%)"
2026-07-31,,,,,,87.11,78.55,95.26,,,450,0,"42.25,-83.75 (100.0%)"
2026-08-01,,,,,,87.08,78.27,95.03,,,450,0,"42.25,-83.75 (100.0%)"
2026-08-02,,,,,,87.08,78.17,95.22,,,450,0,"42.25,-83.75 (100.0%)"
2026-08-03,,,,,,87.04,78.08,95.22,,,450,0,"42.25,-83.75 (100.0%)"
2026-08-04,,,,,,86.87,77.86,95.26,,,450,0,"42.25,-83.75 (100.0%)"
2026-08-05,,,,,,86.91,77.89,95.26,,,450,0,"42.25,-83.75 (100.0%)"
2026-08-06,,,,,,86.9,77.75,95.26,,,450,0,"42.25,-83.75 (100.0%)"
2026-08-07,,,,,,86.76,77.28,95.26,,,450,0,"42.25,-83.75 (100.0%)"
2026-08-08,,,,,,86.69,76.79,95.2,,,450,0,"42.25,-83.75 (100.0%)"
2026-08-09,,,,,,86.5,76.77,94.82,,,450,0,"42.25,-83.75 (100.0%)"
2026-08-10,,,,,,86.21,76.41,94.18,,,450,0,"42.25,-83.75 (100.0%)"
2026-08-11,,,,,,85.98,76.22,93.94,,,450,0,"42.25,-83.75 (100.0%)"
2026-08-12,,,,,,85.9,76.41,93.73,,,450,0,"42.25,-83.75 (100.0%)"
2026-08-13,,,,,,85.72,76.22,93.57,,,450,0,"42.25,-83.75 (100.0%)"
2026-08-14,,,,,,85.63,76.0,93.55,,,450,0,"42.25,-83.75 (100.0%)"
2026-08-15,,,,,,85.39,75.26,93.55,,,450,0,"42.25,-83.75 (100.0%)"
2026-08-16,,,,,,85.28,74.94,93.55,,,450,0,"42.25,-83.75 (100.0%)"
2026-08-17,,,,,,85.12,74.62,93.21,,,450,0,"42.25,-83.75 (100.0%)"
2026-08-18,,,,,,85.08,75.18,93.16,,,450,0,"42.25,-83.75 (100.0%)"
2026-08-19,,,,,,85.27,75.25,93.17,,,450,0,"42.25,-83.75 (100.0%)"
2026-08-20,,,,,,85.3,75.25,93.13,,,450,0,"42.25,-83.75 (100.0%)"
2026-08-21,,,,,,85.11,74.94,93.16,,,450,0,"42.25,-83.75 (100.0%)"
2026-08-22,,,,,,85.03,74.74,93.17,,,450,0,"42.25,-83.75 (100.0%)"
2026-08-23,,,,,,84.9,74.43,93.09,,,450,0,"42.25,-83.75 (100.0%)"
2026-08-24,,,,,,84.76,74.22,93.09,,,450,0,"42.25,-83.75 (100.0%)"
2026-08-25,,,,,,84.72,73.91,93.19,,,450,0,"42.25,-83.75 (100.0%)"
2026-08-26,,,,,,84.61,73.75,93.47,,,450,0,"42.25,-83.75 (100.0%)"
2026-08-27,,,,,,84.58,73.77,93.55,,,450,0,"42.25,-83.75 (100.0%)"
2026-08-28,,,,,,84.6,73.77,93.57,,,450,0,"42.25,-83.75 (100.0%)"
2026-08-29,,,,,,84.54,73.49,93.58,,,450,0,"42.25,-83.75 (100.0%)"
2026-08-30,,,,,,84.51,73.73,93.58,,,450,0,"42.25,-83.75 (100.0%)"
2026-08-31,,,,,,84.37,73.72,93.6,,,450,0,"42.25,-83.75 (100.0%)"
2026-09-01,,,,,,83.96,72.01,93.6,,,450,0,"42.25,-83.75 (100.0%)"
2026-09-02,,,,,,83.55,71.57,93.52,,,450,0,"42.25,-83.75 (100.0%)"
2026-09-03,,,,,,82.9,70.98,93.35,,,450,0,"42.25,-83.75 (100.0%)"
2026-09-04,,,,,,82.36,70.1,93.27,,,450,0,"42.25,-83.75 (100.0%)"
2026-09-05,,,,,,82.11,69.93,92.96,,,450,0,"42.25,-83.75 (100.0%)"
2026-09-06,,,,,,81.75,69.35,92.12,,,450,0,"42.25,-83.75 (100.0%)"
2026-09-07,,,,,,81.26,68.98,91.73,,,450,0,"42.25,-83.75 (100.0%)"
2026-09-08,,,,,,80.78,67.98,91.72,,,450,0,"42.25,-83.75 (100.0%)"
2026-09-09,,,,,,80.4,67.84,91.25,,,450,0,"42.25,-83.75 (100.0%)"
2026-09-10,,,,,,80.0,66.86,90.85,,,450,0,"42.25,-83.75 (100.0%)"
2026-09-11,,,,,,79.53,66.16,90.28,,,450,0,"42.25,-83.75 (100.0%)"
2026-09-12,,,,,,79.12,65.59,89.59,,,450,0,"42.25,-83.75 (100.0%)"
2026-09-13,,,,,,78.71,65.45,88.96,,,450,0,"42.25,-83.75 (100.0%)"
2026-09-14,,,,,,78.22,65.04,88.57,,,450,0,"42.25,-83.75 (100.0%)"
2026-09-15,,,,,,77.58,64.32,88.4,,,450,0,"42.25,-83.75 (100.0%)"
2026-09-16,,,,,,77.35,64.32,87.98,,,450,0,"42.25,-83.75 (100.0%)"
2026-09-17,,,,,,76.96,63.86,87.9,,,450,0,"42.25,-83.75 (100.0%)"
2026-09-18,,,,,,76.61,63.81,87.73,,,450,0,"42.25,-83.75 (100.0%)"
2026-09-19,,,,,,76.14,63.12,87.59,,,450,0,"42.25,-83.75 (100.0%)"
2026-09-20,,,,,,75.6,62.56,87.33,,,450,0,"42.25,-83.75 (100.0%)"
2026-09-21,,,,,,74.96,61.3,86.8,,,450,0,"42.25,-83.75 (100.0%)"
2026-09-22,,,,,,74.29,60.47,86.49,,,450,0,"42.25,-83.75 (100.0%)"
2026-09-23,,,,,,73.71,59.88,85.86,,,450,0,"42.25,-83.75 (100.0%)"
2026-09-24,,,,,,73.05,59.06,85.56,,,450,0,"42.25,-83.75 (100.0%)"
