item_id,thread_id,stratum,weight,matched_terms,include_hit,hover_text,full_text
oxb5j1g,1u6vg6c,all,1,allergies*,0,"Can you tell me more about this? My dog is 8 and developed severe allergies at the same time as me. He was also diagnosed with dry eye, so we've been trying to figure out if his dry eye is allergy-related, and his new eye doc says it absolutely is and possibly treating the allergies will prevent the dryness. Our original ophthalmologist suggested Pataday, but i've been scared to use it. …","Can you tell me more about this? My dog is 8 and developed severe allergies at the same time as me. He was also diagnosed with dry eye, so we've been trying to figure out if his dry eye is allergy-related, and his new eye doc says it absolutely is and possibly treating the allergies will prevent the dryness. Our original ophthalmologist suggested Pataday, but i've been scared to use it. Does it seem to help her?"
oxb68ne,1u6vg6c,all,1,allergies*,0,… Glad I'm not alone. My husband was born with allergies and he's had to change his antihistamines up. The dog is also suffering severely enough that he has an ophthalmologist and we're finally getting in to see a dermatologist last month. I'm scared his allergies are going to send him into shock.,I'm 33 and the same thing is happening to me. Glad I'm not alone. My husband was born with allergies and he's had to change his antihistamines up. The dog is also suffering severely enough that he has an ophthalmologist and we're finally getting in to see a dermatologist last month. I'm scared his allergies are going to send him into shock.
oxbc27i,1u6vg6c,all,1,allergies*,0,… It definitely helps her and she has no issues with the drops. My dog was diagnosed with KCS and we treat her with tacrolimus drops twice a day and Pataday once a day (she’s always had allergy issues). Her eyes are SO much better since starting this about 8 months ago. …,Yes! It definitely helps her and she has no issues with the drops. My dog was diagnosed with KCS and we treat her with tacrolimus drops twice a day and Pataday once a day (she’s always had allergy issues). Her eyes are SO much better since starting this about 8 months ago. We see the ophthalmologist at OVRS and he’s great.
oxbdglj,1u6vg6c,all,1,allergies*,0,"I'm so happy to have found you! My dog was also diagnosed with KCS earlier this year at the same exact time he got severe allergies so it's been quite stressful. We had to take him off the tacrolimus because his allergies were so severe (while on apoquel, zyrtec, and tacrolimus) that he got post nasal drip and the tacrolimus was draining down his nose and throat making it worse. That allergy regimen didn't even protect him from getting follicular conjunctivitis and we ended up at the ER in commerce. Luckily, the vet there recognized he was having a full body allergy attack and gave us prednisone to help him. He's on prednisone now until our derm appointment next month and we have to recheck his tears in 2 months. After being off the tacro for 2 weeks his STT was 23mm so we're hoping the prednisone can hold the line until we get a long-term allergy treatment plan and can maybe start tacrolimus back up again. Unfortunately our boy has behavior problems so we can't do the optimmune ointment. …","I'm so happy to have found you! My dog was also diagnosed with KCS earlier this year at the same exact time he got severe allergies so it's been quite stressful. We had to take him off the tacrolimus because his allergies were so severe (while on apoquel, zyrtec, and tacrolimus) that he got post nasal drip and the tacrolimus was draining down his nose and throat making it worse. That allergy regimen didn't even protect him from getting follicular conjunctivitis and we ended up at the ER in commerce. Luckily, the vet there recognized he was having a full body allergy attack and gave us prednisone to help him. He's on prednisone now until our derm appointment next month and we have to recheck his tears in 2 months. After being off the tacro for 2 weeks his STT was 23mm so we're hoping the prednisone can hold the line until we get a long-term allergy treatment plan and can maybe start tacrolimus back up again. Unfortunately our boy has behavior problems so we can't do the optimmune ointment. It's been six months and we're still working on eye drop training! For now, we're doing optixcare lube 3x a day. We see the Blue Pearl Southfield ophthalmologist and they've been great with us. My dog hates men, and unfortunately most of the derms in Michigan happen to be male so they're just gonna have to drug him. We just moved from Novi to South Lyon 12 months before all of this happened so I suspect there's something outside we didn't use to have and he's reacting very poorly to it. I also have brand new symptoms this year so we've mold tested, are getting rid of carpet, and killing weeds with fire at this point."
oxbyiho,1u6vg6c,all,1,allergies*,0,… You’re an amazing pet owner for doing so much for him. I hope his allergies calm down so you can tackle the eyes again. I definitely think Pataday is worth a try if you can get your dog to cooperate! …,"Omg your poor pup! You’re an amazing pet owner for doing so much for him. I hope his allergies calm down so you can tackle the eyes again. I definitely think Pataday is worth a try if you can get your dog to cooperate! As a human who uses them daily, they sting a tiny bit but they aren’t bad."
oxbyznc,1u6vg6c,all,1,allergies*,0,"… Yeah, he's been a handful since I adopted him 6 years ago and now this. Worked so hard to get him a yard because of his behavior issues and now he's allergic to it! But he is very loved and we do everything we can for him. …","Thank you so much! Yeah, he's been a handful since I adopted him 6 years ago and now this. Worked so hard to get him a yard because of his behavior issues and now he's allergic to it! But he is very loved and we do everything we can for him. He may hate most people and other dogs but he is the biggest sweetie to us (most of the time lol!)"
oxb4cok,1u8895u,all,1,allergies*,0,"… And my sinuses are so dry. We are getting my dog a dermatologist because his allergies, which he hasn't had severely before, keep sending us to the ER and we can't figure out what's causing it. He keeps getting allergic conjunctivitis, inflamed ears, itchy skin. It's nuts.","YES oh my god. Usually i get itchy eyes for like a day but it's been about six months for me at this point. And my sinuses are so dry. We are getting my dog a dermatologist because his allergies, which he hasn't had severely before, keep sending us to the ER and we can't figure out what's causing it. He keeps getting allergic conjunctivitis, inflamed ears, itchy skin. It's nuts."
oxr1lnp,1uog4nc,all,1,smoke; air quality; the air*,1,"There's a petition going around asking Mary Sheffield to sign the data center moratorium for Detroit. Cutting off data center projects from their pipeline is one way to reduce rewards, and frankly, the way Trump is trying to force data centers to use gas turbines off the grid to save people money on their electric bills is only going to make the climate conditions creating these grid strains worse, not toention the air quality issues they will make worse. Can you imagine the yearly summer wildfire smoke on top of thousands of new gas turbines billowing out pollutants across the state on top of more 100° weather days each year? It's insanity. …","There's a petition going around asking Mary Sheffield to sign the data center moratorium for Detroit. Cutting off data center projects from their pipeline is one way to reduce rewards, and frankly, the way Trump is trying to force data centers to use gas turbines off the grid to save people money on their electric bills is only going to make the climate conditions creating these grid strains worse, not toention the air quality issues they will make worse. Can you imagine the yearly summer wildfire smoke on top of thousands of new gas turbines billowing out pollutants across the state on top of more 100° weather days each year? It's insanity. DTE gets a guaranteed 9.9% profits from all projects regardless of reliability. DTE has made about $1.5BN in profits AFTER EXPENSES each year since 2023 and has asked for - if this latest increase request is approved this week - $1.6BN in rate increases over the the same period. It's insane, and the only reason DTE is rushing these projects is so they can get that cash. There's no other actual benefit to anyone except them and the companies developing them. Here's the petition if anyone who lives in Detroit cares, every chance we can take to delay or stop these things the better (and let's not even get into exactly what the data centers are being used for)."
oxta97c,1upz85z,all,1,smoke,1,We get the same smoke over here in Windsor,We get the same smoke over here in Windsor
oxxrmn2,1usda8u,all,1,smoke,1,… I was going to head that way today. I'm in NW Ohio and the smoke is a lot! I can't imagine up there!,Thanks! This information is helpful! I was wondering if Gabriel Richard Park offered free parking! Seems like the no brainer spot! I really didn't want to buy a park pass for one day! I was going to head that way today. I'm in NW Ohio and the smoke is a lot! I can't imagine up there!
ox9lhkq,1uud6o7,all,1,the air*,0,Yes. Did you disconnect the air bags in your car? People are injured by those all the time. …,Yes. Did you disconnect the air bags in your car? People are injured by those all the time. Just wondering if you practice what you preach.
ox6oba4,1uuplk3,all,1,pollution*,0,The current administration has rolled back so many pollution regulations it’s hard to keep track of,The current administration has rolled back so many pollution regulations it’s hard to keep track of
oxafxvw,1uuplk3,all,1,the air*,0,It would be nice if our politicians cared about the environment. If DDOT/SMART was more reliable for most people that would certainly help reduce the amount of gas released into the air.,It would be nice if our politicians cared about the environment. If DDOT/SMART was more reliable for most people that would certainly help reduce the amount of gas released into the air.
oxbiil3,1uuplk3,all,1,pollution*,0,Canadian wildfires have been a major cause of pollution in Michigan. Clamping down on industry won't have any affect of that.,Canadian wildfires have been a major cause of pollution in Michigan. Clamping down on industry won't have any affect of that.
oxca2r1,1uuplk3,all,1,particulate; pollution*,1,"Wildfire events are responsible for short term spikes in particulate matter pollution, but not consistently high ozone levels over the past decade+.","Wildfire events are responsible for short term spikes in particulate matter pollution, but not consistently high ozone levels over the past decade+."
oxb5dqr,1uveeqp,all,1,the air*,0,"Thats what they want you to think - this is not what happened. OP confirmed the tree fell over the fence line, and gravity carried the debris from the air to the ground.","Thats what they want you to think - this is not what happened. OP confirmed the tree fell over the fence line, and gravity carried the debris from the air to the ground."
oxbwv4u,1uveeqp,all,1,the air*,0,"It is implied that op believes it is only ""ON"" Op's ""property"" if it is physically touching the ground, ignoring that a portion of a tree, while in the air on OP's side of the fence is ""ON"" OP's property, too.","It is implied that op believes it is only ""ON"" Op's ""property"" if it is physically touching the ground, ignoring that a portion of a tree, while in the air on OP's side of the fence is ""ON"" OP's property, too."
oxd0ujz,1uveeqp,all,1,the air*,0,… You think you'll be able to find 11 different companies to invest 100s of billions of dollars to build new distribution systems so you can choose between the cheapest? What happens when 9 of them go bankrupt and just leave all their wires in the air for the ones that don't go bankrupt to deal with like the City of Detroit did to DTE?,They have to be a monopoly. You want 12 sets of high voltage wires running through your backyard? You think you'll be able to find 11 different companies to invest 100s of billions of dollars to build new distribution systems so you can choose between the cheapest? What happens when 9 of them go bankrupt and just leave all their wires in the air for the ones that don't go bankrupt to deal with like the City of Detroit did to DTE?
oxdenro,1uveeqp,all,1,smoked*,0,I spent 5 hours the other day cutting up the mess the DTE tree trimmers left in my yard after my neighbors tree branch smoked the line coming from the pole to my house. It also decapitated the pole and left the top of the pole with the transformer hanging by wires (sat like that for 5 days). …,"I spent 5 hours the other day cutting up the mess the DTE tree trimmers left in my yard after my neighbors tree branch smoked the line coming from the pole to my house. It also decapitated the pole and left the top of the pole with the transformer hanging by wires (sat like that for 5 days). The branch was huge, they did cut some of the larger pieces into smaller larger pieces, but left the entire thing in my yard. I now have fire wood for the foreseeable future. Also, fuck DTE for a plethora of other obvious reasons."
oxbdo8g,1uvfaoz,all,1,allergies*,0,And in ten years when the athletic center is in disrepair because of lack of upkeep (something DPSCD seems allergic to doing on their properties) they'll tear it down to and spend more taxpayer money on the latest shiny new idea. My ballot is already in the mail and even if it wasn't I'd still vote no.,And in ten years when the athletic center is in disrepair because of lack of upkeep (something DPSCD seems allergic to doing on their properties) they'll tear it down to and spend more taxpayer money on the latest shiny new idea. My ballot is already in the mail and even if it wasn't I'd still vote no.
oxgnm0g,1uvo6wh,all,1,allergies*,0,Bactrim almost killed me back in 2016. Severe allergic reaction.,Bactrim almost killed me back in 2016. Severe allergic reaction.
oxd7zsp,1uvpj96,all,1,congested*,0,"… This plan would replace private and obsolete office space with 400+ housing units and a public waterfront park. The housing will nudge downtown closer to a 24/7 vibrant core, and the larger park actually makes sense for what is currently the most congested stretched of Riverwalk. The public observation deck is also a cool idea.","Maybe I'm in the minority here, but I kind of like the broader vision of this plan. Even before COVID/WFH, the Ren Cen was really showing its age as a ""city within a city"" walled off from the rest of downtown. Maybe that appealed when downtown was dead in the 80s and 90s, but it wasn't going to last either way as the city turned around. This plan would replace private and obsolete office space with 400+ housing units and a public waterfront park. The housing will nudge downtown closer to a 24/7 vibrant core, and the larger park actually makes sense for what is currently the most congested stretched of Riverwalk. The public observation deck is also a cool idea."
oxiqy1p,1uwa6gz,all,1,mask*,0,"I'd rather you stay over in the states, tbh. There has always been an underlying tension between US and Canada, but Americans went mask off so the relationship has only worsened.","I'd rather you stay over in the states, tbh. There has always been an underlying tension between US and Canada, but Americans went mask off so the relationship has only worsened."
oxj3tnx,1uwa6gz,all,1,congested*,0,"… That will significantly cut travel time for trucks, because at the moment, they have to travel up Huron Church road from the 401, hitting a dozen traffic lights along the way. It also creates significant congestion along that corridor, composed mainly of trucks. Speaking from the Windsor side, we want the Ambassador gone because we want to keep trucks out of our city.","The problem is that the Ambassador doesn't really work from the Windsor side. It's relatively easy for trucks coming and going on the US side of the Ambassador to connect to the highway. But that is manifestly not the same on the Canadian side. One of the main reasons for building the GH in the first place was to link the bridge immediately to a highway on the Canadian side. We've spent billions over almost 2 decades to build the Herb Gray Parkway that will link the Gordie Howe to the 401. That will significantly cut travel time for trucks, because at the moment, they have to travel up Huron Church road from the 401, hitting a dozen traffic lights along the way. It also creates significant congestion along that corridor, composed mainly of trucks. Speaking from the Windsor side, we want the Ambassador gone because we want to keep trucks out of our city."
1uwdhz7,1uwdhz7,all,1,smoky; hazy,1,"… What I remember having (and it might not have been all beef, but it was definitely ground meat, I remember). Anyway, it had a lovely smokey taste to it. The place I remember was on the small side, and it had a front room with a counter for ordering, and a similar sized small back room for dining in. That back room, I recall, had either a fireplace or coal chute in the wall, actively burning. It had street parking and if I remember right, a small parking lot on the side, but that part of my memory is hazy. I don't remember much else, unfortunately. …","Best Beef Kebabs in Detroit When I worked in Detroit, we often ate at various kebab places (usually Dearborn or surrounding areas). I can't find the place I'm thinking of, but this was before 2020, so I don't know if it has since shut down, but I'm looking for it or something similar. The kebab I'm remembering was ground beef, like a kafta, but it wasn't kafta. Kafta tastes different, and I believe these were individual chunks of ground beef. The kebab I'm remembering wasn't unground beef chunks, either, like you usually find at most kebab places. What I remember having (and it might not have been all beef, but it was definitely ground meat, I remember). Anyway, it had a lovely smokey taste to it. The place I remember was on the small side, and it had a front room with a counter for ordering, and a similar sized small back room for dining in. That back room, I recall, had either a fireplace or coal chute in the wall, actively burning. It had street parking and if I remember right, a small parking lot on the side, but that part of my memory is hazy. I don't remember much else, unfortunately. But honestly, any good smokey ground meat kabab would be lovely to eat when I'm back in town. If you can help me remember the place, or recommend somewhere else that has a great smoked gound meat kebab, I would be eternally indebted to you."
oxj7159,1uwdhz7,all,1,smoke,1,… Iraqi kebabs are different from other Mideast kebabs. They also have an open oven where they smoke laban.,Maybe Arbeel Kebab on Shaeffer. Iraqi kebabs are different from other Mideast kebabs. They also have an open oven where they smoke laban.
oxjv7hb,1uwdhz7,all,1,smoked*,0,"True, the Iraqi kebabs with ground beef and lamb that I've had are good, but not as smoked as what I had at DMM.","True, the Iraqi kebabs with ground beef and lamb that I've had are good, but not as smoked as what I had at DMM."
1uwkojp,1uwkojp,all,1,smoke; air quality,1,Michigan under air quality alert Wednesday for Canadian wildfire smoke,Michigan under air quality alert Wednesday for Canadian wildfire smoke
oxo64aq,1uwkojp,all,1,air quality,1,Great air quality alert and heat advisory all in one. Is there another we could add? …,Great air quality alert and heat advisory all in one. Is there another we could add? I feel like we need the cherry on top.
1uws3gu,1uws3gu,all,1,smoke; smoky; air quality; aqi,1,"Air Quality Is Going to Be Bad For the Next Couple Days Getting ahead of the ""why's it so smoky?"" posts -- there's a huge group of wildfires that started in Ontario and northern Minnesota, and the smoke plume from these fires is forecasted to spread over the metro Detroit area tomorrow and Thursday. Today's NWS air quality forecast suggests this might be about as bad as the 2023 and 2025 smoke events were -- peak AQI in the 200s on Thursday.","Air Quality Is Going to Be Bad For the Next Couple Days Getting ahead of the ""why's it so smoky?"" posts -- there's a huge group of wildfires that started in Ontario and northern Minnesota, and the smoke plume from these fires is forecasted to spread over the metro Detroit area tomorrow and Thursday. Today's NWS air quality forecast suggests this might be about as bad as the 2023 and 2025 smoke events were -- peak AQI in the 200s on Thursday."
oxnse61,1uws3gu,all,1,asthma*,0,Sigh Better just ask my asthma doc for a round of steroids now so I can pick them up ahead of time 🙃,Sigh Better just ask my asthma doc for a round of steroids now so I can pick them up ahead of time 🙃
oxogfe9,1uws3gu,all,1,smoke,1,This is why we can't open that new bridge. Imagine even MORE smoke coming over the border!,This is why we can't open that new bridge. Imagine even MORE smoke coming over the border!
oxojmfy,1uws3gu,all,1,smoke,1,"… Insanely hot, insanely rainy or a combination of both. now throw wildfire smoke into the mix. I'm never gonna get to enjoy the outside comfortably before 9 PM","bro this summer feels weird. Barely any days of acceptable temperatures. Insanely hot, insanely rainy or a combination of both. now throw wildfire smoke into the mix. I'm never gonna get to enjoy the outside comfortably before 9 PM"
oxqz8td,1uws3gu,all,1,smoke,1,This was the smoke at the mackinac bridge coming out of St.Ignace this morning. Was headed home to Detroit today thankfully.,This was the smoke at the mackinac bridge coming out of St.Ignace this morning. Was headed home to Detroit today thankfully.
oxv6556,1uws3gu,all,1,aqi,1,For posterity it's now Thursday and the AQI is over 400,For posterity it's now Thursday and the AQI is over 400
oxtfody,1uwt4xo,all,1,smoke,1,… I’m right there with you! Unfortunately i cannot smoke due to my work still tests us even though it’s legal. I’m a strong supporter of its use and really an Anti-War on Drugs advocate. …,"Yeah I’m 90% service connected VA compensation and then healthcare as well. It can be good for somethings, I even use it over my work insurance. However they suck for a lot of things. I was at Detroit, however I transferred to Ann Arbor. They seem to be more forward thinking and have better overall care system. Which I’m not trying to knock Detroit at all. The staff try, I just think they are over worked and understaffed. Especially now with all our wonderful Grifter in Chief. Who supposedly loves the military and veterans yet says we are suckers and losers. Then is cutting the VA and Veterans benefits to the bone. Yeah I completely understand and of course it would affect you in adulthood. So much of what we learn or experience as kids affects our lives as adults. It is really a poison to your soul. It affects you in every way possible. Yeah I completely understand with the sleep situation. I’m right there with you! Unfortunately i cannot smoke due to my work still tests us even though it’s legal. I’m a strong supporter of its use and really an Anti-War on Drugs advocate. One of the biggest scams ever. Lmfao 🤣 not to laugh at your situation but you have no idea how much I could relate to your comment. Night time is like a series of naps lol. That’s so true. Sometimes I think man I can’t be the only one out here who is doing this. Yeah i usually lay down about 11, then up by 12, then back down until 2 back up for a little, back down until 4:30 - 5 am. I always am up between 4:30 and 5 no matter what. People have told me it seems like you’re keeping yourself from falling into a deep sleep so you don’t dream. Which actually might be true, even though I’ve never thought about it. I’ve also never done it purposely, it’s just how I’ve done it."
oxs6bvc,1uxkg3h,all,1,mask*,0,She also was out at a bar with no mask during peak COVID when masks were heavily enforced and restaurants had to abide by strict rules.,She also was out at a bar with no mask during peak COVID when masks were heavily enforced and restaurants had to abide by strict rules.
oxt58xh,1uxkn7q,all,1,pollution*,0,Digital pollution,Digital pollution
oxsw2dg,1uxlndd,all,1,hazy; the air*,1,"Crazy how hazy the air is, Canadian wildfires are doing a number on us. I gotta see these birds.","Crazy how hazy the air is, Canadian wildfires are doing a number on us. I gotta see these birds."
oxvhziu,1uxm2nx,all,1,smoky,1,"Some things never change, as smokey then in Detroit as it is today.","Some things never change, as smokey then in Detroit as it is today."
1uxm40x,1uxm40x,all,1,air quality,1,"How bad could þe air quality be for þere to be 2 warnings about it? In all seriousness, I hope the Canada wildfires would end soon, I wish well for everyone who lost their home to it and I gotta appreciate the people that are helping to stop it","How bad could þe air quality be for þere to be 2 warnings about it? In all seriousness, I hope the Canada wildfires would end soon, I wish well for everyone who lost their home to it and I gotta appreciate the people that are helping to stop it"
oxsd9s1,1uxm40x,all,1,air quality,1,We legit hit quadruple digit air quality in the UP.,We legit hit quadruple digit air quality in the UP.
oxsgtpl,1uxm40x,all,1,smoke,1,I just stepped outside and I can already smell the smoke. It was all clear around an hour ago.,I just stepped outside and I can already smell the smoke. It was all clear around an hour ago.
oxsguz9,1uxm40x,all,1,smoke,1,Just stepped outside and the smoke is really thick and smells like the world is on fire !,Just stepped outside and the smoke is really thick and smells like the world is on fire !
oxshjka,1uxm40x,all,1,smoke,1,The city is awash in smoke right now,The city is awash in smoke right now
oxsj4g4,1uxm40x,all,1,smoke; hazy,1,"I've been out all day, but it wasn't until about an hour ago it got real hazy and I can smell the smoke. I've had to use my inhaler more than usual with the heat and now this smoke.","I've been out all day, but it wasn't until about an hour ago it got real hazy and I can smell the smoke. I've had to use my inhaler more than usual with the heat and now this smoke."
oxsjokp,1uxm40x,all,1,smoke,1,… Didn't really notice earlier today even downtown. All of a sudden I can see the smoke at street level and it smells like a campfire outside. This is worse than I recall the last two years.,It's gotta be worse now.... Didn't really notice earlier today even downtown. All of a sudden I can see the smoke at street level and it smells like a campfire outside. This is worse than I recall the last two years.
oxskksb,1uxm40x,all,1,smoke,1,Just in the last 2 hours Clinton Township started getting covered with smoke and you can smell it even with the house closed up,Just in the last 2 hours Clinton Township started getting covered with smoke and you can smell it even with the house closed up
oxskl9n,1uxm40x,all,1,the air*,0,Just looked outside here in Fraser area. Wow you can smell it in the air. I've never seen this before in my lifetime and I'm in my 60s.,Just looked outside here in Fraser area. Wow you can smell it in the air. I've never seen this before in my lifetime and I'm in my 60s.
oxsks9q,1uxm40x,all,1,smoky; haze; can't breathe,1,"It’s not as visible here in Ferndale, but in the Thumb there was a thick yellowish gray haze everywhere. Looked like an old N64 game with no draw distance. Smelled smokey and it was kinda hard to breathe. Still a fun Lake Huron beach trip 👍","It’s not as visible here in Ferndale, but in the Thumb there was a thick yellowish gray haze everywhere. Looked like an old N64 game with no draw distance. Smelled smokey and it was kinda hard to breathe. Still a fun Lake Huron beach trip 👍"
oxsl815,1uxm40x,all,1,haze; fog*,1,I'm in Troy and there's heavy campfire smell and a visible haze. Looks like fog. I wish it was.,I'm in Troy and there's heavy campfire smell and a visible haze. Looks like fog. I wish it was.
oxsn7as,1uxm40x,all,1,smoke,1,It says on my weather app is 76 but you can smell the smoke on your clothes and hair when you go inside.,It says on my weather app is 76 but you can smell the smoke on your clothes and hair when you go inside.
oxsnno7,1uxm40x,all,1,smoke,1,… It feels sorta trolly. Hope you avoid the smoke.,I wasn't intending to be rude- you did the right thing. I just wonder who OPs core audience is with language like that. It feels sorta trolly. Hope you avoid the smoke.
oxsqd42,1uxm40x,all,1,smoke,1,Hitting hard smoke in Saginaw Bay City really nad !!,Hitting hard smoke in Saginaw Bay City really nad !!
oxss5es,1uxm40x,all,1,fog*,0,I drove home from work about 45 minutes ago and it was like driving in yellow fog.,I drove home from work about 45 minutes ago and it was like driving in yellow fog.
oxsssw8,1uxm40x,all,1,smoky,1,Its awful out there! Smoky as ive ever smelled it,Its awful out there! Smoky as ive ever smelled it
oxsv0ol,1uxm40x,all,1,aqi,1,AQI in the thousands!!! Holy fuck that reminded me to check up on my buddies up an Northern,AQI in the thousands!!! Holy fuck that reminded me to check up on my buddies up an Northern
oxsv4mq,1uxm40x,all,1,smoke,1,"Sunset, thunderstorm and smoke is creating some bizarre ambience here in hazel park. Never seen anything like it.","Sunset, thunderstorm and smoke is creating some bizarre ambience here in hazel park. Never seen anything like it."
oxszt44,1uxm40x,all,1,smoke,1,The halls in my apartment complex smell like smoke and the fire alarm kept going off because of the wildfires.,The halls in my apartment complex smell like smoke and the fire alarm kept going off because of the wildfires.
oxtjo76,1uxm40x,all,1,smoke,1,Have you been outside this evening? I'm in Dearborn and I could see the smoke in car's headlights.,Have you been outside this evening? I'm in Dearborn and I could see the smoke in car's headlights.
oxukymx,1uxm40x,all,1,pollution*,0,… only that driving gasoline cars doesn’t have a meaningful effect on the world as we know it. Industrial pollution in places like India and China is a staggeringly more meaningful concern that nothing at all is being done about.,I don’t think anyone is truly denying climate change.. only that driving gasoline cars doesn’t have a meaningful effect on the world as we know it. Industrial pollution in places like India and China is a staggeringly more meaningful concern that nothing at all is being done about.
oxv44xf,1uxm40x,all,1,fog*,0,I...don't think this is just fog...,I...don't think this is just fog...
oxycilp,1uxm40x,all,1,air quality; pm2.5,1,We’re talking specifically about air quality in relation to these wildfires. The thing going on right now. PM2.5 is far more important to note than metric tons of CO2,We’re talking specifically about air quality in relation to these wildfires. The thing going on right now. PM2.5 is far more important to note than metric tons of CO2
oy0mq8z,1uxm40x,all,1,aqi; pm2.5,1,"Right, sure; however, you replied to a comment about per capita CO2 emissions with a graph about daily average of PM2.5 in cities around the world. That graph is a daily average. Also has nothing to do with what’s going on right now. The fact that China on average has higher measurements of PM2.5 than Fresno, doesn’t really affect the fact that it’s over 500 AQI here. What I posted was relevant to the conversation. …","Right, sure; however, you replied to a comment about per capita CO2 emissions with a graph about daily average of PM2.5 in cities around the world. That graph is a daily average. Also has nothing to do with what’s going on right now. The fact that China on average has higher measurements of PM2.5 than Fresno, doesn’t really affect the fact that it’s over 500 AQI here. What I posted was relevant to the conversation. What you posted was relevant to a different conversation on a different day."
1uxnlww,1uxnlww,all,1,smoke; air quality; air pollution; n95; pollution*; mask*,1,"Fires in Ontario causing poor air quality in Detroit ""- Michigan faces an air quality alert through at least Thursday as smoke from Ontario wildfires reaches the state. \- The smoke arrives during a heat wave, compounding health risks for vulnerable residents including older adults, children, and people with respiratory conditions. \- Experts recommend staying indoors, using N-95 masks outside, and monitoring symptoms closely for both heat illness and air pollution effects."" Source:","Fires in Ontario causing poor air quality in Detroit ""- Michigan faces an air quality alert through at least Thursday as smoke from Ontario wildfires reaches the state. \- The smoke arrives during a heat wave, compounding health risks for vulnerable residents including older adults, children, and people with respiratory conditions. \- Experts recommend staying indoors, using N-95 masks outside, and monitoring symptoms closely for both heat illness and air pollution effects."" Source:"
oxso3ki,1uxnlww,all,1,smoke,1,I didn't either until I hear about it from a friend and did a search. Wild now as I look outside and seeing all the smoke,I didn't either until I hear about it from a friend and did a search. Wild now as I look outside and seeing all the smoke
oxsopym,1uxnlww,all,1,smoky,1,"It's been like a smokey dusk since 6:00. Also, I'm not sure if it's related but tons of biting flies.","It's been like a smokey dusk since 6:00. Also, I'm not sure if it's related but tons of biting flies."
oxspcsk,1uxnlww,all,1,smoky,1,"I’d just like to say the irony is palpable that when I opened this post, I got an ad for Smokey the Bear…","I’d just like to say the irony is palpable that when I opened this post, I got an ad for Smokey the Bear…"
oxss7bw,1uxnlww,all,1,smoke,1,Is Canada paying tariffs for this smoke?,Is Canada paying tariffs for this smoke?
oxstknr,1uxnlww,all,1,smoke,1,What exactly is Trump supposed to do about Canadian wildfire smoke?,What exactly is Trump supposed to do about Canadian wildfire smoke?
oxstwl1,1uxnlww,all,1,the air*,0,I can taste the air,I can taste the air
oxswuyn,1uxnlww,all,1,air quality; pollution*,1,"In terms of overall pollution, tonight is probably when a bonfire is contributing the least, percentage wise, to overall poor air quality. It feels like at this point we could all go outside and set our garbage cans on fire and not really notice a significant difference","In terms of overall pollution, tonight is probably when a bonfire is contributing the least, percentage wise, to overall poor air quality. It feels like at this point we could all go outside and set our garbage cans on fire and not really notice a significant difference"
oxsxas1,1uxnlww,all,1,smoke,1,"Michigan used to have a really big fan that blew all of the smoke away, but it broke down a few years ago and here we are","Michigan used to have a really big fan that blew all of the smoke away, but it broke down a few years ago and here we are"
oxt0h6x,1uxnlww,all,1,smoke,1,Why do you think ontario built all the windmills along the 401? To blow all the smoke into michigan.,Why do you think ontario built all the windmills along the 401? To blow all the smoke into michigan.
oxt13t0,1uxnlww,all,1,hazy; purifier,1,"It was a beautiful sunny day when I went in to trivia. Come out to this hazy, choking mess. Seems worse than the Quebec fires a couple years ago because I can smell this one. Smells like a bonfire. Turned my air purifier on when I got home and it’s sitting at 036 when normally it’s about 002 or 003.","It was a beautiful sunny day when I went in to trivia. Come out to this hazy, choking mess. Seems worse than the Quebec fires a couple years ago because I can smell this one. Smells like a bonfire. Turned my air purifier on when I got home and it’s sitting at 036 when normally it’s about 002 or 003."
oxt2car,1uxnlww,all,1,the air*,0,Holy craparoni. The air just turned gray. WTF.,Holy craparoni. The air just turned gray. WTF.
oxt5wks,1uxnlww,all,1,air quality,1,"But what about the animals?! They can't go inside to escape heat or ass air quality. I'm talking about wild animals here, but pets need to go outside, too.","But what about the animals?! They can't go inside to escape heat or ass air quality. I'm talking about wild animals here, but pets need to go outside, too."
oxt7206,1uxnlww,all,1,cough*,0,Im sneezing and coughing from this. Thus is the worse Ive ever seen with this.,Im sneezing and coughing from this. Thus is the worse Ive ever seen with this.
oxt9n0a,1uxnlww,all,1,hepa,1,Importer pays the tariff (in the form of HEPA filters),Importer pays the tariff (in the form of HEPA filters)
oxtpyif,1uxnlww,all,1,ash*,0,"… (I would wave but even I can’t see my own hand!) It’s bad up here yo. (I’m in Marquette specifically) Ash is covering our cars, can’t even see Superior. It’s all the worst parts of having a campfire. …","Hello from the U.P.! (I would wave but even I can’t see my own hand!) It’s bad up here yo. (I’m in Marquette specifically) Ash is covering our cars, can’t even see Superior. It’s all the worst parts of having a campfire. 0/10 do not recommend"
oxulneb,1uxnlww,all,1,smoke,1,Most of the heavy smoke we are getting is coming from Minnesota which is further south than previous years. It's not just Canada this time around.,Most of the heavy smoke we are getting is coming from Minnesota which is further south than previous years. It's not just Canada this time around.
oxv35tq,1uxnlww,all,1,particulate,1,It is SHTANKY out there. The particulates we are inhaling must be through the roof.,It is SHTANKY out there. The particulates we are inhaling must be through the roof.
oxviwqq,1uxnlww,all,1,air quality,1,Wildfires in Minnesota causing air quality issues in Michigan.,Wildfires in Minnesota causing air quality issues in Michigan.
oxx0pjh,1uxnlww,all,1,smoke; pm2.5,1,"I believe you need MERV 13 for a CR box to tackle PM2.5 smoke effectively. Does work really well though, have one going right now.","I believe you need MERV 13 for a CR box to tackle PM2.5 smoke effectively. Does work really well though, have one going right now."
oxx2l56,1uxnlww,all,1,fog*,0,… And they're big. Meanwhile if I stand at my bedroom door I can see fog in my kitchen,Theyve been mismanaging forests for hundreds of years so theyre tinderboxes now. Now theyre managing them like the Indians did (and Europeans do) which works better. It'll get better in a hundred years or so. There's a lot of forests. And they're big. Meanwhile if I stand at my bedroom door I can see fog in my kitchen
oy3vmbx,1uxnlww,all,1,smoke,1,Yah just like the wildfire smoke coming from California to BC every year,Yah just like the wildfire smoke coming from California to BC every year
oxsqisv,1uxnpkt,all,1,air quality,1,Is this violation of the Canada-United States Air Quality Agreement?,Is this violation of the Canada-United States Air Quality Agreement?
oxsthnf,1uxnpkt,all,1,smoke,1,"… And when I walked out onto my patio tonight, I thought one of the condos was on fire. Smoke everywhere, and it smells like a campfire. Except this isn't a campfire, and you can't just ask another country to stop 🤣","This is a first for me. I've been here 10 years for work. And when I walked out onto my patio tonight, I thought one of the condos was on fire. Smoke everywhere, and it smells like a campfire. Except this isn't a campfire, and you can't just ask another country to stop 🤣"
oxsv3om,1uxnpkt,all,1,smoke,1,"Isn’t John James campaigning on holding Canada accountable when they cannot control the wind from blowing the impact of their country, literally being on fire and the smoke blowing our way?","Isn’t John James campaigning on holding Canada accountable when they cannot control the wind from blowing the impact of their country, literally being on fire and the smoke blowing our way?"
1uxnwv8,1uxnwv8,all,1,air quality; aqi,1,"Yea Maybe Stay Inside Tonight The Eastside monitor showing 575 (for real air quality heads, this is after the LRAPA correction for PurpleAir overcalibration) is I think the highest valid AQI reading I've seen in Metro Detroit ever.","Yea Maybe Stay Inside Tonight The Eastside monitor showing 575 (for real air quality heads, this is after the LRAPA correction for PurpleAir overcalibration) is I think the highest valid AQI reading I've seen in Metro Detroit ever."
oxsrgi8,1uxnwv8,all,1,air quality,1,I've seen better air quality hot boxing a car,I've seen better air quality hot boxing a car
oxss04q,1uxnwv8,all,1,bad air; fog*,1,"i went outside to throw out some garbage and thought there was a fire. looks like its fog, but apparently its bad air","i went outside to throw out some garbage and thought there was a fire. looks like its fog, but apparently its bad air"
oxstggv,1uxnwv8,all,1,air quality,1,"Walked the dog during previous air quality alerts due to wildfire wind currents, tonight was by far the worst.","Walked the dog during previous air quality alerts due to wildfire wind currents, tonight was by far the worst."
oxstgqz,1uxnwv8,all,1,hazy,1,… Burnt smell and burns the throat. Hazy as hell. Hope it has cleared up by tomorrow.,Never seen it like this here. Burnt smell and burns the throat. Hazy as hell. Hope it has cleared up by tomorrow.
oxsx45r,1uxnwv8,all,1,asthma*,0,I hope so. I’m severely asthmatic and my throat and eyes are burning. I haven’t left home all day. …,I hope so. I’m severely asthmatic and my throat and eyes are burning. I haven’t left home all day. Just opened the door long enough to get the dog in and out. The smell is so strong!
oxsxadu,1uxnwv8,all,1,aqi; asthma*,1,Me Too. My mother struggled with poor aqi triggering her asthma and is older these days.,Me Too. My mother struggled with poor aqi triggering her asthma and is older these days.
oxt18gq,1uxnwv8,all,1,asthma*,0,"Unfortunately, with asthma, you usually learn to be prepared the hard way 😭💀 I didn’t get myself a nebulizer and emergency steroid stash until I was hospitalized with multi lobular pneumonia 3 times in the past 5 years. Now I make sure I always have my breathing stuff on hand. …","Unfortunately, with asthma, you usually learn to be prepared the hard way 😭💀 I didn’t get myself a nebulizer and emergency steroid stash until I was hospitalized with multi lobular pneumonia 3 times in the past 5 years. Now I make sure I always have my breathing stuff on hand. It’s no joke. You and yours rest easy too, neighbor!"
oxt1a0k,1uxnwv8,all,1,smoky,1,I'm at work and we thought there was a fire in here. It's smoky and smells like something is burn.,I'm at work and we thought there was a fire in here. It's smoky and smells like something is burn.
oxt1yrz,1uxnwv8,all,1,smoke,1,I got some rain that's helping knock the smoke and smell down,I got some rain that's helping knock the smoke and smell down
oxt3qsn,1uxnwv8,all,1,purifier; n95; mask*; asthma*,1,"I just ordered some N95 masks because it's triggering my asthma, and we've got a filter on our air vents and 3 air purifiers going in my house.","I just ordered some N95 masks because it's triggering my asthma, and we've got a filter on our air vents and 3 air purifiers going in my house."
oxt4gpp,1uxnwv8,all,1,smoke,1,there’s like over 800 wildfires in canada sending smoke this way,there’s like over 800 wildfires in canada sending smoke this way
oxt9k44,1uxnwv8,all,1,smoke,1,Fire smoke.ca forecast,Fire smoke.ca forecast
oxtbrk8,1uxnwv8,all,1,n95; mask*,1,Last year I ran my daily 5k with a n95 mask on.,Last year I ran my daily 5k with a n95 mask on.
oxtla1t,1uxnwv8,all,1,smoke,1,No it isn’t lmfao it’s wildfire smoke,No it isn’t lmfao it’s wildfire smoke
oxtu9bs,1uxnwv8,all,1,hazy,1,I didn't realize there was another fire. I was on Belle Isle and really thought it was just hazy af until I read it was firesmoke again,I didn't realize there was another fire. I was on Belle Isle and really thought it was just hazy af until I read it was firesmoke again
oxulto3,1uxnwv8,all,1,smoke; aqi,1,Unfortunately the rain that blew through caused the smoke to drop and slow so its gonna be 300+ aqi all day,Unfortunately the rain that blew through caused the smoke to drop and slow so its gonna be 300+ aqi all day
oxus20d,1uxnwv8,all,1,haze,1,… It smells like i’m stand next to an open fire pit that’s been burning for hours. The haze is so thick it blurs the trees at 50 meter distance. I have never seen it so bad.,Live in Southeast Michigan. Standing on my back deck last night and this morning. It smells like i’m stand next to an open fire pit that’s been burning for hours. The haze is so thick it blurs the trees at 50 meter distance. I have never seen it so bad.
oxut96i,1uxnwv8,all,1,smoke,1,… I work construction and will be in open air all day. Between the heat and the smoke I may have to knock off early.,"Yeah, today is going to be rough. I work construction and will be in open air all day. Between the heat and the smoke I may have to knock off early."
oxv9kst,1uxnwv8,all,1,smoke; air pollution; pollution*; the air*,1,There is fire in northern Ontario and fires in Minnesota. Last year Minnesota residents were complaining about the fires in boreal forests in northern Canada and saying they should build a wall against Canada to keep the smoke out like a wall would keep smoke out of your state. They were complaining that Canada can’t control their fires and the air pollution it causes. So Canada here wondering why Minnesota can’t control their wildfires. …,There is fire in northern Ontario and fires in Minnesota. Last year Minnesota residents were complaining about the fires in boreal forests in northern Canada and saying they should build a wall against Canada to keep the smoke out like a wall would keep smoke out of your state. They were complaining that Canada can’t control their fires and the air pollution it causes. So Canada here wondering why Minnesota can’t control their wildfires. What a bunch of Morouns. I mean morons.
oxvdgw4,1uxnwv8,all,1,cough*,0,Mine too. My cat has even started coughing 🙁,Mine too. My cat has even started coughing 🙁
oxvf27k,1uxnwv8,all,1,smoke,1,"….and it is. Just walked dogs, and I can literally taste the smoke","….and it is. Just walked dogs, and I can literally taste the smoke"
oxvivzu,1uxnwv8,all,1,air quality,1,Worst air quality in the world currently,Worst air quality in the world currently
oxvk5lg,1uxnwv8,all,1,air filter,1,Link to a DIY air filter that is proven to work:,Link to a DIY air filter that is proven to work:
oxvtbpm,1uxnwv8,all,1,air is bad; fog*; the air*,1,It's so bad right now... I let my dog out last night to pee one last time before bed and the air was so thick and burnt that it looked like a layer of fog. And this morning it's so bad that you can almost look at the sun. …,"It's so bad right now... I let my dog out last night to pee one last time before bed and the air was so thick and burnt that it looked like a layer of fog. And this morning it's so bad that you can almost look at the sun. I kept telling my ma it looked like there was a red filter on everything while the sun was out and lo and behold, this morning the sun looks like a giant angry red ball in a grey sky."
oxw5s7l,1uxnwv8,all,1,respirator,1,… I’m stuck in the warehouse today but all the bay doors are open. Got a bunch of funny looks from the other guys cause I have a respirator on. Even had one guy tell me “that thing isn’t doing you any good. …,I also work in a job that’s predominantly outside. I’m stuck in the warehouse today but all the bay doors are open. Got a bunch of funny looks from the other guys cause I have a respirator on. Even had one guy tell me “that thing isn’t doing you any good. You’re just breathing your own air” with a smug face and that is the dumbest thing I’ve heard today… so far.
oxwcpjt,1uxnwv8,all,1,mask*,0,smell is horrible and i couldn't believe people are driving with their windows down and walking around without a mask on,smell is horrible and i couldn't believe people are driving with their windows down and walking around without a mask on
oxx5dxw,1uxnwv8,all,1,smoke; the air*; cough*,1,"Surely the benefits from exercising your dog for a three day span are outweighed by the air being incredibly polluted. They are saying don't do outdoor activities. Idk why everyone is like ""I MUST walk my dog during this generationally bad temporary wildfire smoke"" I work in fast food. Some lady had her dog in her car and it was coughing because she had the window rolled down. It's like, OK, roll it up then?","Surely the benefits from exercising your dog for a three day span are outweighed by the air being incredibly polluted. They are saying don't do outdoor activities. Idk why everyone is like ""I MUST walk my dog during this generationally bad temporary wildfire smoke"" I work in fast food. Some lady had her dog in her car and it was coughing because she had the window rolled down. It's like, OK, roll it up then?"
oxx675f,1uxnwv8,all,1,smoke,1,I was on Belle Isle last night when the smoke started rolling in and the city skyline was GONE.,I was on Belle Isle last night when the smoke started rolling in and the city skyline was GONE.
oxxr6dx,1uxnwv8,all,1,smoke,1,How much smoke have you inhaled today?,How much smoke have you inhaled today?
oxxxs25,1uxnwv8,all,1,n95; mask*,1,"… Your health comes first! If you really have no choice, wear an n95 mask. Best of luck!","Your employer legally can't put you in hazardous, unsafe conditions. Your health comes first! If you really have no choice, wear an n95 mask. Best of luck!"
oxy4cx8,1uxnwv8,all,1,air quality,1,"… Like I said, I don't want to fault people for giving their dog important exercise. Just that it seems like common sense to abstain during this particularly awful moment in air quality because it's likely actively hurting both the owner and the dog.","Understandable. Like I said, I don't want to fault people for giving their dog important exercise. Just that it seems like common sense to abstain during this particularly awful moment in air quality because it's likely actively hurting both the owner and the dog."
oxyp73h,1uxnwv8,all,1,the air*,0,Saw a guy today relaxing on a restaurant patio outside having a leisurely lunch with his dog there at his feet. He seemed blissfully unbothered by the air..,Saw a guy today relaxing on a restaurant patio outside having a leisurely lunch with his dog there at his feet. He seemed blissfully unbothered by the air..
1uxojoc,1uxojoc,all,1,smoke,1,Detroit Smoke Suddenly it’s here,Detroit Smoke Suddenly it’s here
oxsxx4c,1uxojoc,all,1,haze,1,Looks like the haze in New Delhi,Looks like the haze in New Delhi
oxt5t13,1uxojoc,all,1,the air*,0,I bet the thunderstorm has helped clean the air.,I bet the thunderstorm has helped clean the air.
oxt92r3,1uxojoc,all,1,air quality,1,I heard Toronto had the worst air quality of any major city today,I heard Toronto had the worst air quality of any major city today
oxt998v,1uxojoc,all,1,smoke,1,Its almost like burning the blood of the earth for over a century and lighting rocks on fire came back to bite us. Time to name this heatwave and smoke the Mobil-Shell phenomenon.,Its almost like burning the blood of the earth for over a century and lighting rocks on fire came back to bite us. Time to name this heatwave and smoke the Mobil-Shell phenomenon.
oxtchac,1uxojoc,all,1,smoke,1,Crazy how quickly the smoke came in tonight. I live downtown and when I got home from work around 6 it was fine but then by 8:30 my girlfriend and I had to leave our apartment and find somewhere else to stay because the smoke was getting inside. Smelled like a bonfire in our bedroom.,Crazy how quickly the smoke came in tonight. I live downtown and when I got home from work around 6 it was fine but then by 8:30 my girlfriend and I had to leave our apartment and find somewhere else to stay because the smoke was getting inside. Smelled like a bonfire in our bedroom.
oxtgw6x,1uxojoc,all,1,smoke; air filter,1,It gave me a bit of a headache earlier. The smoke constricts your blood vessels and it can lead to all kinds of nastiness including heart attacks if you have high blood pressure or other heart issues. I'm thinking of buying or building an air filter tomorrow for my elderly parents out of an overabundance of caution.,It gave me a bit of a headache earlier. The smoke constricts your blood vessels and it can lead to all kinds of nastiness including heart attacks if you have high blood pressure or other heart issues. I'm thinking of buying or building an air filter tomorrow for my elderly parents out of an overabundance of caution.
oxu2y8q,1uxojoc,all,1,smoke,1,"Explosive diarrhea and fire smoke, a summer to remember","Explosive diarrhea and fire smoke, a summer to remember"
oxuldh3,1uxojoc,all,1,smoke,1,Actually it did the opposite and caused the smoke to lower and linger so it might be here this bad until Friday or Saturday 🫨,Actually it did the opposite and caused the smoke to lower and linger so it might be here this bad until Friday or Saturday 🫨
oxv1ah8,1uxojoc,all,1,smoke; air quality,1,"Thankfully for us and places like Toronto our air quality returns to normal after the smoke clears(for now at least). In many places like in south and central Asia that consistently have the worst air quality, endless polluted air is normal, i can't imagine it.","Thankfully for us and places like Toronto our air quality returns to normal after the smoke clears(for now at least). In many places like in south and central Asia that consistently have the worst air quality, endless polluted air is normal, i can't imagine it."
oxv9qcq,1uxojoc,all,1,smoke,1,Get a forward looking forecast of where the wildfire smoke will carry to next so you can be safe with planned activity. I built TrailSmoke with fires in the western US and mountain biking in Colorado. But weather and smoke more east and hopefully this free app is helpful to many ppl out there. NYC is about to get a wave of it.,Get a forward looking forecast of where the wildfire smoke will carry to next so you can be safe with planned activity. I built TrailSmoke with fires in the western US and mountain biking in Colorado. But weather and smoke more east and hopefully this free app is helpful to many ppl out there. NYC is about to get a wave of it.
oxvmcyg,1uxojoc,all,1,smoke,1,"I can feel the smoke coating my throat and lungs, this is fucked.","I can feel the smoke coating my throat and lungs, this is fucked."
oxvs3v2,1uxojoc,all,1,smoke; haze,1,… It was fine. We went out around 6 and I noticed the haze and realized it was the smoke. Went back to her place and then I left again at 9 and my eyes were tearing up because of the smoke.,Same. I went to my friends house around 430. It was fine. We went out around 6 and I noticed the haze and realized it was the smoke. Went back to her place and then I left again at 9 and my eyes were tearing up because of the smoke.
oxw2rj4,1uxojoc,all,1,pollution*,0,"Born and raised in Delray, pollution is normal to me.","Born and raised in Delray, pollution is normal to me."
oxw48hq,1uxojoc,all,1,smoke,1,Had a coworker tell me today that he “loves the smell” of the smoke cause it’s smells like a wet bonfire and reminds him of being in a sauna.,Had a coworker tell me today that he “loves the smell” of the smoke cause it’s smells like a wet bonfire and reminds him of being in a sauna.
oxwdu5q,1uxojoc,all,1,smoke; air quality; the air*,1,"That’s fair, we’re staying with family in Taylor and the air quality obviously isn’t much better there but we at least feel safer inside there because they have central AC as opposed to our window units in our 8th floor apartment that’s pumping all that smoke inside","That’s fair, we’re staying with family in Taylor and the air quality obviously isn’t much better there but we at least feel safer inside there because they have central AC as opposed to our window units in our 8th floor apartment that’s pumping all that smoke inside"
oxwf2v5,1uxojoc,all,1,smoke,1,… It looks like you are too. Crazy the amount of smoke.,I’m on a job site downtown. It looks like you are too. Crazy the amount of smoke.
oxwrzhk,1uxojoc,all,1,smoke,1,I live in Taylor and I work in a factory. We had to leave work yesterday because the shop got filled with smoke. I'm probably gonna have to miss work and money today as well,I live in Taylor and I work in a factory. We had to leave work yesterday because the shop got filled with smoke. I'm probably gonna have to miss work and money today as well
oxxdsny,1uxojoc,all,1,aqi,1,But even their average daily polluted air isn’t nearly as bad as what we’re getting now. AQI has been between 500-1000 since yesterday morning it’s insanely bad.,But even their average daily polluted air isn’t nearly as bad as what we’re getting now. AQI has been between 500-1000 since yesterday morning it’s insanely bad.
oxxg3rq,1uxojoc,all,1,cough*,0,(cough cough),(cough cough)
oxxofd2,1uxojoc,all,1,smoke,1,I hear the smoke is why we have such beautiful fuckin sunsets.,I hear the smoke is why we have such beautiful fuckin sunsets.
oxyby85,1uxojoc,all,1,haze; mask*,1,"… Closing the rest of the houses windows would be pretty much pointless and might just lead to succumbing to the heat instead. Wearing a mask is advised but even if I can find one it’s only going to make it more difficult to breathe. Open windows and fans are the only thing making the temps manageable. … Everything smells lightly of a camp fire going out. I can handle the heat, smell, and haze but I worry about health dangers.","This is truly a blast. We’re supposed to run the ac and close the windows which would be great if I had AC. I just have one little unit in a small bedroom. Closing the rest of the houses windows would be pretty much pointless and might just lead to succumbing to the heat instead. Wearing a mask is advised but even if I can find one it’s only going to make it more difficult to breathe. Open windows and fans are the only thing making the temps manageable. Cherry on top is there’s a power outage right around my neighborhood so I’ll find out later if I don’t have power either. Everything smells lightly of a camp fire going out. I can handle the heat, smell, and haze but I worry about health dangers."
oxz7e6y,1uxojoc,all,1,smoke; air quality,1,"well canada created the smoke, so glad toronto has the worst air quality.","well canada created the smoke, so glad toronto has the worst air quality."
oxzgmgn,1uxojoc,all,1,smoke,1,"As I would expect, seeing as the source of the smoke is wildfires in Canada- and, from what I've seen, primarily in NW Ontario.","As I would expect, seeing as the source of the smoke is wildfires in Canada- and, from what I've seen, primarily in NW Ontario."
oxzn1rn,1uxojoc,all,1,the air*,0,I think 2023 was worse. The air was orange and you couldn't see more than about a block away,I think 2023 was worse. The air was orange and you couldn't see more than about a block away
oxzyp8h,1uxojoc,all,1,smoke,1,"Canadian here, I came to this sub to check how you guys are doing. Really sorry about the smoke - unfortunately, our province (Ontario) has fallen victim to wildfires. It’s quite bad up north; many communities had to evacuate and people lost their homes, especially native Canadians. …","Canadian here, I came to this sub to check how you guys are doing. Really sorry about the smoke - unfortunately, our province (Ontario) has fallen victim to wildfires. It’s quite bad up north; many communities had to evacuate and people lost their homes, especially native Canadians. No deaths for now, thank God. I am happy to read the comments and see that no one seem to be blaming us. You are good people. Again, really sorry that you (as well as Canadians) have to suffer. We’re staying indoors as much as we can. Please stay safe."
oy08fhp,1uxojoc,all,1,smoke,1,"I never said that it was ""just a Canadian issue."" My man, I damned near watched the smoke cloud roll in last night. I'm Wayne Co.","I never said that it was ""just a Canadian issue."" My man, I damned near watched the smoke cloud roll in last night. I'm Wayne Co."
oy0bu6g,1uxojoc,all,1,smoke,1,… I know there was a real bad year a little while back. I remember sitting in the hammock and this wall of smoke just crept in. Don’t remember the year. …,"2023 I’m trying to remember. I know there was a real bad year a little while back. I remember sitting in the hammock and this wall of smoke just crept in. Don’t remember the year. It might have been 2023, so you might be right. It was bad that year as well."
oy0ck8e,1uxojoc,all,1,smoke,1,""" the source of the smoke is wildfires in Canada- and, from what I've seen, primarily in NW Ontario."" It's not my fault that you read that inaccurately. :)",""" the source of the smoke is wildfires in Canada- and, from what I've seen, primarily in NW Ontario."" It's not my fault that you read that inaccurately. :)"
oy15rre,1uxojoc,all,1,smoked*,0,"Canadian smoked Americans, maybe our president will sue them for not raking the forest😂🤣😂","Canadian smoked Americans, maybe our president will sue them for not raking the forest😂🤣😂"
oy2g4z0,1uxojoc,all,1,mask*,0,… We stopped for like 3 days during covid so none of us expected any sort of time off for this. Just gonna thug it out with a mask for a few days.,"Construction, mostly commercial/industrial. We stopped for like 3 days during covid so none of us expected any sort of time off for this. Just gonna thug it out with a mask for a few days."
oy2n927,1uxojoc,all,1,air quality; the air*,1,"I thought it was funny. I'm really sad for Canada and upset about the air quality, but I mean, it's right there for the taking, how can you not think of that song?!?!","I thought it was funny. I'm really sad for Canada and upset about the air quality, but I mean, it's right there for the taking, how can you not think of that song?!?!"
oy46qgb,1uxojoc,all,1,smoke,1,We’ll be expecting your wildfire smoke from California coming to BC,We’ll be expecting your wildfire smoke from California coming to BC
oy46xt8,1uxojoc,all,1,smoke,1,You have raging fires in Minnesota that is also contributing to the smoke,You have raging fires in Minnesota that is also contributing to the smoke
oy5bwyi,1uxojoc,all,1,smoke,1,"My wildfire smoke from Cali? I'm not in Cali, so, how is it my Cali smoke?","My wildfire smoke from Cali? I'm not in Cali, so, how is it my Cali smoke?"
oy6cjmn,1uxojoc,all,1,air quality,1,"Yeah, yesterday, ABC News said Michigan had the worst air quality in the world.","Yeah, yesterday, ABC News said Michigan had the worst air quality in the world."
oy7l4x5,1uxojoc,all,1,smoke; ash*; fog*,1,"silent hill games were all about the fog. the shitty movies turned it into ash and smoke, completely delineating from the original storyline of the game. were in the shitty movie version of silent hill.","silent hill games were all about the fog. the shitty movies turned it into ash and smoke, completely delineating from the original storyline of the game. were in the shitty movie version of silent hill."
oxsxzm8,1uxoqf4,all,1,hazy,1,Hazy times,Hazy times
oxypiji,1uxoqf4,all,1,smoke,1,Gonna go smoke a Marlboro Red,Gonna go smoke a Marlboro Red
oxyysrl,1uxoqf4,all,1,air is bad; the air*,1,"The air is so thick it hurts to breathe... my chest has been heavy all day and it's not like ""oh we can go outside to get some air. …","The air is so thick it hurts to breathe... my chest has been heavy all day and it's not like ""oh we can go outside to get some air. There literally is no air. I feel so bad for the Canadians too who are directly underneath the thick of it"
oxt5p11,1uxpag2,all,1,smoke,1,Yup. With a nice side of wildfire smoke. It's awesome.,Yup. With a nice side of wildfire smoke. It's awesome.
oxtb2yd,1uxpag2,all,1,smoke,1,Must be the smoke from the wild fires will be the next excuse,Must be the smoke from the wild fires will be the next excuse
1uxpjar,1uxpjar,all,1,smoke; n95; asthma*,1,"Check on your elderly neighbors Captain obvious reporting that the smoke is bad, but many of your older neighbors don’t have AC. Heat + unable to open windows = bad outcomes for many Detroiters over the next several days. Many of these same elderly neighbors are also asthmatics, as we have some of the worst rates in the state (maybe the worst, IDK). If you can afford to lend folks box fans with some MERV 13 filters you can help juryrig something that can provide even the smallest of benefits in this heat. … Lots of DIY solutions via Google. Hand out N95s if you have any, especially to folks waiting for a bus.","Check on your elderly neighbors Captain obvious reporting that the smoke is bad, but many of your older neighbors don’t have AC. Heat + unable to open windows = bad outcomes for many Detroiters over the next several days. Many of these same elderly neighbors are also asthmatics, as we have some of the worst rates in the state (maybe the worst, IDK). If you can afford to lend folks box fans with some MERV 13 filters you can help juryrig something that can provide even the smallest of benefits in this heat. Indoor portable AC via ice water (try adding ice cream salt - heard it works better) and some fans could also help folks out. Lots of DIY solutions via Google. Hand out N95s if you have any, especially to folks waiting for a bus."
1uxqs0n,1uxqs0n,all,1,smoke; haze; air quality; aqi; purifier; hepa; n95; mask*; asthma*,1,"MEGATHREAD: Metro Detroit Air Quality & Wildfire Smoke (July 2026) A statewide Air Quality Alert is currently in effect. Smoke from wildfires in Canada and Minnesota has moved into Michigan, causing rapid degradation in air quality. Southeast Michigan is seeing levels range from Unhealthy for Sensitive Groups (USG) up to Unhealthy, with potential for localized Very Unhealthy or Hazardous spikes. The alert is active through at least Thursday, July 16, with a strong possibility of extending into Friday. Safety Guidance: Limit Exposure: Avoid prolonged or strenuous outdoor activities, particularly if you are in a sensitive group (children, older adults, or those with asthma/heart conditions). Seal Your Home: Keep windows and doors closed. Filter Air: Run central air conditioning using MERV-13 or higher filters, or use a portable HEPA air purifier. Do not burn candles, use fireplaces, or vacuum without a HEPA filter. Masking: If you must be outside for extended periods, consider wearing a high-quality mask (N95/KN95). Resources: AirNow.gov– Live AQI tracking by ZIP code. MiAir– Official updates from the Michigan Department of Environment, Great Lakes, and Energy (EGLE). NWS Detroit– Local weather and alert updates. Please keep all discussion, localized AQI readings, haze photos, and related questions confined to this thread to prevent subreddit clutter. Regular sub rules apply.","MEGATHREAD: Metro Detroit Air Quality & Wildfire Smoke (July 2026) A statewide Air Quality Alert is currently in effect. Smoke from wildfires in Canada and Minnesota has moved into Michigan, causing rapid degradation in air quality. Southeast Michigan is seeing levels range from Unhealthy for Sensitive Groups (USG) up to Unhealthy, with potential for localized Very Unhealthy or Hazardous spikes. The alert is active through at least Thursday, July 16, with a strong possibility of extending into Friday. Safety Guidance: Limit Exposure: Avoid prolonged or strenuous outdoor activities, particularly if you are in a sensitive group (children, older adults, or those with asthma/heart conditions). Seal Your Home: Keep windows and doors closed. Filter Air: Run central air conditioning using MERV-13 or higher filters, or use a portable HEPA air purifier. Do not burn candles, use fireplaces, or vacuum without a HEPA filter. Masking: If you must be outside for extended periods, consider wearing a high-quality mask (N95/KN95). Resources: AirNow.gov– Live AQI tracking by ZIP code. MiAir– Official updates from the Michigan Department of Environment, Great Lakes, and Energy (EGLE). NWS Detroit– Local weather and alert updates. Please keep all discussion, localized AQI readings, haze photos, and related questions confined to this thread to prevent subreddit clutter. Regular sub rules apply."
oxthcv8,1uxqs0n,all,1,smoke,1,Is Whitmer calling for a smoke day? I don't have to go to work tomorrow??,Is Whitmer calling for a smoke day? I don't have to go to work tomorrow??
oxtkump,1uxqs0n,all,1,mask*,0,… All was right with the world. Wear your masks if youre gonna he whining about stuff we cant control.,"I walked out of my house, smelled that campfire. All was right with the world. Wear your masks if youre gonna he whining about stuff we cant control."
oxtr9h7,1uxqs0n,all,1,smoke,1,I left my house this evening and the smoke smell is what is astonishing to me. It’s like there’s a bonfire in my neighbors backyard. …,I left my house this evening and the smoke smell is what is astonishing to me. It’s like there’s a bonfire in my neighbors backyard. But it’s just everywhere.
oxtrcpg,1uxqs0n,all,1,air quality; purifier; the air*,1,"I'm stuck in my bedroom with 2 air purifiers running full blast and still my air quality meter is hovering around 25ish, not terrible, but I can't see very far out the window and the air tastes like a fireplace.","I'm stuck in my bedroom with 2 air purifiers running full blast and still my air quality meter is hovering around 25ish, not terrible, but I can't see very far out the window and the air tastes like a fireplace."
oxtroh2,1uxqs0n,all,1,aqi,1,AQI of 600+ is not the norm in Colorado.,AQI of 600+ is not the norm in Colorado.
oxtszk7,1uxqs0n,all,1,smoky,1,"I'm at work and it's smokey, but they making us stay lmao","I'm at work and it's smokey, but they making us stay lmao"
oxttjnl,1uxqs0n,all,1,mask*,0,Perfect time to use my mil-surp mask,Perfect time to use my mil-surp mask
oxtxnqq,1uxqs0n,all,1,air quality; the air*,1,"Can’t go outside because the air quality is record levels dangerous, can’t eat fresh produce because we cut the fucking food safety department and have a virus going through the state. What. …","Can’t go outside because the air quality is record levels dangerous, can’t eat fresh produce because we cut the fucking food safety department and have a virus going through the state. What. The. Fuck!!!"
oxu0c76,1uxqs0n,all,1,smoke,1,I told my girlfriend yesterday morning that maybe it was just firework smoke.. Then I seen the fires on reddit and I felt stupid. …,I told my girlfriend yesterday morning that maybe it was just firework smoke.. Then I seen the fires on reddit and I felt stupid. Hope everyone is safe.
oxu6bw0,1uxqs0n,all,1,can't breathe; mask*; the air*,1,"I know but its an amazing opportunity to advocate for masks again knowing all these right wingers just want to ""SuE cAnAdA"" and get all riled up. Like Canada isn't trying to get wildfires started from a lightning strike under control. … Many are uncontrolled due to extreme heat and high winds. Mask up if you cant breathe, it is meant to filter out the bad stuff in the air right now. Unless you only wear masks on your white nationalist counter protests. We definitely know you can breathe just fine in your masks.","I know but its an amazing opportunity to advocate for masks again knowing all these right wingers just want to ""SuE cAnAdA"" and get all riled up. Like Canada isn't trying to get wildfires started from a lightning strike under control. THANKFULLY. Like the Palisades wildfire, where Canadian firefighters came to help, there has been over 2k American firefighters in Canada helping to contain these since May 8th. Many are uncontrolled due to extreme heat and high winds. Mask up if you cant breathe, it is meant to filter out the bad stuff in the air right now. Unless you only wear masks on your white nationalist counter protests. We definitely know you can breathe just fine in your masks."
oxuhuub,1uxqs0n,all,1,air quality,1,"Is there a place to see air quality risk? I mean, it has to vary from place to place right? …","Is there a place to see air quality risk? I mean, it has to vary from place to place right? Not sure what even to Google to find that. Can anyone help? Mainly worried about my mom who's 91."
oxulqe6,1uxqs0n,all,1,air quality; purifier; n95; mask*; the air*,1,Having lived out west please take the air quality alerts seriously. Close your windows. Get an air purifier. Tape a heating filter to a box fan if that’s all you got. Wear an N95 mask to help.,Having lived out west please take the air quality alerts seriously. Close your windows. Get an air purifier. Tape a heating filter to a box fan if that’s all you got. Wear an N95 mask to help.
oxup1cu,1uxqs0n,all,1,aqi,1,"I live in Colorado too and I’ve never once seen the AQI over 200 out here, not even during the Marshall fires. With the seven different fires we’ve had in the mountains this season, it’s never even hit 150 in Denver metro.","I live in Colorado too and I’ve never once seen the AQI over 200 out here, not even during the Marshall fires. With the seven different fires we’ve had in the mountains this season, it’s never even hit 150 in Denver metro."
oxuqy0w,1uxqs0n,all,1,aqi,1,"… Click the display where you choose satellite, terain or basic. At the bottom there is AQI display, also a wildfire display.","Google maps. Click the display where you choose satellite, terain or basic. At the bottom there is AQI display, also a wildfire display."
oxus6ad,1uxqs0n,all,1,smoke; the air*,1,"… The burning smell smacked my nose as soon I walked out of the house. Smoke hung in the air around all the street lamps, which looked pretty cool. But, that smell lingered around in my nose for a good hour plus after getting to work.","Left for work at 3am this morning. The burning smell smacked my nose as soon I walked out of the house. Smoke hung in the air around all the street lamps, which looked pretty cool. But, that smell lingered around in my nose for a good hour plus after getting to work."
oxut6t0,1uxqs0n,all,1,smoke; the air*,1,Funny I just came in from outside thinking wow is that smoke in the air?,Funny I just came in from outside thinking wow is that smoke in the air?
oxuu817,1uxqs0n,all,1,n95; mask*,1,"Yes, definitely. Or wear a n95 or kn95 mask (a regular dust mask provide enough protection)","Yes, definitely. Or wear a n95 or kn95 mask (a regular dust mask provide enough protection)"
oxuy3i6,1uxqs0n,all,1,air quality; aqi,1,"Search for ""aqi (city)"" Aqi = Air quality index","Search for ""aqi (city)"" Aqi = Air quality index"
oxv01dd,1uxqs0n,all,1,mask*,0,Yes. I wore a mask into work today. Everyone else should too.,Yes. I wore a mask into work today. Everyone else should too.
oxv3bus,1uxqs0n,all,1,air quality,1,Apple weather app also has an air quality setting.,Apple weather app also has an air quality setting.
oxv67g9,1uxqs0n,all,1,fog*,0,Absolute bs if they make you guys work today. Looks like fog where I’m at it’s scary,Absolute bs if they make you guys work today. Looks like fog where I’m at it’s scary
oxv6rol,1uxqs0n,all,1,n95; mask*,1,Thank God I still have my n95 masks left over from Covid.,Thank God I still have my n95 masks left over from Covid.
oxv8qom,1uxqs0n,all,1,purifier; n95,1,"I use the app airvisual by iqair, but please make sure your mom has an air purifier and some n95","I use the app airvisual by iqair, but please make sure your mom has an air purifier and some n95"
oxv9nw6,1uxqs0n,all,1,respirator,1,I can smell it in my office. Never thought I'd need to wear a respirator to fill out spreadsheets,I can smell it in my office. Never thought I'd need to wear a respirator to fill out spreadsheets
oxvco1s,1uxqs0n,all,1,n95,1,You should not be working outside in this without an N95. It’s dangerous even for healthy people,You should not be working outside in this without an N95. It’s dangerous even for healthy people
oxveuwf,1uxqs0n,all,1,purifier,1,So how do we eliminate risk? I am running a $400 air purifier in my room and it can't keep up.,So how do we eliminate risk? I am running a $400 air purifier in my room and it can't keep up.
oxvexsi,1uxqs0n,all,1,smoke,1,I was in eastern market last night for trivia and smelled smoke but the visibility hadn’t been impacted yet. I genuinely thought a butcher was just smoking brisket lol,I was in eastern market last night for trivia and smelled smoke but the visibility hadn’t been impacted yet. I genuinely thought a butcher was just smoking brisket lol
oxvm7fn,1uxqs0n,all,1,aqi,1,"I remember the AQI from previous wildfires somewhere in the 100-200 range I think, I don’t remember it ever being 500+ definitely seems way worse","I remember the AQI from previous wildfires somewhere in the 100-200 range I think, I don’t remember it ever being 500+ definitely seems way worse"
oxvpm6z,1uxqs0n,all,1,air quality,1,"Canada, we know you hate our administration (we do too) but why punish the states that are most Canada friendly with this hellish air quality lol","Canada, we know you hate our administration (we do too) but why punish the states that are most Canada friendly with this hellish air quality lol"
oxvq4ob,1uxqs0n,all,1,smoke,1,… I was truly not expecting it to be just… straight up smoke.,same! like 17 of my neighbors are burning leaves at the same time. I was truly not expecting it to be just… straight up smoke.
oxvsrdc,1uxqs0n,all,1,purifier,1,"I'm paranoid because I have anxiety and can't help but worry about these sorts of things, but, is it worth buying an air purifier during this time? If so, any recommendations?","I'm paranoid because I have anxiety and can't help but worry about these sorts of things, but, is it worth buying an air purifier during this time? If so, any recommendations?"
oxvt5sk,1uxqs0n,all,1,the air*,0,"The air is poison, the healthy food gives you explosive diarrhea; we're so cooked.","The air is poison, the healthy food gives you explosive diarrhea; we're so cooked."
oxvum0v,1uxqs0n,all,1,purifier; the air*,1,Any parents have any tips? Have a newborn and am so stressed out :( have the air purifier on high and don’t plan on leaving the house.,Any parents have any tips? Have a newborn and am so stressed out :( have the air purifier on high and don’t plan on leaving the house.
oxvuom2,1uxqs0n,all,1,purifier,1,I just got the Levoit core 300s air purifier 2 weeks ago and am very pleased with how well it works!,I just got the Levoit core 300s air purifier 2 weeks ago and am very pleased with how well it works!
oxvxats,1uxqs0n,all,1,air quality; the air*,1,"… basically stay inside and take it easy. The air quality inside will be relatively fine - not perfect, but a few days of this isn't causing any emphysema, and realistically a trip to the store or grandma's house or whatever isn't going to cause issues either - but I wouldn't be hanging out at the park or going on any brisk walks.","As an old wildfire pro (grew up in LA!) .. basically stay inside and take it easy. The air quality inside will be relatively fine - not perfect, but a few days of this isn't causing any emphysema, and realistically a trip to the store or grandma's house or whatever isn't going to cause issues either - but I wouldn't be hanging out at the park or going on any brisk walks."
oxvxkza,1uxqs0n,all,1,particulate; the air*,1,My plan is that when it gets up to 100 degrees today and the humidity is still hovering around 50-60% with particulates being measured in the parts-per-thousands range... is that I'm just going to eat the air. Yummy.,My plan is that when it gets up to 100 degrees today and the humidity is still hovering around 50-60% with particulates being measured in the parts-per-thousands range... is that I'm just going to eat the air. Yummy.
oxvz3ob,1uxqs0n,all,1,the air*,0,I saw people jogging this morning in Birmingham. Maybe the air is better there? Lol,I saw people jogging this morning in Birmingham. Maybe the air is better there? Lol
oxvzdx5,1uxqs0n,all,1,hepa,1,Just make sure the filters are actually HEPA.,Just make sure the filters are actually HEPA.
oxvzywy,1uxqs0n,all,1,asthma*,0,"for real, and this shit is fucking with my asthma","for real, and this shit is fucking with my asthma"
oxw3gpt,1uxqs0n,all,1,air filter; hepa; the air*,1,"I would recommend building a Corsi Rosenthal box if you're able. It's basically a diy air filter made with a box fan, Merv 13 HVAC filters, and duct tape, and has a much higher air filtration capacity than most HEPA filters of the same price. A HEPA filter is typically suitable for a smallish room with the door closed, whereas a CR box with 4 or 5 filters can filter most of the air in your house pretty effectively.","I would recommend building a Corsi Rosenthal box if you're able. It's basically a diy air filter made with a box fan, Merv 13 HVAC filters, and duct tape, and has a much higher air filtration capacity than most HEPA filters of the same price. A HEPA filter is typically suitable for a smallish room with the door closed, whereas a CR box with 4 or 5 filters can filter most of the air in your house pretty effectively."
oxw554m,1uxqs0n,all,1,aqi; pm2.5,1,"For example, 2 hours outdoors at AQI 450 would be roughly 1.5–2 cigarettes’ worth of PM2.5 , assuming you were breathing that air the entire time.","For example, 2 hours outdoors at AQI 450 would be roughly 1.5–2 cigarettes’ worth of PM2.5 , assuming you were breathing that air the entire time."
oxw5fyg,1uxqs0n,all,1,hepa; allergies*,1,"Recommend anything Levoit. Reasonably priced, and you can buy HEPA filters for them later. I sleep with one (core 300 model) in my bedroom and it really helps my allergies. Thinking about bringing it to my office today as well","Recommend anything Levoit. Reasonably priced, and you can buy HEPA filters for them later. I sleep with one (core 300 model) in my bedroom and it really helps my allergies. Thinking about bringing it to my office today as well"
oxw8aio,1uxqs0n,all,1,aqi,1,… But I didnt reference that. Ironically enough im in Michigan visiting my folks and AQI is 220 where I am.,"Ill be honest im just referencing in general. And the heat too, mostly, is what gets me. But I didnt reference that. Ironically enough im in Michigan visiting my folks and AQI is 220 where I am."
oxwlybd,1uxqs0n,all,1,mask*,0,Just put on your trout mask and quit worrying.,Just put on your trout mask and quit worrying.
oxwn5vi,1uxqs0n,all,1,purifier; the air*,1,I bought a levoit air purifier today. I’m not even super anxious about this but I find the air uncomfortable and don’t like smelling it.,I bought a levoit air purifier today. I’m not even super anxious about this but I find the air uncomfortable and don’t like smelling it.
oxwnsnb,1uxqs0n,all,1,smoke; n95; respirator; mask*; cough*,1,If your working outside please wear at least a N95 mask or a respirator of some form. My brother in law is being forced to work in the smoke and his whole crew can't stop coughing. The workplace isn't providing masks to them which is rediculous.,If your working outside please wear at least a N95 mask or a respirator of some form. My brother in law is being forced to work in the smoke and his whole crew can't stop coughing. The workplace isn't providing masks to them which is rediculous.
oxwo8qb,1uxqs0n,all,1,purifier,1,Cheap DIY air purifier can be made with a box fan and filters,Cheap DIY air purifier can be made with a box fan and filters
oxwo9b7,1uxqs0n,all,1,air quality; the air*,1,Anyone else’s phone just go off with the warning siren for the air quality?,Anyone else’s phone just go off with the warning siren for the air quality?
oxwqrlo,1uxqs0n,all,1,n95,1,An n-95 or even a bandana cuts down on the smell dramatically,An n-95 or even a bandana cuts down on the smell dramatically
oxwqxjr,1uxqs0n,all,1,smoke,1,Anyone notice that the worst of the smoke is concentrated over major city centers?,Anyone notice that the worst of the smoke is concentrated over major city centers?
oxwr3fg,1uxqs0n,all,1,smoke; mask*,1,There's smoke visible in our hallways and I'm one of 2 people wearing a mask,There's smoke visible in our hallways and I'm one of 2 people wearing a mask
oxwvmgw,1uxqs0n,all,1,pollution*,0,I mean major cities already produce the most pollution owing to population density,I mean major cities already produce the most pollution owing to population density
oxww9qh,1uxqs0n,all,1,air pollution; pollution*,1,"The places with more people driving cars, using AC, and with more homes and the exhaust from them have a higher concentration of air pollution???","The places with more people driving cars, using AC, and with more homes and the exhaust from them have a higher concentration of air pollution???"
oxx26qf,1uxqs0n,all,1,air pollution; pollution*; cough*,1,This shit has my dogs coughing and acting like they’re sick. I’m in the bay city area. It was 650 last night. Hazardous air pollution,This shit has my dogs coughing and acting like they’re sick. I’m in the bay city area. It was 650 last night. Hazardous air pollution
oxx3rxh,1uxqs0n,all,1,smoke; purifier; n95; mask*,1,"It’s worth it for the wildfire smoke, it’s worth it for helping prevent airborne infections, it’s worth it for allergens. It’s a wonderful investment if you can afford it. I also recommend buying some N95 masks for when you need to leave the house. We have Honeywell and Levoit purifiers in different parts of the house. They both work very well.","It’s worth it for the wildfire smoke, it’s worth it for helping prevent airborne infections, it’s worth it for allergens. It’s a wonderful investment if you can afford it. I also recommend buying some N95 masks for when you need to leave the house. We have Honeywell and Levoit purifiers in different parts of the house. They both work very well."
oxx5se7,1uxqs0n,all,1,smoke; particulate; pollution*,1,What’s worse is the particulate matter in the smoke mingles with car and other city pollution and makes new types of pollution…,What’s worse is the particulate matter in the smoke mingles with car and other city pollution and makes new types of pollution…
oxxe9x0,1uxqs0n,all,1,smoke,1,"I should correct myself, this isnt the norm anywhere. Im saying you get lots of wildfire smoke in Colorado along with extreme heat. I lived in Michigan for 28 years and Colorado for 7, Susan.","I should correct myself, this isnt the norm anywhere. Im saying you get lots of wildfire smoke in Colorado along with extreme heat. I lived in Michigan for 28 years and Colorado for 7, Susan."
oxxkjoc,1uxqs0n,all,1,air filter; n95; mask*,1,Replacing my cabin air filter in my car and getting some n95 masks. Paid extra for a more heavy duty air filter too. I drive a lot for work so hopefully this will help mitigate the toxic garbage I’m breathing in. …,Replacing my cabin air filter in my car and getting some n95 masks. Paid extra for a more heavy duty air filter too. I drive a lot for work so hopefully this will help mitigate the toxic garbage I’m breathing in. Worst summer ever
oxxlj1j,1uxqs0n,all,1,the air*,0,"So especially for the Warren area, the whole area is like a sink. There needs to be a good wind to actually blow the air away, otherwise it just stagnates and builds. It's very flat with a lot of concrete.","So especially for the Warren area, the whole area is like a sink. There needs to be a good wind to actually blow the air away, otherwise it just stagnates and builds. It's very flat with a lot of concrete."
oxxnkcs,1uxqs0n,all,1,asthma*,0,My chest hurts so much and I don’t even have asthma. I’m kind of freaking out guys. …,My chest hurts so much and I don’t even have asthma. I’m kind of freaking out guys. I’m so worried about people with preexisting conditions in this
oxxs10g,1uxqs0n,all,1,air filter,1,If you were really stressed you could make one of em air filter boxes.,If you were really stressed you could make one of em air filter boxes.
oxxurl2,1uxqs0n,all,1,smoke,1,"Last night when I went upstairs to my bedroom I smelled burning, and legitimately thought maybe one of my outlets were catching on fire. Turns out my window doesn’t latch well and was letting in a draft of some of the smoke. It’s unbelievable how suffocating it is.","Last night when I went upstairs to my bedroom I smelled burning, and legitimately thought maybe one of my outlets were catching on fire. Turns out my window doesn’t latch well and was letting in a draft of some of the smoke. It’s unbelievable how suffocating it is."
oxxvgqd,1uxqs0n,all,1,smoke; n95; the air*,1,"Just letting people know if you can, get those half face respiratory they are much more effective than N95s. They're designed more for smoke particles especially if you get the organic vapor cartridges. The smoke and soot particles in the air are much finer than what N95s are designed for and I can attest that I can wear it and not smell smoke outside with it pushed against my face. Though it obviously won't help with your eyes.","Just letting people know if you can, get those half face respiratory they are much more effective than N95s. They're designed more for smoke particles especially if you get the organic vapor cartridges. The smoke and soot particles in the air are much finer than what N95s are designed for and I can attest that I can wear it and not smell smoke outside with it pushed against my face. Though it obviously won't help with your eyes."
oxy1fcg,1uxqs0n,all,1,aqi,1,"Bro should NOT be running rn lmao, the only reason I'm here is I was looking on the AQI map today and saw Detroit was dark red, looked and saw 584 and thought I was high. Good lord.","Bro should NOT be running rn lmao, the only reason I'm here is I was looking on the AQI map today and saw Detroit was dark red, looked and saw 584 and thought I was high. Good lord."
oxyl4iy,1uxqs0n,all,1,n95,1,I hope he and his coworkers can get OSHA or some other legal body involved cause his workplace legally can't force them to work without providing n95s or equivalent,I hope he and his coworkers can get OSHA or some other legal body involved cause his workplace legally can't force them to work without providing n95s or equivalent
oxymol6,1uxqs0n,all,1,smoke,1,"I hate how sensitive I am to the smoke every year, probably in no small part to growing up in River Rouge 😔","I hate how sensitive I am to the smoke every year, probably in no small part to growing up in River Rouge 😔"
oxyn0ug,1uxqs0n,all,1,mask*,0,My car doesn't have AC so unfortunately I'm stuck with the windows down with how hot it's been but I absolutely still mask up while driving,My car doesn't have AC so unfortunately I'm stuck with the windows down with how hot it's been but I absolutely still mask up while driving
oxyvdxl,1uxqs0n,all,1,smoke; smoky,1,People in my local cities fb group were asking why is it so Smokey outside ? Is there a fire in the area? And anyone know what’s up with all this smoke 🤦🏼‍♀️,People in my local cities fb group were asking why is it so Smokey outside ? Is there a fire in the area? And anyone know what’s up with all this smoke 🤦🏼‍♀️
oxyx84o,1uxqs0n,all,1,pollution*,0,Traps pollution that normally gets higher up,Traps pollution that normally gets higher up
oxyy8bg,1uxqs0n,all,1,air quality; the air*,1,Commercial office buildings can also be bad too when air quality is bad outside the air can be just as bad inside. I worked at one didnt realize that is why I jad a killer headache. …,Commercial office buildings can also be bad too when air quality is bad outside the air can be just as bad inside. I worked at one didnt realize that is why I jad a killer headache. Went home headache gone
oxz4kxy,1uxqs0n,all,1,smoke,1,Is anybody else getting hives? I have an itchy hives outbreak all over my body and it only appeared after the smoke came in.,Is anybody else getting hives? I have an itchy hives outbreak all over my body and it only appeared after the smoke came in.
oxzh1hh,1uxqs0n,all,1,aqi,1,"… It's a joke. Media isn't reporting how bad, when created the AQI charts weren't imagined we would be so high, we are off the charts. They can't tell us not to breathe. …","Bro? How articulate. It's a joke. Media isn't reporting how bad, when created the AQI charts weren't imagined we would be so high, we are off the charts. They can't tell us not to breathe. There's nothing we can do, this will shorten life expectancies here."
oxzossq,1uxqs0n,all,1,smoke; the air*,1,"Yeah about 18 hours after it was pretty damn obvious the air was heavy with smoke. It's kind of like putting a ""Dip Ahead"" sign after you've already hit the dip.","Yeah about 18 hours after it was pretty damn obvious the air was heavy with smoke. It's kind of like putting a ""Dip Ahead"" sign after you've already hit the dip."
oy0p6fl,1uxqs0n,all,1,pm2.5,1,"… You can eliminate the problem, but you can mitigate the risk. And by the way my home filters are keeping the pm2.5 below 20 in my bedroom, which is a lot better than what it is outside. So they're not doing nothing.","I do think this will have long term effects, don't know why you thought I said otherwise. But you can't tell me those effects won't be worse if we ignore precautions like not doing vigorous exercise outside during times like these. You can eliminate the problem, but you can mitigate the risk. And by the way my home filters are keeping the pm2.5 below 20 in my bedroom, which is a lot better than what it is outside. So they're not doing nothing."
oy0wf9n,1uxqs0n,all,1,mask*,0,I work in a plant and it’s so bad…. They gave us fucking masks 🙄 it was a rough day,I work in a plant and it’s so bad…. They gave us fucking masks 🙄 it was a rough day
oy153o4,1uxqs0n,all,1,mask*,0,… took like an hour. I looked out of curiosity and of course no mask. And the funny part is their lawn almost never needs to be mowed. …,The guy who mows my neighbor’s lawn did his whole routine today… took like an hour. I looked out of curiosity and of course no mask. And the funny part is their lawn almost never needs to be mowed. He fuckin scalps it every time so it barely even grows now. I don’t get itttt
oy2hiaj,1uxqs0n,all,1,n95; mask*; asthma*,1,"City of Detroit @CityofDetroit · 7h Detroit, we are experiencing extreme hazardous air conditions due to the spread of the Canadian wildfires. Please be sure to stay indoors, and wear a mask if you must travel outside. These conditions can affect anyone, especially those with asthma, COPD, diabetes, and heart or lung disease. N95 masks are available at the following recreation centers and DDOT transit centers: Patton Recreation Center Adams Butzel Recreation Center Farwell Recreation Center Northwest Activities Center Rosa Parks Transit Center Jason Hargrove Transit Center Stay safe, Detroit!","City of Detroit @CityofDetroit · 7h Detroit, we are experiencing extreme hazardous air conditions due to the spread of the Canadian wildfires. Please be sure to stay indoors, and wear a mask if you must travel outside. These conditions can affect anyone, especially those with asthma, COPD, diabetes, and heart or lung disease. N95 masks are available at the following recreation centers and DDOT transit centers: Patton Recreation Center Adams Butzel Recreation Center Farwell Recreation Center Northwest Activities Center Rosa Parks Transit Center Jason Hargrove Transit Center Stay safe, Detroit!"
oy38cea,1uxqs0n,all,1,air quality,1,Our air quality alert has been extended through Saturday by the NWS. Ugh,Our air quality alert has been extended through Saturday by the NWS. Ugh
oy46edy,1uxqs0n,all,1,air quality,1,Kinda seems like all the benefits of exercise and mobility work would be cancelled out by the 1hr plus of hazard level air quality.,Kinda seems like all the benefits of exercise and mobility work would be cancelled out by the 1hr plus of hazard level air quality.
oy5a0rb,1uxqs0n,all,1,asthma*,0,I've been hitting my inhaler more in the past 36 hours than I have all year to date! It's really doing a number on my asthmatic lungs...,I've been hitting my inhaler more in the past 36 hours than I have all year to date! It's really doing a number on my asthmatic lungs...
oy5t8mf,1uxqs0n,all,1,smoke,1,I think the smoke is legitimately killing me,I think the smoke is legitimately killing me
oy6lsan,1uxqs0n,all,1,mask*,0,The number of people driving with their windows down and walking around with no mask protection has me deeply concerned for humanity,The number of people driving with their windows down and walking around with no mask protection has me deeply concerned for humanity
oy74qw8,1uxqs0n,all,1,smoke,1,Folks…it’s just campfire smoke. It’s not airborne COVID or VX. …,"Folks…it’s just campfire smoke. It’s not airborne COVID or VX. Settle down. Just stay indoors if you’re sensitive. You’ve got workers at Stellantis ready to revolt because they’re forced to work in such conditions, yet half the factory smokes 2 packs a day. Just stop it."
oy7zokc,1uxqs0n,all,1,smoke,1,Smoke I can handle. The diarrhea as drained me.,Smoke I can handle. The diarrhea as drained me.
oyetmeg,1uxqs0n,all,1,air quality; mask*,1,You’re dog cannot wear a mask like you can pls don’t take them on a long walk in this air quality still,You’re dog cannot wear a mask like you can pls don’t take them on a long walk in this air quality still
oxupm19,1uxtaxl,all,1,smoke,1,my neighborhoods power has been out since 8pm last night ☹️ and with this smoke we cant even go somewhere else to get out of this heat or recharge anything!,my neighborhoods power has been out since 8pm last night ☹️ and with this smoke we cant even go somewhere else to get out of this heat or recharge anything!
oxurkcz,1uxxkaq,all,1,smoke,1,Just landed at DTW - a red eye from Seattle. It was a positively creepy looking approach coming in thru the dense smoke.,Just landed at DTW - a red eye from Seattle. It was a positively creepy looking approach coming in thru the dense smoke.
oxuz3sm,1uxxkaq,all,1,purifier,1,"… Stay safe folks. If you have an air purifier at home, use it.","Waddup Doe. Stay safe folks. If you have an air purifier at home, use it."
oxv1z6a,1uxz553,all,1,n95,1,"Not much better in Ontario… get your N95s, everybody!","Not much better in Ontario… get your N95s, everybody!"
oxv6kvy,1uxzgh6,all,1,aqi; purifier,1,"Just stay indoors and run an air purifier. I woke up to an indoor aqi of 94 which isn't ideal but not viciously unsafe, and I wasn't running an air purifier overnight in the room the aqi monitor is in. If I ran an air purifier overnight indoor aqi would probably be 50. If you stay inside and use an air purifier everyone will be fine. Running HVAC fan also helps to force air through furnace filter more","Just stay indoors and run an air purifier. I woke up to an indoor aqi of 94 which isn't ideal but not viciously unsafe, and I wasn't running an air purifier overnight in the room the aqi monitor is in. If I ran an air purifier overnight indoor aqi would probably be 50. If you stay inside and use an air purifier everyone will be fine. Running HVAC fan also helps to force air through furnace filter more"
oxvn0gy,1uy1u1v,all,1,aqi; air is bad; the air*,1,So like are we going to completely ignore the fact that every AQI reading is saying the air is unhealthy to breathe for long periods of time but there has been no executive order given for people to just stay home? Almost like our government doesn't give a fuck we're being poisoned,So like are we going to completely ignore the fact that every AQI reading is saying the air is unhealthy to breathe for long periods of time but there has been no executive order given for people to just stay home? Almost like our government doesn't give a fuck we're being poisoned
oxvxn9n,1uy1u1v,all,1,smoke,1,You see I'd be safer if our state put out an executive order telling people to stay home so I don't have to breathe in the smoke :) Funny how that circles back to my original point,You see I'd be safer if our state put out an executive order telling people to stay home so I don't have to breathe in the smoke :) Funny how that circles back to my original point
1uy4dyx,1uy4dyx,all,1,smoke; air quality; pollution*; asthma*,1,… What is everyone's opinion on the data center moratorium city council voted for in March the mayor has not yet signed? The wildfire smoke is killing me and I can't fathom adding more industrial pollution to the city's already abysmal air quality when there are no wildfires. Did you know the city of Detroit has the worst asthma rates in the country? Other cities that have allowed them to operate without strict requirements for how power is being generated and are starting to see the effects of allowing gas turbines to be used to generate their power. …,"Moratorium? What is everyone's opinion on the data center moratorium city council voted for in March the mayor has not yet signed? The wildfire smoke is killing me and I can't fathom adding more industrial pollution to the city's already abysmal air quality when there are no wildfires. Did you know the city of Detroit has the worst asthma rates in the country? Other cities that have allowed them to operate without strict requirements for how power is being generated and are starting to see the effects of allowing gas turbines to be used to generate their power. Adding something like that - even if it's just for backup power when DTE power inevitably goes out, can be catastrophic for vulnerable people. At this point, I think this city needs to pause and take the time it needs to do this carefully. There's a petition circulating asking her to sign it to give more time for the research and planning process."
oxwf71r,1uy4dyx,all,1,air quality,1,"… I'm not aware of city plans to ban them outright. I don't think people realize how as chips evolve - which they do very quickly - a smaller square foot facility could easily create the same energy, water, noise and air quality issues if the ira ke facility be ause the chips require all those resources. It's only a matter of time before a 200 acre site becomes as big of an issue as a 1000 acre site because of how fast chip technology changes.","I think that's the point of the petition to slow it down so it can be done correctly. I'm not aware of city plans to ban them outright. I don't think people realize how as chips evolve - which they do very quickly - a smaller square foot facility could easily create the same energy, water, noise and air quality issues if the ira ke facility be ause the chips require all those resources. It's only a matter of time before a 200 acre site becomes as big of an issue as a 1000 acre site because of how fast chip technology changes."
oxwl60u,1uy4dyx,all,1,pollution*,0,… It feels like performance more than anything else. Framing a moratorium on things that already aren't happening in terms of blah blah pollution blah environmental justice blah blah feels silly.,I'm not really impressed. Mainly because there seem to be few to no actual efforts to build data centers inside the City of Detroit. It feels like performance more than anything else. Framing a moratorium on things that already aren't happening in terms of blah blah pollution blah environmental justice blah blah feels silly.
oxx2tdt,1uy4dyx,all,1,smoke; pollution*,1,"The wildfires/smoke sure are alarming - and a very direct reminder that climate change is all around us. I hear you, but also want to point out that data centers don't add industrial pollution when they are operating normally. It sounds like there is some when using back up generators, but that shouldn't be the norm. …","The wildfires/smoke sure are alarming - and a very direct reminder that climate change is all around us. I hear you, but also want to point out that data centers don't add industrial pollution when they are operating normally. It sounds like there is some when using back up generators, but that shouldn't be the norm. I know there's a lot of recent heated opinions out there on data centers, but the truth is they've been around for a while, and their practices aren't new. I do think cities should approach new centers with a cautious, open mind."
oxxu6x1,1uy4dyx,all,1,asthma*,0,… Your lack of understanding of the legacy affects of past industry on existing quality of life is obvious. Do your research on cancer and asthma clusters in the city and come back to us with your answer to your own question.,"Sherwood Forest isn't a neighborhood adjacent to where the factories were, are or wherever data centers would be sited in the future, unless the golf course you live next to becomes one. Your lack of understanding of the legacy affects of past industry on existing quality of life is obvious. Do your research on cancer and asthma clusters in the city and come back to us with your answer to your own question."
oy3mywe,1uy4dyx,all,1,air quality; pollution*,1,"… If you think the people working on this are ignoring the harms that are here, you are sorely mistaken. It's the same people who got the trash-to-energy incinerator shut down, the same people fighting against the pollution from Zug Island, the same people fighting against the constant pollution from the hazardous waste processing facility in Poletown East, the same people trying to save the lives of people living adjacent to the concrete crusher owned by the Maroun family, the same people fighting for their lives to prevent the horrors you seems to think you are the only one who's suffered. I've sat at the death beds of no fewer than four family members I watched die from cancer, my community lost 21 people during COVID because it was the community downwind of that incinerator which spewed the worst air quality in the state for 30 years until.it was closed in 2018; three entire families wiped out. You can sit there and assume this is not real because your misery is more important than anyone else, but that's not how caring about your community works. …","An ounce of prevention is worth a pound of cure. Rather than waiting to fight against things that harm us, we have an opportunity to prevent harm in the first place by making a careful analysis and drafting of an ordinance that does that. If you think the people working on this are ignoring the harms that are here, you are sorely mistaken. It's the same people who got the trash-to-energy incinerator shut down, the same people fighting against the pollution from Zug Island, the same people fighting against the constant pollution from the hazardous waste processing facility in Poletown East, the same people trying to save the lives of people living adjacent to the concrete crusher owned by the Maroun family, the same people fighting for their lives to prevent the horrors you seems to think you are the only one who's suffered. I've sat at the death beds of no fewer than four family members I watched die from cancer, my community lost 21 people during COVID because it was the community downwind of that incinerator which spewed the worst air quality in the state for 30 years until.it was closed in 2018; three entire families wiped out. You can sit there and assume this is not real because your misery is more important than anyone else, but that's not how caring about your community works. That you are on one hand calling the existing issues terror while dismissing efforts to prevent future ones is certifiably insane."
oxwazw1,1uy4ocm,all,1,n95,1,Please wear an n95. You can get them at Home Depot or Lowe’s if you don’t have any on hand. …,Please wear an n95. You can get them at Home Depot or Lowe’s if you don’t have any on hand. Dont destroy your lungs for your boss.
oxwgjtp,1uy5etk,all,1,smoke,1,"I believe all of the smoke is scattering the shorter blue and green wavelengths, leaving only the longer red and pink wavelengths as visible.","I believe all of the smoke is scattering the shorter blue and green wavelengths, leaving only the longer red and pink wavelengths as visible."
oxwil3b,1uy5etk,all,1,smoke; smoky; haze; the air*,1,"Did you know the air handling system inside this hospital is not filtering out the smoke, and it's smoky enough inside that you can see a haze down the main hallways. Meanwhile the ER is filling up with people suffering the consequences of smoke inhalation.","Did you know the air handling system inside this hospital is not filtering out the smoke, and it's smoky enough inside that you can see a haze down the main hallways. Meanwhile the ER is filling up with people suffering the consequences of smoke inhalation."
oxwimyo,1uy5etk,all,1,smoke,1,"dumb question from an out of towner, can you look at it directly with all the smoke or is that still not a thing to do/try?","dumb question from an out of towner, can you look at it directly with all the smoke or is that still not a thing to do/try?"
oxwji1h,1uy5etk,all,1,n95; mask*,1,Ya I've heard its really bad. My wife works in the OR and she said the rooms smell so bad she has to wear an N95 mask all day. Our house was pretty bad yesterday - she thought coming into work would be better but its somehow worse...insanity.,Ya I've heard its really bad. My wife works in the OR and she said the rooms smell so bad she has to wear an N95 mask all day. Our house was pretty bad yesterday - she thought coming into work would be better but its somehow worse...insanity.
oxwkedl,1uy5etk,all,1,air quality; n95,1,"… I had the same thoughts, that surely the hospital would have a better air filtration than my house, but nope. I wore an N95 almost all of last night because of it. My house has better air quality than St John. 🙃","I was honestly shocked going in last night. I had the same thoughts, that surely the hospital would have a better air filtration than my house, but nope. I wore an N95 almost all of last night because of it. My house has better air quality than St John. 🙃"
oxzbti8,1uy87l6,all,1,aqi,1,"U need the ladder to see over the Canadian Front, it's right there. Wait for the aqi to get below, checks notes, 700","U need the ladder to see over the Canadian Front, it's right there. Wait for the aqi to get below, checks notes, 700"
oxxuqvy,1uyayxj,all,1,smoke,1,Nah dude the illegals brought this smoke and are getting our kids hooked on it! A wall would have prevented the smoke from inflecting our children,Nah dude the illegals brought this smoke and are getting our kids hooked on it! A wall would have prevented the smoke from inflecting our children
oy0djsv,1uylyih,all,1,air quality,1,I work for a landscaping company and I took today off. It was terrible yesterday and doing manual labor with the heat and air quality today is just not worth it.,I work for a landscaping company and I took today off. It was terrible yesterday and doing manual labor with the heat and air quality today is just not worth it.
oy0ecpx,1uylyih,all,1,air quality,1,I work for the government and specifically took today and tomorrow off because of the terrible air quality and knowing the bosses will send us out no matter what. Yesterday when it was 103f degrees outside we were told that all of the department hubs must be in agreement over 101f to bring everyone in or they risk a big investigation but everyone I ran into was sitting in their trucks with the ac on after lunch doing no work until the end of the day.,I work for the government and specifically took today and tomorrow off because of the terrible air quality and knowing the bosses will send us out no matter what. Yesterday when it was 103f degrees outside we were told that all of the department hubs must be in agreement over 101f to bring everyone in or they risk a big investigation but everyone I ran into was sitting in their trucks with the ac on after lunch doing no work until the end of the day.
oy0ew5b,1uylyih,all,1,mask*,0,I work in a factory and brought a box of masks to share with my coworkers but they were all too manly 🤷🏼‍♀️,I work in a factory and brought a box of masks to share with my coworkers but they were all too manly 🤷🏼‍♀️
oy0hm7w,1uylyih,all,1,respirator; mask*,1,"It’s nuts, people should only be working outside if it’s an absolute emergency or they’re emergency responders (and even then only with every practical safeguard). Fortunately the temps have come down a bit, but doing hard manual labor outdoors in the heat with a mask on (especially a proper respirator; if you can even get one) is a recipe for heat exhaustion. It’s a sad affair that so many workers can’t afford to choose their safety over their livelihood when they don’t get time off for situations like this. …","It’s nuts, people should only be working outside if it’s an absolute emergency or they’re emergency responders (and even then only with every practical safeguard). Fortunately the temps have come down a bit, but doing hard manual labor outdoors in the heat with a mask on (especially a proper respirator; if you can even get one) is a recipe for heat exhaustion. It’s a sad affair that so many workers can’t afford to choose their safety over their livelihood when they don’t get time off for situations like this. Trust me; your lawn pesticide treatment, new deck, pool cleaning, etc can wait a couple days. I’d prefer not to patronize a business that’s disregarding worker safety."
oy0hn6c,1uylyih,all,1,air quality,1,Ughhh I didn't even think of mail carrier too 💔 It's insane that there are no protocols in place or ppe given to you guys for dangerous air quality. It's only going to get worse so hopefully they will have systems in place soon.,Ughhh I didn't even think of mail carrier too 💔 It's insane that there are no protocols in place or ppe given to you guys for dangerous air quality. It's only going to get worse so hopefully they will have systems in place soon.
oy0i5f2,1uylyih,all,1,smoke; n95; mask*,1,I am a custodian in a college and we still had to work I do 3 building in and out outside all day I didn’t have a mask yesterday but someone had them in our breakroom today I been having a hard time catching my breath and can still smell the fire and smoke through a mask and we have the N95 mask we have a strict attendance policy so I have no choice but to be here. And I work in midtown not far from downtown so it’s bad down here.,I am a custodian in a college and we still had to work I do 3 building in and out outside all day I didn’t have a mask yesterday but someone had them in our breakroom today I been having a hard time catching my breath and can still smell the fire and smoke through a mask and we have the N95 mask we have a strict attendance policy so I have no choice but to be here. And I work in midtown not far from downtown so it’s bad down here.
oy0j16i,1uylyih,all,1,mask*,0,I was on a job site today and nobody was wearing masks. Ridiculous. Went out later and nobody was wearing masks. It isn't harmless. …,I was on a job site today and nobody was wearing masks. Ridiculous. Went out later and nobody was wearing masks. It isn't harmless. It's toxic. And chronic exposure can fuck up your shit in a major way.
oy0m39q,1uymx5p,all,1,smoke,1,Well it looks like you had a great day in the city. This is before smoke. That too will pass. …,Well it looks like you had a great day in the city. This is before smoke. That too will pass. Great photos.
oy0r7ux,1uymx5p,all,1,smoke,1,"… Have you seen the nature path on Garfield at the south side of the neighborhood? It’s stunning this time of year if you’re up for a big hill twice, well at least when the smoke clears up.","The religious one? I literally went on a walk around it, like last week. Have you seen the nature path on Garfield at the south side of the neighborhood? It’s stunning this time of year if you’re up for a big hill twice, well at least when the smoke clears up."
oy0ny2f,1uyn7hr,all,1,smoked*,0,"If the baseball game is smoked out, you probably won't find anyone that will let you out on the water. Anything outdoors is likely a wash.","If the baseball game is smoked out, you probably won't find anyone that will let you out on the water. Anything outdoors is likely a wash."
oy0rwf8,1uyn7hr,all,1,smoke,1,"… Go touch some grass. The smoke is likely pushed out on Saturday morning, potentially Friday night. Talk about overstatement of the year","lol wow. Go touch some grass. The smoke is likely pushed out on Saturday morning, potentially Friday night. Talk about overstatement of the year"
oy16p98,1uyn7hr,all,1,air quality,1,"Air quality is projected to still be at dangerous-for-anyone levels at least through 1am Saturday. Poor conditions for every outdoor activity through Monday, including running (lots of that in baseball) and fishing even.","Air quality is projected to still be at dangerous-for-anyone levels at least through 1am Saturday. Poor conditions for every outdoor activity through Monday, including running (lots of that in baseball) and fishing even."
oy1789p,1uyn7hr,all,1,smoke,1,"Being out in the smoke this week is equivalent to smoking 2 packs of cigarettes every 8 hours. They might not have been a “pack a day” kid, but they will be with your steady guiding hand.","Being out in the smoke this week is equivalent to smoking 2 packs of cigarettes every 8 hours. They might not have been a “pack a day” kid, but they will be with your steady guiding hand."
oy1xe18,1uyn7hr,all,1,smoke; air quality,1,"It’s like being stuck in wildfire smoke…oh wait… 100% agree and I can’t believe the replies and how they’re defending it. There’s an air quality alert and it’s called hazardous for a reason. It’s only for around 4 days, why can’t this dude chill inside? …","It’s like being stuck in wildfire smoke…oh wait… 100% agree and I can’t believe the replies and how they’re defending it. There’s an air quality alert and it’s called hazardous for a reason. It’s only for around 4 days, why can’t this dude chill inside? Hotels have things to do inside."
1uz367m,1uz367m,all,1,allergies*,0,Food allergy testing Where to go for full testing including lactose intolerance and celiac?,Food allergy testing Where to go for full testing including lactose intolerance and celiac?
oy4imsl,1uz367m,all,1,allergies*; asthma*,0,"I use Pointes Allergy and Asthma, they’re awesome. Plus they have late hours until 7pm on Thursday’s.","I use Pointes Allergy and Asthma, they’re awesome. Plus they have late hours until 7pm on Thursday’s."
oy4na64,1uz367m,all,1,allergies*,0,"I really like Dr Tina Abraham in Rochester! My sister got tested for food allergies there, I’ve only done environmental.","I really like Dr Tina Abraham in Rochester! My sister got tested for food allergies there, I’ve only done environmental."
oy4veat,1uz367m,all,1,allergies*; asthma*,0,"Allergy, Asthma & Pulmonary Center in Royal Oak","Allergy, Asthma & Pulmonary Center in Royal Oak"
oy60t8q,1uz367m,all,1,allergies*,0,"Try to get a full panel patch test done. The food allergy blood test Ive done had me get false positives for milk, tuna and almonds but Ive never had issues consuming that stuff. Both might be ideal though through an allergist or an ear nose throat doctor.","Try to get a full panel patch test done. The food allergy blood test Ive done had me get false positives for milk, tuna and almonds but Ive never had issues consuming that stuff. Both might be ideal though through an allergist or an ear nose throat doctor."
oyfk5h1,1uz367m,all,1,allergies*; asthma*,0,"MI Allergy and Asthma, with Dr. Kathleen Das or Nonie Arora.","MI Allergy and Asthma, with Dr. Kathleen Das or Nonie Arora."
oy46mlz,1uz38jh,all,1,the air*,0,Ughhh I miss the air…,Ughhh I miss the air…
oy6h7ty,1uzddj1,all,1,mask*,0,"… You’re not going to keel over if you’re an otherwise healthy individual. If this was going to be going on for weeks, months then yeah, I’d put on a mask. But it’s 95 degrees, protection afforded by a flimsy mask is not worth the discomfort. For me anyway.","Even the worst estimates put a full day of exposure at about the equivalent of smoking 7 cigarettes. You’re not going to keel over if you’re an otherwise healthy individual. If this was going to be going on for weeks, months then yeah, I’d put on a mask. But it’s 95 degrees, protection afforded by a flimsy mask is not worth the discomfort. For me anyway."
oy6hcjy,1uzddj1,all,1,mask*,0,"Like I get it, wearing a mask isn’t fun but neither are the long term effects. Firefighters are telling us to wear one. …","Like I get it, wearing a mask isn’t fun but neither are the long term effects. Firefighters are telling us to wear one. Thank goodness this is a case where it’s not person to person."
oyceb03,1uzdiwr,all,1,horizon*,0,"Serious question, were his chances of winning that slim, or is there “something” that would hurt his campaign/image on the horizon (moreso than living in Florida, for instance). I guess I’m just so surprised by this that … …","Serious question, were his chances of winning that slim, or is there “something” that would hurt his campaign/image on the horizon (moreso than living in Florida, for instance). I guess I’m just so surprised by this that … at any rate, good riddance Florida Man."
1uzdmlk,1uzdmlk,all,1,mask*,0,"If you have extra masks please try to give some out to any of the homeless that stay near your exits/streets They are still out there hoping for some spare change and might not even know what's happening, I have been passing them out to the folks around my area but I am not sure where all they stand around, so please pass some spare masks out if you can.","If you have extra masks please try to give some out to any of the homeless that stay near your exits/streets They are still out there hoping for some spare change and might not even know what's happening, I have been passing them out to the folks around my area but I am not sure where all they stand around, so please pass some spare masks out if you can."
oy6o98q,1uzdmlk,all,1,air is bad; mask*; the air*,1,The air is horrible in Detroit from the Ontario fires. This is a really nice suggestion. We have tons of masks left over from covid.,The air is horrible in Detroit from the Ontario fires. This is a really nice suggestion. We have tons of masks left over from covid.
oy6p9xd,1uzdmlk,all,1,smoky; air is bad; the air*; asthma*,1,"The air is smoky, really bad if you have asthma","The air is smoky, really bad if you have asthma"
oy6sjm6,1uzdmlk,all,1,particulate; mask*,1,"I coincidentally just looked this up, because i have been wearing standard medical masks if I go outside, but they apparently do almost nothing. The wildfire particulates are too small to get caught. I guess it will filter the bigger ones. …","I coincidentally just looked this up, because i have been wearing standard medical masks if I go outside, but they apparently do almost nothing. The wildfire particulates are too small to get caught. I guess it will filter the bigger ones. Better than nothing though, for sure"
oy6tagy,1uzdmlk,all,1,smoke,1,I also heard on the news that the smoke is containing other materials because of all the homes and cars being destroyed.,I also heard on the news that the smoke is containing other materials because of all the homes and cars being destroyed.
oy70jsb,1uzdmlk,all,1,mask*,0,Why what? Wear masks rn or be a nice human?,Why what? Wear masks rn or be a nice human?
oy71soj,1uzdmlk,all,1,smoke,1,I’m not sure how it works but in most areas the smoke smells like wood but yesterday when I was on the eastern end of the Metro Parkway it started smelling like metal. Not sure if it was the smoke or something else but it was unbreathable there.,I’m not sure how it works but in most areas the smoke smells like wood but yesterday when I was on the eastern end of the Metro Parkway it started smelling like metal. Not sure if it was the smoke or something else but it was unbreathable there.
oy78rmr,1uzdmlk,all,1,n95; mask*,1,"Yes, especially if you have kn95 masks, start distributing them. Thanks op for the kind reminder 🫶🏼","Yes, especially if you have kn95 masks, start distributing them. Thanks op for the kind reminder 🫶🏼"
oy7fyu3,1uzdmlk,all,1,smoke; mask*; cough*,1,"That's not true. Surgical masks protect against respiratory droplets and aerosols from like sneezing/coughing because those particles are much larger. Wildfire smoke particles are much smaller, which are able to make it through.","That's not true. Surgical masks protect against respiratory droplets and aerosols from like sneezing/coughing because those particles are much larger. Wildfire smoke particles are much smaller, which are able to make it through."
oy7gxoj,1uzdmlk,all,1,pm2.5; n95; mask*,1,Unfortunately covid/surgical masks do absolutely nothing to block PM 2.5 fine particles; you need an N95 or KN95 for that.,Unfortunately covid/surgical masks do absolutely nothing to block PM 2.5 fine particles; you need an N95 or KN95 for that.
oy7hv61,1uzdmlk,all,1,n95,1,You need a N95.,You need a N95.
oy7jfom,1uzdmlk,all,1,mask*,0,I was in Detroit today and many people were wearing masks....,I was in Detroit today and many people were wearing masks....
oy7nakq,1uzdmlk,all,1,mask*,0,I never stopped wearing a mask. Bit I work with some nasty customers.,I never stopped wearing a mask. Bit I work with some nasty customers.
oy7oyws,1uzdmlk,all,1,n95; mask*,1,"Surgical masks aren't ""covid"" masks and never were. N95/kn95/94 are.","Surgical masks aren't ""covid"" masks and never were. N95/kn95/94 are."
oy7p30t,1uzdmlk,all,1,n95; mask*,1,"Surgical masks didn't work. N95s do. Don't be silly, use your brain.","Surgical masks didn't work. N95s do. Don't be silly, use your brain."
oy7wez0,1uzdmlk,all,1,pm2.5; mask*,1,"I wasn't implying they're the same thing, just that people often wear surgical masks for Covid but also that both surgical masks and other types of masks people typically wear for covid are ineffective for PM 2.5 particles.","I wasn't implying they're the same thing, just that people often wear surgical masks for Covid but also that both surgical masks and other types of masks people typically wear for covid are ineffective for PM 2.5 particles."
oy82or8,1uzdmlk,all,1,mask*,0,"the downvotes are hilarious, you’re totally right. everybody wore masks yet 80% of people i know got covid at some point","the downvotes are hilarious, you’re totally right. everybody wore masks yet 80% of people i know got covid at some point"
oy85qux,1uzdmlk,all,1,smoke; n95; respirator,1,N95 kn95/94 aren't going to do anything either. They filter larger than 0.3 microns. Smoke particles are 0.01. You need a respirator for pollutants,N95 kn95/94 aren't going to do anything either. They filter larger than 0.3 microns. Smoke particles are 0.01. You need a respirator for pollutants
oy879s1,1uzdmlk,all,1,particulate; n95; mask*,1,Surgical masks are not for particulates. You need a mask that keep you from inhaling particulates 2.5 microns in size. The N95 or KN 95 fit the bill. The other critical thing is that the mask go under your chin and that the mask fit tight enough to keep air from getting in from the sides of the mask.,Surgical masks are not for particulates. You need a mask that keep you from inhaling particulates 2.5 microns in size. The N95 or KN 95 fit the bill. The other critical thing is that the mask go under your chin and that the mask fit tight enough to keep air from getting in from the sides of the mask.
oy8kgqc,1uzdmlk,all,1,n95; mask*,1,"… The data was available pretty early on, but there was a failure to educate the public. I've worn an n95/kn95 this whole time. Since 2020, I've only been sick once time, and that was an unavoidable situation. They definitely work, and surgical masks definitely don't. They're better than nothing, but covid is airborne.","It's what I've been wearing since 2021. The data was available pretty early on, but there was a failure to educate the public. I've worn an n95/kn95 this whole time. Since 2020, I've only been sick once time, and that was an unavoidable situation. They definitely work, and surgical masks definitely don't. They're better than nothing, but covid is airborne."
oy8kt9m,1uzdmlk,all,1,aqi,1,"They will absolutely filter out the majority of it. For AQI like this, it's perfectly substantial.","They will absolutely filter out the majority of it. For AQI like this, it's perfectly substantial."
oy8wn3y,1uzdmlk,all,1,mask*,0,Absolutely true about public education about masks.,Absolutely true about public education about masks.
oyggwgd,1v0g9qw,all,1,the air*,0,"Someone live streamed them playing with a selfie stick in the air, you could see people reacting on their screen from the back. There’s probably a video.","Someone live streamed them playing with a selfie stick in the air, you could see people reacting on their screen from the back. There’s probably a video."
