week,item_id,hover_text,full_text
bakersfield_2024-12-02_comparison,m0rj02d,"I’ve been staying in for the most part, I know some can’t avoid being out in it. We have an air purifier in the living room and every time the front door gets opened that thing goes into overdrive cleaning the air. I cough a lot when the air is bad.","I’ve been staying in for the most part, I know some can’t avoid being out in it. We have an air purifier in the living room and every time the front door gets opened that thing goes into overdrive cleaning the air. I cough a lot when the air is bad."
bakersfield_2024-12-02_comparison,m0rn7e5,Migraine all week and really congested ☹️ Usually doesn’t bother me but the air is so bad I’m feeling it.,Migraine all week and really congested ☹️ Usually doesn’t bother me but the air is so bad I’m feeling it.
bakersfield_2024-12-02_comparison,m0sdh97,"After the recent rain and a high pressure system taking over with warm air aloft, it can lead to fog formation and allow for cold air to pool in the valley since nights are longer than days allowing for more cooling than heating. The solar heating is not strong enough this time of year to break the “thermal belt“ which you can google, so all the smog in the air is trapped in the valley.","After the recent rain and a high pressure system taking over with warm air aloft, it can lead to fog formation and allow for cold air to pool in the valley since nights are longer than days allowing for more cooling than heating. The solar heating is not strong enough this time of year to break the “thermal belt“ which you can google, so all the smog in the air is trapped in the valley."
bakersfield_2024-12-02_comparison,m0txzg3,"Yo, are you guys okay? The air quality map is crazy","Yo, are you guys okay? The air quality map is crazy"
bakersfield_2024-12-02_comparison,m0xsz8t,"In simple terms, it’s referred to an Inversion layer. Warmer air rises and traps cooler air and keeps pollutants from dispersing.","In simple terms, it’s referred to an Inversion layer. Warmer air rises and traps cooler air and keeps pollutants from dispersing."
bakersfield_2024-12-02_comparison,m0zaftw,"YES! Air purifier and humidifier combo in my bedroom at night is helping a bit. Wishful thinking, but we need another good few days of rain.","YES! Air purifier and humidifier combo in my bedroom at night is helping a bit. Wishful thinking, but we need another good few days of rain."
bakersfield_2024-12-02,m0rj02d,"I’ve been staying in for the most part, I know some can’t avoid being out in it. We have an air purifier in the living room and every time the front door gets opened that thing goes into overdrive cleaning the air. I cough a lot when the air is bad.","I’ve been staying in for the most part, I know some can’t avoid being out in it. We have an air purifier in the living room and every time the front door gets opened that thing goes into overdrive cleaning the air. I cough a lot when the air is bad."
bakersfield_2024-12-02,m0rn7e5,Migraine all week and really congested ☹️ Usually doesn’t bother me but the air is so bad I’m feeling it.,Migraine all week and really congested ☹️ Usually doesn’t bother me but the air is so bad I’m feeling it.
bakersfield_2024-12-02,m0sdh97,"After the recent rain and a high pressure system taking over with warm air aloft, it can lead to fog formation and allow for cold air to pool in the valley since nights are longer than days allowing for more cooling than heating. The solar heating is not strong enough this time of year to break the “thermal belt“ which you can google, so all the smog in the air is trapped in the valley.","After the recent rain and a high pressure system taking over with warm air aloft, it can lead to fog formation and allow for cold air to pool in the valley since nights are longer than days allowing for more cooling than heating. The solar heating is not strong enough this time of year to break the “thermal belt“ which you can google, so all the smog in the air is trapped in the valley."
bakersfield_2024-12-02,m0txzg3,"Yo, are you guys okay? The air quality map is crazy","Yo, are you guys okay? The air quality map is crazy"
bakersfield_2024-12-02,m0xsz8t,"In simple terms, it’s referred to an Inversion layer. Warmer air rises and traps cooler air and keeps pollutants from dispersing.","In simple terms, it’s referred to an Inversion layer. Warmer air rises and traps cooler air and keeps pollutants from dispersing."
bakersfield_2024-12-02,m0zaftw,"YES! Air purifier and humidifier combo in my bedroom at night is helping a bit. Wishful thinking, but we need another good few days of rain.","YES! Air purifier and humidifier combo in my bedroom at night is helping a bit. Wishful thinking, but we need another good few days of rain."
detroit_2026-07-13,oxta97c,We get the same smoke over here in Windsor,We get the same smoke over here in Windsor
detroit_2026-07-13,1uws3gu,"Air Quality Is Going to Be Bad For the Next Couple Days Getting ahead of the ""why's it so smoky?"" posts -- there's a huge group of wildfires that started in Ontario and northern Minnesota, and the smoke plume from these fires is forecasted to spread over the metro Detroit area tomorrow and Thursday. Today's NWS air quality forecast suggests this might be about as bad as the 2023 and 2025 smoke events were -- peak AQI in the 200s on Thursday.","Air Quality Is Going to Be Bad For the Next Couple Days Getting ahead of the ""why's it so smoky?"" posts -- there's a huge group of wildfires that started in Ontario and northern Minnesota, and the smoke plume from these fires is forecasted to spread over the metro Detroit area tomorrow and Thursday. Today's NWS air quality forecast suggests this might be about as bad as the 2023 and 2025 smoke events were -- peak AQI in the 200s on Thursday."
detroit_2026-07-13,oxojmfy,"… Insanely hot, insanely rainy or a combination of both. now throw wildfire smoke into the mix. I'm never gonna get to enjoy the outside comfortably before 9 PM","bro this summer feels weird. Barely any days of acceptable temperatures. Insanely hot, insanely rainy or a combination of both. now throw wildfire smoke into the mix. I'm never gonna get to enjoy the outside comfortably before 9 PM"
detroit_2026-07-13,oxsn7as,It says on my weather app is 76 but you can smell the smoke on your clothes and hair when you go inside.,It says on my weather app is 76 but you can smell the smoke on your clothes and hair when you go inside.
detroit_2026-07-13,oxulneb,Most of the heavy smoke we are getting is coming from Minnesota which is further south than previous years. It's not just Canada this time around.,Most of the heavy smoke we are getting is coming from Minnesota which is further south than previous years. It's not just Canada this time around.
detroit_2026-07-13,1uxnwv8,"Yea Maybe Stay Inside Tonight The Eastside monitor showing 575 (for real air quality heads, this is after the LRAPA correction for PurpleAir overcalibration) is I think the highest valid AQI reading I've seen in Metro Detroit ever.","Yea Maybe Stay Inside Tonight The Eastside monitor showing 575 (for real air quality heads, this is after the LRAPA correction for PurpleAir overcalibration) is I think the highest valid AQI reading I've seen in Metro Detroit ever."
detroit_2026-07-13,oxstggv,"Walked the dog during previous air quality alerts due to wildfire wind currents, tonight was by far the worst.","Walked the dog during previous air quality alerts due to wildfire wind currents, tonight was by far the worst."
detroit_2026-07-13,oxt1yrz,I got some rain that's helping knock the smoke and smell down,I got some rain that's helping knock the smoke and smell down
detroit_2026-07-13,oxt9k44,Fire smoke.ca forecast,Fire smoke.ca forecast
detroit_2026-07-13,oxulto3,Unfortunately the rain that blew through caused the smoke to drop and slow so its gonna be 300+ aqi all day,Unfortunately the rain that blew through caused the smoke to drop and slow so its gonna be 300+ aqi all day
detroit_2026-07-13,oxwcpjt,smell is horrible and i couldn't believe people are driving with their windows down and walking around without a mask on,smell is horrible and i couldn't believe people are driving with their windows down and walking around without a mask on
detroit_2026-07-13,oxx5dxw,"Surely the benefits from exercising your dog for a three day span are outweighed by the air being incredibly polluted. They are saying don't do outdoor activities. Idk why everyone is like ""I MUST walk my dog during this generationally bad temporary wildfire smoke"" I work in fast food. Some lady had her dog in her car and it was coughing because she had the window rolled down. It's like, OK, roll it up then?","Surely the benefits from exercising your dog for a three day span are outweighed by the air being incredibly polluted. They are saying don't do outdoor activities. Idk why everyone is like ""I MUST walk my dog during this generationally bad temporary wildfire smoke"" I work in fast food. Some lady had her dog in her car and it was coughing because she had the window rolled down. It's like, OK, roll it up then?"
detroit_2026-07-13,oxv9qcq,Get a forward looking forecast of where the wildfire smoke will carry to next so you can be safe with planned activity. I built TrailSmoke with fires in the western US and mountain biking in Colorado. But weather and smoke more east and hopefully this free app is helpful to many ppl out there. NYC is about to get a wave of it.,Get a forward looking forecast of where the wildfire smoke will carry to next so you can be safe with planned activity. I built TrailSmoke with fires in the western US and mountain biking in Colorado. But weather and smoke more east and hopefully this free app is helpful to many ppl out there. NYC is about to get a wave of it.
detroit_2026-07-13,oxwdu5q,"That’s fair, we’re staying with family in Taylor and the air quality obviously isn’t much better there but we at least feel safer inside there because they have central AC as opposed to our window units in our 8th floor apartment that’s pumping all that smoke inside","That’s fair, we’re staying with family in Taylor and the air quality obviously isn’t much better there but we at least feel safer inside there because they have central AC as opposed to our window units in our 8th floor apartment that’s pumping all that smoke inside"
detroit_2026-07-13,oxyby85,"… Closing the rest of the houses windows would be pretty much pointless and might just lead to succumbing to the heat instead. Wearing a mask is advised but even if I can find one it’s only going to make it more difficult to breathe. Open windows and fans are the only thing making the temps manageable. … Everything smells lightly of a camp fire going out. I can handle the heat, smell, and haze but I worry about health dangers.","This is truly a blast. We’re supposed to run the ac and close the windows which would be great if I had AC. I just have one little unit in a small bedroom. Closing the rest of the houses windows would be pretty much pointless and might just lead to succumbing to the heat instead. Wearing a mask is advised but even if I can find one it’s only going to make it more difficult to breathe. Open windows and fans are the only thing making the temps manageable. Cherry on top is there’s a power outage right around my neighborhood so I’ll find out later if I don’t have power either. Everything smells lightly of a camp fire going out. I can handle the heat, smell, and haze but I worry about health dangers."
detroit_2026-07-13,1uxpjar,"Check on your elderly neighbors Captain obvious reporting that the smoke is bad, but many of your older neighbors don’t have AC. Heat + unable to open windows = bad outcomes for many Detroiters over the next several days. Many of these same elderly neighbors are also asthmatics, as we have some of the worst rates in the state (maybe the worst, IDK). If you can afford to lend folks box fans with some MERV 13 filters you can help juryrig something that can provide even the smallest of benefits in this heat. … Lots of DIY solutions via Google. Hand out N95s if you have any, especially to folks waiting for a bus.","Check on your elderly neighbors Captain obvious reporting that the smoke is bad, but many of your older neighbors don’t have AC. Heat + unable to open windows = bad outcomes for many Detroiters over the next several days. Many of these same elderly neighbors are also asthmatics, as we have some of the worst rates in the state (maybe the worst, IDK). If you can afford to lend folks box fans with some MERV 13 filters you can help juryrig something that can provide even the smallest of benefits in this heat. Indoor portable AC via ice water (try adding ice cream salt - heard it works better) and some fans could also help folks out. Lots of DIY solutions via Google. Hand out N95s if you have any, especially to folks waiting for a bus."
detroit_2026-07-13,1uxqs0n,"MEGATHREAD: Metro Detroit Air Quality & Wildfire Smoke (July 2026) A statewide Air Quality Alert is currently in effect. Smoke from wildfires in Canada and Minnesota has moved into Michigan, causing rapid degradation in air quality. Southeast Michigan is seeing levels range from Unhealthy for Sensitive Groups (USG) up to Unhealthy, with potential for localized Very Unhealthy or Hazardous spikes. The alert is active through at least Thursday, July 16, with a strong possibility of extending into Friday. Safety Guidance: Limit Exposure: Avoid prolonged or strenuous outdoor activities, particularly if you are in a sensitive group (children, older adults, or those with asthma/heart conditions). Seal Your Home: Keep windows and doors closed. Filter Air: Run central air conditioning using MERV-13 or higher filters, or use a portable HEPA air purifier. Do not burn candles, use fireplaces, or vacuum without a HEPA filter. Masking: If you must be outside for extended periods, consider wearing a high-quality mask (N95/KN95). Resources: AirNow.gov– Live AQI tracking by ZIP code. MiAir– Official updates from the Michigan Department of Environment, Great Lakes, and Energy (EGLE). NWS Detroit– Local weather and alert updates. Please keep all discussion, localized AQI readings, haze photos, and related questions confined to this thread to prevent subreddit clutter. Regular sub rules apply.","MEGATHREAD: Metro Detroit Air Quality & Wildfire Smoke (July 2026) A statewide Air Quality Alert is currently in effect. Smoke from wildfires in Canada and Minnesota has moved into Michigan, causing rapid degradation in air quality. Southeast Michigan is seeing levels range from Unhealthy for Sensitive Groups (USG) up to Unhealthy, with potential for localized Very Unhealthy or Hazardous spikes. The alert is active through at least Thursday, July 16, with a strong possibility of extending into Friday. Safety Guidance: Limit Exposure: Avoid prolonged or strenuous outdoor activities, particularly if you are in a sensitive group (children, older adults, or those with asthma/heart conditions). Seal Your Home: Keep windows and doors closed. Filter Air: Run central air conditioning using MERV-13 or higher filters, or use a portable HEPA air purifier. Do not burn candles, use fireplaces, or vacuum without a HEPA filter. Masking: If you must be outside for extended periods, consider wearing a high-quality mask (N95/KN95). Resources: AirNow.gov– Live AQI tracking by ZIP code. MiAir– Official updates from the Michigan Department of Environment, Great Lakes, and Energy (EGLE). NWS Detroit– Local weather and alert updates. Please keep all discussion, localized AQI readings, haze photos, and related questions confined to this thread to prevent subreddit clutter. Regular sub rules apply."
detroit_2026-07-13,oxtrcpg,"I'm stuck in my bedroom with 2 air purifiers running full blast and still my air quality meter is hovering around 25ish, not terrible, but I can't see very far out the window and the air tastes like a fireplace.","I'm stuck in my bedroom with 2 air purifiers running full blast and still my air quality meter is hovering around 25ish, not terrible, but I can't see very far out the window and the air tastes like a fireplace."
detroit_2026-07-13,oxu6bw0,"I know but its an amazing opportunity to advocate for masks again knowing all these right wingers just want to ""SuE cAnAdA"" and get all riled up. Like Canada isn't trying to get wildfires started from a lightning strike under control. … Many are uncontrolled due to extreme heat and high winds. Mask up if you cant breathe, it is meant to filter out the bad stuff in the air right now. Unless you only wear masks on your white nationalist counter protests. We definitely know you can breathe just fine in your masks.","I know but its an amazing opportunity to advocate for masks again knowing all these right wingers just want to ""SuE cAnAdA"" and get all riled up. Like Canada isn't trying to get wildfires started from a lightning strike under control. THANKFULLY. Like the Palisades wildfire, where Canadian firefighters came to help, there has been over 2k American firefighters in Canada helping to contain these since May 8th. Many are uncontrolled due to extreme heat and high winds. Mask up if you cant breathe, it is meant to filter out the bad stuff in the air right now. Unless you only wear masks on your white nationalist counter protests. We definitely know you can breathe just fine in your masks."
detroit_2026-07-13,oxulqe6,Having lived out west please take the air quality alerts seriously. Close your windows. Get an air purifier. Tape a heating filter to a box fan if that’s all you got. Wear an N95 mask to help.,Having lived out west please take the air quality alerts seriously. Close your windows. Get an air purifier. Tape a heating filter to a box fan if that’s all you got. Wear an N95 mask to help.
detroit_2026-07-13,oxuqy0w,"… Click the display where you choose satellite, terain or basic. At the bottom there is AQI display, also a wildfire display.","Google maps. Click the display where you choose satellite, terain or basic. At the bottom there is AQI display, also a wildfire display."
detroit_2026-07-13,oxuy3i6,"Search for ""aqi (city)"" Aqi = Air quality index","Search for ""aqi (city)"" Aqi = Air quality index"
detroit_2026-07-13,oxv3bus,Apple weather app also has an air quality setting.,Apple weather app also has an air quality setting.
detroit_2026-07-13,oxw5fyg,"Recommend anything Levoit. Reasonably priced, and you can buy HEPA filters for them later. I sleep with one (core 300 model) in my bedroom and it really helps my allergies. Thinking about bringing it to my office today as well","Recommend anything Levoit. Reasonably priced, and you can buy HEPA filters for them later. I sleep with one (core 300 model) in my bedroom and it really helps my allergies. Thinking about bringing it to my office today as well"
detroit_2026-07-13,oxxlj1j,"So especially for the Warren area, the whole area is like a sink. There needs to be a good wind to actually blow the air away, otherwise it just stagnates and builds. It's very flat with a lot of concrete.","So especially for the Warren area, the whole area is like a sink. There needs to be a good wind to actually blow the air away, otherwise it just stagnates and builds. It's very flat with a lot of concrete."
detroit_2026-07-13,oxxurl2,"Last night when I went upstairs to my bedroom I smelled burning, and legitimately thought maybe one of my outlets were catching on fire. Turns out my window doesn’t latch well and was letting in a draft of some of the smoke. It’s unbelievable how suffocating it is.","Last night when I went upstairs to my bedroom I smelled burning, and legitimately thought maybe one of my outlets were catching on fire. Turns out my window doesn’t latch well and was letting in a draft of some of the smoke. It’s unbelievable how suffocating it is."
detroit_2026-07-13,oxy1fcg,"Bro should NOT be running rn lmao, the only reason I'm here is I was looking on the AQI map today and saw Detroit was dark red, looked and saw 584 and thought I was high. Good lord.","Bro should NOT be running rn lmao, the only reason I'm here is I was looking on the AQI map today and saw Detroit was dark red, looked and saw 584 and thought I was high. Good lord."
detroit_2026-07-13,oxyn0ug,My car doesn't have AC so unfortunately I'm stuck with the windows down with how hot it's been but I absolutely still mask up while driving,My car doesn't have AC so unfortunately I'm stuck with the windows down with how hot it's been but I absolutely still mask up while driving
detroit_2026-07-13,oxyx84o,Traps pollution that normally gets higher up,Traps pollution that normally gets higher up
detroit_2026-07-13,oy6lsan,The number of people driving with their windows down and walking around with no mask protection has me deeply concerned for humanity,The number of people driving with their windows down and walking around with no mask protection has me deeply concerned for humanity
detroit_2026-07-13,oy7zokc,Smoke I can handle. The diarrhea as drained me.,Smoke I can handle. The diarrhea as drained me.
detroit_2026-07-13,oxzbti8,"U need the ladder to see over the Canadian Front, it's right there. Wait for the aqi to get below, checks notes, 700","U need the ladder to see over the Canadian Front, it's right there. Wait for the aqi to get below, checks notes, 700"
detroit_2026-07-13,oy7p30t,"Surgical masks didn't work. N95s do. Don't be silly, use your brain.","Surgical masks didn't work. N95s do. Don't be silly, use your brain."
eugene_2020-09-07,g4ekq31,"… I don’t have AC for the first time this fire season, so I normally had my windows closed in the past. Just wondering if it’s safe to breath in this smoke all night when you can smell and taste it in the air including inside. Edit: what’s with all the downvotes? …","Is it safe to sleep with my windows open? I don’t have AC for the first time this fire season, so I normally had my windows closed in the past. Just wondering if it’s safe to breath in this smoke all night when you can smell and taste it in the air including inside. Edit: what’s with all the downvotes? I was just curious about the safety of our air."
eugene_2020-09-07,g4elby9,"I think not, try a fan directly at you with windows closed. The smoke could accumulate inside.","I think not, try a fan directly at you with windows closed. The smoke could accumulate inside."
eugene_2020-09-07,g4elt1y,@KVALnews: There are no new wildfires in Western Oregon. Easterly winds have blown wildfire smoke into the Willamette Valley. ORwx,@KVALnews: There are no new wildfires in Western Oregon. Easterly winds have blown wildfire smoke into the Willamette Valley. ORwx
eugene_2020-09-07,g4emngp,"good website to check your air quality: Hepa filters ate AMAZING if you can find one. I have 3 and my house smells fresh. I’m in CA and we have been getting the brunt of the smoke from 3 fires. If you need to leave your home, close all the windows and turn all the lights on (so firefighters can see your house) Good luck!!!","good website to check your air quality: Hepa filters ate AMAZING if you can find one. I have 3 and my house smells fresh. I’m in CA and we have been getting the brunt of the smoke from 3 fires. If you need to leave your home, close all the windows and turn all the lights on (so firefighters can see your house) Good luck!!!"
eugene_2020-09-07,g4eohsp,"Airnow seems to have a pretty bad lag, it says the air quality is good at my place and that's 100% not true... This site someone else mentioned uses a network of amateur and professional sensors and seems to do a better job at realtime mapping.","Airnow seems to have a pretty bad lag, it says the air quality is good at my place and that's 100% not true... This site someone else mentioned uses a network of amateur and professional sensors and seems to do a better job at realtime mapping."
eugene_2020-09-07,g4fa8sy,Thank you!! We tried it both ways and noticed the air quality inside was much better without the AC on. The negative pressure you mentioned stopped happening once the hose was removed and the window closed. …,Thank you!! We tried it both ways and noticed the air quality inside was much better without the AC on. The negative pressure you mentioned stopped happening once the hose was removed and the window closed. Stay safe everyone.
eugene_2020-09-07,g4g80tc,"There's not a lot more you can do other than a HEPA filter but I'm going to guess those are going to be out of stock everywhere today. The current forecast looks like the winds should shift Thursday so by the time a mail order one arrived it might be over (or might not, who knows), but between pollen and fires an air filter is a very good thing to own anyway.","There's not a lot more you can do other than a HEPA filter but I'm going to guess those are going to be out of stock everywhere today. The current forecast looks like the winds should shift Thursday so by the time a mail order one arrived it might be over (or might not, who knows), but between pollen and fires an air filter is a very good thing to own anyway."
eugene_2020-09-07,g4el7ya,Smoke rolled in within a few minutes! We are in the Friendly area and it is smokey in all directions.,Smoke rolled in within a few minutes! We are in the Friendly area and it is smokey in all directions.
eugene_2020-09-07,g4elfnj,@LaneRegionalAir: @EugWklyCamilla Here's a satellite image of the smoke filing into the Willamette Valley. The brown clouds all across Oregon and Washington is smoke. This was at 5pm today. Tuesday will be a very smoky day with degraded air quality across much part of the county.,@LaneRegionalAir: @EugWklyCamilla Here's a satellite image of the smoke filing into the Willamette Valley. The brown clouds all across Oregon and Washington is smoke. This was at 5pm today. Tuesday will be a very smoky day with degraded air quality across much part of the county.
eugene_2020-09-07,g4en7hf,From the NOAA site this appears to be from the Lions Head Fire east of Salem. The wind just shifted and is bringing the smoke in from the east,From the NOAA site this appears to be from the Lions Head Fire east of Salem. The wind just shifted and is bringing the smoke in from the east
eugene_2020-09-07,g4enet9,Here in the Friendly area we are completely socked in with smoke from all directions. It arrived in about 5-10 minutes.,Here in the Friendly area we are completely socked in with smoke from all directions. It arrived in about 5-10 minutes.
eugene_2020-09-07,g4evalx,"This animated smoke map will tell you where the smoke is coming from, which is nearly all California.","This animated smoke map will tell you where the smoke is coming from, which is nearly all California."
eugene_2020-09-07,g4enmym,"Probably not a local fire. Smoke is blowing down from the fires in Washington right now. That said, keep alert. …","Probably not a local fire. Smoke is blowing down from the fires in Washington right now. That said, keep alert. With dry heat and wind like this, it takes just one dumbass burning a field to start a city-wide evacuation."
eugene_2020-09-07,g4fo6lo,the winds howl the moon wanes red ashes on eyelashes,the winds howl the moon wanes red ashes on eyelashes
eugene_2020-09-07,g4f6n2r,TIL that window screens don't keep ash out of the house...,TIL that window screens don't keep ash out of the house...
eugene_2020-09-07,g4frt1x,Am I the only one able to smell the smoke from inside my house? All the windows have been closed but the smell is still pretty strong...,Am I the only one able to smell the smoke from inside my house? All the windows have been closed but the smell is still pretty strong...
eugene_2020-09-07,g4gpzva,Honeywell is a really good and really underrated air purifier brand. Here are some of their good models HPA 600 (rated for 325 square feet) HPA 300 (rated for 465 square feet) Air Genius 5 (rated for 250 square feet) HPA 200 (rated for 310 square feet) HPA 100 (rated for 155 square feet) HPA 204 (rated for 310 square feet) Air Genius 6 (rated for 250 square feet) HPA030 (rated for 150 square feet) HPA020 (rated for 80square feet),Honeywell is a really good and really underrated air purifier brand. Here are some of their good models HPA 600 (rated for 325 square feet) HPA 300 (rated for 465 square feet) Air Genius 5 (rated for 250 square feet) HPA 200 (rated for 310 square feet) HPA 100 (rated for 155 square feet) HPA 204 (rated for 310 square feet) Air Genius 6 (rated for 250 square feet) HPA030 (rated for 150 square feet) HPA020 (rated for 80square feet)
eugene_2020-09-07,iou081,"Ways to stay cool, with no AC and windows closed. With the smoke in the air I shouldnt open the windows, but its going to be in the 90+ and I wated to share a few ways to stay cool with out an AC. Neckwraps: Wet a dishrag or or other cloth with cold water. …","Ways to stay cool, with no AC and windows closed. With the smoke in the air I shouldnt open the windows, but its going to be in the 90+ and I wated to share a few ways to stay cool with out an AC. Neckwraps: Wet a dishrag or or other cloth with cold water. Wring it out and drape around the back of your neck. Rewet as needed. Ice fan: Place a bottle of salt water in your freezer, once its frozen place in front of a fan. This morning im pointing my fans at my cold windows, in attempt to move the hot air in my house against the windows to cool it off. If you have other ways of staying cool with out AC and without opening the windows pls share."
eugene_2020-09-07,g4gpc2q,"My apartment building has very poor windows- and when I opened my eyes to my orange filled studio, I also saw a lot of smoke. I had to leave and seek a safe place where I could breathe! (Asthma person here.) Normally this wouldn’t have been so stressful, but you know, we’re still in the midst of a pandemic and I’m not hanging out at just anyone’s house!","My apartment building has very poor windows- and when I opened my eyes to my orange filled studio, I also saw a lot of smoke. I had to leave and seek a safe place where I could breathe! (Asthma person here.) Normally this wouldn’t have been so stressful, but you know, we’re still in the midst of a pandemic and I’m not hanging out at just anyone’s house!"
eugene_2020-09-07,g4gwve6,Keeps mucous loose so it can be blown/coughed/sneezed out rather than consolidating into a cement brick in your sinuses. helps your body filter all the volatiles from burning wood in the air. Helps stave off heat exhaustion and stroke from being stuck inside with no AC,Keeps mucous loose so it can be blown/coughed/sneezed out rather than consolidating into a cement brick in your sinuses. helps your body filter all the volatiles from burning wood in the air. Helps stave off heat exhaustion and stroke from being stuck inside with no AC
eugene_2020-09-07,g4h0o4r,"That’s true, I did see that video from last night of smoke billowing around someone’s windshield in the Salem area of I5. Dunno what it’s like now - the winds are better afaik but the fires are surely still spreading.","That’s true, I did see that video from last night of smoke billowing around someone’s windshield in the Salem area of I5. Dunno what it’s like now - the winds are better afaik but the fires are surely still spreading."
eugene_2020-09-07,g4h94ni,I second that. The geo map I saw on the r/EUGENE last night showed the smoke is moving south west. For the most part central western oregon is the best place to start making a trek down south west.,I second that. The geo map I saw on the r/EUGENE last night showed the smoke is moving south west. For the most part central western oregon is the best place to start making a trek down south west.
eugene_2020-09-07,ip0ftf,Oregon Wildfire and Smoke Map,Oregon Wildfire and Smoke Map
eugene_2020-09-07,ip1wmq,"Remember to change your filter! HVAC filter, cabin air filter, vehicle intake filter and clean your window unit AC filter. Will help your air quality and help your vehicle too!","Remember to change your filter! HVAC filter, cabin air filter, vehicle intake filter and clean your window unit AC filter. Will help your air quality and help your vehicle too!"
eugene_2020-09-07,g4i83dz,"I’m winding embroidery thread, petting my cats and drinking a large glass of wine while ash falls on the deck..","I’m winding embroidery thread, petting my cats and drinking a large glass of wine while ash falls on the deck.."
eugene_2020-09-07,g4ist55,"My thinking was positive pressure in the room with the fan, but creating a negative pressure on one side which would draw dirty air into the room with the fan again. I can feel air being sucked into my office with the air conditioner through cracks in the outtake window vent when it's turned on, for instance.","My thinking was positive pressure in the room with the fan, but creating a negative pressure on one side which would draw dirty air into the room with the fan again. I can feel air being sucked into my office with the air conditioner through cracks in the outtake window vent when it's turned on, for instance."
eugene_2020-09-07,g4inydd,"I would certainly not go to work if you are having health problems. Here is the forecast from NOAA, they are predicting a decrease in smoke late tomorrow due to a cold front with some precipitation (from what I could glean, I might be wrong). EDIT: The forecast has been updated, and is now showing smoke for through saturday","I would certainly not go to work if you are having health problems. Here is the forecast from NOAA, they are predicting a decrease in smoke late tomorrow due to a cold front with some precipitation (from what I could glean, I might be wrong). EDIT: The forecast has been updated, and is now showing smoke for through saturday"
eugene_2020-09-07,g4io8aq,"It's going to be smokey for a while, I'm sorry. The wind will change in a few days which will clear out the smoke but another change in the wind after that may leave us smoked out again.","It's going to be smokey for a while, I'm sorry. The wind will change in a few days which will clear out the smoke but another change in the wind after that may leave us smoked out again."
eugene_2020-09-07,g4ipfwg,"I'm not sure if it's super useful as a forecasting tool, but I'd really recommend this site for keeping track of the air quality index!","I'm not sure if it's super useful as a forecasting tool, but I'd really recommend this site for keeping track of the air quality index!"
eugene_2020-09-07,g4knuil,"… When we return to a ""normal"" diurnal weather pattern (up valley by day, down canyon at night) the fire is going to spread upslope and further east into the forest where it will be even harder to control. The smoke will continue to pool down in the canyon and Willamette Valley in the mornings until the day heats up. Fuel moistures are very very low and we are in Extreme drought. I almost wish we'd sit under the smoke for a while, though without strong east winds. A good thing is that I think Oregonians are finally tuning in to the wildfire potential up here.","Great post! The problem is the east side of the fire is further up in National Forest lands that are heavily wooded and less accessible. There haven't been any suppression efforts up there as the focus has been on evacuation and structure protection. When we return to a ""normal"" diurnal weather pattern (up valley by day, down canyon at night) the fire is going to spread upslope and further east into the forest where it will be even harder to control. The smoke will continue to pool down in the canyon and Willamette Valley in the mornings until the day heats up. Fuel moistures are very very low and we are in Extreme drought. I almost wish we'd sit under the smoke for a while, though without strong east winds. A good thing is that I think Oregonians are finally tuning in to the wildfire potential up here."
eugene_2020-09-07,iphr87,"… The map has not been updated yet. Here's a map from Lane County Sheriff's Facebook - Smoke will be with us all day and continue to be heavy. AirNow is reading ""Very Unhealthy"" levels for Eugene but I believe they are averaging a bit as PurpleAir which I understand is live readouts from connected sensors in the area is showing much higher PPM (260 from Airnow vs 500 from Purpleair). Link to Purpleair (Airnow already linked). - If you can avoid being in the smoke, do so. If you can avoid working in the smoke, do so. Personally, I would refuse to work outside or in an inside environment that is frequently exposed to outside air without adequate ventilation removing the smoke. The EPA Air Quality Index only goes up to 301+ and we're at nearly 500 if you believe purple air. (ETA) I've struck this out, it was opinion and I'm not a doctor You're going to have some lasting (maybe weeks or more) effects from breathing a lot of the smoke outside. - Here's a link to another map of the fires: ARCGIS - Final source that I didn't reference but could be useful is the Statesman Journal's webpage tracking the fires. … However, we're likely going to be living under threat of this fire for the next couple days at least and into next week. The smoke certainly is going to be around, I think, until the weekend and maybe through it. For everyone in Eugene, my advice would be to either have a go-bag packed if you're worried and if you're not worried, at least know where your most important items are in case you need to pack everything in two hours. … Other FAQ: - What should I pack? This image has been linked several times and seems good enough - How long will the smoke be around? Probably a week if we're lucky. … I'd say yes. Mine was smokey this morning but this article from yesterday quotes EWEB as saying the water is not in danger. Although I do have a case of water bottles in my garage and I suggest that everyone get 3 gallons of water per person saved up. …","September 9, Holiday Farm Fire (aka McKenzie Valley Fire) Update (ETA) As the day goes on this information becomes increasingly out of date. Please check the sources linked for more up to date information, specifically the Lane County Sheriff Facebook and Lane County McKenzie Fire Webpage. Firstly, I could be wrong about some of this information this is just my understanding of the situation. - The Holiday Farm Fire (Called the McKenzie Fire by Lane County) did not have much progress west/south west last night. Around 10pm last night the bottom front of the fire according to FIRMS was just over Leaburg and today it is still there. - The fire has expanded further northwest toward Marcola and Mohawk, moving north west across the hills. From my best measurement it looks to be about five miles from Marcola, making about six miles of progress since yesterday morning. It is about two miles from Wendling. - The fire has expanded both north and south but overall it looks like the whole fire has slowed significantly since yesterday morning, which is expected as we have not had the same winds. (ETA) u/[user] shared a tweet from KEZI with a map of the evacuation areas and the perimeter of the fire. - Source for those images is FIRMS. The website is getting hugged to death already so if you're prompted to switch to FIRMS2, it might run better. - Speaking of winds, the forecast looks great for the fire being gentle and slowly reversing from a Northeast wind to a West wind (from the coast). My interpretation on that is that we're going to be getting wetter air coming in from the coast soon which hopefully will bring rain by next week. Source for that is WillyWeather - Evacuations last night were updated to Level two for locations east of fire. The bottom of the McKenzie river valley coming into Springfield and the bottom of the Mohawk Valley are both under Level 2 evacuation which is ""Be Ready"" and voluntary evacuation. Fall Creek area remains at level 1 and the fire doesn't appear to have moved toward that area much last night. Source for Evacuations: Lane County - (ETA) The evacuations are being updated during the day, keep checking back to see what's changed. As of 12:30pm, a Level 3 Go Now! is issued for Mohawk Valley north of the McKenzie River and east of Marcola Road, including Upper Camp Creek and Camp Creek roads and a Level 1 has been issued for Highway 126 to Bob Straub to Jasper Road east to Thurston Road where it intersects with Highway 126 north to the McKenzie River. The map has not been updated yet. Here's a map from Lane County Sheriff's Facebook - Smoke will be with us all day and continue to be heavy. AirNow is reading ""Very Unhealthy"" levels for Eugene but I believe they are averaging a bit as PurpleAir which I understand is live readouts from connected sensors in the area is showing much higher PPM (260 from Airnow vs 500 from Purpleair). Link to Purpleair (Airnow already linked). - If you can avoid being in the smoke, do so. If you can avoid working in the smoke, do so. Personally, I would refuse to work outside or in an inside environment that is frequently exposed to outside air without adequate ventilation removing the smoke. The EPA Air Quality Index only goes up to 301+ and we're at nearly 500 if you believe purple air. (ETA) I've struck this out, it was opinion and I'm not a doctor You're going to have some lasting (maybe weeks or more) effects from breathing a lot of the smoke outside. - Here's a link to another map of the fires: ARCGIS - Final source that I didn't reference but could be useful is the Statesman Journal's webpage tracking the fires. - Official Facebook page for the fire: - Lane County Sheriff's office facebook page for evacuation information: Summary Opinion: This is my opinion on the facts above and could be wrong. Right now I'm very hopeful that the fire will not continue heading west and that (with the exception of perhaps Marcola and Wendling) there will be fewer houses lost. Based on the weather forecasts (not linked above) the wind will be heading out of the West (blowing the fire away from town) and getting more humid as the week progresses. There is potential rain in the future for us next week. However, we're likely going to be living under threat of this fire for the next couple days at least and into next week. The smoke certainly is going to be around, I think, until the weekend and maybe through it. For everyone in Eugene, my advice would be to either have a go-bag packed if you're worried and if you're not worried, at least know where your most important items are in case you need to pack everything in two hours. Personally I have not and will not be packing a go-bag (I'm in Eugene) and am not pre-evacuating. Other FAQ: - What should I pack? This image has been linked several times and seems good enough - How long will the smoke be around? Probably a week if we're lucky. (ETA) u/[user] says that EWEB recommends running your AC/Central Air 24/7 to keep circulating your inside air through your filter. On my system, I can set my fan to run continuously, which I have done. Don't try this with a window unit, it will not have the desired effect unless you've got some kind of hepafilter on it! - How can I help? This post says Redcross at Thurston could use spare supplies: Camp chairs, paper plates, paper cups, socks, underwear, bras, laundry soap, denture products, and unopened Advil, Tylenol, Tums, and fresh fruit. (ETA) Here's a link found by u/[user] about how to donate to the local Red Cross: - Is Vida/Goodpasture Bridge gone? [As of a facebook post yesterday around 11pm the bridge was still standing.] ( There are also reports that Vida Cafe survived. - Are the hotsprings gone? Belknap and Terwilliger hotsprings, as far as I can tell, are still outside the area of the fire. - (ETA) When will the fire be out? Probably not until we get significant rain. However, it could be contained before that. There are several other large fires in Oregon to the north and south of us, so I would imagine that as this fire gets more under control, the resources might be re-directed to more threatening fires. That is all speculation though, I would love to see an official report on it. - (ETA) Is the water safe to drink/secure? I'd say yes. Mine was smokey this morning but this article from yesterday quotes EWEB as saying the water is not in danger. Although I do have a case of water bottles in my garage and I suggest that everyone get 3 gallons of water per person saved up. There is likely to be a run on water in the stores so if you are buying, only buy one case/jug to leave some for others and get the rest you need by filling containers from your tap now. - (ETA) Where will Eugene/Springfield evacuate if the fire moves in? We don't know. Wait to be told where to go. I wouldn't worry about this until parts of Springfield get put under level 1 evacuation (which I don't think is likely). If that does happen, the Lane County Page will tell you where to go. I would guess that it would be impossible to evacuate the cities effectively (think game day traffic x10) so I'd guess we'd be evacuating to other parts of the city. My grandmother in law lost her house in the 2016 Santa Rosa fires that burned up large areas and that's what they did. - (ETA) My power is out, anyone else lose power? EWEB and Lane Electric (and I'd guess SUB/EPUD as well) are all shutting down circuits when winds are high in places with high fire danger. Per the EWEB facebook, Walterville and Thurston areas will not have power restored for now until winds change (later this week). Also, customers in the South Hills may have their power turned off if conditions get hazardous to avoid further fires. Here's a great article from KLCC with a map of the power outages. - (ETA) What's closed due to fire? Lots of things, here's a list from KVAL that seems pretty comprehensive. - (ETA) What roads are open? Many are closed, see Tripcheck: Edited as I find errors, and significant changes I'll list. Added some FAQ's as I see them/think of them. Noted with (ETA) edited to add. P.S.: Great set of photos from the Register Guard: P.P.S: Video showing how firefighters can save structures during a wildfire."
eugene_2020-09-07,g4k8nmq,"… Kinda similar to what one would see in an airport for service animals. He gets allergies just from dust and pollen, so I didn't feel like it was safe to take him out during this weather. This set up is not feasible for everyone though.","I set up an indoor relief area for my pup using some grass and dirt to make them feel comfortable. Kinda similar to what one would see in an airport for service animals. He gets allergies just from dust and pollen, so I didn't feel like it was safe to take him out during this weather. This set up is not feasible for everyone though."
eugene_2020-09-07,g4kmrlf,It’s snowing ash outside and I had to work outside today for a hour and got a sinus migraine... while I was wearing my n95. You should definitely not come. …,It’s snowing ash outside and I had to work outside today for a hour and got a sinus migraine... while I was wearing my n95. You should definitely not come. You’re not going to have a good time.
eugene_2020-09-07,g4l3a2j,"The fire will be here for a while, but the wind will likely resume its more normal, westerly trends starting later tonight. This will make Eugene and Springfield much safer and less smokey. I would anticipate, if you have to leave (which I still think is unlikely), that you would only need to be gone for a day or two.","The fire will be here for a while, but the wind will likely resume its more normal, westerly trends starting later tonight. This will make Eugene and Springfield much safer and less smokey. I would anticipate, if you have to leave (which I still think is unlikely), that you would only need to be gone for a day or two."
eugene_2020-09-07,g4lmn0n,"All the smoke that has been advected offshore will be brought back in by onshore winds. The air quality will be terrible as a result, but no where near as bad as it has been. It’ll look smoky for sure. Things will start to get better with the chance for rain early next week.","All the smoke that has been advected offshore will be brought back in by onshore winds. The air quality will be terrible as a result, but no where near as bad as it has been. It’ll look smoky for sure. Things will start to get better with the chance for rain early next week."
eugene_2020-09-07,g4lnb7v,"It'll most likely do what it did last night, clear up for awhile and bring the air toxicity down, then start spiking the levels back up tomorrow morning. But on the plus side, at least there's a space in between with breathable air.","It'll most likely do what it did last night, clear up for awhile and bring the air toxicity down, then start spiking the levels back up tomorrow morning. But on the plus side, at least there's a space in between with breathable air."
eugene_2020-09-07,iprior,"Any chance the air quality might be better tomorrow? I know no one can be certain, but I keep reading that the winds are supposed to be changing direction, and I’m wondering if it is worth refusing to work tomorrow or not since I work in a situation where I wouldn’t be able to avoid the smoke? I appreciate any insight you all might have!","Any chance the air quality might be better tomorrow? I know no one can be certain, but I keep reading that the winds are supposed to be changing direction, and I’m wondering if it is worth refusing to work tomorrow or not since I work in a situation where I wouldn’t be able to avoid the smoke? I appreciate any insight you all might have!"
eugene_2020-09-07,g4m72np,"Once your furnace blower is off, you can run the shower with the bathroom door open for awhile; this makes a natural air filter-","Once your furnace blower is off, you can run the shower with the bathroom door open for awhile; this makes a natural air filter-"
eugene_2020-09-07,g4m6qj9,I had the same issue starting yesterday and duct taping all the seals has made a world of difference. Even taped some cardboard in the really thin single pane windows and I am smelling almost no smoke now.,I had the same issue starting yesterday and duct taping all the seals has made a world of difference. Even taped some cardboard in the really thin single pane windows and I am smelling almost no smoke now.
eugene_2020-09-07,g4mrtxr,The wind is supposed to be pretty low tomorrow. I would imagine the smoke will stick around. Not roof working conditions unless you love wearing a respirator.,The wind is supposed to be pretty low tomorrow. I would imagine the smoke will stick around. Not roof working conditions unless you love wearing a respirator.
eugene_2020-09-07,g4n3vsd,"… Someone said the wind on Thursday will start blowing in from the west, so that should help. (It's been coming from the east and blowing the smoke over here). I just checked my weather app and it says AQI is 159, that's a lot better than last night when it said 500","I think it will clear up some tomorrow later in the day. Someone said the wind on Thursday will start blowing in from the west, so that should help. (It's been coming from the east and blowing the smoke over here). I just checked my weather app and it says AQI is 159, that's a lot better than last night when it said 500"
eugene_2020-09-07,g4o7enr,I wouldn't be surprised to see unhealthy smoke levels continue into next week. We're supposed to get rain Tuesday.,I wouldn't be surprised to see unhealthy smoke levels continue into next week. We're supposed to get rain Tuesday.
eugene_2020-09-07,g4p8f8m,It is an N95 made by moldex. My favorite model to use. …,It is an N95 made by moldex. My favorite model to use. It is printed on the strap.
eugene_2020-09-07,g4p60ur,… If you have curtains close them if you don’t then put up sheets over windows. You can also tape a purifier over a box fan to collect bad air.,Turn on your AC or fan if you have central air so it’s running and replace your house filters if you have some. Put painters tape around window seams and unused doors. If you have curtains close them if you don’t then put up sheets over windows. You can also tape a purifier over a box fan to collect bad air.
eugene_2020-09-07,g4pq1gw,"Hillsboro is better if you want to head towards Portland! I hear that the area around Bend is good too, but the roads out there are covered in trees so they make me nervous, and the wind is supposed to blow the smoke over that way soon.","Hillsboro is better if you want to head towards Portland! I hear that the area around Bend is good too, but the roads out there are covered in trees so they make me nervous, and the wind is supposed to blow the smoke over that way soon."
eugene_2020-09-07,g4pmaem,"The sky seems more orange today than yesterday, and that's with our westerly winds. Does anyone suppose the smoke alone might result in an actual declared emergency? I mean, if a large organization like Willamalane is having trouble keeping places open just for clean air, who can actually provide it for long?","The sky seems more orange today than yesterday, and that's with our westerly winds. Does anyone suppose the smoke alone might result in an actual declared emergency? I mean, if a large organization like Willamalane is having trouble keeping places open just for clean air, who can actually provide it for long?"
eugene_2020-09-07,g4t9m5t,It's very difficult to breathe. My asthma has been bothering me a lot even with all the meds and regular steams. The air is heavy with smoke. Right now it smells strongly of burned leaves than wood (if that makes any sense) and the air is sort of still which may be good because wind would exacerbate the fires but the air is heavy with smoke and it's really difficult to breathe.,It's very difficult to breathe. My asthma has been bothering me a lot even with all the meds and regular steams. The air is heavy with smoke. Right now it smells strongly of burned leaves than wood (if that makes any sense) and the air is sort of still which may be good because wind would exacerbate the fires but the air is heavy with smoke and it's really difficult to breathe.
eugene_2020-09-07,iqge9m,"Anyone else’s brain feel how the weather looks?? brain fog is hitting me so hard right now, anyone else?","Anyone else’s brain feel how the weather looks?? brain fog is hitting me so hard right now, anyone else?"
eugene_2020-09-07,g4sgy0s,The wind was minimal all day so it wasn't able to be blown out. More smoke was able to settle down lower.,The wind was minimal all day so it wasn't able to be blown out. More smoke was able to settle down lower.
eugene_2020-09-07,g4ubzl1,"Current wind forecasts don’t have the smoke lessening until Monday. However, that could always change as the wind and fires continue to shift.","Current wind forecasts don’t have the smoke lessening until Monday. However, that could always change as the wind and fires continue to shift."
eugene_2020-09-07,g4sflxc,"… It didnt sound like a train coupling or fireworks but maybe a backfire. And, with apocalyptic red ash raining skies we are all just on edge. lol","I mean it could be a series of backfires. Some dude just driving around east Eugene. It didnt sound like a train coupling or fireworks but maybe a backfire. And, with apocalyptic red ash raining skies we are all just on edge. lol"
eugene_2020-09-07,g4sumuc,"How could it possibly be any worse than what we have now? We currently have highly concentrated smoke that came directly from a fire just a few miles away, and we’re going to replace it with smoky air that’s had days to disperse and dissipate? Sounds to me like air quality is going to improve dramatically.","How could it possibly be any worse than what we have now? We currently have highly concentrated smoke that came directly from a fire just a few miles away, and we’re going to replace it with smoky air that’s had days to disperse and dissipate? Sounds to me like air quality is going to improve dramatically."
eugene_2020-09-07,g4t05tb,This is accurate. The “cloud” of smoke is big but way less concentrated,This is accurate. The “cloud” of smoke is big but way less concentrated
eugene_2020-09-07,g4t5ksf,"If I need to blow my nose, then clearing it out usually makes it easier to smell anything at all, so I wouldn't be surprised to have an easier time smelling the smoke mixed into the air all around me. So smelling the smoke itself shouldn't be any cause for concern. Whether or not coughing and mucous with preexisting asthma is a cause for alarm isn't something I can comment on, however, so consider the previous statement only applicable to the issue of smelling smoke after blowing your nose.","If I need to blow my nose, then clearing it out usually makes it easier to smell anything at all, so I wouldn't be surprised to have an easier time smelling the smoke mixed into the air all around me. So smelling the smoke itself shouldn't be any cause for concern. Whether or not coughing and mucous with preexisting asthma is a cause for alarm isn't something I can comment on, however, so consider the previous statement only applicable to the issue of smelling smoke after blowing your nose."
eugene_2020-09-07,g4vr6yb,"People already mentioned this but saline rinse/steam - anything that will loosen the mucus even more and help you pass it. Either blow it out, cough it up or swallow it. Your nose is doing it’s job, but now it’s full of smoke. There’s sterile nasal saline sprays, with just saline that work really well.","People already mentioned this but saline rinse/steam - anything that will loosen the mucus even more and help you pass it. Either blow it out, cough it up or swallow it. Your nose is doing it’s job, but now it’s full of smoke. There’s sterile nasal saline sprays, with just saline that work really well."
eugene_2020-09-07,g4u2g65,I’ve found this air quality map useful. It updates every minute or so.,I’ve found this air quality map useful. It updates every minute or so.
eugene_2020-09-07,iqtblf,"… The evacuation zones in Lane County remain unchanged. - Smoke continues to be hazardous. No snapshots today but here are links to Airnow \ PurpleAir - Same as yesterday, if you can avoid being in the smoke, do so. If you can avoid working in the smoke, do so. Personally, I would refuse to work outside or in an inside environment that is frequently exposed to outside air without adequate ventilation removing the smoke. The EPA Air Quality Index only goes up to 301+. - Rain predicted as possible for next Monday and/or Tuesday. … - 04:20 Operations Chief starts speaking, discusses sequence of events to date. - 05:50 Rundown of current fire operations - 07:30 Discusses prediction for next few days, wind shifting to west wind, will likely shift fire and lift smoke. - 09:20 Lane County Sheriff starts speaking, - 10:20 Tuesday (the 9th) the evacuation zones were established and they are confident that those zones are good the way they are now, until wind changes. …","September 11, Holiday Farm Fire Update As the day goes on this information becomes increasingly out of date. Please check the sources linked for more up to date information, specifically the Lane County Sheriff Facebook and Lane County Holiday Farm Fire Webpage. Good morning again for the third time. - The fire's progress has been very slow since yesterday getting well established \(red bordered zones\) in the areas that were just red spots yesterday. From US Wildfire Reports - Wind continues to come from the west this morning and is predicted to stay that way all day. Last night we had some south and southwest winds. This is From Willyweather again. - Evacuation areas have been updated in northern areas in Linn county adding a new level 3 evacuation zone and two level one evacuation zones north of the fire. The evacuation zones in Lane County remain unchanged. - Smoke continues to be hazardous. No snapshots today but here are links to Airnow \ PurpleAir - Same as yesterday, if you can avoid being in the smoke, do so. If you can avoid working in the smoke, do so. Personally, I would refuse to work outside or in an inside environment that is frequently exposed to outside air without adequate ventilation removing the smoke. The EPA Air Quality Index only goes up to 301+. - Rain predicted as possible for next Monday and/or Tuesday. - I can't find an official source on containment but I would guess we're at 0% and will continue to be that way for at least a couple days. The last official update was yesterday. Lane County and State Officials held a briefing last night, here are the highlights. This information is from yesterday and so it is a little outdated. - 00:30 Incident Commander starts speaking - 01:00 145k acres affected so far, 4k level 3 evacuation - 01:29 17k people are under evac orders, he breaks it down by county and evac level. The 17k number includes all levels of evacuation 1-3. - 02:09 Oregon wildfires burn on average 500k acres per year, in the last 10 years. In the last 72 hours the state over 1 million acres have been burned. - 02:35 Priority is to preserve life of firefighters and residents, keep Hwy 126 open for evacuations and fire fighting operations, and save homes. They have saved hundreds of homes. No law enforcement or firefighters injured yet. - 04:20 Operations Chief starts speaking, discusses sequence of events to date. - 05:50 Rundown of current fire operations - 07:30 Discusses prediction for next few days, wind shifting to west wind, will likely shift fire and lift smoke. - 09:20 Lane County Sheriff starts speaking, - 10:20 Tuesday (the 9th) the evacuation zones were established and they are confident that those zones are good the way they are now, until wind changes. - 11:17 The County Sheriff has a call center set up to document calls from people wondering about loved ones that are in evacuation zones that they can’t contact. As soon as it is safe, the Sheriff’s department will go out to those locations to do welfare checks on people. If you call the Sheriff and ask about a loved one and then subsequently get in touch with that loved one, please call the Sheriff back and let them know you got in contact. - 12:50 Don’t try to access areas in level 3 evacuation zones, even if you’ve heard that the roads are open. - 13:35 The National guard is coming in to keep people out of evacuation zones. Law enforcement will be freed to go out to patrol evacuated areas to prevent criminal behavior (looting) and do welfare checks on people who did not evacuate. - 17:00 Q&A starts - 17:05 Sheriff addresses reports of widespread looting. He says they don’t have reports of widespread looting and they are patrolling 24hrs a day. - 17:51 No info about fatalities however it was an “explosive fire event and we have a lot of damaged structures” there is a possibility of fatalities. - 18:20 They are working with organizations to rescue animals in evac zones. - 19:09 Estimated containment date is October 9th October 29th, this is “very rough” and “something to shoot for” but it’s all dependent on weather. There is a “good chance” that the fire will continue burning well into the rainy season and winter even though it is contained and no longer spreading. - 20:06 Evacuation levels are “comfortable” and should stay as they are until the situation changes. - 22:25 No reason for people in Eugene to be concerned about evacuating and they will give “plenty of notice” if that’s necessary. - 23:25 They don’t feel like this fire is being “shorted” resources by any level considering that there are several other fires in Oregon that are currently more critical than this fire. - 26:13 There are still residents up at Rainbow, Blue River, and McKenzie Bridge that are unable to evacuate or choosing not to evacuate. Officials are doing what they can to keep those people safe and provide them with resources. - 27:56 EWEB representative address tap water concerns. There are taste and odor issues with the water in Eugene caused by sediment from the burn into the water and on Wednesday they started using powder activated carbon that absorbs the organic molecules from that sediment. Water quality will continue to have odor and taste until Friday or Saturday but is safe to drink. Links: - Here's a link to another map of the fires: ARCGIS - Statesman Journal's webpage tracking the fires. - Official Facebook page for the fire: - Lane County Sheriff's office facebook page for evacuation information: - Link to Wednesday's post and FAQ's. Summary Opinion: Once again I'm optimistic that the fire has been slowed enough to keep it out of populated areas. Right now it's just holding on to see if conditions change but if the wind continues to come from the west and the rain comes next week, I think we'll be out of immediate danger and the evacuation zones may be lifted or reduced. Big thank you to the firefighters and local officials. If you see them around or can give them any positive feedback, I'm sure they're run ragged by now and any positivity could really help. This will be my last update unless things change significantly. Stay safe, keep your spirits up, and hopefully we're over the worst of it. Edited as I find errors, and significant changes I'll list. No FAQs today, but if there are answers, corrections, or more info contributed below I'll edit the post. P.S: Thank you to everyone who gave me awards yesterday. If you'd like to give an award today, please consider donating to our local Red Cross instead."
eugene_2020-09-07,g4u6o05,"I ran across this post in my Facebook feed and it made me think about how so many people responded to the brain fog question posted last night. It makes sense, even if we are lucky enough to not be personally in danger, something is clearly not okay and while we’re sentient we’re still animals. …","I ran across this post in my Facebook feed and it made me think about how so many people responded to the brain fog question posted last night. It makes sense, even if we are lucky enough to not be personally in danger, something is clearly not okay and while we’re sentient we’re still animals. It actually made me feel a little better."
eugene_2020-09-07,g4ufhj4,"My neighbor across the street just (like 30 min ago.... are we neighbors u/[user] ?) had their landscaping guys blowing all the ash out of their driveway and yard everywhere while another guy MOWED THE LAWN! Seriously, I thought that was restricted right now.","My neighbor across the street just (like 30 min ago.... are we neighbors u/[user] ?) had their landscaping guys blowing all the ash out of their driveway and yard everywhere while another guy MOWED THE LAWN! Seriously, I thought that was restricted right now."
eugene_2020-09-07,g4vpm41,"I'd prefer less dust and ash being blown back into the air we All have to breathe. But it's ok just think of yourself, seems to the theme of 2020.","I'd prefer less dust and ash being blown back into the air we All have to breathe. But it's ok just think of yourself, seems to the theme of 2020."
eugene_2020-09-07,g4vtbzd,"So I'm one of the people who did this early on. My driveway and deck was covered in ash and tree branches from the windstorm. My electric leaf blower puts more ash and dust in the air than sweeping or raking. On the other hand, everyone is already indoors and/or wearing PPE. (I wore a P100 respirator to do the work) My driveway is on a steep hill and my elderly father (or I) could easily slip on the debris, and it makes it pretty hard to drive. I think it's a reasonable thing to do once to keep things safe.","So I'm one of the people who did this early on. My driveway and deck was covered in ash and tree branches from the windstorm. My electric leaf blower puts more ash and dust in the air than sweeping or raking. On the other hand, everyone is already indoors and/or wearing PPE. (I wore a P100 respirator to do the work) My driveway is on a steep hill and my elderly father (or I) could easily slip on the debris, and it makes it pretty hard to drive. I think it's a reasonable thing to do once to keep things safe."
eugene_2020-09-07,g4wmb26,"Yeah I used my electric leaf blower on the ash on my patio and it worked great. Besides, it’s no worse than my neighbor’s stupid yappy little dog, waking me up on weekend mornings at 6am. …","Yeah I used my electric leaf blower on the ash on my patio and it worked great. Besides, it’s no worse than my neighbor’s stupid yappy little dog, waking me up on weekend mornings at 6am. F them, they can handle 5 minutes of leaf blower mid-day once in a great while."
eugene_2020-09-07,g4uqjyp,"… On a more serious note: Best I can tell you is that if you have a typical forced air heat pump system, to turn it off at the thermostat, but leave the internal fan on. One of the local heating companies is advising doing so because on most systems, it will keep the air circulating in your house (and presumably through your filter) without drawing in air from outside. Then seal up all your doors and windows with whatever you have:rags, cardboard, painters tape, etc. If you don't have forced air, you might still be able to buy a filter from a home improvement store and try one of the homebrew designs on this subreddit. Its waaaaaay too late to go shopping for an actual purifier.","Omegalul. Thanks, I needed a laugh this morning. On a more serious note: Best I can tell you is that if you have a typical forced air heat pump system, to turn it off at the thermostat, but leave the internal fan on. One of the local heating companies is advising doing so because on most systems, it will keep the air circulating in your house (and presumably through your filter) without drawing in air from outside. Then seal up all your doors and windows with whatever you have:rags, cardboard, painters tape, etc. If you don't have forced air, you might still be able to buy a filter from a home improvement store and try one of the homebrew designs on this subreddit. Its waaaaaay too late to go shopping for an actual purifier."
eugene_2020-09-07,g4v7el9,I reported Walmart Neighborhood Market to OSHA because they literally leave their front doors open during this (probably COVID related). The store is just smoke and both the employees and the shoppers are suffering.,I reported Walmart Neighborhood Market to OSHA because they literally leave their front doors open during this (probably COVID related). The store is just smoke and both the employees and the shoppers are suffering.
eugene_2020-09-07,g4xpxuj,I WAS JUST THINKING THIS SMOKE BULLSHIT IS WORSE THAN BEING TRAPPED IN THE HOUSE DUE TO WISCO. SNOW. …,"I WAS JUST THINKING THIS SMOKE BULLSHIT IS WORSE THAN BEING TRAPPED IN THE HOUSE DUE TO WISCO. SNOW. AT LEAST WITH THE SNOW, IT CAN BE FUN FOR A TIME. I ONCE ATE A BUNCH OF MESCALINE AND WENT OUT IN A SNOW STORM WITH MY BIKE. I REMEMBER STOPPING AT A SMALL CREEK AND WATCHING THE SURFACE FREEZE AS I WATCHED. I WAS SO MESMERIZED THAT A PASSER BY ASKED ME IF I WAS OK. I SAID YES, AND ASKED THEM IF IN FACT I WAS SEEING THE WATER FREEZE IN REAL TIME. HE GAVE ME THE STRANGEST LOOK AND SAID, YOU MUST NOT BE FROM AROUND HERE. NOPE..I'M FROM OUT THERE! ANY WAY ... I COULDN'T IMAGINE EATING SOME PSYCHEDELICS DURING THIS FIRE BULLSHIT. NO WAY THAT WOULD END UP GOOD."
eugene_2020-09-07,g4v96wd,"Personal health, you should be fine as long as you keep everything closed up for the time being and stay mostly inside. If you have underlying breathing issues, a lot of people have had decent success strapping air filters to box fans and letting them filter air inside their homes.","Personal health, you should be fine as long as you keep everything closed up for the time being and stay mostly inside. If you have underlying breathing issues, a lot of people have had decent success strapping air filters to box fans and letting them filter air inside their homes."
eugene_2020-09-07,iqxgh6,"Hopefully some helpful advice about taking care of your home with all this ash Hey guys, ER here, hope you are staying safe during this incredibly tough weather. I found a couple good articles and some good input on making sure your home isn't compromised by the ash. You should wait until smoke and ash have stopped falling before cleaning up! Clean your house when public-works crews are cleaning the areas outside your house (Street) as a coordinated approach. Put on your mask before starting to clean. If you don't have one, use a wet cloth. Only use one entrance to the building while cleaning to ensure occupants do not bring in ash into clean areas. Use a dustless method of cleaning such as washing with water and an effective detergent/wetting agent. … CHECK YOUR ROOF for any fallen limbs/damage, if we get unlucky and go without rain next week you will want to spray down your roof and clean gutters. I contacted a couple roofing companies that said the ash shouldn't damage your roof but may block outflow in gutters if it has time to solidify. Take care to walk around your property and look for dry brush that may spark DO NOT use leaf blowers or any compressed air for obvious reasons Reach out to your neighbors and ask if they need help with cleaning please! …","Hopefully some helpful advice about taking care of your home with all this ash Hey guys, ER here, hope you are staying safe during this incredibly tough weather. I found a couple good articles and some good input on making sure your home isn't compromised by the ash. You should wait until smoke and ash have stopped falling before cleaning up! Clean your house when public-works crews are cleaning the areas outside your house (Street) as a coordinated approach. Put on your mask before starting to clean. If you don't have one, use a wet cloth. Only use one entrance to the building while cleaning to ensure occupants do not bring in ash into clean areas. Use a dustless method of cleaning such as washing with water and an effective detergent/wetting agent. Damp rag techniques or vacuuming should be used whenever possible. CHECK YOUR ROOF for any fallen limbs/damage, if we get unlucky and go without rain next week you will want to spray down your roof and clean gutters. I contacted a couple roofing companies that said the ash shouldn't damage your roof but may block outflow in gutters if it has time to solidify. Take care to walk around your property and look for dry brush that may spark DO NOT use leaf blowers or any compressed air for obvious reasons Reach out to your neighbors and ask if they need help with cleaning please! Hope this is somewhat helpful and I hope everyone is staying safe! Feel free to leave your suggestions in the comments!"
eugene_2020-09-07,g4v89h2,The ones that show an average have a disclaimer—usually in plain sight—somewhere near the aqi rating. I checked airnow and it looks like it last updated at 1pm.,The ones that show an average have a disclaimer—usually in plain sight—somewhere near the aqi rating. I checked airnow and it looks like it last updated at 1pm.
eugene_2020-09-07,g4vqz3r,The air is still and we are in an inversion layer. The smoke is just piling up until we get an onshore flow.,The air is still and we are in an inversion layer. The smoke is just piling up until we get an onshore flow.
eugene_2020-09-07,g4wksc1,Does anyone know when this heavy smoke is predicted to lift? :(,Does anyone know when this heavy smoke is predicted to lift? :(
eugene_2020-09-07,ir03cd,"Evacuation zones, fire perimeters, traffic and accidents, and air quality as of 9/11/20 2:30pm","Evacuation zones, fire perimeters, traffic and accidents, and air quality as of 9/11/20 2:30pm"
eugene_2020-09-07,g4vs8z8,"I have a portable air conditioner and because the piece that goes in the window isn't a perfect fit and I didn't have anything to seal it with, it wound up pulling smoke inside. I got a major headache and a sore throat and this was a few days ago before the smoke was bad. I don't recommend using it.","I have a portable air conditioner and because the piece that goes in the window isn't a perfect fit and I didn't have anything to seal it with, it wound up pulling smoke inside. I got a major headache and a sore throat and this was a few days ago before the smoke was bad. I don't recommend using it."
eugene_2020-09-07,g4wbksz,It might be awesome if there was like a squadron of Subarus or something that rolled around peacefully with rainbow Oregon flags and like folks handing out n95 masks and water bottles at stop lights.,It might be awesome if there was like a squadron of Subarus or something that rolled around peacefully with rainbow Oregon flags and like folks handing out n95 masks and water bottles at stop lights.
eugene_2020-09-07,g501k15,"The first time I read it, I didn’t even notice an issue with the title until I saw your comment. I think the smoke has definitely cooked my brain.","The first time I read it, I didn’t even notice an issue with the title until I saw your comment. I think the smoke has definitely cooked my brain."
eugene_2020-09-07,g4y3lte,"Honest question, is the hazardous air quality really not that big of a deal? Its been in the hazardous range over 5 days now and likely to be for at least a few more until possibly we get rain. I've seen people out and about without a mask on outside and such. Is breathing in technically hazardous air for a week straight not as big a deal as I think it is?","Honest question, is the hazardous air quality really not that big of a deal? Its been in the hazardous range over 5 days now and likely to be for at least a few more until possibly we get rain. I've seen people out and about without a mask on outside and such. Is breathing in technically hazardous air for a week straight not as big a deal as I think it is?"
eugene_2020-09-07,g4y5mps,"What is the difference between taking your dog camping for a week and sitting in front of a fire pit every night for a few hours, and taking it for a walk outside in this smoke for the same amount of time each day instead?","What is the difference between taking your dog camping for a week and sitting in front of a fire pit every night for a few hours, and taking it for a walk outside in this smoke for the same amount of time each day instead?"
eugene_2020-09-07,g51bpgn,"… Both make resin high in turpenes that, when burned, can cause serious irritation, discomfort, and respiratory issues when inhaled in concentrated amounts or over a long period of time. There’s actually a condition nicknamed “Cedar Asthma” that VERY MUCH resembles an allergic reaction because it causes throat swelling or asthma-like symptoms. Some people can even get it just from the cedar shavings or dust itself. …","Two common trees in the Eugene area are pine and cedar. Both make resin high in turpenes that, when burned, can cause serious irritation, discomfort, and respiratory issues when inhaled in concentrated amounts or over a long period of time. There’s actually a condition nicknamed “Cedar Asthma” that VERY MUCH resembles an allergic reaction because it causes throat swelling or asthma-like symptoms. Some people can even get it just from the cedar shavings or dust itself. (Source: I used to work at a architectural lumber house)"
eugene_2020-09-07,g51avc1,"The smoke will begin to leave tomorrow night. We should see a considerable difference by Monday, and it should be gone by Tuesday/Wed. …","The smoke will begin to leave tomorrow night. We should see a considerable difference by Monday, and it should be gone by Tuesday/Wed. Hang in there."
eugene_2020-09-07,g5364pz,"… If we don't get rain Tuesday it will just fade off really, really gradually. The air is getting really damp (there is fog mixing with smoke tonight in West Eugene), so that helps capture some of the debris.","First real chance of rain is Tuesday. Southwesterly winds supposed to pick up a little bit Monday into Tuesday. If we don't get rain Tuesday it will just fade off really, really gradually. The air is getting really damp (there is fog mixing with smoke tonight in West Eugene), so that helps capture some of the debris."
eugene_2020-09-07,g52z8bb,"Your engine air filter should be more than sufficient to keep your vehicle running for the trip, so don't worry about that. As for your cabin air filter, it should be located under/behind your glove box. It should be sufficient to get most of the smoke, and you can always get replacements at autozone, O'Reillys, or Knechts. There is usually a book next to all the filters where you look up your make , model, and year to get the part number. … Usually no tools required. Air filters become more effective at blocking material as they become clogged though, so swapping for a new may not be advisable.","Your engine air filter should be more than sufficient to keep your vehicle running for the trip, so don't worry about that. As for your cabin air filter, it should be located under/behind your glove box. It should be sufficient to get most of the smoke, and you can always get replacements at autozone, O'Reillys, or Knechts. There is usually a book next to all the filters where you look up your make , model, and year to get the part number. Then you just find it on the shelf and swap it out. Usually no tools required. Air filters become more effective at blocking material as they become clogged though, so swapping for a new may not be advisable."
eugene_2020-09-07,irv7fy,"… Hi! I have to drive to Portland and back on Monday and I'm nervous about spending 4 hours in the car with all the smoke. Do you have any tips/tricks to keep me and my car safe? I have an old car, 2000 chrystler concorde. My concerns are mainly driving with air filters that may be clogged up from ash and keeping my windows closed and not having fresh air for the entire 4 hours. :( :( :( Help!","Have to drive to Portland and back, tips?? Hi! I have to drive to Portland and back on Monday and I'm nervous about spending 4 hours in the car with all the smoke. Do you have any tips/tricks to keep me and my car safe? I have an old car, 2000 chrystler concorde. My concerns are mainly driving with air filters that may be clogged up from ash and keeping my windows closed and not having fresh air for the entire 4 hours. :( :( :( Help!"
eugene_2020-09-07,iryy1q,"… Stay inside if you can. Not just smoke today, but fog also I can't even see the house across the street. DENSE SMOKE ADVISORY ISSUED: 4:48 AM SEP. 13, 2020 – NATIONAL WEATHER SERVICE ... DENSE SMOKE ADVISORY REMAINS IN EFFECT UNTIL 6 PM TODAY... \ WHAT...Visibility of a quarter of a mile or less in dense smoke, and with fog at times. Visibility may improve to up to 1 to 2 miles at times in a mix of fog and smoke. \ WHERE...South Willamette Valley, Cascades in Lane County, Central Oregon Coast, Northern Oregon Cascades, Northern Oregon Cascade Foothills, Cascade Foothills in Lane County and Central Coast Range of Western Oregon. … \ IMPACTS...Hazardous driving conditions due to low visibility. \ ADDITIONAL DETAILS...Very unhealthy to hazardous air quality conditions due to the dense smoke. For more information on latest air quality conditions, go online to the the Oregon Department of Environment Quality or the Lane Regional Air Pollution Agency. PRECAUTIONARY/PREPAREDNESS ACTIONS... Persons with respiratory illnesses should remain indoors to avoid inhaling smoke. If driving, slow down, use your headlights, and leave plenty of distance ahead of you.","Sun Sept 13. Stay safe. Stay inside if you can. Not just smoke today, but fog also I can't even see the house across the street. DENSE SMOKE ADVISORY ISSUED: 4:48 AM SEP. 13, 2020 – NATIONAL WEATHER SERVICE ... DENSE SMOKE ADVISORY REMAINS IN EFFECT UNTIL 6 PM TODAY... \ WHAT...Visibility of a quarter of a mile or less in dense smoke, and with fog at times. Visibility may improve to up to 1 to 2 miles at times in a mix of fog and smoke. \ WHERE...South Willamette Valley, Cascades in Lane County, Central Oregon Coast, Northern Oregon Cascades, Northern Oregon Cascade Foothills, Cascade Foothills in Lane County and Central Coast Range of Western Oregon. \ WHEN...Until 6 PM today. \ IMPACTS...Hazardous driving conditions due to low visibility. \ ADDITIONAL DETAILS...Very unhealthy to hazardous air quality conditions due to the dense smoke. For more information on latest air quality conditions, go online to the the Oregon Department of Environment Quality or the Lane Regional Air Pollution Agency. PRECAUTIONARY/PREPAREDNESS ACTIONS... Persons with respiratory illnesses should remain indoors to avoid inhaling smoke. If driving, slow down, use your headlights, and leave plenty of distance ahead of you."
eugene_2020-09-07,is7ee1,"Are hotels better? My mom is sick from the smoke. We've done everything we can to make the house better but it's not enough. According to AQI maps there's no clean air within a day's drive, and even that would be too much for her. We have two dogs and aren't rich so our hotel options are limited, but I was wondering if the ventilation system in hotels would be enough to keep the smoke out. Anyone know? …","Are hotels better? My mom is sick from the smoke. We've done everything we can to make the house better but it's not enough. According to AQI maps there's no clean air within a day's drive, and even that would be too much for her. We have two dogs and aren't rich so our hotel options are limited, but I was wondering if the ventilation system in hotels would be enough to keep the smoke out. Anyone know? I'm grasping at straws here."
eugene_2026-08-03_comparison,p1ivm0m,… Sucks. Just stocked up on the N95 particulate model.,Seems inevitable. Sucks. Just stocked up on the N95 particulate model.
eugene_2026-08-03_comparison,p1j0s80,here's a live satellite image of the region. you can see smoke traveling east for the first time this summer. should go back to normal jet stream westerlies by the weekend,here's a live satellite image of the region. you can see smoke traveling east for the first time this summer. should go back to normal jet stream westerlies by the weekend
eugene_2026-08-03_comparison,1veyrqw,"Smoke came out of nowhere tonight, best app or website? Hi all, we moved to Eugene from the East Coast in May and just opened my window tonight to see a very red sun and wow that smell of wildlife smoke changed so drastically from the beautiful afternoon! Could you guys let me know the best website to add to my Favorites bar - or even an app (?) that you use most when you just quickly want to know/see what the closest fire is or I guess where in the region the smoke is coming in from? Thank you so much!!","Smoke came out of nowhere tonight, best app or website? Hi all, we moved to Eugene from the East Coast in May and just opened my window tonight to see a very red sun and wow that smell of wildlife smoke changed so drastically from the beautiful afternoon! Could you guys let me know the best website to add to my Favorites bar - or even an app (?) that you use most when you just quickly want to know/see what the closest fire is or I guess where in the region the smoke is coming in from? Thank you so much!!"
eugene_2026-08-03_comparison,p1kwtio,"Watch Duty for fire monitoring and alerts, Purple Air for air quality","Watch Duty for fire monitoring and alerts, Purple Air for air quality"
eugene_2026-08-03_comparison,p1kwx9p,We use purpleair.com US EPA PM 2.5 LRAPA filter. It's a decent crowd sourced thing.,We use purpleair.com US EPA PM 2.5 LRAPA filter. It's a decent crowd sourced thing.
eugene_2026-08-03_comparison,p1kyxdr,"Watch Duty has PurpleAir Air quality numbers in it now, under Weather.","Watch Duty has PurpleAir Air quality numbers in it now, under Weather."
eugene_2026-08-03_comparison,p1kz941,The smoke was in the forecast since Saturday . Go here tldr; we are in for a rough couple of days,The smoke was in the forecast since Saturday . Go here tldr; we are in for a rough couple of days
eugene_2026-08-03_comparison,p1kzuld,"Don’t know that I’d say it came out of nowhere. These fires have been burning for weeks, this isn’t the first day we’ve gotten smoke. Heck we had haze and smoke yesterday even. As far as resources, Inciweb is the official resource for large fire perimeters and information. For air quality PurpleAir is one of the better sites because it offers moralized data than most weather sites, which rely on a couple regional monitoring stations which may give very different readings depending on location. The downside is that some sensors may be placed near other sources of contamination, so use your best judgement.","Don’t know that I’d say it came out of nowhere. These fires have been burning for weeks, this isn’t the first day we’ve gotten smoke. Heck we had haze and smoke yesterday even. As far as resources, Inciweb is the official resource for large fire perimeters and information. For air quality PurpleAir is one of the better sites because it offers moralized data than most weather sites, which rely on a couple regional monitoring stations which may give very different readings depending on location. The downside is that some sensors may be placed near other sources of contamination, so use your best judgement."
eugene_2026-08-03_comparison,p1l07n3,"Watch Duty, Purple Air, and the NOAA smoke forecast. NOAA said 30 hours before the smoke, smoke in 30 hours. Science is often amazing like that when not defaced with a Sharpie. Select ground level smoke and run the forecast. Meanwhile, a project you can do that often draws detractors on reddit, which both NASA and 3M have tested and passed: Sure works for me.","Watch Duty, Purple Air, and the NOAA smoke forecast. NOAA said 30 hours before the smoke, smoke in 30 hours. Science is often amazing like that when not defaced with a Sharpie. Select ground level smoke and run the forecast. Meanwhile, a project you can do that often draws detractors on reddit, which both NASA and 3M have tested and passed: Sure works for me."
eugene_2026-08-03_comparison,p1l25n7,I have opensnow for snow/ski weather forecasts in the winter. It includes wildfire smoke forecasts as well. Should be pretty nasty until Thursday afternoon (winds should clear it out. …,I have opensnow for snow/ski weather forecasts in the winter. It includes wildfire smoke forecasts as well. Should be pretty nasty until Thursday afternoon (winds should clear it out. Most of this is from Washington where their fire season has been brutal.
eugene_2026-08-03_comparison,p1l6hfy,"has all the PurpleAir sites plus other ones for air quality so it's the best one IMO. In the layers you can turn on NOAA smoke plumes, and see where it's all coming from. It also shows fire locations and perimeters, but WatchDuty is better if you are following a specific fire and need updates. …","has all the PurpleAir sites plus other ones for air quality so it's the best one IMO. In the layers you can turn on NOAA smoke plumes, and see where it's all coming from. It also shows fire locations and perimeters, but WatchDuty is better if you are following a specific fire and need updates. Like someone else mentioned, CR boxes are great but you can also slap a single furnace filter on a box fan if you don't have room for the cube."
eugene_2026-08-03_comparison,p1l8u0d,Watch Duty and one of two apps: Purple Air (Android) or Paku (iPhone). Both connect to air quality readers all over the city and beyond.,Watch Duty and one of two apps: Purple Air (Android) or Paku (iPhone). Both connect to air quality readers all over the city and beyond.
eugene_2026-08-03_comparison,p1l8wqs,"Watch Duty for fires, cameras, and air quality: Zoom.earth for satellite imagery of where smoke is coming from:","Watch Duty for fires, cameras, and air quality: Zoom.earth for satellite imagery of where smoke is coming from:"
eugene_2026-08-03_comparison,p1mpmjn,"One more resource (for forecasts, so a bit sideways from the original question but worth knowing about) - Ventusky has graphical forecasts including air quality.","One more resource (for forecasts, so a bit sideways from the original question but worth knowing about) - Ventusky has graphical forecasts including air quality."
eugene_2026-08-03_comparison,p1n7h3b,real time satellite images that you can see smoke direction and fires,real time satellite images that you can see smoke direction and fires
eugene_2026-08-03_comparison,p1nfto9,"I use Purple Air for the smoke weather and windy.com to check the wind currents. Also Wunderground weather has an air quality metric to check out each day. And I was just introduced to A.Atmos, it has all the layers and map styles. Does work on mobile. It's like a Google Earth of air quality, ocean temps, meteorology.","I use Purple Air for the smoke weather and windy.com to check the wind currents. Also Wunderground weather has an air quality metric to check out each day. And I was just introduced to A.Atmos, it has all the layers and map styles. Does work on mobile. It's like a Google Earth of air quality, ocean temps, meteorology."
eugene_2026-08-03_comparison,1vezo8n,The Great Smoke Out Keep your doors and windows shut tight and animals inside. Limit outdoor activity. …,The Great Smoke Out Keep your doors and windows shut tight and animals inside. Limit outdoor activity. Or flee to the coast until Thanksgiving.
eugene_2026-08-03_comparison,p1l5iqi,"Or Friday, when the smoke is forecasted to blow east again.","Or Friday, when the smoke is forecasted to blow east again."
eugene_2026-08-03_comparison,p1ljvo1,I would also love to know where to get smoke/wind forecasts!,I would also love to know where to get smoke/wind forecasts!
eugene_2026-08-03_comparison,p1ly9a5,"… I was OK but kinda trapped. I still had fresh water, and went to pour a glass one afternoon and it tasted like smoke. The treatment plant had been abandoned as the flames reached it. …","It was really bad. I was working from home taped in with my AC and filters in each room. I was OK but kinda trapped. I still had fresh water, and went to pour a glass one afternoon and it tasted like smoke. The treatment plant had been abandoned as the flames reached it. That's when I considered us basically doomed."
eugene_2026-08-03_comparison,p1mk01q,"I hope to never see that again, quite honestly. I'm north of the river and it rained ash for days.","I hope to never see that again, quite honestly. I'm north of the river and it rained ash for days."
eugene_2026-08-03_comparison,p1nzsvy,"Yeah it was terrible. I was working at a deli at the time and ash was raining in through the vents on to the make line and my boss was more concerned about sales then the employees health, lol I made the decision to close early after the ash coming in, the smoke etc, we sold 1 breakfast burrito the entire 5 hours we were open, our breakfast burritos usually sold out within a hour of being open. I remember telling my boss nobody cares about the dang burritos right now look around outside 😒 😑","Yeah it was terrible. I was working at a deli at the time and ash was raining in through the vents on to the make line and my boss was more concerned about sales then the employees health, lol I made the decision to close early after the ash coming in, the smoke etc, we sold 1 breakfast burrito the entire 5 hours we were open, our breakfast burritos usually sold out within a hour of being open. I remember telling my boss nobody cares about the dang burritos right now look around outside 😒 😑"
eugene_2026-08-03_comparison,p1o6qqy,"Oh yeah the scenes I remember were landscapers out blowing ash all around to clean up yards while the sky was completely orange. Roofers up sweeping a roof off with ash, absolutely no breathing protection whatsoever. I was wearing a powered air filter hood and the looks I got while driving were strange. I told everyone to go home at my job, they did so. …","Oh yeah the scenes I remember were landscapers out blowing ash all around to clean up yards while the sky was completely orange. Roofers up sweeping a roof off with ash, absolutely no breathing protection whatsoever. I was wearing a powered air filter hood and the looks I got while driving were strange. I told everyone to go home at my job, they did so. I wasn't even in a position to do so, since the managers had said nothing to them. Still didn't catch flak from it tho."
eugene_2026-08-03_comparison,p1oald5,"I was working in the Bethel area at the time as a DSP, and I remember ash literally going into the house through the window AC units. On top of COVID at its peak, the fires felt like actual hell.","I was working in the Bethel area at the time as a DSP, and I remember ash literally going into the house through the window AC units. On top of COVID at its peak, the fires felt like actual hell."
eugene_2026-08-03_comparison,p1oilfx,I live in an RV and my AC has gaps around it (it's an unusual setup that uses a window AC) so I either roast to death or deal with the smoke. I guess I could try to find a way to block that though... …,I live in an RV and my AC has gaps around it (it's an unusual setup that uses a window AC) so I either roast to death or deal with the smoke. I guess I could try to find a way to block that though... Never thought of that until now lmao
eugene_2026-08-03_comparison,p1ow71b,AccuWeather air quality map,AccuWeather air quality map
eugene_2026-08-03_comparison,p1rwwow,I use an app called Windy. You can play the forecasts across the screen a few days out for both wind itself and add wildfire smoke as a layer.,I use an app called Windy. You can play the forecasts across the screen a few days out for both wind itself and add wildfire smoke as a layer.
eugene_2026-08-03_comparison,p1sszyg,"I grew up in the heyday of unrestricted grass seed field burning during the '60s, and remember the day that the sky was grayish-black with smoke in Eugene and Springfield. After that, the state enacted some rules about only blowing when the wind took the smoke over the Coburg Hills...and right into the Mohawk Valley, where I was. Your ""day at most"" was multiple weeks for me.","I grew up in the heyday of unrestricted grass seed field burning during the '60s, and remember the day that the sky was grayish-black with smoke in Eugene and Springfield. After that, the state enacted some rules about only blowing when the wind took the smoke over the Coburg Hills...and right into the Mohawk Valley, where I was. Your ""day at most"" was multiple weeks for me."
eugene_2026-08-03_comparison,p1pywkn,"This sounds silly, but depending on how large your front room (or other room) is, you can possibly clear enough stuff to walk your dog in basically a circle if you have an air purifier running inside the home. Yes this is boring, I listen to music or a podcast during, I have a very high energy working breed and don’t have a choice but to burn her energy off somehow or she starts peeling paint off the walls (literally). This is my go-to on heat waves, snow days and poor air quality days and it helps to have a table pushed into the center to circle around.","This sounds silly, but depending on how large your front room (or other room) is, you can possibly clear enough stuff to walk your dog in basically a circle if you have an air purifier running inside the home. Yes this is boring, I listen to music or a podcast during, I have a very high energy working breed and don’t have a choice but to burn her energy off somehow or she starts peeling paint off the walls (literally). This is my go-to on heat waves, snow days and poor air quality days and it helps to have a table pushed into the center to circle around."
eugene_2026-08-03_comparison,p1qv5mk,"Smoke haze typically blows off in the early AM and then gets worse continuously later in the day. Today has been a great example of this extremely common, near daily phenomenon","Smoke haze typically blows off in the early AM and then gets worse continuously later in the day. Today has been a great example of this extremely common, near daily phenomenon"
eugene_2026-08-03_comparison,p1s85f0,We do “smoke tourism.” I pin Google map locations with good smoke levels and pack everyone up for an adventure.,We do “smoke tourism.” I pin Google map locations with good smoke levels and pack everyone up for an adventure.
eugene_2026-08-03_comparison,p1sn6r8,… But the trends across town are all saying the same thing. Cold air = higher concentrations of smoke closer to the ground. It ain't rocket surgery.,"For jow, ruminate on this. We are currently 30 ppm higher than at 10am this morning this morning What ay you? I'm measuring from ame stations east campus that I looked at earlier. But the trends across town are all saying the same thing. Cold air = higher concentrations of smoke closer to the ground. It ain't rocket surgery."
eugene_2026-08-03_comparison,p1vv03c,"There’s a mostly uncontained wildfire at Hood, two large fires \ 80% contained to the East, and we get smoke that blows in and sits stagnant in this valley. Yes, that is how AQI increases. And when winds shift, as it is forecasted to later in the week, it will blow off. …","There’s a mostly uncontained wildfire at Hood, two large fires \ 80% contained to the East, and we get smoke that blows in and sits stagnant in this valley. Yes, that is how AQI increases. And when winds shift, as it is forecasted to later in the week, it will blow off. Go touch grass or get a hobby dude."
eugene_2026-08-03_comparison,p1wb6jv,There is supposed to be a change in the wind tonight. The air quality will likely get better overnight. Not sure how much better but it will improve. …,"There is supposed to be a change in the wind tonight. The air quality will likely get better overnight. Not sure how much better but it will improve. I would be surprised if they cancel, obviously if it somehow gets way worse its a possibility but it seems very unlikely still."
eugene_2026-08-03_comparison,1vgqah3,"This sucks My windows are shut, my air purifier is on, but it's still getting smokier. Is this what it feels like in a burning house?","This sucks My windows are shut, my air purifier is on, but it's still getting smokier. Is this what it feels like in a burning house?"
eugene_2026-08-03_comparison,p1z309g,Get some blue painters tape and seal off your windows and doors then crank the air purifier. You’ll be good,Get some blue painters tape and seal off your windows and doors then crank the air purifier. You’ll be good
eugene_2026-08-03_comparison,p1zkmpy,Im 16 miles inland and we are getting an inshore flow. We are expecting maybe some small pockets of smoke by morning. North valley should start lightening up by morning and probably mostly clear by end of Friday.,Im 16 miles inland and we are getting an inshore flow. We are expecting maybe some small pockets of smoke by morning. North valley should start lightening up by morning and probably mostly clear by end of Friday.
eugene_2026-08-03_comparison,p1zx5vk,My downstairs neighbors decided to grill food in front of the apartment in this air quality while my portable AC in/output is over there. I have many questions.,My downstairs neighbors decided to grill food in front of the apartment in this air quality while my portable AC in/output is over there. I have many questions.
eugene_2026-08-03_comparison,p20i66q,"Forecast is only one degree cooler. The hot weather aggravates the air quality a bit more too. As far as I can tell, looking at several sites, the air quality is likely to be as bad tomorrow.","Forecast is only one degree cooler. The hot weather aggravates the air quality a bit more too. As far as I can tell, looking at several sites, the air quality is likely to be as bad tomorrow."
eugene_2026-08-03_comparison,p20tfd6,"You know what really gives me the joie de vivre is strapping on a mask in the heat, and doing menial labor for people who came out to play in a cloud of smoke! I especially like when I have to find a spot indoors where I can remove the mask to wipe the sweat and mucus off my face before suffocating myself in heat some more to keep from poisoning myself. Just my chosen line of work! I certainly couldn't handle sitting in an air conditioned office with an air filter, that just wouldn't fulfill my gregarious need to be around people and wipe their asses with my sweaty gloves!","You know what really gives me the joie de vivre is strapping on a mask in the heat, and doing menial labor for people who came out to play in a cloud of smoke! I especially like when I have to find a spot indoors where I can remove the mask to wipe the sweat and mucus off my face before suffocating myself in heat some more to keep from poisoning myself. Just my chosen line of work! I certainly couldn't handle sitting in an air conditioned office with an air filter, that just wouldn't fulfill my gregarious need to be around people and wipe their asses with my sweaty gloves!"
eugene_2026-08-03_comparison,p215vh4,I don't have A/C and now I cant open the windows at night cuz of this damned smokey air. 110 inside my house today. I have asthma so I can hardly go outside. My air purifier decided to break today. Lose/lose misery. Hot af and can't breathe. USA forever.,I don't have A/C and now I cant open the windows at night cuz of this damned smokey air. 110 inside my house today. I have asthma so I can hardly go outside. My air purifier decided to break today. Lose/lose misery. Hot af and can't breathe. USA forever.
eugene_2026-08-03_comparison,p22p4ja,"that was the scariest shit smoke blotting out the sun during the day, wind blowing so hard branches were falling on the roof, go outside at night and BAM there's a mountain a few minutes down the road and it's on fire then we get evacuated to eugene from mckenzie bridge and the air is WORSE because of the damn valley","that was the scariest shit smoke blotting out the sun during the day, wind blowing so hard branches were falling on the roof, go outside at night and BAM there's a mountain a few minutes down the road and it's on fire then we get evacuated to eugene from mckenzie bridge and the air is WORSE because of the damn valley"
eugene_2026-08-03_comparison,p22wksn,"Do you have window or portable Air Conditioner? If you have any one of these, smoke can still get in through the vents on them. Because it takes the air outside and blows cold air inside the home. There are more homes without central air, ( which this doesn't happen ), in the PNW. …","Do you have window or portable Air Conditioner? If you have any one of these, smoke can still get in through the vents on them. Because it takes the air outside and blows cold air inside the home. There are more homes without central air, ( which this doesn't happen ), in the PNW. Than anywhere in the USA."
eugene_2026-08-03_comparison,p27nrp4,"Mask: N95 or KN95 is good; maybe get a fancier one specifically for particulates if you feel an upgrade is called for. Air purifiers are a must. If you're staying in a newer building with an HVAC system, make sure the windows are closed and locked (helps the seal), and you should be good. … Yeah, go ahead and weatherize. Mom-in-law should have an extra air filter just for her bedroom. The AirNow app by the EPA is great, it's where most of the screenshots in this thread came from.","Mask: N95 or KN95 is good; maybe get a fancier one specifically for particulates if you feel an upgrade is called for. Air purifiers are a must. If you're staying in a newer building with an HVAC system, make sure the windows are closed and locked (helps the seal), and you should be good. Older building, no central air filtration system? Yeah, go ahead and weatherize. Mom-in-law should have an extra air filter just for her bedroom. The AirNow app by the EPA is great, it's where most of the screenshots in this thread came from."
eugene_2026-08-03_comparison,p1zixtx,"Look at the weather app, it shows aqi map, of course it can change as fast as the winds","Look at the weather app, it shows aqi map, of course it can change as fast as the winds"
eugene_2026-08-03_comparison,p1znjo9,"I was,listening to KLCC and the local weather report said like almost every county in Oregon has bad air!","I was,listening to KLCC and the local weather report said like almost every county in Oregon has bad air!"
eugene_2026-08-03_comparison,p1zv94q,Not even in 2020? In Springfield the smoke was way worse than this and we had ash raining down during the holiday farm fire.,Not even in 2020? In Springfield the smoke was way worse than this and we had ash raining down during the holiday farm fire.
eugene_2026-08-03_comparison,p202urd,"Tomorrow will be better than today, AQI much more in the normal range by friday.","Tomorrow will be better than today, AQI much more in the normal range by friday."
eugene_2026-08-03_comparison,p2063zs,"I wonder if it's up to code, I have never heard of smoke coming in with a ac unit but I've always had a split ac or window unit.","I wonder if it's up to code, I have never heard of smoke coming in with a ac unit but I've always had a split ac or window unit."
eugene_2026-08-03_comparison,p20agwv,"… maintenance staff basically told us to fuck ourselves when we mentioned the front and back doors don't shut properly. it's about as much smoke smell from outside as my car, which is both newer and barely used when i got it. i've just cleaned the filters and the entire a/c unit, so fingers crossed","op's nerdy wife here. it likely has filters, though of what quality i can't attest. maintenance staff basically told us to fuck ourselves when we mentioned the front and back doors don't shut properly. it's about as much smoke smell from outside as my car, which is both newer and barely used when i got it. i've just cleaned the filters and the entire a/c unit, so fingers crossed"
eugene_2026-08-03_comparison,p20fr5u,The temperature doesn’t have much to do with the smoke. It’s about the wind.,The temperature doesn’t have much to do with the smoke. It’s about the wind.
eugene_2026-08-03_comparison,p20mtgw,"In response to the high heat and AQI, St. Vincent de Paul has activated a daytime respite site : Location: Lane County Events Center, Meeting Room 1. Days: Tuesday, August 4 th \- Friday August 7 th Times: 10am-7pm Pets: Welcome to join owner onsite Details: Adults 18+ are welcome who are unhoused or inadequately housed for this weather event. Masks, PPE, snacks, food, and water will be available.","In response to the high heat and AQI, St. Vincent de Paul has activated a daytime respite site : Location: Lane County Events Center, Meeting Room 1. Days: Tuesday, August 4 th \- Friday August 7 th Times: 10am-7pm Pets: Welcome to join owner onsite Details: Adults 18+ are welcome who are unhoused or inadequately housed for this weather event. Masks, PPE, snacks, food, and water will be available."
eugene_2026-08-03_comparison,p20rmec,I am talking about the AQI forecast not the temperature,I am talking about the AQI forecast not the temperature
eugene_2026-08-03_comparison,p22xxh7,Mapleton here. AQI now is 77 here.,Mapleton here. AQI now is 77 here.
eugene_2026-08-03_comparison,p23c73y,"The coast is always a good bet…even when smoke is there it clears out well and is much easier to breathe, especially while right on the beach and not just in town.","The coast is always a good bet…even when smoke is there it clears out well and is much easier to breathe, especially while right on the beach and not just in town."
eugene_2026-08-03_comparison,p23cjk9,"Go to the coast. For the future, you can monitor air quality here: Note that these are voluntary monitoring stations so you'll always find one or two that's giving wildly different answers (usually malfunction or dead batteries). No, there's not a magic pocket of clean air in the middle of all this.","Go to the coast. For the future, you can monitor air quality here: Note that these are voluntary monitoring stations so you'll always find one or two that's giving wildly different answers (usually malfunction or dead batteries). No, there's not a magic pocket of clean air in the middle of all this."
eugene_2026-08-03_comparison,p23lknm,"The coast really isn't bad, I was in Waldport/Yachats from Sunday until yesterday evening and it was very nice weather and the smoke was unnoticeable, if not nonexistent","The coast really isn't bad, I was in Waldport/Yachats from Sunday until yesterday evening and it was very nice weather and the smoke was unnoticeable, if not nonexistent"
eugene_2026-08-03_comparison,p24fmzd,"Is there a spot for a filter on your AC? You could replace it with a HEPA filter that can stop smoke. Or you can tape the filter to the front, and secure the sides with plastic bags/saran wrap/tape. There are also filters you can buy or DIY. Wet towels catch smoke pretty well if you can get air blowing through it.","Is there a spot for a filter on your AC? You could replace it with a HEPA filter that can stop smoke. Or you can tape the filter to the front, and secure the sides with plastic bags/saran wrap/tape. There are also filters you can buy or DIY. Wet towels catch smoke pretty well if you can get air blowing through it."
eugene_2026-08-03_comparison,p278e9w,"If it's not clear by Saturday, try coming to Florence for a few days. It was only smoky here for a day and a half and since then, it hasn't been smoky at all.","If it's not clear by Saturday, try coming to Florence for a few days. It was only smoky here for a day and a half and since then, it hasn't been smoky at all."
eugene_2026-08-03_comparison,p1zs6iy,"We had an aqi sensor at work a while back that would spike this way. It was stuck to a landscaping shed, and it would spike whenever they fired up their leaf blowers and lawnmowers. …","We had an aqi sensor at work a while back that would spike this way. It was stuck to a landscaping shed, and it would spike whenever they fired up their leaf blowers and lawnmowers. Not this high mind you, but the graphs correlated perfectly for when the lawn mowers came out."
eugene_2026-08-03_comparison,p25ic2u,just because the air is toxic and there are bodies in our storm drains!?,just because the air is toxic and there are bodies in our storm drains!?
eugene_2026-08-03_comparison,p253izv,"… Seems like the option is keep it at Cuthbert or cancel the event. Also AQI has absolutely got better since this morning. Here is the high for today with the alton baker monitor, its currently at 178 and has decreased by 35 points over the last 6 hours. We also have sustained Westerly winds that are continuing to push smoke out.","Cuthbert holds 5k, McDonald holds 1k. Seems like the option is keep it at Cuthbert or cancel the event. Also AQI has absolutely got better since this morning. Here is the high for today with the alton baker monitor, its currently at 178 and has decreased by 35 points over the last 6 hours. We also have sustained Westerly winds that are continuing to push smoke out."
eugene_2026-08-03_comparison,p258sgr,"… Join us for an unforgettable evening of live music. Smoke & Air Quality Update: Today's show is going on as planned. We are continuing to monitor conditions closely, and the current forecast indicates that air quality is expected to improve throughout the afternoon and into the evening. 🎫 Tickets available online at ETIX.com, thecuthbert.com, and at the box office. …","They made an announcement that they’re not canceling. Ugh. An Evening with Dark Star Orchestra is at the Cuthbert Amphitheater tonight! Join us for an unforgettable evening of live music. Smoke & Air Quality Update: Today's show is going on as planned. We are continuing to monitor conditions closely, and the current forecast indicates that air quality is expected to improve throughout the afternoon and into the evening. 🎫 Tickets available online at ETIX.com, thecuthbert.com, and at the box office. Gates: 5:00 PM Show: 6:30 PM All ages welcome! Before you head out, please note: • NEW CHAIR POLICY: Single-seat, low-profile lawn chairs (no pockets) are permitted in GA lawn areas if the seat is no more than 6"" from the ground and the chair is no taller than 32"" overall. • Children 2 & under are free (hearing protection recommended). • All carry-in items are subject to inspection. • Clear bags only (14"" × 18"" × 6"" max). • No outside food or beverages. Empty plastic water bottles are welcome—water fill stations are available inside. • No blankets. Beach towels and yoga mats are permitted (30"" × 60"" max). For additional venue policies and FAQs, visit thecuthbert.com. Questions? Contact us at thecuthbert.com/contact/. Presented by Kesey Enterprises & Mammoth NW 🦣🌲"
eugene_2026-08-03_comparison,p25je4x,It always gets better during warm weather as heat rises pulling smoke upwards. As it cools down the air will compress and push the sole closer to the ground. The peaks in your graph show exactly that.,It always gets better during warm weather as heat rises pulling smoke upwards. As it cools down the air will compress and push the sole closer to the ground. The peaks in your graph show exactly that.
eugene_2026-08-03_comparison,p27x3gy,Because the winds shifted and the smoke is moving out as predicted for the day and tomorrow. Peak at 3am should tell you everything. …,Because the winds shifted and the smoke is moving out as predicted for the day and tomorrow. Peak at 3am should tell you everything. Peak in middle of night the day before also tells you everything. It's basic fucking earth science. I can't do this anymore
eugene_2026-08-03_comparison,p263fga,the quick escape route is the one thing keeping my sanity intact during fire season. nothing like standing in coastal fog and breathing actual air again after a week of looking at that red blob on the map,the quick escape route is the one thing keeping my sanity intact during fire season. nothing like standing in coastal fog and breathing actual air again after a week of looking at that red blob on the map
eugene_2026-08-03_comparison,p26qozn,For sure. AQI is forecast to drop significantly tomorrow pm and into the weekend. Hope it stays that way; I also hope the best for all those folks affected.,For sure. AQI is forecast to drop significantly tomorrow pm and into the weekend. Hope it stays that way; I also hope the best for all those folks affected.
eugene_2026-08-03_comparison,p2grt2y,… I hate it so so so much. This whole week I’ve had the windows shut due to the smoke and heat (I usually don’t run the a/c in the summer at all “I’m doing my part”) and it’s so nice and quiet. My sleep doesn’t get interrupted nearly as much.,I hate it. I hate it so so so much. This whole week I’ve had the windows shut due to the smoke and heat (I usually don’t run the a/c in the summer at all “I’m doing my part”) and it’s so nice and quiet. My sleep doesn’t get interrupted nearly as much.
eugene_2026-08-03_comparison,p2kwgbu,Looks like a good emergency shelter during cold or hot /smoky weather.,Looks like a good emergency shelter during cold or hot /smoky weather.
fairbanks_2022-06-27,ie3vyfh,Furnace air filters on the back of box fans is an easy one. Close windows.,Furnace air filters on the back of box fans is an easy one. Close windows.
fairbanks_2022-06-27,ie4j3im,"If you have not used Purple Air, it's a really cool website that pulls open source data from Purple Air brand AQI monitors from around town. I have found it to be the best means of tracking hyper local smoke conditions over the years. It's also great in winter too!","If you have not used Purple Air, it's a really cool website that pulls open source data from Purple Air brand AQI monitors from around town. I have found it to be the best means of tracking hyper local smoke conditions over the years. It's also great in winter too!"
fairbanks_2022-06-27,ie5jl2g,"It has only gotten worse. The smoke is thicker and the wind has died down sadly. Salcha, Ak","It has only gotten worse. The smoke is thicker and the wind has died down sadly. Salcha, Ak"
fairbanks_2022-06-27,ie5jaop,"Meanwhile there are certain people about, looking distinctly smug carrying on with windows-down, leisurely outdoor activities, and looking at me like im a lunatic for wearing an n99 mask (which i bought specifically for wild fire smoke).","Meanwhile there are certain people about, looking distinctly smug carrying on with windows-down, leisurely outdoor activities, and looking at me like im a lunatic for wearing an n99 mask (which i bought specifically for wild fire smoke)."
fairbanks_2022-06-27,ie9a09b,airnow.gov has a smoke map for the state/country. Generally clear on the Southside of the AK range according to FAA weather cams over the past two days.,airnow.gov has a smoke map for the state/country. Generally clear on the Southside of the AK range according to FAA weather cams over the past two days.
fairbanks_2022-06-27,ie9csz9,"Yes, it’s very smoky up here now. Hoping the winds change soon 🤞","Yes, it’s very smoky up here now. Hoping the winds change soon 🤞"
fairbanks_2022-06-27,ie9ssix,If you know there are smoke forecast maps why ask this? The maps are decently accurate. There are fires burning in the area (Anderson). Up the Steese looks most smoke free this weekend and thus why I’m going that way tomorrow for my 4 day weekend.,If you know there are smoke forecast maps why ask this? The maps are decently accurate. There are fires burning in the area (Anderson). Up the Steese looks most smoke free this weekend and thus why I’m going that way tomorrow for my 4 day weekend.
fairbanks_2022-06-27,ie9y9pz,Damn I was gonna go up mt Prindle. Higher elevation Smokey? less Smokey or same as Fairbanks? Closer to central seems out of smoke map mostly.,Damn I was gonna go up mt Prindle. Higher elevation Smokey? less Smokey or same as Fairbanks? Closer to central seems out of smoke map mostly.
fairbanks_2022-06-27,iea1ok3,I was hopeful prindle was close enough to central to be out of smoke. Studying map closer not really. … Should be less there. Central area is gonna have best air quality of most of interior this weekend seems to me.,"I was hopeful prindle was close enough to central to be out of smoke. Studying map closer not really. Will push a bit more driving wise, go up higher to eagle summit wayside and up mastodon. Should be less there. Central area is gonna have best air quality of most of interior this weekend seems to me."
fairbanks_2022-06-27,ieaey2g,"Check out Purple Air, there are monitors all around the state that have real-time AQI numbers. Last I checked there are a few devices near Denali. …","Check out Purple Air, there are monitors all around the state that have real-time AQI numbers. Last I checked there are a few devices near Denali. Happy camping!"
fairbanks_2022-06-27,iecqr6w,I second the UAF smoke maps! They’ve been pretty spot on the last few days. …,"I second the UAF smoke maps! They’ve been pretty spot on the last few days. I also like to look at the FAA webcams for a snapshot of visibility. The park usually has a few cameras running too, at least in the front part near the entrance this year. A mosquito density map! I love it 😂 That being said, I’m always surprised how variable they can be even in a small area. Like, “Ok, I can do this” to full on panic and hyperventilation and choking on wads of them at once. We need a real-time, public-generated heat map of mosquitoes."
fairbanks_2022-06-27,vnsunv,"Does anyone know if it's smokey in Denali Park? I know there are smoke maps out there but my phone hasn't figured them out. Also someone should make a mosquito density map, and an equation that combines bugs and smoke and tells me where to go camping","Does anyone know if it's smokey in Denali Park? I know there are smoke maps out there but my phone hasn't figured them out. Also someone should make a mosquito density map, and an equation that combines bugs and smoke and tells me where to go camping"
fresno_2020-08-17,g25f1cg,There are 3 active fires in the north (between san jose and merced.) Wind today is coming in from the north at 12mph so the smoke came,There are 3 active fires in the north (between san jose and merced.) Wind today is coming in from the north at 12mph so the smoke came
fresno_2020-08-17,g26k1h2,Smoke in the atmosphere filters out the shorter wavelengths so we mainly see the longer ones like red.,Smoke in the atmosphere filters out the shorter wavelengths so we mainly see the longer ones like red.
fresno_2020-08-17,g2dgyic,It’s probably past the threshold of comfort still. With all the particulates in the air it’s trapping humidity in addition to the heat. That’s why low lying stratospheric clouds=bad.,It’s probably past the threshold of comfort still. With all the particulates in the air it’s trapping humidity in addition to the heat. That’s why low lying stratospheric clouds=bad.
fresno_2020-08-17,g2hvabc,… I saw multiple large trucks with huge American flags speeding down herndon. These idiots have full trucks of their friends with all their windows down with the horrible smoke issue we have right now. Then they stare at you. …,This guy is right about the assholes. Just yesterday I drove less than half a mile to the store. I saw multiple large trucks with huge American flags speeding down herndon. These idiots have full trucks of their friends with all their windows down with the horrible smoke issue we have right now. Then they stare at you. Something about white guys speeding around northwest fresno like this is laughable. Go speed in Southwest or southeast fresno like this. I’ve lived here 30 years. I’m getting more work experience and plan on leaving. Don’t get me started on the amount of Nunes signs that have just gone up...
fresno_2020-08-17,g2kz3cw,"… This city voted Hillary over Trump - that’s pretty telling of the shift here. Anywhere in a valley is going to have similar air quality, we live in CA and the wind blow the pollution into the valleys","I think you’re again comparing to liberal coastal Uber cities. Fresno is diverse, and thus the politics are diverse as well. This city voted Hillary over Trump - that’s pretty telling of the shift here. Anywhere in a valley is going to have similar air quality, we live in CA and the wind blow the pollution into the valleys"
indianapolis_2023-06-26,jppuuq3,"Yes it is. This is an interesting link to see a forecast of the smoke. Can also google your local air quality. It's currently 115 in Indy, which means it's unhealthy for sensitive groups.","Yes it is. This is an interesting link to see a forecast of the smoke. Can also google your local air quality. It's currently 115 in Indy, which means it's unhealthy for sensitive groups."
indianapolis_2023-06-26,jpq1d7p,"Yes, the national weather service issued this for our area ...Visibility Reduction Due to Smoke Today and Tomorrow...All of central Indiana will see downstream impacts of smoke from Canadian fires today and tomorrow. Reduced visibilities are expected, primarility between 3 and 4 miles, with peak reductions of 1 mile possible. Air Quality may also be unhealthy for sensitive groups. If traveling through these areas be prepared for haze that could suddenly reduce visibilities. We expect conditions to improve beginning on Thursday.","Yes, the national weather service issued this for our area ...Visibility Reduction Due to Smoke Today and Tomorrow...All of central Indiana will see downstream impacts of smoke from Canadian fires today and tomorrow. Reduced visibilities are expected, primarility between 3 and 4 miles, with peak reductions of 1 mile possible. Air Quality may also be unhealthy for sensitive groups. If traveling through these areas be prepared for haze that could suddenly reduce visibilities. We expect conditions to improve beginning on Thursday."
indianapolis_2023-06-26,jpqmy55,"Add in to that construction that pours thousands of pounds of dust from old concrete in to the air, which is in turn trapped by local radiant heat blooms.","Add in to that construction that pours thousands of pounds of dust from old concrete in to the air, which is in turn trapped by local radiant heat blooms."
indianapolis_2023-06-26,jpqzjim,"Weather channel is saying “smoke” not smog, if it makes a difference.","Weather channel is saying “smoke” not smog, if it makes a difference."
indianapolis_2023-06-26,jpswejj,The Canadian government even put out this handy smoke forecast so we can see how f cked we are.,The Canadian government even put out this handy smoke forecast so we can see how f cked we are.
indianapolis_2023-06-26,jpu95fy,It didn’t seem horrible in FS all day—just “overcast”—but later in the evening it was hazy in every direction and seemed a lot more visible.,It didn’t seem horrible in FS all day—just “overcast”—but later in the evening it was hazy in every direction and seemed a lot more visible.
indianapolis_2023-06-26,jpsraig,"Unless there's a fire near you, smoke from the wildfires in Canada has been encroaching down here for a while. It's especially bad here today and new York city has been getting it really bad. You can check the air quality with the Air Now app from the EPA for the most up to date information on air quality and how to approach outdoor activities (like today limit outdoor time bc the air is so bad)","Unless there's a fire near you, smoke from the wildfires in Canada has been encroaching down here for a while. It's especially bad here today and new York city has been getting it really bad. You can check the air quality with the Air Now app from the EPA for the most up to date information on air quality and how to approach outdoor activities (like today limit outdoor time bc the air is so bad)"
indianapolis_2023-06-26,jptc8wx,Most likely it's caused by the smoke from wildfires.,Most likely it's caused by the smoke from wildfires.
indianapolis_2023-06-26,jpuiplu,It should be gone by this weekend. Here is the smoke forecast map.,It should be gone by this weekend. Here is the smoke forecast map.
indianapolis_2023-06-26,jpw03ky,Same!! My shitty Pontiac has no A/C so I was windows down with my N95 on. This shit sucks,Same!! My shitty Pontiac has no A/C so I was windows down with my N95 on. This shit sucks
indianapolis_2023-06-26,jpz64bo,🎵 Rain rain come today. Come and make the smoke go ‘way 🎶,🎵 Rain rain come today. Come and make the smoke go ‘way 🎶
indianapolis_2023-06-26,jpzcefx,It would be very nice if the rain washed some of the smoke out of the sky.,It would be very nice if the rain washed some of the smoke out of the sky.
indianapolis_2023-06-26,jq210ej,"The scariest part about the storm for me is the smoke + rain combo. The rain is almost certainly abnormally acidic because of the smoke. (I was tempted to test it in the lab before coming home today, but I just wanted to eat. …","The scariest part about the storm for me is the smoke + rain combo. The rain is almost certainly abnormally acidic because of the smoke. (I was tempted to test it in the lab before coming home today, but I just wanted to eat. If it rains again while we're under smokecover, I'll take a sample.) That doesn't mean that touching raindrops or even drinking raindrops is going to hurt you. But from an ecological perspective, it's not good that one of our only big rain storms of the seasons likely produced abnormally acidic rain. It may also be a good idea to get a car wash to protect your paint and to prevent corrosion. It's probably not as bad as road salt in the winter, but it's not great either. And wait for the water to evaporate or you're just gonna get the car wet with slightly acidic water again."
indianapolis_2023-06-26,jq23vwe,… Hard winds for about ten minutes and knocked out power for around three hours. At least the smoke is gone (for now).,You ain't kidding. Hard winds for about ten minutes and knocked out power for around three hours. At least the smoke is gone (for now).
indianapolis_2023-06-26,jq2hljx,I'm just glad it dropped the air quality index from 250 yesterday to now 60. That wildfire smoke was getting really bad. I guess some areas were worse than others because it wasn't too bad where I'm at just a little heavy wind and rain and then it was gone after like 10 minutes.,I'm just glad it dropped the air quality index from 250 yesterday to now 60. That wildfire smoke was getting really bad. I guess some areas were worse than others because it wasn't too bad where I'm at just a little heavy wind and rain and then it was gone after like 10 minutes.
indianapolis_2023-06-26,jq2m1od,"Huh, I wonder how much ash has been depositing on our streets. Lye is just a strong base (NaOH), which one would expect to be in wood ash. Oils from leaky cars + acidic rain + ash could cause some interesting reactions. But I am too lazy to do all the research necessary to accurately do the stoichiometry to see if saponification-like processes in the streets could be caused by products of the wildfire, or if there was something else going on.","Huh, I wonder how much ash has been depositing on our streets. Lye is just a strong base (NaOH), which one would expect to be in wood ash. Oils from leaky cars + acidic rain + ash could cause some interesting reactions. But I am too lazy to do all the research necessary to accurately do the stoichiometry to see if saponification-like processes in the streets could be caused by products of the wildfire, or if there was something else going on."
indianapolis_2023-06-26,jqdydiy,"The storms may have had something to do with clearing up the air quality? Not sure, I'm not a meterologist.","The storms may have had something to do with clearing up the air quality? Not sure, I'm not a meterologist."
indianapolis_2023-06-26,jqeq0lu,"I understand you're not a meteorologist, but would the rain trap the smoke/chemicals and bring those things down to the earth when it rains?","I understand you're not a meteorologist, but would the rain trap the smoke/chemicals and bring those things down to the earth when it rains?"
pittsburgh_2026-07-13,oxaluzg,"… I can also easily get into my favorite restaurants a lot easier because people won’t go out. None of the seasons or weather lasts too long, and I prefer that over the 70 and sunny/foggy nights- year round of the Bay. I like the gradual change from oppressive heat/humidity with long days of summer to bone chilling cold and dark nights. Depending on what side of the city you’re in, air quality can be affected. Biggest draw back for me is no quick commute to the ocean. …","I lived in the Bay Area for a handful of years, in Pittsburgh by choice. I love it here. Even the dreaded winters. I have a snow suit and insulated boots that I wear to hike 2/3 mile loop in the woods with my dog and love it. Even when it’s grey, there is so much life and beauty. I can also easily get into my favorite restaurants a lot easier because people won’t go out. None of the seasons or weather lasts too long, and I prefer that over the 70 and sunny/foggy nights- year round of the Bay. I like the gradual change from oppressive heat/humidity with long days of summer to bone chilling cold and dark nights. Depending on what side of the city you’re in, air quality can be affected. Biggest draw back for me is no quick commute to the ocean. But I do enjoy the Atlantic much more and short flights to Europe."
pittsburgh_2026-07-13,oxsawrn,"No idea where they're getting a high of 95 for Friday from though the smoke will be rough. The NWS, Weather Channel, and Google all have us at 88 to 90 that day.","No idea where they're getting a high of 95 for Friday from though the smoke will be rough. The NWS, Weather Channel, and Google all have us at 88 to 90 that day."
pittsburgh_2026-07-13,oxse5yn,"Oh I remember the smoke from a couple years back, don't get me wrong! What's getting me is that it has finally reached the point where they're matter-of-factly including smoke cover in the weather like it's cloud cover. It's now part of the scenery.","Oh I remember the smoke from a couple years back, don't get me wrong! What's getting me is that it has finally reached the point where they're matter-of-factly including smoke cover in the weather like it's cloud cover. It's now part of the scenery."
pittsburgh_2026-07-13,oxsk5e6,"… There was some hope they'd fix it, and they did. These aren't particle counts or code oranges or anything like that; just ""partly smoky, oh well.""","Yeah, but I feel like that was aspirational. There was some hope they'd fix it, and they did. These aren't particle counts or code oranges or anything like that; just ""partly smoky, oh well."""
pittsburgh_2026-07-13,oxt7ckm,"I wasn't paying attention to the temps, I was focused on the smoke cover bullshit. To me, anything above 85° is ""surface of the sun"" hot.","I wasn't paying attention to the temps, I was focused on the smoke cover bullshit. To me, anything above 85° is ""surface of the sun"" hot."
pittsburgh_2026-07-13,oxvnzyn,Yeah true the windows are dahn and the purifiers are on already.,Yeah true the windows are dahn and the purifiers are on already.
pittsburgh_2026-07-13,oxwcc8p,Gift link from the nyt with a gif of the smoke. Wil be bad around 5p today.,Gift link from the nyt with a gif of the smoke. Wil be bad around 5p today.
pittsburgh_2026-07-13,oxwnglg,"I am in Erie now and it is somewhat surreal. It's been a windy Summer up here, but of course when we get a little smoke there is no breeze!!! IF you do get the smoke, just imagine what it was like when Pittsburgh was like that nearly all the time.","I am in Erie now and it is somewhat surreal. It's been a windy Summer up here, but of course when we get a little smoke there is no breeze!!! IF you do get the smoke, just imagine what it was like when Pittsburgh was like that nearly all the time."
pittsburgh_2026-07-13,oxwzojt,"It's a matter of how close to the surface the smoke gets. If the model I posted transpires, things will get closer to the surface as the day goes on and should lead to increasing AQI numbers. The technical definition of ""near surface"" smoke is smoke within 8 meters of the surface.","It's a matter of how close to the surface the smoke gets. If the model I posted transpires, things will get closer to the surface as the day goes on and should lead to increasing AQI numbers. The technical definition of ""near surface"" smoke is smoke within 8 meters of the surface."
pittsburgh_2026-07-13,oxxgqe1,"Oh yeah, just got the red alert for air quality. When I opened the weather app the current status is “Smoke”","Oh yeah, just got the red alert for air quality. When I opened the weather app the current status is “Smoke”"
pittsburgh_2026-07-13,oxxieqe,Been looking hazy outside the windows here in Greentree for about an hour now....progressively getting worse...,Been looking hazy outside the windows here in Greentree for about an hour now....progressively getting worse...
pittsburgh_2026-07-13,oxxn9zo,Wait what is this? I’m in Homestead/Munhall area and there’s a little smoke in the air but there’s also and odd smell in the air. Can someone explain?,Wait what is this? I’m in Homestead/Munhall area and there’s a little smoke in the air but there’s also and odd smell in the air. Can someone explain?
pittsburgh_2026-07-13,oxxolqa,"Counties North of the city, so Butler and Lawrence, etc have been upgraded to Air Quality Purple, so next from worst.","Counties North of the city, so Butler and Lawrence, etc have been upgraded to Air Quality Purple, so next from worst."
pittsburgh_2026-07-13,oxxskfm,Highly recommend installing both the Air Now app and the Watch Duty app. Watch Duty shows where fires are burning and there's also an air quality layer and the wind direction.,Highly recommend installing both the Air Now app and the Watch Duty app. Watch Duty shows where fires are burning and there's also an air quality layer and the wind direction.
pittsburgh_2026-07-13,oxy1m0e,It is fucking windy. Which is making it a bit less fucking smokey.,It is fucking windy. Which is making it a bit less fucking smokey.
pittsburgh_2026-07-13,oy7x3nk,Sleet snow rain smoke or shine isn't that how it goes?,Sleet snow rain smoke or shine isn't that how it goes?
pittsburgh_2026-07-13,oxyu6zo,The average Pittsburgh house is drafty af tho (since the average Pittsburgh house is 80+ years old). So there's definitely smoke getting in. Even though your AC isn't doing the work of sucking it in.,The average Pittsburgh house is drafty af tho (since the average Pittsburgh house is 80+ years old). So there's definitely smoke getting in. Even though your AC isn't doing the work of sucking it in.
pittsburgh_2026-07-13,oxyzgfd,The NOAA has AQI at 135 on Saturday and 107 on Sunday. Obviously still not great. …,The NOAA has AQI at 135 on Saturday and 107 on Sunday. Obviously still not great. Better than accuweather but not as good as StormFreak.
pittsburgh_2026-07-13,oxz5dxh,"Feel bad for all the vendors that paid a ton of money to be a part of Picklesburgh. Btw the wildfire smoke/poor air quality and the thunderstorms (but also thank God for them bc of a wind shift) this weekend, it’s looking to be a crappy 4 days.","Feel bad for all the vendors that paid a ton of money to be a part of Picklesburgh. Btw the wildfire smoke/poor air quality and the thunderstorms (but also thank God for them bc of a wind shift) this weekend, it’s looking to be a crappy 4 days."
pittsburgh_2026-07-13,oy0hddv,"Reporting in from Ontario: It's supposed to ease up tomorrow, but models are predicting the smoke to rebound significantly again on Saturday. Right now it doesn't look like that'll reach you until overnight Saturday, but depending on winds, that could change. …","Reporting in from Ontario: It's supposed to ease up tomorrow, but models are predicting the smoke to rebound significantly again on Saturday. Right now it doesn't look like that'll reach you until overnight Saturday, but depending on winds, that could change. It's also supposed to rain in Toronto Saturday, and I have no idea what that's going to look/smell/feel like. Burning, is my guess."
pittsburgh_2026-07-13,oxze8xy,"… This is a useful site for looking at weather history: Pittsburgh is an old heavy industry city, though less so these days. But we still have a fair bit of air pollution, and because of the terrain (rivers, valleys, hills, etc) it's highly variable. This is a useful site for looking at local air pollution: We do get a heck of a lot of overcast days though, over 200 per year, one of the least sunny cities in the US. If you need a realtor, my agent is/was Ann Greathouse, I've used her several times as a buyer's agent, although my latest purchase was over ten years ago. …","Your question is incredibly vague. I spent a week in Montana, once, for a friend's wedding. If I recall correctly, Montana was mostly flat (though we did climb up to the continental divide). Pittsburgh and Western PA are definitely not flat. This is not your upstart whippersnapper Rocky Mountains here, it's Old Man Appalachia. It's more... lived in. Speaking of lived in, the population is much more dense in this region, though about an hour at highway speeds gets you out into farm country. Speaking of dense, we have a lot of trees. Pittsburgh, in particular, has a ludicrous amount of trees for a city. Speaking of cities, there's city of Pittsburgh and then there's the Pittsburgh Metropolitan Area. Pittsburgh as a city hasn't expanded its geographic orders in 80 years. If it had expanded at a pace to match similar cities, it'd be about 3 times as large, geographically. Historically Pittsburgh was pretty ethnically diverse, but a lot of that diversity came from various Eastern European countries. It has more folks from outside of Eastern Europe, these days. Pittsburgh's weather isn't that bad, these days, but it gets pretty humid in the summers. The winters shifted in the late 90s (I remember hearing a lot about ""El Nino"" in the news) and since then, we tend to get either very cold but very dry, or when we do get snow or rain, it's followed by warm weather so the snow all melts quickly. When I was a kid, it was routine to see giant heaps of snow plowed into the corners of large parking lots, where it took several days to melt. This is a useful site for looking at weather history: Pittsburgh is an old heavy industry city, though less so these days. But we still have a fair bit of air pollution, and because of the terrain (rivers, valleys, hills, etc) it's highly variable. This is a useful site for looking at local air pollution: We do get a heck of a lot of overcast days though, over 200 per year, one of the least sunny cities in the US. If you need a realtor, my agent is/was Ann Greathouse, I've used her several times as a buyer's agent, although my latest purchase was over ten years ago. I have also recommended her to several people since then, they've all been very happy with her. Some random comments I've written about Pittsburgh, that you may find useful: Neighborhoods in/near downtown Pittsburgh. Pittsburgh roads and driving advice. Interesting things to do in Pittsburgh. More interesting things to do in Pittsburgh."
pittsburgh_2026-07-13,oxztamd,Our air purifiers say the indoor air is “green” level (on a reverse-rainbow scale with blue being normal/best and red being worst). It was yellow for a bit earlier this afternoon.,Our air purifiers say the indoor air is “green” level (on a reverse-rainbow scale with blue being normal/best and red being worst). It was yellow for a bit earlier this afternoon.
pittsburgh_2026-07-13,oy02j97,"I don’t have electricity outside and I’m not keeping a window open to let more bad air in while I run an extension cord. I really don’t think they’re BS, but they certainly are not expected to be on the level of accuracy as a government monitoring station, Mine literally never goes above AQI 10 unless I’m searing steaks indoors. Within an hour it stops running. It’s running overtime right now and it’s not like I told it “oh the air is bad today” and that magically made it run. It measured the quality drop. …","I don’t have electricity outside and I’m not keeping a window open to let more bad air in while I run an extension cord. I really don’t think they’re BS, but they certainly are not expected to be on the level of accuracy as a government monitoring station, Mine literally never goes above AQI 10 unless I’m searing steaks indoors. Within an hour it stops running. It’s running overtime right now and it’s not like I told it “oh the air is bad today” and that magically made it run. It measured the quality drop. the last 6H at least it has been running nonstop."
pittsburgh_2026-07-13,oy0q554,"… Yup we actually held our breath driving 376 past J &L. We vacationed in Edinboro Lake so I sat in the bench seat between my smoker parents, ash tray directly in front of me. 3 hour drive back then. … My weekly job was raking the shag carpet and tending the burn barrel. Not to mention it was the tail end of Pgh being The Smoky City. Since then have been to countless backyard fires with wind blowing all around. Yes, this is wild ,as far as it's scope....but yeah....known WAY worse smoke.","Born 1961. Yup we actually held our breath driving 376 past J &L. We vacationed in Edinboro Lake so I sat in the bench seat between my smoker parents, ash tray directly in front of me. 3 hour drive back then. No I79. My weekly job was raking the shag carpet and tending the burn barrel. Not to mention it was the tail end of Pgh being The Smoky City. Since then have been to countless backyard fires with wind blowing all around. Yes, this is wild ,as far as it's scope....but yeah....known WAY worse smoke."
pittsburgh_2026-07-13,oy2fm8u,So will the smoke keep the rain away on Saturday?,So will the smoke keep the rain away on Saturday?
pittsburgh_2026-07-13,oy2mgs5,No. The front will provide the right ingredients for the rain and storms to develop which will also clear out the smoke.,No. The front will provide the right ingredients for the rain and storms to develop which will also clear out the smoke.
pittsburgh_2026-07-13,oy1x2nr,"I had this fear earlier too as I'm in the same boat, but from what I looked up: - a regular window unit should be fine, it pulls largely from the interior room. - If you have an air purifier, also run that as well just to be sure. - a portable ac unit, unless it's a dual hose type, WILL pull in outside air, so don't run that!! …","I had this fear earlier too as I'm in the same boat, but from what I looked up: - a regular window unit should be fine, it pulls largely from the interior room. - If you have an air purifier, also run that as well just to be sure. - a portable ac unit, unless it's a dual hose type, WILL pull in outside air, so don't run that!! Apparently the dual hose ones are fine tho, but as I don't have one I didn't look further into that. What a fun time, huh? 🫠"
pittsburgh_2026-07-13,oy3m6c1,I’m sorry but window unit pulls the hot air from inside and displaces it outside while it also pulls moisture out the air lowering the humidity. But op your window unit is fine to run without problem,I’m sorry but window unit pulls the hot air from inside and displaces it outside while it also pulls moisture out the air lowering the humidity. But op your window unit is fine to run without problem
pittsburgh_2026-07-13,oy2t3q3,"I love heavy thunderstorms, and as it happens Saturday is my birthday. A great gift from the heavens to help clear out this dismal air quality.","I love heavy thunderstorms, and as it happens Saturday is my birthday. A great gift from the heavens to help clear out this dismal air quality."
pittsburgh_2026-07-13,oy2to59,The smoke map shows them as being purple as of now,The smoke map shows them as being purple as of now
pittsburgh_2026-07-13,oy3r85x,"Theres a far cry between “bad smoke, stay inside if you can, especially if compromised” and telling people to put air purifiers in every room of their home and to wear a gas mask while sitting in their living room I have anxiety and try to alleviate both mine and others fears because I know how it feels to spiral, but it seems Redditors get some type of sick kick from scaring people or something, probably to try to look intelligent honestly. This played out with the lettuce over the last week. …","Theres a far cry between “bad smoke, stay inside if you can, especially if compromised” and telling people to put air purifiers in every room of their home and to wear a gas mask while sitting in their living room I have anxiety and try to alleviate both mine and others fears because I know how it feels to spiral, but it seems Redditors get some type of sick kick from scaring people or something, probably to try to look intelligent honestly. This played out with the lettuce over the last week. It went from “avoid lettuce and cilantro” to “boil food in water for 3 hours before eating or you’ll shit your intestines out and die” This is a horrible website for anxious people to get advice on. How hard is “yeah it’s bad, won’t kill you, just be careful if you do that” luckily most people do say things like this but the panic comments always get upvoted into oblivion and put at the top of the post."
pittsburgh_2026-07-13,oy2kb8c,You have access to the same tools we do to evaluate and predict air quality throughout the day. Check for yourself. …,You have access to the same tools we do to evaluate and predict air quality throughout the day. Check for yourself. It supposed to rain all day tomorrow so have fun with that
pittsburgh_2026-07-13,oy2lmn1,I’d change your plans. This air quality situation is no joke. And it’s not gonna just clear up by tomorrow. …,I’d change your plans. This air quality situation is no joke. And it’s not gonna just clear up by tomorrow. It may be a little better if it rains but it’s a waste of time for now to visit IMHO
pittsburgh_2026-07-13,oy3gucm,"… It’s supposed to rain tomorrow, possible storms too. The rain will help lessen the smoke.","If you can wait until tomorrow, I would do so. It’s supposed to rain tomorrow, possible storms too. The rain will help lessen the smoke."
pittsburgh_2026-07-13,oy3t0ec,Stay indoors and do stuff with the family. The smoke will start to clear tomorrow with the winds and storms,Stay indoors and do stuff with the family. The smoke will start to clear tomorrow with the winds and storms
pittsburgh_2026-07-13,oy51s32,"I like the ventusky site and app. It's got lots of different overlays to see the air quality by different criteria, check weather, and track all sorts of criteria. I use it so much for regular weather, and the free tier so tracks smoke and whatnot, but for this, i finally subscribed so i can get all the other layers. It's less than $20 for a year. …","I like the ventusky site and app. It's got lots of different overlays to see the air quality by different criteria, check weather, and track all sorts of criteria. I use it so much for regular weather, and the free tier so tracks smoke and whatnot, but for this, i finally subscribed so i can get all the other layers. It's less than $20 for a year. Buy it's still very good at the free level!"
pittsburgh_2026-07-13,oy6gs0j,It's inconvenient that I can't open the windows to let smoke out!,It's inconvenient that I can't open the windows to let smoke out!
pittsburgh_2026-07-13,oy7ilnt,"Same, no ac here. We’ll die from heat before the smoke if we close all of our windows.","Same, no ac here. We’ll die from heat before the smoke if we close all of our windows."
pittsburgh_2026-07-13,oy7p3ne,"Grew up in CA too, I get migraines every time the fires blow through, everyone PLEASE wear your N95s!!! Not everyone has such an obvious reaction like I do, but your body is processing the same gunk. …","Grew up in CA too, I get migraines every time the fires blow through, everyone PLEASE wear your N95s!!! Not everyone has such an obvious reaction like I do, but your body is processing the same gunk. Please please take care of yourselves and stay inside with the windows closed, and a wet towel along the bottom of your door if it has a gap 🫵👍"
pittsburgh_2026-07-13,oy55zos,"… Hunting cabins, cars, houses, burning across roads, etc. all introduce chemicals to the smoke which is what makes it hazardous to living things.","Wildfires aren’t just trees. Hunting cabins, cars, houses, burning across roads, etc. all introduce chemicals to the smoke which is what makes it hazardous to living things."
pittsburgh_2026-07-13,oy4pqh3,"N95 keeps you mildly safer, I wouldn't say ""pretty safe."" Especially if you're standing around outside for an hour. It's ""avoid being outside if possible, and otherwise wear an N95 if you must"", they don't last forever and I guarantee most people aren't changing them often enough to be very effective.","N95 keeps you mildly safer, I wouldn't say ""pretty safe."" Especially if you're standing around outside for an hour. It's ""avoid being outside if possible, and otherwise wear an N95 if you must"", they don't last forever and I guarantee most people aren't changing them often enough to be very effective."
pittsburgh_2026-07-13,oy6jwf8,I was going to a pediatric appointment in the North Side and saw picklesburgh tourists leaking into the South Side and gentrified part of Strip in absolute droves taking selfies while the sky is whiter than an Irishman in December. There’s employees out there inhaling smog because these bozos couldn’t commit to public health concern. “Use your own judgement” ??? Apparently the pickles committee filled with pickled brains couldn’t use their own pickled judgement. Now we got families of morons all getting smoked like BBQ. Insane. …,I was going to a pediatric appointment in the North Side and saw picklesburgh tourists leaking into the South Side and gentrified part of Strip in absolute droves taking selfies while the sky is whiter than an Irishman in December. There’s employees out there inhaling smog because these bozos couldn’t commit to public health concern. “Use your own judgement” ??? Apparently the pickles committee filled with pickled brains couldn’t use their own pickled judgement. Now we got families of morons all getting smoked like BBQ. Insane. There’s no monitoring. It’s just bullshit.
pittsburgh_2026-07-13,1uzaizz,"StormFreak's Weekend Update - July 17-19 - Goodbye Smoke. Hello Storms. Hey Fr..(cough, cough). Sorry. Hey Freaks! Hope you are all doing well in these smoky times. Sounds like despite multiple local events being cancelled today, Picklesburgh (sponsored by Marlboro) is going on as scheduled. … But that doesn’t mean I agree with it. Here on my side of town, I’m currently basking in the delightful smoky air of my home office, where my PM 2.5 numbers have hovered around 140 today according to my monitor in this room. Still about ten times the recommended indoor limit, but about half of what’s going on outside. For science and my long-term health, I have brought my small air purifier into the office and am running it while I work on this. I’ll check it again when I finish this post to see how much it improves things. Actual photo of me checking out last night's sunset over our fair city. Thankfully, the insane 500+ particulate numbers that we were seeing over lower Michigan and Northern Ohio never fully transpired over our area. I guess that is one silver lining. The other is that by tomorrow morning the smoke should start to clear pretty quickly. Then our attention will shift to the storm potential. … Here are the things I’m watching: 1. The sooner the smoke moves out, the quicker the environment can heat up and destabilize. 2. … If you are writing off activities for tomorrow but still want a chance to get some overpriced pickle treats or watch nifty cars drive fast through Schenley Park or any other outdoor activity, Sunday is still looking absolutely beautiful. Sunny skies with highs near 80, lower humidity, and little to no lung (and soul) crushing smoke. Speaking of… After running for just over 30 minutes that I’ve been writing. My little air purifier has brought the PM 2.5 levels in this room down to around 95 and still dropping. HEP(A) HEP(A) Hooray. …","StormFreak's Weekend Update - July 17-19 - Goodbye Smoke. Hello Storms. Hey Fr..(cough, cough). Sorry. Hey Freaks! Hope you are all doing well in these smoky times. Sounds like despite multiple local events being cancelled today, Picklesburgh (sponsored by Marlboro) is going on as scheduled. Am I surprised? No. But that doesn’t mean I agree with it. Here on my side of town, I’m currently basking in the delightful smoky air of my home office, where my PM 2.5 numbers have hovered around 140 today according to my monitor in this room. Still about ten times the recommended indoor limit, but about half of what’s going on outside. For science and my long-term health, I have brought my small air purifier into the office and am running it while I work on this. I’ll check it again when I finish this post to see how much it improves things. Actual photo of me checking out last night's sunset over our fair city. Thankfully, the insane 500+ particulate numbers that we were seeing over lower Michigan and Northern Ohio never fully transpired over our area. I guess that is one silver lining. The other is that by tomorrow morning the smoke should start to clear pretty quickly. Then our attention will shift to the storm potential. The Storm Prediction Center has increased our risk for tomorrow into the “Enhanced” range from Pittsburgh north. South of I-70, the risk remains in the “Slight” range. This enhanced risk is mostly to highlight the possibility of strong winds with any storms that develop. As is always the case with severe storm setups, there are multiple factors at play. Here are the things I’m watching: 1. The sooner the smoke moves out, the quicker the environment can heat up and destabilize. 2. There is a possibility for some showers or storms tonight in the overnight hours (minimal severe risk). As is the case with other severe events, the longer the cloud cover from this potential convection sticks around, the less time the atmosphere has to recharge for the afternoon/evening. 3. There will be 2 windows for severe weather. The first will be in the 2-7pm time frame for Pittsburgh. This setup will be more scattered and could feature a few supercells, but the overall tornado risk remains pretty low for Pittsburgh, although a bit higher to the north. The 2nd window will be where the chances for more widespread storms (and a more notable wind risk) are more…enhanced (for lack of a better word). This time frame will be 8-11pm. The reason the overall risk is higher to the north is because of this timing. As usual, as daytime heating wanes, typically so does the instability that fuels these storms. By the time any complex of storms reach Pittsburgh, they may be getting past their peak strength, but that is impossible to forecast for certain. Bottom line, and as I always say, if you are planning on enjoying the smokeless air with some outdoor activities tomorrow afternoon, have a plan in place if conditions change, and especially for the later window, have a way to receive warnings. For my anxiety friends, there have been some social media posts I have seen showing the big D… no, not that you sickos… there have been some posts hyping the possibilities of a derecho. I want to make this clear: Could this setup support a derecho? Yes, in theory. However, a lot of things have to come together and more often than not, it doesn’t happen. Here’s an analogy for any of my sportsball freaks. In baseball, it is extremely rare for there to be a no-hitter, and even more rare for there to be a perfect game. Tomorrow, we have one of our best pitchers on the mound (Come on Skenes), and the opposing team batters aren’t great, but even still, the chances of everything coming together is low. Now if things are coming together and around 6PM (or 6th inning?) we are seeing a strong complex ongoing north of us, that is when things get a bit more sweaty and preparations should be a bit more urgent. But unless that happens, I urge you to just treat it like any other game (day), while keeping a side eye on the score (radar) and don’t let the anxiety overwhelm you. Your brain is just doing what it’s learned to do to keep you “safe”, but it’s being a little overbearing, and frankly a bit of a dick. There is no danger when nothing has even developed yet. We will be ok. If you are writing off activities for tomorrow but still want a chance to get some overpriced pickle treats or watch nifty cars drive fast through Schenley Park or any other outdoor activity, Sunday is still looking absolutely beautiful. Sunny skies with highs near 80, lower humidity, and little to no lung (and soul) crushing smoke. Speaking of… After running for just over 30 minutes that I’ve been writing. My little air purifier has brought the PM 2.5 levels in this room down to around 95 and still dropping. HEP(A) HEP(A) Hooray. Have a good wheeze… I mean, weekend. Love yinz. Song of the Day : Breathe - Michelle Branch"
pittsburgh_2026-07-13,oy5x3ar,"The AQI on Apple Weather's map caps at 500, and Cranberry was at cap all day today. Been checking regularly. …","The AQI on Apple Weather's map caps at 500, and Cranberry was at cap all day today. Been checking regularly. Hope my family survives up there... o o"
pittsburgh_2026-07-13,oy69x90,Is it looking like we’ll get more smoky weather next week (since fires are still active) after this stormy weather passes?,Is it looking like we’ll get more smoky weather next week (since fires are still active) after this stormy weather passes?
pittsburgh_2026-07-13,oy6f3i7,"… The only thing I can say is the jet stream is remaining in the same position and the fires are still ongoing. My guess would be that we are not done with this smoke, I hope I am wrong.","I was looking for this information also. The only thing I can say is the jet stream is remaining in the same position and the fires are still ongoing. My guess would be that we are not done with this smoke, I hope I am wrong."
pittsburgh_2026-07-13,oyey6fo,"… I find your posts educational and....caring. Not looking forward to the wind but it will, hopefully, alleviate the smoke particulate pollution","Thank you again. I find your posts educational and....caring. Not looking forward to the wind but it will, hopefully, alleviate the smoke particulate pollution"
pittsburgh_2026-07-13,oy9j0u3,"… Come on, atmosphere! (In all honesty, this will give the air a good quick cleaning and should be moving out in the next half hour or so. This may knock down our chances of severe weather for early afternoon, but our evening risk is still showing up on short term models)... …","I may be StormFreak, but right now I am trying to be SleepFreak. Come on, atmosphere! (In all honesty, this will give the air a good quick cleaning and should be moving out in the next half hour or so. This may knock down our chances of severe weather for early afternoon, but our evening risk is still showing up on short term models)... Now excuse me while I attempt to get a few more hours of sleep. !gif"
pittsburgh_2026-07-13,oyc1md5,"Really depends on where you are, as pollution isn't perfectly evenly distributed. Give this a minute to load. …","Really depends on where you are, as pollution isn't perfectly evenly distributed. Give this a minute to load. I've already told it to not show \ indoor\ sensors, and it looks like 80-100 right now around tahn."
pittsburgh_2026-07-13,oyc27ik,"Rain deff help clear a good bit of smoke, but A LOT of pm2.5 and pm10 are still floating around and probably will for a while. Samsung weather says it's still unhealthy.","Rain deff help clear a good bit of smoke, but A LOT of pm2.5 and pm10 are still floating around and probably will for a while. Samsung weather says it's still unhealthy."
pittsburgh_2026-07-13,oycmba8,"The answer is: it varies depending on where in the area you are and what the current weather conditions are. The monitors (most likely) aren't where you are and can be reading a different AQI than you're currently experiencing. The air in both places is constantly changing depending on the localized weather conditions. Also, some places give you a specific current reading from one sensor and others will give you an average from a few sensors. …","The answer is: it varies depending on where in the area you are and what the current weather conditions are. The monitors (most likely) aren't where you are and can be reading a different AQI than you're currently experiencing. The air in both places is constantly changing depending on the localized weather conditions. Also, some places give you a specific current reading from one sensor and others will give you an average from a few sensors. Some might give you the current condition and others might give you the trending average from the last few hours"
pittsburgh_2026-07-13,1v0aieu,"Insane weather First we had crazy heat, then smoke for the last couple days, now near continuous thunder for the last 20 minutes or so. Nothing weird about any of that.","Insane weather First we had crazy heat, then smoke for the last couple days, now near continuous thunder for the last 20 minutes or so. Nothing weird about any of that."
pittsburgh_2026-07-13,oye0uv4,"Smoke isn't weather, and weather changes daily. Having a streak of heat and summer storms is completely normal","Smoke isn't weather, and weather changes daily. Having a streak of heat and summer storms is completely normal"
pittsburgh_2026-07-13,1v0ao5a,"Pittsburgh, how will I know when it's OK to open my windows again? I live in an apartment and do not use air conditioning or an air filter machine. I closed the windows on Thursday morning when I heard the smoke was coming. How will I know when it's OK to open them again?","Pittsburgh, how will I know when it's OK to open my windows again? I live in an apartment and do not use air conditioning or an air filter machine. I closed the windows on Thursday morning when I heard the smoke was coming. How will I know when it's OK to open them again?"
pittsburgh_2026-07-13,oyds8t1,"Opened mine around 2-3pm, I check AQI on several sites and when they are below 100 I open my windows. I have lung disease and that’s my cut off for masking outdoors","Opened mine around 2-3pm, I check AQI on several sites and when they are below 100 I open my windows. I have lung disease and that’s my cut off for masking outdoors"
pittsburgh_2026-07-13,oydtbzv,This storm is gonna clear a lot of the smoke out of the area. I'd keep the windows closed until after it's over because it's about dump buckets,This storm is gonna clear a lot of the smoke out of the area. I'd keep the windows closed until after it's over because it's about dump buckets
pittsburgh_2026-07-13,oydvw2d,I opened mine at 3pm. I have severe eosinophilic asthma and had air purifiers running through my house since Thursday afternoon. The AQI was below 100.,I opened mine at 3pm. I have severe eosinophilic asthma and had air purifiers running through my house since Thursday afternoon. The AQI was below 100.
pittsburgh_2026-07-13,oyfzo86,"Just look at AQI. On your weather app. It’s 74 per my phone right now, which as a not-super-sensitive person I’m ok with (except I’m running an ac so windows are closed). If it’s near 100, or you are sensitive - first look for a couple other sources of AQI - for instance Purple Air in your neighborhood - and consider keeping them shut if it’s above 100, or above 50 if you are sensitive.","Just look at AQI. On your weather app. It’s 74 per my phone right now, which as a not-super-sensitive person I’m ok with (except I’m running an ac so windows are closed). If it’s near 100, or you are sensitive - first look for a couple other sources of AQI - for instance Purple Air in your neighborhood - and consider keeping them shut if it’s above 100, or above 50 if you are sensitive."
pittsburgh_2026-07-13,oygc4jo,"Silly me I thought two rainstorms and cooler weather meant the air had cleared and I could open up. Sheesh. I guess smoke plumes trump local weather, who knew. I'm thinking more seriously about that Corsi-Rosenthal box....","Silly me I thought two rainstorms and cooler weather meant the air had cleared and I could open up. Sheesh. I guess smoke plumes trump local weather, who knew. I'm thinking more seriously about that Corsi-Rosenthal box...."
pittsburgh_2026-07-13,oyigyi5,"O3, PM2.5, PM10, CO, SO2, or NO2 Whichever produces the highest AQI is the reported AQI. For wildfires, it's pretty much PM2.5.","O3, PM2.5, PM10, CO, SO2, or NO2 Whichever produces the highest AQI is the reported AQI. For wildfires, it's pretty much PM2.5."
pittsburgh_2026-07-13,oyiak44,"You say this but it's not just a day or two. Airnow says we're probably gonna be experiencing this high of aqi for a week or more, and this is becoming more and more common every year. If you add up a couple of weeks of huffing PM2.5 particles every year the picture changes a bit and you can expect your chance of developing cancers and other breathing problems to increase. Especially for children and pets. …","You say this but it's not just a day or two. Airnow says we're probably gonna be experiencing this high of aqi for a week or more, and this is becoming more and more common every year. If you add up a couple of weeks of huffing PM2.5 particles every year the picture changes a bit and you can expect your chance of developing cancers and other breathing problems to increase. Especially for children and pets. Use your judgement to determine your own risk profile of course but trying to act like it's no big deal and can't have long term consequences for everyone is wrong."
pittsburgh_2026-07-13,oyj48r5,I decided against it. It sucks because my running has been so inconsistent for the entire month of July because the heat also impacts my asthma. Hopefully this clears up soon! …,I decided against it. It sucks because my running has been so inconsistent for the entire month of July because the heat also impacts my asthma. Hopefully this clears up soon! It's such a bummer when all you want is that release from a great run.
sanjose_2020-08-17,g1x2ahi,It’s smoke. There’s a fire currently in Sunol so I’m guessing it’s from that.,It’s smoke. There’s a fire currently in Sunol so I’m guessing it’s from that.
sanjose_2020-08-17,g22meu4,"The point of the mask is to catch exhaled droplets which could contain virus, and prevent spreading it to coworkers or others in the area. The kind of mask that is sufficient for smoke has a valve that makes it useless for virus. And ones that do both are in short supply due to Heathcare workers needing them. So it’s either 2 masks or just the one for the more immediate risk.","The point of the mask is to catch exhaled droplets which could contain virus, and prevent spreading it to coworkers or others in the area. The kind of mask that is sufficient for smoke has a valve that makes it useless for virus. And ones that do both are in short supply due to Heathcare workers needing them. So it’s either 2 masks or just the one for the more immediate risk."
sanjose_2020-08-17,g22do75,"West SJ checking in. It's here too, heavy smoke smell and we just measured PM2.5 concentration at 178 µg/m\^3. Purpleair has decreasing air quality starting around 6 PM ->","West SJ checking in. It's here too, heavy smoke smell and we just measured PM2.5 concentration at 178 µg/m\^3. Purpleair has decreasing air quality starting around 6 PM ->"
sanjose_2020-08-17,g22q0xk,"Seven Trees area checking in. Powers out, house got hot, open windows hella smoke smell. Fuucck. …","Seven Trees area checking in. Powers out, house got hot, open windows hella smoke smell. Fuucck. Be safe out there everyone"
sanjose_2020-08-17,g2313iu,… A full rundown of information regarding the CZU August Lightning Complex can be found on CALFIRE's website. A fire and smoke map (with AQI/PM2.5 concentrations) can be found here. SAN MATEO COUNTY Find your evacuation zone via Zonehaven. …,"Currently building a running list of resources on my Twitter, but here are the essentials. GENERAL INFO For updates on the latest evacuation orders and evacuation warnings, follow CALFIRECZU's Twitter. These orders will provide you with your evacuation route. A running map can be found on Zonehaven. If you are near an area with an evacuation order, or just as a general preparedness tip, review this fire evacuation checklist recommended by Santa Cruz County. A full rundown of information regarding the CZU August Lightning Complex can be found on CALFIRE's website. A fire and smoke map (with AQI/PM2.5 concentrations) can be found here. SAN MATEO COUNTY Find your evacuation zone via Zonehaven. An evacuation center has been set up at Pescadero High School at 360 Butano Cutoff, Pescadero. If you want to post your status to family and friends, go to and click ""List Yourself as Safe and Well."" The Peninsula Humane Society/SPCA is providing assistance to pet owners affected by the fires & evacuations in San Mateo County. Evacuated pet owners who need sheltering for their animals can bring them to our shelter at 12 Airport Blvd in San Mateo. Please call at 650-340-7022 for questions. Need help w/ large animal evacuation? Call HMB Feed & Fuel: 650-450-0520, 650-450-0516 or 650-773-8780 SANTA CRUZ COUNTY Evacuees from SLV and North Coast fires in need of shelter may go to the Santa Cruz County Fairgrounds, 2601 E Lake Ave, Watsonville. In addition to the County Fairgrounds in Watsonville, an evacuation facility has been opened at the Santa Cruz Civic Auditorium, 307 Church St., Santa Cruz. If you need assistance evacuating yourself or animals, call 1 (831) 471-1182. If you have been evacuated and need accommodations, call 1 (866) 272-2237. If you have been impacted by the fire and need replacement benefits, please call the toll-free Human Services Benefits Hotline at 1-888-421-8080. Road closures can be found here. Last Updated 11:15 AM PST, 8/19."
sanjose_2020-08-17,g22sudw,I did use a sky map but its dosent make sense that it just vanished. The whole sky was smokey so nothing was visible but that one red star or planet then it vanished.,I did use a sky map but its dosent make sense that it just vanished. The whole sky was smokey so nothing was visible but that one red star or planet then it vanished.
sanjose_2020-08-17,g2eqgtl,"Keep your doors and windows shut. If you have an HVAC system, use the highest grade air filter you can afford and run the fan/ac to filter out the smoke that gets into your home. Use a stand-alone HEPA air purifier. The wind direction shifts constantly so for a period of time the air quality in your area may be fine for outdoor activity but suddenly shift. Or you could just hold your breath for a week - up to you.","Keep your doors and windows shut. If you have an HVAC system, use the highest grade air filter you can afford and run the fan/ac to filter out the smoke that gets into your home. Use a stand-alone HEPA air purifier. The wind direction shifts constantly so for a period of time the air quality in your area may be fine for outdoor activity but suddenly shift. Or you could just hold your breath for a week - up to you."
sanjose_2020-08-17,g23yi5j,"Nighttime temperatures finally start dropping, can't open windows because the air is deadly.","Nighttime temperatures finally start dropping, can't open windows because the air is deadly."
sanjose_2020-08-17,g24qpt4,The smoke acts as a layer that blocks/rejects (top side to atmosphere) sunlight/heat leaving the air underneath cooler.,The smoke acts as a layer that blocks/rejects (top side to atmosphere) sunlight/heat leaving the air underneath cooler.
sanjose_2020-08-17,g24vcpl,"During fire season, I've noticed that when the air quality is this bad outside, my stoves when cooking burn a different color: orange/yellow instead of blue. Anyone know the reason? My windows have been closed for the past 24+ hours. Does this mean my indoors air quality is just as bad as outside?","During fire season, I've noticed that when the air quality is this bad outside, my stoves when cooking burn a different color: orange/yellow instead of blue. Anyone know the reason? My windows have been closed for the past 24+ hours. Does this mean my indoors air quality is just as bad as outside?"
sanjose_2020-08-17,g253qo5,"Could be from extra carbon monoxide in the air, less oxygen, or possibly fine particles settling and building up more around the burner? Especially if you smell outside smoky air coming in through the vent above the stove. I’ve noticed the same. Unfortunately it is likely that your indoor air quality is just as bad as it is outside, even with windows closed— that air comes in through vents/ bathroom fans, fireplaces, door cracks, your dryer (if it’s inside), and your A/C if it pulls from an attic or from outside (in addition to the indoor intake), etc. We have an air quality monitor and haven’t opened windows since the heat wave, and it was over 180 this morning when it was about 200 outside.","Could be from extra carbon monoxide in the air, less oxygen, or possibly fine particles settling and building up more around the burner? Especially if you smell outside smoky air coming in through the vent above the stove. I’ve noticed the same. Unfortunately it is likely that your indoor air quality is just as bad as it is outside, even with windows closed— that air comes in through vents/ bathroom fans, fireplaces, door cracks, your dryer (if it’s inside), and your A/C if it pulls from an attic or from outside (in addition to the indoor intake), etc. We have an air quality monitor and haven’t opened windows since the heat wave, and it was over 180 this morning when it was about 200 outside."
sanjose_2020-08-17,g24u71a,Do not go to Santa Cruz right now. It's smoky and ash is raining down.,Do not go to Santa Cruz right now. It's smoky and ash is raining down.
sanjose_2020-08-17,g250gwp,"I was on a beach over on that side yesterday and things were weird. Ash raining down on the beach, etc. The fire situation has gotten significantly worse overnight. …","I was on a beach over on that side yesterday and things were weird. Ash raining down on the beach, etc. The fire situation has gotten significantly worse overnight. I wouldn’t risk it. Highway 9 is closed already. If other highways close and people need to evacuate, you’ll be additional unnecessary traffic."
sanjose_2020-08-17,g24qc8h,It’s definitely unhealthy air. Keep them closed and sit by a fan,It’s definitely unhealthy air. Keep them closed and sit by a fan
sanjose_2020-08-17,g25xxmz,"I have a window fan that vents hot air out of my room. It's not a perfect setup, but it keeps things cool enough without letting too much smoke in.","I have a window fan that vents hot air out of my room. It's not a perfect setup, but it keeps things cool enough without letting too much smoke in."
sanjose_2020-08-17,g26s0x2,I opened them up. The window screens catch the ash. It’s either get smoked or bake in the oven. Decisions.,I opened them up. The window screens catch the ash. It’s either get smoked or bake in the oven. Decisions.
sanjose_2020-08-17,icuhkx,Some nice air we have :) I wake up just to smell smoke : weather app may be wrong about weather🤷🏿‍♂️,Some nice air we have :) I wake up just to smell smoke : weather app may be wrong about weather🤷🏿‍♂️
sanjose_2020-08-17,icuv75,"View outside my window in Evergreen. No clouds, just smoke.","View outside my window in Evergreen. No clouds, just smoke."
sanjose_2020-08-17,g25p9eh,"Couldn't see anything this morning, way too smoky/hazy. Last night when I was driving home I could see the smoke plumes from the fires burning in the east towards Hamilton and from the west in the Santa Cruz mountains.","Couldn't see anything this morning, way too smoky/hazy. Last night when I was driving home I could see the smoke plumes from the fires burning in the east towards Hamilton and from the west in the Santa Cruz mountains."
sanjose_2020-08-17,g25tczr,"I meant out my own window at the moment I commented, about 4:30 pm. The smoke totally blocked it out for a while. Now it’s back as the pale red ball.","I meant out my own window at the moment I commented, about 4:30 pm. The smoke totally blocked it out for a while. Now it’s back as the pale red ball."
sanjose_2020-08-17,g25y48z,It's because of the smoke from all the fires.,It's because of the smoke from all the fires.
sanjose_2020-08-17,g26qgld,"Then it must be true But it is not: The above map shows the real-time air quality for more than 10,000 stations in the world.","Then it must be true But it is not: The above map shows the real-time air quality for more than 10,000 stations in the world."
sanjose_2020-08-17,g26b7n7,In case anyone wants this map of the fires and smoke map,In case anyone wants this map of the fires and smoke map
sanjose_2020-08-17,g26xzgd,"It's pretty bad, especially if you're closer to the smoke. I would close them if possible.","It's pretty bad, especially if you're closer to the smoke. I would close them if possible."
sanjose_2020-08-17,g26zq88,"If they are really stubborn about closing the windows you can compromise and ask them if you can close them in an hour or something. Or if you have a box fan to put on a window and blow air outward that might help, otherwise sleep in your room with the door closed and maybe you can put a towel at the base of the door so it doesn't smell like smoke. Or sneak up in the middle of the night and close the windows lol","If they are really stubborn about closing the windows you can compromise and ask them if you can close them in an hour or something. Or if you have a box fan to put on a window and blow air outward that might help, otherwise sleep in your room with the door closed and maybe you can put a towel at the base of the door so it doesn't smell like smoke. Or sneak up in the middle of the night and close the windows lol"
sanjose_2020-08-17,id5xpg,"Worried about Windows Opened Settled in East San Jose that used to be on the border of the evacuation area. While going with gut feelings that air isn’t unhealthy anymore based on how they smelled it, my parents chose to open windows to cool down room temperature, despite weather app (on iOS) still rating air quality as unhealthy. How worried should I feel about my parents’ decision?","Worried about Windows Opened Settled in East San Jose that used to be on the border of the evacuation area. While going with gut feelings that air isn’t unhealthy anymore based on how they smelled it, my parents chose to open windows to cool down room temperature, despite weather app (on iOS) still rating air quality as unhealthy. How worried should I feel about my parents’ decision?"
sanjose_2020-08-17,g28s072,There's no right answer to that. You have to balance air quality against COVID risk going somewhere else. Plus I suspect air quality is poor over most of Northern California. It's like a camp fire no matter where you move the wind blows smoke in your face. …,"There's no right answer to that. You have to balance air quality against COVID risk going somewhere else. Plus I suspect air quality is poor over most of Northern California. It's like a camp fire no matter where you move the wind blows smoke in your face. In a situation like this (several days into a fire) it is unlikely that you would get evacuated by surprise. There would be lots of warning to get ready and time to asses how fast the fire is moving. So I wouldn't worry about getting surprised and having to leave immediately. That said, it depends on where you live, if you're out in the hills with a long escape route then you should have a more conservative approach vs inside the city where the risk is very low."
sanjose_2020-08-17,g27x6z5,"Ah, the wind changing would explain less smoke. Thanks.","Ah, the wind changing would explain less smoke. Thanks."
sanjose_2020-08-17,g280tur,"the fire isn't any more contained, but wind from the NW is blowing the smoke away from SJ for now","the fire isn't any more contained, but wind from the NW is blowing the smoke away from SJ for now"
sanjose_2020-08-17,g289l85,I have a rabbit air minusa2. When I open the doors and windows I can definitely smell the smoke and the auto mode on the purifier revs up. I’ve tested this a few times and seems to be consistent. When the doors remain closed it stays on its lower modes. Also the smoke smell isn’t noticeable at all in the room after keeping everything shut for a bit.,I have a rabbit air minusa2. When I open the doors and windows I can definitely smell the smoke and the auto mode on the purifier revs up. I’ve tested this a few times and seems to be consistent. When the doors remain closed it stays on its lower modes. Also the smoke smell isn’t noticeable at all in the room after keeping everything shut for a bit.
sanjose_2020-08-17,g2b8wgk,The room I sleep in smelled like smoke a few days ago. After I setup my window fan and set it on exhaust mode it sucked everything out of the room and I couldn't smell it anymore. …,The room I sleep in smelled like smoke a few days ago. After I setup my window fan and set it on exhaust mode it sucked everything out of the room and I couldn't smell it anymore. Worked like a charm. No filter needed.
sanjose_2020-08-17,g28dyjj,"Hopefully you won't have too much to worry about, if the wind blows the smoke into the populated areas again, people will definitely stay home.","Hopefully you won't have too much to worry about, if the wind blows the smoke into the populated areas again, people will definitely stay home."
sanjose_2020-08-17,g29xtlb,"I was out there yesterday for a business meeting in a home next to two main beaches and they were pretty packed despite the fact that it was literally raining ash on them. I went to my meeting and promptly left town afterwards. I'll say this though, the marine layer caused the smoke to rise and the air quality FELT better next to the beach than it did in San Jose where I came from. I spoke to a few people who had been evacuated or just didn't feel comfortable at home and were staying in AirBNBs and hotels in Santa Cruz by the beach for that specific reason so you're most definitely still going to see plenty of people on the beach and in the area. …","I was out there yesterday for a business meeting in a home next to two main beaches and they were pretty packed despite the fact that it was literally raining ash on them. I went to my meeting and promptly left town afterwards. I'll say this though, the marine layer caused the smoke to rise and the air quality FELT better next to the beach than it did in San Jose where I came from. I spoke to a few people who had been evacuated or just didn't feel comfortable at home and were staying in AirBNBs and hotels in Santa Cruz by the beach for that specific reason so you're most definitely still going to see plenty of people on the beach and in the area. Nothing you can really do but this post will help a smidge I'm sure. No sarcasm. Great post and most people that read it will heed your advice but those not on reddit probably won't."
sanjose_2020-08-17,g2fc9c7,It's the roads we need clear! we are evacuating not stupidly dying of smoke inhalation at the dumb beach. Ashes have been raining down in huge chunks for days. But go ahead and get covered With Large ash if thats your thing but ride your bike. And You will need to jump m in the ocean every 3-4 minutes to wash it off.,It's the roads we need clear! we are evacuating not stupidly dying of smoke inhalation at the dumb beach. Ashes have been raining down in huge chunks for days. But go ahead and get covered With Large ash if thats your thing but ride your bike. And You will need to jump m in the ocean every 3-4 minutes to wash it off.
sanjose_2020-08-17,idgw2x,"2,000+ AQI Accuweather Air Quality Forecast for San Jose this Sunday","2,000+ AQI Accuweather Air Quality Forecast for San Jose this Sunday"
sanjose_2020-08-17,g28zswq,"Looks like it's probably okay to have them open a little bit. I can't smell any smoke anymore. But keep an eye on the wind and air quality, it could drop quick.","Looks like it's probably okay to have them open a little bit. I can't smell any smoke anymore. But keep an eye on the wind and air quality, it could drop quick."
sanjose_2020-08-17,g290jmj,"Hi, no it’s not safe. I understand that maybe the fact that the sky is looking less smokey might confuse you but as you can see from the link that’s already been shared with you, the air quality is dangerously bad. Closing the windows might be an inconvenience right now but it’s better than having to deal with horrible consequences of breathing in that air and letting it settle in your home. …","Hi, no it’s not safe. I understand that maybe the fact that the sky is looking less smokey might confuse you but as you can see from the link that’s already been shared with you, the air quality is dangerously bad. Closing the windows might be an inconvenience right now but it’s better than having to deal with horrible consequences of breathing in that air and letting it settle in your home. Remember that prevention is superior to intervention."
sanjose_2020-08-17,g29g3sn,"As many mentioned, it’s still not safe. It’s best to stay indoors and limit your time outdoors(and of course, wear a mask when outdoors). You can check here for daily updates and forecasts.","As many mentioned, it’s still not safe. It’s best to stay indoors and limit your time outdoors(and of course, wear a mask when outdoors). You can check here for daily updates and forecasts."
sanjose_2020-08-17,g29giye,"Should I still be safe if I stay in my own room with windows and doors closed with air purifier, even though living room has windows opened? There’s only so much I can do with stubborn parents. …","Should I still be safe if I stay in my own room with windows and doors closed with air purifier, even though living room has windows opened? There’s only so much I can do with stubborn parents. Will I be fine with minimal intake of air when in living room with windows and doors opened (minimal as in taking infrequent sniffs and taking a small breath after holding my breath for a long time)? I unfortunately have to walk back and forth to living room to get lunch and dinner."
sanjose_2020-08-17,g2apu19,"So bottom line, you will be fine without a mask assuming the air quality stays moderate and you don’t experience burning eyes/ throat, etc. However. Since windows are open, your bedroom will not be much more protected (air quality wise) from the rest of your home. Even if all the windows were shut it wouldn’t be great (outside air seeps through everything), though it certainly helps. I would keep a tab open on Purpleair to see how air quality is in your area in real time, and throw the mask on when you feel bothered by the smoke or when it either reaches a level that you don’t feel comfortable with breathing or it reaches unhealthy for sensitive groups (whichever comes first). With windows open, the air quality in your home and bedroom will be close to what it is outside, so just track it as best you can and throw the mask on when it’s getting worse or you start to feel like you need it. If you have a humidifier, I’d try running that in your room (particularly at night) to help with moisture levels and to help relieve any burning you might feel.","So bottom line, you will be fine without a mask assuming the air quality stays moderate and you don’t experience burning eyes/ throat, etc. However. Since windows are open, your bedroom will not be much more protected (air quality wise) from the rest of your home. Even if all the windows were shut it wouldn’t be great (outside air seeps through everything), though it certainly helps. I would keep a tab open on Purpleair to see how air quality is in your area in real time, and throw the mask on when you feel bothered by the smoke or when it either reaches a level that you don’t feel comfortable with breathing or it reaches unhealthy for sensitive groups (whichever comes first). With windows open, the air quality in your home and bedroom will be close to what it is outside, so just track it as best you can and throw the mask on when it’s getting worse or you start to feel like you need it. If you have a humidifier, I’d try running that in your room (particularly at night) to help with moisture levels and to help relieve any burning you might feel."
sanjose_2020-08-17,idhdzu,"Air Quality in East San Jose Hello. I’m in East San Jose area, the area that was formerly on the border of the evacuation area. I posted earlier about how uneasy I felt about my parents opening windows in and my concern still stands, so I was wondering if air quality has improved enough for it to be safe now? I’m in the 95127 area by the way.","Air Quality in East San Jose Hello. I’m in East San Jose area, the area that was formerly on the border of the evacuation area. I posted earlier about how uneasy I felt about my parents opening windows in and my concern still stands, so I was wondering if air quality has improved enough for it to be safe now? I’m in the 95127 area by the way."
sanjose_2020-08-17,g2c9gnc,"Good but it's only part of a larger system. I have a stack of 4 fans at the back door pointed out to exhaust the air from the house, and additional filters in other open windows to draw in. The filters are all either MERV 14 or MERV 16. You can still smell a little bit of the fire but it definitely keeps most of it out. I'm also running HEPA and industrial 0.1 micron air filtration systems in the house.","Good but it's only part of a larger system. I have a stack of 4 fans at the back door pointed out to exhaust the air from the house, and additional filters in other open windows to draw in. The filters are all either MERV 14 or MERV 16. You can still smell a little bit of the fire but it definitely keeps most of it out. I'm also running HEPA and industrial 0.1 micron air filtration systems in the house."
sanjose_2020-08-17,g2a5vx1,Check the air quality maps. It looks like it's not bad right now but if you have asthma or something like that it's maybe not a good idea.,Check the air quality maps. It looks like it's not bad right now but if you have asthma or something like that it's maybe not a good idea.
sanjose_2020-08-17,g2afkli,I'm a cyclist and this was the approach I took last year: Check Purple Air Go if my path was under 120ish Cut ride short if it got bad Warning that our clear air is due to mostly wind patterns so things can change fast. I got stuck last year and had to ride through some pretty bad smoke and felt sick for like 3 days.,I'm a cyclist and this was the approach I took last year: Check Purple Air Go if my path was under 120ish Cut ride short if it got bad Warning that our clear air is due to mostly wind patterns so things can change fast. I got stuck last year and had to ride through some pretty bad smoke and felt sick for like 3 days.
sanjose_2020-08-17,g2d25gs,It’s basically about the ash obstructing the light wave. The red is a longer light wave so it isn’t blocked as much as the shorter wavelengths.,It’s basically about the ash obstructing the light wave. The red is a longer light wave so it isn’t blocked as much as the shorter wavelengths.
sanjose_2020-08-17,g2e3ihi,Is that your own sensor? I have been using Apple AQI which appears to be from weather.com which matches the federal airnow.gov,Is that your own sensor? I have been using Apple AQI which appears to be from weather.com which matches the federal airnow.gov
sanjose_2020-08-17,g2ly2r0,"Purpleair seems to be more accurate based on ""cloud"" cover and smoke smell. airnow is completely off which is bad. …","Purpleair seems to be more accurate based on ""cloud"" cover and smoke smell. airnow is completely off which is bad. Why LRAPA over the default? (And thanks)"
sanjose_2020-08-17,iea29r,AQI stuck The AQI has been 152 all day and I can’t believe it. I just checked the airnow.gov page and it too says 152. Does anyone know if the sensor data is bad today? The air seems to be improving now.,AQI stuck The AQI has been 152 all day and I can’t believe it. I just checked the airnow.gov page and it too says 152. Does anyone know if the sensor data is bad today? The air seems to be improving now.
sanjose_2020-08-17,ieae4r,"[RAGE] Heat in SJ is driving me NUTS - NO A/C this temperature is putting me through the roof. I can't open windows because the air's messed up, the heat is killing me on the second floor. I'm pissed as hell seeing my fan with a thermometer going from 93-94 at 7pm. …","[RAGE] Heat in SJ is driving me NUTS - NO A/C this temperature is putting me through the roof. I can't open windows because the air's messed up, the heat is killing me on the second floor. I'm pissed as hell seeing my fan with a thermometer going from 93-94 at 7pm. I'm even warmer when I'm pissed as hell. I am SO sick of being sticky all the time."
sanjose_2020-08-17,g2jj3a7,"… Iunderstand that Purpleair readings are higher and AQandU and LRAPA are conversions of some sort, but I’m not finding anything explaining what makes LRAPA the standard. Is it because it’s more accurate when measuring forest fire smoke in particular?","Do you know why specifically LRAPA is the superior choice? Iunderstand that Purpleair readings are higher and AQandU and LRAPA are conversions of some sort, but I’m not finding anything explaining what makes LRAPA the standard. Is it because it’s more accurate when measuring forest fire smoke in particular?"
sanjose_2020-08-17,g2jlme0,"… The laser sensors used by Purple Air rely on a hard-coded constant that represents the average density of the particles it is detecting. Because wood smoke particles are less dense (1.5 g/cm^3) than typical PM 2.5 particles, the resulting AQI values are too high. This is the reason that LRAPA conversion is necessary. …","I’ll just use this opportunity to reply to my own comment. I think I found the info I was looking for. I don’t understand it, but it’s an explanation. From 3. The laser sensors used by Purple Air rely on a hard-coded constant that represents the average density of the particles it is detecting. Because wood smoke particles are less dense (1.5 g/cm^3) than typical PM 2.5 particles, the resulting AQI values are too high. This is the reason that LRAPA conversion is necessary. Thanks to Adrian Dybwad."
sanjose_2020-08-17,g2jlnav,"I'm not an expert, but from what I understand the AQI values that are generally used by the EPA for example are not the raw values, which purpleair sensors default to. LRAPA is just one standardization that takes the raw data and applies some regulation factors to keep these sensors in line with more widely accepted ranges.","I'm not an expert, but from what I understand the AQI values that are generally used by the EPA for example are not the raw values, which purpleair sensors default to. LRAPA is just one standardization that takes the raw data and applies some regulation factors to keep these sensors in line with more widely accepted ranges."
sanjose_2020-08-17,g2flv1n,"Not really, it has to go through a good piece of the city. Or goes south, makes a U direction and lights up the hills behind us which is like not even close to likely At worst you'll just have to worry about how bad the air quality will be","Not really, it has to go through a good piece of the city. Or goes south, makes a U direction and lights up the hills behind us which is like not even close to likely At worst you'll just have to worry about how bad the air quality will be"
sanjose_2020-08-17,g2fje2u,Windows closed....(?) Right now the AQI is 61. I would still leave the windows shut because your purifier would basically be trying to filter constant incoming air from outside.,Windows closed....(?) Right now the AQI is 61. I would still leave the windows shut because your purifier would basically be trying to filter constant incoming air from outside.
sanjose_2020-08-17,g2hz6jv,Cracked the window probably two inches last night to have some circulating air since my apartment has no AC. Woke up this morning congested and my room smelled a bit smoky. Definitely closed. …,Cracked the window probably two inches last night to have some circulating air since my apartment has no AC. Woke up this morning congested and my room smelled a bit smoky. Definitely closed. Edit: and I live no where near the evac zone
sanjose_2020-08-17,g2i32cy,"Closed forsure, I live with some incredibly stubborn family members that leave the window open no matter how many times I tell them. I keep everything closed in my room with a purifier and I still woke up with lots of flem in my throat. Fucking sucks.","Closed forsure, I live with some incredibly stubborn family members that leave the window open no matter how many times I tell them. I keep everything closed in my room with a purifier and I still woke up with lots of flem in my throat. Fucking sucks."
sanjose_2020-08-17,g2i3f20,I've been having my windows open from about 12-4am in South SJ (when the AQI gets to low moderate/high good) to cool down the house without much noticeable incident (i.e. no immediate physical ailments//no smokey smells).,I've been having my windows open from about 12-4am in South SJ (when the AQI gets to low moderate/high good) to cool down the house without much noticeable incident (i.e. no immediate physical ailments//no smokey smells).
sanjose_2020-08-17,ieedoy,"… As title states. In the middle of air quality between 130 and 150, recommend windows opened or closed, while having purifier on?","Sleeping with Windows Opened or Closed? As title states. In the middle of air quality between 130 and 150, recommend windows opened or closed, while having purifier on?"
sanjose_2020-08-17,ieslt1,"… The only things I've found while searching shows little icons (a random flame), or a general shaded area (like have the map). I'm in Willow Glen, and I don't think anything is near us, but the smoke just quickly got really bad, and I'm nervous, and I have no way of knowing if anything is nearby or not, and if I ought to be nervous or not. I grew up in San Diego, and so have lived through a few fire-storms, and had some very near misses, so I do have some trauma related to that. …","Is there any website or source to show what fires are active near you? The only things I've found while searching shows little icons (a random flame), or a general shaded area (like have the map). I'm in Willow Glen, and I don't think anything is near us, but the smoke just quickly got really bad, and I'm nervous, and I have no way of knowing if anything is nearby or not, and if I ought to be nervous or not. I grew up in San Diego, and so have lived through a few fire-storms, and had some very near misses, so I do have some trauma related to that. I just want peace of mind."
sanjose_2020-08-17,g2k7esf,I’ve been looking at this website ( ) to see what times the wind is blowing towards the fires. Those are the best times to open windows and get the least smoke inside. However I’ve noticed the wind die down during the night so leaving them open overnight is almost guaranteed to bring the smoke into your home.,I’ve been looking at this website ( ) to see what times the wind is blowing towards the fires. Those are the best times to open windows and get the least smoke inside. However I’ve noticed the wind die down during the night so leaving them open overnight is almost guaranteed to bring the smoke into your home.
sanjose_2020-08-17,g2kcm5h,"I was going to say something like this but knew negative votes would come. Unless you have respiratory issues, asthma, etc you probably be ok. The wind has cleared the smoke in the evenings a bit. I Keep it closed till late at night","I was going to say something like this but knew negative votes would come. Unless you have respiratory issues, asthma, etc you probably be ok. The wind has cleared the smoke in the evenings a bit. I Keep it closed till late at night"
sanjose_2020-08-17,g2lb0ra,"If AQI is under 40, I’ve been opening the windows. As soon as it trends upward, I close them. …","If AQI is under 40, I’ve been opening the windows. As soon as it trends upward, I close them. I opened them last night around 7:30 and shut them at 11."
sanjose_2020-08-17,ieyho8,"Opinion on opening windows at night The air quality today has been absolutely terrible, the worst its been I think since the fires, and it gets pretty hot when I turn off my ac in my 2-story house at night. As of now, PurpleAir and other air-quality websites says its good right now. It doesnt smell that bad outside, but I can still see smoke. Would any of you guys keep your window open at night till the morning? Or closed in case the wind throws a curveball and plumes San Jose again with smoke","Opinion on opening windows at night The air quality today has been absolutely terrible, the worst its been I think since the fires, and it gets pretty hot when I turn off my ac in my 2-story house at night. As of now, PurpleAir and other air-quality websites says its good right now. It doesnt smell that bad outside, but I can still see smoke. Would any of you guys keep your window open at night till the morning? Or closed in case the wind throws a curveball and plumes San Jose again with smoke"
sanjose_2020-08-17,g2mfk9n,"I really enjoy driving a wrangler but the A/C is junk it works if you flip a coin and do a magic chant & yesterday on my way back home from camping the A/C was not working and I had to roll the window down, thankfully I had mask, on my other car the A/C is a charm so I went to wash it changed the filter and I’m having such a good time in it","I really enjoy driving a wrangler but the A/C is junk it works if you flip a coin and do a magic chant & yesterday on my way back home from camping the A/C was not working and I had to roll the window down, thankfully I had mask, on my other car the A/C is a charm so I went to wash it changed the filter and I’m having such a good time in it"
seattle_2020-09-07,g4wzvxh,"… Utah: more snow, there's still plenty of tech jobs, and your money will go further. The inversion is pretty bad in the winter, though. It's not pretty. …","Tough. I'll be real with you, I have lived in Illinois (Chicago), Utah (Salt Lake City, Cottonwood Heights), and now Washington (Capitol Hill, Ballard, Greenlake). Utah: more snow, there's still plenty of tech jobs, and your money will go further. The inversion is pretty bad in the winter, though. It's not pretty. It's significantly hotter, which is either good or bad depending on your preferences. Washington: amazing in the summer, god awful in the winter. I love this city, but 2019-2020s winter was so bad I got diagnosed with major depressive disorder and SAD (all pre covid). It got to the point that my doctor and therapist suggested I either go on an extended vacation or consider moving somewhere sunnier. I'm now in the process of moving to LA. To answer your question more positively, the temperature here is mild. Outside of the rainy reason, it's amazing here with endless hiking and natural activities. IF you can handle a few months of rain (it's light rain, but except the sun to go away for a few weeks at a time at the minimum), you will love it here. It never snows here outside of the mountains, too. Well, it will every few winters and people freak out. Utah’s reputation isn’t quite fair (outside of Provo- avoid), and the people are really chill. SLC is fairly blue and there’s tons of breweries and stuff. Seattle is a bubble that really mellows out once you leave the city limits. I personally found it a little cringy at times, especially when I lived in Capitol Hill. Weed is legal, which is pretty sweet. SLC airport is closer to the city than SeaTac. Flights out of SeaTac are generally cheaper. Getting to SeaTac via public transit is easier, but public transit in both cities is far from desirable. Looking back at my time in both WA and UT, I think I'd pick WA if I was under 30, but UT is significantly more practical and it would probably win out if I was settling down. The housing market here is a joke, not that LA is any better. You’re welcome to DM me if you want to know more about my experience living in both states."
seattle_2020-09-07,g4eupkv,"Have been periodically watching the smoke roll in via changes in AQI on the purple map in real-time, it's surreal:","Have been periodically watching the smoke roll in via changes in AQI on the purple map in real-time, it's surreal:"
seattle_2020-09-07,ioke9o,"Animated gif illustrating where all the smoke came from today, compliments of 2020","Animated gif illustrating where all the smoke came from today, compliments of 2020"
seattle_2020-09-07,g4fe3kl,"Eastern WA has a very similar climate to rural areas of Northern California (source: I've lived in both places) and just like California, wildfires have been increasing in intensity for several years. The whole city being blanketed in smoke, however, is relatively new/rare and as someone born and raised here for most of my life, the only two times I remember it being like this here are both within the last five years. It's also partially due to our geography, with two mountain ranges and the bay, it's a prime location for smoke to get ""trapped"" for several days. So if wildfires are going on the eastside of the state, plus up in Vancouver, BC and down south in Oregon/California, it gets pretty intensely smokey.","Eastern WA has a very similar climate to rural areas of Northern California (source: I've lived in both places) and just like California, wildfires have been increasing in intensity for several years. The whole city being blanketed in smoke, however, is relatively new/rare and as someone born and raised here for most of my life, the only two times I remember it being like this here are both within the last five years. It's also partially due to our geography, with two mountain ranges and the bay, it's a prime location for smoke to get ""trapped"" for several days. So if wildfires are going on the eastside of the state, plus up in Vancouver, BC and down south in Oregon/California, it gets pretty intensely smokey."
seattle_2020-09-07,g4et6h1,Hot + smoky + windless = Hell,Hot + smoky + windless = Hell
seattle_2020-09-07,g4eujf8,It is the smoke from the wildfires in eastern Washington.,It is the smoke from the wildfires in eastern Washington.
seattle_2020-09-07,g4f4byr,"… It's reached Seattle too. From what the news is forecasting, probably will be smoky throughout Tuesday but we'll see.","It's the wildfires. It's reached Seattle too. From what the news is forecasting, probably will be smoky throughout Tuesday but we'll see."
seattle_2020-09-07,g4gu11k,"That's great! Definitely wear the N95 if you need to go outside today. I like the Honeywell HPA300, but it looks like they only have it in Tacoma.","That's great! Definitely wear the N95 if you need to go outside today. I like the Honeywell HPA300, but it looks like they only have it in Tacoma."
seattle_2020-09-07,g4fbtg6,"There’s brush fires near Sumner now too, and the wind has caused power outages there and Puyallup. I can’t sleep either with the heat and poor air quality, despite windows being closed (I’m also in an apartment).","There’s brush fires near Sumner now too, and the wind has caused power outages there and Puyallup. I can’t sleep either with the heat and poor air quality, despite windows being closed (I’m also in an apartment)."
seattle_2020-09-07,g4g7kse,"Oh wow, I never considered that it could set off smoke detectors (as obvious as that may be). I closed all our windows last night, even taped up some gaps we've got, and our HEPA filter has been running nonstop.","Oh wow, I never considered that it could set off smoke detectors (as obvious as that may be). I closed all our windows last night, even taped up some gaps we've got, and our HEPA filter has been running nonstop."
seattle_2020-09-07,g4gjpm1,"Yup, gotta love that haze being sent from eastern WA burning. It is \ intense\ over there right now! But yeah, I had to close my windows and turn on an air purifier to breathe easier this morning.","Yup, gotta love that haze being sent from eastern WA burning. It is \ intense\ over there right now! But yeah, I had to close my windows and turn on an air purifier to breathe easier this morning."
seattle_2020-09-07,g4hucnl,"It was very windy here yesterday, so its cleared out a lot even since then. Wenatchee is a valley as well, I remember in 2012 I think when the hillsides around the valley caught fire and there was no wind, all the smoke just got trapped down in the valley, legit could not see across the street for a few days. The local medical centers were warning that like 5 minutes of breathing outside was equivalent to smoking a whole pack of cigarettes. …","It was very windy here yesterday, so its cleared out a lot even since then. Wenatchee is a valley as well, I remember in 2012 I think when the hillsides around the valley caught fire and there was no wind, all the smoke just got trapped down in the valley, legit could not see across the street for a few days. The local medical centers were warning that like 5 minutes of breathing outside was equivalent to smoking a whole pack of cigarettes. Crazy shit"
seattle_2020-09-07,g4gtvbu,"New to Seattle. Are there any good smoke forecasts? How long does the smoke last? Days weeeks? Was hoping to hike this weekend in Rainier, any resources that I can use that will tell me if the smoke will be bad?","New to Seattle. Are there any good smoke forecasts? How long does the smoke last? Days weeeks? Was hoping to hike this weekend in Rainier, any resources that I can use that will tell me if the smoke will be bad?"
seattle_2020-09-07,g4hwef3,"Born in Wenatchee & lived there til I was 21, 14 years ago, and moved to Skagit/ Bellingham/ Seattle. I remember it being slightly smoky around this time of year when playing outside, because I couldn't wear my clothes for 2 days straight, but nothing like this. Last year we had to close all the windows & doors for a week or 2 and now here we go again this year. …","Born in Wenatchee & lived there til I was 21, 14 years ago, and moved to Skagit/ Bellingham/ Seattle. I remember it being slightly smoky around this time of year when playing outside, because I couldn't wear my clothes for 2 days straight, but nothing like this. Last year we had to close all the windows & doors for a week or 2 and now here we go again this year. :<"
seattle_2020-09-07,g4go5q3,"The current forecast has the smoke drifting around a bit over the course of the next day or so, but with any luck this morning may have been the worst of it, at least for now.","The current forecast has the smoke drifting around a bit over the course of the next day or so, but with any luck this morning may have been the worst of it, at least for now."
seattle_2020-09-07,g4h69nu,"Winds shifted. Their AQI is better than ours for the time being, but of course the winds can always shift again.","Winds shifted. Their AQI is better than ours for the time being, but of course the winds can always shift again."
seattle_2020-09-07,g4hy3w5,Definitely from the fires in WA. Wind is blowing the smoke to western WA. Seattle AQI hit around 150/175 today.,Definitely from the fires in WA. Wind is blowing the smoke to western WA. Seattle AQI hit around 150/175 today.
seattle_2020-09-07,g4i0jno,"Dunno, “unhealthy” sounds pretty obvious as to how bad it is to me. Although there was a drop in PM2.5 concentration earlier today, before noon, due to higher wind speeds. They’ve since been back on the rise but not nearly as bad as last night/early morning. Keep in mind that smoke exposure builds up, and you could be feeling worse now even though the current concentrations are lower.","Dunno, “unhealthy” sounds pretty obvious as to how bad it is to me. Although there was a drop in PM2.5 concentration earlier today, before noon, due to higher wind speeds. They’ve since been back on the rise but not nearly as bad as last night/early morning. Keep in mind that smoke exposure builds up, and you could be feeling worse now even though the current concentrations are lower."
seattle_2020-09-07,g4i3xv4,Short walks yeah. Anything beyond that hold off til the air clears out. A couple years ago when the smoke was really bad I went skateboarding thinking I was in shape so the smoke wouldn't affect me. After about 15 minutes of cruising around warming up I was fucking gassed and woozy and just didn't feel right. …,Short walks yeah. Anything beyond that hold off til the air clears out. A couple years ago when the smoke was really bad I went skateboarding thinking I was in shape so the smoke wouldn't affect me. After about 15 minutes of cruising around warming up I was fucking gassed and woozy and just didn't feel right. It's not worth it.
seattle_2020-09-07,g4ibhbl,"Unless you have very very bad asthma or lung conditions, the fires are far enough away opening your windows should be fine","Unless you have very very bad asthma or lung conditions, the fires are far enough away opening your windows should be fine"
seattle_2020-09-07,g4isk0w,"It’s been consistently over 100 AQI here in Oakland, CA for weeks with some days reaching well over 150. Having the worst air for a day sucks, but the way wind works, many places near the fires will hit levels that would be considered worst in the world at that time. It’s always fluctuating. People are right that prolonged poor air quality really really sucks — especially for people with allergies. I haven’t been able to take a clear breath for the past two weeks Edit: also I just checked IQAir. …","It’s been consistently over 100 AQI here in Oakland, CA for weeks with some days reaching well over 150. Having the worst air for a day sucks, but the way wind works, many places near the fires will hit levels that would be considered worst in the world at that time. It’s always fluctuating. People are right that prolonged poor air quality really really sucks — especially for people with allergies. I haven’t been able to take a clear breath for the past two weeks Edit: also I just checked IQAir. Oakland isn’t even a listed city. I’m guessing a lot of online resources are rather incomplete"
seattle_2020-09-07,g4j9ekz,This shows the AQI of all of North America - Ouch. Those fires are really doing a number on the west coast.,This shows the AQI of all of North America - Ouch. Those fires are really doing a number on the west coast.
seattle_2020-09-07,g4ijf6b,"… Don't know the forecast, but I definitely thought this too. I also feel it got a bit colder (smoke trapping heat, now moving away?)","About 10 minutes ago I told someone I felt the winds change. So.... It might be simply moving to a different part (I'm in Ballard). Don't know the forecast, but I definitely thought this too. I also feel it got a bit colder (smoke trapping heat, now moving away?)"
seattle_2020-09-07,g4jylyl,"This seems right, it was predicted that there was going to be a ton of wind that'd bring back the pollution that went eastwards back to the north west coast, then out to sea","This seems right, it was predicted that there was going to be a ton of wind that'd bring back the pollution that went eastwards back to the north west coast, then out to sea"
seattle_2020-09-07,g4lbvjp,Keep windows open but wear a mask inside and maybe change the filter regularly?,Keep windows open but wear a mask inside and maybe change the filter regularly?
seattle_2020-09-07,g4mf4la,"They get their info directly from Washington State’s Air Quality Monitoring Network, which is made up of a variety of government and clean air agencies (they’re also the ones who issue Washington’s Air Quality Advisories). I think just like weather forecasts, a lot of variables go into trying to predict these things.","They get their info directly from Washington State’s Air Quality Monitoring Network, which is made up of a variety of government and clean air agencies (they’re also the ones who issue Washington’s Air Quality Advisories). I think just like weather forecasts, a lot of variables go into trying to predict these things."
seattle_2020-09-07,g4rinhu,My place is unbearably hot at all hours of the day and night if the windows aren't open. No choice for me but to accept the smoke :(,My place is unbearably hot at all hours of the day and night if the windows aren't open. No choice for me but to accept the smoke :(
seattle_2020-09-07,g4qur8w,"“Hightower said the city is taking its cues from Seattle/King County Public Health about when and whether to open temporary spaces for people living outdoors to get out of the heat and smoke. “We are updating our operational plans should Public Health – Seattle & King County recommend that the benefits of establishing congregate healthy air centers outweigh the health risks of COVID-19 based on the severity of the forecast.” If that happens, Hightower said, the city has “access to a range of facilities if wildfire smoke conditions significantly deteriorated and became a greater health risk to vulnerable individuals’—for example, if the Puget Sound Clean Air Agency issued “a prolonged red zone air quality forecast that went on for days/weeks and Public Health’s concerns for air quality outweighs the concern for the spread of COVID-19 which can be deadly to those at high risk.” “Homeless advocates, and at least one city council member, aren’t buying it. Alison Eisinger, director of the Seattle/King County Coalition on Homelessness, said the city should have risen to the challenge of providing safe, socially distanced shelter months ago, before wildfires and extreme heat added new urgency to the crisis. …","“Hightower said the city is taking its cues from Seattle/King County Public Health about when and whether to open temporary spaces for people living outdoors to get out of the heat and smoke. “We are updating our operational plans should Public Health – Seattle & King County recommend that the benefits of establishing congregate healthy air centers outweigh the health risks of COVID-19 based on the severity of the forecast.” If that happens, Hightower said, the city has “access to a range of facilities if wildfire smoke conditions significantly deteriorated and became a greater health risk to vulnerable individuals’—for example, if the Puget Sound Clean Air Agency issued “a prolonged red zone air quality forecast that went on for days/weeks and Public Health’s concerns for air quality outweighs the concern for the spread of COVID-19 which can be deadly to those at high risk.” “Homeless advocates, and at least one city council member, aren’t buying it. Alison Eisinger, director of the Seattle/King County Coalition on Homelessness, said the city should have risen to the challenge of providing safe, socially distanced shelter months ago, before wildfires and extreme heat added new urgency to the crisis. “The public health threats to people who are homeless of being exposed to extreme weather conditions are real,” she said, “and the threats to people being indoors with a highly transmissible disease are real. That doesn’t mean that local government gets a pass on figuring out how to help reduce risk and protect people.”"
seattle_2020-09-07,g4rmbxj,The plume of smoke arriving tomorrow is supposed to be worse than the smoke 2 years ago.,The plume of smoke arriving tomorrow is supposed to be worse than the smoke 2 years ago.
seattle_2020-09-07,g4s851c,Tomorrow's doom cloud is mostly CA and OR smoke getting sucked out to sea and then blown up in our faces. edit: literally what the article says you chucklefucks,Tomorrow's doom cloud is mostly CA and OR smoke getting sucked out to sea and then blown up in our faces. edit: literally what the article says you chucklefucks
seattle_2020-09-07,iqd194,'Super-Massive' Smoke Plume Heads Toward Western Washington,'Super-Massive' Smoke Plume Heads Toward Western Washington
seattle_2020-09-07,g4s195u,"I would go with what you quoted above from the EPA where they say "" If you have a portable air conditioner with a single hose, typically vented out of a window, do not use it in smoky conditions."" If you live in a single family house it's your choice to bring the smoke inside even though the EPA advises against it. However, if you live in an apartment it wouldn't be considerate of your neighbors. …","I would go with what you quoted above from the EPA where they say "" If you have a portable air conditioner with a single hose, typically vented out of a window, do not use it in smoky conditions."" If you live in a single family house it's your choice to bring the smoke inside even though the EPA advises against it. However, if you live in an apartment it wouldn't be considerate of your neighbors. The good news is that the temps are going to be cooler this week-end. I'd go the healthy route and use a fan."
seattle_2020-09-07,g55xze9,what model is your AC? do you use air purifier for additional help?,what model is your AC? do you use air purifier for additional help?
seattle_2020-09-07,g562muw,"… Don’t know the model off hand, this ac was a loaner from a friend for my working from home during the summer and it was 85+ on the hot days. I don’t own an air purifier. Maybe that will be next years budget.","Model is a Haier. Don’t know the model off hand, this ac was a loaner from a friend for my working from home during the summer and it was 85+ on the hot days. I don’t own an air purifier. Maybe that will be next years budget."
seattle_2020-09-07,g4risky,"Since this is just a screenshot of the alert, here are the links: Box fan filter instructions: Air quality forecast: WA DoH site:","Since this is just a screenshot of the alert, here are the links: Box fan filter instructions: Air quality forecast: WA DoH site:"
seattle_2020-09-07,g4sicjy,Would a basic window AC unit be a problem to run tomorrow? I know mine filters air a bit but this is my first smoke season and idk.,Would a basic window AC unit be a problem to run tomorrow? I know mine filters air a bit but this is my first smoke season and idk.
seattle_2020-09-07,g4swq85,"Thanks! I didn’t know where else to see the wildfire forecast besides the current pnw smoke map. I thought that only tracked the wildfires by day. I just found out about the Air Visual app that has a forecast. Totally clueless about this, thanks for understanding.","Thanks! I didn’t know where else to see the wildfire forecast besides the current pnw smoke map. I thought that only tracked the wildfires by day. I just found out about the Air Visual app that has a forecast. Totally clueless about this, thanks for understanding."
seattle_2020-09-07,g4ty0nr,"Things I used to do before I had air conditioning, from most effective to least effective: covered all windows with aluminum foil (definitely cover your whole roof if you can) put large fan with HEPA filters in a window placed a medium fan pointed directly at me wore a t-shirt lightly soaked in lukewarm water sat in a bathtub filled with lukewarm water By ""lukewarm water"" I mean water that is lower than body temperature. Obviously right now, opening the windows is a last resort, but heat can (usually) kill you faster than dirty air will, so...","Things I used to do before I had air conditioning, from most effective to least effective: covered all windows with aluminum foil (definitely cover your whole roof if you can) put large fan with HEPA filters in a window placed a medium fan pointed directly at me wore a t-shirt lightly soaked in lukewarm water sat in a bathtub filled with lukewarm water By ""lukewarm water"" I mean water that is lower than body temperature. Obviously right now, opening the windows is a last resort, but heat can (usually) kill you faster than dirty air will, so..."
seattle_2020-09-07,g4tz2vy,Although that is true I’ve found that as long as I seal up all the gaps in the window with masking tape it seems to keep out most of the smoke. I don’t have any piece of equipment to measure it but my lungs are barely irritated compared to if the windows were open. Combine it with the air filter and box fan trick and you can cut down on the smoke significantly while being comfortable.,Although that is true I’ve found that as long as I seal up all the gaps in the window with masking tape it seems to keep out most of the smoke. I don’t have any piece of equipment to measure it but my lungs are barely irritated compared to if the windows were open. Combine it with the air filter and box fan trick and you can cut down on the smoke significantly while being comfortable.
seattle_2020-09-07,g4u0lxc,"… One of the window slats doesn’t even extend to the whole window and two of them are in casement windows where I have to throw the hose out of it. The smoke smell inside is not really perceptible. I keep my house heater fan running and have a couple of Vornado HEPA filters in bedrooms (bought when the smoke was REALLY bad a couple years ago). But that’s about it. Maybe if you have bad allergies, this wouldn’t work. But generally it’s not too bad.","The whole negative pressure thing is overblown. I have 4 portable AC units in various rooms of my house. One of the window slats doesn’t even extend to the whole window and two of them are in casement windows where I have to throw the hose out of it. The smoke smell inside is not really perceptible. I keep my house heater fan running and have a couple of Vornado HEPA filters in bedrooms (bought when the smoke was REALLY bad a couple years ago). But that’s about it. Maybe if you have bad allergies, this wouldn’t work. But generally it’s not too bad."
seattle_2020-09-07,iqt66v,"Tips and tricks to keep cool during the next smokey days Hey everyone! I am looking for suggestions on how to stay cool during these next few days while we wait for this smoke to blow over. I usually use a box fan in my window to circulate air through my apartment, but now I cant have my window open and it will be as hot as hell. …","Tips and tricks to keep cool during the next smokey days Hey everyone! I am looking for suggestions on how to stay cool during these next few days while we wait for this smoke to blow over. I usually use a box fan in my window to circulate air through my apartment, but now I cant have my window open and it will be as hot as hell. Any and all tips are welcome, thanks in advance!"
seattle_2020-09-07,g4vfq9d,"I am working from home today since the prediction for air quality was so bad, and my bus driver husband seemed to think it was ridiculous. He texted me this morning telling me it wasn't bad, and then within two hours I couldn't see 100 yards out my kitchen window. I'm thankful that we have a good air filter.","I am working from home today since the prediction for air quality was so bad, and my bus driver husband seemed to think it was ridiculous. He texted me this morning telling me it wasn't bad, and then within two hours I couldn't see 100 yards out my kitchen window. I'm thankful that we have a good air filter."
seattle_2020-09-07,g4vvv61,"My off the wall guess is that there's more green space and it's a little more open than the surrounding area so it's easier for smoke to disperse a bit? I'm curious too Edit: on second thought, it's next to the water so if UW is a little better than U District then you'd expect the lake to be even better than both. …","My off the wall guess is that there's more green space and it's a little more open than the surrounding area so it's easier for smoke to disperse a bit? I'm curious too Edit: on second thought, it's next to the water so if UW is a little better than U District then you'd expect the lake to be even better than both. Right now all those areas on the map look the same to me, maybe it was a temporary discrepancy in the measurements"
seattle_2020-09-07,g4w7zrh,Forgot to close my window last night and woke up with a wicked cough and watery eyes,Forgot to close my window last night and woke up with a wicked cough and watery eyes
seattle_2020-09-07,g4wdy4j,"Ok great, but are there any stores selling air purifiers? (Not sold out rn) barring that what else can we do to improve the air indoors? I mean with closed windows there’s a little getting in, what can we do?","Ok great, but are there any stores selling air purifiers? (Not sold out rn) barring that what else can we do to improve the air indoors? I mean with closed windows there’s a little getting in, what can we do?"
seattle_2020-09-07,ir3zp4,"… Maybe I’m unusually sensitive (in fact, I almost definitely am. Anxiety has been a lifelong struggle) but the wildfire smoke has me checking the air quality and news stations’ twitter accs constantly, pacing back and forth and staring out the window, and generally feeling like total shit 24/7. I ordered an air purifier but it won’t get here for like a week, so I’m just stuck, all by myself, feeling my chest get tighter every hour, stir crazy out of my mind. I’m so stressed out I feel like I’m going to have a heart attack. …","Staying sane Anyone managing to do it? Maybe I’m unusually sensitive (in fact, I almost definitely am. Anxiety has been a lifelong struggle) but the wildfire smoke has me checking the air quality and news stations’ twitter accs constantly, pacing back and forth and staring out the window, and generally feeling like total shit 24/7. I ordered an air purifier but it won’t get here for like a week, so I’m just stuck, all by myself, feeling my chest get tighter every hour, stir crazy out of my mind. I’m so stressed out I feel like I’m going to have a heart attack. I just want it to be over, and can’t fathom how anyone’s managing closer to the fires. I don’t remember how I got through 2017/2018 (or if it got to me this much). I just want to open the window. I feel totally hopeless and just want a breath of fresh air. I doubt most people are feeling so melodramatic about all this (I hope), but I still thought I’d ask: a) HOW ARE YOU COPING?? b) ARE WE ALL GOING TO DIE? Edit: so thankful for everyone’s replies! isolation has definitely not been conducive to better handling of one’s own shit amidst the Current Situation™, but you’ve all helped me feel a little less alone for the first time since the shittiness kicked into high gear (or, high er gear anyway.) remembering to be grateful today that i’m not one of the thousands of people having to evacuate and that my home is still intact. obviously it isn’t useful to be having a pity party for myself while others are weathering much worse, but panic’s been getting the better of me. anyway. thanks everyone"
seattle_2020-09-07,g4yc13z,"… It is, quite literally , burning organic material, including other inorganics such as tires and plastics, as well as caustic gasses. It is also quite literally not my job to disprove people who blithely claim that ""smoking, and caustic gas inhalation, [...] are very different than dispersed wildfire smoke"". Now, are there long-term studies that measure how much wildfire smoke is needed to cause lung cancer specifically? No, though I'll mention that lung cancer isn't the topic of this thread. Wildfire smoke is a recent health phenomenon in major cities, as they are becoming more frequent, and so the effects are not known to the degree of cigarettes. But we can make general strokes: yes, going outside and breathing in the smoke is almost certainly carcinogenic, and at the very minimum can cause chronic heart and lung disease . This is not campfire smoke that you move out of the way for when the wind starts blowing toward your seat. This is a pervasive, caustic gas and suspended fine particles that will go deep into the lung. EDIT: YO, YOU DON'T JUST GET TO NINJAEDIT YOUR INITIAL CLAIM. NOWHERE DID YOU ORIGINALLY CLAIM ""Are you trying to tell me wildfire smoke has just as many toxins, and in the same density as cigarette smoke?"" IN YOUR ORIGINAL COMMENT.","From the CDC: From the EPA: Emphasis mine. It is, quite literally , burning organic material, including other inorganics such as tires and plastics, as well as caustic gasses. It is also quite literally not my job to disprove people who blithely claim that ""smoking, and caustic gas inhalation, [...] are very different than dispersed wildfire smoke"". Now, are there long-term studies that measure how much wildfire smoke is needed to cause lung cancer specifically? No, though I'll mention that lung cancer isn't the topic of this thread. Wildfire smoke is a recent health phenomenon in major cities, as they are becoming more frequent, and so the effects are not known to the degree of cigarettes. But we can make general strokes: yes, going outside and breathing in the smoke is almost certainly carcinogenic, and at the very minimum can cause chronic heart and lung disease . This is not campfire smoke that you move out of the way for when the wind starts blowing toward your seat. This is a pervasive, caustic gas and suspended fine particles that will go deep into the lung. EDIT: YO, YOU DON'T JUST GET TO NINJAEDIT YOUR INITIAL CLAIM. NOWHERE DID YOU ORIGINALLY CLAIM ""Are you trying to tell me wildfire smoke has just as many toxins, and in the same density as cigarette smoke?"" IN YOUR ORIGINAL COMMENT."
seattle_2020-09-07,g4y7et3,"… Don't seal off 100% of your air flow or you could suffocate. It's not wise to leave them on endlessly as they burn out but you could leave the bathroom fans on to assist sucking out the smoke. Just do it while you're their then turn it off for bed time or when you head out to work or errands. Another thing you can do is purchase a box fan, a filter (you can find these at hardware stores in the filter area. Tape it to your box fan (keeping in mind to follow the arrow to the air flow direction) and it'll act like a mini air filter. It helps a lot. Another option is to purchase a real hepa filter air purifier which can be a bit costly. They can range from $200- $1000 depending upon how much area you need to cover. …","We used packaging tape to seal our windows off. It helps some. Don't seal off 100% of your air flow or you could suffocate. It's not wise to leave them on endlessly as they burn out but you could leave the bathroom fans on to assist sucking out the smoke. Just do it while you're their then turn it off for bed time or when you head out to work or errands. Another thing you can do is purchase a box fan, a filter (you can find these at hardware stores in the filter area. Tape it to your box fan (keeping in mind to follow the arrow to the air flow direction) and it'll act like a mini air filter. It helps a lot. Another option is to purchase a real hepa filter air purifier which can be a bit costly. They can range from $200- $1000 depending upon how much area you need to cover. You could just get one and move it from room to room as you migrate through the house."
seattle_2020-09-07,g4yhg04,"That's not necessarily the reason. My car's AC doesn't work so sometimes I have to open them occassionally to get some ""fresh air"" in to cool things down even if it means bringing a little smoke in as well. My temp gun registered 100+ degrees on the dashboard & even the seats yesterday at times.","That's not necessarily the reason. My car's AC doesn't work so sometimes I have to open them occassionally to get some ""fresh air"" in to cool things down even if it means bringing a little smoke in as well. My temp gun registered 100+ degrees on the dashboard & even the seats yesterday at times."
seattle_2020-09-07,g4wovqg,"Same, I’m planning on camping either at the peninsula or rainier next Friday. I’m guessing the smoke will get better through the weekend and be gone by mid-next week. From what I heard the burn ban isn’t on the peninsula? …","Same, I’m planning on camping either at the peninsula or rainier next Friday. I’m guessing the smoke will get better through the weekend and be gone by mid-next week. From what I heard the burn ban isn’t on the peninsula? Can someone correct me if I’m wrong? My friend camped at rainier last weekend and they allowed fires"
seattle_2020-09-07,g4z60o3,"… But normally in this kind of weather I'd still need to have my windows open (hotass 4th floor apartment). It's a delightfully crisp 63 degrees in here and I can barely smell smoke at all, so I guess I'll just leave well enough alone and keep wasting electricity for the next couple days until it looks a little less apocalyptic out.","I didn't realize it was that cold now! But yep, now my phone says 58 in North Seattle. I've had my windows closed and AC on nonstop for the last couple days and that seems really ridiculous now. But normally in this kind of weather I'd still need to have my windows open (hotass 4th floor apartment). It's a delightfully crisp 63 degrees in here and I can barely smell smoke at all, so I guess I'll just leave well enough alone and keep wasting electricity for the next couple days until it looks a little less apocalyptic out."
seattle_2020-09-07,irgebc,"Does Snoqualmie Pass Have Relatively Clean Air? It's hard to see from live streams and pictures whether Snoqualmie Pass has better air quality than Seattle proper, and I haven't seen an air quality measurement from the Pass -- Purpleair and WAQA aren't there. It stands to reason that the elevation means relatively less bullshit per inhalation (the layman's measurement). …","Does Snoqualmie Pass Have Relatively Clean Air? It's hard to see from live streams and pictures whether Snoqualmie Pass has better air quality than Seattle proper, and I haven't seen an air quality measurement from the Pass -- Purpleair and WAQA aren't there. It stands to reason that the elevation means relatively less bullshit per inhalation (the layman's measurement). Does anyone know of today's conditions? Is it a good spot for me and my family to breathe easy for a few hours this weekend? Link to WSDOT report: Link to WAQA map:"
seattle_2020-09-07,g4z6ukc,"I am also pretty sad, and i do feel it a bit even with the air purifier to the max and all windows shut. I am just trying to distract myself by binging tv series, and just waiting it out. …","I am also pretty sad, and i do feel it a bit even with the air purifier to the max and all windows shut. I am just trying to distract myself by binging tv series, and just waiting it out. There's not much else to do. Hang in there, hope you manage to distract yourself."
seattle_2020-09-07,g4zaj4l,"So I've got 4 running in my place, but I think only two are any good - Holmes HAP242 (desktop model, in my office) and Holmes HAP865 (larger one). I've got two tower style ""permanent HEPA"" therapure ones but they're meh and I don't know if they really do anything. The most important thing to note is that HEPA removes particulate like smoke and soot, but it does nothing for that lingering campfire smell. If your filter doesn't have activated charcoal sheets over the filters that might be why it doesn't seem too effective. The charcoal absorbs the odors. You're still protected from the particulate though which is most important. I've got a dual hose AC running to keep the place cool, windows and doors otherwise closed and sealed with tape around the edges (to save energy, just happens to be good for smoke infiltration too). Purifiers with charcoal are doing a great job keeping the air clean. My PM10 sensor says indoor air is at 20ug/m3 which is dramatically lower than outdoor 208","So I've got 4 running in my place, but I think only two are any good - Holmes HAP242 (desktop model, in my office) and Holmes HAP865 (larger one). I've got two tower style ""permanent HEPA"" therapure ones but they're meh and I don't know if they really do anything. The most important thing to note is that HEPA removes particulate like smoke and soot, but it does nothing for that lingering campfire smell. If your filter doesn't have activated charcoal sheets over the filters that might be why it doesn't seem too effective. The charcoal absorbs the odors. You're still protected from the particulate though which is most important. I've got a dual hose AC running to keep the place cool, windows and doors otherwise closed and sealed with tape around the edges (to save energy, just happens to be good for smoke infiltration too). Purifiers with charcoal are doing a great job keeping the air clean. My PM10 sensor says indoor air is at 20ug/m3 which is dramatically lower than outdoor 208"
seattle_2020-09-07,g4zbpav,Wishing I had a air purifier or anything really. Sitting in the stuffy apartment with all the windows closed for days. …,"Wishing I had a air purifier or anything really. Sitting in the stuffy apartment with all the windows closed for days. Opened my front door first time today since Wednesday, to go get my mail and toss some recycling. I have a tower fan which is just moving the stuffy air around. My throat feels a little raw. Otherwise, I’ve got lots to watch on prime/Netflix and a bottle of rosé wine chilling for later."
seattle_2020-09-07,g52qkgu,"I have severe asthma and was outside for about 10 minutes total running two important, unavoidable errands. Not only are my asthma symptoms majorly exacerbated, but I am hoarse and have had a slight headache all day. The windows in my apartment are pretty great and should seal everything, and I have my door blocked to prevent smoke coming in from people entering/exiting the building. Somehow this feels even more isolating that just general quarantine. …","I have severe asthma and was outside for about 10 minutes total running two important, unavoidable errands. Not only are my asthma symptoms majorly exacerbated, but I am hoarse and have had a slight headache all day. The windows in my apartment are pretty great and should seal everything, and I have my door blocked to prevent smoke coming in from people entering/exiting the building. Somehow this feels even more isolating that just general quarantine. I live alone, am sealed inside, and everything feels cloying and stuffy. Taking it one day at a time. Could be worse, but I did have a full on mental breakdown in May so trying to manage my mental health, too, is exhausting."
seattle_2020-09-07,g51vefc,"So I’m 100% in the camp of “humans are causing bad climate change” and “these changes can lead to drier weather and more extremes like large forest fires” BUT how does this current fire season compare to the Big Burn of 1910 - It burned 3 million acres in two days. Smoke was reported as far east as New York State. It seems to me the only real difference between these events is that the winds are blowing the smoke into the western coastal cities instead of East and South. I guess what I’m asking is, what about this event is more extreme than one 110 years ago which would lead someone to conclude that the west has become uninhabitable?","So I’m 100% in the camp of “humans are causing bad climate change” and “these changes can lead to drier weather and more extremes like large forest fires” BUT how does this current fire season compare to the Big Burn of 1910 - It burned 3 million acres in two days. Smoke was reported as far east as New York State. It seems to me the only real difference between these events is that the winds are blowing the smoke into the western coastal cities instead of East and South. I guess what I’m asking is, what about this event is more extreme than one 110 years ago which would lead someone to conclude that the west has become uninhabitable?"
seattle_2020-09-07,irol5e,Do I need an air filter/purifier? I don’t have AC and have been keeping all my doors and windows shut. Seeing a ton of posts on social of other seattleites buying air purifiers or attaching filters to fans. Just want to be safe this weekend with the smoke!,Do I need an air filter/purifier? I don’t have AC and have been keeping all my doors and windows shut. Seeing a ton of posts on social of other seattleites buying air purifiers or attaching filters to fans. Just want to be safe this weekend with the smoke!
seattle_2020-09-07,g5458t5,Being outside in the smoke for a couple hours won’t hurt you. People are blowing this way out or proportion.,Being outside in the smoke for a couple hours won’t hurt you. People are blowing this way out or proportion.
seattle_2020-09-07,irt7oq,… How badly did we fuck up? Will the air in our apartment be unhealthy to breathe? Is there anything we can do upon our return to mitigate the damage?,"Out of town for the past week and left our windows open. How badly did we fuck up? My partner and I have been on a road trip since last Sunday. We left the windows in our apartment open (not wide open, but a little more than cracked). We’re getting back tomorrow evening. How badly did we fuck up? Will the air in our apartment be unhealthy to breathe? Is there anything we can do upon our return to mitigate the damage?"
seattle_2020-09-07,g54omhm,"Here in Redmond the air smelled like water, and it wasn't too difficult to breathe as long as you had a mask, so I think you're on the right track. Plus since there's little light comming though the temperature is plummeting, so it should make it rain or at least fog up.","Here in Redmond the air smelled like water, and it wasn't too difficult to breathe as long as you had a mask, so I think you're on the right track. Plus since there's little light comming though the temperature is plummeting, so it should make it rain or at least fog up."
seattle_2020-09-07,g55uy2l,"I was caught off guard by how chilly the smoke has made the ambient temperature. I knew it wasn't going to be hot , but it legitimately felt like fall weather.","I was caught off guard by how chilly the smoke has made the ambient temperature. I knew it wasn't going to be hot , but it legitimately felt like fall weather."
seattle_2020-09-07,is5fvp,Mt. Rainier trying to keep his head above the smog,Mt. Rainier trying to keep his head above the smog
seattle_2020-09-07,g55vhaz,"Yes, starting last Sunday. I’ve had a headache and just overall feeling of lethargy and brain fog, so unfortunately it took me way too long to connect the dots on what was causing it. Sounds like the smoke may be coming in through your windows, which was the case for me - my work desk is close to the window, and once I started paying attention, I realized the gradual increase of the symptoms throughout the day. If you can, try to find an area of your home that’s away from windows, and seal it off (for me, it was my bedroom, which has a fan) - if it starts getting worse, you may need to tape your windows, but hopefully the smoke will start clearing soon. Unfortunately, I haven’t found anything for the brain fog, now that coffee has stopped working, but doubling down on water is important. Sorry you’re going through this, and let’s hope we can can all get through this soon!","Yes, starting last Sunday. I’ve had a headache and just overall feeling of lethargy and brain fog, so unfortunately it took me way too long to connect the dots on what was causing it. Sounds like the smoke may be coming in through your windows, which was the case for me - my work desk is close to the window, and once I started paying attention, I realized the gradual increase of the symptoms throughout the day. If you can, try to find an area of your home that’s away from windows, and seal it off (for me, it was my bedroom, which has a fan) - if it starts getting worse, you may need to tape your windows, but hopefully the smoke will start clearing soon. Unfortunately, I haven’t found anything for the brain fog, now that coffee has stopped working, but doubling down on water is important. Sorry you’re going through this, and let’s hope we can can all get through this soon!"
