date,stories,total_stories_in_collection,ratio,city_stories,heat_share
2016-01-01,0,1,0,0,
2016-01-02,0,1,0,1,0.0
2016-01-03,0,1,0,1,0.0
2016-01-04,0,1,0,0,
2016-01-06,0,4,0,2,0.0
2016-01-07,0,2,0,0,
2016-01-08,0,1,0,0,
2016-01-11,0,1,0,0,
2016-01-13,0,1,0,0,
2016-01-14,0,3,0,1,0.0
2016-01-15,0,3,0,0,
2016-01-19,0,7,0,1,0.0
2016-01-21,0,1,0,0,
2016-01-22,0,2,0,0,
2016-01-23,0,3,0,0,
2016-01-24,0,2,0,0,
2016-01-25,0,1,0,0,
2016-01-27,0,1,0,0,
2016-01-28,0,3,0,0,
2016-01-29,0,2,0,1,0.0
2016-01-30,0,2,0,0,
2016-01-31,0,2,0,1,0.0
2016-02-01,0,1,0,0,
2016-02-02,0,1,0,0,
2016-02-05,0,2,0,0,
2016-02-08,0,1,0,0,
2016-02-09,0,2,0,0,
2016-02-10,0,14,0,2,0.0
2016-02-11,0,11,0,1,0.0
2016-02-12,0,9,0,1,0.0
2016-02-13,0,2,0,1,0.0
2016-02-14,0,5,0,0,
2016-02-15,0,1,0,0,
2016-02-16,0,21,0,3,0.0
2016-02-17,0,14,0,1,0.0
2016-02-18,0,17,0,1,0.0
2016-02-19,0,18,0,1,0.0
2016-02-20,0,2,0,0,
2016-02-21,0,3,0,0,
2016-02-22,0,18,0,1,0.0
2016-02-23,0,15,0,1,0.0
2016-02-24,0,16,0,1,0.0
2016-02-25,0,17,0,2,0.0
2016-02-26,0,12,0,1,0.0
2016-02-27,0,4,0,1,0.0
2016-02-28,0,2,0,2,0.0
2016-02-29,0,14,0,1,0.0
2016-03-01,0,9,0,0,
2016-03-02,0,20,0,3,0.0
2016-03-03,0,13,0,2,0.0
2016-03-04,0,12,0,0,
2016-03-06,0,6,0,0,
2016-03-07,0,14,0,2,0.0
2016-03-08,0,10,0,0,
2016-03-09,0,19,0,3,0.0
2016-03-10,0,13,0,1,0.0
2016-03-11,0,15,0,1,0.0
2016-03-12,0,8,0,2,0.0
2016-03-13,0,5,0,0,
2016-03-14,0,18,0,2,0.0
2016-03-15,0,20,0,0,
2016-03-16,0,19,0,1,0.0
2016-03-17,0,17,0,1,0.0
2016-03-18,0,12,0,0,
2016-03-19,0,4,0,0,
2016-03-20,0,4,0,0,
2016-03-21,0,14,0,1,0.0
2016-03-22,0,15,0,1,0.0
2016-03-23,0,12,0,0,
2016-03-24,0,21,0,2,0.0
2016-03-25,0,22,0,1,0.0
2016-03-26,0,4,0,1,0.0
2016-03-27,0,4,0,2,0.0
2016-03-28,0,19,0,3,0.0
2016-03-29,0,15,0,2,0.0
2016-03-30,0,14,0,0,
2016-03-31,0,14,0,0,
2016-04-01,0,15,0,1,0.0
2016-04-02,0,2,0,0,
2016-04-03,0,7,0,2,0.0
2016-04-04,0,21,0,3,0.0
2016-04-05,0,13,0,0,
2016-04-06,0,14,0,0,
2016-04-07,0,19,0,2,0.0
2016-04-08,0,13,0,2,0.0
2016-04-09,0,3,0,0,
2016-04-10,0,4,0,1,0.0
2016-04-11,0,17,0,0,
2016-04-12,0,13,0,0,
2016-04-13,0,21,0,0,
2016-04-14,0,15,0,0,
2016-04-15,0,16,0,1,0.0
2016-04-16,0,2,0,0,
2016-04-17,0,2,0,1,0.0
2016-04-18,0,16,0,1,0.0
2016-04-19,0,15,0,3,0.0
2016-04-20,0,13,0,0,
2016-04-21,0,10,0,1,0.0
2016-04-22,0,15,0,2,0.0
2016-04-23,0,3,0,1,0.0
2016-04-24,0,2,0,0,
2016-04-25,0,18,0,1,0.0
2016-04-26,0,16,0,1,0.0
2016-04-27,0,12,0,0,
2016-04-28,0,14,0,2,0.0
2016-04-29,0,14,0,0,
2016-04-30,0,5,0,1,0.0
2016-05-01,0,5,0,1,0.0
2016-05-02,0,24,0,4,0.0
2016-05-03,0,16,0,2,0.0
2016-05-04,0,18,0,4,0.0
2016-05-05,0,18,0,1,0.0
2016-05-06,0,18,0,0,
2016-05-07,0,2,0,0,
2016-05-08,0,6,0,2,0.0
2016-05-09,0,16,0,1,0.0
2016-05-10,0,16,0,1,0.0
2016-05-11,0,16,0,1,0.0
2016-05-12,0,15,0,1,0.0
2016-05-13,0,16,0,0,
2016-05-14,0,3,0,0,
2016-05-15,0,7,0,3,0.0
2016-05-16,0,18,0,3,0.0
2016-05-17,0,15,0,0,
2016-05-18,0,14,0,0,
2016-05-19,0,13,0,1,0.0
2016-05-20,0,13,0,1,0.0
2016-05-21,0,2,0,0,
2016-05-22,0,1,0,0,
2016-05-23,0,13,0,2,0.0
2016-05-24,0,11,0,0,
2016-05-25,0,15,0,0,
2016-05-26,0,16,0,1,0.0
2016-05-27,0,15,0,0,
2016-05-28,0,4,0,1,0.0
2016-05-29,0,1,0,0,
2016-05-30,0,4,0,1,0.0
2016-05-31,0,11,0,1,0.0
2016-06-01,0,20,0,1,0.0
2016-06-02,0,12,0,0,
2016-06-03,0,13,0,2,0.0
2016-06-04,0,4,0,1,0.0
2016-06-06,0,10,0,0,
2016-06-07,0,11,0,1,0.0
2016-06-08,0,14,0,0,
2016-06-09,0,15,0,0,
2016-06-10,0,10,0,1,0.0
2016-06-11,0,2,0,0,
2016-06-12,0,3,0,0,
2016-06-13,0,10,0,1,0.0
2016-06-14,0,14,0,1,0.0
2016-06-15,0,12,0,0,
2016-06-16,0,10,0,0,
2016-06-17,0,10,0,2,0.0
2016-06-18,0,2,0,0,
2016-06-20,0,7,0,0,
2016-06-21,0,8,0,0,
2016-06-22,0,8,0,0,
2016-06-23,0,12,0,1,0.0
2016-06-24,0,10,0,1,0.0
2016-06-25,0,2,0,0,
2016-06-26,0,1,0,0,
2016-06-27,0,9,0,1,0.0
2016-06-28,0,10,0,1,0.0
2016-06-29,0,16,0,4,0.0
2016-06-30,0,15,0,1,0.0
2016-07-01,0,8,0,0,
2016-07-02,0,1,0,0,
2016-07-03,0,2,0,0,
2016-07-05,0,12,0,1,0.0
2016-07-06,0,11,0,1,0.0
2016-07-07,0,11,0,0,
2016-07-08,0,15,0,1,0.0
2016-07-09,0,2,0,0,
2016-07-10,0,2,0,0,
2016-07-11,0,15,0,0,
2016-07-12,0,10,0,0,
2016-07-13,0,10,0,0,
2016-07-14,0,15,0,1,0.0
2016-07-15,0,13,0,0,
2016-07-16,0,6,0,2,0.0
2016-07-17,0,5,0,0,
2016-07-18,0,13,0,0,
2016-07-19,0,9,0,0,
2016-07-20,0,11,0,1,0.0
2016-07-21,0,15,0,1,0.0
2016-07-22,0,18,0,1,0.0
2016-07-23,0,4,0,1,0.0
2016-07-24,0,3,0,0,
2016-07-25,0,17,0,0,
2016-07-26,0,19,0,0,
2016-07-27,0,14,0,1,0.0
2016-07-28,0,13,0,0,
2016-07-29,0,12,0,0,
2016-07-30,0,5,0,0,
2016-07-31,0,3,0,0,
2016-08-01,0,15,0,2,0.0
2016-08-02,0,11,0,1,0.0
2016-08-03,0,7,0,2,0.0
2016-08-04,0,12,0,0,
2016-08-05,0,13,0,1,0.0
2016-08-06,0,3,0,0,
2016-08-07,0,2,0,0,
2016-08-08,0,14,0,1,0.0
2016-08-09,0,11,0,1,0.0
2016-08-10,0,11,0,0,
2016-08-11,0,13,0,0,
2016-08-12,0,15,0,1,0.0
2016-08-13,0,4,0,0,
2016-08-14,0,5,0,1,0.0
2016-08-15,0,12,0,0,
2016-08-16,0,9,0,0,
2016-08-17,0,12,0,0,
2016-08-18,0,12,0,1,0.0
2016-08-19,0,15,0,0,
2016-08-20,0,3,0,0,
2016-08-21,0,3,0,0,
2016-08-22,0,13,0,0,
2016-08-23,0,14,0,1,0.0
2016-08-24,0,8,0,1,0.0
2016-08-25,0,9,0,0,
2016-08-26,0,10,0,1,0.0
2016-08-27,0,6,0,1,0.0
2016-08-28,0,2,0,0,
2016-08-29,0,12,0,0,
2016-08-30,0,12,0,0,
2016-08-31,0,16,0,1,0.0
2016-09-01,0,11,0,0,
2016-09-02,0,10,0,1,0.0
2016-09-03,0,2,0,0,
2016-09-06,0,13,0,1,0.0
2016-09-07,0,11,0,0,
2016-09-08,0,10,0,1,0.0
2016-09-09,0,11,0,1,0.0
2016-09-10,0,2,0,0,
2016-09-11,0,3,0,0,
2016-09-12,0,13,0,1,0.0
2016-09-13,0,13,0,3,0.0
2016-09-14,0,10,0,0,
2016-09-15,0,13,0,2,0.0
2016-09-16,0,10,0,0,
2016-09-17,0,3,0,0,
2016-09-18,0,4,0,0,
2016-09-19,0,11,0,0,
2016-09-20,0,13,0,0,
2016-09-21,0,9,0,0,
2016-09-22,0,9,0,0,
2016-09-23,0,14,0,1,0.0
2016-09-24,0,1,0,0,
2016-09-25,0,1,0,0,
2016-09-26,0,11,0,0,
2016-09-27,0,12,0,0,
2016-09-28,0,13,0,1,0.0
2016-09-29,0,13,0,0,
2016-09-30,0,10,0,1,0.0
2016-10-01,0,1,0,0,
2016-10-02,0,1,0,0,
2016-10-03,0,2,0,0,
2016-10-04,0,1,0,0,
2016-10-05,0,2,0,0,
2016-10-06,0,3,0,0,
2016-10-07,0,2,0,0,
2016-10-08,0,4,0,0,
2016-10-09,0,1,0,1,0.0
2016-10-10,0,2,0,1,0.0
2016-10-11,0,3,0,1,0.0
2016-10-12,0,6,0,2,0.0
2016-10-13,0,4,0,0,
2016-10-14,0,1,0,0,
2016-10-15,0,1,0,0,
2016-10-17,0,2,0,1,0.0
2016-10-19,0,2,0,2,0.0
2016-10-20,0,1,0,0,
2016-10-21,0,3,0,1,0.0
2016-10-22,0,1,0,0,
2016-10-23,0,1,0,0,
2016-10-24,0,4,0,1,0.0
2016-10-25,0,3,0,1,0.0
2016-10-26,0,2,0,1,0.0
2016-10-27,0,3,0,0,
2016-10-28,0,4,0,3,0.0
2016-10-29,0,2,0,1,0.0
2016-10-30,0,1,0,0,
2016-10-31,0,1,0,0,
2016-11-01,0,3,0,1,0.0
2016-11-02,0,2,0,0,
2016-11-03,0,4,0,0,
2016-11-04,0,1,0,0,
2016-11-05,0,6,0,1,0.0
2016-11-06,0,3,0,0,
2016-11-07,0,3,0,0,
2016-11-08,0,5,0,0,
2016-11-09,0,13,0,5,0.0
2016-11-10,0,2,0,0,
2016-11-11,0,2,0,0,
2016-11-12,0,1,0,1,0.0
2016-11-13,0,3,0,2,0.0
2016-11-14,0,4,0,1,0.0
2016-11-15,0,5,0,0,
2016-11-16,0,2,0,1,0.0
2016-11-18,0,4,0,0,
2016-11-19,0,1,0,0,
2016-11-20,0,1,0,0,
2016-11-21,0,3,0,0,
2016-11-22,0,2,0,1,0.0
2016-11-23,0,2,0,1,0.0
2016-11-24,0,1,0,0,
2016-11-25,0,4,0,2,0.0
2016-11-26,0,1,0,0,
2016-11-27,0,7,0,3,0.0
2016-11-28,0,2,0,0,
2016-11-29,0,1,0,1,0.0
2016-11-30,0,5,0,1,0.0
2016-12-01,0,3,0,2,0.0
2016-12-02,0,3,0,1,0.0
2016-12-03,0,2,0,0,
2016-12-04,0,1,0,1,0.0
2016-12-05,0,3,0,0,
2016-12-06,0,6,0,1,0.0
2016-12-07,0,3,0,0,
2016-12-08,0,4,0,0,
2016-12-09,0,6,0,0,
2016-12-10,0,2,0,0,
2016-12-11,0,3,0,0,
2016-12-12,0,3,0,0,
2016-12-13,0,6,0,2,0.0
2016-12-14,0,3,0,0,
2016-12-15,0,6,0,0,
2016-12-16,0,8,0,1,0.0
2016-12-18,0,3,0,1,0.0
2016-12-19,0,7,0,2,0.0
2016-12-20,0,5,0,2,0.0
2016-12-22,0,1,0,1,0.0
2016-12-23,0,3,0,0,
2016-12-24,0,3,0,0,
2016-12-25,0,1,0,0,
2016-12-26,0,2,0,0,
2016-12-27,0,2,0,0,
2016-12-28,0,2,0,0,
2016-12-29,0,3,0,0,
2016-12-30,0,2,0,0,
2016-12-31,0,3,0,1,0.0
2017-01-01,0,3,0,2,0.0
2017-01-02,0,2,0,0,
2017-01-03,0,3,0,1,0.0
2017-01-04,0,2,0,1,0.0
2017-01-05,0,7,0,1,0.0
2017-01-06,0,7,0,0,
2017-01-07,0,5,0,1,0.0
2017-01-08,0,1,0,0,
2017-01-09,0,9,0,2,0.0
2017-01-10,0,5,0,2,0.0
2017-01-11,0,4,0,1,0.0
2017-01-12,0,6,0,1,0.0
2017-01-13,0,3,0,0,
2017-01-14,0,2,0,1,0.0
2017-01-15,0,1,0,0,
2017-01-16,0,2,0,0,
2017-01-18,0,4,0,0,
2017-01-19,0,3,0,0,
2017-01-20,0,7,0,0,
2017-01-21,0,12,0,4,0.0
2017-01-22,0,2,0,0,
2017-01-23,0,2,0,0,
2017-01-24,0,5,0,1,0.0
2017-01-25,0,3,0,0,
2017-01-26,0,4,0,0,
2017-01-27,0,4,0,0,
2017-01-28,0,5,0,1,0.0
2017-01-29,0,4,0,1,0.0
2017-01-30,0,8,0,2,0.0
2017-01-31,0,7,0,2,0.0
2017-02-01,0,3,0,0,
2017-02-02,0,9,0,2,0.0
2017-02-03,0,3,0,1,0.0
2017-02-04,0,4,0,1,0.0
2017-02-05,0,2,0,0,
2017-02-06,0,3,0,1,0.0
2017-02-07,0,3,0,2,0.0
2017-02-08,0,4,0,0,
2017-02-09,0,7,0,1,0.0
2017-02-10,0,6,0,1,0.0
2017-02-11,0,4,0,2,0.0
2017-02-12,0,3,0,0,
2017-02-13,0,3,0,1,0.0
2017-02-14,0,4,0,0,
2017-02-15,0,3,0,1,0.0
2017-02-16,0,5,0,1,0.0
2017-02-17,0,3,0,0,
2017-02-18,0,4,0,1,0.0
2017-02-19,0,4,0,1,0.0
2017-02-20,0,3,0,1,0.0
2017-02-21,0,4,0,1,0.0
2017-02-22,0,11,0,2,0.0
2017-02-23,0,4,0,0,
2017-02-24,0,4,0,0,
2017-02-27,1,3,0.3333333333333333,1,1.0
2017-02-28,0,2,0,0,
2017-03-01,0,7,0,0,
2017-03-02,0,3,0,0,
2017-03-03,0,1,0,0,
2017-03-04,0,1,0,0,
2017-03-05,0,3,0,1,0.0
2017-03-06,0,5,0,1,0.0
2017-03-07,0,3,0,1,0.0
2017-03-08,0,6,0,0,
2017-03-09,0,7,0,0,
2017-03-10,0,6,0,2,0.0
2017-03-11,0,1,0,1,0.0
2017-03-12,0,5,0,2,0.0
2017-03-13,0,3,0,0,
2017-03-14,0,7,0,3,0.0
2017-03-15,0,3,0,0,
2017-03-16,0,3,0,1,0.0
2017-03-17,0,2,0,0,
2017-03-20,0,4,0,0,
2017-03-21,0,4,0,0,
2017-03-22,0,7,0,0,
2017-03-23,0,5,0,0,
2017-03-24,0,3,0,0,
2017-03-25,0,3,0,0,
2017-03-26,0,1,0,0,
2017-03-27,0,1,0,0,
2017-03-28,0,5,0,0,
2017-03-29,0,4,0,1,0.0
2017-03-30,0,2,0,0,
2017-03-31,0,1,0,0,
2017-04-01,0,1,0,0,
2017-04-02,0,2,0,0,
2017-04-03,0,4,0,1,0.0
2017-04-04,0,4,0,1,0.0
2017-04-05,0,4,0,1,0.0
2017-04-06,0,5,0,1,0.0
2017-04-07,0,10,0,0,
2017-04-08,0,2,0,1,0.0
2017-04-10,0,5,0,0,
2017-04-11,0,3,0,2,0.0
2017-04-12,0,7,0,2,0.0
2017-04-13,0,1,0,0,
2017-04-14,0,6,0,0,
2017-04-15,0,2,0,1,0.0
2017-04-16,0,1,0,0,
2017-04-17,0,4,0,0,
2017-04-18,0,7,0,0,
2017-04-19,0,8,0,1,0.0
2017-04-20,0,7,0,1,0.0
2017-04-21,0,4,0,0,
2017-04-22,0,1,0,0,
2017-04-23,0,1,0,0,
2017-04-24,0,2,0,0,
2017-04-25,0,2,0,1,0.0
2017-04-26,0,4,0,0,
2017-04-27,0,3,0,1,0.0
2017-04-28,0,9,0,2,0.0
2017-04-29,0,3,0,1,0.0
2017-04-30,0,3,0,2,0.0
2017-05-01,0,4,0,1,0.0
2017-05-02,0,2,0,0,
2017-05-03,0,5,0,0,
2017-05-04,0,11,0,3,0.0
2017-05-05,0,3,0,0,
2017-05-06,0,4,0,1,0.0
2017-05-07,0,3,0,2,0.0
2017-05-08,0,7,0,1,0.0
2017-05-09,0,5,0,2,0.0
2017-05-10,0,6,0,1,0.0
2017-05-11,0,11,0,2,0.0
2017-05-12,0,9,0,0,
2017-05-13,0,2,0,1,0.0
2017-05-15,0,6,0,1,0.0
2017-05-16,0,3,0,1,0.0
2017-05-17,0,7,0,0,
2017-05-18,0,6,0,0,
2017-05-19,0,6,0,2,0.0
2017-05-20,0,2,0,1,0.0
2017-05-21,0,2,0,0,
2017-05-22,0,21,0,1,0.0
2017-05-23,0,10,0,2,0.0
2017-05-24,0,2,0,0,
2017-05-25,0,3,0,1,0.0
2017-05-26,0,2,0,0,
2017-05-28,0,3,0,3,0.0
2017-05-29,0,3,0,0,
2017-05-30,0,4,0,1,0.0
2017-05-31,0,6,0,0,
2017-06-01,0,6,0,1,0.0
2017-06-02,0,2,0,0,
2017-06-03,0,3,0,0,
2017-06-04,0,2,0,0,
2017-06-05,0,1,0,0,
2017-06-06,0,2,0,1,0.0
2017-06-07,0,3,0,0,
2017-06-08,0,2,0,0,
2017-06-09,0,3,0,0,
2017-06-10,0,2,0,2,0.0
2017-06-11,0,5,0,1,0.0
2017-06-12,0,17,0,2,0.0
2017-06-13,0,3,0,0,
2017-06-14,0,2,0,0,
2017-06-15,0,2,0,1,0.0
2017-06-16,0,1,0,0,
2017-06-17,0,3,0,1,0.0
2017-06-18,0,5,0,1,0.0
2017-06-19,0,4,0,1,0.0
2017-06-20,0,3,0,1,0.0
2017-06-21,0,3,0,0,
2017-06-22,0,5,0,0,
2017-06-23,0,7,0,2,0.0
2017-06-24,0,2,0,1,0.0
2017-06-25,0,1,0,0,
2017-06-26,0,4,0,1,0.0
2017-06-27,0,5,0,0,
2017-06-28,0,8,0,2,0.0
2017-06-29,0,3,0,1,0.0
2017-06-30,0,1,0,0,
2017-07-01,0,2,0,0,
2017-07-03,0,3,0,1,0.0
2017-07-04,0,2,0,1,0.0
2017-07-05,0,8,0,0,
2017-07-06,0,2,0,1,0.0
2017-07-07,0,5,0,1,0.0
2017-07-08,0,2,0,1,0.0
2017-07-09,0,1,0,0,
2017-07-10,0,4,0,1,0.0
2017-07-11,0,8,0,0,
2017-07-12,0,20,0,1,0.0
2017-07-13,0,4,0,0,
2017-07-14,0,1,0,0,
2017-07-16,0,3,0,0,
2017-07-17,0,4,0,0,
2017-07-18,0,3,0,0,
2017-07-19,0,3,0,0,
2017-07-20,0,6,0,1,0.0
2017-07-21,0,1,0,1,0.0
2017-07-22,0,2,0,0,
2017-07-23,0,1,0,0,
2017-07-24,0,2,0,0,
2017-07-25,0,9,0,0,
2017-07-26,0,9,0,0,
2017-07-27,0,10,0,1,0.0
2017-07-28,0,5,0,1,0.0
2017-07-29,0,5,0,2,0.0
2017-07-30,0,2,0,1,0.0
2017-07-31,0,6,0,2,0.0
2017-08-01,0,3,0,0,
2017-08-02,0,5,0,0,
2017-08-03,0,7,0,0,
2017-08-04,0,7,0,0,
2017-08-05,0,1,0,0,
2017-08-07,0,4,0,1,0.0
2017-08-08,0,1,0,0,
2017-08-09,0,5,0,0,
2017-08-10,0,4,0,0,
2017-08-11,0,3,0,0,
2017-08-12,0,9,0,1,0.0
2017-08-13,0,1,0,0,
2017-08-14,0,4,0,0,
2017-08-15,0,1,0,0,
2017-08-16,0,2,0,1,0.0
2017-08-17,0,5,0,2,0.0
2017-08-18,0,3,0,2,0.0
2017-08-19,0,1,0,0,
2017-08-20,0,1,0,1,0.0
2017-08-21,0,10,0,1,0.0
2017-08-22,0,11,0,1,0.0
2017-08-23,0,11,0,1,0.0
2017-08-24,0,13,0,1,0.0
2017-08-25,0,13,0,1,0.0
2017-08-26,0,3,0,0,
2017-08-27,0,2,0,1,0.0
2017-08-28,0,11,0,1,0.0
2017-08-29,0,13,0,1,0.0
2017-08-30,0,16,0,2,0.0
2017-08-31,0,17,0,2,0.0
2017-09-01,0,10,0,0,
2017-09-02,0,4,0,0,
2017-09-03,0,1,0,1,0.0
2017-09-04,0,2,0,0,
2017-09-05,0,12,0,0,
2017-09-06,0,12,0,1,0.0
2017-09-07,0,17,0,3,0.0
2017-09-08,0,16,0,2,0.0
2017-09-09,0,3,0,0,
2017-09-10,0,5,0,1,0.0
2017-09-11,0,14,0,4,0.0
2017-09-12,0,29,0,2,0.0
2017-09-13,0,8,0,0,
2017-09-14,0,14,0,2,0.0
2017-09-15,0,50,0,1,0.0
2017-09-16,0,4,0,0,
2017-09-17,0,3,0,1,0.0
2017-09-18,0,20,0,2,0.0
2017-09-19,0,15,0,5,0.0
2017-09-20,0,13,0,2,0.0
2017-09-21,0,10,0,1,0.0
2017-09-22,0,19,0,0,
2017-09-23,0,9,0,2,0.0
2017-09-24,0,3,0,0,
2017-09-25,0,16,0,1,0.0
2017-09-26,0,14,0,0,
2017-09-27,0,12,0,2,0.0
2017-09-28,0,11,0,1,0.0
2017-09-29,0,17,0,1,0.0
2017-09-30,0,4,0,0,
2017-10-01,0,4,0,1,0.0
2017-10-02,0,18,0,2,0.0
2017-10-03,0,16,0,2,0.0
2017-10-04,0,14,0,2,0.0
2017-10-05,0,18,0,1,0.0
2017-10-06,0,12,0,4,0.0
2017-10-07,0,6,0,1,0.0
2017-10-08,0,3,0,0,
2017-10-09,0,4,0,0,
2017-10-10,0,16,0,1,0.0
2017-10-11,0,12,0,0,
2017-10-12,0,18,0,1,0.0
2017-10-13,0,12,0,1,0.0
2017-10-14,0,4,0,0,
2017-10-15,0,1,0,1,0.0
2017-10-16,0,13,0,0,
2017-10-17,0,16,0,1,0.0
2017-10-18,0,19,0,2,0.0
2017-10-19,0,21,0,2,0.0
2017-10-20,0,15,0,0,
2017-10-21,0,4,0,0,
2017-10-22,0,3,0,0,
2017-10-23,0,20,0,0,
2017-10-24,0,17,0,1,0.0
2017-10-25,0,16,0,1,0.0
2017-10-26,0,17,0,1,0.0
2017-10-27,0,15,0,0,
2017-10-28,0,4,0,1,0.0
2017-10-29,0,4,0,0,
2017-10-30,0,15,0,1,0.0
2017-10-31,0,26,0,3,0.0
2017-11-01,0,14,0,2,0.0
2017-11-02,0,14,0,4,0.0
2017-11-03,0,26,0,3,0.0
2017-11-04,0,10,0,0,
2017-11-05,0,13,0,1,0.0
2017-11-06,0,13,0,0,
2017-11-07,0,17,0,5,0.0
2017-11-08,0,23,0,3,0.0
2017-11-09,0,24,0,7,0.0
2017-11-10,0,16,0,1,0.0
2017-11-11,0,17,0,3,0.0
2017-11-12,0,22,0,0,
2017-11-13,0,21,0,2,0.0
2017-11-14,0,24,0,0,
2017-11-15,0,27,0,1,0.0
2017-11-16,0,21,0,4,0.0
2017-11-17,0,24,0,1,0.0
2017-11-18,0,12,0,3,0.0
2017-11-19,0,7,0,2,0.0
2017-11-20,0,24,0,1,0.0
2017-11-21,0,36,0,2,0.0
2017-11-22,0,22,0,3,0.0
2017-11-23,0,10,0,4,0.0
2017-11-24,0,27,0,1,0.0
2017-11-25,0,4,0,1,0.0
2017-11-26,0,4,0,1,0.0
2017-11-27,0,36,0,2,0.0
2017-11-28,0,34,0,3,0.0
2017-11-29,0,47,0,6,0.0
2017-11-30,0,111,0,7,0.0
2017-12-01,0,105,0,5,0.0
2017-12-02,0,15,0,2,0.0
2017-12-03,0,18,0,2,0.0
2017-12-04,0,91,0,1,0.0
2017-12-05,0,81,0,7,0.0
2017-12-06,0,177,0,8,0.0
2017-12-07,0,359,0,13,0.0
2017-12-08,0,292,0,12,0.0
2017-12-09,0,113,0,2,0.0
2017-12-10,1,124,0.008064516129032258,6,0.16666666666666666
2017-12-11,1,322,0.003105590062111801,13,0.07692307692307693
2017-12-12,0,343,0,20,0.0
2017-12-13,0,318,0,9,0.0
2017-12-14,0,340,0,13,0.0
2017-12-15,0,313,0,9,0.0
2017-12-16,0,133,0,1,0.0
2017-12-17,0,110,0,10,0.0
2017-12-18,0,271,0,22,0.0
2017-12-19,0,260,0,10,0.0
2017-12-20,0,305,0,6,0.0
2017-12-21,0,312,0,15,0.0
2017-12-22,0,259,0,8,0.0
2017-12-23,0,71,0,1,0.0
2017-12-24,0,74,0,1,0.0
2017-12-25,0,49,0,1,0.0
2017-12-26,0,199,0,11,0.0
2017-12-27,0,238,0,8,0.0
2017-12-28,0,301,0,13,0.0
2017-12-29,0,211,0,6,0.0
2017-12-30,0,33,0,2,0.0
2017-12-31,0,41,0,1,0.0
2018-01-01,0,159,0,7,0.0
2018-01-02,0,252,0,4,0.0
2018-01-03,0,294,0,12,0.0
2018-01-04,0,322,0,8,0.0
2018-01-05,0,266,0,19,0.0
2018-01-06,0,120,0,6,0.0
2018-01-07,0,85,0,3,0.0
2018-01-08,0,280,0,8,0.0
2018-01-09,0,303,0,7,0.0
2018-01-10,0,284,0,5,0.0
2018-01-11,0,359,0,11,0.0
2018-01-12,0,332,0,13,0.0
2018-01-13,0,113,0,0,
2018-01-14,0,95,0,2,0.0
2018-01-15,0,207,0,8,0.0
2018-01-16,0,291,0,7,0.0
2018-01-17,0,221,0,11,0.0
2018-01-18,0,315,0,11,0.0
2018-01-19,0,246,0,6,0.0
2018-01-20,0,130,0,1,0.0
2018-01-21,0,115,0,2,0.0
2018-01-22,0,299,0,5,0.0
2018-01-23,0,336,0,10,0.0
2018-01-24,0,323,0,20,0.0
2018-01-25,0,386,0,14,0.0
2018-01-26,0,330,0,7,0.0
2018-01-27,0,131,0,5,0.0
2018-01-28,0,111,0,7,0.0
2018-01-29,0,321,0,7,0.0
2018-01-30,0,282,0,5,0.0
2018-01-31,0,312,0,13,0.0
2018-02-01,0,368,0,16,0.0
2018-02-02,0,327,0,9,0.0
2018-02-03,0,142,0,1,0.0
2018-02-04,0,103,0,1,0.0
2018-02-05,0,302,0,11,0.0
2018-02-06,0,271,0,5,0.0
2018-02-07,0,317,0,5,0.0
2018-02-08,0,325,0,12,0.0
2018-02-09,0,308,0,12,0.0
2018-02-10,0,96,0,3,0.0
2018-02-11,0,153,0,2,0.0
2018-02-12,0,266,0,10,0.0
2018-02-13,0,329,0,11,0.0
2018-02-14,0,396,0,11,0.0
2018-02-15,0,411,0,12,0.0
2018-02-16,0,295,0,8,0.0
2018-02-17,0,112,0,1,0.0
2018-02-18,0,109,0,1,0.0
2018-02-19,0,227,0,10,0.0
2018-02-20,0,318,0,10,0.0
2018-02-21,0,343,0,14,0.0
2018-02-22,0,385,0,13,0.0
2018-02-23,0,323,0,12,0.0
2018-02-24,0,144,0,3,0.0
2018-02-25,0,102,0,1,0.0
2018-02-26,0,287,0,10,0.0
2018-02-27,0,299,0,10,0.0
2018-02-28,0,318,0,13,0.0
2018-03-01,0,394,0,11,0.0
2018-03-02,0,299,0,21,0.0
2018-03-03,0,122,0,3,0.0
2018-03-04,0,84,0,2,0.0
2018-03-05,0,228,0,5,0.0
2018-03-06,0,327,0,11,0.0
2018-03-07,0,306,0,12,0.0
2018-03-08,0,426,0,14,0.0
2018-03-09,0,320,0,14,0.0
2018-03-10,0,113,0,0,
2018-03-11,0,109,0,5,0.0
2018-03-12,0,319,0,9,0.0
2018-03-13,0,326,0,3,0.0
2018-03-14,0,343,0,5,0.0
2018-03-15,0,390,0,17,0.0
2018-03-16,0,293,0,8,0.0
2018-03-17,0,125,0,2,0.0
2018-03-18,0,111,0,3,0.0
2018-03-19,0,368,0,19,0.0
2018-03-20,0,314,0,10,0.0
2018-03-21,0,331,0,9,0.0
2018-03-22,0,396,0,11,0.0
2018-03-23,0,306,0,14,0.0
2018-03-24,0,148,0,5,0.0
2018-03-25,0,109,0,1,0.0
2018-03-26,0,316,0,12,0.0
2018-03-27,0,305,0,13,0.0
2018-03-28,0,300,0,5,0.0
2018-03-29,0,132,0,6,0.0
2018-03-30,0,94,0,7,0.0
2018-03-31,0,66,0,3,0.0
2018-04-01,0,118,0,8,0.0
2018-04-02,0,293,0,9,0.0
2018-04-03,0,308,0,9,0.0
2018-04-04,0,324,0,8,0.0
2018-04-05,0,341,0,8,0.0
2018-04-06,0,301,0,7,0.0
2018-04-07,0,133,0,4,0.0
2018-04-08,0,63,0,1,0.0
2018-04-09,0,110,0,2,0.0
2018-04-10,0,103,0,4,0.0
2018-04-11,0,136,0,4,0.0
2018-04-12,0,118,0,4,0.0
2018-04-13,0,106,0,3,0.0
2018-04-14,0,80,0,1,0.0
2018-04-15,0,73,0,2,0.0
2018-04-16,0,140,0,1,0.0
2018-04-17,0,127,0,6,0.0
2018-04-18,0,125,0,1,0.0
2018-04-19,0,175,0,6,0.0
2018-04-20,0,110,0,2,0.0
2018-04-21,0,80,0,1,0.0
2018-04-22,0,45,0,1,0.0
2018-04-23,0,77,0,0,
2018-04-24,0,142,0,4,0.0
2018-04-25,0,92,0,3,0.0
2018-04-26,0,154,0,10,0.0
2018-04-27,0,138,0,3,0.0
2018-04-28,0,16,0,1,0.0
2018-04-29,0,72,0,1,0.0
2018-04-30,0,148,0,10,0.0
2018-05-01,0,280,0,7,0.0
2018-05-02,0,296,0,13,0.0
2018-05-03,0,374,0,18,0.0
2018-05-04,0,255,0,10,0.0
2018-05-05,0,107,0,5,0.0
2018-05-06,0,97,0,5,0.0
2018-05-07,0,260,0,12,0.0
2018-05-08,0,301,0,19,0.0
2018-05-09,0,287,0,25,0.0
2018-05-10,0,391,0,17,0.0
2018-05-11,0,267,0,8,0.0
2018-05-12,0,92,0,1,0.0
2018-05-13,0,95,0,4,0.0
2018-05-14,0,311,0,9,0.0
2018-05-15,0,324,0,6,0.0
2018-05-16,0,320,0,9,0.0
2018-05-17,0,361,0,14,0.0
2018-05-18,0,302,0,6,0.0
2018-05-19,0,126,0,1,0.0
2018-05-20,0,99,0,2,0.0
2018-05-21,0,266,0,15,0.0
2018-05-22,0,272,0,9,0.0
2018-05-23,0,292,0,12,0.0
2018-05-24,0,336,0,9,0.0
2018-05-25,0,92,0,4,0.0
2018-05-26,0,78,0,3,0.0
2018-05-27,0,63,0,1,0.0
2018-05-28,0,87,0,5,0.0
2018-05-29,0,91,0,1,0.0
2018-05-30,0,129,0,11,0.0
2018-05-31,0,150,0,6,0.0
2018-06-01,0,320,0,15,0.0
2018-06-02,0,99,0,1,0.0
2018-06-03,0,89,0,2,0.0
2018-06-04,0,268,0,21,0.0
2018-06-05,0,250,0,4,0.0
2018-06-06,0,282,0,11,0.0
2018-06-07,0,332,0,6,0.0
2018-06-08,0,261,0,19,0.0
2018-06-09,0,112,0,6,0.0
2018-06-10,0,88,0,4,0.0
2018-06-11,0,271,0,8,0.0
2018-06-12,0,256,0,10,0.0
2018-06-13,0,268,0,11,0.0
2018-06-14,0,327,0,8,0.0
2018-06-15,0,310,0,12,0.0
2018-06-16,0,102,0,3,0.0
2018-06-17,0,86,0,4,0.0
2018-06-18,0,241,0,5,0.0
2018-06-19,0,271,0,5,0.0
2018-06-20,0,238,0,8,0.0
2018-06-21,0,349,0,17,0.0
2018-06-22,0,218,0,8,0.0
2018-06-23,0,109,0,6,0.0
2018-06-24,0,98,0,0,
2018-06-25,0,201,0,5,0.0
2018-06-26,0,277,0,14,0.0
2018-06-27,3,271,0.01107011070110701,23,0.13043478260869565
2018-06-28,0,329,0,13,0.0
2018-06-29,0,297,0,7,0.0
2018-06-30,0,121,0,0,
2018-07-01,0,115,0,4,0.0
2018-07-02,0,252,0,8,0.0
2018-07-03,0,261,0,10,0.0
2018-07-04,0,161,0,8,0.0
2018-07-05,0,317,0,7,0.0
2018-07-06,0,237,0,7,0.0
2018-07-07,0,120,0,2,0.0
2018-07-08,0,95,0,0,
2018-07-09,0,214,0,4,0.0
2018-07-10,0,244,0,12,0.0
2018-07-11,0,252,0,10,0.0
2018-07-12,0,326,0,13,0.0
2018-07-13,0,308,0,6,0.0
2018-07-14,0,124,0,1,0.0
2018-07-15,0,87,0,1,0.0
2018-07-16,0,263,0,19,0.0
2018-07-17,0,259,0,12,0.0
2018-07-18,0,258,0,17,0.0
2018-07-19,0,355,0,7,0.0
2018-07-20,0,245,0,8,0.0
2018-07-21,0,115,0,3,0.0
2018-07-22,0,87,0,1,0.0
2018-07-23,1,214,0.004672897196261682,7,0.14285714285714285
2018-07-24,0,248,0,9,0.0
2018-07-25,0,270,0,11,0.0
2018-07-26,0,330,0,15,0.0
2018-07-27,0,206,0,16,0.0
2018-07-28,0,65,0,2,0.0
2018-07-29,0,52,0,2,0.0
2018-07-30,0,179,0,4,0.0
2018-07-31,0,237,0,10,0.0
2018-08-01,0,249,0,14,0.0
2018-08-02,0,288,0,10,0.0
2018-08-03,0,195,0,13,0.0
2018-08-04,0,82,0,4,0.0
2018-08-05,0,83,0,5,0.0
2018-08-06,0,189,0,4,0.0
2018-08-07,0,217,0,4,0.0
2018-08-08,0,247,0,13,0.0
2018-08-09,0,313,0,12,0.0
2018-08-10,0,240,0,14,0.0
2018-08-11,0,92,0,1,0.0
2018-08-12,0,86,0,2,0.0
2018-08-13,0,246,0,6,0.0
2018-08-14,0,197,0,7,0.0
2018-08-15,0,260,0,14,0.0
2018-08-16,0,314,0,18,0.0
2018-08-17,0,248,0,5,0.0
2018-08-18,0,114,0,2,0.0
2018-08-19,0,107,0,8,0.0
2018-08-20,0,247,0,10,0.0
2018-08-21,0,252,0,13,0.0
2018-08-22,0,247,0,13,0.0
2018-08-23,0,328,0,18,0.0
2018-08-24,0,235,0,7,0.0
2018-08-25,0,88,0,3,0.0
2018-08-26,0,86,0,3,0.0
2018-08-27,0,298,0,14,0.0
2018-08-28,0,262,0,11,0.0
2018-08-29,0,259,0,13,0.0
2018-08-30,0,342,0,20,0.0
2018-08-31,0,276,0,14,0.0
2018-09-01,0,146,0,18,0.0
2018-09-02,0,98,0,10,0.0
2018-09-03,0,136,0,3,0.0
2018-09-04,0,246,0,8,0.0
2018-09-05,0,247,0,13,0.0
2018-09-06,0,262,0,16,0.0
2018-09-07,0,146,0,5,0.0
2018-09-08,0,51,0,3,0.0
2018-09-09,0,10,0,2,0.0
2018-09-10,0,46,0,6,0.0
2018-09-11,0,50,0,7,0.0
2018-09-12,0,54,0,1,0.0
2018-09-13,0,53,0,6,0.0
2018-09-14,0,13,0,0,
2018-09-15,0,1,0,0,
2018-09-16,0,17,0,1,0.0
2018-09-17,0,54,0,3,0.0
2018-09-18,0,40,0,1,0.0
2018-09-19,0,33,0,0,
2018-09-20,0,83,0,13,0.0
2018-09-21,0,66,0,9,0.0
2018-09-22,0,62,0,5,0.0
2018-09-23,0,37,0,1,0.0
2018-09-24,0,62,0,10,0.0
2018-09-25,0,44,0,4,0.0
2018-09-26,0,78,0,9,0.0
2018-09-27,0,77,0,9,0.0
2018-09-28,0,73,0,4,0.0
2018-09-29,0,23,0,0,
2018-09-30,0,44,0,0,
2018-10-01,0,229,0,11,0.0
2018-10-02,0,223,0,15,0.0
2018-10-03,0,225,0,14,0.0
2018-10-04,0,263,0,15,0.0
2018-10-05,0,165,0,14,0.0
2018-10-06,0,75,0,2,0.0
2018-10-07,0,92,0,6,0.0
2018-10-08,0,187,0,9,0.0
2018-10-09,0,207,0,16,0.0
2018-10-10,0,211,0,20,0.0
2018-10-11,0,236,0,16,0.0
2018-10-12,0,213,0,20,0.0
2018-10-13,0,71,0,9,0.0
2018-10-14,0,93,0,10,0.0
2018-10-15,0,131,0,7,0.0
2018-10-16,0,157,0,11,0.0
2018-10-17,0,203,0,15,0.0
2018-10-18,0,204,0,14,0.0
2018-10-19,0,190,0,14,0.0
2018-10-20,0,83,0,2,0.0
2018-10-21,0,65,0,6,0.0
2018-10-22,0,170,0,20,0.0
2018-10-23,0,140,0,19,0.0
2018-10-24,0,208,0,14,0.0
2018-10-25,0,198,0,11,0.0
2018-10-26,0,162,0,5,0.0
2018-10-27,0,120,0,9,0.0
2018-10-28,0,105,0,9,0.0
2018-10-29,0,206,0,16,0.0
2018-10-30,0,205,0,16,0.0
2018-10-31,0,178,0,18,0.0
2018-11-01,0,82,0,11,0.0
2018-11-02,0,66,0,6,0.0
2018-11-03,0,25,0,4,0.0
2018-11-04,0,22,0,0,
2018-11-05,0,52,0,1,0.0
2018-11-06,0,7,0,1,0.0
2018-11-07,0,9,0,3,0.0
2018-11-08,0,71,0,2,0.0
2018-11-09,0,38,0,5,0.0
2018-11-10,0,24,0,5,0.0
2018-11-11,0,54,0,4,0.0
2018-11-12,0,51,0,3,0.0
2018-11-13,0,39,0,8,0.0
2018-11-14,0,23,0,6,0.0
2018-11-15,0,46,0,1,0.0
2018-11-16,0,37,0,6,0.0
2018-11-17,0,8,0,3,0.0
2018-11-18,0,10,0,0,
2018-11-19,0,57,0,8,0.0
2018-11-20,0,36,0,9,0.0
2018-11-21,0,35,0,0,
2018-11-22,0,14,0,1,0.0
2018-11-23,0,36,0,2,0.0
2018-11-24,0,8,0,1,0.0
2018-11-25,0,6,0,1,0.0
2018-11-26,0,25,0,2,0.0
2018-11-27,0,68,0,7,0.0
2018-11-28,0,125,0,9,0.0
2018-11-29,0,91,0,8,0.0
2018-11-30,0,63,0,10,0.0
2018-12-01,0,115,0,15,0.0
2018-12-02,0,86,0,7,0.0
2018-12-03,0,215,0,18,0.0
2018-12-04,0,202,0,13,0.0
2018-12-05,0,250,0,19,0.0
2018-12-06,0,249,0,9,0.0
2018-12-07,0,154,0,10,0.0
2018-12-08,0,60,0,7,0.0
2018-12-09,0,63,0,5,0.0
2018-12-10,0,166,0,13,0.0
2018-12-11,0,149,0,19,0.0
2018-12-12,0,166,0,21,0.0
2018-12-13,0,252,0,16,0.0
2018-12-14,0,195,0,18,0.0
2018-12-15,0,82,0,7,0.0
2018-12-16,0,61,0,7,0.0
2018-12-17,0,177,0,23,0.0
2018-12-18,0,136,0,9,0.0
2018-12-19,0,193,0,19,0.0
2018-12-20,0,278,0,19,0.0
2018-12-21,0,168,0,19,0.0
2018-12-22,0,54,0,6,0.0
2018-12-23,0,64,0,10,0.0
2018-12-24,0,58,0,10,0.0
2018-12-25,0,39,0,1,0.0
2018-12-26,0,171,0,19,0.0
2018-12-27,0,141,0,13,0.0
2018-12-28,0,109,0,7,0.0
2018-12-29,0,51,0,3,0.0
2018-12-30,0,69,0,6,0.0
2018-12-31,0,129,0,7,0.0
2019-01-01,0,65,0,3,0.0
2019-01-02,0,157,0,14,0.0
2019-01-03,0,128,0,12,0.0
2019-01-04,0,114,0,18,0.0
2019-01-05,0,54,0,8,0.0
2019-01-06,0,91,0,11,0.0
2019-01-07,0,139,0,16,0.0
2019-01-08,0,190,0,18,0.0
2019-01-09,0,167,0,24,0.0
2019-01-10,0,54,0,1,0.0
2019-01-11,0,100,0,12,0.0
2019-01-12,0,55,0,10,0.0
2019-01-13,0,34,0,8,0.0
2019-01-14,0,101,0,6,0.0
2019-01-15,0,94,0,14,0.0
2019-01-16,0,111,0,16,0.0
2019-01-17,0,189,0,13,0.0
2019-01-18,0,144,0,15,0.0
2019-01-19,0,70,0,7,0.0
2019-01-20,0,77,0,13,0.0
2019-01-21,0,128,0,13,0.0
2019-01-22,0,149,0,13,0.0
2019-01-23,0,187,0,22,0.0
2019-01-24,0,254,0,20,0.0
2019-01-25,0,157,0,17,0.0
2019-01-26,0,41,0,10,0.0
2019-01-27,0,42,0,14,0.0
2019-01-28,0,135,0,6,0.0
2019-01-29,0,141,0,25,0.0
2019-01-30,0,162,0,23,0.0
2019-01-31,0,192,0,15,0.0
2019-02-01,1,240,0.004166666666666667,26,0.038461538461538464
2019-02-02,0,71,0,13,0.0
2019-02-03,0,52,0,10,0.0
2019-02-04,0,178,0,18,0.0
2019-02-05,0,172,0,24,0.0
2019-02-06,0,188,0,19,0.0
2019-02-07,0,220,0,22,0.0
2019-02-08,0,166,0,13,0.0
2019-02-09,0,87,0,9,0.0
2019-02-10,0,102,0,11,0.0
2019-02-11,0,202,0,16,0.0
2019-02-12,0,219,0,26,0.0
2019-02-13,0,251,0,33,0.0
2019-02-14,0,245,0,22,0.0
2019-02-15,0,212,0,24,0.0
2019-02-16,0,81,0,10,0.0
2019-02-17,0,85,0,6,0.0
2019-02-18,0,126,0,17,0.0
2019-02-19,0,179,0,12,0.0
2019-02-20,0,230,0,15,0.0
2019-02-21,0,276,0,14,0.0
2019-02-22,0,178,0,12,0.0
2019-02-23,0,83,0,11,0.0
2019-02-24,0,88,0,7,0.0
2019-02-25,0,179,0,16,0.0
2019-02-26,0,173,0,16,0.0
2019-02-27,0,238,0,24,0.0
2019-02-28,0,282,0,19,0.0
2019-03-01,0,251,0,24,0.0
2019-03-02,0,89,0,8,0.0
2019-03-03,0,90,0,8,0.0
2019-03-04,0,168,0,22,0.0
2019-03-05,0,232,0,21,0.0
2019-03-06,0,270,0,19,0.0
2019-03-07,0,261,0,17,0.0
2019-03-08,0,222,0,15,0.0
2019-03-09,0,67,0,8,0.0
2019-03-10,0,68,0,5,0.0
2019-03-11,0,146,0,10,0.0
2019-03-12,0,214,0,14,0.0
2019-03-13,0,204,0,20,0.0
2019-03-14,0,228,0,11,0.0
2019-03-15,0,153,0,14,0.0
2019-03-16,0,114,0,13,0.0
2019-03-17,0,55,0,5,0.0
2019-03-18,0,153,0,23,0.0
2019-03-19,0,161,0,9,0.0
2019-03-20,0,205,0,25,0.0
2019-03-21,0,270,0,14,0.0
2019-03-22,0,257,0,18,0.0
2019-03-23,0,130,0,8,0.0
2019-03-24,0,141,0,17,0.0
2019-03-25,0,185,0,15,0.0
2019-03-26,0,195,0,16,0.0
2019-03-27,0,222,0,18,0.0
2019-03-28,0,261,0,15,0.0
2019-03-29,0,260,0,20,0.0
2019-03-30,0,128,0,8,0.0
2019-03-31,0,106,0,11,0.0
2019-04-01,0,134,0,18,0.0
2019-04-02,0,168,0,15,0.0
2019-04-03,0,233,0,20,0.0
2019-04-04,0,255,0,27,0.0
2019-04-05,0,98,0,10,0.0
2019-04-06,0,106,0,9,0.0
2019-04-07,0,87,0,7,0.0
2019-04-08,0,166,0,12,0.0
2019-04-09,0,228,0,18,0.0
2019-04-10,0,262,0,25,0.0
2019-04-11,0,281,0,12,0.0
2019-04-12,0,258,0,12,0.0
2019-04-13,0,92,0,10,0.0
2019-04-14,0,114,0,12,0.0
2019-04-15,0,186,0,8,0.0
2019-04-16,0,140,0,13,0.0
2019-04-17,0,240,0,32,0.0
2019-04-18,0,238,0,24,0.0
2019-04-19,0,203,0,20,0.0
2019-04-20,0,80,0,11,0.0
2019-04-21,0,69,0,7,0.0
2019-04-22,0,157,0,18,0.0
2019-04-23,0,166,0,17,0.0
2019-04-24,0,222,0,23,0.0
2019-04-25,0,249,0,16,0.0
2019-04-26,0,197,0,13,0.0
2019-04-27,0,100,0,3,0.0
2019-04-28,0,73,0,8,0.0
2019-04-29,0,183,0,13,0.0
2019-04-30,0,216,0,17,0.0
2019-05-01,0,248,0,28,0.0
2019-05-02,0,314,0,14,0.0
2019-05-03,0,220,0,16,0.0
2019-05-04,0,113,0,8,0.0
2019-05-05,0,81,0,5,0.0
2019-05-06,0,176,0,13,0.0
2019-05-07,0,206,0,12,0.0
2019-05-08,0,222,0,18,0.0
2019-05-09,0,239,0,15,0.0
2019-05-10,0,252,0,21,0.0
2019-05-11,0,97,0,4,0.0
2019-05-12,0,68,0,9,0.0
2019-05-13,0,200,0,14,0.0
2019-05-14,0,181,0,12,0.0
2019-05-15,0,226,0,22,0.0
2019-05-16,0,305,0,19,0.0
2019-05-17,0,212,0,16,0.0
2019-05-18,0,105,0,5,0.0
2019-05-19,0,100,0,8,0.0
2019-05-20,0,165,0,14,0.0
2019-05-21,0,219,0,11,0.0
2019-05-22,0,225,0,12,0.0
2019-05-23,0,228,0,14,0.0
2019-05-24,0,216,0,11,0.0
2019-05-25,0,51,0,9,0.0
2019-05-26,0,61,0,6,0.0
2019-05-27,0,54,0,7,0.0
2019-05-28,0,134,0,12,0.0
2019-05-29,0,222,0,18,0.0
2019-05-30,0,228,0,16,0.0
2019-05-31,0,189,0,11,0.0
2019-06-01,0,104,0,10,0.0
2019-06-02,0,42,0,4,0.0
2019-06-03,0,129,0,9,0.0
2019-06-04,0,143,0,19,0.0
2019-06-05,0,190,0,20,0.0
2019-06-06,0,254,0,16,0.0
2019-06-07,0,151,0,14,0.0
2019-06-08,0,50,0,5,0.0
2019-06-09,0,71,0,6,0.0
2019-06-10,0,157,0,9,0.0
2019-06-11,0,201,0,11,0.0
2019-06-12,0,248,0,19,0.0
2019-06-13,0,249,0,13,0.0
2019-06-14,0,214,0,21,0.0
2019-06-15,0,97,0,9,0.0
2019-06-16,0,77,0,5,0.0
2019-06-17,0,170,0,15,0.0
2019-06-18,0,189,0,18,0.0
2019-06-19,0,166,0,21,0.0
2019-06-20,0,230,0,17,0.0
2019-06-21,0,176,0,11,0.0
2019-06-22,0,48,0,10,0.0
2019-06-23,0,47,0,6,0.0
2019-06-24,0,174,0,11,0.0
2019-06-25,0,170,0,15,0.0
2019-06-26,0,240,0,17,0.0
2019-06-27,0,249,0,14,0.0
2019-06-28,0,208,0,21,0.0
2019-06-29,0,79,0,11,0.0
2019-06-30,0,85,0,10,0.0
2019-07-01,0,198,0,15,0.0
2019-07-02,0,251,0,16,0.0
2019-07-03,0,212,0,24,0.0
2019-07-04,0,119,0,3,0.0
2019-07-05,1,147,0.006802721088435374,16,0.0625
2019-07-06,0,76,0,8,0.0
2019-07-07,0,58,0,14,0.0
2019-07-08,0,117,0,15,0.0
2019-07-09,0,197,0,24,0.0
2019-07-10,0,218,0,20,0.0
2019-07-11,0,254,0,18,0.0
2019-07-12,0,186,0,14,0.0
2019-07-13,0,90,0,9,0.0
2019-07-14,0,53,0,8,0.0
2019-07-15,0,147,0,19,0.0
2019-07-16,0,172,0,15,0.0
2019-07-17,0,197,0,20,0.0
2019-07-18,0,193,0,14,0.0
2019-07-19,0,169,0,17,0.0
2019-07-20,0,97,0,6,0.0
2019-07-21,0,116,0,8,0.0
2019-07-22,0,191,0,24,0.0
2019-07-23,0,191,0,12,0.0
2019-07-24,0,263,0,16,0.0
2019-07-25,0,267,0,11,0.0
2019-07-26,0,201,0,21,0.0
2019-07-27,0,75,0,7,0.0
2019-07-28,0,95,0,8,0.0
2019-07-29,0,166,0,14,0.0
2019-07-30,0,130,0,17,0.0
2019-07-31,0,250,0,29,0.0
2019-08-01,0,220,0,11,0.0
2019-08-02,0,215,0,17,0.0
2019-08-03,0,88,0,6,0.0
2019-08-04,0,86,0,8,0.0
2019-08-05,0,207,0,16,0.0
2019-08-06,0,166,0,21,0.0
2019-08-07,0,199,0,12,0.0
2019-08-08,0,240,0,18,0.0
2019-08-09,0,195,0,14,0.0
2019-08-10,0,90,0,12,0.0
2019-08-11,0,89,0,11,0.0
2019-08-12,1,193,0.0051813471502590676,17,0.058823529411764705
2019-08-13,0,133,0,11,0.0
2019-08-14,0,149,0,12,0.0
2019-08-15,0,222,0,25,0.0
2019-08-16,0,153,0,13,0.0
2019-08-17,0,107,0,7,0.0
2019-08-18,0,99,0,8,0.0
2019-08-19,0,211,0,19,0.0
2019-08-20,0,143,0,22,0.0
2019-08-21,0,242,0,17,0.0
2019-08-22,0,285,0,20,0.0
2019-08-23,0,164,0,13,0.0
2019-08-24,0,87,0,8,0.0
2019-08-25,0,101,0,13,0.0
2019-08-26,0,136,0,14,0.0
2019-08-27,0,167,0,9,0.0
2019-08-28,0,204,0,20,0.0
2019-08-29,0,240,0,22,0.0
2019-08-30,0,186,0,17,0.0
2019-08-31,0,107,0,8,0.0
2019-09-01,0,133,0,9,0.0
2019-09-02,0,154,0,6,0.0
2019-09-03,0,223,0,21,0.0
2019-09-04,0,306,0,15,0.0
2019-09-05,0,289,0,21,0.0
2019-09-06,0,243,0,13,0.0
2019-09-07,0,109,0,9,0.0
2019-09-08,0,94,0,6,0.0
2019-09-09,0,200,0,14,0.0
2019-09-10,0,168,0,12,0.0
2019-09-11,1,234,0.004273504273504274,24,0.041666666666666664
2019-09-12,1,276,0.0036231884057971015,16,0.0625
2019-09-13,0,199,0,20,0.0
2019-09-14,0,105,0,10,0.0
2019-09-15,0,119,0,14,0.0
2019-09-16,0,210,0,13,0.0
2019-09-17,0,223,0,17,0.0
2019-09-18,0,277,0,18,0.0
2019-09-19,0,351,0,21,0.0
2019-09-20,0,252,0,16,0.0
2019-09-21,0,107,0,12,0.0
2019-09-22,0,107,0,15,0.0
2019-09-23,0,246,0,22,0.0
2019-09-24,0,240,0,11,0.0
2019-09-25,0,333,0,29,0.0
2019-09-26,0,363,0,18,0.0
2019-09-27,0,217,0,10,0.0
2019-09-28,0,107,0,4,0.0
2019-09-29,0,104,0,15,0.0
2019-09-30,0,198,0,25,0.0
2019-10-01,0,223,0,22,0.0
2019-10-02,0,279,0,26,0.0
2019-10-03,0,324,0,15,0.0
2019-10-04,0,248,0,9,0.0
2019-10-05,0,132,0,7,0.0
2019-10-06,0,118,0,6,0.0
2019-10-07,0,176,0,15,0.0
2019-10-08,0,141,0,18,0.0
2019-10-09,0,279,0,24,0.0
2019-10-10,0,298,0,20,0.0
2019-10-11,0,267,0,17,0.0
2019-10-12,0,121,0,7,0.0
2019-10-13,0,105,0,9,0.0
2019-10-14,0,197,0,9,0.0
2019-10-15,0,185,0,16,0.0
2019-10-16,0,274,0,26,0.0
2019-10-17,0,301,0,37,0.0
2019-10-18,0,113,0,12,0.0
2019-10-19,0,84,0,11,0.0
2019-10-20,0,90,0,12,0.0
2019-10-21,0,195,0,20,0.0
2019-10-22,0,221,0,14,0.0
2019-10-23,0,277,0,23,0.0
2019-10-24,0,281,0,21,0.0
2019-10-25,0,200,0,17,0.0
2019-10-26,0,96,0,7,0.0
2019-10-27,0,102,0,9,0.0
2019-10-28,0,156,0,15,0.0
2019-10-29,0,197,0,19,0.0
2019-10-30,0,231,0,16,0.0
2019-10-31,0,271,0,18,0.0
2019-11-01,0,249,0,26,0.0
2019-11-02,0,102,0,6,0.0
2019-11-03,0,90,0,8,0.0
2019-11-04,0,205,0,12,0.0
2019-11-05,0,223,0,8,0.0
2019-11-06,0,286,0,24,0.0
2019-11-07,0,274,0,22,0.0
2019-11-08,0,210,0,16,0.0
2019-11-09,0,141,0,9,0.0
2019-11-10,0,109,0,7,0.0
2019-11-11,0,169,0,11,0.0
2019-11-12,0,219,0,14,0.0
2019-11-13,0,287,0,21,0.0
2019-11-14,0,341,0,16,0.0
2019-11-15,0,244,0,18,0.0
2019-11-16,0,96,0,3,0.0
2019-11-17,0,92,0,12,0.0
2019-11-18,0,219,0,14,0.0
2019-11-19,0,235,0,14,0.0
2019-11-20,0,280,0,15,0.0
2019-11-21,0,308,0,23,0.0
2019-11-22,0,184,0,12,0.0
2019-11-23,0,92,0,6,0.0
2019-11-24,0,79,0,6,0.0
2019-11-25,0,210,0,9,0.0
2019-11-26,0,276,0,16,0.0
2019-11-27,0,265,0,30,0.0
2019-11-28,0,172,0,13,0.0
2019-11-29,0,121,0,14,0.0
2019-11-30,0,61,0,5,0.0
2019-12-01,0,116,0,12,0.0
2019-12-02,0,176,0,14,0.0
2019-12-03,0,207,0,10,0.0
2019-12-04,0,266,0,11,0.0
2019-12-05,0,309,0,20,0.0
2019-12-06,0,234,0,12,0.0
2019-12-07,0,89,0,3,0.0
2019-12-08,0,109,0,7,0.0
2019-12-09,0,209,0,17,0.0
2019-12-10,0,249,0,15,0.0
2019-12-11,0,257,0,16,0.0
2019-12-12,0,342,0,20,0.0
2019-12-13,0,226,0,23,0.0
2019-12-14,0,91,0,11,0.0
2019-12-15,0,94,0,7,0.0
2019-12-16,0,215,0,16,0.0
2019-12-17,0,300,0,16,0.0
2019-12-18,0,242,0,13,0.0
2019-12-19,0,309,0,14,0.0
2019-12-20,0,219,0,10,0.0
2019-12-21,0,102,0,6,0.0
2019-12-22,0,94,0,6,0.0
2019-12-23,0,183,0,16,0.0
2019-12-24,0,199,0,10,0.0
2019-12-25,0,85,0,2,0.0
2019-12-26,0,195,0,6,0.0
2019-12-27,0,196,0,10,0.0
2019-12-28,0,104,0,8,0.0
2019-12-29,0,106,0,7,0.0
2019-12-30,0,158,0,10,0.0
2019-12-31,0,215,0,18,0.0
2020-01-01,0,156,0,8,0.0
2020-01-02,0,180,0,13,0.0
2020-01-03,0,170,0,13,0.0
2020-01-04,0,73,0,8,0.0
2020-01-05,0,74,0,7,0.0
2020-01-06,0,161,0,12,0.0
2020-01-07,0,187,0,14,0.0
2020-01-08,0,228,0,17,0.0
2020-01-09,0,302,0,21,0.0
2020-01-10,0,222,0,17,0.0
2020-01-11,0,111,0,8,0.0
2020-01-12,0,124,0,7,0.0
2020-01-13,0,175,0,9,0.0
2020-01-14,0,205,0,14,0.0
2020-01-15,0,255,0,17,0.0
2020-01-16,0,315,0,22,0.0
2020-01-17,0,222,0,22,0.0
2020-01-18,0,120,0,5,0.0
2020-01-19,0,95,0,12,0.0
2020-01-20,0,147,0,10,0.0
2020-01-21,0,200,0,18,0.0
2020-01-22,0,274,0,19,0.0
2020-01-23,0,272,0,16,0.0
2020-01-24,0,231,0,23,0.0
2020-01-25,0,120,0,8,0.0
2020-01-26,0,87,0,10,0.0
2020-01-27,0,194,0,12,0.0
2020-01-28,0,236,0,22,0.0
2020-01-29,0,230,0,16,0.0
2020-01-30,0,295,0,20,0.0
2020-01-31,0,219,0,18,0.0
2020-02-01,0,142,0,19,0.0
2020-02-02,0,89,0,3,0.0
2020-02-03,0,225,0,15,0.0
2020-02-04,0,261,0,8,0.0
2020-02-05,0,260,0,15,0.0
2020-02-06,0,296,0,18,0.0
2020-02-07,0,255,0,14,0.0
2020-02-08,0,133,0,5,0.0
2020-02-09,0,125,0,7,0.0
2020-02-10,0,246,0,16,0.0
2020-02-11,0,249,0,11,0.0
2020-02-12,0,242,0,21,0.0
2020-02-13,0,283,0,19,0.0
2020-02-14,0,250,0,15,0.0
2020-02-15,0,75,0,9,0.0
2020-02-16,0,104,0,6,0.0
2020-02-17,0,156,0,11,0.0
2020-02-18,0,173,0,7,0.0
2020-02-19,0,255,0,21,0.0
2020-02-20,0,306,0,9,0.0
2020-02-21,0,252,0,17,0.0
2020-02-22,0,136,0,9,0.0
2020-02-23,0,100,0,10,0.0
2020-02-24,0,218,0,12,0.0
2020-02-25,0,251,0,17,0.0
2020-02-26,0,295,0,16,0.0
2020-02-27,0,269,0,11,0.0
2020-02-28,0,233,0,13,0.0
2020-02-29,0,113,0,8,0.0
2020-03-01,0,159,0,16,0.0
2020-03-02,1,253,0.003952569169960474,19,0.05263157894736842
2020-03-03,0,227,0,15,0.0
2020-03-04,0,312,0,19,0.0
2020-03-05,0,298,0,15,0.0
2020-03-06,0,234,0,11,0.0
2020-03-07,0,156,0,10,0.0
2020-03-08,0,139,0,12,0.0
2020-03-09,0,240,0,15,0.0
2020-03-10,0,198,0,9,0.0
2020-03-11,0,329,0,16,0.0
2020-03-12,0,355,0,22,0.0
2020-03-13,0,282,0,25,0.0
2020-03-14,0,136,0,8,0.0
2020-03-15,0,141,0,14,0.0
2020-03-16,0,256,0,23,0.0
2020-03-17,0,320,0,30,0.0
2020-03-18,0,353,0,26,0.0
2020-03-19,0,410,0,31,0.0
2020-03-20,0,372,0,18,0.0
2020-03-21,0,198,0,17,0.0
2020-03-22,0,168,0,24,0.0
2020-03-23,0,297,0,26,0.0
2020-03-24,0,379,0,30,0.0
2020-03-25,0,386,0,33,0.0
2020-03-26,0,435,0,22,0.0
2020-03-27,0,377,0,20,0.0
2020-03-28,0,184,0,23,0.0
2020-03-29,0,155,0,21,0.0
2020-03-30,0,298,0,24,0.0
2020-03-31,0,343,0,32,0.0
2020-04-01,0,427,0,32,0.0
2020-04-02,0,415,0,24,0.0
2020-04-03,0,374,0,17,0.0
2020-04-04,0,178,0,18,0.0
2020-04-05,0,174,0,14,0.0
2020-04-06,0,321,0,26,0.0
2020-04-07,0,376,0,24,0.0
2020-04-08,0,368,0,24,0.0
2020-04-09,0,390,0,29,0.0
2020-04-10,0,324,0,23,0.0
2020-04-11,0,167,0,22,0.0
2020-04-12,0,145,0,16,0.0
2020-04-13,0,291,0,19,0.0
2020-04-14,0,345,0,22,0.0
2020-04-15,0,381,0,21,0.0
2020-04-16,0,425,0,21,0.0
2020-04-17,0,326,0,15,0.0
2020-04-18,0,161,0,10,0.0
2020-04-19,0,134,0,6,0.0
2020-04-20,0,250,0,12,0.0
2020-04-21,0,340,0,16,0.0
2020-04-22,0,298,0,18,0.0
2020-04-23,0,412,0,19,0.0
2020-04-24,0,324,0,16,0.0
2020-04-25,0,158,0,10,0.0
2020-04-26,0,120,0,9,0.0
2020-04-27,0,250,0,13,0.0
2020-04-28,0,322,0,16,0.0
2020-04-29,0,390,0,15,0.0
2020-04-30,0,381,0,22,0.0
2020-05-01,0,355,0,23,0.0
2020-05-02,0,133,0,14,0.0
2020-05-03,0,142,0,11,0.0
2020-05-04,0,265,0,17,0.0
2020-05-05,0,323,0,23,0.0
2020-05-06,0,385,0,19,0.0
2020-05-07,0,385,0,13,0.0
2020-05-08,0,323,0,14,0.0
2020-05-09,0,153,0,11,0.0
2020-05-10,0,110,0,12,0.0
2020-05-11,0,242,0,33,0.0
2020-05-12,0,281,0,18,0.0
2020-05-13,0,339,0,21,0.0
2020-05-14,0,354,0,15,0.0
2020-05-15,0,338,0,23,0.0
2020-05-16,0,159,0,11,0.0
2020-05-17,0,132,0,9,0.0
2020-05-18,0,259,0,11,0.0
2020-05-19,0,311,0,19,0.0
2020-05-20,0,304,0,13,0.0
2020-05-21,0,344,0,18,0.0
2020-05-22,0,308,0,20,0.0
2020-05-23,0,134,0,6,0.0
2020-05-24,0,102,0,8,0.0
2020-05-25,0,164,0,8,0.0
2020-05-26,0,242,0,14,0.0
2020-05-27,0,348,0,15,0.0
2020-05-28,0,381,0,23,0.0
2020-05-29,0,301,0,18,0.0
2020-05-30,0,134,0,12,0.0
2020-05-31,0,140,0,12,0.0
2020-06-01,0,271,0,18,0.0
2020-06-02,0,275,0,21,0.0
2020-06-03,0,345,0,24,0.0
2020-06-04,0,328,0,19,0.0
2020-06-05,0,254,0,18,0.0
2020-06-06,0,159,0,9,0.0
2020-06-07,0,148,0,10,0.0
2020-06-08,0,281,0,15,0.0
2020-06-09,0,290,0,13,0.0
2020-06-10,0,344,0,23,0.0
2020-06-11,0,371,0,26,0.0
2020-06-12,0,316,0,13,0.0
2020-06-13,0,143,0,14,0.0
2020-06-14,0,122,0,19,0.0
2020-06-15,0,249,0,11,0.0
2020-06-16,0,271,0,12,0.0
2020-06-17,0,348,0,20,0.0
2020-06-18,0,355,0,31,0.0
2020-06-19,0,264,0,21,0.0
2020-06-20,0,140,0,11,0.0
2020-06-21,0,140,0,11,0.0
2020-06-22,0,245,0,14,0.0
2020-06-23,0,283,0,19,0.0
2020-06-24,0,326,0,20,0.0
2020-06-25,1,350,0.002857142857142857,25,0.04
2020-06-26,0,268,0,19,0.0
2020-06-27,0,141,0,8,0.0
2020-06-28,0,129,0,21,0.0
2020-06-29,0,236,0,17,0.0
2020-06-30,0,273,0,22,0.0
2020-07-01,0,344,0,25,0.0
2020-07-02,0,328,0,12,0.0
2020-07-03,0,166,0,16,0.0
2020-07-04,0,119,0,9,0.0
2020-07-05,0,107,0,6,0.0
2020-07-06,0,240,0,9,0.0
2020-07-07,0,234,0,11,0.0
2020-07-08,0,315,0,25,0.0
2020-07-09,0,349,0,18,0.0
2020-07-10,0,257,0,21,0.0
2020-07-11,0,166,0,12,0.0
2020-07-12,0,106,0,14,0.0
2020-07-13,1,253,0.003952569169960474,17,0.058823529411764705
2020-07-14,0,291,0,24,0.0
2020-07-15,0,318,0,35,0.0
2020-07-16,0,374,0,17,0.0
2020-07-17,0,313,0,19,0.0
2020-07-18,0,96,0,10,0.0
2020-07-19,0,120,0,16,0.0
2020-07-20,1,119,0.008403361344537815,17,0.058823529411764705
2020-07-21,0,235,0,19,0.0
2020-07-22,0,287,0,19,0.0
2020-07-23,0,355,0,23,0.0
2020-07-24,0,137,0,8,0.0
2020-07-25,0,17,0,2,0.0
2020-07-26,0,24,0,3,0.0
2020-07-27,0,77,0,15,0.0
2020-07-28,0,168,0,25,0.0
2020-07-29,0,259,0,26,0.0
2020-07-30,0,317,0,18,0.0
2020-07-31,0,275,0,17,0.0
2020-08-01,0,139,0,17,0.0
2020-08-02,0,107,0,6,0.0
2020-08-03,0,229,0,11,0.0
2020-08-04,0,165,0,9,0.0
2020-08-05,0,129,0,11,0.0
2020-08-06,0,151,0,23,0.0
2020-08-07,0,159,0,14,0.0
2020-08-08,0,126,0,9,0.0
2020-08-09,0,110,0,12,0.0
2020-08-10,0,234,0,11,0.0
2020-08-11,0,281,0,12,0.0
2020-08-12,0,275,0,18,0.0
2020-08-13,0,294,0,15,0.0
2020-08-14,0,259,0,13,0.0
2020-08-15,0,128,0,4,0.0
2020-08-16,0,100,0,13,0.0
2020-08-17,0,230,0,13,0.0
2020-08-18,0,278,0,19,0.0
2020-08-19,0,244,0,19,0.0
2020-08-20,0,302,0,22,0.0
2020-08-21,0,208,0,12,0.0
2020-08-22,0,114,0,6,0.0
2020-08-23,0,104,0,8,0.0
2020-08-24,0,240,0,22,0.0
2020-08-25,0,259,0,22,0.0
2020-08-26,0,308,0,22,0.0
2020-08-27,0,369,0,29,0.0
2020-08-28,0,276,0,15,0.0
2020-08-29,0,132,0,12,0.0
2020-08-30,0,126,0,11,0.0
2020-08-31,0,222,0,21,0.0
2020-09-01,0,332,0,25,0.0
2020-09-02,0,268,0,19,0.0
2020-09-03,0,307,0,18,0.0
2020-09-04,0,235,0,15,0.0
2020-09-05,0,112,0,8,0.0
2020-09-06,0,94,0,15,0.0
2020-09-07,0,123,0,8,0.0
2020-09-08,0,262,0,20,0.0
2020-09-09,0,286,0,23,0.0
2020-09-10,0,312,0,16,0.0
2020-09-11,0,241,0,17,0.0
2020-09-12,0,142,0,5,0.0
2020-09-13,0,103,0,7,0.0
2020-09-14,0,224,0,14,0.0
2020-09-15,0,265,0,15,0.0
2020-09-16,0,294,0,21,0.0
2020-09-17,0,271,0,12,0.0
2020-09-18,0,241,0,13,0.0
2020-09-19,1,178,0.0056179775280898875,3,0.3333333333333333
2020-09-20,0,131,0,9,0.0
2020-09-21,1,260,0.0038461538461538464,16,0.0625
2020-09-22,0,261,0,12,0.0
2020-09-23,0,299,0,22,0.0
2020-09-24,0,315,0,17,0.0
2020-09-25,0,290,0,18,0.0
2020-09-26,0,105,0,10,0.0
2020-09-27,0,123,0,12,0.0
2020-09-28,0,235,0,15,0.0
2020-09-29,0,289,0,19,0.0
2020-09-30,0,293,0,21,0.0
2020-10-01,0,377,0,19,0.0
2020-10-02,0,277,0,22,0.0
2020-10-03,0,148,0,7,0.0
2020-10-04,0,145,0,15,0.0
2020-10-05,0,216,0,18,0.0
2020-10-06,0,310,0,24,0.0
2020-10-07,0,261,0,31,0.0
2020-10-08,0,252,0,22,0.0
2020-10-09,0,258,0,14,0.0
2020-10-10,0,128,0,13,0.0
2020-10-11,0,107,0,11,0.0
2020-10-12,0,216,0,14,0.0
2020-10-13,0,298,0,14,0.0
2020-10-14,0,313,0,22,0.0
2020-10-15,0,316,0,25,0.0
2020-10-16,0,266,0,17,0.0
2020-10-17,0,129,0,11,0.0
2020-10-18,0,93,0,12,0.0
2020-10-19,0,208,0,20,0.0
2020-10-20,0,257,0,18,0.0
2020-10-21,0,271,0,22,0.0
2020-10-22,0,298,0,18,0.0
2020-10-23,0,248,0,12,0.0
2020-10-24,0,146,0,11,0.0
2020-10-25,0,128,0,14,0.0
2020-10-26,0,244,0,27,0.0
2020-10-27,0,264,0,15,0.0
2020-10-28,0,327,0,30,0.0
2020-10-29,0,309,0,15,0.0
2020-10-30,0,251,0,19,0.0
2020-10-31,0,148,0,10,0.0
2020-11-01,0,154,0,13,0.0
2020-11-02,0,230,0,16,0.0
2020-11-03,0,287,0,21,0.0
2020-11-04,0,259,0,16,0.0
2020-11-05,0,279,0,11,0.0
2020-11-06,0,248,0,16,0.0
2020-11-07,0,143,0,6,0.0
2020-11-08,0,136,0,10,0.0
2020-11-09,0,214,0,20,0.0
2020-11-10,0,256,0,21,0.0
2020-11-11,0,263,0,21,0.0
2020-11-12,0,318,0,15,0.0
2020-11-13,0,277,0,17,0.0
2020-11-14,0,146,0,13,0.0
2020-11-15,0,136,0,13,0.0
2020-11-16,0,254,0,13,0.0
2020-11-17,0,311,0,12,0.0
2020-11-18,0,246,0,17,0.0
2020-11-19,0,318,0,12,0.0
2020-11-20,0,277,0,18,0.0
2020-11-21,0,128,0,10,0.0
2020-11-22,0,124,0,6,0.0
2020-11-23,0,247,0,14,0.0
2020-11-24,0,224,0,14,0.0
2020-11-25,0,287,0,14,0.0
2020-11-26,0,129,0,7,0.0
2020-11-27,0,127,0,10,0.0
2020-11-28,0,91,0,6,0.0
2020-11-29,0,75,0,8,0.0
2020-11-30,0,206,0,13,0.0
2020-12-01,0,293,0,24,0.0
2020-12-02,0,291,0,10,0.0
2020-12-03,0,347,0,11,0.0
2020-12-04,0,227,0,10,0.0
2020-12-05,0,127,0,10,0.0
2020-12-06,0,131,0,11,0.0
2020-12-07,0,216,0,14,0.0
2020-12-08,0,270,0,14,0.0
2020-12-09,0,291,0,15,0.0
2020-12-10,0,322,0,23,0.0
2020-12-11,0,300,0,19,0.0
2020-12-12,0,116,0,5,0.0
2020-12-13,0,122,0,12,0.0
2020-12-14,0,250,0,18,0.0
2020-12-15,0,264,0,15,0.0
2020-12-16,0,289,0,23,0.0
2020-12-17,0,319,0,18,0.0
2020-12-18,0,238,0,18,0.0
2020-12-19,0,108,0,8,0.0
2020-12-20,0,139,0,11,0.0
2020-12-21,0,243,0,17,0.0
2020-12-22,0,240,0,19,0.0
2020-12-23,0,279,0,13,0.0
2020-12-24,0,237,0,11,0.0
2020-12-25,0,95,0,4,0.0
2020-12-26,0,113,0,6,0.0
2020-12-27,0,139,0,11,0.0
2020-12-28,0,195,0,11,0.0
2020-12-29,0,240,0,11,0.0
2020-12-30,0,222,0,13,0.0
2020-12-31,0,267,0,13,0.0
2021-01-01,0,121,0,5,0.0
2021-01-02,0,70,0,3,0.0
2021-01-03,0,99,0,3,0.0
2021-01-04,0,200,0,9,0.0
2021-01-05,0,181,0,10,0.0
2021-01-06,0,269,0,13,0.0
2021-01-07,0,258,0,12,0.0
2021-01-08,0,245,0,20,0.0
2021-01-09,0,106,0,7,0.0
2021-01-10,0,104,0,8,0.0
2021-01-11,0,221,0,18,0.0
2021-01-12,0,266,0,20,0.0
2021-01-13,0,289,0,13,0.0
2021-01-14,0,293,0,16,0.0
2021-01-15,0,304,0,22,0.0
2021-01-16,0,114,0,8,0.0
2021-01-17,0,121,0,8,0.0
2021-01-18,0,177,0,15,0.0
2021-01-19,0,267,0,15,0.0
2021-01-20,0,366,0,21,0.0
2021-01-21,0,306,0,19,0.0
2021-01-22,0,279,0,19,0.0
2021-01-23,0,130,0,10,0.0
2021-01-24,0,81,0,7,0.0
2021-01-25,0,275,0,17,0.0
2021-01-26,0,272,0,25,0.0
2021-01-27,0,277,0,13,0.0
2021-01-28,0,333,0,14,0.0
2021-01-29,0,248,0,13,0.0
2021-01-30,0,91,0,6,0.0
2021-01-31,0,97,0,8,0.0
2021-02-01,0,223,0,21,0.0
2021-02-02,0,275,0,15,0.0
2021-02-03,0,246,0,23,0.0
2021-02-04,0,323,0,26,0.0
2021-02-05,0,276,0,33,0.0
2021-02-06,0,112,0,7,0.0
2021-02-07,0,92,0,8,0.0
2021-02-08,0,224,0,14,0.0
2021-02-09,0,303,0,18,0.0
2021-02-10,0,280,0,19,0.0
2021-02-11,0,356,0,25,0.0
2021-02-12,0,303,0,16,0.0
2021-02-13,0,152,0,9,0.0
2021-02-14,0,121,0,11,0.0
2021-02-15,0,161,0,13,0.0
2021-02-16,0,216,0,21,0.0
2021-02-17,0,227,0,18,0.0
2021-02-18,0,321,0,18,0.0
2021-02-19,0,234,0,8,0.0
2021-02-20,0,94,0,7,0.0
2021-02-21,0,157,0,9,0.0
2021-02-22,0,236,0,12,0.0
2021-02-23,0,255,0,14,0.0
2021-02-24,0,334,0,16,0.0
2021-02-25,0,322,0,12,0.0
2021-02-26,0,273,0,13,0.0
2021-02-27,0,108,0,7,0.0
2021-02-28,0,97,0,7,0.0
2021-03-01,0,259,0,25,0.0
2021-03-02,0,291,0,12,0.0
2021-03-03,0,278,0,14,0.0
2021-03-04,0,257,0,13,0.0
2021-03-05,0,248,0,15,0.0
2021-03-06,0,127,0,5,0.0
2021-03-07,0,91,0,7,0.0
2021-03-08,0,223,0,24,0.0
2021-03-09,0,257,0,21,0.0
2021-03-10,0,254,0,10,0.0
2021-03-11,0,334,0,11,0.0
2021-03-12,0,240,0,17,0.0
2021-03-13,0,124,0,10,0.0
2021-03-14,0,121,0,10,0.0
2021-03-15,0,170,0,13,0.0
2021-03-16,0,255,0,12,0.0
2021-03-17,0,243,0,23,0.0
2021-03-18,0,300,0,15,0.0
2021-03-19,0,247,0,14,0.0
2021-03-20,0,114,0,8,0.0
2021-03-21,0,92,0,7,0.0
2021-03-22,0,217,0,17,0.0
2021-03-23,0,254,0,17,0.0
2021-03-24,0,282,0,22,0.0
2021-03-25,0,367,0,21,0.0
2021-03-26,0,239,0,19,0.0
2021-03-27,0,115,0,6,0.0
2021-03-28,0,81,0,7,0.0
2021-03-29,0,190,0,11,0.0
2021-03-30,0,227,0,8,0.0
2021-03-31,0,254,0,17,0.0
2021-04-01,0,283,0,14,0.0
2021-04-02,0,230,0,10,0.0
2021-04-03,0,102,0,11,0.0
2021-04-04,0,83,0,7,0.0
2021-04-05,0,236,0,13,0.0
2021-04-06,0,244,0,14,0.0
2021-04-07,0,217,0,4,0.0
2021-04-08,0,138,0,10,0.0
2021-04-09,0,88,0,13,0.0
2021-04-10,0,18,0,4,0.0
2021-04-11,0,33,0,4,0.0
2021-04-12,0,95,0,17,0.0
2021-04-13,0,214,0,18,0.0
2021-04-14,0,228,0,13,0.0
2021-04-15,0,318,0,15,0.0
2021-04-16,0,216,0,20,0.0
2021-04-17,0,66,0,7,0.0
2021-04-18,0,71,0,9,0.0
2021-04-19,0,237,0,15,0.0
2021-04-20,0,265,0,20,0.0
2021-04-21,0,265,0,14,0.0
2021-04-22,0,296,0,15,0.0
2021-04-23,0,233,0,15,0.0
2021-04-24,0,120,0,9,0.0
2021-04-25,0,117,0,10,0.0
2021-04-26,0,221,0,15,0.0
2021-04-27,0,253,0,17,0.0
2021-04-28,0,289,0,16,0.0
2021-04-29,0,362,0,16,0.0
2021-04-30,0,290,0,14,0.0
2021-05-01,0,187,0,10,0.0
2021-05-02,0,90,0,8,0.0
2021-05-03,0,188,0,16,0.0
2021-05-04,0,205,0,8,0.0
2021-05-05,0,208,0,16,0.0
2021-05-06,0,331,0,16,0.0
2021-05-07,0,234,0,20,0.0
2021-05-08,0,122,0,13,0.0
2021-05-09,0,103,0,9,0.0
2021-05-10,0,221,0,16,0.0
2021-05-11,0,296,0,13,0.0
2021-05-12,0,288,0,15,0.0
2021-05-13,0,340,0,20,0.0
2021-05-14,0,207,0,12,0.0
2021-05-15,0,102,0,9,0.0
2021-05-16,0,123,0,17,0.0
2021-05-17,0,203,0,20,0.0
2021-05-18,0,271,0,19,0.0
2021-05-19,0,269,0,13,0.0
2021-05-20,0,346,0,16,0.0
2021-05-21,0,241,0,15,0.0
2021-05-22,0,103,0,7,0.0
2021-05-23,0,109,0,12,0.0
2021-05-24,0,223,0,18,0.0
2021-05-25,0,257,0,24,0.0
2021-05-26,0,245,0,15,0.0
2021-05-27,0,307,0,14,0.0
2021-05-28,0,237,0,9,0.0
2021-05-29,0,114,0,9,0.0
2021-05-30,0,120,0,6,0.0
2021-05-31,0,134,0,10,0.0
2021-06-01,0,239,0,15,0.0
2021-06-02,0,246,0,15,0.0
2021-06-03,0,308,0,11,0.0
2021-06-04,0,247,0,21,0.0
2021-06-05,0,108,0,7,0.0
2021-06-06,0,93,0,12,0.0
2021-06-07,0,211,0,17,0.0
2021-06-08,0,226,0,16,0.0
2021-06-09,0,227,0,11,0.0
2021-06-10,0,327,0,11,0.0
2021-06-11,0,245,0,14,0.0
2021-06-12,0,124,0,12,0.0
2021-06-13,0,110,0,11,0.0
2021-06-14,1,216,0.004629629629629629,17,0.058823529411764705
2021-06-15,0,224,0,22,0.0
2021-06-16,0,231,0,16,0.0
2021-06-17,0,331,0,14,0.0
2021-06-18,0,188,0,15,0.0
2021-06-19,0,108,0,10,0.0
2021-06-20,0,111,0,11,0.0
2021-06-21,0,200,0,12,0.0
2021-06-22,0,253,0,10,0.0
2021-06-23,0,300,0,18,0.0
2021-06-24,0,293,0,13,0.0
2021-06-25,0,267,0,17,0.0
2021-06-26,0,104,0,7,0.0
2021-06-27,0,120,0,17,0.0
2021-06-28,0,192,0,18,0.0
2021-06-29,0,250,0,14,0.0
2021-06-30,0,304,0,12,0.0
2021-07-01,0,321,0,18,0.0
2021-07-02,0,199,0,15,0.0
2021-07-03,0,106,0,12,0.0
2021-07-04,0,119,0,7,0.0
2021-07-05,0,132,0,12,0.0
2021-07-06,0,209,0,19,0.0
2021-07-07,0,225,0,16,0.0
2021-07-08,0,279,0,12,0.0
2021-07-09,0,215,0,18,0.0
2021-07-10,0,130,0,7,0.0
2021-07-11,0,114,0,14,0.0
2021-07-12,0,193,0,15,0.0
2021-07-13,0,237,0,12,0.0
2021-07-14,0,238,0,16,0.0
2021-07-15,0,343,0,15,0.0
2021-07-16,0,193,0,15,0.0
2021-07-17,0,110,0,15,0.0
2021-07-18,0,112,0,12,0.0
2021-07-19,0,189,0,15,0.0
2021-07-20,0,198,0,7,0.0
2021-07-21,0,241,0,24,0.0
2021-07-22,0,297,0,11,0.0
2021-07-23,0,206,0,9,0.0
2021-07-24,0,106,0,11,0.0
2021-07-25,0,104,0,8,0.0
2021-07-26,0,227,0,16,0.0
2021-07-27,0,278,0,12,0.0
2021-07-28,0,287,0,17,0.0
2021-07-29,0,345,0,10,0.0
2021-07-30,0,255,0,13,0.0
2021-07-31,0,119,0,4,0.0
2021-08-01,0,132,0,10,0.0
2021-08-02,0,211,0,16,0.0
2021-08-03,0,204,0,15,0.0
2021-08-04,0,271,0,10,0.0
2021-08-05,0,276,0,12,0.0
2021-08-06,0,214,0,13,0.0
2021-08-07,0,120,0,6,0.0
2021-08-08,0,106,0,10,0.0
2021-08-09,0,244,0,14,0.0
2021-08-10,0,261,0,12,0.0
2021-08-11,0,226,0,17,0.0
2021-08-12,0,306,0,9,0.0
2021-08-13,0,261,0,18,0.0
2021-08-14,0,115,0,10,0.0
2021-08-15,0,149,0,12,0.0
2021-08-16,0,192,0,9,0.0
2021-08-17,0,248,0,17,0.0
2021-08-18,0,246,0,14,0.0
2021-08-19,0,293,0,11,0.0
2021-08-20,0,223,0,12,0.0
2021-08-21,1,101,0.009900990099009901,7,0.14285714285714285
2021-08-22,0,137,0,8,0.0
2021-08-23,1,244,0.004098360655737705,11,0.09090909090909091
2021-08-24,1,224,0.004464285714285714,23,0.043478260869565216
2021-08-25,0,282,0,20,0.0
2021-08-26,0,358,0,15,0.0
2021-08-27,1,264,0.003787878787878788,19,0.05263157894736842
2021-08-28,0,130,0,8,0.0
2021-08-29,1,137,0.0072992700729927005,7,0.14285714285714285
2021-08-30,0,187,0,16,0.0
2021-08-31,0,228,0,19,0.0
2021-09-01,0,290,0,28,0.0
2021-09-02,0,328,0,15,0.0
2021-09-03,0,209,0,16,0.0
2021-09-04,0,101,0,8,0.0
2021-09-05,0,74,0,9,0.0
2021-09-06,0,88,0,2,0.0
2021-09-07,0,209,0,17,0.0
2021-09-08,0,233,0,17,0.0
2021-09-09,0,298,0,17,0.0
2021-09-10,0,230,0,23,0.0
2021-09-11,0,109,0,5,0.0
2021-09-12,0,99,0,12,0.0
2021-09-13,1,186,0.005376344086021506,19,0.05263157894736842
2021-09-14,1,223,0.004484304932735426,16,0.0625
2021-09-15,0,241,0,27,0.0
2021-09-16,1,281,0.0035587188612099642,17,0.058823529411764705
2021-09-17,0,237,0,18,0.0
2021-09-18,0,94,0,13,0.0
2021-09-19,0,91,0,8,0.0
2021-09-20,0,219,0,17,0.0
2021-09-21,0,218,0,20,0.0
2021-09-22,0,268,0,22,0.0
2021-09-23,1,274,0.0036496350364963502,17,0.058823529411764705
2021-09-24,1,244,0.004098360655737705,24,0.041666666666666664
2021-09-25,0,117,0,10,0.0
2021-09-26,0,86,0,11,0.0
2021-09-27,0,191,0,9,0.0
2021-09-28,0,248,0,21,0.0
2021-09-29,0,260,0,19,0.0
2021-09-30,0,329,0,16,0.0
2021-10-01,0,255,0,23,0.0
2021-10-02,0,89,0,6,0.0
2021-10-03,0,91,0,13,0.0
2021-10-04,0,165,0,18,0.0
2021-10-05,0,198,0,22,0.0
2021-10-06,0,237,0,13,0.0
2021-10-07,0,281,0,18,0.0
2021-10-08,0,198,0,20,0.0
2021-10-09,0,83,0,8,0.0
2021-10-10,0,111,0,8,0.0
2021-10-11,0,162,0,11,0.0
2021-10-12,0,249,0,16,0.0
2021-10-13,0,213,0,14,0.0
2021-10-14,0,273,0,15,0.0
2021-10-15,0,170,0,11,0.0
2021-10-16,0,73,0,11,0.0
2021-10-17,0,73,0,6,0.0
2021-10-18,0,101,0,12,0.0
2021-10-19,0,143,0,20,0.0
2021-10-20,0,201,0,16,0.0
2021-10-21,0,260,0,17,0.0
2021-10-22,0,190,0,21,0.0
2021-10-23,0,67,0,11,0.0
2021-10-24,0,67,0,6,0.0
2021-10-25,0,173,0,20,0.0
2021-10-26,0,170,0,15,0.0
2021-10-27,0,179,0,10,0.0
2021-10-28,0,235,0,19,0.0
2021-10-29,0,201,0,20,0.0
2021-10-30,0,65,0,6,0.0
2021-10-31,0,69,0,12,0.0
2021-11-01,0,183,0,16,0.0
2021-11-02,0,169,0,15,0.0
2021-11-03,0,217,0,15,0.0
2021-11-04,0,227,0,10,0.0
2021-11-05,0,175,0,24,0.0
2021-11-06,0,80,0,7,0.0
2021-11-07,0,71,0,8,0.0
2021-11-08,0,146,0,21,0.0
2021-11-09,0,173,0,13,0.0
2021-11-10,0,227,0,19,0.0
2021-11-11,0,141,0,12,0.0
2021-11-12,0,150,0,18,0.0
2021-11-13,0,48,0,8,0.0
2021-11-14,0,61,0,1,0.0
2021-11-15,0,153,0,10,0.0
2021-11-16,0,175,0,17,0.0
2021-11-17,0,149,0,9,0.0
2021-11-18,0,215,0,11,0.0
2021-11-19,0,63,0,5,0.0
2021-11-20,0,56,0,5,0.0
2021-11-21,0,38,0,8,0.0
2021-11-22,0,75,0,18,0.0
2021-11-23,0,120,0,12,0.0
2021-11-24,0,145,0,16,0.0
2021-11-25,0,74,0,5,0.0
2021-11-26,0,93,0,10,0.0
2021-11-27,0,50,0,8,0.0
2021-11-28,0,55,0,9,0.0
2021-11-29,0,130,0,10,0.0
2021-11-30,0,152,0,12,0.0
2021-12-01,0,214,0,16,0.0
2021-12-02,0,140,0,17,0.0
2021-12-03,0,156,0,11,0.0
2021-12-04,0,76,0,9,0.0
2021-12-05,0,51,0,6,0.0
2021-12-06,0,155,0,9,0.0
2021-12-07,0,151,0,8,0.0
2021-12-08,0,133,0,15,0.0
2021-12-09,0,153,0,13,0.0
2021-12-10,0,147,0,13,0.0
2021-12-11,0,84,0,10,0.0
2021-12-12,0,66,0,7,0.0
2021-12-13,0,161,0,15,0.0
2021-12-14,0,163,0,15,0.0
2021-12-15,0,181,0,14,0.0
2021-12-16,0,171,0,15,0.0
2021-12-17,0,160,0,18,0.0
2021-12-18,0,134,0,8,0.0
2021-12-19,0,74,0,9,0.0
2021-12-20,0,133,0,11,0.0
2021-12-21,0,174,0,12,0.0
2021-12-22,0,162,0,14,0.0
2021-12-23,0,190,0,14,0.0
2021-12-24,0,95,0,9,0.0
2021-12-25,0,38,0,2,0.0
2021-12-26,0,71,0,6,0.0
2021-12-27,0,121,0,9,0.0
2021-12-28,0,155,0,17,0.0
2021-12-29,0,138,0,17,0.0
2021-12-30,0,192,0,21,0.0
2021-12-31,0,113,0,10,0.0
2022-01-01,0,85,0,9,0.0
2022-01-02,0,101,0,14,0.0
2022-01-03,0,181,0,23,0.0
2022-01-04,0,187,0,22,0.0
2022-01-05,0,185,0,29,0.0
2022-01-06,0,219,0,17,0.0
2022-01-07,0,147,0,18,0.0
2022-01-08,0,52,0,11,0.0
2022-01-09,0,77,0,9,0.0
2022-01-10,0,135,0,15,0.0
2022-01-11,0,159,0,19,0.0
2022-01-12,0,167,0,11,0.0
2022-01-13,0,225,0,14,0.0
2022-01-14,0,131,0,8,0.0
2022-01-15,0,85,0,6,0.0
2022-01-16,0,54,0,2,0.0
2022-01-17,0,88,0,6,0.0
2022-01-18,0,103,0,4,0.0
2022-01-19,0,148,0,3,0.0
2022-01-20,0,232,0,9,0.0
2022-01-21,0,183,0,11,0.0
2022-01-22,0,100,0,10,0.0
2022-01-23,0,76,0,7,0.0
2022-01-24,0,128,0,8,0.0
2022-01-25,0,106,0,20,0.0
2022-01-26,0,122,0,9,0.0
2022-01-27,0,136,0,11,0.0
2022-01-28,0,95,0,14,0.0
2022-01-29,0,69,0,10,0.0
2022-01-30,0,38,0,6,0.0
2022-01-31,0,67,0,8,0.0
2022-02-01,0,109,0,12,0.0
2022-02-02,0,156,0,11,0.0
2022-02-03,0,91,0,17,0.0
2022-02-04,0,130,0,14,0.0
2022-02-05,0,80,0,9,0.0
2022-02-06,0,39,0,6,0.0
2022-02-07,0,85,0,12,0.0
2022-02-08,0,95,0,15,0.0
2022-02-09,0,137,0,14,0.0
2022-02-10,0,95,0,17,0.0
2022-02-11,0,69,0,11,0.0
2022-02-12,0,48,0,11,0.0
2022-02-13,0,23,0,8,0.0
2022-02-14,0,79,0,9,0.0
2022-02-15,0,107,0,11,0.0
2022-02-16,0,122,0,14,0.0
2022-02-17,0,135,0,15,0.0
2022-02-18,0,151,0,9,0.0
2022-02-19,0,59,0,8,0.0
2022-02-20,0,37,0,8,0.0
2022-02-21,0,73,0,9,0.0
2022-02-22,0,103,0,9,0.0
2022-02-23,0,122,0,18,0.0
2022-02-24,0,106,0,14,0.0
2022-02-25,0,98,0,7,0.0
2022-02-26,0,55,0,8,0.0
2022-02-27,0,12,0,2,0.0
2022-02-28,0,53,0,9,0.0
2022-03-01,0,80,0,10,0.0
2022-03-02,0,89,0,14,0.0
2022-03-03,0,94,0,12,0.0
2022-03-04,0,96,0,10,0.0
2022-03-05,0,46,0,10,0.0
2022-03-06,0,26,0,8,0.0
2022-03-07,0,58,0,5,0.0
2022-03-08,0,89,0,10,0.0
2022-03-09,0,78,0,14,0.0
2022-03-10,0,94,0,10,0.0
2022-03-11,0,74,0,8,0.0
2022-03-12,0,65,0,12,0.0
2022-03-13,0,29,0,8,0.0
2022-03-14,0,76,0,10,0.0
2022-03-15,0,75,0,17,0.0
2022-03-16,0,69,0,8,0.0
2022-03-17,0,79,0,11,0.0
2022-03-18,0,110,0,14,0.0
2022-03-19,0,66,0,8,0.0
2022-03-20,0,18,0,4,0.0
2022-03-21,0,59,0,6,0.0
2022-03-22,0,79,0,12,0.0
2022-03-23,0,79,0,13,0.0
2022-03-24,0,68,0,12,0.0
2022-03-25,0,80,0,13,0.0
2022-03-26,0,48,0,9,0.0
2022-03-27,0,16,0,5,0.0
2022-03-28,0,56,0,7,0.0
2022-03-29,0,77,0,8,0.0
2022-03-30,0,91,0,20,0.0
2022-03-31,0,92,0,13,0.0
2022-04-01,0,93,0,13,0.0
2022-04-02,0,24,0,9,0.0
2022-04-03,0,37,0,8,0.0
2022-04-04,0,47,0,12,0.0
2022-04-05,0,73,0,18,0.0
2022-04-06,0,69,0,11,0.0
2022-04-07,0,91,0,12,0.0
2022-04-08,0,70,0,13,0.0
2022-04-09,0,41,0,7,0.0
2022-04-10,0,16,0,4,0.0
2022-04-11,0,56,0,10,0.0
2022-04-12,0,76,0,7,0.0
2022-04-13,0,89,0,12,0.0
2022-04-14,0,110,0,7,0.0
2022-04-15,0,50,0,3,0.0
2022-04-16,0,43,0,10,0.0
2022-04-17,0,39,0,4,0.0
2022-04-18,0,60,0,10,0.0
2022-04-19,0,79,0,9,0.0
2022-04-20,0,79,0,8,0.0
2022-04-21,0,94,0,17,0.0
2022-04-22,0,88,0,15,0.0
2022-04-23,0,34,0,9,0.0
2022-04-24,0,19,0,7,0.0
2022-04-25,0,52,0,6,0.0
2022-04-26,0,51,0,5,0.0
2022-04-27,0,76,0,5,0.0
2022-04-28,0,17,0,3,0.0
2022-04-29,0,11,0,0,
2022-04-30,0,6,0,0,
2022-05-01,0,30,0,5,0.0
2022-05-02,0,7,0,1,0.0
2022-05-03,0,47,0,8,0.0
2022-05-04,0,118,0,5,0.0
2022-05-05,0,142,0,19,0.0
2022-05-06,0,83,0,8,0.0
2022-05-07,0,32,0,10,0.0
2022-05-08,0,42,0,8,0.0
2022-05-09,0,86,0,16,0.0
2022-05-10,0,104,0,15,0.0
2022-05-11,0,141,0,21,0.0
2022-05-12,0,147,0,13,0.0
2022-05-13,0,84,0,12,0.0
2022-05-14,0,28,0,9,0.0
2022-05-15,0,35,0,10,0.0
2022-05-16,0,68,0,14,0.0
2022-05-17,0,91,0,17,0.0
2022-05-18,0,127,0,14,0.0
2022-05-19,0,150,0,22,0.0
2022-05-20,0,66,0,16,0.0
2022-05-21,0,28,0,7,0.0
2022-05-22,0,29,0,5,0.0
2022-05-23,0,73,0,8,0.0
2022-05-24,0,90,0,11,0.0
2022-05-25,0,134,0,15,0.0
2022-05-26,0,155,0,18,0.0
2022-05-27,0,85,0,17,0.0
2022-05-28,0,29,0,12,0.0
2022-05-29,0,38,0,10,0.0
2022-05-30,0,21,0,3,0.0
2022-05-31,0,82,0,12,0.0
2022-06-01,0,161,0,22,0.0
2022-06-02,0,126,0,20,0.0
2022-06-03,0,100,0,6,0.0
2022-06-04,0,57,0,9,0.0
2022-06-05,0,45,0,11,0.0
2022-06-06,0,72,0,11,0.0
2022-06-07,0,107,0,17,0.0
2022-06-08,0,123,0,12,0.0
2022-06-09,0,138,0,17,0.0
2022-06-10,0,82,0,12,0.0
2022-06-11,0,38,0,9,0.0
2022-06-12,0,32,0,10,0.0
2022-06-13,0,66,0,17,0.0
2022-06-14,0,85,0,11,0.0
2022-06-15,0,119,0,14,0.0
2022-06-16,0,165,0,19,0.0
2022-06-17,0,88,0,17,0.0
2022-06-18,0,26,0,8,0.0
2022-06-19,0,30,0,6,0.0
2022-06-20,0,50,0,9,0.0
2022-06-21,0,107,0,16,0.0
2022-06-22,0,145,0,13,0.0
2022-06-23,0,157,0,21,0.0
2022-06-24,0,71,0,5,0.0
2022-06-25,0,33,0,7,0.0
2022-06-26,0,66,0,9,0.0
2022-06-27,0,92,0,11,0.0
2022-06-28,0,117,0,19,0.0
2022-06-29,0,157,0,14,0.0
2022-06-30,0,133,0,16,0.0
2022-07-01,0,104,0,18,0.0
2022-07-02,0,42,0,9,0.0
2022-07-03,0,36,0,6,0.0
2022-07-04,0,37,0,2,0.0
2022-07-05,0,95,0,19,0.0
2022-07-06,0,146,0,15,0.0
2022-07-07,0,162,0,14,0.0
2022-07-08,0,98,0,23,0.0
2022-07-09,0,32,0,4,0.0
2022-07-10,0,36,0,8,0.0
2022-07-11,0,73,0,12,0.0
2022-07-12,0,80,0,13,0.0
2022-07-13,0,136,0,14,0.0
2022-07-14,0,119,0,18,0.0
2022-07-15,0,86,0,17,0.0
2022-07-16,0,27,0,10,0.0
2022-07-17,0,33,0,5,0.0
2022-07-18,0,74,0,22,0.0
2022-07-19,0,111,0,14,0.0
2022-07-20,0,117,0,11,0.0
2022-07-21,0,132,0,23,0.0
2022-07-22,0,74,0,7,0.0
2022-07-23,0,27,0,7,0.0
2022-07-24,0,38,0,10,0.0
2022-07-25,0,63,0,11,0.0
2022-07-26,0,79,0,15,0.0
2022-07-27,0,134,0,14,0.0
2022-07-28,0,110,0,15,0.0
2022-07-29,0,79,0,15,0.0
2022-07-30,0,18,0,8,0.0
2022-07-31,0,35,0,4,0.0
2022-08-01,0,89,0,12,0.0
2022-08-02,0,117,0,9,0.0
2022-08-03,0,114,0,10,0.0
2022-08-04,0,145,0,17,0.0
2022-08-05,0,83,0,6,0.0
2022-08-06,0,23,0,8,0.0
2022-08-07,0,37,0,11,0.0
2022-08-08,0,65,0,16,0.0
2022-08-09,0,89,0,9,0.0
2022-08-10,0,153,0,16,0.0
2022-08-11,0,132,0,20,0.0
2022-08-12,0,96,0,8,0.0
2022-08-13,0,18,0,6,0.0
2022-08-14,0,26,0,6,0.0
2022-08-15,0,70,0,11,0.0
2022-08-16,0,107,0,24,0.0
2022-08-17,0,127,0,12,0.0
2022-08-18,0,144,0,18,0.0
2022-08-19,0,75,0,11,0.0
2022-08-20,0,19,0,6,0.0
2022-08-21,0,24,0,5,0.0
2022-08-22,0,64,0,15,0.0
2022-08-23,0,97,0,15,0.0
2022-08-24,0,114,0,11,0.0
2022-08-25,0,144,0,14,0.0
2022-08-26,0,87,0,10,0.0
2022-08-27,0,25,0,5,0.0
2022-08-28,1,25,0.04,10,0.1
2022-08-29,0,72,0,14,0.0
2022-08-30,0,80,0,12,0.0
2022-08-31,0,131,0,13,0.0
2022-09-01,0,163,0,17,0.0
2022-09-02,0,88,0,11,0.0
2022-09-03,0,59,0,10,0.0
2022-09-04,0,52,0,8,0.0
2022-09-05,0,23,0,3,0.0
2022-09-06,0,83,0,10,0.0
2022-09-07,0,130,0,15,0.0
2022-09-08,0,137,0,15,0.0
2022-09-09,0,101,0,11,0.0
2022-09-10,0,19,0,5,0.0
2022-09-11,0,59,0,7,0.0
2022-09-12,0,75,0,7,0.0
2022-09-13,0,105,0,11,0.0
2022-09-14,0,146,0,12,0.0
2022-09-15,0,126,0,15,0.0
2022-09-16,0,89,0,9,0.0
2022-09-17,0,25,0,7,0.0
2022-09-18,0,40,0,4,0.0
2022-09-19,0,76,0,12,0.0
2022-09-20,0,82,0,11,0.0
2022-09-21,0,144,0,12,0.0
2022-09-22,0,135,0,18,0.0
2022-09-23,0,83,0,3,0.0
2022-09-24,0,22,0,5,0.0
2022-09-25,0,35,0,7,0.0
2022-09-26,0,103,0,14,0.0
2022-09-27,0,88,0,16,0.0
2022-09-28,0,121,0,12,0.0
2022-09-29,0,141,0,12,0.0
2022-09-30,0,65,0,14,0.0
2022-10-01,0,51,0,12,0.0
2022-10-02,0,39,0,11,0.0
2022-10-03,0,56,0,5,0.0
2022-10-04,0,95,0,12,0.0
2022-10-05,0,144,0,11,0.0
2022-10-06,0,169,0,18,0.0
2022-10-07,0,71,0,9,0.0
2022-10-08,0,22,0,9,0.0
2022-10-09,0,48,0,12,0.0
2022-10-10,0,67,0,7,0.0
2022-10-11,0,86,0,9,0.0
2022-10-12,0,116,0,12,0.0
2022-10-13,0,132,0,20,0.0
2022-10-14,0,92,0,11,0.0
2022-10-15,0,21,0,5,0.0
2022-10-16,0,44,0,12,0.0
2022-10-17,0,63,0,10,0.0
2022-10-18,0,76,0,5,0.0
2022-10-19,0,111,0,9,0.0
2022-10-20,0,156,0,18,0.0
2022-10-21,0,74,0,14,0.0
2022-10-22,0,27,0,9,0.0
2022-10-23,0,24,0,6,0.0
2022-10-24,0,73,0,11,0.0
2022-10-25,0,71,0,13,0.0
2022-10-26,0,113,0,10,0.0
2022-10-27,0,130,0,11,0.0
2022-10-28,0,79,0,11,0.0
2022-10-29,0,13,0,4,0.0
2022-10-30,0,21,0,4,0.0
2022-10-31,0,74,0,16,0.0
2022-11-01,0,115,0,10,0.0
2022-11-02,0,139,0,17,0.0
2022-11-03,0,118,0,17,0.0
2022-11-04,0,70,0,9,0.0
2022-11-05,0,30,0,9,0.0
2022-11-06,0,26,0,7,0.0
2022-11-07,0,80,0,16,0.0
2022-11-08,0,91,0,14,0.0
2022-11-09,0,109,0,12,0.0
2022-11-10,0,124,0,14,0.0
2022-11-11,0,66,0,15,0.0
2022-11-12,0,26,0,8,0.0
2022-11-13,0,24,0,5,0.0
2022-11-14,0,65,0,6,0.0
2022-11-15,0,83,0,12,0.0
2022-11-16,0,110,0,13,0.0
2022-11-17,0,132,0,18,0.0
2022-11-18,0,70,0,5,0.0
2022-11-19,0,22,0,8,0.0
2022-11-20,0,23,0,5,0.0
2022-11-21,0,62,0,4,0.0
2022-11-22,0,73,0,11,0.0
2022-11-23,0,128,0,8,0.0
2022-11-24,0,48,0,9,0.0
2022-11-25,0,66,0,9,0.0
2022-11-26,0,24,0,6,0.0
2022-11-27,0,21,0,5,0.0
2022-11-28,0,100,0,10,0.0
2022-11-29,0,110,0,11,0.0
2022-11-30,0,139,0,14,0.0
2022-12-01,0,218,0,23,0.0
2022-12-02,0,86,0,10,0.0
2022-12-03,0,53,0,7,0.0
2022-12-04,0,37,0,5,0.0
2022-12-05,0,92,0,12,0.0
2022-12-06,0,142,0,14,0.0
2022-12-07,0,115,0,10,0.0
2022-12-08,0,144,0,10,0.0
2022-12-09,0,82,0,14,0.0
2022-12-10,0,16,0,4,0.0
2022-12-11,0,26,0,6,0.0
2022-12-12,0,70,0,5,0.0
2022-12-13,0,76,0,10,0.0
2022-12-14,0,105,0,12,0.0
2022-12-15,0,145,0,20,0.0
2022-12-16,0,88,0,11,0.0
2022-12-17,0,19,0,6,0.0
2022-12-18,0,17,0,6,0.0
2022-12-19,0,67,0,4,0.0
2022-12-20,0,86,0,9,0.0
2022-12-21,0,149,0,12,0.0
2022-12-22,0,116,0,9,0.0
2022-12-23,0,60,0,7,0.0
2022-12-24,0,15,0,6,0.0
2022-12-25,0,25,0,8,0.0
2022-12-26,0,31,0,1,0.0
2022-12-27,0,84,0,12,0.0
2022-12-28,0,73,0,15,0.0
2022-12-29,0,70,0,12,0.0
2022-12-30,0,58,0,10,0.0
2022-12-31,0,12,0,3,0.0
2023-01-01,0,44,0,8,0.0
2023-01-02,0,35,0,3,0.0
2023-01-03,0,70,0,11,0.0
2023-01-04,0,130,0,17,0.0
2023-01-05,0,128,0,14,0.0
2023-01-06,0,77,0,10,0.0
2023-01-07,0,18,0,4,0.0
2023-01-08,0,19,0,3,0.0
2023-01-09,0,91,0,7,0.0
2023-01-10,0,105,0,18,0.0
2023-01-11,0,145,0,13,0.0
2023-01-12,0,204,0,9,0.0
2023-01-13,0,103,0,15,0.0
2023-01-14,0,22,0,5,0.0
2023-01-15,0,26,0,5,0.0
2023-01-16,0,46,0,6,0.0
2023-01-17,0,103,0,13,0.0
2023-01-18,0,109,0,12,0.0
2023-01-19,0,138,0,13,0.0
2023-01-20,0,103,0,16,0.0
2023-01-21,0,20,0,6,0.0
2023-01-22,0,25,0,5,0.0
2023-01-23,0,88,0,10,0.0
2023-01-24,0,109,0,14,0.0
2023-01-25,0,107,0,14,0.0
2023-01-26,0,134,0,14,0.0
2023-01-27,0,99,0,13,0.0
2023-01-28,0,17,0,8,0.0
2023-01-29,0,21,0,6,0.0
2023-01-30,0,80,0,9,0.0
2023-01-31,0,98,0,11,0.0
2023-02-01,0,158,0,15,0.0
2023-02-02,0,146,0,17,0.0
2023-02-03,0,89,0,16,0.0
2023-02-04,0,17,0,6,0.0
2023-02-05,0,27,0,7,0.0
2023-02-06,0,109,0,14,0.0
2023-02-07,0,89,0,7,0.0
2023-02-08,0,141,0,13,0.0
2023-02-09,0,132,0,23,0.0
2023-02-10,0,99,0,12,0.0
2023-02-11,0,34,0,4,0.0
2023-02-12,0,90,0,6,0.0
2023-02-13,0,79,0,12,0.0
2023-02-14,0,86,0,15,0.0
2023-02-15,0,146,0,19,0.0
2023-02-16,0,130,0,14,0.0
2023-02-17,0,100,0,13,0.0
2023-02-18,0,24,0,9,0.0
2023-02-19,0,28,0,7,0.0
2023-02-20,0,61,0,7,0.0
2023-02-21,0,86,0,13,0.0
2023-02-22,0,121,0,22,0.0
2023-02-23,0,1698,0,19,0.0
2023-02-24,0,129,0,19,0.0
2023-02-25,1,21,0.047619047619047616,7,0.14285714285714285
2023-02-26,0,28,0,6,0.0
2023-02-27,0,4481,0,18,0.0
2023-02-28,0,98,0,14,0.0
2023-03-01,0,146,0,24,0.0
2023-03-02,0,138,0,17,0.0
2023-03-03,0,94,0,15,0.0
2023-03-04,0,36,0,8,0.0
2023-03-05,0,42,0,14,0.0
2023-03-06,0,7213,0,10,0.0
2023-03-07,0,95,0,8,0.0
2023-03-08,0,143,0,16,0.0
2023-03-09,0,130,0,8,0.0
2023-03-10,0,134,0,20,0.0
2023-03-11,0,79,0,8,0.0
2023-03-12,0,74,0,8,0.0
2023-03-13,0,102,0,5,0.0
2023-03-14,0,93,0,7,0.0
2023-03-15,0,119,0,12,0.0
2023-03-16,0,121,0,8,0.0
2023-03-17,0,1432,0,13,0.0
2023-03-18,0,26,0,6,0.0
2023-03-19,0,35,0,4,0.0
2023-03-20,0,910,0,7,0.0
2023-03-21,0,3043,0,15,0.0
2023-03-22,0,142,0,9,0.0
2023-03-23,0,134,0,12,0.0
2023-03-24,0,124,0,14,0.0
2023-03-25,0,20,0,3,0.0
2023-03-26,0,29,0,9,0.0
2023-03-27,0,300,0,7,0.0
2023-03-28,0,984,0,7,0.0
2023-03-29,0,472,0,15,0.0
2023-03-30,0,136,0,17,0.0
2023-03-31,0,1926,0,14,0.0
2023-04-01,0,39,0,11,0.0
2023-04-02,0,28,0,5,0.0
2023-04-03,0,3838,0,14,0.0
2023-04-04,0,87,0,12,0.0
2023-04-05,0,133,0,11,0.0
2023-04-06,0,131,0,10,0.0
2023-04-07,0,99,0,10,0.0
2023-04-08,0,10,0,5,0.0
2023-04-09,0,24,0,5,0.0
2023-04-10,0,1360,0,12,0.0
2023-04-11,0,6527,0,18,0.0
2023-04-12,0,169,0,6,0.0
2023-04-13,0,140,0,11,0.0
2023-04-14,0,118,0,15,0.0
2023-04-15,0,27,0,10,0.0
2023-04-16,0,31,0,8,0.0
2023-04-17,0,214,0,15,0.0
2023-04-18,0,82,0,13,0.0
2023-04-19,0,162,0,18,0.0
2023-04-20,0,5048,0,26,0.0
2023-04-21,0,80,0,15,0.0
2023-04-22,0,20,0,7,0.0
2023-04-23,0,24,0,4,0.0
2023-04-24,0,74,0,13,0.0
2023-04-25,0,87,0,13,0.0
2023-04-26,0,860,0,13,0.0
2023-04-27,0,458,0,15,0.0
2023-04-28,0,121,0,20,0.0
2023-04-29,0,14,0,7,0.0
2023-04-30,0,32,0,3,0.0
2023-05-01,0,2700,0,13,0.0
2023-05-02,0,100,0,21,0.0
2023-05-03,0,140,0,10,0.0
2023-05-04,0,132,0,14,0.0
2023-05-05,0,103,0,14,0.0
2023-05-06,0,17,0,5,0.0
2023-05-07,0,32,0,5,0.0
2023-05-08,0,1289,0,10,0.0
2023-05-09,0,739,0,22,0.0
2023-05-10,0,4429,0,21,0.0
2023-05-11,0,155,0,17,0.0
2023-05-12,0,4231,0,18,0.0
2023-05-13,0,23,0,6,0.0
2023-05-14,0,30,0,6,0.0
2023-05-15,0,71,0,16,0.0
2023-05-16,0,83,0,12,0.0
2023-05-17,0,144,0,18,0.0
2023-05-18,0,145,0,10,0.0
2023-05-19,0,123,0,14,0.0
2023-05-20,0,33,0,10,0.0
2023-05-21,0,30,0,6,0.0
2023-05-22,0,2314,0,12,0.0
2023-05-23,0,83,0,5,0.0
2023-05-24,0,144,0,16,0.0
2023-05-25,0,131,0,9,0.0
2023-05-26,0,5180,0,12,0.0
2023-05-27,0,41,0,10,0.0
2023-05-28,0,23,0,5,0.0
2023-05-29,0,29,0,0,
2023-05-30,0,76,0,4,0.0
2023-05-31,0,126,0,7,0.0
2023-06-01,0,154,0,17,0.0
2023-06-02,0,104,0,10,0.0
2023-06-03,0,21,0,6,0.0
2023-06-04,0,43,0,6,0.0
2023-06-05,0,4656,0,13,0.0
2023-06-06,0,82,0,12,0.0
2023-06-07,0,122,0,13,0.0
2023-06-08,0,132,0,15,0.0
2023-06-09,0,118,0,17,0.0
2023-06-10,0,19,0,6,0.0
2023-06-11,0,92,0,6,0.0
2023-06-12,0,2119,0,23,0.0
2023-06-13,0,6341,0,23,0.0
2023-06-14,0,114,0,13,0.0
2023-06-15,0,119,0,14,0.0
2023-06-16,0,114,0,14,0.0
2023-06-17,0,19,0,5,0.0
2023-06-18,0,30,0,5,0.0
2023-06-19,0,51,0,6,0.0
2023-06-20,0,571,0,13,0.0
2023-06-21,0,129,0,9,0.0
2023-06-22,0,127,0,11,0.0
2023-06-23,0,104,0,13,0.0
2023-06-24,0,13,0,4,0.0
2023-06-25,0,29,0,4,0.0
2023-06-26,0,4913,0,13,0.0
2023-06-27,0,78,0,14,0.0
2023-06-28,1,139,0.007194244604316547,21,0.047619047619047616
2023-06-29,1,164,0.006097560975609756,15,0.06666666666666667
2023-06-30,0,85,0,13,0.0
2023-07-01,0,45,0,9,0.0
2023-07-02,0,28,0,6,0.0
2023-07-03,0,57,0,11,0.0
2023-07-04,0,38,0,6,0.0
2023-07-05,0,10181,0,14,0.0
2023-07-06,0,111,0,14,0.0
2023-07-07,0,80,0,7,0.0
2023-07-08,0,40,0,13,0.0
2023-07-09,0,28,0,5,0.0
2023-07-10,0,94,0,10,0.0
2023-07-11,0,176,0,10,0.0
2023-07-12,0,112,0,14,0.0
2023-07-13,0,108,0,10,0.0
2023-07-14,0,95,0,10,0.0
2023-07-15,0,33,0,5,0.0
2023-07-16,0,51,0,6,0.0
2023-07-17,0,74,0,10,0.0
2023-07-18,1,6254,0.0001598976654940838,11,0.09090909090909091
2023-07-19,0,109,0,10,0.0
2023-07-20,0,104,0,9,0.0
2023-07-21,0,98,0,16,0.0
2023-07-22,0,21,0,10,0.0
2023-07-23,0,26,0,3,0.0
2023-07-24,0,62,0,11,0.0
2023-07-25,0,112,0,15,0.0
2023-07-26,0,138,0,21,0.0
2023-07-27,0,125,0,15,0.0
2023-07-28,0,90,0,17,0.0
2023-07-29,0,32,0,8,0.0
2023-07-30,0,29,0,6,0.0
2023-07-31,0,6925,0,16,0.0
2023-08-01,0,124,0,17,0.0
2023-08-02,0,130,0,20,0.0
2023-08-03,0,134,0,14,0.0
2023-08-04,0,88,0,14,0.0
2023-08-05,0,36,0,9,0.0
2023-08-06,0,28,0,5,0.0
2023-08-07,0,83,0,12,0.0
2023-08-08,0,90,0,13,0.0
2023-08-09,0,1717,0,19,0.0
2023-08-10,0,109,0,14,0.0
2023-08-11,0,192,0,7,0.0
2023-08-12,0,15,0,5,0.0
2023-08-13,0,31,0,7,0.0
2023-08-14,0,5711,0,10,0.0
2023-08-15,0,117,0,13,0.0
2023-08-16,0,117,0,18,0.0
2023-08-17,0,139,0,15,0.0
2023-08-18,0,97,0,18,0.0
2023-08-19,0,24,0,6,0.0
2023-08-20,0,32,0,6,0.0
2023-08-21,0,75,0,13,0.0
2023-08-22,0,94,0,10,0.0
2023-08-23,0,120,0,16,0.0
2023-08-24,0,136,0,11,0.0
2023-08-25,0,1400,0,14,0.0
2023-08-26,0,22,0,8,0.0
2023-08-27,0,26,0,4,0.0
2023-08-28,0,2612,0,30,0.0
2023-08-29,0,107,0,12,0.0
2023-08-30,0,117,0,14,0.0
2023-08-31,0,1943,0,17,0.0
2023-09-01,0,116,0,12,0.0
2023-09-02,0,7,0,0,
2023-09-03,0,27,0,7,0.0
2023-09-04,0,23,0,0,
2023-09-05,0,89,0,14,0.0
2023-09-06,1,3702,0.0002701242571582928,28,0.03571428571428571
2023-09-07,0,147,0,18,0.0
2023-09-08,0,95,0,13,0.0
2023-09-09,0,11,0,1,0.0
2023-09-10,0,38,0,9,0.0
2023-09-11,0,1094,0,9,0.0
2023-09-12,0,105,0,12,0.0
2023-09-13,0,4016,0,17,0.0
2023-09-14,1,157,0.006369426751592357,13,0.07692307692307693
2023-09-15,0,95,0,17,0.0
2023-09-16,0,14,0,3,0.0
2023-09-17,0,31,0,12,0.0
2023-09-18,0,367,0,12,0.0
2023-09-19,0,98,0,13,0.0
2023-09-20,0,3252,0,20,0.0
2023-09-21,0,144,0,13,0.0
2023-09-22,0,119,0,9,0.0
2023-09-23,0,5,0,0,
2023-09-24,0,38,0,12,0.0
2023-09-25,0,3251,0,12,0.0
2023-09-26,0,85,0,16,0.0
2023-09-27,0,137,0,10,0.0
2023-09-28,0,163,0,9,0.0
2023-09-29,0,105,0,8,0.0
2023-09-30,0,16,0,1,0.0
2023-10-01,0,57,0,11,0.0
2023-10-02,0,1126,0,2,0.0
2023-10-03,0,105,0,20,0.0
2023-10-04,0,111,0,8,0.0
2023-10-05,0,1782,0,7,0.0
2023-10-06,0,88,0,11,0.0
2023-10-07,0,20,0,1,0.0
2023-10-08,0,35,0,5,0.0
2023-10-09,0,69,0,7,0.0
2023-10-10,0,3405,0,8,0.0
2023-10-11,0,201,0,11,0.0
2023-10-12,0,122,0,11,0.0
2023-10-13,0,96,0,12,0.0
2023-10-14,0,15,0,3,0.0
2023-10-15,0,31,0,2,0.0
2023-10-16,0,3366,0,14,0.0
2023-10-17,0,103,0,12,0.0
2023-10-18,0,121,0,12,0.0
2023-10-19,0,131,0,8,0.0
2023-10-20,0,95,0,10,0.0
2023-10-21,0,11,0,2,0.0
2023-10-22,0,23,0,5,0.0
2023-10-23,0,4950,0,12,0.0
2023-10-24,0,92,0,1,0.0
2023-10-25,0,89,0,15,0.0
2023-10-26,0,144,0,10,0.0
2023-10-27,0,77,0,8,0.0
2023-10-28,0,35,0,7,0.0
2023-10-29,0,23,0,3,0.0
2023-10-30,0,76,0,9,0.0
2023-10-31,0,698,0,13,0.0
2023-11-01,0,59,0,8,0.0
2023-11-02,0,1208,0,19,0.0
2023-11-03,0,74,0,13,0.0
2023-11-04,0,1349,0,2,0.0
2023-11-05,0,31,0,12,0.0
2023-11-06,0,60,0,12,0.0
2023-11-07,0,2695,0,20,0.0
2023-11-08,0,98,0,11,0.0
2023-11-09,0,138,0,15,0.0
2023-11-10,0,88,0,10,0.0
2023-11-11,0,133,0,1,0.0
2023-11-12,0,29,0,8,0.0
2023-11-13,0,126,0,5,0.0
2023-11-14,0,1739,0,3,0.0
2023-11-15,0,251,0,5,0.0
2023-11-16,0,262,0,10,0.0
2023-11-17,0,1681,0,8,0.0
2023-11-18,0,68,0,4,0.0
2023-11-19,0,41,0,6,0.0
2023-11-20,0,932,0,4,0.0
2023-11-21,0,5188,0,15,0.0
2023-11-22,0,238,0,9,0.0
2023-11-23,0,109,0,7,0.0
2023-11-24,0,66,0,3,0.0
2023-11-25,0,48,0,0,
2023-11-26,0,62,0,4,0.0
2023-11-27,0,122,0,2,0.0
2023-11-28,0,171,0,10,0.0
2023-11-29,0,201,0,6,0.0
2023-11-30,0,168,0,11,0.0
2023-12-01,0,99,0,18,0.0
2023-12-02,0,4,0,1,0.0
2023-12-03,0,35,0,9,0.0
2023-12-04,0,1210,0,6,0.0
2023-12-05,0,63,0,7,0.0
2023-12-06,0,2430,0,8,0.0
2023-12-07,0,102,0,7,0.0
2023-12-08,0,1265,0,9,0.0
2023-12-09,0,15,0,2,0.0
2023-12-10,0,29,0,8,0.0
2023-12-11,0,790,0,7,0.0
2023-12-12,0,163,0,15,0.0
2023-12-13,0,3567,0,17,0.0
2023-12-14,0,104,0,13,0.0
2023-12-15,0,63,0,11,0.0
2023-12-16,0,8,0,1,0.0
2023-12-17,0,29,0,7,0.0
2023-12-18,0,6365,0,9,0.0
2023-12-19,0,107,0,8,0.0
2023-12-20,0,108,0,6,0.0
2023-12-21,0,112,0,4,0.0
2023-12-22,0,66,0,9,0.0
2023-12-23,0,11,0,0,
2023-12-24,0,24,0,7,0.0
2023-12-25,0,8,0,1,0.0
2023-12-26,0,74,0,7,0.0
2023-12-27,0,71,0,10,0.0
2023-12-28,0,93,0,6,0.0
2023-12-29,0,47,0,11,0.0
2023-12-30,0,10,0,0,
2023-12-31,0,24,0,7,0.0
2024-01-01,0,252,0,8,0.0
2024-01-02,0,907,0,6,0.0
2024-01-03,0,90,0,3,0.0
2024-01-04,0,250,0,4,0.0
2024-01-05,0,99,0,12,0.0
2024-01-06,0,15,0,2,0.0
2024-01-07,0,22,0,2,0.0
2024-01-08,0,3034,0,9,0.0
2024-01-09,0,78,0,8,0.0
2024-01-10,0,110,0,16,0.0
2024-01-11,0,100,0,13,0.0
2024-01-12,0,58,0,1,0.0
2024-01-13,0,9,0,3,0.0
2024-01-14,0,24,0,4,0.0
2024-01-15,0,51,0,10,0.0
2024-01-16,0,478,0,14,0.0
2024-01-17,0,100,0,7,0.0
2024-01-18,1,3054,0.0003274394237066143,35,0.02857142857142857
2024-01-19,0,98,0,10,0.0
2024-01-20,0,9,0,0,
2024-01-21,0,35,0,4,0.0
2024-01-22,0,82,0,13,0.0
2024-01-23,0,2234,0,15,0.0
2024-01-24,0,99,0,8,0.0
2024-01-25,0,90,0,7,0.0
2024-01-26,0,88,0,8,0.0
2024-01-27,0,24,0,2,0.0
2024-01-28,0,30,0,6,0.0
2024-01-29,0,3897,0,7,0.0
2024-01-30,0,72,0,8,0.0
2024-01-31,0,107,0,12,0.0
2024-02-01,0,417,0,16,0.0
2024-02-02,0,96,0,10,0.0
2024-02-03,0,21,0,2,0.0
2024-02-04,0,9,0,1,0.0
2024-02-05,0,1376,0,31,0.0
2024-02-06,0,87,0,5,0.0
2024-02-07,0,2708,0,19,0.0
2024-02-08,0,102,0,8,0.0
2024-02-09,0,69,0,12,0.0
2024-02-10,0,12,0,0,
2024-02-11,0,34,0,10,0.0
2024-02-12,0,3798,0,11,0.0
2024-02-13,0,86,0,11,0.0
2024-02-14,0,109,0,11,0.0
2024-02-15,0,108,0,13,0.0
2024-02-16,0,65,0,9,0.0
2024-02-17,0,24,0,5,0.0
2024-02-18,0,26,0,11,0.0
2024-02-19,0,29,0,2,0.0
2024-02-20,0,2103,0,16,0.0
2024-02-21,0,1291,0,15,0.0
2024-02-22,0,97,0,8,0.0
2024-02-23,0,90,0,14,0.0
2024-02-24,0,12,0,2,0.0
2024-02-25,0,36,0,4,0.0
2024-02-26,0,2331,0,16,0.0
2024-02-27,0,88,0,9,0.0
2024-02-28,0,99,0,6,0.0
2024-02-29,0,2179,0,14,0.0
2024-03-01,0,146,0,23,0.0
2024-03-02,0,22,0,2,0.0
2024-03-03,0,27,0,6,0.0
2024-03-04,0,1033,0,6,0.0
2024-03-05,0,3600,0,12,0.0
2024-03-06,0,85,0,11,0.0
2024-03-07,0,86,0,10,0.0
2024-03-08,0,97,0,4,0.0
2024-03-09,0,7,0,0,
2024-03-10,0,31,0,10,0.0
2024-03-11,0,3041,0,15,0.0
2024-03-12,0,99,0,25,0.0
2024-03-13,0,130,0,17,0.0
2024-03-14,0,116,0,15,0.0
2024-03-15,0,1758,0,7,0.0
2024-03-16,0,8,0,0,
2024-03-17,0,24,0,8,0.0
2024-03-18,0,68,0,4,0.0
2024-03-19,0,1627,0,11,0.0
2024-03-20,0,108,0,14,0.0
2024-03-21,0,2677,0,17,0.0
2024-03-22,0,78,0,11,0.0
2024-03-23,0,9,0,0,
2024-03-24,0,7,0,0,
2024-03-25,0,74,0,6,0.0
2024-03-26,0,4039,0,15,0.0
2024-03-27,0,100,0,13,0.0
2024-03-28,0,92,0,13,0.0
2024-03-29,0,56,0,6,0.0
2024-03-30,0,16,0,2,0.0
2024-03-31,0,40,0,13,0.0
2024-04-01,0,5075,0,19,0.0
2024-04-02,1,91,0.01098901098901099,15,0.06666666666666667
2024-04-03,0,89,0,14,0.0
2024-04-04,0,120,0,12,0.0
2024-04-05,0,75,0,10,0.0
2024-04-06,0,11,0,1,0.0
2024-04-07,0,19,0,6,0.0
2024-04-08,0,73,0,10,0.0
2024-04-09,0,3694,0,18,0.0
2024-04-10,0,88,0,12,0.0
2024-04-11,0,103,0,12,0.0
2024-04-12,0,89,0,16,0.0
2024-04-13,0,15,0,2,0.0
2024-04-14,0,39,0,9,0.0
2024-04-15,0,614,0,8,0.0
2024-04-16,0,3846,0,23,0.0
2024-04-17,0,93,0,17,0.0
2024-04-18,0,79,0,10,0.0
2024-04-19,0,75,0,15,0.0
2024-04-20,0,32,0,1,0.0
2024-04-21,0,26,0,8,0.0
2024-04-22,0,5595,0,12,0.0
2024-04-23,0,96,0,17,0.0
2024-04-24,0,145,0,26,0.0
2024-04-25,0,95,0,7,0.0
2024-04-26,0,92,0,11,0.0
2024-04-27,0,29,0,1,0.0
2024-04-28,0,33,0,8,0.0
2024-04-29,0,3279,0,13,0.0
2024-04-30,0,127,0,14,0.0
2024-05-01,0,3044,0,26,0.0
2024-05-02,0,100,0,14,0.0
2024-05-03,0,83,0,14,0.0
2024-05-04,0,21,0,6,0.0
2024-05-05,0,37,0,12,0.0
2024-05-06,0,91,0,17,0.0
2024-05-07,0,1017,0,23,0.0
2024-05-08,0,4069,0,15,0.0
2024-05-09,0,121,0,18,0.0
2024-05-10,0,91,0,17,0.0
2024-05-11,0,26,0,3,0.0
2024-05-12,0,45,0,12,0.0
2024-05-13,0,5202,0,14,0.0
2024-05-14,0,103,0,9,0.0
2024-05-15,0,175,0,21,0.0
2024-05-16,0,113,0,16,0.0
2024-05-17,0,90,0,15,0.0
2024-05-18,0,20,0,2,0.0
2024-05-19,0,28,0,7,0.0
2024-05-20,0,6359,0,12,0.0
2024-05-21,0,110,0,8,0.0
2024-05-22,0,124,0,18,0.0
2024-05-23,0,112,0,10,0.0
2024-05-24,0,88,0,16,0.0
2024-05-25,0,22,0,3,0.0
2024-05-26,0,29,0,5,0.0
2024-05-27,0,32,0,3,0.0
2024-05-28,0,3679,0,18,0.0
2024-05-29,0,125,0,17,0.0
2024-05-30,0,108,0,16,0.0
2024-05-31,0,81,0,15,0.0
2024-06-01,0,41,0,6,0.0
2024-06-02,0,32,0,9,0.0
2024-06-03,0,2406,0,12,0.0
2024-06-04,0,105,0,13,0.0
2024-06-05,0,823,0,13,0.0
2024-06-06,0,2918,0,10,0.0
2024-06-07,0,81,0,13,0.0
2024-06-08,0,25,0,2,0.0
2024-06-09,0,35,0,8,0.0
2024-06-10,0,1554,0,11,0.0
2024-06-11,0,4131,0,15,0.0
2024-06-12,0,121,0,24,0.0
2024-06-13,0,88,0,16,0.0
2024-06-14,0,101,0,16,0.0
2024-06-15,0,14,0,2,0.0
2024-06-16,0,27,0,13,0.0
2024-06-17,0,4501,0,11,0.0
2024-06-18,0,120,0,15,0.0
2024-06-19,0,89,0,10,0.0
2024-06-20,0,111,0,18,0.0
2024-06-21,0,89,0,12,0.0
2024-06-22,0,29,0,1,0.0
2024-06-23,0,26,0,9,0.0
2024-06-24,0,1046,0,13,0.0
2024-06-25,0,2557,0,10,0.0
2024-06-26,0,146,0,16,0.0
2024-06-27,0,1588,0,18,0.0
2024-06-28,1,110,0.00909090909090909,14,0.07142857142857142
2024-06-29,0,9,0,2,0.0
2024-06-30,0,3524,0,10,0.0
2024-07-01,0,134,0,19,0.0
2024-07-02,0,79,0,8,0.0
2024-07-03,0,106,0,16,0.0
2024-07-04,0,51,0,3,0.0
2024-07-05,0,60,0,11,0.0
2024-07-06,0,14,0,1,0.0
2024-07-07,0,40,0,12,0.0
2024-07-08,0,4094,0,11,0.0
2024-07-09,0,64,0,8,0.0
2024-07-10,0,121,0,15,0.0
2024-07-11,0,124,0,12,0.0
2024-07-12,0,78,0,12,0.0
2024-07-13,0,30,0,4,0.0
2024-07-14,0,46,0,10,0.0
2024-07-15,0,1274,0,5,0.0
2024-07-16,0,1596,0,12,0.0
2024-07-17,0,133,0,15,0.0
2024-07-18,0,2160,0,13,0.0
2024-07-19,0,80,0,17,0.0
2024-07-20,0,38,0,2,0.0
2024-07-21,0,41,0,11,0.0
2024-07-22,0,1279,0,11,0.0
2024-07-23,0,2133,0,16,0.0
2024-07-24,0,116,0,13,0.0
2024-07-25,0,1598,0,6,0.0
2024-07-26,1,80,0.0125,14,0.07142857142857142
2024-07-27,0,15,0,1,0.0
2024-07-28,0,27,0,8,0.0
2024-07-29,0,1485,0,8,0.0
2024-07-30,0,3024,0,10,0.0
2024-07-31,0,128,0,15,0.0
2024-08-01,0,142,0,18,0.0
2024-08-02,0,106,0,14,0.0
2024-08-03,0,19,0,3,0.0
2024-08-04,0,28,0,8,0.0
2024-08-05,0,3494,0,12,0.0
2024-08-06,0,937,0,12,0.0
2024-08-07,0,132,0,12,0.0
2024-08-08,0,113,0,16,0.0
2024-08-09,0,77,0,12,0.0
2024-08-10,0,15,0,1,0.0
2024-08-11,0,23,0,9,0.0
2024-08-12,0,4625,0,33,0.0
2024-08-13,0,89,0,9,0.0
2024-08-14,0,117,0,14,0.0
2024-08-15,0,132,0,9,0.0
2024-08-16,0,96,0,15,0.0
2024-08-17,0,13,0,1,0.0
2024-08-18,0,26,0,7,0.0
2024-08-19,0,1789,0,11,0.0
2024-08-20,0,75,0,17,0.0
2024-08-21,0,2455,0,11,0.0
2024-08-22,0,412,0,11,0.0
2024-08-23,0,96,0,11,0.0
2024-08-24,0,5,0,0,
2024-08-25,0,27,0,7,0.0
2024-08-26,0,4046,0,10,0.0
2024-08-27,0,3235,0,8,0.0
2024-08-28,0,144,0,18,0.0
2024-08-29,0,107,0,13,0.0
2024-08-30,0,71,0,11,0.0
2024-08-31,0,11,0,1,0.0
2024-09-01,0,62,0,17,0.0
2024-09-02,0,24,0,1,0.0
2024-09-03,0,82,0,10,0.0
2024-09-04,0,132,0,15,0.0
2024-09-05,0,109,0,8,0.0
2024-09-06,0,80,0,12,0.0
2024-09-07,0,14,0,0,
2024-09-08,0,23,0,9,0.0
2024-09-09,0,4896,0,14,0.0
2024-09-10,0,89,0,11,0.0
2024-09-11,0,154,0,10,0.0
2024-09-12,0,97,0,8,0.0
2024-09-13,0,98,0,11,0.0
2024-09-14,0,9,0,0,
2024-09-15,0,39,0,16,0.0
2024-09-16,0,515,0,7,0.0
2024-09-17,0,860,0,11,0.0
2024-09-18,0,999,0,38,0.0
2024-09-19,0,1235,0,33,0.0
2024-09-20,0,1602,0,16,0.0
2024-09-21,0,10,0,1,0.0
2024-09-22,0,45,0,8,0.0
2024-09-23,0,737,0,9,0.0
2024-09-24,0,330,0,17,0.0
2024-09-25,0,1060,0,15,0.0
2024-09-26,0,3959,0,21,0.0
2024-09-27,0,90,0,12,0.0
2024-09-28,0,9,0,1,0.0
2024-09-29,0,30,0,7,0.0
2024-09-30,0,92,0,11,0.0
2024-10-01,0,121,0,18,0.0
2024-10-02,0,936,0,12,0.0
2024-10-03,0,2135,0,11,0.0
2024-10-04,0,81,0,11,0.0
2024-10-05,0,14,0,1,0.0
2024-10-06,0,631,0,9,0.0
2024-10-07,0,428,0,5,0.0
2024-10-08,0,2225,0,14,0.0
2024-10-09,0,118,0,13,0.0
2024-10-10,0,4318,0,11,0.0
2024-10-11,0,86,0,7,0.0
2024-10-12,0,19,0,2,0.0
2024-10-13,0,33,0,7,0.0
2024-10-14,0,69,0,8,0.0
2024-10-15,0,79,0,9,0.0
2024-10-16,0,2758,0,24,0.0
2024-10-17,0,121,0,11,0.0
2024-10-18,0,87,0,10,0.0
2024-10-19,0,10,0,1,0.0
2024-10-20,0,41,0,10,0.0
2024-10-21,0,1263,0,13,0.0
2024-10-22,0,80,0,12,0.0
2024-10-23,0,2129,0,19,0.0
2024-10-24,0,110,0,16,0.0
2024-10-25,0,2554,0,13,0.0
2024-10-26,0,5,0,0,
2024-10-27,0,30,0,6,0.0
2024-10-28,0,92,0,10,0.0
2024-10-29,0,75,0,8,0.0
2024-10-30,0,3250,0,15,0.0
2024-10-31,0,106,0,15,0.0
2024-11-01,0,118,0,19,0.0
2024-11-02,0,18,0,2,0.0
2024-11-03,0,34,0,8,0.0
2024-11-04,0,833,0,10,0.0
2024-11-05,0,757,0,18,0.0
2024-11-06,0,1788,0,21,0.0
2024-11-07,0,2123,0,18,0.0
2024-11-08,0,79,0,8,0.0
2024-11-09,0,16,0,2,0.0
2024-11-10,0,34,0,13,0.0
2024-11-11,0,71,0,10,0.0
2024-11-12,0,788,0,10,0.0
2024-11-13,0,3438,0,13,0.0
2024-11-14,0,119,0,13,0.0
2024-11-15,0,87,0,14,0.0
2024-11-16,0,11,0,1,0.0
2024-11-17,0,36,0,9,0.0
2024-11-18,1,1738,0.0005753739930955121,9,0.1111111111111111
2024-11-19,2,90,0.022222222222222223,17,0.11764705882352941
2024-11-20,0,138,0,15,0.0
2024-11-21,1,2682,0.0003728560775540641,16,0.0625
2024-11-22,0,91,0,13,0.0
2024-11-23,0,9,0,2,0.0
2024-11-24,1,34,0.029411764705882353,6,0.16666666666666666
2024-11-25,0,2904,0,6,0.0
2024-11-26,0,99,0,13,0.0
2024-11-27,1,110,0.00909090909090909,17,0.058823529411764705
2024-11-28,0,59,0,2,0.0
2024-11-29,0,34,0,12,0.0
2024-11-30,0,13,0,7,0.0
2024-12-01,0,61,0,16,0.0
2024-12-02,0,9339,0,6,0.0
2024-12-03,0,67,0,10,0.0
2024-12-04,0,142,0,15,0.0
2024-12-05,0,100,0,13,0.0
2024-12-06,0,82,0,13,0.0
2024-12-07,0,13,0,3,0.0
2024-12-08,0,20,0,6,0.0
2024-12-09,0,79,0,12,0.0
2024-12-10,0,94,0,16,0.0
2024-12-11,0,139,0,18,0.0
2024-12-12,0,108,0,12,0.0
2024-12-13,0,82,0,15,0.0
2024-12-14,0,9,0,0,
2024-12-15,1,38,0.02631578947368421,10,0.1
2024-12-16,0,50,0,5,0.0
2024-12-17,0,1578,0,9,0.0
2024-12-18,0,3909,0,22,0.0
2024-12-19,0,112,0,13,0.0
2024-12-20,0,69,0,9,0.0
2024-12-21,0,16,0,3,0.0
2024-12-22,0,25,0,10,0.0
2024-12-23,1,61,0.01639344262295082,8,0.125
2024-12-24,0,48,0,4,0.0
2024-12-25,0,34,0,4,0.0
2024-12-26,0,57,0,8,0.0
2024-12-27,0,47,0,8,0.0
2024-12-28,0,13,0,0,
2024-12-29,0,22,0,8,0.0
2024-12-30,0,1365,0,5,0.0
2024-12-31,0,77,0,8,0.0
2025-01-01,0,74,0,9,0.0
2025-01-02,0,69,0,11,0.0
2025-01-03,0,1049,0,15,0.0
2025-01-04,0,7,0,0,
2025-01-05,0,26,0,9,0.0
2025-01-06,0,56,0,4,0.0
2025-01-07,0,1432,0,5,0.0
2025-01-08,0,131,0,12,0.0
2025-01-09,0,87,0,12,0.0
2025-01-10,0,1089,0,10,0.0
2025-01-11,0,14,0,1,0.0
2025-01-12,0,28,0,7,0.0
2025-01-13,0,1760,0,5,0.0
2025-01-14,0,78,0,12,0.0
2025-01-15,0,115,0,11,0.0
2025-01-16,0,611,0,17,0.0
2025-01-17,0,1708,0,12,0.0
2025-01-18,0,6,0,0,
2025-01-19,0,34,0,10,0.0
2025-01-20,0,47,0,9,0.0
2025-01-21,0,80,0,8,0.0
2025-01-22,0,2664,0,16,0.0
2025-01-23,0,93,0,11,0.0
2025-01-24,0,77,0,18,0.0
2025-01-25,0,16,0,2,0.0
2025-01-26,0,27,0,11,0.0
2025-01-27,0,72,0,11,0.0
2025-01-28,0,928,0,13,0.0
2025-01-29,1,1870,0.0005347593582887701,12,0.08333333333333333
2025-01-30,0,88,0,16,0.0
2025-01-31,0,73,0,10,0.0
2025-02-01,0,61,0,9,0.0
2025-02-02,0,40,0,9,0.0
2025-02-03,0,4079,0,11,0.0
2025-02-04,0,71,0,10,0.0
2025-02-05,0,128,0,21,0.0
2025-02-06,0,116,0,9,0.0
2025-02-07,0,86,0,15,0.0
2025-02-08,0,20,0,2,0.0
2025-02-09,0,33,0,9,0.0
2025-02-10,0,1188,0,7,0.0
2025-02-11,0,3463,0,10,0.0
2025-02-12,0,128,0,13,0.0
2025-02-13,0,100,0,10,0.0
2025-02-14,0,64,0,6,0.0
2025-02-15,0,37,0,2,0.0
2025-02-16,0,25,0,7,0.0
2025-02-17,0,52,0,9,0.0
2025-02-18,0,3266,0,12,0.0
2025-02-19,0,126,0,21,0.0
2025-02-20,0,108,0,14,0.0
2025-02-21,0,72,0,13,0.0
2025-02-22,0,13,0,3,0.0
2025-02-23,0,26,0,12,0.0
2025-02-24,0,3781,0,33,0.0
2025-02-25,0,85,0,14,0.0
2025-02-26,0,140,0,13,0.0
2025-02-27,0,134,0,18,0.0
2025-02-28,0,75,0,11,0.0
2025-03-01,0,47,0,7,0.0
2025-03-02,0,32,0,10,0.0
2025-03-03,0,1806,0,12,0.0
2025-03-04,0,76,0,7,0.0
2025-03-05,0,2999,0,14,0.0
2025-03-06,0,88,0,5,0.0
2025-03-07,0,102,0,11,0.0
2025-03-08,0,19,0,3,0.0
2025-03-09,0,37,0,9,0.0
2025-03-10,0,75,0,10,0.0
2025-03-11,0,3786,0,18,0.0
2025-03-12,0,110,0,16,0.0
2025-03-13,0,91,0,13,0.0
2025-03-14,0,100,0,20,0.0
2025-03-15,0,23,0,2,0.0
2025-03-16,0,31,0,8,0.0
2025-03-17,0,2752,0,10,0.0
2025-03-18,0,84,0,8,0.0
2025-03-19,0,136,0,14,0.0
2025-03-20,0,1105,0,9,0.0
2025-03-21,0,974,0,7,0.0
2025-03-22,0,31,0,6,0.0
2025-03-23,0,30,0,11,0.0
2025-03-24,0,3009,0,14,0.0
2025-03-25,0,69,0,13,0.0
2025-03-26,0,116,0,14,0.0
2025-03-27,0,1388,0,13,0.0
2025-03-28,0,83,0,11,0.0
2025-03-29,0,11,0,0,
2025-03-30,0,31,0,8,0.0
2025-03-31,0,697,0,10,0.0
2025-04-01,0,4351,0,7,0.0
2025-04-02,0,122,0,14,0.0
2025-04-03,0,101,0,11,0.0
2025-04-04,0,79,0,13,0.0
2025-04-05,0,16,0,4,0.0
2025-04-06,0,37,0,8,0.0
2025-04-07,0,519,0,8,0.0
2025-04-08,0,3705,0,8,0.0
2025-04-09,0,119,0,12,0.0
2025-04-10,0,116,0,14,0.0
2025-04-11,0,80,0,12,0.0
2025-04-12,0,21,0,3,0.0
2025-04-13,0,38,0,11,0.0
2025-04-14,0,2242,0,11,0.0
2025-04-15,0,90,0,15,0.0
2025-04-16,0,2039,0,17,0.0
2025-04-17,0,100,0,15,0.0
2025-04-18,0,64,0,7,0.0
2025-04-19,0,18,0,6,0.0
2025-04-20,0,43,0,10,0.0
2025-04-21,0,5122,0,9,0.0
2025-04-22,0,78,0,5,0.0
2025-04-23,0,130,0,13,0.0
2025-04-24,0,104,0,8,0.0
2025-04-25,0,82,0,9,0.0
2025-04-26,0,40,0,3,0.0
2025-04-27,0,28,0,5,0.0
2025-04-28,0,1329,0,7,0.0
2025-04-29,0,4573,0,10,0.0
2025-04-30,0,148,0,10,0.0
2025-05-01,0,153,0,14,0.0
2025-05-02,0,80,0,9,0.0
2025-05-03,0,16,0,2,0.0
2025-05-04,0,46,0,9,0.0
2025-05-05,0,2536,0,14,0.0
2025-05-06,0,100,0,13,0.0
2025-05-07,0,123,0,18,0.0
2025-05-08,1,1529,0.0006540222367560497,11,0.09090909090909091
2025-05-09,0,356,0,5,0.0
2025-05-10,0,13,0,2,0.0
2025-05-11,0,37,0,10,0.0
2025-05-12,0,5285,0,15,0.0
2025-05-13,0,81,0,11,0.0
2025-05-14,0,134,0,15,0.0
2025-05-15,0,114,0,13,0.0
2025-05-16,0,77,0,7,0.0
2025-05-17,0,25,0,2,0.0
2025-05-18,0,31,0,11,0.0
2025-05-19,0,6798,0,11,0.0
2025-05-20,0,72,0,8,0.0
2025-05-21,0,113,0,11,0.0
2025-05-22,0,102,0,9,0.0
2025-05-23,0,77,0,8,0.0
2025-05-24,0,23,0,2,0.0
2025-05-25,0,31,0,5,0.0
2025-05-26,0,40,0,2,0.0
2025-05-27,0,6412,0,15,0.0
2025-05-28,0,124,0,17,0.0
2025-05-29,0,92,0,9,0.0
2025-05-30,0,72,0,10,0.0
2025-05-31,0,19,0,1,0.0
2025-06-01,0,80,0,18,0.0
2025-06-02,0,80,0,8,0.0
2025-06-03,0,73,0,6,0.0
2025-06-04,0,141,0,12,0.0
2025-06-05,0,3731,0,9,0.0
2025-06-06,0,218,0,9,0.0
2025-06-07,0,150,0,5,0.0
2025-06-08,0,125,0,6,0.0
2025-06-09,0,10027,0,21,0.0
2025-06-10,0,275,0,11,0.0
2025-06-11,0,270,0,19,0.0
2025-06-12,0,278,0,15,0.0
2025-06-13,1,219,0.0045662100456621,13,0.07692307692307693
2025-06-14,1,135,0.007407407407407408,7,0.14285714285714285
2025-06-15,0,120,0,8,0.0
2025-06-16,0,218,0,8,0.0
2025-06-17,0,245,0,14,0.0
2025-06-18,0,294,0,13,0.0
2025-06-19,0,197,0,11,0.0
2025-06-20,0,238,0,13,0.0
2025-06-21,0,117,0,2,0.0
2025-06-22,0,122,0,7,0.0
2025-06-23,0,1612,0,10,0.0
2025-06-24,1,223,0.004484304932735426,9,0.1111111111111111
2025-06-25,0,4305,0,11,0.0
2025-06-26,0,271,0,9,0.0
2025-06-27,0,242,0,13,0.0
2025-06-28,0,135,0,9,0.0
2025-06-29,0,123,0,7,0.0
2025-06-30,0,244,0,15,0.0
2025-07-01,0,1004,0,9,0.0
2025-07-02,0,890,0,14,0.0
2025-07-03,0,5604,0,12,0.0
2025-07-04,0,148,0,10,0.0
2025-07-05,0,98,0,3,0.0
2025-07-06,0,110,0,5,0.0
2025-07-07,0,1252,0,14,0.0
2025-07-08,0,997,0,10,0.0
2025-07-09,0,2558,0,17,0.0
2025-07-10,2,97,0.020618556701030927,16,0.125
2025-07-11,0,90,0,18,0.0
2025-07-12,0,19,0,3,0.0
2025-07-13,0,26,0,10,0.0
2025-07-14,1,11969,8.354916868577158e-05,8,0.125
2025-07-15,0,55,0,9,0.0
2025-07-16,0,118,0,9,0.0
2025-07-17,0,83,0,11,0.0
2025-07-18,0,69,0,7,0.0
2025-07-19,0,19,0,2,0.0
2025-07-20,0,18,0,7,0.0
2025-07-21,0,89,0,14,0.0
2025-07-22,0,64,0,9,0.0
2025-07-23,0,88,0,6,0.0
2025-07-24,0,94,0,7,0.0
2025-07-25,0,57,0,8,0.0
2025-07-26,0,19,0,7,0.0
2025-07-27,0,19,0,8,0.0
2025-07-28,0,86,0,9,0.0
2025-07-29,0,70,0,6,0.0
2025-07-30,0,3033,0,8,0.0
2025-07-31,0,103,0,10,0.0
2025-08-01,0,4662,0,13,0.0
2025-08-02,0,9,0,2,0.0
2025-08-03,0,15,0,3,0.0
2025-08-04,0,73,0,13,0.0
2025-08-05,0,56,0,10,0.0
2025-08-06,0,116,0,18,0.0
2025-08-07,0,100,0,13,0.0
2025-08-08,0,73,0,11,0.0
2025-08-09,0,13,0,5,0.0
2025-08-10,0,29,0,5,0.0
2025-08-11,0,4308,0,11,0.0
2025-08-12,0,69,0,8,0.0
2025-08-13,0,93,0,11,0.0
2025-08-14,0,89,0,16,0.0
2025-08-15,0,52,0,4,0.0
2025-08-16,0,9,0,2,0.0
2025-08-17,0,16,0,7,0.0
2025-08-18,0,5410,0,15,0.0
2025-08-19,0,68,0,8,0.0
2025-08-20,0,81,0,14,0.0
2025-08-21,0,78,0,8,0.0
2025-08-22,0,83,0,11,0.0
2025-08-23,0,16,0,6,0.0
2025-08-24,0,22,0,7,0.0
2025-08-25,0,861,0,7,0.0
2025-08-26,0,590,0,8,0.0
2025-08-27,0,2810,0,14,0.0
2025-08-28,0,84,0,10,0.0
2025-08-29,0,64,0,9,0.0
2025-08-30,0,13,0,0,
2025-08-31,0,26,0,7,0.0
2025-09-01,0,50,0,6,0.0
2025-09-02,0,3642,0,12,0.0
2025-09-03,0,81,0,6,0.0
2025-09-04,0,79,0,7,0.0
2025-09-05,0,63,0,8,0.0
2025-09-06,0,15,0,3,0.0
2025-09-07,0,21,0,9,0.0
2025-09-08,0,2166,0,9,0.0
2025-09-09,0,73,0,9,0.0
2025-09-10,0,236,0,5,0.0
2025-09-11,0,3355,0,24,0.0
2025-09-12,0,67,0,10,0.0
2025-09-13,0,11,0,2,0.0
2025-09-14,0,20,0,9,0.0
2025-09-15,0,2968,0,15,0.0
2025-09-16,0,60,0,3,0.0
2025-09-17,0,80,0,7,0.0
2025-09-18,0,154,0,9,0.0
2025-09-19,0,1595,0,12,0.0
2025-09-20,0,14,0,0,
2025-09-21,0,24,0,8,0.0
2025-09-22,0,2507,0,26,0.0
2025-09-23,0,59,0,8,0.0
2025-09-24,0,57,0,5,0.0
2025-09-25,0,2197,0,5,0.0
2025-09-26,0,57,0,8,0.0
2025-09-27,0,4,0,0,
2025-09-28,0,19,0,6,0.0
2025-09-29,0,894,0,6,0.0
2025-09-30,0,2512,0,54,0.0
2025-10-01,0,137,0,14,0.0
2025-10-02,0,93,0,15,0.0
2025-10-03,0,69,0,11,0.0
2025-10-04,0,6,0,3,0.0
2025-10-05,0,16,0,4,0.0
2025-10-06,0,1456,0,9,0.0
2025-10-07,0,75,0,13,0.0
2025-10-08,0,88,0,12,0.0
2025-10-09,0,89,0,11,0.0
2025-10-10,0,55,0,8,0.0
2025-10-11,0,12,0,0,
2025-10-12,0,23,0,6,0.0
2025-10-13,0,59,0,8,0.0
2025-10-14,0,1607,0,12,0.0
2025-10-15,0,87,0,12,0.0
2025-10-16,0,111,0,10,0.0
2025-10-17,0,61,0,10,0.0
2025-10-18,0,14,0,5,0.0
2025-10-19,0,13,0,5,0.0
2025-10-20,0,1451,0,15,0.0
2025-10-21,0,67,0,11,0.0
2025-10-22,0,84,0,9,0.0
2025-10-23,0,104,0,12,0.0
2025-10-24,0,56,0,6,0.0
2025-10-25,0,8,0,1,0.0
2025-10-26,0,12,0,6,0.0
2025-10-27,0,66,0,9,0.0
2025-10-28,0,204,0,11,0.0
2025-10-29,0,164,0,9,0.0
2025-10-30,0,371,0,16,0.0
2025-10-31,0,989,0,7,0.0
2025-11-01,0,31,0,4,0.0
2025-11-02,0,13,0,5,0.0
2025-11-03,0,1102,0,9,0.0
2025-11-04,0,65,0,8,0.0
2025-11-05,0,76,0,12,0.0
2025-11-06,0,109,0,15,0.0
2025-11-07,0,68,0,10,0.0
2025-11-08,0,15,0,2,0.0
2025-11-09,0,9,0,5,0.0
2025-11-10,0,764,0,10,0.0
2025-11-11,0,579,0,13,0.0
2025-11-12,0,85,0,13,0.0
2025-11-13,0,282,0,17,0.0
2025-11-14,0,818,0,14,0.0
2025-11-15,0,540,0,1,0.0
2025-11-16,0,21,0,9,0.0
2025-11-17,0,5018,0,8,0.0
2025-11-18,0,80,0,9,0.0
2025-11-19,0,846,0,9,0.0
2025-11-20,0,84,0,7,0.0
2025-11-21,0,55,0,12,0.0
2025-11-22,0,4,0,0,
2025-11-23,0,16,0,8,0.0
2025-11-24,0,57,0,8,0.0
2025-11-25,0,3011,0,10,0.0
2025-11-26,0,64,0,13,0.0
2025-11-27,0,21,0,2,0.0
2025-11-28,0,33,0,3,0.0
2025-11-29,0,7,0,0,
2025-11-30,0,16,0,6,0.0
2025-12-01,0,87,0,7,0.0
2025-12-02,0,3899,0,6,0.0
2025-12-03,0,58,0,9,0.0
2025-12-04,0,74,0,11,0.0
2025-12-05,0,34,0,7,0.0
2025-12-06,0,7,0,0,
2025-12-07,0,8,0,4,0.0
2025-12-08,0,1251,0,8,0.0
2025-12-09,0,3731,0,10,0.0
2025-12-10,0,66,0,8,0.0
2025-12-11,0,67,0,5,0.0
2025-12-12,0,56,0,10,0.0
2025-12-13,0,9,0,1,0.0
2025-12-14,0,7,0,4,0.0
2025-12-15,0,992,0,6,0.0
2025-12-16,0,804,0,10,0.0
2025-12-17,0,1238,0,8,0.0
2025-12-18,0,457,0,8,0.0
2025-12-19,0,3429,0,46,0.0
2025-12-20,0,12,0,0,
2025-12-21,0,8,0,6,0.0
2025-12-22,0,39,0,5,0.0
2025-12-23,1,42,0.023809523809523808,6,0.16666666666666666
2025-12-24,0,66,0,6,0.0
2025-12-25,0,75,0,0,
2025-12-26,0,133,0,6,0.0
2025-12-27,0,70,0,0,
2025-12-28,0,103,0,8,0.0
2025-12-29,0,2508,0,9,0.0
2025-12-30,0,203,0,9,0.0
2025-12-31,0,161,0,8,0.0
2026-01-01,0,132,0,5,0.0
2026-01-02,0,132,0,7,0.0
2026-01-03,0,104,0,1,0.0
2026-01-04,0,102,0,7,0.0
2026-01-05,0,207,0,4,0.0
2026-01-06,0,1059,0,10,0.0
2026-01-07,0,211,0,11,0.0
2026-01-08,0,4897,0,8,0.0
2026-01-09,0,211,0,7,0.0
2026-01-10,0,104,0,2,0.0
2026-01-11,0,119,0,6,0.0
2026-01-12,0,234,0,9,0.0
2026-01-13,0,216,0,8,0.0
2026-01-14,0,227,0,6,0.0
2026-01-15,0,240,0,10,0.0
2026-01-16,0,187,0,11,0.0
2026-01-17,0,986,0,1,0.0
2026-01-18,0,118,0,5,0.0
2026-01-19,0,3767,0,7,0.0
2026-01-20,0,215,0,4,0.0
2026-01-21,0,202,0,7,0.0
2026-01-22,0,237,0,13,0.0
2026-01-23,0,214,0,4,0.0
2026-01-24,0,124,0,1,0.0
2026-01-25,0,118,0,4,0.0
2026-01-26,0,2579,0,9,0.0
2026-01-27,0,214,0,6,0.0
2026-01-28,0,242,0,10,0.0
2026-01-29,0,1065,0,6,0.0
2026-01-30,0,191,0,8,0.0
2026-01-31,0,784,0,0,
2026-02-01,0,36,0,9,0.0
2026-02-02,0,107,0,10,0.0
2026-02-03,0,806,0,11,0.0
2026-02-04,0,603,0,8,0.0
2026-02-05,0,3040,0,13,0.0
2026-02-06,0,33,0,8,0.0
2026-02-07,0,9,0,1,0.0
2026-02-08,0,34,0,14,0.0
2026-02-09,0,304,0,13,0.0
2026-02-10,0,781,0,8,0.0
2026-02-11,0,2474,0,12,0.0
2026-02-12,0,95,0,17,0.0
2026-02-13,0,66,0,17,0.0
2026-02-14,0,23,0,2,0.0
2026-02-15,0,33,0,13,0.0
2026-02-16,0,53,0,9,0.0
2026-02-17,0,2407,0,7,0.0
2026-02-18,0,84,0,13,0.0
2026-02-19,0,101,0,13,0.0
2026-02-20,0,1665,0,23,0.0
2026-02-21,0,63,0,3,0.0
2026-02-22,0,80,0,10,0.0
2026-02-23,0,4298,0,20,0.0
2026-02-24,0,158,0,15,0.0
2026-02-25,0,143,0,13,0.0
2026-02-26,0,175,0,23,0.0
2026-02-27,0,303,0,23,0.0
2026-02-28,0,65,0,2,0.0
2026-03-01,0,98,0,12,0.0
2026-03-02,0,4275,0,11,0.0
2026-03-03,0,251,0,14,0.0
2026-03-04,0,227,0,14,0.0
2026-03-05,0,268,0,20,0.0
2026-03-06,0,220,0,12,0.0
2026-03-07,0,94,0,3,0.0
2026-03-08,0,114,0,17,0.0
2026-03-09,0,3016,0,15,0.0
2026-03-10,0,219,0,19,0.0
2026-03-11,0,239,0,18,0.0
2026-03-12,0,1390,0,22,0.0
2026-03-13,0,253,0,19,0.0
2026-03-14,0,103,0,1,0.0
2026-03-15,0,119,0,18,0.0
2026-03-16,0,2289,0,11,0.0
2026-03-17,0,269,0,18,0.0
2026-03-18,0,240,0,13,0.0
2026-03-19,0,2629,0,25,0.0
2026-03-20,1,268,0.0037313432835820895,18,0.05555555555555555
2026-03-21,0,93,0,2,0.0
2026-03-22,0,106,0,11,0.0
2026-03-23,0,5320,0,21,0.0
2026-03-24,0,235,0,13,0.0
2026-03-25,0,277,0,21,0.0
2026-03-26,0,293,0,27,0.0
2026-03-27,0,259,0,26,0.0
2026-03-28,0,114,0,6,0.0
2026-03-29,0,97,0,10,0.0
2026-03-30,0,288,0,13,0.0
2026-03-31,0,359,0,18,0.0
2026-04-01,0,2446,0,24,0.0
2026-04-02,0,367,0,29,0.0
2026-04-03,0,355,0,16,0.0
2026-04-04,0,154,0,1,0.0
2026-04-05,0,143,0,14,0.0
2026-04-06,0,1400,0,15,0.0
2026-04-07,0,2931,0,13,0.0
2026-04-08,0,280,0,18,0.0
2026-04-09,0,377,0,35,0.0
2026-04-10,0,395,0,17,0.0
2026-04-11,0,148,0,3,0.0
2026-04-12,0,689,0,15,0.0
2026-04-13,0,5463,0,23,0.0
2026-04-14,0,338,0,15,0.0
2026-04-15,0,331,0,15,0.0
2026-04-16,0,408,0,25,0.0
2026-04-17,0,278,0,10,0.0
2026-04-18,0,162,0,6,0.0
2026-04-19,0,160,0,17,0.0
2026-04-20,0,1298,0,14,0.0
2026-04-21,0,4502,0,30,0.0
2026-04-22,0,323,0,13,0.0
2026-04-23,0,362,0,17,0.0
2026-04-24,0,306,0,17,0.0
2026-04-25,0,154,0,0,
2026-04-26,0,169,0,10,0.0
2026-04-27,0,9365,0,22,0.0
2026-04-28,0,348,0,14,0.0
2026-04-29,0,404,0,15,0.0
2026-04-30,0,396,0,19,0.0
2026-05-01,0,356,0,26,0.0
2026-05-02,0,176,0,0,
2026-05-03,0,167,0,17,0.0
2026-05-04,0,357,0,15,0.0
2026-05-05,0,1293,0,12,0.0
2026-05-06,0,332,0,20,0.0
2026-05-07,0,409,0,26,0.0
2026-05-08,0,2710,0,17,0.0
2026-05-09,0,156,0,0,
2026-05-10,0,181,0,12,0.0
2026-05-11,0,587,0,18,0.0
2026-05-12,0,4270,0,26,0.0
2026-05-13,0,384,0,21,0.0
2026-05-14,0,415,0,15,0.0
2026-05-15,0,313,0,12,0.0
2026-05-16,0,156,0,0,
2026-05-17,0,162,0,19,0.0
2026-05-18,0,1442,0,20,0.0
2026-05-19,0,4504,0,26,0.0
2026-05-20,0,408,0,19,0.0
2026-05-21,0,474,0,26,0.0
2026-05-22,0,344,0,12,0.0
2026-05-23,0,168,0,0,
2026-05-24,0,155,0,10,0.0
2026-05-25,0,239,0,2,0.0
2026-05-26,0,4311,0,18,0.0
2026-05-27,0,339,0,20,0.0
2026-05-28,0,404,0,23,0.0
2026-05-29,0,347,0,13,0.0
2026-05-30,0,146,0,1,0.0
2026-05-31,0,183,0,16,0.0
2026-06-01,0,2798,0,21,0.0
2026-06-02,0,346,0,12,0.0
2026-06-03,0,333,0,12,0.0
2026-06-04,0,3281,0,26,0.0
2026-06-05,0,370,0,23,0.0
2026-06-06,0,149,0,2,0.0
2026-06-07,0,205,0,14,0.0
2026-06-08,0,2418,0,14,0.0
2026-06-09,0,334,0,12,0.0
2026-06-10,0,3842,0,23,0.0
2026-06-11,0,366,0,23,0.0
2026-06-12,0,382,0,16,0.0
2026-06-13,0,149,0,5,0.0
2026-06-14,0,181,0,14,0.0
2026-06-15,0,5128,0,20,0.0
2026-06-16,0,298,0,18,0.0
2026-06-17,0,331,0,18,0.0
2026-06-18,0,433,0,36,0.0
2026-06-19,0,322,0,23,0.0
2026-06-20,0,166,0,11,0.0
2026-06-21,0,189,0,19,0.0
2026-06-22,0,1099,0,21,0.0
2026-06-23,0,2584,0,10,0.0
2026-06-24,0,3181,0,25,0.0
2026-06-25,0,387,0,12,0.0
2026-06-26,0,349,0,13,0.0
2026-06-27,0,183,0,1,0.0
2026-06-28,0,148,0,7,0.0
2026-06-29,0,4476,0,16,0.0
2026-06-30,0,360,0,18,0.0
2026-07-01,1,347,0.002881844380403458,19,0.05263157894736842
2026-07-02,0,370,0,15,0.0
2026-07-03,0,316,0,11,0.0
2026-07-04,0,132,0,2,0.0
2026-07-05,0,172,0,13,0.0
2026-07-06,0,4730,0,13,0.0
2026-07-07,0,308,0,14,0.0
2026-07-08,0,378,0,27,0.0
2026-07-09,0,389,0,17,0.0
2026-07-10,0,347,0,16,0.0
2026-07-11,1,166,0.006024096385542169,5,0.2
2026-07-12,0,151,0,14,0.0
2026-07-13,1,4677,0.00021381227282446012,11,0.09090909090909091
2026-07-14,0,324,0,11,0.0
2026-07-15,0,333,0,17,0.0
2026-07-16,0,371,0,20,0.0
2026-07-17,0,364,0,15,0.0
2026-07-18,0,159,0,3,0.0
2026-07-19,0,123,0,12,0.0
2026-07-20,0,9574,0,24,0.0
2026-07-21,0,329,0,15,0.0
2026-07-22,0,351,0,21,0.0
2026-07-23,0,382,0,15,0.0
2026-07-24,0,291,0,11,0.0
2026-07-25,0,170,0,3,0.0
2026-07-26,0,133,0,7,0.0
2026-07-27,0,290,0,23,0.0
2026-07-28,0,296,0,17,0.0
2026-07-29,0,410,0,15,0.0
2026-07-30,0,525,0,14,0.0
2026-07-31,0,472,0,20,0.0
2026-08-01,0,333,0,13,0.0
2026-08-02,0,276,0,17,0.0
2026-08-03,0,5276,0,19,0.0
2026-08-04,0,452,0,9,0.0
2026-08-05,1,472,0.00211864406779661,25,0.04
2026-08-06,0,520,0,26,0.0
2026-08-07,0,436,0,19,0.0
2026-08-08,0,243,0,3,0.0
2026-08-09,0,213,0,12,0.0
2026-08-10,0,4676,0,9,0.0
2026-08-11,0,444,0,20,0.0
2026-08-12,0,511,0,18,0.0
2026-08-13,1,555,0.0018018018018018018,25,0.04
2026-08-14,0,306,0,27,0.0
2026-08-15,0,163,0,6,0.0
2026-08-16,0,184,0,21,0.0
2026-08-17,0,4752,0,27,0.0
2026-08-18,0,317,0,13,0.0
2026-08-19,0,374,0,18,0.0
2026-08-20,0,323,0,20,0.0
2026-08-21,0,316,0,21,0.0
2026-08-22,0,129,0,8,0.0
2026-08-23,0,135,0,21,0.0
2026-08-24,0,4577,0,25,0.0
2026-08-25,0,320,0,17,0.0
2026-08-26,0,355,0,22,0.0
2026-08-27,0,388,0,16,0.0
2026-08-28,0,302,0,23,0.0
2026-08-29,0,163,0,3,0.0
2026-08-30,0,159,0,13,0.0
2026-08-31,0,1604,0,15,0.0
2026-09-01,0,602,0,20,0.0
2026-09-02,0,3341,0,26,0.0
2026-09-03,0,366,0,18,0.0
2026-09-04,0,297,0,18,0.0
2026-09-05,0,148,0,4,0.0
2026-09-06,0,179,0,17,0.0
2026-09-07,0,190,0,6,0.0
2026-09-08,0,3444,0,17,0.0
2026-09-09,0,333,0,23,0.0
2026-09-10,0,349,0,22,0.0
2026-09-11,0,1996,0,16,0.0
2026-09-12,0,146,0,0,
2026-09-13,0,138,0,16,0.0
2026-09-14,0,2530,0,36,0.0
2026-09-15,0,333,0,23,0.0
2026-09-16,0,378,0,17,0.0
2026-09-17,0,2551,0,28,0.0
2026-09-18,0,347,0,19,0.0
2026-09-19,0,133,0,1,0.0
2026-09-20,0,681,0,17,0.0
2026-09-21,0,2878,0,8,0.0
2026-09-22,1,349,0.0028653295128939827,11,0.09090909090909091
2026-09-23,0,2551,0,30,0.0
2026-09-24,2,347,0.005763688760806916,26,0.07692307692307693
2026-09-25,0,355,0,14,0.0
