city_slug,site_id,sensor_id,location_id,sensor_class,date_local,pm25_mean_ugm3,pm25_min,pm25_median,pm25_max,pm25_sd,hours_observed,hours_expected,percent_complete,valid_day,has_flags,period_from_local,period_to_local,period_from_utc,units
logan,S305,3346,305,reference,2016-03-06,2.2,2.0,2.2,2.4,0.2828427255153656,2,24,8.0,0,False,2016-03-06T00:00:00-07:00,2016-03-07T00:00:00-07:00,2016-03-06T07:00:00Z,µg/m³
logan,S305,3346,305,reference,2016-03-07,1.6,0.2,1.5999999999999999,3.0,1.9798989873223334,2,24,8.0,0,False,2016-03-07T00:00:00-07:00,2016-03-08T00:00:00-07:00,2016-03-07T07:00:00Z,µg/m³
logan,S305,3346,305,reference,2016-03-10,5.35,3.7,5.35,7.0,2.3334524631500244,2,24,8.0,0,False,2016-03-10T00:00:00-07:00,2016-03-11T00:00:00-07:00,2016-03-10T07:00:00Z,µg/m³
logan,S305,3346,305,reference,2016-03-11,4.66,0.7,4.9,8.0,2.065732955932617,14,24,58.0,0,False,2016-03-11T00:00:00-07:00,2016-03-12T00:00:00-07:00,2016-03-11T07:00:00Z,µg/m³
logan,S305,3346,305,reference,2016-03-12,3.35,0.7,3.2,6.6,2.0069844722747803,22,24,92.0,1,False,2016-03-12T00:00:00-07:00,2016-03-13T00:00:00-07:00,2016-03-12T07:00:00Z,µg/m³
logan,S305,3346,305,reference,2016-03-13,2.73,0.3,2.7,6.0,1.879488229751587,21,24,88.0,1,True,2016-03-13T00:00:00-07:00,2016-03-14T00:00:00-06:00,2016-03-13T07:00:00Z,µg/m³
logan,S305,3346,305,reference,2016-03-14,2.53,0.1,2.4,4.5,1.9641189575195312,20,24,83.0,1,False,2016-03-14T00:00:00-06:00,2016-03-15T00:00:00-06:00,2016-03-14T06:00:00Z,µg/m³
logan,S305,3346,305,reference,2016-03-15,1.61,0.3,1.5,3.5,1.534438967704773,19,24,79.0,1,True,2016-03-15T00:00:00-06:00,2016-03-16T00:00:00-06:00,2016-03-15T06:00:00Z,µg/m³
logan,S305,3346,305,reference,2016-03-16,1.66,0.2,1.7,3.6,1.221038818359375,19,24,79.0,1,True,2016-03-16T00:00:00-06:00,2016-03-17T00:00:00-06:00,2016-03-16T06:00:00Z,µg/m³
logan,S305,3346,305,reference,2016-03-17,1.38,0.0,1.5,2.8,1.241285800933838,23,24,96.0,1,True,2016-03-17T00:00:00-06:00,2016-03-18T00:00:00-06:00,2016-03-17T06:00:00Z,µg/m³
logan,S305,3346,305,reference,2016-03-18,2.22,0.4,2.3,4.4,0.9246106147766113,21,24,88.0,1,True,2016-03-18T00:00:00-06:00,2016-03-19T00:00:00-06:00,2016-03-18T06:00:00Z,µg/m³
logan,S305,3346,305,reference,2016-03-19,3.05,0.3,2.6500000000000004,7.3,1.797824740409851,24,24,100.0,1,False,2016-03-19T00:00:00-06:00,2016-03-20T00:00:00-06:00,2016-03-19T06:00:00Z,µg/m³
logan,S305,3346,305,reference,2016-03-20,3.33,0.7,3.2,6.5,1.6231790781021118,24,24,100.0,1,False,2016-03-20T00:00:00-06:00,2016-03-21T00:00:00-06:00,2016-03-20T06:00:00Z,µg/m³
logan,S305,3346,305,reference,2016-03-21,4.96,0.9,5.35,8.0,1.9428857564926147,22,24,92.0,1,True,2016-03-21T00:00:00-06:00,2016-03-22T00:00:00-06:00,2016-03-21T06:00:00Z,µg/m³
logan,S305,3346,305,reference,2016-03-22,1.83,0.0,1.6,4.9,1.4636662006378174,24,24,100.0,1,True,2016-03-22T00:00:00-06:00,2016-03-23T00:00:00-06:00,2016-03-22T06:00:00Z,µg/m³
logan,S305,3346,305,reference,2016-03-23,1.89,0.0,1.75,4.1,1.5540757179260254,22,24,92.0,1,False,2016-03-23T00:00:00-06:00,2016-03-24T00:00:00-06:00,2016-03-23T06:00:00Z,µg/m³
logan,S305,3346,305,reference,2016-03-24,3.15,0.1,3.1500000000000004,6.5,1.747290849685669,24,24,100.0,1,True,2016-03-24T00:00:00-06:00,2016-03-25T00:00:00-06:00,2016-03-24T06:00:00Z,µg/m³
logan,S305,3346,305,reference,2016-03-25,1.92,0.3,1.7999999999999998,4.3,1.40696382522583,24,24,100.0,1,False,2016-03-25T00:00:00-06:00,2016-03-26T00:00:00-06:00,2016-03-25T06:00:00Z,µg/m³
logan,S305,3346,305,reference,2016-03-26,2.17,0.6,2.1500000000000004,4.0,1.5952317714691162,24,24,100.0,1,True,2016-03-26T00:00:00-06:00,2016-03-27T00:00:00-06:00,2016-03-26T06:00:00Z,µg/m³
logan,S305,3346,305,reference,2016-03-27,2.78,0.2,2.7,5.6,1.5814080238342285,24,24,100.0,1,True,2016-03-27T00:00:00-06:00,2016-03-28T00:00:00-06:00,2016-03-27T06:00:00Z,µg/m³
logan,S305,3346,305,reference,2016-03-28,1.98,0.1,1.8,4.3,1.6724233627319336,5,24,21.0,0,True,2016-03-28T00:00:00-06:00,2016-03-29T00:00:00-06:00,2016-03-28T06:00:00Z,µg/m³
logan,S305,3346,305,reference,2016-03-29,0.5,0.5,0.5,0.5,,1,24,4.0,0,False,2016-03-29T00:00:00-06:00,2016-03-30T00:00:00-06:00,2016-03-29T06:00:00Z,µg/m³
logan,S305,3346,305,reference,2016-03-30,5.19,0.3,5.25,11.2,3.049349546432495,24,24,100.0,1,False,2016-03-30T00:00:00-06:00,2016-03-31T00:00:00-06:00,2016-03-30T06:00:00Z,µg/m³
logan,S305,3346,305,reference,2016-03-31,6.11,1.3,6.55,8.8,2.1574692726135254,18,24,75.0,1,False,2016-03-31T00:00:00-06:00,2016-04-01T00:00:00-06:00,2016-03-31T06:00:00Z,µg/m³
logan,S305,3346,305,reference,2016-04-01,2.9,0.4,3.0,5.2,1.8564761877059937,24,24,100.0,1,False,2016-04-01T00:00:00-06:00,2016-04-02T00:00:00-06:00,2016-04-01T06:00:00Z,µg/m³
logan,S305,3346,305,reference,2016-04-02,2.64,0.2,2.55,5.2,1.4517792463302612,24,24,100.0,1,True,2016-04-02T00:00:00-06:00,2016-04-03T00:00:00-06:00,2016-04-02T06:00:00Z,µg/m³
logan,S305,3346,305,reference,2016-04-03,3.37,0.5,3.4,6.5,1.5453470945358276,24,24,100.0,1,False,2016-04-03T00:00:00-06:00,2016-04-04T00:00:00-06:00,2016-04-03T06:00:00Z,µg/m³
logan,S305,3346,305,reference,2016-04-04,3.32,1.2,3.3,6.2,1.453026533126831,24,24,100.0,1,False,2016-04-04T00:00:00-06:00,2016-04-05T00:00:00-06:00,2016-04-04T06:00:00Z,µg/m³
logan,S305,3346,305,reference,2016-04-05,2.35,0.2,1.8,8.2,2.0670313835144043,21,24,88.0,1,True,2016-04-05T00:00:00-06:00,2016-04-06T00:00:00-06:00,2016-04-05T06:00:00Z,µg/m³
logan,S305,3346,305,reference,2016-04-06,3.83,1.2,3.7,7.2,1.6541290283203125,21,24,88.0,1,True,2016-04-06T00:00:00-06:00,2016-04-07T00:00:00-06:00,2016-04-06T06:00:00Z,µg/m³
logan,S305,3346,305,reference,2016-04-07,4.57,1.9,4.6,7.4,2.0533995628356934,24,24,100.0,1,False,2016-04-07T00:00:00-06:00,2016-04-08T00:00:00-06:00,2016-04-07T06:00:00Z,µg/m³
logan,S305,3346,305,reference,2016-04-08,4.88,2.2,4.45,8.5,1.7890923023223877,24,24,100.0,1,False,2016-04-08T00:00:00-06:00,2016-04-09T00:00:00-06:00,2016-04-08T06:00:00Z,µg/m³
logan,S305,3346,305,reference,2016-04-09,3.58,0.5,3.5,7.3,1.802649974822998,24,24,100.0,1,True,2016-04-09T00:00:00-06:00,2016-04-10T00:00:00-06:00,2016-04-09T06:00:00Z,µg/m³
logan,S305,3346,305,reference,2016-04-10,1.92,0.5,1.9,4.3,1.2561731338500977,24,24,100.0,1,False,2016-04-10T00:00:00-06:00,2016-04-11T00:00:00-06:00,2016-04-10T06:00:00Z,µg/m³
logan,S305,3346,305,reference,2016-04-11,3.45,0.1,3.65,10.0,2.149136543273926,22,24,92.0,1,False,2016-04-11T00:00:00-06:00,2016-04-12T00:00:00-06:00,2016-04-11T06:00:00Z,µg/m³
logan,S305,3346,305,reference,2016-04-12,5.35,0.6,3.8,40.1,7.956173419952393,22,24,92.0,1,True,2016-04-12T00:00:00-06:00,2016-04-13T00:00:00-06:00,2016-04-12T06:00:00Z,µg/m³
logan,S305,3346,305,reference,2016-04-13,3.76,0.2,3.6,7.5,2.3349313735961914,21,24,88.0,1,False,2016-04-13T00:00:00-06:00,2016-04-14T00:00:00-06:00,2016-04-13T06:00:00Z,µg/m³
logan,S305,3346,305,reference,2016-04-14,2.96,0.6,2.55,8.0,2.898872137069702,24,24,100.0,1,True,2016-04-14T00:00:00-06:00,2016-04-15T00:00:00-06:00,2016-04-14T06:00:00Z,µg/m³
logan,S305,3346,305,reference,2016-04-15,2.13,0.3,2.1,6.0,1.855718970298767,18,24,75.0,1,True,2016-04-15T00:00:00-06:00,2016-04-16T00:00:00-06:00,2016-04-15T06:00:00Z,µg/m³
logan,S305,3346,305,reference,2016-04-16,0.829,0.0,0.8500000000000001,1.5,1.0638185739517212,22,24,92.0,1,True,2016-04-16T00:00:00-06:00,2016-04-17T00:00:00-06:00,2016-04-16T06:00:00Z,µg/m³
logan,S305,3346,305,reference,2016-04-17,2.42,0.1,2.4,5.5,1.6420246362686157,23,24,96.0,1,True,2016-04-17T00:00:00-06:00,2016-04-18T00:00:00-06:00,2016-04-17T06:00:00Z,µg/m³
logan,S305,3346,305,reference,2016-04-18,1.96,0.3,2.05,4.2,1.0762072801589966,10,24,42.0,0,True,2016-04-18T00:00:00-06:00,2016-04-19T00:00:00-06:00,2016-04-18T06:00:00Z,µg/m³
logan,S305,3346,305,reference,2016-05-16,2.58,0.6,2.95,4.3,1.7750117778778076,10,24,42.0,0,False,2016-05-16T00:00:00-06:00,2016-05-17T00:00:00-06:00,2016-05-16T06:00:00Z,µg/m³
logan,S305,3346,305,reference,2016-05-17,2.04,0.3,1.75,5.1,1.733487844467163,23,24,96.0,1,False,2016-05-17T00:00:00-06:00,2016-05-18T00:00:00-06:00,2016-05-17T06:00:00Z,µg/m³
logan,S305,3346,305,reference,2016-05-18,4.1,1.4,4.0,10.2,2.817835569381714,23,24,96.0,1,True,2016-05-18T00:00:00-06:00,2016-05-19T00:00:00-06:00,2016-05-18T06:00:00Z,µg/m³
logan,S305,3346,305,reference,2016-05-19,4.45,0.9,4.15,8.9,2.190873622894287,24,24,100.0,1,True,2016-05-19T00:00:00-06:00,2016-05-20T00:00:00-06:00,2016-05-19T06:00:00Z,µg/m³
logan,S305,3346,305,reference,2016-05-20,3.11,1.3,2.6,6.2,2.111802577972412,24,24,100.0,1,True,2016-05-20T00:00:00-06:00,2016-05-21T00:00:00-06:00,2016-05-20T06:00:00Z,µg/m³
logan,S305,3346,305,reference,2016-05-21,3.91,0.1,4.1,7.8,2.2455592155456543,24,24,100.0,1,True,2016-05-21T00:00:00-06:00,2016-05-22T00:00:00-06:00,2016-05-21T06:00:00Z,µg/m³
logan,S305,3346,305,reference,2016-05-22,2.55,0.1,2.5,5.7,1.5957143306732178,24,24,100.0,1,False,2016-05-22T00:00:00-06:00,2016-05-23T00:00:00-06:00,2016-05-22T06:00:00Z,µg/m³
logan,S305,3346,305,reference,2016-05-23,2.09,0.1,1.8,4.5,1.7273954153060913,24,24,100.0,1,True,2016-05-23T00:00:00-06:00,2016-05-24T00:00:00-06:00,2016-05-23T06:00:00Z,µg/m³
logan,S305,3346,305,reference,2016-05-24,3.2,0.1,3.6,8.5,1.8296741247177124,23,24,96.0,1,True,2016-05-24T00:00:00-06:00,2016-05-25T00:00:00-06:00,2016-05-24T06:00:00Z,µg/m³
logan,S305,3346,305,reference,2016-05-25,5.08,0.3,4.3,14.6,4.148936748504639,17,24,71.0,0,False,2016-05-25T00:00:00-06:00,2016-05-26T00:00:00-06:00,2016-05-25T06:00:00Z,µg/m³
logan,S305,3346,305,reference,2016-05-26,3.9,0.2,3.55,12.3,2.9421937465667725,24,24,100.0,1,False,2016-05-26T00:00:00-06:00,2016-05-27T00:00:00-06:00,2016-05-26T06:00:00Z,µg/m³
logan,S305,3346,305,reference,2016-05-27,4.11,0.0,4.9,7.0,2.513798236846924,19,24,79.0,1,True,2016-05-27T00:00:00-06:00,2016-05-28T00:00:00-06:00,2016-05-27T06:00:00Z,µg/m³
logan,S305,3346,305,reference,2016-05-28,6.96,4.2,5.9,9.7,2.5323901176452637,5,24,21.0,0,True,2016-05-28T00:00:00-06:00,2016-05-29T00:00:00-06:00,2016-05-28T06:00:00Z,µg/m³
logan,S305,3346,305,reference,2016-05-29,5.5,0.2,5.6,9.8,2.4218060970306396,24,24,100.0,1,False,2016-05-29T00:00:00-06:00,2016-05-30T00:00:00-06:00,2016-05-29T06:00:00Z,µg/m³
logan,S305,3346,305,reference,2016-05-30,3.9,0.0,4.15,6.5,1.8302897214889526,23,24,96.0,1,True,2016-05-30T00:00:00-06:00,2016-05-31T00:00:00-06:00,2016-05-30T06:00:00Z,µg/m³
logan,S305,3346,305,reference,2016-05-31,4.44,1.2,4.6,8.6,1.586878776550293,20,24,83.0,1,True,2016-05-31T00:00:00-06:00,2016-06-01T00:00:00-06:00,2016-05-31T06:00:00Z,µg/m³
logan,S305,3346,305,reference,2016-06-01,4.54,1.2,4.6,9.7,2.071727752685547,22,24,92.0,1,False,2016-06-01T00:00:00-06:00,2016-06-02T00:00:00-06:00,2016-06-01T06:00:00Z,µg/m³
logan,S305,3346,305,reference,2016-06-02,5.1,0.4,5.1,8.3,1.819096565246582,24,24,100.0,1,False,2016-06-02T00:00:00-06:00,2016-06-03T00:00:00-06:00,2016-06-02T06:00:00Z,µg/m³
logan,S305,3346,305,reference,2016-06-03,5.33,1.6,5.3,9.7,2.805873394012451,23,24,96.0,1,False,2016-06-03T00:00:00-06:00,2016-06-04T00:00:00-06:00,2016-06-03T06:00:00Z,µg/m³
logan,S305,3346,305,reference,2016-06-04,3.65,0.0,3.8,7.4,2.0844099521636963,24,24,100.0,1,True,2016-06-04T00:00:00-06:00,2016-06-05T00:00:00-06:00,2016-06-04T06:00:00Z,µg/m³
logan,S305,3346,305,reference,2016-06-05,4.39,0.3,4.2,7.1,2.648858070373535,24,24,100.0,1,True,2016-06-05T00:00:00-06:00,2016-06-06T00:00:00-06:00,2016-06-05T06:00:00Z,µg/m³
logan,S305,3346,305,reference,2016-06-06,5.22,0.5,5.4,8.7,2.5563080310821533,24,24,100.0,1,True,2016-06-06T00:00:00-06:00,2016-06-07T00:00:00-06:00,2016-06-06T06:00:00Z,µg/m³
logan,S305,3346,305,reference,2016-06-07,5.54,1.0,5.300000000000001,11.2,2.3123135566711426,24,24,100.0,1,True,2016-06-07T00:00:00-06:00,2016-06-08T00:00:00-06:00,2016-06-07T06:00:00Z,µg/m³
logan,S305,3346,305,reference,2016-06-08,6.52,1.7,6.7,9.1,2.644806146621704,24,24,100.0,1,False,2016-06-08T00:00:00-06:00,2016-06-09T00:00:00-06:00,2016-06-08T06:00:00Z,µg/m³
logan,S305,3346,305,reference,2016-06-09,6.93,1.9,6.9,12.3,2.227405071258545,21,24,88.0,1,True,2016-06-09T00:00:00-06:00,2016-06-10T00:00:00-06:00,2016-06-09T06:00:00Z,µg/m³
logan,S305,3346,305,reference,2016-06-10,6.82,4.3,7.1,10.6,1.7281975746154785,24,24,100.0,1,False,2016-06-10T00:00:00-06:00,2016-06-11T00:00:00-06:00,2016-06-10T06:00:00Z,µg/m³
logan,S305,3346,305,reference,2016-06-11,6.82,4.5,6.6,11.9,1.7161405086517334,23,24,96.0,1,False,2016-06-11T00:00:00-06:00,2016-06-12T00:00:00-06:00,2016-06-11T06:00:00Z,µg/m³
logan,S305,3346,305,reference,2016-06-12,5.86,2.3,5.800000000000001,10.6,2.1345841884613037,24,24,100.0,1,False,2016-06-12T00:00:00-06:00,2016-06-13T00:00:00-06:00,2016-06-12T06:00:00Z,µg/m³
logan,S305,3346,305,reference,2016-06-13,3.88,0.3,3.6,10.8,2.534254550933838,24,24,100.0,1,False,2016-06-13T00:00:00-06:00,2016-06-14T00:00:00-06:00,2016-06-13T06:00:00Z,µg/m³
logan,S305,3346,305,reference,2016-06-14,3.02,0.8,2.6,7.0,2.2090632915496826,23,24,96.0,1,True,2016-06-14T00:00:00-06:00,2016-06-15T00:00:00-06:00,2016-06-14T06:00:00Z,µg/m³
logan,S305,3346,305,reference,2016-06-15,4.89,2.7,4.9,8.2,1.4691414833068848,22,24,92.0,1,True,2016-06-15T00:00:00-06:00,2016-06-16T00:00:00-06:00,2016-06-15T06:00:00Z,µg/m³
logan,S305,3346,305,reference,2016-06-16,4.19,0.6,4.0,9.7,3.0926015377044678,24,24,100.0,1,True,2016-06-16T00:00:00-06:00,2016-06-17T00:00:00-06:00,2016-06-16T06:00:00Z,µg/m³
logan,S305,3346,305,reference,2016-06-17,4.18,1.7,3.8,7.7,1.675939917564392,23,24,96.0,1,True,2016-06-17T00:00:00-06:00,2016-06-18T00:00:00-06:00,2016-06-17T06:00:00Z,µg/m³
logan,S305,3346,305,reference,2016-06-18,4.71,0.3,4.8,10.7,2.8292794227600098,23,24,96.0,1,True,2016-06-18T00:00:00-06:00,2016-06-19T00:00:00-06:00,2016-06-18T06:00:00Z,µg/m³
logan,S305,3346,305,reference,2016-06-19,3.04,0.4,2.8,7.4,2.16914701461792,24,24,100.0,1,False,2016-06-19T00:00:00-06:00,2016-06-20T00:00:00-06:00,2016-06-19T06:00:00Z,µg/m³
logan,S305,3346,305,reference,2016-06-20,5.63,0.1,5.2,13.2,2.5999011993408203,23,24,96.0,1,True,2016-06-20T00:00:00-06:00,2016-06-21T00:00:00-06:00,2016-06-20T06:00:00Z,µg/m³
logan,S305,3346,305,reference,2016-06-21,5.46,0.5,5.2,10.8,3.130394220352173,23,24,96.0,1,False,2016-06-21T00:00:00-06:00,2016-06-22T00:00:00-06:00,2016-06-21T06:00:00Z,µg/m³
logan,S305,3346,305,reference,2016-06-22,4.95,0.3,5.3,9.1,2.833254814147949,21,24,88.0,1,False,2016-06-22T00:00:00-06:00,2016-06-23T00:00:00-06:00,2016-06-22T06:00:00Z,µg/m³
logan,S305,3346,305,reference,2016-06-23,5.48,1.7,4.7,16.4,4.045394420623779,24,24,100.0,1,True,2016-06-23T00:00:00-06:00,2016-06-24T00:00:00-06:00,2016-06-23T06:00:00Z,µg/m³
logan,S305,3346,305,reference,2016-06-24,5.9,0.0,5.4,12.0,3.026470899581909,23,24,96.0,1,True,2016-06-24T00:00:00-06:00,2016-06-25T00:00:00-06:00,2016-06-24T06:00:00Z,µg/m³
logan,S305,3346,305,reference,2016-06-25,3.84,0.7,2.75,18.4,4.339352607727051,24,24,100.0,1,True,2016-06-25T00:00:00-06:00,2016-06-26T00:00:00-06:00,2016-06-25T06:00:00Z,µg/m³
logan,S305,3346,305,reference,2016-06-26,3.55,0.0,3.5999999999999996,8.3,2.6361966133117676,19,24,79.0,1,True,2016-06-26T00:00:00-06:00,2016-06-27T00:00:00-06:00,2016-06-26T06:00:00Z,µg/m³
logan,S305,3346,305,reference,2016-06-27,6.5,6.1,6.25,7.4,3.527463674545288,5,24,21.0,0,True,2016-06-27T00:00:00-06:00,2016-06-28T00:00:00-06:00,2016-06-27T06:00:00Z,µg/m³
logan,S305,3346,305,reference,2016-06-28,7.6,2.6,7.55,15.0,3.480064868927002,24,24,100.0,1,False,2016-06-28T00:00:00-06:00,2016-06-29T00:00:00-06:00,2016-06-28T06:00:00Z,µg/m³
logan,S305,3346,305,reference,2016-06-29,7.81,0.7,8.4,12.2,3.9051780700683594,24,24,100.0,1,True,2016-06-29T00:00:00-06:00,2016-06-30T00:00:00-06:00,2016-06-29T06:00:00Z,µg/m³
logan,S305,3346,305,reference,2016-06-30,6.44,2.6,6.75,14.3,2.4466333389282227,24,24,100.0,1,False,2016-06-30T00:00:00-06:00,2016-07-01T00:00:00-06:00,2016-06-30T06:00:00Z,µg/m³
logan,S305,3346,305,reference,2016-07-01,6.48,0.8,6.35,11.4,2.8585872650146484,24,24,100.0,1,True,2016-07-01T00:00:00-06:00,2016-07-02T00:00:00-06:00,2016-07-01T06:00:00Z,µg/m³
logan,S305,3346,305,reference,2016-07-02,6.55,0.0,7.15,13.1,3.4454562664031982,22,24,92.0,1,False,2016-07-02T00:00:00-06:00,2016-07-03T00:00:00-06:00,2016-07-02T06:00:00Z,µg/m³
logan,S305,3346,305,reference,2016-07-03,9.2,1.1,8.2,16.8,5.277122497558594,23,24,96.0,1,False,2016-07-03T00:00:00-06:00,2016-07-04T00:00:00-06:00,2016-07-03T06:00:00Z,µg/m³
logan,S305,3346,305,reference,2016-07-04,9.73,0.8,9.2,26.7,4.8953986167907715,24,24,100.0,1,True,2016-07-04T00:00:00-06:00,2016-07-05T00:00:00-06:00,2016-07-04T06:00:00Z,µg/m³
logan,S305,3346,305,reference,2016-07-05,8.06,2.1,8.15,12.9,4.885024070739746,24,24,100.0,1,False,2016-07-05T00:00:00-06:00,2016-07-06T00:00:00-06:00,2016-07-05T06:00:00Z,µg/m³
logan,S305,3346,305,reference,2016-07-06,4.85,1.4,4.6,12.4,3.3830196857452393,23,24,96.0,1,True,2016-07-06T00:00:00-06:00,2016-07-07T00:00:00-06:00,2016-07-06T06:00:00Z,µg/m³
logan,S305,3346,305,reference,2016-07-07,4.34,0.5,4.2,9.6,3.289630174636841,24,24,100.0,1,True,2016-07-07T00:00:00-06:00,2016-07-08T00:00:00-06:00,2016-07-07T06:00:00Z,µg/m³
logan,S305,3346,305,reference,2016-07-08,5.47,0.1,5.3,10.0,2.938748836517334,23,24,96.0,1,True,2016-07-08T00:00:00-06:00,2016-07-09T00:00:00-06:00,2016-07-08T06:00:00Z,µg/m³
logan,S305,3346,305,reference,2016-07-09,6.63,1.1,7.199999999999999,9.9,2.660118818283081,24,24,100.0,1,True,2016-07-09T00:00:00-06:00,2016-07-10T00:00:00-06:00,2016-07-09T06:00:00Z,µg/m³
logan,S305,3346,305,reference,2016-07-10,3.36,0.3,3.25,7.0,1.7166227102279663,24,24,100.0,1,False,2016-07-10T00:00:00-06:00,2016-07-11T00:00:00-06:00,2016-07-10T06:00:00Z,µg/m³
logan,S305,3346,305,reference,2016-07-11,2.96,0.3,3.0,5.7,1.7231552600860596,22,24,92.0,1,False,2016-07-11T00:00:00-06:00,2016-07-12T00:00:00-06:00,2016-07-11T06:00:00Z,µg/m³
logan,S305,3346,305,reference,2016-07-12,3.81,0.3,4.2,8.4,2.825833559036255,23,24,96.0,1,True,2016-07-12T00:00:00-06:00,2016-07-13T00:00:00-06:00,2016-07-12T06:00:00Z,µg/m³
logan,S305,3346,305,reference,2016-07-13,4.25,0.1,4.8,8.2,2.860173463821411,23,24,96.0,1,True,2016-07-13T00:00:00-06:00,2016-07-14T00:00:00-06:00,2016-07-13T06:00:00Z,µg/m³
logan,S305,3346,305,reference,2016-07-14,4.71,0.9,4.15,11.7,2.9481353759765625,23,24,96.0,1,True,2016-07-14T00:00:00-06:00,2016-07-15T00:00:00-06:00,2016-07-14T06:00:00Z,µg/m³
logan,S305,3346,305,reference,2016-07-15,4.47,0.4,4.9,10.2,2.681623935699463,23,24,96.0,1,True,2016-07-15T00:00:00-06:00,2016-07-16T00:00:00-06:00,2016-07-15T06:00:00Z,µg/m³
logan,S305,3346,305,reference,2016-07-16,4.14,0.9,4.7,7.5,3.2732536792755127,23,24,96.0,1,True,2016-07-16T00:00:00-06:00,2016-07-17T00:00:00-06:00,2016-07-16T06:00:00Z,µg/m³
logan,S305,3346,305,reference,2016-07-17,4.9,0.0,4.15,12.1,3.836062431335449,23,24,96.0,1,True,2016-07-17T00:00:00-06:00,2016-07-18T00:00:00-06:00,2016-07-17T06:00:00Z,µg/m³
logan,S305,3346,305,reference,2016-07-18,6.32,0.2,6.1,15.5,4.146411418914795,23,24,96.0,1,True,2016-07-18T00:00:00-06:00,2016-07-19T00:00:00-06:00,2016-07-18T06:00:00Z,µg/m³
logan,S305,3346,305,reference,2016-07-19,4.82,0.8,4.9,8.6,3.199531316757202,21,24,88.0,1,True,2016-07-19T00:00:00-06:00,2016-07-20T00:00:00-06:00,2016-07-19T06:00:00Z,µg/m³
logan,S305,3346,305,reference,2016-07-20,5.71,0.3,5.25,15.0,3.72141170501709,21,24,88.0,1,True,2016-07-20T00:00:00-06:00,2016-07-21T00:00:00-06:00,2016-07-20T06:00:00Z,µg/m³
logan,S305,3346,305,reference,2016-07-21,5.38,0.1,5.2,13.6,3.2814486026763916,21,24,88.0,1,True,2016-07-21T00:00:00-06:00,2016-07-22T00:00:00-06:00,2016-07-21T06:00:00Z,µg/m³
logan,S305,3346,305,reference,2016-07-22,4.95,0.2,4.5,9.2,4.067226886749268,21,24,88.0,1,False,2016-07-22T00:00:00-06:00,2016-07-23T00:00:00-06:00,2016-07-22T06:00:00Z,µg/m³
logan,S305,3346,305,reference,2016-07-23,5.99,0.8,5.85,9.9,3.2939929962158203,22,24,92.0,1,True,2016-07-23T00:00:00-06:00,2016-07-24T00:00:00-06:00,2016-07-23T06:00:00Z,µg/m³
logan,S305,3346,305,reference,2016-07-24,7.27,1.6,7.6,17.7,4.24658203125,24,24,100.0,1,True,2016-07-24T00:00:00-06:00,2016-07-25T00:00:00-06:00,2016-07-24T06:00:00Z,µg/m³
logan,S305,3346,305,reference,2016-07-25,6.99,2.2,6.4,12.3,2.7485833168029785,24,24,100.0,1,True,2016-07-25T00:00:00-06:00,2016-07-26T00:00:00-06:00,2016-07-25T06:00:00Z,µg/m³
logan,S305,3346,305,reference,2016-07-26,8.36,3.7,8.1,13.7,2.988926887512207,19,24,79.0,1,False,2016-07-26T00:00:00-06:00,2016-07-27T00:00:00-06:00,2016-07-26T06:00:00Z,µg/m³
logan,S305,3346,305,reference,2016-07-27,6.65,2.5,6.65,10.8,5.868986129760742,2,24,8.0,0,False,2016-07-27T00:00:00-06:00,2016-07-28T00:00:00-06:00,2016-07-27T06:00:00Z,µg/m³
logan,S305,3346,305,reference,2016-07-28,9.92,2.1,11.1,17.4,4.116120338439941,24,24,100.0,1,False,2016-07-28T00:00:00-06:00,2016-07-29T00:00:00-06:00,2016-07-28T06:00:00Z,µg/m³
logan,S305,3346,305,reference,2016-07-29,8.13,2.9,8.5,14.9,2.94108510017395,24,24,100.0,1,True,2016-07-29T00:00:00-06:00,2016-07-30T00:00:00-06:00,2016-07-29T06:00:00Z,µg/m³
logan,S305,3346,305,reference,2016-07-30,9.41,1.6,9.3,15.8,4.467856407165527,24,24,100.0,1,False,2016-07-30T00:00:00-06:00,2016-07-31T00:00:00-06:00,2016-07-30T06:00:00Z,µg/m³
logan,S305,3346,305,reference,2016-07-31,7.09,4.0,7.1,10.7,1.864149808883667,24,24,100.0,1,True,2016-07-31T00:00:00-06:00,2016-08-01T00:00:00-06:00,2016-07-31T06:00:00Z,µg/m³
logan,S305,3346,305,reference,2016-08-01,9.74,1.4,9.649999999999999,15.4,3.0565414428710938,24,24,100.0,1,False,2016-08-01T00:00:00-06:00,2016-08-02T00:00:00-06:00,2016-08-01T06:00:00Z,µg/m³
logan,S305,3346,305,reference,2016-08-02,14.1,8.7,14.45,18.5,2.9558658599853516,8,24,33.0,0,False,2016-08-02T00:00:00-06:00,2016-08-03T00:00:00-06:00,2016-08-02T06:00:00Z,µg/m³
logan,S305,3346,305,reference,2016-08-03,6.3,3.8,5.2,10.6,2.660200595855713,7,24,29.0,0,False,2016-08-03T00:00:00-06:00,2016-08-04T00:00:00-06:00,2016-08-03T06:00:00Z,µg/m³
logan,S305,3346,305,reference,2016-08-04,17.1,3.4,9.1,51.2,14.688650131225586,24,24,100.0,1,False,2016-08-04T00:00:00-06:00,2016-08-05T00:00:00-06:00,2016-08-04T06:00:00Z,µg/m³
logan,S305,3346,305,reference,2016-08-05,17.4,5.7,17.6,26.8,6.198211669921875,23,24,96.0,1,True,2016-08-05T00:00:00-06:00,2016-08-06T00:00:00-06:00,2016-08-05T06:00:00Z,µg/m³
logan,S305,3346,305,reference,2016-08-06,12.2,1.4,12.85,19.0,5.839854717254639,21,24,88.0,1,False,2016-08-06T00:00:00-06:00,2016-08-07T00:00:00-06:00,2016-08-06T06:00:00Z,µg/m³
logan,S305,3346,305,reference,2016-08-07,7.43,1.7,6.25,14.7,3.6496872901916504,24,24,100.0,1,True,2016-08-07T00:00:00-06:00,2016-08-08T00:00:00-06:00,2016-08-07T06:00:00Z,µg/m³
logan,S305,3346,305,reference,2016-08-08,8.42,3.8,7.55,18.2,4.918947696685791,23,24,96.0,1,True,2016-08-08T00:00:00-06:00,2016-08-09T00:00:00-06:00,2016-08-08T06:00:00Z,µg/m³
logan,S305,3346,305,reference,2016-08-09,7.19,1.2,5.7,17.9,5.180048942565918,21,24,88.0,1,False,2016-08-09T00:00:00-06:00,2016-08-10T00:00:00-06:00,2016-08-09T06:00:00Z,µg/m³
logan,S305,3346,305,reference,2016-08-10,5.39,0.0,5.2,16.2,3.9659762382507324,24,24,100.0,1,True,2016-08-10T00:00:00-06:00,2016-08-11T00:00:00-06:00,2016-08-10T06:00:00Z,µg/m³
logan,S305,3346,305,reference,2016-08-11,6.4,0.2,6.75,13.7,3.75335955619812,23,24,96.0,1,True,2016-08-11T00:00:00-06:00,2016-08-12T00:00:00-06:00,2016-08-11T06:00:00Z,µg/m³
logan,S305,3346,305,reference,2016-08-12,6.07,0.1,4.6,15.7,5.032589435577393,23,24,96.0,1,False,2016-08-12T00:00:00-06:00,2016-08-13T00:00:00-06:00,2016-08-12T06:00:00Z,µg/m³
logan,S305,3346,305,reference,2016-08-13,10.8,4.6,10.45,24.3,4.406615734100342,24,24,100.0,1,True,2016-08-13T00:00:00-06:00,2016-08-14T00:00:00-06:00,2016-08-13T06:00:00Z,µg/m³
logan,S305,3346,305,reference,2016-08-14,11.9,2.8,13.2,19.4,5.011898994445801,24,24,100.0,1,False,2016-08-14T00:00:00-06:00,2016-08-15T00:00:00-06:00,2016-08-14T06:00:00Z,µg/m³
logan,S305,3346,305,reference,2016-08-15,6.05,0.6,6.0,13.4,3.8359262943267822,24,24,100.0,1,False,2016-08-15T00:00:00-06:00,2016-08-16T00:00:00-06:00,2016-08-15T06:00:00Z,µg/m³
logan,S305,3346,305,reference,2016-08-16,4.98,0.2,5.15,9.8,3.0988640785217285,16,24,67.0,0,True,2016-08-16T00:00:00-06:00,2016-08-17T00:00:00-06:00,2016-08-16T06:00:00Z,µg/m³
logan,S305,3346,305,reference,2016-08-17,6.46,0.2,5.800000000000001,13.9,4.025774002075195,15,24,63.0,0,False,2016-08-17T00:00:00-06:00,2016-08-18T00:00:00-06:00,2016-08-17T06:00:00Z,µg/m³
logan,S305,3346,305,reference,2016-08-18,8.08,2.9,6.4,20.1,5.071229934692383,24,24,100.0,1,True,2016-08-18T00:00:00-06:00,2016-08-19T00:00:00-06:00,2016-08-18T06:00:00Z,µg/m³
logan,S305,3346,305,reference,2016-08-19,9.59,4.1,10.0,14.7,2.9942831993103027,23,24,96.0,1,True,2016-08-19T00:00:00-06:00,2016-08-20T00:00:00-06:00,2016-08-19T06:00:00Z,µg/m³
logan,S305,3346,305,reference,2016-08-20,7.23,1.0,7.45,13.7,3.510512113571167,24,24,100.0,1,False,2016-08-20T00:00:00-06:00,2016-08-21T00:00:00-06:00,2016-08-20T06:00:00Z,µg/m³
logan,S305,3346,305,reference,2016-08-21,10.3,0.4,10.3,17.0,4.7054924964904785,23,24,96.0,1,False,2016-08-21T00:00:00-06:00,2016-08-22T00:00:00-06:00,2016-08-21T06:00:00Z,µg/m³
logan,S305,3346,305,reference,2016-08-22,9.34,0.7,10.3,16.7,4.208456039428711,22,24,92.0,1,False,2016-08-22T00:00:00-06:00,2016-08-23T00:00:00-06:00,2016-08-22T06:00:00Z,µg/m³
logan,S305,3346,305,reference,2016-08-23,8.95,0.5,7.75,26.0,7.144430160522461,24,24,100.0,1,False,2016-08-23T00:00:00-06:00,2016-08-24T00:00:00-06:00,2016-08-23T06:00:00Z,µg/m³
logan,S305,3346,305,reference,2016-08-24,15.0,2.2,10.0,40.0,11.903743743896484,24,24,100.0,1,True,2016-08-24T00:00:00-06:00,2016-08-25T00:00:00-06:00,2016-08-24T06:00:00Z,µg/m³
logan,S305,3346,305,reference,2016-08-25,12.7,3.3,13.25,22.2,5.896440029144287,18,24,75.0,1,True,2016-08-25T00:00:00-06:00,2016-08-26T00:00:00-06:00,2016-08-25T06:00:00Z,µg/m³
logan,S305,3346,305,reference,2016-08-26,11.7,5.6,10.9,19.1,5.366097450256348,5,24,21.0,0,False,2016-08-26T00:00:00-06:00,2016-08-27T00:00:00-06:00,2016-08-26T06:00:00Z,µg/m³
logan,S305,3346,305,reference,2016-08-27,9.81,2.1,11.0,15.4,5.6522345542907715,24,24,100.0,1,False,2016-08-27T00:00:00-06:00,2016-08-28T00:00:00-06:00,2016-08-27T06:00:00Z,µg/m³
logan,S305,3346,305,reference,2016-08-28,9.99,2.2,8.0,27.2,6.630985736846924,20,24,83.0,1,True,2016-08-28T00:00:00-06:00,2016-08-29T00:00:00-06:00,2016-08-28T06:00:00Z,µg/m³
logan,S305,3346,305,reference,2016-08-29,5.6,0.5,4.2,16.6,4.553455829620361,22,24,92.0,1,True,2016-08-29T00:00:00-06:00,2016-08-30T00:00:00-06:00,2016-08-29T06:00:00Z,µg/m³
logan,S305,3346,305,reference,2016-08-30,10.2,1.7,9.7,20.4,6.539040565490723,20,24,83.0,1,True,2016-08-30T00:00:00-06:00,2016-08-31T00:00:00-06:00,2016-08-30T06:00:00Z,µg/m³
logan,S305,3346,305,reference,2016-08-31,15.1,4.1,16.55,23.9,8.624717712402344,20,24,83.0,1,False,2016-08-31T00:00:00-06:00,2016-09-01T00:00:00-06:00,2016-08-31T06:00:00Z,µg/m³
logan,S305,3346,305,reference,2016-09-01,11.3,5.3,10.7,22.5,6.735884666442871,21,24,88.0,1,True,2016-09-01T00:00:00-06:00,2016-09-02T00:00:00-06:00,2016-09-01T06:00:00Z,µg/m³
logan,S305,3346,305,reference,2016-09-02,6.97,1.1,7.5,11.9,3.054091215133667,20,24,83.0,1,True,2016-09-02T00:00:00-06:00,2016-09-03T00:00:00-06:00,2016-09-02T06:00:00Z,µg/m³
logan,S305,3346,305,reference,2016-09-03,6.27,0.4,5.9,18.1,4.155768871307373,24,24,100.0,1,False,2016-09-03T00:00:00-06:00,2016-09-04T00:00:00-06:00,2016-09-03T06:00:00Z,µg/m³
logan,S305,3346,305,reference,2016-09-04,4.77,0.1,4.25,12.5,3.6417839527130127,24,24,100.0,1,False,2016-09-04T00:00:00-06:00,2016-09-05T00:00:00-06:00,2016-09-04T06:00:00Z,µg/m³
logan,S305,3346,305,reference,2016-09-05,4.39,0.0,3.6,14.4,3.357856273651123,24,24,100.0,1,True,2016-09-05T00:00:00-06:00,2016-09-06T00:00:00-06:00,2016-09-05T06:00:00Z,µg/m³
logan,S305,3346,305,reference,2016-09-06,6.59,2.7,6.25,10.9,2.8584179878234863,23,24,96.0,1,True,2016-09-06T00:00:00-06:00,2016-09-07T00:00:00-06:00,2016-09-06T06:00:00Z,µg/m³
logan,S305,3346,305,reference,2016-09-07,7.42,1.2,6.6,30.2,6.621429920196533,21,24,88.0,1,True,2016-09-07T00:00:00-06:00,2016-09-08T00:00:00-06:00,2016-09-07T06:00:00Z,µg/m³
logan,S305,3346,305,reference,2016-09-08,7.47,0.0,3.75,30.0,8.61124324798584,22,24,92.0,1,True,2016-09-08T00:00:00-06:00,2016-09-09T00:00:00-06:00,2016-09-08T06:00:00Z,µg/m³
logan,S305,3346,305,reference,2016-09-09,3.71,0.0,3.0,8.5,2.59509015083313,24,24,100.0,1,True,2016-09-09T00:00:00-06:00,2016-09-10T00:00:00-06:00,2016-09-09T06:00:00Z,µg/m³
logan,S305,3346,305,reference,2016-09-10,6.05,0.3,5.4,16.8,4.436495304107666,23,24,96.0,1,True,2016-09-10T00:00:00-06:00,2016-09-11T00:00:00-06:00,2016-09-10T06:00:00Z,µg/m³
logan,S305,3346,305,reference,2016-09-11,6.74,0.5,4.7,34.8,7.825437545776367,21,24,88.0,1,True,2016-09-11T00:00:00-06:00,2016-09-12T00:00:00-06:00,2016-09-11T06:00:00Z,µg/m³
logan,S305,3346,305,reference,2016-09-12,8.89,1.3,5.9,40.3,9.611330032348633,24,24,100.0,1,False,2016-09-12T00:00:00-06:00,2016-09-13T00:00:00-06:00,2016-09-12T06:00:00Z,µg/m³
logan,S305,3346,305,reference,2016-09-13,10.7,2.9,9.15,26.0,6.345503330230713,23,24,96.0,1,True,2016-09-13T00:00:00-06:00,2016-09-14T00:00:00-06:00,2016-09-13T06:00:00Z,µg/m³
logan,S305,3346,305,reference,2016-09-14,10.2,1.3,6.8,25.6,8.692724227905273,20,24,83.0,1,True,2016-09-14T00:00:00-06:00,2016-09-15T00:00:00-06:00,2016-09-14T06:00:00Z,µg/m³
logan,S305,3346,305,reference,2016-09-15,7.86,1.2,7.5,19.1,4.6246795654296875,24,24,100.0,1,True,2016-09-15T00:00:00-06:00,2016-09-16T00:00:00-06:00,2016-09-15T06:00:00Z,µg/m³
logan,S305,3346,305,reference,2016-09-16,8.1,1.2,8.0,21.0,5.754824638366699,22,24,92.0,1,True,2016-09-16T00:00:00-06:00,2016-09-17T00:00:00-06:00,2016-09-16T06:00:00Z,µg/m³
logan,S305,3346,305,reference,2016-09-17,8.9,2.8,6.65,30.6,7.587231636047363,22,24,92.0,1,True,2016-09-17T00:00:00-06:00,2016-09-18T00:00:00-06:00,2016-09-17T06:00:00Z,µg/m³
logan,S305,3346,305,reference,2016-09-18,7.04,0.0,5.45,22.8,6.4331865310668945,23,24,96.0,1,False,2016-09-18T00:00:00-06:00,2016-09-19T00:00:00-06:00,2016-09-18T06:00:00Z,µg/m³
logan,S305,3346,305,reference,2016-09-19,6.46,0.8,5.9,15.2,5.521584510803223,20,24,83.0,1,True,2016-09-19T00:00:00-06:00,2016-09-20T00:00:00-06:00,2016-09-19T06:00:00Z,µg/m³
logan,S305,3346,305,reference,2016-09-20,8.79,0.6,6.25,20.2,7.405993938446045,22,24,92.0,1,True,2016-09-20T00:00:00-06:00,2016-09-21T00:00:00-06:00,2016-09-20T06:00:00Z,µg/m³
logan,S305,3346,305,reference,2016-09-21,12.3,3.1,10.5,41.6,10.488131523132324,23,24,96.0,1,True,2016-09-21T00:00:00-06:00,2016-09-22T00:00:00-06:00,2016-09-21T06:00:00Z,µg/m³
logan,S305,3346,305,reference,2016-09-22,35.5,7.5,39.85,48.1,9.922975540161133,24,24,100.0,1,True,2016-09-22T00:00:00-06:00,2016-09-23T00:00:00-06:00,2016-09-22T06:00:00Z,µg/m³
logan,S305,3346,305,reference,2016-09-23,7.38,0.7,4.8,25.2,7.394708633422852,15,24,63.0,0,True,2016-09-23T00:00:00-06:00,2016-09-24T00:00:00-06:00,2016-09-23T06:00:00Z,µg/m³
logan,S305,3346,305,reference,2016-09-24,8.16,1.0,3.4,23.4,8.416810035705566,13,24,54.0,0,True,2016-09-24T00:00:00-06:00,2016-09-25T00:00:00-06:00,2016-09-24T06:00:00Z,µg/m³
logan,S305,3346,305,reference,2016-09-25,3.53,0.0,4.4,5.3,2.4554362297058105,4,24,17.0,0,True,2016-09-25T00:00:00-06:00,2016-09-26T00:00:00-06:00,2016-09-25T06:00:00Z,µg/m³
logan,S305,3346,305,reference,2016-09-26,6.36,1.7,5.7,13.6,3.9002127647399902,23,24,96.0,1,False,2016-09-26T00:00:00-06:00,2016-09-27T00:00:00-06:00,2016-09-26T06:00:00Z,µg/m³
logan,S305,3346,305,reference,2016-09-27,7.16,1.1,6.5,16.2,4.221065044403076,24,24,100.0,1,True,2016-09-27T00:00:00-06:00,2016-09-28T00:00:00-06:00,2016-09-27T06:00:00Z,µg/m³
logan,S305,3346,305,reference,2016-09-28,11.7,4.1,11.05,25.4,6.393949508666992,24,24,100.0,1,False,2016-09-28T00:00:00-06:00,2016-09-29T00:00:00-06:00,2016-09-28T06:00:00Z,µg/m³
logan,S305,3346,305,reference,2016-09-29,17.8,8.8,17.0,28.2,5.05842924118042,23,24,96.0,1,True,2016-09-29T00:00:00-06:00,2016-09-30T00:00:00-06:00,2016-09-29T06:00:00Z,µg/m³
logan,S305,3346,305,reference,2016-09-30,16.1,7.9,15.5,25.8,5.386817932128906,24,24,100.0,1,False,2016-09-30T00:00:00-06:00,2016-10-01T00:00:00-06:00,2016-09-30T06:00:00Z,µg/m³
logan,S305,3346,305,reference,2016-10-01,12.2,2.4,12.2,25.7,7.109137535095215,24,24,100.0,1,False,2016-10-01T00:00:00-06:00,2016-10-02T00:00:00-06:00,2016-10-01T06:00:00Z,µg/m³
logan,S305,3346,305,reference,2016-10-02,15.5,1.0,15.85,27.2,8.385482788085938,23,24,96.0,1,False,2016-10-02T00:00:00-06:00,2016-10-03T00:00:00-06:00,2016-10-02T06:00:00Z,µg/m³
logan,S305,3346,305,reference,2016-10-03,9.02,0.9,8.9,22.0,8.219372749328613,7,24,29.0,0,True,2016-10-03T00:00:00-06:00,2016-10-04T00:00:00-06:00,2016-10-03T06:00:00Z,µg/m³
logan,S305,3346,305,reference,2016-10-04,2.18,0.1,2.5,4.7,2.6819260120391846,11,24,46.0,0,True,2016-10-04T00:00:00-06:00,2016-10-05T00:00:00-06:00,2016-10-04T06:00:00Z,µg/m³
logan,S305,3346,305,reference,2016-10-05,2.55,0.2,2.5,4.9,1.6948291063308716,24,24,100.0,1,True,2016-10-05T00:00:00-06:00,2016-10-06T00:00:00-06:00,2016-10-05T06:00:00Z,µg/m³
logan,S305,3346,305,reference,2016-10-06,3.7,1.2,3.55,6.3,1.4135985374450684,24,24,100.0,1,True,2016-10-06T00:00:00-06:00,2016-10-07T00:00:00-06:00,2016-10-06T06:00:00Z,µg/m³
logan,S305,3346,305,reference,2016-10-07,3.69,1.5,3.3,10.1,2.0399630069732666,24,24,100.0,1,True,2016-10-07T00:00:00-06:00,2016-10-08T00:00:00-06:00,2016-10-07T06:00:00Z,µg/m³
logan,S305,3346,305,reference,2016-10-08,3.6,0.5,3.4,6.3,2.1391236782073975,23,24,96.0,1,True,2016-10-08T00:00:00-06:00,2016-10-09T00:00:00-06:00,2016-10-08T06:00:00Z,µg/m³
logan,S305,3346,305,reference,2016-10-09,5.91,2.5,5.75,11.4,2.2485382556915283,24,24,100.0,1,True,2016-10-09T00:00:00-06:00,2016-10-10T00:00:00-06:00,2016-10-09T06:00:00Z,µg/m³
logan,S305,3346,305,reference,2016-10-10,5.16,1.0,4.4,17.1,3.772123098373413,24,24,100.0,1,False,2016-10-10T00:00:00-06:00,2016-10-11T00:00:00-06:00,2016-10-10T06:00:00Z,µg/m³
logan,S305,3346,305,reference,2016-10-11,3.71,0.4,3.3,9.5,2.4317309856414795,24,24,100.0,1,False,2016-10-11T00:00:00-06:00,2016-10-12T00:00:00-06:00,2016-10-11T06:00:00Z,µg/m³
logan,S305,3346,305,reference,2016-10-12,3.45,0.9,3.05,9.4,2.242459297180176,24,24,100.0,1,True,2016-10-12T00:00:00-06:00,2016-10-13T00:00:00-06:00,2016-10-12T06:00:00Z,µg/m³
logan,S305,3346,305,reference,2016-10-13,5.88,0.5,5.2,11.9,3.3198323249816895,24,24,100.0,1,True,2016-10-13T00:00:00-06:00,2016-10-14T00:00:00-06:00,2016-10-13T06:00:00Z,µg/m³
logan,S305,3346,305,reference,2016-10-14,13.2,0.2,5.25,87.5,23.04616355895996,22,24,92.0,1,False,2016-10-14T00:00:00-06:00,2016-10-15T00:00:00-06:00,2016-10-14T06:00:00Z,µg/m³
logan,S305,3346,305,reference,2016-10-15,16.7,6.2,15.7,42.8,7.639446258544922,24,24,100.0,1,True,2016-10-15T00:00:00-06:00,2016-10-16T00:00:00-06:00,2016-10-15T06:00:00Z,µg/m³
logan,S305,3346,305,reference,2016-10-16,8.44,0.2,7.25,24.1,7.809072971343994,21,24,88.0,1,False,2016-10-16T00:00:00-06:00,2016-10-17T00:00:00-06:00,2016-10-16T06:00:00Z,µg/m³
logan,S305,3346,305,reference,2016-10-17,1.27,0.1,0.9,3.9,1.85932195186615,22,24,92.0,1,True,2016-10-17T00:00:00-06:00,2016-10-18T00:00:00-06:00,2016-10-17T06:00:00Z,µg/m³
logan,S305,3346,305,reference,2016-10-18,3.19,0.3,2.7,7.0,1.920772671699524,23,24,96.0,1,True,2016-10-18T00:00:00-06:00,2016-10-19T00:00:00-06:00,2016-10-18T06:00:00Z,µg/m³
logan,S305,3346,305,reference,2016-10-19,3.19,0.5,2.5,6.5,1.7648695707321167,24,24,100.0,1,True,2016-10-19T00:00:00-06:00,2016-10-20T00:00:00-06:00,2016-10-19T06:00:00Z,µg/m³
logan,S305,3346,305,reference,2016-10-20,4.48,0.1,4.8,8.4,2.3535356521606445,24,24,100.0,1,False,2016-10-20T00:00:00-06:00,2016-10-21T00:00:00-06:00,2016-10-20T06:00:00Z,µg/m³
logan,S305,3346,305,reference,2016-10-21,7.47,0.3,7.75,13.0,3.5689074993133545,24,24,100.0,1,True,2016-10-21T00:00:00-06:00,2016-10-22T00:00:00-06:00,2016-10-21T06:00:00Z,µg/m³
logan,S305,3346,305,reference,2016-10-22,8.37,2.1,8.1,12.5,2.787156820297241,24,24,100.0,1,False,2016-10-22T00:00:00-06:00,2016-10-23T00:00:00-06:00,2016-10-22T06:00:00Z,µg/m³
logan,S305,3346,305,reference,2016-10-23,8.21,3.6,7.45,14.1,2.7843213081359863,24,24,100.0,1,False,2016-10-23T00:00:00-06:00,2016-10-24T00:00:00-06:00,2016-10-23T06:00:00Z,µg/m³
logan,S305,3346,305,reference,2016-10-24,13.8,4.4,12.5,24.4,6.578607082366943,19,24,79.0,1,False,2016-10-24T00:00:00-06:00,2016-10-25T00:00:00-06:00,2016-10-24T06:00:00Z,µg/m³
logan,S305,3346,305,reference,2016-10-25,6.4,4.9,7.0,7.3,3.872079610824585,5,24,21.0,0,False,2016-10-25T00:00:00-06:00,2016-10-26T00:00:00-06:00,2016-10-25T06:00:00Z,µg/m³
logan,S305,3346,305,reference,2016-10-26,,,,,2.1656408309936523,3,24,13.0,0,False,2016-10-26T00:00:00-06:00,2016-10-27T00:00:00-06:00,2016-10-26T06:00:00Z,µg/m³
logan,S305,3346,305,reference,2016-11-15,7.34,3.8,6.0,15.6,4.981990337371826,12,24,50.0,0,False,2016-11-15T00:00:00-07:00,2016-11-16T00:00:00-07:00,2016-11-15T07:00:00Z,µg/m³
logan,S305,3346,305,reference,2016-11-16,5.17,1.5,4.5,11.4,3.1802802085876465,11,24,46.0,0,True,2016-11-16T00:00:00-07:00,2016-11-17T00:00:00-07:00,2016-11-16T07:00:00Z,µg/m³
logan,S305,3346,305,reference,2016-11-17,3.06,0.0,3.3,4.8,1.5801786184310913,8,24,33.0,0,True,2016-11-17T00:00:00-07:00,2016-11-18T00:00:00-07:00,2016-11-17T07:00:00Z,µg/m³
logan,S305,3346,305,reference,2016-11-18,4.74,0.2,4.5,17.1,3.4782865047454834,21,24,88.0,1,False,2016-11-18T00:00:00-07:00,2016-11-19T00:00:00-07:00,2016-11-18T07:00:00Z,µg/m³
logan,S305,3346,305,reference,2016-11-19,7.25,2.5,7.25,12.7,2.6487042903900146,24,24,100.0,1,False,2016-11-19T00:00:00-07:00,2016-11-20T00:00:00-07:00,2016-11-19T07:00:00Z,µg/m³
logan,S305,3346,305,reference,2016-11-20,8.72,7.0,8.75,10.9,1.4497126340866089,6,24,25.0,0,False,2016-11-20T00:00:00-07:00,2016-11-21T00:00:00-07:00,2016-11-20T07:00:00Z,µg/m³
logan,S305,3346,305,reference,2016-11-23,3.44,0.8,3.5,5.5,1.71061110496521,7,24,29.0,0,False,2016-11-23T00:00:00-07:00,2016-11-24T00:00:00-07:00,2016-11-23T07:00:00Z,µg/m³
logan,S305,3346,305,reference,2016-11-24,3.64,1.5,4.5,5.4,2.759528875350952,6,24,25.0,0,False,2016-11-24T00:00:00-07:00,2016-11-25T00:00:00-07:00,2016-11-24T07:00:00Z,µg/m³
logan,S305,3346,305,reference,2016-11-25,4.62,0.4,4.3,10.4,2.7662432193756104,24,24,100.0,1,False,2016-11-25T00:00:00-07:00,2016-11-26T00:00:00-07:00,2016-11-25T07:00:00Z,µg/m³
logan,S305,3346,305,reference,2016-11-26,8.76,1.3,9.2,16.3,4.280269622802734,24,24,100.0,1,True,2016-11-26T00:00:00-07:00,2016-11-27T00:00:00-07:00,2016-11-26T07:00:00Z,µg/m³
logan,S305,3346,305,reference,2016-11-27,2.53,0.3,2.5,5.1,1.6058261394500732,24,24,100.0,1,False,2016-11-27T00:00:00-07:00,2016-11-28T00:00:00-07:00,2016-11-27T07:00:00Z,µg/m³
logan,S305,3346,305,reference,2016-11-28,1.83,0.0,1.7,3.4,0.9856855869293213,24,24,100.0,1,False,2016-11-28T00:00:00-07:00,2016-11-29T00:00:00-07:00,2016-11-28T07:00:00Z,µg/m³
logan,S305,3346,305,reference,2016-11-29,2.81,0.1,2.8499999999999996,7.1,1.6993824243545532,22,24,92.0,1,True,2016-11-29T00:00:00-07:00,2016-11-30T00:00:00-07:00,2016-11-29T07:00:00Z,µg/m³
logan,S305,3346,305,reference,2016-11-30,5.4,1.6,4.9,10.4,1.915610909461975,24,24,100.0,1,True,2016-11-30T00:00:00-07:00,2016-12-01T00:00:00-07:00,2016-11-30T07:00:00Z,µg/m³
logan,S305,3346,305,reference,2016-12-01,4.45,0.2,4.7,7.4,2.192274808883667,24,24,100.0,1,False,2016-12-01T00:00:00-07:00,2016-12-02T00:00:00-07:00,2016-12-01T07:00:00Z,µg/m³
logan,S305,3346,305,reference,2016-12-02,3.97,1.1,3.55,7.6,1.6567330360412598,24,24,100.0,1,False,2016-12-02T00:00:00-07:00,2016-12-03T00:00:00-07:00,2016-12-02T07:00:00Z,µg/m³
logan,S305,3346,305,reference,2016-12-03,8.15,3.6,8.4,13.1,3.065232753753662,24,24,100.0,1,False,2016-12-03T00:00:00-07:00,2016-12-04T00:00:00-07:00,2016-12-03T07:00:00Z,µg/m³
logan,S305,3346,305,reference,2016-12-04,8.16,2.5,7.1,15.2,4.035528182983398,24,24,100.0,1,False,2016-12-04T00:00:00-07:00,2016-12-05T00:00:00-07:00,2016-12-04T07:00:00Z,µg/m³
logan,S305,3346,305,reference,2016-12-05,2.08,0.3,1.7,6.4,1.8179011344909668,24,24,100.0,1,False,2016-12-05T00:00:00-07:00,2016-12-06T00:00:00-07:00,2016-12-05T07:00:00Z,µg/m³
logan,S305,3346,305,reference,2016-12-06,3.85,1.4,3.75,8.2,2.4623730182647705,23,24,96.0,1,True,2016-12-06T00:00:00-07:00,2016-12-07T00:00:00-07:00,2016-12-06T07:00:00Z,µg/m³
logan,S305,3346,305,reference,2016-12-07,3.05,0.0,3.45,6.9,1.9726489782333374,23,24,96.0,1,True,2016-12-07T00:00:00-07:00,2016-12-08T00:00:00-07:00,2016-12-07T07:00:00Z,µg/m³
logan,S305,3346,305,reference,2016-12-08,5.31,0.3,6.050000000000001,10.1,2.6022510528564453,22,24,92.0,1,False,2016-12-08T00:00:00-07:00,2016-12-09T00:00:00-07:00,2016-12-08T07:00:00Z,µg/m³
logan,S305,3346,305,reference,2016-12-09,10.3,6.2,9.15,16.7,3.2653539180755615,24,24,100.0,1,True,2016-12-09T00:00:00-07:00,2016-12-10T00:00:00-07:00,2016-12-09T07:00:00Z,µg/m³
logan,S305,3346,305,reference,2016-12-10,4.75,0.1,3.4,10.9,3.584303140640259,24,24,100.0,1,False,2016-12-10T00:00:00-07:00,2016-12-11T00:00:00-07:00,2016-12-10T07:00:00Z,µg/m³
logan,S305,3346,305,reference,2016-12-11,2.88,1.0,2.5,5.3,1.4338786602020264,23,24,96.0,1,False,2016-12-11T00:00:00-07:00,2016-12-12T00:00:00-07:00,2016-12-11T07:00:00Z,µg/m³
logan,S305,3346,305,reference,2016-12-12,4.72,0.5,4.05,14.1,3.7504396438598633,24,24,100.0,1,True,2016-12-12T00:00:00-07:00,2016-12-13T00:00:00-07:00,2016-12-12T07:00:00Z,µg/m³
logan,S305,3346,305,reference,2016-12-13,3.81,0.0,3.6500000000000004,8.7,2.3061821460723877,21,24,88.0,1,False,2016-12-13T00:00:00-07:00,2016-12-14T00:00:00-07:00,2016-12-13T07:00:00Z,µg/m³
logan,S305,3346,305,reference,2016-12-14,6.15,1.8,6.1,12.1,2.8133223056793213,24,24,100.0,1,True,2016-12-14T00:00:00-07:00,2016-12-15T00:00:00-07:00,2016-12-14T07:00:00Z,µg/m³
logan,S305,3346,305,reference,2016-12-15,9.68,1.1,8.600000000000001,17.4,4.7088494300842285,24,24,100.0,1,False,2016-12-15T00:00:00-07:00,2016-12-16T00:00:00-07:00,2016-12-15T07:00:00Z,µg/m³
logan,S305,3346,305,reference,2016-12-16,1.86,0.0,1.9,2.9,1.986369013786316,17,24,71.0,0,False,2016-12-16T00:00:00-07:00,2016-12-17T00:00:00-07:00,2016-12-16T07:00:00Z,µg/m³
logan,S305,3346,305,reference,2016-12-17,3.3,3.3,3.3,3.3,,1,24,4.0,0,True,2016-12-17T00:00:00-07:00,2016-12-18T00:00:00-07:00,2016-12-17T07:00:00Z,µg/m³
logan,S305,3346,305,reference,2016-12-18,5.17,1.1,4.5,10.7,2.4250993728637695,23,24,96.0,1,False,2016-12-18T00:00:00-07:00,2016-12-19T00:00:00-07:00,2016-12-18T07:00:00Z,µg/m³
logan,S305,3346,305,reference,2016-12-19,9.26,3.3,9.55,13.7,3.4169018268585205,23,24,96.0,1,False,2016-12-19T00:00:00-07:00,2016-12-20T00:00:00-07:00,2016-12-19T07:00:00Z,µg/m³
logan,S305,3346,305,reference,2016-12-20,14.4,3.6,15.350000000000001,19.0,4.0872015953063965,24,24,100.0,1,True,2016-12-20T00:00:00-07:00,2016-12-21T00:00:00-07:00,2016-12-20T07:00:00Z,µg/m³
logan,S305,3346,305,reference,2016-12-21,7.85,2.8,6.05,17.0,4.137106895446777,24,24,100.0,1,False,2016-12-21T00:00:00-07:00,2016-12-22T00:00:00-07:00,2016-12-21T07:00:00Z,µg/m³
logan,S305,3346,305,reference,2016-12-22,7.43,2.7,7.050000000000001,13.5,3.987802505493164,23,24,96.0,1,False,2016-12-22T00:00:00-07:00,2016-12-23T00:00:00-07:00,2016-12-22T07:00:00Z,µg/m³
logan,S305,3346,305,reference,2016-12-23,12.8,7.0,12.0,25.0,4.504141807556152,16,24,67.0,0,True,2016-12-23T00:00:00-07:00,2016-12-24T00:00:00-07:00,2016-12-23T07:00:00Z,µg/m³
logan,S305,3346,305,reference,2016-12-24,1.95,0.7,1.35,4.3,1.4474115371704102,6,24,25.0,0,False,2016-12-24T00:00:00-07:00,2016-12-25T00:00:00-07:00,2016-12-24T07:00:00Z,µg/m³
logan,S305,3346,305,reference,2016-12-25,2.34,0.1,1.6,6.2,1.7767775058746338,24,24,100.0,1,False,2016-12-25T00:00:00-07:00,2016-12-26T00:00:00-07:00,2016-12-25T07:00:00Z,µg/m³
logan,S305,3346,305,reference,2016-12-26,8.99,2.2,8.5,30.7,6.665286540985107,18,24,75.0,1,True,2016-12-26T00:00:00-07:00,2016-12-27T00:00:00-07:00,2016-12-26T07:00:00Z,µg/m³
logan,S305,3346,305,reference,2016-12-27,12.0,7.3,11.6,20.6,3.6304268836975098,23,24,96.0,1,True,2016-12-27T00:00:00-07:00,2016-12-28T00:00:00-07:00,2016-12-27T07:00:00Z,µg/m³
logan,S305,3346,305,reference,2016-12-28,8.52,0.2,5.5,23.3,6.795831203460693,23,24,96.0,1,False,2016-12-28T00:00:00-07:00,2016-12-29T00:00:00-07:00,2016-12-28T07:00:00Z,µg/m³
logan,S305,3346,305,reference,2016-12-29,10.0,1.4,9.0,38.0,7.088245391845703,22,24,92.0,1,False,2016-12-29T00:00:00-07:00,2016-12-30T00:00:00-07:00,2016-12-29T07:00:00Z,µg/m³
logan,S305,3346,305,reference,2016-12-30,26.1,7.3,27.45,39.2,8.661307334899902,24,24,100.0,1,False,2016-12-30T00:00:00-07:00,2016-12-31T00:00:00-07:00,2016-12-30T07:00:00Z,µg/m³
logan,S305,3346,305,reference,2016-12-31,32.2,17.0,30.450000000000003,53.0,12.256284713745117,24,24,100.0,1,False,2016-12-31T00:00:00-07:00,2017-01-01T00:00:00-07:00,2016-12-31T07:00:00Z,µg/m³
logan,S305,3346,305,reference,2017-01-01,21.2,16.0,21.1,29.5,3.3100528717041016,24,24,100.0,1,False,2017-01-01T00:00:00-07:00,2017-01-02T00:00:00-07:00,2017-01-01T07:00:00Z,µg/m³
logan,S305,3346,305,reference,2017-01-02,16.0,3.9,14.7,29.5,7.554267406463623,24,24,100.0,1,False,2017-01-02T00:00:00-07:00,2017-01-03T00:00:00-07:00,2017-01-02T07:00:00Z,µg/m³
logan,S305,3346,305,reference,2017-01-03,13.9,2.8,14.25,18.9,3.4978227615356445,24,24,100.0,1,False,2017-01-03T00:00:00-07:00,2017-01-04T00:00:00-07:00,2017-01-03T07:00:00Z,µg/m³
logan,S305,3346,305,reference,2017-01-04,15.8,0.4,20.15,27.6,10.788748741149902,24,24,100.0,1,False,2017-01-04T00:00:00-07:00,2017-01-05T00:00:00-07:00,2017-01-04T07:00:00Z,µg/m³
logan,S305,3346,305,reference,2017-01-05,6.69,0.0,4.1,46.7,10.227850914001465,23,24,96.0,1,True,2017-01-05T00:00:00-07:00,2017-01-06T00:00:00-07:00,2017-01-05T07:00:00Z,µg/m³
logan,S305,3346,305,reference,2017-01-06,22.7,8.6,21.9,62.9,10.595627784729004,21,24,88.0,1,True,2017-01-06T00:00:00-07:00,2017-01-07T00:00:00-07:00,2017-01-06T07:00:00Z,µg/m³
logan,S305,3346,305,reference,2017-01-07,35.3,19.8,36.5,53.5,10.066861152648926,23,24,96.0,1,True,2017-01-07T00:00:00-07:00,2017-01-08T00:00:00-07:00,2017-01-07T07:00:00Z,µg/m³
logan,S305,3346,305,reference,2017-01-08,32.0,4.1,34.95,42.4,10.594768524169922,24,24,100.0,1,False,2017-01-08T00:00:00-07:00,2017-01-09T00:00:00-07:00,2017-01-08T07:00:00Z,µg/m³
logan,S305,3346,305,reference,2017-01-09,2.72,0.5,1.4,8.6,3.0652642250061035,22,24,92.0,1,False,2017-01-09T00:00:00-07:00,2017-01-10T00:00:00-07:00,2017-01-09T07:00:00Z,µg/m³
logan,S305,3346,305,reference,2017-01-10,1.67,0.2,1.25,5.7,1.8366981744766235,24,24,100.0,1,True,2017-01-10T00:00:00-07:00,2017-01-11T00:00:00-07:00,2017-01-10T07:00:00Z,µg/m³
logan,S305,3346,305,reference,2017-01-11,1.76,0.0,1.85,3.4,1.4577876329421997,24,24,100.0,1,True,2017-01-11T00:00:00-07:00,2017-01-12T00:00:00-07:00,2017-01-11T07:00:00Z,µg/m³
logan,S305,3346,305,reference,2017-01-12,5.24,1.3,4.1,13.5,3.4835071563720703,23,24,96.0,1,True,2017-01-12T00:00:00-07:00,2017-01-13T00:00:00-07:00,2017-01-12T07:00:00Z,µg/m³
logan,S305,3346,305,reference,2017-01-13,15.9,5.3,16.4,23.6,6.673842430114746,22,24,92.0,1,True,2017-01-13T00:00:00-07:00,2017-01-14T00:00:00-07:00,2017-01-13T07:00:00Z,µg/m³
logan,S305,3346,305,reference,2017-01-14,24.7,14.2,23.799999999999997,37.8,6.785256862640381,24,24,100.0,1,True,2017-01-14T00:00:00-07:00,2017-01-15T00:00:00-07:00,2017-01-14T07:00:00Z,µg/m³
logan,S305,3346,305,reference,2017-01-15,33.4,10.7,33.7,49.4,11.195287704467773,23,24,96.0,1,False,2017-01-15T00:00:00-07:00,2017-01-16T00:00:00-07:00,2017-01-15T07:00:00Z,µg/m³
logan,S305,3346,305,reference,2017-01-16,30.0,9.3,31.8,41.2,7.115094184875488,24,24,100.0,1,False,2017-01-16T00:00:00-07:00,2017-01-17T00:00:00-07:00,2017-01-16T07:00:00Z,µg/m³
logan,S305,3346,305,reference,2017-01-17,29.8,19.0,27.0,50.5,8.759771347045898,23,24,96.0,1,True,2017-01-17T00:00:00-07:00,2017-01-18T00:00:00-07:00,2017-01-17T07:00:00Z,µg/m³
logan,S305,3346,305,reference,2017-01-18,38.3,9.3,43.7,53.1,13.19450855255127,24,24,100.0,1,False,2017-01-18T00:00:00-07:00,2017-01-19T00:00:00-07:00,2017-01-18T07:00:00Z,µg/m³
logan,S305,3346,305,reference,2017-01-19,62.9,51.0,64.3,73.8,6.267366409301758,23,24,96.0,1,False,2017-01-19T00:00:00-07:00,2017-01-20T00:00:00-07:00,2017-01-19T07:00:00Z,µg/m³
logan,S305,3346,305,reference,2017-01-20,48.4,11.3,61.1,77.4,24.73587417602539,21,24,88.0,1,False,2017-01-20T00:00:00-07:00,2017-01-21T00:00:00-07:00,2017-01-20T07:00:00Z,µg/m³
logan,S305,3346,305,reference,2017-01-21,14.8,0.0,19.5,25.0,10.43875789642334,20,24,83.0,1,False,2017-01-21T00:00:00-07:00,2017-01-22T00:00:00-07:00,2017-01-21T07:00:00Z,µg/m³
logan,S305,3346,305,reference,2017-01-22,7.49,1.1,7.7,14.5,4.279484272003174,18,24,75.0,1,False,2017-01-22T00:00:00-07:00,2017-01-23T00:00:00-07:00,2017-01-22T07:00:00Z,µg/m³
logan,S305,3346,305,reference,2017-01-23,0.733,0.0,0.1,2.1,1.5646085739135742,6,24,25.0,0,True,2017-01-23T00:00:00-07:00,2017-01-24T00:00:00-07:00,2017-01-23T07:00:00Z,µg/m³
logan,S305,3346,305,reference,2017-01-24,2.59,0.7,2.5,5.7,1.5756170749664307,23,24,96.0,1,False,2017-01-24T00:00:00-07:00,2017-01-25T00:00:00-07:00,2017-01-24T07:00:00Z,µg/m³
logan,S305,3346,305,reference,2017-01-25,9.7,3.5,8.2,25.7,6.113770008087158,23,24,96.0,1,True,2017-01-25T00:00:00-07:00,2017-01-26T00:00:00-07:00,2017-01-25T07:00:00Z,µg/m³
logan,S305,3346,305,reference,2017-01-26,25.4,5.7,26.1,35.2,5.8627028465271,24,24,100.0,1,True,2017-01-26T00:00:00-07:00,2017-01-27T00:00:00-07:00,2017-01-26T07:00:00Z,µg/m³
logan,S305,3346,305,reference,2017-01-27,16.0,0.2,17.15,29.9,7.145531177520752,22,24,92.0,1,False,2017-01-27T00:00:00-07:00,2017-01-28T00:00:00-07:00,2017-01-27T07:00:00Z,µg/m³
logan,S305,3346,305,reference,2017-01-28,19.6,7.9,17.8,55.7,9.520256996154785,23,24,96.0,1,False,2017-01-28T00:00:00-07:00,2017-01-29T00:00:00-07:00,2017-01-28T07:00:00Z,µg/m³
logan,S305,3346,305,reference,2017-01-29,22.4,5.8,21.45,40.1,9.119904518127441,22,24,92.0,1,False,2017-01-29T00:00:00-07:00,2017-01-30T00:00:00-07:00,2017-01-29T07:00:00Z,µg/m³
logan,S305,3346,305,reference,2017-01-30,36.1,16.7,37.95,51.0,10.808221817016602,24,24,100.0,1,False,2017-01-30T00:00:00-07:00,2017-01-31T00:00:00-07:00,2017-01-30T07:00:00Z,µg/m³
logan,S305,3346,305,reference,2017-01-31,39.0,3.5,41.2,65.8,12.357365608215332,18,24,75.0,1,False,2017-01-31T00:00:00-07:00,2017-02-01T00:00:00-07:00,2017-01-31T07:00:00Z,µg/m³
logan,S305,3346,305,reference,2017-02-01,58.5,41.1,54.8,78.1,12.740008354187012,24,24,100.0,1,False,2017-02-01T00:00:00-07:00,2017-02-02T00:00:00-07:00,2017-02-01T07:00:00Z,µg/m³
logan,S305,3346,305,reference,2017-02-02,83.3,70.5,83.35,98.8,8.018872261047363,24,24,100.0,1,False,2017-02-02T00:00:00-07:00,2017-02-03T00:00:00-07:00,2017-02-02T07:00:00Z,µg/m³
logan,S305,3346,305,reference,2017-02-03,66.2,20.0,72.5,97.4,26.028806686401367,22,24,92.0,1,False,2017-02-03T00:00:00-07:00,2017-02-04T00:00:00-07:00,2017-02-03T07:00:00Z,µg/m³
logan,S305,3346,305,reference,2017-02-04,8.81,3.0,9.0,19.0,3.8188676834106445,24,24,100.0,1,False,2017-02-04T00:00:00-07:00,2017-02-05T00:00:00-07:00,2017-02-04T07:00:00Z,µg/m³
logan,S305,3346,305,reference,2017-02-05,9.25,0.4,9.25,19.3,4.609911918640137,24,24,100.0,1,False,2017-02-05T00:00:00-07:00,2017-02-06T00:00:00-07:00,2017-02-05T07:00:00Z,µg/m³
logan,S305,3346,305,reference,2017-02-06,3.68,0.4,2.95,10.3,2.666210412979126,24,24,100.0,1,True,2017-02-06T00:00:00-07:00,2017-02-07T00:00:00-07:00,2017-02-06T07:00:00Z,µg/m³
logan,S305,3346,305,reference,2017-02-07,3.6,0.0,3.2,7.6,3.5174410343170166,24,24,100.0,1,True,2017-02-07T00:00:00-07:00,2017-02-08T00:00:00-07:00,2017-02-07T07:00:00Z,µg/m³
logan,S305,3346,305,reference,2017-02-08,6.33,0.1,5.95,13.2,4.863193511962891,24,24,100.0,1,True,2017-02-08T00:00:00-07:00,2017-02-09T00:00:00-07:00,2017-02-08T07:00:00Z,µg/m³
logan,S305,3346,305,reference,2017-02-09,7.85,2.7,7.2,15.4,3.1464076042175293,23,24,96.0,1,True,2017-02-09T00:00:00-07:00,2017-02-10T00:00:00-07:00,2017-02-09T07:00:00Z,µg/m³
logan,S305,3346,305,reference,2017-02-10,2.77,0.0,2.2,6.7,3.0136616230010986,24,24,100.0,1,False,2017-02-10T00:00:00-07:00,2017-02-11T00:00:00-07:00,2017-02-10T07:00:00Z,µg/m³
logan,S305,3346,305,reference,2017-02-11,1.87,0.0,1.9,3.9,1.5494506359100342,24,24,100.0,1,True,2017-02-11T00:00:00-07:00,2017-02-12T00:00:00-07:00,2017-02-11T07:00:00Z,µg/m³
logan,S305,3346,305,reference,2017-02-12,4.56,0.2,4.7,9.9,3.554543972015381,24,24,100.0,1,True,2017-02-12T00:00:00-07:00,2017-02-13T00:00:00-07:00,2017-02-12T07:00:00Z,µg/m³
logan,S305,3346,305,reference,2017-02-13,11.3,3.9,9.75,38.5,7.98866081237793,22,24,92.0,1,True,2017-02-13T00:00:00-07:00,2017-02-14T00:00:00-07:00,2017-02-13T07:00:00Z,µg/m³
logan,S305,3346,305,reference,2017-02-14,19.1,6.0,20.3,27.7,5.619129657745361,24,24,100.0,1,True,2017-02-14T00:00:00-07:00,2017-02-15T00:00:00-07:00,2017-02-14T07:00:00Z,µg/m³
logan,S305,3346,305,reference,2017-02-15,18.8,5.0,19.7,25.4,4.494271278381348,21,24,88.0,1,False,2017-02-15T00:00:00-07:00,2017-02-16T00:00:00-07:00,2017-02-15T07:00:00Z,µg/m³
logan,S305,3346,305,reference,2017-02-16,22.5,11.0,21.55,44.5,7.467513084411621,24,24,100.0,1,False,2017-02-16T00:00:00-07:00,2017-02-17T00:00:00-07:00,2017-02-16T07:00:00Z,µg/m³
logan,S305,3346,305,reference,2017-02-17,13.4,6.5,12.55,24.1,3.9528746604919434,24,24,100.0,1,False,2017-02-17T00:00:00-07:00,2017-02-18T00:00:00-07:00,2017-02-17T07:00:00Z,µg/m³
logan,S305,3346,305,reference,2017-02-18,8.18,0.9,8.8,13.4,3.6014866828918457,24,24,100.0,1,False,2017-02-18T00:00:00-07:00,2017-02-19T00:00:00-07:00,2017-02-18T07:00:00Z,µg/m³
logan,S305,3346,305,reference,2017-02-19,3.72,0.0,1.9,12.0,3.8885629177093506,20,24,83.0,1,True,2017-02-19T00:00:00-07:00,2017-02-20T00:00:00-07:00,2017-02-19T07:00:00Z,µg/m³
logan,S305,3346,305,reference,2017-02-20,2.69,0.0,2.3,7.9,2.0966320037841797,22,24,92.0,1,True,2017-02-20T00:00:00-07:00,2017-02-21T00:00:00-07:00,2017-02-20T07:00:00Z,µg/m³
logan,S305,3346,305,reference,2017-02-21,1.7,0.0,1.3,5.4,2.3670997619628906,17,24,71.0,0,True,2017-02-21T00:00:00-07:00,2017-02-22T00:00:00-07:00,2017-02-21T07:00:00Z,µg/m³
logan,S305,3346,305,reference,2017-02-22,1.58,0.0,0.44999999999999996,5.4,2.5427675247192383,6,24,25.0,0,True,2017-02-22T00:00:00-07:00,2017-02-23T00:00:00-07:00,2017-02-22T07:00:00Z,µg/m³
logan,S305,3346,305,reference,2017-02-23,1.63,0.2,1.5,4.3,1.1297043561935425,24,24,100.0,1,False,2017-02-23T00:00:00-07:00,2017-02-24T00:00:00-07:00,2017-02-23T07:00:00Z,µg/m³
logan,S305,3346,305,reference,2017-02-24,2.67,0.0,2.1,7.5,1.9282745122909546,24,24,100.0,1,True,2017-02-24T00:00:00-07:00,2017-02-25T00:00:00-07:00,2017-02-24T07:00:00Z,µg/m³
logan,S305,3346,305,reference,2017-02-25,6.04,0.5,6.6,11.9,3.5039496421813965,22,24,92.0,1,True,2017-02-25T00:00:00-07:00,2017-02-26T00:00:00-07:00,2017-02-25T07:00:00Z,µg/m³
logan,S305,3346,305,reference,2017-02-26,7.32,1.2,6.8,25.7,5.327524185180664,19,24,79.0,1,False,2017-02-26T00:00:00-07:00,2017-02-27T00:00:00-07:00,2017-02-26T07:00:00Z,µg/m³
logan,S305,3346,305,reference,2017-02-27,2.28,0.0,1.8,6.9,1.7406584024429321,22,24,92.0,1,False,2017-02-27T00:00:00-07:00,2017-02-28T00:00:00-07:00,2017-02-27T07:00:00Z,µg/m³
logan,S305,3346,305,reference,2017-02-28,5.25,0.0,3.2,35.4,7.600318431854248,20,24,83.0,1,True,2017-02-28T00:00:00-07:00,2017-03-01T00:00:00-07:00,2017-02-28T07:00:00Z,µg/m³
logan,S305,3346,305,reference,2017-03-01,2.11,0.3,2.1,5.3,1.1554455757141113,24,24,100.0,1,True,2017-03-01T00:00:00-07:00,2017-03-02T00:00:00-07:00,2017-03-01T07:00:00Z,µg/m³
logan,S305,3346,305,reference,2017-03-02,7.13,0.7,4.95,18.7,5.620169639587402,24,24,100.0,1,False,2017-03-02T00:00:00-07:00,2017-03-03T00:00:00-07:00,2017-03-02T07:00:00Z,µg/m³
logan,S305,3346,305,reference,2017-03-03,16.4,10.9,15.8,22.1,3.480286121368408,24,24,100.0,1,False,2017-03-03T00:00:00-07:00,2017-03-04T00:00:00-07:00,2017-03-03T07:00:00Z,µg/m³
logan,S305,3346,305,reference,2017-03-04,10.6,0.2,7.4,24.1,8.213716506958008,24,24,100.0,1,False,2017-03-04T00:00:00-07:00,2017-03-05T00:00:00-07:00,2017-03-04T07:00:00Z,µg/m³
logan,S305,3346,305,reference,2017-03-05,4.26,0.1,4.0,12.3,4.172140598297119,23,24,96.0,1,True,2017-03-05T00:00:00-07:00,2017-03-06T00:00:00-07:00,2017-03-05T07:00:00Z,µg/m³
logan,S305,3346,305,reference,2017-03-06,1.31,0.0,0.9500000000000001,3.5,1.497800350189209,24,24,100.0,1,True,2017-03-06T00:00:00-07:00,2017-03-07T00:00:00-07:00,2017-03-06T07:00:00Z,µg/m³
logan,S305,3346,305,reference,2017-03-07,1.64,0.0,0.95,4.6,1.8368165493011475,24,24,100.0,1,True,2017-03-07T00:00:00-07:00,2017-03-08T00:00:00-07:00,2017-03-07T07:00:00Z,µg/m³
logan,S305,3346,305,reference,2017-03-08,2.41,0.0,2.8,5.0,2.2831311225891113,23,24,96.0,1,True,2017-03-08T00:00:00-07:00,2017-03-09T00:00:00-07:00,2017-03-08T07:00:00Z,µg/m³
logan,S305,3346,305,reference,2017-03-09,3.91,0.5,3.5,7.7,2.657280921936035,24,24,100.0,1,True,2017-03-09T00:00:00-07:00,2017-03-10T00:00:00-07:00,2017-03-09T07:00:00Z,µg/m³
logan,S305,3346,305,reference,2017-03-10,6.09,0.5,4.55,16.3,4.370584964752197,24,24,100.0,1,True,2017-03-10T00:00:00-07:00,2017-03-11T00:00:00-07:00,2017-03-10T07:00:00Z,µg/m³
logan,S305,3346,305,reference,2017-03-11,4.02,0.0,3.4,8.1,3.0895438194274902,22,24,92.0,1,False,2017-03-11T00:00:00-07:00,2017-03-12T00:00:00-07:00,2017-03-11T07:00:00Z,µg/m³
logan,S305,3346,305,reference,2017-03-12,2.34,0.4,1.75,5.8,2.1992721557617188,23,24,96.0,1,True,2017-03-12T00:00:00-07:00,2017-03-13T00:00:00-06:00,2017-03-12T07:00:00Z,µg/m³
logan,S305,3346,305,reference,2017-03-13,3.67,0.0,3.8499999999999996,7.8,2.3088200092315674,22,24,92.0,1,True,2017-03-13T00:00:00-06:00,2017-03-14T00:00:00-06:00,2017-03-13T06:00:00Z,µg/m³
logan,S305,3346,305,reference,2017-03-14,5.66,0.2,5.0,15.1,4.27798318862915,24,24,100.0,1,False,2017-03-14T00:00:00-06:00,2017-03-15T00:00:00-06:00,2017-03-14T06:00:00Z,µg/m³
logan,S305,3346,305,reference,2017-03-15,4.43,0.6,3.5,13.6,3.652266502380371,23,24,96.0,1,False,2017-03-15T00:00:00-06:00,2017-03-16T00:00:00-06:00,2017-03-15T06:00:00Z,µg/m³
logan,S305,3346,305,reference,2017-03-16,4.0,0.2,3.4,13.4,3.190394401550293,23,24,96.0,1,True,2017-03-16T00:00:00-06:00,2017-03-17T00:00:00-06:00,2017-03-16T06:00:00Z,µg/m³
logan,S305,3346,305,reference,2017-03-17,3.93,0.3,3.5,8.4,2.1013453006744385,23,24,96.0,1,True,2017-03-17T00:00:00-06:00,2017-03-18T00:00:00-06:00,2017-03-17T06:00:00Z,µg/m³
logan,S305,3346,305,reference,2017-03-18,4.01,1.6,3.7,7.2,1.8964306116104126,24,24,100.0,1,False,2017-03-18T00:00:00-06:00,2017-03-19T00:00:00-06:00,2017-03-18T06:00:00Z,µg/m³
logan,S305,3346,305,reference,2017-03-19,4.68,0.5,4.1,8.6,3.48404598236084,23,24,96.0,1,True,2017-03-19T00:00:00-06:00,2017-03-20T00:00:00-06:00,2017-03-19T06:00:00Z,µg/m³
logan,S305,3346,305,reference,2017-03-20,4.63,0.4,4.0,9.2,2.746842622756958,24,24,100.0,1,True,2017-03-20T00:00:00-06:00,2017-03-21T00:00:00-06:00,2017-03-20T06:00:00Z,µg/m³
logan,S305,3346,305,reference,2017-03-21,4.84,0.1,4.1,9.3,3.4424855709075928,24,24,100.0,1,True,2017-03-21T00:00:00-06:00,2017-03-22T00:00:00-06:00,2017-03-21T06:00:00Z,µg/m³
logan,S305,3346,305,reference,2017-03-22,6.19,0.2,6.2,11.9,3.292940855026245,24,24,100.0,1,True,2017-03-22T00:00:00-06:00,2017-03-23T00:00:00-06:00,2017-03-22T06:00:00Z,µg/m³
logan,S305,3346,305,reference,2017-03-23,1.64,0.6,1.0,5.1,2.4070515632629395,17,24,71.0,0,True,2017-03-23T00:00:00-06:00,2017-03-24T00:00:00-06:00,2017-03-23T06:00:00Z,µg/m³
logan,S305,3346,305,reference,2017-03-24,6.8,3.6,5.5,10.1,2.8080241680145264,5,24,21.0,0,True,2017-03-24T00:00:00-06:00,2017-03-25T00:00:00-06:00,2017-03-24T06:00:00Z,µg/m³
logan,S305,3346,305,reference,2017-03-25,2.81,0.0,1.5,8.0,2.8659894466400146,24,24,100.0,1,True,2017-03-25T00:00:00-06:00,2017-03-26T00:00:00-06:00,2017-03-25T06:00:00Z,µg/m³
logan,S305,3346,305,reference,2017-03-26,2.8,0.1,2.75,5.5,1.789259433746338,24,24,100.0,1,True,2017-03-26T00:00:00-06:00,2017-03-27T00:00:00-06:00,2017-03-26T06:00:00Z,µg/m³
logan,S305,3346,305,reference,2017-03-27,3.19,0.0,3.3,6.8,3.1986842155456543,23,24,96.0,1,True,2017-03-27T00:00:00-06:00,2017-03-28T00:00:00-06:00,2017-03-27T06:00:00Z,µg/m³
logan,S305,3346,305,reference,2017-03-28,0.994,0.1,0.7,3.4,1.5040464401245117,24,24,100.0,1,True,2017-03-28T00:00:00-06:00,2017-03-29T00:00:00-06:00,2017-03-28T06:00:00Z,µg/m³
logan,S305,3346,305,reference,2017-03-29,2.29,0.1,2.35,4.1,1.1092169284820557,24,24,100.0,1,True,2017-03-29T00:00:00-06:00,2017-03-30T00:00:00-06:00,2017-03-29T06:00:00Z,µg/m³
logan,S305,3346,305,reference,2017-03-30,4.22,1.6,4.1,7.8,2.7276203632354736,22,24,92.0,1,True,2017-03-30T00:00:00-06:00,2017-03-31T00:00:00-06:00,2017-03-30T06:00:00Z,µg/m³
logan,S305,3346,305,reference,2017-03-31,2.45,0.0,1.8,9.0,3.0011470317840576,24,24,100.0,1,False,2017-03-31T00:00:00-06:00,2017-04-01T00:00:00-06:00,2017-03-31T06:00:00Z,µg/m³
logan,S305,3346,305,reference,2017-04-01,3.4,1.1,3.2,7.5,1.9479458332061768,24,24,100.0,1,True,2017-04-01T00:00:00-06:00,2017-04-02T00:00:00-06:00,2017-04-01T06:00:00Z,µg/m³
logan,S305,3346,305,reference,2017-04-02,3.57,0.8,3.3,7.9,2.10733699798584,23,24,96.0,1,True,2017-04-02T00:00:00-06:00,2017-04-03T00:00:00-06:00,2017-04-02T06:00:00Z,µg/m³
logan,S305,3346,305,reference,2017-04-03,3.45,0.3,3.5999999999999996,6.2,1.8577637672424316,24,24,100.0,1,True,2017-04-03T00:00:00-06:00,2017-04-04T00:00:00-06:00,2017-04-03T06:00:00Z,µg/m³
logan,S305,3346,305,reference,2017-04-04,1.96,0.1,0.9,4.8,1.932614803314209,22,24,92.0,1,False,2017-04-04T00:00:00-06:00,2017-04-05T00:00:00-06:00,2017-04-04T06:00:00Z,µg/m³
logan,S305,3346,305,reference,2017-04-05,1.94,0.0,2.2,4.2,1.73981511592865,24,24,100.0,1,True,2017-04-05T00:00:00-06:00,2017-04-06T00:00:00-06:00,2017-04-05T06:00:00Z,µg/m³
logan,S305,3346,305,reference,2017-04-06,3.61,0.3,3.8,8.0,2.1928696632385254,24,24,100.0,1,True,2017-04-06T00:00:00-06:00,2017-04-07T00:00:00-06:00,2017-04-06T06:00:00Z,µg/m³
logan,S305,3346,305,reference,2017-04-07,3.26,0.0,2.75,9.1,3.3406152725219727,24,24,100.0,1,True,2017-04-07T00:00:00-06:00,2017-04-08T00:00:00-06:00,2017-04-07T06:00:00Z,µg/m³
logan,S305,3346,305,reference,2017-04-08,1.21,0.3,1.35,2.3,1.6436747312545776,24,24,100.0,1,True,2017-04-08T00:00:00-06:00,2017-04-09T00:00:00-06:00,2017-04-08T06:00:00Z,µg/m³
logan,S305,3346,305,reference,2017-04-09,1.33,0.0,0.9,4.6,1.9299081563949585,23,24,96.0,1,True,2017-04-09T00:00:00-06:00,2017-04-10T00:00:00-06:00,2017-04-09T06:00:00Z,µg/m³
logan,S305,3346,305,reference,2017-04-10,2.59,0.0,2.0,7.7,2.1445584297180176,24,24,100.0,1,True,2017-04-10T00:00:00-06:00,2017-04-11T00:00:00-06:00,2017-04-10T06:00:00Z,µg/m³
logan,S305,3346,305,reference,2017-04-11,4.22,0.5,4.5,7.8,1.9248894453048706,24,24,100.0,1,True,2017-04-11T00:00:00-06:00,2017-04-12T00:00:00-06:00,2017-04-11T06:00:00Z,µg/m³
logan,S305,3346,305,reference,2017-04-12,4.74,0.1,5.199999999999999,8.8,2.3077962398529053,24,24,100.0,1,False,2017-04-12T00:00:00-06:00,2017-04-13T00:00:00-06:00,2017-04-12T06:00:00Z,µg/m³
logan,S305,3346,305,reference,2017-04-13,5.87,0.8,5.2,20.6,5.415650844573975,24,24,100.0,1,False,2017-04-13T00:00:00-06:00,2017-04-14T00:00:00-06:00,2017-04-13T06:00:00Z,µg/m³
logan,S305,3346,305,reference,2017-04-14,1.43,0.1,0.55,4.5,1.9555535316467285,23,24,96.0,1,True,2017-04-14T00:00:00-06:00,2017-04-15T00:00:00-06:00,2017-04-14T06:00:00Z,µg/m³
logan,S305,3346,305,reference,2017-04-15,3.01,0.1,1.7,14.4,3.7244977951049805,24,24,100.0,1,True,2017-04-15T00:00:00-06:00,2017-04-16T00:00:00-06:00,2017-04-15T06:00:00Z,µg/m³
logan,S305,3346,305,reference,2017-04-16,3.06,0.3,2.75,6.3,2.412632703781128,24,24,100.0,1,True,2017-04-16T00:00:00-06:00,2017-04-17T00:00:00-06:00,2017-04-16T06:00:00Z,µg/m³
logan,S305,3346,305,reference,2017-04-17,3.15,0.6,2.8,7.7,2.584537982940674,24,24,100.0,1,True,2017-04-17T00:00:00-06:00,2017-04-18T00:00:00-06:00,2017-04-17T06:00:00Z,µg/m³
logan,S305,3346,305,reference,2017-04-18,5.69,0.6,4.6,16.9,4.690916538238525,22,24,92.0,1,True,2017-04-18T00:00:00-06:00,2017-04-19T00:00:00-06:00,2017-04-18T06:00:00Z,µg/m³
logan,S305,3346,305,reference,2017-04-19,3.09,0.1,3.0,6.1,3.1995065212249756,20,24,83.0,1,True,2017-04-19T00:00:00-06:00,2017-04-20T00:00:00-06:00,2017-04-19T06:00:00Z,µg/m³
logan,S305,3346,305,reference,2017-04-20,3.03,0.0,2.4000000000000004,7.1,2.6017518043518066,24,24,100.0,1,True,2017-04-20T00:00:00-06:00,2017-04-21T00:00:00-06:00,2017-04-20T06:00:00Z,µg/m³
logan,S305,3346,305,reference,2017-04-21,1.66,0.0,1.2999999999999998,5.1,1.8155019283294678,23,24,96.0,1,True,2017-04-21T00:00:00-06:00,2017-04-22T00:00:00-06:00,2017-04-21T06:00:00Z,µg/m³
logan,S305,3346,305,reference,2017-04-22,3.58,0.1,3.8,8.3,1.9566351175308228,19,24,79.0,1,True,2017-04-22T00:00:00-06:00,2017-04-23T00:00:00-06:00,2017-04-22T06:00:00Z,µg/m³
logan,S305,3346,305,reference,2017-04-23,3.88,1.1,3.2,6.8,2.3274450302124023,5,24,21.0,0,True,2017-04-23T00:00:00-06:00,2017-04-24T00:00:00-06:00,2017-04-23T06:00:00Z,µg/m³
logan,S305,3346,305,reference,2017-04-24,4.06,1.0,3.55,8.8,3.2664051055908203,24,24,100.0,1,False,2017-04-24T00:00:00-06:00,2017-04-25T00:00:00-06:00,2017-04-24T06:00:00Z,µg/m³
logan,S305,3346,305,reference,2017-04-25,1.3,0.0,1.4,3.5,1.7328753471374512,22,24,92.0,1,True,2017-04-25T00:00:00-06:00,2017-04-26T00:00:00-06:00,2017-04-25T06:00:00Z,µg/m³
logan,S305,3346,305,reference,2017-04-26,1.49,0.0,1.35,3.3,1.8253449201583862,24,24,100.0,1,True,2017-04-26T00:00:00-06:00,2017-04-27T00:00:00-06:00,2017-04-26T06:00:00Z,µg/m³
logan,S305,3346,305,reference,2017-04-27,1.73,0.0,1.35,4.4,1.7848387956619263,22,24,92.0,1,True,2017-04-27T00:00:00-06:00,2017-04-28T00:00:00-06:00,2017-04-27T06:00:00Z,µg/m³
logan,S305,3346,305,reference,2017-04-28,2.15,0.1,2.0,4.5,1.175104022026062,24,24,100.0,1,True,2017-04-28T00:00:00-06:00,2017-04-29T00:00:00-06:00,2017-04-28T06:00:00Z,µg/m³
logan,S305,3346,305,reference,2017-04-29,3.11,0.1,2.3,7.7,2.3534088134765625,24,24,100.0,1,True,2017-04-29T00:00:00-06:00,2017-04-30T00:00:00-06:00,2017-04-29T06:00:00Z,µg/m³
logan,S305,3346,305,reference,2017-04-30,4.34,0.3,4.800000000000001,8.1,2.1196630001068115,24,24,100.0,1,False,2017-04-30T00:00:00-06:00,2017-05-01T00:00:00-06:00,2017-04-30T06:00:00Z,µg/m³
logan,S305,3346,305,reference,2017-05-01,2.63,0.8,2.6,4.4,1.3834359645843506,24,24,100.0,1,False,2017-05-01T00:00:00-06:00,2017-05-02T00:00:00-06:00,2017-05-01T06:00:00Z,µg/m³
logan,S305,3346,305,reference,2017-05-02,2.05,0.3,2.0,4.7,1.402904987335205,23,24,96.0,1,True,2017-05-02T00:00:00-06:00,2017-05-03T00:00:00-06:00,2017-05-02T06:00:00Z,µg/m³
logan,S305,3346,305,reference,2017-05-03,3.0,0.7,2.7,7.2,1.4788897037506104,23,24,96.0,1,True,2017-05-03T00:00:00-06:00,2017-05-04T00:00:00-06:00,2017-05-03T06:00:00Z,µg/m³
logan,S305,3346,305,reference,2017-05-04,3.38,0.1,3.6,6.3,1.9163484573364258,24,24,100.0,1,True,2017-05-04T00:00:00-06:00,2017-05-05T00:00:00-06:00,2017-05-04T06:00:00Z,µg/m³
logan,S305,3346,305,reference,2017-05-05,4.57,0.6,4.75,9.7,2.8994719982147217,24,24,100.0,1,True,2017-05-05T00:00:00-06:00,2017-05-06T00:00:00-06:00,2017-05-05T06:00:00Z,µg/m³
logan,S305,3346,305,reference,2017-05-06,5.21,0.8,4.4,13.6,3.07161545753479,23,24,96.0,1,True,2017-05-06T00:00:00-06:00,2017-05-07T00:00:00-06:00,2017-05-06T06:00:00Z,µg/m³
logan,S305,3346,305,reference,2017-05-07,3.25,1.0,2.9,6.6,1.5067962408065796,24,24,100.0,1,True,2017-05-07T00:00:00-06:00,2017-05-08T00:00:00-06:00,2017-05-07T06:00:00Z,µg/m³
logan,S305,3346,305,reference,2017-05-08,5.15,3.1,5.1,7.3,1.2194082736968994,24,24,100.0,1,False,2017-05-08T00:00:00-06:00,2017-05-09T00:00:00-06:00,2017-05-08T06:00:00Z,µg/m³
logan,S305,3346,305,reference,2017-05-09,3.95,0.4,4.1,6.2,1.5792485475540161,22,24,92.0,1,False,2017-05-09T00:00:00-06:00,2017-05-10T00:00:00-06:00,2017-05-09T06:00:00Z,µg/m³
logan,S305,3346,305,reference,2017-05-10,5.43,1.1,4.9,13.8,3.0512616634368896,23,24,96.0,1,False,2017-05-10T00:00:00-06:00,2017-05-11T00:00:00-06:00,2017-05-10T06:00:00Z,µg/m³
logan,S305,3346,305,reference,2017-05-11,5.39,0.9,6.2,7.8,2.108837127685547,23,24,96.0,1,False,2017-05-11T00:00:00-06:00,2017-05-12T00:00:00-06:00,2017-05-11T06:00:00Z,µg/m³
logan,S305,3346,305,reference,2017-05-12,7.1,2.7,5.85,22.5,4.580338478088379,22,24,92.0,1,False,2017-05-12T00:00:00-06:00,2017-05-13T00:00:00-06:00,2017-05-12T06:00:00Z,µg/m³
logan,S305,3346,305,reference,2017-05-13,3.28,0.9,3.1,7.2,1.5284134149551392,23,24,96.0,1,False,2017-05-13T00:00:00-06:00,2017-05-14T00:00:00-06:00,2017-05-13T06:00:00Z,µg/m³
logan,S305,3346,305,reference,2017-05-14,3.09,0.0,3.55,7.5,2.099708318710327,23,24,96.0,1,False,2017-05-14T00:00:00-06:00,2017-05-15T00:00:00-06:00,2017-05-14T06:00:00Z,µg/m³
logan,S305,3346,305,reference,2017-05-15,3.3,0.8,3.15,6.5,1.438598394393921,24,24,100.0,1,True,2017-05-15T00:00:00-06:00,2017-05-16T00:00:00-06:00,2017-05-15T06:00:00Z,µg/m³
logan,S305,3346,305,reference,2017-05-16,2.81,0.6,2.45,6.6,1.5693656206130981,18,24,75.0,1,True,2017-05-16T00:00:00-06:00,2017-05-17T00:00:00-06:00,2017-05-16T06:00:00Z,µg/m³
logan,S305,3346,305,reference,2017-05-17,1.59,0.0,1.45,3.8,1.6508591175079346,23,24,96.0,1,False,2017-05-17T00:00:00-06:00,2017-05-18T00:00:00-06:00,2017-05-17T06:00:00Z,µg/m³
logan,S305,3346,305,reference,2017-05-18,2.01,0.3,2.1,4.2,1.1402945518493652,24,24,100.0,1,True,2017-05-18T00:00:00-06:00,2017-05-19T00:00:00-06:00,2017-05-18T06:00:00Z,µg/m³
logan,S305,3346,305,reference,2017-05-19,1.98,0.4,2.1,3.6,1.2849180698394775,24,24,100.0,1,True,2017-05-19T00:00:00-06:00,2017-05-20T00:00:00-06:00,2017-05-19T06:00:00Z,µg/m³
logan,S305,3346,305,reference,2017-05-20,3.36,1.6,3.4,6.5,1.2999391555786133,23,24,96.0,1,True,2017-05-20T00:00:00-06:00,2017-05-21T00:00:00-06:00,2017-05-20T06:00:00Z,µg/m³
logan,S305,3346,305,reference,2017-05-21,3.85,0.7,3.75,8.9,1.7953996658325195,24,24,100.0,1,False,2017-05-21T00:00:00-06:00,2017-05-22T00:00:00-06:00,2017-05-21T06:00:00Z,µg/m³
logan,S305,3346,305,reference,2017-05-22,3.99,1.5,3.5,6.9,1.398937463760376,18,24,75.0,1,False,2017-05-22T00:00:00-06:00,2017-05-23T00:00:00-06:00,2017-05-22T06:00:00Z,µg/m³
logan,S305,3346,305,reference,2017-05-23,2.66,1.5,2.1,4.0,1.2421754598617554,5,24,21.0,0,False,2017-05-23T00:00:00-06:00,2017-05-24T00:00:00-06:00,2017-05-23T06:00:00Z,µg/m³
logan,S305,3346,305,reference,2017-05-24,4.93,2.7,4.8,9.1,1.337251901626587,24,24,100.0,1,False,2017-05-24T00:00:00-06:00,2017-05-25T00:00:00-06:00,2017-05-24T06:00:00Z,µg/m³
logan,S305,3346,305,reference,2017-05-25,2.46,0.0,2.3,5.1,1.5744737386703491,24,24,100.0,1,False,2017-05-25T00:00:00-06:00,2017-05-26T00:00:00-06:00,2017-05-25T06:00:00Z,µg/m³
logan,S305,3346,305,reference,2017-05-26,2.33,0.1,2.3,4.7,1.1006914377212524,24,24,100.0,1,False,2017-05-26T00:00:00-06:00,2017-05-27T00:00:00-06:00,2017-05-26T06:00:00Z,µg/m³
logan,S305,3346,305,reference,2017-05-27,2.11,0.3,1.85,6.3,1.6139283180236816,24,24,100.0,1,False,2017-05-27T00:00:00-06:00,2017-05-28T00:00:00-06:00,2017-05-27T06:00:00Z,µg/m³
logan,S305,3346,305,reference,2017-05-28,4.24,0.6,4.6,7.7,2.0595483779907227,24,24,100.0,1,True,2017-05-28T00:00:00-06:00,2017-05-29T00:00:00-06:00,2017-05-28T06:00:00Z,µg/m³
logan,S305,3346,305,reference,2017-05-29,4.43,1.4,4.6,7.1,1.7719227075576782,24,24,100.0,1,True,2017-05-29T00:00:00-06:00,2017-05-30T00:00:00-06:00,2017-05-29T06:00:00Z,µg/m³
logan,S305,3346,305,reference,2017-05-30,4.89,0.7,5.5,8.5,2.5370724201202393,20,24,83.0,1,False,2017-05-30T00:00:00-06:00,2017-05-31T00:00:00-06:00,2017-05-30T06:00:00Z,µg/m³
logan,S305,3346,305,reference,2017-05-31,6.64,3.9,6.2,10.5,2.199335813522339,22,24,92.0,1,False,2017-05-31T00:00:00-06:00,2017-06-01T00:00:00-06:00,2017-05-31T06:00:00Z,µg/m³
logan,S305,3346,305,reference,2017-06-01,5.3,1.8,5.3,8.3,1.7021377086639404,23,24,96.0,1,False,2017-06-01T00:00:00-06:00,2017-06-02T00:00:00-06:00,2017-06-01T06:00:00Z,µg/m³
logan,S305,3346,305,reference,2017-06-02,3.52,0.0,3.7,7.1,2.348600387573242,24,24,100.0,1,True,2017-06-02T00:00:00-06:00,2017-06-03T00:00:00-06:00,2017-06-02T06:00:00Z,µg/m³
logan,S305,3346,305,reference,2017-06-03,4.93,2.0,4.6,10.8,2.312143564224243,23,24,96.0,1,True,2017-06-03T00:00:00-06:00,2017-06-04T00:00:00-06:00,2017-06-03T06:00:00Z,µg/m³
logan,S305,3346,305,reference,2017-06-04,5.5,1.3,5.7,9.6,2.2661540508270264,23,24,96.0,1,True,2017-06-04T00:00:00-06:00,2017-06-05T00:00:00-06:00,2017-06-04T06:00:00Z,µg/m³
logan,S305,3346,305,reference,2017-06-05,5.54,1.9,6.05,11.9,2.2169361114501953,22,24,92.0,1,False,2017-06-05T00:00:00-06:00,2017-06-06T00:00:00-06:00,2017-06-05T06:00:00Z,µg/m³
logan,S305,3346,305,reference,2017-06-06,5.19,0.5,5.699999999999999,9.3,2.2480247020721436,22,24,92.0,1,False,2017-06-06T00:00:00-06:00,2017-06-07T00:00:00-06:00,2017-06-06T06:00:00Z,µg/m³
logan,S305,3346,305,reference,2017-06-07,7.27,3.7,7.2,10.7,1.7666757106781006,21,24,88.0,1,False,2017-06-07T00:00:00-06:00,2017-06-08T00:00:00-06:00,2017-06-07T06:00:00Z,µg/m³
logan,S305,3346,305,reference,2017-06-08,6.28,2.9,6.1,10.8,2.6556644439697266,22,24,92.0,1,False,2017-06-08T00:00:00-06:00,2017-06-09T00:00:00-06:00,2017-06-08T06:00:00Z,µg/m³
logan,S305,3346,305,reference,2017-06-09,5.04,0.6,5.2,14.2,2.8572816848754883,24,24,100.0,1,True,2017-06-09T00:00:00-06:00,2017-06-10T00:00:00-06:00,2017-06-09T06:00:00Z,µg/m³
logan,S305,3346,305,reference,2017-06-10,2.09,0.2,1.6,5.3,1.545438289642334,23,24,96.0,1,False,2017-06-10T00:00:00-06:00,2017-06-11T00:00:00-06:00,2017-06-10T06:00:00Z,µg/m³
logan,S305,3346,305,reference,2017-06-11,3.87,0.2,4.3,5.8,1.618983268737793,23,24,96.0,1,True,2017-06-11T00:00:00-06:00,2017-06-12T00:00:00-06:00,2017-06-11T06:00:00Z,µg/m³
logan,S305,3346,305,reference,2017-06-12,3.59,0.0,3.2,10.0,2.346871852874756,24,24,100.0,1,False,2017-06-12T00:00:00-06:00,2017-06-13T00:00:00-06:00,2017-06-12T06:00:00Z,µg/m³
logan,S305,3346,305,reference,2017-06-13,2.33,0.4,2.6,4.7,1.4968081712722778,23,24,96.0,1,True,2017-06-13T00:00:00-06:00,2017-06-14T00:00:00-06:00,2017-06-13T06:00:00Z,µg/m³
logan,S305,3346,305,reference,2017-06-14,4.1,0.7,4.35,6.5,1.5797632932662964,24,24,100.0,1,True,2017-06-14T00:00:00-06:00,2017-06-15T00:00:00-06:00,2017-06-14T06:00:00Z,µg/m³
logan,S305,3346,305,reference,2017-06-15,3.52,0.2,3.7,7.2,2.3893349170684814,20,24,83.0,1,False,2017-06-15T00:00:00-06:00,2017-06-16T00:00:00-06:00,2017-06-15T06:00:00Z,µg/m³
logan,S305,3346,305,reference,2017-06-16,2.93,0.0,3.05,5.6,2.2474613189697266,22,24,92.0,1,True,2017-06-16T00:00:00-06:00,2017-06-17T00:00:00-06:00,2017-06-16T06:00:00Z,µg/m³
logan,S305,3346,305,reference,2017-06-17,2.19,0.1,1.9000000000000001,5.5,1.996078610420227,24,24,100.0,1,True,2017-06-17T00:00:00-06:00,2017-06-18T00:00:00-06:00,2017-06-17T06:00:00Z,µg/m³
logan,S305,3346,305,reference,2017-06-18,3.76,1.4,3.0999999999999996,7.4,2.462615728378296,21,24,88.0,1,True,2017-06-18T00:00:00-06:00,2017-06-19T00:00:00-06:00,2017-06-18T06:00:00Z,µg/m³
logan,S305,3346,305,reference,2017-06-19,3.69,0.0,3.25,8.9,2.529447078704834,23,24,96.0,1,True,2017-06-19T00:00:00-06:00,2017-06-20T00:00:00-06:00,2017-06-19T06:00:00Z,µg/m³
logan,S305,3346,305,reference,2017-06-20,4.39,2.3,3.6500000000000004,12.0,2.404902696609497,23,24,96.0,1,True,2017-06-20T00:00:00-06:00,2017-06-21T00:00:00-06:00,2017-06-20T06:00:00Z,µg/m³
logan,S305,3346,305,reference,2017-06-21,5.29,0.2,4.75,12.5,2.912947177886963,18,24,75.0,1,True,2017-06-21T00:00:00-06:00,2017-06-22T00:00:00-06:00,2017-06-21T06:00:00Z,µg/m³
logan,S305,3346,305,reference,2017-06-22,4.23,2.5,4.8,5.4,1.5307949781417847,3,24,13.0,0,True,2017-06-22T00:00:00-06:00,2017-06-23T00:00:00-06:00,2017-06-22T06:00:00Z,µg/m³
logan,S305,3346,305,reference,2017-06-23,3.89,1.6,3.9,8.1,1.8554424047470093,15,24,63.0,0,False,2017-06-23T00:00:00-06:00,2017-06-24T00:00:00-06:00,2017-06-23T06:00:00Z,µg/m³
logan,S305,3346,305,reference,2017-06-24,3.08,1.2,3.25,4.6,1.602862000465393,4,24,17.0,0,False,2017-06-24T00:00:00-06:00,2017-06-25T00:00:00-06:00,2017-06-24T06:00:00Z,µg/m³
logan,S305,3346,305,reference,2017-06-25,4.74,1.7,5.0,7.4,1.5561684370040894,23,24,96.0,1,False,2017-06-25T00:00:00-06:00,2017-06-26T00:00:00-06:00,2017-06-25T06:00:00Z,µg/m³
logan,S305,3346,305,reference,2017-06-26,4.76,1.7,5.1,7.8,2.0034008026123047,22,24,92.0,1,False,2017-06-26T00:00:00-06:00,2017-06-27T00:00:00-06:00,2017-06-26T06:00:00Z,µg/m³
logan,S305,3346,305,reference,2017-06-27,5.34,1.1,4.75,13.6,3.393190622329712,19,24,79.0,1,True,2017-06-27T00:00:00-06:00,2017-06-28T00:00:00-06:00,2017-06-27T06:00:00Z,µg/m³
logan,S305,3346,305,reference,2017-06-28,4.1,1.1,3.9,7.6,1.5727288722991943,21,24,88.0,1,True,2017-06-28T00:00:00-06:00,2017-06-29T00:00:00-06:00,2017-06-28T06:00:00Z,µg/m³
logan,S305,3346,305,reference,2017-06-29,4.64,1.9,5.0,6.9,2.1396501064300537,23,24,96.0,1,False,2017-06-29T00:00:00-06:00,2017-06-30T00:00:00-06:00,2017-06-29T06:00:00Z,µg/m³
logan,S305,3346,305,reference,2017-06-30,2.83,0.3,2.4,6.2,1.8469350337982178,22,24,92.0,1,True,2017-06-30T00:00:00-06:00,2017-07-01T00:00:00-06:00,2017-06-30T06:00:00Z,µg/m³
logan,S305,3346,305,reference,2017-07-01,4.91,2.1,5.0,9.9,1.8246556520462036,20,24,83.0,1,True,2017-07-01T00:00:00-06:00,2017-07-02T00:00:00-06:00,2017-07-01T06:00:00Z,µg/m³
logan,S305,3346,305,reference,2017-07-02,6.2,0.7,5.65,26.5,5.004329204559326,22,24,92.0,1,False,2017-07-02T00:00:00-06:00,2017-07-03T00:00:00-06:00,2017-07-02T06:00:00Z,µg/m³
logan,S305,3346,305,reference,2017-07-03,6.12,3.1,5.7,11.8,1.9279786348342896,24,24,100.0,1,False,2017-07-03T00:00:00-06:00,2017-07-04T00:00:00-06:00,2017-07-03T06:00:00Z,µg/m³
logan,S305,3346,305,reference,2017-07-04,10.4,2.0,8.1,49.8,9.384268760681152,23,24,96.0,1,False,2017-07-04T00:00:00-06:00,2017-07-05T00:00:00-06:00,2017-07-04T06:00:00Z,µg/m³
logan,S305,3346,305,reference,2017-07-05,11.0,3.9,9.4,41.6,8.035371780395508,23,24,96.0,1,False,2017-07-05T00:00:00-06:00,2017-07-06T00:00:00-06:00,2017-07-05T06:00:00Z,µg/m³
logan,S305,3346,305,reference,2017-07-06,7.55,3.5,8.45,11.6,2.244990348815918,24,24,100.0,1,False,2017-07-06T00:00:00-06:00,2017-07-07T00:00:00-06:00,2017-07-06T06:00:00Z,µg/m³
logan,S305,3346,305,reference,2017-07-07,7.49,2.4,7.4,13.0,2.7700188159942627,23,24,96.0,1,False,2017-07-07T00:00:00-06:00,2017-07-08T00:00:00-06:00,2017-07-07T06:00:00Z,µg/m³
logan,S305,3346,305,reference,2017-07-08,7.84,2.6,8.3,12.4,2.953399896621704,21,24,88.0,1,False,2017-07-08T00:00:00-06:00,2017-07-09T00:00:00-06:00,2017-07-08T06:00:00Z,µg/m³
logan,S305,3346,305,reference,2017-07-09,5.75,0.8,6.3,9.6,2.8491435050964355,21,24,88.0,1,False,2017-07-09T00:00:00-06:00,2017-07-10T00:00:00-06:00,2017-07-09T06:00:00Z,µg/m³
logan,S305,3346,305,reference,2017-07-10,5.07,1.0,4.6,9.8,2.3166067600250244,24,24,100.0,1,False,2017-07-10T00:00:00-06:00,2017-07-11T00:00:00-06:00,2017-07-10T06:00:00Z,µg/m³
logan,S305,3346,305,reference,2017-07-11,7.38,2.5,8.2,10.3,2.3870203495025635,23,24,96.0,1,False,2017-07-11T00:00:00-06:00,2017-07-12T00:00:00-06:00,2017-07-11T06:00:00Z,µg/m³
logan,S305,3346,305,reference,2017-07-12,8.51,3.1,9.350000000000001,12.4,2.825953722000122,24,24,100.0,1,False,2017-07-12T00:00:00-06:00,2017-07-13T00:00:00-06:00,2017-07-12T06:00:00Z,µg/m³
logan,S305,3346,305,reference,2017-07-13,8.65,1.7,8.850000000000001,14.9,3.658019542694092,23,24,96.0,1,False,2017-07-13T00:00:00-06:00,2017-07-14T00:00:00-06:00,2017-07-13T06:00:00Z,µg/m³
logan,S305,3346,305,reference,2017-07-14,8.63,4.1,8.55,13.5,2.758268117904663,24,24,100.0,1,True,2017-07-14T00:00:00-06:00,2017-07-15T00:00:00-06:00,2017-07-14T06:00:00Z,µg/m³
logan,S305,3346,305,reference,2017-07-15,7.31,3.0,7.4,11.7,3.01271915435791,21,24,88.0,1,False,2017-07-15T00:00:00-06:00,2017-07-16T00:00:00-06:00,2017-07-15T06:00:00Z,µg/m³
logan,S305,3346,305,reference,2017-07-16,6.55,0.2,6.6,11.8,2.6952741146087646,22,24,92.0,1,True,2017-07-16T00:00:00-06:00,2017-07-17T00:00:00-06:00,2017-07-16T06:00:00Z,µg/m³
logan,S305,3346,305,reference,2017-07-17,7.53,2.7,7.0,14.4,4.275557994842529,23,24,96.0,1,False,2017-07-17T00:00:00-06:00,2017-07-18T00:00:00-06:00,2017-07-17T06:00:00Z,µg/m³
logan,S305,3346,305,reference,2017-07-18,7.41,3.6,7.15,13.2,3.2230892181396484,19,24,79.0,1,True,2017-07-18T00:00:00-06:00,2017-07-19T00:00:00-06:00,2017-07-18T06:00:00Z,µg/m³
logan,S305,3346,305,reference,2017-07-19,9.21,3.9,8.9,19.0,3.532940149307251,24,24,100.0,1,True,2017-07-19T00:00:00-06:00,2017-07-20T00:00:00-06:00,2017-07-19T06:00:00Z,µg/m³
logan,S305,3346,305,reference,2017-07-20,7.8,2.6,8.05,12.5,2.3641552925109863,14,24,58.0,0,True,2017-07-20T00:00:00-06:00,2017-07-21T00:00:00-06:00,2017-07-20T06:00:00Z,µg/m³
logan,S305,3346,305,reference,2017-08-10,17.5,0.0,17.5,25.7,7.731070041656494,9,24,38.0,0,False,2017-08-10T00:00:00-06:00,2017-08-11T00:00:00-06:00,2017-08-10T06:00:00Z,µg/m³
logan,S305,3346,305,reference,2017-08-11,11.4,1.1,10.649999999999999,20.5,7.066897869110107,18,24,75.0,1,False,2017-08-11T00:00:00-06:00,2017-08-12T00:00:00-06:00,2017-08-11T06:00:00Z,µg/m³
logan,S305,3346,305,reference,2017-08-12,5.48,1.2,5.2,14.2,3.1233136653900146,19,24,79.0,1,False,2017-08-12T00:00:00-06:00,2017-08-13T00:00:00-06:00,2017-08-12T06:00:00Z,µg/m³
logan,S305,3346,305,reference,2017-08-13,7.72,2.6,6.65,30.5,6.078606605529785,22,24,92.0,1,False,2017-08-13T00:00:00-06:00,2017-08-14T00:00:00-06:00,2017-08-13T06:00:00Z,µg/m³
logan,S305,3346,305,reference,2017-08-14,7.62,2.8,7.65,11.6,2.847996234893799,22,24,92.0,1,False,2017-08-14T00:00:00-06:00,2017-08-15T00:00:00-06:00,2017-08-14T06:00:00Z,µg/m³
logan,S305,3346,305,reference,2017-08-15,6.5,0.2,6.6,11.6,2.3377296924591064,23,24,96.0,1,False,2017-08-15T00:00:00-06:00,2017-08-16T00:00:00-06:00,2017-08-15T06:00:00Z,µg/m³
logan,S305,3346,305,reference,2017-08-16,7.59,3.6,7.5,13.2,2.2566094398498535,21,24,88.0,1,False,2017-08-16T00:00:00-06:00,2017-08-17T00:00:00-06:00,2017-08-16T06:00:00Z,µg/m³
logan,S305,3346,305,reference,2017-08-17,8.14,2.9,8.6,15.7,2.7316038608551025,23,24,96.0,1,False,2017-08-17T00:00:00-06:00,2017-08-18T00:00:00-06:00,2017-08-17T06:00:00Z,µg/m³
logan,S305,3346,305,reference,2017-08-18,6.36,2.0,7.0,9.1,1.959531307220459,23,24,96.0,1,False,2017-08-18T00:00:00-06:00,2017-08-19T00:00:00-06:00,2017-08-18T06:00:00Z,µg/m³
logan,S305,3346,305,reference,2017-08-19,6.78,0.5,6.6,14.5,3.4153923988342285,21,24,88.0,1,False,2017-08-19T00:00:00-06:00,2017-08-20T00:00:00-06:00,2017-08-19T06:00:00Z,µg/m³
logan,S305,3346,305,reference,2017-08-20,9.28,5.4,9.1,13.0,2.1017680168151855,15,24,63.0,0,False,2017-08-20T00:00:00-06:00,2017-08-21T00:00:00-06:00,2017-08-20T06:00:00Z,µg/m³
logan,S305,3346,305,reference,2017-08-21,11.1,9.0,11.8,12.6,1.777076244354248,5,24,21.0,0,False,2017-08-21T00:00:00-06:00,2017-08-22T00:00:00-06:00,2017-08-21T06:00:00Z,µg/m³
logan,S305,3346,305,reference,2017-08-22,6.89,1.1,7.3,14.4,3.167083978652954,20,24,83.0,1,False,2017-08-22T00:00:00-06:00,2017-08-23T00:00:00-06:00,2017-08-22T06:00:00Z,µg/m³
logan,S305,3346,305,reference,2017-08-23,4.87,1.8,4.5,11.9,2.6641712188720703,24,24,100.0,1,False,2017-08-23T00:00:00-06:00,2017-08-24T00:00:00-06:00,2017-08-23T06:00:00Z,µg/m³
logan,S305,3346,305,reference,2017-08-24,4.94,1.0,3.8499999999999996,15.6,3.4662535190582275,22,24,92.0,1,False,2017-08-24T00:00:00-06:00,2017-08-25T00:00:00-06:00,2017-08-24T06:00:00Z,µg/m³
logan,S305,3346,305,reference,2017-08-25,7.02,0.9,7.199999999999999,13.6,3.497661590576172,23,24,96.0,1,True,2017-08-25T00:00:00-06:00,2017-08-26T00:00:00-06:00,2017-08-25T06:00:00Z,µg/m³
logan,S305,3346,305,reference,2017-08-26,6.45,0.2,6.75,10.8,4.398526191711426,22,24,92.0,1,True,2017-08-26T00:00:00-06:00,2017-08-27T00:00:00-06:00,2017-08-26T06:00:00Z,µg/m³
logan,S305,3346,305,reference,2017-08-27,7.84,2.4,7.800000000000001,14.0,2.862776517868042,24,24,100.0,1,True,2017-08-27T00:00:00-06:00,2017-08-28T00:00:00-06:00,2017-08-27T06:00:00Z,µg/m³
logan,S305,3346,305,reference,2017-08-28,8.63,4.4,8.55,13.5,2.0624313354492188,24,24,100.0,1,False,2017-08-28T00:00:00-06:00,2017-08-29T00:00:00-06:00,2017-08-28T06:00:00Z,µg/m³
logan,S305,3346,305,reference,2017-08-29,9.4,7.5,9.8,11.0,1.2854959964752197,9,24,38.0,0,False,2017-08-29T00:00:00-06:00,2017-08-30T00:00:00-06:00,2017-08-29T06:00:00Z,µg/m³
logan,S305,3346,305,reference,2017-09-26,3.03,1.4,2.45,5.8,2.010596990585327,4,24,17.0,0,False,2017-09-26T00:00:00-06:00,2017-09-27T00:00:00-06:00,2017-09-26T06:00:00Z,µg/m³
logan,S305,3346,305,reference,2017-09-27,2.7,0.2,2.35,5.9,2.4617066383361816,4,24,17.0,0,False,2017-09-27T00:00:00-06:00,2017-09-28T00:00:00-06:00,2017-09-27T06:00:00Z,µg/m³
logan,S305,3346,305,reference,2017-09-29,3.8,1.5,4.0,5.9,1.6370705366134644,6,24,25.0,0,False,2017-09-29T00:00:00-06:00,2017-09-30T00:00:00-06:00,2017-09-29T06:00:00Z,µg/m³
logan,S305,3346,305,reference,2017-09-30,4.03,0.1,4.449999999999999,7.3,2.73531436920166,9,24,38.0,0,False,2017-09-30T00:00:00-06:00,2017-10-01T00:00:00-06:00,2017-09-30T06:00:00Z,µg/m³
logan,S305,3346,305,reference,2017-10-01,1.91,0.0,2.1,3.8,1.6603984832763672,13,24,54.0,0,True,2017-10-01T00:00:00-06:00,2017-10-02T00:00:00-06:00,2017-10-01T06:00:00Z,µg/m³
logan,S305,3346,305,reference,2017-10-02,1.66,0.3,1.5,3.2,1.1787806749343872,7,24,29.0,0,True,2017-10-02T00:00:00-06:00,2017-10-03T00:00:00-06:00,2017-10-02T06:00:00Z,µg/m³
logan,S305,3346,305,reference,2017-10-03,2.17,0.7,1.9,3.9,1.150072455406189,6,24,25.0,0,True,2017-10-03T00:00:00-06:00,2017-10-04T00:00:00-06:00,2017-10-03T06:00:00Z,µg/m³
logan,S305,3346,305,reference,2017-10-04,1.75,0.8,1.75,2.7,1.8009257316589355,3,24,13.0,0,False,2017-10-04T00:00:00-06:00,2017-10-05T00:00:00-06:00,2017-10-04T06:00:00Z,µg/m³
logan,S305,3346,305,reference,2017-10-05,1.77,0.5,2.0,2.4,0.6575568318367004,7,24,29.0,0,False,2017-10-05T00:00:00-06:00,2017-10-06T00:00:00-06:00,2017-10-05T06:00:00Z,µg/m³
logan,S305,3346,305,reference,2017-10-06,2.9,0.9,2.55,6.2,1.6852298974990845,10,24,42.0,0,True,2017-10-06T00:00:00-06:00,2017-10-07T00:00:00-06:00,2017-10-06T06:00:00Z,µg/m³
logan,S305,3346,305,reference,2017-10-07,3.19,0.2,2.9,6.6,2.7829675674438477,11,24,46.0,0,False,2017-10-07T00:00:00-06:00,2017-10-08T00:00:00-06:00,2017-10-07T06:00:00Z,µg/m³
logan,S305,3346,305,reference,2017-10-08,3.73,1.5,4.6,5.2,2.3861289024353027,9,24,38.0,0,True,2017-10-08T00:00:00-06:00,2017-10-09T00:00:00-06:00,2017-10-08T06:00:00Z,µg/m³
logan,S305,3346,305,reference,2017-10-09,1.88,0.0,2.0,3.5,1.0098004341125488,12,24,50.0,0,True,2017-10-09T00:00:00-06:00,2017-10-10T00:00:00-06:00,2017-10-09T06:00:00Z,µg/m³
logan,S305,3346,305,reference,2017-10-10,4.15,1.2,4.65,6.1,2.1299452781677246,4,24,17.0,0,True,2017-10-10T00:00:00-06:00,2017-10-11T00:00:00-06:00,2017-10-10T06:00:00Z,µg/m³
logan,S305,3346,305,reference,2017-10-11,4.02,0.6,3.15,8.3,2.39109468460083,10,24,42.0,0,False,2017-10-11T00:00:00-06:00,2017-10-12T00:00:00-06:00,2017-10-11T06:00:00Z,µg/m³
logan,S305,3346,305,reference,2017-10-12,8.4,0.5,3.6,39.5,13.85400104522705,7,24,29.0,0,False,2017-10-12T00:00:00-06:00,2017-10-13T00:00:00-06:00,2017-10-12T06:00:00Z,µg/m³
logan,S305,3346,305,reference,2017-10-13,5.03,2.6,4.8,7.3,1.6640455722808838,7,24,29.0,0,False,2017-10-13T00:00:00-06:00,2017-10-14T00:00:00-06:00,2017-10-13T06:00:00Z,µg/m³
logan,S305,3346,305,reference,2017-10-14,3.16,2.3,2.9,5.7,1.1830147504806519,7,24,29.0,0,False,2017-10-14T00:00:00-06:00,2017-10-15T00:00:00-06:00,2017-10-14T06:00:00Z,µg/m³
logan,S305,3346,305,reference,2017-10-15,4.14,2.7,4.3,5.5,1.0212037563323975,7,24,29.0,0,False,2017-10-15T00:00:00-06:00,2017-10-16T00:00:00-06:00,2017-10-15T06:00:00Z,µg/m³
logan,S305,3346,305,reference,2017-10-16,6.37,3.7,6.5,8.3,1.5827192068099976,9,24,38.0,0,False,2017-10-16T00:00:00-06:00,2017-10-17T00:00:00-06:00,2017-10-16T06:00:00Z,µg/m³
logan,S305,3346,305,reference,2017-10-17,7.68,5.7,7.4,11.3,1.6484335660934448,10,24,42.0,0,False,2017-10-17T00:00:00-06:00,2017-10-18T00:00:00-06:00,2017-10-17T06:00:00Z,µg/m³
logan,S305,3346,305,reference,2017-10-18,7.9,0.2,8.75,11.7,2.8967065811157227,12,24,50.0,0,False,2017-10-18T00:00:00-06:00,2017-10-19T00:00:00-06:00,2017-10-18T06:00:00Z,µg/m³
logan,S305,3346,305,reference,2017-10-19,7.33,4.7,6.949999999999999,10.7,1.5769520998001099,10,24,42.0,0,False,2017-10-19T00:00:00-06:00,2017-10-20T00:00:00-06:00,2017-10-19T06:00:00Z,µg/m³
logan,S305,3346,305,reference,2017-10-20,1.33,0.7,0.9,2.4,0.9291573166847229,3,24,13.0,0,False,2017-10-20T00:00:00-06:00,2017-10-21T00:00:00-06:00,2017-10-20T06:00:00Z,µg/m³
logan,S305,3346,305,reference,2017-10-21,3.22,1.5,3.7,4.5,0.9711554050445557,15,24,63.0,0,False,2017-10-21T00:00:00-06:00,2017-10-22T00:00:00-06:00,2017-10-21T06:00:00Z,µg/m³
logan,S305,3346,305,reference,2017-10-22,4.28,0.7,4.3,7.8,2.1968159675598145,15,24,63.0,0,False,2017-10-22T00:00:00-06:00,2017-10-23T00:00:00-06:00,2017-10-22T06:00:00Z,µg/m³
logan,S305,3346,305,reference,2017-10-23,3.43,0.2,3.8,5.8,2.235769748687744,6,24,25.0,0,False,2017-10-23T00:00:00-06:00,2017-10-24T00:00:00-06:00,2017-10-23T06:00:00Z,µg/m³
logan,S305,3346,305,reference,2017-10-24,6.44,5.0,6.7,7.4,0.867673397064209,7,24,29.0,0,False,2017-10-24T00:00:00-06:00,2017-10-25T00:00:00-06:00,2017-10-24T06:00:00Z,µg/m³
logan,S305,3346,305,reference,2017-10-25,7.21,4.2,7.55,9.5,2.080822229385376,8,24,33.0,0,False,2017-10-25T00:00:00-06:00,2017-10-26T00:00:00-06:00,2017-10-25T06:00:00Z,µg/m³
logan,S305,3346,305,reference,2017-10-26,6.85,0.5,7.7,11.5,3.7125463485717773,6,24,25.0,0,False,2017-10-26T00:00:00-06:00,2017-10-27T00:00:00-06:00,2017-10-26T06:00:00Z,µg/m³
logan,S305,3346,305,reference,2017-10-27,4.14,1.3,4.2,7.4,2.109389543533325,7,24,29.0,0,False,2017-10-27T00:00:00-06:00,2017-10-28T00:00:00-06:00,2017-10-27T06:00:00Z,µg/m³
logan,S305,3346,305,reference,2017-10-28,5.42,1.5,5.5,8.5,2.472583055496216,6,24,25.0,0,False,2017-10-28T00:00:00-06:00,2017-10-29T00:00:00-06:00,2017-10-28T06:00:00Z,µg/m³
logan,S305,3346,305,reference,2017-10-29,5.1,3.5,4.5,8.4,1.9144189357757568,5,24,21.0,0,False,2017-10-29T00:00:00-06:00,2017-10-30T00:00:00-06:00,2017-10-29T06:00:00Z,µg/m³
logan,S305,3346,305,reference,2017-10-30,5.03,1.5,5.2,7.4,1.6745872497558594,12,24,50.0,0,False,2017-10-30T00:00:00-06:00,2017-10-31T00:00:00-06:00,2017-10-30T06:00:00Z,µg/m³
logan,S305,3346,305,reference,2017-10-31,3.87,0.2,3.9,6.8,1.988885760307312,10,24,42.0,0,False,2017-10-31T00:00:00-06:00,2017-11-01T00:00:00-06:00,2017-10-31T06:00:00Z,µg/m³
logan,S305,3346,305,reference,2017-11-01,7.63,1.8,8.8,10.3,2.790161371231079,9,24,38.0,0,False,2017-11-01T00:00:00-06:00,2017-11-02T00:00:00-06:00,2017-11-01T06:00:00Z,µg/m³
logan,S305,3346,305,reference,2017-11-02,6.36,1.9,5.3,12.9,3.632197380065918,7,24,29.0,0,False,2017-11-02T00:00:00-06:00,2017-11-03T00:00:00-06:00,2017-11-02T06:00:00Z,µg/m³
logan,S305,3346,305,reference,2017-11-03,4.83,4.2,4.9,5.4,0.6027714014053345,3,24,13.0,0,False,2017-11-03T00:00:00-06:00,2017-11-04T00:00:00-06:00,2017-11-03T06:00:00Z,µg/m³
logan,S305,3346,305,reference,2017-11-04,4.1,0.7,3.5500000000000003,8.6,3.3595633506774902,4,24,17.0,0,False,2017-11-04T00:00:00-06:00,2017-11-05T00:00:00-06:00,2017-11-04T06:00:00Z,µg/m³
logan,S305,3346,305,reference,2017-11-05,2.0,2.0,2.0,2.0,,1,24,4.0,0,False,2017-11-05T00:00:00-06:00,2017-11-06T00:00:00-07:00,2017-11-05T06:00:00Z,µg/m³
logan,S305,3346,305,reference,2017-11-06,4.23,2.2,4.25,6.2,1.6337584257125854,4,24,17.0,0,False,2017-11-06T00:00:00-07:00,2017-11-07T00:00:00-07:00,2017-11-06T07:00:00Z,µg/m³
logan,S305,3346,305,reference,2017-11-07,0.6,0.6,0.6,0.6,,1,24,4.0,0,False,2017-11-07T00:00:00-07:00,2017-11-08T00:00:00-07:00,2017-11-07T07:00:00Z,µg/m³
logan,S305,3346,305,reference,2017-11-08,5.98,2.6,5.5,9.9,2.6845855712890625,5,24,21.0,0,False,2017-11-08T00:00:00-07:00,2017-11-09T00:00:00-07:00,2017-11-08T07:00:00Z,µg/m³
logan,S305,3346,305,reference,2017-11-09,10.7,7.6,11.1,13.4,2.920616388320923,3,24,13.0,0,False,2017-11-09T00:00:00-07:00,2017-11-10T00:00:00-07:00,2017-11-09T07:00:00Z,µg/m³
logan,S305,3346,305,reference,2017-11-10,6.97,5.6,7.0,8.3,1.3503086566925049,3,24,13.0,0,False,2017-11-10T00:00:00-07:00,2017-11-11T00:00:00-07:00,2017-11-10T07:00:00Z,µg/m³
logan,S305,3346,305,reference,2017-11-11,5.45,0.3,4.45,12.6,5.470222473144531,4,24,17.0,0,False,2017-11-11T00:00:00-07:00,2017-11-12T00:00:00-07:00,2017-11-11T07:00:00Z,µg/m³
logan,S305,3346,305,reference,2017-11-12,4.54,2.1,5.0,8.4,2.177044630050659,7,24,29.0,0,False,2017-11-12T00:00:00-07:00,2017-11-13T00:00:00-07:00,2017-11-12T07:00:00Z,µg/m³
logan,S305,3346,305,reference,2017-11-13,9.8,4.6,8.3,16.5,6.090156078338623,3,24,13.0,0,False,2017-11-13T00:00:00-07:00,2017-11-14T00:00:00-07:00,2017-11-13T07:00:00Z,µg/m³
logan,S305,3346,305,reference,2017-11-14,7.55,6.1,7.55,9.0,4.49588680267334,5,24,21.0,0,False,2017-11-14T00:00:00-07:00,2017-11-15T00:00:00-07:00,2017-11-14T07:00:00Z,µg/m³
logan,S305,3346,305,reference,2017-11-15,6.29,2.9,6.9,10.4,2.5069427490234375,7,24,29.0,0,True,2017-11-15T00:00:00-07:00,2017-11-16T00:00:00-07:00,2017-11-15T07:00:00Z,µg/m³
logan,S305,3346,305,reference,2017-11-16,10.9,3.7,13.2,15.8,6.369458198547363,3,24,13.0,0,True,2017-11-16T00:00:00-07:00,2017-11-17T00:00:00-07:00,2017-11-16T07:00:00Z,µg/m³
logan,S305,3346,305,reference,2017-11-17,4.32,2.4,3.9,7.2,2.9911537170410156,6,24,25.0,0,False,2017-11-17T00:00:00-07:00,2017-11-18T00:00:00-07:00,2017-11-17T07:00:00Z,µg/m³
logan,S305,3346,305,reference,2017-11-19,10.8,8.1,11.6,12.8,2.4419937133789062,3,24,13.0,0,False,2017-11-19T00:00:00-07:00,2017-11-20T00:00:00-07:00,2017-11-19T07:00:00Z,µg/m³
logan,S305,3346,305,reference,2017-11-20,10.5,8.7,10.5,12.3,2.5455844402313232,2,24,8.0,0,False,2017-11-20T00:00:00-07:00,2017-11-21T00:00:00-07:00,2017-11-20T07:00:00Z,µg/m³
logan,S305,3346,305,reference,2017-11-21,7.2,4.1,7.6,9.5,2.345207929611206,4,24,17.0,0,False,2017-11-21T00:00:00-07:00,2017-11-22T00:00:00-07:00,2017-11-21T07:00:00Z,µg/m³
logan,S305,3346,305,reference,2017-11-22,4.93,4.3,4.6,5.9,0.8504900336265564,3,24,13.0,0,False,2017-11-22T00:00:00-07:00,2017-11-23T00:00:00-07:00,2017-11-22T07:00:00Z,µg/m³
logan,S305,3346,305,reference,2017-11-23,8.9,8.4,8.9,9.4,0.7071067690849304,2,24,8.0,0,False,2017-11-23T00:00:00-07:00,2017-11-24T00:00:00-07:00,2017-11-23T07:00:00Z,µg/m³
logan,S305,3346,305,reference,2017-11-24,1.2,1.2,1.2,1.2,,1,24,4.0,0,False,2017-11-24T00:00:00-07:00,2017-11-25T00:00:00-07:00,2017-11-24T07:00:00Z,µg/m³
logan,S305,3346,305,reference,2017-11-25,5.06,3.4,3.7,8.7,2.274423122406006,5,24,21.0,0,False,2017-11-25T00:00:00-07:00,2017-11-26T00:00:00-07:00,2017-11-25T07:00:00Z,µg/m³
logan,S305,3346,305,reference,2017-11-26,7.02,4.0,7.1,11.9,2.9095818996429443,6,24,25.0,0,False,2017-11-26T00:00:00-07:00,2017-11-27T00:00:00-07:00,2017-11-26T07:00:00Z,µg/m³
logan,S305,3346,305,reference,2017-11-28,1.05,0.3,1.05,1.8,1.0606601238250732,2,24,8.0,0,False,2017-11-28T00:00:00-07:00,2017-11-29T00:00:00-07:00,2017-11-28T07:00:00Z,µg/m³
logan,S305,3346,305,reference,2017-11-29,0.0,0.0,0.0,0.0,,1,24,4.0,0,False,2017-11-29T00:00:00-07:00,2017-11-30T00:00:00-07:00,2017-11-29T07:00:00Z,µg/m³
logan,S305,3346,305,reference,2017-11-30,7.25,6.8,7.25,7.7,0.6363961100578308,2,24,8.0,0,False,2017-11-30T00:00:00-07:00,2017-12-01T00:00:00-07:00,2017-11-30T07:00:00Z,µg/m³
logan,S305,3346,305,reference,2017-12-01,9.03,3.9,6.1,17.1,7.072010517120361,3,24,13.0,0,False,2017-12-01T00:00:00-07:00,2017-12-02T00:00:00-07:00,2017-12-01T07:00:00Z,µg/m³
logan,S305,3346,305,reference,2017-12-02,9.53,8.2,9.6,10.8,1.301281452178955,3,24,13.0,0,False,2017-12-02T00:00:00-07:00,2017-12-03T00:00:00-07:00,2017-12-02T07:00:00Z,µg/m³
logan,S305,3346,305,reference,2017-12-03,4.48,2.5,3.8,7.8,3.1673333644866943,5,24,21.0,0,False,2017-12-03T00:00:00-07:00,2017-12-04T00:00:00-07:00,2017-12-03T07:00:00Z,µg/m³
logan,S305,3346,305,reference,2017-12-04,3.9,3.0,3.9,4.8,1.2727922201156616,2,24,8.0,0,False,2017-12-04T00:00:00-07:00,2017-12-05T00:00:00-07:00,2017-12-04T07:00:00Z,µg/m³
logan,S305,3346,305,reference,2017-12-05,5.9,4.0,5.8,7.9,1.9519221782684326,3,24,13.0,0,True,2017-12-05T00:00:00-07:00,2017-12-06T00:00:00-07:00,2017-12-05T07:00:00Z,µg/m³
logan,S305,3346,305,reference,2017-12-06,7.9,7.9,7.9,7.9,,1,24,4.0,0,False,2017-12-06T00:00:00-07:00,2017-12-07T00:00:00-07:00,2017-12-06T07:00:00Z,µg/m³
logan,S305,3346,305,reference,2017-12-07,10.5,8.3,10.0,13.1,2.4337899684906006,3,24,13.0,0,False,2017-12-07T00:00:00-07:00,2017-12-08T00:00:00-07:00,2017-12-07T07:00:00Z,µg/m³
logan,S305,3346,305,reference,2017-12-08,12.8,7.6,13.95,15.8,3.2077510356903076,6,24,25.0,0,False,2017-12-08T00:00:00-07:00,2017-12-09T00:00:00-07:00,2017-12-08T07:00:00Z,µg/m³
logan,S305,3346,305,reference,2017-12-09,11.6,8.5,12.0,13.6,1.9659603834152222,5,24,21.0,0,False,2017-12-09T00:00:00-07:00,2017-12-10T00:00:00-07:00,2017-12-09T07:00:00Z,µg/m³
logan,S305,3346,305,reference,2017-12-10,7.34,5.1,7.35,10.0,1.5739113092422485,12,24,50.0,0,False,2017-12-10T00:00:00-07:00,2017-12-11T00:00:00-07:00,2017-12-10T07:00:00Z,µg/m³
logan,S305,3346,305,reference,2017-12-11,9.35,9.0,9.35,9.7,0.4949747323989868,2,24,8.0,0,False,2017-12-11T00:00:00-07:00,2017-12-12T00:00:00-07:00,2017-12-11T07:00:00Z,µg/m³
logan,S305,3346,305,reference,2017-12-12,17.6,13.6,15.5,23.6,5.310680866241455,3,24,13.0,0,False,2017-12-12T00:00:00-07:00,2017-12-13T00:00:00-07:00,2017-12-12T07:00:00Z,µg/m³
logan,S305,3346,305,reference,2017-12-13,15.4,12.5,14.3,19.5,3.6350150108337402,3,24,13.0,0,False,2017-12-13T00:00:00-07:00,2017-12-14T00:00:00-07:00,2017-12-13T07:00:00Z,µg/m³
logan,S305,3346,305,reference,2017-12-14,15.4,13.3,15.45,17.5,1.882153034210205,4,24,17.0,0,False,2017-12-14T00:00:00-07:00,2017-12-15T00:00:00-07:00,2017-12-14T07:00:00Z,µg/m³
logan,S305,3346,305,reference,2017-12-15,17.9,13.6,17.0,22.5,3.715507984161377,5,24,21.0,0,False,2017-12-15T00:00:00-07:00,2017-12-16T00:00:00-07:00,2017-12-15T07:00:00Z,µg/m³
logan,S305,3346,305,reference,2017-12-16,15.3,0.2,19.4,25.8,10.13734245300293,7,24,29.0,0,False,2017-12-16T00:00:00-07:00,2017-12-17T00:00:00-07:00,2017-12-16T07:00:00Z,µg/m³
logan,S305,3346,305,reference,2017-12-17,6.92,5.1,6.2,9.7,1.9690098762512207,5,24,21.0,0,False,2017-12-17T00:00:00-07:00,2017-12-18T00:00:00-07:00,2017-12-17T07:00:00Z,µg/m³
logan,S305,3346,305,reference,2017-12-18,9.78,7.4,10.350000000000001,11.0,1.6132265329360962,4,24,17.0,0,False,2017-12-18T00:00:00-07:00,2017-12-19T00:00:00-07:00,2017-12-18T07:00:00Z,µg/m³
logan,S305,3346,305,reference,2017-12-19,7.35,6.6,7.35,8.1,1.0606601238250732,2,24,8.0,0,False,2017-12-19T00:00:00-07:00,2017-12-20T00:00:00-07:00,2017-12-19T07:00:00Z,µg/m³
logan,S305,3346,305,reference,2017-12-21,3.65,1.1,3.6500000000000004,6.2,2.1299452781677246,4,24,17.0,0,False,2017-12-21T00:00:00-07:00,2017-12-22T00:00:00-07:00,2017-12-21T07:00:00Z,µg/m³
logan,S305,3346,305,reference,2017-12-22,7.1,7.1,7.1,7.1,,1,24,4.0,0,False,2017-12-22T00:00:00-07:00,2017-12-23T00:00:00-07:00,2017-12-22T07:00:00Z,µg/m³
logan,S305,3346,305,reference,2017-12-23,1.38,0.1,1.8,2.2,0.8642916083335876,5,24,21.0,0,False,2017-12-23T00:00:00-07:00,2017-12-24T00:00:00-07:00,2017-12-23T07:00:00Z,µg/m³
logan,S305,3346,305,reference,2017-12-24,6.1,2.4,5.85,10.3,4.035674095153809,4,24,17.0,0,False,2017-12-24T00:00:00-07:00,2017-12-25T00:00:00-07:00,2017-12-24T07:00:00Z,µg/m³
logan,S305,3346,305,reference,2017-12-25,16.6,16.6,16.6,16.6,,1,24,4.0,0,False,2017-12-25T00:00:00-07:00,2017-12-26T00:00:00-07:00,2017-12-25T07:00:00Z,µg/m³
logan,S305,3346,305,reference,2017-12-27,17.4,16.5,17.4,18.4,0.9178779721260071,4,24,17.0,0,False,2017-12-27T00:00:00-07:00,2017-12-28T00:00:00-07:00,2017-12-27T07:00:00Z,µg/m³
logan,S305,3346,305,reference,2017-12-28,18.3,8.7,20.1,25.1,6.512065887451172,6,24,25.0,0,False,2017-12-28T00:00:00-07:00,2017-12-29T00:00:00-07:00,2017-12-28T07:00:00Z,µg/m³
logan,S305,3346,305,reference,2017-12-29,20.0,15.2,19.95,24.7,6.717514514923096,2,24,8.0,0,False,2017-12-29T00:00:00-07:00,2017-12-30T00:00:00-07:00,2017-12-29T07:00:00Z,µg/m³
logan,S305,3346,305,reference,2017-12-30,5.67,0.8,1.8,14.4,7.579797744750977,3,24,13.0,0,False,2017-12-30T00:00:00-07:00,2017-12-31T00:00:00-07:00,2017-12-30T07:00:00Z,µg/m³
logan,S305,3346,305,reference,2017-12-31,5.18,2.0,3.55,11.6,4.465422630310059,5,24,21.0,0,False,2017-12-31T00:00:00-07:00,2018-01-01T00:00:00-07:00,2017-12-31T07:00:00Z,µg/m³
logan,S305,3346,305,reference,2018-01-01,12.5,7.8,12.3,20.8,4.315365791320801,7,24,29.0,0,True,2018-01-01T00:00:00-07:00,2018-01-02T00:00:00-07:00,2018-01-01T07:00:00Z,µg/m³
logan,S305,3346,305,reference,2018-01-02,18.6,9.9,14.5,38.1,10.166831016540527,9,24,38.0,0,False,2018-01-02T00:00:00-07:00,2018-01-03T00:00:00-07:00,2018-01-02T07:00:00Z,µg/m³
logan,S305,3346,305,reference,2018-01-03,24.3,9.0,21.25,51.4,11.968544960021973,12,24,50.0,0,False,2018-01-03T00:00:00-07:00,2018-01-04T00:00:00-07:00,2018-01-03T07:00:00Z,µg/m³
logan,S305,3346,305,reference,2018-01-04,24.9,3.6,25.15,48.6,11.107437133789062,14,24,58.0,0,False,2018-01-04T00:00:00-07:00,2018-01-05T00:00:00-07:00,2018-01-04T07:00:00Z,µg/m³
logan,S305,3346,305,reference,2018-01-05,36.8,29.0,37.6,45.4,4.216882228851318,15,24,63.0,0,False,2018-01-05T00:00:00-07:00,2018-01-06T00:00:00-07:00,2018-01-05T07:00:00Z,µg/m³
logan,S305,3346,305,reference,2018-01-06,28.9,22.6,29.799999999999997,32.3,3.3134238719940186,10,24,42.0,0,False,2018-01-06T00:00:00-07:00,2018-01-07T00:00:00-07:00,2018-01-06T07:00:00Z,µg/m³
logan,S305,3346,305,reference,2018-01-07,17.9,14.4,16.55,23.9,4.174925327301025,4,24,17.0,0,False,2018-01-07T00:00:00-07:00,2018-01-08T00:00:00-07:00,2018-01-07T07:00:00Z,µg/m³
logan,S305,3346,305,reference,2018-01-09,14.2,14.2,14.2,14.2,,1,24,4.0,0,False,2018-01-09T00:00:00-07:00,2018-01-10T00:00:00-07:00,2018-01-09T07:00:00Z,µg/m³
logan,S305,3346,305,reference,2018-01-10,1.68,0.0,2.3,2.5,1.0756393671035767,5,24,21.0,0,False,2018-01-10T00:00:00-07:00,2018-01-11T00:00:00-07:00,2018-01-10T07:00:00Z,µg/m³
logan,S305,3346,305,reference,2018-01-11,4.1,2.8,4.1,5.4,3.1134119033813477,3,24,13.0,0,False,2018-01-11T00:00:00-07:00,2018-01-12T00:00:00-07:00,2018-01-11T07:00:00Z,µg/m³
logan,S305,3346,305,reference,2018-01-12,4.83,0.5,6.5,7.5,4.699680805206299,5,24,21.0,0,False,2018-01-12T00:00:00-07:00,2018-01-13T00:00:00-07:00,2018-01-12T07:00:00Z,µg/m³
logan,S305,3346,305,reference,2018-01-13,6.02,2.9,6.1,8.9,2.4194352626800537,6,24,25.0,0,True,2018-01-13T00:00:00-07:00,2018-01-14T00:00:00-07:00,2018-01-13T07:00:00Z,µg/m³
logan,S305,3346,305,reference,2018-01-14,7.68,4.1,8.5,10.2,2.4993999004364014,5,24,21.0,0,False,2018-01-14T00:00:00-07:00,2018-01-15T00:00:00-07:00,2018-01-14T07:00:00Z,µg/m³
logan,S305,3346,305,reference,2018-01-15,6.95,6.3,6.949999999999999,7.6,0.919238805770874,2,24,8.0,0,False,2018-01-15T00:00:00-07:00,2018-01-16T00:00:00-07:00,2018-01-15T07:00:00Z,µg/m³
logan,S305,3346,305,reference,2018-01-16,6.1,3.7,6.1,8.5,3.3941125869750977,2,24,8.0,0,False,2018-01-16T00:00:00-07:00,2018-01-17T00:00:00-07:00,2018-01-16T07:00:00Z,µg/m³
logan,S305,3346,305,reference,2018-01-17,10.7,8.0,11.0,12.1,1.513494849205017,6,24,25.0,0,False,2018-01-17T00:00:00-07:00,2018-01-18T00:00:00-07:00,2018-01-17T07:00:00Z,µg/m³
logan,S305,3346,305,reference,2018-01-18,16.8,16.8,16.8,16.8,,1,24,4.0,0,False,2018-01-18T00:00:00-07:00,2018-01-19T00:00:00-07:00,2018-01-18T07:00:00Z,µg/m³
logan,S305,3346,305,reference,2018-01-19,4.02,0.0,3.2,10.3,3.7956554889678955,5,24,21.0,0,False,2018-01-19T00:00:00-07:00,2018-01-20T00:00:00-07:00,2018-01-19T07:00:00Z,µg/m³
logan,S305,3346,305,reference,2018-01-20,3.7,0.8,4.7,5.5,2.1624059677124023,6,24,25.0,0,False,2018-01-20T00:00:00-07:00,2018-01-21T00:00:00-07:00,2018-01-20T07:00:00Z,µg/m³
logan,S305,3346,305,reference,2018-01-21,4.33,2.1,5.3,5.6,1.9399312734603882,3,24,13.0,0,False,2018-01-21T00:00:00-07:00,2018-01-22T00:00:00-07:00,2018-01-21T07:00:00Z,µg/m³
logan,S305,3346,305,reference,2018-01-22,20.5,7.2,9.5,44.8,21.075815200805664,3,24,13.0,0,False,2018-01-22T00:00:00-07:00,2018-01-23T00:00:00-07:00,2018-01-22T07:00:00Z,µg/m³
logan,S305,3346,305,reference,2018-01-23,16.3,11.9,14.25,24.7,5.75753116607666,4,24,17.0,0,False,2018-01-23T00:00:00-07:00,2018-01-24T00:00:00-07:00,2018-01-23T07:00:00Z,µg/m³
logan,S305,3346,305,reference,2018-01-24,17.4,17.4,17.4,17.4,,1,24,4.0,0,False,2018-01-24T00:00:00-07:00,2018-01-25T00:00:00-07:00,2018-01-24T07:00:00Z,µg/m³
logan,S305,3346,305,reference,2018-01-25,2.2,2.2,2.2,2.2,,1,24,4.0,0,False,2018-01-25T00:00:00-07:00,2018-01-26T00:00:00-07:00,2018-01-25T07:00:00Z,µg/m³
logan,S305,3346,305,reference,2018-01-26,3.2,3.2,3.2,3.2,,1,24,4.0,0,False,2018-01-26T00:00:00-07:00,2018-01-27T00:00:00-07:00,2018-01-26T07:00:00Z,µg/m³
logan,S305,3346,305,reference,2018-01-27,5.35,5.2,5.35,5.5,0.2121320366859436,2,24,8.0,0,False,2018-01-27T00:00:00-07:00,2018-01-28T00:00:00-07:00,2018-01-27T07:00:00Z,µg/m³
logan,S305,3346,305,reference,2018-01-28,5.9,5.9,5.9,5.9,,1,24,4.0,0,False,2018-01-28T00:00:00-07:00,2018-01-29T00:00:00-07:00,2018-01-28T07:00:00Z,µg/m³
logan,S305,3346,305,reference,2018-01-29,8.25,3.9,8.25,12.6,6.151828765869141,2,24,8.0,0,False,2018-01-29T00:00:00-07:00,2018-01-30T00:00:00-07:00,2018-01-29T07:00:00Z,µg/m³
logan,S305,3346,305,reference,2018-01-30,11.5,10.9,11.5,12.1,0.8485281467437744,2,24,8.0,0,False,2018-01-30T00:00:00-07:00,2018-01-31T00:00:00-07:00,2018-01-30T07:00:00Z,µg/m³
logan,S305,3346,305,reference,2018-01-31,3.13,1.0,2.2,6.2,2.7227437496185303,3,24,13.0,0,False,2018-01-31T00:00:00-07:00,2018-02-01T00:00:00-07:00,2018-01-31T07:00:00Z,µg/m³
logan,S305,3346,305,reference,2018-02-01,5.2,5.2,5.2,5.2,,1,24,4.0,0,False,2018-02-01T00:00:00-07:00,2018-02-02T00:00:00-07:00,2018-02-01T07:00:00Z,µg/m³
logan,S305,3346,305,reference,2018-02-03,2.2,2.2,2.2,2.2,,1,24,4.0,0,False,2018-02-03T00:00:00-07:00,2018-02-04T00:00:00-07:00,2018-02-03T07:00:00Z,µg/m³
logan,S305,3346,305,reference,2018-02-04,2.97,1.0,3.3,4.3,1.2041594982147217,9,24,38.0,0,False,2018-02-04T00:00:00-07:00,2018-02-05T00:00:00-07:00,2018-02-04T07:00:00Z,µg/m³
logan,S305,3346,305,reference,2018-02-05,1.15,0.7,1.15,1.6,1.106044054031372,3,24,13.0,0,False,2018-02-05T00:00:00-07:00,2018-02-06T00:00:00-07:00,2018-02-05T07:00:00Z,µg/m³
logan,S305,3346,305,reference,2018-02-06,0.2,0.2,0.2,0.2,,1,24,4.0,0,True,2018-02-06T00:00:00-07:00,2018-02-07T00:00:00-07:00,2018-02-06T07:00:00Z,µg/m³
logan,S305,3346,305,reference,2018-02-07,8.2,8.2,8.2,8.2,,1,24,4.0,0,False,2018-02-07T00:00:00-07:00,2018-02-08T00:00:00-07:00,2018-02-07T07:00:00Z,µg/m³
logan,S305,3346,305,reference,2018-02-08,4.4,4.4,4.4,4.4,,1,24,4.0,0,False,2018-02-08T00:00:00-07:00,2018-02-09T00:00:00-07:00,2018-02-08T07:00:00Z,µg/m³
logan,S305,3346,305,reference,2018-02-09,2.6,2.6,2.6,2.6,,1,24,4.0,0,False,2018-02-09T00:00:00-07:00,2018-02-10T00:00:00-07:00,2018-02-09T07:00:00Z,µg/m³
logan,S305,3346,305,reference,2018-02-10,3.05,2.4,2.8,4.2,0.8544003963470459,4,24,17.0,0,False,2018-02-10T00:00:00-07:00,2018-02-11T00:00:00-07:00,2018-02-10T07:00:00Z,µg/m³
logan,S305,3346,305,reference,2018-02-11,2.8,2.8,2.8,2.8,,1,24,4.0,0,False,2018-02-11T00:00:00-07:00,2018-02-12T00:00:00-07:00,2018-02-11T07:00:00Z,µg/m³
logan,S305,3346,305,reference,2018-02-13,6.48,4.2,6.85,8.4,1.5547776222229004,10,24,42.0,0,False,2018-02-13T00:00:00-07:00,2018-02-14T00:00:00-07:00,2018-02-13T07:00:00Z,µg/m³
logan,S305,3346,305,reference,2018-02-14,8.0,5.9,8.05,10.0,2.0049936771392822,4,24,17.0,0,False,2018-02-14T00:00:00-07:00,2018-02-15T00:00:00-07:00,2018-02-14T07:00:00Z,µg/m³
logan,S305,3346,305,reference,2018-02-15,3.5,2.0,3.4,4.8,1.059874176979065,7,24,29.0,0,False,2018-02-15T00:00:00-07:00,2018-02-16T00:00:00-07:00,2018-02-15T07:00:00Z,µg/m³
logan,S305,3346,305,reference,2018-02-16,3.62,1.7,3.5,5.7,1.5682616233825684,9,24,38.0,0,False,2018-02-16T00:00:00-07:00,2018-02-17T00:00:00-07:00,2018-02-16T07:00:00Z,µg/m³
logan,S305,3346,305,reference,2018-02-17,1.93,0.1,2.1,3.3,1.1254628896713257,6,24,25.0,0,False,2018-02-17T00:00:00-07:00,2018-02-18T00:00:00-07:00,2018-02-17T07:00:00Z,µg/m³
logan,S305,3346,305,reference,2018-02-18,3.82,0.2,2.7,11.3,3.872368335723877,20,24,83.0,1,False,2018-02-18T00:00:00-07:00,2018-02-19T00:00:00-07:00,2018-02-18T07:00:00Z,µg/m³
logan,S305,3346,305,reference,2018-02-19,2.78,1.3,2.6,4.9,1.636802077293396,14,24,58.0,0,True,2018-02-19T00:00:00-07:00,2018-02-20T00:00:00-07:00,2018-02-19T07:00:00Z,µg/m³
logan,S305,3346,305,reference,2018-02-20,3.49,0.6,3.6,9.7,2.1305484771728516,20,24,83.0,1,True,2018-02-20T00:00:00-07:00,2018-02-21T00:00:00-07:00,2018-02-20T07:00:00Z,µg/m³
logan,S305,3346,305,reference,2018-02-21,5.85,2.3,6.75,8.3,2.838341474533081,11,24,46.0,0,False,2018-02-21T00:00:00-07:00,2018-02-22T00:00:00-07:00,2018-02-21T07:00:00Z,µg/m³
logan,S305,3346,305,reference,2018-02-22,8.7,1.5,8.9,12.6,3.778510570526123,8,24,33.0,0,True,2018-02-22T00:00:00-07:00,2018-02-23T00:00:00-07:00,2018-02-22T07:00:00Z,µg/m³
logan,S305,3346,305,reference,2018-02-23,13.9,3.2,7.2,31.0,10.206216812133789,15,24,63.0,0,False,2018-02-23T00:00:00-07:00,2018-02-24T00:00:00-07:00,2018-02-23T07:00:00Z,µg/m³
logan,S305,3346,305,reference,2018-02-24,7.25,1.3,5.9,26.3,6.202272891998291,19,24,79.0,1,False,2018-02-24T00:00:00-07:00,2018-02-25T00:00:00-07:00,2018-02-24T07:00:00Z,µg/m³
logan,S305,3346,305,reference,2018-02-25,2.84,1.6,2.4,5.5,1.9252705574035645,7,24,29.0,0,False,2018-02-25T00:00:00-07:00,2018-02-26T00:00:00-07:00,2018-02-25T07:00:00Z,µg/m³
logan,S305,3346,305,reference,2018-02-27,3.6,2.0,3.8,4.5,1.0173494815826416,5,24,21.0,0,False,2018-02-27T00:00:00-07:00,2018-02-28T00:00:00-07:00,2018-02-27T07:00:00Z,µg/m³
logan,S305,3346,305,reference,2018-03-01,4.13,0.2,4.9,7.3,3.611555576324463,3,24,13.0,0,False,2018-03-01T00:00:00-07:00,2018-03-02T00:00:00-07:00,2018-03-01T07:00:00Z,µg/m³
logan,S305,3346,305,reference,2018-03-02,5.77,1.6,5.1,10.6,4.536885738372803,3,24,13.0,0,False,2018-03-02T00:00:00-07:00,2018-03-03T00:00:00-07:00,2018-03-02T07:00:00Z,µg/m³
logan,S305,3346,305,reference,2018-03-03,3.3,2.5,2.6,4.8,1.2999999523162842,3,24,13.0,0,False,2018-03-03T00:00:00-07:00,2018-03-04T00:00:00-07:00,2018-03-03T07:00:00Z,µg/m³
logan,S305,3346,305,reference,2018-03-04,2.27,1.3,1.6,3.9,1.1944315433502197,6,24,25.0,0,False,2018-03-04T00:00:00-07:00,2018-03-05T00:00:00-07:00,2018-03-04T07:00:00Z,µg/m³
logan,S305,3346,305,reference,2018-03-05,2.68,1.5,2.6,5.0,1.2039287090301514,9,24,38.0,0,False,2018-03-05T00:00:00-07:00,2018-03-06T00:00:00-07:00,2018-03-05T07:00:00Z,µg/m³
logan,S305,3346,305,reference,2018-03-06,6.98,1.6,6.15,15.7,5.351417064666748,6,24,25.0,0,False,2018-03-06T00:00:00-07:00,2018-03-07T00:00:00-07:00,2018-03-06T07:00:00Z,µg/m³
logan,S305,3346,305,reference,2018-03-07,21.6,8.7,22.7,32.1,11.557826042175293,4,24,17.0,0,False,2018-03-07T00:00:00-07:00,2018-03-08T00:00:00-07:00,2018-03-07T07:00:00Z,µg/m³
logan,S305,3346,305,reference,2018-03-08,24.1,10.7,25.549999999999997,35.8,7.926720142364502,10,24,42.0,0,False,2018-03-08T00:00:00-07:00,2018-03-09T00:00:00-07:00,2018-03-08T07:00:00Z,µg/m³
logan,S305,3346,305,reference,2018-03-09,23.6,7.3,24.3,39.1,12.833351135253906,11,24,46.0,0,False,2018-03-09T00:00:00-07:00,2018-03-10T00:00:00-07:00,2018-03-09T07:00:00Z,µg/m³
logan,S305,3346,305,reference,2018-03-10,6.25,0.0,6.0,15.6,5.463907718658447,8,24,33.0,0,False,2018-03-10T00:00:00-07:00,2018-03-11T00:00:00-07:00,2018-03-10T07:00:00Z,µg/m³
logan,S305,3346,305,reference,2018-03-11,4.61,0.5,4.6,7.6,1.9829550981521606,10,24,42.0,0,False,2018-03-11T00:00:00-07:00,2018-03-12T00:00:00-06:00,2018-03-11T07:00:00Z,µg/m³
logan,S305,3346,305,reference,2018-03-12,5.95,3.5,5.6,10.4,2.3872578144073486,6,24,25.0,0,False,2018-03-12T00:00:00-06:00,2018-03-13T00:00:00-06:00,2018-03-12T06:00:00Z,µg/m³
logan,S305,3346,305,reference,2018-03-13,6.66,4.1,6.0,11.8,2.9821133613586426,5,24,21.0,0,False,2018-03-13T00:00:00-06:00,2018-03-14T00:00:00-06:00,2018-03-13T06:00:00Z,µg/m³
logan,S305,3346,305,reference,2018-03-14,5.16,1.1,3.85,12.0,4.484701156616211,11,24,46.0,0,False,2018-03-14T00:00:00-06:00,2018-03-15T00:00:00-06:00,2018-03-14T06:00:00Z,µg/m³
logan,S305,3346,305,reference,2018-03-15,1.97,1.5,1.9,2.5,1.2999999523162842,4,24,17.0,0,True,2018-03-15T00:00:00-06:00,2018-03-16T00:00:00-06:00,2018-03-15T06:00:00Z,µg/m³
logan,S305,3346,305,reference,2018-03-16,1.79,0.0,1.9,3.5,2.00753116607666,11,24,46.0,0,False,2018-03-16T00:00:00-06:00,2018-03-17T00:00:00-06:00,2018-03-16T06:00:00Z,µg/m³
logan,S305,3346,305,reference,2018-03-17,1.18,0.3,1.3,2.3,1.5522640943527222,7,24,29.0,0,True,2018-03-17T00:00:00-06:00,2018-03-18T00:00:00-06:00,2018-03-17T06:00:00Z,µg/m³
logan,S305,3346,305,reference,2018-03-18,2.4,1.6,2.4000000000000004,3.2,1.1313709020614624,2,24,8.0,0,True,2018-03-18T00:00:00-06:00,2018-03-19T00:00:00-06:00,2018-03-18T06:00:00Z,µg/m³
logan,S305,3346,305,reference,2018-03-19,2.43,1.4,1.7,4.2,1.53731369972229,3,24,13.0,0,False,2018-03-19T00:00:00-06:00,2018-03-20T00:00:00-06:00,2018-03-19T06:00:00Z,µg/m³
logan,S305,3346,305,reference,2018-03-20,4.13,2.9,3.75,6.4,1.80908203125,9,24,38.0,0,False,2018-03-20T00:00:00-06:00,2018-03-21T00:00:00-06:00,2018-03-20T06:00:00Z,µg/m³
logan,S305,3346,305,reference,2018-03-21,4.35,2.3,4.2,6.7,1.821171760559082,4,24,17.0,0,True,2018-03-21T00:00:00-06:00,2018-03-22T00:00:00-06:00,2018-03-21T06:00:00Z,µg/m³
logan,S305,3346,305,reference,2018-03-22,4.95,1.5,4.5,8.4,2.4418697357177734,11,24,46.0,0,False,2018-03-22T00:00:00-06:00,2018-03-23T00:00:00-06:00,2018-03-22T06:00:00Z,µg/m³
logan,S305,3346,305,reference,2018-03-23,1.51,0.1,1.3,4.3,1.3769935369491577,9,24,38.0,0,False,2018-03-23T00:00:00-06:00,2018-03-24T00:00:00-06:00,2018-03-23T06:00:00Z,µg/m³
logan,S305,3346,305,reference,2018-03-24,2.16,0.6,2.0,4.2,1.0511369705200195,10,24,42.0,0,False,2018-03-24T00:00:00-06:00,2018-03-25T00:00:00-06:00,2018-03-24T06:00:00Z,µg/m³
logan,S305,3346,305,reference,2018-03-25,2.07,0.7,2.2,3.2,1.007306694984436,6,24,25.0,0,False,2018-03-25T00:00:00-06:00,2018-03-26T00:00:00-06:00,2018-03-25T06:00:00Z,µg/m³
logan,S305,3346,305,reference,2018-03-26,1.8,0.2,1.65,3.8,0.9380831718444824,10,24,42.0,0,False,2018-03-26T00:00:00-06:00,2018-03-27T00:00:00-06:00,2018-03-26T06:00:00Z,µg/m³
logan,S305,3346,305,reference,2018-03-27,2.84,0.0,2.3,5.7,1.9106559753417969,12,24,50.0,0,False,2018-03-27T00:00:00-06:00,2018-03-28T00:00:00-06:00,2018-03-27T06:00:00Z,µg/m³
logan,S305,3346,305,reference,2018-03-28,1.83,0.1,1.4,3.7,1.4090903997421265,8,24,33.0,0,True,2018-03-28T00:00:00-06:00,2018-03-29T00:00:00-06:00,2018-03-28T06:00:00Z,µg/m³
logan,S305,3346,305,reference,2018-03-29,3.02,1.2,3.0,5.1,1.902773141860962,11,24,46.0,0,True,2018-03-29T00:00:00-06:00,2018-03-30T00:00:00-06:00,2018-03-29T06:00:00Z,µg/m³
logan,S305,3346,305,reference,2018-03-30,4.73,1.6,5.449999999999999,6.4,2.241093397140503,4,24,17.0,0,True,2018-03-30T00:00:00-06:00,2018-03-31T00:00:00-06:00,2018-03-30T06:00:00Z,µg/m³
logan,S305,3346,305,reference,2018-03-31,2.35,0.4,2.4,4.1,1.5874507427215576,8,24,33.0,0,False,2018-03-31T00:00:00-06:00,2018-04-01T00:00:00-06:00,2018-03-31T06:00:00Z,µg/m³
logan,S305,3346,305,reference,2018-04-01,2.75,0.2,3.4,4.3,1.3721251487731934,11,24,46.0,0,False,2018-04-01T00:00:00-06:00,2018-04-02T00:00:00-06:00,2018-04-01T06:00:00Z,µg/m³
logan,S305,3346,305,reference,2018-04-02,3.12,0.2,3.3,6.1,1.8435989618301392,15,24,63.0,0,False,2018-04-02T00:00:00-06:00,2018-04-03T00:00:00-06:00,2018-04-02T06:00:00Z,µg/m³
logan,S305,3346,305,reference,2018-04-03,2.48,0.8,2.5,6.0,1.5568032264709473,11,24,46.0,0,False,2018-04-03T00:00:00-06:00,2018-04-04T00:00:00-06:00,2018-04-03T06:00:00Z,µg/m³
logan,S305,3346,305,reference,2018-04-04,3.75,1.0,4.05,6.6,2.3564226627349854,11,24,46.0,0,False,2018-04-04T00:00:00-06:00,2018-04-05T00:00:00-06:00,2018-04-04T06:00:00Z,µg/m³
logan,S305,3346,305,reference,2018-04-05,4.02,2.0,4.05,6.0,1.16885507106781,10,24,42.0,0,False,2018-04-05T00:00:00-06:00,2018-04-06T00:00:00-06:00,2018-04-05T06:00:00Z,µg/m³
logan,S305,3346,305,reference,2018-04-06,1.66,0.1,1.6,5.5,1.420920491218567,12,24,50.0,0,True,2018-04-06T00:00:00-06:00,2018-04-07T00:00:00-06:00,2018-04-06T06:00:00Z,µg/m³
logan,S305,3346,305,reference,2018-04-07,3.14,0.0,3.25,6.0,1.8899054527282715,12,24,50.0,0,False,2018-04-07T00:00:00-06:00,2018-04-08T00:00:00-06:00,2018-04-07T06:00:00Z,µg/m³
logan,S305,3346,305,reference,2018-04-08,1.19,0.0,1.0,3.4,1.2341300249099731,13,24,54.0,0,False,2018-04-08T00:00:00-06:00,2018-04-09T00:00:00-06:00,2018-04-08T06:00:00Z,µg/m³
logan,S305,3346,305,reference,2018-04-09,1.77,0.3,1.8,3.7,1.1836384534835815,10,24,42.0,0,True,2018-04-09T00:00:00-06:00,2018-04-10T00:00:00-06:00,2018-04-09T06:00:00Z,µg/m³
logan,S305,3346,305,reference,2018-04-10,3.93,1.3,3.4000000000000004,7.6,3.032820463180542,5,24,21.0,0,False,2018-04-10T00:00:00-06:00,2018-04-11T00:00:00-06:00,2018-04-10T06:00:00Z,µg/m³
logan,S305,3346,305,reference,2018-04-11,5.23,0.0,5.5,10.0,2.4017038345336914,11,24,46.0,0,True,2018-04-11T00:00:00-06:00,2018-04-12T00:00:00-06:00,2018-04-11T06:00:00Z,µg/m³
logan,S305,3346,305,reference,2018-04-12,3.01,0.6,2.1,6.6,2.451785087585449,8,24,33.0,0,False,2018-04-12T00:00:00-06:00,2018-04-13T00:00:00-06:00,2018-04-12T06:00:00Z,µg/m³
logan,S305,3346,305,reference,2018-04-13,2.37,0.7,2.3499999999999996,3.7,1.1333779096603394,11,24,46.0,0,False,2018-04-13T00:00:00-06:00,2018-04-14T00:00:00-06:00,2018-04-13T06:00:00Z,µg/m³
logan,S305,3346,305,reference,2018-04-14,2.3,1.8,2.0,3.1,1.3744696378707886,4,24,17.0,0,True,2018-04-14T00:00:00-06:00,2018-04-15T00:00:00-06:00,2018-04-14T06:00:00Z,µg/m³
logan,S305,3346,305,reference,2018-04-15,3.68,0.2,4.25,5.7,3.3458099365234375,9,24,38.0,0,True,2018-04-15T00:00:00-06:00,2018-04-16T00:00:00-06:00,2018-04-15T06:00:00Z,µg/m³
logan,S305,3346,305,reference,2018-04-16,4.36,1.4,3.7,9.0,2.7239370346069336,16,24,67.0,0,False,2018-04-16T00:00:00-06:00,2018-04-17T00:00:00-06:00,2018-04-16T06:00:00Z,µg/m³
logan,S305,3346,305,reference,2018-04-17,1.94,0.6,1.9,3.5,0.859386682510376,11,24,46.0,0,True,2018-04-17T00:00:00-06:00,2018-04-18T00:00:00-06:00,2018-04-17T06:00:00Z,µg/m³
logan,S305,3346,305,reference,2018-04-18,4.15,1.8,4.5,5.8,1.7136704921722412,4,24,17.0,0,True,2018-04-18T00:00:00-06:00,2018-04-19T00:00:00-06:00,2018-04-18T06:00:00Z,µg/m³
logan,S305,3346,305,reference,2018-04-19,4.03,1.3,4.65,5.5,2.744631052017212,5,24,21.0,0,False,2018-04-19T00:00:00-06:00,2018-04-20T00:00:00-06:00,2018-04-19T06:00:00Z,µg/m³
logan,S305,3346,305,reference,2018-04-20,3.96,0.8,4.4,7.6,2.5234897136688232,5,24,21.0,0,False,2018-04-20T00:00:00-06:00,2018-04-21T00:00:00-06:00,2018-04-20T06:00:00Z,µg/m³
logan,S305,3346,305,reference,2018-04-21,5.95,3.3,6.15,8.2,2.1299452781677246,4,24,17.0,0,True,2018-04-21T00:00:00-06:00,2018-04-22T00:00:00-06:00,2018-04-21T06:00:00Z,µg/m³
logan,S305,3346,305,reference,2018-04-22,3.87,1.9,3.6,6.1,2.8616719245910645,4,24,17.0,0,False,2018-04-22T00:00:00-06:00,2018-04-23T00:00:00-06:00,2018-04-22T06:00:00Z,µg/m³
logan,S305,3346,305,reference,2018-04-23,4.83,0.6,4.6,9.1,3.1409735679626465,7,24,29.0,0,False,2018-04-23T00:00:00-06:00,2018-04-24T00:00:00-06:00,2018-04-23T06:00:00Z,µg/m³
logan,S305,3346,305,reference,2018-04-24,4.33,1.0,4.300000000000001,7.7,2.7366342544555664,4,24,17.0,0,True,2018-04-24T00:00:00-06:00,2018-04-25T00:00:00-06:00,2018-04-24T06:00:00Z,µg/m³
logan,S305,3346,305,reference,2018-04-25,4.41,1.4,4.3,8.1,1.720147967338562,11,24,46.0,0,False,2018-04-25T00:00:00-06:00,2018-04-26T00:00:00-06:00,2018-04-25T06:00:00Z,µg/m³
logan,S305,3346,305,reference,2018-04-26,4.96,1.9,4.5,11.3,2.528042793273926,21,24,88.0,1,False,2018-04-26T00:00:00-06:00,2018-04-27T00:00:00-06:00,2018-04-26T06:00:00Z,µg/m³
logan,S305,3346,305,reference,2018-04-27,7.69,2.8,6.2,18.0,5.009191513061523,16,24,67.0,0,True,2018-04-27T00:00:00-06:00,2018-04-28T00:00:00-06:00,2018-04-27T06:00:00Z,µg/m³
logan,S305,3346,305,reference,2018-04-28,5.62,0.5,6.0,11.1,3.4761555194854736,20,24,83.0,1,True,2018-04-28T00:00:00-06:00,2018-04-29T00:00:00-06:00,2018-04-28T06:00:00Z,µg/m³
logan,S305,3346,305,reference,2018-04-29,4.94,0.4,4.4,11.2,3.5248100757598877,21,24,88.0,1,True,2018-04-29T00:00:00-06:00,2018-04-30T00:00:00-06:00,2018-04-29T06:00:00Z,µg/m³
logan,S305,3346,305,reference,2018-04-30,2.61,0.0,2.6500000000000004,5.4,1.3919588327407837,23,24,96.0,1,True,2018-04-30T00:00:00-06:00,2018-05-01T00:00:00-06:00,2018-04-30T06:00:00Z,µg/m³
logan,S305,3346,305,reference,2018-05-01,3.15,0.0,3.3,7.6,2.217604637145996,22,24,92.0,1,True,2018-05-01T00:00:00-06:00,2018-05-02T00:00:00-06:00,2018-05-01T06:00:00Z,µg/m³
logan,S305,3346,305,reference,2018-05-02,2.93,0.4,2.6,9.2,2.124567985534668,20,24,83.0,1,True,2018-05-02T00:00:00-06:00,2018-05-03T00:00:00-06:00,2018-05-02T06:00:00Z,µg/m³
logan,S305,3346,305,reference,2018-05-03,4.63,0.0,3.95,10.5,2.917801856994629,19,24,79.0,1,True,2018-05-03T00:00:00-06:00,2018-05-04T00:00:00-06:00,2018-05-03T06:00:00Z,µg/m³
logan,S305,3346,305,reference,2018-05-04,5.71,1.5,5.1,13.5,3.9225096702575684,19,24,79.0,1,True,2018-05-04T00:00:00-06:00,2018-05-05T00:00:00-06:00,2018-05-04T06:00:00Z,µg/m³
logan,S305,3346,305,reference,2018-05-05,6.05,2.8,5.9,12.0,2.622161626815796,23,24,96.0,1,True,2018-05-05T00:00:00-06:00,2018-05-06T00:00:00-06:00,2018-05-05T06:00:00Z,µg/m³
logan,S305,3346,305,reference,2018-05-06,6.6,2.8,6.55,10.0,2.775899648666382,21,24,88.0,1,False,2018-05-06T00:00:00-06:00,2018-05-07T00:00:00-06:00,2018-05-06T06:00:00Z,µg/m³
logan,S305,3346,305,reference,2018-05-07,7.34,1.4,7.0,13.4,3.823496103286743,19,24,79.0,1,True,2018-05-07T00:00:00-06:00,2018-05-08T00:00:00-06:00,2018-05-07T06:00:00Z,µg/m³
logan,S305,3346,305,reference,2018-05-08,5.37,0.4,5.6,8.3,3.7398576736450195,18,24,75.0,1,False,2018-05-08T00:00:00-06:00,2018-05-09T00:00:00-06:00,2018-05-08T06:00:00Z,µg/m³
logan,S305,3346,305,reference,2018-05-09,4.47,0.3,3.4,11.3,3.3231940269470215,21,24,88.0,1,True,2018-05-09T00:00:00-06:00,2018-05-10T00:00:00-06:00,2018-05-09T06:00:00Z,µg/m³
logan,S305,3346,305,reference,2018-05-10,4.67,1.6,4.5,9.1,3.1902754306793213,22,24,92.0,1,True,2018-05-10T00:00:00-06:00,2018-05-11T00:00:00-06:00,2018-05-10T06:00:00Z,µg/m³
logan,S305,3346,305,reference,2018-05-11,3.96,0.3,3.6,7.9,1.9992785453796387,23,24,96.0,1,True,2018-05-11T00:00:00-06:00,2018-05-12T00:00:00-06:00,2018-05-11T06:00:00Z,µg/m³
logan,S305,3346,305,reference,2018-05-12,3.99,1.8,3.7,9.4,1.8912832736968994,15,24,63.0,0,True,2018-05-12T00:00:00-06:00,2018-05-13T00:00:00-06:00,2018-05-12T06:00:00Z,µg/m³
logan,S305,3346,305,reference,2018-05-13,3.37,0.0,3.5,6.4,2.1540658473968506,16,24,67.0,0,False,2018-05-13T00:00:00-06:00,2018-05-14T00:00:00-06:00,2018-05-13T06:00:00Z,µg/m³
logan,S305,3346,305,reference,2018-05-14,3.52,0.9,2.7,8.0,2.5372838973999023,15,24,63.0,0,True,2018-05-14T00:00:00-06:00,2018-05-15T00:00:00-06:00,2018-05-14T06:00:00Z,µg/m³
logan,S305,3346,305,reference,2018-05-15,4.61,0.8,4.5,11.7,2.6565678119659424,17,24,71.0,0,True,2018-05-15T00:00:00-06:00,2018-05-16T00:00:00-06:00,2018-05-15T06:00:00Z,µg/m³
logan,S305,3346,305,reference,2018-05-16,3.8,0.0,3.9000000000000004,7.9,2.392113208770752,17,24,71.0,0,False,2018-05-16T00:00:00-06:00,2018-05-17T00:00:00-06:00,2018-05-16T06:00:00Z,µg/m³
logan,S305,3346,305,reference,2018-05-17,3.25,1.1,3.3,6.1,1.7569400072097778,17,24,71.0,0,True,2018-05-17T00:00:00-06:00,2018-05-18T00:00:00-06:00,2018-05-17T06:00:00Z,µg/m³
logan,S305,3346,305,reference,2018-05-18,2.98,0.0,3.6,5.8,2.319913864135742,5,24,21.0,0,True,2018-05-18T00:00:00-06:00,2018-05-19T00:00:00-06:00,2018-05-18T06:00:00Z,µg/m³
logan,S305,3346,305,reference,2018-05-19,5.13,2.3,5.25,7.2,2.646381139755249,21,24,88.0,1,False,2018-05-19T00:00:00-06:00,2018-05-20T00:00:00-06:00,2018-05-19T06:00:00Z,µg/m³
logan,S305,3346,305,reference,2018-05-20,4.09,0.0,4.4,10.1,2.948899507522583,23,24,96.0,1,True,2018-05-20T00:00:00-06:00,2018-05-21T00:00:00-06:00,2018-05-20T06:00:00Z,µg/m³
logan,S305,3346,305,reference,2018-05-21,3.5,0.6,3.8,5.6,1.5917550325393677,20,24,83.0,1,True,2018-05-21T00:00:00-06:00,2018-05-22T00:00:00-06:00,2018-05-21T06:00:00Z,µg/m³
logan,S305,3346,305,reference,2018-05-22,5.41,2.0,4.699999999999999,8.5,2.615086317062378,17,24,71.0,0,True,2018-05-22T00:00:00-06:00,2018-05-23T00:00:00-06:00,2018-05-22T06:00:00Z,µg/m³
logan,S305,3346,305,reference,2018-05-23,4.9,0.6,4.6,11.0,2.917680025100708,15,24,63.0,0,False,2018-05-23T00:00:00-06:00,2018-05-24T00:00:00-06:00,2018-05-23T06:00:00Z,µg/m³
logan,S305,3346,305,reference,2018-05-24,5.6,1.6,5.1,15.3,3.2669339179992676,15,24,63.0,0,True,2018-05-24T00:00:00-06:00,2018-05-25T00:00:00-06:00,2018-05-24T06:00:00Z,µg/m³
logan,S305,3346,305,reference,2018-05-25,6.22,2.5,5.4,13.1,3.6763594150543213,21,24,88.0,1,False,2018-05-25T00:00:00-06:00,2018-05-26T00:00:00-06:00,2018-05-25T06:00:00Z,µg/m³
logan,S305,3346,305,reference,2018-05-26,6.48,1.4,5.25,15.4,3.6071267127990723,22,24,92.0,1,True,2018-05-26T00:00:00-06:00,2018-05-27T00:00:00-06:00,2018-05-26T06:00:00Z,µg/m³
logan,S305,3346,305,reference,2018-05-27,3.57,1.6,2.7,10.0,2.181326150894165,20,24,83.0,1,True,2018-05-27T00:00:00-06:00,2018-05-28T00:00:00-06:00,2018-05-27T06:00:00Z,µg/m³
logan,S305,3346,305,reference,2018-05-28,5.1,2.1,4.7,8.6,1.8290060758590698,20,24,83.0,1,False,2018-05-28T00:00:00-06:00,2018-05-29T00:00:00-06:00,2018-05-28T06:00:00Z,µg/m³
logan,S305,3346,305,reference,2018-05-29,10.2,5.1,10.0,16.2,3.4570462703704834,19,24,79.0,1,False,2018-05-29T00:00:00-06:00,2018-05-30T00:00:00-06:00,2018-05-29T06:00:00Z,µg/m³
logan,S305,3346,305,reference,2018-05-30,10.2,4.4,10.8,14.2,2.9455184936523438,20,24,83.0,1,False,2018-05-30T00:00:00-06:00,2018-05-31T00:00:00-06:00,2018-05-30T06:00:00Z,µg/m³
logan,S305,3346,305,reference,2018-05-31,10.3,0.9,13.0,17.1,6.149593353271484,17,24,71.0,0,False,2018-05-31T00:00:00-06:00,2018-06-01T00:00:00-06:00,2018-05-31T06:00:00Z,µg/m³
logan,S305,3346,305,reference,2018-06-01,3.15,1.1,2.8,5.4,3.0007574558258057,12,24,50.0,0,True,2018-06-01T00:00:00-06:00,2018-06-02T00:00:00-06:00,2018-06-01T06:00:00Z,µg/m³
logan,S305,3346,305,reference,2018-06-02,2.74,0.3,0.9,10.5,3.4328510761260986,23,24,96.0,1,True,2018-06-02T00:00:00-06:00,2018-06-03T00:00:00-06:00,2018-06-02T06:00:00Z,µg/m³
logan,S305,3346,305,reference,2018-06-03,3.61,0.0,3.3499999999999996,9.7,2.5197465419769287,19,24,79.0,1,True,2018-06-03T00:00:00-06:00,2018-06-04T00:00:00-06:00,2018-06-03T06:00:00Z,µg/m³
logan,S305,3346,305,reference,2018-06-04,5.37,1.5,5.1,12.3,2.997878074645996,22,24,92.0,1,True,2018-06-04T00:00:00-06:00,2018-06-05T00:00:00-06:00,2018-06-04T06:00:00Z,µg/m³
logan,S305,3346,305,reference,2018-06-05,5.97,0.8,5.4,15.2,3.7437121868133545,19,24,79.0,1,True,2018-06-05T00:00:00-06:00,2018-06-06T00:00:00-06:00,2018-06-05T06:00:00Z,µg/m³
logan,S305,3346,305,reference,2018-06-06,5.56,1.3,5.65,10.2,2.9814162254333496,20,24,83.0,1,False,2018-06-06T00:00:00-06:00,2018-06-07T00:00:00-06:00,2018-06-06T06:00:00Z,µg/m³
logan,S305,3346,305,reference,2018-06-07,5.06,0.2,5.1,10.0,3.339461088180542,20,24,83.0,1,True,2018-06-07T00:00:00-06:00,2018-06-08T00:00:00-06:00,2018-06-07T06:00:00Z,µg/m³
logan,S305,3346,305,reference,2018-06-08,5.03,0.0,4.6,11.8,2.7704968452453613,23,24,96.0,1,False,2018-06-08T00:00:00-06:00,2018-06-09T00:00:00-06:00,2018-06-08T06:00:00Z,µg/m³
logan,S305,3346,305,reference,2018-06-09,6.11,0.9,6.6,11.0,2.554373025894165,23,24,96.0,1,False,2018-06-09T00:00:00-06:00,2018-06-10T00:00:00-06:00,2018-06-09T06:00:00Z,µg/m³
logan,S305,3346,305,reference,2018-06-10,2.95,0.0,2.8,7.8,2.4163475036621094,23,24,96.0,1,False,2018-06-10T00:00:00-06:00,2018-06-11T00:00:00-06:00,2018-06-10T06:00:00Z,µg/m³
logan,S305,3346,305,reference,2018-06-11,2.84,0.0,3.3499999999999996,6.6,1.880965232849121,22,24,92.0,1,True,2018-06-11T00:00:00-06:00,2018-06-12T00:00:00-06:00,2018-06-11T06:00:00Z,µg/m³
logan,S305,3346,305,reference,2018-06-12,4.56,0.5,4.5,9.3,3.593930959701538,18,24,75.0,1,True,2018-06-12T00:00:00-06:00,2018-06-13T00:00:00-06:00,2018-06-12T06:00:00Z,µg/m³
logan,S305,3346,305,reference,2018-06-13,5.56,1.5,4.949999999999999,9.6,3.0221128463745117,16,24,67.0,0,True,2018-06-13T00:00:00-06:00,2018-06-14T00:00:00-06:00,2018-06-13T06:00:00Z,µg/m³
logan,S305,3346,305,reference,2018-06-14,6.83,1.7,6.9,12.4,2.7156224250793457,20,24,83.0,1,True,2018-06-14T00:00:00-06:00,2018-06-15T00:00:00-06:00,2018-06-14T06:00:00Z,µg/m³
logan,S305,3346,305,reference,2018-06-15,5.58,0.0,5.7,9.5,3.035393714904785,22,24,92.0,1,False,2018-06-15T00:00:00-06:00,2018-06-16T00:00:00-06:00,2018-06-15T06:00:00Z,µg/m³
logan,S305,3346,305,reference,2018-06-16,5.38,1.1,5.7,9.5,2.553429126739502,18,24,75.0,1,True,2018-06-16T00:00:00-06:00,2018-06-17T00:00:00-06:00,2018-06-16T06:00:00Z,µg/m³
logan,S305,3346,305,reference,2018-06-17,12.1,0.6,14.7,21.4,9.31869125366211,5,24,21.0,0,True,2018-06-17T00:00:00-06:00,2018-06-18T00:00:00-06:00,2018-06-17T06:00:00Z,µg/m³
logan,S305,3346,305,reference,2018-06-18,12.5,3.4,12.7,23.8,7.954316139221191,18,24,75.0,1,False,2018-06-18T00:00:00-06:00,2018-06-19T00:00:00-06:00,2018-06-18T06:00:00Z,µg/m³
logan,S305,3346,305,reference,2018-06-19,5.26,0.0,4.7,8.7,3.427083969116211,21,24,88.0,1,True,2018-06-19T00:00:00-06:00,2018-06-20T00:00:00-06:00,2018-06-19T06:00:00Z,µg/m³
logan,S305,3346,305,reference,2018-06-20,3.67,0.0,4.1,9.5,2.565814733505249,24,24,100.0,1,True,2018-06-20T00:00:00-06:00,2018-06-21T00:00:00-06:00,2018-06-20T06:00:00Z,µg/m³
logan,S305,3346,305,reference,2018-06-21,7.36,2.0,6.9,14.1,4.367729187011719,22,24,92.0,1,True,2018-06-21T00:00:00-06:00,2018-06-22T00:00:00-06:00,2018-06-21T06:00:00Z,µg/m³
logan,S305,3346,305,reference,2018-06-22,4.38,1.2,3.8,8.5,2.553652763366699,21,24,88.0,1,True,2018-06-22T00:00:00-06:00,2018-06-23T00:00:00-06:00,2018-06-22T06:00:00Z,µg/m³
logan,S305,3346,305,reference,2018-06-23,5.75,0.3,6.2,11.7,3.5388526916503906,24,24,100.0,1,True,2018-06-23T00:00:00-06:00,2018-06-24T00:00:00-06:00,2018-06-23T06:00:00Z,µg/m³
logan,S305,3346,305,reference,2018-06-24,3.74,1.0,3.1,7.2,2.960597515106201,23,24,96.0,1,True,2018-06-24T00:00:00-06:00,2018-06-25T00:00:00-06:00,2018-06-24T06:00:00Z,µg/m³
logan,S305,3346,305,reference,2018-06-25,3.4,0.0,3.7,7.3,3.289745330810547,22,24,92.0,1,True,2018-06-25T00:00:00-06:00,2018-06-26T00:00:00-06:00,2018-06-25T06:00:00Z,µg/m³
logan,S305,3346,305,reference,2018-06-26,4.53,0.2,4.3,12.9,3.2244133949279785,20,24,83.0,1,True,2018-06-26T00:00:00-06:00,2018-06-27T00:00:00-06:00,2018-06-26T06:00:00Z,µg/m³
logan,S305,3346,305,reference,2018-06-27,6.73,0.7,6.1,15.1,4.725529193878174,16,24,67.0,0,True,2018-06-27T00:00:00-06:00,2018-06-28T00:00:00-06:00,2018-06-27T06:00:00Z,µg/m³
logan,S305,3346,305,reference,2018-06-28,7.77,0.0,7.45,20.2,5.827022552490234,23,24,96.0,1,True,2018-06-28T00:00:00-06:00,2018-06-29T00:00:00-06:00,2018-06-28T06:00:00Z,µg/m³
logan,S305,3346,305,reference,2018-06-29,2.9,0.4,2.7,6.2,2.8409817218780518,17,24,71.0,0,True,2018-06-29T00:00:00-06:00,2018-06-30T00:00:00-06:00,2018-06-29T06:00:00Z,µg/m³
logan,S305,3346,305,reference,2018-06-30,2.96,0.4,2.65,7.2,1.7897379398345947,23,24,96.0,1,True,2018-06-30T00:00:00-06:00,2018-07-01T00:00:00-06:00,2018-06-30T06:00:00Z,µg/m³
logan,S305,3346,305,reference,2018-07-01,3.97,0.8,4.45,6.4,1.8762043714523315,21,24,88.0,1,True,2018-07-01T00:00:00-06:00,2018-07-02T00:00:00-06:00,2018-07-01T06:00:00Z,µg/m³
logan,S305,3346,305,reference,2018-07-02,5.89,0.0,5.05,18.9,4.432380199432373,22,24,92.0,1,True,2018-07-02T00:00:00-06:00,2018-07-03T00:00:00-06:00,2018-07-02T06:00:00Z,µg/m³
logan,S305,3346,305,reference,2018-07-03,5.83,1.3,4.800000000000001,18.1,4.447559833526611,23,24,96.0,1,True,2018-07-03T00:00:00-06:00,2018-07-04T00:00:00-06:00,2018-07-03T06:00:00Z,µg/m³
logan,S305,3346,305,reference,2018-07-04,8.3,0.2,5.75,33.8,9.52735424041748,21,24,88.0,1,True,2018-07-04T00:00:00-06:00,2018-07-05T00:00:00-06:00,2018-07-04T06:00:00Z,µg/m³
logan,S305,3346,305,reference,2018-07-05,15.6,4.1,14.7,28.0,6.644392013549805,23,24,96.0,1,True,2018-07-05T00:00:00-06:00,2018-07-06T00:00:00-06:00,2018-07-05T06:00:00Z,µg/m³
logan,S305,3346,305,reference,2018-07-06,17.4,0.7,19.7,36.3,10.881587028503418,22,24,92.0,1,False,2018-07-06T00:00:00-06:00,2018-07-07T00:00:00-06:00,2018-07-06T06:00:00Z,µg/m³
logan,S305,3346,305,reference,2018-07-07,10.3,1.1,8.9,25.8,7.674618244171143,23,24,96.0,1,False,2018-07-07T00:00:00-06:00,2018-07-08T00:00:00-06:00,2018-07-07T06:00:00Z,µg/m³
logan,S305,3346,305,reference,2018-07-08,15.5,5.6,16.2,28.3,7.037472248077393,24,24,100.0,1,True,2018-07-08T00:00:00-06:00,2018-07-09T00:00:00-06:00,2018-07-08T06:00:00Z,µg/m³
logan,S305,3346,305,reference,2018-07-09,25.5,18.6,24.3,44.4,7.873284816741943,9,24,38.0,0,True,2018-07-09T00:00:00-06:00,2018-07-10T00:00:00-06:00,2018-07-09T06:00:00Z,µg/m³
logan,S305,3346,305,reference,2018-07-10,5.35,1.1,4.5,11.2,3.6485276222229004,19,24,79.0,1,False,2018-07-10T00:00:00-06:00,2018-07-11T00:00:00-06:00,2018-07-10T06:00:00Z,µg/m³
logan,S305,3346,305,reference,2018-07-11,6.85,1.6,7.55,11.4,2.4768457412719727,24,24,100.0,1,True,2018-07-11T00:00:00-06:00,2018-07-12T00:00:00-06:00,2018-07-11T06:00:00Z,µg/m³
logan,S305,3346,305,reference,2018-07-12,4.9,0.6,5.05,9.6,2.5455095767974854,21,24,88.0,1,True,2018-07-12T00:00:00-06:00,2018-07-13T00:00:00-06:00,2018-07-12T06:00:00Z,µg/m³
logan,S305,3346,305,reference,2018-07-13,4.5,0.0,4.4,8.9,2.7681286334991455,24,24,100.0,1,True,2018-07-13T00:00:00-06:00,2018-07-14T00:00:00-06:00,2018-07-13T06:00:00Z,µg/m³
logan,S305,3346,305,reference,2018-07-14,5.3,1.2,5.4,11.0,2.595625638961792,23,24,96.0,1,True,2018-07-14T00:00:00-06:00,2018-07-15T00:00:00-06:00,2018-07-14T06:00:00Z,µg/m³
logan,S305,3346,305,reference,2018-07-15,6.45,1.2,6.8,13.1,2.8747916221618652,23,24,96.0,1,False,2018-07-15T00:00:00-06:00,2018-07-16T00:00:00-06:00,2018-07-15T06:00:00Z,µg/m³
logan,S305,3346,305,reference,2018-07-16,6.47,2.3,6.2,10.3,2.3533923625946045,17,24,71.0,0,False,2018-07-16T00:00:00-06:00,2018-07-17T00:00:00-06:00,2018-07-16T06:00:00Z,µg/m³
logan,S305,3346,305,reference,2018-07-17,6.32,5.1,6.2,7.7,1.0158740282058716,5,24,21.0,0,False,2018-07-17T00:00:00-06:00,2018-07-18T00:00:00-06:00,2018-07-17T06:00:00Z,µg/m³
logan,S305,3346,305,reference,2018-07-18,10.8,4.2,10.8,17.2,3.6656429767608643,24,24,100.0,1,False,2018-07-18T00:00:00-06:00,2018-07-19T00:00:00-06:00,2018-07-18T06:00:00Z,µg/m³
logan,S305,3346,305,reference,2018-07-19,7.54,1.9,7.6,11.9,2.8687093257904053,24,24,100.0,1,False,2018-07-19T00:00:00-06:00,2018-07-20T00:00:00-06:00,2018-07-19T06:00:00Z,µg/m³
logan,S305,3346,305,reference,2018-07-20,8.68,2.2,8.3,14.1,3.1854288578033447,23,24,96.0,1,False,2018-07-20T00:00:00-06:00,2018-07-21T00:00:00-06:00,2018-07-20T06:00:00Z,µg/m³
logan,S305,3346,305,reference,2018-07-21,7.99,2.8,7.8,14.1,3.1802380084991455,23,24,96.0,1,False,2018-07-21T00:00:00-06:00,2018-07-22T00:00:00-06:00,2018-07-21T06:00:00Z,µg/m³
logan,S305,3346,305,reference,2018-07-22,7.27,2.0,6.949999999999999,14.4,3.044691324234009,24,24,100.0,1,False,2018-07-22T00:00:00-06:00,2018-07-23T00:00:00-06:00,2018-07-22T06:00:00Z,µg/m³
logan,S305,3346,305,reference,2018-07-23,8.09,2.5,7.85,16.5,2.7210798263549805,24,24,100.0,1,False,2018-07-23T00:00:00-06:00,2018-07-24T00:00:00-06:00,2018-07-23T06:00:00Z,µg/m³
logan,S305,3346,305,reference,2018-07-24,9.6,2.4,8.1,33.5,6.659543991088867,23,24,96.0,1,False,2018-07-24T00:00:00-06:00,2018-07-25T00:00:00-06:00,2018-07-24T06:00:00Z,µg/m³
logan,S305,3346,305,reference,2018-07-25,10.3,2.6,9.9,27.0,6.415698528289795,23,24,96.0,1,False,2018-07-25T00:00:00-06:00,2018-07-26T00:00:00-06:00,2018-07-25T06:00:00Z,µg/m³
logan,S305,3346,305,reference,2018-07-26,14.8,5.6,15.75,20.8,4.7263031005859375,18,24,75.0,1,False,2018-07-26T00:00:00-06:00,2018-07-27T00:00:00-06:00,2018-07-26T06:00:00Z,µg/m³
logan,S305,3346,305,reference,2018-07-27,12.0,1.2,11.75,18.4,3.990931749343872,24,24,100.0,1,False,2018-07-27T00:00:00-06:00,2018-07-28T00:00:00-06:00,2018-07-27T06:00:00Z,µg/m³
logan,S305,3346,305,reference,2018-07-28,15.5,9.8,15.5,19.5,2.394484758377075,23,24,96.0,1,False,2018-07-28T00:00:00-06:00,2018-07-29T00:00:00-06:00,2018-07-28T06:00:00Z,µg/m³
logan,S305,3346,305,reference,2018-07-29,14.1,8.7,14.9,18.5,3.015716314315796,23,24,96.0,1,False,2018-07-29T00:00:00-06:00,2018-07-30T00:00:00-06:00,2018-07-29T06:00:00Z,µg/m³
logan,S305,3346,305,reference,2018-07-30,11.6,7.8,11.8,15.5,2.661562204360962,23,24,96.0,1,False,2018-07-30T00:00:00-06:00,2018-07-31T00:00:00-06:00,2018-07-30T06:00:00Z,µg/m³
logan,S305,3346,305,reference,2018-07-31,13.2,4.0,13.9,24.3,4.120967388153076,23,24,96.0,1,False,2018-07-31T00:00:00-06:00,2018-08-01T00:00:00-06:00,2018-07-31T06:00:00Z,µg/m³
logan,S305,3346,305,reference,2018-08-01,16.6,9.2,16.4,24.5,3.907191276550293,21,24,88.0,1,False,2018-08-01T00:00:00-06:00,2018-08-02T00:00:00-06:00,2018-08-01T06:00:00Z,µg/m³
logan,S305,3346,305,reference,2018-08-02,12.4,5.8,12.0,18.8,3.421248435974121,23,24,96.0,1,False,2018-08-02T00:00:00-06:00,2018-08-03T00:00:00-06:00,2018-08-02T06:00:00Z,µg/m³
logan,S305,3346,305,reference,2018-08-03,12.4,5.5,12.5,19.3,4.210625648498535,23,24,96.0,1,False,2018-08-03T00:00:00-06:00,2018-08-04T00:00:00-06:00,2018-08-03T06:00:00Z,µg/m³
logan,S305,3346,305,reference,2018-08-04,25.1,15.4,24.4,33.0,3.9758212566375732,23,24,96.0,1,False,2018-08-04T00:00:00-06:00,2018-08-05T00:00:00-06:00,2018-08-04T06:00:00Z,µg/m³
logan,S305,3346,305,reference,2018-08-05,28.2,15.8,28.549999999999997,37.1,5.668518543243408,24,24,100.0,1,False,2018-08-05T00:00:00-06:00,2018-08-06T00:00:00-06:00,2018-08-05T06:00:00Z,µg/m³
logan,S305,3346,305,reference,2018-08-06,17.3,9.2,18.7,24.5,4.453084468841553,23,24,96.0,1,False,2018-08-06T00:00:00-06:00,2018-08-07T00:00:00-06:00,2018-08-06T06:00:00Z,µg/m³
logan,S305,3346,305,reference,2018-08-07,10.6,1.7,11.1,17.6,4.570436477661133,18,24,75.0,1,False,2018-08-07T00:00:00-06:00,2018-08-08T00:00:00-06:00,2018-08-07T06:00:00Z,µg/m³
logan,S305,3346,305,reference,2018-08-08,6.38,0.3,6.8,13.0,4.464824199676514,22,24,92.0,1,False,2018-08-08T00:00:00-06:00,2018-08-09T00:00:00-06:00,2018-08-08T06:00:00Z,µg/m³
logan,S305,3346,305,reference,2018-08-09,12.1,5.9,12.350000000000001,17.7,3.4148802757263184,22,24,92.0,1,True,2018-08-09T00:00:00-06:00,2018-08-10T00:00:00-06:00,2018-08-09T06:00:00Z,µg/m³
logan,S305,3346,305,reference,2018-08-10,10.8,3.5,10.350000000000001,17.6,3.9091522693634033,18,24,75.0,1,True,2018-08-10T00:00:00-06:00,2018-08-11T00:00:00-06:00,2018-08-10T06:00:00Z,µg/m³
logan,S305,3346,305,reference,2018-08-11,19.8,12.4,18.65,30.4,4.243419170379639,20,24,83.0,1,False,2018-08-11T00:00:00-06:00,2018-08-12T00:00:00-06:00,2018-08-11T06:00:00Z,µg/m³
logan,S305,3346,305,reference,2018-08-12,19.4,12.9,18.8,26.8,3.532582998275757,21,24,88.0,1,False,2018-08-12T00:00:00-06:00,2018-08-13T00:00:00-06:00,2018-08-12T06:00:00Z,µg/m³
logan,S305,3346,305,reference,2018-08-13,15.0,9.9,13.5,21.1,3.712615966796875,23,24,96.0,1,False,2018-08-13T00:00:00-06:00,2018-08-14T00:00:00-06:00,2018-08-13T06:00:00Z,µg/m³
logan,S305,3346,305,reference,2018-08-14,13.9,7.5,14.45,18.0,2.8598642349243164,18,24,75.0,1,False,2018-08-14T00:00:00-06:00,2018-08-15T00:00:00-06:00,2018-08-14T06:00:00Z,µg/m³
logan,S305,3346,305,reference,2018-08-15,16.0,10.4,16.4,22.5,3.505478620529175,15,24,63.0,0,False,2018-08-15T00:00:00-06:00,2018-08-16T00:00:00-06:00,2018-08-15T06:00:00Z,µg/m³
logan,S305,3346,305,reference,2018-08-16,11.4,10.7,10.8,12.6,1.0692676305770874,3,24,13.0,0,False,2018-08-16T00:00:00-06:00,2018-08-17T00:00:00-06:00,2018-08-16T06:00:00Z,µg/m³
logan,S305,3346,305,reference,2018-08-17,10.4,1.9,11.2,17.7,4.406799793243408,19,24,79.0,1,False,2018-08-17T00:00:00-06:00,2018-08-18T00:00:00-06:00,2018-08-17T06:00:00Z,µg/m³
logan,S305,3346,305,reference,2018-08-18,8.7,0.6,7.0,23.6,7.0382866859436035,21,24,88.0,1,False,2018-08-18T00:00:00-06:00,2018-08-19T00:00:00-06:00,2018-08-18T06:00:00Z,µg/m³
logan,S305,3346,305,reference,2018-08-19,20.3,14.1,20.1,29.8,4.211248874664307,21,24,88.0,1,False,2018-08-19T00:00:00-06:00,2018-08-20T00:00:00-06:00,2018-08-19T06:00:00Z,µg/m³
logan,S305,3346,305,reference,2018-08-20,19.9,9.9,20.95,26.6,4.401859283447266,22,24,92.0,1,False,2018-08-20T00:00:00-06:00,2018-08-21T00:00:00-06:00,2018-08-20T06:00:00Z,µg/m³
logan,S305,3346,305,reference,2018-08-21,25.6,20.9,26.0,29.3,3.0292227268218994,7,24,29.0,0,False,2018-08-21T00:00:00-06:00,2018-08-22T00:00:00-06:00,2018-08-21T06:00:00Z,µg/m³
logan,S305,3346,305,reference,2018-08-22,23.3,15.3,22.450000000000003,30.9,6.334877014160156,6,24,25.0,0,False,2018-08-22T00:00:00-06:00,2018-08-23T00:00:00-06:00,2018-08-22T06:00:00Z,µg/m³
logan,S305,3346,305,reference,2018-08-23,39.2,10.8,28.5,78.7,24.492578506469727,15,24,63.0,0,False,2018-08-23T00:00:00-06:00,2018-08-24T00:00:00-06:00,2018-08-23T06:00:00Z,µg/m³
logan,S305,3346,305,reference,2018-08-24,50.5,8.9,68.3,73.0,25.898252487182617,18,24,75.0,1,False,2018-08-24T00:00:00-06:00,2018-08-25T00:00:00-06:00,2018-08-24T06:00:00Z,µg/m³
logan,S305,3346,305,reference,2018-08-25,31.0,15.6,32.0,41.9,7.377009868621826,23,24,96.0,1,False,2018-08-25T00:00:00-06:00,2018-08-26T00:00:00-06:00,2018-08-25T06:00:00Z,µg/m³
logan,S305,3346,305,reference,2018-08-26,21.2,13.3,20.3,30.9,5.94398307800293,19,24,79.0,1,False,2018-08-26T00:00:00-06:00,2018-08-27T00:00:00-06:00,2018-08-26T06:00:00Z,µg/m³
logan,S305,3346,305,reference,2018-08-27,8.68,0.3,8.0,23.9,6.971619606018066,23,24,96.0,1,False,2018-08-27T00:00:00-06:00,2018-08-28T00:00:00-06:00,2018-08-27T06:00:00Z,µg/m³
logan,S305,3346,305,reference,2018-08-28,2.92,0.9,2.6,5.8,1.4821593761444092,22,24,92.0,1,True,2018-08-28T00:00:00-06:00,2018-08-29T00:00:00-06:00,2018-08-28T06:00:00Z,µg/m³
logan,S305,3346,305,reference,2018-08-29,4.73,1.1,5.25,7.7,2.058964252471924,16,24,67.0,0,True,2018-08-29T00:00:00-06:00,2018-08-30T00:00:00-06:00,2018-08-29T06:00:00Z,µg/m³
logan,S305,3346,305,reference,2018-09-06,6.31,2.3,6.35,11.3,2.4401967525482178,14,24,58.0,0,False,2018-09-06T00:00:00-06:00,2018-09-07T00:00:00-06:00,2018-09-06T06:00:00Z,µg/m³
logan,S305,3346,305,reference,2018-09-07,7.13,3.1,6.699999999999999,12.0,2.6607840061187744,18,24,75.0,1,False,2018-09-07T00:00:00-06:00,2018-09-08T00:00:00-06:00,2018-09-07T06:00:00Z,µg/m³
logan,S305,3346,305,reference,2018-09-08,13.0,3.3,8.4,37.6,10.97213077545166,20,24,83.0,1,False,2018-09-08T00:00:00-06:00,2018-09-09T00:00:00-06:00,2018-09-08T06:00:00Z,µg/m³
logan,S305,3346,305,reference,2018-09-09,23.1,12.3,22.75,35.1,5.804647922515869,22,24,92.0,1,False,2018-09-09T00:00:00-06:00,2018-09-10T00:00:00-06:00,2018-09-09T06:00:00Z,µg/m³
logan,S305,3346,305,reference,2018-09-10,14.2,7.8,13.9,19.7,3.9166817665100098,23,24,96.0,1,False,2018-09-10T00:00:00-06:00,2018-09-11T00:00:00-06:00,2018-09-10T06:00:00Z,µg/m³
logan,S305,3346,305,reference,2018-09-11,11.1,6.4,10.4,16.8,2.7554707527160645,21,24,88.0,1,False,2018-09-11T00:00:00-06:00,2018-09-12T00:00:00-06:00,2018-09-11T06:00:00Z,µg/m³
logan,S305,3346,305,reference,2018-09-12,10.0,2.7,9.6,15.4,3.1338322162628174,21,24,88.0,1,False,2018-09-12T00:00:00-06:00,2018-09-13T00:00:00-06:00,2018-09-12T06:00:00Z,µg/m³
logan,S305,3346,305,reference,2018-09-13,4.66,0.4,4.4,9.9,2.4222497940063477,22,24,92.0,1,False,2018-09-13T00:00:00-06:00,2018-09-14T00:00:00-06:00,2018-09-13T06:00:00Z,µg/m³
logan,S305,3346,305,reference,2018-09-14,4.79,2.2,4.8,7.7,2.7771308422088623,19,24,79.0,1,False,2018-09-14T00:00:00-06:00,2018-09-15T00:00:00-06:00,2018-09-14T06:00:00Z,µg/m³
logan,S305,3346,305,reference,2018-09-15,12.8,3.8,10.2,23.5,8.980701446533203,5,24,21.0,0,True,2018-09-15T00:00:00-06:00,2018-09-16T00:00:00-06:00,2018-09-15T06:00:00Z,µg/m³
logan,S305,3346,305,reference,2018-09-16,8.59,2.1,9.1,14.9,4.6162800788879395,22,24,92.0,1,True,2018-09-16T00:00:00-06:00,2018-09-17T00:00:00-06:00,2018-09-16T06:00:00Z,µg/m³
logan,S305,3346,305,reference,2018-09-17,5.12,0.3,4.9,9.4,2.951390504837036,24,24,100.0,1,True,2018-09-17T00:00:00-06:00,2018-09-18T00:00:00-06:00,2018-09-17T06:00:00Z,µg/m³
logan,S305,3346,305,reference,2018-09-18,4.23,0.2,4.6,8.7,2.3294429779052734,24,24,100.0,1,False,2018-09-18T00:00:00-06:00,2018-09-19T00:00:00-06:00,2018-09-18T06:00:00Z,µg/m³
logan,S305,3346,305,reference,2018-09-19,4.68,0.3,4.75,9.8,2.0708465576171875,24,24,100.0,1,True,2018-09-19T00:00:00-06:00,2018-09-20T00:00:00-06:00,2018-09-19T06:00:00Z,µg/m³
logan,S305,3346,305,reference,2018-09-20,5.3,0.2,6.0,8.4,3.2452213764190674,23,24,96.0,1,False,2018-09-20T00:00:00-06:00,2018-09-21T00:00:00-06:00,2018-09-20T06:00:00Z,µg/m³
logan,S305,3346,305,reference,2018-09-21,5.32,1.0,5.4,8.7,3.0374083518981934,23,24,96.0,1,True,2018-09-21T00:00:00-06:00,2018-09-22T00:00:00-06:00,2018-09-21T06:00:00Z,µg/m³
logan,S305,3346,305,reference,2018-09-22,6.25,0.3,6.5,11.7,2.697986364364624,24,24,100.0,1,True,2018-09-22T00:00:00-06:00,2018-09-23T00:00:00-06:00,2018-09-22T06:00:00Z,µg/m³
logan,S305,3346,305,reference,2018-09-23,6.08,1.1,6.15,9.4,3.0164437294006348,23,24,96.0,1,True,2018-09-23T00:00:00-06:00,2018-09-24T00:00:00-06:00,2018-09-23T06:00:00Z,µg/m³
logan,S305,3346,305,reference,2018-09-24,4.98,1.0,5.1,9.4,2.5980305671691895,23,24,96.0,1,True,2018-09-24T00:00:00-06:00,2018-09-25T00:00:00-06:00,2018-09-24T06:00:00Z,µg/m³
logan,S305,3346,305,reference,2018-09-25,5.13,0.9,5.4,9.3,2.73677921295166,23,24,96.0,1,True,2018-09-25T00:00:00-06:00,2018-09-26T00:00:00-06:00,2018-09-25T06:00:00Z,µg/m³
logan,S305,3346,305,reference,2018-09-26,7.0,3.2,7.4,9.3,1.8873850107192993,10,24,42.0,0,True,2018-09-26T00:00:00-06:00,2018-09-27T00:00:00-06:00,2018-09-26T06:00:00Z,µg/m³
logan,S305,3346,305,reference,2018-09-28,2.77,0.8,3.0,4.5,1.1709920167922974,10,24,42.0,0,False,2018-09-28T00:00:00-06:00,2018-09-29T00:00:00-06:00,2018-09-28T06:00:00Z,µg/m³
logan,S305,3346,305,reference,2018-09-29,5.04,1.3,5.5,8.6,2.203442335128784,20,24,83.0,1,False,2018-09-29T00:00:00-06:00,2018-09-30T00:00:00-06:00,2018-09-29T06:00:00Z,µg/m³
logan,S305,3346,305,reference,2018-09-30,6.0,1.7,5.65,14.9,3.5780677795410156,23,24,96.0,1,False,2018-09-30T00:00:00-06:00,2018-10-01T00:00:00-06:00,2018-09-30T06:00:00Z,µg/m³
logan,S305,3346,305,reference,2018-10-01,10.1,4.6,8.1,20.6,4.834105014801025,21,24,88.0,1,True,2018-10-01T00:00:00-06:00,2018-10-02T00:00:00-06:00,2018-10-01T06:00:00Z,µg/m³
logan,S305,3346,305,reference,2018-10-02,9.79,0.6,8.3,21.2,6.762463092803955,21,24,88.0,1,True,2018-10-02T00:00:00-06:00,2018-10-03T00:00:00-06:00,2018-10-02T06:00:00Z,µg/m³
logan,S305,3346,305,reference,2018-10-03,3.45,0.6,2.7,7.9,3.0203521251678467,20,24,83.0,1,False,2018-10-03T00:00:00-06:00,2018-10-04T00:00:00-06:00,2018-10-03T06:00:00Z,µg/m³
logan,S305,3346,305,reference,2018-10-04,1.77,0.0,1.6,4.6,1.589540958404541,23,24,96.0,1,True,2018-10-04T00:00:00-06:00,2018-10-05T00:00:00-06:00,2018-10-04T06:00:00Z,µg/m³
logan,S305,3346,305,reference,2018-10-05,2.54,0.0,2.6,6.3,1.9603266716003418,24,24,100.0,1,True,2018-10-05T00:00:00-06:00,2018-10-06T00:00:00-06:00,2018-10-05T06:00:00Z,µg/m³
logan,S305,3346,305,reference,2018-10-06,4.83,1.1,4.3,12.4,2.610506296157837,23,24,96.0,1,True,2018-10-06T00:00:00-06:00,2018-10-07T00:00:00-06:00,2018-10-06T06:00:00Z,µg/m³
logan,S305,3346,305,reference,2018-10-07,3.68,0.2,3.6,5.8,1.3394852876663208,22,24,92.0,1,False,2018-10-07T00:00:00-06:00,2018-10-08T00:00:00-06:00,2018-10-07T06:00:00Z,µg/m³
logan,S305,3346,305,reference,2018-10-08,2.27,0.0,2.25,4.4,1.531385898590088,21,24,88.0,1,False,2018-10-08T00:00:00-06:00,2018-10-09T00:00:00-06:00,2018-10-08T06:00:00Z,µg/m³
logan,S305,3346,305,reference,2018-10-09,2.79,0.0,2.8,5.0,1.3800621032714844,21,24,88.0,1,True,2018-10-09T00:00:00-06:00,2018-10-10T00:00:00-06:00,2018-10-09T06:00:00Z,µg/m³
logan,S305,3346,305,reference,2018-10-10,1.25,0.0,1.05,3.1,1.7297176122665405,13,24,54.0,0,False,2018-10-10T00:00:00-06:00,2018-10-11T00:00:00-06:00,2018-10-10T06:00:00Z,µg/m³
logan,S305,3346,305,reference,2018-10-11,3.6,1.0,3.3,6.0,1.7691806554794312,9,24,38.0,0,True,2018-10-11T00:00:00-06:00,2018-10-12T00:00:00-06:00,2018-10-11T06:00:00Z,µg/m³
logan,S305,3346,305,reference,2018-10-12,4.67,1.2,4.4,8.1,1.9511901140213013,21,24,88.0,1,False,2018-10-12T00:00:00-06:00,2018-10-13T00:00:00-06:00,2018-10-12T06:00:00Z,µg/m³
logan,S305,3346,305,reference,2018-10-13,6.31,4.8,6.5,8.0,1.0611838102340698,9,24,38.0,0,False,2018-10-13T00:00:00-06:00,2018-10-14T00:00:00-06:00,2018-10-13T06:00:00Z,µg/m³
logan,S305,3346,305,reference,2018-10-15,3.63,2.2,3.5,5.3,1.512999176979065,4,24,17.0,0,False,2018-10-15T00:00:00-06:00,2018-10-16T00:00:00-06:00,2018-10-15T06:00:00Z,µg/m³
logan,S305,3346,305,reference,2018-10-16,5.47,0.9,5.3,9.5,2.5304462909698486,19,24,79.0,1,False,2018-10-16T00:00:00-06:00,2018-10-17T00:00:00-06:00,2018-10-16T06:00:00Z,µg/m³
logan,S305,3346,305,reference,2018-10-17,3.93,0.8,3.9,6.7,2.044132709503174,24,24,100.0,1,False,2018-10-17T00:00:00-06:00,2018-10-18T00:00:00-06:00,2018-10-17T06:00:00Z,µg/m³
logan,S305,3346,305,reference,2018-10-18,3.83,0.5,3.2,9.5,2.293977737426758,21,24,88.0,1,True,2018-10-18T00:00:00-06:00,2018-10-19T00:00:00-06:00,2018-10-18T06:00:00Z,µg/m³
logan,S305,3346,305,reference,2018-10-19,7.17,3.3,7.7,10.2,1.7307031154632568,21,24,88.0,1,False,2018-10-19T00:00:00-06:00,2018-10-20T00:00:00-06:00,2018-10-19T06:00:00Z,µg/m³
logan,S305,3346,305,reference,2018-10-20,6.71,3.4,6.7,10.3,2.498257637023926,16,24,67.0,0,False,2018-10-20T00:00:00-06:00,2018-10-21T00:00:00-06:00,2018-10-20T06:00:00Z,µg/m³
logan,S305,3346,305,reference,2018-10-21,4.57,1.6,4.05,9.0,2.017058849334717,20,24,83.0,1,True,2018-10-21T00:00:00-06:00,2018-10-22T00:00:00-06:00,2018-10-21T06:00:00Z,µg/m³
logan,S305,3346,305,reference,2018-10-22,4.37,0.0,4.4,7.3,1.846386432647705,21,24,88.0,1,True,2018-10-22T00:00:00-06:00,2018-10-23T00:00:00-06:00,2018-10-22T06:00:00Z,µg/m³
logan,S305,3346,305,reference,2018-10-23,2.26,0.0,1.7,5.2,1.8727309703826904,22,24,92.0,1,False,2018-10-23T00:00:00-06:00,2018-10-24T00:00:00-06:00,2018-10-23T06:00:00Z,µg/m³
logan,S305,3346,305,reference,2018-10-24,4.52,1.4,3.9,7.4,2.438560962677002,22,24,92.0,1,True,2018-10-24T00:00:00-06:00,2018-10-25T00:00:00-06:00,2018-10-24T06:00:00Z,µg/m³
logan,S305,3346,305,reference,2018-10-25,4.91,0.9,5.2,8.5,2.2656819820404053,24,24,100.0,1,True,2018-10-25T00:00:00-06:00,2018-10-26T00:00:00-06:00,2018-10-25T06:00:00Z,µg/m³
logan,S305,3346,305,reference,2018-10-26,5.15,2.5,4.9,8.5,1.7634111642837524,21,24,88.0,1,False,2018-10-26T00:00:00-06:00,2018-10-27T00:00:00-06:00,2018-10-26T06:00:00Z,µg/m³
logan,S305,3346,305,reference,2018-10-27,6.53,1.8,6.15,11.2,2.4109652042388916,24,24,100.0,1,False,2018-10-27T00:00:00-06:00,2018-10-28T00:00:00-06:00,2018-10-27T06:00:00Z,µg/m³
logan,S305,3346,305,reference,2018-10-28,4.65,0.6,5.0,8.8,2.6790285110473633,23,24,96.0,1,False,2018-10-28T00:00:00-06:00,2018-10-29T00:00:00-06:00,2018-10-28T06:00:00Z,µg/m³
logan,S305,3346,305,reference,2018-10-29,2.84,0.5,2.8,5.9,2.1163768768310547,23,24,96.0,1,True,2018-10-29T00:00:00-06:00,2018-10-30T00:00:00-06:00,2018-10-29T06:00:00Z,µg/m³
logan,S305,3346,305,reference,2018-10-30,4.54,0.2,3.6,21.0,4.985611438751221,17,24,71.0,0,True,2018-10-30T00:00:00-06:00,2018-10-31T00:00:00-06:00,2018-10-30T06:00:00Z,µg/m³
logan,S305,3346,305,reference,2018-10-31,2.01,0.0,2.0,3.9,1.3413567543029785,15,24,63.0,0,True,2018-10-31T00:00:00-06:00,2018-11-01T00:00:00-06:00,2018-10-31T06:00:00Z,µg/m³
logan,S305,3346,305,reference,2018-11-01,4.12,1.4,3.8,11.6,2.3174538612365723,23,24,96.0,1,False,2018-11-01T00:00:00-06:00,2018-11-02T00:00:00-06:00,2018-11-01T06:00:00Z,µg/m³
logan,S305,3346,305,reference,2018-11-02,4.0,0.2,3.1,11.0,3.5996031761169434,22,24,92.0,1,True,2018-11-02T00:00:00-06:00,2018-11-03T00:00:00-06:00,2018-11-02T06:00:00Z,µg/m³
logan,S305,3346,305,reference,2018-11-03,2.32,0.1,2.2,4.6,1.7278944253921509,21,24,88.0,1,True,2018-11-03T00:00:00-06:00,2018-11-04T00:00:00-06:00,2018-11-03T06:00:00Z,µg/m³
logan,S305,3346,305,reference,2018-11-04,2.87,0.1,2.2,7.1,2.1691396236419678,16,24,67.0,0,True,2018-11-04T00:00:00-06:00,2018-11-05T00:00:00-07:00,2018-11-04T06:00:00Z,µg/m³
logan,S305,3346,305,reference,2018-11-05,1.12,0.1,1.1,2.8,1.522484302520752,16,24,67.0,0,True,2018-11-05T00:00:00-07:00,2018-11-06T00:00:00-07:00,2018-11-05T07:00:00Z,µg/m³
logan,S305,3346,305,reference,2018-11-10,4.43,2.6,3.6,6.9,1.8138357400894165,9,24,38.0,0,False,2018-11-10T00:00:00-07:00,2018-11-11T00:00:00-07:00,2018-11-10T07:00:00Z,µg/m³
logan,S305,3346,305,reference,2018-11-11,3.53,0.3,3.5,8.6,2.5602617263793945,23,24,96.0,1,False,2018-11-11T00:00:00-07:00,2018-11-12T00:00:00-07:00,2018-11-11T07:00:00Z,µg/m³
logan,S305,3346,305,reference,2018-11-12,3.48,0.6,3.0,8.3,2.2055556774139404,21,24,88.0,1,True,2018-11-12T00:00:00-07:00,2018-11-13T00:00:00-07:00,2018-11-12T07:00:00Z,µg/m³
logan,S305,3346,305,reference,2018-11-13,3.98,0.5,4.300000000000001,6.2,1.9006794691085815,14,24,58.0,0,True,2018-11-13T00:00:00-07:00,2018-11-14T00:00:00-07:00,2018-11-13T07:00:00Z,µg/m³
logan,S305,3346,305,reference,2018-11-14,13.3,5.9,12.4,20.3,5.7090277671813965,5,24,21.0,0,True,2018-11-14T00:00:00-07:00,2018-11-15T00:00:00-07:00,2018-11-14T07:00:00Z,µg/m³
logan,S305,3346,305,reference,2018-11-15,7.68,5.1,6.7,12.0,2.2003509998321533,17,24,71.0,0,False,2018-11-15T00:00:00-07:00,2018-11-16T00:00:00-07:00,2018-11-15T07:00:00Z,µg/m³
logan,S305,3346,305,reference,2018-11-16,10.7,6.5,11.0,15.0,2.2732207775115967,22,24,92.0,1,False,2018-11-16T00:00:00-07:00,2018-11-17T00:00:00-07:00,2018-11-16T07:00:00Z,µg/m³
logan,S305,3346,305,reference,2018-11-17,8.48,2.2,7.5,15.0,4.187674522399902,21,24,88.0,1,False,2018-11-17T00:00:00-07:00,2018-11-18T00:00:00-07:00,2018-11-17T07:00:00Z,µg/m³
logan,S305,3346,305,reference,2018-11-18,3.79,0.8,3.6500000000000004,7.1,3.4438138008117676,17,24,71.0,0,False,2018-11-18T00:00:00-07:00,2018-11-19T00:00:00-07:00,2018-11-18T07:00:00Z,µg/m³
logan,S305,3346,305,reference,2018-11-19,6.41,0.5,7.05,10.3,2.522810935974121,18,24,75.0,1,True,2018-11-19T00:00:00-07:00,2018-11-20T00:00:00-07:00,2018-11-19T07:00:00Z,µg/m³
logan,S305,3346,305,reference,2018-11-20,7.82,5.0,7.3,12.7,2.355412244796753,14,24,58.0,0,False,2018-11-20T00:00:00-07:00,2018-11-21T00:00:00-07:00,2018-11-20T07:00:00Z,µg/m³
logan,S305,3346,305,reference,2018-11-21,11.4,0.6,11.7,17.6,4.188937187194824,19,24,79.0,1,False,2018-11-21T00:00:00-07:00,2018-11-22T00:00:00-07:00,2018-11-21T07:00:00Z,µg/m³
logan,S305,3346,305,reference,2018-11-22,8.96,3.4,9.4,16.8,4.0128936767578125,24,24,100.0,1,False,2018-11-22T00:00:00-07:00,2018-11-23T00:00:00-07:00,2018-11-22T07:00:00Z,µg/m³
logan,S305,3346,305,reference,2018-11-23,1.61,0.0,1.3,4.2,1.5059303045272827,24,24,100.0,1,False,2018-11-23T00:00:00-07:00,2018-11-24T00:00:00-07:00,2018-11-23T07:00:00Z,µg/m³
logan,S305,3346,305,reference,2018-11-24,1.49,0.2,1.2,5.0,2.2098803520202637,22,24,92.0,1,True,2018-11-24T00:00:00-07:00,2018-11-25T00:00:00-07:00,2018-11-24T07:00:00Z,µg/m³
logan,S305,3346,305,reference,2018-11-25,2.45,0.7,2.3,4.6,2.4276039600372314,24,24,100.0,1,True,2018-11-25T00:00:00-07:00,2018-11-26T00:00:00-07:00,2018-11-25T07:00:00Z,µg/m³
logan,S305,3346,305,reference,2018-11-26,6.57,1.2,4.7,30.0,5.830657005310059,23,24,96.0,1,True,2018-11-26T00:00:00-07:00,2018-11-27T00:00:00-07:00,2018-11-26T07:00:00Z,µg/m³
logan,S305,3346,305,reference,2018-11-27,11.5,4.6,11.350000000000001,17.0,3.5291924476623535,24,24,100.0,1,False,2018-11-27T00:00:00-07:00,2018-11-28T00:00:00-07:00,2018-11-27T07:00:00Z,µg/m³
logan,S305,3346,305,reference,2018-11-28,12.5,7.4,13.0,20.1,2.9602839946746826,23,24,96.0,1,False,2018-11-28T00:00:00-07:00,2018-11-29T00:00:00-07:00,2018-11-28T07:00:00Z,µg/m³
logan,S305,3346,305,reference,2018-11-29,5.91,0.3,5.800000000000001,11.7,2.8745226860046387,24,24,100.0,1,False,2018-11-29T00:00:00-07:00,2018-11-30T00:00:00-07:00,2018-11-29T07:00:00Z,µg/m³
logan,S305,3346,305,reference,2018-11-30,3.46,0.1,2.8499999999999996,8.6,2.657815456390381,22,24,92.0,1,False,2018-11-30T00:00:00-07:00,2018-12-01T00:00:00-07:00,2018-11-30T07:00:00Z,µg/m³
logan,S305,3346,305,reference,2018-12-01,2.33,0.0,1.7,6.5,2.2125957012176514,24,24,100.0,1,False,2018-12-01T00:00:00-07:00,2018-12-02T00:00:00-07:00,2018-12-01T07:00:00Z,µg/m³
logan,S305,3346,305,reference,2018-12-02,4.0,1.3,3.9,8.4,2.188441276550293,24,24,100.0,1,True,2018-12-02T00:00:00-07:00,2018-12-03T00:00:00-07:00,2018-12-02T07:00:00Z,µg/m³
logan,S305,3346,305,reference,2018-12-03,4.31,0.0,2.75,27.7,5.789124488830566,22,24,92.0,1,True,2018-12-03T00:00:00-07:00,2018-12-04T00:00:00-07:00,2018-12-03T07:00:00Z,µg/m³
logan,S305,3346,305,reference,2018-12-04,6.95,0.6,5.6,24.8,5.6547675132751465,17,24,71.0,0,True,2018-12-04T00:00:00-07:00,2018-12-05T00:00:00-07:00,2018-12-04T07:00:00Z,µg/m³
logan,S305,3346,305,reference,2018-12-05,14.2,1.1,14.2,21.5,3.991347074508667,24,24,100.0,1,False,2018-12-05T00:00:00-07:00,2018-12-06T00:00:00-07:00,2018-12-05T07:00:00Z,µg/m³
logan,S305,3346,305,reference,2018-12-06,23.8,14.3,25.35,33.9,5.311895370483398,24,24,100.0,1,False,2018-12-06T00:00:00-07:00,2018-12-07T00:00:00-07:00,2018-12-06T07:00:00Z,µg/m³
logan,S305,3346,305,reference,2018-12-07,22.4,16.0,22.85,28.7,3.842833995819092,24,24,100.0,1,False,2018-12-07T00:00:00-07:00,2018-12-08T00:00:00-07:00,2018-12-07T07:00:00Z,µg/m³
logan,S305,3346,305,reference,2018-12-08,36.1,27.8,38.7,45.9,5.8104119300842285,22,24,92.0,1,False,2018-12-08T00:00:00-07:00,2018-12-09T00:00:00-07:00,2018-12-08T07:00:00Z,µg/m³
logan,S305,3346,305,reference,2018-12-09,25.4,8.2,27.1,39.4,10.534353256225586,24,24,100.0,1,False,2018-12-09T00:00:00-07:00,2018-12-10T00:00:00-07:00,2018-12-09T07:00:00Z,µg/m³
logan,S305,3346,305,reference,2018-12-10,15.8,8.5,16.7,21.7,3.447399854660034,24,24,100.0,1,True,2018-12-10T00:00:00-07:00,2018-12-11T00:00:00-07:00,2018-12-10T07:00:00Z,µg/m³
logan,S305,3346,305,reference,2018-12-11,20.0,8.2,23.35,28.6,7.322904109954834,24,24,100.0,1,False,2018-12-11T00:00:00-07:00,2018-12-12T00:00:00-07:00,2018-12-11T07:00:00Z,µg/m³
logan,S305,3346,305,reference,2018-12-12,9.15,0.2,11.5,21.5,7.561511039733887,24,24,100.0,1,False,2018-12-12T00:00:00-07:00,2018-12-13T00:00:00-07:00,2018-12-12T07:00:00Z,µg/m³
logan,S305,3346,305,reference,2018-12-13,13.6,1.8,6.8,47.4,15.080902099609375,9,24,38.0,0,False,2018-12-13T00:00:00-07:00,2018-12-14T00:00:00-07:00,2018-12-13T07:00:00Z,µg/m³
logan,S305,3346,305,reference,2018-12-16,25.0,17.6,27.0,30.7,4.512646198272705,13,24,54.0,0,False,2018-12-16T00:00:00-07:00,2018-12-17T00:00:00-07:00,2018-12-16T07:00:00Z,µg/m³
logan,S305,3346,305,reference,2018-12-17,26.4,3.6,24.75,41.7,8.67119026184082,24,24,100.0,1,False,2018-12-17T00:00:00-07:00,2018-12-18T00:00:00-07:00,2018-12-17T07:00:00Z,µg/m³
logan,S305,3346,305,reference,2018-12-18,21.2,9.9,22.6,29.9,4.92217493057251,24,24,100.0,1,False,2018-12-18T00:00:00-07:00,2018-12-19T00:00:00-07:00,2018-12-18T07:00:00Z,µg/m³
logan,S305,3346,305,reference,2018-12-19,4.3,0.6,3.25,11.7,3.6818859577178955,23,24,96.0,1,False,2018-12-19T00:00:00-07:00,2018-12-20T00:00:00-07:00,2018-12-19T07:00:00Z,µg/m³
logan,S305,3346,305,reference,2018-12-20,6.37,0.8,5.75,14.3,3.43355131149292,24,24,100.0,1,True,2018-12-20T00:00:00-07:00,2018-12-21T00:00:00-07:00,2018-12-20T07:00:00Z,µg/m³
logan,S305,3346,305,reference,2018-12-21,6.19,0.0,5.4,13.1,4.304698944091797,23,24,96.0,1,False,2018-12-21T00:00:00-07:00,2018-12-22T00:00:00-07:00,2018-12-21T07:00:00Z,µg/m³
logan,S305,3346,305,reference,2018-12-22,2.03,0.0,1.7,5.0,1.8595620393753052,24,24,100.0,1,True,2018-12-22T00:00:00-07:00,2018-12-23T00:00:00-07:00,2018-12-22T07:00:00Z,µg/m³
logan,S305,3346,305,reference,2018-12-23,4.22,0.4,4.45,7.8,1.9361501932144165,24,24,100.0,1,True,2018-12-23T00:00:00-07:00,2018-12-24T00:00:00-07:00,2018-12-23T07:00:00Z,µg/m³
logan,S305,3346,305,reference,2018-12-24,10.0,4.6,10.85,14.2,2.9331655502319336,24,24,100.0,1,True,2018-12-24T00:00:00-07:00,2018-12-25T00:00:00-07:00,2018-12-24T07:00:00Z,µg/m³
logan,S305,3346,305,reference,2018-12-25,10.3,0.3,10.25,18.4,4.6678361892700195,24,24,100.0,1,False,2018-12-25T00:00:00-07:00,2018-12-26T00:00:00-07:00,2018-12-25T07:00:00Z,µg/m³
logan,S305,3346,305,reference,2018-12-26,3.07,0.0,2.5,7.8,2.597738027572632,24,24,100.0,1,False,2018-12-26T00:00:00-07:00,2018-12-27T00:00:00-07:00,2018-12-26T07:00:00Z,µg/m³
logan,S305,3346,305,reference,2018-12-27,5.68,0.5,3.8499999999999996,28.7,6.0176310539245605,24,24,100.0,1,True,2018-12-27T00:00:00-07:00,2018-12-28T00:00:00-07:00,2018-12-27T07:00:00Z,µg/m³
logan,S305,3346,305,reference,2018-12-28,6.98,2.7,6.6,11.6,2.30078125,18,24,75.0,1,False,2018-12-28T00:00:00-07:00,2018-12-29T00:00:00-07:00,2018-12-28T07:00:00Z,µg/m³
logan,S305,3346,305,reference,2018-12-29,8.78,2.0,7.9,36.1,6.280126094818115,24,24,100.0,1,False,2018-12-29T00:00:00-07:00,2018-12-30T00:00:00-07:00,2018-12-29T07:00:00Z,µg/m³
logan,S305,3346,305,reference,2018-12-30,7.13,0.1,6.3,18.6,5.397476673126221,24,24,100.0,1,False,2018-12-30T00:00:00-07:00,2018-12-31T00:00:00-07:00,2018-12-30T07:00:00Z,µg/m³
logan,S305,3346,305,reference,2018-12-31,2.91,0.0,2.8,6.8,2.423043727874756,24,24,100.0,1,True,2018-12-31T00:00:00-07:00,2019-01-01T00:00:00-07:00,2018-12-31T07:00:00Z,µg/m³
logan,S305,3346,305,reference,2019-01-01,11.1,3.6,9.3,24.9,6.529727458953857,20,24,83.0,1,True,2019-01-01T00:00:00-07:00,2019-01-02T00:00:00-07:00,2019-01-01T07:00:00Z,µg/m³
logan,S305,3346,305,reference,2019-01-02,11.0,4.6,10.850000000000001,16.3,2.723379135131836,24,24,100.0,1,True,2019-01-02T00:00:00-07:00,2019-01-03T00:00:00-07:00,2019-01-02T07:00:00Z,µg/m³
logan,S305,3346,305,reference,2019-01-03,16.9,4.1,16.5,25.7,4.719064235687256,24,24,100.0,1,False,2019-01-03T00:00:00-07:00,2019-01-04T00:00:00-07:00,2019-01-03T07:00:00Z,µg/m³
logan,S305,3346,305,reference,2019-01-04,31.2,14.6,34.15,39.6,6.364847660064697,24,24,100.0,1,False,2019-01-04T00:00:00-07:00,2019-01-05T00:00:00-07:00,2019-01-04T07:00:00Z,µg/m³
logan,S305,3346,305,reference,2019-01-05,39.8,17.1,45.1,52.1,14.979957580566406,24,24,100.0,1,False,2019-01-05T00:00:00-07:00,2019-01-06T00:00:00-07:00,2019-01-05T07:00:00Z,µg/m³
logan,S305,3346,305,reference,2019-01-06,13.2,1.7,6.800000000000001,46.5,12.695114135742188,24,24,100.0,1,True,2019-01-06T00:00:00-07:00,2019-01-07T00:00:00-07:00,2019-01-06T07:00:00Z,µg/m³
logan,S305,3346,305,reference,2019-01-07,2.08,0.1,1.8,5.3,1.9070758819580078,24,24,100.0,1,True,2019-01-07T00:00:00-07:00,2019-01-08T00:00:00-07:00,2019-01-07T07:00:00Z,µg/m³
logan,S305,3346,305,reference,2019-01-08,9.63,2.2,8.9,21.3,5.172355651855469,24,24,100.0,1,True,2019-01-08T00:00:00-07:00,2019-01-09T00:00:00-07:00,2019-01-08T07:00:00Z,µg/m³
logan,S305,3346,305,reference,2019-01-09,29.2,19.9,30.4,40.9,6.379580974578857,23,24,96.0,1,True,2019-01-09T00:00:00-07:00,2019-01-10T00:00:00-07:00,2019-01-09T07:00:00Z,µg/m³
logan,S305,3346,305,reference,2019-01-10,38.5,30.3,37.7,47.5,5.39081335067749,24,24,100.0,1,False,2019-01-10T00:00:00-07:00,2019-01-11T00:00:00-07:00,2019-01-10T07:00:00Z,µg/m³
logan,S305,3346,305,reference,2019-01-11,39.2,22.2,44.25,56.2,11.467673301696777,24,24,100.0,1,False,2019-01-11T00:00:00-07:00,2019-01-12T00:00:00-07:00,2019-01-11T07:00:00Z,µg/m³
logan,S305,3346,305,reference,2019-01-12,7.08,0.6,5.5,20.7,6.210196018218994,18,24,75.0,1,False,2019-01-12T00:00:00-07:00,2019-01-13T00:00:00-07:00,2019-01-12T07:00:00Z,µg/m³
logan,S305,3346,305,reference,2019-01-13,7.02,4.1,7.199999999999999,10.2,2.027231216430664,6,24,25.0,0,False,2019-01-13T00:00:00-07:00,2019-01-14T00:00:00-07:00,2019-01-13T07:00:00Z,µg/m³
logan,S305,3346,305,reference,2019-01-14,12.0,6.0,10.95,23.9,5.377832889556885,24,24,100.0,1,False,2019-01-14T00:00:00-07:00,2019-01-15T00:00:00-07:00,2019-01-14T07:00:00Z,µg/m³
logan,S305,3346,305,reference,2019-01-15,23.3,16.1,22.85,34.5,5.025454998016357,24,24,100.0,1,False,2019-01-15T00:00:00-07:00,2019-01-16T00:00:00-07:00,2019-01-15T07:00:00Z,µg/m³
logan,S305,3346,305,reference,2019-01-16,31.7,16.3,36.7,40.4,8.183996200561523,17,24,71.0,0,False,2019-01-16T00:00:00-07:00,2019-01-17T00:00:00-07:00,2019-01-16T07:00:00Z,µg/m³
logan,S305,3346,305,reference,2019-01-17,3.99,0.1,2.35,17.2,4.634280681610107,22,24,92.0,1,False,2019-01-17T00:00:00-07:00,2019-01-18T00:00:00-07:00,2019-01-17T07:00:00Z,µg/m³
logan,S305,3346,305,reference,2019-01-18,2.05,0.1,2.0,5.6,2.0704572200775146,24,24,100.0,1,True,2019-01-18T00:00:00-07:00,2019-01-19T00:00:00-07:00,2019-01-18T07:00:00Z,µg/m³
logan,S305,3346,305,reference,2019-01-19,7.12,0.1,6.75,18.0,4.758057594299316,24,24,100.0,1,True,2019-01-19T00:00:00-07:00,2019-01-20T00:00:00-07:00,2019-01-19T07:00:00Z,µg/m³
logan,S305,3346,305,reference,2019-01-20,15.2,7.1,15.55,23.4,4.924031734466553,24,24,100.0,1,False,2019-01-20T00:00:00-07:00,2019-01-21T00:00:00-07:00,2019-01-20T07:00:00Z,µg/m³
logan,S305,3346,305,reference,2019-01-21,2.41,0.0,1.2,7.8,2.6007211208343506,24,24,100.0,1,False,2019-01-21T00:00:00-07:00,2019-01-22T00:00:00-07:00,2019-01-21T07:00:00Z,µg/m³
logan,S305,3346,305,reference,2019-01-22,4.78,0.0,4.4,12.4,3.775951623916626,18,24,75.0,1,True,2019-01-22T00:00:00-07:00,2019-01-23T00:00:00-07:00,2019-01-22T07:00:00Z,µg/m³
logan,S305,3346,305,reference,2019-01-23,9.04,5.5,9.2,13.5,1.9615226984024048,21,24,88.0,1,True,2019-01-23T00:00:00-07:00,2019-01-24T00:00:00-07:00,2019-01-23T07:00:00Z,µg/m³
logan,S305,3346,305,reference,2019-01-24,15.6,5.2,15.25,32.4,7.244777202606201,24,24,100.0,1,True,2019-01-24T00:00:00-07:00,2019-01-25T00:00:00-07:00,2019-01-24T07:00:00Z,µg/m³
logan,S305,3346,305,reference,2019-01-25,9.04,5.9,9.0,12.5,1.988645315170288,24,24,100.0,1,False,2019-01-25T00:00:00-07:00,2019-01-26T00:00:00-07:00,2019-01-25T07:00:00Z,µg/m³
logan,S305,3346,305,reference,2019-01-26,16.0,5.1,16.85,21.2,3.8975651264190674,24,24,100.0,1,False,2019-01-26T00:00:00-07:00,2019-01-27T00:00:00-07:00,2019-01-26T07:00:00Z,µg/m³
logan,S305,3346,305,reference,2019-01-27,16.8,7.6,17.75,25.5,4.494955062866211,24,24,100.0,1,False,2019-01-27T00:00:00-07:00,2019-01-28T00:00:00-07:00,2019-01-27T07:00:00Z,µg/m³
logan,S305,3346,305,reference,2019-01-28,14.0,4.4,13.9,22.6,5.699426174163818,24,24,100.0,1,False,2019-01-28T00:00:00-07:00,2019-01-29T00:00:00-07:00,2019-01-28T07:00:00Z,µg/m³
logan,S305,3346,305,reference,2019-01-29,7.44,2.2,6.65,13.1,2.967038154602051,24,24,100.0,1,False,2019-01-29T00:00:00-07:00,2019-01-30T00:00:00-07:00,2019-01-29T07:00:00Z,µg/m³
logan,S305,3346,305,reference,2019-01-30,17.6,2.8,14.9,72.4,13.594964027404785,20,24,83.0,1,False,2019-01-30T00:00:00-07:00,2019-01-31T00:00:00-07:00,2019-01-30T07:00:00Z,µg/m³
logan,S305,3346,305,reference,2019-01-31,37.8,17.8,33.65,81.6,14.328306198120117,22,24,92.0,1,False,2019-01-31T00:00:00-07:00,2019-02-01T00:00:00-07:00,2019-01-31T07:00:00Z,µg/m³
logan,S305,3346,305,reference,2019-02-01,33.9,22.2,35.0,50.3,10.90565299987793,24,24,100.0,1,False,2019-02-01T00:00:00-07:00,2019-02-02T00:00:00-07:00,2019-02-01T07:00:00Z,µg/m³
logan,S305,3346,305,reference,2019-02-02,24.6,0.0,12.5,51.3,19.881975173950195,24,24,100.0,1,True,2019-02-02T00:00:00-07:00,2019-02-03T00:00:00-07:00,2019-02-02T07:00:00Z,µg/m³
logan,S305,3346,305,reference,2019-02-03,2.48,0.0,2.55,7.0,2.4907619953155518,24,24,100.0,1,False,2019-02-03T00:00:00-07:00,2019-02-04T00:00:00-07:00,2019-02-03T07:00:00Z,µg/m³
logan,S305,3346,305,reference,2019-02-04,1.24,0.0,0.8,3.2,1.2198538780212402,24,24,100.0,1,True,2019-02-04T00:00:00-07:00,2019-02-05T00:00:00-07:00,2019-02-04T07:00:00Z,µg/m³
logan,S305,3346,305,reference,2019-02-05,2.09,0.0,1.35,6.5,2.15305233001709,24,24,100.0,1,True,2019-02-05T00:00:00-07:00,2019-02-06T00:00:00-07:00,2019-02-05T07:00:00Z,µg/m³
logan,S305,3346,305,reference,2019-02-06,2.55,0.0,2.3,6.2,1.8253796100616455,24,24,100.0,1,True,2019-02-06T00:00:00-07:00,2019-02-07T00:00:00-07:00,2019-02-06T07:00:00Z,µg/m³
logan,S305,3346,305,reference,2019-02-07,2.51,0.0,2.1,6.6,2.3969032764434814,24,24,100.0,1,True,2019-02-07T00:00:00-07:00,2019-02-08T00:00:00-07:00,2019-02-07T07:00:00Z,µg/m³
logan,S305,3346,305,reference,2019-02-08,9.22,2.2,7.7,20.7,6.5048651695251465,22,24,92.0,1,True,2019-02-08T00:00:00-07:00,2019-02-09T00:00:00-07:00,2019-02-08T07:00:00Z,µg/m³
logan,S305,3346,305,reference,2019-02-09,17.0,6.1,16.0,29.8,5.427870750427246,23,24,96.0,1,True,2019-02-09T00:00:00-07:00,2019-02-10T00:00:00-07:00,2019-02-09T07:00:00Z,µg/m³
logan,S305,3346,305,reference,2019-02-10,6.08,0.2,1.6,18.4,7.3970160484313965,23,24,96.0,1,False,2019-02-10T00:00:00-07:00,2019-02-11T00:00:00-07:00,2019-02-10T07:00:00Z,µg/m³
logan,S305,3346,305,reference,2019-02-11,3.35,0.5,3.65,6.2,2.45072340965271,18,24,75.0,1,True,2019-02-11T00:00:00-07:00,2019-02-12T00:00:00-07:00,2019-02-11T07:00:00Z,µg/m³
logan,S305,3346,305,reference,2019-02-12,13.5,10.0,11.25,20.3,4.2412261962890625,6,24,25.0,0,True,2019-02-12T00:00:00-07:00,2019-02-13T00:00:00-07:00,2019-02-12T07:00:00Z,µg/m³
logan,S305,3346,305,reference,2019-02-13,9.28,0.2,4.949999999999999,27.2,9.632655143737793,24,24,100.0,1,True,2019-02-13T00:00:00-07:00,2019-02-14T00:00:00-07:00,2019-02-13T07:00:00Z,µg/m³
logan,S305,3346,305,reference,2019-02-14,3.98,0.2,3.8,7.8,3.1188039779663086,24,24,100.0,1,True,2019-02-14T00:00:00-07:00,2019-02-15T00:00:00-07:00,2019-02-14T07:00:00Z,µg/m³
logan,S305,3346,305,reference,2019-02-15,1.43,0.0,0.9,6.2,2.039496660232544,24,24,100.0,1,True,2019-02-15T00:00:00-07:00,2019-02-16T00:00:00-07:00,2019-02-15T07:00:00Z,µg/m³
logan,S305,3346,305,reference,2019-02-16,2.48,0.1,1.8,9.2,2.628185510635376,22,24,92.0,1,True,2019-02-16T00:00:00-07:00,2019-02-17T00:00:00-07:00,2019-02-16T07:00:00Z,µg/m³
logan,S305,3346,305,reference,2019-02-17,5.05,1.8,5.0,8.7,2.132514715194702,21,24,88.0,1,True,2019-02-17T00:00:00-07:00,2019-02-18T00:00:00-07:00,2019-02-17T07:00:00Z,µg/m³
logan,S305,3346,305,reference,2019-02-18,4.85,1.1,4.85,8.4,1.8194550275802612,24,24,100.0,1,True,2019-02-18T00:00:00-07:00,2019-02-19T00:00:00-07:00,2019-02-18T07:00:00Z,µg/m³
logan,S305,3346,305,reference,2019-02-19,5.35,1.9,5.9,9.2,2.457986831665039,23,24,96.0,1,False,2019-02-19T00:00:00-07:00,2019-02-20T00:00:00-07:00,2019-02-19T07:00:00Z,µg/m³
logan,S305,3346,305,reference,2019-02-20,2.7,0.2,2.9000000000000004,5.5,1.569547176361084,23,24,96.0,1,False,2019-02-20T00:00:00-07:00,2019-02-21T00:00:00-07:00,2019-02-20T07:00:00Z,µg/m³
logan,S305,3346,305,reference,2019-02-21,8.01,4.1,6.3,37.1,6.896988868713379,23,24,96.0,1,True,2019-02-21T00:00:00-07:00,2019-02-22T00:00:00-07:00,2019-02-21T07:00:00Z,µg/m³
logan,S305,3346,305,reference,2019-02-22,7.22,3.9,7.300000000000001,10.0,2.1122400760650635,22,24,92.0,1,False,2019-02-22T00:00:00-07:00,2019-02-23T00:00:00-07:00,2019-02-22T07:00:00Z,µg/m³
logan,S305,3346,305,reference,2019-02-23,8.8,1.3,8.8,15.1,4.554228782653809,21,24,88.0,1,False,2019-02-23T00:00:00-07:00,2019-02-24T00:00:00-07:00,2019-02-23T07:00:00Z,µg/m³
logan,S305,3346,305,reference,2019-02-24,3.03,0.1,2.6,5.9,1.8797023296356201,23,24,96.0,1,False,2019-02-24T00:00:00-07:00,2019-02-25T00:00:00-07:00,2019-02-24T07:00:00Z,µg/m³
logan,S305,3346,305,reference,2019-02-25,1.75,0.0,1.45,5.8,1.6180328130722046,22,24,92.0,1,False,2019-02-25T00:00:00-07:00,2019-02-26T00:00:00-07:00,2019-02-25T07:00:00Z,µg/m³
logan,S305,3346,305,reference,2019-02-26,2.96,0.4,2.6,6.5,2.1526525020599365,23,24,96.0,1,True,2019-02-26T00:00:00-07:00,2019-02-27T00:00:00-07:00,2019-02-26T07:00:00Z,µg/m³
logan,S305,3346,305,reference,2019-02-27,4.71,1.4,4.65,11.2,2.7127583026885986,24,24,100.0,1,True,2019-02-27T00:00:00-07:00,2019-02-28T00:00:00-07:00,2019-02-27T07:00:00Z,µg/m³
logan,S305,3346,305,reference,2019-02-28,7.68,0.7,7.9,18.3,4.551443099975586,24,24,100.0,1,False,2019-02-28T00:00:00-07:00,2019-03-01T00:00:00-07:00,2019-02-28T07:00:00Z,µg/m³
logan,S305,3346,305,reference,2019-03-01,2.03,0.1,1.85,5.7,1.3211489915847778,24,24,100.0,1,False,2019-03-01T00:00:00-07:00,2019-03-02T00:00:00-07:00,2019-03-01T07:00:00Z,µg/m³
logan,S305,3346,305,reference,2019-03-02,3.05,1.0,2.95,6.2,1.4092795848846436,24,24,100.0,1,False,2019-03-02T00:00:00-07:00,2019-03-03T00:00:00-07:00,2019-03-02T07:00:00Z,µg/m³
logan,S305,3346,305,reference,2019-03-03,2.66,1.0,2.3,5.2,1.2146971225738525,24,24,100.0,1,False,2019-03-03T00:00:00-07:00,2019-03-04T00:00:00-07:00,2019-03-03T07:00:00Z,µg/m³
logan,S305,3346,305,reference,2019-03-04,4.73,0.4,4.25,8.0,2.920942544937134,21,24,88.0,1,False,2019-03-04T00:00:00-07:00,2019-03-05T00:00:00-07:00,2019-03-04T07:00:00Z,µg/m³
logan,S305,3346,305,reference,2019-03-05,5.15,1.8,5.15,10.8,2.081383228302002,24,24,100.0,1,True,2019-03-05T00:00:00-07:00,2019-03-06T00:00:00-07:00,2019-03-05T07:00:00Z,µg/m³
logan,S305,3346,305,reference,2019-03-06,17.0,5.1,9.6,80.2,19.651458740234375,16,24,67.0,0,False,2019-03-06T00:00:00-07:00,2019-03-07T00:00:00-07:00,2019-03-06T07:00:00Z,µg/m³
logan,S305,3346,305,reference,2019-03-07,13.7,0.2,9.3,36.5,12.43799877166748,17,24,71.0,0,False,2019-03-07T00:00:00-07:00,2019-03-08T00:00:00-07:00,2019-03-07T07:00:00Z,µg/m³
logan,S305,3346,305,reference,2019-03-08,8.07,0.0,7.8,16.6,7.303705215454102,8,24,33.0,0,True,2019-03-08T00:00:00-07:00,2019-03-09T00:00:00-07:00,2019-03-08T07:00:00Z,µg/m³
logan,S305,3346,305,reference,2019-03-09,24.2,5.5,21.7,55.8,17.669960021972656,14,24,58.0,0,True,2019-03-09T00:00:00-07:00,2019-03-10T00:00:00-07:00,2019-03-09T07:00:00Z,µg/m³
logan,S305,3346,305,reference,2019-03-10,16.4,0.1,15.3,39.8,11.770835876464844,17,24,71.0,0,True,2019-03-10T00:00:00-07:00,2019-03-11T00:00:00-06:00,2019-03-10T07:00:00Z,µg/m³
logan,S305,3346,305,reference,2019-03-11,17.2,2.5,16.0,37.8,10.852072715759277,20,24,83.0,1,True,2019-03-11T00:00:00-06:00,2019-03-12T00:00:00-06:00,2019-03-11T06:00:00Z,µg/m³
logan,S305,3346,305,reference,2019-03-12,16.3,0.5,13.350000000000001,50.7,16.804203033447266,8,24,33.0,0,True,2019-03-12T00:00:00-06:00,2019-03-13T00:00:00-06:00,2019-03-12T06:00:00Z,µg/m³
logan,S305,3346,305,reference,2019-03-13,1.7,0.3,1.75,3.1,1.1852800846099854,10,24,42.0,0,False,2019-03-13T00:00:00-06:00,2019-03-14T00:00:00-06:00,2019-03-13T06:00:00Z,µg/m³
logan,S305,3346,305,reference,2019-03-14,2.32,1.5,1.8,4.2,1.089495301246643,5,24,21.0,0,True,2019-03-14T00:00:00-06:00,2019-03-15T00:00:00-06:00,2019-03-14T06:00:00Z,µg/m³
logan,S305,3346,305,reference,2019-03-15,3.4,1.4,3.1,5.7,1.3431522846221924,24,24,100.0,1,False,2019-03-15T00:00:00-06:00,2019-03-16T00:00:00-06:00,2019-03-15T06:00:00Z,µg/m³
logan,S305,3346,305,reference,2019-03-16,5.66,1.9,5.0,21.5,3.988016366958618,24,24,100.0,1,True,2019-03-16T00:00:00-06:00,2019-03-17T00:00:00-06:00,2019-03-16T06:00:00Z,µg/m³
logan,S305,3346,305,reference,2019-03-17,5.94,2.0,5.9,11.7,3.2144601345062256,24,24,100.0,1,False,2019-03-17T00:00:00-06:00,2019-03-18T00:00:00-06:00,2019-03-17T06:00:00Z,µg/m³
logan,S305,3346,305,reference,2019-03-18,4.6,0.5,4.75,7.2,2.492594003677368,24,24,100.0,1,False,2019-03-18T00:00:00-06:00,2019-03-19T00:00:00-06:00,2019-03-18T06:00:00Z,µg/m³
logan,S305,3346,305,reference,2019-03-19,4.74,2.0,4.5,8.7,1.6210068464279175,24,24,100.0,1,True,2019-03-19T00:00:00-06:00,2019-03-20T00:00:00-06:00,2019-03-19T06:00:00Z,µg/m³
logan,S305,3346,305,reference,2019-03-20,3.22,1.0,3.1,5.6,1.8519818782806396,24,24,100.0,1,True,2019-03-20T00:00:00-06:00,2019-03-21T00:00:00-06:00,2019-03-20T06:00:00Z,µg/m³
logan,S305,3346,305,reference,2019-03-21,3.49,0.9,3.5,7.3,1.8470451831817627,24,24,100.0,1,True,2019-03-21T00:00:00-06:00,2019-03-22T00:00:00-06:00,2019-03-21T06:00:00Z,µg/m³
logan,S305,3346,305,reference,2019-03-22,2.51,0.0,2.3,6.1,1.6761080026626587,17,24,71.0,0,True,2019-03-22T00:00:00-06:00,2019-03-23T00:00:00-06:00,2019-03-22T06:00:00Z,µg/m³
logan,S305,3346,305,reference,2019-03-23,2.85,1.3,3.1500000000000004,4.2,1.5596091747283936,7,24,29.0,0,False,2019-03-23T00:00:00-06:00,2019-03-24T00:00:00-06:00,2019-03-23T06:00:00Z,µg/m³
logan,S305,3346,305,reference,2019-03-24,2.33,0.3,1.6,6.8,2.085209369659424,24,24,100.0,1,False,2019-03-24T00:00:00-06:00,2019-03-25T00:00:00-06:00,2019-03-24T06:00:00Z,µg/m³
logan,S305,3346,305,reference,2019-03-25,3.83,0.2,3.7,8.4,2.7890963554382324,24,24,100.0,1,True,2019-03-25T00:00:00-06:00,2019-03-26T00:00:00-06:00,2019-03-25T06:00:00Z,µg/m³
logan,S305,3346,305,reference,2019-03-26,5.64,2.3,5.2,8.8,1.6980594396591187,24,24,100.0,1,True,2019-03-26T00:00:00-06:00,2019-03-27T00:00:00-06:00,2019-03-26T06:00:00Z,µg/m³
logan,S305,3346,305,reference,2019-03-27,7.39,2.6,7.85,10.7,1.778263807296753,18,24,75.0,1,False,2019-03-27T00:00:00-06:00,2019-03-28T00:00:00-06:00,2019-03-27T06:00:00Z,µg/m³
logan,S305,3346,305,reference,2019-03-28,3.57,0.2,3.1500000000000004,9.9,3.144972324371338,24,24,100.0,1,False,2019-03-28T00:00:00-06:00,2019-03-29T00:00:00-06:00,2019-03-28T06:00:00Z,µg/m³
logan,S305,3346,305,reference,2019-03-29,1.63,0.3,1.65,3.0,1.4703593254089355,24,24,100.0,1,True,2019-03-29T00:00:00-06:00,2019-03-30T00:00:00-06:00,2019-03-29T06:00:00Z,µg/m³
logan,S305,3346,305,reference,2019-03-30,2.68,0.8,2.2,6.1,1.4321362972259521,24,24,100.0,1,True,2019-03-30T00:00:00-06:00,2019-03-31T00:00:00-06:00,2019-03-30T06:00:00Z,µg/m³
logan,S305,3346,305,reference,2019-03-31,2.44,0.6,2.2,5.6,1.7334256172180176,24,24,100.0,1,True,2019-03-31T00:00:00-06:00,2019-04-01T00:00:00-06:00,2019-03-31T06:00:00Z,µg/m³
logan,S305,3346,305,reference,2019-04-01,3.56,0.2,3.7,6.9,2.3222293853759766,22,24,92.0,1,True,2019-04-01T00:00:00-06:00,2019-04-02T00:00:00-06:00,2019-04-01T06:00:00Z,µg/m³
logan,S305,3346,305,reference,2019-04-02,2.45,0.3,2.3,5.1,1.8266098499298096,24,24,100.0,1,True,2019-04-02T00:00:00-06:00,2019-04-03T00:00:00-06:00,2019-04-02T06:00:00Z,µg/m³
logan,S305,3346,305,reference,2019-04-03,1.34,0.0,1.1,2.9,1.5212920904159546,24,24,100.0,1,True,2019-04-03T00:00:00-06:00,2019-04-04T00:00:00-06:00,2019-04-03T06:00:00Z,µg/m³
logan,S305,3346,305,reference,2019-04-04,2.34,0.6,2.25,4.1,2.030435085296631,10,24,42.0,0,True,2019-04-04T00:00:00-06:00,2019-04-05T00:00:00-06:00,2019-04-04T06:00:00Z,µg/m³
logan,S305,3346,305,reference,2019-04-05,2.03,0.5,2.0,5.3,1.4044147729873657,15,24,63.0,0,True,2019-04-05T00:00:00-06:00,2019-04-06T00:00:00-06:00,2019-04-05T06:00:00Z,µg/m³
logan,S305,3346,305,reference,2019-04-06,1.87,0.0,1.95,3.8,1.6219877004623413,22,24,92.0,1,False,2019-04-06T00:00:00-06:00,2019-04-07T00:00:00-06:00,2019-04-06T06:00:00Z,µg/m³
logan,S305,3346,305,reference,2019-04-07,2.05,0.1,1.9,5.7,1.590437889099121,24,24,100.0,1,True,2019-04-07T00:00:00-06:00,2019-04-08T00:00:00-06:00,2019-04-07T06:00:00Z,µg/m³
logan,S305,3346,305,reference,2019-04-08,2.98,0.1,2.5,7.9,2.6590585708618164,23,24,96.0,1,True,2019-04-08T00:00:00-06:00,2019-04-09T00:00:00-06:00,2019-04-08T06:00:00Z,µg/m³
logan,S305,3346,305,reference,2019-04-09,3.05,0.0,3.1,7.2,2.129707098007202,23,24,96.0,1,True,2019-04-09T00:00:00-06:00,2019-04-10T00:00:00-06:00,2019-04-09T06:00:00Z,µg/m³
logan,S305,3346,305,reference,2019-04-10,1.55,0.0,1.4,3.9,1.469983458518982,24,24,100.0,1,True,2019-04-10T00:00:00-06:00,2019-04-11T00:00:00-06:00,2019-04-10T06:00:00Z,µg/m³
logan,S305,3346,305,reference,2019-04-11,1.39,0.0,1.25,3.2,1.5343824625015259,24,24,100.0,1,True,2019-04-11T00:00:00-06:00,2019-04-12T00:00:00-06:00,2019-04-11T06:00:00Z,µg/m³
logan,S305,3346,305,reference,2019-04-12,1.66,0.0,1.75,4.6,1.695056438446045,19,24,79.0,1,True,2019-04-12T00:00:00-06:00,2019-04-13T00:00:00-06:00,2019-04-12T06:00:00Z,µg/m³
logan,S305,3346,305,reference,2019-04-13,3.64,0.6,3.7,5.9,1.943707823753357,5,24,21.0,0,True,2019-04-13T00:00:00-06:00,2019-04-14T00:00:00-06:00,2019-04-13T06:00:00Z,µg/m³
logan,S305,3346,305,reference,2019-04-14,1.92,0.4,1.8,4.0,1.7688068151474,24,24,100.0,1,True,2019-04-14T00:00:00-06:00,2019-04-15T00:00:00-06:00,2019-04-14T06:00:00Z,µg/m³
logan,S305,3346,305,reference,2019-04-15,2.18,0.0,2.0,5.7,2.057114839553833,24,24,100.0,1,True,2019-04-15T00:00:00-06:00,2019-04-16T00:00:00-06:00,2019-04-15T06:00:00Z,µg/m³
logan,S305,3346,305,reference,2019-04-16,2.27,0.5,2.35,3.5,2.0460879802703857,21,24,88.0,1,True,2019-04-16T00:00:00-06:00,2019-04-17T00:00:00-06:00,2019-04-16T06:00:00Z,µg/m³
logan,S305,3346,305,reference,2019-04-17,3.0,0.0,2.8,5.8,1.9946085214614868,22,24,92.0,1,True,2019-04-17T00:00:00-06:00,2019-04-18T00:00:00-06:00,2019-04-17T06:00:00Z,µg/m³
logan,S305,3346,305,reference,2019-04-18,4.24,0.4,3.4,12.4,4.007633209228516,22,24,92.0,1,True,2019-04-18T00:00:00-06:00,2019-04-19T00:00:00-06:00,2019-04-18T06:00:00Z,µg/m³
logan,S305,3346,305,reference,2019-04-19,4.54,0.7,3.5,9.7,3.653837203979492,19,24,79.0,1,True,2019-04-19T00:00:00-06:00,2019-04-20T00:00:00-06:00,2019-04-19T06:00:00Z,µg/m³
logan,S305,3346,305,reference,2019-04-20,3.78,0.0,4.0,8.8,2.6649723052978516,22,24,92.0,1,True,2019-04-20T00:00:00-06:00,2019-04-21T00:00:00-06:00,2019-04-20T06:00:00Z,µg/m³
logan,S305,3346,305,reference,2019-04-21,1.99,0.0,2.3,3.8,1.1879527568817139,24,24,100.0,1,True,2019-04-21T00:00:00-06:00,2019-04-22T00:00:00-06:00,2019-04-21T06:00:00Z,µg/m³
logan,S305,3346,305,reference,2019-04-22,7.8,0.5,7.3,18.2,6.571381568908691,20,24,83.0,1,True,2019-04-22T00:00:00-06:00,2019-04-23T00:00:00-06:00,2019-04-22T06:00:00Z,µg/m³
logan,S305,3346,305,reference,2019-04-23,10.1,3.3,10.8,18.9,6.45728063583374,21,24,88.0,1,True,2019-04-23T00:00:00-06:00,2019-04-24T00:00:00-06:00,2019-04-23T06:00:00Z,µg/m³
logan,S305,3346,305,reference,2019-04-24,7.01,1.0,6.35,20.9,5.8708109855651855,20,24,83.0,1,True,2019-04-24T00:00:00-06:00,2019-04-25T00:00:00-06:00,2019-04-24T06:00:00Z,µg/m³
logan,S305,3346,305,reference,2019-04-25,4.58,0.0,4.35,13.0,3.1751489639282227,21,24,88.0,1,True,2019-04-25T00:00:00-06:00,2019-04-26T00:00:00-06:00,2019-04-25T06:00:00Z,µg/m³
logan,S305,3346,305,reference,2019-04-26,6.41,1.6,6.0,12.5,3.761608362197876,22,24,92.0,1,True,2019-04-26T00:00:00-06:00,2019-04-27T00:00:00-06:00,2019-04-26T06:00:00Z,µg/m³
logan,S305,3346,305,reference,2019-04-27,3.94,0.3,3.55,9.0,3.1356046199798584,23,24,96.0,1,False,2019-04-27T00:00:00-06:00,2019-04-28T00:00:00-06:00,2019-04-27T06:00:00Z,µg/m³
logan,S305,3346,305,reference,2019-04-28,4.19,0.0,5.0,7.3,2.8539412021636963,23,24,96.0,1,True,2019-04-28T00:00:00-06:00,2019-04-29T00:00:00-06:00,2019-04-28T06:00:00Z,µg/m³
logan,S305,3346,305,reference,2019-04-29,3.76,0.5,2.2,15.1,4.080911636352539,24,24,100.0,1,True,2019-04-29T00:00:00-06:00,2019-04-30T00:00:00-06:00,2019-04-29T06:00:00Z,µg/m³
logan,S305,3346,305,reference,2019-04-30,2.58,0.7,2.1500000000000004,5.8,2.1979238986968994,23,24,96.0,1,True,2019-04-30T00:00:00-06:00,2019-05-01T00:00:00-06:00,2019-04-30T06:00:00Z,µg/m³
logan,S305,3346,305,reference,2019-05-01,3.39,0.2,3.3,7.8,2.6131739616394043,24,24,100.0,1,True,2019-05-01T00:00:00-06:00,2019-05-02T00:00:00-06:00,2019-05-01T06:00:00Z,µg/m³
logan,S305,3346,305,reference,2019-05-02,3.52,1.5,2.9,6.2,2.8493335247039795,22,24,92.0,1,True,2019-05-02T00:00:00-06:00,2019-05-03T00:00:00-06:00,2019-05-02T06:00:00Z,µg/m³
logan,S305,3346,305,reference,2019-05-03,4.24,1.0,4.4,8.6,3.3455898761749268,24,24,100.0,1,True,2019-05-03T00:00:00-06:00,2019-05-04T00:00:00-06:00,2019-05-03T06:00:00Z,µg/m³
logan,S305,3346,305,reference,2019-05-04,4.33,0.0,4.550000000000001,9.1,3.3085289001464844,23,24,96.0,1,True,2019-05-04T00:00:00-06:00,2019-05-05T00:00:00-06:00,2019-05-04T06:00:00Z,µg/m³
logan,S305,3346,305,reference,2019-05-05,5.89,2.0,5.5,10.2,3.510948419570923,23,24,96.0,1,True,2019-05-05T00:00:00-06:00,2019-05-06T00:00:00-06:00,2019-05-05T06:00:00Z,µg/m³
logan,S305,3346,305,reference,2019-05-06,7.16,0.2,6.3,14.1,4.987563610076904,19,24,79.0,1,True,2019-05-06T00:00:00-06:00,2019-05-07T00:00:00-06:00,2019-05-06T06:00:00Z,µg/m³
logan,S305,3346,305,reference,2019-05-07,4.98,2.2,5.15,7.9,2.1432769298553467,23,24,96.0,1,True,2019-05-07T00:00:00-06:00,2019-05-08T00:00:00-06:00,2019-05-07T06:00:00Z,µg/m³
logan,S305,3346,305,reference,2019-05-08,4.17,0.8,4.15,14.7,3.5543735027313232,21,24,88.0,1,True,2019-05-08T00:00:00-06:00,2019-05-09T00:00:00-06:00,2019-05-08T06:00:00Z,µg/m³
logan,S305,3346,305,reference,2019-05-09,3.17,0.0,2.95,8.3,2.8962700366973877,23,24,96.0,1,True,2019-05-09T00:00:00-06:00,2019-05-10T00:00:00-06:00,2019-05-09T06:00:00Z,µg/m³
logan,S305,3346,305,reference,2019-05-10,3.32,0.1,2.9,9.8,3.3545448780059814,24,24,100.0,1,True,2019-05-10T00:00:00-06:00,2019-05-11T00:00:00-06:00,2019-05-10T06:00:00Z,µg/m³
logan,S305,3346,305,reference,2019-05-11,6.51,1.7,6.1,15.0,3.1035044193267822,23,24,96.0,1,True,2019-05-11T00:00:00-06:00,2019-05-12T00:00:00-06:00,2019-05-11T06:00:00Z,µg/m³
logan,S305,3346,305,reference,2019-05-12,6.04,0.6,5.55,14.9,3.7388362884521484,17,24,71.0,0,True,2019-05-12T00:00:00-06:00,2019-05-13T00:00:00-06:00,2019-05-12T06:00:00Z,µg/m³
logan,S305,3346,305,reference,2019-05-13,4.45,4.2,4.45,4.7,4.596737861633301,3,24,13.0,0,True,2019-05-13T00:00:00-06:00,2019-05-14T00:00:00-06:00,2019-05-13T06:00:00Z,µg/m³
logan,S305,3346,305,reference,2019-05-14,6.05,1.8,5.25,13.4,4.1417083740234375,24,24,100.0,1,False,2019-05-14T00:00:00-06:00,2019-05-15T00:00:00-06:00,2019-05-14T06:00:00Z,µg/m³
logan,S305,3346,305,reference,2019-05-15,5.73,0.7,5.45,13.8,3.620058298110962,23,24,96.0,1,True,2019-05-15T00:00:00-06:00,2019-05-16T00:00:00-06:00,2019-05-15T06:00:00Z,µg/m³
logan,S305,3346,305,reference,2019-05-16,5.5,0.2,5.2,11.4,3.8906033039093018,24,24,100.0,1,True,2019-05-16T00:00:00-06:00,2019-05-17T00:00:00-06:00,2019-05-16T06:00:00Z,µg/m³
logan,S305,3346,305,reference,2019-05-17,2.0,0.0,1.8,5.1,1.830980658531189,23,24,96.0,1,True,2019-05-17T00:00:00-06:00,2019-05-18T00:00:00-06:00,2019-05-17T06:00:00Z,µg/m³
logan,S305,3346,305,reference,2019-05-18,3.02,0.7,2.8,5.9,2.3741443157196045,23,24,96.0,1,True,2019-05-18T00:00:00-06:00,2019-05-19T00:00:00-06:00,2019-05-18T06:00:00Z,µg/m³
logan,S305,3346,305,reference,2019-05-19,4.43,0.0,4.05,9.9,2.490023612976074,24,24,100.0,1,True,2019-05-19T00:00:00-06:00,2019-05-20T00:00:00-06:00,2019-05-19T06:00:00Z,µg/m³
logan,S305,3346,305,reference,2019-05-20,2.7,0.5,2.55,5.6,1.7238680124282837,24,24,100.0,1,True,2019-05-20T00:00:00-06:00,2019-05-21T00:00:00-06:00,2019-05-20T06:00:00Z,µg/m³
logan,S305,3346,305,reference,2019-05-21,1.75,0.0,1.5,4.5,2.10691499710083,23,24,96.0,1,True,2019-05-21T00:00:00-06:00,2019-05-22T00:00:00-06:00,2019-05-21T06:00:00Z,µg/m³
logan,S305,3346,305,reference,2019-05-22,2.33,0.0,1.8,8.3,2.53303861618042,23,24,96.0,1,True,2019-05-22T00:00:00-06:00,2019-05-23T00:00:00-06:00,2019-05-22T06:00:00Z,µg/m³
logan,S305,3346,305,reference,2019-05-23,2.49,0.0,1.9000000000000001,7.7,2.7357819080352783,22,24,92.0,1,True,2019-05-23T00:00:00-06:00,2019-05-24T00:00:00-06:00,2019-05-23T06:00:00Z,µg/m³
logan,S305,3346,305,reference,2019-05-24,2.01,0.0,2.15,5.1,1.5308091640472412,22,24,92.0,1,True,2019-05-24T00:00:00-06:00,2019-05-25T00:00:00-06:00,2019-05-24T06:00:00Z,µg/m³
logan,S305,3346,305,reference,2019-05-25,4.56,1.1,4.3,11.0,3.353475332260132,24,24,100.0,1,True,2019-05-25T00:00:00-06:00,2019-05-26T00:00:00-06:00,2019-05-25T06:00:00Z,µg/m³
logan,S305,3346,305,reference,2019-05-26,4.03,0.4,2.75,11.2,3.9822773933410645,24,24,100.0,1,True,2019-05-26T00:00:00-06:00,2019-05-27T00:00:00-06:00,2019-05-26T06:00:00Z,µg/m³
logan,S305,3346,305,reference,2019-05-27,2.93,0.3,2.5,8.2,2.4688162803649902,24,24,100.0,1,True,2019-05-27T00:00:00-06:00,2019-05-28T00:00:00-06:00,2019-05-27T06:00:00Z,µg/m³
logan,S305,3346,305,reference,2019-05-28,2.62,0.0,2.3,7.6,2.1774630546569824,19,24,79.0,1,True,2019-05-28T00:00:00-06:00,2019-05-29T00:00:00-06:00,2019-05-28T06:00:00Z,µg/m³
logan,S305,3346,305,reference,2019-05-29,2.86,0.4,3.0,5.1,2.0049774646759033,22,24,92.0,1,True,2019-05-29T00:00:00-06:00,2019-05-30T00:00:00-06:00,2019-05-29T06:00:00Z,µg/m³
logan,S305,3346,305,reference,2019-05-30,3.57,0.4,4.0,5.9,1.6907196044921875,24,24,100.0,1,True,2019-05-30T00:00:00-06:00,2019-05-31T00:00:00-06:00,2019-05-30T06:00:00Z,µg/m³
logan,S305,3346,305,reference,2019-05-31,2.21,0.0,1.9,5.1,1.8190689086914062,23,24,96.0,1,True,2019-05-31T00:00:00-06:00,2019-06-01T00:00:00-06:00,2019-05-31T06:00:00Z,µg/m³
logan,S305,3346,305,reference,2019-06-01,5.15,1.6,5.4,9.9,2.2194790840148926,24,24,100.0,1,True,2019-06-01T00:00:00-06:00,2019-06-02T00:00:00-06:00,2019-06-01T06:00:00Z,µg/m³
logan,S305,3346,305,reference,2019-06-02,4.65,1.3,4.55,9.4,1.7161582708358765,24,24,100.0,1,False,2019-06-02T00:00:00-06:00,2019-06-03T00:00:00-06:00,2019-06-02T06:00:00Z,µg/m³
logan,S305,3346,305,reference,2019-06-03,4.33,1.1,4.2,8.0,2.700603723526001,24,24,100.0,1,False,2019-06-03T00:00:00-06:00,2019-06-04T00:00:00-06:00,2019-06-03T06:00:00Z,µg/m³
logan,S305,3346,305,reference,2019-06-04,6.14,3.1,5.75,10.2,1.9080872535705566,24,24,100.0,1,True,2019-06-04T00:00:00-06:00,2019-06-05T00:00:00-06:00,2019-06-04T06:00:00Z,µg/m³
logan,S305,3346,305,reference,2019-06-05,5.3,1.7,5.1,12.4,3.361191511154175,24,24,100.0,1,False,2019-06-05T00:00:00-06:00,2019-06-06T00:00:00-06:00,2019-06-05T06:00:00Z,µg/m³
logan,S305,3346,305,reference,2019-06-06,3.85,0.0,4.0,8.4,2.212939500808716,24,24,100.0,1,False,2019-06-06T00:00:00-06:00,2019-06-07T00:00:00-06:00,2019-06-06T06:00:00Z,µg/m³
logan,S305,3346,305,reference,2019-06-07,5.65,0.8,5.1,16.7,3.4872381687164307,23,24,96.0,1,True,2019-06-07T00:00:00-06:00,2019-06-08T00:00:00-06:00,2019-06-07T06:00:00Z,µg/m³
logan,S305,3346,305,reference,2019-06-08,2.57,0.5,2.0,9.0,2.4670236110687256,23,24,96.0,1,True,2019-06-08T00:00:00-06:00,2019-06-09T00:00:00-06:00,2019-06-08T06:00:00Z,µg/m³
logan,S305,3346,305,reference,2019-06-09,2.65,0.2,2.7,6.9,1.431740641593933,23,24,96.0,1,True,2019-06-09T00:00:00-06:00,2019-06-10T00:00:00-06:00,2019-06-09T06:00:00Z,µg/m³
logan,S305,3346,305,reference,2019-06-10,3.03,0.7,2.6500000000000004,8.8,1.7238680124282837,24,24,100.0,1,True,2019-06-10T00:00:00-06:00,2019-06-11T00:00:00-06:00,2019-06-10T06:00:00Z,µg/m³
logan,S305,3346,305,reference,2019-06-11,3.53,0.7,3.3,7.7,2.347625494003296,19,24,79.0,1,False,2019-06-11T00:00:00-06:00,2019-06-12T00:00:00-06:00,2019-06-11T06:00:00Z,µg/m³
logan,S305,3346,305,reference,2019-06-12,4.26,1.9,4.4,6.0,1.6087262630462646,5,24,21.0,0,True,2019-06-12T00:00:00-06:00,2019-06-13T00:00:00-06:00,2019-06-12T06:00:00Z,µg/m³
logan,S305,3346,305,reference,2019-06-13,4.04,0.0,3.7,9.5,2.627267837524414,24,24,100.0,1,False,2019-06-13T00:00:00-06:00,2019-06-14T00:00:00-06:00,2019-06-13T06:00:00Z,µg/m³
logan,S305,3346,305,reference,2019-06-14,3.68,0.8,3.4,9.5,2.0489614009857178,24,24,100.0,1,False,2019-06-14T00:00:00-06:00,2019-06-15T00:00:00-06:00,2019-06-14T06:00:00Z,µg/m³
logan,S305,3346,305,reference,2019-06-15,5.71,0.5,5.95,10.1,2.7216224670410156,24,24,100.0,1,False,2019-06-15T00:00:00-06:00,2019-06-16T00:00:00-06:00,2019-06-15T06:00:00Z,µg/m³
logan,S305,3346,305,reference,2019-06-16,5.9,1.4,5.800000000000001,9.3,2.6073248386383057,23,24,96.0,1,False,2019-06-16T00:00:00-06:00,2019-06-17T00:00:00-06:00,2019-06-16T06:00:00Z,µg/m³
logan,S305,3346,305,reference,2019-06-17,4.37,0.9,4.25,7.9,2.6025755405426025,23,24,96.0,1,True,2019-06-17T00:00:00-06:00,2019-06-18T00:00:00-06:00,2019-06-17T06:00:00Z,µg/m³
logan,S305,3346,305,reference,2019-06-18,3.58,0.9,4.0,5.4,1.9448649883270264,4,24,17.0,0,True,2019-06-18T00:00:00-06:00,2019-06-19T00:00:00-06:00,2019-06-18T06:00:00Z,µg/m³
logan,S305,3346,305,reference,2019-06-19,2.0,2.0,2.0,2.0,,1,24,4.0,0,True,2019-06-19T00:00:00-06:00,2019-06-20T00:00:00-06:00,2019-06-19T06:00:00Z,µg/m³
logan,S305,3346,305,reference,2019-06-20,4.05,0.2,3.8,9.3,3.0808818340301514,16,24,67.0,0,False,2019-06-20T00:00:00-06:00,2019-06-21T00:00:00-06:00,2019-06-20T06:00:00Z,µg/m³
logan,S305,3346,305,reference,2019-06-21,3.33,0.8,3.6,6.2,1.6279933452606201,24,24,100.0,1,True,2019-06-21T00:00:00-06:00,2019-06-22T00:00:00-06:00,2019-06-21T06:00:00Z,µg/m³
logan,S305,3346,305,reference,2019-06-22,3.18,0.4,2.7,8.7,2.32416033744812,24,24,100.0,1,False,2019-06-22T00:00:00-06:00,2019-06-23T00:00:00-06:00,2019-06-22T06:00:00Z,µg/m³
logan,S305,3346,305,reference,2019-06-23,3.94,1.4,4.0,5.7,2.0006520748138428,23,24,96.0,1,True,2019-06-23T00:00:00-06:00,2019-06-24T00:00:00-06:00,2019-06-23T06:00:00Z,µg/m³
logan,S305,3346,305,reference,2019-06-24,4.25,0.2,3.6,9.9,3.282209634780884,22,24,92.0,1,False,2019-06-24T00:00:00-06:00,2019-06-25T00:00:00-06:00,2019-06-24T06:00:00Z,µg/m³
logan,S305,3346,305,reference,2019-06-25,6.16,0.1,5.800000000000001,16.6,4.797183513641357,24,24,100.0,1,True,2019-06-25T00:00:00-06:00,2019-06-26T00:00:00-06:00,2019-06-25T06:00:00Z,µg/m³
logan,S305,3346,305,reference,2019-06-26,4.03,0.2,3.9,9.3,2.686809778213501,19,24,79.0,1,True,2019-06-26T00:00:00-06:00,2019-06-27T00:00:00-06:00,2019-06-26T06:00:00Z,µg/m³
logan,S305,3346,305,reference,2019-06-27,5.44,0.1,3.9,14.5,4.43813419342041,23,24,96.0,1,False,2019-06-27T00:00:00-06:00,2019-06-28T00:00:00-06:00,2019-06-27T06:00:00Z,µg/m³
logan,S305,3346,305,reference,2019-06-28,5.4,0.6,5.15,11.6,3.705105781555176,24,24,100.0,1,True,2019-06-28T00:00:00-06:00,2019-06-29T00:00:00-06:00,2019-06-28T06:00:00Z,µg/m³
logan,S305,3346,305,reference,2019-06-29,6.28,0.4,5.85,14.4,4.223630905151367,24,24,100.0,1,True,2019-06-29T00:00:00-06:00,2019-06-30T00:00:00-06:00,2019-06-29T06:00:00Z,µg/m³
logan,S305,3346,305,reference,2019-06-30,5.83,0.2,5.0,13.9,3.4622786045074463,24,24,100.0,1,True,2019-06-30T00:00:00-06:00,2019-07-01T00:00:00-06:00,2019-06-30T06:00:00Z,µg/m³
logan,S305,3346,305,reference,2019-07-01,5.44,0.4,4.7,9.9,3.398073673248291,21,24,88.0,1,True,2019-07-01T00:00:00-06:00,2019-07-02T00:00:00-06:00,2019-07-01T06:00:00Z,µg/m³
logan,S305,3346,305,reference,2019-07-02,5.97,0.8,6.0,14.2,3.7170205116271973,18,24,75.0,1,True,2019-07-02T00:00:00-06:00,2019-07-03T00:00:00-06:00,2019-07-02T06:00:00Z,µg/m³
logan,S305,3346,305,reference,2019-07-03,6.13,1.1,5.55,13.9,3.694610357284546,24,24,100.0,1,True,2019-07-03T00:00:00-06:00,2019-07-04T00:00:00-06:00,2019-07-03T06:00:00Z,µg/m³
logan,S305,3346,305,reference,2019-07-04,4.6,0.7,5.0,9.3,3.282750368118286,24,24,100.0,1,True,2019-07-04T00:00:00-06:00,2019-07-05T00:00:00-06:00,2019-07-04T06:00:00Z,µg/m³
logan,S305,3346,305,reference,2019-07-05,5.54,0.1,5.4,10.8,3.16963791847229,20,24,83.0,1,True,2019-07-05T00:00:00-06:00,2019-07-06T00:00:00-06:00,2019-07-05T06:00:00Z,µg/m³
logan,S305,3346,305,reference,2019-07-06,7.39,2.7,7.7,12.0,4.215032577514648,16,24,67.0,0,True,2019-07-06T00:00:00-06:00,2019-07-07T00:00:00-06:00,2019-07-06T06:00:00Z,µg/m³
logan,S305,3346,305,reference,2019-07-07,5.02,0.8,5.0,14.2,2.9302024841308594,24,24,100.0,1,True,2019-07-07T00:00:00-06:00,2019-07-08T00:00:00-06:00,2019-07-07T06:00:00Z,µg/m³
logan,S305,3346,305,reference,2019-07-08,5.9,0.2,5.550000000000001,14.8,3.7058682441711426,24,24,100.0,1,True,2019-07-08T00:00:00-06:00,2019-07-09T00:00:00-06:00,2019-07-08T06:00:00Z,µg/m³
logan,S305,3346,305,reference,2019-07-09,6.09,0.2,5.2,17.5,5.451757431030273,23,24,96.0,1,True,2019-07-09T00:00:00-06:00,2019-07-10T00:00:00-06:00,2019-07-09T06:00:00Z,µg/m³
logan,S305,3346,305,reference,2019-07-10,6.27,0.7,6.0,20.1,4.522624492645264,24,24,100.0,1,True,2019-07-10T00:00:00-06:00,2019-07-11T00:00:00-06:00,2019-07-10T06:00:00Z,µg/m³
logan,S305,3346,305,reference,2019-07-11,5.64,0.2,5.65,11.6,3.795318841934204,19,24,79.0,1,True,2019-07-11T00:00:00-06:00,2019-07-12T00:00:00-06:00,2019-07-11T06:00:00Z,µg/m³
logan,S305,3346,305,reference,2019-07-12,12.7,6.8,12.3,20.3,5.44931173324585,5,24,21.0,0,True,2019-07-12T00:00:00-06:00,2019-07-13T00:00:00-06:00,2019-07-12T06:00:00Z,µg/m³
logan,S305,3346,305,reference,2019-07-13,5.1,0.2,5.4,11.2,3.622971773147583,24,24,100.0,1,False,2019-07-13T00:00:00-06:00,2019-07-14T00:00:00-06:00,2019-07-13T06:00:00Z,µg/m³
logan,S305,3346,305,reference,2019-07-14,5.84,2.2,5.05,11.8,3.905811309814453,24,24,100.0,1,True,2019-07-14T00:00:00-06:00,2019-07-15T00:00:00-06:00,2019-07-14T06:00:00Z,µg/m³
logan,S305,3346,305,reference,2019-07-15,6.88,0.1,6.35,14.5,5.027151584625244,23,24,96.0,1,True,2019-07-15T00:00:00-06:00,2019-07-16T00:00:00-06:00,2019-07-15T06:00:00Z,µg/m³
logan,S305,3346,305,reference,2019-07-16,8.65,0.0,7.4,33.4,8.082637786865234,22,24,92.0,1,True,2019-07-16T00:00:00-06:00,2019-07-17T00:00:00-06:00,2019-07-16T06:00:00Z,µg/m³
logan,S305,3346,305,reference,2019-07-17,5.43,0.7,5.3,9.2,3.487459182739258,23,24,96.0,1,True,2019-07-17T00:00:00-06:00,2019-07-18T00:00:00-06:00,2019-07-17T06:00:00Z,µg/m³
logan,S305,3346,305,reference,2019-07-18,5.83,0.7,5.65,13.9,3.8528904914855957,24,24,100.0,1,True,2019-07-18T00:00:00-06:00,2019-07-19T00:00:00-06:00,2019-07-18T06:00:00Z,µg/m³
logan,S305,3346,305,reference,2019-07-19,6.23,2.3,6.3,15.5,3.2360799312591553,23,24,96.0,1,True,2019-07-19T00:00:00-06:00,2019-07-20T00:00:00-06:00,2019-07-19T06:00:00Z,µg/m³
logan,S305,3346,305,reference,2019-07-20,6.52,0.3,6.0,13.5,3.964404582977295,24,24,100.0,1,True,2019-07-20T00:00:00-06:00,2019-07-21T00:00:00-06:00,2019-07-20T06:00:00Z,µg/m³
logan,S305,3346,305,reference,2019-07-21,8.03,2.9,7.65,20.0,4.9915266036987305,23,24,96.0,1,True,2019-07-21T00:00:00-06:00,2019-07-22T00:00:00-06:00,2019-07-21T06:00:00Z,µg/m³
logan,S305,3346,305,reference,2019-07-22,5.21,0.2,5.5,13.5,3.040022850036621,23,24,96.0,1,True,2019-07-22T00:00:00-06:00,2019-07-23T00:00:00-06:00,2019-07-22T06:00:00Z,µg/m³
logan,S305,3346,305,reference,2019-07-23,7.45,3.0,7.0,27.4,5.113073348999023,23,24,96.0,1,True,2019-07-23T00:00:00-06:00,2019-07-24T00:00:00-06:00,2019-07-23T06:00:00Z,µg/m³
logan,S305,3346,305,reference,2019-07-24,8.03,3.1,7.3,16.6,3.7883665561676025,24,24,100.0,1,False,2019-07-24T00:00:00-06:00,2019-07-25T00:00:00-06:00,2019-07-24T06:00:00Z,µg/m³
logan,S305,3346,305,reference,2019-07-25,5.65,0.6,5.5,13.0,3.08305025100708,24,24,100.0,1,False,2019-07-25T00:00:00-06:00,2019-07-26T00:00:00-06:00,2019-07-25T06:00:00Z,µg/m³
logan,S305,3346,305,reference,2019-07-26,6.5,2.3,5.6,17.4,3.3358397483825684,24,24,100.0,1,False,2019-07-26T00:00:00-06:00,2019-07-27T00:00:00-06:00,2019-07-26T06:00:00Z,µg/m³
logan,S305,3346,305,reference,2019-07-27,8.93,4.5,8.3,14.4,2.884026527404785,24,24,100.0,1,True,2019-07-27T00:00:00-06:00,2019-07-28T00:00:00-06:00,2019-07-27T06:00:00Z,µg/m³
logan,S305,3346,305,reference,2019-07-28,8.98,0.8,10.7,14.3,4.598268985748291,20,24,83.0,1,False,2019-07-28T00:00:00-06:00,2019-07-29T00:00:00-06:00,2019-07-28T06:00:00Z,µg/m³
logan,S305,3346,305,reference,2019-07-29,6.85,0.8,6.7,15.6,4.85630464553833,24,24,100.0,1,False,2019-07-29T00:00:00-06:00,2019-07-30T00:00:00-06:00,2019-07-29T06:00:00Z,µg/m³
logan,S305,3346,305,reference,2019-07-30,5.23,0.0,5.3,10.5,4.004743576049805,24,24,100.0,1,True,2019-07-30T00:00:00-06:00,2019-07-31T00:00:00-06:00,2019-07-30T06:00:00Z,µg/m³
logan,S305,3346,305,reference,2019-07-31,5.89,0.9,5.5,11.4,3.450368642807007,22,24,92.0,1,True,2019-07-31T00:00:00-06:00,2019-08-01T00:00:00-06:00,2019-07-31T06:00:00Z,µg/m³
logan,S305,3346,305,reference,2019-08-01,5.4,0.0,5.85,12.1,3.045092821121216,24,24,100.0,1,True,2019-08-01T00:00:00-06:00,2019-08-02T00:00:00-06:00,2019-08-01T06:00:00Z,µg/m³
logan,S305,3346,305,reference,2019-08-02,4.87,0.5,5.8,10.6,3.1945576667785645,24,24,100.0,1,False,2019-08-02T00:00:00-06:00,2019-08-03T00:00:00-06:00,2019-08-02T06:00:00Z,µg/m³
logan,S305,3346,305,reference,2019-08-03,4.96,0.4,5.7,9.6,3.215313673019409,24,24,100.0,1,False,2019-08-03T00:00:00-06:00,2019-08-04T00:00:00-06:00,2019-08-03T06:00:00Z,µg/m³
logan,S305,3346,305,reference,2019-08-04,5.63,0.7,5.4,16.6,4.160162925720215,23,24,96.0,1,True,2019-08-04T00:00:00-06:00,2019-08-05T00:00:00-06:00,2019-08-04T06:00:00Z,µg/m³
logan,S305,3346,305,reference,2019-08-05,3.99,0.3,3.25,12.1,3.422302722930908,24,24,100.0,1,True,2019-08-05T00:00:00-06:00,2019-08-06T00:00:00-06:00,2019-08-05T06:00:00Z,µg/m³
logan,S305,3346,305,reference,2019-08-06,6.48,1.1,6.699999999999999,12.5,3.4672694206237793,24,24,100.0,1,True,2019-08-06T00:00:00-06:00,2019-08-07T00:00:00-06:00,2019-08-06T06:00:00Z,µg/m³
logan,S305,3346,305,reference,2019-08-07,10.7,5.3,9.05,20.6,4.590246200561523,24,24,100.0,1,True,2019-08-07T00:00:00-06:00,2019-08-08T00:00:00-06:00,2019-08-07T06:00:00Z,µg/m³
logan,S305,3346,305,reference,2019-08-08,12.8,4.4,13.5,18.7,4.323174476623535,24,24,100.0,1,False,2019-08-08T00:00:00-06:00,2019-08-09T00:00:00-06:00,2019-08-08T06:00:00Z,µg/m³
logan,S305,3346,305,reference,2019-08-09,9.5,1.7,8.850000000000001,15.9,5.275864124298096,22,24,92.0,1,False,2019-08-09T00:00:00-06:00,2019-08-10T00:00:00-06:00,2019-08-09T06:00:00Z,µg/m³
logan,S305,3346,305,reference,2019-08-10,4.41,0.5,4.7,8.2,3.141291618347168,18,24,75.0,1,False,2019-08-10T00:00:00-06:00,2019-08-11T00:00:00-06:00,2019-08-10T06:00:00Z,µg/m³
logan,S305,3346,305,reference,2019-08-11,7.28,0.2,3.7,25.8,10.629534721374512,5,24,21.0,0,True,2019-08-11T00:00:00-06:00,2019-08-12T00:00:00-06:00,2019-08-11T06:00:00Z,µg/m³
logan,S305,3346,305,reference,2019-08-12,4.75,0.2,5.55,8.8,2.800307273864746,24,24,100.0,1,True,2019-08-12T00:00:00-06:00,2019-08-13T00:00:00-06:00,2019-08-12T06:00:00Z,µg/m³
logan,S305,3346,305,reference,2019-08-13,5.35,0.1,4.8,15.2,4.6005539894104,23,24,96.0,1,True,2019-08-13T00:00:00-06:00,2019-08-14T00:00:00-06:00,2019-08-13T06:00:00Z,µg/m³
logan,S305,3346,305,reference,2019-08-14,5.84,0.0,5.0,19.7,4.961838722229004,23,24,96.0,1,True,2019-08-14T00:00:00-06:00,2019-08-15T00:00:00-06:00,2019-08-14T06:00:00Z,µg/m³
logan,S305,3346,305,reference,2019-08-15,7.51,2.6,7.199999999999999,16.9,4.69576358795166,23,24,96.0,1,True,2019-08-15T00:00:00-06:00,2019-08-16T00:00:00-06:00,2019-08-15T06:00:00Z,µg/m³
logan,S305,3346,305,reference,2019-08-16,5.72,0.1,6.3,11.1,4.426979064941406,23,24,96.0,1,False,2019-08-16T00:00:00-06:00,2019-08-17T00:00:00-06:00,2019-08-16T06:00:00Z,µg/m³
logan,S305,3346,305,reference,2019-08-17,5.73,0.8,5.2,13.8,3.6431267261505127,23,24,96.0,1,True,2019-08-17T00:00:00-06:00,2019-08-18T00:00:00-06:00,2019-08-17T06:00:00Z,µg/m³
logan,S305,3346,305,reference,2019-08-18,5.43,0.5,6.05,16.0,4.084173679351807,21,24,88.0,1,False,2019-08-18T00:00:00-06:00,2019-08-19T00:00:00-06:00,2019-08-18T06:00:00Z,µg/m³
logan,S305,3346,305,reference,2019-08-19,6.1,0.7,5.8,20.0,4.654726028442383,21,24,88.0,1,True,2019-08-19T00:00:00-06:00,2019-08-20T00:00:00-06:00,2019-08-19T06:00:00Z,µg/m³
logan,S305,3346,305,reference,2019-08-20,5.44,0.6,4.5,15.7,4.752191066741943,23,24,96.0,1,True,2019-08-20T00:00:00-06:00,2019-08-21T00:00:00-06:00,2019-08-20T06:00:00Z,µg/m³
logan,S305,3346,305,reference,2019-08-21,6.93,1.8,6.300000000000001,15.1,3.846557855606079,23,24,96.0,1,True,2019-08-21T00:00:00-06:00,2019-08-22T00:00:00-06:00,2019-08-21T06:00:00Z,µg/m³
logan,S305,3346,305,reference,2019-08-22,7.65,1.0,5.8,22.9,6.123711109161377,24,24,100.0,1,True,2019-08-22T00:00:00-06:00,2019-08-23T00:00:00-06:00,2019-08-22T06:00:00Z,µg/m³
logan,S305,3346,305,reference,2019-08-23,4.91,0.4,4.7,15.6,3.5323736667633057,24,24,100.0,1,True,2019-08-23T00:00:00-06:00,2019-08-24T00:00:00-06:00,2019-08-23T06:00:00Z,µg/m³
logan,S305,3346,305,reference,2019-08-24,4.49,0.9,4.4,11.1,3.1641268730163574,23,24,96.0,1,False,2019-08-24T00:00:00-06:00,2019-08-25T00:00:00-06:00,2019-08-24T06:00:00Z,µg/m³
logan,S305,3346,305,reference,2019-08-25,5.44,0.5,5.4,10.6,3.563683032989502,24,24,100.0,1,True,2019-08-25T00:00:00-06:00,2019-08-26T00:00:00-06:00,2019-08-25T06:00:00Z,µg/m³
logan,S305,3346,305,reference,2019-08-26,3.56,0.2,2.25,12.2,3.6415114402770996,22,24,92.0,1,True,2019-08-26T00:00:00-06:00,2019-08-27T00:00:00-06:00,2019-08-26T06:00:00Z,µg/m³
logan,S305,3346,305,reference,2019-08-27,3.42,0.7,3.4,9.0,1.822007179260254,24,24,100.0,1,True,2019-08-27T00:00:00-06:00,2019-08-28T00:00:00-06:00,2019-08-27T06:00:00Z,µg/m³
logan,S305,3346,305,reference,2019-08-28,4.75,1.7,5.0,7.1,1.6544994115829468,20,24,83.0,1,False,2019-08-28T00:00:00-06:00,2019-08-29T00:00:00-06:00,2019-08-28T06:00:00Z,µg/m³
logan,S305,3346,305,reference,2019-08-29,4.98,0.6,4.35,9.0,2.2317821979522705,24,24,100.0,1,False,2019-08-29T00:00:00-06:00,2019-08-30T00:00:00-06:00,2019-08-29T06:00:00Z,µg/m³
logan,S305,3346,305,reference,2019-08-30,7.04,2.2,6.85,13.9,3.1833693981170654,24,24,100.0,1,False,2019-08-30T00:00:00-06:00,2019-08-31T00:00:00-06:00,2019-08-30T06:00:00Z,µg/m³
logan,S305,3346,305,reference,2019-08-31,7.12,0.9,7.9,13.8,5.1648478507995605,24,24,100.0,1,False,2019-08-31T00:00:00-06:00,2019-09-01T00:00:00-06:00,2019-08-31T06:00:00Z,µg/m³
logan,S305,3346,305,reference,2019-09-01,3.07,0.7,2.9000000000000004,8.4,2.659069776535034,24,24,100.0,1,True,2019-09-01T00:00:00-06:00,2019-09-02T00:00:00-06:00,2019-09-01T06:00:00Z,µg/m³
logan,S305,3346,305,reference,2019-09-02,4.68,0.9,4.85,9.9,2.7542030811309814,24,24,100.0,1,True,2019-09-02T00:00:00-06:00,2019-09-03T00:00:00-06:00,2019-09-02T06:00:00Z,µg/m³
logan,S305,3346,305,reference,2019-09-03,5.16,0.2,4.85,9.9,2.620474100112915,24,24,100.0,1,True,2019-09-03T00:00:00-06:00,2019-09-04T00:00:00-06:00,2019-09-03T06:00:00Z,µg/m³
logan,S305,3346,305,reference,2019-09-04,6.96,2.3,6.3,14.5,3.7169315814971924,24,24,100.0,1,True,2019-09-04T00:00:00-06:00,2019-09-05T00:00:00-06:00,2019-09-04T06:00:00Z,µg/m³
logan,S305,3346,305,reference,2019-09-05,10.7,2.8,10.350000000000001,18.9,4.19994592666626,24,24,100.0,1,False,2019-09-05T00:00:00-06:00,2019-09-06T00:00:00-06:00,2019-09-05T06:00:00Z,µg/m³
logan,S305,3346,305,reference,2019-09-06,14.2,4.1,15.149999999999999,19.6,3.9710099697113037,20,24,83.0,1,False,2019-09-06T00:00:00-06:00,2019-09-07T00:00:00-06:00,2019-09-06T06:00:00Z,µg/m³
logan,S305,3346,305,reference,2019-09-07,10.7,0.4,10.5,23.2,6.416996002197266,19,24,79.0,1,False,2019-09-07T00:00:00-06:00,2019-09-08T00:00:00-06:00,2019-09-07T06:00:00Z,µg/m³
logan,S305,3346,305,reference,2019-09-08,15.0,1.4,16.2,29.2,7.304541110992432,17,24,71.0,0,True,2019-09-08T00:00:00-06:00,2019-09-09T00:00:00-06:00,2019-09-08T06:00:00Z,µg/m³
logan,S305,3346,305,reference,2019-09-09,9.3,0.9,9.55,15.7,6.569377899169922,19,24,79.0,1,False,2019-09-09T00:00:00-06:00,2019-09-10T00:00:00-06:00,2019-09-09T06:00:00Z,µg/m³
logan,S305,3346,305,reference,2019-09-10,10.9,6.1,11.1,16.9,4.5455474853515625,5,24,21.0,0,True,2019-09-10T00:00:00-06:00,2019-09-11T00:00:00-06:00,2019-09-10T06:00:00Z,µg/m³
logan,S305,3346,305,reference,2019-09-11,6.25,1.0,3.9,13.5,5.3635454177856445,21,24,88.0,1,True,2019-09-11T00:00:00-06:00,2019-09-12T00:00:00-06:00,2019-09-11T06:00:00Z,µg/m³
logan,S305,3346,305,reference,2019-09-12,4.17,0.2,2.9,10.1,4.323248386383057,22,24,92.0,1,True,2019-09-12T00:00:00-06:00,2019-09-13T00:00:00-06:00,2019-09-12T06:00:00Z,µg/m³
logan,S305,3346,305,reference,2019-09-13,4.19,0.4,4.5,8.2,3.704847574234009,20,24,83.0,1,True,2019-09-13T00:00:00-06:00,2019-09-14T00:00:00-06:00,2019-09-13T06:00:00Z,µg/m³
logan,S305,3346,305,reference,2019-09-14,3.14,0.0,2.25,12.3,3.1589276790618896,18,24,75.0,1,True,2019-09-14T00:00:00-06:00,2019-09-15T00:00:00-06:00,2019-09-14T06:00:00Z,µg/m³
logan,S305,3346,305,reference,2019-09-15,3.77,0.7,3.3,8.3,2.8879306316375732,21,24,88.0,1,True,2019-09-15T00:00:00-06:00,2019-09-16T00:00:00-06:00,2019-09-15T06:00:00Z,µg/m³
logan,S305,3346,305,reference,2019-09-16,5.79,0.9,5.2,12.8,3.659224033355713,23,24,96.0,1,True,2019-09-16T00:00:00-06:00,2019-09-17T00:00:00-06:00,2019-09-16T06:00:00Z,µg/m³
logan,S305,3346,305,reference,2019-09-17,2.73,0.0,2.6,6.7,2.6910552978515625,23,24,96.0,1,True,2019-09-17T00:00:00-06:00,2019-09-18T00:00:00-06:00,2019-09-17T06:00:00Z,µg/m³
logan,S305,3346,305,reference,2019-09-18,4.02,0.2,3.5,15.3,4.066239833831787,23,24,96.0,1,True,2019-09-18T00:00:00-06:00,2019-09-19T00:00:00-06:00,2019-09-18T06:00:00Z,µg/m³
logan,S305,3346,305,reference,2019-09-19,3.47,0.0,2.95,10.3,3.0729920864105225,23,24,96.0,1,True,2019-09-19T00:00:00-06:00,2019-09-20T00:00:00-06:00,2019-09-19T06:00:00Z,µg/m³
logan,S305,3346,305,reference,2019-09-20,2.27,0.4,2.0,4.5,1.3758528232574463,24,24,100.0,1,True,2019-09-20T00:00:00-06:00,2019-09-21T00:00:00-06:00,2019-09-20T06:00:00Z,µg/m³
logan,S305,3346,305,reference,2019-09-21,2.9,0.0,2.6500000000000004,6.0,2.4450483322143555,24,24,100.0,1,True,2019-09-21T00:00:00-06:00,2019-09-22T00:00:00-06:00,2019-09-21T06:00:00Z,µg/m³
logan,S305,3346,305,reference,2019-09-22,4.21,0.4,3.8,8.5,2.7468955516815186,24,24,100.0,1,True,2019-09-22T00:00:00-06:00,2019-09-23T00:00:00-06:00,2019-09-22T06:00:00Z,µg/m³
logan,S305,3346,305,reference,2019-09-23,4.43,0.0,4.2,12.1,3.6697728633880615,23,24,96.0,1,True,2019-09-23T00:00:00-06:00,2019-09-24T00:00:00-06:00,2019-09-23T06:00:00Z,µg/m³
logan,S305,3346,305,reference,2019-09-24,4.81,0.0,4.85,10.3,2.813631296157837,24,24,100.0,1,True,2019-09-24T00:00:00-06:00,2019-09-25T00:00:00-06:00,2019-09-24T06:00:00Z,µg/m³
logan,S305,3346,305,reference,2019-09-25,3.25,0.0,2.2,11.9,3.472825765609741,22,24,92.0,1,True,2019-09-25T00:00:00-06:00,2019-09-26T00:00:00-06:00,2019-09-25T06:00:00Z,µg/m³
logan,S305,3346,305,reference,2019-09-26,2.45,0.2,2.4,5.3,1.718252420425415,24,24,100.0,1,True,2019-09-26T00:00:00-06:00,2019-09-27T00:00:00-06:00,2019-09-26T06:00:00Z,µg/m³
logan,S305,3346,305,reference,2019-09-27,4.67,0.4,4.5,11.1,3.3876051902770996,24,24,100.0,1,True,2019-09-27T00:00:00-06:00,2019-09-28T00:00:00-06:00,2019-09-27T06:00:00Z,µg/m³
logan,S305,3346,305,reference,2019-09-28,6.58,0.2,6.7,11.9,4.550438404083252,19,24,79.0,1,True,2019-09-28T00:00:00-06:00,2019-09-29T00:00:00-06:00,2019-09-28T06:00:00Z,µg/m³
logan,S305,3346,305,reference,2019-09-29,1.41,0.2,1.3,3.1,1.9627240896224976,21,24,88.0,1,True,2019-09-29T00:00:00-06:00,2019-09-30T00:00:00-06:00,2019-09-29T06:00:00Z,µg/m³
logan,S305,3346,305,reference,2019-09-30,2.57,0.2,2.4,5.3,1.987333059310913,24,24,100.0,1,True,2019-09-30T00:00:00-06:00,2019-10-01T00:00:00-06:00,2019-09-30T06:00:00Z,µg/m³
logan,S305,3346,305,reference,2019-10-01,2.91,0.0,3.1,5.0,1.9374269247055054,24,24,100.0,1,True,2019-10-01T00:00:00-06:00,2019-10-02T00:00:00-06:00,2019-10-01T06:00:00Z,µg/m³
logan,S305,3346,305,reference,2019-10-02,2.62,0.0,2.6,4.8,1.5458159446716309,24,24,100.0,1,True,2019-10-02T00:00:00-06:00,2019-10-03T00:00:00-06:00,2019-10-02T06:00:00Z,µg/m³
logan,S305,3346,305,reference,2019-10-03,4.27,0.7,4.4,10.7,2.5550425052642822,24,24,100.0,1,True,2019-10-03T00:00:00-06:00,2019-10-04T00:00:00-06:00,2019-10-03T06:00:00Z,µg/m³
logan,S305,3346,305,reference,2019-10-04,3.61,1.4,3.4,7.9,2.0350968837738037,21,24,88.0,1,True,2019-10-04T00:00:00-06:00,2019-10-05T00:00:00-06:00,2019-10-04T06:00:00Z,µg/m³
logan,S305,3346,305,reference,2019-10-05,2.5,0.3,2.5,5.0,2.001516580581665,24,24,100.0,1,True,2019-10-05T00:00:00-06:00,2019-10-06T00:00:00-06:00,2019-10-05T06:00:00Z,µg/m³
logan,S305,3346,305,reference,2019-10-06,2.78,0.0,2.3,6.1,1.6371369361877441,24,24,100.0,1,True,2019-10-06T00:00:00-06:00,2019-10-07T00:00:00-06:00,2019-10-06T06:00:00Z,µg/m³
logan,S305,3346,305,reference,2019-10-07,3.0,0.1,2.8,5.9,1.8402454853057861,24,24,100.0,1,False,2019-10-07T00:00:00-06:00,2019-10-08T00:00:00-06:00,2019-10-07T06:00:00Z,µg/m³
logan,S305,3346,305,reference,2019-10-08,7.02,1.0,4.2,35.6,7.815581798553467,24,24,100.0,1,True,2019-10-08T00:00:00-06:00,2019-10-09T00:00:00-06:00,2019-10-08T06:00:00Z,µg/m³
logan,S305,3346,305,reference,2019-10-09,1.92,1.0,1.7,2.9,1.3313080072402954,7,24,29.0,0,True,2019-10-09T00:00:00-06:00,2019-10-10T00:00:00-06:00,2019-10-09T06:00:00Z,µg/m³
logan,S305,3346,305,reference,2019-10-15,3.99,0.2,3.3,7.7,2.361830234527588,14,24,58.0,0,False,2019-10-15T00:00:00-06:00,2019-10-16T00:00:00-06:00,2019-10-15T06:00:00Z,µg/m³
logan,S305,3346,305,reference,2019-10-16,6.53,3.4,6.55,9.4,1.5380617380142212,24,24,100.0,1,False,2019-10-16T00:00:00-06:00,2019-10-17T00:00:00-06:00,2019-10-16T06:00:00Z,µg/m³
logan,S305,3346,305,reference,2019-10-17,6.43,1.3,6.7,10.5,2.4635164737701416,24,24,100.0,1,False,2019-10-17T00:00:00-06:00,2019-10-18T00:00:00-06:00,2019-10-17T06:00:00Z,µg/m³
logan,S305,3346,305,reference,2019-10-18,2.52,0.0,1.2999999999999998,9.3,2.8510072231292725,24,24,100.0,1,False,2019-10-18T00:00:00-06:00,2019-10-19T00:00:00-06:00,2019-10-18T06:00:00Z,µg/m³
logan,S305,3346,305,reference,2019-10-19,3.02,0.0,2.6,12.8,3.1133041381835938,22,24,92.0,1,True,2019-10-19T00:00:00-06:00,2019-10-20T00:00:00-06:00,2019-10-19T06:00:00Z,µg/m³
logan,S305,3346,305,reference,2019-10-20,0.985,0.1,0.9,2.8,1.5337684154510498,24,24,100.0,1,False,2019-10-20T00:00:00-06:00,2019-10-21T00:00:00-06:00,2019-10-20T06:00:00Z,µg/m³
logan,S305,3346,305,reference,2019-10-21,1.49,0.1,1.2,3.9,1.345840334892273,24,24,100.0,1,True,2019-10-21T00:00:00-06:00,2019-10-22T00:00:00-06:00,2019-10-21T06:00:00Z,µg/m³
logan,S305,3346,305,reference,2019-10-22,2.43,0.4,2.2,8.3,2.121245861053467,23,24,96.0,1,True,2019-10-22T00:00:00-06:00,2019-10-23T00:00:00-06:00,2019-10-22T06:00:00Z,µg/m³
logan,S305,3346,305,reference,2019-10-23,2.04,0.0,1.9,5.6,1.602234125137329,23,24,96.0,1,True,2019-10-23T00:00:00-06:00,2019-10-24T00:00:00-06:00,2019-10-23T06:00:00Z,µg/m³
logan,S305,3346,305,reference,2019-10-24,2.51,0.4,2.3499999999999996,5.7,1.2581257820129395,24,24,100.0,1,True,2019-10-24T00:00:00-06:00,2019-10-25T00:00:00-06:00,2019-10-24T06:00:00Z,µg/m³
logan,S305,3346,305,reference,2019-10-25,4.24,1.9,3.55,9.7,2.091165065765381,24,24,100.0,1,True,2019-10-25T00:00:00-06:00,2019-10-26T00:00:00-06:00,2019-10-25T06:00:00Z,µg/m³
logan,S305,3346,305,reference,2019-10-26,3.91,0.1,4.3,6.6,2.53239107131958,23,24,96.0,1,False,2019-10-26T00:00:00-06:00,2019-10-27T00:00:00-06:00,2019-10-26T06:00:00Z,µg/m³
logan,S305,3346,305,reference,2019-10-27,1.27,0.0,1.2,3.4,1.162549614906311,24,24,100.0,1,True,2019-10-27T00:00:00-06:00,2019-10-28T00:00:00-06:00,2019-10-27T06:00:00Z,µg/m³
logan,S305,3346,305,reference,2019-10-28,3.51,0.4,3.6,6.9,2.2642784118652344,24,24,100.0,1,True,2019-10-28T00:00:00-06:00,2019-10-29T00:00:00-06:00,2019-10-28T06:00:00Z,µg/m³
logan,S305,3346,305,reference,2019-10-29,2.64,0.2,2.75,5.4,1.3558976650238037,23,24,96.0,1,True,2019-10-29T00:00:00-06:00,2019-10-30T00:00:00-06:00,2019-10-29T06:00:00Z,µg/m³
logan,S305,3346,305,reference,2019-10-30,4.23,0.5,3.65,15.2,3.363633632659912,23,24,96.0,1,True,2019-10-30T00:00:00-06:00,2019-10-31T00:00:00-06:00,2019-10-30T06:00:00Z,µg/m³
logan,S305,3346,305,reference,2019-10-31,5.4,1.2,5.3,9.6,2.410205602645874,23,24,96.0,1,True,2019-10-31T00:00:00-06:00,2019-11-01T00:00:00-06:00,2019-10-31T06:00:00Z,µg/m³
logan,S305,3346,305,reference,2019-11-01,5.58,1.3,5.85,7.7,1.3243470191955566,24,24,100.0,1,False,2019-11-01T00:00:00-06:00,2019-11-02T00:00:00-06:00,2019-11-01T06:00:00Z,µg/m³
logan,S305,3346,305,reference,2019-11-02,5.58,0.3,5.25,10.3,2.3267195224761963,24,24,100.0,1,False,2019-11-02T00:00:00-06:00,2019-11-03T00:00:00-06:00,2019-11-02T06:00:00Z,µg/m³
logan,S305,3346,305,reference,2019-11-03,8.79,6.1,8.65,13.5,1.9523258209228516,24,24,100.0,1,False,2019-11-03T00:00:00-06:00,2019-11-04T00:00:00-07:00,2019-11-03T06:00:00Z,µg/m³
logan,S305,3346,305,reference,2019-11-04,6.58,0.3,6.75,12.9,3.634852886199951,24,24,100.0,1,False,2019-11-04T00:00:00-07:00,2019-11-05T00:00:00-07:00,2019-11-04T07:00:00Z,µg/m³
logan,S305,3346,305,reference,2019-11-05,6.16,1.9,5.4,11.5,2.749967098236084,24,24,100.0,1,False,2019-11-05T00:00:00-07:00,2019-11-06T00:00:00-07:00,2019-11-05T07:00:00Z,µg/m³
logan,S305,3346,305,reference,2019-11-06,5.37,0.9,6.05,9.0,2.1848249435424805,24,24,100.0,1,True,2019-11-06T00:00:00-07:00,2019-11-07T00:00:00-07:00,2019-11-06T07:00:00Z,µg/m³
logan,S305,3346,305,reference,2019-11-07,5.77,1.4,5.55,10.7,2.669062614440918,24,24,100.0,1,True,2019-11-07T00:00:00-07:00,2019-11-08T00:00:00-07:00,2019-11-07T07:00:00Z,µg/m³
logan,S305,3346,305,reference,2019-11-08,7.49,2.3,7.75,11.0,2.2779994010925293,18,24,75.0,1,False,2019-11-08T00:00:00-07:00,2019-11-09T00:00:00-07:00,2019-11-08T07:00:00Z,µg/m³
logan,S305,3346,305,reference,2019-11-09,11.7,11.0,11.55,12.9,0.7250287532806396,6,24,25.0,0,False,2019-11-09T00:00:00-07:00,2019-11-10T00:00:00-07:00,2019-11-09T07:00:00Z,µg/m³
logan,S305,3346,305,reference,2019-11-10,10.4,3.7,10.5,16.1,3.1657016277313232,24,24,100.0,1,False,2019-11-10T00:00:00-07:00,2019-11-11T00:00:00-07:00,2019-11-10T07:00:00Z,µg/m³
logan,S305,3346,305,reference,2019-11-11,3.27,0.4,3.3,7.4,1.7150177955627441,24,24,100.0,1,False,2019-11-11T00:00:00-07:00,2019-11-12T00:00:00-07:00,2019-11-11T07:00:00Z,µg/m³
logan,S305,3346,305,reference,2019-11-12,5.17,0.8,5.15,8.9,2.610407829284668,23,24,96.0,1,False,2019-11-12T00:00:00-07:00,2019-11-13T00:00:00-07:00,2019-11-12T07:00:00Z,µg/m³
logan,S305,3346,305,reference,2019-11-13,7.52,0.0,7.5,11.2,2.914254665374756,24,24,100.0,1,True,2019-11-13T00:00:00-07:00,2019-11-14T00:00:00-07:00,2019-11-13T07:00:00Z,µg/m³
logan,S305,3346,305,reference,2019-11-14,6.17,2.9,6.15,10.0,1.9495075941085815,24,24,100.0,1,True,2019-11-14T00:00:00-07:00,2019-11-15T00:00:00-07:00,2019-11-14T07:00:00Z,µg/m³
logan,S305,3346,305,reference,2019-11-15,6.13,0.0,6.7,9.1,2.3597469329833984,24,24,100.0,1,False,2019-11-15T00:00:00-07:00,2019-11-16T00:00:00-07:00,2019-11-15T07:00:00Z,µg/m³
logan,S305,3346,305,reference,2019-11-16,4.74,1.6,4.3,10.5,2.4604005813598633,21,24,88.0,1,True,2019-11-16T00:00:00-07:00,2019-11-17T00:00:00-07:00,2019-11-16T07:00:00Z,µg/m³
logan,S305,3346,305,reference,2019-11-17,5.2,2.2,4.65,10.2,2.194657564163208,24,24,100.0,1,False,2019-11-17T00:00:00-07:00,2019-11-18T00:00:00-07:00,2019-11-17T07:00:00Z,µg/m³
logan,S305,3346,305,reference,2019-11-18,8.15,1.8,8.25,13.9,3.115037679672241,24,24,100.0,1,False,2019-11-18T00:00:00-07:00,2019-11-19T00:00:00-07:00,2019-11-18T07:00:00Z,µg/m³
logan,S305,3346,305,reference,2019-11-19,11.0,4.1,10.15,23.6,4.5299787521362305,24,24,100.0,1,False,2019-11-19T00:00:00-07:00,2019-11-20T00:00:00-07:00,2019-11-19T07:00:00Z,µg/m³
logan,S305,3346,305,reference,2019-11-20,3.22,0.0,3.6,7.6,2.083409070968628,23,24,96.0,1,False,2019-11-20T00:00:00-07:00,2019-11-21T00:00:00-07:00,2019-11-20T07:00:00Z,µg/m³
logan,S305,3346,305,reference,2019-11-21,1.83,0.0,1.8,4.3,1.2818690538406372,24,24,100.0,1,False,2019-11-21T00:00:00-07:00,2019-11-22T00:00:00-07:00,2019-11-21T07:00:00Z,µg/m³
logan,S305,3346,305,reference,2019-11-22,4.1,1.7,3.9,6.0,1.4216493368148804,24,24,100.0,1,True,2019-11-22T00:00:00-07:00,2019-11-23T00:00:00-07:00,2019-11-22T07:00:00Z,µg/m³
logan,S305,3346,305,reference,2019-11-23,6.94,3.5,6.5,10.9,1.9589076042175293,24,24,100.0,1,True,2019-11-23T00:00:00-07:00,2019-11-24T00:00:00-07:00,2019-11-23T07:00:00Z,µg/m³
logan,S305,3346,305,reference,2019-11-24,10.1,6.1,10.3,14.1,2.404068946838379,24,24,100.0,1,False,2019-11-24T00:00:00-07:00,2019-11-25T00:00:00-07:00,2019-11-24T07:00:00Z,µg/m³
logan,S305,3346,305,reference,2019-11-25,5.4,0.0,3.4,15.6,5.023827075958252,24,24,100.0,1,False,2019-11-25T00:00:00-07:00,2019-11-26T00:00:00-07:00,2019-11-25T07:00:00Z,µg/m³
logan,S305,3346,305,reference,2019-11-26,8.03,1.7,6.5,21.5,5.681878566741943,19,24,79.0,1,True,2019-11-26T00:00:00-07:00,2019-11-27T00:00:00-07:00,2019-11-26T07:00:00Z,µg/m³
logan,S305,3346,305,reference,2019-11-27,4.9,1.3,4.949999999999999,8.0,1.6020311117172241,24,24,100.0,1,True,2019-11-27T00:00:00-07:00,2019-11-28T00:00:00-07:00,2019-11-27T07:00:00Z,µg/m³
logan,S305,3346,305,reference,2019-11-28,3.67,0.0,3.0,7.9,3.11016583442688,20,24,83.0,1,True,2019-11-28T00:00:00-07:00,2019-11-29T00:00:00-07:00,2019-11-28T07:00:00Z,µg/m³
logan,S305,3346,305,reference,2019-11-29,2.87,0.6,1.8,6.5,1.94740629196167,24,24,100.0,1,True,2019-11-29T00:00:00-07:00,2019-11-30T00:00:00-07:00,2019-11-29T07:00:00Z,µg/m³
logan,S305,3346,305,reference,2019-11-30,3.17,0.9,2.8,7.4,1.9710654020309448,23,24,96.0,1,True,2019-11-30T00:00:00-07:00,2019-12-01T00:00:00-07:00,2019-11-30T07:00:00Z,µg/m³
logan,S305,3346,305,reference,2019-12-01,9.19,2.8,9.2,15.3,4.020254611968994,24,24,100.0,1,True,2019-12-01T00:00:00-07:00,2019-12-02T00:00:00-07:00,2019-12-01T07:00:00Z,µg/m³
logan,S305,3346,305,reference,2019-12-02,25.3,15.8,25.950000000000003,35.4,5.463076114654541,24,24,100.0,1,True,2019-12-02T00:00:00-07:00,2019-12-03T00:00:00-07:00,2019-12-02T07:00:00Z,µg/m³
logan,S305,3346,305,reference,2019-12-03,39.3,33.4,39.3,48.0,3.9047257900238037,24,24,100.0,1,False,2019-12-03T00:00:00-07:00,2019-12-04T00:00:00-07:00,2019-12-03T07:00:00Z,µg/m³
logan,S305,3346,305,reference,2019-12-04,25.0,16.8,26.2,35.0,5.489535331726074,24,24,100.0,1,False,2019-12-04T00:00:00-07:00,2019-12-05T00:00:00-07:00,2019-12-04T07:00:00Z,µg/m³
logan,S305,3346,305,reference,2019-12-05,23.6,14.2,23.2,33.4,5.0956645011901855,24,24,100.0,1,False,2019-12-05T00:00:00-07:00,2019-12-06T00:00:00-07:00,2019-12-05T07:00:00Z,µg/m³
logan,S305,3346,305,reference,2019-12-06,32.9,13.1,33.150000000000006,58.0,12.655444145202637,24,24,100.0,1,False,2019-12-06T00:00:00-07:00,2019-12-07T00:00:00-07:00,2019-12-06T07:00:00Z,µg/m³
logan,S305,3346,305,reference,2019-12-07,13.7,7.3,12.95,22.6,4.352841377258301,24,24,100.0,1,False,2019-12-07T00:00:00-07:00,2019-12-08T00:00:00-07:00,2019-12-07T07:00:00Z,µg/m³
logan,S305,3346,305,reference,2019-12-08,9.34,1.5,6.45,20.7,7.499658107757568,18,24,75.0,1,False,2019-12-08T00:00:00-07:00,2019-12-09T00:00:00-07:00,2019-12-08T07:00:00Z,µg/m³
logan,S305,3346,305,reference,2019-12-09,0.98,0.0,0.7,2.9,1.4361987113952637,6,24,25.0,0,True,2019-12-09T00:00:00-07:00,2019-12-10T00:00:00-07:00,2019-12-09T07:00:00Z,µg/m³
logan,S305,3346,305,reference,2019-12-10,1.05,0.0,1.0,2.7,1.3441702127456665,24,24,100.0,1,False,2019-12-10T00:00:00-07:00,2019-12-11T00:00:00-07:00,2019-12-10T07:00:00Z,µg/m³
logan,S305,3346,305,reference,2019-12-11,1.32,0.0,0.85,4.4,1.6937010288238525,24,24,100.0,1,True,2019-12-11T00:00:00-07:00,2019-12-12T00:00:00-07:00,2019-12-11T07:00:00Z,µg/m³
logan,S305,3346,305,reference,2019-12-12,0.655,0.0,0.7,1.3,1.1035434007644653,24,24,100.0,1,True,2019-12-12T00:00:00-07:00,2019-12-13T00:00:00-07:00,2019-12-12T07:00:00Z,µg/m³
logan,S305,3346,305,reference,2019-12-13,0.742,0.0,0.7,1.6,1.2302671670913696,23,24,96.0,1,True,2019-12-13T00:00:00-07:00,2019-12-14T00:00:00-07:00,2019-12-13T07:00:00Z,µg/m³
logan,S305,3346,305,reference,2019-12-14,1.03,0.0,1.0,2.0,0.9232798218727112,24,24,100.0,1,True,2019-12-14T00:00:00-07:00,2019-12-15T00:00:00-07:00,2019-12-14T07:00:00Z,µg/m³
logan,S305,3346,305,reference,2019-12-15,0.689,0.0,0.6,2.4,1.2601053714752197,23,24,96.0,1,True,2019-12-15T00:00:00-07:00,2019-12-16T00:00:00-07:00,2019-12-15T07:00:00Z,µg/m³
logan,S305,3346,305,reference,2019-12-16,0.977,0.0,0.6,2.7,1.352158784866333,22,24,92.0,1,True,2019-12-16T00:00:00-07:00,2019-12-17T00:00:00-07:00,2019-12-16T07:00:00Z,µg/m³
logan,S305,3346,305,reference,2019-12-17,2.25,0.0,1.0,8.0,2.9568045139312744,14,24,58.0,0,True,2019-12-17T00:00:00-07:00,2019-12-18T00:00:00-07:00,2019-12-17T07:00:00Z,µg/m³
logan,S305,3346,305,reference,2019-12-18,22.4,19.5,21.700000000000003,27.4,2.7057037353515625,12,24,50.0,0,True,2019-12-18T00:00:00-07:00,2019-12-19T00:00:00-07:00,2019-12-18T07:00:00Z,µg/m³
logan,S305,3346,305,reference,2019-12-19,30.3,4.5,35.1,43.2,11.252189636230469,23,24,96.0,1,False,2019-12-19T00:00:00-07:00,2019-12-20T00:00:00-07:00,2019-12-19T07:00:00Z,µg/m³
logan,S305,3346,305,reference,2019-12-20,37.7,18.1,40.5,48.7,8.549434661865234,22,24,92.0,1,False,2019-12-20T00:00:00-07:00,2019-12-21T00:00:00-07:00,2019-12-20T07:00:00Z,µg/m³
logan,S305,3346,305,reference,2019-12-21,31.7,3.7,29.7,46.2,11.652892112731934,14,24,58.0,0,False,2019-12-21T00:00:00-07:00,2019-12-22T00:00:00-07:00,2019-12-21T07:00:00Z,µg/m³
logan,S305,3346,305,reference,2019-12-22,49.6,42.0,47.95,59.5,5.144492149353027,24,24,100.0,1,False,2019-12-22T00:00:00-07:00,2019-12-23T00:00:00-07:00,2019-12-22T07:00:00Z,µg/m³
logan,S305,3346,305,reference,2019-12-23,46.4,26.0,48.7,53.9,7.226140022277832,24,24,100.0,1,False,2019-12-23T00:00:00-07:00,2019-12-24T00:00:00-07:00,2019-12-23T07:00:00Z,µg/m³
logan,S305,3346,305,reference,2019-12-24,7.99,0.0,5.4,31.0,8.551222801208496,24,24,100.0,1,False,2019-12-24T00:00:00-07:00,2019-12-25T00:00:00-07:00,2019-12-24T07:00:00Z,µg/m³
logan,S305,3346,305,reference,2019-12-25,3.82,0.3,3.55,8.9,2.9973630905151367,24,24,100.0,1,True,2019-12-25T00:00:00-07:00,2019-12-26T00:00:00-07:00,2019-12-25T07:00:00Z,µg/m³
logan,S305,3346,305,reference,2019-12-26,7.71,3.4,7.8,11.5,2.330127239227295,24,24,100.0,1,True,2019-12-26T00:00:00-07:00,2019-12-27T00:00:00-07:00,2019-12-26T07:00:00Z,µg/m³
logan,S305,3346,305,reference,2019-12-27,3.43,1.2,3.25,6.9,1.6160203218460083,24,24,100.0,1,True,2019-12-27T00:00:00-07:00,2019-12-28T00:00:00-07:00,2019-12-27T07:00:00Z,µg/m³
logan,S305,3346,305,reference,2019-12-28,4.78,1.8,4.199999999999999,15.8,2.9702847003936768,24,24,100.0,1,False,2019-12-28T00:00:00-07:00,2019-12-29T00:00:00-07:00,2019-12-28T07:00:00Z,µg/m³
logan,S305,3346,305,reference,2019-12-29,7.49,3.7,8.05,10.2,1.9133210182189941,24,24,100.0,1,False,2019-12-29T00:00:00-07:00,2019-12-30T00:00:00-07:00,2019-12-29T07:00:00Z,µg/m³
logan,S305,3346,305,reference,2019-12-30,16.9,13.0,16.75,21.0,2.197017192840576,24,24,100.0,1,False,2019-12-30T00:00:00-07:00,2019-12-31T00:00:00-07:00,2019-12-30T07:00:00Z,µg/m³
logan,S305,3346,305,reference,2019-12-31,17.7,9.4,17.95,25.3,3.943291425704956,24,24,100.0,1,False,2019-12-31T00:00:00-07:00,2020-01-01T00:00:00-07:00,2019-12-31T07:00:00Z,µg/m³
logan,S305,3346,305,reference,2020-01-01,11.8,0.5,13.6,27.9,9.890048027038574,24,24,100.0,1,False,2020-01-01T00:00:00-07:00,2020-01-02T00:00:00-07:00,2020-01-01T07:00:00Z,µg/m³
logan,S305,3346,305,reference,2020-01-02,4.6,0.8,4.15,13.9,3.3010292053222656,24,24,100.0,1,True,2020-01-02T00:00:00-07:00,2020-01-03T00:00:00-07:00,2020-01-02T07:00:00Z,µg/m³
logan,S305,3346,305,reference,2020-01-03,11.5,6.2,11.75,17.6,3.0458333492279053,24,24,100.0,1,True,2020-01-03T00:00:00-07:00,2020-01-04T00:00:00-07:00,2020-01-03T07:00:00Z,µg/m³
logan,S305,3346,305,reference,2020-01-04,9.88,0.2,10.4,19.9,5.726658821105957,24,24,100.0,1,False,2020-01-04T00:00:00-07:00,2020-01-05T00:00:00-07:00,2020-01-04T07:00:00Z,µg/m³
logan,S305,3346,305,reference,2020-01-05,5.08,0.7,4.5,9.8,2.4334475994110107,24,24,100.0,1,False,2020-01-05T00:00:00-07:00,2020-01-06T00:00:00-07:00,2020-01-05T07:00:00Z,µg/m³
logan,S305,3346,305,reference,2020-01-06,3.85,0.0,3.8499999999999996,9.2,2.311220169067383,24,24,100.0,1,True,2020-01-06T00:00:00-07:00,2020-01-07T00:00:00-07:00,2020-01-06T07:00:00Z,µg/m³
logan,S305,3346,305,reference,2020-01-07,6.02,2.1,5.45,10.3,2.7821383476257324,18,24,75.0,1,False,2020-01-07T00:00:00-07:00,2020-01-08T00:00:00-07:00,2020-01-07T07:00:00Z,µg/m³
logan,S305,3346,305,reference,2022-04-12,0.87,0.4,0.95,1.4,0.3128719925880432,10,24,42.0,0,False,2022-04-12T00:00:00-06:00,2022-04-13T00:00:00-06:00,2022-04-12T06:00:00Z,µg/m³
logan,S305,3346,305,reference,2022-04-13,1.75,1.0,1.5,5.4,0.9308097958564758,22,24,92.0,1,False,2022-04-13T00:00:00-06:00,2022-04-14T00:00:00-06:00,2022-04-13T06:00:00Z,µg/m³
logan,S305,3346,305,reference,2022-04-14,3.08,1.9,2.8,5.5,1.0093437433242798,23,24,96.0,1,False,2022-04-14T00:00:00-06:00,2022-04-15T00:00:00-06:00,2022-04-14T06:00:00Z,µg/m³
logan,S305,3346,305,reference,2022-04-15,2.52,0.7,2.05,6.4,1.5424370765686035,24,24,100.0,1,False,2022-04-15T00:00:00-06:00,2022-04-16T00:00:00-06:00,2022-04-15T06:00:00Z,µg/m³
logan,S305,3346,305,reference,2022-04-16,4.2,0.7,4.3,7.6,1.8497943878173828,24,24,100.0,1,False,2022-04-16T00:00:00-06:00,2022-04-17T00:00:00-06:00,2022-04-16T06:00:00Z,µg/m³
logan,S305,3346,305,reference,2022-04-17,2.98,0.7,3.1,5.0,0.9811170101165771,24,24,100.0,1,False,2022-04-17T00:00:00-06:00,2022-04-18T00:00:00-06:00,2022-04-17T06:00:00Z,µg/m³
logan,S305,3346,305,reference,2022-04-18,6.58,3.9,6.15,11.9,2.1649882793426514,24,24,100.0,1,False,2022-04-18T00:00:00-06:00,2022-04-19T00:00:00-06:00,2022-04-18T06:00:00Z,µg/m³
logan,S305,3346,305,reference,2022-04-19,6.92,2.3,7.15,19.1,3.84273362159729,22,24,92.0,1,False,2022-04-19T00:00:00-06:00,2022-04-20T00:00:00-06:00,2022-04-19T06:00:00Z,µg/m³
logan,S305,3346,305,reference,2022-04-20,3.38,1.6,3.5,5.1,0.869615912437439,24,24,100.0,1,False,2022-04-20T00:00:00-06:00,2022-04-21T00:00:00-06:00,2022-04-20T06:00:00Z,µg/m³
logan,S305,3346,305,reference,2022-04-21,8.28,3.3,5.699999999999999,21.3,5.888232707977295,24,24,100.0,1,False,2022-04-21T00:00:00-06:00,2022-04-22T00:00:00-06:00,2022-04-21T06:00:00Z,µg/m³
logan,S305,3346,305,reference,2022-04-22,1.2,0.3,0.8,4.3,1.0078157186508179,22,24,92.0,1,False,2022-04-22T00:00:00-06:00,2022-04-23T00:00:00-06:00,2022-04-22T06:00:00Z,µg/m³
logan,S305,3346,305,reference,2022-04-23,1.81,0.5,1.4,4.8,1.017803430557251,24,24,100.0,1,False,2022-04-23T00:00:00-06:00,2022-04-24T00:00:00-06:00,2022-04-23T06:00:00Z,µg/m³
logan,S305,3346,305,reference,2022-04-24,2.36,1.3,2.3,4.0,0.7341439723968506,24,24,100.0,1,False,2022-04-24T00:00:00-06:00,2022-04-25T00:00:00-06:00,2022-04-24T06:00:00Z,µg/m³
logan,S305,3346,305,reference,2022-04-25,3.9,2.3,3.5,7.0,1.41082763671875,23,24,96.0,1,False,2022-04-25T00:00:00-06:00,2022-04-26T00:00:00-06:00,2022-04-25T06:00:00Z,µg/m³
logan,S305,3346,305,reference,2022-04-26,8.54,6.4,8.8,15.1,2.1169188022613525,19,24,79.0,1,False,2022-04-26T00:00:00-06:00,2022-04-27T00:00:00-06:00,2022-04-26T06:00:00Z,µg/m³
logan,S305,3346,305,reference,2022-04-27,6.98,6.5,6.8,7.9,0.5890670418739319,5,24,21.0,0,False,2022-04-27T00:00:00-06:00,2022-04-28T00:00:00-06:00,2022-04-27T06:00:00Z,µg/m³
logan,S305,3346,305,reference,2022-04-28,8.55,7.2,8.05,10.6,1.172603964805603,22,24,92.0,1,False,2022-04-28T00:00:00-06:00,2022-04-29T00:00:00-06:00,2022-04-28T06:00:00Z,µg/m³
logan,S305,3346,305,reference,2022-04-29,5.71,2.6,6.4,8.0,1.8160679340362549,23,24,96.0,1,False,2022-04-29T00:00:00-06:00,2022-04-30T00:00:00-06:00,2022-04-29T06:00:00Z,µg/m³
logan,S305,3346,305,reference,2022-04-30,7.1,3.6,5.75,15.2,3.113571882247925,24,24,100.0,1,False,2022-04-30T00:00:00-06:00,2022-05-01T00:00:00-06:00,2022-04-30T06:00:00Z,µg/m³
logan,S305,3346,305,reference,2022-05-01,4.72,1.9,5.050000000000001,7.9,2.0611660480499268,24,24,100.0,1,False,2022-05-01T00:00:00-06:00,2022-05-02T00:00:00-06:00,2022-05-01T06:00:00Z,µg/m³
logan,S305,3346,305,reference,2022-05-02,3.41,0.6,3.5,5.4,1.2155916690826416,24,24,100.0,1,False,2022-05-02T00:00:00-06:00,2022-05-03T00:00:00-06:00,2022-05-02T06:00:00Z,µg/m³
logan,S305,3346,305,reference,2022-05-03,0.675,0.2,0.7,1.2,0.2690563201904297,24,24,100.0,1,False,2022-05-03T00:00:00-06:00,2022-05-04T00:00:00-06:00,2022-05-03T06:00:00Z,µg/m³
logan,S305,3346,305,reference,2022-05-04,3.28,1.1,2.6500000000000004,7.4,2.1763510704040527,24,24,100.0,1,False,2022-05-04T00:00:00-06:00,2022-05-05T00:00:00-06:00,2022-05-04T06:00:00Z,µg/m³
logan,S305,3346,305,reference,2022-05-05,6.84,3.5,7.05,9.5,1.7922337055206299,24,24,100.0,1,False,2022-05-05T00:00:00-06:00,2022-05-06T00:00:00-06:00,2022-05-05T06:00:00Z,µg/m³
logan,S305,3346,305,reference,2022-05-06,7.17,3.3,5.4,17.3,4.30739164352417,24,24,100.0,1,False,2022-05-06T00:00:00-06:00,2022-05-07T00:00:00-06:00,2022-05-06T06:00:00Z,µg/m³
logan,S305,3346,305,reference,2022-05-07,8.04,1.6,3.25,31.4,8.957717895507812,24,24,100.0,1,False,2022-05-07T00:00:00-06:00,2022-05-08T00:00:00-06:00,2022-05-07T06:00:00Z,µg/m³
logan,S305,3346,305,reference,2022-05-08,1.71,0.6,1.9,3.7,0.8166297078132629,24,24,100.0,1,False,2022-05-08T00:00:00-06:00,2022-05-09T00:00:00-06:00,2022-05-08T06:00:00Z,µg/m³
logan,S305,3346,305,reference,2022-05-09,1.1,0.6,0.9,3.4,0.6000000238418579,22,24,92.0,1,False,2022-05-09T00:00:00-06:00,2022-05-10T00:00:00-06:00,2022-05-09T06:00:00Z,µg/m³
logan,S305,3346,305,reference,2022-05-10,2.18,1.0,2.05,5.6,1.141191840171814,24,24,100.0,1,False,2022-05-10T00:00:00-06:00,2022-05-11T00:00:00-06:00,2022-05-10T06:00:00Z,µg/m³
logan,S305,3346,305,reference,2022-05-11,5.41,2.4,4.699999999999999,16.4,2.904407024383545,24,24,100.0,1,False,2022-05-11T00:00:00-06:00,2022-05-12T00:00:00-06:00,2022-05-11T06:00:00Z,µg/m³
logan,S305,3346,305,reference,2022-05-12,1.98,1.5,1.9,2.7,0.4437601566314697,13,24,54.0,0,False,2022-05-12T00:00:00-06:00,2022-05-13T00:00:00-06:00,2022-05-12T06:00:00Z,µg/m³
logan,S305,3346,305,reference,2022-05-13,3.3,1.6,3.1,6.5,1.209879994392395,22,24,92.0,1,False,2022-05-13T00:00:00-06:00,2022-05-14T00:00:00-06:00,2022-05-13T06:00:00Z,µg/m³
logan,S305,3346,305,reference,2022-05-14,4.05,2.3,3.4,8.9,1.6768122911453247,23,24,96.0,1,False,2022-05-14T00:00:00-06:00,2022-05-15T00:00:00-06:00,2022-05-14T06:00:00Z,µg/m³
logan,S305,3346,305,reference,2022-05-15,3.65,2.0,3.4,5.6,0.9685366749763489,23,24,96.0,1,False,2022-05-15T00:00:00-06:00,2022-05-16T00:00:00-06:00,2022-05-15T06:00:00Z,µg/m³
logan,S305,3346,305,reference,2022-05-16,5.51,3.5,5.55,9.2,1.4339120388031006,22,24,92.0,1,False,2022-05-16T00:00:00-06:00,2022-05-17T00:00:00-06:00,2022-05-16T06:00:00Z,µg/m³
logan,S305,3346,305,reference,2022-05-17,4.87,3.2,5.0,7.1,1.141191840171814,24,24,100.0,1,False,2022-05-17T00:00:00-06:00,2022-05-18T00:00:00-06:00,2022-05-17T06:00:00Z,µg/m³
logan,S305,3346,305,reference,2022-05-18,5.65,3.7,5.3,8.1,1.4105194807052612,24,24,100.0,1,False,2022-05-18T00:00:00-06:00,2022-05-19T00:00:00-06:00,2022-05-18T06:00:00Z,µg/m³
logan,S305,3346,305,reference,2022-05-19,4.78,2.5,4.35,9.5,1.4627747535705566,24,24,100.0,1,False,2022-05-19T00:00:00-06:00,2022-05-20T00:00:00-06:00,2022-05-19T06:00:00Z,µg/m³
logan,S305,3346,305,reference,2022-05-20,1.63,0.8,1.5499999999999998,3.3,0.7212303280830383,22,24,92.0,1,False,2022-05-20T00:00:00-06:00,2022-05-21T00:00:00-06:00,2022-05-20T06:00:00Z,µg/m³
logan,S305,3346,305,reference,2022-05-21,1.95,1.3,1.9,3.1,0.6104642748832703,15,24,63.0,0,False,2022-05-21T00:00:00-06:00,2022-05-22T00:00:00-06:00,2022-05-21T06:00:00Z,µg/m³
logan,S305,3346,305,reference,2022-05-22,2.35,1.5,1.9,4.4,0.8445906043052673,16,24,67.0,0,False,2022-05-22T00:00:00-06:00,2022-05-23T00:00:00-06:00,2022-05-22T06:00:00Z,µg/m³
logan,S305,3346,305,reference,2022-05-23,1.96,1.2,1.85,3.0,0.6069537401199341,8,24,33.0,0,False,2022-05-23T00:00:00-06:00,2022-05-24T00:00:00-06:00,2022-05-23T06:00:00Z,µg/m³
logan,S305,3346,305,reference,2022-05-24,5.02,2.5,4.5,10.4,1.9510366916656494,17,24,71.0,0,False,2022-05-24T00:00:00-06:00,2022-05-25T00:00:00-06:00,2022-05-24T06:00:00Z,µg/m³
logan,S305,3346,305,reference,2022-05-25,6.51,2.8,6.7,13.5,3.0657808780670166,23,24,96.0,1,False,2022-05-25T00:00:00-06:00,2022-05-26T00:00:00-06:00,2022-05-25T06:00:00Z,µg/m³
logan,S305,3346,305,reference,2022-05-26,5.0,3.0,5.1,6.6,0.973773717880249,18,24,75.0,1,False,2022-05-26T00:00:00-06:00,2022-05-27T00:00:00-06:00,2022-05-26T06:00:00Z,µg/m³
logan,S305,3346,305,reference,2022-05-27,6.82,6.1,6.9,7.6,0.544977068901062,5,24,21.0,0,False,2022-05-27T00:00:00-06:00,2022-05-28T00:00:00-06:00,2022-05-27T06:00:00Z,µg/m³
logan,S305,3346,305,reference,2022-05-28,2.3,0.4,1.05,7.4,2.2590880393981934,24,24,100.0,1,False,2022-05-28T00:00:00-06:00,2022-05-29T00:00:00-06:00,2022-05-28T06:00:00Z,µg/m³
logan,S305,3346,305,reference,2022-05-29,1.04,0.4,0.95,1.7,0.42815327644348145,24,24,100.0,1,False,2022-05-29T00:00:00-06:00,2022-05-30T00:00:00-06:00,2022-05-29T06:00:00Z,µg/m³
logan,S305,3346,305,reference,2022-05-30,0.822,0.3,0.5,5.7,1.1469154357910156,23,24,96.0,1,False,2022-05-30T00:00:00-06:00,2022-05-31T00:00:00-06:00,2022-05-30T06:00:00Z,µg/m³
logan,S305,3346,305,reference,2022-05-31,1.37,0.7,1.3,2.0,0.372394323348999,24,24,100.0,1,False,2022-05-31T00:00:00-06:00,2022-06-01T00:00:00-06:00,2022-05-31T06:00:00Z,µg/m³
logan,S305,3346,305,reference,2022-06-01,2.65,1.6,2.4,4.3,0.7401404976844788,24,24,100.0,1,False,2022-06-01T00:00:00-06:00,2022-06-02T00:00:00-06:00,2022-06-01T06:00:00Z,µg/m³
logan,S305,3346,305,reference,2022-06-02,4.82,1.6,4.5,11.8,2.4794890880584717,23,24,96.0,1,False,2022-06-02T00:00:00-06:00,2022-06-03T00:00:00-06:00,2022-06-02T06:00:00Z,µg/m³
logan,S305,3346,305,reference,2022-06-03,5.0,3.3,5.0,9.0,1.4014532566070557,23,24,96.0,1,False,2022-06-03T00:00:00-06:00,2022-06-04T00:00:00-06:00,2022-06-03T06:00:00Z,µg/m³
logan,S305,3346,305,reference,2022-06-04,5.75,3.2,5.199999999999999,15.8,2.7878618240356445,24,24,100.0,1,False,2022-06-04T00:00:00-06:00,2022-06-05T00:00:00-06:00,2022-06-04T06:00:00Z,µg/m³
logan,S305,3346,305,reference,2022-06-05,4.59,2.2,3.85,8.1,1.9738094806671143,24,24,100.0,1,False,2022-06-05T00:00:00-06:00,2022-06-06T00:00:00-06:00,2022-06-05T06:00:00Z,µg/m³
logan,S305,3346,305,reference,2022-06-06,3.59,1.4,2.95,8.9,1.9642271995544434,24,24,100.0,1,False,2022-06-06T00:00:00-06:00,2022-06-07T00:00:00-06:00,2022-06-06T06:00:00Z,µg/m³
logan,S305,3346,305,reference,2022-06-07,5.29,2.5,5.1,16.2,2.796102285385132,24,24,100.0,1,False,2022-06-07T00:00:00-06:00,2022-06-08T00:00:00-06:00,2022-06-07T06:00:00Z,µg/m³
logan,S305,3346,305,reference,2022-06-08,4.39,3.1,3.9,8.8,1.4406871795654297,24,24,100.0,1,False,2022-06-08T00:00:00-06:00,2022-06-09T00:00:00-06:00,2022-06-08T06:00:00Z,µg/m³
logan,S305,3346,305,reference,2022-06-09,7.0,3.9,7.05,11.2,1.822733998298645,22,24,92.0,1,False,2022-06-09T00:00:00-06:00,2022-06-10T00:00:00-06:00,2022-06-09T06:00:00Z,µg/m³
logan,S305,3346,305,reference,2022-06-10,5.73,4.4,5.8,8.1,1.1080018281936646,23,24,96.0,1,False,2022-06-10T00:00:00-06:00,2022-06-11T00:00:00-06:00,2022-06-10T06:00:00Z,µg/m³
logan,S305,3346,305,reference,2022-06-11,6.7,3.5,5.75,11.9,2.75593900680542,24,24,100.0,1,False,2022-06-11T00:00:00-06:00,2022-06-12T00:00:00-06:00,2022-06-11T06:00:00Z,µg/m³
logan,S305,3346,305,reference,2022-06-12,11.2,4.9,7.45,25.1,7.358361721038818,24,24,100.0,1,False,2022-06-12T00:00:00-06:00,2022-06-13T00:00:00-06:00,2022-06-12T06:00:00Z,µg/m³
logan,S305,3346,305,reference,2022-06-13,2.34,1.0,1.4,7.0,1.9896868467330933,23,24,96.0,1,False,2022-06-13T00:00:00-06:00,2022-06-14T00:00:00-06:00,2022-06-13T06:00:00Z,µg/m³
logan,S305,3346,305,reference,2022-06-14,4.25,1.0,4.4,8.2,2.303117036819458,24,24,100.0,1,False,2022-06-14T00:00:00-06:00,2022-06-15T00:00:00-06:00,2022-06-14T06:00:00Z,µg/m³
logan,S305,3346,305,reference,2022-06-15,5.84,4.3,5.7,8.2,1.24300217628479,24,24,100.0,1,False,2022-06-15T00:00:00-06:00,2022-06-16T00:00:00-06:00,2022-06-15T06:00:00Z,µg/m³
logan,S305,3346,305,reference,2022-06-16,6.08,3.5,6.3,8.8,1.8015035390853882,23,24,96.0,1,False,2022-06-16T00:00:00-06:00,2022-06-17T00:00:00-06:00,2022-06-16T06:00:00Z,µg/m³
logan,S305,3346,305,reference,2022-06-17,14.5,6.5,10.05,32.4,8.222978591918945,24,24,100.0,1,False,2022-06-17T00:00:00-06:00,2022-06-18T00:00:00-06:00,2022-06-17T06:00:00Z,µg/m³
logan,S305,3346,305,reference,2022-06-18,24.3,7.8,20.3,52.9,14.29243278503418,24,24,100.0,1,False,2022-06-18T00:00:00-06:00,2022-06-19T00:00:00-06:00,2022-06-18T06:00:00Z,µg/m³
logan,S305,3346,305,reference,2022-06-19,13.1,4.0,11.3,34.0,8.701422691345215,24,24,100.0,1,False,2022-06-19T00:00:00-06:00,2022-06-20T00:00:00-06:00,2022-06-19T06:00:00Z,µg/m³
logan,S305,3346,305,reference,2022-06-20,3.05,1.1,3.25,7.1,1.5725855827331543,24,24,100.0,1,False,2022-06-20T00:00:00-06:00,2022-06-21T00:00:00-06:00,2022-06-20T06:00:00Z,µg/m³
logan,S305,3346,305,reference,2022-06-21,3.35,1.5,3.05,6.6,1.5618730783462524,20,24,83.0,1,False,2022-06-21T00:00:00-06:00,2022-06-22T00:00:00-06:00,2022-06-21T06:00:00Z,µg/m³
logan,S305,3346,305,reference,2022-06-22,4.1,2.2,3.9,9.1,1.7591320276260376,23,24,96.0,1,False,2022-06-22T00:00:00-06:00,2022-06-23T00:00:00-06:00,2022-06-22T06:00:00Z,µg/m³
logan,S305,3346,305,reference,2022-06-23,7.17,1.6,6.7,13.5,2.913231372833252,23,24,96.0,1,False,2022-06-23T00:00:00-06:00,2022-06-24T00:00:00-06:00,2022-06-23T06:00:00Z,µg/m³
logan,S305,3346,305,reference,2022-06-24,5.4,2.5,4.9,8.4,1.7224396467208862,23,24,96.0,1,False,2022-06-24T00:00:00-06:00,2022-06-25T00:00:00-06:00,2022-06-24T06:00:00Z,µg/m³
logan,S305,3346,305,reference,2022-06-25,4.17,2.4,4.15,5.4,0.9424623847007751,18,24,75.0,1,False,2022-06-25T00:00:00-06:00,2022-06-26T00:00:00-06:00,2022-06-25T06:00:00Z,µg/m³
logan,S305,3346,305,reference,2022-06-26,5.78,2.9,3.9,15.0,5.176581859588623,5,24,21.0,0,False,2022-06-26T00:00:00-06:00,2022-06-27T00:00:00-06:00,2022-06-26T06:00:00Z,µg/m³
logan,S305,3346,305,reference,2022-06-27,4.93,3.1,4.6,9.1,1.6427651643753052,24,24,100.0,1,False,2022-06-27T00:00:00-06:00,2022-06-28T00:00:00-06:00,2022-06-27T06:00:00Z,µg/m³
logan,S305,3346,305,reference,2022-06-28,8.95,5.5,8.95,13.1,1.849319338798523,24,24,100.0,1,False,2022-06-28T00:00:00-06:00,2022-06-29T00:00:00-06:00,2022-06-28T06:00:00Z,µg/m³
logan,S305,3346,305,reference,2022-06-29,9.21,4.8,9.2,13.8,3.0382280349731445,23,24,96.0,1,False,2022-06-29T00:00:00-06:00,2022-06-30T00:00:00-06:00,2022-06-29T06:00:00Z,µg/m³
logan,S305,3346,305,reference,2022-06-30,8.74,6.1,8.3,14.8,2.1960017681121826,22,24,92.0,1,False,2022-06-30T00:00:00-06:00,2022-07-01T00:00:00-06:00,2022-06-30T06:00:00Z,µg/m³
logan,S305,3346,305,reference,2022-07-01,10.2,3.4,9.0,36.1,6.329902172088623,24,24,100.0,1,False,2022-07-01T00:00:00-06:00,2022-07-02T00:00:00-06:00,2022-07-01T06:00:00Z,µg/m³
logan,S305,3346,305,reference,2022-07-02,5.2,2.9,5.05,7.7,1.3094971179962158,24,24,100.0,1,False,2022-07-02T00:00:00-06:00,2022-07-03T00:00:00-06:00,2022-07-02T06:00:00Z,µg/m³
logan,S305,3346,305,reference,2022-07-03,7.06,3.3,6.35,18.7,3.2779650688171387,24,24,100.0,1,False,2022-07-03T00:00:00-06:00,2022-07-04T00:00:00-06:00,2022-07-03T06:00:00Z,µg/m³
logan,S305,3346,305,reference,2022-07-04,8.93,3.8,9.4,15.7,3.202509880065918,24,24,100.0,1,False,2022-07-04T00:00:00-06:00,2022-07-05T00:00:00-06:00,2022-07-04T06:00:00Z,µg/m³
logan,S305,3346,305,reference,2022-07-05,8.14,3.9,7.75,15.3,3.1469533443450928,24,24,100.0,1,False,2022-07-05T00:00:00-06:00,2022-07-06T00:00:00-06:00,2022-07-05T06:00:00Z,µg/m³
logan,S305,3346,305,reference,2022-07-06,7.94,4.7,7.3,13.0,2.3822715282440186,23,24,96.0,1,False,2022-07-06T00:00:00-06:00,2022-07-07T00:00:00-06:00,2022-07-06T06:00:00Z,µg/m³
logan,S305,3346,305,reference,2022-07-07,7.28,3.7,6.6,13.7,2.78659987449646,23,24,96.0,1,False,2022-07-07T00:00:00-06:00,2022-07-08T00:00:00-06:00,2022-07-07T06:00:00Z,µg/m³
logan,S305,3346,305,reference,2022-07-08,9.2,6.0,8.65,15.9,2.7873940467834473,24,24,100.0,1,False,2022-07-08T00:00:00-06:00,2022-07-09T00:00:00-06:00,2022-07-08T06:00:00Z,µg/m³
logan,S305,3346,305,reference,2022-07-09,9.72,5.6,9.45,15.7,2.2600460052490234,24,24,100.0,1,False,2022-07-09T00:00:00-06:00,2022-07-10T00:00:00-06:00,2022-07-09T06:00:00Z,µg/m³
logan,S305,3346,305,reference,2022-07-10,9.06,6.6,9.149999999999999,12.6,1.762388825416565,24,24,100.0,1,False,2022-07-10T00:00:00-06:00,2022-07-11T00:00:00-06:00,2022-07-10T06:00:00Z,µg/m³
logan,S305,3346,305,reference,2022-07-11,7.56,4.6,7.449999999999999,12.0,1.807908296585083,24,24,100.0,1,False,2022-07-11T00:00:00-06:00,2022-07-12T00:00:00-06:00,2022-07-11T06:00:00Z,µg/m³
logan,S305,3346,305,reference,2022-07-12,8.53,6.0,8.2,13.1,2.037649631500244,23,24,96.0,1,False,2022-07-12T00:00:00-06:00,2022-07-13T00:00:00-06:00,2022-07-12T06:00:00Z,µg/m³
logan,S305,3346,305,reference,2022-07-13,15.0,7.2,13.8,34.9,7.187518119812012,24,24,100.0,1,False,2022-07-13T00:00:00-06:00,2022-07-14T00:00:00-06:00,2022-07-13T06:00:00Z,µg/m³
logan,S305,3346,305,reference,2022-07-14,9.31,3.7,7.9,19.9,4.683543682098389,24,24,100.0,1,False,2022-07-14T00:00:00-06:00,2022-07-15T00:00:00-06:00,2022-07-14T06:00:00Z,µg/m³
logan,S305,3346,305,reference,2022-07-15,9.23,5.8,7.9,16.3,2.8421237468719482,23,24,96.0,1,False,2022-07-15T00:00:00-06:00,2022-07-16T00:00:00-06:00,2022-07-15T06:00:00Z,µg/m³
logan,S305,3346,305,reference,2022-07-16,8.04,3.7,8.45,12.6,2.7194647789001465,24,24,100.0,1,False,2022-07-16T00:00:00-06:00,2022-07-17T00:00:00-06:00,2022-07-16T06:00:00Z,µg/m³
logan,S305,3346,305,reference,2022-07-17,7.92,4.5,8.7,11.5,1.7791006565093994,24,24,100.0,1,False,2022-07-17T00:00:00-06:00,2022-07-18T00:00:00-06:00,2022-07-17T06:00:00Z,µg/m³
logan,S305,3346,305,reference,2022-07-18,9.24,3.9,9.1,16.0,3.4611902236938477,24,24,100.0,1,False,2022-07-18T00:00:00-06:00,2022-07-19T00:00:00-06:00,2022-07-18T06:00:00Z,µg/m³
logan,S305,3346,305,reference,2022-07-19,11.5,6.0,9.45,24.6,5.743261814117432,24,24,100.0,1,False,2022-07-19T00:00:00-06:00,2022-07-20T00:00:00-06:00,2022-07-19T06:00:00Z,µg/m³
logan,S305,3346,305,reference,2022-07-20,11.5,7.8,11.5,13.8,1.4727147817611694,18,24,75.0,1,False,2022-07-20T00:00:00-06:00,2022-07-21T00:00:00-06:00,2022-07-20T06:00:00Z,µg/m³
logan,S305,3346,305,reference,2022-07-21,9.81,3.9,10.4,15.1,2.8960812091827393,21,24,88.0,1,False,2022-07-21T00:00:00-06:00,2022-07-22T00:00:00-06:00,2022-07-21T06:00:00Z,µg/m³
logan,S305,3346,305,reference,2022-07-22,8.31,4.1,8.25,13.1,2.123228073120117,24,24,100.0,1,False,2022-07-22T00:00:00-06:00,2022-07-23T00:00:00-06:00,2022-07-22T06:00:00Z,µg/m³
logan,S305,3346,305,reference,2022-07-23,8.83,4.8,7.25,31.5,6.064884662628174,24,24,100.0,1,False,2022-07-23T00:00:00-06:00,2022-07-24T00:00:00-06:00,2022-07-23T06:00:00Z,µg/m³
logan,S305,3346,305,reference,2022-07-24,10.7,5.2,11.2,24.0,4.250899314880371,24,24,100.0,1,False,2022-07-24T00:00:00-06:00,2022-07-25T00:00:00-06:00,2022-07-24T06:00:00Z,µg/m³
logan,S305,3346,305,reference,2022-07-25,7.06,4.4,6.3,10.9,1.8997999429702759,19,24,79.0,1,False,2022-07-25T00:00:00-06:00,2022-07-26T00:00:00-06:00,2022-07-25T06:00:00Z,µg/m³
logan,S305,3346,305,reference,2022-07-26,9.66,7.2,9.2,12.7,2.3071627616882324,5,24,21.0,0,False,2022-07-26T00:00:00-06:00,2022-07-27T00:00:00-06:00,2022-07-26T06:00:00Z,µg/m³
logan,S305,3346,305,reference,2022-07-27,13.7,9.8,12.4,21.9,3.304110050201416,21,24,88.0,1,False,2022-07-27T00:00:00-06:00,2022-07-28T00:00:00-06:00,2022-07-27T06:00:00Z,µg/m³
logan,S305,3346,305,reference,2022-07-28,12.3,4.9,12.6,24.1,4.554401397705078,21,24,88.0,1,False,2022-07-28T00:00:00-06:00,2022-07-29T00:00:00-06:00,2022-07-28T06:00:00Z,µg/m³
logan,S305,3346,305,reference,2022-07-29,10.7,5.7,9.45,18.0,3.9484357833862305,24,24,100.0,1,False,2022-07-29T00:00:00-06:00,2022-07-30T00:00:00-06:00,2022-07-29T06:00:00Z,µg/m³
logan,S305,3346,305,reference,2022-07-30,11.7,5.6,12.6,17.4,3.3008534908294678,24,24,100.0,1,False,2022-07-30T00:00:00-06:00,2022-07-31T00:00:00-06:00,2022-07-30T06:00:00Z,µg/m³
logan,S305,3346,305,reference,2022-07-31,11.3,8.4,11.15,14.7,2.172151565551758,24,24,100.0,1,False,2022-07-31T00:00:00-06:00,2022-08-01T00:00:00-06:00,2022-07-31T06:00:00Z,µg/m³
logan,S305,3346,305,reference,2022-08-01,11.5,5.7,12.649999999999999,16.9,3.6421048641204834,24,24,100.0,1,False,2022-08-01T00:00:00-06:00,2022-08-02T00:00:00-06:00,2022-08-01T06:00:00Z,µg/m³
logan,S305,3346,305,reference,2022-08-02,8.46,4.7,8.45,12.6,2.1368021965026855,24,24,100.0,1,False,2022-08-02T00:00:00-06:00,2022-08-03T00:00:00-06:00,2022-08-02T06:00:00Z,µg/m³
logan,S305,3346,305,reference,2022-08-03,12.5,7.6,13.65,18.3,3.6305367946624756,24,24,100.0,1,False,2022-08-03T00:00:00-06:00,2022-08-04T00:00:00-06:00,2022-08-03T06:00:00Z,µg/m³
logan,S305,3346,305,reference,2022-08-04,11.5,6.5,9.9,18.2,3.6626172065734863,24,24,100.0,1,False,2022-08-04T00:00:00-06:00,2022-08-05T00:00:00-06:00,2022-08-04T06:00:00Z,µg/m³
logan,S305,3346,305,reference,2022-08-05,9.09,4.3,10.0,14.3,3.5728824138641357,24,24,100.0,1,False,2022-08-05T00:00:00-06:00,2022-08-06T00:00:00-06:00,2022-08-05T06:00:00Z,µg/m³
logan,S305,3346,305,reference,2022-08-06,3.13,0.7,3.3,6.1,1.792370080947876,24,24,100.0,1,False,2022-08-06T00:00:00-06:00,2022-08-07T00:00:00-06:00,2022-08-06T06:00:00Z,µg/m³
logan,S305,3346,305,reference,2022-08-07,6.15,1.9,6.1,11.7,2.5585286617279053,24,24,100.0,1,False,2022-08-07T00:00:00-06:00,2022-08-08T00:00:00-06:00,2022-08-07T06:00:00Z,µg/m³
logan,S305,3346,305,reference,2022-08-08,8.33,5.0,8.45,12.7,2.306182622909546,24,24,100.0,1,False,2022-08-08T00:00:00-06:00,2022-08-09T00:00:00-06:00,2022-08-08T06:00:00Z,µg/m³
logan,S305,3346,305,reference,2022-08-09,8.16,4.4,7.7,14.0,2.8683903217315674,24,24,100.0,1,False,2022-08-09T00:00:00-06:00,2022-08-10T00:00:00-06:00,2022-08-09T06:00:00Z,µg/m³
logan,S305,3346,305,reference,2022-08-10,8.25,3.1,8.45,13.6,2.8278090953826904,24,24,100.0,1,False,2022-08-10T00:00:00-06:00,2022-08-11T00:00:00-06:00,2022-08-10T06:00:00Z,µg/m³
logan,S305,3346,305,reference,2022-08-11,3.46,2.5,3.4,4.8,0.7384418845176697,23,24,96.0,1,False,2022-08-11T00:00:00-06:00,2022-08-12T00:00:00-06:00,2022-08-11T06:00:00Z,µg/m³
logan,S305,3346,305,reference,2022-08-12,5.57,2.7,4.85,9.6,2.441040277481079,24,24,100.0,1,False,2022-08-12T00:00:00-06:00,2022-08-13T00:00:00-06:00,2022-08-12T06:00:00Z,µg/m³
logan,S305,3346,305,reference,2022-08-13,4.41,2.0,4.55,7.9,1.4034974575042725,22,24,92.0,1,False,2022-08-13T00:00:00-06:00,2022-08-14T00:00:00-06:00,2022-08-13T06:00:00Z,µg/m³
logan,S305,3346,305,reference,2022-08-14,5.29,2.4,5.7,7.7,1.5567291975021362,24,24,100.0,1,False,2022-08-14T00:00:00-06:00,2022-08-15T00:00:00-06:00,2022-08-14T06:00:00Z,µg/m³
logan,S305,3346,305,reference,2022-08-15,6.17,4.2,6.3,8.3,1.2189327478408813,24,24,100.0,1,False,2022-08-15T00:00:00-06:00,2022-08-16T00:00:00-06:00,2022-08-15T06:00:00Z,µg/m³
logan,S305,3346,305,reference,2022-08-16,6.81,4.1,6.8,10.0,1.8703445196151733,24,24,100.0,1,False,2022-08-16T00:00:00-06:00,2022-08-17T00:00:00-06:00,2022-08-16T06:00:00Z,µg/m³
logan,S305,3346,305,reference,2022-08-17,7.33,5.3,7.2,12.4,1.7242745161056519,23,24,96.0,1,False,2022-08-17T00:00:00-06:00,2022-08-18T00:00:00-06:00,2022-08-17T06:00:00Z,µg/m³
logan,S305,3346,305,reference,2022-08-18,9.28,7.0,9.15,11.4,1.406893014907837,24,24,100.0,1,False,2022-08-18T00:00:00-06:00,2022-08-19T00:00:00-06:00,2022-08-18T06:00:00Z,µg/m³
logan,S305,3346,305,reference,2022-08-19,9.07,5.6,8.95,11.5,1.6788917779922485,24,24,100.0,1,False,2022-08-19T00:00:00-06:00,2022-08-20T00:00:00-06:00,2022-08-19T06:00:00Z,µg/m³
logan,S305,3346,305,reference,2022-08-20,6.81,3.8,6.5,9.4,1.6465818881988525,24,24,100.0,1,False,2022-08-20T00:00:00-06:00,2022-08-21T00:00:00-06:00,2022-08-20T06:00:00Z,µg/m³
logan,S305,3346,305,reference,2022-08-21,7.4,5.0,7.5,10.1,1.4340578317642212,24,24,100.0,1,False,2022-08-21T00:00:00-06:00,2022-08-22T00:00:00-06:00,2022-08-21T06:00:00Z,µg/m³
logan,S305,3346,305,reference,2022-08-22,6.43,4.3,6.5,9.0,1.5531810522079468,23,24,96.0,1,False,2022-08-22T00:00:00-06:00,2022-08-23T00:00:00-06:00,2022-08-22T06:00:00Z,µg/m³
logan,S305,3346,305,reference,2022-08-23,6.9,4.2,7.1,9.1,1.5126737356185913,23,24,96.0,1,False,2022-08-23T00:00:00-06:00,2022-08-24T00:00:00-06:00,2022-08-23T06:00:00Z,µg/m³
logan,S305,3346,305,reference,2022-08-24,7.71,3.4,7.85,11.5,2.214627504348755,18,24,75.0,1,False,2022-08-24T00:00:00-06:00,2022-08-25T00:00:00-06:00,2022-08-24T06:00:00Z,µg/m³
logan,S305,3346,305,reference,2022-08-25,6.1,5.2,5.7,7.5,0.9137833714485168,5,24,21.0,0,False,2022-08-25T00:00:00-06:00,2022-08-26T00:00:00-06:00,2022-08-25T06:00:00Z,µg/m³
logan,S305,3346,305,reference,2022-08-26,5.6,4.0,5.5,7.6,0.9484445452690125,24,24,100.0,1,False,2022-08-26T00:00:00-06:00,2022-08-27T00:00:00-06:00,2022-08-26T06:00:00Z,µg/m³
logan,S305,3346,305,reference,2022-08-27,6.42,3.2,7.05,8.7,1.6732165813446045,22,24,92.0,1,False,2022-08-27T00:00:00-06:00,2022-08-28T00:00:00-06:00,2022-08-27T06:00:00Z,µg/m³
logan,S305,3346,305,reference,2022-08-28,8.98,3.2,9.8,12.8,2.918304920196533,24,24,100.0,1,False,2022-08-28T00:00:00-06:00,2022-08-29T00:00:00-06:00,2022-08-28T06:00:00Z,µg/m³
logan,S305,3346,305,reference,2022-08-29,5.48,3.5,5.7,8.3,1.2812111377716064,23,24,96.0,1,False,2022-08-29T00:00:00-06:00,2022-08-30T00:00:00-06:00,2022-08-29T06:00:00Z,µg/m³
logan,S305,3346,305,reference,2022-08-30,7.44,4.7,7.25,11.3,1.982710599899292,24,24,100.0,1,False,2022-08-30T00:00:00-06:00,2022-08-31T00:00:00-06:00,2022-08-30T06:00:00Z,µg/m³
logan,S305,3346,305,reference,2022-08-31,6.51,3.0,7.15,10.8,2.1607792377471924,24,24,100.0,1,False,2022-08-31T00:00:00-06:00,2022-09-01T00:00:00-06:00,2022-08-31T06:00:00Z,µg/m³
logan,S305,3346,305,reference,2022-09-01,8.21,4.8,7.6,13.0,2.2435591220855713,23,24,96.0,1,False,2022-09-01T00:00:00-06:00,2022-09-02T00:00:00-06:00,2022-09-01T06:00:00Z,µg/m³
logan,S305,3346,305,reference,2022-09-02,10.4,5.4,10.45,16.3,2.664623260498047,24,24,100.0,1,False,2022-09-02T00:00:00-06:00,2022-09-03T00:00:00-06:00,2022-09-02T06:00:00Z,µg/m³
logan,S305,3346,305,reference,2022-09-03,9.0,5.5,9.8,11.7,2.1124887466430664,24,24,100.0,1,False,2022-09-03T00:00:00-06:00,2022-09-04T00:00:00-06:00,2022-09-03T06:00:00Z,µg/m³
logan,S305,3346,305,reference,2022-09-04,7.02,5.6,6.9,11.8,1.2627322673797607,24,24,100.0,1,False,2022-09-04T00:00:00-06:00,2022-09-05T00:00:00-06:00,2022-09-04T06:00:00Z,µg/m³
logan,S305,3346,305,reference,2022-09-05,8.71,6.5,8.25,13.2,1.6499048471450806,22,24,92.0,1,False,2022-09-05T00:00:00-06:00,2022-09-06T00:00:00-06:00,2022-09-05T06:00:00Z,µg/m³
logan,S305,3346,305,reference,2022-09-06,11.2,8.0,10.649999999999999,21.8,3.4450552463531494,24,24,100.0,1,False,2022-09-06T00:00:00-06:00,2022-09-07T00:00:00-06:00,2022-09-06T06:00:00Z,µg/m³
logan,S305,3346,305,reference,2022-09-07,12.0,7.6,11.9,17.4,2.966146230697632,23,24,96.0,1,False,2022-09-07T00:00:00-06:00,2022-09-08T00:00:00-06:00,2022-09-07T06:00:00Z,µg/m³
logan,S305,3346,305,reference,2022-09-08,19.9,6.8,12.4,80.2,19.547155380249023,24,24,100.0,1,False,2022-09-08T00:00:00-06:00,2022-09-09T00:00:00-06:00,2022-09-08T06:00:00Z,µg/m³
logan,S305,3346,305,reference,2022-09-09,62.4,45.8,61.05,85.0,10.205184936523438,24,24,100.0,1,False,2022-09-09T00:00:00-06:00,2022-09-10T00:00:00-06:00,2022-09-09T06:00:00Z,µg/m³
logan,S305,3346,305,reference,2022-09-10,27.8,14.7,25.700000000000003,59.8,12.800518035888672,24,24,100.0,1,False,2022-09-10T00:00:00-06:00,2022-09-11T00:00:00-06:00,2022-09-10T06:00:00Z,µg/m³
logan,S305,3346,305,reference,2022-09-11,20.3,15.7,20.25,23.6,2.1085703372955322,24,24,100.0,1,False,2022-09-11T00:00:00-06:00,2022-09-12T00:00:00-06:00,2022-09-11T06:00:00Z,µg/m³
logan,S305,3346,305,reference,2022-09-12,18.2,11.8,19.45,22.5,3.357985734939575,24,24,100.0,1,False,2022-09-12T00:00:00-06:00,2022-09-13T00:00:00-06:00,2022-09-12T06:00:00Z,µg/m³
logan,S305,3346,305,reference,2022-09-13,9.88,2.0,10.35,17.8,5.93253755569458,24,24,100.0,1,False,2022-09-13T00:00:00-06:00,2022-09-14T00:00:00-06:00,2022-09-13T06:00:00Z,µg/m³
logan,S305,3346,305,reference,2022-09-14,4.81,1.3,3.95,10.7,2.9691622257232666,24,24,100.0,1,False,2022-09-14T00:00:00-06:00,2022-09-15T00:00:00-06:00,2022-09-14T06:00:00Z,µg/m³
logan,S305,3346,305,reference,2022-09-15,8.78,4.1,10.5,12.0,3.138216972351074,24,24,100.0,1,False,2022-09-15T00:00:00-06:00,2022-09-16T00:00:00-06:00,2022-09-15T06:00:00Z,µg/m³
logan,S305,3346,305,reference,2022-09-16,5.62,1.3,6.7,11.0,3.206116199493408,19,24,79.0,1,False,2022-09-16T00:00:00-06:00,2022-09-17T00:00:00-06:00,2022-09-16T06:00:00Z,µg/m³
logan,S305,3346,305,reference,2022-09-17,9.45,3.4,9.9,13.0,2.5493392944335938,24,24,100.0,1,False,2022-09-17T00:00:00-06:00,2022-09-18T00:00:00-06:00,2022-09-17T06:00:00Z,µg/m³
logan,S305,3346,305,reference,2022-09-18,3.65,1.7,3.8499999999999996,6.1,1.5781054496765137,24,24,100.0,1,False,2022-09-18T00:00:00-06:00,2022-09-19T00:00:00-06:00,2022-09-18T06:00:00Z,µg/m³
logan,S305,3346,305,reference,2022-09-19,3.6,1.9,3.1500000000000004,8.2,1.505202293395996,24,24,100.0,1,False,2022-09-19T00:00:00-06:00,2022-09-20T00:00:00-06:00,2022-09-19T06:00:00Z,µg/m³
logan,S305,3346,305,reference,2022-09-20,5.62,2.2,4.55,16.3,2.9801759719848633,24,24,100.0,1,False,2022-09-20T00:00:00-06:00,2022-09-21T00:00:00-06:00,2022-09-20T06:00:00Z,µg/m³
logan,S305,3346,305,reference,2022-09-21,6.53,3.4,7.5,7.9,1.5935956239700317,24,24,100.0,1,False,2022-09-21T00:00:00-06:00,2022-09-22T00:00:00-06:00,2022-09-21T06:00:00Z,µg/m³
logan,S305,3346,305,reference,2022-09-22,5.44,1.7,7.5,7.5,2.341062068939209,21,24,88.0,1,False,2022-09-22T00:00:00-06:00,2022-09-23T00:00:00-06:00,2022-09-22T06:00:00Z,µg/m³
logan,S305,3346,305,reference,2022-09-23,7.94,2.9,8.25,15.0,3.2804408073425293,16,24,67.0,0,False,2022-09-23T00:00:00-06:00,2022-09-24T00:00:00-06:00,2022-09-23T06:00:00Z,µg/m³
logan,S305,3346,305,reference,2022-09-24,6.22,3.2,4.5,12.9,3.9442362785339355,5,24,21.0,0,False,2022-09-24T00:00:00-06:00,2022-09-25T00:00:00-06:00,2022-09-24T06:00:00Z,µg/m³
logan,S305,3346,305,reference,2022-09-25,4.5,2.7,4.1,14.9,2.386606216430664,23,24,96.0,1,False,2022-09-25T00:00:00-06:00,2022-09-26T00:00:00-06:00,2022-09-25T06:00:00Z,µg/m³
logan,S305,3346,305,reference,2022-09-26,5.6,3.0,5.6,7.9,1.2486356496810913,23,24,96.0,1,False,2022-09-26T00:00:00-06:00,2022-09-27T00:00:00-06:00,2022-09-26T06:00:00Z,µg/m³
logan,S305,3346,305,reference,2022-09-27,5.7,3.2,5.0,11.7,2.440776824951172,24,24,100.0,1,False,2022-09-27T00:00:00-06:00,2022-09-28T00:00:00-06:00,2022-09-27T06:00:00Z,µg/m³
logan,S305,3346,305,reference,2022-09-28,5.48,3.5,4.9,16.3,2.5618014335632324,24,24,100.0,1,False,2022-09-28T00:00:00-06:00,2022-09-29T00:00:00-06:00,2022-09-28T06:00:00Z,µg/m³
logan,S305,3346,305,reference,2022-09-29,4.62,2.5,4.3,7.6,1.4625260829925537,22,24,92.0,1,False,2022-09-29T00:00:00-06:00,2022-09-30T00:00:00-06:00,2022-09-29T06:00:00Z,µg/m³
logan,S305,3346,305,reference,2022-09-30,5.36,2.1,5.15,9.1,1.7968369722366333,24,24,100.0,1,False,2022-09-30T00:00:00-06:00,2022-10-01T00:00:00-06:00,2022-09-30T06:00:00Z,µg/m³
logan,S305,3346,305,reference,2022-10-01,6.41,2.5,6.95,8.8,1.8582171201705933,24,24,100.0,1,False,2022-10-01T00:00:00-06:00,2022-10-02T00:00:00-06:00,2022-10-01T06:00:00Z,µg/m³
logan,S305,3346,305,reference,2022-10-02,5.23,2.8,5.300000000000001,8.7,1.762527585029602,24,24,100.0,1,False,2022-10-02T00:00:00-06:00,2022-10-03T00:00:00-06:00,2022-10-02T06:00:00Z,µg/m³
logan,S305,3346,305,reference,2022-10-03,6.44,4.0,6.05,10.0,1.6051039695739746,24,24,100.0,1,False,2022-10-03T00:00:00-06:00,2022-10-04T00:00:00-06:00,2022-10-03T06:00:00Z,µg/m³
logan,S305,3346,305,reference,2022-10-04,6.42,3.2,6.1,12.9,2.4160656929016113,24,24,100.0,1,False,2022-10-04T00:00:00-06:00,2022-10-05T00:00:00-06:00,2022-10-04T06:00:00Z,µg/m³
logan,S305,3346,305,reference,2022-10-05,5.06,2.6,4.7,10.1,1.9528825283050537,24,24,100.0,1,False,2022-10-05T00:00:00-06:00,2022-10-06T00:00:00-06:00,2022-10-05T06:00:00Z,µg/m³
logan,S305,3346,305,reference,2022-10-06,5.26,3.6,5.0,10.3,1.632260799407959,24,24,100.0,1,False,2022-10-06T00:00:00-06:00,2022-10-07T00:00:00-06:00,2022-10-06T06:00:00Z,µg/m³
logan,S305,3346,305,reference,2022-10-07,6.68,3.7,6.6,13.4,2.228933095932007,23,24,96.0,1,False,2022-10-07T00:00:00-06:00,2022-10-08T00:00:00-06:00,2022-10-07T06:00:00Z,µg/m³
logan,S305,3346,305,reference,2022-10-08,6.08,3.6,5.8,11.5,1.6886390447616577,23,24,96.0,1,False,2022-10-08T00:00:00-06:00,2022-10-09T00:00:00-06:00,2022-10-08T06:00:00Z,µg/m³
logan,S305,3346,305,reference,2022-10-09,6.41,3.9,6.7,8.8,1.301810383796692,24,24,100.0,1,False,2022-10-09T00:00:00-06:00,2022-10-10T00:00:00-06:00,2022-10-09T06:00:00Z,µg/m³
logan,S305,3346,305,reference,2022-10-10,9.23,5.9,9.55,14.3,2.224073648452759,24,24,100.0,1,False,2022-10-10T00:00:00-06:00,2022-10-11T00:00:00-06:00,2022-10-10T06:00:00Z,µg/m³
logan,S305,3346,305,reference,2022-10-11,9.75,6.0,10.5,12.4,2.1063051223754883,24,24,100.0,1,False,2022-10-11T00:00:00-06:00,2022-10-12T00:00:00-06:00,2022-10-11T06:00:00Z,µg/m³
logan,S305,3346,305,reference,2022-10-12,16.7,10.0,15.25,33.0,5.707959175109863,24,24,100.0,1,False,2022-10-12T00:00:00-06:00,2022-10-13T00:00:00-06:00,2022-10-12T06:00:00Z,µg/m³
logan,S305,3346,305,reference,2022-10-13,28.6,18.0,27.950000000000003,57.4,9.400920867919922,24,24,100.0,1,False,2022-10-13T00:00:00-06:00,2022-10-14T00:00:00-06:00,2022-10-13T06:00:00Z,µg/m³
logan,S305,3346,305,reference,2022-10-14,31.8,21.0,25.7,52.2,11.985943794250488,7,24,29.0,0,False,2022-10-14T00:00:00-06:00,2022-10-15T00:00:00-06:00,2022-10-14T06:00:00Z,µg/m³
logan,S305,3346,305,reference,2022-10-17,8.22,4.2,6.45,16.4,3.775259256362915,14,24,58.0,0,False,2022-10-17T00:00:00-06:00,2022-10-18T00:00:00-06:00,2022-10-17T06:00:00Z,µg/m³
logan,S305,3346,305,reference,2022-10-18,8.08,0.9,5.65,43.1,9.487794876098633,24,24,100.0,1,False,2022-10-18T00:00:00-06:00,2022-10-19T00:00:00-06:00,2022-10-18T06:00:00Z,µg/m³
logan,S305,3346,305,reference,2022-10-19,4.83,2.3,3.9000000000000004,14.3,2.8725745677948,20,24,83.0,1,False,2022-10-19T00:00:00-06:00,2022-10-20T00:00:00-06:00,2022-10-19T06:00:00Z,µg/m³
logan,S305,3346,305,reference,2022-10-20,5.28,2.5,4.9,11.6,2.167729616165161,23,24,96.0,1,False,2022-10-20T00:00:00-06:00,2022-10-21T00:00:00-06:00,2022-10-20T06:00:00Z,µg/m³
logan,S305,3346,305,reference,2022-10-21,7.18,3.9,7.449999999999999,13.2,2.5916671752929688,24,24,100.0,1,False,2022-10-21T00:00:00-06:00,2022-10-22T00:00:00-06:00,2022-10-21T06:00:00Z,µg/m³
logan,S305,3346,305,reference,2022-10-22,5.27,0.8,3.3499999999999996,18.7,5.285540580749512,24,24,100.0,1,False,2022-10-22T00:00:00-06:00,2022-10-23T00:00:00-06:00,2022-10-22T06:00:00Z,µg/m³
logan,S305,3346,305,reference,2022-10-23,3.71,1.5,4.0,5.7,1.3923978805541992,19,24,79.0,1,False,2022-10-23T00:00:00-06:00,2022-10-24T00:00:00-06:00,2022-10-23T06:00:00Z,µg/m³
logan,S305,3346,305,reference,2022-10-24,3.6,2.7,3.3,5.0,0.919238805770874,5,24,21.0,0,False,2022-10-24T00:00:00-06:00,2022-10-25T00:00:00-06:00,2022-10-24T06:00:00Z,µg/m³
logan,S305,3346,305,reference,2022-10-25,3.65,1.9,3.5,6.5,1.1750963926315308,24,24,100.0,1,False,2022-10-25T00:00:00-06:00,2022-10-26T00:00:00-06:00,2022-10-25T06:00:00Z,µg/m³
logan,S305,3346,305,reference,2022-10-26,3.93,1.2,3.55,9.2,2.0400874614715576,24,24,100.0,1,False,2022-10-26T00:00:00-06:00,2022-10-27T00:00:00-06:00,2022-10-26T06:00:00Z,µg/m³
logan,S305,3346,305,reference,2022-10-27,3.45,2.2,3.25,6.5,1.0069234371185303,24,24,100.0,1,False,2022-10-27T00:00:00-06:00,2022-10-28T00:00:00-06:00,2022-10-27T06:00:00Z,µg/m³
logan,S305,3346,305,reference,2022-10-28,8.57,2.6,5.4,19.4,5.7567524909973145,23,24,96.0,1,False,2022-10-28T00:00:00-06:00,2022-10-29T00:00:00-06:00,2022-10-28T06:00:00Z,µg/m³
logan,S305,3346,305,reference,2022-10-29,8.4,4.6,7.65,17.6,2.9627366065979004,24,24,100.0,1,False,2022-10-29T00:00:00-06:00,2022-10-30T00:00:00-06:00,2022-10-29T06:00:00Z,µg/m³
logan,S305,3346,305,reference,2022-10-30,6.88,4.1,7.05,10.5,1.6677677631378174,24,24,100.0,1,False,2022-10-30T00:00:00-06:00,2022-10-31T00:00:00-06:00,2022-10-30T06:00:00Z,µg/m³
logan,S305,3346,305,reference,2022-10-31,6.58,3.7,6.5,9.4,1.258795142173767,24,24,100.0,1,False,2022-10-31T00:00:00-06:00,2022-11-01T00:00:00-06:00,2022-10-31T06:00:00Z,µg/m³
logan,S305,3346,305,reference,2022-11-01,4.66,2.1,4.55,8.9,1.919446587562561,24,24,100.0,1,False,2022-11-01T00:00:00-06:00,2022-11-02T00:00:00-06:00,2022-11-01T06:00:00Z,µg/m³
logan,S305,3346,305,reference,2022-11-02,2.28,0.3,1.2000000000000002,10.2,2.249573230743408,24,24,100.0,1,False,2022-11-02T00:00:00-06:00,2022-11-03T00:00:00-06:00,2022-11-02T06:00:00Z,µg/m³
logan,S305,3346,305,reference,2022-11-03,4.3,1.8,4.6,6.6,1.206316351890564,24,24,100.0,1,False,2022-11-03T00:00:00-06:00,2022-11-04T00:00:00-06:00,2022-11-03T06:00:00Z,µg/m³
logan,S305,3346,305,reference,2022-11-04,3.49,1.3,3.5,6.5,1.7323802709579468,24,24,100.0,1,False,2022-11-04T00:00:00-06:00,2022-11-05T00:00:00-06:00,2022-11-04T06:00:00Z,µg/m³
logan,S305,3346,305,reference,2022-11-05,1.1,0.7,1.05,1.5,0.23678860068321228,24,24,100.0,1,False,2022-11-05T00:00:00-06:00,2022-11-06T00:00:00-06:00,2022-11-05T06:00:00Z,µg/m³
logan,S305,3346,305,reference,2022-11-06,3.43,1.2,2.1,14.4,3.0554213523864746,25,24,104.0,1,False,2022-11-06T00:00:00-06:00,2022-11-07T00:00:00-07:00,2022-11-06T06:00:00Z,µg/m³
logan,S305,3346,305,reference,2022-11-07,2.78,0.5,1.7,8.0,2.4099395275115967,24,24,100.0,1,False,2022-11-07T00:00:00-07:00,2022-11-08T00:00:00-07:00,2022-11-07T07:00:00Z,µg/m³
logan,S305,3346,305,reference,2022-11-08,2.33,0.3,1.5,5.9,1.9075055122375488,23,24,96.0,1,False,2022-11-08T00:00:00-07:00,2022-11-09T00:00:00-07:00,2022-11-08T07:00:00Z,µg/m³
logan,S305,3346,305,reference,2022-11-09,0.779,0.1,0.5,3.8,0.9505051970481873,24,24,100.0,1,False,2022-11-09T00:00:00-07:00,2022-11-10T00:00:00-07:00,2022-11-09T07:00:00Z,µg/m³
logan,S305,3346,305,reference,2022-11-10,4.48,2.0,5.0,6.2,1.1314668655395508,24,24,100.0,1,False,2022-11-10T00:00:00-07:00,2022-11-11T00:00:00-07:00,2022-11-10T07:00:00Z,µg/m³
logan,S305,3346,305,reference,2022-11-11,4.64,3.4,4.65,7.6,1.010730504989624,24,24,100.0,1,False,2022-11-11T00:00:00-07:00,2022-11-12T00:00:00-07:00,2022-11-11T07:00:00Z,µg/m³
logan,S305,3346,305,reference,2022-11-12,6.32,4.2,6.0,10.3,1.6583560705184937,24,24,100.0,1,False,2022-11-12T00:00:00-07:00,2022-11-13T00:00:00-07:00,2022-11-12T07:00:00Z,µg/m³
logan,S305,3346,305,reference,2022-11-13,8.89,6.0,8.5,12.6,1.6756353378295898,24,24,100.0,1,False,2022-11-13T00:00:00-07:00,2022-11-14T00:00:00-07:00,2022-11-13T07:00:00Z,µg/m³
logan,S305,3346,305,reference,2022-11-14,6.63,3.5,6.75,9.5,1.868847370147705,24,24,100.0,1,False,2022-11-14T00:00:00-07:00,2022-11-15T00:00:00-07:00,2022-11-14T07:00:00Z,µg/m³
logan,S305,3346,305,reference,2022-11-15,6.34,3.4,6.3,12.3,2.076328754425049,24,24,100.0,1,False,2022-11-15T00:00:00-07:00,2022-11-16T00:00:00-07:00,2022-11-15T07:00:00Z,µg/m³
logan,S305,3346,305,reference,2022-11-16,6.01,3.4,6.15,7.9,1.0826363563537598,24,24,100.0,1,False,2022-11-16T00:00:00-07:00,2022-11-17T00:00:00-07:00,2022-11-16T07:00:00Z,µg/m³
logan,S305,3346,305,reference,2022-11-17,9.67,7.3,9.600000000000001,12.5,1.359241008758545,24,24,100.0,1,False,2022-11-17T00:00:00-07:00,2022-11-18T00:00:00-07:00,2022-11-17T07:00:00Z,µg/m³
logan,S305,3346,305,reference,2022-11-18,3.35,1.6,3.0,6.3,1.3972021341323853,24,24,100.0,1,False,2022-11-18T00:00:00-07:00,2022-11-19T00:00:00-07:00,2022-11-18T07:00:00Z,µg/m³
logan,S305,3346,305,reference,2022-11-19,6.03,3.7,5.449999999999999,13.5,2.309950113296509,24,24,100.0,1,False,2022-11-19T00:00:00-07:00,2022-11-20T00:00:00-07:00,2022-11-19T07:00:00Z,µg/m³
logan,S305,3346,305,reference,2022-11-20,9.18,6.8,7.95,15.3,2.500825881958008,24,24,100.0,1,False,2022-11-20T00:00:00-07:00,2022-11-21T00:00:00-07:00,2022-11-20T07:00:00Z,µg/m³
logan,S305,3346,305,reference,2022-11-21,11.7,8.4,11.75,16.4,1.9785809516906738,24,24,100.0,1,False,2022-11-21T00:00:00-07:00,2022-11-22T00:00:00-07:00,2022-11-21T07:00:00Z,µg/m³
logan,S305,3346,305,reference,2022-11-22,12.3,11.4,11.9,13.4,0.7512382864952087,13,24,54.0,0,False,2022-11-22T00:00:00-07:00,2022-11-23T00:00:00-07:00,2022-11-22T07:00:00Z,µg/m³
logan,S305,3346,305,reference,2022-11-23,6.43,5.0,5.95,8.9,1.5240297317504883,6,24,25.0,0,False,2022-11-23T00:00:00-07:00,2022-11-24T00:00:00-07:00,2022-11-23T07:00:00Z,µg/m³
logan,S305,3346,305,reference,2022-11-24,6.74,4.6,5.95,15.0,2.222378730773926,24,24,100.0,1,False,2022-11-24T00:00:00-07:00,2022-11-25T00:00:00-07:00,2022-11-24T07:00:00Z,µg/m³
logan,S305,3346,305,reference,2022-11-25,7.53,4.3,7.45,11.0,2.0070888996124268,24,24,100.0,1,False,2022-11-25T00:00:00-07:00,2022-11-26T00:00:00-07:00,2022-11-25T07:00:00Z,µg/m³
logan,S305,3346,305,reference,2022-11-26,11.5,9.2,11.05,15.0,1.67578125,24,24,100.0,1,False,2022-11-26T00:00:00-07:00,2022-11-27T00:00:00-07:00,2022-11-26T07:00:00Z,µg/m³
logan,S305,3346,305,reference,2022-11-27,7.97,0.9,6.35,18.2,6.098087310791016,24,24,100.0,1,False,2022-11-27T00:00:00-07:00,2022-11-28T00:00:00-07:00,2022-11-27T07:00:00Z,µg/m³
logan,S305,3346,305,reference,2022-11-28,1.0,0.2,0.75,2.7,0.6971993446350098,24,24,100.0,1,False,2022-11-28T00:00:00-07:00,2022-11-29T00:00:00-07:00,2022-11-28T07:00:00Z,µg/m³
logan,S305,3346,305,reference,2022-11-29,0.654,0.2,0.6,1.1,0.22453655302524567,24,24,100.0,1,False,2022-11-29T00:00:00-07:00,2022-11-30T00:00:00-07:00,2022-11-29T07:00:00Z,µg/m³
logan,S305,3346,305,reference,2022-11-30,2.71,0.8,1.35,9.4,2.847564458847046,24,24,100.0,1,False,2022-11-30T00:00:00-07:00,2022-12-01T00:00:00-07:00,2022-11-30T07:00:00Z,µg/m³
logan,S305,3346,305,reference,2022-12-01,6.12,4.2,5.25,12.0,2.220001220703125,24,24,100.0,1,False,2022-12-01T00:00:00-07:00,2022-12-02T00:00:00-07:00,2022-12-01T07:00:00Z,µg/m³
logan,S305,3346,305,reference,2022-12-02,3.51,0.6,2.2,9.9,3.2771828174591064,24,24,100.0,1,False,2022-12-02T00:00:00-07:00,2022-12-03T00:00:00-07:00,2022-12-02T07:00:00Z,µg/m³
logan,S305,3346,305,reference,2022-12-03,9.09,0.7,8.5,16.0,4.0717387199401855,24,24,100.0,1,False,2022-12-03T00:00:00-07:00,2022-12-04T00:00:00-07:00,2022-12-03T07:00:00Z,µg/m³
logan,S305,3346,305,reference,2022-12-04,17.5,11.4,18.4,22.4,3.3912265300750732,24,24,100.0,1,False,2022-12-04T00:00:00-07:00,2022-12-05T00:00:00-07:00,2022-12-04T07:00:00Z,µg/m³
logan,S305,3346,305,reference,2022-12-05,10.8,5.6,10.149999999999999,20.5,3.208672523498535,24,24,100.0,1,False,2022-12-05T00:00:00-07:00,2022-12-06T00:00:00-07:00,2022-12-05T07:00:00Z,µg/m³
logan,S305,3346,305,reference,2022-12-06,12.9,5.3,12.5,19.4,4.482475757598877,24,24,100.0,1,False,2022-12-06T00:00:00-07:00,2022-12-07T00:00:00-07:00,2022-12-06T07:00:00Z,µg/m³
logan,S305,3346,305,reference,2022-12-07,10.6,4.5,10.1,24.7,4.070137023925781,24,24,100.0,1,False,2022-12-07T00:00:00-07:00,2022-12-08T00:00:00-07:00,2022-12-07T07:00:00Z,µg/m³
logan,S305,3346,305,reference,2022-12-08,21.7,9.3,23.6,32.2,8.333613395690918,24,24,100.0,1,False,2022-12-08T00:00:00-07:00,2022-12-09T00:00:00-07:00,2022-12-08T07:00:00Z,µg/m³
logan,S305,3346,305,reference,2022-12-09,11.2,2.9,12.05,23.9,6.42851448059082,24,24,100.0,1,False,2022-12-09T00:00:00-07:00,2022-12-10T00:00:00-07:00,2022-12-09T07:00:00Z,µg/m³
logan,S305,3346,305,reference,2022-12-10,6.93,3.5,5.95,26.6,4.408259868621826,24,24,100.0,1,False,2022-12-10T00:00:00-07:00,2022-12-11T00:00:00-07:00,2022-12-10T07:00:00Z,µg/m³
logan,S305,3346,305,reference,2022-12-11,2.03,0.5,0.75,11.1,2.4678218364715576,24,24,100.0,1,False,2022-12-11T00:00:00-07:00,2022-12-12T00:00:00-07:00,2022-12-11T07:00:00Z,µg/m³
logan,S305,3346,305,reference,2022-12-12,0.817,0.1,0.6499999999999999,3.5,0.7069017887115479,24,24,100.0,1,False,2022-12-12T00:00:00-07:00,2022-12-13T00:00:00-07:00,2022-12-12T07:00:00Z,µg/m³
logan,S305,3346,305,reference,2022-12-13,7.45,0.7,9.9,14.7,5.205265045166016,24,24,100.0,1,False,2022-12-13T00:00:00-07:00,2022-12-14T00:00:00-07:00,2022-12-13T07:00:00Z,µg/m³
logan,S305,3346,305,reference,2022-12-14,10.6,3.0,10.600000000000001,19.8,5.16356897354126,24,24,100.0,1,False,2022-12-14T00:00:00-07:00,2022-12-15T00:00:00-07:00,2022-12-14T07:00:00Z,µg/m³
logan,S305,3346,305,reference,2022-12-15,8.61,4.9,7.0,15.8,3.490647554397583,24,24,100.0,1,False,2022-12-15T00:00:00-07:00,2022-12-16T00:00:00-07:00,2022-12-15T07:00:00Z,µg/m³
logan,S305,3346,305,reference,2022-12-16,9.39,3.6,9.95,14.7,3.3595175743103027,24,24,100.0,1,False,2022-12-16T00:00:00-07:00,2022-12-17T00:00:00-07:00,2022-12-16T07:00:00Z,µg/m³
logan,S305,3346,305,reference,2022-12-17,18.3,9.8,18.1,28.6,4.246703624725342,24,24,100.0,1,False,2022-12-17T00:00:00-07:00,2022-12-18T00:00:00-07:00,2022-12-17T07:00:00Z,µg/m³
logan,S305,3346,305,reference,2022-12-18,20.2,13.6,19.4,28.4,4.212711334228516,24,24,100.0,1,False,2022-12-18T00:00:00-07:00,2022-12-19T00:00:00-07:00,2022-12-18T07:00:00Z,µg/m³
logan,S305,3346,305,reference,2022-12-19,33.4,21.6,35.599999999999994,44.9,7.154960632324219,24,24,100.0,1,False,2022-12-19T00:00:00-07:00,2022-12-20T00:00:00-07:00,2022-12-19T07:00:00Z,µg/m³
logan,S305,3346,305,reference,2022-12-20,37.2,9.9,42.6,53.3,13.579297065734863,24,24,100.0,1,False,2022-12-20T00:00:00-07:00,2022-12-21T00:00:00-07:00,2022-12-20T07:00:00Z,µg/m³
logan,S305,3346,305,reference,2022-12-21,7.33,0.6,1.9,25.7,9.376810073852539,24,24,100.0,1,False,2022-12-21T00:00:00-07:00,2022-12-22T00:00:00-07:00,2022-12-21T07:00:00Z,µg/m³
logan,S305,3346,305,reference,2022-12-22,1.99,0.8,1.45,4.3,1.057682752609253,18,24,75.0,1,False,2022-12-22T00:00:00-07:00,2022-12-23T00:00:00-07:00,2022-12-22T07:00:00Z,µg/m³
logan,S305,3346,305,reference,2022-12-23,24.4,15.9,22.6,42.6,9.836140632629395,6,24,25.0,0,False,2022-12-23T00:00:00-07:00,2022-12-24T00:00:00-07:00,2022-12-23T07:00:00Z,µg/m³
logan,S305,3346,305,reference,2022-12-24,36.0,25.8,38.5,42.4,4.991384029388428,24,24,100.0,1,False,2022-12-24T00:00:00-07:00,2022-12-25T00:00:00-07:00,2022-12-24T07:00:00Z,µg/m³
logan,S305,3346,305,reference,2022-12-25,41.2,36.0,40.5,53.0,4.154480934143066,24,24,100.0,1,False,2022-12-25T00:00:00-07:00,2022-12-26T00:00:00-07:00,2022-12-25T07:00:00Z,µg/m³
logan,S305,3346,305,reference,2022-12-26,37.4,13.7,38.55,47.7,8.51831340789795,24,24,100.0,1,False,2022-12-26T00:00:00-07:00,2022-12-27T00:00:00-07:00,2022-12-26T07:00:00Z,µg/m³
logan,S305,3346,305,reference,2022-12-27,7.53,0.2,2.2,25.2,9.04104995727539,24,24,100.0,1,False,2022-12-27T00:00:00-07:00,2022-12-28T00:00:00-07:00,2022-12-27T07:00:00Z,µg/m³
logan,S305,3346,305,reference,2022-12-28,0.65,0.2,0.4,2.0,0.5030342936515808,24,24,100.0,1,False,2022-12-28T00:00:00-07:00,2022-12-29T00:00:00-07:00,2022-12-28T07:00:00Z,µg/m³
logan,S305,3346,305,reference,2022-12-29,2.63,0.4,1.8,7.0,2.1856582164764404,24,24,100.0,1,False,2022-12-29T00:00:00-07:00,2022-12-30T00:00:00-07:00,2022-12-29T07:00:00Z,µg/m³
logan,S305,3346,305,reference,2022-12-30,6.58,4.4,5.85,12.4,2.220454216003418,24,24,100.0,1,False,2022-12-30T00:00:00-07:00,2022-12-31T00:00:00-07:00,2022-12-30T07:00:00Z,µg/m³
logan,S305,3346,305,reference,2022-12-31,1.85,0.4,1.1,6.7,1.827799677848816,24,24,100.0,1,False,2022-12-31T00:00:00-07:00,2023-01-01T00:00:00-07:00,2022-12-31T07:00:00Z,µg/m³
logan,S305,3346,305,reference,2023-01-01,1.77,0.4,1.1,9.5,2.0335190296173096,24,24,100.0,1,False,2023-01-01T00:00:00-07:00,2023-01-02T00:00:00-07:00,2023-01-01T07:00:00Z,µg/m³
logan,S305,3346,305,reference,2023-01-02,2.48,0.9,1.85,7.5,1.8158670663833618,24,24,100.0,1,False,2023-01-02T00:00:00-07:00,2023-01-03T00:00:00-07:00,2023-01-02T07:00:00Z,µg/m³
logan,S305,3346,305,reference,2023-01-03,9.53,2.8,11.0,16.9,4.790177345275879,24,24,100.0,1,False,2023-01-03T00:00:00-07:00,2023-01-04T00:00:00-07:00,2023-01-03T07:00:00Z,µg/m³
logan,S305,3346,305,reference,2023-01-04,16.1,2.7,16.799999999999997,27.8,7.9870171546936035,24,24,100.0,1,False,2023-01-04T00:00:00-07:00,2023-01-05T00:00:00-07:00,2023-01-04T07:00:00Z,µg/m³
logan,S305,3346,305,reference,2023-01-05,27.6,21.5,27.2,32.0,3.1144356727600098,24,24,100.0,1,False,2023-01-05T00:00:00-07:00,2023-01-06T00:00:00-07:00,2023-01-05T07:00:00Z,µg/m³
logan,S305,3346,305,reference,2023-01-06,13.7,0.5,12.45,32.1,11.000710487365723,24,24,100.0,1,False,2023-01-06T00:00:00-07:00,2023-01-07T00:00:00-07:00,2023-01-06T07:00:00Z,µg/m³
logan,S305,3346,305,reference,2023-01-07,9.84,6.2,7.949999999999999,20.9,4.0421600341796875,24,24,100.0,1,False,2023-01-07T00:00:00-07:00,2023-01-08T00:00:00-07:00,2023-01-07T07:00:00Z,µg/m³
logan,S305,3346,305,reference,2023-01-08,6.0,2.4,5.35,10.5,2.65346360206604,24,24,100.0,1,False,2023-01-08T00:00:00-07:00,2023-01-09T00:00:00-07:00,2023-01-08T07:00:00Z,µg/m³
logan,S305,3346,305,reference,2023-01-09,10.6,7.0,10.8,16.3,2.5363123416900635,24,24,100.0,1,False,2023-01-09T00:00:00-07:00,2023-01-10T00:00:00-07:00,2023-01-09T07:00:00Z,µg/m³
logan,S305,3346,305,reference,2023-01-10,4.64,0.4,3.0,11.0,3.77247677629273,23,24,96.0,1,False,2023-01-10T00:00:00-07:00,2023-01-11T00:00:00-07:00,2023-01-10T07:00:00Z,µg/m³
logan,S305,3346,305,reference,2023-01-11,1.05,0.3,0.7,3.7,0.9760774931977853,11,24,46.0,0,False,2023-01-11T00:00:00-07:00,2023-01-12T00:00:00-07:00,2023-01-11T07:00:00Z,µg/m³
logan,S305,3346,305,reference,2023-01-15,1.13,0.4,0.8,2.2,0.7004760286167306,6,24,25.0,0,False,2023-01-15T00:00:00-07:00,2023-01-16T00:00:00-07:00,2023-01-15T07:00:00Z,µg/m³
logan,S305,3346,305,reference,2023-01-16,4.74,1.7,4.75,9.8,2.083040559138129,24,24,100.0,1,False,2023-01-16T00:00:00-07:00,2023-01-17T00:00:00-07:00,2023-01-16T07:00:00Z,µg/m³
logan,S305,3346,305,reference,2023-01-17,5.35,1.2,5.45,10.1,2.9896924372860187,24,24,100.0,1,False,2023-01-17T00:00:00-07:00,2023-01-18T00:00:00-07:00,2023-01-17T07:00:00Z,µg/m³
logan,S305,3346,305,reference,2023-01-18,8.05,3.8,8.4,11.2,2.1215210225862395,24,24,100.0,1,False,2023-01-18T00:00:00-07:00,2023-01-19T00:00:00-07:00,2023-01-18T07:00:00Z,µg/m³
logan,S305,3346,305,reference,2023-01-19,10.3,2.5,8.850000000000001,23.6,4.73165220707267,24,24,100.0,1,False,2023-01-19T00:00:00-07:00,2023-01-20T00:00:00-07:00,2023-01-19T07:00:00Z,µg/m³
logan,S305,3346,305,reference,2023-01-20,16.7,9.4,15.100000000000001,26.9,5.156591391860389,24,24,100.0,1,False,2023-01-20T00:00:00-07:00,2023-01-21T00:00:00-07:00,2023-01-20T07:00:00Z,µg/m³
logan,S305,3346,305,reference,2023-01-21,10.7,7.7,9.95,13.3,1.865475810617763,18,24,75.0,1,False,2023-01-21T00:00:00-07:00,2023-01-22T00:00:00-07:00,2023-01-21T07:00:00Z,µg/m³
logan,S305,3346,305,reference,2023-01-22,15.5,10.6,13.5,24.9,5.335322545701118,6,24,25.0,0,False,2023-01-22T00:00:00-07:00,2023-01-23T00:00:00-07:00,2023-01-22T07:00:00Z,µg/m³
logan,S305,3346,305,reference,2023-01-23,12.8,8.8,12.25,19.3,2.8426742869082404,24,24,100.0,1,False,2023-01-23T00:00:00-07:00,2023-01-24T00:00:00-07:00,2023-01-23T07:00:00Z,µg/m³
logan,S305,3346,305,reference,2023-01-24,16.6,8.2,18.049999999999997,19.3,3.0710310783282497,24,24,100.0,1,False,2023-01-24T00:00:00-07:00,2023-01-25T00:00:00-07:00,2023-01-24T07:00:00Z,µg/m³
logan,S305,3346,305,reference,2023-01-25,17.2,12.8,16.55,23.7,3.407653364013916,24,24,100.0,1,False,2023-01-25T00:00:00-07:00,2023-01-26T00:00:00-07:00,2023-01-25T07:00:00Z,µg/m³
logan,S305,3346,305,reference,2023-01-26,20.1,13.5,20.15,26.9,4.097392242439793,24,24,100.0,1,False,2023-01-26T00:00:00-07:00,2023-01-27T00:00:00-07:00,2023-01-26T07:00:00Z,µg/m³
logan,S305,3346,305,reference,2023-01-27,8.08,0.6,2.5,24.0,9.221288185340562,24,24,100.0,1,False,2023-01-27T00:00:00-07:00,2023-01-28T00:00:00-07:00,2023-01-27T07:00:00Z,µg/m³
logan,S305,3346,305,reference,2023-01-28,1.38,0.3,0.9,6.9,1.767577356198287,24,24,100.0,1,False,2023-01-28T00:00:00-07:00,2023-01-29T00:00:00-07:00,2023-01-28T07:00:00Z,µg/m³
logan,S305,3346,305,reference,2023-01-29,1.78,0.2,1.8,3.1,0.8716135295688888,24,24,100.0,1,False,2023-01-29T00:00:00-07:00,2023-01-30T00:00:00-07:00,2023-01-29T07:00:00Z,µg/m³
logan,S305,3346,305,reference,2023-01-30,7.58,3.5,6.15,17.7,3.9118826780664735,24,24,100.0,1,False,2023-01-30T00:00:00-07:00,2023-01-31T00:00:00-07:00,2023-01-30T07:00:00Z,µg/m³
logan,S305,3346,305,reference,2023-01-31,21.8,13.9,22.1,34.0,5.249180405314362,24,24,100.0,1,False,2023-01-31T00:00:00-07:00,2023-02-01T00:00:00-07:00,2023-01-31T07:00:00Z,µg/m³
logan,S305,3346,305,reference,2023-02-01,41.6,25.9,40.9,54.0,7.049945533558666,18,24,75.0,1,False,2023-02-01T00:00:00-07:00,2023-02-02T00:00:00-07:00,2023-02-01T07:00:00Z,µg/m³
logan,S305,3346,305,reference,2023-02-13,20.9,16.5,20.799999999999997,24.4,2.9001149402509308,6,24,25.0,0,False,2023-02-13T00:00:00-07:00,2023-02-14T00:00:00-07:00,2023-02-13T07:00:00Z,µg/m³
logan,S305,3346,305,reference,2023-02-14,1.81,0.3,0.95,10.4,2.377231979437003,24,24,100.0,1,False,2023-02-14T00:00:00-07:00,2023-02-15T00:00:00-07:00,2023-02-14T07:00:00Z,µg/m³
logan,S305,3346,305,reference,2023-02-15,7.02,1.3,5.65,11.9,2.965994636375213,18,24,75.0,1,False,2023-02-15T00:00:00-07:00,2023-02-16T00:00:00-07:00,2023-02-15T07:00:00Z,µg/m³
logan,S305,3346,305,reference,2023-03-18,10.9,9.3,11.1,13.2,1.5890248582070698,5,24,21.0,0,False,2023-03-18T00:00:00-06:00,2023-03-19T00:00:00-06:00,2023-03-18T06:00:00Z,µg/m³
logan,S305,3346,305,reference,2023-03-19,9.86,8.1,9.5,11.9,1.2071570986700806,24,24,100.0,1,False,2023-03-19T00:00:00-06:00,2023-03-20T00:00:00-06:00,2023-03-19T06:00:00Z,µg/m³
logan,S305,3346,305,reference,2023-03-20,7.63,1.4,9.1,13.2,4.3475225566927636,15,24,63.0,0,False,2023-03-20T00:00:00-06:00,2023-03-21T00:00:00-06:00,2023-03-20T06:00:00Z,µg/m³
logan,S305,3346,305,reference,2023-03-21,4.94,1.9,3.6500000000000004,11.3,2.779867450703047,24,24,100.0,1,False,2023-03-21T00:00:00-06:00,2023-03-22T00:00:00-06:00,2023-03-21T06:00:00Z,µg/m³
logan,S305,3346,305,reference,2023-03-22,2.98,0.4,2.5,6.4,1.8043968391726841,19,24,79.0,1,False,2023-03-22T00:00:00-06:00,2023-03-23T00:00:00-06:00,2023-03-22T06:00:00Z,µg/m³
logan,S305,3346,305,reference,2023-03-23,2.54,2.0,2.7,2.8,0.3209361307176243,5,24,21.0,0,False,2023-03-23T00:00:00-06:00,2023-03-24T00:00:00-06:00,2023-03-23T06:00:00Z,µg/m³
logan,S305,3346,305,reference,2023-03-24,1.6,0.1,0.95,5.2,1.5217267080238304,24,24,100.0,1,False,2023-03-24T00:00:00-06:00,2023-03-25T00:00:00-06:00,2023-03-24T06:00:00Z,µg/m³
logan,S305,3346,305,reference,2023-03-25,0.563,0.2,0.5,2.2,0.41052723258713575,24,24,100.0,1,False,2023-03-25T00:00:00-06:00,2023-03-26T00:00:00-06:00,2023-03-25T06:00:00Z,µg/m³
logan,S305,3346,305,reference,2023-03-26,1.69,0.4,1.6,2.8,0.6184951348911791,24,24,100.0,1,False,2023-03-26T00:00:00-06:00,2023-03-27T00:00:00-06:00,2023-03-26T06:00:00Z,µg/m³
logan,S305,3346,305,reference,2023-03-27,3.32,1.3,2.95,6.6,1.5139867228947055,24,24,100.0,1,False,2023-03-27T00:00:00-06:00,2023-03-28T00:00:00-06:00,2023-03-27T06:00:00Z,µg/m³
logan,S305,3346,305,reference,2023-03-28,7.22,3.6,6.95,11.5,1.799194666864973,24,24,100.0,1,False,2023-03-28T00:00:00-06:00,2023-03-29T00:00:00-06:00,2023-03-28T06:00:00Z,µg/m³
logan,S305,3346,305,reference,2023-03-29,10.6,0.8,12.55,20.9,5.056977888256862,24,24,100.0,1,False,2023-03-29T00:00:00-06:00,2023-03-30T00:00:00-06:00,2023-03-29T06:00:00Z,µg/m³
logan,S305,3346,305,reference,2023-03-30,1.17,0.5,1.0,2.3,0.486036916353039,24,24,100.0,1,False,2023-03-30T00:00:00-06:00,2023-03-31T00:00:00-06:00,2023-03-30T06:00:00Z,µg/m³
logan,S305,3346,305,reference,2023-03-31,1.59,0.4,1.35,5.1,1.087044923941355,24,24,100.0,1,False,2023-03-31T00:00:00-06:00,2023-04-01T00:00:00-06:00,2023-03-31T06:00:00Z,µg/m³
logan,S305,3346,305,reference,2023-04-01,3.91,0.4,2.8499999999999996,12.6,2.9181466224548984,24,24,100.0,1,False,2023-04-01T00:00:00-06:00,2023-04-02T00:00:00-06:00,2023-04-01T06:00:00Z,µg/m³
logan,S305,3346,305,reference,2023-04-02,0.675,0.2,0.7,1.0,0.21518445070703174,24,24,100.0,1,False,2023-04-02T00:00:00-06:00,2023-04-03T00:00:00-06:00,2023-04-02T06:00:00Z,µg/m³
logan,S305,3346,305,reference,2023-04-03,1.29,0.3,1.0,4.2,0.9750679851977377,22,24,92.0,1,False,2023-04-03T00:00:00-06:00,2023-04-04T00:00:00-06:00,2023-04-03T06:00:00Z,µg/m³
logan,S305,3346,305,reference,2023-04-04,1.0,0.3,0.95,2.2,0.5838403593598093,24,24,100.0,1,False,2023-04-04T00:00:00-06:00,2023-04-05T00:00:00-06:00,2023-04-04T06:00:00Z,µg/m³
logan,S305,3346,305,reference,2023-04-05,1.4,0.9,1.3,3.3,0.5952560038713827,24,24,100.0,1,False,2023-04-05T00:00:00-06:00,2023-04-06T00:00:00-06:00,2023-04-05T06:00:00Z,µg/m³
logan,S305,3346,305,reference,2023-04-06,5.56,1.3,6.0,11.3,3.3291613384441594,24,24,100.0,1,False,2023-04-06T00:00:00-06:00,2023-04-07T00:00:00-06:00,2023-04-06T06:00:00Z,µg/m³
logan,S305,3346,305,reference,2023-04-07,8.48,4.5,7.949999999999999,16.9,3.412976090906797,24,24,100.0,1,False,2023-04-07T00:00:00-06:00,2023-04-08T00:00:00-06:00,2023-04-07T06:00:00Z,µg/m³
logan,S305,3346,305,reference,2023-04-08,18.8,9.4,18.25,31.3,4.959283491959618,24,24,100.0,1,False,2023-04-08T00:00:00-06:00,2023-04-09T00:00:00-06:00,2023-04-08T06:00:00Z,µg/m³
logan,S305,3346,305,reference,2023-04-09,11.5,6.5,11.100000000000001,15.7,2.6850093784415057,24,24,100.0,1,False,2023-04-09T00:00:00-06:00,2023-04-10T00:00:00-06:00,2023-04-09T06:00:00Z,µg/m³
logan,S305,3346,305,reference,2023-04-10,9.33,7.4,9.0,14.2,1.6978887145383001,24,24,100.0,1,False,2023-04-10T00:00:00-06:00,2023-04-11T00:00:00-06:00,2023-04-10T06:00:00Z,µg/m³
logan,S305,3346,305,reference,2023-04-11,8.96,3.5,9.75,17.3,3.4732413963186395,24,24,100.0,1,False,2023-04-11T00:00:00-06:00,2023-04-12T00:00:00-06:00,2023-04-11T06:00:00Z,µg/m³
logan,S305,3346,305,reference,2023-04-12,6.99,4.7,6.7,11.2,1.7722387083927753,23,24,96.0,1,False,2023-04-12T00:00:00-06:00,2023-04-13T00:00:00-06:00,2023-04-12T06:00:00Z,µg/m³
logan,S305,3346,305,reference,2023-04-13,1.93,0.5,1.25,5.0,1.3975910952654276,24,24,100.0,1,False,2023-04-13T00:00:00-06:00,2023-04-14T00:00:00-06:00,2023-04-13T06:00:00Z,µg/m³
logan,S305,3346,305,reference,2023-04-14,4.86,3.2,4.65,8.3,0.9964338587094524,24,24,100.0,1,False,2023-04-14T00:00:00-06:00,2023-04-15T00:00:00-06:00,2023-04-14T06:00:00Z,µg/m³
logan,S305,3346,305,reference,2023-04-15,6.33,4.4,6.5,8.2,1.0050596636698896,24,24,100.0,1,False,2023-04-15T00:00:00-06:00,2023-04-16T00:00:00-06:00,2023-04-15T06:00:00Z,µg/m³
logan,S305,3346,305,reference,2023-04-16,7.88,6.1,7.7,12.9,1.5879071998584546,24,24,100.0,1,False,2023-04-16T00:00:00-06:00,2023-04-17T00:00:00-06:00,2023-04-16T06:00:00Z,µg/m³
logan,S305,3346,305,reference,2023-04-17,8.0,6.7,7.75,9.8,0.8871056993048408,24,24,100.0,1,False,2023-04-17T00:00:00-06:00,2023-04-18T00:00:00-06:00,2023-04-17T06:00:00Z,µg/m³
logan,S305,3346,305,reference,2023-04-18,6.1,1.4,6.699999999999999,15.8,3.488116471928529,24,24,100.0,1,False,2023-04-18T00:00:00-06:00,2023-04-19T00:00:00-06:00,2023-04-18T06:00:00Z,µg/m³
logan,S305,3346,305,reference,2023-04-19,1.83,0.9,1.4,3.9,0.9110334154453232,24,24,100.0,1,False,2023-04-19T00:00:00-06:00,2023-04-20T00:00:00-06:00,2023-04-19T06:00:00Z,µg/m³
logan,S305,3346,305,reference,2023-04-20,3.17,2.7,3.1,4.0,0.3088078995760628,24,24,100.0,1,False,2023-04-20T00:00:00-06:00,2023-04-21T00:00:00-06:00,2023-04-20T06:00:00Z,µg/m³
logan,S305,3346,305,reference,2023-04-21,3.09,2.3,3.0,4.1,0.5820411753686858,19,24,79.0,1,False,2023-04-21T00:00:00-06:00,2023-04-22T00:00:00-06:00,2023-04-21T06:00:00Z,µg/m³
logan,S305,3346,305,reference,2023-04-22,4.72,3.9,4.8,5.7,0.7726577508832746,5,24,21.0,0,False,2023-04-22T00:00:00-06:00,2023-04-23T00:00:00-06:00,2023-04-22T06:00:00Z,µg/m³
logan,S305,3346,305,reference,2023-04-23,4.55,3.7,4.5,6.3,0.6214861698288527,23,24,96.0,1,False,2023-04-23T00:00:00-06:00,2023-04-24T00:00:00-06:00,2023-04-23T06:00:00Z,µg/m³
logan,S305,3346,305,reference,2023-04-24,6.69,4.7,7.0,8.5,1.354108973129973,9,24,38.0,0,False,2023-04-24T00:00:00-06:00,2023-04-25T00:00:00-06:00,2023-04-24T06:00:00Z,µg/m³
logan,S305,3346,305,reference,2023-04-25,6.24,5.1,6.2,7.8,1.0261578825892246,5,24,21.0,0,False,2023-04-25T00:00:00-06:00,2023-04-26T00:00:00-06:00,2023-04-25T06:00:00Z,µg/m³
logan,S305,3346,305,reference,2023-04-26,5.0,2.7,5.2,7.4,1.5411681528510501,24,24,100.0,1,False,2023-04-26T00:00:00-06:00,2023-04-27T00:00:00-06:00,2023-04-26T06:00:00Z,µg/m³
logan,S305,3346,305,reference,2023-04-27,5.17,1.7,5.4,8.2,1.7707092520826944,22,24,92.0,1,False,2023-04-27T00:00:00-06:00,2023-04-28T00:00:00-06:00,2023-04-27T06:00:00Z,µg/m³
logan,S305,3346,305,reference,2023-04-28,4.52,1.6,3.0,17.2,3.7928943342558386,23,24,96.0,1,False,2023-04-28T00:00:00-06:00,2023-04-29T00:00:00-06:00,2023-04-28T06:00:00Z,µg/m³
logan,S305,3346,305,reference,2023-04-29,5.8,3.4,5.199999999999999,12.5,2.068395723638303,24,24,100.0,1,False,2023-04-29T00:00:00-06:00,2023-04-30T00:00:00-06:00,2023-04-29T06:00:00Z,µg/m³
logan,S305,3346,305,reference,2023-04-30,5.8,4.1,5.85,7.2,0.808906490359008,24,24,100.0,1,False,2023-04-30T00:00:00-06:00,2023-05-01T00:00:00-06:00,2023-04-30T06:00:00Z,µg/m³
logan,S305,3346,305,reference,2023-05-01,5.92,4.6,5.75,9.4,1.1021635508188532,24,24,100.0,1,False,2023-05-01T00:00:00-06:00,2023-05-02T00:00:00-06:00,2023-05-01T06:00:00Z,µg/m³
logan,S305,3346,305,reference,2023-05-02,7.94,4.9,8.1,10.5,2.045740537757925,24,24,100.0,1,False,2023-05-02T00:00:00-06:00,2023-05-03T00:00:00-06:00,2023-05-02T06:00:00Z,µg/m³
logan,S305,3346,305,reference,2023-05-03,9.0,5.0,6.7,34.2,6.670962384126805,24,24,100.0,1,False,2023-05-03T00:00:00-06:00,2023-05-04T00:00:00-06:00,2023-05-03T06:00:00Z,µg/m³
logan,S305,3346,305,reference,2023-05-04,10.2,2.7,8.1,34.5,7.950853340401878,24,24,100.0,1,False,2023-05-04T00:00:00-06:00,2023-05-05T00:00:00-06:00,2023-05-04T06:00:00Z,µg/m³
logan,S305,3346,305,reference,2023-05-05,2.37,1.1,2.2,4.7,0.8238188734375318,24,24,100.0,1,False,2023-05-05T00:00:00-06:00,2023-05-06T00:00:00-06:00,2023-05-05T06:00:00Z,µg/m³
logan,S305,3346,305,reference,2023-05-06,1.53,0.9,1.6,2.5,0.40591192733599635,24,24,100.0,1,False,2023-05-06T00:00:00-06:00,2023-05-07T00:00:00-06:00,2023-05-06T06:00:00Z,µg/m³
logan,S305,3346,305,reference,2023-05-07,1.98,1.3,1.85,4.5,0.6992231714397492,24,24,100.0,1,False,2023-05-07T00:00:00-06:00,2023-05-08T00:00:00-06:00,2023-05-07T06:00:00Z,µg/m³
logan,S305,3346,305,reference,2023-05-08,4.08,2.8,3.6,7.6,1.2989125886846573,24,24,100.0,1,False,2023-05-08T00:00:00-06:00,2023-05-09T00:00:00-06:00,2023-05-08T06:00:00Z,µg/m³
logan,S305,3346,305,reference,2023-05-09,5.55,2.5,5.95,7.0,1.1416917906893858,24,24,100.0,1,False,2023-05-09T00:00:00-06:00,2023-05-10T00:00:00-06:00,2023-05-09T06:00:00Z,µg/m³
logan,S305,3346,305,reference,2023-05-10,6.44,3.6,6.35,9.6,1.3295689614263735,24,24,100.0,1,False,2023-05-10T00:00:00-06:00,2023-05-11T00:00:00-06:00,2023-05-10T06:00:00Z,µg/m³
logan,S305,3346,305,reference,2023-05-11,6.21,4.2,5.8,9.4,1.540445070261434,24,24,100.0,1,False,2023-05-11T00:00:00-06:00,2023-05-12T00:00:00-06:00,2023-05-11T06:00:00Z,µg/m³
logan,S305,3346,305,reference,2023-05-12,5.54,3.2,5.1,9.5,1.9646467765279696,24,24,100.0,1,False,2023-05-12T00:00:00-06:00,2023-05-13T00:00:00-06:00,2023-05-12T06:00:00Z,µg/m³
logan,S305,3346,305,reference,2023-05-13,4.5,4.0,4.5,5.0,0.7071067811865476,2,24,8.0,0,False,2023-05-13T00:00:00-06:00,2023-05-14T00:00:00-06:00,2023-05-13T06:00:00Z,µg/m³
logan,S305,3346,305,reference,2023-05-14,2.52,0.9,2.2,5.9,1.390535775731694,13,24,54.0,0,False,2023-05-14T00:00:00-06:00,2023-05-15T00:00:00-06:00,2023-05-14T06:00:00Z,µg/m³
logan,S305,3346,305,reference,2023-05-15,4.9,1.6,5.25,9.5,2.1714509608467596,24,24,100.0,1,False,2023-05-15T00:00:00-06:00,2023-05-16T00:00:00-06:00,2023-05-15T06:00:00Z,µg/m³
logan,S305,3346,305,reference,2023-05-16,5.25,3.3,5.15,7.7,1.2250998184708835,24,24,100.0,1,False,2023-05-16T00:00:00-06:00,2023-05-17T00:00:00-06:00,2023-05-16T06:00:00Z,µg/m³
logan,S305,3346,305,reference,2023-05-17,5.89,3.2,5.85,10.1,1.7059784051507154,24,24,100.0,1,False,2023-05-17T00:00:00-06:00,2023-05-18T00:00:00-06:00,2023-05-17T06:00:00Z,µg/m³
logan,S305,3346,305,reference,2023-05-18,6.02,3.4,5.5,12.1,2.055105871951014,24,24,100.0,1,False,2023-05-18T00:00:00-06:00,2023-05-19T00:00:00-06:00,2023-05-18T06:00:00Z,µg/m³
logan,S305,3346,305,reference,2023-05-19,18.5,8.1,20.65,27.9,7.494576541488643,24,24,100.0,1,False,2023-05-19T00:00:00-06:00,2023-05-20T00:00:00-06:00,2023-05-19T06:00:00Z,µg/m³
logan,S305,3346,305,reference,2023-05-20,23.2,14.6,25.35,30.6,5.517928617867763,24,24,100.0,1,False,2023-05-20T00:00:00-06:00,2023-05-21T00:00:00-06:00,2023-05-20T06:00:00Z,µg/m³
logan,S305,3346,305,reference,2023-05-21,16.1,11.7,17.05,21.9,2.862792292525767,24,24,100.0,1,False,2023-05-21T00:00:00-06:00,2023-05-22T00:00:00-06:00,2023-05-21T06:00:00Z,µg/m³
logan,S305,3346,305,reference,2023-05-22,11.9,7.8,12.7,15.8,2.850514827642315,24,24,100.0,1,False,2023-05-22T00:00:00-06:00,2023-05-23T00:00:00-06:00,2023-05-22T06:00:00Z,µg/m³
logan,S305,3346,305,reference,2023-05-23,6.04,2.1,4.0,31.2,5.995927059625377,24,24,100.0,1,False,2023-05-23T00:00:00-06:00,2023-05-24T00:00:00-06:00,2023-05-23T06:00:00Z,µg/m³
logan,S305,3346,305,reference,2023-05-24,5.01,2.3,4.85,11.2,2.0938661280795485,24,24,100.0,1,False,2023-05-24T00:00:00-06:00,2023-05-25T00:00:00-06:00,2023-05-24T06:00:00Z,µg/m³
logan,S305,3346,305,reference,2023-05-25,5.29,2.2,4.6,9.1,2.146365313261238,24,24,100.0,1,False,2023-05-25T00:00:00-06:00,2023-05-26T00:00:00-06:00,2023-05-25T06:00:00Z,µg/m³
logan,S305,3346,305,reference,2023-05-26,4.75,2.8,4.65,6.9,1.4545219345101037,24,24,100.0,1,False,2023-05-26T00:00:00-06:00,2023-05-27T00:00:00-06:00,2023-05-26T06:00:00Z,µg/m³
logan,S305,3346,305,reference,2023-05-27,5.97,3.4,5.85,14.7,2.4085859403151995,24,24,100.0,1,False,2023-05-27T00:00:00-06:00,2023-05-28T00:00:00-06:00,2023-05-27T06:00:00Z,µg/m³
logan,S305,3346,305,reference,2023-05-28,4.63,3.6,4.2,6.3,0.8158639947754861,24,24,100.0,1,False,2023-05-28T00:00:00-06:00,2023-05-29T00:00:00-06:00,2023-05-28T06:00:00Z,µg/m³
logan,S305,3346,305,reference,2023-05-29,5.19,3.3,5.4,7.0,1.356101713629,23,24,96.0,1,False,2023-05-29T00:00:00-06:00,2023-05-30T00:00:00-06:00,2023-05-29T06:00:00Z,µg/m³
logan,S305,3346,305,reference,2023-05-30,5.6,4.3,5.55,7.3,0.8510862624240602,24,24,100.0,1,False,2023-05-30T00:00:00-06:00,2023-05-31T00:00:00-06:00,2023-05-30T06:00:00Z,µg/m³
logan,S305,3346,305,reference,2023-05-31,6.26,3.3,5.95,9.5,1.580537195413938,24,24,100.0,1,False,2023-05-31T00:00:00-06:00,2023-06-01T00:00:00-06:00,2023-05-31T06:00:00Z,µg/m³
logan,S305,3346,305,reference,2023-06-01,4.99,2.1,4.85,7.7,1.7230691777477616,24,24,100.0,1,False,2023-06-01T00:00:00-06:00,2023-06-02T00:00:00-06:00,2023-06-01T06:00:00Z,µg/m³
logan,S305,3346,305,reference,2023-06-02,6.21,2.4,6.0,9.4,1.8246897691452073,24,24,100.0,1,False,2023-06-02T00:00:00-06:00,2023-06-03T00:00:00-06:00,2023-06-02T06:00:00Z,µg/m³
logan,S305,3346,305,reference,2023-06-03,7.71,3.8,7.9,11.8,2.593696813024749,20,24,83.0,1,False,2023-06-03T00:00:00-06:00,2023-06-04T00:00:00-06:00,2023-06-03T06:00:00Z,µg/m³
logan,S305,3346,305,reference,2023-06-04,5.07,2.1,5.1,7.8,1.8216629442223777,17,24,71.0,0,False,2023-06-04T00:00:00-06:00,2023-06-05T00:00:00-06:00,2023-06-04T06:00:00Z,µg/m³
logan,S305,3346,305,reference,2023-06-05,5.23,2.8,4.95,8.5,1.7578808058387332,24,24,100.0,1,False,2023-06-05T00:00:00-06:00,2023-06-06T00:00:00-06:00,2023-06-05T06:00:00Z,µg/m³
logan,S305,3346,305,reference,2023-06-06,6.37,3.2,6.35,11.0,2.063695854458729,24,24,100.0,1,False,2023-06-06T00:00:00-06:00,2023-06-07T00:00:00-06:00,2023-06-06T06:00:00Z,µg/m³
logan,S305,3346,305,reference,2023-06-07,6.36,3.0,6.25,10.5,1.8798512121202957,24,24,100.0,1,False,2023-06-07T00:00:00-06:00,2023-06-08T00:00:00-06:00,2023-06-07T06:00:00Z,µg/m³
logan,S305,3346,305,reference,2023-06-08,6.08,3.7,6.199999999999999,9.1,1.5596125494326551,24,24,100.0,1,False,2023-06-08T00:00:00-06:00,2023-06-09T00:00:00-06:00,2023-06-08T06:00:00Z,µg/m³
logan,S305,3346,305,reference,2023-06-09,6.58,4.6,6.45,9.1,1.2888316245816362,24,24,100.0,1,False,2023-06-09T00:00:00-06:00,2023-06-10T00:00:00-06:00,2023-06-09T06:00:00Z,µg/m³
logan,S305,3346,305,reference,2023-06-10,6.46,3.9,6.8,9.1,1.7566797980973876,24,24,100.0,1,False,2023-06-10T00:00:00-06:00,2023-06-11T00:00:00-06:00,2023-06-10T06:00:00Z,µg/m³
logan,S305,3346,305,reference,2023-06-11,4.7,1.6,4.8,9.5,1.7304131616885396,24,24,100.0,1,False,2023-06-11T00:00:00-06:00,2023-06-12T00:00:00-06:00,2023-06-11T06:00:00Z,µg/m³
logan,S305,3346,305,reference,2023-06-12,5.89,2.4,6.1,10.0,2.0101734008411505,24,24,100.0,1,False,2023-06-12T00:00:00-06:00,2023-06-13T00:00:00-06:00,2023-06-12T06:00:00Z,µg/m³
logan,S305,3346,305,reference,2023-06-13,5.18,3.4,4.8,7.8,1.319413297369464,24,24,100.0,1,False,2023-06-13T00:00:00-06:00,2023-06-14T00:00:00-06:00,2023-06-13T06:00:00Z,µg/m³
logan,S305,3346,305,reference,2023-06-14,5.84,3.9,5.45,9.1,1.5274066303682048,24,24,100.0,1,False,2023-06-14T00:00:00-06:00,2023-06-15T00:00:00-06:00,2023-06-14T06:00:00Z,µg/m³
logan,S305,3346,305,reference,2023-06-15,4.0,2.6,3.3499999999999996,6.9,1.3882986668601958,24,24,100.0,1,False,2023-06-15T00:00:00-06:00,2023-06-16T00:00:00-06:00,2023-06-15T06:00:00Z,µg/m³
logan,S305,3346,305,reference,2023-06-16,5.02,3.1,4.7,6.9,1.133162817522042,24,24,100.0,1,False,2023-06-16T00:00:00-06:00,2023-06-17T00:00:00-06:00,2023-06-16T06:00:00Z,µg/m³
logan,S305,3346,305,reference,2023-06-17,7.32,5.1,7.300000000000001,9.2,1.1235296349361286,24,24,100.0,1,False,2023-06-17T00:00:00-06:00,2023-06-18T00:00:00-06:00,2023-06-17T06:00:00Z,µg/m³
logan,S305,3346,305,reference,2023-06-18,6.24,2.4,4.9,11.6,3.3106957760777616,24,24,100.0,1,False,2023-06-18T00:00:00-06:00,2023-06-19T00:00:00-06:00,2023-06-18T06:00:00Z,µg/m³
logan,S305,3346,305,reference,2023-06-19,5.56,3.2,5.449999999999999,8.6,1.6578699010162563,24,24,100.0,1,False,2023-06-19T00:00:00-06:00,2023-06-20T00:00:00-06:00,2023-06-19T06:00:00Z,µg/m³
logan,S305,3346,305,reference,2023-06-20,3.53,2.3,3.4,6.4,0.9777877277710689,24,24,100.0,1,False,2023-06-20T00:00:00-06:00,2023-06-21T00:00:00-06:00,2023-06-20T06:00:00Z,µg/m³
logan,S305,3346,305,reference,2023-06-21,3.82,2.6,3.9,5.7,0.9672817882969857,24,24,100.0,1,False,2023-06-21T00:00:00-06:00,2023-06-22T00:00:00-06:00,2023-06-21T06:00:00Z,µg/m³
logan,S305,3346,305,reference,2023-06-22,5.22,3.2,5.0,8.2,1.3315499849118846,24,24,100.0,1,False,2023-06-22T00:00:00-06:00,2023-06-23T00:00:00-06:00,2023-06-22T06:00:00Z,µg/m³
logan,S305,3346,305,reference,2023-06-23,6.32,4.1,5.65,13.0,2.2468657719368657,24,24,100.0,1,False,2023-06-23T00:00:00-06:00,2023-06-24T00:00:00-06:00,2023-06-23T06:00:00Z,µg/m³
logan,S305,3346,305,reference,2023-06-24,6.43,3.9,6.449999999999999,8.8,1.7689297099773589,24,24,100.0,1,False,2023-06-24T00:00:00-06:00,2023-06-25T00:00:00-06:00,2023-06-24T06:00:00Z,µg/m³
logan,S305,3346,305,reference,2023-06-25,6.95,5.6,6.85,8.4,0.7801778875563469,24,24,100.0,1,False,2023-06-25T00:00:00-06:00,2023-06-26T00:00:00-06:00,2023-06-25T06:00:00Z,µg/m³
logan,S305,3346,305,reference,2023-06-26,5.38,2.6,5.75,7.5,1.5073671739498136,24,24,100.0,1,False,2023-06-26T00:00:00-06:00,2023-06-27T00:00:00-06:00,2023-06-26T06:00:00Z,µg/m³
logan,S305,3346,305,reference,2023-06-27,6.3,4.1,6.1,13.9,1.9806628593273616,24,24,100.0,1,False,2023-06-27T00:00:00-06:00,2023-06-28T00:00:00-06:00,2023-06-27T06:00:00Z,µg/m³
logan,S305,3346,305,reference,2023-06-28,6.09,3.9,5.55,10.1,1.7957225746805636,24,24,100.0,1,False,2023-06-28T00:00:00-06:00,2023-06-29T00:00:00-06:00,2023-06-28T06:00:00Z,µg/m³
logan,S305,3346,305,reference,2023-06-29,7.7,4.6,7.55,10.9,1.6174266105699233,24,24,100.0,1,False,2023-06-29T00:00:00-06:00,2023-06-30T00:00:00-06:00,2023-06-29T06:00:00Z,µg/m³
logan,S305,3346,305,reference,2023-06-30,6.97,4.1,7.4,9.4,1.5540911412662766,24,24,100.0,1,False,2023-06-30T00:00:00-06:00,2023-07-01T00:00:00-06:00,2023-06-30T06:00:00Z,µg/m³
logan,S305,3346,305,reference,2023-07-01,7.65,3.9,7.85,11.4,2.8148641432452,24,24,100.0,1,False,2023-07-01T00:00:00-06:00,2023-07-02T00:00:00-06:00,2023-07-01T06:00:00Z,µg/m³
logan,S305,3346,305,reference,2023-07-02,6.76,2.5,6.75,11.1,2.833773409983663,24,24,100.0,1,False,2023-07-02T00:00:00-06:00,2023-07-03T00:00:00-06:00,2023-07-02T06:00:00Z,µg/m³
logan,S305,3346,305,reference,2023-07-03,8.32,4.4,7.7,24.4,3.9911496291568467,24,24,100.0,1,False,2023-07-03T00:00:00-06:00,2023-07-04T00:00:00-06:00,2023-07-03T06:00:00Z,µg/m³
logan,S305,3346,305,reference,2023-07-04,7.55,3.2,6.85,18.6,3.7446749631590386,24,24,100.0,1,False,2023-07-04T00:00:00-06:00,2023-07-05T00:00:00-06:00,2023-07-04T06:00:00Z,µg/m³
logan,S305,3346,305,reference,2023-07-05,10.1,7.3,10.6,12.9,2.0949213952255854,24,24,100.0,1,False,2023-07-05T00:00:00-06:00,2023-07-06T00:00:00-06:00,2023-07-05T06:00:00Z,µg/m³
logan,S305,3346,305,reference,2023-07-06,8.66,6.3,8.5,11.3,1.5753019034320124,24,24,100.0,1,False,2023-07-06T00:00:00-06:00,2023-07-07T00:00:00-06:00,2023-07-06T06:00:00Z,µg/m³
logan,S305,3346,305,reference,2023-07-07,8.76,6.0,8.75,11.6,1.7785965807628914,24,24,100.0,1,False,2023-07-07T00:00:00-06:00,2023-07-08T00:00:00-06:00,2023-07-07T06:00:00Z,µg/m³
logan,S305,3346,305,reference,2023-07-08,7.54,5.9,7.3,10.8,1.3458201529394518,24,24,100.0,1,False,2023-07-08T00:00:00-06:00,2023-07-09T00:00:00-06:00,2023-07-08T06:00:00Z,µg/m³
logan,S305,3346,305,reference,2023-07-09,6.98,5.2,6.65,9.8,1.3506775004215206,24,24,100.0,1,False,2023-07-09T00:00:00-06:00,2023-07-10T00:00:00-06:00,2023-07-09T06:00:00Z,µg/m³
logan,S305,3346,305,reference,2023-07-10,8.98,5.7,8.6,14.4,2.6498530175262087,24,24,100.0,1,False,2023-07-10T00:00:00-06:00,2023-07-11T00:00:00-06:00,2023-07-10T06:00:00Z,µg/m³
logan,S305,3346,305,reference,2023-07-11,8.85,6.0,8.75,12.2,1.6237313888659066,24,24,100.0,1,False,2023-07-11T00:00:00-06:00,2023-07-12T00:00:00-06:00,2023-07-11T06:00:00Z,µg/m³
logan,S305,3346,305,reference,2023-07-12,8.48,5.6,8.7,10.9,1.488732383832614,23,24,96.0,1,False,2023-07-12T00:00:00-06:00,2023-07-13T00:00:00-06:00,2023-07-12T06:00:00Z,µg/m³
logan,S305,3346,305,reference,2023-07-13,9.22,4.6,9.649999999999999,13.7,2.281962519669521,18,24,75.0,1,False,2023-07-13T00:00:00-06:00,2023-07-14T00:00:00-06:00,2023-07-13T06:00:00Z,µg/m³
logan,S305,3346,305,reference,2023-07-14,6.78,5.3,6.2,9.7,1.3590233421264124,9,24,38.0,0,False,2023-07-14T00:00:00-06:00,2023-07-15T00:00:00-06:00,2023-07-14T06:00:00Z,µg/m³
logan,S305,3346,305,reference,2023-07-15,7.13,3.7,7.2,10.9,2.024982310955776,23,24,96.0,1,False,2023-07-15T00:00:00-06:00,2023-07-16T00:00:00-06:00,2023-07-15T06:00:00Z,µg/m³
logan,S305,3346,305,reference,2023-07-16,6.94,4.3,6.699999999999999,11.2,1.7204176692076083,24,24,100.0,1,False,2023-07-16T00:00:00-06:00,2023-07-17T00:00:00-06:00,2023-07-16T06:00:00Z,µg/m³
logan,S305,3346,305,reference,2023-07-17,10.9,5.5,11.05,18.6,3.1627330641049376,24,24,100.0,1,False,2023-07-17T00:00:00-06:00,2023-07-18T00:00:00-06:00,2023-07-17T06:00:00Z,µg/m³
logan,S305,3346,305,reference,2023-07-18,11.5,5.0,11.0,19.8,3.2956712935853174,24,24,100.0,1,False,2023-07-18T00:00:00-06:00,2023-07-19T00:00:00-06:00,2023-07-18T06:00:00Z,µg/m³
logan,S305,3346,305,reference,2023-07-19,9.74,6.1,9.4,13.4,1.9721567315791728,24,24,100.0,1,False,2023-07-19T00:00:00-06:00,2023-07-20T00:00:00-06:00,2023-07-19T06:00:00Z,µg/m³
logan,S305,3346,305,reference,2023-07-20,8.25,4.3,8.3,12.1,2.2847279671895233,24,24,100.0,1,False,2023-07-20T00:00:00-06:00,2023-07-21T00:00:00-06:00,2023-07-20T06:00:00Z,µg/m³
logan,S305,3346,305,reference,2023-07-21,9.09,5.7,8.7,12.5,1.944203573762759,24,24,100.0,1,False,2023-07-21T00:00:00-06:00,2023-07-22T00:00:00-06:00,2023-07-21T06:00:00Z,µg/m³
logan,S305,3346,305,reference,2023-07-22,7.56,3.5,7.4,19.8,3.37985292536546,24,24,100.0,1,False,2023-07-22T00:00:00-06:00,2023-07-23T00:00:00-06:00,2023-07-22T06:00:00Z,µg/m³
logan,S305,3346,305,reference,2023-07-23,7.88,4.4,7.2,13.6,2.9576234094089897,24,24,100.0,1,False,2023-07-23T00:00:00-06:00,2023-07-24T00:00:00-06:00,2023-07-23T06:00:00Z,µg/m³
logan,S305,3346,305,reference,2023-07-24,10.1,5.2,9.85,18.9,3.8901748218977947,24,24,100.0,1,False,2023-07-24T00:00:00-06:00,2023-07-25T00:00:00-06:00,2023-07-24T06:00:00Z,µg/m³
logan,S305,3346,305,reference,2023-07-25,8.6,5.3,8.0,13.1,2.3913756576982808,24,24,100.0,1,False,2023-07-25T00:00:00-06:00,2023-07-26T00:00:00-06:00,2023-07-25T06:00:00Z,µg/m³
logan,S305,3346,305,reference,2023-07-26,6.71,3.2,7.199999999999999,10.3,2.3935261417633087,24,24,100.0,1,False,2023-07-26T00:00:00-06:00,2023-07-27T00:00:00-06:00,2023-07-26T06:00:00Z,µg/m³
logan,S305,3346,305,reference,2023-07-27,7.12,4.9,6.5,14.2,2.3431638155849597,24,24,100.0,1,False,2023-07-27T00:00:00-06:00,2023-07-28T00:00:00-06:00,2023-07-27T06:00:00Z,µg/m³
logan,S305,3346,305,reference,2023-07-28,6.08,3.2,6.199999999999999,10.1,2.003529494363037,24,24,100.0,1,False,2023-07-28T00:00:00-06:00,2023-07-29T00:00:00-06:00,2023-07-28T06:00:00Z,µg/m³
logan,S305,3346,305,reference,2023-07-29,5.62,4.3,5.6,8.8,1.0340577171119811,24,24,100.0,1,False,2023-07-29T00:00:00-06:00,2023-07-30T00:00:00-06:00,2023-07-29T06:00:00Z,µg/m³
logan,S305,3346,305,reference,2023-07-30,7.68,4.8,7.8999999999999995,10.4,1.5966450332866233,24,24,100.0,1,False,2023-07-30T00:00:00-06:00,2023-07-31T00:00:00-06:00,2023-07-30T06:00:00Z,µg/m³
logan,S305,3346,305,reference,2023-07-31,8.82,5.5,8.5,15.5,2.1695479726885742,24,24,100.0,1,False,2023-07-31T00:00:00-06:00,2023-08-01T00:00:00-06:00,2023-07-31T06:00:00Z,µg/m³
logan,S305,3346,305,reference,2023-08-01,6.49,2.7,6.6,10.9,2.098304180709415,24,24,100.0,1,False,2023-08-01T00:00:00-06:00,2023-08-02T00:00:00-06:00,2023-08-01T06:00:00Z,µg/m³
logan,S305,3346,305,reference,2023-08-02,4.95,1.7,5.300000000000001,8.7,2.047263107635181,24,24,100.0,1,False,2023-08-02T00:00:00-06:00,2023-08-03T00:00:00-06:00,2023-08-02T06:00:00Z,µg/m³
logan,S305,3346,305,reference,2023-08-03,5.12,2.8,5.0,8.9,1.7729805822195395,24,24,100.0,1,False,2023-08-03T00:00:00-06:00,2023-08-04T00:00:00-06:00,2023-08-03T06:00:00Z,µg/m³
logan,S305,3346,305,reference,2023-08-04,7.22,4.2,6.9,12.5,2.0029688110330164,24,24,100.0,1,False,2023-08-04T00:00:00-06:00,2023-08-05T00:00:00-06:00,2023-08-04T06:00:00Z,µg/m³
logan,S305,3346,305,reference,2023-08-05,4.25,2.6,4.25,7.1,1.3619040379908018,24,24,100.0,1,False,2023-08-05T00:00:00-06:00,2023-08-06T00:00:00-06:00,2023-08-05T06:00:00Z,µg/m³
logan,S305,3346,305,reference,2023-08-06,3.85,3.0,3.9,5.1,0.5785883620965974,24,24,100.0,1,False,2023-08-06T00:00:00-06:00,2023-08-07T00:00:00-06:00,2023-08-06T06:00:00Z,µg/m³
logan,S305,3346,305,reference,2023-08-07,6.99,3.0,7.1,11.2,2.0184609935811735,24,24,100.0,1,False,2023-08-07T00:00:00-06:00,2023-08-08T00:00:00-06:00,2023-08-07T06:00:00Z,µg/m³
logan,S305,3346,305,reference,2023-08-08,8.3,5.9,7.85,12.4,1.639851309979225,24,24,100.0,1,False,2023-08-08T00:00:00-06:00,2023-08-09T00:00:00-06:00,2023-08-08T06:00:00Z,µg/m³
logan,S305,3346,305,reference,2023-08-09,9.2,6.5,9.4,12.1,1.766962307776102,24,24,100.0,1,False,2023-08-09T00:00:00-06:00,2023-08-10T00:00:00-06:00,2023-08-09T06:00:00Z,µg/m³
logan,S305,3346,305,reference,2023-08-10,8.25,5.0,8.850000000000001,11.0,2.1753560428222958,24,24,100.0,1,False,2023-08-10T00:00:00-06:00,2023-08-11T00:00:00-06:00,2023-08-10T06:00:00Z,µg/m³
logan,S305,3346,305,reference,2023-08-11,6.32,2.8,5.75,10.3,2.5160319287852184,24,24,100.0,1,False,2023-08-11T00:00:00-06:00,2023-08-12T00:00:00-06:00,2023-08-11T06:00:00Z,µg/m³
logan,S305,3346,305,reference,2023-08-12,6.61,3.1,5.8,21.2,4.178340891872712,24,24,100.0,1,False,2023-08-12T00:00:00-06:00,2023-08-13T00:00:00-06:00,2023-08-12T06:00:00Z,µg/m³
logan,S305,3346,305,reference,2023-08-13,5.82,3.3,5.3,9.6,1.9661630404036372,24,24,100.0,1,False,2023-08-13T00:00:00-06:00,2023-08-14T00:00:00-06:00,2023-08-13T06:00:00Z,µg/m³
logan,S305,3346,305,reference,2023-08-14,6.48,4.5,6.65,8.7,1.2501304279780256,24,24,100.0,1,False,2023-08-14T00:00:00-06:00,2023-08-15T00:00:00-06:00,2023-08-14T06:00:00Z,µg/m³
logan,S305,3346,305,reference,2023-08-15,7.57,4.9,7.1,11.9,2.1109402740437044,24,24,100.0,1,False,2023-08-15T00:00:00-06:00,2023-08-16T00:00:00-06:00,2023-08-15T06:00:00Z,µg/m³
logan,S305,3346,305,reference,2023-08-16,6.13,3.4,5.75,9.9,1.7459684410382246,24,24,100.0,1,False,2023-08-16T00:00:00-06:00,2023-08-17T00:00:00-06:00,2023-08-16T06:00:00Z,µg/m³
logan,S305,3346,305,reference,2023-08-17,9.08,5.1,8.85,15.2,2.3334950772097893,24,24,100.0,1,False,2023-08-17T00:00:00-06:00,2023-08-18T00:00:00-06:00,2023-08-17T06:00:00Z,µg/m³
logan,S305,3346,305,reference,2023-08-18,4.58,2.6,4.65,7.8,1.231706722103668,24,24,100.0,1,False,2023-08-18T00:00:00-06:00,2023-08-19T00:00:00-06:00,2023-08-18T06:00:00Z,µg/m³
logan,S305,3346,305,reference,2023-08-19,4.74,3.5,4.55,7.4,1.0858443585590398,24,24,100.0,1,False,2023-08-19T00:00:00-06:00,2023-08-20T00:00:00-06:00,2023-08-19T06:00:00Z,µg/m³
logan,S305,3346,305,reference,2023-08-20,6.01,3.9,6.0,8.3,1.1267176902947729,24,24,100.0,1,False,2023-08-20T00:00:00-06:00,2023-08-21T00:00:00-06:00,2023-08-20T06:00:00Z,µg/m³
logan,S305,3346,305,reference,2023-08-21,6.49,1.6,6.7,12.6,3.3372621773812896,24,24,100.0,1,False,2023-08-21T00:00:00-06:00,2023-08-22T00:00:00-06:00,2023-08-21T06:00:00Z,µg/m³
logan,S305,3346,305,reference,2023-08-22,3.75,1.8,3.15,6.6,1.43617219709551,24,24,100.0,1,False,2023-08-22T00:00:00-06:00,2023-08-23T00:00:00-06:00,2023-08-22T06:00:00Z,µg/m³
logan,S305,3346,305,reference,2023-08-23,5.68,2.8,5.45,9.8,1.6067734795212278,24,24,100.0,1,False,2023-08-23T00:00:00-06:00,2023-08-24T00:00:00-06:00,2023-08-23T06:00:00Z,µg/m³
logan,S305,3346,305,reference,2023-08-24,5.6,2.9,5.6,7.2,1.0510777767385353,24,24,100.0,1,False,2023-08-24T00:00:00-06:00,2023-08-25T00:00:00-06:00,2023-08-24T06:00:00Z,µg/m³
logan,S305,3346,305,reference,2023-08-25,6.66,4.1,6.699999999999999,9.3,1.4761632602847465,24,24,100.0,1,False,2023-08-25T00:00:00-06:00,2023-08-26T00:00:00-06:00,2023-08-25T06:00:00Z,µg/m³
logan,S305,3346,305,reference,2023-08-26,6.32,3.4,6.25,9.0,1.514471257041809,24,24,100.0,1,False,2023-08-26T00:00:00-06:00,2023-08-27T00:00:00-06:00,2023-08-26T06:00:00Z,µg/m³
logan,S305,3346,305,reference,2023-08-27,5.04,1.8,4.949999999999999,9.4,1.8860855867589121,24,24,100.0,1,False,2023-08-27T00:00:00-06:00,2023-08-28T00:00:00-06:00,2023-08-27T06:00:00Z,µg/m³
logan,S305,3346,305,reference,2023-08-28,4.27,2.3,4.1,9.1,1.531830154811037,24,24,100.0,1,False,2023-08-28T00:00:00-06:00,2023-08-29T00:00:00-06:00,2023-08-28T06:00:00Z,µg/m³
logan,S305,3346,305,reference,2023-08-29,6.89,3.3,6.15,15.6,2.6675689143944306,24,24,100.0,1,False,2023-08-29T00:00:00-06:00,2023-08-30T00:00:00-06:00,2023-08-29T06:00:00Z,µg/m³
logan,S305,3346,305,reference,2023-08-30,22.4,9.7,24.35,31.4,6.070382780471862,24,24,100.0,1,False,2023-08-30T00:00:00-06:00,2023-08-31T00:00:00-06:00,2023-08-30T06:00:00Z,µg/m³
logan,S305,3346,305,reference,2023-08-31,13.5,11.0,13.25,16.4,1.4729198055641683,24,24,100.0,1,False,2023-08-31T00:00:00-06:00,2023-09-01T00:00:00-06:00,2023-08-31T06:00:00Z,µg/m³
logan,S305,3346,305,reference,2023-09-01,4.96,1.2,4.1,11.9,3.1930376024147886,24,24,100.0,1,False,2023-09-01T00:00:00-06:00,2023-09-02T00:00:00-06:00,2023-09-01T06:00:00Z,µg/m³
logan,S305,3346,305,reference,2023-09-02,4.35,2.6,3.8499999999999996,8.0,1.492584326265854,24,24,100.0,1,False,2023-09-02T00:00:00-06:00,2023-09-03T00:00:00-06:00,2023-09-02T06:00:00Z,µg/m³
logan,S305,3346,305,reference,2023-09-03,5.8,0.6,5.9,10.4,2.6937091232313324,24,24,100.0,1,False,2023-09-03T00:00:00-06:00,2023-09-04T00:00:00-06:00,2023-09-03T06:00:00Z,µg/m³
logan,S305,3346,305,reference,2023-09-04,2.55,1.4,2.25,6.7,1.1564485238893243,24,24,100.0,1,False,2023-09-04T00:00:00-06:00,2023-09-05T00:00:00-06:00,2023-09-04T06:00:00Z,µg/m³
logan,S305,3346,305,reference,2023-09-05,5.42,2.5,5.7,10.3,2.1952476668568806,24,24,100.0,1,False,2023-09-05T00:00:00-06:00,2023-09-06T00:00:00-06:00,2023-09-05T06:00:00Z,µg/m³
logan,S305,3346,305,reference,2023-09-06,5.43,3.2,5.55,7.4,1.1296321704783865,24,24,100.0,1,False,2023-09-06T00:00:00-06:00,2023-09-07T00:00:00-06:00,2023-09-06T06:00:00Z,µg/m³
logan,S305,3346,305,reference,2023-09-07,5.39,0.5,5.25,9.5,2.1044294211034487,24,24,100.0,1,False,2023-09-07T00:00:00-06:00,2023-09-08T00:00:00-06:00,2023-09-07T06:00:00Z,µg/m³
logan,S305,3346,305,reference,2023-09-08,3.95,2.5,3.5999999999999996,6.6,1.0379658898084259,24,24,100.0,1,False,2023-09-08T00:00:00-06:00,2023-09-09T00:00:00-06:00,2023-09-08T06:00:00Z,µg/m³
logan,S305,3346,305,reference,2023-09-09,4.38,2.8,3.8499999999999996,8.2,1.5415031248940017,24,24,100.0,1,False,2023-09-09T00:00:00-06:00,2023-09-10T00:00:00-06:00,2023-09-09T06:00:00Z,µg/m³
logan,S305,3346,305,reference,2023-09-10,7.14,2.2,7.25,11.0,2.9639745153317754,24,24,100.0,1,False,2023-09-10T00:00:00-06:00,2023-09-11T00:00:00-06:00,2023-09-10T06:00:00Z,µg/m³
logan,S305,3346,305,reference,2023-09-11,5.89,3.8,5.55,9.8,1.5667514623984036,24,24,100.0,1,False,2023-09-11T00:00:00-06:00,2023-09-12T00:00:00-06:00,2023-09-11T06:00:00Z,µg/m³
logan,S305,3346,305,reference,2023-09-12,6.03,3.9,5.65,9.4,1.530061095682698,24,24,100.0,1,False,2023-09-12T00:00:00-06:00,2023-09-13T00:00:00-06:00,2023-09-12T06:00:00Z,µg/m³
logan,S305,3346,305,reference,2023-09-13,6.52,4.2,6.1,9.5,1.7051499147828788,24,24,100.0,1,False,2023-09-13T00:00:00-06:00,2023-09-14T00:00:00-06:00,2023-09-13T06:00:00Z,µg/m³
logan,S305,3346,305,reference,2023-09-14,5.93,3.2,6.199999999999999,8.6,1.5776289308573996,24,24,100.0,1,False,2023-09-14T00:00:00-06:00,2023-09-15T00:00:00-06:00,2023-09-14T06:00:00Z,µg/m³
logan,S305,3346,305,reference,2023-09-15,4.55,3.1,4.35,7.5,1.2413103758832282,24,24,100.0,1,False,2023-09-15T00:00:00-06:00,2023-09-16T00:00:00-06:00,2023-09-15T06:00:00Z,µg/m³
logan,S305,3346,305,reference,2023-09-16,6.28,4.6,6.25,8.6,1.026708544224021,24,24,100.0,1,False,2023-09-16T00:00:00-06:00,2023-09-17T00:00:00-06:00,2023-09-16T06:00:00Z,µg/m³
logan,S305,3346,305,reference,2023-09-17,5.88,3.2,5.199999999999999,13.8,2.54869958316342,24,24,100.0,1,False,2023-09-17T00:00:00-06:00,2023-09-18T00:00:00-06:00,2023-09-17T06:00:00Z,µg/m³
logan,S305,3346,305,reference,2023-09-18,5.42,3.2,5.199999999999999,11.6,1.7329709766170642,24,24,100.0,1,False,2023-09-18T00:00:00-06:00,2023-09-19T00:00:00-06:00,2023-09-18T06:00:00Z,µg/m³
logan,S305,3346,305,reference,2023-09-19,6.02,4.1,5.6,11.2,1.7905498710116146,24,24,100.0,1,False,2023-09-19T00:00:00-06:00,2023-09-20T00:00:00-06:00,2023-09-19T06:00:00Z,µg/m³
logan,S305,3346,305,reference,2023-09-20,4.98,3.1,4.85,6.9,1.1673005524328963,24,24,100.0,1,False,2023-09-20T00:00:00-06:00,2023-09-21T00:00:00-06:00,2023-09-20T06:00:00Z,µg/m³
logan,S305,3346,305,reference,2023-09-21,3.45,1.6,3.25,5.7,1.2510864843424485,24,24,100.0,1,False,2023-09-21T00:00:00-06:00,2023-09-22T00:00:00-06:00,2023-09-21T06:00:00Z,µg/m³
logan,S305,3346,305,reference,2023-09-22,3.89,2.4,3.8499999999999996,7.4,1.107803349367371,24,24,100.0,1,False,2023-09-22T00:00:00-06:00,2023-09-23T00:00:00-06:00,2023-09-22T06:00:00Z,µg/m³
logan,S305,3346,305,reference,2023-09-23,5.25,2.6,4.95,8.1,1.4446239669191085,24,24,100.0,1,False,2023-09-23T00:00:00-06:00,2023-09-24T00:00:00-06:00,2023-09-23T06:00:00Z,µg/m³
logan,S305,3346,305,reference,2023-09-24,5.76,3.4,6.1,9.7,1.9347648997724,24,24,100.0,1,False,2023-09-24T00:00:00-06:00,2023-09-25T00:00:00-06:00,2023-09-24T06:00:00Z,µg/m³
logan,S305,3346,305,reference,2023-09-25,7.02,4.2,7.4,9.7,1.5483453065791866,24,24,100.0,1,False,2023-09-25T00:00:00-06:00,2023-09-26T00:00:00-06:00,2023-09-25T06:00:00Z,µg/m³
logan,S305,3346,305,reference,2023-09-26,5.17,2.5,5.25,7.5,1.312640606685181,24,24,100.0,1,False,2023-09-26T00:00:00-06:00,2023-09-27T00:00:00-06:00,2023-09-26T06:00:00Z,µg/m³
logan,S305,3346,305,reference,2023-09-27,4.15,3.2,3.9,5.8,0.8747670497362986,24,24,100.0,1,False,2023-09-27T00:00:00-06:00,2023-09-28T00:00:00-06:00,2023-09-27T06:00:00Z,µg/m³
logan,S305,3346,305,reference,2023-09-28,3.49,2.4,3.1,7.1,1.0973948069490944,24,24,100.0,1,False,2023-09-28T00:00:00-06:00,2023-09-29T00:00:00-06:00,2023-09-28T06:00:00Z,µg/m³
logan,S305,3346,305,reference,2023-09-29,4.98,3.5,4.55,7.3,1.0874698063441324,24,24,100.0,1,False,2023-09-29T00:00:00-06:00,2023-09-30T00:00:00-06:00,2023-09-29T06:00:00Z,µg/m³
logan,S305,3346,305,reference,2023-09-30,5.72,3.5,6.0,8.7,1.6441375872466093,24,24,100.0,1,False,2023-09-30T00:00:00-06:00,2023-10-01T00:00:00-06:00,2023-09-30T06:00:00Z,µg/m³
logan,S305,3346,305,reference,2023-10-01,2.61,1.3,2.5,6.5,1.0640025607466188,24,24,100.0,1,False,2023-10-01T00:00:00-06:00,2023-10-02T00:00:00-06:00,2023-10-01T06:00:00Z,µg/m³
logan,S305,3346,305,reference,2023-10-02,4.39,0.9,3.3499999999999996,15.1,3.420515682792857,24,24,100.0,1,False,2023-10-02T00:00:00-06:00,2023-10-03T00:00:00-06:00,2023-10-02T06:00:00Z,µg/m³
logan,S305,3346,305,reference,2023-10-03,3.8,2.6,3.7,5.4,0.8259272347497989,24,24,100.0,1,False,2023-10-03T00:00:00-06:00,2023-10-04T00:00:00-06:00,2023-10-03T06:00:00Z,µg/m³
logan,S305,3346,305,reference,2023-10-04,4.36,2.8,4.3,6.0,0.9739263653755188,24,24,100.0,1,False,2023-10-04T00:00:00-06:00,2023-10-05T00:00:00-06:00,2023-10-04T06:00:00Z,µg/m³
logan,S305,3346,305,reference,2023-10-05,4.97,2.6,5.1,7.0,1.283615231513977,23,24,96.0,1,False,2023-10-05T00:00:00-06:00,2023-10-06T00:00:00-06:00,2023-10-05T06:00:00Z,µg/m³
logan,S305,3346,305,reference,2023-10-06,5.78,2.6,6.1,9.9,1.9226906299591064,24,24,100.0,1,False,2023-10-06T00:00:00-06:00,2023-10-07T00:00:00-06:00,2023-10-06T06:00:00Z,µg/m³
logan,S305,3346,305,reference,2023-10-07,5.0,3.6,4.55,7.1,1.0572643280029297,24,24,100.0,1,False,2023-10-07T00:00:00-06:00,2023-10-08T00:00:00-06:00,2023-10-07T06:00:00Z,µg/m³
logan,S305,3346,305,reference,2023-10-08,6.23,3.6,6.4,7.3,0.8045950531959534,24,24,100.0,1,False,2023-10-08T00:00:00-06:00,2023-10-09T00:00:00-06:00,2023-10-08T06:00:00Z,µg/m³
logan,S305,3346,305,reference,2023-10-09,6.41,6.4,6.4,6.5,0.03443502262234688,23,24,96.0,1,False,2023-10-09T00:00:00-06:00,2023-10-10T00:00:00-06:00,2023-10-09T06:00:00Z,µg/m³
logan,S305,3346,305,reference,2023-10-10,6.41,6.4,6.4,6.5,0.028232984244823456,24,24,100.0,1,False,2023-10-10T00:00:00-06:00,2023-10-11T00:00:00-06:00,2023-10-10T06:00:00Z,µg/m³
logan,S305,3346,305,reference,2023-10-11,3.39,1.1,3.1,6.4,1.8750797510147095,24,24,100.0,1,False,2023-10-11T00:00:00-06:00,2023-10-12T00:00:00-06:00,2023-10-11T06:00:00Z,µg/m³
logan,S305,3346,305,reference,2023-10-12,2.18,0.4,2.0,7.1,1.5641824007034302,24,24,100.0,1,False,2023-10-12T00:00:00-06:00,2023-10-13T00:00:00-06:00,2023-10-12T06:00:00Z,µg/m³
logan,S305,3346,305,reference,2023-10-13,3.88,2.3,3.6,6.7,0.8929575681686401,24,24,100.0,1,False,2023-10-13T00:00:00-06:00,2023-10-14T00:00:00-06:00,2023-10-13T06:00:00Z,µg/m³
logan,S305,3346,305,reference,2023-10-14,3.6,3.6,3.6,3.6,6.609859720381559e-16,24,24,100.0,1,False,2023-10-14T00:00:00-06:00,2023-10-15T00:00:00-06:00,2023-10-14T06:00:00Z,µg/m³
logan,S305,3346,305,reference,2023-10-15,3.6,3.6,3.6,3.6,6.609859720381559e-16,24,24,100.0,1,False,2023-10-15T00:00:00-06:00,2023-10-16T00:00:00-06:00,2023-10-15T06:00:00Z,µg/m³
logan,S305,3346,305,reference,2023-10-16,4.18,0.0,4.25,10.8,2.4340429306030273,24,24,100.0,1,False,2023-10-16T00:00:00-06:00,2023-10-17T00:00:00-06:00,2023-10-16T06:00:00Z,µg/m³
logan,S305,3346,305,reference,2023-10-17,5.36,3.7,4.8,9.9,1.6266919374465942,23,24,96.0,1,False,2023-10-17T00:00:00-06:00,2023-10-18T00:00:00-06:00,2023-10-17T06:00:00Z,µg/m³
logan,S305,3346,305,reference,2023-10-18,5.27,2.7,5.05,10.5,2.196138620376587,24,24,100.0,1,False,2023-10-18T00:00:00-06:00,2023-10-19T00:00:00-06:00,2023-10-18T06:00:00Z,µg/m³
logan,S305,3346,305,reference,2023-10-19,5.28,2.5,6.1,6.4,1.3241075277328491,24,24,100.0,1,False,2023-10-19T00:00:00-06:00,2023-10-20T00:00:00-06:00,2023-10-19T06:00:00Z,µg/m³
logan,S305,3346,305,reference,2023-10-20,4.75,1.8,4.9,8.4,1.570101022720337,24,24,100.0,1,False,2023-10-20T00:00:00-06:00,2023-10-21T00:00:00-06:00,2023-10-20T06:00:00Z,µg/m³
logan,S305,3346,305,reference,2023-10-21,6.69,4.4,6.15,13.0,1.9659972190856934,24,24,100.0,1,False,2023-10-21T00:00:00-06:00,2023-10-22T00:00:00-06:00,2023-10-21T06:00:00Z,µg/m³
logan,S305,3346,305,reference,2023-10-22,6.71,4.9,6.6,12.0,1.3847970962524414,24,24,100.0,1,False,2023-10-22T00:00:00-06:00,2023-10-23T00:00:00-06:00,2023-10-22T06:00:00Z,µg/m³
logan,S305,3346,305,reference,2023-10-23,5.85,2.2,5.15,10.5,2.516564130783081,22,24,92.0,1,False,2023-10-23T00:00:00-06:00,2023-10-24T00:00:00-06:00,2023-10-23T06:00:00Z,µg/m³
logan,S305,3346,305,reference,2023-10-24,7.07,2.8,8.2,10.3,2.535872459411621,22,24,92.0,1,False,2023-10-24T00:00:00-06:00,2023-10-25T00:00:00-06:00,2023-10-24T06:00:00Z,µg/m³
logan,S305,3346,305,reference,2023-10-25,5.15,2.4,4.949999999999999,9.5,1.7195589542388916,22,24,92.0,1,False,2023-10-25T00:00:00-06:00,2023-10-26T00:00:00-06:00,2023-10-25T06:00:00Z,µg/m³
logan,S305,3346,305,reference,2023-10-26,1.25,0.1,1.35,2.5,0.7419006824493408,24,24,100.0,1,False,2023-10-26T00:00:00-06:00,2023-10-27T00:00:00-06:00,2023-10-26T06:00:00Z,µg/m³
logan,S305,3346,305,reference,2023-10-27,3.73,2.1,3.2,6.2,1.275506615638733,23,24,96.0,1,False,2023-10-27T00:00:00-06:00,2023-10-28T00:00:00-06:00,2023-10-27T06:00:00Z,µg/m³
logan,S305,3346,305,reference,2023-10-28,4.22,1.3,2.9,26.3,4.980777263641357,23,24,96.0,1,False,2023-10-28T00:00:00-06:00,2023-10-29T00:00:00-06:00,2023-10-28T06:00:00Z,µg/m³
logan,S305,3346,305,reference,2023-10-29,3.76,2.7,3.7,6.8,0.870123338674425,23,24,96.0,1,False,2023-10-29T00:00:00-06:00,2023-10-30T00:00:00-06:00,2023-10-29T06:00:00Z,µg/m³
logan,S305,3346,305,reference,2023-10-30,3.82,2.1,3.4,8.0,1.466040709639006,24,24,100.0,1,False,2023-10-30T00:00:00-06:00,2023-10-31T00:00:00-06:00,2023-10-30T06:00:00Z,µg/m³
logan,S305,3346,305,reference,2023-10-31,6.58,3.9,5.8,13.5,2.1992052253458305,24,24,100.0,1,False,2023-10-31T00:00:00-06:00,2023-11-01T00:00:00-06:00,2023-10-31T06:00:00Z,µg/m³
logan,S305,3346,305,reference,2023-11-01,9.63,5.1,8.850000000000001,14.5,2.4321182691971046,24,24,100.0,1,False,2023-11-01T00:00:00-06:00,2023-11-02T00:00:00-06:00,2023-11-01T06:00:00Z,µg/m³
logan,S305,3346,305,reference,2023-11-02,10.6,5.4,10.9,16.1,2.239366984831567,24,24,100.0,1,False,2023-11-02T00:00:00-06:00,2023-11-03T00:00:00-06:00,2023-11-02T06:00:00Z,µg/m³
logan,S305,3346,305,reference,2023-11-03,7.1,1.6,6.9,14.8,4.456300775395498,23,24,96.0,1,False,2023-11-03T00:00:00-06:00,2023-11-04T00:00:00-06:00,2023-11-03T06:00:00Z,µg/m³
logan,S305,3346,305,reference,2023-11-04,7.57,4.0,5.8,22.1,4.39712895910547,23,24,96.0,1,False,2023-11-04T00:00:00-06:00,2023-11-05T00:00:00-06:00,2023-11-04T06:00:00Z,µg/m³
logan,S305,3346,305,reference,2023-11-05,5.11,1.3,4.35,10.7,3.153730250473813,24,24,100.0,1,False,2023-11-05T00:00:00-06:00,2023-11-06T00:00:00-07:00,2023-11-05T06:00:00Z,µg/m³
logan,S305,3346,305,reference,2023-11-06,4.12,1.6,4.0,6.5,1.6323314396450725,23,24,96.0,1,False,2023-11-06T00:00:00-07:00,2023-11-07T00:00:00-07:00,2023-11-06T07:00:00Z,µg/m³
logan,S305,3346,305,reference,2023-11-07,1.49,0.4,1.2,3.7,0.8915279773441505,23,24,96.0,1,False,2023-11-07T00:00:00-07:00,2023-11-08T00:00:00-07:00,2023-11-07T07:00:00Z,µg/m³
logan,S305,3346,305,reference,2023-11-08,4.68,2.8,4.5,7.9,1.1468924617594187,24,24,100.0,1,False,2023-11-08T00:00:00-07:00,2023-11-09T00:00:00-07:00,2023-11-08T07:00:00Z,µg/m³
logan,S305,3346,305,reference,2023-11-09,5.44,3.6,5.4,7.6,1.1316677678359903,23,24,96.0,1,False,2023-11-09T00:00:00-07:00,2023-11-10T00:00:00-07:00,2023-11-09T07:00:00Z,µg/m³
logan,S305,3346,305,reference,2023-11-10,5.3,5.1,5.35,5.4,0.1414213562373102,4,24,17.0,0,False,2023-11-10T00:00:00-07:00,2023-11-11T00:00:00-07:00,2023-11-10T07:00:00Z,µg/m³
logan,S305,3346,305,reference,2023-11-12,5.55,3.0,5.3,8.1,1.4383070856834683,11,24,46.0,0,False,2023-11-12T00:00:00-07:00,2023-11-13T00:00:00-07:00,2023-11-12T07:00:00Z,µg/m³
logan,S305,3346,305,reference,2023-11-13,6.86,5.4,6.8,9.7,1.218719728968797,9,24,38.0,0,False,2023-11-13T00:00:00-07:00,2023-11-14T00:00:00-07:00,2023-11-13T07:00:00Z,µg/m³
logan,S305,3346,305,reference,2023-11-17,8.8,6.3,8.2,13.9,2.145119684665278,14,24,58.0,0,False,2023-11-17T00:00:00-07:00,2023-11-18T00:00:00-07:00,2023-11-17T07:00:00Z,µg/m³
logan,S305,3346,305,reference,2023-11-18,8.28,4.5,7.3,13.7,2.9286070290216104,24,24,100.0,1,False,2023-11-18T00:00:00-07:00,2023-11-19T00:00:00-07:00,2023-11-18T07:00:00Z,µg/m³
logan,S305,3346,305,reference,2023-11-19,4.32,0.2,1.7,12.7,5.209864465323026,23,24,96.0,1,False,2023-11-19T00:00:00-07:00,2023-11-20T00:00:00-07:00,2023-11-19T07:00:00Z,µg/m³
logan,S305,3346,305,reference,2023-11-20,1.9,0.7,1.7000000000000002,5.5,1.1436022415842502,24,24,100.0,1,False,2023-11-20T00:00:00-07:00,2023-11-21T00:00:00-07:00,2023-11-20T07:00:00Z,µg/m³
logan,S305,3346,305,reference,2023-11-21,5.29,3.0,4.4,9.2,1.8731319196484257,24,24,100.0,1,False,2023-11-21T00:00:00-07:00,2023-11-22T00:00:00-07:00,2023-11-21T07:00:00Z,µg/m³
logan,S305,3346,305,reference,2023-11-22,10.3,5.4,10.15,18.8,4.2741809962150406,24,24,100.0,1,False,2023-11-22T00:00:00-07:00,2023-11-23T00:00:00-07:00,2023-11-22T07:00:00Z,µg/m³
logan,S305,3346,305,reference,2023-11-23,11.1,1.5,12.05,19.9,3.9656473236600567,24,24,100.0,1,False,2023-11-23T00:00:00-07:00,2023-11-24T00:00:00-07:00,2023-11-23T07:00:00Z,µg/m³
logan,S305,3346,305,reference,2023-11-24,2.84,0.5,2.0,10.9,2.8366870603330336,24,24,100.0,1,False,2023-11-24T00:00:00-07:00,2023-11-25T00:00:00-07:00,2023-11-24T07:00:00Z,µg/m³
logan,S305,3346,305,reference,2023-11-25,1.93,0.5,1.65,4.9,1.2869467293007784,24,24,100.0,1,False,2023-11-25T00:00:00-07:00,2023-11-26T00:00:00-07:00,2023-11-25T07:00:00Z,µg/m³
logan,S305,3346,305,reference,2023-11-26,4.28,2.8,4.1,6.0,0.8911399636323177,24,24,100.0,1,False,2023-11-26T00:00:00-07:00,2023-11-27T00:00:00-07:00,2023-11-26T07:00:00Z,µg/m³
logan,S305,3346,305,reference,2023-11-27,6.5,4.1,5.45,13.8,2.3991808686674108,24,24,100.0,1,False,2023-11-27T00:00:00-07:00,2023-11-28T00:00:00-07:00,2023-11-27T07:00:00Z,µg/m³
logan,S305,3346,305,reference,2023-11-28,9.9,5.6,9.5,15.1,2.7010903961295396,23,24,96.0,1,False,2023-11-28T00:00:00-07:00,2023-11-29T00:00:00-07:00,2023-11-28T07:00:00Z,µg/m³
logan,S305,3346,305,reference,2023-11-29,18.5,12.0,16.8,27.6,5.214234627787974,24,24,100.0,1,False,2023-11-29T00:00:00-07:00,2023-11-30T00:00:00-07:00,2023-11-29T07:00:00Z,µg/m³
logan,S305,3346,305,reference,2023-11-30,26.4,23.2,26.3,32.1,2.4890157242095357,24,24,100.0,1,False,2023-11-30T00:00:00-07:00,2023-12-01T00:00:00-07:00,2023-11-30T07:00:00Z,µg/m³
logan,S305,3346,305,reference,2023-12-01,16.6,0.4,20.049999999999997,31.2,12.23249340598785,24,24,100.0,1,False,2023-12-01T00:00:00-07:00,2023-12-02T00:00:00-07:00,2023-12-01T07:00:00Z,µg/m³
logan,S305,3346,305,reference,2023-12-02,0.452,0.2,0.4,0.7,0.13645163106041502,21,24,88.0,1,False,2023-12-02T00:00:00-07:00,2023-12-03T00:00:00-07:00,2023-12-02T07:00:00Z,µg/m³
logan,S305,3346,305,reference,2023-12-03,1.58,0.3,1.4,3.7,1.2208262229599534,24,24,100.0,1,False,2023-12-03T00:00:00-07:00,2023-12-04T00:00:00-07:00,2023-12-03T07:00:00Z,µg/m³
logan,S305,3346,305,reference,2023-12-04,6.05,1.0,6.35,9.0,2.092840625575194,24,24,100.0,1,False,2023-12-04T00:00:00-07:00,2023-12-05T00:00:00-07:00,2023-12-04T07:00:00Z,µg/m³
logan,S305,3346,305,reference,2023-12-05,10.9,5.7,10.1,17.9,3.297855333754278,23,24,96.0,1,False,2023-12-05T00:00:00-07:00,2023-12-06T00:00:00-07:00,2023-12-05T07:00:00Z,µg/m³
logan,S305,3346,305,reference,2023-12-06,10.1,6.4,9.9,16.3,2.412227306807993,24,24,100.0,1,False,2023-12-06T00:00:00-07:00,2023-12-07T00:00:00-07:00,2023-12-06T07:00:00Z,µg/m³
logan,S305,3346,305,reference,2023-12-07,2.62,0.3,1.5,14.4,3.4131432875648917,24,24,100.0,1,False,2023-12-07T00:00:00-07:00,2023-12-08T00:00:00-07:00,2023-12-07T07:00:00Z,µg/m³
logan,S305,3346,305,reference,2023-12-08,2.03,0.0,1.3,9.6,2.312066645646929,23,24,96.0,1,False,2023-12-08T00:00:00-07:00,2023-12-09T00:00:00-07:00,2023-12-08T07:00:00Z,µg/m³
logan,S305,3346,305,reference,2023-12-09,8.4,3.6,7.9,21.4,3.7086481561675613,23,24,96.0,1,False,2023-12-09T00:00:00-07:00,2023-12-10T00:00:00-07:00,2023-12-09T07:00:00Z,µg/m³
logan,S305,3346,305,reference,2023-12-10,10.4,5.2,10.5,16.4,2.470345865592947,24,24,100.0,1,False,2023-12-10T00:00:00-07:00,2023-12-11T00:00:00-07:00,2023-12-10T07:00:00Z,µg/m³
logan,S305,3346,305,reference,2023-12-11,16.5,7.9,16.299999999999997,23.7,4.026630104690521,24,24,100.0,1,False,2023-12-11T00:00:00-07:00,2023-12-12T00:00:00-07:00,2023-12-11T07:00:00Z,µg/m³
logan,S305,3346,305,reference,2023-12-12,15.3,7.8,12.8,27.2,6.635439049784061,23,24,96.0,1,False,2023-12-12T00:00:00-07:00,2023-12-13T00:00:00-07:00,2023-12-12T07:00:00Z,µg/m³
logan,S305,3346,305,reference,2023-12-13,5.5,3.0,5.2,8.7,1.6058261226645567,24,24,100.0,1,False,2023-12-13T00:00:00-07:00,2023-12-14T00:00:00-07:00,2023-12-13T07:00:00Z,µg/m³
logan,S305,3346,305,reference,2023-12-14,8.06,5.2,7.5,12.1,2.0281516731956133,23,24,96.0,1,False,2023-12-14T00:00:00-07:00,2023-12-15T00:00:00-07:00,2023-12-14T07:00:00Z,µg/m³
logan,S305,3346,305,reference,2023-12-15,13.5,8.9,13.7,17.3,2.524086863155391,24,24,100.0,1,False,2023-12-15T00:00:00-07:00,2023-12-16T00:00:00-07:00,2023-12-15T07:00:00Z,µg/m³
logan,S305,3346,305,reference,2023-12-16,14.8,9.5,14.1,42.6,6.487960878707297,23,24,96.0,1,False,2023-12-16T00:00:00-07:00,2023-12-17T00:00:00-07:00,2023-12-16T07:00:00Z,µg/m³
logan,S305,3346,305,reference,2023-12-17,15.6,11.5,14.850000000000001,20.1,2.4330454465396936,24,24,100.0,1,False,2023-12-17T00:00:00-07:00,2023-12-18T00:00:00-07:00,2023-12-17T07:00:00Z,µg/m³
logan,S305,3346,305,reference,2023-12-18,14.8,10.4,15.35,21.0,3.031847860509389,24,24,100.0,1,False,2023-12-18T00:00:00-07:00,2023-12-19T00:00:00-07:00,2023-12-18T07:00:00Z,µg/m³
logan,S305,3346,305,reference,2023-12-19,20.1,17.0,19.75,25.7,2.5340578674060157,24,24,100.0,1,False,2023-12-19T00:00:00-07:00,2023-12-20T00:00:00-07:00,2023-12-19T07:00:00Z,µg/m³
logan,S305,3346,305,reference,2023-12-20,24.0,20.7,23.700000000000003,27.8,1.860297428299874,24,24,100.0,1,False,2023-12-20T00:00:00-07:00,2023-12-21T00:00:00-07:00,2023-12-20T07:00:00Z,µg/m³
logan,S305,3346,305,reference,2023-12-21,17.6,8.5,19.6,22.9,4.627901290620968,23,24,96.0,1,False,2023-12-21T00:00:00-07:00,2023-12-22T00:00:00-07:00,2023-12-21T07:00:00Z,µg/m³
logan,S305,3346,305,reference,2023-12-22,13.2,6.9,13.75,17.5,2.532613360697327,24,24,100.0,1,False,2023-12-22T00:00:00-07:00,2023-12-23T00:00:00-07:00,2023-12-22T07:00:00Z,µg/m³
logan,S305,3346,305,reference,2023-12-23,4.3,0.2,0.6,15.4,6.1671273819281165,24,24,100.0,1,False,2023-12-23T00:00:00-07:00,2023-12-24T00:00:00-07:00,2023-12-23T07:00:00Z,µg/m³
logan,S305,3346,305,reference,2023-12-24,5.13,1.0,5.2,9.2,2.673457160383498,24,24,100.0,1,False,2023-12-24T00:00:00-07:00,2023-12-25T00:00:00-07:00,2023-12-24T07:00:00Z,µg/m³
logan,S305,3346,305,reference,2023-12-25,6.74,5.1,6.1,10.6,1.4735100556351726,24,24,100.0,1,False,2023-12-25T00:00:00-07:00,2023-12-26T00:00:00-07:00,2023-12-25T07:00:00Z,µg/m³
logan,S305,3346,305,reference,2023-12-26,8.32,5.9,8.149999999999999,11.0,1.3292623540133464,24,24,100.0,1,False,2023-12-26T00:00:00-07:00,2023-12-27T00:00:00-07:00,2023-12-26T07:00:00Z,µg/m³
logan,S305,3346,305,reference,2023-12-27,8.81,5.1,8.899999999999999,12.8,2.4369104638241548,24,24,100.0,1,False,2023-12-27T00:00:00-07:00,2023-12-28T00:00:00-07:00,2023-12-27T07:00:00Z,µg/m³
logan,S305,3346,305,reference,2023-12-28,13.1,8.3,12.850000000000001,19.3,3.160890995282496,24,24,100.0,1,False,2023-12-28T00:00:00-07:00,2023-12-29T00:00:00-07:00,2023-12-28T07:00:00Z,µg/m³
logan,S305,3346,305,reference,2023-12-29,17.3,15.1,17.4,19.8,1.272728154996871,24,24,100.0,1,False,2023-12-29T00:00:00-07:00,2023-12-30T00:00:00-07:00,2023-12-29T07:00:00Z,µg/m³
logan,S305,3346,305,reference,2023-12-30,17.8,14.1,17.5,21.9,1.7743673370078459,23,24,96.0,1,False,2023-12-30T00:00:00-07:00,2023-12-31T00:00:00-07:00,2023-12-30T07:00:00Z,µg/m³
logan,S305,3346,305,reference,2023-12-31,15.7,9.2,16.05,28.8,4.832341227513889,24,24,100.0,1,False,2023-12-31T00:00:00-07:00,2024-01-01T00:00:00-07:00,2023-12-31T07:00:00Z,µg/m³
logan,S305,3346,305,reference,2024-01-01,15.0,9.2,14.85,23.0,4.177154915538302,24,24,100.0,1,False,2024-01-01T00:00:00-07:00,2024-01-02T00:00:00-07:00,2024-01-01T07:00:00Z,µg/m³
logan,S305,3346,305,reference,2024-01-02,13.3,10.8,12.850000000000001,18.2,2.1997858920846123,24,24,100.0,1,False,2024-01-02T00:00:00-07:00,2024-01-03T00:00:00-07:00,2024-01-02T07:00:00Z,µg/m³
logan,S305,3346,305,reference,2024-01-03,16.1,12.9,15.3,23.0,2.311528077989962,23,24,96.0,1,False,2024-01-03T00:00:00-07:00,2024-01-04T00:00:00-07:00,2024-01-03T07:00:00Z,µg/m³
logan,S305,3346,305,reference,2024-01-04,18.5,11.1,18.8,28.9,4.975388703772118,24,24,100.0,1,False,2024-01-04T00:00:00-07:00,2024-01-05T00:00:00-07:00,2024-01-04T07:00:00Z,µg/m³
logan,S305,3346,305,reference,2024-01-05,4.0,1.2,3.3499999999999996,9.8,2.2062124078170258,24,24,100.0,1,False,2024-01-05T00:00:00-07:00,2024-01-06T00:00:00-07:00,2024-01-05T07:00:00Z,µg/m³
logan,S305,3346,305,reference,2024-01-06,2.86,0.7,2.3,6.9,1.9158189681806002,24,24,100.0,1,False,2024-01-06T00:00:00-07:00,2024-01-07T00:00:00-07:00,2024-01-06T07:00:00Z,µg/m³
logan,S305,3346,305,reference,2024-01-07,0.846,0.2,0.8,1.6,0.3776116784610149,24,24,100.0,1,False,2024-01-07T00:00:00-07:00,2024-01-08T00:00:00-07:00,2024-01-07T07:00:00Z,µg/m³
logan,S305,3346,305,reference,2024-01-08,5.83,1.0,6.15,11.9,3.6014087420808307,24,24,100.0,1,False,2024-01-08T00:00:00-07:00,2024-01-09T00:00:00-07:00,2024-01-08T07:00:00Z,µg/m³
logan,S305,3346,305,reference,2024-01-09,4.92,3.8,3.8,8.6,1.6252536033992717,24,24,100.0,1,False,2024-01-09T00:00:00-07:00,2024-01-10T00:00:00-07:00,2024-01-09T07:00:00Z,µg/m³
logan,S305,3346,305,reference,2024-01-10,1.62,0.5,1.1,3.8,1.2401495935945603,24,24,100.0,1,False,2024-01-10T00:00:00-07:00,2024-01-11T00:00:00-07:00,2024-01-10T07:00:00Z,µg/m³
logan,S305,3346,305,reference,2024-01-11,1.55,0.6,1.2,3.5,0.8304006366756377,24,24,100.0,1,False,2024-01-11T00:00:00-07:00,2024-01-12T00:00:00-07:00,2024-01-11T07:00:00Z,µg/m³
logan,S305,3346,305,reference,2024-01-12,1.1,0.4,1.2,1.8,0.41544022399154473,24,24,100.0,1,False,2024-01-12T00:00:00-07:00,2024-01-13T00:00:00-07:00,2024-01-12T07:00:00Z,µg/m³
logan,S305,3346,305,reference,2024-01-13,2.1,0.7,2.4,3.3,0.9612861937243555,23,24,96.0,1,False,2024-01-13T00:00:00-07:00,2024-01-14T00:00:00-07:00,2024-01-13T07:00:00Z,µg/m³
logan,S305,3346,305,reference,2024-01-14,5.14,2.5,4.55,9.3,2.031665091366749,24,24,100.0,1,False,2024-01-14T00:00:00-07:00,2024-01-15T00:00:00-07:00,2024-01-14T07:00:00Z,µg/m³
logan,S305,3346,305,reference,2024-01-15,3.09,0.4,2.0,10.1,2.766305415563132,24,24,100.0,1,False,2024-01-15T00:00:00-07:00,2024-01-16T00:00:00-07:00,2024-01-15T07:00:00Z,µg/m³
logan,S305,3346,305,reference,2024-01-16,14.7,5.0,15.95,27.5,5.96635494287323,24,24,100.0,1,False,2024-01-16T00:00:00-07:00,2024-01-17T00:00:00-07:00,2024-01-16T07:00:00Z,µg/m³
logan,S305,3346,305,reference,2024-01-17,28.6,2.4,27.9,44.0,10.382730226511798,24,24,100.0,1,False,2024-01-17T00:00:00-07:00,2024-01-18T00:00:00-07:00,2024-01-17T07:00:00Z,µg/m³
logan,S305,3346,305,reference,2024-01-18,3.79,0.8,3.55,7.1,2.0246130422909197,24,24,100.0,1,False,2024-01-18T00:00:00-07:00,2024-01-19T00:00:00-07:00,2024-01-18T07:00:00Z,µg/m³
logan,S305,3346,305,reference,2024-01-19,16.0,4.8,15.15,29.7,6.696716694974757,24,24,100.0,1,False,2024-01-19T00:00:00-07:00,2024-01-20T00:00:00-07:00,2024-01-19T07:00:00Z,µg/m³
logan,S305,3346,305,reference,2024-01-20,24.5,9.3,28.9,36.3,8.600113750511625,24,24,100.0,1,False,2024-01-20T00:00:00-07:00,2024-01-21T00:00:00-07:00,2024-01-20T07:00:00Z,µg/m³
logan,S305,3346,305,reference,2024-01-21,24.6,9.5,26.049999999999997,32.2,5.9723274903653705,24,24,100.0,1,False,2024-01-21T00:00:00-07:00,2024-01-22T00:00:00-07:00,2024-01-21T07:00:00Z,µg/m³
logan,S305,3346,305,reference,2024-01-22,25.4,22.7,24.85,28.4,1.6081089803721715,24,24,100.0,1,False,2024-01-22T00:00:00-07:00,2024-01-23T00:00:00-07:00,2024-01-22T07:00:00Z,µg/m³
logan,S305,3346,305,reference,2024-01-23,24.9,17.2,25.85,33.3,4.687029203410535,24,24,100.0,1,False,2024-01-23T00:00:00-07:00,2024-01-24T00:00:00-07:00,2024-01-23T07:00:00Z,µg/m³
logan,S305,3346,305,reference,2024-01-24,18.2,2.8,19.25,30.2,8.354169964580649,24,24,100.0,1,False,2024-01-24T00:00:00-07:00,2024-01-25T00:00:00-07:00,2024-01-24T07:00:00Z,µg/m³
logan,S305,3346,305,reference,2024-01-25,14.8,7.7,15.15,21.1,3.7078036586386953,24,24,100.0,1,False,2024-01-25T00:00:00-07:00,2024-01-26T00:00:00-07:00,2024-01-25T07:00:00Z,µg/m³
logan,S305,3346,305,reference,2024-01-26,9.11,2.1,9.4,14.1,3.1408828261392103,24,24,100.0,1,False,2024-01-26T00:00:00-07:00,2024-01-27T00:00:00-07:00,2024-01-26T07:00:00Z,µg/m³
logan,S305,3346,305,reference,2024-01-27,12.8,7.5,13.0,20.0,2.886269800223776,23,24,96.0,1,False,2024-01-27T00:00:00-07:00,2024-01-28T00:00:00-07:00,2024-01-27T07:00:00Z,µg/m³
logan,S305,3346,305,reference,2024-01-28,25.2,20.7,25.2,28.6,1.9652783112271173,24,24,100.0,1,False,2024-01-28T00:00:00-07:00,2024-01-29T00:00:00-07:00,2024-01-28T07:00:00Z,µg/m³
logan,S305,3346,305,reference,2024-01-29,25.4,14.9,25.6,33.4,4.708393291910134,24,24,100.0,1,False,2024-01-29T00:00:00-07:00,2024-01-30T00:00:00-07:00,2024-01-29T07:00:00Z,µg/m³
logan,S305,3346,305,reference,2024-01-30,14.6,6.5,14.4,25.5,5.4677562761750975,24,24,100.0,1,False,2024-01-30T00:00:00-07:00,2024-01-31T00:00:00-07:00,2024-01-30T07:00:00Z,µg/m³
logan,S305,3346,305,reference,2024-01-31,12.8,10.0,12.0,18.0,2.414828577523368,17,24,71.0,0,False,2024-01-31T00:00:00-07:00,2024-02-01T00:00:00-07:00,2024-01-31T07:00:00Z,µg/m³
logan,S305,3346,305,reference,2024-02-01,19.6,16.9,19.9,22.4,1.610453540484981,12,24,50.0,0,False,2024-02-01T00:00:00-07:00,2024-02-02T00:00:00-07:00,2024-02-01T07:00:00Z,µg/m³
logan,S305,3346,305,reference,2024-02-02,5.58,1.2,2.8499999999999996,18.7,5.326551961363133,24,24,100.0,1,False,2024-02-02T00:00:00-07:00,2024-02-03T00:00:00-07:00,2024-02-02T07:00:00Z,µg/m³
logan,S305,3346,305,reference,2024-02-03,2.63,0.5,2.1,8.5,1.7013944525018156,23,24,96.0,1,False,2024-02-03T00:00:00-07:00,2024-02-04T00:00:00-07:00,2024-02-03T07:00:00Z,µg/m³
logan,S305,3346,305,reference,2024-02-04,3.59,0.6,2.8,9.4,2.975540384486513,24,24,100.0,1,False,2024-02-04T00:00:00-07:00,2024-02-05T00:00:00-07:00,2024-02-04T07:00:00Z,µg/m³
logan,S305,3346,305,reference,2024-02-05,5.85,2.7,5.800000000000001,9.4,2.2157497831319484,24,24,100.0,1,False,2024-02-05T00:00:00-07:00,2024-02-06T00:00:00-07:00,2024-02-05T07:00:00Z,µg/m³
logan,S305,3346,305,reference,2024-02-06,5.24,0.7,5.2,8.7,1.9511005812773645,24,24,100.0,1,False,2024-02-06T00:00:00-07:00,2024-02-07T00:00:00-07:00,2024-02-06T07:00:00Z,µg/m³
logan,S305,3346,305,reference,2024-02-07,2.16,0.6,1.5,6.0,1.6247853815910223,24,24,100.0,1,False,2024-02-07T00:00:00-07:00,2024-02-08T00:00:00-07:00,2024-02-07T07:00:00Z,µg/m³
logan,S305,3346,305,reference,2024-02-08,6.63,1.4,8.15,12.3,3.673581260209487,24,24,100.0,1,False,2024-02-08T00:00:00-07:00,2024-02-09T00:00:00-07:00,2024-02-08T07:00:00Z,µg/m³
logan,S305,3346,305,reference,2024-02-09,1.9,0.1,1.5,4.9,1.3119779845272015,24,24,100.0,1,False,2024-02-09T00:00:00-07:00,2024-02-10T00:00:00-07:00,2024-02-09T07:00:00Z,µg/m³
logan,S305,3346,305,reference,2024-02-10,3.89,1.8,3.65,6.7,1.4385731658915328,24,24,100.0,1,False,2024-02-10T00:00:00-07:00,2024-02-11T00:00:00-07:00,2024-02-10T07:00:00Z,µg/m³
logan,S305,3346,305,reference,2024-02-11,5.39,3.1,5.3,10.4,1.5858922875864194,24,24,100.0,1,False,2024-02-11T00:00:00-07:00,2024-02-12T00:00:00-07:00,2024-02-11T07:00:00Z,µg/m³
logan,S305,3346,305,reference,2024-02-12,6.93,4.6,6.4,10.3,1.7402315354864273,24,24,100.0,1,False,2024-02-12T00:00:00-07:00,2024-02-13T00:00:00-07:00,2024-02-12T07:00:00Z,µg/m³
logan,S305,3346,305,reference,2024-02-13,11.2,7.4,11.2,16.1,2.4081947956743543,24,24,100.0,1,False,2024-02-13T00:00:00-07:00,2024-02-14T00:00:00-07:00,2024-02-13T07:00:00Z,µg/m³
logan,S305,3346,305,reference,2024-02-14,7.01,1.1,8.0,12.7,4.230871858121195,23,24,96.0,1,False,2024-02-14T00:00:00-07:00,2024-02-15T00:00:00-07:00,2024-02-14T07:00:00Z,µg/m³
logan,S305,3346,305,reference,2024-02-15,0.846,0.1,0.75,2.0,0.5484992700773286,24,24,100.0,1,False,2024-02-15T00:00:00-07:00,2024-02-16T00:00:00-07:00,2024-02-15T07:00:00Z,µg/m³
logan,S305,3346,305,reference,2024-02-16,1.02,0.3,0.8,2.7,0.6773290954604804,23,24,96.0,1,False,2024-02-16T00:00:00-07:00,2024-02-17T00:00:00-07:00,2024-02-16T07:00:00Z,µg/m³
logan,S305,3346,305,reference,2024-02-17,2.7,1.2,2.05,6.8,1.625470946249563,24,24,100.0,1,False,2024-02-17T00:00:00-07:00,2024-02-18T00:00:00-07:00,2024-02-17T07:00:00Z,µg/m³
logan,S305,3346,305,reference,2024-02-18,5.01,1.9,4.85,8.5,1.416459916712144,24,24,100.0,1,False,2024-02-18T00:00:00-07:00,2024-02-19T00:00:00-07:00,2024-02-18T07:00:00Z,µg/m³
logan,S305,3346,305,reference,2024-02-19,5.48,1.5,5.15,10.4,2.4407730718782106,24,24,100.0,1,False,2024-02-19T00:00:00-07:00,2024-02-20T00:00:00-07:00,2024-02-19T07:00:00Z,µg/m³
logan,S305,3346,305,reference,2024-02-20,6.19,1.9,5.949999999999999,11.0,3.0539087569297445,24,24,100.0,1,False,2024-02-20T00:00:00-07:00,2024-02-21T00:00:00-07:00,2024-02-20T07:00:00Z,µg/m³
logan,S305,3346,305,reference,2024-02-21,7.48,2.1,6.2,21.5,4.967041571829712,23,24,96.0,1,False,2024-02-21T00:00:00-07:00,2024-02-22T00:00:00-07:00,2024-02-21T07:00:00Z,µg/m³
logan,S305,3346,305,reference,2024-02-22,13.9,5.7,13.45,23.5,5.297947031975989,24,24,100.0,1,False,2024-02-22T00:00:00-07:00,2024-02-23T00:00:00-07:00,2024-02-22T07:00:00Z,µg/m³
logan,S305,3346,305,reference,2024-02-23,6.43,4.4,6.050000000000001,9.1,1.5578118557058742,10,24,42.0,0,False,2024-02-23T00:00:00-07:00,2024-02-24T00:00:00-07:00,2024-02-23T07:00:00Z,µg/m³
logan,S305,3346,305,reference,2024-02-26,1.59,0.2,2.0,2.7,0.899501286326242,13,24,54.0,0,False,2024-02-26T00:00:00-07:00,2024-02-27T00:00:00-07:00,2024-02-26T07:00:00Z,µg/m³
logan,S305,3346,305,reference,2024-02-27,0.758,0.2,0.6,1.8,0.3988207254074101,24,24,100.0,1,False,2024-02-27T00:00:00-07:00,2024-02-28T00:00:00-07:00,2024-02-27T07:00:00Z,µg/m³
logan,S305,3346,305,reference,2024-02-28,3.5,1.4,2.45,13.4,2.79027490723961,24,24,100.0,1,False,2024-02-28T00:00:00-07:00,2024-02-29T00:00:00-07:00,2024-02-28T07:00:00Z,µg/m³
logan,S305,3346,305,reference,2024-02-29,7.51,4.3,7.75,9.2,1.6367828111922769,24,24,100.0,1,False,2024-02-29T00:00:00-07:00,2024-03-01T00:00:00-07:00,2024-02-29T07:00:00Z,µg/m³
logan,S305,3346,305,reference,2024-03-01,9.0,9.0,9.0,9.0,0.0,24,24,100.0,1,False,2024-03-01T00:00:00-07:00,2024-03-02T00:00:00-07:00,2024-03-01T07:00:00Z,µg/m³
logan,S305,3346,305,reference,2024-03-02,5.63,0.0,3.25,24.2,6.341202681611381,24,24,100.0,1,False,2024-03-02T00:00:00-07:00,2024-03-03T00:00:00-07:00,2024-03-02T07:00:00Z,µg/m³
logan,S305,3346,305,reference,2024-03-03,0.43,0.2,0.4,1.0,0.23048325241602433,23,24,96.0,1,False,2024-03-03T00:00:00-07:00,2024-03-04T00:00:00-07:00,2024-03-03T07:00:00Z,µg/m³
logan,S305,3346,305,reference,2024-03-04,0.55,0.2,0.6,0.9,0.24847360108225308,24,24,100.0,1,False,2024-03-04T00:00:00-07:00,2024-03-05T00:00:00-07:00,2024-03-04T07:00:00Z,µg/m³
logan,S305,3346,305,reference,2024-03-05,1.46,1.0,1.35,2.6,0.4158978414139146,24,24,100.0,1,False,2024-03-05T00:00:00-07:00,2024-03-06T00:00:00-07:00,2024-03-05T07:00:00Z,µg/m³
logan,S305,3346,305,reference,2024-03-06,0.965,0.6,1.0,1.5,0.23473136609590337,23,24,96.0,1,False,2024-03-06T00:00:00-07:00,2024-03-07T00:00:00-07:00,2024-03-06T07:00:00Z,µg/m³
logan,S305,3346,305,reference,2024-03-07,2.39,0.7,2.0,6.6,1.6032082459374692,23,24,96.0,1,False,2024-03-07T00:00:00-07:00,2024-03-08T00:00:00-07:00,2024-03-07T07:00:00Z,µg/m³
logan,S305,3346,305,reference,2024-03-08,5.16,3.4,5.0,6.9,1.144086013516515,23,24,96.0,1,False,2024-03-08T00:00:00-07:00,2024-03-09T00:00:00-07:00,2024-03-08T07:00:00Z,µg/m³
logan,S305,3346,305,reference,2024-03-09,5.62,3.9,5.5,8.1,1.121205355532769,24,24,100.0,1,False,2024-03-09T00:00:00-07:00,2024-03-10T00:00:00-07:00,2024-03-09T07:00:00Z,µg/m³
logan,S305,3346,305,reference,2024-03-10,5.88,2.2,6.55,9.4,2.259146871884294,22,24,92.0,1,False,2024-03-10T00:00:00-07:00,2024-03-11T00:00:00-06:00,2024-03-10T07:00:00Z,µg/m³
logan,S305,3346,305,reference,2024-03-11,3.72,2.0,3.0,6.7,1.377767307502682,24,24,100.0,1,False,2024-03-11T00:00:00-06:00,2024-03-12T00:00:00-06:00,2024-03-11T06:00:00Z,µg/m³
logan,S305,3346,305,reference,2024-03-12,2.82,0.3,2.8499999999999996,4.8,1.2214270579821846,24,24,100.0,1,False,2024-03-12T00:00:00-06:00,2024-03-13T00:00:00-06:00,2024-03-12T06:00:00Z,µg/m³
logan,S305,3346,305,reference,2024-03-13,2.3,1.1,1.85,6.6,1.4533320037223008,24,24,100.0,1,False,2024-03-13T00:00:00-06:00,2024-03-14T00:00:00-06:00,2024-03-13T06:00:00Z,µg/m³
logan,S305,3346,305,reference,2024-03-14,2.31,1.1,2.1,6.1,1.2964682948401367,23,24,96.0,1,False,2024-03-14T00:00:00-06:00,2024-03-15T00:00:00-06:00,2024-03-14T06:00:00Z,µg/m³
logan,S305,3346,305,reference,2024-03-15,2.16,1.1,2.2,3.6,0.6254129070844525,24,24,100.0,1,False,2024-03-15T00:00:00-06:00,2024-03-16T00:00:00-06:00,2024-03-15T06:00:00Z,µg/m³
logan,S305,3346,305,reference,2024-03-16,2.36,1.3,2.6,3.4,0.6034772428258547,24,24,100.0,1,False,2024-03-16T00:00:00-06:00,2024-03-17T00:00:00-06:00,2024-03-16T06:00:00Z,µg/m³
logan,S305,3346,305,reference,2024-03-17,3.41,0.3,2.4000000000000004,18.7,4.079739619426568,24,24,100.0,1,False,2024-03-17T00:00:00-06:00,2024-03-18T00:00:00-06:00,2024-03-17T06:00:00Z,µg/m³
logan,S305,3346,305,reference,2024-03-18,1.26,0.6,1.2,2.9,0.6177224519701258,23,24,96.0,1,False,2024-03-18T00:00:00-06:00,2024-03-19T00:00:00-06:00,2024-03-18T06:00:00Z,µg/m³
logan,S305,3346,305,reference,2024-03-19,4.2,2.2,4.6,7.3,1.4290634073484012,19,24,79.0,1,False,2024-03-19T00:00:00-06:00,2024-03-20T00:00:00-06:00,2024-03-19T06:00:00Z,µg/m³
logan,S305,3346,305,reference,2024-03-20,4.94,2.5,6.0,7.3,2.2345021816950634,5,24,21.0,0,False,2024-03-20T00:00:00-06:00,2024-03-21T00:00:00-06:00,2024-03-20T06:00:00Z,µg/m³
logan,S305,3346,305,reference,2024-03-21,5.4,2.2,4.5,17.0,3.17106483281453,24,24,100.0,1,False,2024-03-21T00:00:00-06:00,2024-03-22T00:00:00-06:00,2024-03-21T06:00:00Z,µg/m³
logan,S305,3346,305,reference,2024-03-22,5.2,1.5,4.9,8.9,1.523005942683506,24,24,100.0,1,False,2024-03-22T00:00:00-06:00,2024-03-23T00:00:00-06:00,2024-03-22T06:00:00Z,µg/m³
logan,S305,3346,305,reference,2024-03-23,2.8,0.2,2.8499999999999996,4.9,1.4256895102756928,24,24,100.0,1,False,2024-03-23T00:00:00-06:00,2024-03-24T00:00:00-06:00,2024-03-23T06:00:00Z,µg/m³
logan,S305,3346,305,reference,2024-03-24,1.49,0.7,1.2,6.2,1.1117211489593415,24,24,100.0,1,False,2024-03-24T00:00:00-06:00,2024-03-25T00:00:00-06:00,2024-03-24T06:00:00Z,µg/m³
logan,S305,3346,305,reference,2024-03-25,3.15,0.9,3.3,5.9,1.3253315144477649,24,24,100.0,1,False,2024-03-25T00:00:00-06:00,2024-03-26T00:00:00-06:00,2024-03-25T06:00:00Z,µg/m³
logan,S305,3346,305,reference,2024-03-26,3.36,1.2,2.7,8.4,1.8052861188782494,24,24,100.0,1,False,2024-03-26T00:00:00-06:00,2024-03-27T00:00:00-06:00,2024-03-26T06:00:00Z,µg/m³
logan,S305,3346,305,reference,2024-03-27,2.88,1.8,2.0,5.8,1.3098221474578198,24,24,100.0,1,False,2024-03-27T00:00:00-06:00,2024-03-28T00:00:00-06:00,2024-03-27T06:00:00Z,µg/m³
logan,S305,3346,305,reference,2024-03-28,2.0,2.0,2.0,2.0,0.0,24,24,100.0,1,False,2024-03-28T00:00:00-06:00,2024-03-29T00:00:00-06:00,2024-03-28T06:00:00Z,µg/m³
logan,S305,3346,305,reference,2024-03-29,2.0,2.0,2.0,2.0,0.0,24,24,100.0,1,False,2024-03-29T00:00:00-06:00,2024-03-30T00:00:00-06:00,2024-03-29T06:00:00Z,µg/m³
logan,S305,3346,305,reference,2024-03-30,1.43,0.7,1.3,2.0,0.4696591425118088,24,24,100.0,1,False,2024-03-30T00:00:00-06:00,2024-03-31T00:00:00-06:00,2024-03-30T06:00:00Z,µg/m³
logan,S305,3346,305,reference,2024-03-31,0.988,0.1,0.75,2.6,0.7713976586858992,24,24,100.0,1,False,2024-03-31T00:00:00-06:00,2024-04-01T00:00:00-06:00,2024-03-31T06:00:00Z,µg/m³
logan,S305,3346,305,reference,2024-04-01,1.69,0.7,1.85,3.2,0.7168267431605387,24,24,100.0,1,False,2024-04-01T00:00:00-06:00,2024-04-02T00:00:00-06:00,2024-04-01T06:00:00Z,µg/m³
logan,S305,3346,305,reference,2024-04-02,6.07,1.8,6.9,8.6,2.256291525773069,24,24,100.0,1,False,2024-04-02T00:00:00-06:00,2024-04-03T00:00:00-06:00,2024-04-02T06:00:00Z,µg/m³
logan,S305,3346,305,reference,2024-04-03,5.54,3.0,6.0,8.0,1.6895619447707124,24,24,100.0,1,False,2024-04-03T00:00:00-06:00,2024-04-04T00:00:00-06:00,2024-04-03T06:00:00Z,µg/m³
logan,S305,3346,305,reference,2024-04-04,5.08,2.3,4.65,14.7,2.627391939889651,24,24,100.0,1,False,2024-04-04T00:00:00-06:00,2024-04-05T00:00:00-06:00,2024-04-04T06:00:00Z,µg/m³
logan,S305,3346,305,reference,2024-04-05,2.81,0.6,3.1,5.7,1.4955401419572574,23,24,96.0,1,False,2024-04-05T00:00:00-06:00,2024-04-06T00:00:00-06:00,2024-04-05T06:00:00Z,µg/m³
logan,S305,3346,305,reference,2024-04-06,1.03,0.5,0.9,2.5,0.48387026647915526,24,24,100.0,1,False,2024-04-06T00:00:00-06:00,2024-04-07T00:00:00-06:00,2024-04-06T06:00:00Z,µg/m³
logan,S305,3346,305,reference,2024-04-07,1.48,0.6,1.1,9.6,1.7636373398935128,24,24,100.0,1,False,2024-04-07T00:00:00-06:00,2024-04-08T00:00:00-06:00,2024-04-07T06:00:00Z,µg/m³
logan,S305,3346,305,reference,2024-04-08,3.18,1.0,2.65,7.7,1.6249860646002252,24,24,100.0,1,False,2024-04-08T00:00:00-06:00,2024-04-09T00:00:00-06:00,2024-04-08T06:00:00Z,µg/m³
logan,S305,3346,305,reference,2024-04-09,5.04,2.3,5.1,10.9,2.090333168091438,24,24,100.0,1,False,2024-04-09T00:00:00-06:00,2024-04-10T00:00:00-06:00,2024-04-09T06:00:00Z,µg/m³
logan,S305,3346,305,reference,2024-04-10,4.89,1.7,5.15,8.0,1.5214171502015927,24,24,100.0,1,False,2024-04-10T00:00:00-06:00,2024-04-11T00:00:00-06:00,2024-04-10T06:00:00Z,µg/m³
logan,S305,3346,305,reference,2024-04-11,5.92,3.4,6.4,8.6,1.2818691063431955,24,24,100.0,1,False,2024-04-11T00:00:00-06:00,2024-04-12T00:00:00-06:00,2024-04-11T06:00:00Z,µg/m³
logan,S305,3346,305,reference,2024-04-12,6.38,3.2,5.800000000000001,14.1,2.4715738985981957,24,24,100.0,1,False,2024-04-12T00:00:00-06:00,2024-04-13T00:00:00-06:00,2024-04-12T06:00:00Z,µg/m³
logan,S305,3346,305,reference,2024-04-13,6.2,4.0,5.55,11.0,1.9439985686163992,24,24,100.0,1,False,2024-04-13T00:00:00-06:00,2024-04-14T00:00:00-06:00,2024-04-13T06:00:00Z,µg/m³
logan,S305,3346,305,reference,2024-04-14,5.7,4.0,5.300000000000001,13.7,1.948127119918594,24,24,100.0,1,False,2024-04-14T00:00:00-06:00,2024-04-15T00:00:00-06:00,2024-04-14T06:00:00Z,µg/m³
logan,S305,3346,305,reference,2024-04-15,3.64,1.9,3.75,6.0,1.0790159231071803,24,24,100.0,1,False,2024-04-15T00:00:00-06:00,2024-04-16T00:00:00-06:00,2024-04-15T06:00:00Z,µg/m³
logan,S305,3346,305,reference,2024-04-16,5.18,2.9,4.15,13.9,2.5615326028302507,24,24,100.0,1,False,2024-04-16T00:00:00-06:00,2024-04-17T00:00:00-06:00,2024-04-16T06:00:00Z,µg/m³
logan,S305,3346,305,reference,2024-04-17,4.23,2.5,3.55,8.9,1.6496815678676655,24,24,100.0,1,False,2024-04-17T00:00:00-06:00,2024-04-18T00:00:00-06:00,2024-04-17T06:00:00Z,µg/m³
logan,S305,3346,305,reference,2024-04-18,4.72,2.9,4.0,14.3,2.2337294154505987,24,24,100.0,1,False,2024-04-18T00:00:00-06:00,2024-04-19T00:00:00-06:00,2024-04-18T06:00:00Z,µg/m³
logan,S305,3346,305,reference,2024-04-19,3.29,2.5,3.2,5.1,0.572798242042481,24,24,100.0,1,False,2024-04-19T00:00:00-06:00,2024-04-20T00:00:00-06:00,2024-04-19T06:00:00Z,µg/m³
logan,S305,3346,305,reference,2024-04-20,4.33,2.9,4.15,12.0,1.831245517380871,24,24,100.0,1,False,2024-04-20T00:00:00-06:00,2024-04-21T00:00:00-06:00,2024-04-20T06:00:00Z,µg/m³
logan,S305,3346,305,reference,2024-04-21,6.55,3.3,5.6,15.0,3.0410238550456197,24,24,100.0,1,False,2024-04-21T00:00:00-06:00,2024-04-22T00:00:00-06:00,2024-04-21T06:00:00Z,µg/m³
logan,S305,3346,305,reference,2024-04-22,4.61,2.4,3.75,7.9,1.6019858600038184,24,24,100.0,1,False,2024-04-22T00:00:00-06:00,2024-04-23T00:00:00-06:00,2024-04-22T06:00:00Z,µg/m³
logan,S305,3346,305,reference,2024-04-23,7.08,3.7,6.05,14.5,2.7032957609211934,24,24,100.0,1,False,2024-04-23T00:00:00-06:00,2024-04-24T00:00:00-06:00,2024-04-23T06:00:00Z,µg/m³
logan,S305,3346,305,reference,2024-04-24,6.67,3.1,4.75,13.0,3.338637989238787,24,24,100.0,1,False,2024-04-24T00:00:00-06:00,2024-04-25T00:00:00-06:00,2024-04-24T06:00:00Z,µg/m³
logan,S305,3346,305,reference,2024-04-25,5.08,2.8,5.300000000000001,8.7,1.5834057954433156,24,24,100.0,1,False,2024-04-25T00:00:00-06:00,2024-04-26T00:00:00-06:00,2024-04-25T06:00:00Z,µg/m³
logan,S305,3346,305,reference,2024-04-26,4.25,1.7,4.3,6.6,1.3451940757560876,24,24,100.0,1,False,2024-04-26T00:00:00-06:00,2024-04-27T00:00:00-06:00,2024-04-26T06:00:00Z,µg/m³
logan,S305,3346,305,reference,2024-04-27,2.45,0.8,2.1,5.1,1.2093836015310335,24,24,100.0,1,False,2024-04-27T00:00:00-06:00,2024-04-28T00:00:00-06:00,2024-04-27T06:00:00Z,µg/m³
logan,S305,3346,305,reference,2024-04-28,2.64,1.3,2.6,5.3,0.8811635917140012,24,24,100.0,1,False,2024-04-28T00:00:00-06:00,2024-04-29T00:00:00-06:00,2024-04-28T06:00:00Z,µg/m³
logan,S305,3346,305,reference,2024-04-29,4.71,3.2,4.65,7.1,0.9631996798112036,24,24,100.0,1,False,2024-04-29T00:00:00-06:00,2024-04-30T00:00:00-06:00,2024-04-29T06:00:00Z,µg/m³
logan,S305,3346,305,reference,2024-04-30,2.13,1.0,1.7999999999999998,4.6,1.0212861314630883,24,24,100.0,1,False,2024-04-30T00:00:00-06:00,2024-05-01T00:00:00-06:00,2024-04-30T06:00:00Z,µg/m³
logan,S305,3346,305,reference,2024-05-01,1.67,1.1,1.6,2.7,0.4657664713105716,24,24,100.0,1,False,2024-05-01T00:00:00-06:00,2024-05-02T00:00:00-06:00,2024-05-01T06:00:00Z,µg/m³
logan,S305,3346,305,reference,2024-05-02,4.49,2.3,4.75,7.1,1.3655107342007207,24,24,100.0,1,False,2024-05-02T00:00:00-06:00,2024-05-03T00:00:00-06:00,2024-05-02T06:00:00Z,µg/m³
logan,S305,3346,305,reference,2024-05-03,4.19,2.0,3.9499999999999997,9.0,1.8883893911885927,24,24,100.0,1,False,2024-05-03T00:00:00-06:00,2024-05-04T00:00:00-06:00,2024-05-03T06:00:00Z,µg/m³
logan,S305,3346,305,reference,2024-05-04,5.42,3.0,5.4,9.2,1.8353217148776533,24,24,100.0,1,False,2024-05-04T00:00:00-06:00,2024-05-05T00:00:00-06:00,2024-05-04T06:00:00Z,µg/m³
logan,S305,3346,305,reference,2024-05-05,3.12,0.7,1.95,8.9,2.538514914475488,24,24,100.0,1,False,2024-05-05T00:00:00-06:00,2024-05-06T00:00:00-06:00,2024-05-05T06:00:00Z,µg/m³
logan,S305,3346,305,reference,2024-05-06,0.975,0.1,0.55,2.8,0.8547819452427872,24,24,100.0,1,False,2024-05-06T00:00:00-06:00,2024-05-07T00:00:00-06:00,2024-05-06T06:00:00Z,µg/m³
logan,S305,3346,305,reference,2024-05-07,2.36,1.2,2.4,3.7,0.721060008759246,24,24,100.0,1,False,2024-05-07T00:00:00-06:00,2024-05-08T00:00:00-06:00,2024-05-07T06:00:00Z,µg/m³
logan,S305,3346,305,reference,2024-05-08,2.17,1.4,2.05,4.1,0.7067864609974327,24,24,100.0,1,False,2024-05-08T00:00:00-06:00,2024-05-09T00:00:00-06:00,2024-05-08T06:00:00Z,µg/m³
logan,S305,3346,305,reference,2024-05-09,1.67,0.4,1.4,3.5,1.0323744967061492,24,24,100.0,1,False,2024-05-09T00:00:00-06:00,2024-05-10T00:00:00-06:00,2024-05-09T06:00:00Z,µg/m³
logan,S305,3346,305,reference,2024-05-10,2.18,0.9,1.85,5.1,1.0308203430812495,24,24,100.0,1,False,2024-05-10T00:00:00-06:00,2024-05-11T00:00:00-06:00,2024-05-10T06:00:00Z,µg/m³
logan,S305,3346,305,reference,2024-05-11,5.64,2.1,4.65,30.7,5.522988846367648,24,24,100.0,1,False,2024-05-11T00:00:00-06:00,2024-05-12T00:00:00-06:00,2024-05-11T06:00:00Z,µg/m³
logan,S305,3346,305,reference,2024-05-12,5.67,2.5,3.55,21.6,5.743174903397466,24,24,100.0,1,False,2024-05-12T00:00:00-06:00,2024-05-13T00:00:00-06:00,2024-05-12T06:00:00Z,µg/m³
logan,S305,3346,305,reference,2024-05-13,5.46,1.8,5.2,9.4,1.93678633420102,24,24,100.0,1,False,2024-05-13T00:00:00-06:00,2024-05-14T00:00:00-06:00,2024-05-13T06:00:00Z,µg/m³
logan,S305,3346,305,reference,2024-05-14,5.16,3.1,4.3,9.0,1.9405988542312085,24,24,100.0,1,False,2024-05-14T00:00:00-06:00,2024-05-15T00:00:00-06:00,2024-05-14T06:00:00Z,µg/m³
logan,S305,3346,305,reference,2024-05-15,3.91,2.3,3.9,6.2,1.077562668408583,24,24,100.0,1,False,2024-05-15T00:00:00-06:00,2024-05-16T00:00:00-06:00,2024-05-15T06:00:00Z,µg/m³
logan,S305,3346,305,reference,2024-05-16,5.74,3.3,5.8,8.9,1.1761442162385125,24,24,100.0,1,False,2024-05-16T00:00:00-06:00,2024-05-17T00:00:00-06:00,2024-05-16T06:00:00Z,µg/m³
logan,S305,3346,305,reference,2024-05-17,6.29,3.4,5.95,11.7,1.9219366742195603,24,24,100.0,1,False,2024-05-17T00:00:00-06:00,2024-05-18T00:00:00-06:00,2024-05-17T06:00:00Z,µg/m³
logan,S305,3346,305,reference,2024-05-18,4.69,2.8,4.45,7.3,1.4399011137544506,24,24,100.0,1,False,2024-05-18T00:00:00-06:00,2024-05-19T00:00:00-06:00,2024-05-18T06:00:00Z,µg/m³
logan,S305,3346,305,reference,2024-05-19,5.24,1.4,5.6,11.5,2.808653166322901,24,24,100.0,1,False,2024-05-19T00:00:00-06:00,2024-05-20T00:00:00-06:00,2024-05-19T06:00:00Z,µg/m³
logan,S305,3346,305,reference,2024-05-20,2.77,1.9,2.55,5.1,0.7261048552857675,24,24,100.0,1,False,2024-05-20T00:00:00-06:00,2024-05-21T00:00:00-06:00,2024-05-20T06:00:00Z,µg/m³
logan,S305,3346,305,reference,2024-05-21,3.66,2.0,3.25,5.9,1.1359012893427114,24,24,100.0,1,False,2024-05-21T00:00:00-06:00,2024-05-22T00:00:00-06:00,2024-05-21T06:00:00Z,µg/m³
logan,S305,3346,305,reference,2024-05-22,4.09,0.8,3.8,8.2,1.668354218114801,24,24,100.0,1,False,2024-05-22T00:00:00-06:00,2024-05-23T00:00:00-06:00,2024-05-22T06:00:00Z,µg/m³
logan,S305,3346,305,reference,2024-05-23,1.71,0.6,1.45,4.2,1.0278481704375706,22,24,92.0,1,False,2024-05-23T00:00:00-06:00,2024-05-24T00:00:00-06:00,2024-05-23T06:00:00Z,µg/m³
logan,S305,3346,305,reference,2024-05-24,2.4,1.0,2.25,4.8,1.1741709995702858,24,24,100.0,1,False,2024-05-24T00:00:00-06:00,2024-05-25T00:00:00-06:00,2024-05-24T06:00:00Z,µg/m³
logan,S305,3346,305,reference,2024-05-25,5.04,2.3,4.1,10.3,2.5136006854305837,24,24,100.0,1,False,2024-05-25T00:00:00-06:00,2024-05-26T00:00:00-06:00,2024-05-25T06:00:00Z,µg/m³
logan,S305,3346,305,reference,2024-05-26,4.18,3.0,3.7,9.5,1.3431522516135292,24,24,100.0,1,False,2024-05-26T00:00:00-06:00,2024-05-27T00:00:00-06:00,2024-05-26T06:00:00Z,µg/m³
logan,S305,3346,305,reference,2024-05-27,4.72,2.3,4.699999999999999,7.8,1.7246717814190586,24,24,100.0,1,False,2024-05-27T00:00:00-06:00,2024-05-28T00:00:00-06:00,2024-05-27T06:00:00Z,µg/m³
logan,S305,3346,305,reference,2024-05-28,4.2,3.1,4.1,6.2,0.782970930661458,24,24,100.0,1,False,2024-05-28T00:00:00-06:00,2024-05-29T00:00:00-06:00,2024-05-28T06:00:00Z,µg/m³
logan,S305,3346,305,reference,2024-05-29,6.16,1.8,6.05,22.0,3.8895530833767777,24,24,100.0,1,False,2024-05-29T00:00:00-06:00,2024-05-30T00:00:00-06:00,2024-05-29T06:00:00Z,µg/m³
logan,S305,3346,305,reference,2024-05-30,2.47,1.3,2.45,4.2,0.76979905151289,24,24,100.0,1,False,2024-05-30T00:00:00-06:00,2024-05-31T00:00:00-06:00,2024-05-30T06:00:00Z,µg/m³
logan,S305,3346,305,reference,2024-05-31,4.52,2.6,4.4,7.2,1.175096357442811,24,24,100.0,1,False,2024-05-31T00:00:00-06:00,2024-06-01T00:00:00-06:00,2024-05-31T06:00:00Z,µg/m³
logan,S305,3346,305,reference,2024-06-01,6.23,3.3,6.4,9.0,1.934956839574075,24,24,100.0,1,False,2024-06-01T00:00:00-06:00,2024-06-02T00:00:00-06:00,2024-06-01T06:00:00Z,µg/m³
logan,S305,3346,305,reference,2024-06-02,5.24,3.9,4.75,7.6,1.2551848989032584,24,24,100.0,1,False,2024-06-02T00:00:00-06:00,2024-06-03T00:00:00-06:00,2024-06-02T06:00:00Z,µg/m³
logan,S305,3346,305,reference,2024-06-03,5.57,3.1,4.45,12.1,2.4287193201833523,24,24,100.0,1,False,2024-06-03T00:00:00-06:00,2024-06-04T00:00:00-06:00,2024-06-03T06:00:00Z,µg/m³
logan,S305,3346,305,reference,2024-06-04,3.83,2.3,3.3499999999999996,6.6,1.2578377467310518,24,24,100.0,1,False,2024-06-04T00:00:00-06:00,2024-06-05T00:00:00-06:00,2024-06-04T06:00:00Z,µg/m³
logan,S305,3346,305,reference,2024-06-05,5.6,3.3,5.3,10.4,1.7630209169556637,24,24,100.0,1,False,2024-06-05T00:00:00-06:00,2024-06-06T00:00:00-06:00,2024-06-05T06:00:00Z,µg/m³
logan,S305,3346,305,reference,2024-06-06,5.9,3.4,4.949999999999999,9.4,2.0570134534868956,24,24,100.0,1,False,2024-06-06T00:00:00-06:00,2024-06-07T00:00:00-06:00,2024-06-06T06:00:00Z,µg/m³
logan,S305,3346,305,reference,2024-06-07,3.79,1.6,3.6500000000000004,10.1,1.7807952953829282,24,24,100.0,1,False,2024-06-07T00:00:00-06:00,2024-06-08T00:00:00-06:00,2024-06-07T06:00:00Z,µg/m³
logan,S305,3346,305,reference,2024-06-08,6.74,3.6,6.6,12.1,2.172318436902,24,24,100.0,1,False,2024-06-08T00:00:00-06:00,2024-06-09T00:00:00-06:00,2024-06-08T06:00:00Z,µg/m³
logan,S305,3346,305,reference,2024-06-09,7.78,4.2,8.149999999999999,10.6,1.9285610765767713,24,24,100.0,1,False,2024-06-09T00:00:00-06:00,2024-06-10T00:00:00-06:00,2024-06-09T06:00:00Z,µg/m³
logan,S305,3346,305,reference,2024-06-10,6.06,4.3,5.6,9.4,1.5003803865512992,24,24,100.0,1,False,2024-06-10T00:00:00-06:00,2024-06-11T00:00:00-06:00,2024-06-10T06:00:00Z,µg/m³
logan,S305,3346,305,reference,2024-06-11,6.75,3.8,6.5,9.4,1.4203426306373392,24,24,100.0,1,False,2024-06-11T00:00:00-06:00,2024-06-12T00:00:00-06:00,2024-06-11T06:00:00Z,µg/m³
logan,S305,3346,305,reference,2024-06-12,8.56,5.0,7.75,16.3,3.1483490037280433,24,24,100.0,1,False,2024-06-12T00:00:00-06:00,2024-06-13T00:00:00-06:00,2024-06-12T06:00:00Z,µg/m³
logan,S305,3346,305,reference,2024-06-13,6.23,4.7,5.8,9.6,1.3984298554471946,21,24,88.0,1,False,2024-06-13T00:00:00-06:00,2024-06-14T00:00:00-06:00,2024-06-13T06:00:00Z,µg/m³
logan,S305,3346,305,reference,2024-06-14,9.2,5.1,9.3,15.1,2.602392294058279,24,24,100.0,1,False,2024-06-14T00:00:00-06:00,2024-06-15T00:00:00-06:00,2024-06-14T06:00:00Z,µg/m³
logan,S305,3346,305,reference,2024-06-15,5.47,2.8,5.4,8.9,1.624874577099521,24,24,100.0,1,False,2024-06-15T00:00:00-06:00,2024-06-16T00:00:00-06:00,2024-06-15T06:00:00Z,µg/m³
logan,S305,3346,305,reference,2024-06-16,3.48,1.9,3.25,5.5,1.2211823090284504,24,24,100.0,1,False,2024-06-16T00:00:00-06:00,2024-06-17T00:00:00-06:00,2024-06-16T06:00:00Z,µg/m³
logan,S305,3346,305,reference,2024-06-17,4.78,1.5,4.65,7.9,1.7320508075688772,24,24,100.0,1,False,2024-06-17T00:00:00-06:00,2024-06-18T00:00:00-06:00,2024-06-17T06:00:00Z,µg/m³
logan,S305,3346,305,reference,2024-06-18,3.25,1.7,2.6,6.5,0.7141428428542849,24,24,100.0,1,False,2024-06-18T00:00:00-06:00,2024-06-19T00:00:00-06:00,2024-06-18T06:00:00Z,µg/m³
logan,S305,3346,305,reference,2024-06-19,4.6,2.8,4.9,6.5,,24,24,100.0,1,False,2024-06-19T00:00:00-06:00,2024-06-20T00:00:00-06:00,2024-06-19T06:00:00Z,µg/m³
logan,S305,3346,305,reference,2024-06-20,6.03,3.6,6.0,8.5,0.5354126134736336,24,24,100.0,1,False,2024-06-20T00:00:00-06:00,2024-06-21T00:00:00-06:00,2024-06-20T06:00:00Z,µg/m³
logan,S305,3346,305,reference,2024-06-21,9.41,6.0,9.15,13.5,0.4991659710623986,24,24,100.0,1,False,2024-06-21T00:00:00-06:00,2024-06-22T00:00:00-06:00,2024-06-21T06:00:00Z,µg/m³
logan,S305,3346,305,reference,2024-06-22,10.3,6.9,10.25,14.3,0.8261355820929146,24,24,100.0,1,False,2024-06-22T00:00:00-06:00,2024-06-23T00:00:00-06:00,2024-06-22T06:00:00Z,µg/m³
logan,S305,3346,305,reference,2024-06-23,7.7,5.2,7.75,11.2,0.46904157598234364,24,24,100.0,1,False,2024-06-23T00:00:00-06:00,2024-06-24T00:00:00-06:00,2024-06-23T06:00:00Z,µg/m³
logan,S305,3346,305,reference,2024-06-24,9.92,6.1,9.899999999999999,14.0,1.2446552400832387,24,24,100.0,1,False,2024-06-24T00:00:00-06:00,2024-06-25T00:00:00-06:00,2024-06-24T06:00:00Z,µg/m³
logan,S305,3346,305,reference,2024-06-25,8.28,5.2,8.45,11.1,1.3598406769422164,24,24,100.0,1,False,2024-06-25T00:00:00-06:00,2024-06-26T00:00:00-06:00,2024-06-25T06:00:00Z,µg/m³
logan,S305,3346,305,reference,2024-06-26,8.43,3.5,8.65,21.8,1.2701705922171762,24,24,100.0,1,False,2024-06-26T00:00:00-06:00,2024-06-27T00:00:00-06:00,2024-06-26T06:00:00Z,µg/m³
logan,S305,3346,305,reference,2024-06-27,6.66,3.8,6.4,14.4,0.5291502622129187,24,24,100.0,1,False,2024-06-27T00:00:00-06:00,2024-06-28T00:00:00-06:00,2024-06-27T06:00:00Z,µg/m³
logan,S305,3346,305,reference,2024-06-28,5.29,2.9,5.0,8.3,1.2419742348374219,24,24,100.0,1,False,2024-06-28T00:00:00-06:00,2024-06-29T00:00:00-06:00,2024-06-28T06:00:00Z,µg/m³
logan,S305,3346,305,reference,2024-06-29,5.42,3.9,5.35,7.5,0.47958315233127263,24,24,100.0,1,False,2024-06-29T00:00:00-06:00,2024-06-30T00:00:00-06:00,2024-06-29T06:00:00Z,µg/m³
logan,S305,3346,305,reference,2024-06-30,7.43,3.3,7.85,12.3,1.5842979517754858,24,24,100.0,1,False,2024-06-30T00:00:00-06:00,2024-07-01T00:00:00-06:00,2024-06-30T06:00:00Z,µg/m³
logan,S305,3346,305,reference,2024-07-01,5.3,2.8,4.75,9.5,2.3252240035460385,24,24,100.0,1,False,2024-07-01T00:00:00-06:00,2024-07-02T00:00:00-06:00,2024-07-01T06:00:00Z,µg/m³
logan,S305,3346,305,reference,2024-07-02,7.46,5.2,6.85,14.6,0.6782329983125275,22,24,92.0,1,False,2024-07-02T00:00:00-06:00,2024-07-03T00:00:00-06:00,2024-07-02T06:00:00Z,µg/m³
logan,S305,3346,305,reference,2024-07-03,6.13,3.5,6.0,13.0,0.8717797887081344,24,24,100.0,1,False,2024-07-03T00:00:00-06:00,2024-07-04T00:00:00-06:00,2024-07-03T06:00:00Z,µg/m³
logan,S305,3346,305,reference,2024-07-04,7.38,4.1,5.3,32.6,0.35939764421413056,24,24,100.0,1,False,2024-07-04T00:00:00-06:00,2024-07-05T00:00:00-06:00,2024-07-04T06:00:00Z,µg/m³
logan,S305,3346,305,reference,2024-07-05,11.6,5.3,8.85,29.8,4.208325082500164,24,24,100.0,1,False,2024-07-05T00:00:00-06:00,2024-07-06T00:00:00-06:00,2024-07-05T06:00:00Z,µg/m³
logan,S305,3346,305,reference,2024-07-06,8.41,3.0,7.550000000000001,14.9,2.2896506283710627,24,24,100.0,1,False,2024-07-06T00:00:00-06:00,2024-07-07T00:00:00-06:00,2024-07-06T06:00:00Z,µg/m³
logan,S305,3346,305,reference,2024-07-07,9.02,4.9,8.25,19.6,0.5737304826019501,24,24,100.0,1,False,2024-07-07T00:00:00-06:00,2024-07-08T00:00:00-06:00,2024-07-07T06:00:00Z,µg/m³
logan,S305,3346,305,reference,2024-07-08,6.9,5.1,6.15,14.1,0.7118052168020874,24,24,100.0,1,False,2024-07-08T00:00:00-06:00,2024-07-09T00:00:00-06:00,2024-07-08T06:00:00Z,µg/m³
logan,S305,3346,305,reference,2024-07-09,9.81,5.9,9.2,15.8,3.251153641401773,24,24,100.0,1,False,2024-07-09T00:00:00-06:00,2024-07-10T00:00:00-06:00,2024-07-09T06:00:00Z,µg/m³
logan,S305,3346,305,reference,2024-07-10,9.94,5.9,9.9,14.0,0.15000000000000094,24,24,100.0,1,False,2024-07-10T00:00:00-06:00,2024-07-11T00:00:00-06:00,2024-07-10T06:00:00Z,µg/m³
logan,S305,3346,305,reference,2024-07-11,9.09,6.0,9.2,13.0,0.55075705472861,13,24,54.0,0,False,2024-07-11T00:00:00-06:00,2024-07-12T00:00:00-06:00,2024-07-11T06:00:00Z,µg/m³
logan,S305,3346,305,reference,2024-07-15,13.6,10.3,13.350000000000001,17.8,,10,24,42.0,0,False,2024-07-15T00:00:00-06:00,2024-07-16T00:00:00-06:00,2024-07-15T06:00:00Z,µg/m³
logan,S305,3346,305,reference,2024-07-16,14.6,6.3,14.4,20.5,3.269097734849786,18,24,75.0,1,False,2024-07-16T00:00:00-06:00,2024-07-17T00:00:00-06:00,2024-07-16T06:00:00Z,µg/m³
logan,S305,3346,305,reference,2024-07-18,4.52,3.5,4.2,6.5,,11,24,46.0,0,False,2024-07-18T00:00:00-06:00,2024-07-19T00:00:00-06:00,2024-07-18T06:00:00Z,µg/m³
logan,S305,3346,305,reference,2024-07-19,5.23,3.0,5.449999999999999,7.0,0.7135591542869215,24,24,100.0,1,False,2024-07-19T00:00:00-06:00,2024-07-20T00:00:00-06:00,2024-07-19T06:00:00Z,µg/m³
logan,S305,3346,305,reference,2024-07-20,11.4,6.3,11.3,15.7,2.3357725345875036,24,24,100.0,1,False,2024-07-20T00:00:00-06:00,2024-07-21T00:00:00-06:00,2024-07-20T06:00:00Z,µg/m³
logan,S305,3346,305,reference,2024-07-21,12.4,7.6,12.3,17.1,2.717903603882965,24,24,100.0,1,False,2024-07-21T00:00:00-06:00,2024-07-22T00:00:00-06:00,2024-07-21T06:00:00Z,µg/m³
logan,S305,3346,305,reference,2024-07-22,14.6,9.6,15.0,19.0,1.2227019260637493,24,24,100.0,1,False,2024-07-22T00:00:00-06:00,2024-07-23T00:00:00-06:00,2024-07-22T06:00:00Z,µg/m³
logan,S305,3346,305,reference,2024-07-23,19.3,11.6,19.6,24.7,2.4602845363900507,24,24,100.0,1,False,2024-07-23T00:00:00-06:00,2024-07-24T00:00:00-06:00,2024-07-23T06:00:00Z,µg/m³
logan,S305,3346,305,reference,2024-07-24,19.2,13.8,19.5,25.8,0.988433103452125,24,24,100.0,1,False,2024-07-24T00:00:00-06:00,2024-07-25T00:00:00-06:00,2024-07-24T06:00:00Z,µg/m³
logan,S305,3346,305,reference,2024-07-25,15.1,5.2,12.55,25.3,1.1193748255164566,24,24,100.0,1,False,2024-07-25T00:00:00-06:00,2024-07-26T00:00:00-06:00,2024-07-25T06:00:00Z,µg/m³
logan,S305,3346,305,reference,2024-07-26,11.5,4.5,7.75,30.2,0.36469165057620945,24,24,100.0,1,False,2024-07-26T00:00:00-06:00,2024-07-27T00:00:00-06:00,2024-07-26T06:00:00Z,µg/m³
logan,S305,3346,305,reference,2024-07-27,11.4,3.9,7.0,30.9,0.9763879010584529,24,24,100.0,1,False,2024-07-27T00:00:00-06:00,2024-07-28T00:00:00-06:00,2024-07-27T06:00:00Z,µg/m³
logan,S305,3346,305,reference,2024-07-28,12.3,4.8,10.35,23.1,0.9591663046625442,24,24,100.0,1,False,2024-07-28T00:00:00-06:00,2024-07-29T00:00:00-06:00,2024-07-28T06:00:00Z,µg/m³
logan,S305,3346,305,reference,2024-07-29,17.7,10.2,16.65,25.0,2.168409555411524,24,24,100.0,1,False,2024-07-29T00:00:00-06:00,2024-07-30T00:00:00-06:00,2024-07-29T06:00:00Z,µg/m³
logan,S305,3346,305,reference,2024-07-30,22.2,15.3,22.200000000000003,31.1,0.756967634711024,24,24,100.0,1,False,2024-07-30T00:00:00-06:00,2024-07-31T00:00:00-06:00,2024-07-30T06:00:00Z,µg/m³
logan,S305,3346,305,reference,2024-07-31,22.8,11.3,26.6,30.3,0.48166378315169045,24,24,100.0,1,False,2024-07-31T00:00:00-06:00,2024-08-01T00:00:00-06:00,2024-07-31T06:00:00Z,µg/m³
logan,S305,3346,305,reference,2024-08-01,12.8,10.5,12.8,14.1,0.4932882862316237,24,24,100.0,1,False,2024-08-01T00:00:00-06:00,2024-08-02T00:00:00-06:00,2024-08-01T06:00:00Z,µg/m³
logan,S305,3346,305,reference,2024-08-02,12.5,10.7,12.2,16.2,0.7402702209328694,24,24,100.0,1,False,2024-08-02T00:00:00-06:00,2024-08-03T00:00:00-06:00,2024-08-02T06:00:00Z,µg/m³
logan,S305,3346,305,reference,2024-08-03,12.1,3.3,12.5,17.4,3.9558226209848755,24,24,100.0,1,False,2024-08-03T00:00:00-06:00,2024-08-04T00:00:00-06:00,2024-08-03T06:00:00Z,µg/m³
logan,S305,3346,305,reference,2024-08-04,5.24,3.1,4.550000000000001,14.6,0.5652643713553949,24,24,100.0,1,False,2024-08-04T00:00:00-06:00,2024-08-05T00:00:00-06:00,2024-08-04T06:00:00Z,µg/m³
logan,S305,3346,305,reference,2024-08-05,13.1,5.5,11.6,20.8,0.9797958971132709,21,24,88.0,1,False,2024-08-05T00:00:00-06:00,2024-08-06T00:00:00-06:00,2024-08-05T06:00:00Z,µg/m³
logan,S305,3346,305,reference,2024-08-06,6.13,3.9,6.050000000000001,11.7,0.5504543577809149,24,24,100.0,1,False,2024-08-06T00:00:00-06:00,2024-08-07T00:00:00-06:00,2024-08-06T06:00:00Z,µg/m³
logan,S305,3346,305,reference,2024-08-07,18.6,4.1,20.0,39.5,1.3277801022759756,23,24,96.0,1,False,2024-08-07T00:00:00-06:00,2024-08-08T00:00:00-06:00,2024-08-07T06:00:00Z,µg/m³
logan,S305,3346,305,reference,2024-08-08,31.3,21.9,30.35,51.2,4.324580904550174,24,24,100.0,1,False,2024-08-08T00:00:00-06:00,2024-08-09T00:00:00-06:00,2024-08-08T06:00:00Z,µg/m³
logan,S305,3346,305,reference,2024-08-09,27.3,7.7,32.45,43.6,1.233693641063292,24,24,100.0,1,False,2024-08-09T00:00:00-06:00,2024-08-10T00:00:00-06:00,2024-08-09T06:00:00Z,µg/m³
logan,S305,3346,305,reference,2024-08-10,9.66,5.9,9.350000000000001,14.3,1.0521406750050117,24,24,100.0,1,False,2024-08-10T00:00:00-06:00,2024-08-11T00:00:00-06:00,2024-08-10T06:00:00Z,µg/m³
logan,S305,3346,305,reference,2024-08-11,15.9,11.1,16.25,20.9,1.8493242008906927,24,24,100.0,1,False,2024-08-11T00:00:00-06:00,2024-08-12T00:00:00-06:00,2024-08-11T06:00:00Z,µg/m³
logan,S305,3346,305,reference,2024-08-12,6.22,2.0,5.4,17.1,5.653582934741473,24,24,100.0,1,False,2024-08-12T00:00:00-06:00,2024-08-13T00:00:00-06:00,2024-08-12T06:00:00Z,µg/m³
logan,S305,3346,305,reference,2024-08-13,4.63,2.8,4.65,8.0,0.787400787401181,24,24,100.0,1,False,2024-08-13T00:00:00-06:00,2024-08-14T00:00:00-06:00,2024-08-13T06:00:00Z,µg/m³
logan,S305,3346,305,reference,2024-08-14,7.57,5.7,7.199999999999999,10.8,0.27080128015453225,24,24,100.0,1,False,2024-08-14T00:00:00-06:00,2024-08-15T00:00:00-06:00,2024-08-14T06:00:00Z,µg/m³
logan,S305,3346,305,reference,2024-08-15,6.61,3.5,6.3,12.4,0.5941380311005183,24,24,100.0,1,False,2024-08-15T00:00:00-06:00,2024-08-16T00:00:00-06:00,2024-08-15T06:00:00Z,µg/m³
logan,S305,3346,305,reference,2024-08-16,5.78,3.4,5.7,9.2,0.7224956747275376,24,24,100.0,1,False,2024-08-16T00:00:00-06:00,2024-08-17T00:00:00-06:00,2024-08-16T06:00:00Z,µg/m³
logan,S305,3346,305,reference,2024-08-17,6.5,1.7,6.3,22.9,0.6016643582596534,24,24,100.0,1,False,2024-08-17T00:00:00-06:00,2024-08-18T00:00:00-06:00,2024-08-17T06:00:00Z,µg/m³
logan,S305,3346,305,reference,2024-08-18,3.24,1.7,3.0,5.2,0.35637059362410906,24,24,100.0,1,False,2024-08-18T00:00:00-06:00,2024-08-19T00:00:00-06:00,2024-08-18T06:00:00Z,µg/m³
logan,S305,3346,305,reference,2024-08-19,5.06,1.9,5.15,10.2,0.4924428900898053,24,24,100.0,1,False,2024-08-19T00:00:00-06:00,2024-08-20T00:00:00-06:00,2024-08-19T06:00:00Z,µg/m³
logan,S305,3346,305,reference,2024-08-20,4.79,2.6,4.65,6.9,1.817415747703315,24,24,100.0,1,False,2024-08-20T00:00:00-06:00,2024-08-21T00:00:00-06:00,2024-08-20T06:00:00Z,µg/m³
logan,S305,3346,305,reference,2024-08-21,5.65,2.8,5.9,8.9,1.5329580307006836,24,24,100.0,1,False,2024-08-21T00:00:00-06:00,2024-08-22T00:00:00-06:00,2024-08-21T06:00:00Z,µg/m³
logan,S305,3346,305,reference,2024-08-22,6.05,2.3,6.0,11.2,2.3463199678015676,24,24,100.0,1,False,2024-08-22T00:00:00-06:00,2024-08-23T00:00:00-06:00,2024-08-22T06:00:00Z,µg/m³
logan,S305,3346,305,reference,2024-08-23,8.75,2.6,6.35,28.3,8.13077633498326,24,24,100.0,1,False,2024-08-23T00:00:00-06:00,2024-08-24T00:00:00-06:00,2024-08-23T06:00:00Z,µg/m³
logan,S305,3346,305,reference,2024-08-24,7.63,5.9,7.050000000000001,11.5,1.7545315478443102,24,24,100.0,1,False,2024-08-24T00:00:00-06:00,2024-08-25T00:00:00-06:00,2024-08-24T06:00:00Z,µg/m³
logan,S305,3346,305,reference,2024-08-25,8.8,6.4,8.5,13.4,1.6169432564272297,24,24,100.0,1,False,2024-08-25T00:00:00-06:00,2024-08-26T00:00:00-06:00,2024-08-25T06:00:00Z,µg/m³
logan,S305,3346,305,reference,2024-08-26,7.73,5.1,7.35,11.6,2.229947682495413,24,24,100.0,1,False,2024-08-26T00:00:00-06:00,2024-08-27T00:00:00-06:00,2024-08-26T06:00:00Z,µg/m³
logan,S305,3346,305,reference,2024-08-27,7.68,4.1,8.05,12.9,2.621304655174231,24,24,100.0,1,False,2024-08-27T00:00:00-06:00,2024-08-28T00:00:00-06:00,2024-08-27T06:00:00Z,µg/m³
logan,S305,3346,305,reference,2024-08-28,8.23,4.0,8.2,13.9,1.8395198648922855,24,24,100.0,1,False,2024-08-28T00:00:00-06:00,2024-08-29T00:00:00-06:00,2024-08-28T06:00:00Z,µg/m³
logan,S305,3346,305,reference,2024-08-29,15.8,4.4,5.949999999999999,51.9,1.016061490452695,24,24,100.0,1,False,2024-08-29T00:00:00-06:00,2024-08-30T00:00:00-06:00,2024-08-29T06:00:00Z,µg/m³
logan,S305,3346,305,reference,2024-08-30,31.0,12.0,31.35,50.3,12.846731101723892,24,24,100.0,1,False,2024-08-30T00:00:00-06:00,2024-08-31T00:00:00-06:00,2024-08-30T06:00:00Z,µg/m³
logan,S305,3346,305,reference,2024-08-31,16.3,11.2,16.25,26.5,3.221567941236069,24,24,100.0,1,False,2024-08-31T00:00:00-06:00,2024-09-01T00:00:00-06:00,2024-08-31T06:00:00Z,µg/m³
logan,S305,3346,305,reference,2024-09-01,9.95,6.0,10.85,14.9,2.513157045099516,24,24,100.0,1,False,2024-09-01T00:00:00-06:00,2024-09-02T00:00:00-06:00,2024-09-01T06:00:00Z,µg/m³
logan,S305,3346,305,reference,2024-09-02,7.17,4.4,7.65,10.2,1.8066807238954083,24,24,100.0,1,False,2024-09-02T00:00:00-06:00,2024-09-03T00:00:00-06:00,2024-09-02T06:00:00Z,µg/m³
logan,S305,3346,305,reference,2024-09-03,7.83,3.0,7.0,22.9,1.6736686251067348,24,24,100.0,1,False,2024-09-03T00:00:00-06:00,2024-09-04T00:00:00-06:00,2024-09-03T06:00:00Z,µg/m³
logan,S305,3346,305,reference,2024-09-04,31.4,15.3,30.450000000000003,54.3,14.582215195230111,24,24,100.0,1,False,2024-09-04T00:00:00-06:00,2024-09-05T00:00:00-06:00,2024-09-04T06:00:00Z,µg/m³
logan,S305,3346,305,reference,2024-09-05,20.2,6.3,20.85,34.7,10.164316668292726,24,24,100.0,1,False,2024-09-05T00:00:00-06:00,2024-09-06T00:00:00-06:00,2024-09-05T06:00:00Z,µg/m³
logan,S305,3346,305,reference,2024-09-06,9.09,6.6,9.05,12.3,1.586190404711868,24,24,100.0,1,False,2024-09-06T00:00:00-06:00,2024-09-07T00:00:00-06:00,2024-09-06T06:00:00Z,µg/m³
logan,S305,3346,305,reference,2024-09-07,11.5,7.8,10.8,21.2,3.573140542062869,24,24,100.0,1,False,2024-09-07T00:00:00-06:00,2024-09-08T00:00:00-06:00,2024-09-07T06:00:00Z,µg/m³
logan,S305,3346,305,reference,2024-09-08,10.7,7.9,11.05,13.2,0.9095557523685209,24,24,100.0,1,False,2024-09-08T00:00:00-06:00,2024-09-09T00:00:00-06:00,2024-09-08T06:00:00Z,µg/m³
logan,S305,3346,305,reference,2024-09-09,8.67,5.2,8.850000000000001,13.1,2.186909103865871,24,24,100.0,1,False,2024-09-09T00:00:00-06:00,2024-09-10T00:00:00-06:00,2024-09-09T06:00:00Z,µg/m³
logan,S305,3346,305,reference,2024-09-10,8.01,5.8,7.65,12.3,2.0265631826650097,24,24,100.0,1,False,2024-09-10T00:00:00-06:00,2024-09-11T00:00:00-06:00,2024-09-10T06:00:00Z,µg/m³
logan,S305,3346,305,reference,2024-09-11,21.8,5.0,10.75,72.8,10.601194901204929,24,24,100.0,1,False,2024-09-11T00:00:00-06:00,2024-09-12T00:00:00-06:00,2024-09-11T06:00:00Z,µg/m³
logan,S305,3346,305,reference,2024-09-12,6.35,4.2,6.15,11.1,1.0503769164764933,24,24,100.0,1,False,2024-09-12T00:00:00-06:00,2024-09-13T00:00:00-06:00,2024-09-12T06:00:00Z,µg/m³
logan,S305,3346,305,reference,2024-09-13,7.39,2.7,4.55,37.9,0.9449647259730561,24,24,100.0,1,False,2024-09-13T00:00:00-06:00,2024-09-14T00:00:00-06:00,2024-09-13T06:00:00Z,µg/m³
logan,S305,3346,305,reference,2024-09-14,2.68,0.9,1.3,28.4,0.20330600909302537,24,24,100.0,1,False,2024-09-14T00:00:00-06:00,2024-09-15T00:00:00-06:00,2024-09-14T06:00:00Z,µg/m³
logan,S305,3346,305,reference,2024-09-15,3.77,1.5,2.9,24.6,0.44342417615642027,24,24,100.0,1,False,2024-09-15T00:00:00-06:00,2024-09-16T00:00:00-06:00,2024-09-15T06:00:00Z,µg/m³
logan,S305,3346,305,reference,2024-09-16,3.33,1.2,3.85,5.1,1.4056878506031605,24,24,100.0,1,False,2024-09-16T00:00:00-06:00,2024-09-17T00:00:00-06:00,2024-09-16T06:00:00Z,µg/m³
logan,S305,3346,305,reference,2024-09-17,2.85,1.8,2.8499999999999996,4.0,0.5744562646538026,24,24,100.0,1,False,2024-09-17T00:00:00-06:00,2024-09-18T00:00:00-06:00,2024-09-17T06:00:00Z,µg/m³
logan,S305,3346,305,reference,2024-09-18,4.83,3.2,4.85,7.1,1.2230426539304886,24,24,100.0,1,False,2024-09-18T00:00:00-06:00,2024-09-19T00:00:00-06:00,2024-09-18T06:00:00Z,µg/m³
logan,S305,3346,305,reference,2024-09-19,7.1,3.4,7.699999999999999,10.4,1.8081182667808726,24,24,100.0,1,False,2024-09-19T00:00:00-06:00,2024-09-20T00:00:00-06:00,2024-09-19T06:00:00Z,µg/m³
logan,S305,3346,305,reference,2024-09-20,6.65,4.1,6.35,11.7,2.1138995786393044,24,24,100.0,1,False,2024-09-20T00:00:00-06:00,2024-09-21T00:00:00-06:00,2024-09-20T06:00:00Z,µg/m³
logan,S305,3346,305,reference,2024-09-21,5.75,3.2,6.0,8.4,1.5674687663023255,24,24,100.0,1,False,2024-09-21T00:00:00-06:00,2024-09-22T00:00:00-06:00,2024-09-21T06:00:00Z,µg/m³
logan,S305,3346,305,reference,2024-09-22,6.52,3.7,6.35,10.9,2.1399522434847946,24,24,100.0,1,False,2024-09-22T00:00:00-06:00,2024-09-23T00:00:00-06:00,2024-09-22T06:00:00Z,µg/m³
logan,S305,3346,305,reference,2024-09-23,5.33,1.9,5.35,9.0,1.7168076687353686,24,24,100.0,1,False,2024-09-23T00:00:00-06:00,2024-09-24T00:00:00-06:00,2024-09-23T06:00:00Z,µg/m³
logan,S305,3346,305,reference,2024-09-24,4.93,3.0,4.7,8.5,1.554549774050352,24,24,100.0,1,False,2024-09-24T00:00:00-06:00,2024-09-25T00:00:00-06:00,2024-09-24T06:00:00Z,µg/m³
logan,S305,3346,305,reference,2024-09-25,6.4,3.1,6.4,10.7,2.3070543990118657,24,24,100.0,1,False,2024-09-25T00:00:00-06:00,2024-09-26T00:00:00-06:00,2024-09-25T06:00:00Z,µg/m³
logan,S305,3346,305,reference,2024-09-26,6.78,4.5,6.5,10.0,1.2217928538740832,24,24,100.0,1,False,2024-09-26T00:00:00-06:00,2024-09-27T00:00:00-06:00,2024-09-26T06:00:00Z,µg/m³
logan,S305,3346,305,reference,2024-09-27,7.31,3.9,7.25,11.5,1.9196245292591296,24,24,100.0,1,False,2024-09-27T00:00:00-06:00,2024-09-28T00:00:00-06:00,2024-09-27T06:00:00Z,µg/m³
logan,S305,3346,305,reference,2024-09-28,6.78,4.7,6.5,10.8,1.2620089804223529,24,24,100.0,1,False,2024-09-28T00:00:00-06:00,2024-09-29T00:00:00-06:00,2024-09-28T06:00:00Z,µg/m³
logan,S305,3346,305,reference,2024-09-29,7.21,3.0,7.85,10.8,2.103013710527506,24,24,100.0,1,False,2024-09-29T00:00:00-06:00,2024-09-30T00:00:00-06:00,2024-09-29T06:00:00Z,µg/m³
logan,S305,3346,305,reference,2024-09-30,6.46,3.8,6.0,17.0,2.1028778466889695,24,24,100.0,1,False,2024-09-30T00:00:00-06:00,2024-10-01T00:00:00-06:00,2024-09-30T06:00:00Z,µg/m³
logan,S305,3346,305,reference,2024-10-01,6.49,4.4,6.0,10.0,1.6037326252631185,24,24,100.0,1,False,2024-10-01T00:00:00-06:00,2024-10-02T00:00:00-06:00,2024-10-01T06:00:00Z,µg/m³
logan,S305,3346,305,reference,2024-10-02,8.63,6.0,7.95,15.2,2.714766718031833,24,24,100.0,1,False,2024-10-02T00:00:00-06:00,2024-10-03T00:00:00-06:00,2024-10-02T06:00:00Z,µg/m³
logan,S305,3346,305,reference,2024-10-03,8.67,3.1,8.350000000000001,16.6,4.245804651989673,24,24,100.0,1,False,2024-10-03T00:00:00-06:00,2024-10-04T00:00:00-06:00,2024-10-03T06:00:00Z,µg/m³
logan,S305,3346,305,reference,2024-10-04,8.67,4.8,8.0,18.3,1.8047045002806794,24,24,100.0,1,False,2024-10-04T00:00:00-06:00,2024-10-05T00:00:00-06:00,2024-10-04T06:00:00Z,µg/m³
logan,S305,3346,305,reference,2024-10-05,10.6,4.6,11.8,18.1,3.3793067759104516,24,24,100.0,1,False,2024-10-05T00:00:00-06:00,2024-10-06T00:00:00-06:00,2024-10-05T06:00:00Z,µg/m³
logan,S305,3346,305,reference,2024-10-06,5.7,3.5,5.4,10.9,0.8570297544426333,24,24,100.0,1,False,2024-10-06T00:00:00-06:00,2024-10-07T00:00:00-06:00,2024-10-06T06:00:00Z,µg/m³
logan,S305,3346,305,reference,2024-10-07,5.87,3.1,5.55,11.5,2.0033305601755624,24,24,100.0,1,False,2024-10-07T00:00:00-06:00,2024-10-08T00:00:00-06:00,2024-10-07T06:00:00Z,µg/m³
logan,S305,3346,305,reference,2024-10-08,7.0,3.8,6.4,15.6,1.7414279854680836,24,24,100.0,1,False,2024-10-08T00:00:00-06:00,2024-10-09T00:00:00-06:00,2024-10-08T06:00:00Z,µg/m³
logan,S305,3346,305,reference,2024-10-09,7.23,4.6,7.05,10.9,1.2365947867699703,24,24,100.0,1,False,2024-10-09T00:00:00-06:00,2024-10-10T00:00:00-06:00,2024-10-09T06:00:00Z,µg/m³
logan,S305,3346,305,reference,2024-10-10,10.0,6.0,9.3,16.8,3.052041666382249,24,24,100.0,1,False,2024-10-10T00:00:00-06:00,2024-10-11T00:00:00-06:00,2024-10-10T06:00:00Z,µg/m³
logan,S305,3346,305,reference,2024-10-11,8.8,4.1,8.75,16.1,2.375631494992436,24,24,100.0,1,False,2024-10-11T00:00:00-06:00,2024-10-12T00:00:00-06:00,2024-10-11T06:00:00Z,µg/m³
logan,S305,3346,305,reference,2024-10-12,10.8,3.7,9.100000000000001,53.7,1.6874907407153381,24,24,100.0,1,False,2024-10-12T00:00:00-06:00,2024-10-13T00:00:00-06:00,2024-10-12T06:00:00Z,µg/m³
logan,S305,3346,305,reference,2024-10-13,3.74,2.6,3.6,5.6,0.5251983752196243,24,24,100.0,1,False,2024-10-13T00:00:00-06:00,2024-10-14T00:00:00-06:00,2024-10-13T06:00:00Z,µg/m³
logan,S305,3346,305,reference,2024-10-14,8.63,5.0,7.15,27.8,6.314746680669435,24,24,100.0,1,False,2024-10-14T00:00:00-06:00,2024-10-15T00:00:00-06:00,2024-10-14T06:00:00Z,µg/m³
logan,S305,3346,305,reference,2024-10-15,10.7,7.5,10.4,14.1,1.1647424608041037,24,24,100.0,1,False,2024-10-15T00:00:00-06:00,2024-10-16T00:00:00-06:00,2024-10-15T06:00:00Z,µg/m³
logan,S305,3346,305,reference,2024-10-16,10.1,4.2,11.149999999999999,19.4,2.481657712094881,24,24,100.0,1,False,2024-10-16T00:00:00-06:00,2024-10-17T00:00:00-06:00,2024-10-16T06:00:00Z,µg/m³
logan,S305,3346,305,reference,2024-10-17,2.55,0.2,2.0,12.2,1.3228756555322954,24,24,100.0,1,False,2024-10-17T00:00:00-06:00,2024-10-18T00:00:00-06:00,2024-10-17T06:00:00Z,µg/m³
logan,S305,3346,305,reference,2024-10-18,0.75,0.0,0.8500000000000001,1.7,0.42875789594284247,24,24,100.0,1,False,2024-10-18T00:00:00-06:00,2024-10-19T00:00:00-06:00,2024-10-18T06:00:00Z,µg/m³
logan,S305,3346,305,reference,2024-10-19,5.64,1.6,6.5,11.5,2.413211499970474,24,24,100.0,1,False,2024-10-19T00:00:00-06:00,2024-10-20T00:00:00-06:00,2024-10-19T06:00:00Z,µg/m³
logan,S305,3346,305,reference,2024-10-20,6.29,4.4,6.199999999999999,7.9,1.0901288696209055,24,24,100.0,1,False,2024-10-20T00:00:00-06:00,2024-10-21T00:00:00-06:00,2024-10-20T06:00:00Z,µg/m³
logan,S305,3346,305,reference,2024-10-21,6.46,2.4,6.25,13.4,1.6066482755471654,24,24,100.0,1,False,2024-10-21T00:00:00-06:00,2024-10-22T00:00:00-06:00,2024-10-21T06:00:00Z,µg/m³
logan,S305,3346,305,reference,2024-10-22,5.59,2.7,4.85,13.8,,24,24,100.0,1,False,2024-10-22T00:00:00-06:00,2024-10-23T00:00:00-06:00,2024-10-22T06:00:00Z,µg/m³
logan,S305,3346,305,reference,2024-10-23,4.98,2.8,4.95,7.5,1.6150992088863938,24,24,100.0,1,False,2024-10-23T00:00:00-06:00,2024-10-24T00:00:00-06:00,2024-10-23T06:00:00Z,µg/m³
logan,S305,3346,305,reference,2024-10-24,3.15,1.1,2.45,12.9,1.1984671582533102,24,24,100.0,1,False,2024-10-24T00:00:00-06:00,2024-10-25T00:00:00-06:00,2024-10-24T06:00:00Z,µg/m³
logan,S305,3346,305,reference,2024-10-25,6.12,2.7,5.35,16.6,3.479877454947124,24,24,100.0,1,False,2024-10-25T00:00:00-06:00,2024-10-26T00:00:00-06:00,2024-10-25T06:00:00Z,µg/m³
logan,S305,3346,305,reference,2024-10-26,6.85,3.7,5.35,23.4,3.9880528102560655,24,24,100.0,1,False,2024-10-26T00:00:00-06:00,2024-10-27T00:00:00-06:00,2024-10-26T06:00:00Z,µg/m³
logan,S305,3346,305,reference,2024-10-27,5.41,2.3,4.75,17.5,3.2230038199152675,24,24,100.0,1,False,2024-10-27T00:00:00-06:00,2024-10-28T00:00:00-06:00,2024-10-27T06:00:00Z,µg/m³
logan,S305,3346,305,reference,2024-10-28,3.05,0.7,3.2,5.9,1.6244508548152956,24,24,100.0,1,False,2024-10-28T00:00:00-06:00,2024-10-29T00:00:00-06:00,2024-10-28T06:00:00Z,µg/m³
logan,S305,3346,305,reference,2024-10-29,1.54,0.9,1.5,2.5,0.44475608035696695,24,24,100.0,1,False,2024-10-29T00:00:00-06:00,2024-10-30T00:00:00-06:00,2024-10-29T06:00:00Z,µg/m³
logan,S305,3346,305,reference,2024-10-30,3.23,1.6,3.3,5.1,1.0691998904775017,24,24,100.0,1,False,2024-10-30T00:00:00-06:00,2024-10-31T00:00:00-06:00,2024-10-30T06:00:00Z,µg/m³
logan,S305,3346,305,reference,2024-10-31,3.31,0.8,2.65,8.0,2.1198167818011533,24,24,100.0,1,False,2024-10-31T00:00:00-06:00,2024-11-01T00:00:00-06:00,2024-10-31T06:00:00Z,µg/m³
logan,S305,3346,305,reference,2024-11-01,4.25,1.6,4.6,6.5,1.5449250720539394,24,24,100.0,1,False,2024-11-01T00:00:00-06:00,2024-11-02T00:00:00-06:00,2024-11-01T06:00:00Z,µg/m³
logan,S305,3346,305,reference,2024-11-02,4.37,1.2,4.95,7.5,1.9246635316711667,24,24,100.0,1,False,2024-11-02T00:00:00-06:00,2024-11-03T00:00:00-06:00,2024-11-02T06:00:00Z,µg/m³
logan,S305,3346,305,reference,2024-11-03,2.46,0.1,1.9,7.3,2.180396852589594,25,24,104.0,1,False,2024-11-03T00:00:00-06:00,2024-11-04T00:00:00-07:00,2024-11-03T06:00:00Z,µg/m³
logan,S305,3346,305,reference,2024-11-04,3.27,1.0,2.55,6.9,1.6267465530395586,24,24,100.0,1,False,2024-11-04T00:00:00-07:00,2024-11-05T00:00:00-07:00,2024-11-04T07:00:00Z,µg/m³
logan,S305,3346,305,reference,2024-11-05,1.85,0.5,1.4,9.1,1.980626273374815,24,24,100.0,1,False,2024-11-05T00:00:00-07:00,2024-11-06T00:00:00-07:00,2024-11-05T07:00:00Z,µg/m³
logan,S305,3346,305,reference,2024-11-06,4.39,1.7,4.3,7.7,1.6556526721359734,23,24,96.0,1,False,2024-11-06T00:00:00-07:00,2024-11-07T00:00:00-07:00,2024-11-06T07:00:00Z,µg/m³
logan,S305,3346,305,reference,2024-11-07,5.52,3.5,5.4,7.8,1.3543007180026925,24,24,100.0,1,False,2024-11-07T00:00:00-07:00,2024-11-08T00:00:00-07:00,2024-11-07T07:00:00Z,µg/m³
logan,S305,3346,305,reference,2024-11-08,8.1,5.0,6.85,20.0,3.4790652376085496,24,24,100.0,1,False,2024-11-08T00:00:00-07:00,2024-11-09T00:00:00-07:00,2024-11-08T07:00:00Z,µg/m³
logan,S305,3346,305,reference,2024-11-09,9.24,4.6,9.0,15.0,2.7831561819871573,24,24,100.0,1,False,2024-11-09T00:00:00-07:00,2024-11-10T00:00:00-07:00,2024-11-09T07:00:00Z,µg/m³
logan,S305,3346,305,reference,2024-11-10,8.73,6.1,8.8,11.2,1.4456080411700998,24,24,100.0,1,False,2024-11-10T00:00:00-07:00,2024-11-11T00:00:00-07:00,2024-11-10T07:00:00Z,µg/m³
logan,S305,3346,305,reference,2024-11-11,5.37,2.3,5.05,10.0,,24,24,100.0,1,False,2024-11-11T00:00:00-07:00,2024-11-12T00:00:00-07:00,2024-11-11T07:00:00Z,µg/m³
logan,S305,3346,305,reference,2024-11-12,2.55,0.3,3.1500000000000004,5.0,,24,24,100.0,1,False,2024-11-12T00:00:00-07:00,2024-11-13T00:00:00-07:00,2024-11-12T07:00:00Z,µg/m³
logan,S305,3346,305,reference,2024-11-13,5.25,2.1,4.7,13.6,,24,24,100.0,1,False,2024-11-13T00:00:00-07:00,2024-11-14T00:00:00-07:00,2024-11-13T07:00:00Z,µg/m³
logan,S305,3346,305,reference,2024-11-14,8.38,5.2,8.45,17.5,0.5656854249492386,24,24,100.0,1,False,2024-11-14T00:00:00-07:00,2024-11-15T00:00:00-07:00,2024-11-14T07:00:00Z,µg/m³
logan,S305,3346,305,reference,2024-11-15,6.45,1.6,6.5,11.6,,24,24,100.0,1,False,2024-11-15T00:00:00-07:00,2024-11-16T00:00:00-07:00,2024-11-15T07:00:00Z,µg/m³
logan,S305,3346,305,reference,2024-11-16,2.98,1.6,2.65,5.1,,24,24,100.0,1,False,2024-11-16T00:00:00-07:00,2024-11-17T00:00:00-07:00,2024-11-16T07:00:00Z,µg/m³
logan,S305,3346,305,reference,2024-11-17,3.8,1.7,4.0,6.1,1.0606601717798219,24,24,100.0,1,False,2024-11-17T00:00:00-07:00,2024-11-18T00:00:00-07:00,2024-11-17T07:00:00Z,µg/m³
logan,S305,3346,305,reference,2024-11-18,1.43,0.1,1.0,4.8,0.21213203435596414,24,24,100.0,1,False,2024-11-18T00:00:00-07:00,2024-11-19T00:00:00-07:00,2024-11-18T07:00:00Z,µg/m³
logan,S305,3346,305,reference,2024-11-19,0.9,0.3,0.6499999999999999,2.0,,24,24,100.0,1,False,2024-11-19T00:00:00-07:00,2024-11-20T00:00:00-07:00,2024-11-19T07:00:00Z,µg/m³
logan,S305,3346,305,reference,2024-11-20,3.93,1.8,3.55,8.5,0.2828427124746186,24,24,100.0,1,False,2024-11-20T00:00:00-07:00,2024-11-21T00:00:00-07:00,2024-11-20T07:00:00Z,µg/m³
logan,S305,3346,305,reference,2024-11-21,9.52,5.7,9.2,16.4,,24,24,100.0,1,False,2024-11-21T00:00:00-07:00,2024-11-22T00:00:00-07:00,2024-11-21T07:00:00Z,µg/m³
logan,S305,3346,305,reference,2024-11-22,10.1,6.5,10.2,12.7,,24,24,100.0,1,False,2024-11-22T00:00:00-07:00,2024-11-23T00:00:00-07:00,2024-11-22T07:00:00Z,µg/m³
logan,S305,3346,305,reference,2024-11-23,4.59,0.2,2.0,11.6,,24,24,100.0,1,False,2024-11-23T00:00:00-07:00,2024-11-24T00:00:00-07:00,2024-11-23T07:00:00Z,µg/m³
logan,S305,3346,305,reference,2024-11-24,0.933,0.2,0.7,3.3,0.07071067811865474,24,24,100.0,1,False,2024-11-24T00:00:00-07:00,2024-11-25T00:00:00-07:00,2024-11-24T07:00:00Z,µg/m³
logan,S305,3346,305,reference,2024-11-25,2.8,1.0,1.55,7.0,,24,24,100.0,1,False,2024-11-25T00:00:00-07:00,2024-11-26T00:00:00-07:00,2024-11-25T07:00:00Z,µg/m³
logan,S305,3346,305,reference,2024-11-26,4.92,0.7,5.15,13.3,1.2727922061357855,24,24,100.0,1,False,2024-11-26T00:00:00-07:00,2024-11-27T00:00:00-07:00,2024-11-26T07:00:00Z,µg/m³
logan,S305,3346,305,reference,2024-11-27,2.78,1.3,2.7,5.1,,24,24,100.0,1,False,2024-11-27T00:00:00-07:00,2024-11-28T00:00:00-07:00,2024-11-27T07:00:00Z,µg/m³
logan,S305,3346,305,reference,2024-11-28,4.73,2.4,4.0,14.5,,24,24,100.0,1,False,2024-11-28T00:00:00-07:00,2024-11-29T00:00:00-07:00,2024-11-28T07:00:00Z,µg/m³
logan,S305,3346,305,reference,2024-11-29,7.59,4.4,6.05,16.4,,24,24,100.0,1,False,2024-11-29T00:00:00-07:00,2024-11-30T00:00:00-07:00,2024-11-29T07:00:00Z,µg/m³
logan,S305,3346,305,reference,2024-11-30,9.56,8.1,9.0,17.5,0.07071067811865576,24,24,100.0,1,False,2024-11-30T00:00:00-07:00,2024-12-01T00:00:00-07:00,2024-11-30T07:00:00Z,µg/m³
logan,S305,3346,305,reference,2024-12-01,8.98,5.3,8.5,13.7,0.0,24,24,100.0,1,False,2024-12-01T00:00:00-07:00,2024-12-02T00:00:00-07:00,2024-12-01T07:00:00Z,µg/m³
logan,S305,3346,305,reference,2024-12-02,8.45,4.4,8.1,14.1,1.2020815280171315,24,24,100.0,1,False,2024-12-02T00:00:00-07:00,2024-12-03T00:00:00-07:00,2024-12-02T07:00:00Z,µg/m³
logan,S305,3346,305,reference,2024-12-03,8.57,5.6,8.3,12.1,,24,24,100.0,1,False,2024-12-03T00:00:00-07:00,2024-12-04T00:00:00-07:00,2024-12-03T07:00:00Z,µg/m³
logan,S305,3346,305,reference,2024-12-04,8.13,5.6,7.3,13.4,,23,24,96.0,1,False,2024-12-04T00:00:00-07:00,2024-12-05T00:00:00-07:00,2024-12-04T07:00:00Z,µg/m³
logan,S305,3346,305,reference,2024-12-05,10.1,6.4,10.3,13.6,,24,24,100.0,1,False,2024-12-05T00:00:00-07:00,2024-12-06T00:00:00-07:00,2024-12-05T07:00:00Z,µg/m³
logan,S305,3346,305,reference,2024-12-06,11.1,6.1,10.55,22.2,,24,24,100.0,1,False,2024-12-06T00:00:00-07:00,2024-12-07T00:00:00-07:00,2024-12-06T07:00:00Z,µg/m³
logan,S305,3346,305,reference,2024-12-07,18.4,7.5,15.25,28.8,0.9899494936611655,24,24,100.0,1,False,2024-12-07T00:00:00-07:00,2024-12-08T00:00:00-07:00,2024-12-07T07:00:00Z,µg/m³
logan,S305,3346,305,reference,2024-12-08,20.2,0.3,24.1,34.1,,24,24,100.0,1,False,2024-12-08T00:00:00-07:00,2024-12-09T00:00:00-07:00,2024-12-08T07:00:00Z,µg/m³
logan,S305,3346,305,reference,2024-12-09,1.61,0.7,1.3,3.6,0.14142135623730964,24,24,100.0,1,False,2024-12-09T00:00:00-07:00,2024-12-10T00:00:00-07:00,2024-12-09T07:00:00Z,µg/m³
logan,S305,3346,305,reference,2024-12-10,3.95,1.4,2.6,20.8,,24,24,100.0,1,False,2024-12-10T00:00:00-07:00,2024-12-11T00:00:00-07:00,2024-12-10T07:00:00Z,µg/m³
logan,S305,3346,305,reference,2024-12-11,3.58,1.3,3.3,7.5,0.2828427124746193,24,24,100.0,1,False,2024-12-11T00:00:00-07:00,2024-12-12T00:00:00-07:00,2024-12-11T07:00:00Z,µg/m³
logan,S305,3346,305,reference,2024-12-12,7.61,3.7,7.4,12.6,,24,24,100.0,1,False,2024-12-12T00:00:00-07:00,2024-12-13T00:00:00-07:00,2024-12-12T07:00:00Z,µg/m³
logan,S305,3346,305,reference,2024-12-13,8.89,3.7,9.75,15.2,,24,24,100.0,1,False,2024-12-13T00:00:00-07:00,2024-12-14T00:00:00-07:00,2024-12-13T07:00:00Z,µg/m³
logan,S305,3346,305,reference,2024-12-14,5.45,2.2,4.4,12.5,4.101219330881976,24,24,100.0,1,False,2024-12-14T00:00:00-07:00,2024-12-15T00:00:00-07:00,2024-12-14T07:00:00Z,µg/m³
logan,S305,3346,305,reference,2024-12-15,0.763,0.1,0.4,3.7,,24,24,100.0,1,False,2024-12-15T00:00:00-07:00,2024-12-16T00:00:00-07:00,2024-12-15T07:00:00Z,µg/m³
logan,S305,3346,305,reference,2024-12-16,1.69,1.0,1.45,3.3,,24,24,100.0,1,False,2024-12-16T00:00:00-07:00,2024-12-17T00:00:00-07:00,2024-12-16T07:00:00Z,µg/m³
logan,S305,3346,305,reference,2024-12-17,2.08,1.0,1.9,7.0,,24,24,100.0,1,False,2024-12-17T00:00:00-07:00,2024-12-18T00:00:00-07:00,2024-12-17T07:00:00Z,µg/m³
logan,S305,3346,305,reference,2024-12-18,7.09,4.1,7.0,11.4,,24,24,100.0,1,False,2024-12-18T00:00:00-07:00,2024-12-19T00:00:00-07:00,2024-12-18T07:00:00Z,µg/m³
logan,S305,3346,305,reference,2024-12-19,8.17,6.0,7.75,14.5,,24,24,100.0,1,False,2024-12-19T00:00:00-07:00,2024-12-20T00:00:00-07:00,2024-12-19T07:00:00Z,µg/m³
logan,S305,3346,305,reference,2024-12-20,10.6,7.6,10.8,13.9,2.8284271247461903,24,24,100.0,1,False,2024-12-20T00:00:00-07:00,2024-12-21T00:00:00-07:00,2024-12-20T07:00:00Z,µg/m³
logan,S305,3346,305,reference,2024-12-21,13.4,11.2,13.0,18.4,,24,24,100.0,1,False,2024-12-21T00:00:00-07:00,2024-12-22T00:00:00-07:00,2024-12-21T07:00:00Z,µg/m³
logan,S305,3346,305,reference,2024-12-22,11.5,9.3,11.8,13.2,,24,24,100.0,1,False,2024-12-22T00:00:00-07:00,2024-12-23T00:00:00-07:00,2024-12-22T07:00:00Z,µg/m³
logan,S305,3346,305,reference,2024-12-23,12.3,4.9,12.8,22.5,,24,24,100.0,1,False,2024-12-23T00:00:00-07:00,2024-12-24T00:00:00-07:00,2024-12-23T07:00:00Z,µg/m³
logan,S305,3346,305,reference,2024-12-24,4.27,2.3,4.55,5.9,,24,24,100.0,1,False,2024-12-24T00:00:00-07:00,2024-12-25T00:00:00-07:00,2024-12-24T07:00:00Z,µg/m³
logan,S305,3346,305,reference,2024-12-25,2.69,0.5,1.95,6.4,0.2121320343559635,24,24,100.0,1,False,2024-12-25T00:00:00-07:00,2024-12-26T00:00:00-07:00,2024-12-25T07:00:00Z,µg/m³
logan,S305,3346,305,reference,2024-12-26,1.71,0.5,1.7999999999999998,4.0,,24,24,100.0,1,False,2024-12-26T00:00:00-07:00,2024-12-27T00:00:00-07:00,2024-12-26T07:00:00Z,µg/m³
logan,S305,3346,305,reference,2024-12-27,2.85,0.2,3.05,6.0,,24,24,100.0,1,False,2024-12-27T00:00:00-07:00,2024-12-28T00:00:00-07:00,2024-12-27T07:00:00Z,µg/m³
logan,S305,3346,305,reference,2024-12-28,1.15,0.3,1.15,2.1,,24,24,100.0,1,False,2024-12-28T00:00:00-07:00,2024-12-29T00:00:00-07:00,2024-12-28T07:00:00Z,µg/m³
logan,S305,3346,305,reference,2024-12-29,2.46,0.2,2.0,5.4,,24,24,100.0,1,False,2024-12-29T00:00:00-07:00,2024-12-30T00:00:00-07:00,2024-12-29T07:00:00Z,µg/m³
logan,S305,3346,305,reference,2024-12-30,1.07,0.0,0.3,4.2,,24,24,100.0,1,False,2024-12-30T00:00:00-07:00,2024-12-31T00:00:00-07:00,2024-12-30T07:00:00Z,µg/m³
logan,S305,3346,305,reference,2024-12-31,2.12,0.5,1.85,5.0,0.14142135623730964,24,24,100.0,1,True,2024-12-31T00:00:00-07:00,2025-01-01T00:00:00-07:00,2024-12-31T07:00:00Z,µg/m³
logan,S305,3346,305,reference,2025-01-01,4.95,2.6,4.55,8.3,,24,24,100.0,1,False,2025-01-01T00:00:00-07:00,2025-01-02T00:00:00-07:00,2025-01-01T07:00:00Z,µg/m³
logan,S305,3346,305,reference,2025-01-02,3.36,1.1,2.3,14.6,,24,24,100.0,1,False,2025-01-02T00:00:00-07:00,2025-01-03T00:00:00-07:00,2025-01-02T07:00:00Z,µg/m³
logan,S305,3346,305,reference,2025-01-03,7.07,2.9,7.35,11.1,,24,24,100.0,1,False,2025-01-03T00:00:00-07:00,2025-01-04T00:00:00-07:00,2025-01-03T07:00:00Z,µg/m³
logan,S305,3346,305,reference,2025-01-04,2.49,0.1,1.4,9.0,,24,24,100.0,1,False,2025-01-04T00:00:00-07:00,2025-01-05T00:00:00-07:00,2025-01-04T07:00:00Z,µg/m³
logan,S305,3346,305,reference,2025-01-05,2.7,0.9,2.3,6.8,,24,24,100.0,1,False,2025-01-05T00:00:00-07:00,2025-01-06T00:00:00-07:00,2025-01-05T07:00:00Z,µg/m³
logan,S305,3346,305,reference,2025-01-06,4.88,1.5,5.1,9.6,,24,24,100.0,1,False,2025-01-06T00:00:00-07:00,2025-01-07T00:00:00-07:00,2025-01-06T07:00:00Z,µg/m³
logan,S305,3346,305,reference,2025-01-07,3.77,1.0,3.1,8.3,,24,24,100.0,1,False,2025-01-07T00:00:00-07:00,2025-01-08T00:00:00-07:00,2025-01-07T07:00:00Z,µg/m³
logan,S305,3346,305,reference,2025-01-08,4.58,2.4,4.199999999999999,8.1,,24,24,100.0,1,False,2025-01-08T00:00:00-07:00,2025-01-09T00:00:00-07:00,2025-01-08T07:00:00Z,µg/m³
logan,S305,3346,305,reference,2025-01-09,6.32,2.1,6.699999999999999,10.0,,24,24,100.0,1,False,2025-01-09T00:00:00-07:00,2025-01-10T00:00:00-07:00,2025-01-09T07:00:00Z,µg/m³
logan,S305,3346,305,reference,2025-01-10,8.63,4.7,8.95,12.5,,24,24,100.0,1,False,2025-01-10T00:00:00-07:00,2025-01-11T00:00:00-07:00,2025-01-10T07:00:00Z,µg/m³
logan,S305,3346,305,reference,2025-01-11,2.66,0.8,1.75,8.7,,24,24,100.0,1,False,2025-01-11T00:00:00-07:00,2025-01-12T00:00:00-07:00,2025-01-11T07:00:00Z,µg/m³
logan,S305,3346,305,reference,2025-01-12,2.48,1.3,2.4,7.8,,24,24,100.0,1,False,2025-01-12T00:00:00-07:00,2025-01-13T00:00:00-07:00,2025-01-12T07:00:00Z,µg/m³
logan,S305,3346,305,reference,2025-01-13,4.51,1.6,4.4,6.9,,23,24,96.0,1,False,2025-01-13T00:00:00-07:00,2025-01-14T00:00:00-07:00,2025-01-13T07:00:00Z,µg/m³
logan,S305,3346,305,reference,2025-01-14,7.7,2.8,6.7,13.3,,24,24,100.0,1,False,2025-01-14T00:00:00-07:00,2025-01-15T00:00:00-07:00,2025-01-14T07:00:00Z,µg/m³
logan,S305,3346,305,reference,2025-01-15,8.12,4.6,8.2,14.1,,24,24,100.0,1,False,2025-01-15T00:00:00-07:00,2025-01-16T00:00:00-07:00,2025-01-15T07:00:00Z,µg/m³
logan,S305,3346,305,reference,2025-01-16,12.9,6.6,12.2,22.4,,24,24,100.0,1,False,2025-01-16T00:00:00-07:00,2025-01-17T00:00:00-07:00,2025-01-16T07:00:00Z,µg/m³
logan,S305,3346,305,reference,2025-01-17,12.5,1.2,12.85,29.3,,24,24,100.0,1,False,2025-01-17T00:00:00-07:00,2025-01-18T00:00:00-07:00,2025-01-17T07:00:00Z,µg/m³
logan,S305,3346,305,reference,2025-01-18,1.88,0.8,1.5499999999999998,4.8,,24,24,100.0,1,False,2025-01-18T00:00:00-07:00,2025-01-19T00:00:00-07:00,2025-01-18T07:00:00Z,µg/m³
logan,S305,3346,305,reference,2025-01-19,2.98,2.0,2.9,4.8,,24,24,100.0,1,False,2025-01-19T00:00:00-07:00,2025-01-20T00:00:00-07:00,2025-01-19T07:00:00Z,µg/m³
logan,S305,3346,305,reference,2025-01-20,3.93,1.8,3.3,9.7,,23,24,96.0,1,False,2025-01-20T00:00:00-07:00,2025-01-21T00:00:00-07:00,2025-01-20T07:00:00Z,µg/m³
logan,S305,3346,305,reference,2025-01-21,6.15,3.5,5.449999999999999,10.2,,24,24,100.0,1,False,2025-01-21T00:00:00-07:00,2025-01-22T00:00:00-07:00,2025-01-21T07:00:00Z,µg/m³
logan,S305,3346,305,reference,2025-01-22,6.21,2.0,6.199999999999999,14.6,,24,24,100.0,1,False,2025-01-22T00:00:00-07:00,2025-01-23T00:00:00-07:00,2025-01-22T07:00:00Z,µg/m³
logan,S305,3346,305,reference,2025-01-23,6.38,3.2,5.95,12.3,,24,24,100.0,1,False,2025-01-23T00:00:00-07:00,2025-01-24T00:00:00-07:00,2025-01-23T07:00:00Z,µg/m³
logan,S305,3346,305,reference,2025-01-24,4.3,2.7,4.4,6.1,0.0707106781186545,24,24,100.0,1,False,2025-01-24T00:00:00-07:00,2025-01-25T00:00:00-07:00,2025-01-24T07:00:00Z,µg/m³
logan,S305,3346,305,reference,2025-01-25,3.27,1.2,3.7,6.2,,24,24,100.0,1,False,2025-01-25T00:00:00-07:00,2025-01-26T00:00:00-07:00,2025-01-25T07:00:00Z,µg/m³
logan,S305,3346,305,reference,2025-01-26,2.53,0.8,2.25,6.7,,24,24,100.0,1,False,2025-01-26T00:00:00-07:00,2025-01-27T00:00:00-07:00,2025-01-26T07:00:00Z,µg/m³
logan,S305,3346,305,reference,2025-01-27,6.95,5.0,6.65,10.9,,24,24,100.0,1,False,2025-01-27T00:00:00-07:00,2025-01-28T00:00:00-07:00,2025-01-27T07:00:00Z,µg/m³
logan,S305,3346,305,reference,2025-01-28,11.1,7.4,10.149999999999999,20.6,,24,24,100.0,1,False,2025-01-28T00:00:00-07:00,2025-01-29T00:00:00-07:00,2025-01-28T07:00:00Z,µg/m³
logan,S305,3346,305,reference,2025-01-29,10.5,6.6,10.45,15.3,,24,24,100.0,1,False,2025-01-29T00:00:00-07:00,2025-01-30T00:00:00-07:00,2025-01-29T07:00:00Z,µg/m³
logan,S305,3346,305,reference,2025-01-30,9.47,6.9,8.85,15.9,,24,24,100.0,1,False,2025-01-30T00:00:00-07:00,2025-01-31T00:00:00-07:00,2025-01-30T07:00:00Z,µg/m³
logan,S305,3346,305,reference,2025-01-31,9.04,1.7,10.25,14.2,,24,24,100.0,1,False,2025-01-31T00:00:00-07:00,2025-02-01T00:00:00-07:00,2025-01-31T07:00:00Z,µg/m³
logan,S305,3346,305,reference,2025-02-01,2.22,0.3,1.65,7.8,,24,24,100.0,1,False,2025-02-01T00:00:00-07:00,2025-02-02T00:00:00-07:00,2025-02-01T07:00:00Z,µg/m³
logan,S305,3346,305,reference,2025-02-02,4.12,1.1,3.6,18.0,,24,24,100.0,1,False,2025-02-02T00:00:00-07:00,2025-02-03T00:00:00-07:00,2025-02-02T07:00:00Z,µg/m³
logan,S305,3346,305,reference,2025-02-03,6.22,2.6,4.6,19.3,7.495331880577402,24,24,100.0,1,False,2025-02-03T00:00:00-07:00,2025-02-04T00:00:00-07:00,2025-02-03T07:00:00Z,µg/m³
logan,S305,3346,305,reference,2025-02-04,11.3,4.1,7.65,32.3,,24,24,100.0,1,False,2025-02-04T00:00:00-07:00,2025-02-05T00:00:00-07:00,2025-02-04T07:00:00Z,µg/m³
logan,S305,3346,305,reference,2025-02-05,5.29,0.4,1.65,27.8,,24,24,100.0,1,False,2025-02-05T00:00:00-07:00,2025-02-06T00:00:00-07:00,2025-02-05T07:00:00Z,µg/m³
logan,S305,3346,305,reference,2025-02-06,3.36,1.6,2.3,16.3,,24,24,100.0,1,False,2025-02-06T00:00:00-07:00,2025-02-07T00:00:00-07:00,2025-02-06T07:00:00Z,µg/m³
logan,S305,3346,305,reference,2025-02-07,3.58,0.7,2.6500000000000004,9.9,,24,24,100.0,1,False,2025-02-07T00:00:00-07:00,2025-02-08T00:00:00-07:00,2025-02-07T07:00:00Z,µg/m³
logan,S305,3346,305,reference,2025-02-08,2.75,0.9,2.15,7.2,,24,24,100.0,1,False,2025-02-08T00:00:00-07:00,2025-02-09T00:00:00-07:00,2025-02-08T07:00:00Z,µg/m³
logan,S305,3346,305,reference,2025-02-09,5.3,2.6,5.15,10.6,,24,24,100.0,1,False,2025-02-09T00:00:00-07:00,2025-02-10T00:00:00-07:00,2025-02-09T07:00:00Z,µg/m³
logan,S305,3346,305,reference,2025-02-10,5.48,3.3,5.5,9.1,0.14142135623731025,24,24,100.0,1,False,2025-02-10T00:00:00-07:00,2025-02-11T00:00:00-07:00,2025-02-10T07:00:00Z,µg/m³
logan,S305,3346,305,reference,2025-02-11,4.58,2.5,4.9,7.7,,23,24,96.0,1,False,2025-02-11T00:00:00-07:00,2025-02-12T00:00:00-07:00,2025-02-11T07:00:00Z,µg/m³
logan,S305,3346,305,reference,2025-02-12,2.37,0.8,2.55,3.9,,24,24,100.0,1,False,2025-02-12T00:00:00-07:00,2025-02-13T00:00:00-07:00,2025-02-12T07:00:00Z,µg/m³
logan,S305,3346,305,reference,2025-02-13,3.19,2.0,3.05,5.3,,24,24,100.0,1,False,2025-02-13T00:00:00-07:00,2025-02-14T00:00:00-07:00,2025-02-13T07:00:00Z,µg/m³
logan,S305,3346,305,reference,2025-02-14,6.35,1.5,6.6,11.7,,24,24,100.0,1,False,2025-02-14T00:00:00-07:00,2025-02-15T00:00:00-07:00,2025-02-14T07:00:00Z,µg/m³
logan,S305,3346,305,reference,2025-02-15,1.32,0.3,1.05,3.1,,24,24,100.0,1,False,2025-02-15T00:00:00-07:00,2025-02-16T00:00:00-07:00,2025-02-15T07:00:00Z,µg/m³
logan,S305,3346,305,reference,2025-02-16,3.84,0.5,2.0,30.0,,24,24,100.0,1,False,2025-02-16T00:00:00-07:00,2025-02-17T00:00:00-07:00,2025-02-16T07:00:00Z,µg/m³
logan,S305,3346,305,reference,2025-02-17,2.26,0.6,1.5,5.4,,24,24,100.0,1,False,2025-02-17T00:00:00-07:00,2025-02-18T00:00:00-07:00,2025-02-17T07:00:00Z,µg/m³
logan,S305,3346,305,reference,2025-02-18,1.87,0.3,1.65,4.9,1.6970562748477143,24,24,100.0,1,False,2025-02-18T00:00:00-07:00,2025-02-19T00:00:00-07:00,2025-02-18T07:00:00Z,µg/m³
logan,S305,3346,305,reference,2025-02-19,2.96,0.6,2.8,7.0,,24,24,100.0,1,False,2025-02-19T00:00:00-07:00,2025-02-20T00:00:00-07:00,2025-02-19T07:00:00Z,µg/m³
logan,S305,3346,305,reference,2025-02-20,8.09,3.5,7.449999999999999,14.5,,24,24,100.0,1,False,2025-02-20T00:00:00-07:00,2025-02-21T00:00:00-07:00,2025-02-20T07:00:00Z,µg/m³
logan,S305,3346,305,reference,2025-02-21,8.73,3.9,7.550000000000001,19.8,,24,24,100.0,1,False,2025-02-21T00:00:00-07:00,2025-02-22T00:00:00-07:00,2025-02-21T07:00:00Z,µg/m³
logan,S305,3346,305,reference,2025-02-22,10.3,4.3,10.55,18.0,,24,24,100.0,1,False,2025-02-22T00:00:00-07:00,2025-02-23T00:00:00-07:00,2025-02-22T07:00:00Z,µg/m³
logan,S305,3346,305,reference,2025-02-23,20.8,13.9,20.9,25.8,,24,24,100.0,1,False,2025-02-23T00:00:00-07:00,2025-02-24T00:00:00-07:00,2025-02-23T07:00:00Z,µg/m³
logan,S305,3346,305,reference,2025-02-24,14.5,6.1,14.75,22.9,,24,24,100.0,1,False,2025-02-24T00:00:00-07:00,2025-02-25T00:00:00-07:00,2025-02-24T07:00:00Z,µg/m³
logan,S305,3346,305,reference,2025-02-25,3.5,0.3,1.2,21.4,9.192388155425116,24,24,100.0,1,False,2025-02-25T00:00:00-07:00,2025-02-26T00:00:00-07:00,2025-02-25T07:00:00Z,µg/m³
logan,S305,3346,305,reference,2025-02-26,4.23,1.6,4.3,9.2,,24,24,100.0,1,False,2025-02-26T00:00:00-07:00,2025-02-27T00:00:00-07:00,2025-02-26T07:00:00Z,µg/m³
logan,S305,3346,305,reference,2025-02-27,6.25,3.0,5.4,15.8,,24,24,100.0,1,False,2025-02-27T00:00:00-07:00,2025-02-28T00:00:00-07:00,2025-02-27T07:00:00Z,µg/m³
logan,S305,3346,305,reference,2025-02-28,10.8,6.2,11.0,13.5,,24,24,100.0,1,False,2025-02-28T00:00:00-07:00,2025-03-01T00:00:00-07:00,2025-02-28T07:00:00Z,µg/m³
logan,S305,3346,305,reference,2025-03-01,11.2,8.1,10.850000000000001,17.7,,24,24,100.0,1,False,2025-03-01T00:00:00-07:00,2025-03-02T00:00:00-07:00,2025-03-01T07:00:00Z,µg/m³
logan,S305,3346,305,reference,2025-03-02,13.3,9.7,12.4,18.3,,24,24,100.0,1,False,2025-03-02T00:00:00-07:00,2025-03-03T00:00:00-07:00,2025-03-02T07:00:00Z,µg/m³
logan,S305,3346,305,reference,2025-03-03,7.62,3.1,6.1,15.9,,24,24,100.0,1,False,2025-03-03T00:00:00-07:00,2025-03-04T00:00:00-07:00,2025-03-03T07:00:00Z,µg/m³
logan,S305,3346,305,reference,2025-03-04,4.72,1.4,4.65,9.2,,24,24,100.0,1,False,2025-03-04T00:00:00-07:00,2025-03-05T00:00:00-07:00,2025-03-04T07:00:00Z,µg/m³
logan,S305,3346,305,reference,2025-03-05,3.83,1.5,3.4,8.7,,24,24,100.0,1,False,2025-03-05T00:00:00-07:00,2025-03-06T00:00:00-07:00,2025-03-05T07:00:00Z,µg/m³
logan,S305,3346,305,reference,2025-03-06,1.78,0.2,1.7,3.3,,24,24,100.0,1,False,2025-03-06T00:00:00-07:00,2025-03-07T00:00:00-07:00,2025-03-06T07:00:00Z,µg/m³
logan,S305,3346,305,reference,2025-03-07,2.44,0.7,1.9500000000000002,6.8,0.0,24,24,100.0,1,False,2025-03-07T00:00:00-07:00,2025-03-08T00:00:00-07:00,2025-03-07T07:00:00Z,µg/m³
logan,S305,3346,305,reference,2025-03-08,6.57,4.2,6.05,15.9,0.0,24,24,100.0,1,False,2025-03-08T00:00:00-07:00,2025-03-09T00:00:00-07:00,2025-03-08T07:00:00Z,µg/m³
logan,S305,3346,305,reference,2025-03-09,7.12,4.4,6.7,11.2,,23,24,96.0,1,False,2025-03-09T00:00:00-07:00,2025-03-10T00:00:00-06:00,2025-03-09T07:00:00Z,µg/m³
logan,S305,3346,305,reference,2025-03-10,5.97,1.5,5.35,11.7,,24,24,100.0,1,False,2025-03-10T00:00:00-06:00,2025-03-11T00:00:00-06:00,2025-03-10T06:00:00Z,µg/m³
logan,S305,3346,305,reference,2025-03-11,2.61,1.4,2.3,4.8,0.9192388155425123,23,24,96.0,1,False,2025-03-11T00:00:00-06:00,2025-03-12T00:00:00-06:00,2025-03-11T06:00:00Z,µg/m³
logan,S305,3346,305,reference,2025-03-12,4.93,2.7,4.449999999999999,10.5,,24,24,100.0,1,False,2025-03-12T00:00:00-06:00,2025-03-13T00:00:00-06:00,2025-03-12T06:00:00Z,µg/m³
logan,S305,3346,305,reference,2025-03-13,1.93,0.3,2.1,4.2,,24,24,100.0,1,False,2025-03-13T00:00:00-06:00,2025-03-14T00:00:00-06:00,2025-03-13T06:00:00Z,µg/m³
logan,S305,3346,305,reference,2025-03-14,0.854,0.3,0.6,2.7,,24,24,100.0,1,False,2025-03-14T00:00:00-06:00,2025-03-15T00:00:00-06:00,2025-03-14T06:00:00Z,µg/m³
logan,S305,3346,305,reference,2025-03-15,1.16,0.2,1.0,2.7,,24,24,100.0,1,False,2025-03-15T00:00:00-06:00,2025-03-16T00:00:00-06:00,2025-03-15T06:00:00Z,µg/m³
logan,S305,3346,305,reference,2025-03-16,1.69,1.3,1.6,3.0,,24,24,100.0,1,False,2025-03-16T00:00:00-06:00,2025-03-17T00:00:00-06:00,2025-03-16T06:00:00Z,µg/m³
logan,S305,3346,305,reference,2025-03-17,2.35,0.1,2.3,5.0,,24,24,100.0,1,False,2025-03-17T00:00:00-06:00,2025-03-18T00:00:00-06:00,2025-03-17T06:00:00Z,µg/m³
logan,S305,3346,305,reference,2025-03-18,0.771,0.0,0.8,2.0,,24,24,100.0,1,False,2025-03-18T00:00:00-06:00,2025-03-19T00:00:00-06:00,2025-03-18T06:00:00Z,µg/m³
logan,S305,3346,305,reference,2025-03-19,3.59,0.9,3.1500000000000004,7.2,,24,24,100.0,1,False,2025-03-19T00:00:00-06:00,2025-03-20T00:00:00-06:00,2025-03-19T06:00:00Z,µg/m³
logan,S305,3346,305,reference,2025-03-20,3.45,0.5,3.9499999999999997,7.6,0.0707106781186545,24,24,100.0,1,False,2025-03-20T00:00:00-06:00,2025-03-21T00:00:00-06:00,2025-03-20T06:00:00Z,µg/m³
logan,S305,3346,305,reference,2025-03-21,2.18,1.4,1.95,3.7,0.34641016151377546,24,24,100.0,1,False,2025-03-21T00:00:00-06:00,2025-03-22T00:00:00-06:00,2025-03-21T06:00:00Z,µg/m³
logan,S305,3346,305,reference,2025-03-22,0.788,0.3,0.6,2.4,,24,24,100.0,1,False,2025-03-22T00:00:00-06:00,2025-03-23T00:00:00-06:00,2025-03-22T06:00:00Z,µg/m³
logan,S305,3346,305,reference,2025-03-23,1.32,0.6,1.15,2.7,,24,24,100.0,1,False,2025-03-23T00:00:00-06:00,2025-03-24T00:00:00-06:00,2025-03-23T06:00:00Z,µg/m³
logan,S305,3346,305,reference,2025-03-24,2.4,0.6,1.3,8.4,0.3535533905932738,24,24,100.0,1,False,2025-03-24T00:00:00-06:00,2025-03-25T00:00:00-06:00,2025-03-24T06:00:00Z,µg/m³
logan,S305,3346,305,reference,2025-03-25,3.64,1.4,2.6500000000000004,17.9,0.6244997998398398,24,24,100.0,1,False,2025-03-25T00:00:00-06:00,2025-03-26T00:00:00-06:00,2025-03-25T06:00:00Z,µg/m³
logan,S305,3346,305,reference,2025-03-26,3.35,1.8,2.7,13.9,,24,24,100.0,1,False,2025-03-26T00:00:00-06:00,2025-03-27T00:00:00-06:00,2025-03-26T06:00:00Z,µg/m³
logan,S305,3346,305,reference,2025-03-27,4.19,2.4,3.75,9.2,1.0606601717798212,24,24,100.0,1,False,2025-03-27T00:00:00-06:00,2025-03-28T00:00:00-06:00,2025-03-27T06:00:00Z,µg/m³
logan,S305,3346,305,reference,2025-03-28,26.1,3.5,18.049999999999997,51.4,,24,24,100.0,1,False,2025-03-28T00:00:00-06:00,2025-03-29T00:00:00-06:00,2025-03-28T06:00:00Z,µg/m³
logan,S305,3346,305,reference,2025-03-29,16.1,2.4,15.4,36.2,,24,24,100.0,1,False,2025-03-29T00:00:00-06:00,2025-03-30T00:00:00-06:00,2025-03-29T06:00:00Z,µg/m³
logan,S305,3346,305,reference,2025-03-30,5.03,3.0,4.9,8.4,,24,24,100.0,1,False,2025-03-30T00:00:00-06:00,2025-03-31T00:00:00-06:00,2025-03-30T06:00:00Z,µg/m³
logan,S305,3346,305,reference,2025-03-31,4.0,0.8,4.25,6.8,,24,24,100.0,1,False,2025-03-31T00:00:00-06:00,2025-04-01T00:00:00-06:00,2025-03-31T06:00:00Z,µg/m³
logan,S305,3346,305,reference,2025-04-01,1.79,0.9,1.7000000000000002,3.1,,24,24,100.0,1,False,2025-04-01T00:00:00-06:00,2025-04-02T00:00:00-06:00,2025-04-01T06:00:00Z,µg/m³
logan,S305,3346,305,reference,2025-04-02,2.87,1.1,2.8,5.2,,24,24,100.0,1,False,2025-04-02T00:00:00-06:00,2025-04-03T00:00:00-06:00,2025-04-02T06:00:00Z,µg/m³
logan,S305,3346,305,reference,2025-04-03,2.95,1.3,2.8,6.2,1.1313708498984758,24,24,100.0,1,False,2025-04-03T00:00:00-06:00,2025-04-04T00:00:00-06:00,2025-04-03T06:00:00Z,µg/m³
logan,S305,3346,305,reference,2025-04-04,2.67,0.8,2.35,7.0,,22,24,92.0,1,False,2025-04-04T00:00:00-06:00,2025-04-05T00:00:00-06:00,2025-04-04T06:00:00Z,µg/m³
logan,S305,3346,305,reference,2025-04-05,3.08,2.0,3.0,4.7,,24,24,100.0,1,False,2025-04-05T00:00:00-06:00,2025-04-06T00:00:00-06:00,2025-04-05T06:00:00Z,µg/m³
logan,S305,3346,305,reference,2025-04-06,5.75,2.7,4.9,13.2,,24,24,100.0,1,False,2025-04-06T00:00:00-06:00,2025-04-07T00:00:00-06:00,2025-04-06T06:00:00Z,µg/m³
logan,S305,3346,305,reference,2025-04-07,5.07,3.0,4.55,8.9,,24,24,100.0,1,False,2025-04-07T00:00:00-06:00,2025-04-08T00:00:00-06:00,2025-04-07T06:00:00Z,µg/m³
logan,S305,3346,305,reference,2025-04-08,4.32,2.2,4.5,6.9,1.6263455967290592,24,24,100.0,1,False,2025-04-08T00:00:00-06:00,2025-04-09T00:00:00-06:00,2025-04-08T06:00:00Z,µg/m³
logan,S305,3346,305,reference,2025-04-09,10.6,3.8,10.3,19.3,,23,24,96.0,1,False,2025-04-09T00:00:00-06:00,2025-04-10T00:00:00-06:00,2025-04-09T06:00:00Z,µg/m³
logan,S305,3346,305,reference,2025-04-10,11.6,9.5,11.850000000000001,13.7,,24,24,100.0,1,False,2025-04-10T00:00:00-06:00,2025-04-11T00:00:00-06:00,2025-04-10T06:00:00Z,µg/m³
logan,S305,3346,305,reference,2025-04-11,10.6,6.7,11.350000000000001,13.6,,24,24,100.0,1,False,2025-04-11T00:00:00-06:00,2025-04-12T00:00:00-06:00,2025-04-11T06:00:00Z,µg/m³
logan,S305,3346,305,reference,2025-04-12,6.11,3.2,6.85,13.1,,24,24,100.0,1,False,2025-04-12T00:00:00-06:00,2025-04-13T00:00:00-06:00,2025-04-12T06:00:00Z,µg/m³
logan,S305,3346,305,reference,2025-04-13,4.23,2.8,3.5,14.0,,24,24,100.0,1,False,2025-04-13T00:00:00-06:00,2025-04-14T00:00:00-06:00,2025-04-13T06:00:00Z,µg/m³
logan,S305,3346,305,reference,2025-04-14,4.92,3.7,4.6,7.2,,24,24,100.0,1,False,2025-04-14T00:00:00-06:00,2025-04-15T00:00:00-06:00,2025-04-14T06:00:00Z,µg/m³
logan,S305,3346,305,reference,2025-04-15,5.4,2.7,5.8,7.5,,24,24,100.0,1,False,2025-04-15T00:00:00-06:00,2025-04-16T00:00:00-06:00,2025-04-15T06:00:00Z,µg/m³
logan,S305,3346,305,reference,2025-04-16,6.34,3.4,6.35,11.3,,24,24,100.0,1,False,2025-04-16T00:00:00-06:00,2025-04-17T00:00:00-06:00,2025-04-16T06:00:00Z,µg/m³
logan,S305,3346,305,reference,2025-04-17,3.42,1.6,3.25,6.4,,24,24,100.0,1,False,2025-04-17T00:00:00-06:00,2025-04-18T00:00:00-06:00,2025-04-17T06:00:00Z,µg/m³
logan,S305,3346,305,reference,2025-04-18,2.14,1.0,1.9,5.2,,24,24,100.0,1,False,2025-04-18T00:00:00-06:00,2025-04-19T00:00:00-06:00,2025-04-18T06:00:00Z,µg/m³
logan,S305,3346,305,reference,2025-04-19,3.88,2.1,3.7,6.0,,24,24,100.0,1,False,2025-04-19T00:00:00-06:00,2025-04-20T00:00:00-06:00,2025-04-19T06:00:00Z,µg/m³
logan,S305,3346,305,reference,2025-04-20,3.93,2.0,4.1,6.7,,23,24,96.0,1,False,2025-04-20T00:00:00-06:00,2025-04-21T00:00:00-06:00,2025-04-20T06:00:00Z,µg/m³
logan,S305,3346,305,reference,2025-04-21,3.75,1.7,3.55,9.5,,24,24,100.0,1,False,2025-04-21T00:00:00-06:00,2025-04-22T00:00:00-06:00,2025-04-21T06:00:00Z,µg/m³
logan,S305,3346,305,reference,2025-04-22,5.25,3.6,4.95,7.8,,24,24,100.0,1,False,2025-04-22T00:00:00-06:00,2025-04-23T00:00:00-06:00,2025-04-22T06:00:00Z,µg/m³
logan,S305,3346,305,reference,2025-04-23,5.13,2.7,5.45,6.9,,24,24,100.0,1,False,2025-04-23T00:00:00-06:00,2025-04-24T00:00:00-06:00,2025-04-23T06:00:00Z,µg/m³
logan,S305,3346,305,reference,2025-04-24,4.25,1.9,4.2,6.3,,24,24,100.0,1,False,2025-04-24T00:00:00-06:00,2025-04-25T00:00:00-06:00,2025-04-24T06:00:00Z,µg/m³
logan,S305,3346,305,reference,2025-04-25,4.83,3.3,5.05,6.4,,24,24,100.0,1,False,2025-04-25T00:00:00-06:00,2025-04-26T00:00:00-06:00,2025-04-25T06:00:00Z,µg/m³
logan,S305,3346,305,reference,2025-04-26,5.4,1.7,4.25,21.1,0.2828427124746193,24,24,100.0,1,False,2025-04-26T00:00:00-06:00,2025-04-27T00:00:00-06:00,2025-04-26T06:00:00Z,µg/m³
logan,S305,3346,305,reference,2025-04-27,2.57,1.7,2.2,4.3,,24,24,100.0,1,False,2025-04-27T00:00:00-06:00,2025-04-28T00:00:00-06:00,2025-04-27T06:00:00Z,µg/m³
logan,S305,3346,305,reference,2025-04-28,2.48,1.3,2.4,4.3,,24,24,100.0,1,False,2025-04-28T00:00:00-06:00,2025-04-29T00:00:00-06:00,2025-04-28T06:00:00Z,µg/m³
logan,S305,3346,305,reference,2025-04-29,4.0,2.2,3.7,6.3,,24,24,100.0,1,False,2025-04-29T00:00:00-06:00,2025-04-30T00:00:00-06:00,2025-04-29T06:00:00Z,µg/m³
logan,S305,3346,305,reference,2025-04-30,3.91,1.7,3.4000000000000004,6.6,,24,24,100.0,1,False,2025-04-30T00:00:00-06:00,2025-05-01T00:00:00-06:00,2025-04-30T06:00:00Z,µg/m³
logan,S305,3346,305,reference,2025-05-01,5.03,3.4,5.05,8.1,,24,24,100.0,1,False,2025-05-01T00:00:00-06:00,2025-05-02T00:00:00-06:00,2025-05-01T06:00:00Z,µg/m³
logan,S305,3346,305,reference,2025-05-02,5.5,3.5,5.550000000000001,7.9,0.636396103067893,24,24,100.0,1,False,2025-05-02T00:00:00-06:00,2025-05-03T00:00:00-06:00,2025-05-02T06:00:00Z,µg/m³
logan,S305,3346,305,reference,2025-05-03,6.38,3.8,6.699999999999999,9.2,0.21213203435596475,24,24,100.0,1,False,2025-05-03T00:00:00-06:00,2025-05-04T00:00:00-06:00,2025-05-03T06:00:00Z,µg/m³
logan,S305,3346,305,reference,2025-05-04,6.03,2.6,6.1,8.6,,24,24,100.0,1,False,2025-05-04T00:00:00-06:00,2025-05-05T00:00:00-06:00,2025-05-04T06:00:00Z,µg/m³
logan,S305,3346,305,reference,2025-05-05,4.03,0.3,4.550000000000001,7.6,,24,24,100.0,1,False,2025-05-05T00:00:00-06:00,2025-05-06T00:00:00-06:00,2025-05-05T06:00:00Z,µg/m³
logan,S305,3346,305,reference,2025-05-06,1.16,0.2,0.6,3.6,0.0,24,24,100.0,1,False,2025-05-06T00:00:00-06:00,2025-05-07T00:00:00-06:00,2025-05-06T06:00:00Z,µg/m³
logan,S305,3346,305,reference,2025-05-07,4.49,2.7,4.300000000000001,7.0,,24,24,100.0,1,False,2025-05-07T00:00:00-06:00,2025-05-08T00:00:00-06:00,2025-05-07T06:00:00Z,µg/m³
logan,S305,3346,305,reference,2025-05-08,5.04,2.6,5.35,8.1,,24,24,100.0,1,False,2025-05-08T00:00:00-06:00,2025-05-09T00:00:00-06:00,2025-05-08T06:00:00Z,µg/m³
logan,S305,3346,305,reference,2025-05-09,5.67,3.9,5.300000000000001,8.6,,24,24,100.0,1,False,2025-05-09T00:00:00-06:00,2025-05-10T00:00:00-06:00,2025-05-09T06:00:00Z,µg/m³
logan,S305,3346,305,reference,2025-05-10,7.13,4.0,7.35,8.7,0.7549834435270749,24,24,100.0,1,False,2025-05-10T00:00:00-06:00,2025-05-11T00:00:00-06:00,2025-05-10T06:00:00Z,µg/m³
logan,S305,3346,305,reference,2025-05-11,6.84,3.3,6.65,13.2,,24,24,100.0,1,False,2025-05-11T00:00:00-06:00,2025-05-12T00:00:00-06:00,2025-05-11T06:00:00Z,µg/m³
logan,S305,3346,305,reference,2025-05-12,10.3,4.0,10.4,23.7,,23,24,96.0,1,False,2025-05-12T00:00:00-06:00,2025-05-13T00:00:00-06:00,2025-05-12T06:00:00Z,µg/m³
logan,S305,3346,305,reference,2025-05-13,4.05,1.5,3.6500000000000004,12.4,,24,24,100.0,1,False,2025-05-13T00:00:00-06:00,2025-05-14T00:00:00-06:00,2025-05-13T06:00:00Z,µg/m³
logan,S305,3346,305,reference,2025-05-14,1.57,0.8,1.6,3.1,,24,24,100.0,1,False,2025-05-14T00:00:00-06:00,2025-05-15T00:00:00-06:00,2025-05-14T06:00:00Z,µg/m³
logan,S305,3346,305,reference,2025-05-15,3.7,1.9,3.75,5.2,,24,24,100.0,1,False,2025-05-15T00:00:00-06:00,2025-05-16T00:00:00-06:00,2025-05-15T06:00:00Z,µg/m³
logan,S305,3346,305,reference,2025-05-16,5.0,2.7,4.449999999999999,11.5,0.0707106781186545,24,24,100.0,1,False,2025-05-16T00:00:00-06:00,2025-05-17T00:00:00-06:00,2025-05-16T06:00:00Z,µg/m³
logan,S305,3346,305,reference,2025-05-17,4.48,2.8,4.25,7.1,,24,24,100.0,1,False,2025-05-17T00:00:00-06:00,2025-05-18T00:00:00-06:00,2025-05-17T06:00:00Z,µg/m³
logan,S305,3346,305,reference,2025-05-18,3.61,0.8,2.75,8.0,0.07071067811865482,24,24,100.0,1,False,2025-05-18T00:00:00-06:00,2025-05-19T00:00:00-06:00,2025-05-18T06:00:00Z,µg/m³
logan,S305,3346,305,reference,2025-05-19,3.72,2.7,3.9,5.0,,24,24,100.0,1,False,2025-05-19T00:00:00-06:00,2025-05-20T00:00:00-06:00,2025-05-19T06:00:00Z,µg/m³
logan,S305,3346,305,reference,2025-05-20,4.25,2.0,4.6,6.8,,24,24,100.0,1,False,2025-05-20T00:00:00-06:00,2025-05-21T00:00:00-06:00,2025-05-20T06:00:00Z,µg/m³
logan,S305,3346,305,reference,2025-05-21,4.13,3.1,4.05,5.7,1.6970562748477143,24,24,100.0,1,False,2025-05-21T00:00:00-06:00,2025-05-22T00:00:00-06:00,2025-05-21T06:00:00Z,µg/m³
logan,S305,3346,305,reference,2025-05-22,5.39,3.3,5.5,7.1,,24,24,100.0,1,False,2025-05-22T00:00:00-06:00,2025-05-23T00:00:00-06:00,2025-05-22T06:00:00Z,µg/m³
logan,S305,3346,305,reference,2025-05-23,6.83,3.3,5.45,17.0,4.949747468305833,24,24,100.0,1,False,2025-05-23T00:00:00-06:00,2025-05-24T00:00:00-06:00,2025-05-23T06:00:00Z,µg/m³
logan,S305,3346,305,reference,2025-05-24,6.39,4.9,6.7,7.4,,8,24,33.0,0,False,2025-05-24T00:00:00-06:00,2025-05-25T00:00:00-06:00,2025-05-24T06:00:00Z,µg/m³
logan,S305,3346,305,reference,2025-05-26,3.55,2.6,3.2,6.0,0.15275252316519441,11,24,46.0,0,False,2025-05-26T00:00:00-06:00,2025-05-27T00:00:00-06:00,2025-05-26T06:00:00Z,µg/m³
logan,S305,3346,305,reference,2025-05-27,6.1,4.2,6.0,8.8,,24,24,100.0,1,False,2025-05-27T00:00:00-06:00,2025-05-28T00:00:00-06:00,2025-05-27T06:00:00Z,µg/m³
logan,S305,3346,305,reference,2025-05-28,6.69,4.5,6.6,10.5,2.502665245959462,24,24,100.0,1,False,2025-05-28T00:00:00-06:00,2025-05-29T00:00:00-06:00,2025-05-28T06:00:00Z,µg/m³
logan,S305,3346,305,reference,2025-05-29,6.33,4.0,5.6,10.5,,24,24,100.0,1,False,2025-05-29T00:00:00-06:00,2025-05-30T00:00:00-06:00,2025-05-29T06:00:00Z,µg/m³
logan,S305,3346,305,reference,2025-05-30,7.95,4.1,7.5,12.5,,24,24,100.0,1,False,2025-05-30T00:00:00-06:00,2025-05-31T00:00:00-06:00,2025-05-30T06:00:00Z,µg/m³
logan,S305,3346,305,reference,2025-05-31,6.43,4.3,6.15,8.9,0.282842712474618,24,24,100.0,1,False,2025-05-31T00:00:00-06:00,2025-06-01T00:00:00-06:00,2025-05-31T06:00:00Z,µg/m³
logan,S305,3346,305,reference,2025-06-01,7.29,4.5,7.5,13.4,,24,24,100.0,1,False,2025-06-01T00:00:00-06:00,2025-06-02T00:00:00-06:00,2025-06-01T06:00:00Z,µg/m³
logan,S305,3346,305,reference,2025-06-02,4.93,3.1,5.199999999999999,7.4,,24,24,100.0,1,False,2025-06-02T00:00:00-06:00,2025-06-03T00:00:00-06:00,2025-06-02T06:00:00Z,µg/m³
logan,S305,3346,305,reference,2025-06-03,5.52,3.0,5.4,9.4,1.6157557571200751,24,24,100.0,1,False,2025-06-03T00:00:00-06:00,2025-06-04T00:00:00-06:00,2025-06-03T06:00:00Z,µg/m³
logan,S305,3346,305,reference,2025-06-04,4.25,3.1,4.1,5.4,0.5170025789748702,24,24,100.0,1,False,2025-06-04T00:00:00-06:00,2025-06-05T00:00:00-06:00,2025-06-04T06:00:00Z,µg/m³
logan,S305,3346,305,reference,2025-06-05,6.36,4.0,5.7,9.8,1.9571130950117994,24,24,100.0,1,False,2025-06-05T00:00:00-06:00,2025-06-06T00:00:00-06:00,2025-06-05T06:00:00Z,µg/m³
logan,S305,3346,305,reference,2025-06-06,7.2,5.9,7.2,9.3,0.7370832155643392,24,24,100.0,1,False,2025-06-06T00:00:00-06:00,2025-06-07T00:00:00-06:00,2025-06-06T06:00:00Z,µg/m³
logan,S305,3346,305,reference,2025-06-07,8.86,6.1,8.2,13.1,2.2538485604257743,24,24,100.0,1,False,2025-06-07T00:00:00-06:00,2025-06-08T00:00:00-06:00,2025-06-07T06:00:00Z,µg/m³
logan,S305,3346,305,reference,2025-06-08,6.25,2.6,5.1,20.6,,24,24,100.0,1,False,2025-06-08T00:00:00-06:00,2025-06-09T00:00:00-06:00,2025-06-08T06:00:00Z,µg/m³
logan,S305,3346,305,reference,2025-06-09,5.06,2.9,5.4,6.9,1.3209844813622904,23,24,96.0,1,False,2025-06-09T00:00:00-06:00,2025-06-10T00:00:00-06:00,2025-06-09T06:00:00Z,µg/m³
logan,S305,3346,305,reference,2025-06-10,5.98,2.9,4.6,19.5,,24,24,100.0,1,False,2025-06-10T00:00:00-06:00,2025-06-11T00:00:00-06:00,2025-06-10T06:00:00Z,µg/m³
logan,S305,3346,305,reference,2025-06-11,8.75,6.2,8.149999999999999,20.6,1.163901484949077,24,24,100.0,1,False,2025-06-11T00:00:00-06:00,2025-06-12T00:00:00-06:00,2025-06-11T06:00:00Z,µg/m³
logan,S305,3346,305,reference,2025-06-12,7.68,5.0,7.199999999999999,11.7,2.167443084329903,24,24,100.0,1,False,2025-06-12T00:00:00-06:00,2025-06-13T00:00:00-06:00,2025-06-12T06:00:00Z,µg/m³
logan,S305,3346,305,reference,2025-06-13,8.48,5.8,8.0,13.8,2.1795928518877097,24,24,100.0,1,False,2025-06-13T00:00:00-06:00,2025-06-14T00:00:00-06:00,2025-06-13T06:00:00Z,µg/m³
logan,S305,3346,305,reference,2025-06-14,8.91,5.7,9.1,11.8,1.3760904766765882,24,24,100.0,1,False,2025-06-14T00:00:00-06:00,2025-06-15T00:00:00-06:00,2025-06-14T06:00:00Z,µg/m³
logan,S305,3346,305,reference,2025-06-15,8.45,3.8,8.6,12.6,0.3535533905932738,24,24,100.0,1,False,2025-06-15T00:00:00-06:00,2025-06-16T00:00:00-06:00,2025-06-15T06:00:00Z,µg/m³
logan,S305,3346,305,reference,2025-06-16,7.31,5.1,6.699999999999999,21.1,0.9344338749567382,24,24,100.0,1,False,2025-06-16T00:00:00-06:00,2025-06-17T00:00:00-06:00,2025-06-16T06:00:00Z,µg/m³
logan,S305,3346,305,reference,2025-06-17,6.68,3.9,6.55,11.5,1.7541943456178974,24,24,100.0,1,False,2025-06-17T00:00:00-06:00,2025-06-18T00:00:00-06:00,2025-06-17T06:00:00Z,µg/m³
logan,S305,3346,305,reference,2025-06-18,7.33,4.5,7.25,11.9,1.6152915113584503,24,24,100.0,1,False,2025-06-18T00:00:00-06:00,2025-06-19T00:00:00-06:00,2025-06-18T06:00:00Z,µg/m³
logan,S305,3346,305,reference,2025-06-19,8.15,4.3,6.800000000000001,21.2,3.9528049112834625,24,24,100.0,1,False,2025-06-19T00:00:00-06:00,2025-06-20T00:00:00-06:00,2025-06-19T06:00:00Z,µg/m³
logan,S305,3346,305,reference,2025-06-20,11.2,5.3,7.95,47.1,1.8511721247075101,24,24,100.0,1,False,2025-06-20T00:00:00-06:00,2025-06-21T00:00:00-06:00,2025-06-20T06:00:00Z,µg/m³
logan,S305,3346,305,reference,2025-06-21,7.49,4.0,5.75,26.9,2.188721087758785,24,24,100.0,1,False,2025-06-21T00:00:00-06:00,2025-06-22T00:00:00-06:00,2025-06-21T06:00:00Z,µg/m³
logan,S305,3346,305,reference,2025-06-22,2.64,0.9,2.8499999999999996,4.4,,24,24,100.0,1,False,2025-06-22T00:00:00-06:00,2025-06-23T00:00:00-06:00,2025-06-22T06:00:00Z,µg/m³
logan,S305,3346,305,reference,2025-06-23,3.39,2.3,3.3,5.1,0.6022280061808577,22,24,92.0,1,False,2025-06-23T00:00:00-06:00,2025-06-24T00:00:00-06:00,2025-06-23T06:00:00Z,µg/m³
logan,S305,3346,305,reference,2025-06-24,8.57,4.4,8.649999999999999,12.8,,22,24,92.0,1,False,2025-06-24T00:00:00-06:00,2025-06-25T00:00:00-06:00,2025-06-24T06:00:00Z,µg/m³
logan,S305,3346,305,reference,2025-06-25,7.46,5.3,6.55,11.5,1.9565546403323524,24,24,100.0,1,False,2025-06-25T00:00:00-06:00,2025-06-26T00:00:00-06:00,2025-06-25T06:00:00Z,µg/m³
logan,S305,3346,305,reference,2025-06-26,7.78,6.1,7.6,10.1,1.3175735273600484,24,24,100.0,1,False,2025-06-26T00:00:00-06:00,2025-06-27T00:00:00-06:00,2025-06-26T06:00:00Z,µg/m³
logan,S305,3346,305,reference,2025-06-27,8.41,6.3,8.25,10.5,1.029704650211247,24,24,100.0,1,False,2025-06-27T00:00:00-06:00,2025-06-28T00:00:00-06:00,2025-06-27T06:00:00Z,µg/m³
logan,S305,3346,305,reference,2025-06-28,6.89,3.6,6.95,10.4,1.9384594398645536,24,24,100.0,1,False,2025-06-28T00:00:00-06:00,2025-06-29T00:00:00-06:00,2025-06-28T06:00:00Z,µg/m³
logan,S305,3346,305,reference,2025-06-29,4.6,2.5,4.55,7.4,0.14142135623731025,24,24,100.0,1,False,2025-06-29T00:00:00-06:00,2025-06-30T00:00:00-06:00,2025-06-29T06:00:00Z,µg/m³
logan,S305,3346,305,reference,2025-06-30,4.93,3.2,5.0,7.3,0.8123012577445227,24,24,100.0,1,False,2025-06-30T00:00:00-06:00,2025-07-01T00:00:00-06:00,2025-06-30T06:00:00Z,µg/m³
logan,S305,3346,305,reference,2025-07-01,9.26,7.6,9.15,12.7,1.0533927869680726,24,24,100.0,1,False,2025-07-01T00:00:00-06:00,2025-07-02T00:00:00-06:00,2025-07-01T06:00:00Z,µg/m³
logan,S305,3346,305,reference,2025-07-02,10.5,6.9,10.149999999999999,18.0,2.4390594476172547,24,24,100.0,1,False,2025-07-02T00:00:00-06:00,2025-07-03T00:00:00-06:00,2025-07-02T06:00:00Z,µg/m³
logan,S305,3346,305,reference,2025-07-03,10.4,4.8,10.55,16.8,2.494851842151297,24,24,100.0,1,False,2025-07-03T00:00:00-06:00,2025-07-04T00:00:00-06:00,2025-07-03T06:00:00Z,µg/m³
logan,S305,3346,305,reference,2025-07-04,8.05,4.0,7.65,16.5,2.432772277131781,24,24,100.0,1,False,2025-07-04T00:00:00-06:00,2025-07-05T00:00:00-06:00,2025-07-04T06:00:00Z,µg/m³
logan,S305,3346,305,reference,2025-07-05,12.0,5.5,12.05,36.3,6.53327062044731,24,24,100.0,1,False,2025-07-05T00:00:00-06:00,2025-07-06T00:00:00-06:00,2025-07-05T06:00:00Z,µg/m³
logan,S305,3346,305,reference,2025-07-06,7.78,4.3,7.65,15.4,,24,24,100.0,1,False,2025-07-06T00:00:00-06:00,2025-07-07T00:00:00-06:00,2025-07-06T06:00:00Z,µg/m³
logan,S305,3346,305,reference,2025-07-07,9.35,4.8,8.4,17.9,2.5690465157330262,24,24,100.0,1,False,2025-07-07T00:00:00-06:00,2025-07-08T00:00:00-06:00,2025-07-07T06:00:00Z,µg/m³
logan,S305,3346,305,reference,2025-07-08,8.07,5.1,7.45,14.1,1.554670383071601,24,24,100.0,1,False,2025-07-08T00:00:00-06:00,2025-07-09T00:00:00-06:00,2025-07-08T06:00:00Z,µg/m³
logan,S305,3346,305,reference,2025-07-09,10.4,4.7,9.25,27.3,5.10914392519448,24,24,100.0,1,False,2025-07-09T00:00:00-06:00,2025-07-10T00:00:00-06:00,2025-07-09T06:00:00Z,µg/m³
logan,S305,3346,305,reference,2025-07-10,7.23,5.3,6.55,17.6,,24,24,100.0,1,False,2025-07-10T00:00:00-06:00,2025-07-11T00:00:00-06:00,2025-07-10T06:00:00Z,µg/m³
logan,S305,3346,305,reference,2025-07-11,5.4,2.0,5.7,10.6,,24,24,100.0,1,False,2025-07-11T00:00:00-06:00,2025-07-12T00:00:00-06:00,2025-07-11T06:00:00Z,µg/m³
logan,S305,3346,305,reference,2025-07-12,6.72,3.8,7.15,9.7,1.0089392119118636,24,24,100.0,1,False,2025-07-12T00:00:00-06:00,2025-07-13T00:00:00-06:00,2025-07-12T06:00:00Z,µg/m³
logan,S305,3346,305,reference,2025-07-13,6.44,4.6,6.4,8.7,0.8454359258760558,24,24,100.0,1,False,2025-07-13T00:00:00-06:00,2025-07-14T00:00:00-06:00,2025-07-13T06:00:00Z,µg/m³
logan,S305,3346,305,reference,2025-07-14,8.67,4.3,7.5,19.3,0.0707106781186545,24,24,100.0,1,False,2025-07-14T00:00:00-06:00,2025-07-15T00:00:00-06:00,2025-07-14T06:00:00Z,µg/m³
logan,S305,3346,305,reference,2025-07-15,13.2,8.6,13.0,22.1,2.7423428750694985,24,24,100.0,1,False,2025-07-15T00:00:00-06:00,2025-07-16T00:00:00-06:00,2025-07-15T06:00:00Z,µg/m³
logan,S305,3346,305,reference,2025-07-16,11.9,7.2,11.95,15.3,1.1313708498984771,24,24,100.0,1,False,2025-07-16T00:00:00-06:00,2025-07-17T00:00:00-06:00,2025-07-16T06:00:00Z,µg/m³
logan,S305,3346,305,reference,2025-07-17,11.0,6.6,10.8,15.1,,24,24,100.0,1,False,2025-07-17T00:00:00-06:00,2025-07-18T00:00:00-06:00,2025-07-17T06:00:00Z,µg/m³
logan,S305,3346,305,reference,2025-07-18,9.69,6.2,9.25,12.7,,24,24,100.0,1,False,2025-07-18T00:00:00-06:00,2025-07-19T00:00:00-06:00,2025-07-18T06:00:00Z,µg/m³
logan,S305,3346,305,reference,2025-07-19,10.2,6.4,9.75,14.5,2.9097953692500593,24,24,100.0,1,False,2025-07-19T00:00:00-06:00,2025-07-20T00:00:00-06:00,2025-07-19T06:00:00Z,µg/m³
logan,S305,3346,305,reference,2025-07-20,12.1,6.9,12.25,25.2,,24,24,100.0,1,False,2025-07-20T00:00:00-06:00,2025-07-21T00:00:00-06:00,2025-07-20T06:00:00Z,µg/m³
logan,S305,3346,305,reference,2025-07-21,12.2,5.8,12.4,21.6,3.099769576689761,24,24,100.0,1,False,2025-07-21T00:00:00-06:00,2025-07-22T00:00:00-06:00,2025-07-21T06:00:00Z,µg/m³
logan,S305,3346,305,reference,2025-07-22,9.12,4.8,8.15,21.9,0.6658328118479402,24,24,100.0,1,False,2025-07-22T00:00:00-06:00,2025-07-23T00:00:00-06:00,2025-07-22T06:00:00Z,µg/m³
logan,S305,3346,305,reference,2025-07-23,7.33,5.2,7.5,12.9,1.2316655390161722,24,24,100.0,1,False,2025-07-23T00:00:00-06:00,2025-07-24T00:00:00-06:00,2025-07-23T06:00:00Z,µg/m³
logan,S305,3346,305,reference,2025-07-24,10.5,3.7,9.5,25.6,2.5455844122715696,24,24,100.0,1,False,2025-07-24T00:00:00-06:00,2025-07-25T00:00:00-06:00,2025-07-24T06:00:00Z,µg/m³
logan,S305,3346,305,reference,2025-07-25,12.0,3.3,11.3,20.5,,24,24,100.0,1,False,2025-07-25T00:00:00-06:00,2025-07-26T00:00:00-06:00,2025-07-25T06:00:00Z,µg/m³
logan,S305,3346,305,reference,2025-07-26,7.92,3.1,7.1,17.4,,24,24,100.0,1,False,2025-07-26T00:00:00-06:00,2025-07-27T00:00:00-06:00,2025-07-26T06:00:00Z,µg/m³
logan,S305,3346,305,reference,2025-07-27,5.4,1.7,5.15,11.4,0.0707106781186545,24,24,100.0,1,False,2025-07-27T00:00:00-06:00,2025-07-28T00:00:00-06:00,2025-07-27T06:00:00Z,µg/m³
logan,S305,3346,305,reference,2025-07-28,5.56,2.9,5.1,11.6,3.0518300520616592,24,24,100.0,1,False,2025-07-28T00:00:00-06:00,2025-07-29T00:00:00-06:00,2025-07-28T06:00:00Z,µg/m³
logan,S305,3346,305,reference,2025-07-29,9.29,5.4,8.1,16.8,3.1670001752273564,23,24,96.0,1,False,2025-07-29T00:00:00-06:00,2025-07-30T00:00:00-06:00,2025-07-29T06:00:00Z,µg/m³
logan,S305,3346,305,reference,2025-07-30,9.79,5.3,9.5,22.0,4.222103012262235,24,24,100.0,1,False,2025-07-30T00:00:00-06:00,2025-07-31T00:00:00-06:00,2025-07-30T06:00:00Z,µg/m³
logan,S305,3346,305,reference,2025-07-31,13.8,3.8,14.5,22.5,4.246116519186149,24,24,100.0,1,False,2025-07-31T00:00:00-06:00,2025-08-01T00:00:00-06:00,2025-07-31T06:00:00Z,µg/m³
logan,S305,3346,305,reference,2025-08-01,12.7,8.0,12.95,19.4,2.96667602994777,24,24,100.0,1,False,2025-08-01T00:00:00-06:00,2025-08-02T00:00:00-06:00,2025-08-01T06:00:00Z,µg/m³
logan,S305,3346,305,reference,2025-08-02,8.27,3.3,9.0,10.8,1.6025890510878535,24,24,100.0,1,False,2025-08-02T00:00:00-06:00,2025-08-03T00:00:00-06:00,2025-08-02T06:00:00Z,µg/m³
logan,S305,3346,305,reference,2025-08-03,7.92,5.0,8.0,10.5,,24,24,100.0,1,False,2025-08-03T00:00:00-06:00,2025-08-04T00:00:00-06:00,2025-08-03T06:00:00Z,µg/m³
logan,S305,3346,305,reference,2025-08-04,12.2,8.2,11.2,18.2,2.7404847035253472,24,24,100.0,1,False,2025-08-04T00:00:00-06:00,2025-08-05T00:00:00-06:00,2025-08-04T06:00:00Z,µg/m³
logan,S305,3346,305,reference,2025-08-05,12.7,8.8,13.1,17.8,1.8027756377319946,22,24,92.0,1,False,2025-08-05T00:00:00-06:00,2025-08-06T00:00:00-06:00,2025-08-05T06:00:00Z,µg/m³
logan,S305,3346,305,reference,2025-08-06,10.1,3.9,11.1,17.7,1.5110702608857514,24,24,100.0,1,False,2025-08-06T00:00:00-06:00,2025-08-07T00:00:00-06:00,2025-08-06T06:00:00Z,µg/m³
logan,S305,3346,305,reference,2025-08-07,7.54,4.7,6.85,16.2,3.9215076465846934,24,24,100.0,1,False,2025-08-07T00:00:00-06:00,2025-08-08T00:00:00-06:00,2025-08-07T06:00:00Z,µg/m³
logan,S305,3346,305,reference,2025-08-08,3.72,1.6,3.65,6.6,0.9020347369512258,24,24,100.0,1,False,2025-08-08T00:00:00-06:00,2025-08-09T00:00:00-06:00,2025-08-08T06:00:00Z,µg/m³
logan,S305,3346,305,reference,2025-08-09,4.35,2.2,4.2,8.9,,24,24,100.0,1,False,2025-08-09T00:00:00-06:00,2025-08-10T00:00:00-06:00,2025-08-09T06:00:00Z,µg/m³
logan,S305,3346,305,reference,2025-08-10,6.13,3.8,6.3,8.3,,24,24,100.0,1,False,2025-08-10T00:00:00-06:00,2025-08-11T00:00:00-06:00,2025-08-10T06:00:00Z,µg/m³
logan,S305,3346,305,reference,2025-08-11,7.29,5.1,6.75,10.5,,24,24,100.0,1,False,2025-08-11T00:00:00-06:00,2025-08-12T00:00:00-06:00,2025-08-11T06:00:00Z,µg/m³
logan,S305,3346,305,reference,2025-08-12,7.76,4.3,7.9,15.1,3.165964834506746,24,24,100.0,1,False,2025-08-12T00:00:00-06:00,2025-08-13T00:00:00-06:00,2025-08-12T06:00:00Z,µg/m³
logan,S305,3346,305,reference,2025-08-13,16.3,5.6,10.55,35.5,2.4041630560342617,24,24,100.0,1,False,2025-08-13T00:00:00-06:00,2025-08-14T00:00:00-06:00,2025-08-13T06:00:00Z,µg/m³
logan,S305,3346,305,reference,2025-08-14,14.5,10.2,14.05,20.2,,24,24,100.0,1,False,2025-08-14T00:00:00-06:00,2025-08-15T00:00:00-06:00,2025-08-14T06:00:00Z,µg/m³
logan,S305,3346,305,reference,2025-08-15,11.9,9.3,11.75,20.1,,24,24,100.0,1,False,2025-08-15T00:00:00-06:00,2025-08-16T00:00:00-06:00,2025-08-15T06:00:00Z,µg/m³
logan,S305,3346,305,reference,2025-08-16,11.3,9.4,10.6,19.1,,24,24,100.0,1,False,2025-08-16T00:00:00-06:00,2025-08-17T00:00:00-06:00,2025-08-16T06:00:00Z,µg/m³
logan,S305,3346,305,reference,2025-08-17,10.7,6.5,10.4,18.1,2.1213203435596424,24,24,100.0,1,False,2025-08-17T00:00:00-06:00,2025-08-18T00:00:00-06:00,2025-08-17T06:00:00Z,µg/m³
logan,S305,3346,305,reference,2025-08-18,8.21,3.4,8.75,14.6,,24,24,100.0,1,False,2025-08-18T00:00:00-06:00,2025-08-19T00:00:00-06:00,2025-08-18T06:00:00Z,µg/m³
logan,S305,3346,305,reference,2025-08-19,6.51,1.9,5.6,15.5,0.9192388155425123,24,24,100.0,1,False,2025-08-19T00:00:00-06:00,2025-08-20T00:00:00-06:00,2025-08-19T06:00:00Z,µg/m³
logan,S305,3346,305,reference,2025-08-20,8.29,4.4,8.3,16.8,,24,24,100.0,1,False,2025-08-20T00:00:00-06:00,2025-08-21T00:00:00-06:00,2025-08-20T06:00:00Z,µg/m³
logan,S305,3346,305,reference,2025-08-21,13.6,7.5,13.75,24.1,3.5895159840847626,24,24,100.0,1,False,2025-08-21T00:00:00-06:00,2025-08-22T00:00:00-06:00,2025-08-21T06:00:00Z,µg/m³
logan,S305,3346,305,reference,2025-08-22,8.76,3.2,8.9,15.6,2.5989960022632217,24,24,100.0,1,False,2025-08-22T00:00:00-06:00,2025-08-23T00:00:00-06:00,2025-08-22T06:00:00Z,µg/m³
logan,S305,3346,305,reference,2025-08-23,7.6,4.8,7.7,10.4,1.4739645275824758,24,24,100.0,1,False,2025-08-23T00:00:00-06:00,2025-08-24T00:00:00-06:00,2025-08-23T06:00:00Z,µg/m³
logan,S305,3346,305,reference,2025-08-24,7.78,3.9,8.25,10.5,1.0144785195688806,24,24,100.0,1,False,2025-08-24T00:00:00-06:00,2025-08-25T00:00:00-06:00,2025-08-24T06:00:00Z,µg/m³
logan,S305,3346,305,reference,2025-08-25,16.3,9.9,16.0,23.7,,24,24,100.0,1,False,2025-08-25T00:00:00-06:00,2025-08-26T00:00:00-06:00,2025-08-25T06:00:00Z,µg/m³
logan,S305,3346,305,reference,2025-08-26,14.0,6.9,12.95,21.8,,24,24,100.0,1,False,2025-08-26T00:00:00-06:00,2025-08-27T00:00:00-06:00,2025-08-26T06:00:00Z,µg/m³
logan,S305,3346,305,reference,2025-08-27,6.04,2.4,6.199999999999999,9.4,1.5863428117791931,24,24,100.0,1,False,2025-08-27T00:00:00-06:00,2025-08-28T00:00:00-06:00,2025-08-27T06:00:00Z,µg/m³
logan,S305,3346,305,reference,2025-08-28,10.8,7.6,10.95,15.6,1.4232591705893431,24,24,100.0,1,False,2025-08-28T00:00:00-06:00,2025-08-29T00:00:00-06:00,2025-08-28T06:00:00Z,µg/m³
logan,S305,3346,305,reference,2025-08-29,14.4,6.9,17.65,20.2,4.445682763996465,24,24,100.0,1,False,2025-08-29T00:00:00-06:00,2025-08-30T00:00:00-06:00,2025-08-29T06:00:00Z,µg/m³
logan,S305,3346,305,reference,2025-08-30,11.7,6.1,13.149999999999999,17.1,2.8042484775443,24,24,100.0,1,False,2025-08-30T00:00:00-06:00,2025-08-31T00:00:00-06:00,2025-08-30T06:00:00Z,µg/m³
logan,S305,3346,305,reference,2025-08-31,8.04,6.7,8.0,9.6,0.7000000000000002,24,24,100.0,1,False,2025-08-31T00:00:00-06:00,2025-09-01T00:00:00-06:00,2025-08-31T06:00:00Z,µg/m³
logan,S305,3346,305,reference,2025-09-01,9.94,7.1,9.600000000000001,13.0,1.5375340610897008,24,24,100.0,1,False,2025-09-01T00:00:00-06:00,2025-09-02T00:00:00-06:00,2025-09-01T06:00:00Z,µg/m³
logan,S305,3346,305,reference,2025-09-02,10.2,7.4,10.25,12.9,0.9790666108960252,24,24,100.0,1,False,2025-09-02T00:00:00-06:00,2025-09-03T00:00:00-06:00,2025-09-02T06:00:00Z,µg/m³
logan,S305,3346,305,reference,2025-09-03,9.95,8.1,9.75,13.5,1.462289870944426,24,24,100.0,1,False,2025-09-03T00:00:00-06:00,2025-09-04T00:00:00-06:00,2025-09-03T06:00:00Z,µg/m³
logan,S305,3346,305,reference,2025-09-04,9.98,6.3,10.05,14.4,2.520506803294636,24,24,100.0,1,False,2025-09-04T00:00:00-06:00,2025-09-05T00:00:00-06:00,2025-09-04T06:00:00Z,µg/m³
logan,S305,3346,305,reference,2025-09-05,9.89,5.5,9.649999999999999,16.6,1.548440075258538,24,24,100.0,1,False,2025-09-05T00:00:00-06:00,2025-09-06T00:00:00-06:00,2025-09-05T06:00:00Z,µg/m³
logan,S305,3346,305,reference,2025-09-06,12.1,4.2,10.5,27.4,6.099944113007772,24,24,100.0,1,False,2025-09-06T00:00:00-06:00,2025-09-07T00:00:00-06:00,2025-09-06T06:00:00Z,µg/m³
logan,S305,3346,305,reference,2025-09-07,6.9,2.3,8.25,11.6,,24,24,100.0,1,False,2025-09-07T00:00:00-06:00,2025-09-08T00:00:00-06:00,2025-09-07T06:00:00Z,µg/m³
logan,S305,3346,305,reference,2025-09-08,4.35,2.1,4.25,6.7,0.19148542155126771,24,24,100.0,1,False,2025-09-08T00:00:00-06:00,2025-09-09T00:00:00-06:00,2025-09-08T06:00:00Z,µg/m³
logan,S305,3346,305,reference,2025-09-09,4.13,2.5,3.9,7.7,1.7495713760804388,23,24,96.0,1,False,2025-09-09T00:00:00-06:00,2025-09-10T00:00:00-06:00,2025-09-09T06:00:00Z,µg/m³
logan,S305,3346,305,reference,2025-09-10,5.26,3.8,5.300000000000001,7.5,1.3245982181629419,24,24,100.0,1,False,2025-09-10T00:00:00-06:00,2025-09-11T00:00:00-06:00,2025-09-10T06:00:00Z,µg/m³
logan,S305,3346,305,reference,2025-09-11,6.34,3.9,5.9,12.9,1.3991555895025982,24,24,100.0,1,False,2025-09-11T00:00:00-06:00,2025-09-12T00:00:00-06:00,2025-09-11T06:00:00Z,µg/m³
logan,S305,3346,305,reference,2025-09-12,7.0,3.7,7.1,11.0,1.7436415096818827,24,24,100.0,1,False,2025-09-12T00:00:00-06:00,2025-09-13T00:00:00-06:00,2025-09-12T06:00:00Z,µg/m³
logan,S305,3346,305,reference,2025-09-13,6.63,4.6,6.65,10.8,,24,24,100.0,1,False,2025-09-13T00:00:00-06:00,2025-09-14T00:00:00-06:00,2025-09-13T06:00:00Z,µg/m³
logan,S305,3346,305,reference,2025-09-14,5.33,3.3,5.25,8.8,,24,24,100.0,1,False,2025-09-14T00:00:00-06:00,2025-09-15T00:00:00-06:00,2025-09-14T06:00:00Z,µg/m³
logan,S305,3346,305,reference,2025-09-15,4.31,1.7,4.45,8.1,0.0,24,24,100.0,1,False,2025-09-15T00:00:00-06:00,2025-09-16T00:00:00-06:00,2025-09-15T06:00:00Z,µg/m³
logan,S305,3346,305,reference,2025-09-16,3.86,2.1,3.55,7.8,1.297249838256742,24,24,100.0,1,False,2025-09-16T00:00:00-06:00,2025-09-17T00:00:00-06:00,2025-09-16T06:00:00Z,µg/m³
logan,S305,3346,305,reference,2025-09-17,7.1,3.6,6.45,14.0,3.614257481538517,24,24,100.0,1,False,2025-09-17T00:00:00-06:00,2025-09-18T00:00:00-06:00,2025-09-17T06:00:00Z,µg/m³
logan,S305,3346,305,reference,2025-09-18,6.35,4.9,6.25,8.0,,24,24,100.0,1,False,2025-09-18T00:00:00-06:00,2025-09-19T00:00:00-06:00,2025-09-18T06:00:00Z,µg/m³
logan,S305,3346,305,reference,2025-09-19,8.1,5.9,7.7,12.0,,24,24,100.0,1,False,2025-09-19T00:00:00-06:00,2025-09-20T00:00:00-06:00,2025-09-19T06:00:00Z,µg/m³
logan,S305,3346,305,reference,2025-09-20,5.32,1.8,5.6,9.2,0.3535533905932725,24,24,100.0,1,False,2025-09-20T00:00:00-06:00,2025-09-21T00:00:00-06:00,2025-09-20T06:00:00Z,µg/m³
logan,S305,3346,305,reference,2025-09-21,4.22,2.5,3.7,6.7,0.4242640687119283,24,24,100.0,1,False,2025-09-21T00:00:00-06:00,2025-09-22T00:00:00-06:00,2025-09-21T06:00:00Z,µg/m³
logan,S305,3346,305,reference,2025-09-22,4.48,3.1,4.35,5.8,0.6135377506140692,24,24,100.0,1,False,2025-09-22T00:00:00-06:00,2025-09-23T00:00:00-06:00,2025-09-22T06:00:00Z,µg/m³
logan,S305,3346,305,reference,2025-09-23,5.74,2.2,5.75,10.9,2.452776204856675,24,24,100.0,1,False,2025-09-23T00:00:00-06:00,2025-09-24T00:00:00-06:00,2025-09-23T06:00:00Z,µg/m³
logan,S305,3346,305,reference,2025-09-24,5.68,2.9,5.5,8.9,1.7375008175276037,24,24,100.0,1,False,2025-09-24T00:00:00-06:00,2025-09-25T00:00:00-06:00,2025-09-24T06:00:00Z,µg/m³
logan,S305,3346,305,reference,2025-09-25,4.38,1.7,4.45,8.4,1.576590106412051,24,24,100.0,1,False,2025-09-25T00:00:00-06:00,2025-09-26T00:00:00-06:00,2025-09-25T06:00:00Z,µg/m³
logan,S305,3346,305,reference,2025-09-26,5.15,2.6,4.3,12.5,2.5765529297881695,24,24,100.0,1,False,2025-09-26T00:00:00-06:00,2025-09-27T00:00:00-06:00,2025-09-26T06:00:00Z,µg/m³
logan,S305,3346,305,reference,2025-09-27,10.3,4.8,8.95,25.3,4.937475738337017,24,24,100.0,1,False,2025-09-27T00:00:00-06:00,2025-09-28T00:00:00-06:00,2025-09-27T06:00:00Z,µg/m³
logan,S305,3346,305,reference,2025-09-28,3.28,1.6,3.3499999999999996,5.5,1.2020815280171309,24,24,100.0,1,False,2025-09-28T00:00:00-06:00,2025-09-29T00:00:00-06:00,2025-09-28T06:00:00Z,µg/m³
logan,S305,3346,305,reference,2025-09-29,4.19,2.2,3.75,8.1,1.7256531481960065,24,24,100.0,1,False,2025-09-29T00:00:00-06:00,2025-09-30T00:00:00-06:00,2025-09-29T06:00:00Z,µg/m³
logan,S305,3346,305,reference,2025-09-30,3.43,1.1,2.8499999999999996,13.0,3.6139939652623085,24,24,100.0,1,False,2025-09-30T00:00:00-06:00,2025-10-01T00:00:00-06:00,2025-09-30T06:00:00Z,µg/m³
logan,S305,3346,305,reference,2025-10-01,5.79,3.2,5.35,9.7,2.2355958688655893,24,24,100.0,1,False,2025-10-01T00:00:00-06:00,2025-10-02T00:00:00-06:00,2025-10-01T06:00:00Z,µg/m³
logan,S305,3346,305,reference,2025-10-02,5.86,3.1,5.55,9.9,1.951725075216991,24,24,100.0,1,False,2025-10-02T00:00:00-06:00,2025-10-03T00:00:00-06:00,2025-10-02T06:00:00Z,µg/m³
logan,S305,3346,305,reference,2025-10-03,5.1,2.2,4.85,8.3,1.6780941570722432,24,24,100.0,1,False,2025-10-03T00:00:00-06:00,2025-10-04T00:00:00-06:00,2025-10-03T06:00:00Z,µg/m³
logan,S305,3346,305,reference,2025-10-04,1.66,0.4,1.4,3.1,0.8865429111629811,24,24,100.0,1,False,2025-10-04T00:00:00-06:00,2025-10-05T00:00:00-06:00,2025-10-04T06:00:00Z,µg/m³
logan,S305,3346,305,reference,2025-10-05,4.3,2.4,4.15,5.9,,24,24,100.0,1,False,2025-10-05T00:00:00-06:00,2025-10-06T00:00:00-06:00,2025-10-05T06:00:00Z,µg/m³
logan,S305,3346,305,reference,2025-10-06,6.05,2.8,5.550000000000001,12.6,,24,24,100.0,1,False,2025-10-06T00:00:00-06:00,2025-10-07T00:00:00-06:00,2025-10-06T06:00:00Z,µg/m³
logan,S305,3346,305,reference,2025-10-07,5.74,4.0,5.15,8.9,,24,24,100.0,1,False,2025-10-07T00:00:00-06:00,2025-10-08T00:00:00-06:00,2025-10-07T06:00:00Z,µg/m³
logan,S305,3346,305,reference,2025-10-08,8.76,3.7,8.149999999999999,18.6,,24,24,100.0,1,False,2025-10-08T00:00:00-06:00,2025-10-09T00:00:00-06:00,2025-10-08T06:00:00Z,µg/m³
logan,S305,3346,305,reference,2025-10-09,6.65,3.3,6.45,10.8,,24,24,100.0,1,False,2025-10-09T00:00:00-06:00,2025-10-10T00:00:00-06:00,2025-10-09T06:00:00Z,µg/m³
logan,S305,3346,305,reference,2025-10-10,4.54,1.1,4.65,9.9,2.2072607458114235,24,24,100.0,1,False,2025-10-10T00:00:00-06:00,2025-10-11T00:00:00-06:00,2025-10-10T06:00:00Z,µg/m³
logan,S305,3346,305,reference,2025-10-11,2.75,0.0,1.5,10.8,3.292169642102447,24,24,100.0,1,False,2025-10-11T00:00:00-06:00,2025-10-12T00:00:00-06:00,2025-10-11T06:00:00Z,µg/m³
logan,S305,3346,305,reference,2025-10-12,0.738,0.0,0.4,2.8,0.07071067811865474,24,24,100.0,1,False,2025-10-12T00:00:00-06:00,2025-10-13T00:00:00-06:00,2025-10-12T06:00:00Z,µg/m³
logan,S305,3346,305,reference,2025-10-13,2.82,0.9,1.9000000000000001,13.9,3.4789476746678623,24,24,100.0,1,False,2025-10-13T00:00:00-06:00,2025-10-14T00:00:00-06:00,2025-10-13T06:00:00Z,µg/m³
logan,S305,3346,305,reference,2025-10-14,3.58,0.9,3.65,13.3,1.282675489068225,24,24,100.0,1,False,2025-10-14T00:00:00-06:00,2025-10-15T00:00:00-06:00,2025-10-14T06:00:00Z,µg/m³
logan,S305,3346,305,reference,2025-10-15,2.95,0.8,3.05,5.9,1.5430849332136938,24,24,100.0,1,False,2025-10-15T00:00:00-06:00,2025-10-16T00:00:00-06:00,2025-10-15T06:00:00Z,µg/m³
logan,S305,3346,305,reference,2025-10-16,2.24,1.0,2.0,4.7,0.8131727983645297,24,24,100.0,1,False,2025-10-16T00:00:00-06:00,2025-10-17T00:00:00-06:00,2025-10-16T06:00:00Z,µg/m³
logan,S305,3346,305,reference,2025-10-17,6.44,2.3,6.4,14.3,2.576745114406038,24,24,100.0,1,False,2025-10-17T00:00:00-06:00,2025-10-18T00:00:00-06:00,2025-10-17T06:00:00Z,µg/m³
logan,S305,3346,305,reference,2025-10-18,2.75,1.8,2.5,4.5,0.8077010290825142,24,24,100.0,1,False,2025-10-18T00:00:00-06:00,2025-10-19T00:00:00-06:00,2025-10-18T06:00:00Z,µg/m³
logan,S305,3346,305,reference,2025-10-19,3.38,0.6,2.95,6.9,0.14142135623731025,20,24,83.0,1,False,2025-10-19T00:00:00-06:00,2025-10-20T00:00:00-06:00,2025-10-19T06:00:00Z,µg/m³
logan,S305,3346,305,reference,2025-10-20,1.59,0.9,1.45,3.3,0.275378527364305,24,24,100.0,1,False,2025-10-20T00:00:00-06:00,2025-10-21T00:00:00-06:00,2025-10-20T06:00:00Z,µg/m³
logan,S305,3346,305,reference,2025-10-21,3.89,1.7,3.8,6.7,1.6115821324701294,24,24,100.0,1,False,2025-10-21T00:00:00-06:00,2025-10-22T00:00:00-06:00,2025-10-21T06:00:00Z,µg/m³
logan,S305,3346,305,reference,2025-10-22,5.18,3.2,5.0,8.3,1.6671519440037867,24,24,100.0,1,False,2025-10-22T00:00:00-06:00,2025-10-23T00:00:00-06:00,2025-10-22T06:00:00Z,µg/m³
logan,S305,3346,305,reference,2025-10-23,5.47,3.2,5.25,8.5,1.3482181973598741,24,24,100.0,1,False,2025-10-23T00:00:00-06:00,2025-10-24T00:00:00-06:00,2025-10-23T06:00:00Z,µg/m³
logan,S305,3346,305,reference,2025-10-24,6.12,2.9,5.550000000000001,17.4,0.4086563348340508,24,24,100.0,1,False,2025-10-24T00:00:00-06:00,2025-10-25T00:00:00-06:00,2025-10-24T06:00:00Z,µg/m³
logan,S305,3346,305,reference,2025-10-25,7.35,3.6,6.95,18.6,1.0056033488598253,24,24,100.0,1,False,2025-10-25T00:00:00-06:00,2025-10-26T00:00:00-06:00,2025-10-25T06:00:00Z,µg/m³
logan,S305,3346,305,reference,2025-10-26,2.96,0.4,1.1,17.2,7.104224095564552,24,24,100.0,1,False,2025-10-26T00:00:00-06:00,2025-10-27T00:00:00-06:00,2025-10-26T06:00:00Z,µg/m³
logan,S305,3346,305,reference,2025-10-27,1.18,0.2,1.05,2.6,0.7460265112953798,24,24,100.0,1,False,2025-10-27T00:00:00-06:00,2025-10-28T00:00:00-06:00,2025-10-27T06:00:00Z,µg/m³
logan,S305,3346,305,reference,2025-10-28,3.49,1.2,3.0999999999999996,8.0,1.9580602646496863,24,24,100.0,1,False,2025-10-28T00:00:00-06:00,2025-10-29T00:00:00-06:00,2025-10-28T06:00:00Z,µg/m³
logan,S305,3346,305,reference,2025-10-29,5.28,2.5,5.05,10.2,1.634974879667225,24,24,100.0,1,False,2025-10-29T00:00:00-06:00,2025-10-30T00:00:00-06:00,2025-10-29T06:00:00Z,µg/m³
logan,S305,3346,305,reference,2025-10-30,4.87,1.3,4.95,9.3,2.1057743740215176,24,24,100.0,1,False,2025-10-30T00:00:00-06:00,2025-10-31T00:00:00-06:00,2025-10-30T06:00:00Z,µg/m³
logan,S305,3346,305,reference,2025-10-31,5.85,3.9,6.05,8.8,,24,24,100.0,1,False,2025-10-31T00:00:00-06:00,2025-11-01T00:00:00-06:00,2025-10-31T06:00:00Z,µg/m³
logan,S305,3346,305,reference,2025-11-01,8.6,5.3,8.45,13.5,1.0606601717798212,24,24,100.0,1,False,2025-11-01T00:00:00-06:00,2025-11-02T00:00:00-06:00,2025-11-01T06:00:00Z,µg/m³
logan,S305,3346,305,reference,2025-11-02,6.27,2.1,6.5,10.4,,24,24,100.0,1,False,2025-11-02T00:00:00-06:00,2025-11-03T00:00:00-07:00,2025-11-02T06:00:00Z,µg/m³
logan,S305,3346,305,reference,2025-11-03,4.88,2.7,4.8,8.3,1.7257848456088996,24,24,100.0,1,False,2025-11-03T00:00:00-07:00,2025-11-04T00:00:00-07:00,2025-11-03T07:00:00Z,µg/m³
logan,S305,3346,305,reference,2025-11-04,4.88,2.3,4.4,12.1,1.2031475813731674,24,24,100.0,1,False,2025-11-04T00:00:00-07:00,2025-11-05T00:00:00-07:00,2025-11-04T07:00:00Z,µg/m³
logan,S305,3346,305,reference,2025-11-05,6.58,4.2,6.449999999999999,11.4,0.7528129068548655,24,24,100.0,1,False,2025-11-05T00:00:00-07:00,2025-11-06T00:00:00-07:00,2025-11-05T07:00:00Z,µg/m³
logan,S305,3346,305,reference,2025-11-06,1.92,0.4,1.45,7.1,1.8553975315279474,24,24,100.0,1,False,2025-11-06T00:00:00-07:00,2025-11-07T00:00:00-07:00,2025-11-06T07:00:00Z,µg/m³
logan,S305,3346,305,reference,2025-11-07,2.7,1.1,2.8,4.9,1.1150485789118485,24,24,100.0,1,False,2025-11-07T00:00:00-07:00,2025-11-08T00:00:00-07:00,2025-11-07T07:00:00Z,µg/m³
logan,S305,3346,305,reference,2025-11-08,3.78,2.1,3.55,6.7,1.2781196123953906,24,24,100.0,1,False,2025-11-08T00:00:00-07:00,2025-11-09T00:00:00-07:00,2025-11-08T07:00:00Z,µg/m³
logan,S305,3346,305,reference,2025-11-09,3.98,2.5,3.8,8.2,,24,24,100.0,1,False,2025-11-09T00:00:00-07:00,2025-11-10T00:00:00-07:00,2025-11-09T07:00:00Z,µg/m³
logan,S305,3346,305,reference,2025-11-10,8.08,3.8,5.699999999999999,17.9,3.63620681480028,24,24,100.0,1,False,2025-11-10T00:00:00-07:00,2025-11-11T00:00:00-07:00,2025-11-10T07:00:00Z,µg/m³
logan,S305,3346,305,reference,2025-11-11,9.41,5.0,9.149999999999999,16.1,2.3433390909635965,24,24,100.0,1,False,2025-11-11T00:00:00-07:00,2025-11-12T00:00:00-07:00,2025-11-11T07:00:00Z,µg/m³
logan,S305,3346,305,reference,2025-11-12,9.61,5.7,8.55,17.9,2.7987298706536303,24,24,100.0,1,False,2025-11-12T00:00:00-07:00,2025-11-13T00:00:00-07:00,2025-11-12T07:00:00Z,µg/m³
logan,S305,3346,305,reference,2025-11-13,10.9,6.9,10.5,23.0,1.321727765356499,21,24,88.0,1,False,2025-11-13T00:00:00-07:00,2025-11-14T00:00:00-07:00,2025-11-13T07:00:00Z,µg/m³
logan,S305,3346,305,reference,2025-11-14,5.58,2.8,4.6,10.3,,4,24,17.0,0,False,2025-11-14T00:00:00-07:00,2025-11-15T00:00:00-07:00,2025-11-14T07:00:00Z,µg/m³
logan,S305,3346,305,reference,2025-11-15,8.86,7.2,8.6,10.7,,5,24,21.0,0,False,2025-11-15T00:00:00-07:00,2025-11-16T00:00:00-07:00,2025-11-15T07:00:00Z,µg/m³
logan,S305,3346,305,reference,2025-11-16,8.0,0.4,8.7,10.1,4.214656965084268,10,24,42.0,0,False,2025-11-16T00:00:00-07:00,2025-11-17T00:00:00-07:00,2025-11-16T07:00:00Z,µg/m³
logan,S305,3346,305,reference,2025-11-17,3.03,0.4,2.1,16.8,,11,24,46.0,0,False,2025-11-17T00:00:00-07:00,2025-11-18T00:00:00-07:00,2025-11-17T07:00:00Z,µg/m³
logan,S305,3346,305,reference,2025-11-18,4.62,2.4,4.5,6.8,,13,24,54.0,0,False,2025-11-18T00:00:00-07:00,2025-11-19T00:00:00-07:00,2025-11-18T07:00:00Z,µg/m³
logan,S305,3346,305,reference,2025-11-19,4.27,1.7,3.6,7.5,,3,24,13.0,0,False,2025-11-19T00:00:00-07:00,2025-11-20T00:00:00-07:00,2025-11-19T07:00:00Z,µg/m³
logan,S305,3346,305,reference,2025-11-20,7.09,1.9,7.6,9.5,0.4041451884327382,15,24,63.0,0,False,2025-11-20T00:00:00-07:00,2025-11-21T00:00:00-07:00,2025-11-20T07:00:00Z,µg/m³
logan,S305,3346,305,reference,2025-11-21,6.47,4.0,6.3,8.4,1.3064506063426917,24,24,100.0,1,False,2025-11-21T00:00:00-07:00,2025-11-22T00:00:00-07:00,2025-11-21T07:00:00Z,µg/m³
logan,S305,3346,305,reference,2025-11-22,4.09,3.0,3.95,6.1,0.9826107110772855,24,24,100.0,1,False,2025-11-22T00:00:00-07:00,2025-11-23T00:00:00-07:00,2025-11-22T07:00:00Z,µg/m³
logan,S305,3346,305,reference,2025-11-23,4.08,2.1,3.9,6.9,1.5578678958603582,24,24,100.0,1,False,2025-11-23T00:00:00-07:00,2025-11-24T00:00:00-07:00,2025-11-23T07:00:00Z,µg/m³
logan,S305,3346,305,reference,2025-11-24,7.5,0.4,8.05,12.7,1.7239107087863144,24,24,100.0,1,False,2025-11-24T00:00:00-07:00,2025-11-25T00:00:00-07:00,2025-11-24T07:00:00Z,µg/m³
logan,S305,3346,305,reference,2025-11-25,1.36,0.4,1.3,3.0,0.7405274825291445,24,24,100.0,1,False,2025-11-25T00:00:00-07:00,2025-11-26T00:00:00-07:00,2025-11-25T07:00:00Z,µg/m³
logan,S305,3346,305,reference,2025-11-26,5.12,2.5,4.15,12.0,1.8504310952032874,24,24,100.0,1,False,2025-11-26T00:00:00-07:00,2025-11-27T00:00:00-07:00,2025-11-26T07:00:00Z,µg/m³
logan,S305,3346,305,reference,2025-11-27,7.57,2.8,7.55,10.9,1.5003174267308836,24,24,100.0,1,False,2025-11-27T00:00:00-07:00,2025-11-28T00:00:00-07:00,2025-11-27T07:00:00Z,µg/m³
logan,S305,3346,305,reference,2025-11-28,4.39,1.0,5.0,9.7,1.990860067790755,24,24,100.0,1,False,2025-11-28T00:00:00-07:00,2025-11-29T00:00:00-07:00,2025-11-28T07:00:00Z,µg/m³
logan,S305,3346,305,reference,2025-11-29,3.71,1.1,2.8,23.6,0.7725653000602234,24,24,100.0,1,False,2025-11-29T00:00:00-07:00,2025-11-30T00:00:00-07:00,2025-11-29T07:00:00Z,µg/m³
logan,S305,3346,305,reference,2025-11-30,3.47,2.6,3.3,5.0,0.5849767535533373,24,24,100.0,1,False,2025-11-30T00:00:00-07:00,2025-12-01T00:00:00-07:00,2025-11-30T07:00:00Z,µg/m³
logan,S305,3346,305,reference,2025-12-01,18.0,2.4,13.05,44.6,13.129281091439163,24,24,100.0,1,False,2025-12-01T00:00:00-07:00,2025-12-02T00:00:00-07:00,2025-12-01T07:00:00Z,µg/m³
logan,S305,3346,305,reference,2025-12-02,10.3,2.7,9.75,22.7,4.9191559477307925,24,24,100.0,1,False,2025-12-02T00:00:00-07:00,2025-12-03T00:00:00-07:00,2025-12-02T07:00:00Z,µg/m³
logan,S305,3346,305,reference,2025-12-03,6.73,3.3,6.1,10.3,2.173169727993345,24,24,100.0,1,False,2025-12-03T00:00:00-07:00,2025-12-04T00:00:00-07:00,2025-12-03T07:00:00Z,µg/m³
logan,S305,3346,305,reference,2025-12-04,5.01,1.2,5.949999999999999,9.7,2.0088376169886337,24,24,100.0,1,False,2025-12-04T00:00:00-07:00,2025-12-05T00:00:00-07:00,2025-12-04T07:00:00Z,µg/m³
logan,S305,3346,305,reference,2025-12-05,1.57,0.5,1.45,3.5,0.6759608545789297,24,24,100.0,1,False,2025-12-05T00:00:00-07:00,2025-12-06T00:00:00-07:00,2025-12-05T07:00:00Z,µg/m³
logan,S305,3346,305,reference,2025-12-06,0.996,0.5,0.9,3.0,0.24162150645369376,24,24,100.0,1,False,2025-12-06T00:00:00-07:00,2025-12-07T00:00:00-07:00,2025-12-06T07:00:00Z,µg/m³
logan,S305,3346,305,reference,2025-12-07,1.67,1.0,1.65,2.9,0.2924445409369261,24,24,100.0,1,False,2025-12-07T00:00:00-07:00,2025-12-08T00:00:00-07:00,2025-12-07T07:00:00Z,µg/m³
logan,S305,3346,305,reference,2025-12-08,3.04,1.3,2.5,10.3,1.6242947187420558,24,24,100.0,1,False,2025-12-08T00:00:00-07:00,2025-12-09T00:00:00-07:00,2025-12-08T07:00:00Z,µg/m³
logan,S305,3346,305,reference,2025-12-09,3.36,1.2,2.4,9.1,2.4458531849229628,24,24,100.0,1,False,2025-12-09T00:00:00-07:00,2025-12-10T00:00:00-07:00,2025-12-09T07:00:00Z,µg/m³
logan,S305,3346,305,reference,2025-12-10,3.12,0.9,2.75,6.2,1.8483732081166717,24,24,100.0,1,False,2025-12-10T00:00:00-07:00,2025-12-11T00:00:00-07:00,2025-12-10T07:00:00Z,µg/m³
logan,S305,3346,305,reference,2025-12-11,3.59,1.9,3.3,7.5,1.5981536966434857,24,24,100.0,1,False,2025-12-11T00:00:00-07:00,2025-12-12T00:00:00-07:00,2025-12-11T07:00:00Z,µg/m³
logan,S305,3346,305,reference,2025-12-12,5.45,2.7,4.6,10.9,1.4297185870286635,24,24,100.0,1,False,2025-12-12T00:00:00-07:00,2025-12-13T00:00:00-07:00,2025-12-12T07:00:00Z,µg/m³
logan,S305,3346,305,reference,2025-12-13,6.14,3.1,5.9,11.2,2.308266717278408,24,24,100.0,1,False,2025-12-13T00:00:00-07:00,2025-12-14T00:00:00-07:00,2025-12-13T07:00:00Z,µg/m³
logan,S305,3346,305,reference,2025-12-14,6.21,4.9,6.15,7.6,0.7090079743502945,24,24,100.0,1,False,2025-12-14T00:00:00-07:00,2025-12-15T00:00:00-07:00,2025-12-14T07:00:00Z,µg/m³
logan,S305,3346,305,reference,2025-12-15,8.37,5.5,8.1,13.9,1.0928086608509144,24,24,100.0,1,False,2025-12-15T00:00:00-07:00,2025-12-16T00:00:00-07:00,2025-12-15T07:00:00Z,µg/m³
logan,S305,3346,305,reference,2025-12-16,13.4,8.3,13.6,19.1,3.471274058576128,24,24,100.0,1,False,2025-12-16T00:00:00-07:00,2025-12-17T00:00:00-07:00,2025-12-16T07:00:00Z,µg/m³
logan,S305,3346,305,reference,2025-12-17,4.75,0.1,1.15,13.3,5.353032073596457,24,24,100.0,1,False,2025-12-17T00:00:00-07:00,2025-12-18T00:00:00-07:00,2025-12-17T07:00:00Z,µg/m³
logan,S305,3346,305,reference,2025-12-18,1.36,0.1,1.2000000000000002,3.3,0.7021161107445355,24,24,100.0,1,False,2025-12-18T00:00:00-07:00,2025-12-19T00:00:00-07:00,2025-12-18T07:00:00Z,µg/m³
logan,S305,3346,305,reference,2025-12-19,2.18,0.3,2.0999999999999996,5.0,1.1048378463225572,24,24,100.0,1,False,2025-12-19T00:00:00-07:00,2025-12-20T00:00:00-07:00,2025-12-19T07:00:00Z,µg/m³
logan,S305,3346,305,reference,2025-12-20,3.05,0.2,1.4,28.7,2.121612145336205,24,24,100.0,1,False,2025-12-20T00:00:00-07:00,2025-12-21T00:00:00-07:00,2025-12-20T07:00:00Z,µg/m³
logan,S305,3346,305,reference,2025-12-21,2.79,1.5,2.1,7.5,1.583164633387904,24,24,100.0,1,False,2025-12-21T00:00:00-07:00,2025-12-22T00:00:00-07:00,2025-12-21T07:00:00Z,µg/m³
logan,S305,3346,305,reference,2025-12-22,3.83,1.7,3.0,8.3,0.9912806679429204,24,24,100.0,1,False,2025-12-22T00:00:00-07:00,2025-12-23T00:00:00-07:00,2025-12-22T07:00:00Z,µg/m³
logan,S305,3346,305,reference,2025-12-23,7.1,0.8,6.65,16.8,3.061621108093523,24,24,100.0,1,False,2025-12-23T00:00:00-07:00,2025-12-24T00:00:00-07:00,2025-12-23T07:00:00Z,µg/m³
logan,S305,3346,305,reference,2025-12-24,2.56,0.5,2.1,7.9,2.4182002207617774,24,24,100.0,1,False,2025-12-24T00:00:00-07:00,2025-12-25T00:00:00-07:00,2025-12-24T07:00:00Z,µg/m³
logan,S305,3346,305,reference,2025-12-25,4.9,0.7,1.55,19.9,0.4580496957858654,24,24,100.0,1,False,2025-12-25T00:00:00-07:00,2025-12-26T00:00:00-07:00,2025-12-25T07:00:00Z,µg/m³
logan,S305,3346,305,reference,2025-12-26,1.1,0.1,0.9,5.4,1.1636559792718972,24,24,100.0,1,False,2025-12-26T00:00:00-07:00,2025-12-27T00:00:00-07:00,2025-12-26T07:00:00Z,µg/m³
logan,S305,3346,305,reference,2025-12-27,0.717,0.2,0.4,3.4,0.8147596782692019,24,24,100.0,1,False,2025-12-27T00:00:00-07:00,2025-12-28T00:00:00-07:00,2025-12-27T07:00:00Z,µg/m³
logan,S305,3346,305,reference,2025-12-28,1.35,0.0,0.95,3.5,0.8122866020128141,24,24,100.0,1,False,2025-12-28T00:00:00-07:00,2025-12-29T00:00:00-07:00,2025-12-28T07:00:00Z,µg/m³
logan,S305,3346,305,reference,2025-12-29,3.9,2.0,3.35,10.0,1.3465666556995082,24,24,100.0,1,False,2025-12-29T00:00:00-07:00,2025-12-30T00:00:00-07:00,2025-12-29T07:00:00Z,µg/m³
logan,S305,3346,305,reference,2025-12-30,6.83,3.9,6.75,10.4,1.5420147612164823,24,24,100.0,1,False,2025-12-30T00:00:00-07:00,2025-12-31T00:00:00-07:00,2025-12-30T07:00:00Z,µg/m³
logan,S305,3346,305,reference,2025-12-31,12.7,6.8,9.3,33.0,1.621470525993817,24,24,100.0,1,False,2025-12-31T00:00:00-07:00,2026-01-01T00:00:00-07:00,2025-12-31T07:00:00Z,µg/m³
logan,S305,3346,305,reference,2026-01-01,19.3,15.0,17.0,30.2,4.722166572968085,24,24,100.0,1,False,2026-01-01T00:00:00-07:00,2026-01-02T00:00:00-07:00,2026-01-01T07:00:00Z,µg/m³
logan,S305,3346,305,reference,2026-01-02,4.87,1.0,3.8499999999999996,11.5,3.4118421221777924,24,24,100.0,1,False,2026-01-02T00:00:00-07:00,2026-01-03T00:00:00-07:00,2026-01-02T07:00:00Z,µg/m³
logan,S305,3346,305,reference,2026-01-03,4.68,2.3,4.5,9.6,0.767928568106621,24,24,100.0,1,False,2026-01-03T00:00:00-07:00,2026-01-04T00:00:00-07:00,2026-01-03T07:00:00Z,µg/m³
logan,S305,3346,305,reference,2026-01-04,1.44,0.5,1.6,2.3,0.4096746676734276,24,24,100.0,1,False,2026-01-04T00:00:00-07:00,2026-01-05T00:00:00-07:00,2026-01-04T07:00:00Z,µg/m³
logan,S305,3346,305,reference,2026-01-05,1.85,0.1,0.6,9.1,0.16919330254585618,24,24,100.0,1,False,2026-01-05T00:00:00-07:00,2026-01-06T00:00:00-07:00,2026-01-05T07:00:00Z,µg/m³
logan,S305,3346,305,reference,2026-01-06,4.5,1.4,3.3,11.9,3.549406389001647,24,24,100.0,1,False,2026-01-06T00:00:00-07:00,2026-01-07T00:00:00-07:00,2026-01-06T07:00:00Z,µg/m³
logan,S305,3346,305,reference,2026-01-07,2.78,0.8,2.45,7.1,1.1158703628408932,24,24,100.0,1,False,2026-01-07T00:00:00-07:00,2026-01-08T00:00:00-07:00,2026-01-07T07:00:00Z,µg/m³
logan,S305,3346,305,reference,2026-01-08,2.08,0.1,1.5,7.1,2.019900987672415,24,24,100.0,1,False,2026-01-08T00:00:00-07:00,2026-01-09T00:00:00-07:00,2026-01-08T07:00:00Z,µg/m³
logan,S305,3346,305,reference,2026-01-09,3.64,1.0,3.25,9.1,1.2367800936302298,24,24,100.0,1,False,2026-01-09T00:00:00-07:00,2026-01-10T00:00:00-07:00,2026-01-09T07:00:00Z,µg/m³
logan,S305,3346,305,reference,2026-01-10,5.34,2.8,5.7,7.5,1.442319560390732,24,24,100.0,1,False,2026-01-10T00:00:00-07:00,2026-01-11T00:00:00-07:00,2026-01-10T07:00:00Z,µg/m³
logan,S305,3346,305,reference,2026-01-11,9.83,7.1,9.25,13.7,1.352466881911223,24,24,100.0,1,False,2026-01-11T00:00:00-07:00,2026-01-12T00:00:00-07:00,2026-01-11T07:00:00Z,µg/m³
logan,S305,3346,305,reference,2026-01-12,12.6,9.5,12.4,17.3,1.5767542123469487,24,24,100.0,1,False,2026-01-12T00:00:00-07:00,2026-01-13T00:00:00-07:00,2026-01-12T07:00:00Z,µg/m³
logan,S305,3346,305,reference,2026-01-13,17.5,12.7,16.6,26.8,2.062392188324408,24,24,100.0,1,False,2026-01-13T00:00:00-07:00,2026-01-14T00:00:00-07:00,2026-01-13T07:00:00Z,µg/m³
logan,S305,3346,305,reference,2026-01-14,15.4,11.3,15.149999999999999,22.6,2.473709379704515,24,24,100.0,1,False,2026-01-14T00:00:00-07:00,2026-01-15T00:00:00-07:00,2026-01-14T07:00:00Z,µg/m³
logan,S305,3346,305,reference,2026-01-15,15.5,11.4,15.55,20.9,1.9983802965211122,24,24,100.0,1,False,2026-01-15T00:00:00-07:00,2026-01-16T00:00:00-07:00,2026-01-15T07:00:00Z,µg/m³
logan,S305,3346,305,reference,2026-01-16,13.2,4.0,14.3,18.6,1.5750132274576825,24,24,100.0,1,False,2026-01-16T00:00:00-07:00,2026-01-17T00:00:00-07:00,2026-01-16T07:00:00Z,µg/m³
logan,S305,3346,305,reference,2026-01-17,4.12,2.7,3.9,7.0,1.142432280335038,24,24,100.0,1,False,2026-01-17T00:00:00-07:00,2026-01-18T00:00:00-07:00,2026-01-17T07:00:00Z,µg/m³
logan,S6204950,15189410,6204950,low-cost,2026-01-17,2.41,0.0,0.0,20.548999978105225,9.03891000227933,13,24,54.0,0,False,2026-01-17T00:00:00-07:00,2026-01-18T00:00:00-07:00,2026-01-17T07:00:00Z,µg/m³
logan,S305,3346,305,reference,2026-01-18,5.01,2.4,4.550000000000001,8.1,1.36816231926922,24,24,100.0,1,False,2026-01-18T00:00:00-07:00,2026-01-19T00:00:00-07:00,2026-01-18T07:00:00Z,µg/m³
logan,S6204950,15189410,6204950,low-cost,2026-01-18,3.48,0.0,0.0,39.816333357493086,0.0,24,24,100.0,1,False,2026-01-18T00:00:00-07:00,2026-01-19T00:00:00-07:00,2026-01-18T07:00:00Z,µg/m³
logan,S305,3346,305,reference,2026-01-19,6.4,2.7,5.45,16.1,3.1499879749650224,24,24,100.0,1,False,2026-01-19T00:00:00-07:00,2026-01-20T00:00:00-07:00,2026-01-19T07:00:00Z,µg/m³
logan,S6204950,15189410,6204950,low-cost,2026-01-19,1.64,0.0,0.0,23.55833339691162,0.5111618739641498,24,24,100.0,1,False,2026-01-19T00:00:00-07:00,2026-01-20T00:00:00-07:00,2026-01-19T07:00:00Z,µg/m³
logan,S305,3346,305,reference,2026-01-20,8.1,3.6,7.15,13.8,4.058771535036972,24,24,100.0,1,False,2026-01-20T00:00:00-07:00,2026-01-21T00:00:00-07:00,2026-01-20T07:00:00Z,µg/m³
logan,S6204950,15189410,6204950,low-cost,2026-01-20,0.0,0.0,0.0,0.0,0.0,24,24,100.0,1,False,2026-01-20T00:00:00-07:00,2026-01-21T00:00:00-07:00,2026-01-20T07:00:00Z,µg/m³
logan,S305,3346,305,reference,2026-01-21,9.72,7.2,8.9,13.8,2.061739370233113,24,24,100.0,1,False,2026-01-21T00:00:00-07:00,2026-01-22T00:00:00-07:00,2026-01-21T07:00:00Z,µg/m³
logan,S6204950,15189410,6204950,low-cost,2026-01-21,0.00881,0.0,0.0,0.11029166777928671,0.024711785725557336,24,24,100.0,1,False,2026-01-21T00:00:00-07:00,2026-01-22T00:00:00-07:00,2026-01-21T07:00:00Z,µg/m³
logan,S305,3346,305,reference,2026-01-22,10.4,6.2,10.2,14.5,1.5128969372885726,24,24,100.0,1,False,2026-01-22T00:00:00-07:00,2026-01-23T00:00:00-07:00,2026-01-22T07:00:00Z,µg/m³
logan,S6204950,15189410,6204950,low-cost,2026-01-22,1.05,0.0,0.002750000109275182,8.294500001271567,2.2378355740531797,24,24,100.0,1,False,2026-01-22T00:00:00-07:00,2026-01-23T00:00:00-07:00,2026-01-22T07:00:00Z,µg/m³
logan,S305,3346,305,reference,2026-01-23,12.4,7.3,12.3,20.2,2.934598461777715,24,24,100.0,1,False,2026-01-23T00:00:00-07:00,2026-01-24T00:00:00-07:00,2026-01-23T07:00:00Z,µg/m³
logan,S6204950,15189410,6204950,low-cost,2026-01-23,0.258,0.0,0.05141666779915492,1.5108333374063172,0.48565516901648936,24,24,100.0,1,False,2026-01-23T00:00:00-07:00,2026-01-24T00:00:00-07:00,2026-01-23T07:00:00Z,µg/m³
logan,S305,3346,305,reference,2026-01-24,6.98,4.2,7.0,10.2,1.2518996554248056,24,24,100.0,1,False,2026-01-24T00:00:00-07:00,2026-01-25T00:00:00-07:00,2026-01-24T07:00:00Z,µg/m³
logan,S6204950,15189410,6204950,low-cost,2026-01-24,1.58,0.0,0.0,22.688666661580402,0.0034398844257933843,24,24,100.0,1,False,2026-01-24T00:00:00-07:00,2026-01-25T00:00:00-07:00,2026-01-24T07:00:00Z,µg/m³
logan,S6214215,15256023,6214215,low-cost,2026-01-24,1.7,1.1081666722893715,1.4010833354045948,4.127666662136714,0.08798765439851161,8,24,33.0,0,False,2026-01-24T00:00:00-07:00,2026-01-25T00:00:00-07:00,2026-01-24T07:00:00Z,µg/m³
logan,S305,3346,305,reference,2026-01-25,4.35,1.8,4.25,7.1,1.3935290011058532,24,24,100.0,1,False,2026-01-25T00:00:00-07:00,2026-01-26T00:00:00-07:00,2026-01-25T07:00:00Z,µg/m³
logan,S6204950,15189410,6204950,low-cost,2026-01-25,1.13,0.0,0.0,10.277333323160809,2.6503802048941223,24,24,100.0,1,False,2026-01-25T00:00:00-07:00,2026-01-26T00:00:00-07:00,2026-01-25T07:00:00Z,µg/m³
logan,S6214215,15256023,6214215,low-cost,2026-01-25,2.08,0.0028333333631356556,2.1902500008543333,4.972333333889643,1.596688881839276,24,24,100.0,1,False,2026-01-25T00:00:00-07:00,2026-01-26T00:00:00-07:00,2026-01-25T07:00:00Z,µg/m³
logan,S305,3346,305,reference,2026-01-26,5.42,3.8,4.5,10.9,0.803515005234105,24,24,100.0,1,False,2026-01-26T00:00:00-07:00,2026-01-27T00:00:00-07:00,2026-01-26T07:00:00Z,µg/m³
logan,S6204950,15189410,6204950,low-cost,2026-01-26,0.000118,0.0,0.0,0.0028333333631356556,0.0,24,24,100.0,1,False,2026-01-26T00:00:00-07:00,2026-01-27T00:00:00-07:00,2026-01-26T07:00:00Z,µg/m³
logan,S6214215,15256023,6214215,low-cost,2026-01-26,0.332,0.0,0.08271666740377745,1.8030000085632008,0.2131516575837207,24,24,100.0,1,False,2026-01-26T00:00:00-07:00,2026-01-27T00:00:00-07:00,2026-01-26T07:00:00Z,µg/m³
logan,S305,3346,305,reference,2026-01-27,5.01,3.4,4.7,7.7,0.9126100716391103,24,24,100.0,1,False,2026-01-27T00:00:00-07:00,2026-01-28T00:00:00-07:00,2026-01-27T07:00:00Z,µg/m³
logan,S6204950,15189410,6204950,low-cost,2026-01-27,7.77,0.0,0.027749999860922494,33.07783346176148,13.177708439639012,24,24,100.0,1,False,2026-01-27T00:00:00-07:00,2026-01-28T00:00:00-07:00,2026-01-27T07:00:00Z,µg/m³
logan,S6214215,15256023,6214215,low-cost,2026-01-27,1.62,0.05016666675607364,0.8096666645258666,5.386333338419597,1.5217818111404404,24,24,100.0,1,False,2026-01-27T00:00:00-07:00,2026-01-28T00:00:00-07:00,2026-01-27T07:00:00Z,µg/m³
logan,S305,3346,305,reference,2026-01-28,8.38,4.2,8.1,12.6,2.701352937382987,24,24,100.0,1,False,2026-01-28T00:00:00-07:00,2026-01-29T00:00:00-07:00,2026-01-28T07:00:00Z,µg/m³
logan,S6204950,15189410,6204950,low-cost,2026-01-28,0.0421,0.0,0.005583333348234494,0.5471666701138019,0.13759191341943822,24,24,100.0,1,False,2026-01-28T00:00:00-07:00,2026-01-29T00:00:00-07:00,2026-01-28T07:00:00Z,µg/m³
logan,S6214215,15256023,6214215,low-cost,2026-01-28,6.6,1.3056666726867359,5.148583332697551,16.177666664123535,0.7415674089266443,24,24,100.0,1,False,2026-01-28T00:00:00-07:00,2026-01-29T00:00:00-07:00,2026-01-28T07:00:00Z,µg/m³
logan,S305,3346,305,reference,2026-01-29,7.15,3.7,6.8,12.2,2.333287545338287,24,24,100.0,1,False,2026-01-29T00:00:00-07:00,2026-01-30T00:00:00-07:00,2026-01-29T07:00:00Z,µg/m³
logan,S6204950,15189410,6204950,low-cost,2026-01-29,1.64,0.0,0.0,19.75550003051758,5.926013374023812,24,24,100.0,1,False,2026-01-29T00:00:00-07:00,2026-01-30T00:00:00-07:00,2026-01-29T07:00:00Z,µg/m³
logan,S6214215,15256023,6214215,low-cost,2026-01-29,8.59,1.3306666615108647,7.522125005722046,21.506166648864745,5.449313142146017,24,24,100.0,1,False,2026-01-29T00:00:00-07:00,2026-01-30T00:00:00-07:00,2026-01-29T07:00:00Z,µg/m³
logan,S305,3346,305,reference,2026-01-30,8.64,5.8,8.55,11.7,1.2752964174578987,24,24,100.0,1,False,2026-01-30T00:00:00-07:00,2026-01-31T00:00:00-07:00,2026-01-30T07:00:00Z,µg/m³
logan,S6204950,15189410,6204950,low-cost,2026-01-30,1.99,0.0,0.008333333457509676,24.880833307902023,0.023452372411598404,24,24,100.0,1,False,2026-01-30T00:00:00-07:00,2026-01-31T00:00:00-07:00,2026-01-30T07:00:00Z,µg/m³
logan,S6214215,15256023,6214215,low-cost,2026-01-30,14.3,9.658333333333333,12.94325000445048,24.627666664123534,2.391069017503236,24,24,100.0,1,False,2026-01-30T00:00:00-07:00,2026-01-31T00:00:00-07:00,2026-01-30T07:00:00Z,µg/m³
logan,S305,3346,305,reference,2026-01-31,9.85,4.5,9.8,17.3,1.7819999465555012,24,24,100.0,1,False,2026-01-31T00:00:00-07:00,2026-02-01T00:00:00-07:00,2026-01-31T07:00:00Z,µg/m³
logan,S6204950,15189410,6204950,low-cost,2026-01-31,0.222,0.0,0.014000000183780989,1.9335000010828178,0.1402683473409932,24,24,100.0,1,False,2026-01-31T00:00:00-07:00,2026-02-01T00:00:00-07:00,2026-01-31T07:00:00Z,µg/m³
logan,S6214215,15256023,6214215,low-cost,2026-01-31,13.5,4.789541665712993,12.437333329518633,24.969833342234296,7.776655499585015,24,24,100.0,1,False,2026-01-31T00:00:00-07:00,2026-02-01T00:00:00-07:00,2026-01-31T07:00:00Z,µg/m³
logan,S305,3346,305,reference,2026-02-01,8.33,5.4,8.35,11.9,1.580687011578013,24,24,100.0,1,False,2026-02-01T00:00:00-07:00,2026-02-02T00:00:00-07:00,2026-02-01T07:00:00Z,µg/m³
logan,S6204950,15189410,6204950,low-cost,2026-02-01,0.0625,0.0,0.0,0.7335000020762285,0.026345688021671265,24,24,100.0,1,False,2026-02-01T00:00:00-07:00,2026-02-02T00:00:00-07:00,2026-02-01T07:00:00Z,µg/m³
logan,S6214215,15256023,6214215,low-cost,2026-02-01,8.14,4.613833328088124,8.46825000445048,15.1221666653951,1.877396392724402,24,24,100.0,1,False,2026-02-01T00:00:00-07:00,2026-02-02T00:00:00-07:00,2026-02-01T07:00:00Z,µg/m³
logan,S305,3346,305,reference,2026-02-02,6.89,1.7,7.8,17.3,2.8875728429040413,24,24,100.0,1,False,2026-02-02T00:00:00-07:00,2026-02-03T00:00:00-07:00,2026-02-02T07:00:00Z,µg/m³
logan,S6204950,15189410,6204950,low-cost,2026-02-02,0.175,0.0,0.0,3.047666671623787,0.0,24,24,100.0,1,False,2026-02-02T00:00:00-07:00,2026-02-03T00:00:00-07:00,2026-02-02T07:00:00Z,µg/m³
logan,S6214215,15256023,6214215,low-cost,2026-02-02,6.89,0.008333333333333333,6.09325000445048,32.563833394398294,4.9821348189661485,24,24,100.0,1,False,2026-02-02T00:00:00-07:00,2026-02-03T00:00:00-07:00,2026-02-02T07:00:00Z,µg/m³
logan,S305,3346,305,reference,2026-02-03,6.13,3.8,5.9,9.5,1.6758956929434399,24,24,100.0,1,False,2026-02-03T00:00:00-07:00,2026-02-04T00:00:00-07:00,2026-02-03T07:00:00Z,µg/m³
logan,S6204950,15189410,6204950,low-cost,2026-02-03,1.62,0.0,0.0,16.503000005086264,0.0,24,24,100.0,1,False,2026-02-03T00:00:00-07:00,2026-02-04T00:00:00-07:00,2026-02-03T07:00:00Z,µg/m³
logan,S6214215,15256023,6214215,low-cost,2026-02-03,2.48,0.008333333333333333,2.7276666661103564,5.83650000890096,1.7674992653553119,24,24,100.0,1,False,2026-02-03T00:00:00-07:00,2026-02-04T00:00:00-07:00,2026-02-03T07:00:00Z,µg/m³
logan,S305,3346,305,reference,2026-02-04,6.5,3.7,6.6,10.4,1.368106094465735,24,24,100.0,1,False,2026-02-04T00:00:00-07:00,2026-02-05T00:00:00-07:00,2026-02-04T07:00:00Z,µg/m³
logan,S6204950,15189410,6204950,low-cost,2026-02-04,0.433,0.0,0.0,8.199833330263695,0.002151657414559676,24,24,100.0,1,False,2026-02-04T00:00:00-07:00,2026-02-05T00:00:00-07:00,2026-02-04T07:00:00Z,µg/m³
logan,S6214215,15256023,6214215,low-cost,2026-02-04,3.37,0.03350000008940697,2.860999995470047,8.141333325703938,2.193783788717623,24,24,100.0,1,False,2026-02-04T00:00:00-07:00,2026-02-05T00:00:00-07:00,2026-02-04T07:00:00Z,µg/m³
logan,S305,3346,305,reference,2026-02-05,6.22,4.1,5.9,8.8,1.2302535549730427,24,24,100.0,1,False,2026-02-05T00:00:00-07:00,2026-02-06T00:00:00-07:00,2026-02-05T07:00:00Z,µg/m³
logan,S6204950,15189410,6204950,low-cost,2026-02-05,0.476,0.0,0.0,5.983500003814697,1.6981824608692513,24,24,100.0,1,False,2026-02-05T00:00:00-07:00,2026-02-06T00:00:00-07:00,2026-02-05T07:00:00Z,µg/m³
logan,S6214215,15256023,6214215,low-cost,2026-02-05,2.96,0.033333334326744075,3.5166666646798452,6.268999989827473,1.7059038242631406,24,24,100.0,1,False,2026-02-05T00:00:00-07:00,2026-02-06T00:00:00-07:00,2026-02-05T07:00:00Z,µg/m³
logan,S305,3346,305,reference,2026-02-06,10.9,5.7,8.55,21.4,2.5154380476228333,24,24,100.0,1,False,2026-02-06T00:00:00-07:00,2026-02-07T00:00:00-07:00,2026-02-06T07:00:00Z,µg/m³
logan,S6204950,15189410,6204950,low-cost,2026-02-06,1.27,0.0,0.0014166666815678278,6.796833324432373,2.131777330368084,24,24,100.0,1,False,2026-02-06T00:00:00-07:00,2026-02-07T00:00:00-07:00,2026-02-06T07:00:00Z,µg/m³
logan,S6214215,15256023,6214215,low-cost,2026-02-06,7.11,1.9721666611731055,6.701500003039836,14.486833349863687,3.840765959814453,24,24,100.0,1,False,2026-02-06T00:00:00-07:00,2026-02-07T00:00:00-07:00,2026-02-06T07:00:00Z,µg/m³
logan,S305,3346,305,reference,2026-02-07,8.48,2.6,9.2,15.4,2.6370146290542564,24,24,100.0,1,False,2026-02-07T00:00:00-07:00,2026-02-08T00:00:00-07:00,2026-02-07T07:00:00Z,µg/m³
logan,S6204950,15189410,6204950,low-cost,2026-02-07,0.789,0.0,0.0,15.539000002543132,3.8874907197620985,24,24,100.0,1,False,2026-02-07T00:00:00-07:00,2026-02-08T00:00:00-07:00,2026-02-07T07:00:00Z,µg/m³
logan,S6214215,15256023,6214215,low-cost,2026-02-07,5.67,0.3055000009636084,5.025291665395101,12.286166667938232,3.5961602897574942,24,24,100.0,1,False,2026-02-07T00:00:00-07:00,2026-02-08T00:00:00-07:00,2026-02-07T07:00:00Z,µg/m³
logan,S305,3346,305,reference,2026-02-08,5.09,3.8,5.15,6.1,0.47791902390111374,24,24,100.0,1,False,2026-02-08T00:00:00-07:00,2026-02-09T00:00:00-07:00,2026-02-08T07:00:00Z,µg/m³
logan,S6204950,15189410,6204950,low-cost,2026-02-08,0.082,0.0,0.0,1.2226666678984959,0.31255406078677045,24,24,100.0,1,False,2026-02-08T00:00:00-07:00,2026-02-09T00:00:00-07:00,2026-02-08T07:00:00Z,µg/m³
logan,S6214215,15256023,6214215,low-cost,2026-02-08,0.807,0.0,0.1958333333333333,4.303000005086263,1.1519377289842128,24,24,100.0,1,False,2026-02-08T00:00:00-07:00,2026-02-09T00:00:00-07:00,2026-02-08T07:00:00Z,µg/m³
logan,S305,3346,305,reference,2026-02-09,2.29,0.1,1.2000000000000002,8.8,2.8629501421581756,24,24,100.0,1,False,2026-02-09T00:00:00-07:00,2026-02-10T00:00:00-07:00,2026-02-09T07:00:00Z,µg/m³
logan,S6204950,15189410,6204950,low-cost,2026-02-09,0.0,0.0,0.0,0.0,0.0,24,24,100.0,1,False,2026-02-09T00:00:00-07:00,2026-02-10T00:00:00-07:00,2026-02-09T07:00:00Z,µg/m³
logan,S6214215,15256023,6214215,low-cost,2026-02-09,0.0251,0.0,0.0,0.2778333336114884,0.06934289137318542,24,24,100.0,1,False,2026-02-09T00:00:00-07:00,2026-02-10T00:00:00-07:00,2026-02-09T07:00:00Z,µg/m³
logan,S305,3346,305,reference,2026-02-10,2.54,0.9,2.45,6.0,1.0991255265332176,24,24,100.0,1,False,2026-02-10T00:00:00-07:00,2026-02-11T00:00:00-07:00,2026-02-10T07:00:00Z,µg/m³
logan,S6204950,15189410,6204950,low-cost,2026-02-10,2.04,0.0,0.0,29.75516675313314,0.0,24,24,100.0,1,False,2026-02-10T00:00:00-07:00,2026-02-11T00:00:00-07:00,2026-02-10T07:00:00Z,µg/m³
logan,S6214215,15256023,6214215,low-cost,2026-02-10,0.079,0.0,0.007750000109275183,0.477666666607062,0.11731348246777573,24,24,100.0,1,False,2026-02-10T00:00:00-07:00,2026-02-11T00:00:00-07:00,2026-02-10T07:00:00Z,µg/m³
logan,S305,3346,305,reference,2026-02-11,5.46,2.8,5.7,7.2,0.8705225578981418,24,24,100.0,1,False,2026-02-11T00:00:00-07:00,2026-02-12T00:00:00-07:00,2026-02-11T07:00:00Z,µg/m³
logan,S6204950,15189410,6204950,low-cost,2026-02-11,0.000118,0.0,0.0,0.0028333333631356556,0.0007315635286452164,24,24,100.0,1,False,2026-02-11T00:00:00-07:00,2026-02-12T00:00:00-07:00,2026-02-11T07:00:00Z,µg/m³
logan,S6214215,15256023,6214215,low-cost,2026-02-11,2.14,0.08883333305517833,2.0014166697859763,6.371833324432373,0.9833985925014047,24,24,100.0,1,False,2026-02-11T00:00:00-07:00,2026-02-12T00:00:00-07:00,2026-02-11T07:00:00Z,µg/m³
logan,S305,3346,305,reference,2026-02-12,5.75,4.0,5.35,9.1,1.4981307033752442,24,24,100.0,1,False,2026-02-12T00:00:00-07:00,2026-02-13T00:00:00-07:00,2026-02-12T07:00:00Z,µg/m³
logan,S6204950,15189410,6204950,low-cost,2026-02-12,0.0,0.0,0.0,0.0,0.0,20,24,83.0,1,False,2026-02-12T00:00:00-07:00,2026-02-13T00:00:00-07:00,2026-02-12T07:00:00Z,µg/m³
logan,S6214215,15256023,6214215,low-cost,2026-02-12,3.54,0.6886666715145111,3.670750001072884,7.091499996185303,1.5636007865304036,24,24,100.0,1,False,2026-02-12T00:00:00-07:00,2026-02-13T00:00:00-07:00,2026-02-12T07:00:00Z,µg/m³
logan,S305,3346,305,reference,2026-02-13,5.71,3.3,5.9,8.7,1.1164356548536825,23,24,96.0,1,False,2026-02-13T00:00:00-07:00,2026-02-14T00:00:00-07:00,2026-02-13T07:00:00Z,µg/m³
logan,S6204950,15189410,6204950,low-cost,2026-02-13,0.359,0.0,0.0,4.0361666696767005,0.0,18,24,75.0,1,False,2026-02-13T00:00:00-07:00,2026-02-14T00:00:00-07:00,2026-02-13T07:00:00Z,µg/m³
logan,S6214215,15256023,6214215,low-cost,2026-02-13,3.21,0.1139999990661939,3.3224166698753836,5.875500011444092,1.1112132389196197,24,24,100.0,1,False,2026-02-13T00:00:00-07:00,2026-02-14T00:00:00-07:00,2026-02-13T07:00:00Z,µg/m³
logan,S305,3346,305,reference,2026-02-14,3.46,1.9,3.2,7.0,1.2128282569895792,24,24,100.0,1,False,2026-02-14T00:00:00-07:00,2026-02-15T00:00:00-07:00,2026-02-14T07:00:00Z,µg/m³
logan,S6204950,15189410,6204950,low-cost,2026-02-14,0.0,0.0,0.0,0.0,0.0,24,24,100.0,1,False,2026-02-14T00:00:00-07:00,2026-02-15T00:00:00-07:00,2026-02-14T07:00:00Z,µg/m³
logan,S6214215,15256023,6214215,low-cost,2026-02-14,3.43,0.047166666885217035,3.833083329598109,7.854909099232066,2.0197310197586966,24,24,100.0,1,False,2026-02-14T00:00:00-07:00,2026-02-15T00:00:00-07:00,2026-02-14T07:00:00Z,µg/m³
logan,S305,3346,305,reference,2026-02-15,3.93,1.2,3.8499999999999996,7.0,1.6358484037342829,24,24,100.0,1,False,2026-02-15T00:00:00-07:00,2026-02-16T00:00:00-07:00,2026-02-15T07:00:00Z,µg/m³
logan,S6204950,15189410,6204950,low-cost,2026-02-15,0.0509,0.0,0.0,1.1361666657030582,0.0,24,24,100.0,1,False,2026-02-15T00:00:00-07:00,2026-02-16T00:00:00-07:00,2026-02-15T07:00:00Z,µg/m³
logan,S6214215,15256023,6214215,low-cost,2026-02-15,3.14,0.0,2.853083338712653,7.233333333333332,2.458071128159653,24,24,100.0,1,False,2026-02-15T00:00:00-07:00,2026-02-16T00:00:00-07:00,2026-02-15T07:00:00Z,µg/m³
logan,S305,3346,305,reference,2026-02-16,3.1,1.6,2.55,6.3,1.3486053031692644,24,24,100.0,1,False,2026-02-16T00:00:00-07:00,2026-02-17T00:00:00-07:00,2026-02-16T07:00:00Z,µg/m³
logan,S6204950,15189410,6204950,low-cost,2026-02-16,0.0,0.0,0.0,0.0,0.0,24,24,100.0,1,False,2026-02-16T00:00:00-07:00,2026-02-17T00:00:00-07:00,2026-02-16T07:00:00Z,µg/m³
logan,S6214215,15256023,6214215,low-cost,2026-02-16,0.525,0.0,0.16125000081956387,3.963666659593582,1.1093590435883836,24,24,100.0,1,False,2026-02-16T00:00:00-07:00,2026-02-17T00:00:00-07:00,2026-02-16T07:00:00Z,µg/m³
logan,S305,3346,305,reference,2026-02-17,1.52,0.3,0.9,5.0,1.2418112731390538,24,24,100.0,1,False,2026-02-17T00:00:00-07:00,2026-02-18T00:00:00-07:00,2026-02-17T07:00:00Z,µg/m³
logan,S6204950,15189410,6204950,low-cost,2026-02-17,0.0,0.0,0.0,0.0,0.0,24,24,100.0,1,False,2026-02-17T00:00:00-07:00,2026-02-18T00:00:00-07:00,2026-02-17T07:00:00Z,µg/m³
logan,S6214215,15256023,6214215,low-cost,2026-02-17,0.00371,0.0,0.0,0.061166666696468995,0.0,24,24,100.0,1,False,2026-02-17T00:00:00-07:00,2026-02-18T00:00:00-07:00,2026-02-17T07:00:00Z,µg/m³
logan,S305,3346,305,reference,2026-02-18,1.84,0.1,1.5,4.6,1.3336309191719533,24,24,100.0,1,False,2026-02-18T00:00:00-07:00,2026-02-19T00:00:00-07:00,2026-02-18T07:00:00Z,µg/m³
logan,S6204950,15189410,6204950,low-cost,2026-02-18,0.0,0.0,0.0,0.0,0.0,24,24,100.0,1,False,2026-02-18T00:00:00-07:00,2026-02-19T00:00:00-07:00,2026-02-18T07:00:00Z,µg/m³
logan,S6214215,15256023,6214215,low-cost,2026-02-18,0.295,0.0,0.0,2.7253333387275536,0.0041796326046818376,24,24,100.0,1,False,2026-02-18T00:00:00-07:00,2026-02-19T00:00:00-07:00,2026-02-18T07:00:00Z,µg/m³
logan,S305,3346,305,reference,2026-02-19,3.7,0.2,2.25,9.3,0.7553472383940055,24,24,100.0,1,False,2026-02-19T00:00:00-07:00,2026-02-20T00:00:00-07:00,2026-02-19T07:00:00Z,µg/m³
logan,S6204950,15189410,6204950,low-cost,2026-02-19,13.8,0.0,0.0,142.03949966430662,0.0,24,24,100.0,1,False,2026-02-19T00:00:00-07:00,2026-02-20T00:00:00-07:00,2026-02-19T07:00:00Z,µg/m³
logan,S6214215,15256023,6214215,low-cost,2026-02-19,1.09,0.0,0.16683333429197472,9.151777776082357,0.6351973478480559,24,24,100.0,1,False,2026-02-19T00:00:00-07:00,2026-02-20T00:00:00-07:00,2026-02-19T07:00:00Z,µg/m³
logan,S305,3346,305,reference,2026-02-20,15.7,6.1,14.600000000000001,29.3,3.6914885767245593,24,24,100.0,1,False,2026-02-20T00:00:00-07:00,2026-02-21T00:00:00-07:00,2026-02-20T07:00:00Z,µg/m³
logan,S6204950,15189410,6204950,low-cost,2026-02-20,1.19,0.0,0.0,18.66340000152588,4.829312614234222,24,24,100.0,1,False,2026-02-20T00:00:00-07:00,2026-02-21T00:00:00-07:00,2026-02-20T07:00:00Z,µg/m³
logan,S6214215,15256023,6214215,low-cost,2026-02-20,13.6,0.7611666657030584,6.995583327114582,45.19466654459635,3.3453954070970653,24,24,100.0,1,False,2026-02-20T00:00:00-07:00,2026-02-21T00:00:00-07:00,2026-02-20T07:00:00Z,µg/m³
logan,S305,3346,305,reference,2026-02-21,20.7,14.1,21.1,25.0,2.5212067579799005,24,24,100.0,1,False,2026-02-21T00:00:00-07:00,2026-02-22T00:00:00-07:00,2026-02-21T07:00:00Z,µg/m³
logan,S6204950,15189410,6204950,low-cost,2026-02-21,0.0446,0.0,0.0,0.6476666656633218,0.0029467496652068673,24,24,100.0,1,False,2026-02-21T00:00:00-07:00,2026-02-22T00:00:00-07:00,2026-02-21T07:00:00Z,µg/m³
logan,S6214215,15256023,6214215,low-cost,2026-02-21,29.9,15.3193333307902,31.44733325640361,47.583499908447266,9.220965756024665,24,24,100.0,1,False,2026-02-21T00:00:00-07:00,2026-02-22T00:00:00-07:00,2026-02-21T07:00:00Z,µg/m³
logan,S305,3346,305,reference,2026-02-22,24.5,19.0,24.4,31.6,3.0932722695122292,24,24,100.0,1,False,2026-02-22T00:00:00-07:00,2026-02-23T00:00:00-07:00,2026-02-22T07:00:00Z,µg/m³
logan,S6204950,15189410,6204950,low-cost,2026-02-22,2.64,0.0,0.11400000018378101,25.253000005086264,0.5889461168640202,24,24,100.0,1,False,2026-02-22T00:00:00-07:00,2026-02-23T00:00:00-07:00,2026-02-22T07:00:00Z,µg/m³
logan,S6214215,15256023,6214215,low-cost,2026-02-22,38.0,29.19699989954631,36.85036366058118,52.68033345540365,4.73115273528961,24,24,100.0,1,False,2026-02-22T00:00:00-07:00,2026-02-23T00:00:00-07:00,2026-02-22T07:00:00Z,µg/m³
logan,S305,3346,305,reference,2026-02-23,31.6,22.6,31.900000000000002,40.2,3.649422654925805,24,24,100.0,1,False,2026-02-23T00:00:00-07:00,2026-02-24T00:00:00-07:00,2026-02-23T07:00:00Z,µg/m³
logan,S6204950,15189410,6204950,low-cost,2026-02-23,1.37,0.005500000218550364,0.7177500039339066,8.763636360927064,0.7029982458010826,24,24,100.0,1,False,2026-02-23T00:00:00-07:00,2026-02-24T00:00:00-07:00,2026-02-23T07:00:00Z,µg/m³
logan,S6214215,15256023,6214215,low-cost,2026-02-23,46.0,38.130500030517574,46.927999877929686,52.87716700236003,3.4597860331724752,24,24,100.0,1,False,2026-02-23T00:00:00-07:00,2026-02-24T00:00:00-07:00,2026-02-23T07:00:00Z,µg/m³
logan,S305,3346,305,reference,2026-02-24,10.8,1.6,3.9,38.6,15.27388995265169,24,24,100.0,1,False,2026-02-24T00:00:00-07:00,2026-02-25T00:00:00-07:00,2026-02-24T07:00:00Z,µg/m³
logan,S6204950,15189410,6204950,low-cost,2026-02-24,5.09,0.0,0.0,31.2,6.2,24,24,100.0,1,False,2026-02-24T00:00:00-07:00,2026-02-25T00:00:00-07:00,2026-02-24T07:00:00Z,µg/m³
logan,S6214215,15256023,6214215,low-cost,2026-02-24,15.9,0.0,4.0,58.3,24.641388689002365,24,24,100.0,1,False,2026-02-24T00:00:00-07:00,2026-02-25T00:00:00-07:00,2026-02-24T07:00:00Z,µg/m³
logan,S305,3346,305,reference,2026-02-25,0.883,0.5,0.75,2.5,0.5401318581998513,24,24,100.0,1,False,2026-02-25T00:00:00-07:00,2026-02-26T00:00:00-07:00,2026-02-25T07:00:00Z,µg/m³
logan,S6204950,15189410,6204950,low-cost,2026-02-25,0.0,0.0,0.0,0.0,0.0,24,24,100.0,1,False,2026-02-25T00:00:00-07:00,2026-02-26T00:00:00-07:00,2026-02-25T07:00:00Z,µg/m³
logan,S6214215,15256023,6214215,low-cost,2026-02-25,0.0917,0.0,0.0,2.1,0.5249999999999999,24,24,100.0,1,False,2026-02-25T00:00:00-07:00,2026-02-26T00:00:00-07:00,2026-02-25T07:00:00Z,µg/m³
logan,S305,3346,305,reference,2026-02-26,1.43,0.6,1.15,4.0,0.31035251137808006,24,24,100.0,1,False,2026-02-26T00:00:00-07:00,2026-02-27T00:00:00-07:00,2026-02-26T07:00:00Z,µg/m³
logan,S6204950,15189410,6204950,low-cost,2026-02-26,0.0,0.0,0.0,0.0,0.0,24,24,100.0,1,False,2026-02-26T00:00:00-07:00,2026-02-27T00:00:00-07:00,2026-02-26T07:00:00Z,µg/m³
logan,S6214215,15256023,6214215,low-cost,2026-02-26,0.0958,0.0,0.0,2.1,0.0,24,24,100.0,1,False,2026-02-26T00:00:00-07:00,2026-02-27T00:00:00-07:00,2026-02-26T07:00:00Z,µg/m³
logan,S305,3346,305,reference,2026-02-27,4.81,2.4,4.05,9.8,2.5465569659743292,24,24,100.0,1,False,2026-02-27T00:00:00-07:00,2026-02-28T00:00:00-07:00,2026-02-27T07:00:00Z,µg/m³
logan,S6204950,15189410,6204950,low-cost,2026-02-27,0.0,0.0,0.0,0.0,0.0,24,24,100.0,1,False,2026-02-27T00:00:00-07:00,2026-02-28T00:00:00-07:00,2026-02-27T07:00:00Z,µg/m³
logan,S6214215,15256023,6214215,low-cost,2026-02-27,1.0,0.0,0.15000000000000002,5.6,1.883082579177026,24,24,100.0,1,False,2026-02-27T00:00:00-07:00,2026-02-28T00:00:00-07:00,2026-02-27T07:00:00Z,µg/m³
logan,S305,3346,305,reference,2026-02-28,4.05,1.8,4.25,5.9,1.3785106697688874,24,24,100.0,1,False,2026-02-28T00:00:00-07:00,2026-03-01T00:00:00-07:00,2026-02-28T07:00:00Z,µg/m³
logan,S6204950,15189410,6204950,low-cost,2026-02-28,0.0,0.0,0.0,0.0,0.0,24,24,100.0,1,False,2026-02-28T00:00:00-07:00,2026-03-01T00:00:00-07:00,2026-02-28T07:00:00Z,µg/m³
logan,S6214215,15256023,6214215,low-cost,2026-02-28,0.996,0.0,0.9,3.2,0.9899284485927928,24,24,100.0,1,False,2026-02-28T00:00:00-07:00,2026-03-01T00:00:00-07:00,2026-02-28T07:00:00Z,µg/m³
logan,S305,3346,305,reference,2026-03-01,4.6,2.6,4.6,6.7,1.3244253712846807,24,24,100.0,1,False,2026-03-01T00:00:00-07:00,2026-03-02T00:00:00-07:00,2026-03-01T07:00:00Z,µg/m³
logan,S6204950,15189410,6204950,low-cost,2026-03-01,0.0,0.0,0.0,0.0,0.0,24,24,100.0,1,False,2026-03-01T00:00:00-07:00,2026-03-02T00:00:00-07:00,2026-03-01T07:00:00Z,µg/m³
logan,S6214215,15256023,6214215,low-cost,2026-03-01,0.767,0.0,0.55,2.1,0.8386497083606083,24,24,100.0,1,False,2026-03-01T00:00:00-07:00,2026-03-02T00:00:00-07:00,2026-03-01T07:00:00Z,µg/m³
logan,S305,3346,305,reference,2026-03-02,1.89,0.2,2.0,6.1,0.9027430724990665,24,24,100.0,1,False,2026-03-02T00:00:00-07:00,2026-03-03T00:00:00-07:00,2026-03-02T07:00:00Z,µg/m³
logan,S6204950,15189410,6204950,low-cost,2026-03-02,0.0,0.0,0.0,0.0,0.0,24,24,100.0,1,False,2026-03-02T00:00:00-07:00,2026-03-03T00:00:00-07:00,2026-03-02T07:00:00Z,µg/m³
logan,S6214215,15256023,6214215,low-cost,2026-03-02,0.492,0.0,0.0,2.8,0.9667323458804037,24,24,100.0,1,False,2026-03-02T00:00:00-07:00,2026-03-03T00:00:00-07:00,2026-03-02T07:00:00Z,µg/m³
logan,S305,3346,305,reference,2026-03-03,2.6,0.3,2.7,6.3,1.1438448113188049,24,24,100.0,1,False,2026-03-03T00:00:00-07:00,2026-03-04T00:00:00-07:00,2026-03-03T07:00:00Z,µg/m³
logan,S6204950,15189410,6204950,low-cost,2026-03-03,0.0,0.0,0.0,0.0,0.0,24,24,100.0,1,False,2026-03-03T00:00:00-07:00,2026-03-04T00:00:00-07:00,2026-03-03T07:00:00Z,µg/m³
logan,S6214215,15256023,6214215,low-cost,2026-03-03,0.988,0.0,0.6499999999999999,3.0,1.0457168878447978,24,24,100.0,1,False,2026-03-03T00:00:00-07:00,2026-03-04T00:00:00-07:00,2026-03-03T07:00:00Z,µg/m³
logan,S305,3346,305,reference,2026-03-04,5.43,0.0,5.4,12.0,2.2774881736141643,24,24,100.0,1,False,2026-03-04T00:00:00-07:00,2026-03-05T00:00:00-07:00,2026-03-04T07:00:00Z,µg/m³
logan,S6204950,15189410,6204950,low-cost,2026-03-04,0.0,0.0,0.0,0.0,0.0,24,24,100.0,1,False,2026-03-04T00:00:00-07:00,2026-03-05T00:00:00-07:00,2026-03-04T07:00:00Z,µg/m³
logan,S6214215,15256023,6214215,low-cost,2026-03-04,3.52,0.0,4.25,7.1,1.5567671018889784,24,24,100.0,1,False,2026-03-04T00:00:00-07:00,2026-03-05T00:00:00-07:00,2026-03-04T07:00:00Z,µg/m³
logan,S305,3346,305,reference,2026-03-05,0.821,0.2,0.45,4.3,1.09427079437796,24,24,100.0,1,False,2026-03-05T00:00:00-07:00,2026-03-06T00:00:00-07:00,2026-03-05T07:00:00Z,µg/m³
logan,S6204950,15189410,6204950,low-cost,2026-03-05,0.0125,0.0,0.0,0.2,0.0,24,24,100.0,1,False,2026-03-05T00:00:00-07:00,2026-03-06T00:00:00-07:00,2026-03-05T07:00:00Z,µg/m³
logan,S6214215,15256023,6214215,low-cost,2026-03-05,0.0708,0.0,0.0,0.9,0.23441924185608345,24,24,100.0,1,False,2026-03-05T00:00:00-07:00,2026-03-06T00:00:00-07:00,2026-03-05T07:00:00Z,µg/m³
logan,S305,3346,305,reference,2026-03-06,1.44,0.3,1.25,4.5,0.47187568984497036,24,24,100.0,1,False,2026-03-06T00:00:00-07:00,2026-03-07T00:00:00-07:00,2026-03-06T07:00:00Z,µg/m³
logan,S6204950,15189410,6204950,low-cost,2026-03-06,0.0,0.0,0.0,0.0,0.0,24,24,100.0,1,False,2026-03-06T00:00:00-07:00,2026-03-07T00:00:00-07:00,2026-03-06T07:00:00Z,µg/m³
logan,S6214215,15256023,6214215,low-cost,2026-03-06,0.0,0.0,0.0,0.0,0.0,24,24,100.0,1,False,2026-03-06T00:00:00-07:00,2026-03-07T00:00:00-07:00,2026-03-06T07:00:00Z,µg/m³
logan,S305,3346,305,reference,2026-03-07,3.82,3.0,3.6,5.9,0.7843244450894257,24,24,100.0,1,False,2026-03-07T00:00:00-07:00,2026-03-08T00:00:00-07:00,2026-03-07T07:00:00Z,µg/m³
logan,S6204950,15189410,6204950,low-cost,2026-03-07,0.0,0.0,0.0,0.0,0.0,24,24,100.0,1,False,2026-03-07T00:00:00-07:00,2026-03-08T00:00:00-07:00,2026-03-07T07:00:00Z,µg/m³
logan,S6214215,15256023,6214215,low-cost,2026-03-07,0.125,0.0,0.1,0.4,0.12583057392117916,24,24,100.0,1,False,2026-03-07T00:00:00-07:00,2026-03-08T00:00:00-07:00,2026-03-07T07:00:00Z,µg/m³
logan,S305,3346,305,reference,2026-03-08,2.56,1.4,2.4,5.1,1.2321695330764182,23,24,96.0,1,False,2026-03-08T00:00:00-07:00,2026-03-09T00:00:00-06:00,2026-03-08T07:00:00Z,µg/m³
logan,S6204950,15189410,6204950,low-cost,2026-03-08,0.0,0.0,0.0,0.0,0.0,23,24,96.0,1,False,2026-03-08T00:00:00-07:00,2026-03-09T00:00:00-06:00,2026-03-08T07:00:00Z,µg/m³
logan,S6214215,15256023,6214215,low-cost,2026-03-08,0.561,0.0,0.1,2.7,0.8616843969807043,23,24,96.0,1,False,2026-03-08T00:00:00-07:00,2026-03-09T00:00:00-06:00,2026-03-08T07:00:00Z,µg/m³
logan,S305,3346,305,reference,2026-03-09,2.14,0.7,1.55,4.8,1.445341132401271,24,24,100.0,1,False,2026-03-09T00:00:00-06:00,2026-03-10T00:00:00-06:00,2026-03-09T06:00:00Z,µg/m³
logan,S6204950,15189410,6204950,low-cost,2026-03-09,0.0,0.0,0.0,0.0,0.0,24,24,100.0,1,False,2026-03-09T00:00:00-06:00,2026-03-10T00:00:00-06:00,2026-03-09T06:00:00Z,µg/m³
logan,S6214215,15256023,6214215,low-cost,2026-03-09,0.138,0.0,0.0,0.9,0.32755406678389243,24,24,100.0,1,False,2026-03-09T00:00:00-06:00,2026-03-10T00:00:00-06:00,2026-03-09T06:00:00Z,µg/m³
logan,S305,3346,305,reference,2026-03-10,2.5,1.2,2.6500000000000004,3.6,0.7923593460882086,24,24,100.0,1,False,2026-03-10T00:00:00-06:00,2026-03-11T00:00:00-06:00,2026-03-10T06:00:00Z,µg/m³
logan,S6204950,15189410,6204950,low-cost,2026-03-10,0.0,0.0,0.0,0.0,0.0,24,24,100.0,1,False,2026-03-10T00:00:00-06:00,2026-03-11T00:00:00-06:00,2026-03-10T06:00:00Z,µg/m³
logan,S6214215,15256023,6214215,low-cost,2026-03-10,0.133,0.0,0.0,1.4,0.3849178674806904,24,24,100.0,1,False,2026-03-10T00:00:00-06:00,2026-03-11T00:00:00-06:00,2026-03-10T06:00:00Z,µg/m³
logan,S305,3346,305,reference,2026-03-11,3.06,1.9,3.05,5.5,0.6975851202541523,24,24,100.0,1,False,2026-03-11T00:00:00-06:00,2026-03-12T00:00:00-06:00,2026-03-11T06:00:00Z,µg/m³
logan,S6204950,15189410,6204950,low-cost,2026-03-11,0.0,0.0,0.0,0.0,0.0,24,24,100.0,1,False,2026-03-11T00:00:00-06:00,2026-03-12T00:00:00-06:00,2026-03-11T06:00:00Z,µg/m³
logan,S6214215,15256023,6214215,low-cost,2026-03-11,0.0875,0.0,0.0,1.2,0.3072649747463618,24,24,100.0,1,False,2026-03-11T00:00:00-06:00,2026-03-12T00:00:00-06:00,2026-03-11T06:00:00Z,µg/m³
logan,S305,3346,305,reference,2026-03-12,2.77,1.4,2.6,4.3,0.7727655961976226,24,24,100.0,1,False,2026-03-12T00:00:00-06:00,2026-03-13T00:00:00-06:00,2026-03-12T06:00:00Z,µg/m³
logan,S6204950,15189410,6204950,low-cost,2026-03-12,0.0,0.0,0.0,0.0,0.0,24,24,100.0,1,False,2026-03-12T00:00:00-06:00,2026-03-13T00:00:00-06:00,2026-03-12T06:00:00Z,µg/m³
logan,S6214215,15256023,6214215,low-cost,2026-03-12,0.00417,0.0,0.0,0.1,0.024253562503633305,24,24,100.0,1,False,2026-03-12T00:00:00-06:00,2026-03-13T00:00:00-06:00,2026-03-12T06:00:00Z,µg/m³
logan,S305,3346,305,reference,2026-03-13,1.92,0.6,1.45,12.6,2.8493200943382964,24,24,100.0,1,False,2026-03-13T00:00:00-06:00,2026-03-14T00:00:00-06:00,2026-03-13T06:00:00Z,µg/m³
logan,S6204950,15189410,6204950,low-cost,2026-03-13,0.0,0.0,0.0,0.0,0.0,24,24,100.0,1,False,2026-03-13T00:00:00-06:00,2026-03-14T00:00:00-06:00,2026-03-13T06:00:00Z,µg/m³
logan,S6214215,15256023,6214215,low-cost,2026-03-13,0.00417,0.0,0.0,0.1,0.0242535625036333,24,24,100.0,1,False,2026-03-13T00:00:00-06:00,2026-03-14T00:00:00-06:00,2026-03-13T06:00:00Z,µg/m³
logan,S305,3346,305,reference,2026-03-14,1.67,0.9,1.75,3.2,0.5560275772537427,24,24,100.0,1,False,2026-03-14T00:00:00-06:00,2026-03-15T00:00:00-06:00,2026-03-14T06:00:00Z,µg/m³
logan,S6204950,15189410,6204950,low-cost,2026-03-14,0.0,0.0,0.0,0.0,0.0,24,24,100.0,1,False,2026-03-14T00:00:00-06:00,2026-03-15T00:00:00-06:00,2026-03-14T06:00:00Z,µg/m³
logan,S6214215,15256023,6214215,low-cost,2026-03-14,0.0,0.0,0.0,0.0,0.0,24,24,100.0,1,False,2026-03-14T00:00:00-06:00,2026-03-15T00:00:00-06:00,2026-03-14T06:00:00Z,µg/m³
logan,S305,3346,305,reference,2026-03-15,1.41,0.5,1.2,5.7,1.2761960940969201,24,24,100.0,1,False,2026-03-15T00:00:00-06:00,2026-03-16T00:00:00-06:00,2026-03-15T06:00:00Z,µg/m³
logan,S6204950,15189410,6204950,low-cost,2026-03-15,0.0,0.0,0.0,0.0,0.0,24,24,100.0,1,False,2026-03-15T00:00:00-06:00,2026-03-16T00:00:00-06:00,2026-03-15T06:00:00Z,µg/m³
logan,S6214215,15256023,6214215,low-cost,2026-03-15,0.0,0.0,0.0,0.0,0.0,24,24,100.0,1,False,2026-03-15T00:00:00-06:00,2026-03-16T00:00:00-06:00,2026-03-15T06:00:00Z,µg/m³
logan,S305,3346,305,reference,2026-03-16,2.57,1.4,2.1500000000000004,7.0,0.5354126134736336,24,24,100.0,1,False,2026-03-16T00:00:00-06:00,2026-03-17T00:00:00-06:00,2026-03-16T06:00:00Z,µg/m³
logan,S6204950,15189410,6204950,low-cost,2026-03-16,0.0,0.0,0.0,0.0,0.0,24,24,100.0,1,False,2026-03-16T00:00:00-06:00,2026-03-17T00:00:00-06:00,2026-03-16T06:00:00Z,µg/m³
logan,S6214215,15256023,6214215,low-cost,2026-03-16,0.113,0.0,0.0,1.6,0.0485071250072666,24,24,100.0,1,False,2026-03-16T00:00:00-06:00,2026-03-17T00:00:00-06:00,2026-03-16T06:00:00Z,µg/m³
logan,S305,3346,305,reference,2026-03-17,5.74,1.8,6.1,11.9,1.631716887208072,24,24,100.0,1,False,2026-03-17T00:00:00-06:00,2026-03-18T00:00:00-06:00,2026-03-17T06:00:00Z,µg/m³
logan,S6204950,15189410,6204950,low-cost,2026-03-17,0.0,0.0,0.0,0.0,0.0,24,24,100.0,1,False,2026-03-17T00:00:00-06:00,2026-03-18T00:00:00-06:00,2026-03-17T06:00:00Z,µg/m³
logan,S6214215,15256023,6214215,low-cost,2026-03-17,1.99,0.0,1.2,6.6,2.1343996262897638,24,24,100.0,1,False,2026-03-17T00:00:00-06:00,2026-03-18T00:00:00-06:00,2026-03-17T06:00:00Z,µg/m³
logan,S305,3346,305,reference,2026-03-18,4.26,2.1,4.15,9.2,2.0132788348032333,24,24,100.0,1,False,2026-03-18T00:00:00-06:00,2026-03-19T00:00:00-06:00,2026-03-18T06:00:00Z,µg/m³
logan,S6204950,15189410,6204950,low-cost,2026-03-18,0.0,0.0,0.0,0.0,0.0,24,24,100.0,1,False,2026-03-18T00:00:00-06:00,2026-03-19T00:00:00-06:00,2026-03-18T06:00:00Z,µg/m³
logan,S6214215,15256023,6214215,low-cost,2026-03-18,1.05,0.0,0.5,5.7,1.6918924315688628,24,24,100.0,1,False,2026-03-18T00:00:00-06:00,2026-03-19T00:00:00-06:00,2026-03-18T06:00:00Z,µg/m³
logan,S305,3346,305,reference,2026-03-19,6.18,4.0,5.75,11.9,2.1146921943685033,24,24,100.0,1,False,2026-03-19T00:00:00-06:00,2026-03-20T00:00:00-06:00,2026-03-19T06:00:00Z,µg/m³
logan,S6204950,15189410,6204950,low-cost,2026-03-19,0.00833,0.0,0.0,0.2,0.0,24,24,100.0,1,False,2026-03-19T00:00:00-06:00,2026-03-20T00:00:00-06:00,2026-03-19T06:00:00Z,µg/m³
logan,S6214215,15256023,6214215,low-cost,2026-03-19,0.5,0.0,0.25,2.0,0.5577660272699212,24,24,100.0,1,False,2026-03-19T00:00:00-06:00,2026-03-20T00:00:00-06:00,2026-03-19T06:00:00Z,µg/m³
logan,S305,3346,305,reference,2026-03-20,6.7,1.7,6.5,13.2,2.6083200212652837,24,24,100.0,1,False,2026-03-20T00:00:00-06:00,2026-03-21T00:00:00-06:00,2026-03-20T06:00:00Z,µg/m³
logan,S6204950,15189410,6204950,low-cost,2026-03-20,0.263,0.0,0.2,1.0,0.29803276566808,24,24,100.0,1,False,2026-03-20T00:00:00-06:00,2026-03-21T00:00:00-06:00,2026-03-20T06:00:00Z,µg/m³
logan,S6214215,15256023,6214215,low-cost,2026-03-20,2.03,0.0,1.95,6.4,1.7417663448350356,24,24,100.0,1,False,2026-03-20T00:00:00-06:00,2026-03-21T00:00:00-06:00,2026-03-20T06:00:00Z,µg/m³
logan,S305,3346,305,reference,2026-03-21,6.6,4.9,6.4,10.6,0.7126075524505223,24,24,100.0,1,False,2026-03-21T00:00:00-06:00,2026-03-22T00:00:00-06:00,2026-03-21T06:00:00Z,µg/m³
logan,S6204950,15189410,6204950,low-cost,2026-03-21,1.48,0.0,0.15000000000000002,13.6,0.6654277704206962,24,24,100.0,1,False,2026-03-21T00:00:00-06:00,2026-03-22T00:00:00-06:00,2026-03-21T06:00:00Z,µg/m³
logan,S6214215,15256023,6214215,low-cost,2026-03-21,3.2,0.0,3.5999999999999996,6.6,2.4076624006064717,24,24,100.0,1,False,2026-03-21T00:00:00-06:00,2026-03-22T00:00:00-06:00,2026-03-21T06:00:00Z,µg/m³
logan,S305,3346,305,reference,2026-03-22,3.48,1.0,3.0,8.6,1.88705016714801,24,24,100.0,1,False,2026-03-22T00:00:00-06:00,2026-03-23T00:00:00-06:00,2026-03-22T06:00:00Z,µg/m³
logan,S6204950,15189410,6204950,low-cost,2026-03-22,0.0458,0.0,0.0,0.5,0.15387160422974505,24,24,100.0,1,False,2026-03-22T00:00:00-06:00,2026-03-23T00:00:00-06:00,2026-03-22T06:00:00Z,µg/m³
logan,S6214215,15256023,6214215,low-cost,2026-03-22,0.725,0.0,0.1,3.1,1.200979991996732,24,24,100.0,1,False,2026-03-22T00:00:00-06:00,2026-03-23T00:00:00-06:00,2026-03-22T06:00:00Z,µg/m³
logan,S305,3346,305,reference,2026-03-23,5.19,2.7,5.15,9.0,1.4808855384606798,24,24,100.0,1,False,2026-03-23T00:00:00-06:00,2026-03-24T00:00:00-06:00,2026-03-23T06:00:00Z,µg/m³
logan,S6204950,15189410,6204950,low-cost,2026-03-23,0.00417,0.0,0.0,0.1,0.0,24,24,100.0,1,False,2026-03-23T00:00:00-06:00,2026-03-24T00:00:00-06:00,2026-03-23T06:00:00Z,µg/m³
logan,S6214215,15256023,6214215,low-cost,2026-03-23,0.196,0.0,0.0,1.8,0.2503331114069145,24,24,100.0,1,False,2026-03-23T00:00:00-06:00,2026-03-24T00:00:00-06:00,2026-03-23T06:00:00Z,µg/m³
logan,S305,3346,305,reference,2026-03-24,5.81,1.8,5.25,12.0,2.531402773167479,24,24,100.0,1,False,2026-03-24T00:00:00-06:00,2026-03-25T00:00:00-06:00,2026-03-24T06:00:00Z,µg/m³
logan,S6204950,15189410,6204950,low-cost,2026-03-24,0.25,0.0,0.0,2.2,0.6247285124641857,24,24,100.0,1,False,2026-03-24T00:00:00-06:00,2026-03-25T00:00:00-06:00,2026-03-24T06:00:00Z,µg/m³
logan,S6214215,15256023,6214215,low-cost,2026-03-24,1.8,0.0,0.6499999999999999,6.2,2.107763427585427,24,24,100.0,1,False,2026-03-24T00:00:00-06:00,2026-03-25T00:00:00-06:00,2026-03-24T06:00:00Z,µg/m³
logan,S305,3346,305,reference,2026-03-25,4.19,1.4,3.35,8.8,2.253822150417882,24,24,100.0,1,False,2026-03-25T00:00:00-06:00,2026-03-26T00:00:00-06:00,2026-03-25T06:00:00Z,µg/m³
logan,S6204950,15189410,6204950,low-cost,2026-03-25,0.0,0.0,0.0,0.0,0.0,24,24,100.0,1,False,2026-03-25T00:00:00-06:00,2026-03-26T00:00:00-06:00,2026-03-25T06:00:00Z,µg/m³
logan,S6214215,15256023,6214215,low-cost,2026-03-25,0.396,0.0,0.0,3.0,1.057335487597637,24,24,100.0,1,False,2026-03-25T00:00:00-06:00,2026-03-26T00:00:00-06:00,2026-03-25T06:00:00Z,µg/m³
logan,S305,3346,305,reference,2026-03-26,5.37,3.0,5.3,10.9,1.8708286933869707,24,24,100.0,1,False,2026-03-26T00:00:00-06:00,2026-03-27T00:00:00-06:00,2026-03-26T06:00:00Z,µg/m³
logan,S6204950,15189410,6204950,low-cost,2026-03-26,0.00417,0.0,0.0,0.1,0.0,24,24,100.0,1,False,2026-03-26T00:00:00-06:00,2026-03-27T00:00:00-06:00,2026-03-26T06:00:00Z,µg/m³
logan,S6214215,15256023,6214215,low-cost,2026-03-26,0.05,0.0,0.0,0.3,0.12217393579743306,24,24,100.0,1,False,2026-03-26T00:00:00-06:00,2026-03-27T00:00:00-06:00,2026-03-26T06:00:00Z,µg/m³
logan,S305,3346,305,reference,2026-03-27,6.59,4.1,6.65,9.0,1.4017697148010204,24,24,100.0,1,False,2026-03-27T00:00:00-06:00,2026-03-28T00:00:00-06:00,2026-03-27T06:00:00Z,µg/m³
logan,S6204950,15189410,6204950,low-cost,2026-03-27,0.00417,0.0,0.0,0.1,0.0,24,24,100.0,1,False,2026-03-27T00:00:00-06:00,2026-03-28T00:00:00-06:00,2026-03-27T06:00:00Z,µg/m³
logan,S6214215,15256023,6214215,low-cost,2026-03-27,0.558,0.0,0.15000000000000002,5.2,0.2471900911777626,24,24,100.0,1,False,2026-03-27T00:00:00-06:00,2026-03-28T00:00:00-06:00,2026-03-27T06:00:00Z,µg/m³
logan,S305,3346,305,reference,2026-03-28,7.68,2.4,8.35,14.7,2.058385867847032,24,24,100.0,1,False,2026-03-28T00:00:00-06:00,2026-03-29T00:00:00-06:00,2026-03-28T06:00:00Z,µg/m³
logan,S6204950,15189410,6204950,low-cost,2026-03-28,0.0583,0.0,0.0,1.0,0.0,24,24,100.0,1,False,2026-03-28T00:00:00-06:00,2026-03-29T00:00:00-06:00,2026-03-28T06:00:00Z,µg/m³
logan,S6214215,15256023,6214215,low-cost,2026-03-28,1.58,0.0,2.1500000000000004,4.0,1.2142535833613513,24,24,100.0,1,False,2026-03-28T00:00:00-06:00,2026-03-29T00:00:00-06:00,2026-03-28T06:00:00Z,µg/m³
logan,S305,3346,305,reference,2026-03-29,5.73,2.1,4.949999999999999,19.0,1.1255924366009813,24,24,100.0,1,False,2026-03-29T00:00:00-06:00,2026-03-30T00:00:00-06:00,2026-03-29T06:00:00Z,µg/m³
logan,S6204950,15189410,6204950,low-cost,2026-03-29,0.183,0.0,0.0,1.7,0.5362588268847094,24,24,100.0,1,False,2026-03-29T00:00:00-06:00,2026-03-30T00:00:00-06:00,2026-03-29T06:00:00Z,µg/m³
logan,S6214215,15256023,6214215,low-cost,2026-03-29,0.933,0.0,0.44999999999999996,3.1,1.112000052898856,24,24,100.0,1,False,2026-03-29T00:00:00-06:00,2026-03-30T00:00:00-06:00,2026-03-29T06:00:00Z,µg/m³
logan,S305,3346,305,reference,2026-03-30,5.1,2.7,5.0,8.3,1.3729130015737014,24,24,100.0,1,False,2026-03-30T00:00:00-06:00,2026-03-31T00:00:00-06:00,2026-03-30T06:00:00Z,µg/m³
logan,S6204950,15189410,6204950,low-cost,2026-03-30,0.0542,0.0,0.0,0.7,0.0,24,24,100.0,1,False,2026-03-30T00:00:00-06:00,2026-03-31T00:00:00-06:00,2026-03-30T06:00:00Z,µg/m³
logan,S6214215,15256023,6214215,low-cost,2026-03-30,0.563,0.0,0.15000000000000002,2.9,0.9906016690207354,24,24,100.0,1,False,2026-03-30T00:00:00-06:00,2026-03-31T00:00:00-06:00,2026-03-30T06:00:00Z,µg/m³
logan,S305,3346,305,reference,2026-03-31,7.38,2.4,7.1,14.1,2.539348669770788,24,24,100.0,1,False,2026-03-31T00:00:00-06:00,2026-04-01T00:00:00-06:00,2026-03-31T06:00:00Z,µg/m³
logan,S6204950,15189410,6204950,low-cost,2026-03-31,0.0125,0.0,0.0,0.1,0.03929526239966879,24,24,100.0,1,False,2026-03-31T00:00:00-06:00,2026-04-01T00:00:00-06:00,2026-03-31T06:00:00Z,µg/m³
logan,S6214215,15256023,6214215,low-cost,2026-03-31,1.36,0.0,1.0,4.1,1.4565016508138704,24,24,100.0,1,False,2026-03-31T00:00:00-06:00,2026-04-01T00:00:00-06:00,2026-03-31T06:00:00Z,µg/m³
logan,S305,3346,305,reference,2026-04-01,2.61,0.2,1.7999999999999998,6.4,1.7377667660918519,24,24,100.0,1,False,2026-04-01T00:00:00-06:00,2026-04-02T00:00:00-06:00,2026-04-01T06:00:00Z,µg/m³
logan,S6204950,15189410,6204950,low-cost,2026-04-01,0.0667,0.0,0.0,1.3,0.0,24,24,100.0,1,False,2026-04-01T00:00:00-06:00,2026-04-02T00:00:00-06:00,2026-04-01T06:00:00Z,µg/m³
logan,S6214215,15256023,6214215,low-cost,2026-04-01,0.3,0.0,0.0,1.6,0.5031518306693143,24,24,100.0,1,False,2026-04-01T00:00:00-06:00,2026-04-02T00:00:00-06:00,2026-04-01T06:00:00Z,µg/m³
logan,S305,3346,305,reference,2026-04-02,0.713,0.2,0.7,1.8,0.40273788274484706,24,24,100.0,1,False,2026-04-02T00:00:00-06:00,2026-04-03T00:00:00-06:00,2026-04-02T06:00:00Z,µg/m³
logan,S6204950,15189410,6204950,low-cost,2026-04-02,0.0,0.0,0.0,0.0,0.0,24,24,100.0,1,False,2026-04-02T00:00:00-06:00,2026-04-03T00:00:00-06:00,2026-04-02T06:00:00Z,µg/m³
logan,S6214215,15256023,6214215,low-cost,2026-04-02,0.0,0.0,0.0,0.0,0.0,24,24,100.0,1,False,2026-04-02T00:00:00-06:00,2026-04-03T00:00:00-06:00,2026-04-02T06:00:00Z,µg/m³
logan,S305,3346,305,reference,2026-04-03,1.08,0.3,1.0,2.2,0.3211880519351279,24,24,100.0,1,False,2026-04-03T00:00:00-06:00,2026-04-04T00:00:00-06:00,2026-04-03T06:00:00Z,µg/m³
logan,S6204950,15189410,6204950,low-cost,2026-04-03,0.0,0.0,0.0,0.0,0.0,24,24,100.0,1,False,2026-04-03T00:00:00-06:00,2026-04-04T00:00:00-06:00,2026-04-03T06:00:00Z,µg/m³
logan,S6214215,15256023,6214215,low-cost,2026-04-03,0.0,0.0,0.0,0.0,0.0,24,24,100.0,1,False,2026-04-03T00:00:00-06:00,2026-04-04T00:00:00-06:00,2026-04-03T06:00:00Z,µg/m³
logan,S305,3346,305,reference,2026-04-04,2.74,1.0,2.1,7.0,2.1202201143591988,24,24,100.0,1,False,2026-04-04T00:00:00-06:00,2026-04-05T00:00:00-06:00,2026-04-04T06:00:00Z,µg/m³
logan,S6204950,15189410,6204950,low-cost,2026-04-04,0.546,0.0,0.0,13.1,0.0,24,24,100.0,1,False,2026-04-04T00:00:00-06:00,2026-04-05T00:00:00-06:00,2026-04-04T06:00:00Z,µg/m³
logan,S6214215,15256023,6214215,low-cost,2026-04-04,0.0542,0.0,0.0,1.1,0.0242535625036333,24,24,100.0,1,False,2026-04-04T00:00:00-06:00,2026-04-05T00:00:00-06:00,2026-04-04T06:00:00Z,µg/m³
logan,S305,3346,305,reference,2026-04-05,4.08,2.2,4.1,6.3,0.9343223926104592,24,24,100.0,1,False,2026-04-05T00:00:00-06:00,2026-04-06T00:00:00-06:00,2026-04-05T06:00:00Z,µg/m³
logan,S6204950,15189410,6204950,low-cost,2026-04-05,0.0375,0.0,0.0,0.5,0.0,24,24,100.0,1,False,2026-04-05T00:00:00-06:00,2026-04-06T00:00:00-06:00,2026-04-05T06:00:00Z,µg/m³
logan,S6214215,15256023,6214215,low-cost,2026-04-05,0.55,0.0,0.05,2.2,0.7027781007000214,24,24,100.0,1,False,2026-04-05T00:00:00-06:00,2026-04-06T00:00:00-06:00,2026-04-05T06:00:00Z,µg/m³
logan,S305,3346,305,reference,2026-04-06,3.85,1.7,4.1,10.6,1.743449277901535,24,24,100.0,1,False,2026-04-06T00:00:00-06:00,2026-04-07T00:00:00-06:00,2026-04-06T06:00:00Z,µg/m³
logan,S6204950,15189410,6204950,low-cost,2026-04-06,0.0125,0.0,0.0,0.2,0.052859413987092436,24,24,100.0,1,False,2026-04-06T00:00:00-06:00,2026-04-07T00:00:00-06:00,2026-04-06T06:00:00Z,µg/m³
logan,S6214215,15256023,6214215,low-cost,2026-04-06,0.446,0.0,0.2,2.3,0.44647310702226806,24,24,100.0,1,False,2026-04-06T00:00:00-06:00,2026-04-07T00:00:00-06:00,2026-04-06T06:00:00Z,µg/m³
logan,S305,3346,305,reference,2026-04-07,5.05,2.8,4.5,13.5,2.836547196857475,24,24,100.0,1,False,2026-04-07T00:00:00-06:00,2026-04-08T00:00:00-06:00,2026-04-07T06:00:00Z,µg/m³
logan,S6204950,15189410,6204950,low-cost,2026-04-07,0.0,0.0,0.0,0.0,0.0,24,24,100.0,1,False,2026-04-07T00:00:00-06:00,2026-04-08T00:00:00-06:00,2026-04-07T06:00:00Z,µg/m³
logan,S6214215,15256023,6214215,low-cost,2026-04-07,0.546,0.0,0.15,2.2,0.7719024117939608,24,24,100.0,1,False,2026-04-07T00:00:00-06:00,2026-04-08T00:00:00-06:00,2026-04-07T06:00:00Z,µg/m³
logan,S305,3346,305,reference,2026-04-08,4.8,2.8,4.3,8.3,1.5777319465733384,24,24,100.0,1,False,2026-04-08T00:00:00-06:00,2026-04-09T00:00:00-06:00,2026-04-08T06:00:00Z,µg/m³
logan,S6204950,15189410,6204950,low-cost,2026-04-08,0.0,0.0,0.0,0.0,0.0,24,24,100.0,1,False,2026-04-08T00:00:00-06:00,2026-04-09T00:00:00-06:00,2026-04-08T06:00:00Z,µg/m³
logan,S6214215,15256023,6214215,low-cost,2026-04-08,1.59,0.0,0.45,17.8,4.66349244287003,24,24,100.0,1,False,2026-04-08T00:00:00-06:00,2026-04-09T00:00:00-06:00,2026-04-08T06:00:00Z,µg/m³
logan,S305,3346,305,reference,2026-04-09,4.92,2.3,4.45,17.2,1.3882843128600615,24,24,100.0,1,False,2026-04-09T00:00:00-06:00,2026-04-10T00:00:00-06:00,2026-04-09T06:00:00Z,µg/m³
logan,S6204950,15189410,6204950,low-cost,2026-04-09,0.0375,0.0,0.0,0.6,0.03929526239966879,24,24,100.0,1,False,2026-04-09T00:00:00-06:00,2026-04-10T00:00:00-06:00,2026-04-09T06:00:00Z,µg/m³
logan,S6214215,15256023,6214215,low-cost,2026-04-09,0.875,0.0,0.55,3.2,1.121973051998917,24,24,100.0,1,False,2026-04-09T00:00:00-06:00,2026-04-10T00:00:00-06:00,2026-04-09T06:00:00Z,µg/m³
logan,S305,3346,305,reference,2026-04-10,3.63,1.8,3.55,5.8,0.9811345473481198,24,24,100.0,1,False,2026-04-10T00:00:00-06:00,2026-04-11T00:00:00-06:00,2026-04-10T06:00:00Z,µg/m³
logan,S6204950,15189410,6204950,low-cost,2026-04-10,0.15,0.0,0.0,0.9,0.17235394498804246,24,24,100.0,1,False,2026-04-10T00:00:00-06:00,2026-04-11T00:00:00-06:00,2026-04-10T06:00:00Z,µg/m³
logan,S6214215,15256023,6214215,low-cost,2026-04-10,1.17,0.0,0.35,4.2,1.4602830104429194,24,24,100.0,1,False,2026-04-10T00:00:00-06:00,2026-04-11T00:00:00-06:00,2026-04-10T06:00:00Z,µg/m³
logan,S305,3346,305,reference,2026-04-11,2.76,1.1,2.6,6.8,0.7580402363990977,24,24,100.0,1,False,2026-04-11T00:00:00-06:00,2026-04-12T00:00:00-06:00,2026-04-11T06:00:00Z,µg/m³
logan,S6204950,15189410,6204950,low-cost,2026-04-11,0.00833,0.0,0.0,0.1,0.03321055820775358,24,24,100.0,1,False,2026-04-11T00:00:00-06:00,2026-04-12T00:00:00-06:00,2026-04-11T06:00:00Z,µg/m³
logan,S6214215,15256023,6214215,low-cost,2026-04-11,0.025,0.0,0.0,0.2,0.07018882096342191,24,24,100.0,1,False,2026-04-11T00:00:00-06:00,2026-04-12T00:00:00-06:00,2026-04-11T06:00:00Z,µg/m³
logan,S305,3346,305,reference,2026-04-12,4.85,0.4,3.9,13.6,3.42932729763225,24,24,100.0,1,False,2026-04-12T00:00:00-06:00,2026-04-13T00:00:00-06:00,2026-04-12T06:00:00Z,µg/m³
logan,S6204950,15189410,6204950,low-cost,2026-04-12,0.00417,0.0,0.0,0.1,0.025000000000000005,24,24,100.0,1,False,2026-04-12T00:00:00-06:00,2026-04-13T00:00:00-06:00,2026-04-12T06:00:00Z,µg/m³
logan,S6214215,15256023,6214215,low-cost,2026-04-12,0.104,0.0,0.0,0.7,0.21899391163530854,24,24,100.0,1,False,2026-04-12T00:00:00-06:00,2026-04-13T00:00:00-06:00,2026-04-12T06:00:00Z,µg/m³
logan,S305,3346,305,reference,2026-04-13,0.696,0.3,0.7,1.2,0.264471274328716,24,24,100.0,1,False,2026-04-13T00:00:00-06:00,2026-04-14T00:00:00-06:00,2026-04-13T06:00:00Z,µg/m³
logan,S6204950,15189410,6204950,low-cost,2026-04-13,0.0,0.0,0.0,0.0,0.0,24,24,100.0,1,False,2026-04-13T00:00:00-06:00,2026-04-14T00:00:00-06:00,2026-04-13T06:00:00Z,µg/m³
logan,S6214215,15256023,6214215,low-cost,2026-04-13,0.00833,0.0,0.0,0.2,0.0485071250072666,24,24,100.0,1,False,2026-04-13T00:00:00-06:00,2026-04-14T00:00:00-06:00,2026-04-13T06:00:00Z,µg/m³
logan,S305,3346,305,reference,2026-04-14,1.31,0.3,1.1,2.8,0.48911971462832615,23,24,96.0,1,False,2026-04-14T00:00:00-06:00,2026-04-15T00:00:00-06:00,2026-04-14T06:00:00Z,µg/m³
logan,S6204950,15189410,6204950,low-cost,2026-04-14,8.39,0.0,0.0,76.5,22.870034980296815,24,24,100.0,1,False,2026-04-14T00:00:00-06:00,2026-04-15T00:00:00-06:00,2026-04-14T06:00:00Z,µg/m³
logan,S6214215,15256023,6214215,low-cost,2026-04-14,0.0,0.0,0.0,0.0,0.0,24,24,100.0,1,False,2026-04-14T00:00:00-06:00,2026-04-15T00:00:00-06:00,2026-04-14T06:00:00Z,µg/m³
logan,S305,3346,305,reference,2026-04-15,2.3,1.3,2.0,4.6,0.8920949127381756,24,24,100.0,1,False,2026-04-15T00:00:00-06:00,2026-04-16T00:00:00-06:00,2026-04-15T06:00:00Z,µg/m³
logan,S6204950,15189410,6204950,low-cost,2026-04-15,0.0,0.0,0.0,0.0,0.0,24,24,100.0,1,False,2026-04-15T00:00:00-06:00,2026-04-16T00:00:00-06:00,2026-04-15T06:00:00Z,µg/m³
logan,S6214215,15256023,6214215,low-cost,2026-04-15,0.0125,0.0,0.0,0.1,0.03929526239966879,24,24,100.0,1,False,2026-04-15T00:00:00-06:00,2026-04-16T00:00:00-06:00,2026-04-15T06:00:00Z,µg/m³
logan,S305,3346,305,reference,2026-04-16,1.54,0.9,1.45,2.5,0.5439056290693574,24,24,100.0,1,False,2026-04-16T00:00:00-06:00,2026-04-17T00:00:00-06:00,2026-04-16T06:00:00Z,µg/m³
logan,S6204950,15189410,6204950,low-cost,2026-04-16,0.0,0.0,0.0,0.0,0.0,22,24,92.0,1,False,2026-04-16T00:00:00-06:00,2026-04-17T00:00:00-06:00,2026-04-16T06:00:00Z,µg/m³
logan,S6214215,15256023,6214215,low-cost,2026-04-16,0.0,0.0,0.0,0.0,0.0,22,24,92.0,1,False,2026-04-16T00:00:00-06:00,2026-04-17T00:00:00-06:00,2026-04-16T06:00:00Z,µg/m³
logan,S305,3346,305,reference,2026-04-17,1.51,0.6,1.25,3.4,0.8285529554590942,24,24,100.0,1,False,2026-04-17T00:00:00-06:00,2026-04-18T00:00:00-06:00,2026-04-17T06:00:00Z,µg/m³
logan,S6204950,15189410,6204950,low-cost,2026-04-17,0.0,0.0,0.0,0.0,0.0,24,24,100.0,1,False,2026-04-17T00:00:00-06:00,2026-04-18T00:00:00-06:00,2026-04-17T06:00:00Z,µg/m³
logan,S6214215,15256023,6214215,low-cost,2026-04-17,0.00417,0.0,0.0,0.1,0.02500000000000001,24,24,100.0,1,False,2026-04-17T00:00:00-06:00,2026-04-18T00:00:00-06:00,2026-04-17T06:00:00Z,µg/m³
logan,S305,3346,305,reference,2026-04-18,2.07,0.9,2.0,4.4,0.42817441928883776,24,24,100.0,1,False,2026-04-18T00:00:00-06:00,2026-04-19T00:00:00-06:00,2026-04-18T06:00:00Z,µg/m³
logan,S6204950,15189410,6204950,low-cost,2026-04-18,1.44,0.0,0.0,18.7,5.825910924073428,23,24,96.0,1,False,2026-04-18T00:00:00-06:00,2026-04-19T00:00:00-06:00,2026-04-18T06:00:00Z,µg/m³
logan,S6214215,15256023,6214215,low-cost,2026-04-18,0.0478,0.0,0.0,0.5,0.0,23,24,96.0,1,False,2026-04-18T00:00:00-06:00,2026-04-19T00:00:00-06:00,2026-04-18T06:00:00Z,µg/m³
logan,S305,3346,305,reference,2026-04-19,5.93,3.8,5.15,9.4,1.1120364202668904,24,24,100.0,1,False,2026-04-19T00:00:00-06:00,2026-04-20T00:00:00-06:00,2026-04-19T06:00:00Z,µg/m³
logan,S6204950,15189410,6204950,low-cost,2026-04-19,0.00417,0.0,0.0,0.1,0.0,24,24,100.0,1,False,2026-04-19T00:00:00-06:00,2026-04-20T00:00:00-06:00,2026-04-19T06:00:00Z,µg/m³
logan,S6214215,15256023,6214215,low-cost,2026-04-19,0.825,0.0,0.25,7.6,0.3848223425090046,24,24,100.0,1,False,2026-04-19T00:00:00-06:00,2026-04-20T00:00:00-06:00,2026-04-19T06:00:00Z,µg/m³
logan,S305,3346,305,reference,2026-04-20,8.51,4.9,8.7,13.0,1.9511760330856645,24,24,100.0,1,False,2026-04-20T00:00:00-06:00,2026-04-21T00:00:00-06:00,2026-04-20T06:00:00Z,µg/m³
logan,S6204950,15189410,6204950,low-cost,2026-04-20,0.538,0.0,0.0,6.0,1.7656651804381727,24,24,100.0,1,False,2026-04-20T00:00:00-06:00,2026-04-21T00:00:00-06:00,2026-04-20T06:00:00Z,µg/m³
logan,S6214215,15256023,6214215,low-cost,2026-04-20,1.16,0.0,0.75,5.4,1.5625441170242391,24,24,100.0,1,False,2026-04-20T00:00:00-06:00,2026-04-21T00:00:00-06:00,2026-04-20T06:00:00Z,µg/m³
logan,S305,3346,305,reference,2026-04-21,8.63,6.6,7.65,14.5,2.4215353256422536,24,24,100.0,1,False,2026-04-21T00:00:00-06:00,2026-04-22T00:00:00-06:00,2026-04-21T06:00:00Z,µg/m³
logan,S6204950,15189410,6204950,low-cost,2026-04-21,0.0458,0.0,0.0,0.5,0.15438048235879215,24,24,100.0,1,False,2026-04-21T00:00:00-06:00,2026-04-22T00:00:00-06:00,2026-04-21T06:00:00Z,µg/m³
logan,S6214215,15256023,6214215,low-cost,2026-04-21,0.679,0.0,0.1,3.7,1.1271645842555558,24,24,100.0,1,False,2026-04-21T00:00:00-06:00,2026-04-22T00:00:00-06:00,2026-04-21T06:00:00Z,µg/m³
logan,S305,3346,305,reference,2026-04-22,3.81,0.2,0.55,18.2,5.90047667565935,24,24,100.0,1,False,2026-04-22T00:00:00-06:00,2026-04-23T00:00:00-06:00,2026-04-22T06:00:00Z,µg/m³
logan,S6204950,15189410,6204950,low-cost,2026-04-22,0.0,0.0,0.0,0.0,0.0,24,24,100.0,1,False,2026-04-22T00:00:00-06:00,2026-04-23T00:00:00-06:00,2026-04-22T06:00:00Z,µg/m³
logan,S6214215,15256023,6214215,low-cost,2026-04-22,0.00417,0.0,0.0,0.1,0.0242535625036333,24,24,100.0,1,False,2026-04-22T00:00:00-06:00,2026-04-23T00:00:00-06:00,2026-04-22T06:00:00Z,µg/m³
logan,S305,3346,305,reference,2026-04-23,0.988,0.2,0.6499999999999999,3.4,0.35902236535281407,24,24,100.0,1,False,2026-04-23T00:00:00-06:00,2026-04-24T00:00:00-06:00,2026-04-23T06:00:00Z,µg/m³
logan,S6204950,15189410,6204950,low-cost,2026-04-23,0.0,0.0,0.0,0.0,0.0,23,24,96.0,1,False,2026-04-23T00:00:00-06:00,2026-04-24T00:00:00-06:00,2026-04-23T06:00:00Z,µg/m³
logan,S6214215,15256023,6214215,low-cost,2026-04-23,0.0,0.0,0.0,0.0,0.0,23,24,96.0,1,False,2026-04-23T00:00:00-06:00,2026-04-24T00:00:00-06:00,2026-04-23T06:00:00Z,µg/m³
logan,S305,3346,305,reference,2026-04-24,2.8,1.7,2.9,3.7,0.5790797296861058,24,24,100.0,1,False,2026-04-24T00:00:00-06:00,2026-04-25T00:00:00-06:00,2026-04-24T06:00:00Z,µg/m³
logan,S6204950,15189410,6204950,low-cost,2026-04-24,0.0,0.0,0.0,0.0,0.0,24,24,100.0,1,False,2026-04-24T00:00:00-06:00,2026-04-25T00:00:00-06:00,2026-04-24T06:00:00Z,µg/m³
logan,S6214215,15256023,6214215,low-cost,2026-04-24,0.0,0.0,0.0,0.0,0.0,24,24,100.0,1,False,2026-04-24T00:00:00-06:00,2026-04-25T00:00:00-06:00,2026-04-24T06:00:00Z,µg/m³
logan,S305,3346,305,reference,2026-04-25,4.4,2.6,3.95,8.8,1.3200378782444084,24,24,100.0,1,False,2026-04-25T00:00:00-06:00,2026-04-26T00:00:00-06:00,2026-04-25T06:00:00Z,µg/m³
logan,S6204950,15189410,6204950,low-cost,2026-04-25,0.00833,0.0,0.0,0.1,0.0,24,24,100.0,1,False,2026-04-25T00:00:00-06:00,2026-04-26T00:00:00-06:00,2026-04-25T06:00:00Z,µg/m³
logan,S6214215,15256023,6214215,low-cost,2026-04-25,0.554,0.0,0.15000000000000002,4.7,0.17308475765743597,24,24,100.0,1,False,2026-04-25T00:00:00-06:00,2026-04-26T00:00:00-06:00,2026-04-25T06:00:00Z,µg/m³
logan,S305,3346,305,reference,2026-04-26,3.69,1.3,3.65,6.2,1.7578395831246945,24,24,100.0,1,False,2026-04-26T00:00:00-06:00,2026-04-27T00:00:00-06:00,2026-04-26T06:00:00Z,µg/m³
logan,S6204950,15189410,6204950,low-cost,2026-04-26,0.492,0.0,0.0,4.9,1.436345444276591,24,24,100.0,1,False,2026-04-26T00:00:00-06:00,2026-04-27T00:00:00-06:00,2026-04-26T06:00:00Z,µg/m³
logan,S6214215,15256023,6214215,low-cost,2026-04-26,1.37,0.0,0.65,4.1,1.5920759662632122,24,24,100.0,1,False,2026-04-26T00:00:00-06:00,2026-04-27T00:00:00-06:00,2026-04-26T06:00:00Z,µg/m³
logan,S305,3346,305,reference,2026-04-27,3.28,1.8,2.8,5.5,1.1336995745234826,24,24,100.0,1,False,2026-04-27T00:00:00-06:00,2026-04-28T00:00:00-06:00,2026-04-27T06:00:00Z,µg/m³
logan,S6204950,15189410,6204950,low-cost,2026-04-27,0.0,0.0,0.0,0.0,0.0,24,24,100.0,1,False,2026-04-27T00:00:00-06:00,2026-04-28T00:00:00-06:00,2026-04-27T06:00:00Z,µg/m³
logan,S6214215,15256023,6214215,low-cost,2026-04-27,0.225,0.0,0.0,1.4,0.4889213818673293,24,24,100.0,1,False,2026-04-27T00:00:00-06:00,2026-04-28T00:00:00-06:00,2026-04-27T06:00:00Z,µg/m³
logan,S305,3346,305,reference,2026-04-28,5.37,3.5,5.35,7.5,0.9717436463829924,24,24,100.0,1,False,2026-04-28T00:00:00-06:00,2026-04-29T00:00:00-06:00,2026-04-28T06:00:00Z,µg/m³
logan,S6204950,15189410,6204950,low-cost,2026-04-28,0.0,0.0,0.0,0.0,0.0,24,24,100.0,1,False,2026-04-28T00:00:00-06:00,2026-04-29T00:00:00-06:00,2026-04-28T06:00:00Z,µg/m³
logan,S6214215,15256023,6214215,low-cost,2026-04-28,0.413,0.0,0.1,3.0,0.8549610127563323,24,24,100.0,1,False,2026-04-28T00:00:00-06:00,2026-04-29T00:00:00-06:00,2026-04-28T06:00:00Z,µg/m³
logan,S305,3346,305,reference,2026-04-29,5.81,4.4,5.2,9.4,1.5290383688231415,24,24,100.0,1,False,2026-04-29T00:00:00-06:00,2026-04-30T00:00:00-06:00,2026-04-29T06:00:00Z,µg/m³
logan,S6204950,15189410,6204950,low-cost,2026-04-29,0.663,0.0,0.0,15.1,0.0,24,24,100.0,1,False,2026-04-29T00:00:00-06:00,2026-04-30T00:00:00-06:00,2026-04-29T06:00:00Z,µg/m³
logan,S6214215,15256023,6214215,low-cost,2026-04-29,0.642,0.0,0.15000000000000002,2.7,0.944611913256797,24,24,100.0,1,False,2026-04-29T00:00:00-06:00,2026-04-30T00:00:00-06:00,2026-04-29T06:00:00Z,µg/m³
logan,S305,3346,305,reference,2026-04-30,3.88,2.0,3.95,6.4,1.2338962679253067,24,24,100.0,1,False,2026-04-30T00:00:00-06:00,2026-05-01T00:00:00-06:00,2026-04-30T06:00:00Z,µg/m³
logan,S6204950,15189410,6204950,low-cost,2026-04-30,0.00833,0.0,0.0,0.1,0.03321055820775358,24,24,100.0,1,False,2026-04-30T00:00:00-06:00,2026-05-01T00:00:00-06:00,2026-04-30T06:00:00Z,µg/m³
logan,S6214215,15256023,6214215,low-cost,2026-04-30,3.97,0.0,1.8,28.4,1.0935976784690709,24,24,100.0,1,False,2026-04-30T00:00:00-06:00,2026-05-01T00:00:00-06:00,2026-04-30T06:00:00Z,µg/m³
logan,S305,3346,305,reference,2026-05-01,6.95,3.2,6.5,16.3,3.8041862905663986,24,24,100.0,1,False,2026-05-01T00:00:00-06:00,2026-05-02T00:00:00-06:00,2026-05-01T06:00:00Z,µg/m³
logan,S6204950,15189410,6204950,low-cost,2026-05-01,0.075,0.0,0.0,1.8,0.0,24,24,100.0,1,False,2026-05-01T00:00:00-06:00,2026-05-02T00:00:00-06:00,2026-05-01T06:00:00Z,µg/m³
logan,S6214215,15256023,6214215,low-cost,2026-05-01,2.33,0.0,0.15000000000000002,15.3,4.90063771360422,24,24,100.0,1,False,2026-05-01T00:00:00-06:00,2026-05-02T00:00:00-06:00,2026-05-01T06:00:00Z,µg/m³
logan,S305,3346,305,reference,2026-05-02,7.18,3.0,4.95,20.8,5.126430694612642,24,24,100.0,1,False,2026-05-02T00:00:00-06:00,2026-05-03T00:00:00-06:00,2026-05-02T06:00:00Z,µg/m³
logan,S6204950,15189410,6204950,low-cost,2026-05-02,0.00417,0.0,0.0,0.1,0.0242535625036333,24,24,100.0,1,False,2026-05-02T00:00:00-06:00,2026-05-03T00:00:00-06:00,2026-05-02T06:00:00Z,µg/m³
logan,S6214215,15256023,6214215,low-cost,2026-05-02,0.933,0.0,0.30000000000000004,3.2,1.2154035882590364,24,24,100.0,1,False,2026-05-02T00:00:00-06:00,2026-05-03T00:00:00-06:00,2026-05-02T06:00:00Z,µg/m³
logan,S305,3346,305,reference,2026-05-03,5.15,2.6,5.6,7.8,1.1626836772455926,24,24,100.0,1,False,2026-05-03T00:00:00-06:00,2026-05-04T00:00:00-06:00,2026-05-03T06:00:00Z,µg/m³
logan,S6204950,15189410,6204950,low-cost,2026-05-03,0.0,0.0,0.0,0.0,0.0,24,24,100.0,1,False,2026-05-03T00:00:00-06:00,2026-05-04T00:00:00-06:00,2026-05-03T06:00:00Z,µg/m³
logan,S6214215,15256023,6214215,low-cost,2026-05-03,0.667,0.0,0.0,2.3,0.843399981866116,24,24,100.0,1,False,2026-05-03T00:00:00-06:00,2026-05-04T00:00:00-06:00,2026-05-03T06:00:00Z,µg/m³
logan,S305,3346,305,reference,2026-05-04,4.67,3.2,4.45,6.9,0.8451217481705043,24,24,100.0,1,False,2026-05-04T00:00:00-06:00,2026-05-05T00:00:00-06:00,2026-05-04T06:00:00Z,µg/m³
logan,S6204950,15189410,6204950,low-cost,2026-05-04,0.0,0.0,0.0,0.0,0.0,24,24,100.0,1,False,2026-05-04T00:00:00-06:00,2026-05-05T00:00:00-06:00,2026-05-04T06:00:00Z,µg/m³
logan,S6214215,15256023,6214215,low-cost,2026-05-04,0.225,0.0,0.0,1.4,0.40583972495671383,24,24,100.0,1,False,2026-05-04T00:00:00-06:00,2026-05-05T00:00:00-06:00,2026-05-04T06:00:00Z,µg/m³
logan,S305,3346,305,reference,2026-05-05,4.59,2.2,4.65,9.1,0.41365578819969545,24,24,100.0,1,False,2026-05-05T00:00:00-06:00,2026-05-06T00:00:00-06:00,2026-05-05T06:00:00Z,µg/m³
logan,S6204950,15189410,6204950,low-cost,2026-05-05,0.0,0.0,0.0,0.0,0.0,24,24,100.0,1,False,2026-05-05T00:00:00-06:00,2026-05-06T00:00:00-06:00,2026-05-05T06:00:00Z,µg/m³
logan,S6214215,15256023,6214215,low-cost,2026-05-05,0.0292,0.0,0.0,0.4,0.044095855184409845,24,24,100.0,1,False,2026-05-05T00:00:00-06:00,2026-05-06T00:00:00-06:00,2026-05-05T06:00:00Z,µg/m³
logan,S305,3346,305,reference,2026-05-06,2.82,0.9,2.75,5.6,1.1900443410213075,24,24,100.0,1,False,2026-05-06T00:00:00-06:00,2026-05-07T00:00:00-06:00,2026-05-06T06:00:00Z,µg/m³
logan,S6204950,15189410,6204950,low-cost,2026-05-06,0.0,0.0,0.0,0.0,0.0,24,24,100.0,1,False,2026-05-06T00:00:00-06:00,2026-05-07T00:00:00-06:00,2026-05-06T06:00:00Z,µg/m³
logan,S6214215,15256023,6214215,low-cost,2026-05-06,0.0125,0.0,0.0,0.2,0.04484272031464407,24,24,100.0,1,False,2026-05-06T00:00:00-06:00,2026-05-07T00:00:00-06:00,2026-05-06T06:00:00Z,µg/m³
logan,S305,3346,305,reference,2026-05-07,5.78,4.5,5.6,8.0,0.8326413793865081,24,24,100.0,1,False,2026-05-07T00:00:00-06:00,2026-05-08T00:00:00-06:00,2026-05-07T06:00:00Z,µg/m³
logan,S6204950,15189410,6204950,low-cost,2026-05-07,0.05,0.0,0.0,0.2,0.07174300539794394,24,24,100.0,1,False,2026-05-07T00:00:00-06:00,2026-05-08T00:00:00-06:00,2026-05-07T06:00:00Z,µg/m³
logan,S6214215,15256023,6214215,low-cost,2026-05-07,0.654,0.0,0.1,3.8,0.9848857801796105,24,24,100.0,1,False,2026-05-07T00:00:00-06:00,2026-05-08T00:00:00-06:00,2026-05-07T06:00:00Z,µg/m³
logan,S305,3346,305,reference,2026-05-08,6.5,4.3,6.25,9.8,1.3244226055512787,24,24,100.0,1,False,2026-05-08T00:00:00-06:00,2026-05-09T00:00:00-06:00,2026-05-08T06:00:00Z,µg/m³
logan,S6204950,15189410,6204950,low-cost,2026-05-08,0.413,0.0,0.2,2.0,0.25265259415516267,23,24,96.0,1,False,2026-05-08T00:00:00-06:00,2026-05-09T00:00:00-06:00,2026-05-08T06:00:00Z,µg/m³
logan,S6214215,15256023,6214215,low-cost,2026-05-08,1.11,0.0,0.4,5.8,1.79033283683975,23,24,96.0,1,False,2026-05-08T00:00:00-06:00,2026-05-09T00:00:00-06:00,2026-05-08T06:00:00Z,µg/m³
logan,S305,3346,305,reference,2026-05-09,4.33,2.6,3.75,9.0,0.957775199790292,24,24,100.0,1,False,2026-05-09T00:00:00-06:00,2026-05-10T00:00:00-06:00,2026-05-09T06:00:00Z,µg/m³
logan,S6204950,15189410,6204950,low-cost,2026-05-09,0.025,0.0,0.0,0.4,0.0,24,24,100.0,1,False,2026-05-09T00:00:00-06:00,2026-05-10T00:00:00-06:00,2026-05-09T06:00:00Z,µg/m³
logan,S6214215,15256023,6214215,low-cost,2026-05-09,0.371,0.0,0.0,3.2,0.9611956402437173,24,24,100.0,1,False,2026-05-09T00:00:00-06:00,2026-05-10T00:00:00-06:00,2026-05-09T06:00:00Z,µg/m³
logan,S305,3346,305,reference,2026-05-10,5.77,4.7,5.6,7.1,0.6284523696767961,24,24,100.0,1,False,2026-05-10T00:00:00-06:00,2026-05-11T00:00:00-06:00,2026-05-10T06:00:00Z,µg/m³
logan,S6204950,15189410,6204950,low-cost,2026-05-10,0.129,0.0,0.0,1.8,0.045773770821706354,24,24,100.0,1,False,2026-05-10T00:00:00-06:00,2026-05-11T00:00:00-06:00,2026-05-10T06:00:00Z,µg/m³
logan,S6214215,15256023,6214215,low-cost,2026-05-10,0.671,0.0,0.4,2.8,0.8891943919451284,24,24,100.0,1,False,2026-05-10T00:00:00-06:00,2026-05-11T00:00:00-06:00,2026-05-10T06:00:00Z,µg/m³
logan,S305,3346,305,reference,2026-05-11,7.9,6.1,7.55,11.7,1.47731937219835,24,24,100.0,1,False,2026-05-11T00:00:00-06:00,2026-05-12T00:00:00-06:00,2026-05-11T06:00:00Z,µg/m³
logan,S6204950,15189410,6204950,low-cost,2026-05-11,0.405,0.0,0.2,2.2,0.34805582475065283,22,24,92.0,1,False,2026-05-11T00:00:00-06:00,2026-05-12T00:00:00-06:00,2026-05-11T06:00:00Z,µg/m³
logan,S6214215,15256023,6214215,low-cost,2026-05-11,1.27,0.0,1.25,3.6,1.2040803643484614,22,24,92.0,1,False,2026-05-11T00:00:00-06:00,2026-05-12T00:00:00-06:00,2026-05-11T06:00:00Z,µg/m³
logan,S305,3346,305,reference,2026-05-12,8.54,4.8,8.45,13.3,2.452719579025155,24,24,100.0,1,False,2026-05-12T00:00:00-06:00,2026-05-13T00:00:00-06:00,2026-05-12T06:00:00Z,µg/m³
logan,S6204950,15189410,6204950,low-cost,2026-05-12,0.646,0.1,0.6,1.9,0.4812743500333256,24,24,100.0,1,False,2026-05-12T00:00:00-06:00,2026-05-13T00:00:00-06:00,2026-05-12T06:00:00Z,µg/m³
logan,S6214215,15256023,6214215,low-cost,2026-05-12,1.73,0.0,1.75,5.2,1.4939321715972695,24,24,100.0,1,False,2026-05-12T00:00:00-06:00,2026-05-13T00:00:00-06:00,2026-05-12T06:00:00Z,µg/m³
logan,S305,3346,305,reference,2026-05-13,13.9,6.1,10.5,32.0,2.6196514137212534,24,24,100.0,1,False,2026-05-13T00:00:00-06:00,2026-05-14T00:00:00-06:00,2026-05-13T06:00:00Z,µg/m³
logan,S6204950,15189410,6204950,low-cost,2026-05-13,0.688,0.0,0.35,4.0,0.4867358264047165,24,24,100.0,1,False,2026-05-13T00:00:00-06:00,2026-05-14T00:00:00-06:00,2026-05-13T06:00:00Z,µg/m³
logan,S6214215,15256023,6214215,low-cost,2026-05-13,2.52,0.0,2.45,7.1,1.9559298976972266,24,24,100.0,1,False,2026-05-13T00:00:00-06:00,2026-05-14T00:00:00-06:00,2026-05-13T06:00:00Z,µg/m³
logan,S305,3346,305,reference,2026-05-14,6.52,1.7,4.15,20.4,6.0676979434818055,24,24,100.0,1,False,2026-05-14T00:00:00-06:00,2026-05-15T00:00:00-06:00,2026-05-14T06:00:00Z,µg/m³
logan,S6204950,15189410,6204950,low-cost,2026-05-14,0.796,0.0,0.0,5.2,1.773767177506676,24,24,100.0,1,False,2026-05-14T00:00:00-06:00,2026-05-15T00:00:00-06:00,2026-05-14T06:00:00Z,µg/m³
logan,S6214215,15256023,6214215,low-cost,2026-05-14,0.821,0.0,0.0,2.8,1.1544033345514597,24,24,100.0,1,False,2026-05-14T00:00:00-06:00,2026-05-15T00:00:00-06:00,2026-05-14T06:00:00Z,µg/m³
logan,S305,3346,305,reference,2026-05-15,5.25,2.4,4.85,15.1,1.0364804227126851,24,24,100.0,1,False,2026-05-15T00:00:00-06:00,2026-05-16T00:00:00-06:00,2026-05-15T06:00:00Z,µg/m³
logan,S6204950,15189410,6204950,low-cost,2026-05-15,0.0125,0.0,0.0,0.2,0.0,24,24,100.0,1,False,2026-05-15T00:00:00-06:00,2026-05-16T00:00:00-06:00,2026-05-15T06:00:00Z,µg/m³
logan,S6214215,15256023,6214215,low-cost,2026-05-15,0.125,0.0,0.0,2.6,0.05285941398709244,24,24,100.0,1,False,2026-05-15T00:00:00-06:00,2026-05-16T00:00:00-06:00,2026-05-15T06:00:00Z,µg/m³
logan,S305,3346,305,reference,2026-05-16,5.25,3.1,4.7,7.8,1.2179046213339806,24,24,100.0,1,False,2026-05-16T00:00:00-06:00,2026-05-17T00:00:00-06:00,2026-05-16T06:00:00Z,µg/m³
logan,S6204950,15189410,6204950,low-cost,2026-05-16,0.0739,0.0,0.0,0.6,0.0,23,24,96.0,1,False,2026-05-16T00:00:00-06:00,2026-05-17T00:00:00-06:00,2026-05-16T06:00:00Z,µg/m³
logan,S6214215,15256023,6214215,low-cost,2026-05-16,0.413,0.0,0.5,1.4,0.3265986323710904,23,24,96.0,1,False,2026-05-16T00:00:00-06:00,2026-05-17T00:00:00-06:00,2026-05-16T06:00:00Z,µg/m³
logan,S305,3346,305,reference,2026-05-17,2.49,1.6,2.25,3.8,0.7993486932079976,24,24,100.0,1,False,2026-05-17T00:00:00-06:00,2026-05-18T00:00:00-06:00,2026-05-17T06:00:00Z,µg/m³
logan,S6204950,15189410,6204950,low-cost,2026-05-17,0.00417,0.0,0.0,0.1,0.0242535625036333,24,24,100.0,1,False,2026-05-17T00:00:00-06:00,2026-05-18T00:00:00-06:00,2026-05-17T06:00:00Z,µg/m³
logan,S6214215,15256023,6214215,low-cost,2026-05-17,0.0,0.0,0.0,0.0,0.0,24,24,100.0,1,False,2026-05-17T00:00:00-06:00,2026-05-18T00:00:00-06:00,2026-05-17T06:00:00Z,µg/m³
logan,S305,3346,305,reference,2026-05-18,0.933,0.6,1.0,1.3,0.2353393621658208,24,24,100.0,1,False,2026-05-18T00:00:00-06:00,2026-05-19T00:00:00-06:00,2026-05-18T06:00:00Z,µg/m³
logan,S6204950,15189410,6204950,low-cost,2026-05-18,0.0,0.0,0.0,0.0,0.0,24,24,100.0,1,False,2026-05-18T00:00:00-06:00,2026-05-19T00:00:00-06:00,2026-05-18T06:00:00Z,µg/m³
logan,S6214215,15256023,6214215,low-cost,2026-05-18,0.0,0.0,0.0,0.0,0.0,24,24,100.0,1,False,2026-05-18T00:00:00-06:00,2026-05-19T00:00:00-06:00,2026-05-18T06:00:00Z,µg/m³
logan,S305,3346,305,reference,2026-05-19,2.48,1.0,2.2,5.2,1.2341888924399793,24,24,100.0,1,False,2026-05-19T00:00:00-06:00,2026-05-20T00:00:00-06:00,2026-05-19T06:00:00Z,µg/m³
logan,S6204950,15189410,6204950,low-cost,2026-05-19,0.0,0.0,0.0,0.0,0.0,22,24,92.0,1,False,2026-05-19T00:00:00-06:00,2026-05-20T00:00:00-06:00,2026-05-19T06:00:00Z,µg/m³
logan,S6214215,15256023,6214215,low-cost,2026-05-19,0.00833,0.0,0.0,0.1,0.034156502553198666,24,24,100.0,1,False,2026-05-19T00:00:00-06:00,2026-05-20T00:00:00-06:00,2026-05-19T06:00:00Z,µg/m³
logan,S305,3346,305,reference,2026-05-20,4.08,2.8,3.9,7.1,0.5319774431308155,24,24,100.0,1,False,2026-05-20T00:00:00-06:00,2026-05-21T00:00:00-06:00,2026-05-20T06:00:00Z,µg/m³
logan,S6214215,15256023,6214215,low-cost,2026-05-20,0.104,0.0,0.0,0.9,0.2448639077800837,24,24,100.0,1,False,2026-05-20T00:00:00-06:00,2026-05-21T00:00:00-06:00,2026-05-20T06:00:00Z,µg/m³
logan,S305,3346,305,reference,2026-05-21,3.72,1.9,3.7,5.7,0.7582561446848822,24,24,100.0,1,False,2026-05-21T00:00:00-06:00,2026-05-22T00:00:00-06:00,2026-05-21T06:00:00Z,µg/m³
logan,S6204950,15189410,6204950,low-cost,2026-05-21,0.0,0.0,0.0,0.0,,6,24,25.0,0,False,2026-05-21T00:00:00-06:00,2026-05-22T00:00:00-06:00,2026-05-21T06:00:00Z,µg/m³
logan,S6214215,15256023,6214215,low-cost,2026-05-21,0.00417,0.0,0.0,0.1,0.025,24,24,100.0,1,False,2026-05-21T00:00:00-06:00,2026-05-22T00:00:00-06:00,2026-05-21T06:00:00Z,µg/m³
logan,S305,3346,305,reference,2026-05-22,4.87,1.7,3.7,14.1,1.6897731603186663,24,24,100.0,1,False,2026-05-22T00:00:00-06:00,2026-05-23T00:00:00-06:00,2026-05-22T06:00:00Z,µg/m³
logan,S6204950,15189410,6204950,low-cost,2026-05-22,1.58,0.0,0.0,35.3,0.0,24,24,100.0,1,False,2026-05-22T00:00:00-06:00,2026-05-23T00:00:00-06:00,2026-05-22T06:00:00Z,µg/m³
logan,S6214215,15256023,6214215,low-cost,2026-05-22,0.025,0.0,0.0,0.5,0.0242535625036333,24,24,100.0,1,False,2026-05-22T00:00:00-06:00,2026-05-23T00:00:00-06:00,2026-05-22T06:00:00Z,µg/m³
logan,S305,3346,305,reference,2026-05-23,6.45,2.5,6.6,12.4,1.8841443681416772,24,24,100.0,1,False,2026-05-23T00:00:00-06:00,2026-05-24T00:00:00-06:00,2026-05-23T06:00:00Z,µg/m³
logan,S6204950,15189410,6204950,low-cost,2026-05-23,0.0087,0.0,0.0,0.1,0.025000000000000005,23,24,96.0,1,False,2026-05-23T00:00:00-06:00,2026-05-24T00:00:00-06:00,2026-05-23T06:00:00Z,µg/m³
logan,S6214215,15256023,6214215,low-cost,2026-05-23,0.604,0.0,0.30000000000000004,3.5,0.5046839430306269,24,24,100.0,1,False,2026-05-23T00:00:00-06:00,2026-05-24T00:00:00-06:00,2026-05-23T06:00:00Z,µg/m³
logan,S305,3346,305,reference,2026-05-24,6.24,3.9,5.199999999999999,22.2,4.382693235899587,24,24,100.0,1,False,2026-05-24T00:00:00-06:00,2026-05-25T00:00:00-06:00,2026-05-24T06:00:00Z,µg/m³
logan,S6204950,15189410,6204950,low-cost,2026-05-24,0.0625,0.0,0.0,0.4,0.04925921830718891,24,24,100.0,1,False,2026-05-24T00:00:00-06:00,2026-05-25T00:00:00-06:00,2026-05-24T06:00:00Z,µg/m³
logan,S6214215,15256023,6214215,low-cost,2026-05-24,0.621,0.0,0.1,2.6,0.9448000099616476,24,24,100.0,1,False,2026-05-24T00:00:00-06:00,2026-05-25T00:00:00-06:00,2026-05-24T06:00:00Z,µg/m³
logan,S305,3346,305,reference,2026-05-25,5.7,3.5,5.4,8.9,1.3634958302543054,24,24,100.0,1,False,2026-05-25T00:00:00-06:00,2026-05-26T00:00:00-06:00,2026-05-25T06:00:00Z,µg/m³
logan,S6204950,15189410,6204950,low-cost,2026-05-25,0.75,0.0,0.2,12.4,0.22654696954884365,24,24,100.0,1,False,2026-05-25T00:00:00-06:00,2026-05-26T00:00:00-06:00,2026-05-25T06:00:00Z,µg/m³
logan,S6214215,15256023,6214215,low-cost,2026-05-25,1.17,0.0,0.15000000000000002,4.9,1.661745184684923,24,24,100.0,1,False,2026-05-25T00:00:00-06:00,2026-05-26T00:00:00-06:00,2026-05-25T06:00:00Z,µg/m³
logan,S305,3346,305,reference,2026-05-26,4.6,3.3,4.199999999999999,7.4,0.9828317930008844,24,24,100.0,1,False,2026-05-26T00:00:00-06:00,2026-05-27T00:00:00-06:00,2026-05-26T06:00:00Z,µg/m³
logan,S6204950,15189410,6204950,low-cost,2026-05-26,0.025,0.0,0.0,0.3,0.07859052479933758,24,24,100.0,1,False,2026-05-26T00:00:00-06:00,2026-05-27T00:00:00-06:00,2026-05-26T06:00:00Z,µg/m³
logan,S6214215,15256023,6214215,low-cost,2026-05-26,0.0667,0.0,0.0,0.6,0.19852396506689654,24,24,100.0,1,False,2026-05-26T00:00:00-06:00,2026-05-27T00:00:00-06:00,2026-05-26T06:00:00Z,µg/m³
logan,S305,3346,305,reference,2026-05-27,5.09,3.8,4.75,7.6,1.257510768674898,24,24,100.0,1,False,2026-05-27T00:00:00-06:00,2026-05-28T00:00:00-06:00,2026-05-27T06:00:00Z,µg/m³
logan,S6204950,15189410,6204950,low-cost,2026-05-27,0.0125,0.0,0.0,0.2,0.0,24,24,100.0,1,False,2026-05-27T00:00:00-06:00,2026-05-28T00:00:00-06:00,2026-05-27T06:00:00Z,µg/m³
logan,S6214215,15256023,6214215,low-cost,2026-05-27,0.0542,0.0,0.0,0.5,0.16931233465600393,24,24,100.0,1,False,2026-05-27T00:00:00-06:00,2026-05-28T00:00:00-06:00,2026-05-27T06:00:00Z,µg/m³
logan,S305,3346,305,reference,2026-05-28,6.18,3.9,5.55,14.0,2.9868601127828764,24,24,100.0,1,False,2026-05-28T00:00:00-06:00,2026-05-29T00:00:00-06:00,2026-05-28T06:00:00Z,µg/m³
logan,S6204950,15189410,6204950,low-cost,2026-05-28,0.0458,0.0,0.0,0.7,0.16934128435864448,24,24,100.0,1,False,2026-05-28T00:00:00-06:00,2026-05-29T00:00:00-06:00,2026-05-28T06:00:00Z,µg/m³
logan,S6214215,15256023,6214215,low-cost,2026-05-28,0.279,0.0,0.0,1.6,0.47988969320778174,24,24,100.0,1,False,2026-05-28T00:00:00-06:00,2026-05-29T00:00:00-06:00,2026-05-28T06:00:00Z,µg/m³
logan,S305,3346,305,reference,2026-05-29,6.07,3.9,5.25,11.1,2.4273283825891943,24,24,100.0,1,False,2026-05-29T00:00:00-06:00,2026-05-30T00:00:00-06:00,2026-05-29T06:00:00Z,µg/m³
logan,S6204950,15189410,6204950,low-cost,2026-05-29,0.0,0.0,0.0,0.0,0.0,24,24,100.0,1,False,2026-05-29T00:00:00-06:00,2026-05-30T00:00:00-06:00,2026-05-29T06:00:00Z,µg/m³
logan,S6214215,15256023,6214215,low-cost,2026-05-29,0.175,0.0,0.0,1.1,0.3575378767813745,24,24,100.0,1,False,2026-05-29T00:00:00-06:00,2026-05-30T00:00:00-06:00,2026-05-29T06:00:00Z,µg/m³
logan,S305,3346,305,reference,2026-05-30,5.6,4.0,5.1,9.2,0.7213007176446765,24,24,100.0,1,False,2026-05-30T00:00:00-06:00,2026-05-31T00:00:00-06:00,2026-05-30T06:00:00Z,µg/m³
logan,S6204950,15189410,6204950,low-cost,2026-05-30,0.00833,0.0,0.0,0.2,0.0,24,24,100.0,1,False,2026-05-30T00:00:00-06:00,2026-05-31T00:00:00-06:00,2026-05-30T06:00:00Z,µg/m³
logan,S6214215,15256023,6214215,low-cost,2026-05-30,0.371,0.0,0.0,2.9,0.07859052479933758,24,24,100.0,1,False,2026-05-30T00:00:00-06:00,2026-05-31T00:00:00-06:00,2026-05-30T06:00:00Z,µg/m³
logan,S305,3346,305,reference,2026-05-31,5.14,3.0,4.949999999999999,8.5,1.4021046451308248,24,24,100.0,1,False,2026-05-31T00:00:00-06:00,2026-06-01T00:00:00-06:00,2026-05-31T06:00:00Z,µg/m³
logan,S6204950,15189410,6204950,low-cost,2026-05-31,1.51,0.0,0.0,29.9,7.454439393184886,24,24,100.0,1,False,2026-05-31T00:00:00-06:00,2026-06-01T00:00:00-06:00,2026-05-31T06:00:00Z,µg/m³
logan,S6214215,15256023,6214215,low-cost,2026-05-31,0.921,0.0,0.0,5.6,1.8248287590894658,24,24,100.0,1,False,2026-05-31T00:00:00-06:00,2026-06-01T00:00:00-06:00,2026-05-31T06:00:00Z,µg/m³
logan,S305,3346,305,reference,2026-06-01,5.2,2.7,5.050000000000001,8.2,1.6114364004599353,24,24,100.0,1,False,2026-06-01T00:00:00-06:00,2026-06-02T00:00:00-06:00,2026-06-01T06:00:00Z,µg/m³
logan,S6204950,15189410,6204950,low-cost,2026-06-01,0.371,0.0,0.1,3.6,0.9548996456870917,24,24,100.0,1,False,2026-06-01T00:00:00-06:00,2026-06-02T00:00:00-06:00,2026-06-01T06:00:00Z,µg/m³
logan,S6214215,15256023,6214215,low-cost,2026-06-01,0.988,0.0,0.15000000000000002,3.9,1.474547953328974,24,24,100.0,1,False,2026-06-01T00:00:00-06:00,2026-06-02T00:00:00-06:00,2026-06-01T06:00:00Z,µg/m³
logan,S305,3346,305,reference,2026-06-02,5.16,2.4,5.15,8.7,1.844270406782404,24,24,100.0,1,False,2026-06-02T00:00:00-06:00,2026-06-03T00:00:00-06:00,2026-06-02T06:00:00Z,µg/m³
logan,S6204950,15189410,6204950,low-cost,2026-06-02,0.138,0.0,0.0,0.7,0.24614677591656092,24,24,100.0,1,False,2026-06-02T00:00:00-06:00,2026-06-03T00:00:00-06:00,2026-06-02T06:00:00Z,µg/m³
logan,S6214215,15256023,6214215,low-cost,2026-06-02,0.983,0.0,0.4,3.7,1.3449251017851382,24,24,100.0,1,False,2026-06-02T00:00:00-06:00,2026-06-03T00:00:00-06:00,2026-06-02T06:00:00Z,µg/m³
logan,S305,3346,305,reference,2026-06-03,4.64,2.8,4.449999999999999,8.6,1.4293624183799303,24,24,100.0,1,False,2026-06-03T00:00:00-06:00,2026-06-04T00:00:00-06:00,2026-06-03T06:00:00Z,µg/m³
logan,S6204950,15189410,6204950,low-cost,2026-06-03,0.133,0.0,0.0,1.9,0.0,24,24,100.0,1,False,2026-06-03T00:00:00-06:00,2026-06-04T00:00:00-06:00,2026-06-03T06:00:00Z,µg/m³
logan,S6214215,15256023,6214215,low-cost,2026-06-03,0.638,0.0,0.15000000000000002,4.0,1.1515015772255552,24,24,100.0,1,False,2026-06-03T00:00:00-06:00,2026-06-04T00:00:00-06:00,2026-06-03T06:00:00Z,µg/m³
logan,S305,3346,305,reference,2026-06-04,6.78,5.1,6.65,9.8,1.3835771443203717,24,24,100.0,1,False,2026-06-04T00:00:00-06:00,2026-06-05T00:00:00-06:00,2026-06-04T06:00:00Z,µg/m³
logan,S6204950,15189410,6204950,low-cost,2026-06-04,0.283,0.0,0.3,0.7,0.1736290840370052,24,24,100.0,1,False,2026-06-04T00:00:00-06:00,2026-06-05T00:00:00-06:00,2026-06-04T06:00:00Z,µg/m³
logan,S6214215,15256023,6214215,low-cost,2026-06-04,1.03,0.0,0.5,3.8,1.2543746977490182,24,24,100.0,1,False,2026-06-04T00:00:00-06:00,2026-06-05T00:00:00-06:00,2026-06-04T06:00:00Z,µg/m³
logan,S305,3346,305,reference,2026-06-05,6.97,3.8,6.9,14.7,2.5186553952456454,24,24,100.0,1,False,2026-06-05T00:00:00-06:00,2026-06-06T00:00:00-06:00,2026-06-05T06:00:00Z,µg/m³
logan,S6204950,15189410,6204950,low-cost,2026-06-05,0.442,0.0,0.4,2.7,0.24941107103122184,24,24,100.0,1,False,2026-06-05T00:00:00-06:00,2026-06-06T00:00:00-06:00,2026-06-05T06:00:00Z,µg/m³
logan,S6214215,15256023,6214215,low-cost,2026-06-05,1.4,0.0,0.75,4.9,1.6309281009867467,24,24,100.0,1,False,2026-06-05T00:00:00-06:00,2026-06-06T00:00:00-06:00,2026-06-05T06:00:00Z,µg/m³
logan,S305,3346,305,reference,2026-06-06,8.13,4.0,7.15,16.7,3.466416587204134,24,24,100.0,1,False,2026-06-06T00:00:00-06:00,2026-06-07T00:00:00-06:00,2026-06-06T06:00:00Z,µg/m³
logan,S6204950,15189410,6204950,low-cost,2026-06-06,3.34,0.0,0.3,41.2,0.17863864281247313,24,24,100.0,1,False,2026-06-06T00:00:00-06:00,2026-06-07T00:00:00-06:00,2026-06-06T06:00:00Z,µg/m³
logan,S6214215,15256023,6214215,low-cost,2026-06-06,1.2,0.0,1.05,4.6,1.0216768223913886,24,24,100.0,1,False,2026-06-06T00:00:00-06:00,2026-06-07T00:00:00-06:00,2026-06-06T06:00:00Z,µg/m³
logan,S305,3346,305,reference,2026-06-07,5.93,3.3,4.800000000000001,10.7,2.120957693699131,24,24,100.0,1,False,2026-06-07T00:00:00-06:00,2026-06-08T00:00:00-06:00,2026-06-07T06:00:00Z,µg/m³
logan,S6204950,15189410,6204950,low-cost,2026-06-07,3.38,0.0,2.65,23.3,5.430787777325952,24,24,100.0,1,False,2026-06-07T00:00:00-06:00,2026-06-08T00:00:00-06:00,2026-06-07T06:00:00Z,µg/m³
logan,S6214215,15256023,6214215,low-cost,2026-06-07,1.28,0.0,0.0,4.7,1.9858506845119224,24,24,100.0,1,False,2026-06-07T00:00:00-06:00,2026-06-08T00:00:00-06:00,2026-06-07T06:00:00Z,µg/m³
logan,S305,3346,305,reference,2026-06-08,7.19,1.8,6.3,15.0,2.5903455580076784,24,24,100.0,1,False,2026-06-08T00:00:00-06:00,2026-06-09T00:00:00-06:00,2026-06-08T06:00:00Z,µg/m³
logan,S6204950,15189410,6204950,low-cost,2026-06-08,0.0,0.0,0.0,0.0,0.0,24,24,100.0,1,False,2026-06-08T00:00:00-06:00,2026-06-09T00:00:00-06:00,2026-06-08T06:00:00Z,µg/m³
logan,S6214215,15256023,6214215,low-cost,2026-06-08,0.0333,0.0,0.0,0.6,0.0,24,24,100.0,1,False,2026-06-08T00:00:00-06:00,2026-06-09T00:00:00-06:00,2026-06-08T06:00:00Z,µg/m³
logan,S305,3346,305,reference,2026-06-09,5.27,2.0,5.050000000000001,10.6,2.1350365224934564,24,24,100.0,1,False,2026-06-09T00:00:00-06:00,2026-06-10T00:00:00-06:00,2026-06-09T06:00:00Z,µg/m³
logan,S6204950,15189410,6204950,low-cost,2026-06-09,2.99,0.0,0.0,31.0,0.0,24,24,100.0,1,False,2026-06-09T00:00:00-06:00,2026-06-10T00:00:00-06:00,2026-06-09T06:00:00Z,µg/m³
logan,S6214215,15256023,6214215,low-cost,2026-06-09,0.0167,0.0,0.0,0.3,0.07745966692414835,24,24,100.0,1,False,2026-06-09T00:00:00-06:00,2026-06-10T00:00:00-06:00,2026-06-09T06:00:00Z,µg/m³
logan,S305,3346,305,reference,2026-06-10,4.19,1.8,4.1,6.9,1.7787167659111252,24,24,100.0,1,False,2026-06-10T00:00:00-06:00,2026-06-11T00:00:00-06:00,2026-06-10T06:00:00Z,µg/m³
logan,S6204950,15189410,6204950,low-cost,2026-06-10,0.0,0.0,0.0,0.0,0.0,24,24,100.0,1,False,2026-06-10T00:00:00-06:00,2026-06-11T00:00:00-06:00,2026-06-10T06:00:00Z,µg/m³
logan,S6214215,15256023,6214215,low-cost,2026-06-10,0.0958,0.0,0.0,0.8,0.25552234083669995,24,24,100.0,1,False,2026-06-10T00:00:00-06:00,2026-06-11T00:00:00-06:00,2026-06-10T06:00:00Z,µg/m³
logan,S305,3346,305,reference,2026-06-11,3.28,0.9,2.6,8.6,2.2342784070030306,24,24,100.0,1,False,2026-06-11T00:00:00-06:00,2026-06-12T00:00:00-06:00,2026-06-11T06:00:00Z,µg/m³
logan,S6204950,15189410,6204950,low-cost,2026-06-11,0.0,0.0,0.0,0.0,0.0,24,24,100.0,1,False,2026-06-11T00:00:00-06:00,2026-06-12T00:00:00-06:00,2026-06-11T06:00:00Z,µg/m³
logan,S6214215,15256023,6214215,low-cost,2026-06-11,0.0333,0.0,0.0,0.5,0.0727606875108999,24,24,100.0,1,False,2026-06-11T00:00:00-06:00,2026-06-12T00:00:00-06:00,2026-06-11T06:00:00Z,µg/m³
logan,S305,3346,305,reference,2026-06-12,5.24,2.4,5.5,9.2,1.9268281362557134,24,24,100.0,1,False,2026-06-12T00:00:00-06:00,2026-06-13T00:00:00-06:00,2026-06-12T06:00:00Z,µg/m³
logan,S6204950,15189410,6204950,low-cost,2026-06-12,0.0125,0.0,0.0,0.3,0.0727606875108999,24,24,100.0,1,False,2026-06-12T00:00:00-06:00,2026-06-13T00:00:00-06:00,2026-06-12T06:00:00Z,µg/m³
logan,S6214215,15256023,6214215,low-cost,2026-06-12,0.00833,0.0,0.0,0.1,0.03321055820775358,24,24,100.0,1,False,2026-06-12T00:00:00-06:00,2026-06-13T00:00:00-06:00,2026-06-12T06:00:00Z,µg/m³
logan,S305,3346,305,reference,2026-06-13,5.5,2.7,5.2,12.4,2.7808529010256655,24,24,100.0,1,False,2026-06-13T00:00:00-06:00,2026-06-14T00:00:00-06:00,2026-06-13T06:00:00Z,µg/m³
logan,S6204950,15189410,6204950,low-cost,2026-06-13,0.621,0.0,0.0,6.8,0.21828206253269966,24,24,100.0,1,False,2026-06-13T00:00:00-06:00,2026-06-14T00:00:00-06:00,2026-06-13T06:00:00Z,µg/m³
logan,S6214215,15256023,6214215,low-cost,2026-06-13,0.179,0.0,0.0,1.1,0.3318841045056684,24,24,100.0,1,False,2026-06-13T00:00:00-06:00,2026-06-14T00:00:00-06:00,2026-06-13T06:00:00Z,µg/m³
logan,S305,3346,305,reference,2026-06-14,3.9,2.9,3.9,5.6,0.6696125389962111,24,24,100.0,1,False,2026-06-14T00:00:00-06:00,2026-06-15T00:00:00-06:00,2026-06-14T06:00:00Z,µg/m³
logan,S6204950,15189410,6204950,low-cost,2026-06-14,0.9,0.0,0.0,16.4,0.0242535625036333,20,24,83.0,1,False,2026-06-14T00:00:00-06:00,2026-06-15T00:00:00-06:00,2026-06-14T06:00:00Z,µg/m³
logan,S6214215,15256023,6214215,low-cost,2026-06-14,0.171,0.0,0.0,1.5,0.38415300260672797,24,24,100.0,1,False,2026-06-14T00:00:00-06:00,2026-06-15T00:00:00-06:00,2026-06-14T06:00:00Z,µg/m³
logan,S305,3346,305,reference,2026-06-15,5.32,2.5,4.9,11.5,2.325680089519597,23,24,96.0,1,False,2026-06-15T00:00:00-06:00,2026-06-16T00:00:00-06:00,2026-06-15T06:00:00Z,µg/m³
logan,S6214215,15256023,6214215,low-cost,2026-06-15,0.458,0.0,0.1,2.0,0.7243387789333571,24,24,100.0,1,False,2026-06-15T00:00:00-06:00,2026-06-16T00:00:00-06:00,2026-06-15T06:00:00Z,µg/m³
logan,S305,3346,305,reference,2026-06-16,5.21,2.6,4.75,9.9,1.9663841605003503,24,24,100.0,1,False,2026-06-16T00:00:00-06:00,2026-06-17T00:00:00-06:00,2026-06-16T06:00:00Z,µg/m³
logan,S6214215,15256023,6214215,low-cost,2026-06-16,1.15,0.0,0.9,3.1,1.1073617295175051,24,24,100.0,1,False,2026-06-16T00:00:00-06:00,2026-06-17T00:00:00-06:00,2026-06-16T06:00:00Z,µg/m³
logan,S305,3346,305,reference,2026-06-17,3.72,2.4,3.7,5.7,0.9776672917374977,24,24,100.0,1,False,2026-06-17T00:00:00-06:00,2026-06-18T00:00:00-06:00,2026-06-17T06:00:00Z,µg/m³
logan,S6204950,15189410,6204950,low-cost,2026-06-17,13.6,0.0,6.3,32.8,2.545584412271571,9,24,38.0,0,False,2026-06-17T00:00:00-06:00,2026-06-18T00:00:00-06:00,2026-06-17T06:00:00Z,µg/m³
logan,S6214215,15256023,6214215,low-cost,2026-06-17,1.34,0.0,0.0,6.8,2.216830673572999,24,24,100.0,1,False,2026-06-17T00:00:00-06:00,2026-06-18T00:00:00-06:00,2026-06-17T06:00:00Z,µg/m³
logan,S305,3346,305,reference,2026-06-18,5.67,3.3,5.6,7.6,1.2186741429384091,24,24,100.0,1,False,2026-06-18T00:00:00-06:00,2026-06-19T00:00:00-06:00,2026-06-18T06:00:00Z,µg/m³
logan,S6204950,15189410,6204950,low-cost,2026-06-18,2.03,0.0,0.4,17.7,0.33166247903553997,14,24,58.0,0,False,2026-06-18T00:00:00-06:00,2026-06-19T00:00:00-06:00,2026-06-18T06:00:00Z,µg/m³
logan,S6214215,15256023,6214215,low-cost,2026-06-18,0.0958,0.0,0.0,0.6,0.13200935795706037,24,24,100.0,1,False,2026-06-18T00:00:00-06:00,2026-06-19T00:00:00-06:00,2026-06-18T06:00:00Z,µg/m³
logan,S305,3346,305,reference,2026-06-19,7.53,3.8,7.4,14.3,2.916178190388104,24,24,100.0,1,False,2026-06-19T00:00:00-06:00,2026-06-20T00:00:00-06:00,2026-06-19T06:00:00Z,µg/m³
logan,S6204950,15189410,6204950,low-cost,2026-06-19,0.592,0.0,0.45,2.0,0.44597876499170835,24,24,100.0,1,False,2026-06-19T00:00:00-06:00,2026-06-20T00:00:00-06:00,2026-06-19T06:00:00Z,µg/m³
logan,S6214215,15256023,6214215,low-cost,2026-06-19,0.875,0.0,0.75,3.4,0.983279327197576,24,24,100.0,1,False,2026-06-19T00:00:00-06:00,2026-06-20T00:00:00-06:00,2026-06-19T06:00:00Z,µg/m³
logan,S305,3346,305,reference,2026-06-20,6.93,2.9,7.65,8.7,0.7080489625254268,24,24,100.0,1,False,2026-06-20T00:00:00-06:00,2026-06-21T00:00:00-06:00,2026-06-20T06:00:00Z,µg/m³
logan,S6204950,15189410,6204950,low-cost,2026-06-20,2.76,0.0,2.9,4.6,0.8839306156782516,24,24,100.0,1,False,2026-06-20T00:00:00-06:00,2026-06-21T00:00:00-06:00,2026-06-20T06:00:00Z,µg/m³
logan,S6214215,15256023,6214215,low-cost,2026-06-20,1.75,0.0,1.7,4.5,1.163328557774343,24,24,100.0,1,False,2026-06-20T00:00:00-06:00,2026-06-21T00:00:00-06:00,2026-06-20T06:00:00Z,µg/m³
logan,S305,3346,305,reference,2026-06-21,4.88,2.2,4.5,8.5,2.146586437424157,24,24,100.0,1,False,2026-06-21T00:00:00-06:00,2026-06-22T00:00:00-06:00,2026-06-21T06:00:00Z,µg/m³
logan,S6204950,15189410,6204950,low-cost,2026-06-21,4.35,0.6,1.45,54.6,13.048185584931858,24,24,100.0,1,False,2026-06-21T00:00:00-06:00,2026-06-22T00:00:00-06:00,2026-06-21T06:00:00Z,µg/m³
logan,S6214215,15256023,6214215,low-cost,2026-06-21,2.33,0.0,2.25,6.7,2.266086286711856,24,24,100.0,1,False,2026-06-21T00:00:00-06:00,2026-06-22T00:00:00-06:00,2026-06-21T06:00:00Z,µg/m³
logan,S305,3346,305,reference,2026-06-22,6.0,3.4,5.55,10.8,2.0921097191407236,24,24,100.0,1,False,2026-06-22T00:00:00-06:00,2026-06-23T00:00:00-06:00,2026-06-22T06:00:00Z,µg/m³
logan,S6204950,15189410,6204950,low-cost,2026-06-22,1.17,0.3,1.1,2.3,0.6262634288803244,24,24,100.0,1,False,2026-06-22T00:00:00-06:00,2026-06-23T00:00:00-06:00,2026-06-22T06:00:00Z,µg/m³
logan,S6214215,15256023,6214215,low-cost,2026-06-22,1.9,0.0,1.2000000000000002,5.4,1.902011319320558,24,24,100.0,1,False,2026-06-22T00:00:00-06:00,2026-06-23T00:00:00-06:00,2026-06-22T06:00:00Z,µg/m³
logan,S305,3346,305,reference,2026-06-23,11.3,5.6,9.6,25.7,6.046124791963857,24,24,100.0,1,False,2026-06-23T00:00:00-06:00,2026-06-24T00:00:00-06:00,2026-06-23T06:00:00Z,µg/m³
logan,S6204950,15189410,6204950,low-cost,2026-06-23,7.16,0.6,1.2999999999999998,26.9,5.770669371918651,20,24,83.0,1,False,2026-06-23T00:00:00-06:00,2026-06-24T00:00:00-06:00,2026-06-23T06:00:00Z,µg/m³
logan,S6214215,15256023,6214215,low-cost,2026-06-23,7.32,0.5,4.8,29.0,9.393792276462863,24,24,100.0,1,False,2026-06-23T00:00:00-06:00,2026-06-24T00:00:00-06:00,2026-06-23T06:00:00Z,µg/m³
logan,S305,3346,305,reference,2026-06-24,13.3,5.6,13.55,27.0,2.8768544743637396,24,24,100.0,1,False,2026-06-24T00:00:00-06:00,2026-06-25T00:00:00-06:00,2026-06-24T06:00:00Z,µg/m³
logan,S6204950,15189410,6204950,low-cost,2026-06-24,12.1,1.2,10.4,36.9,3.584679098946549,19,24,79.0,1,False,2026-06-24T00:00:00-06:00,2026-06-25T00:00:00-06:00,2026-06-24T06:00:00Z,µg/m³
logan,S6214215,15256023,6214215,low-cost,2026-06-24,11.2,0.1,11.350000000000001,35.2,4.938124495130895,24,24,100.0,1,False,2026-06-24T00:00:00-06:00,2026-06-25T00:00:00-06:00,2026-06-24T06:00:00Z,µg/m³
logan,S305,3346,305,reference,2026-06-25,11.4,2.6,11.05,22.6,5.554802726770172,24,24,100.0,1,False,2026-06-25T00:00:00-06:00,2026-06-26T00:00:00-06:00,2026-06-25T06:00:00Z,µg/m³
logan,S6204950,15189410,6204950,low-cost,2026-06-25,5.47,0.4,5.1,15.9,1.3176458083227356,11,24,46.0,0,False,2026-06-25T00:00:00-06:00,2026-06-26T00:00:00-06:00,2026-06-25T06:00:00Z,µg/m³
logan,S6214215,15256023,6214215,low-cost,2026-06-25,8.51,0.1,6.85,25.1,8.179545117751557,24,24,100.0,1,False,2026-06-25T00:00:00-06:00,2026-06-26T00:00:00-06:00,2026-06-25T06:00:00Z,µg/m³
logan,S305,3346,305,reference,2026-06-26,6.01,3.0,5.949999999999999,10.1,1.883956386614793,24,24,100.0,1,False,2026-06-26T00:00:00-06:00,2026-06-27T00:00:00-06:00,2026-06-26T06:00:00Z,µg/m³
logan,S6204950,15189410,6204950,low-cost,2026-06-26,0.375,0.0,0.3,1.0,0.3239727354783629,24,24,100.0,1,False,2026-06-26T00:00:00-06:00,2026-06-27T00:00:00-06:00,2026-06-26T06:00:00Z,µg/m³
logan,S6214215,15256023,6214215,low-cost,2026-06-26,1.36,0.0,0.55,4.8,1.8118130882258983,24,24,100.0,1,False,2026-06-26T00:00:00-06:00,2026-06-27T00:00:00-06:00,2026-06-26T06:00:00Z,µg/m³
logan,S305,3346,305,reference,2026-06-27,3.01,0.6,2.7,8.2,1.832927985492065,24,24,100.0,1,False,2026-06-27T00:00:00-06:00,2026-06-28T00:00:00-06:00,2026-06-27T06:00:00Z,µg/m³
logan,S6204950,15189410,6204950,low-cost,2026-06-27,0.05,0.0,0.0,0.4,0.13870146083619753,24,24,100.0,1,False,2026-06-27T00:00:00-06:00,2026-06-28T00:00:00-06:00,2026-06-27T06:00:00Z,µg/m³
logan,S6214215,15256023,6214215,low-cost,2026-06-27,0.0667,0.0,0.0,0.9,0.25485756993344527,24,24,100.0,1,False,2026-06-27T00:00:00-06:00,2026-06-28T00:00:00-06:00,2026-06-27T06:00:00Z,µg/m³
logan,S305,3346,305,reference,2026-06-28,0.95,0.6,0.8500000000000001,1.7,0.3553753883806061,24,24,100.0,1,False,2026-06-28T00:00:00-06:00,2026-06-29T00:00:00-06:00,2026-06-28T06:00:00Z,µg/m³
logan,S6204950,15189410,6204950,low-cost,2026-06-28,0.0,0.0,0.0,0.0,0.0,24,24,100.0,1,False,2026-06-28T00:00:00-06:00,2026-06-29T00:00:00-06:00,2026-06-28T06:00:00Z,µg/m³
logan,S6214215,15256023,6214215,low-cost,2026-06-28,0.0292,0.0,0.0,0.6,0.1460257833800754,24,24,100.0,1,False,2026-06-28T00:00:00-06:00,2026-06-29T00:00:00-06:00,2026-06-28T06:00:00Z,µg/m³
logan,S305,3346,305,reference,2026-06-29,1.44,0.9,1.3,2.7,0.5539567960302788,24,24,100.0,1,False,2026-06-29T00:00:00-06:00,2026-06-30T00:00:00-06:00,2026-06-29T06:00:00Z,µg/m³
logan,S6204950,15189410,6204950,low-cost,2026-06-29,0.025,0.0,0.0,0.6,0.0,24,24,100.0,1,False,2026-06-29T00:00:00-06:00,2026-06-30T00:00:00-06:00,2026-06-29T06:00:00Z,µg/m³
logan,S6214215,15256023,6214215,low-cost,2026-06-29,0.0,0.0,0.0,0.0,0.0,24,24,100.0,1,False,2026-06-29T00:00:00-06:00,2026-06-30T00:00:00-06:00,2026-06-29T06:00:00Z,µg/m³
logan,S305,3346,305,reference,2026-06-30,2.75,0.6,3.0,6.8,1.8804254837669054,24,24,100.0,1,False,2026-06-30T00:00:00-06:00,2026-07-01T00:00:00-06:00,2026-06-30T06:00:00Z,µg/m³
logan,S6204950,15189410,6204950,low-cost,2026-06-30,0.0,0.0,0.0,0.0,0.0,24,24,100.0,1,False,2026-06-30T00:00:00-06:00,2026-07-01T00:00:00-06:00,2026-06-30T06:00:00Z,µg/m³
logan,S6214215,15256023,6214215,low-cost,2026-06-30,0.025,0.0,0.0,0.4,0.09963167462326071,24,24,100.0,1,False,2026-06-30T00:00:00-06:00,2026-07-01T00:00:00-06:00,2026-06-30T06:00:00Z,µg/m³
logan,S305,3346,305,reference,2026-07-01,4.38,1.9,3.6,9.4,0.9811083168599506,24,24,100.0,1,False,2026-07-01T00:00:00-06:00,2026-07-02T00:00:00-06:00,2026-07-01T06:00:00Z,µg/m³
logan,S6204950,15189410,6204950,low-cost,2026-07-01,0.158,0.0,0.0,1.3,0.31599516005228717,24,24,100.0,1,False,2026-07-01T00:00:00-06:00,2026-07-02T00:00:00-06:00,2026-07-01T06:00:00Z,µg/m³
logan,S6214215,15256023,6214215,low-cost,2026-07-01,0.125,0.0,0.0,0.7,0.21659123875605482,24,24,100.0,1,False,2026-07-01T00:00:00-06:00,2026-07-02T00:00:00-06:00,2026-07-01T06:00:00Z,µg/m³
logan,S305,3346,305,reference,2026-07-02,6.03,3.6,5.15,11.5,2.5507433557037182,24,24,100.0,1,False,2026-07-02T00:00:00-06:00,2026-07-03T00:00:00-06:00,2026-07-02T06:00:00Z,µg/m³
logan,S6204950,15189410,6204950,low-cost,2026-07-02,0.808,0.0,0.15000000000000002,2.6,1.0356512585864823,24,24,100.0,1,False,2026-07-02T00:00:00-06:00,2026-07-03T00:00:00-06:00,2026-07-02T06:00:00Z,µg/m³
logan,S6214215,15256023,6214215,low-cost,2026-07-02,0.483,0.0,0.1,2.2,0.6966305460192359,24,24,100.0,1,False,2026-07-02T00:00:00-06:00,2026-07-03T00:00:00-06:00,2026-07-02T06:00:00Z,µg/m³
logan,S305,3346,305,reference,2026-07-03,6.72,4.6,6.5,10.3,1.3196200433547258,24,24,100.0,1,False,2026-07-03T00:00:00-06:00,2026-07-04T00:00:00-06:00,2026-07-03T06:00:00Z,µg/m³
logan,S6204950,15189410,6204950,low-cost,2026-07-03,0.0583,0.0,0.0,0.9,0.05773502691896258,24,24,100.0,1,False,2026-07-03T00:00:00-06:00,2026-07-04T00:00:00-06:00,2026-07-03T06:00:00Z,µg/m³
logan,S6214215,15256023,6214215,low-cost,2026-07-03,0.279,0.0,0.0,1.8,0.5829522564784644,24,24,100.0,1,False,2026-07-03T00:00:00-06:00,2026-07-04T00:00:00-06:00,2026-07-03T06:00:00Z,µg/m³
logan,S305,3346,305,reference,2026-07-04,7.97,2.9,5.95,32.1,2.0412881087335872,24,24,100.0,1,False,2026-07-04T00:00:00-06:00,2026-07-05T00:00:00-06:00,2026-07-04T06:00:00Z,µg/m³
logan,S6204950,15189410,6204950,low-cost,2026-07-04,0.371,0.0,0.0,3.1,0.8807166199782326,24,24,100.0,1,False,2026-07-04T00:00:00-06:00,2026-07-05T00:00:00-06:00,2026-07-04T06:00:00Z,µg/m³
logan,S6214215,15256023,6214215,low-cost,2026-07-04,1.5,0.0,0.05,9.9,1.8639774045588327,24,24,100.0,1,False,2026-07-04T00:00:00-06:00,2026-07-05T00:00:00-06:00,2026-07-04T06:00:00Z,µg/m³
logan,S305,3346,305,reference,2026-07-05,8.71,4.9,8.1,14.7,2.5248019724326896,24,24,100.0,1,False,2026-07-05T00:00:00-06:00,2026-07-06T00:00:00-06:00,2026-07-05T06:00:00Z,µg/m³
logan,S6204950,15189410,6204950,low-cost,2026-07-05,0.829,0.0,0.75,2.4,0.49556859797016767,24,24,100.0,1,False,2026-07-05T00:00:00-06:00,2026-07-06T00:00:00-06:00,2026-07-05T06:00:00Z,µg/m³
logan,S6214215,15256023,6214215,low-cost,2026-07-05,3.06,0.0,0.45,16.3,4.689247713402126,24,24,100.0,1,False,2026-07-05T00:00:00-06:00,2026-07-06T00:00:00-06:00,2026-07-05T06:00:00Z,µg/m³
logan,S305,3346,305,reference,2026-07-06,7.27,3.8,7.95,11.8,2.5632332775549,24,24,100.0,1,False,2026-07-06T00:00:00-06:00,2026-07-07T00:00:00-06:00,2026-07-06T06:00:00Z,µg/m³
logan,S6204950,15189410,6204950,low-cost,2026-07-06,0.988,0.0,0.5,3.2,1.1896613457816718,24,24,100.0,1,False,2026-07-06T00:00:00-06:00,2026-07-07T00:00:00-06:00,2026-07-06T06:00:00Z,µg/m³
logan,S6214215,15256023,6214215,low-cost,2026-07-06,1.64,0.0,0.8499999999999999,5.8,1.882563177597782,24,24,100.0,1,False,2026-07-06T00:00:00-06:00,2026-07-07T00:00:00-06:00,2026-07-06T06:00:00Z,µg/m³
logan,S305,3346,305,reference,2026-07-07,5.59,3.0,5.5,9.2,1.7613323555384615,24,24,100.0,1,False,2026-07-07T00:00:00-06:00,2026-07-08T00:00:00-06:00,2026-07-07T06:00:00Z,µg/m³
logan,S6204950,15189410,6204950,low-cost,2026-07-07,0.196,0.0,0.15000000000000002,1.1,0.2823223022592108,24,24,100.0,1,False,2026-07-07T00:00:00-06:00,2026-07-08T00:00:00-06:00,2026-07-07T06:00:00Z,µg/m³
logan,S6214215,15256023,6214215,low-cost,2026-07-07,0.213,0.0,0.1,1.0,0.3023194648439452,24,24,100.0,1,False,2026-07-07T00:00:00-06:00,2026-07-08T00:00:00-06:00,2026-07-07T06:00:00Z,µg/m³
logan,S305,3346,305,reference,2026-07-08,4.33,2.5,3.6,7.7,1.7852037365388804,24,24,100.0,1,False,2026-07-08T00:00:00-06:00,2026-07-09T00:00:00-06:00,2026-07-08T06:00:00Z,µg/m³
logan,S6204950,15189410,6204950,low-cost,2026-07-08,0.0875,0.0,0.0,0.5,0.18210371963768987,24,24,100.0,1,False,2026-07-08T00:00:00-06:00,2026-07-09T00:00:00-06:00,2026-07-08T06:00:00Z,µg/m³
logan,S6214215,15256023,6214215,low-cost,2026-07-08,0.383,0.0,0.0,3.4,0.9918787876609544,24,24,100.0,1,False,2026-07-08T00:00:00-06:00,2026-07-09T00:00:00-06:00,2026-07-08T06:00:00Z,µg/m³
logan,S305,3346,305,reference,2026-07-09,6.45,3.2,6.45,10.1,1.434093790517203,24,24,100.0,1,False,2026-07-09T00:00:00-06:00,2026-07-10T00:00:00-06:00,2026-07-09T06:00:00Z,µg/m³
logan,S6204950,15189410,6204950,low-cost,2026-07-09,0.075,0.0,0.0,0.6,0.03929526239966879,24,24,100.0,1,False,2026-07-09T00:00:00-06:00,2026-07-10T00:00:00-06:00,2026-07-09T06:00:00Z,µg/m³
logan,S6214215,15256023,6214215,low-cost,2026-07-09,0.104,0.0,0.0,0.6,0.13200935795706037,24,24,100.0,1,False,2026-07-09T00:00:00-06:00,2026-07-10T00:00:00-06:00,2026-07-09T06:00:00Z,µg/m³
logan,S305,3346,305,reference,2026-07-10,7.25,4.6,6.75,14.0,2.8237017665941044,24,24,100.0,1,False,2026-07-10T00:00:00-06:00,2026-07-11T00:00:00-06:00,2026-07-10T06:00:00Z,µg/m³
logan,S6204950,15189410,6204950,low-cost,2026-07-10,1.81,0.0,1.95,7.4,0.9775795439276961,24,24,100.0,1,False,2026-07-10T00:00:00-06:00,2026-07-11T00:00:00-06:00,2026-07-10T06:00:00Z,µg/m³
logan,S6214215,15256023,6214215,low-cost,2026-07-10,1.14,0.0,0.9,4.2,1.2429211323235558,24,24,100.0,1,False,2026-07-10T00:00:00-06:00,2026-07-11T00:00:00-06:00,2026-07-10T06:00:00Z,µg/m³
logan,S305,3346,305,reference,2026-07-11,7.7,3.1,7.800000000000001,13.5,2.379320631328756,24,24,100.0,1,False,2026-07-11T00:00:00-06:00,2026-07-12T00:00:00-06:00,2026-07-11T06:00:00Z,µg/m³
logan,S6204950,15189410,6204950,low-cost,2026-07-11,0.171,0.0,0.0,1.0,0.30761176830544046,24,24,100.0,1,False,2026-07-11T00:00:00-06:00,2026-07-12T00:00:00-06:00,2026-07-11T06:00:00Z,µg/m³
logan,S6214215,15256023,6214215,low-cost,2026-07-11,0.408,0.0,0.05,2.6,0.8700335242583089,24,24,100.0,1,False,2026-07-11T00:00:00-06:00,2026-07-12T00:00:00-06:00,2026-07-11T06:00:00Z,µg/m³
logan,S305,3346,305,reference,2026-07-12,6.61,4.8,6.65,9.3,1.3424800733168252,24,24,100.0,1,False,2026-07-12T00:00:00-06:00,2026-07-13T00:00:00-06:00,2026-07-12T06:00:00Z,µg/m³
logan,S6204950,15189410,6204950,low-cost,2026-07-12,0.642,0.0,0.0,4.5,0.0704154339142587,24,24,100.0,1,False,2026-07-12T00:00:00-06:00,2026-07-13T00:00:00-06:00,2026-07-12T06:00:00Z,µg/m³
logan,S6214215,15256023,6214215,low-cost,2026-07-12,0.417,0.0,0.1,3.6,0.24460853078609776,24,24,100.0,1,False,2026-07-12T00:00:00-06:00,2026-07-13T00:00:00-06:00,2026-07-12T06:00:00Z,µg/m³
logan,S305,3346,305,reference,2026-07-13,9.08,5.6,9.7,13.0,2.099672920629872,24,24,100.0,1,False,2026-07-13T00:00:00-06:00,2026-07-14T00:00:00-06:00,2026-07-13T06:00:00Z,µg/m³
logan,S6204950,15189410,6204950,low-cost,2026-07-13,4.95,1.0,5.55,7.5,2.157226228284832,24,24,100.0,1,False,2026-07-13T00:00:00-06:00,2026-07-14T00:00:00-06:00,2026-07-13T06:00:00Z,µg/m³
logan,S6214215,15256023,6214215,low-cost,2026-07-13,4.05,0.4,4.65,6.9,2.0483733383671376,24,24,100.0,1,False,2026-07-13T00:00:00-06:00,2026-07-14T00:00:00-06:00,2026-07-13T06:00:00Z,µg/m³
logan,S305,3346,305,reference,2026-07-14,10.1,6.8,10.1,14.1,1.4308416028015438,24,24,100.0,1,False,2026-07-14T00:00:00-06:00,2026-07-15T00:00:00-06:00,2026-07-14T06:00:00Z,µg/m³
logan,S6204950,15189410,6204950,low-cost,2026-07-14,6.6,0.7,7.9,12.4,2.0119227950727465,24,24,100.0,1,False,2026-07-14T00:00:00-06:00,2026-07-15T00:00:00-06:00,2026-07-14T06:00:00Z,µg/m³
logan,S6214215,15256023,6214215,low-cost,2026-07-14,5.24,0.5,6.7,10.9,2.01559544551976,24,24,100.0,1,False,2026-07-14T00:00:00-06:00,2026-07-15T00:00:00-06:00,2026-07-14T06:00:00Z,µg/m³
logan,S305,3346,305,reference,2026-07-15,8.01,4.9,7.35,17.7,3.0359443890383324,24,24,100.0,1,False,2026-07-15T00:00:00-06:00,2026-07-16T00:00:00-06:00,2026-07-15T06:00:00Z,µg/m³
logan,S6204950,15189410,6204950,low-cost,2026-07-15,2.94,0.4,2.7,6.3,1.543534904043313,24,24,100.0,1,False,2026-07-15T00:00:00-06:00,2026-07-16T00:00:00-06:00,2026-07-15T06:00:00Z,µg/m³
logan,S6214215,15256023,6214215,low-cost,2026-07-15,2.12,0.1,1.7,6.2,1.751523146673584,24,24,100.0,1,False,2026-07-15T00:00:00-06:00,2026-07-16T00:00:00-06:00,2026-07-15T06:00:00Z,µg/m³
logan,S305,3346,305,reference,2026-07-16,6.93,4.8,6.5,11.4,1.9961629859975532,24,24,100.0,1,False,2026-07-16T00:00:00-06:00,2026-07-17T00:00:00-06:00,2026-07-16T06:00:00Z,µg/m³
logan,S6204950,15189410,6204950,low-cost,2026-07-16,3.43,1.9,3.6,5.1,0.8536685539481937,24,24,100.0,1,False,2026-07-16T00:00:00-06:00,2026-07-17T00:00:00-06:00,2026-07-16T06:00:00Z,µg/m³
logan,S6214215,15256023,6214215,low-cost,2026-07-16,2.53,0.4,2.4,4.1,0.9971650993161151,24,24,100.0,1,False,2026-07-16T00:00:00-06:00,2026-07-17T00:00:00-06:00,2026-07-16T06:00:00Z,µg/m³
logan,S305,3346,305,reference,2026-07-17,8.05,5.4,7.9,11.1,1.8021746123318165,24,24,100.0,1,False,2026-07-17T00:00:00-06:00,2026-07-18T00:00:00-06:00,2026-07-17T06:00:00Z,µg/m³
logan,S6204950,15189410,6204950,low-cost,2026-07-17,4.81,2.2,4.199999999999999,9.2,2.056160041836981,24,24,100.0,1,False,2026-07-17T00:00:00-06:00,2026-07-18T00:00:00-06:00,2026-07-17T06:00:00Z,µg/m³
logan,S6214215,15256023,6214215,low-cost,2026-07-17,4.26,2.1,4.1,7.2,1.8596924160605004,24,24,100.0,1,False,2026-07-17T00:00:00-06:00,2026-07-18T00:00:00-06:00,2026-07-17T06:00:00Z,µg/m³
logan,S305,3346,305,reference,2026-07-18,7.89,5.0,8.0,12.4,1.8028548788756447,24,24,100.0,1,False,2026-07-18T00:00:00-06:00,2026-07-19T00:00:00-06:00,2026-07-18T06:00:00Z,µg/m³
logan,S6204950,15189410,6204950,low-cost,2026-07-18,4.79,0.5,5.1,10.9,2.766341818869015,24,24,100.0,1,False,2026-07-18T00:00:00-06:00,2026-07-19T00:00:00-06:00,2026-07-18T06:00:00Z,µg/m³
logan,S6214215,15256023,6214215,low-cost,2026-07-18,5.38,0.1,6.4,15.3,4.275356882248339,24,24,100.0,1,False,2026-07-18T00:00:00-06:00,2026-07-19T00:00:00-06:00,2026-07-18T06:00:00Z,µg/m³
logan,S305,3346,305,reference,2026-07-19,6.65,3.9,6.300000000000001,10.5,2.146758353558087,24,24,100.0,1,False,2026-07-19T00:00:00-06:00,2026-07-20T00:00:00-06:00,2026-07-19T06:00:00Z,µg/m³
logan,S6204950,15189410,6204950,low-cost,2026-07-19,2.28,0.2,2.55,3.8,1.0755641474566349,24,24,100.0,1,False,2026-07-19T00:00:00-06:00,2026-07-20T00:00:00-06:00,2026-07-19T06:00:00Z,µg/m³
logan,S6214215,15256023,6214215,low-cost,2026-07-19,1.74,0.0,1.6,4.6,1.2528790373986392,24,24,100.0,1,False,2026-07-19T00:00:00-06:00,2026-07-20T00:00:00-06:00,2026-07-19T06:00:00Z,µg/m³
logan,S305,3346,305,reference,2026-07-20,7.19,5.3,7.05,9.5,1.248896949209017,24,24,100.0,1,False,2026-07-20T00:00:00-06:00,2026-07-21T00:00:00-06:00,2026-07-20T06:00:00Z,µg/m³
logan,S6204950,15189410,6204950,low-cost,2026-07-20,2.95,1.8,2.95,4.6,0.9227914811305201,24,24,100.0,1,False,2026-07-20T00:00:00-06:00,2026-07-21T00:00:00-06:00,2026-07-20T06:00:00Z,µg/m³
logan,S6214215,15256023,6214215,low-cost,2026-07-20,2.58,0.8,2.7,4.4,1.0890160156549311,24,24,100.0,1,False,2026-07-20T00:00:00-06:00,2026-07-21T00:00:00-06:00,2026-07-20T06:00:00Z,µg/m³
logan,S305,3346,305,reference,2026-07-21,10.9,6.7,10.35,15.7,2.5260558848397108,24,24,100.0,1,False,2026-07-21T00:00:00-06:00,2026-07-22T00:00:00-06:00,2026-07-21T06:00:00Z,µg/m³
logan,S6204950,15189410,6204950,low-cost,2026-07-21,8.61,1.5,4.7,21.8,7.3118055225778535,24,24,100.0,1,False,2026-07-21T00:00:00-06:00,2026-07-22T00:00:00-06:00,2026-07-21T06:00:00Z,µg/m³
logan,S6214215,15256023,6214215,low-cost,2026-07-21,7.6,1.0,4.9,18.7,5.369353623419986,24,24,100.0,1,False,2026-07-21T00:00:00-06:00,2026-07-22T00:00:00-06:00,2026-07-21T06:00:00Z,µg/m³
logan,S305,3346,305,reference,2026-07-22,11.3,6.2,10.9,16.5,2.6379284802031058,24,24,100.0,1,False,2026-07-22T00:00:00-06:00,2026-07-23T00:00:00-06:00,2026-07-22T06:00:00Z,µg/m³
logan,S6204950,15189410,6204950,low-cost,2026-07-22,5.83,2.6,4.65,13.9,3.5426394281167055,24,24,100.0,1,False,2026-07-22T00:00:00-06:00,2026-07-23T00:00:00-06:00,2026-07-22T06:00:00Z,µg/m³
logan,S6214215,15256023,6214215,low-cost,2026-07-22,6.2,1.5,4.85,13.0,3.6994832707539356,24,24,100.0,1,False,2026-07-22T00:00:00-06:00,2026-07-23T00:00:00-06:00,2026-07-22T06:00:00Z,µg/m³
logan,S305,3346,305,reference,2026-07-23,16.2,8.6,15.8,24.6,4.972858150180657,20,24,83.0,1,False,2026-07-23T00:00:00-06:00,2026-07-24T00:00:00-06:00,2026-07-23T06:00:00Z,µg/m³
logan,S6204950,15189410,6204950,low-cost,2026-07-23,11.2,5.2,10.25,18.7,3.8302088715891203,24,24,100.0,1,False,2026-07-23T00:00:00-06:00,2026-07-24T00:00:00-06:00,2026-07-23T06:00:00Z,µg/m³
logan,S6214215,15256023,6214215,low-cost,2026-07-23,12.3,5.8,10.399999999999999,21.3,5.464914607445086,24,24,100.0,1,False,2026-07-23T00:00:00-06:00,2026-07-24T00:00:00-06:00,2026-07-23T06:00:00Z,µg/m³
logan,S305,3346,305,reference,2026-07-24,8.76,2.1,6.9,31.4,8.184935348960716,24,24,100.0,1,False,2026-07-24T00:00:00-06:00,2026-07-25T00:00:00-06:00,2026-07-24T06:00:00Z,µg/m³
logan,S6204950,15189410,6204950,low-cost,2026-07-24,11.6,0.0,17.4,20.5,5.300676057510652,24,24,100.0,1,False,2026-07-24T00:00:00-06:00,2026-07-25T00:00:00-06:00,2026-07-24T06:00:00Z,µg/m³
logan,S6214215,15256023,6214215,low-cost,2026-07-24,11.4,0.0,13.0,23.4,6.590586721478851,24,24,100.0,1,False,2026-07-24T00:00:00-06:00,2026-07-25T00:00:00-06:00,2026-07-24T06:00:00Z,µg/m³
logan,S305,3346,305,reference,2026-07-25,4.85,2.4,4.45,9.3,0.9960477453973335,24,24,100.0,1,False,2026-07-25T00:00:00-06:00,2026-07-26T00:00:00-06:00,2026-07-25T06:00:00Z,µg/m³
logan,S6204950,15189410,6204950,low-cost,2026-07-25,0.529,0.0,0.25,2.5,0.7018882096342189,24,24,100.0,1,False,2026-07-25T00:00:00-06:00,2026-07-26T00:00:00-06:00,2026-07-25T06:00:00Z,µg/m³
logan,S6214215,15256023,6214215,low-cost,2026-07-25,0.908,0.0,0.15000000000000002,4.8,1.3854283686664868,24,24,100.0,1,False,2026-07-25T00:00:00-06:00,2026-07-26T00:00:00-06:00,2026-07-25T06:00:00Z,µg/m³
logan,S305,3346,305,reference,2026-07-26,4.55,1.2,4.800000000000001,7.2,1.9879218629848947,24,24,100.0,1,False,2026-07-26T00:00:00-06:00,2026-07-27T00:00:00-06:00,2026-07-26T06:00:00Z,µg/m³
logan,S6204950,15189410,6204950,low-cost,2026-07-26,0.0292,0.0,0.0,0.2,0.044721359549995794,24,24,100.0,1,False,2026-07-26T00:00:00-06:00,2026-07-27T00:00:00-06:00,2026-07-26T06:00:00Z,µg/m³
logan,S6214215,15256023,6214215,low-cost,2026-07-26,0.025,0.0,0.0,0.2,0.04031128874149275,24,24,100.0,1,False,2026-07-26T00:00:00-06:00,2026-07-27T00:00:00-06:00,2026-07-26T06:00:00Z,µg/m³
logan,S305,3346,305,reference,2026-07-27,14.7,5.7,13.9,32.7,4.44806415480653,24,24,100.0,1,False,2026-07-27T00:00:00-06:00,2026-07-28T00:00:00-06:00,2026-07-27T06:00:00Z,µg/m³
logan,S6204950,15189410,6204950,low-cost,2026-07-27,17.4,0.0,4.6,53.7,12.263438007537113,24,24,100.0,1,False,2026-07-27T00:00:00-06:00,2026-07-28T00:00:00-06:00,2026-07-27T06:00:00Z,µg/m³
logan,S6214215,15256023,6214215,low-cost,2026-07-27,16.6,0.1,5.55,50.1,11.268093293480856,24,24,100.0,1,False,2026-07-27T00:00:00-06:00,2026-07-28T00:00:00-06:00,2026-07-27T06:00:00Z,µg/m³
logan,S305,3346,305,reference,2026-07-28,16.5,7.4,18.95,26.8,5.6991060284758275,24,24,100.0,1,False,2026-07-28T00:00:00-06:00,2026-07-29T00:00:00-06:00,2026-07-28T06:00:00Z,µg/m³
logan,S6204950,15189410,6204950,low-cost,2026-07-28,27.3,6.2,35.6,42.6,7.368570643844932,24,24,100.0,1,False,2026-07-28T00:00:00-06:00,2026-07-29T00:00:00-06:00,2026-07-28T06:00:00Z,µg/m³
logan,S6214215,15256023,6214215,low-cost,2026-07-28,26.0,4.8,35.55,39.6,7.131803769033466,24,24,100.0,1,False,2026-07-28T00:00:00-06:00,2026-07-29T00:00:00-06:00,2026-07-28T06:00:00Z,µg/m³
logan,S305,3346,305,reference,2026-07-29,7.85,5.0,7.85,9.9,0.7461009761866466,24,24,100.0,1,False,2026-07-29T00:00:00-06:00,2026-07-30T00:00:00-06:00,2026-07-29T06:00:00Z,µg/m³
logan,S6204950,15189410,6204950,low-cost,2026-07-29,5.03,0.5,5.199999999999999,8.1,1.6368541983532523,24,24,100.0,1,False,2026-07-29T00:00:00-06:00,2026-07-30T00:00:00-06:00,2026-07-29T06:00:00Z,µg/m³
logan,S6214215,15256023,6214215,low-cost,2026-07-29,4.87,0.5,5.15,9.3,1.696614275549985,24,24,100.0,1,False,2026-07-29T00:00:00-06:00,2026-07-30T00:00:00-06:00,2026-07-29T06:00:00Z,µg/m³
logan,S305,3346,305,reference,2026-07-30,7.46,4.1,7.25,12.7,1.9869155325109653,24,24,100.0,1,False,2026-07-30T00:00:00-06:00,2026-07-31T00:00:00-06:00,2026-07-30T06:00:00Z,µg/m³
logan,S6204950,15189410,6204950,low-cost,2026-07-30,3.35,1.4,2.95,7.2,1.418859318151691,24,24,100.0,1,False,2026-07-30T00:00:00-06:00,2026-07-31T00:00:00-06:00,2026-07-30T06:00:00Z,µg/m³
logan,S6214215,15256023,6214215,low-cost,2026-07-30,3.79,1.1,3.8,6.6,1.5854578110401538,24,24,100.0,1,False,2026-07-30T00:00:00-06:00,2026-07-31T00:00:00-06:00,2026-07-30T06:00:00Z,µg/m³
logan,S305,3346,305,reference,2026-07-31,10.3,4.4,11.2,16.4,2.43939029267561,24,24,100.0,1,False,2026-07-31T00:00:00-06:00,2026-08-01T00:00:00-06:00,2026-07-31T06:00:00Z,µg/m³
logan,S6204950,15189410,6204950,low-cost,2026-07-31,5.97,0.1,6.9,14.6,3.2958753188867838,24,24,100.0,1,False,2026-07-31T00:00:00-06:00,2026-08-01T00:00:00-06:00,2026-07-31T06:00:00Z,µg/m³
logan,S6214215,15256023,6214215,low-cost,2026-07-31,5.77,0.0,6.3,11.0,2.7977669667075564,24,24,100.0,1,False,2026-07-31T00:00:00-06:00,2026-08-01T00:00:00-06:00,2026-07-31T06:00:00Z,µg/m³
logan,S305,3346,305,reference,2026-08-01,12.6,6.9,13.45,20.9,3.6517575677108316,24,24,100.0,1,False,2026-08-01T00:00:00-06:00,2026-08-02T00:00:00-06:00,2026-08-01T06:00:00Z,µg/m³
logan,S6204950,15189410,6204950,low-cost,2026-08-01,10.2,2.1,9.8,18.4,4.704636324008102,24,24,100.0,1,False,2026-08-01T00:00:00-06:00,2026-08-02T00:00:00-06:00,2026-08-01T06:00:00Z,µg/m³
logan,S6214215,15256023,6214215,low-cost,2026-08-01,10.8,3.4,9.399999999999999,23.2,6.321386435789877,24,24,100.0,1,False,2026-08-01T00:00:00-06:00,2026-08-02T00:00:00-06:00,2026-08-01T06:00:00Z,µg/m³
logan,S305,3346,305,reference,2026-08-02,18.5,9.9,16.65,30.4,3.8855690778602225,24,24,100.0,1,False,2026-08-02T00:00:00-06:00,2026-08-03T00:00:00-06:00,2026-08-02T06:00:00Z,µg/m³
logan,S6204950,15189410,6204950,low-cost,2026-08-02,25.3,16.1,20.2,47.6,4.889514591570054,24,24,100.0,1,False,2026-08-02T00:00:00-06:00,2026-08-03T00:00:00-06:00,2026-08-02T06:00:00Z,µg/m³
logan,S6214215,15256023,6214215,low-cost,2026-08-02,26.1,13.5,21.55,48.3,5.22194182949104,24,24,100.0,1,False,2026-08-02T00:00:00-06:00,2026-08-03T00:00:00-06:00,2026-08-02T06:00:00Z,µg/m³
logan,S305,3346,305,reference,2026-08-03,25.2,16.1,25.299999999999997,31.9,5.06581410313017,24,24,100.0,1,False,2026-08-03T00:00:00-06:00,2026-08-04T00:00:00-06:00,2026-08-03T06:00:00Z,µg/m³
logan,S6204950,15189410,6204950,low-cost,2026-08-03,38.2,29.0,39.45,46.0,3.8038680004313865,24,24,100.0,1,False,2026-08-03T00:00:00-06:00,2026-08-04T00:00:00-06:00,2026-08-03T06:00:00Z,µg/m³
logan,S6214215,15256023,6214215,low-cost,2026-08-03,38.6,29.0,40.95,46.5,4.145497202848355,24,24,100.0,1,False,2026-08-03T00:00:00-06:00,2026-08-04T00:00:00-06:00,2026-08-03T06:00:00Z,µg/m³
logan,S305,3346,305,reference,2026-08-04,21.9,16.0,22.15,26.1,2.9373173702093123,24,24,100.0,1,False,2026-08-04T00:00:00-06:00,2026-08-05T00:00:00-06:00,2026-08-04T06:00:00Z,µg/m³
logan,S6204950,15189410,6204950,low-cost,2026-08-04,34.8,32.3,33.9,39.3,0.7203876271378716,24,24,100.0,1,False,2026-08-04T00:00:00-06:00,2026-08-05T00:00:00-06:00,2026-08-04T06:00:00Z,µg/m³
logan,S6214215,15256023,6214215,low-cost,2026-08-04,35.6,31.4,35.5,40.1,2.6974602252242144,24,24,100.0,1,False,2026-08-04T00:00:00-06:00,2026-08-05T00:00:00-06:00,2026-08-04T06:00:00Z,µg/m³
logan,S305,3346,305,reference,2026-08-05,21.4,17.0,22.1,26.1,2.3861106029528067,24,24,100.0,1,False,2026-08-05T00:00:00-06:00,2026-08-06T00:00:00-06:00,2026-08-05T06:00:00Z,µg/m³
logan,S6204950,15189410,6204950,low-cost,2026-08-05,37.4,30.8,37.45,45.5,4.332944929803041,24,24,100.0,1,False,2026-08-05T00:00:00-06:00,2026-08-06T00:00:00-06:00,2026-08-05T06:00:00Z,µg/m³
logan,S6214215,15256023,6214215,low-cost,2026-08-05,38.2,29.0,39.05,42.4,4.190052996997418,24,24,100.0,1,False,2026-08-05T00:00:00-06:00,2026-08-06T00:00:00-06:00,2026-08-05T06:00:00Z,µg/m³
logan,S305,3346,305,reference,2026-08-06,23.8,15.8,23.5,33.9,4.918797762519967,24,24,100.0,1,False,2026-08-06T00:00:00-06:00,2026-08-07T00:00:00-06:00,2026-08-06T06:00:00Z,µg/m³
logan,S6204950,15189410,6204950,low-cost,2026-08-06,35.8,26.2,36.849999999999994,41.7,2.649542135806067,24,24,100.0,1,False,2026-08-06T00:00:00-06:00,2026-08-07T00:00:00-06:00,2026-08-06T06:00:00Z,µg/m³
logan,S6214215,15256023,6214215,low-cost,2026-08-06,36.3,26.0,35.35,45.1,5.033870572549163,24,24,100.0,1,False,2026-08-06T00:00:00-06:00,2026-08-07T00:00:00-06:00,2026-08-06T06:00:00Z,µg/m³
logan,S305,3346,305,reference,2026-08-07,17.9,8.4,19.15,30.9,4.720293069997525,24,24,100.0,1,False,2026-08-07T00:00:00-06:00,2026-08-08T00:00:00-06:00,2026-08-07T06:00:00Z,µg/m³
logan,S6204950,15189410,6204950,low-cost,2026-08-07,24.6,8.7,30.35,33.5,5.322724589796427,24,24,100.0,1,False,2026-08-07T00:00:00-06:00,2026-08-08T00:00:00-06:00,2026-08-07T06:00:00Z,µg/m³
logan,S6214215,15256023,6214215,low-cost,2026-08-07,25.3,8.5,31.299999999999997,35.5,6.4679754082984084,24,24,100.0,1,False,2026-08-07T00:00:00-06:00,2026-08-08T00:00:00-06:00,2026-08-07T06:00:00Z,µg/m³
logan,S305,3346,305,reference,2026-08-08,17.7,12.9,17.9,24.1,3.0916486971625123,24,24,100.0,1,False,2026-08-08T00:00:00-06:00,2026-08-09T00:00:00-06:00,2026-08-08T06:00:00Z,µg/m³
logan,S6204950,15189410,6204950,low-cost,2026-08-08,23.5,13.4,25.299999999999997,33.4,6.550712429448672,24,24,100.0,1,False,2026-08-08T00:00:00-06:00,2026-08-09T00:00:00-06:00,2026-08-08T06:00:00Z,µg/m³
logan,S6214215,15256023,6214215,low-cost,2026-08-08,23.4,16.7,22.950000000000003,31.7,3.9187955207350815,24,24,100.0,1,False,2026-08-08T00:00:00-06:00,2026-08-09T00:00:00-06:00,2026-08-08T06:00:00Z,µg/m³
logan,S305,3346,305,reference,2026-08-09,14.5,7.4,13.55,21.5,4.37503809507224,24,24,100.0,1,False,2026-08-09T00:00:00-06:00,2026-08-10T00:00:00-06:00,2026-08-09T06:00:00Z,µg/m³
logan,S6204950,15189410,6204950,low-cost,2026-08-09,14.6,3.0,15.2,24.1,5.260671693488073,24,24,100.0,1,False,2026-08-09T00:00:00-06:00,2026-08-10T00:00:00-06:00,2026-08-09T06:00:00Z,µg/m³
logan,S6214215,15256023,6214215,low-cost,2026-08-09,16.0,3.2,16.15,27.2,7.0693587639426925,24,24,100.0,1,False,2026-08-09T00:00:00-06:00,2026-08-10T00:00:00-06:00,2026-08-09T06:00:00Z,µg/m³
logan,S305,3346,305,reference,2026-08-10,15.5,8.4,13.7,25.8,6.07000431473919,24,24,100.0,1,False,2026-08-10T00:00:00-06:00,2026-08-11T00:00:00-06:00,2026-08-10T06:00:00Z,µg/m³
logan,S6204950,15189410,6204950,low-cost,2026-08-10,4.73,3.1,4.6,8.0,1.2401968534446932,24,24,100.0,1,False,2026-08-10T00:00:00-06:00,2026-08-11T00:00:00-06:00,2026-08-10T06:00:00Z,µg/m³
logan,S6214215,15256023,6214215,low-cost,2026-08-10,4.87,2.2,4.7,7.6,0.9750188535130394,24,24,100.0,1,False,2026-08-10T00:00:00-06:00,2026-08-11T00:00:00-06:00,2026-08-10T06:00:00Z,µg/m³
logan,S305,3346,305,reference,2026-08-11,13.9,8.0,13.65,22.0,2.548692475237712,24,24,100.0,1,False,2026-08-11T00:00:00-06:00,2026-08-12T00:00:00-06:00,2026-08-11T06:00:00Z,µg/m³
logan,S6204950,15189410,6204950,low-cost,2026-08-11,9.67,2.4,10.65,19.4,5.22049834222524,24,24,100.0,1,False,2026-08-11T00:00:00-06:00,2026-08-12T00:00:00-06:00,2026-08-11T06:00:00Z,µg/m³
logan,S6214215,15256023,6214215,low-cost,2026-08-11,9.33,1.5,7.800000000000001,24.4,5.505966015578545,24,24,100.0,1,False,2026-08-11T00:00:00-06:00,2026-08-12T00:00:00-06:00,2026-08-11T06:00:00Z,µg/m³
logan,S305,3346,305,reference,2026-08-12,9.58,5.2,9.5,12.4,1.1549891774384733,24,24,100.0,1,False,2026-08-12T00:00:00-06:00,2026-08-13T00:00:00-06:00,2026-08-12T06:00:00Z,µg/m³
logan,S6204950,15189410,6204950,low-cost,2026-08-12,8.69,3.8,8.649999999999999,12.9,1.635362884715769,24,24,100.0,1,False,2026-08-12T00:00:00-06:00,2026-08-13T00:00:00-06:00,2026-08-12T06:00:00Z,µg/m³
logan,S6214215,15256023,6214215,low-cost,2026-08-12,10.6,4.3,11.3,14.7,2.3366328212144225,24,24,100.0,1,False,2026-08-12T00:00:00-06:00,2026-08-13T00:00:00-06:00,2026-08-12T06:00:00Z,µg/m³
logan,S305,3346,305,reference,2026-08-13,9.7,5.1,10.2,12.9,1.7339742404853276,24,24,100.0,1,False,2026-08-13T00:00:00-06:00,2026-08-14T00:00:00-06:00,2026-08-13T06:00:00Z,µg/m³
logan,S6204950,15189410,6204950,low-cost,2026-08-13,8.79,0.3,8.95,16.0,3.8551913052402464,24,24,100.0,1,False,2026-08-13T00:00:00-06:00,2026-08-14T00:00:00-06:00,2026-08-13T06:00:00Z,µg/m³
logan,S6214215,15256023,6214215,low-cost,2026-08-13,10.2,2.8,10.149999999999999,16.5,3.7439166343157115,24,24,100.0,1,False,2026-08-13T00:00:00-06:00,2026-08-14T00:00:00-06:00,2026-08-13T06:00:00Z,µg/m³
logan,S305,3346,305,reference,2026-08-14,9.98,1.9,6.85,23.8,7.785799668023075,24,24,100.0,1,False,2026-08-14T00:00:00-06:00,2026-08-15T00:00:00-06:00,2026-08-14T06:00:00Z,µg/m³
logan,S6204950,15189410,6204950,low-cost,2026-08-14,3.17,0.0,1.2000000000000002,9.6,3.625522274749651,24,24,100.0,1,False,2026-08-14T00:00:00-06:00,2026-08-15T00:00:00-06:00,2026-08-14T06:00:00Z,µg/m³
logan,S6214215,15256023,6214215,low-cost,2026-08-14,10.3,0.0,3.6999999999999997,28.5,10.702130079348414,24,24,100.0,1,False,2026-08-14T00:00:00-06:00,2026-08-15T00:00:00-06:00,2026-08-14T06:00:00Z,µg/m³
logan,S305,3346,305,reference,2026-08-15,4.76,2.0,3.95,8.8,1.9458477662478544,24,24,100.0,1,False,2026-08-15T00:00:00-06:00,2026-08-16T00:00:00-06:00,2026-08-15T06:00:00Z,µg/m³
logan,S6204950,15189410,6204950,low-cost,2026-08-15,0.225,0.0,0.0,0.9,0.3046212691967828,24,24,100.0,1,False,2026-08-15T00:00:00-06:00,2026-08-16T00:00:00-06:00,2026-08-15T06:00:00Z,µg/m³
logan,S6214215,15256023,6214215,low-cost,2026-08-15,0.404,0.0,0.05,2.1,0.7097016771772737,24,24,100.0,1,False,2026-08-15T00:00:00-06:00,2026-08-16T00:00:00-06:00,2026-08-15T06:00:00Z,µg/m³
logan,S305,3346,305,reference,2026-08-16,4.13,2.9,4.199999999999999,5.3,0.7320063751999253,24,24,100.0,1,False,2026-08-16T00:00:00-06:00,2026-08-17T00:00:00-06:00,2026-08-16T06:00:00Z,µg/m³
logan,S6204950,15189410,6204950,low-cost,2026-08-16,0.0,0.0,0.0,0.0,0.0,21,24,88.0,1,False,2026-08-16T00:00:00-06:00,2026-08-17T00:00:00-06:00,2026-08-16T06:00:00Z,µg/m³
logan,S6214215,15256023,6214215,low-cost,2026-08-16,0.019,0.0,0.0,0.2,0.056229571453838716,21,24,88.0,1,False,2026-08-16T00:00:00-06:00,2026-08-17T00:00:00-06:00,2026-08-16T06:00:00Z,µg/m³
logan,S305,3346,305,reference,2026-08-17,5.35,2.9,4.75,8.9,1.7345867544724336,24,24,100.0,1,False,2026-08-17T00:00:00-06:00,2026-08-18T00:00:00-06:00,2026-08-17T06:00:00Z,µg/m³
logan,S6204950,15189410,6204950,low-cost,2026-08-17,0.0708,0.0,0.0,0.4,0.13693063937629155,24,24,100.0,1,False,2026-08-17T00:00:00-06:00,2026-08-18T00:00:00-06:00,2026-08-17T06:00:00Z,µg/m³
logan,S6214215,15256023,6214215,low-cost,2026-08-17,0.5,0.0,0.0,2.6,0.9125755407893963,24,24,100.0,1,False,2026-08-17T00:00:00-06:00,2026-08-18T00:00:00-06:00,2026-08-17T06:00:00Z,µg/m³
logan,S305,3346,305,reference,2026-08-18,5.0,2.2,5.3,6.8,1.2607631853460066,24,24,100.0,1,False,2026-08-18T00:00:00-06:00,2026-08-19T00:00:00-06:00,2026-08-18T06:00:00Z,µg/m³
logan,S6204950,15189410,6204950,low-cost,2026-08-18,0.00417,0.0,0.0,0.1,0.0,24,24,100.0,1,False,2026-08-18T00:00:00-06:00,2026-08-19T00:00:00-06:00,2026-08-18T06:00:00Z,µg/m³
logan,S6214215,15256023,6214215,low-cost,2026-08-18,0.108,0.0,0.0,1.7,0.41150727246807883,24,24,100.0,1,False,2026-08-18T00:00:00-06:00,2026-08-19T00:00:00-06:00,2026-08-18T06:00:00Z,µg/m³
logan,S305,3346,305,reference,2026-08-19,9.42,7.3,9.3,13.2,1.9483326204732083,24,24,100.0,1,False,2026-08-19T00:00:00-06:00,2026-08-20T00:00:00-06:00,2026-08-19T06:00:00Z,µg/m³
logan,S6204950,15189410,6204950,low-cost,2026-08-19,1.59,0.0,1.2,5.3,0.731408458614838,22,24,92.0,1,False,2026-08-19T00:00:00-06:00,2026-08-20T00:00:00-06:00,2026-08-19T06:00:00Z,µg/m³
logan,S6214215,15256023,6214215,low-cost,2026-08-19,2.11,0.6,1.3,6.2,1.7079829865525422,23,24,96.0,1,False,2026-08-19T00:00:00-06:00,2026-08-20T00:00:00-06:00,2026-08-19T06:00:00Z,µg/m³
logan,S305,3346,305,reference,2026-08-20,9.3,3.0,9.1,21.2,4.236507995979706,24,24,100.0,1,False,2026-08-20T00:00:00-06:00,2026-08-21T00:00:00-06:00,2026-08-20T06:00:00Z,µg/m³
logan,S6204950,15189410,6204950,low-cost,2026-08-20,3.37,0.0,5.2,6.9,2.209654617674845,24,24,100.0,1,False,2026-08-20T00:00:00-06:00,2026-08-21T00:00:00-06:00,2026-08-20T06:00:00Z,µg/m³
logan,S6214215,15256023,6214215,low-cost,2026-08-20,3.52,0.0,4.4,9.0,2.666871928374691,24,24,100.0,1,False,2026-08-20T00:00:00-06:00,2026-08-21T00:00:00-06:00,2026-08-20T06:00:00Z,µg/m³
logan,S305,3346,305,reference,2026-08-21,7.08,2.4,6.75,12.3,2.5597618936887376,24,24,100.0,1,False,2026-08-21T00:00:00-06:00,2026-08-22T00:00:00-06:00,2026-08-21T06:00:00Z,µg/m³
logan,S6204950,15189410,6204950,low-cost,2026-08-21,0.3,0.0,0.0,2.5,0.8033264176742437,24,24,100.0,1,False,2026-08-21T00:00:00-06:00,2026-08-22T00:00:00-06:00,2026-08-21T06:00:00Z,µg/m³
logan,S6214215,15256023,6214215,low-cost,2026-08-21,0.875,0.0,0.15000000000000002,4.4,1.385580504096869,24,24,100.0,1,False,2026-08-21T00:00:00-06:00,2026-08-22T00:00:00-06:00,2026-08-21T06:00:00Z,µg/m³
logan,S305,3346,305,reference,2026-08-22,3.71,1.7,4.05,6.0,1.2942018132166766,24,24,100.0,1,False,2026-08-22T00:00:00-06:00,2026-08-23T00:00:00-06:00,2026-08-22T06:00:00Z,µg/m³
logan,S6204950,15189410,6204950,low-cost,2026-08-22,0.0,0.0,0.0,0.0,0.0,24,24,100.0,1,False,2026-08-22T00:00:00-06:00,2026-08-23T00:00:00-06:00,2026-08-22T06:00:00Z,µg/m³
logan,S6214215,15256023,6214215,low-cost,2026-08-22,0.0,0.0,0.0,0.0,0.0,24,24,100.0,1,False,2026-08-22T00:00:00-06:00,2026-08-23T00:00:00-06:00,2026-08-22T06:00:00Z,µg/m³
logan,S305,3346,305,reference,2026-08-23,4.19,1.7,4.05,8.0,1.0908521134110403,24,24,100.0,1,False,2026-08-23T00:00:00-06:00,2026-08-24T00:00:00-06:00,2026-08-23T06:00:00Z,µg/m³
logan,S6204950,15189410,6204950,low-cost,2026-08-23,0.00833,0.0,0.0,0.2,0.0,24,24,100.0,1,False,2026-08-23T00:00:00-06:00,2026-08-24T00:00:00-06:00,2026-08-23T06:00:00Z,µg/m³
logan,S6214215,15256023,6214215,low-cost,2026-08-23,0.158,0.0,0.0,3.8,0.0,24,24,100.0,1,False,2026-08-23T00:00:00-06:00,2026-08-24T00:00:00-06:00,2026-08-23T06:00:00Z,µg/m³
logan,S305,3346,305,reference,2026-08-24,6.83,2.7,6.65,14.0,1.8768495151620714,24,24,100.0,1,False,2026-08-24T00:00:00-06:00,2026-08-25T00:00:00-06:00,2026-08-24T06:00:00Z,µg/m³
logan,S6204950,15189410,6204950,low-cost,2026-08-24,0.0625,0.0,0.0,0.4,0.11850788010532812,24,24,100.0,1,False,2026-08-24T00:00:00-06:00,2026-08-25T00:00:00-06:00,2026-08-24T06:00:00Z,µg/m³
logan,S6214215,15256023,6214215,low-cost,2026-08-24,0.104,0.0,0.0,1.4,0.3590223653528139,24,24,100.0,1,False,2026-08-24T00:00:00-06:00,2026-08-25T00:00:00-06:00,2026-08-24T06:00:00Z,µg/m³
logan,S305,3346,305,reference,2026-08-25,6.77,3.1,6.199999999999999,12.8,2.6936963451733007,24,24,100.0,1,False,2026-08-25T00:00:00-06:00,2026-08-26T00:00:00-06:00,2026-08-25T06:00:00Z,µg/m³
logan,S6204950,15189410,6204950,low-cost,2026-08-25,0.3,0.0,0.05,1.6,0.3226379365406959,24,24,100.0,1,False,2026-08-25T00:00:00-06:00,2026-08-26T00:00:00-06:00,2026-08-25T06:00:00Z,µg/m³
logan,S6214215,15256023,6214215,low-cost,2026-08-25,0.488,0.0,0.1,3.2,1.0251596855867777,24,24,100.0,1,False,2026-08-25T00:00:00-06:00,2026-08-26T00:00:00-06:00,2026-08-25T06:00:00Z,µg/m³
logan,S305,3346,305,reference,2026-08-26,6.26,3.6,5.699999999999999,9.4,1.7923797030763322,24,24,100.0,1,False,2026-08-26T00:00:00-06:00,2026-08-27T00:00:00-06:00,2026-08-26T06:00:00Z,µg/m³
logan,S6204950,15189410,6204950,low-cost,2026-08-26,0.575,0.1,0.5,1.3,0.391264917024409,24,24,100.0,1,False,2026-08-26T00:00:00-06:00,2026-08-27T00:00:00-06:00,2026-08-26T06:00:00Z,µg/m³
logan,S6214215,15256023,6214215,low-cost,2026-08-26,1.24,0.1,0.5,4.3,1.4781248056833598,24,24,100.0,1,False,2026-08-26T00:00:00-06:00,2026-08-27T00:00:00-06:00,2026-08-26T06:00:00Z,µg/m³
logan,S305,3346,305,reference,2026-08-27,11.5,5.7,10.65,24.8,2.562216302530367,24,24,100.0,1,False,2026-08-27T00:00:00-06:00,2026-08-28T00:00:00-06:00,2026-08-27T06:00:00Z,µg/m³
logan,S6204950,15189410,6204950,low-cost,2026-08-27,4.69,0.0,1.2000000000000002,27.9,4.903361941906118,24,24,100.0,1,False,2026-08-27T00:00:00-06:00,2026-08-28T00:00:00-06:00,2026-08-27T06:00:00Z,µg/m³
logan,S6214215,15256023,6214215,low-cost,2026-08-27,5.86,0.0,2.55,26.5,4.987947974869025,24,24,100.0,1,False,2026-08-27T00:00:00-06:00,2026-08-28T00:00:00-06:00,2026-08-27T06:00:00Z,µg/m³
logan,S305,3346,305,reference,2026-08-28,10.1,5.2,10.8,15.4,2.987020533352034,24,24,100.0,1,False,2026-08-28T00:00:00-06:00,2026-08-29T00:00:00-06:00,2026-08-28T06:00:00Z,µg/m³
logan,S6204950,15189410,6204950,low-cost,2026-08-28,2.52,0.1,2.1500000000000004,7.6,2.02875166871979,24,24,100.0,1,False,2026-08-28T00:00:00-06:00,2026-08-29T00:00:00-06:00,2026-08-28T06:00:00Z,µg/m³
logan,S6214215,15256023,6214215,low-cost,2026-08-28,3.83,0.1,3.55,11.0,3.2130398379105096,24,24,100.0,1,False,2026-08-28T00:00:00-06:00,2026-08-29T00:00:00-06:00,2026-08-28T06:00:00Z,µg/m³
logan,S305,3346,305,reference,2026-08-29,3.83,1.1,3.05,10.8,2.9956009413805442,24,24,100.0,1,False,2026-08-29T00:00:00-06:00,2026-08-30T00:00:00-06:00,2026-08-29T06:00:00Z,µg/m³
logan,S6204950,15189410,6204950,low-cost,2026-08-29,0.125,0.0,0.0,1.6,0.42249260348555223,24,24,100.0,1,False,2026-08-29T00:00:00-06:00,2026-08-30T00:00:00-06:00,2026-08-29T06:00:00Z,µg/m³
logan,S6214215,15256023,6214215,low-cost,2026-08-29,0.471,0.0,0.0,3.4,1.2063547018462966,24,24,100.0,1,False,2026-08-29T00:00:00-06:00,2026-08-30T00:00:00-06:00,2026-08-29T06:00:00Z,µg/m³
logan,S305,3346,305,reference,2026-08-30,5.05,3.8,4.8,7.4,0.9814742312799999,24,24,100.0,1,False,2026-08-30T00:00:00-06:00,2026-08-31T00:00:00-06:00,2026-08-30T06:00:00Z,µg/m³
logan,S6204950,15189410,6204950,low-cost,2026-08-30,0.0,0.0,0.0,0.0,0.0,24,24,100.0,1,False,2026-08-30T00:00:00-06:00,2026-08-31T00:00:00-06:00,2026-08-30T06:00:00Z,µg/m³
logan,S6214215,15256023,6214215,low-cost,2026-08-30,0.133,0.0,0.0,1.3,0.1030776406404415,24,24,100.0,1,False,2026-08-30T00:00:00-06:00,2026-08-31T00:00:00-06:00,2026-08-30T06:00:00Z,µg/m³
logan,S305,3346,305,reference,2026-08-31,6.55,2.7,6.550000000000001,9.6,1.449895790116587,24,24,100.0,1,False,2026-08-31T00:00:00-06:00,2026-09-01T00:00:00-06:00,2026-08-31T06:00:00Z,µg/m³
logan,S6204950,15189410,6204950,low-cost,2026-08-31,0.121,0.0,0.1,0.4,0.11311108542958477,24,24,100.0,1,False,2026-08-31T00:00:00-06:00,2026-09-01T00:00:00-06:00,2026-08-31T06:00:00Z,µg/m³
logan,S6214215,15256023,6214215,low-cost,2026-08-31,0.3,0.0,0.1,1.9,0.5818959882800968,24,24,100.0,1,False,2026-08-31T00:00:00-06:00,2026-09-01T00:00:00-06:00,2026-08-31T06:00:00Z,µg/m³
logan,S305,3346,305,reference,2026-09-01,5.65,3.1,4.8,11.9,2.603299188849922,24,24,100.0,1,False,2026-09-01T00:00:00-06:00,2026-09-02T00:00:00-06:00,2026-09-01T06:00:00Z,µg/m³
logan,S6204950,15189410,6204950,low-cost,2026-09-01,0.167,0.0,0.0,1.5,0.14008925726121899,24,24,100.0,1,False,2026-09-01T00:00:00-06:00,2026-09-02T00:00:00-06:00,2026-09-01T06:00:00Z,µg/m³
logan,S6214215,15256023,6214215,low-cost,2026-09-01,0.658,0.0,0.05,4.0,1.3429910647506185,24,24,100.0,1,False,2026-09-01T00:00:00-06:00,2026-09-02T00:00:00-06:00,2026-09-01T06:00:00Z,µg/m³
logan,S305,3346,305,reference,2026-09-02,5.07,1.4,4.949999999999999,10.2,2.2024229082232742,24,24,100.0,1,False,2026-09-02T00:00:00-06:00,2026-09-03T00:00:00-06:00,2026-09-02T06:00:00Z,µg/m³
logan,S6204950,15189410,6204950,low-cost,2026-09-02,0.0,0.0,0.0,0.0,0.0,24,24,100.0,1,False,2026-09-02T00:00:00-06:00,2026-09-03T00:00:00-06:00,2026-09-02T06:00:00Z,µg/m³
logan,S6214215,15256023,6214215,low-cost,2026-09-02,0.521,0.0,0.0,2.3,0.8884208837407338,24,24,100.0,1,False,2026-09-02T00:00:00-06:00,2026-09-03T00:00:00-06:00,2026-09-02T06:00:00Z,µg/m³
logan,S305,3346,305,reference,2026-09-03,5.71,2.6,5.25,9.0,1.58361401020998,24,24,100.0,1,False,2026-09-03T00:00:00-06:00,2026-09-04T00:00:00-06:00,2026-09-03T06:00:00Z,µg/m³
logan,S6204950,15189410,6204950,low-cost,2026-09-03,0.0,0.0,0.0,0.0,0.0,24,24,100.0,1,False,2026-09-03T00:00:00-06:00,2026-09-04T00:00:00-06:00,2026-09-03T06:00:00Z,µg/m³
logan,S6214215,15256023,6214215,low-cost,2026-09-03,0.167,0.0,0.0,0.8,0.2988868236194652,24,24,100.0,1,False,2026-09-03T00:00:00-06:00,2026-09-04T00:00:00-06:00,2026-09-03T06:00:00Z,µg/m³
logan,S305,3346,305,reference,2026-09-04,5.48,3.7,4.55,12.4,2.19490888193565,24,24,100.0,1,False,2026-09-04T00:00:00-06:00,2026-09-05T00:00:00-06:00,2026-09-04T06:00:00Z,µg/m³
logan,S6204950,15189410,6204950,low-cost,2026-09-04,0.00417,0.0,0.0,0.1,0.0,24,24,100.0,1,False,2026-09-04T00:00:00-06:00,2026-09-05T00:00:00-06:00,2026-09-04T06:00:00Z,µg/m³
logan,S6214215,15256023,6214215,low-cost,2026-09-04,0.0292,0.0,0.0,0.6,0.0,24,24,100.0,1,False,2026-09-04T00:00:00-06:00,2026-09-05T00:00:00-06:00,2026-09-04T06:00:00Z,µg/m³
logan,S305,3346,305,reference,2026-09-05,4.53,2.5,3.6500000000000004,7.6,1.732231220132001,24,24,100.0,1,False,2026-09-05T00:00:00-06:00,2026-09-06T00:00:00-06:00,2026-09-05T06:00:00Z,µg/m³
logan,S6204950,15189410,6204950,low-cost,2026-09-05,0.15,0.0,0.0,3.6,0.0,24,24,100.0,1,False,2026-09-05T00:00:00-06:00,2026-09-06T00:00:00-06:00,2026-09-05T06:00:00Z,µg/m³
logan,S6214215,15256023,6214215,low-cost,2026-09-05,0.192,0.0,0.0,1.7,0.5638779418751307,24,24,100.0,1,False,2026-09-05T00:00:00-06:00,2026-09-06T00:00:00-06:00,2026-09-05T06:00:00Z,µg/m³
logan,S305,3346,305,reference,2026-09-06,5.6,2.3,3.95,12.8,3.1655897291552697,24,24,100.0,1,False,2026-09-06T00:00:00-06:00,2026-09-07T00:00:00-06:00,2026-09-06T06:00:00Z,µg/m³
logan,S6204950,15189410,6204950,low-cost,2026-09-06,0.0,0.0,0.0,0.0,0.0,24,24,100.0,1,False,2026-09-06T00:00:00-06:00,2026-09-07T00:00:00-06:00,2026-09-06T06:00:00Z,µg/m³
logan,S6214215,15256023,6214215,low-cost,2026-09-06,0.175,0.0,0.0,1.0,0.3204163957519444,24,24,100.0,1,False,2026-09-06T00:00:00-06:00,2026-09-07T00:00:00-06:00,2026-09-06T06:00:00Z,µg/m³
logan,S305,3346,305,reference,2026-09-07,4.32,2.8,4.05,8.6,1.4862187436061196,24,24,100.0,1,False,2026-09-07T00:00:00-06:00,2026-09-08T00:00:00-06:00,2026-09-07T06:00:00Z,µg/m³
logan,S6204950,15189410,6204950,low-cost,2026-09-07,0.0,0.0,0.0,0.0,0.0,24,24,100.0,1,False,2026-09-07T00:00:00-06:00,2026-09-08T00:00:00-06:00,2026-09-07T06:00:00Z,µg/m³
logan,S6214215,15256023,6214215,low-cost,2026-09-07,0.117,0.0,0.0,2.0,0.0,24,24,100.0,1,False,2026-09-07T00:00:00-06:00,2026-09-08T00:00:00-06:00,2026-09-07T06:00:00Z,µg/m³
logan,S305,3346,305,reference,2026-09-08,5.61,3.1,4.75,16.2,3.1807493875919652,24,24,100.0,1,False,2026-09-08T00:00:00-06:00,2026-09-09T00:00:00-06:00,2026-09-08T06:00:00Z,µg/m³
logan,S6204950,15189410,6204950,low-cost,2026-09-08,0.00417,0.0,0.0,0.1,0.025000000000000005,24,24,100.0,1,False,2026-09-08T00:00:00-06:00,2026-09-09T00:00:00-06:00,2026-09-08T06:00:00Z,µg/m³
logan,S6214215,15256023,6214215,low-cost,2026-09-08,0.35,0.0,0.05,1.6,0.5309974890085012,24,24,100.0,1,False,2026-09-08T00:00:00-06:00,2026-09-09T00:00:00-06:00,2026-09-08T06:00:00Z,µg/m³
logan,S305,3346,305,reference,2026-09-09,5.8,1.6,5.35,11.2,3.041819630856942,24,24,100.0,1,False,2026-09-09T00:00:00-06:00,2026-09-10T00:00:00-06:00,2026-09-09T06:00:00Z,µg/m³
logan,S6204950,15189410,6204950,low-cost,2026-09-09,0.00417,0.0,0.0,0.1,0.025000000000000005,24,24,100.0,1,False,2026-09-09T00:00:00-06:00,2026-09-10T00:00:00-06:00,2026-09-09T06:00:00Z,µg/m³
logan,S6214215,15256023,6214215,low-cost,2026-09-09,0.113,0.0,0.0,0.8,0.2581988897471611,24,24,100.0,1,False,2026-09-09T00:00:00-06:00,2026-09-10T00:00:00-06:00,2026-09-09T06:00:00Z,µg/m³
logan,S305,3346,305,reference,2026-09-10,5.86,1.8,5.300000000000001,16.4,3.4466685087956757,24,24,100.0,1,False,2026-09-10T00:00:00-06:00,2026-09-11T00:00:00-06:00,2026-09-10T06:00:00Z,µg/m³
logan,S6204950,15189410,6204950,low-cost,2026-09-10,0.0125,0.0,0.0,0.2,0.05439056290693574,24,24,100.0,1,False,2026-09-10T00:00:00-06:00,2026-09-11T00:00:00-06:00,2026-09-10T06:00:00Z,µg/m³
logan,S6214215,15256023,6214215,low-cost,2026-09-10,0.288,0.0,0.0,2.8,0.7674362079895198,24,24,100.0,1,False,2026-09-10T00:00:00-06:00,2026-09-11T00:00:00-06:00,2026-09-10T06:00:00Z,µg/m³
logan,S305,3346,305,reference,2026-09-11,6.0,3.3,5.4,14.1,2.707344508132329,24,24,100.0,1,False,2026-09-11T00:00:00-06:00,2026-09-12T00:00:00-06:00,2026-09-11T06:00:00Z,µg/m³
logan,S6204950,15189410,6204950,low-cost,2026-09-11,0.0,0.0,0.0,0.0,0.0,24,24,100.0,1,False,2026-09-11T00:00:00-06:00,2026-09-12T00:00:00-06:00,2026-09-11T06:00:00Z,µg/m³
logan,S6214215,15256023,6214215,low-cost,2026-09-11,0.15,0.0,0.0,1.4,0.35448803182319477,24,24,100.0,1,False,2026-09-11T00:00:00-06:00,2026-09-12T00:00:00-06:00,2026-09-11T06:00:00Z,µg/m³
logan,S305,3346,305,reference,2026-09-12,7.14,3.4,7.2,10.2,1.5189489400084983,24,24,100.0,1,False,2026-09-12T00:00:00-06:00,2026-09-13T00:00:00-06:00,2026-09-12T06:00:00Z,µg/m³
logan,S6204950,15189410,6204950,low-cost,2026-09-12,0.483,0.0,0.3,2.2,0.38720339692238664,24,24,100.0,1,False,2026-09-12T00:00:00-06:00,2026-09-13T00:00:00-06:00,2026-09-12T06:00:00Z,µg/m³
logan,S6214215,15256023,6214215,low-cost,2026-09-12,0.988,0.1,0.9,2.8,0.6470521390029054,24,24,100.0,1,False,2026-09-12T00:00:00-06:00,2026-09-13T00:00:00-06:00,2026-09-12T06:00:00Z,µg/m³
logan,S305,3346,305,reference,2026-09-13,4.98,2.1,4.85,8.0,2.042710617455803,24,24,100.0,1,False,2026-09-13T00:00:00-06:00,2026-09-14T00:00:00-06:00,2026-09-13T06:00:00Z,µg/m³
logan,S6204950,15189410,6204950,low-cost,2026-09-13,0.0708,0.0,0.0,0.7,0.21505813167606566,24,24,100.0,1,False,2026-09-13T00:00:00-06:00,2026-09-14T00:00:00-06:00,2026-09-13T06:00:00Z,µg/m³
logan,S6214215,15256023,6214215,low-cost,2026-09-13,0.658,0.0,0.0,4.4,1.7311590812822149,24,24,100.0,1,False,2026-09-13T00:00:00-06:00,2026-09-14T00:00:00-06:00,2026-09-13T06:00:00Z,µg/m³
logan,S305,3346,305,reference,2026-09-14,4.72,2.0,4.75,7.8,1.5949094844963032,24,24,100.0,1,False,2026-09-14T00:00:00-06:00,2026-09-15T00:00:00-06:00,2026-09-14T06:00:00Z,µg/m³
logan,S6204950,15189410,6204950,low-cost,2026-09-14,0.00417,0.0,0.0,0.1,0.03333333333333334,24,24,100.0,1,False,2026-09-14T00:00:00-06:00,2026-09-15T00:00:00-06:00,2026-09-14T06:00:00Z,µg/m³
logan,S6214215,15256023,6214215,low-cost,2026-09-14,0.00833,0.0,0.0,0.1,0.044095855184409845,24,24,100.0,1,False,2026-09-14T00:00:00-06:00,2026-09-15T00:00:00-06:00,2026-09-14T06:00:00Z,µg/m³
logan,S305,3346,305,reference,2026-09-15,6.72,4.4,6.3,10.9,1.8247765681884243,24,24,100.0,1,False,2026-09-15T00:00:00-06:00,2026-09-16T00:00:00-06:00,2026-09-15T06:00:00Z,µg/m³
logan,S6204950,15189410,6204950,low-cost,2026-09-15,0.0333,0.0,0.0,0.2,0.06831300510639733,24,24,100.0,1,False,2026-09-15T00:00:00-06:00,2026-09-16T00:00:00-06:00,2026-09-15T06:00:00Z,µg/m³
logan,S6214215,15256023,6214215,low-cost,2026-09-15,0.292,0.0,0.1,2.0,0.08732124598286492,24,24,100.0,1,False,2026-09-15T00:00:00-06:00,2026-09-16T00:00:00-06:00,2026-09-15T06:00:00Z,µg/m³
logan,S305,3346,305,reference,2026-09-16,8.41,3.2,8.25,17.2,3.1069813860616113,24,24,100.0,1,False,2026-09-16T00:00:00-06:00,2026-09-17T00:00:00-06:00,2026-09-16T06:00:00Z,µg/m³
logan,S6204950,15189410,6204950,low-cost,2026-09-16,0.517,0.0,0.2,2.8,0.8602325267042626,24,24,100.0,1,False,2026-09-16T00:00:00-06:00,2026-09-17T00:00:00-06:00,2026-09-16T06:00:00Z,µg/m³
logan,S6214215,15256023,6214215,low-cost,2026-09-16,0.667,0.0,0.1,3.5,1.0325582165612919,24,24,100.0,1,False,2026-09-16T00:00:00-06:00,2026-09-17T00:00:00-06:00,2026-09-16T06:00:00Z,µg/m³
logan,S305,3346,305,reference,2026-09-17,6.53,3.4,6.1,10.1,2.1261971417801986,24,24,100.0,1,False,2026-09-17T00:00:00-06:00,2026-09-18T00:00:00-06:00,2026-09-17T06:00:00Z,µg/m³
logan,S6204950,15189410,6204950,low-cost,2026-09-17,0.0625,0.0,0.0,0.6,0.17464249196572978,24,24,100.0,1,False,2026-09-17T00:00:00-06:00,2026-09-18T00:00:00-06:00,2026-09-17T06:00:00Z,µg/m³
logan,S6214215,15256023,6214215,low-cost,2026-09-17,0.342,0.0,0.0,2.4,0.8048809435769573,24,24,100.0,1,False,2026-09-17T00:00:00-06:00,2026-09-18T00:00:00-06:00,2026-09-17T06:00:00Z,µg/m³
logan,S305,3346,305,reference,2026-09-18,5.11,1.5,5.25,11.0,1.158063517736014,24,24,100.0,1,False,2026-09-18T00:00:00-06:00,2026-09-19T00:00:00-06:00,2026-09-18T06:00:00Z,µg/m³
logan,S6204950,15189410,6204950,low-cost,2026-09-18,0.138,0.0,0.0,1.5,0.40244047178847875,24,24,100.0,1,False,2026-09-18T00:00:00-06:00,2026-09-19T00:00:00-06:00,2026-09-18T06:00:00Z,µg/m³
logan,S6214215,15256023,6214215,low-cost,2026-09-18,0.725,0.0,0.44999999999999996,2.4,0.7965550828411052,24,24,100.0,1,False,2026-09-18T00:00:00-06:00,2026-09-19T00:00:00-06:00,2026-09-18T06:00:00Z,µg/m³
logan,S305,3346,305,reference,2026-09-19,6.16,3.5,6.15,8.7,0.9680613912055664,24,24,100.0,1,False,2026-09-19T00:00:00-06:00,2026-09-20T00:00:00-06:00,2026-09-19T06:00:00Z,µg/m³
logan,S6204950,15189410,6204950,low-cost,2026-09-19,0.408,0.0,0.1,2.7,0.8374315892457526,24,24,100.0,1,False,2026-09-19T00:00:00-06:00,2026-09-20T00:00:00-06:00,2026-09-19T06:00:00Z,µg/m³
logan,S6214215,15256023,6214215,low-cost,2026-09-19,0.892,0.0,0.8,2.7,0.7821977584558354,24,24,100.0,1,False,2026-09-19T00:00:00-06:00,2026-09-20T00:00:00-06:00,2026-09-19T06:00:00Z,µg/m³
logan,S305,3346,305,reference,2026-09-20,6.2,2.6,6.55,10.1,1.6797693294021057,24,24,100.0,1,False,2026-09-20T00:00:00-06:00,2026-09-21T00:00:00-06:00,2026-09-20T06:00:00Z,µg/m³
logan,S6204950,15189410,6204950,low-cost,2026-09-20,1.15,0.0,1.05,4.1,0.9500722933742264,24,24,100.0,1,False,2026-09-20T00:00:00-06:00,2026-09-21T00:00:00-06:00,2026-09-20T06:00:00Z,µg/m³
logan,S6214215,15256023,6214215,low-cost,2026-09-20,2.07,0.0,2.25,4.5,0.9328262620471377,24,24,100.0,1,False,2026-09-20T00:00:00-06:00,2026-09-21T00:00:00-06:00,2026-09-20T06:00:00Z,µg/m³
logan,S305,3346,305,reference,2026-09-21,5.7,1.5,6.05,10.0,1.8562437947750896,24,24,100.0,1,False,2026-09-21T00:00:00-06:00,2026-09-22T00:00:00-06:00,2026-09-21T06:00:00Z,µg/m³
logan,S6204950,15189410,6204950,low-cost,2026-09-21,1.39,0.0,0.6499999999999999,5.0,1.5073016729683986,24,24,100.0,1,False,2026-09-21T00:00:00-06:00,2026-09-22T00:00:00-06:00,2026-09-21T06:00:00Z,µg/m³
logan,S6214215,15256023,6214215,low-cost,2026-09-21,2.63,0.0,3.0,5.4,1.7323875624890253,24,24,100.0,1,False,2026-09-21T00:00:00-06:00,2026-09-22T00:00:00-06:00,2026-09-21T06:00:00Z,µg/m³
logan,S305,3346,305,reference,2026-09-22,4.51,1.4,4.0,8.3,2.0844549361769324,24,24,100.0,1,False,2026-09-22T00:00:00-06:00,2026-09-23T00:00:00-06:00,2026-09-22T06:00:00Z,µg/m³
logan,S6204950,15189410,6204950,low-cost,2026-09-22,0.175,0.0,0.0,1.1,0.3043797937175355,24,24,100.0,1,False,2026-09-22T00:00:00-06:00,2026-09-23T00:00:00-06:00,2026-09-22T06:00:00Z,µg/m³
logan,S6214215,15256023,6214215,low-cost,2026-09-22,1.07,0.0,0.5,3.5,1.2699583133501111,24,24,100.0,1,False,2026-09-22T00:00:00-06:00,2026-09-23T00:00:00-06:00,2026-09-22T06:00:00Z,µg/m³
logan,S305,3346,305,reference,2026-09-23,4.4,2.2,3.8499999999999996,7.0,1.5912128497889064,24,24,100.0,1,False,2026-09-23T00:00:00-06:00,2026-09-24T00:00:00-06:00,2026-09-23T06:00:00Z,µg/m³
logan,S6204950,15189410,6204950,low-cost,2026-09-23,0.0,0.0,0.0,0.0,0.0,24,24,100.0,1,False,2026-09-23T00:00:00-06:00,2026-09-24T00:00:00-06:00,2026-09-23T06:00:00Z,µg/m³
logan,S6214215,15256023,6214215,low-cost,2026-09-23,2.01,0.0,0.1,45.5,0.13904435743076138,24,24,100.0,1,False,2026-09-23T00:00:00-06:00,2026-09-24T00:00:00-06:00,2026-09-23T06:00:00Z,µg/m³
logan,S305,3346,305,reference,2026-09-24,6.44,2.5,5.5,16.6,4.239350803849009,24,24,100.0,1,False,2026-09-24T00:00:00-06:00,2026-09-25T00:00:00-06:00,2026-09-24T06:00:00Z,µg/m³
logan,S6204950,15189410,6204950,low-cost,2026-09-24,0.929,0.0,0.2,11.6,0.5071160288007732,24,24,100.0,1,False,2026-09-24T00:00:00-06:00,2026-09-25T00:00:00-06:00,2026-09-24T06:00:00Z,µg/m³
logan,S6214215,15256023,6214215,low-cost,2026-09-24,1.22,0.0,1.0,3.7,1.2638565319423456,24,24,100.0,1,False,2026-09-24T00:00:00-06:00,2026-09-25T00:00:00-06:00,2026-09-24T06:00:00Z,µg/m³
logan,S305,3346,305,reference,2026-09-25,9.24,3.7,5.85,25.9,4.4053227046231385,24,24,100.0,1,False,2026-09-25T00:00:00-06:00,2026-09-26T00:00:00-06:00,2026-09-25T06:00:00Z,µg/m³
logan,S6204950,15189410,6204950,low-cost,2026-09-25,2.95,0.0,0.55,33.6,8.260347046785222,24,24,100.0,1,False,2026-09-25T00:00:00-06:00,2026-09-26T00:00:00-06:00,2026-09-25T06:00:00Z,µg/m³
logan,S6214215,15256023,6214215,low-cost,2026-09-25,5.45,0.0,2.25,37.5,6.22052717487299,24,24,100.0,1,False,2026-09-25T00:00:00-06:00,2026-09-26T00:00:00-06:00,2026-09-25T06:00:00Z,µg/m³
