city_slug,date_local,site_id,sensor_class,site_mean_ugm3,n_sensors,sensor_ids
boston,2016-03-12,S452,reference,4.62,1,786
boston,2017-04-14,S396,reference,6.44,1,688
boston,2017-04-14,S452,reference,5.09,1,786
boston,2017-04-15,S452,reference,5.95,1,786
boston,2017-04-16,S452,reference,7.05,1,786
boston,2017-04-17,S452,reference,2.84,1,786
boston,2017-04-18,S396,reference,4.59,1,688
boston,2017-04-19,S452,reference,6.0,1,786
boston,2017-04-21,S452,reference,3.4,1,786
boston,2017-04-24,S452,reference,4.81,1,786
boston,2017-04-25,S452,reference,3.94,1,786
boston,2017-04-26,S452,reference,3.5,1,786
boston,2017-04-27,S452,reference,5.63,1,786
boston,2017-04-28,S452,reference,5.11,1,786
boston,2017-04-29,S452,reference,8.95,1,786
boston,2017-04-30,S452,reference,3.35,1,786
boston,2017-05-01,S452,reference,3.25,1,786
boston,2017-05-02,S396,reference,12.0,1,688
boston,2017-05-02,S452,reference,9.25,1,786
boston,2017-05-03,S452,reference,3.19,1,786
boston,2017-05-04,S396,reference,9.44,1,688
boston,2017-05-04,S452,reference,3.6,1,786
boston,2017-05-06,S452,reference,3.25,1,786
boston,2017-05-07,S452,reference,2.5,1,786
boston,2017-05-08,S452,reference,3.29,1,786
boston,2017-05-09,S452,reference,4.48,1,786
boston,2017-05-10,S452,reference,4.32,1,786
boston,2017-05-11,S452,reference,2.85,1,786
boston,2017-05-14,S452,reference,2.0,1,786
boston,2017-05-15,S452,reference,3.41,1,786
boston,2017-05-16,S452,reference,5.11,1,786
boston,2017-05-17,S452,reference,9.83,1,786
boston,2017-05-18,S452,reference,13.0,1,786
boston,2017-05-20,S396,reference,6.29,1,688
boston,2017-05-20,S452,reference,4.55,1,786
boston,2017-05-21,S452,reference,5.88,1,786
boston,2017-05-26,S452,reference,4.11,1,786
boston,2017-05-27,S452,reference,5.3,1,786
boston,2017-05-28,S452,reference,7.61,1,786
boston,2017-05-29,S452,reference,6.48,1,786
boston,2017-05-30,S452,reference,6.26,1,786
boston,2017-05-31,S452,reference,4.74,1,786
boston,2017-06-01,S452,reference,5.65,1,786
boston,2017-06-02,S452,reference,5.21,1,786
boston,2017-06-03,S452,reference,5.11,1,786
boston,2017-06-04,S452,reference,4.91,1,786
boston,2017-06-05,S452,reference,3.42,1,786
boston,2017-06-06,S452,reference,4.38,1,786
boston,2017-06-07,S452,reference,8.53,1,786
boston,2017-06-08,S452,reference,7.89,1,786
boston,2017-06-09,S452,reference,4.62,1,786
boston,2017-06-10,S452,reference,13.2,1,786
boston,2017-06-12,S452,reference,17.2,1,786
boston,2017-06-13,S452,reference,15.4,1,786
boston,2017-06-14,S452,reference,7.94,1,786
boston,2017-06-15,S452,reference,7.7,1,786
boston,2017-06-16,S452,reference,5.2,1,786
boston,2017-06-17,S452,reference,7.0,1,786
boston,2017-06-18,S452,reference,3.36,1,786
boston,2017-06-19,S452,reference,7.4,1,786
boston,2017-06-20,S452,reference,4.67,1,786
boston,2017-06-23,S452,reference,8.84,1,786
boston,2017-06-25,S452,reference,6.19,1,786
boston,2017-06-26,S452,reference,8.25,1,786
boston,2017-06-27,S452,reference,8.63,1,786
boston,2017-06-28,S452,reference,8.28,1,786
boston,2017-06-29,S452,reference,10.6,1,786
boston,2017-07-01,S452,reference,7.92,1,786
boston,2017-07-02,S452,reference,3.14,1,786
boston,2017-07-03,S452,reference,5.64,1,786
boston,2017-07-05,S452,reference,20.1,1,786
boston,2017-07-06,S452,reference,7.75,1,786
boston,2017-07-07,S452,reference,5.5,1,786
boston,2017-07-08,S452,reference,3.32,1,786
boston,2017-07-10,S452,reference,10.5,1,786
boston,2017-07-11,S396,reference,4.06,1,688
boston,2017-07-11,S452,reference,7.64,1,786
boston,2017-07-12,S452,reference,7.95,1,786
boston,2017-07-13,S452,reference,8.74,1,786
boston,2017-07-15,S452,reference,6.75,1,786
boston,2017-07-16,S452,reference,5.62,1,786
boston,2017-07-17,S452,reference,8.0,1,786
boston,2017-07-19,S452,reference,7.24,1,786
boston,2017-08-14,S452,reference,8.39,1,786
boston,2017-08-15,S396,reference,5.21,1,688
boston,2017-08-15,S452,reference,8.53,1,786
boston,2017-08-16,S452,reference,8.94,1,786
boston,2017-08-17,S396,reference,5.79,1,688
boston,2017-08-23,S396,reference,7.29,1,688
boston,2017-08-24,S396,reference,8.8,1,688
boston,2017-08-24,S452,reference,9.57,1,786
boston,2017-08-27,S452,reference,9.26,1,786
boston,2017-08-28,S396,reference,11.3,1,688
boston,2017-08-28,S452,reference,10.7,1,786
boston,2017-08-30,S452,reference,6.67,1,786
boston,2017-08-31,S396,reference,10.7,1,688
boston,2017-08-31,S452,reference,8.86,1,786
boston,2017-09-01,S396,reference,7.94,1,688
boston,2017-09-01,S452,reference,7.4,1,786
boston,2017-09-03,S452,reference,5.44,1,786
boston,2017-09-05,S396,reference,12.7,1,688
boston,2017-09-05,S452,reference,10.1,1,786
boston,2017-09-06,S396,reference,13.1,1,688
boston,2017-09-06,S452,reference,11.8,1,786
boston,2017-09-07,S396,reference,5.25,1,688
boston,2017-09-07,S452,reference,4.41,1,786
boston,2017-09-08,S396,reference,8.44,1,688
boston,2017-09-08,S452,reference,6.13,1,786
boston,2017-09-09,S396,reference,10.2,1,688
boston,2017-09-09,S452,reference,6.05,1,786
boston,2017-09-10,S396,reference,8.87,1,688
boston,2017-09-10,S452,reference,6.59,1,786
boston,2017-09-11,S396,reference,7.61,1,688
boston,2017-09-11,S452,reference,7.17,1,786
boston,2017-09-12,S396,reference,7.65,1,688
boston,2017-09-12,S452,reference,7.17,1,786
boston,2017-09-13,S396,reference,9.55,1,688
boston,2017-09-13,S452,reference,5.74,1,786
boston,2017-09-14,S396,reference,6.5,1,688
boston,2017-09-15,S452,reference,10.7,1,786
boston,2018-02-24,S396,reference,5.61,1,688
boston,2018-04-30,S448,reference,4.75,1,783
boston,2018-04-30,S452,reference,7.78,1,786
boston,2018-05-05,S452,reference,8.33,1,786
boston,2018-05-06,S448,reference,10.9,1,783
boston,2018-05-06,S452,reference,11.6,1,786
boston,2018-05-07,S452,reference,13.8,1,786
boston,2018-05-09,S452,reference,10.3,1,786
boston,2018-05-10,S452,reference,10.0,1,786
boston,2018-05-17,S452,reference,12.7,1,786
boston,2018-05-19,S452,reference,9.53,1,786
boston,2018-05-20,S448,reference,5.84,1,783
boston,2018-05-20,S452,reference,4.79,1,786
boston,2018-05-25,S452,reference,17.4,1,786
boston,2018-05-26,S448,reference,20.1,1,783
boston,2018-05-26,S452,reference,16.2,1,786
boston,2018-05-27,S452,reference,11.7,1,786
boston,2018-05-28,S452,reference,9.11,1,786
boston,2018-05-30,S448,reference,15.2,1,783
boston,2018-05-30,S452,reference,14.2,1,786
boston,2018-06-02,S448,reference,9.38,1,783
boston,2018-06-02,S452,reference,6.58,1,786
boston,2018-06-03,S452,reference,7.79,1,786
boston,2018-06-04,S452,reference,6.44,1,786
boston,2018-06-06,S448,reference,6.79,1,783
boston,2018-06-06,S452,reference,6.84,1,786
boston,2018-06-07,S452,reference,11.3,1,786
boston,2018-06-08,S448,reference,15.0,1,783
boston,2018-06-08,S452,reference,15.0,1,786
boston,2018-06-09,S452,reference,14.6,1,786
boston,2018-06-10,S452,reference,12.4,1,786
boston,2018-06-11,S452,reference,10.8,1,786
boston,2018-06-15,S448,reference,9.44,1,783
boston,2018-06-15,S452,reference,6.22,1,786
boston,2018-06-16,S452,reference,11.8,1,786
boston,2018-06-18,S448,reference,19.4,1,783
boston,2018-06-18,S452,reference,17.9,1,786
boston,2018-06-19,S448,reference,11.4,1,783
boston,2018-06-19,S452,reference,8.4,1,786
boston,2018-06-20,S452,reference,12.7,1,786
boston,2018-06-21,S448,reference,14.9,1,783
boston,2018-06-21,S452,reference,13.9,1,786
boston,2018-06-22,S452,reference,13.0,1,786
boston,2018-06-23,S452,reference,9.46,1,786
boston,2018-06-24,S452,reference,11.2,1,786
boston,2018-06-25,S452,reference,6.38,1,786
boston,2018-06-26,S452,reference,11.5,1,786
boston,2018-06-28,S452,reference,6.45,1,786
boston,2018-06-30,S452,reference,17.6,1,786
boston,2018-07-01,S452,reference,19.6,1,786
boston,2018-07-02,S452,reference,19.1,1,786
boston,2018-07-03,S452,reference,23.4,1,786
boston,2018-07-04,S452,reference,20.1,1,786
boston,2018-07-05,S448,reference,15.2,1,783
boston,2018-07-05,S452,reference,21.3,1,786
boston,2018-07-06,S448,reference,4.68,1,783
boston,2018-07-06,S452,reference,7.1,1,786
boston,2018-07-07,S448,reference,6.86,1,783
boston,2018-07-07,S452,reference,8.64,1,786
boston,2018-07-08,S448,reference,9.92,1,783
boston,2018-07-08,S452,reference,12.8,1,786
boston,2018-07-09,S448,reference,9.22,1,783
boston,2018-07-09,S452,reference,12.6,1,786
boston,2018-07-10,S448,reference,9.85,1,783
boston,2018-07-10,S452,reference,14.9,1,786
boston,2018-07-11,S448,reference,11.9,1,783
boston,2018-07-11,S452,reference,11.5,1,786
boston,2018-07-12,S448,reference,10.5,1,783
boston,2018-07-12,S452,reference,12.7,1,786
boston,2018-07-13,S448,reference,10.7,1,783
boston,2018-07-13,S452,reference,12.9,1,786
boston,2018-07-14,S448,reference,8.14,1,783
boston,2018-07-14,S452,reference,10.4,1,786
boston,2018-07-15,S448,reference,7.0,1,783
boston,2018-07-19,S452,reference,11.1,1,786
boston,2018-07-20,S448,reference,9.37,1,783
boston,2018-07-20,S452,reference,12.0,1,786
boston,2018-07-21,S448,reference,6.56,1,783
boston,2018-07-21,S452,reference,10.4,1,786
boston,2018-07-22,S448,reference,1.83,1,783
boston,2018-07-23,S448,reference,3.17,1,783
boston,2018-07-24,S448,reference,3.19,1,783
boston,2018-07-25,S452,reference,4.4,1,786
boston,2018-07-26,S452,reference,3.39,1,786
boston,2018-07-27,S448,reference,7.91,1,783
boston,2018-07-27,S452,reference,12.8,1,786
boston,2018-07-28,S448,reference,5.56,1,783
boston,2018-07-28,S452,reference,8.11,1,786
boston,2018-07-29,S452,reference,8.68,1,786
boston,2018-07-31,S452,reference,15.0,1,786
boston,2018-08-02,S448,reference,4.4,1,783
boston,2018-08-05,S448,reference,7.06,1,783
boston,2018-08-06,S448,reference,11.7,1,783
boston,2018-08-06,S452,reference,4.93,1,786
boston,2018-08-08,S448,reference,6.0,1,783
boston,2018-08-09,S448,reference,6.0,1,783
boston,2018-08-11,S452,reference,6.21,1,786
boston,2018-08-12,S452,reference,5.0,1,786
boston,2018-08-13,S452,reference,5.64,1,786
boston,2018-08-18,S452,reference,6.36,1,786
boston,2018-08-20,S452,reference,4.27,1,786
boston,2018-08-24,S448,reference,12.3,1,783
boston,2018-08-24,S452,reference,12.0,1,786
boston,2018-08-25,S452,reference,13.2,1,786
boston,2018-08-27,S448,reference,12.4,1,783
boston,2018-08-28,S448,reference,20.8,1,783
boston,2018-08-28,S452,reference,16.1,1,786
boston,2018-09-09,S452,reference,6.0,1,786
boston,2018-09-10,S452,reference,5.42,1,786
boston,2018-09-11,S452,reference,6.12,1,786
boston,2018-09-12,S448,reference,8.11,1,783
boston,2018-09-12,S452,reference,3.94,1,786
boston,2018-09-13,S448,reference,6.29,1,783
boston,2018-09-13,S452,reference,4.63,1,786
boston,2018-09-14,S448,reference,8.95,1,783
boston,2018-09-14,S452,reference,7.89,1,786
boston,2018-09-17,S452,reference,4.65,1,786
boston,2018-09-18,S448,reference,6.96,1,783
boston,2018-09-19,S448,reference,6.65,1,783
boston,2018-09-19,S452,reference,2.44,1,786
boston,2018-09-20,S448,reference,6.45,1,783
boston,2018-09-20,S452,reference,4.81,1,786
boston,2018-09-21,S448,reference,5.55,1,783
boston,2018-09-21,S452,reference,5.88,1,786
boston,2018-09-22,S448,reference,6.42,1,783
boston,2018-09-22,S452,reference,5.37,1,786
boston,2018-09-23,S448,reference,8.91,1,783
boston,2018-09-23,S452,reference,6.42,1,786
boston,2018-09-24,S448,reference,9.14,1,783
boston,2018-09-24,S452,reference,7.24,1,786
boston,2018-09-25,S448,reference,6.52,1,783
boston,2018-09-25,S452,reference,4.55,1,786
boston,2018-09-27,S448,reference,6.82,1,783
boston,2018-09-27,S452,reference,4.38,1,786
boston,2018-09-28,S448,reference,9.33,1,783
boston,2018-09-28,S452,reference,5.83,1,786
boston,2018-09-29,S448,reference,7.74,1,783
boston,2018-09-30,S448,reference,7.48,1,783
boston,2018-09-30,S452,reference,7.78,1,786
boston,2018-10-02,S448,reference,8.24,1,783
boston,2018-10-02,S452,reference,4.78,1,786
boston,2018-10-03,S448,reference,6.65,1,783
boston,2018-10-03,S452,reference,7.47,1,786
boston,2018-10-05,S452,reference,6.43,1,786
boston,2018-10-06,S452,reference,11.4,1,786
boston,2018-10-07,S452,reference,6.9,1,786
boston,2018-10-09,S452,reference,6.55,1,786
boston,2018-10-12,S448,reference,3.32,1,783
boston,2018-10-13,S448,reference,5.83,1,783
boston,2018-10-13,S452,reference,8.58,1,786
boston,2018-10-14,S448,reference,8.26,1,783
boston,2018-10-14,S452,reference,10.8,1,786
boston,2018-10-16,S448,reference,4.43,1,783
boston,2018-10-17,S448,reference,6.5,1,783
boston,2018-10-17,S452,reference,9.1,1,786
boston,2018-10-18,S448,reference,5.43,1,783
boston,2018-10-18,S452,reference,8.9,1,786
boston,2018-10-19,S448,reference,7.65,1,783
boston,2018-10-19,S452,reference,10.6,1,786
boston,2018-10-21,S448,reference,5.85,1,783
boston,2018-10-22,S448,reference,7.86,1,783
boston,2018-10-22,S452,reference,11.1,1,786
boston,2018-10-23,S448,reference,8.6,1,783
boston,2018-10-23,S452,reference,12.4,1,786
boston,2018-10-24,S448,reference,5.64,1,783
boston,2018-10-24,S452,reference,9.38,1,786
boston,2018-10-25,S448,reference,6.96,1,783
boston,2018-10-25,S452,reference,10.4,1,786
boston,2018-10-26,S448,reference,7.67,1,783
boston,2018-10-26,S452,reference,10.6,1,786
boston,2018-10-27,S448,reference,5.58,1,783
boston,2018-10-27,S452,reference,7.45,1,786
boston,2018-10-28,S448,reference,5.22,1,783
boston,2018-10-28,S452,reference,6.0,1,786
boston,2018-10-29,S448,reference,7.65,1,783
boston,2018-10-29,S452,reference,8.19,1,786
boston,2018-10-30,S448,reference,6.32,1,783
boston,2018-10-30,S452,reference,9.61,1,786
boston,2018-11-01,S448,reference,13.9,1,783
boston,2018-11-01,S452,reference,15.9,1,786
boston,2018-11-02,S448,reference,9.27,1,783
boston,2018-11-03,S448,reference,4.2,1,783
boston,2018-11-04,S448,reference,6.15,1,783
boston,2018-11-06,S448,reference,4.9,1,783
boston,2018-11-07,S448,reference,7.0,1,783
boston,2018-11-09,S448,reference,7.5,1,783
boston,2018-11-09,S452,reference,9.89,1,786
boston,2018-11-10,S448,reference,5.5,1,783
boston,2018-11-10,S452,reference,6.88,1,786
boston,2018-11-11,S448,reference,7.04,1,783
boston,2018-11-11,S452,reference,9.26,1,786
boston,2018-11-12,S448,reference,10.3,1,783
boston,2018-11-12,S452,reference,13.6,1,786
boston,2018-11-13,S448,reference,5.95,1,783
boston,2018-11-15,S448,reference,9.0,1,783
boston,2018-11-16,S448,reference,6.7,1,783
boston,2018-11-17,S448,reference,8.71,1,783
boston,2018-11-17,S452,reference,12.1,1,786
boston,2018-11-21,S448,reference,8.29,1,783
boston,2018-11-22,S448,reference,7.04,1,783
boston,2018-11-22,S452,reference,9.91,1,786
boston,2018-11-23,S448,reference,7.96,1,783
boston,2018-11-23,S452,reference,12.7,1,786
boston,2018-11-24,S448,reference,11.3,1,783
boston,2018-11-24,S452,reference,12.7,1,786
boston,2018-11-26,S448,reference,8.71,1,783
boston,2018-11-27,S448,reference,5.13,1,783
boston,2018-11-28,S448,reference,5.32,1,783
boston,2018-11-29,S448,reference,5.5,1,783
boston,2018-11-30,S448,reference,7.71,1,783
boston,2018-12-01,S448,reference,8.13,1,783
boston,2018-12-01,S452,reference,10.7,1,786
boston,2018-12-02,S448,reference,8.29,1,783
boston,2018-12-02,S452,reference,9.2,1,786
boston,2018-12-03,S448,reference,8.65,1,783
boston,2018-12-03,S452,reference,8.14,1,786
boston,2018-12-04,S448,reference,3.64,1,783
boston,2018-12-04,S452,reference,6.25,1,786
boston,2018-12-06,S448,reference,10.0,1,783
boston,2018-12-07,S448,reference,9.08,1,783
boston,2018-12-07,S452,reference,9.62,1,786
boston,2018-12-08,S448,reference,7.05,1,783
boston,2018-12-08,S452,reference,9.06,1,786
boston,2018-12-09,S448,reference,13.9,1,783
boston,2018-12-09,S452,reference,14.0,1,786
boston,2018-12-10,S448,reference,10.8,1,783
boston,2018-12-10,S452,reference,11.9,1,786
boston,2018-12-11,S448,reference,12.0,1,783
boston,2018-12-11,S452,reference,15.3,1,786
boston,2018-12-12,S448,reference,11.5,1,783
boston,2018-12-12,S452,reference,12.6,1,786
boston,2018-12-17,S448,reference,6.5,1,783
boston,2018-12-17,S452,reference,7.27,1,786
boston,2018-12-18,S448,reference,5.95,1,783
boston,2018-12-18,S452,reference,6.86,1,786
boston,2018-12-19,S448,reference,10.3,1,783
boston,2018-12-19,S452,reference,10.7,1,786
boston,2018-12-20,S448,reference,18.2,1,783
boston,2018-12-20,S452,reference,18.0,1,786
boston,2018-12-21,S448,reference,6.58,1,783
boston,2018-12-21,S452,reference,5.64,1,786
boston,2018-12-22,S448,reference,7.52,1,783
boston,2018-12-23,S448,reference,7.54,1,783
boston,2018-12-23,S452,reference,6.25,1,786
boston,2018-12-24,S448,reference,13.0,1,783
boston,2018-12-24,S452,reference,14.3,1,786
boston,2018-12-25,S448,reference,6.92,1,783
boston,2018-12-25,S452,reference,9.26,1,786
boston,2018-12-26,S448,reference,9.33,1,783
boston,2018-12-26,S452,reference,9.35,1,786
boston,2018-12-27,S448,reference,9.25,1,783
boston,2018-12-27,S452,reference,10.0,1,786
boston,2018-12-28,S448,reference,7.61,1,783
boston,2018-12-28,S452,reference,8.36,1,786
boston,2018-12-29,S448,reference,6.38,1,783
boston,2018-12-29,S452,reference,6.9,1,786
boston,2018-12-30,S448,reference,9.29,1,783
boston,2018-12-30,S452,reference,10.7,1,786
boston,2018-12-31,S448,reference,13.3,1,783
boston,2018-12-31,S452,reference,14.2,1,786
boston,2019-01-01,S448,reference,5.71,1,783
boston,2019-01-01,S452,reference,5.39,1,786
boston,2019-01-02,S448,reference,7.13,1,783
boston,2019-01-02,S452,reference,8.43,1,786
boston,2019-01-03,S448,reference,7.52,1,783
boston,2019-01-03,S452,reference,8.5,1,786
boston,2019-01-04,S448,reference,13.5,1,783
boston,2019-01-04,S452,reference,11.8,1,786
boston,2019-01-05,S448,reference,16.1,1,783
boston,2019-01-05,S452,reference,17.4,1,786
boston,2019-01-06,S448,reference,9.38,1,783
boston,2019-01-06,S452,reference,9.76,1,786
boston,2019-01-07,S448,reference,7.29,1,783
boston,2019-01-08,S448,reference,10.6,1,783
boston,2019-01-09,S448,reference,6.17,1,783
boston,2019-01-10,S448,reference,5.59,1,783
boston,2019-01-10,S452,reference,7.45,1,786
boston,2019-01-11,S448,reference,5.6,1,783
boston,2019-01-11,S452,reference,8.58,1,786
boston,2019-01-12,S448,reference,7.4,1,783
boston,2019-01-14,S448,reference,12.3,1,783
boston,2019-01-14,S452,reference,11.6,1,786
boston,2019-01-15,S448,reference,9.67,1,783
boston,2019-01-16,S448,reference,15.2,1,783
boston,2019-01-17,S448,reference,9.14,1,783
boston,2019-01-17,S452,reference,10.8,1,786
boston,2019-01-18,S448,reference,11.4,1,783
boston,2019-01-18,S452,reference,10.8,1,786
boston,2019-01-20,S448,reference,6.79,1,783
boston,2019-01-20,S452,reference,6.55,1,786
boston,2019-01-21,S448,reference,9.71,1,783
boston,2019-01-21,S452,reference,10.5,1,786
boston,2019-01-31,S448,reference,11.9,1,783
boston,2019-01-31,S452,reference,13.1,1,786
boston,2019-02-01,S448,reference,14.0,1,783
boston,2019-02-01,S452,reference,15.6,1,786
boston,2019-02-02,S448,reference,16.7,1,783
boston,2019-02-02,S452,reference,16.0,1,786
boston,2019-02-03,S448,reference,23.2,1,783
boston,2019-02-03,S452,reference,22.2,1,786
boston,2019-02-04,S448,reference,21.5,1,783
boston,2019-02-04,S452,reference,20.5,1,786
boston,2019-02-05,S448,reference,12.4,1,783
boston,2019-02-05,S452,reference,13.1,1,786
boston,2019-02-06,S448,reference,8.74,1,783
boston,2019-02-06,S452,reference,9.09,1,786
boston,2019-02-07,S448,reference,8.23,1,783
boston,2019-02-07,S452,reference,8.32,1,786
boston,2019-02-08,S448,reference,6.54,1,783
boston,2019-02-08,S452,reference,5.1,1,786
boston,2019-02-09,S448,reference,6.79,1,783
boston,2019-02-09,S452,reference,7.52,1,786
boston,2019-02-10,S448,reference,6.83,1,783
boston,2019-02-10,S452,reference,6.26,1,786
boston,2019-02-11,S448,reference,7.5,1,783
boston,2019-02-11,S452,reference,5.78,1,786
boston,2019-02-13,S448,reference,6.5,1,783
boston,2019-02-13,S452,reference,5.11,1,786
boston,2019-02-14,S448,reference,10.0,1,783
boston,2019-02-14,S452,reference,9.35,1,786
boston,2019-02-15,S448,reference,12.0,1,783
boston,2019-02-15,S452,reference,11.5,1,786
boston,2019-02-16,S448,reference,8.3,1,783
boston,2019-02-16,S452,reference,8.55,1,786
boston,2019-02-17,S448,reference,9.16,1,783
boston,2019-02-18,S448,reference,8.7,1,783
boston,2019-02-18,S452,reference,8.11,1,786
boston,2019-02-19,S448,reference,7.71,1,783
boston,2019-02-19,S452,reference,10.2,1,786
boston,2019-02-20,S448,reference,10.1,1,783
boston,2019-02-20,S452,reference,12.8,1,786
boston,2019-02-21,S448,reference,10.5,1,783
boston,2019-02-21,S452,reference,8.24,1,786
boston,2019-02-22,S448,reference,9.91,1,783
boston,2019-02-22,S452,reference,8.0,1,786
boston,2019-02-24,S448,reference,7.0,1,783
boston,2019-02-24,S452,reference,6.0,1,786
boston,2019-02-25,S448,reference,5.82,1,783
boston,2019-02-25,S452,reference,4.86,1,786
boston,2019-02-26,S448,reference,6.57,1,783
boston,2019-02-26,S452,reference,7.35,1,786
boston,2019-02-27,S448,reference,8.29,1,783
boston,2019-02-27,S452,reference,8.09,1,786
boston,2019-02-28,S448,reference,11.3,1,783
boston,2019-02-28,S452,reference,13.1,1,786
boston,2019-03-01,S448,reference,10.1,1,783
boston,2019-03-01,S452,reference,13.3,1,786
boston,2019-03-02,S448,reference,9.71,1,783
boston,2019-03-02,S452,reference,8.14,1,786
boston,2019-03-03,S448,reference,12.8,1,783
boston,2019-03-03,S452,reference,12.3,1,786
boston,2019-03-04,S448,reference,8.08,1,783
boston,2019-03-04,S452,reference,7.0,1,786
boston,2019-03-05,S448,reference,12.3,1,783
boston,2019-03-05,S452,reference,15.2,1,786
boston,2019-03-06,S448,reference,10.1,1,783
boston,2019-03-06,S452,reference,11.8,1,786
boston,2019-03-07,S448,reference,10.1,1,783
boston,2019-03-07,S452,reference,10.3,1,786
boston,2019-03-08,S448,reference,13.1,1,783
boston,2019-03-08,S452,reference,12.8,1,786
boston,2019-03-09,S448,reference,17.0,1,783
boston,2019-03-09,S452,reference,16.8,1,786
boston,2019-03-10,S448,reference,10.7,1,783
boston,2019-03-10,S452,reference,8.89,1,786
boston,2019-03-11,S448,reference,9.58,1,783
boston,2019-03-11,S452,reference,7.23,1,786
boston,2019-03-12,S448,reference,7.87,1,783
boston,2019-03-12,S452,reference,8.0,1,786
boston,2019-03-15,S448,reference,11.7,1,783
boston,2019-03-15,S452,reference,5.85,1,786
boston,2019-03-16,S448,reference,6.29,1,783
boston,2019-03-16,S452,reference,3.95,1,786
boston,2019-03-17,S448,reference,5.71,1,783
boston,2019-03-17,S452,reference,5.63,1,786
boston,2019-03-18,S448,reference,6.0,1,783
boston,2019-03-18,S452,reference,7.83,1,786
boston,2019-03-19,S448,reference,8.25,1,783
boston,2019-03-19,S452,reference,10.5,1,786
boston,2019-03-20,S448,reference,10.7,1,783
boston,2019-03-20,S452,reference,9.29,1,786
boston,2019-03-21,S448,reference,8.29,1,783
boston,2019-03-21,S452,reference,7.1,1,786
boston,2019-03-22,S448,reference,5.7,1,783
boston,2019-03-22,S452,reference,2.91,1,786
boston,2019-03-23,S448,reference,4.58,1,783
boston,2019-03-23,S452,reference,4.04,1,786
boston,2019-03-24,S448,reference,7.54,1,783
boston,2019-03-24,S452,reference,6.54,1,786
boston,2019-03-25,S448,reference,6.63,1,783
boston,2019-03-25,S452,reference,7.63,1,786
boston,2019-03-26,S448,reference,6.87,1,783
boston,2019-03-26,S452,reference,7.7,1,786
boston,2019-03-27,S452,reference,7.78,1,786
boston,2019-03-28,S448,reference,9.32,1,783
boston,2019-03-28,S452,reference,8.41,1,786
boston,2019-03-29,S448,reference,9.88,1,783
boston,2019-03-29,S452,reference,8.22,1,786
boston,2019-03-30,S448,reference,13.0,1,783
boston,2019-03-30,S452,reference,8.7,1,786
boston,2019-03-31,S448,reference,7.42,1,783
boston,2019-03-31,S452,reference,4.2,1,786
boston,2019-04-01,S448,reference,6.08,1,783
boston,2019-04-01,S452,reference,6.39,1,786
boston,2019-04-02,S448,reference,8.43,1,783
boston,2019-04-03,S448,reference,7.04,1,783
boston,2019-04-03,S452,reference,3.94,1,786
boston,2019-04-06,S448,reference,8.23,1,783
boston,2019-04-06,S452,reference,7.55,1,786
boston,2019-04-07,S448,reference,10.5,1,783
boston,2019-04-07,S452,reference,8.04,1,786
boston,2019-04-08,S448,reference,8.21,1,783
boston,2019-04-08,S452,reference,7.29,1,786
boston,2019-04-09,S448,reference,6.79,1,783
boston,2019-04-09,S452,reference,3.74,1,786
boston,2019-04-10,S448,reference,6.96,1,783
boston,2019-04-10,S452,reference,4.57,1,786
boston,2019-04-11,S448,reference,7.96,1,783
boston,2019-04-11,S452,reference,8.86,1,786
boston,2019-04-12,S448,reference,9.43,1,783
boston,2019-04-12,S452,reference,9.76,1,786
boston,2019-04-14,S448,reference,10.3,1,783
boston,2019-04-14,S452,reference,7.48,1,786
boston,2019-04-15,S448,reference,5.3,1,783
boston,2019-04-15,S452,reference,3.26,1,786
boston,2019-04-16,S448,reference,4.27,1,783
boston,2019-04-16,S452,reference,4.65,1,786
boston,2019-04-17,S448,reference,5.86,1,783
boston,2019-04-18,S448,reference,6.86,1,783
boston,2019-04-18,S452,reference,7.89,1,786
boston,2019-04-19,S448,reference,8.41,1,783
boston,2019-04-19,S452,reference,5.14,1,786
boston,2019-04-20,S448,reference,6.83,1,783
boston,2019-04-20,S452,reference,5.06,1,786
boston,2019-04-21,S448,reference,4.13,1,783
boston,2019-04-21,S452,reference,3.33,1,786
boston,2019-04-22,S448,reference,5.42,1,783
boston,2019-04-22,S452,reference,4.33,1,786
boston,2019-04-23,S448,reference,4.61,1,783
boston,2019-04-23,S452,reference,2.96,1,786
boston,2019-04-24,S448,reference,5.92,1,783
boston,2019-04-24,S452,reference,7.38,1,786
boston,2019-04-25,S448,reference,5.23,1,783
boston,2019-04-25,S452,reference,5.6,1,786
boston,2019-04-26,S448,reference,6.36,1,783
boston,2019-04-26,S452,reference,3.91,1,786
boston,2019-04-27,S448,reference,4.74,1,783
boston,2019-04-27,S452,reference,2.12,1,786
boston,2019-04-28,S448,reference,7.13,1,783
boston,2019-04-28,S452,reference,6.29,1,786
boston,2019-04-29,S448,reference,7.21,1,783
boston,2019-04-30,S448,reference,6.91,1,783
boston,2019-05-01,S448,reference,9.54,1,783
boston,2019-05-02,S448,reference,7.96,1,783
boston,2019-05-03,S448,reference,9.04,1,783
boston,2019-05-03,S452,reference,6.17,1,786
boston,2019-05-04,S448,reference,7.58,1,783
boston,2019-05-04,S452,reference,4.04,1,786
boston,2019-05-05,S448,reference,5.5,1,783
boston,2019-05-05,S452,reference,2.5,1,786
boston,2019-05-06,S448,reference,5.57,1,783
boston,2019-05-06,S452,reference,3.06,1,786
boston,2019-05-07,S448,reference,6.86,1,783
boston,2019-05-07,S452,reference,9.11,1,786
boston,2019-05-08,S448,reference,7.52,1,783
boston,2019-05-08,S452,reference,6.17,1,786
boston,2019-05-09,S448,reference,7.75,1,783
boston,2019-05-09,S452,reference,6.47,1,786
boston,2019-05-10,S448,reference,7.3,1,783
boston,2019-05-10,S452,reference,7.35,1,786
boston,2019-05-11,S448,reference,4.71,1,783
boston,2019-05-11,S452,reference,2.75,1,786
boston,2019-05-12,S448,reference,4.57,1,783
boston,2019-05-12,S452,reference,3.57,1,786
boston,2019-05-14,S448,reference,5.27,1,783
boston,2019-05-14,S452,reference,2.95,1,786
boston,2019-05-15,S448,reference,5.38,1,783
boston,2019-05-15,S452,reference,7.42,1,786
boston,2019-05-16,S448,reference,7.96,1,783
boston,2019-05-16,S452,reference,5.96,1,786
boston,2019-05-17,S448,reference,15.1,1,783
boston,2019-05-17,S452,reference,15.7,1,786
boston,2019-05-18,S448,reference,6.04,1,783
boston,2019-05-18,S452,reference,5.24,1,786
boston,2019-05-19,S448,reference,6.58,1,783
boston,2019-05-19,S452,reference,7.71,1,786
boston,2019-05-20,S448,reference,9.7,1,783
boston,2019-05-20,S452,reference,9.41,1,786
boston,2019-05-21,S448,reference,3.74,1,783
boston,2019-05-21,S452,reference,3.43,1,786
boston,2019-05-22,S448,reference,3.78,1,783
boston,2019-05-22,S452,reference,4.55,1,786
boston,2019-05-23,S448,reference,6.45,1,783
boston,2019-05-23,S452,reference,5.57,1,786
boston,2019-05-24,S448,reference,5.17,1,783
boston,2019-05-24,S452,reference,4.41,1,786
boston,2019-05-26,S448,reference,6.04,1,783
boston,2019-05-26,S452,reference,5.29,1,786
boston,2019-05-27,S448,reference,6.58,1,783
boston,2019-05-27,S452,reference,4.36,1,786
boston,2019-05-28,S448,reference,6.3,1,783
boston,2019-05-28,S452,reference,4.35,1,786
boston,2019-05-29,S448,reference,3.53,1,783
boston,2019-05-29,S452,reference,3.1,1,786
boston,2019-05-30,S448,reference,5.08,1,783
boston,2019-05-30,S452,reference,4.63,1,786
boston,2019-05-31,S448,reference,6.62,1,783
boston,2019-05-31,S452,reference,3.65,1,786
boston,2019-06-01,S448,reference,9.54,1,783
boston,2019-06-01,S452,reference,8.78,1,786
boston,2019-06-02,S448,reference,4.33,1,783
boston,2019-06-02,S452,reference,2.82,1,786
boston,2019-06-03,S448,reference,5.79,1,783
boston,2019-06-03,S452,reference,4.14,1,786
boston,2019-06-04,S448,reference,6.29,1,783
boston,2019-06-04,S452,reference,5.64,1,786
boston,2019-06-05,S448,reference,12.5,1,783
boston,2019-06-05,S452,reference,10.8,1,786
boston,2019-06-06,S448,reference,8.57,1,783
boston,2019-06-06,S452,reference,7.39,1,786
boston,2019-06-07,S452,reference,6.43,1,786
boston,2019-06-08,S452,reference,6.61,1,786
boston,2019-06-09,S452,reference,6.17,1,786
boston,2019-06-10,S452,reference,6.91,1,786
boston,2019-06-11,S448,reference,1.58,1,783
boston,2019-06-11,S452,reference,2.22,1,786
boston,2019-06-13,S448,reference,2.36,1,783
boston,2019-06-13,S452,reference,3.92,1,786
boston,2019-06-14,S448,reference,3.23,1,783
boston,2019-06-14,S452,reference,4.9,1,786
boston,2019-06-15,S448,reference,5.33,1,783
boston,2019-06-15,S452,reference,7.21,1,786
boston,2019-06-16,S448,reference,7.43,1,783
boston,2019-06-16,S452,reference,10.3,1,786
boston,2019-06-17,S448,reference,5.5,1,783
boston,2019-06-17,S452,reference,7.22,1,786
boston,2019-06-21,S448,reference,3.37,1,783
boston,2019-06-21,S452,reference,4.9,1,786
boston,2019-06-22,S448,reference,4.92,1,783
boston,2019-06-22,S452,reference,5.29,1,786
boston,2019-06-23,S448,reference,6.3,1,783
boston,2019-06-23,S452,reference,6.22,1,786
boston,2019-06-24,S448,reference,8.87,1,783
boston,2019-06-24,S452,reference,9.74,1,786
boston,2019-06-25,S448,reference,7.88,1,783
boston,2019-06-25,S452,reference,11.0,1,786
boston,2019-06-26,S448,reference,5.11,1,783
boston,2019-06-26,S452,reference,5.11,1,786
boston,2019-06-27,S448,reference,7.76,1,783
boston,2019-06-27,S452,reference,6.17,1,786
boston,2019-06-28,S448,reference,10.3,1,783
boston,2019-06-28,S452,reference,10.8,1,786
boston,2019-06-29,S448,reference,11.1,1,783
boston,2019-06-29,S452,reference,12.1,1,786
boston,2019-06-30,S448,reference,3.59,1,783
boston,2019-06-30,S452,reference,5.61,1,786
boston,2019-07-01,S448,reference,6.32,1,783
boston,2019-07-01,S452,reference,7.45,1,786
boston,2019-07-03,S448,reference,12.3,1,783
boston,2019-07-03,S452,reference,14.5,1,786
boston,2019-07-04,S448,reference,15.0,1,783
boston,2019-07-04,S452,reference,17.1,1,786
boston,2019-07-05,S448,reference,16.8,1,783
boston,2019-07-05,S452,reference,19.4,1,786
boston,2019-07-07,S448,reference,6.46,1,783
boston,2019-07-07,S452,reference,4.79,1,786
boston,2019-07-08,S448,reference,7.13,1,783
boston,2019-07-08,S452,reference,6.88,1,786
boston,2019-07-09,S448,reference,8.08,1,783
boston,2019-07-09,S452,reference,9.52,1,786
boston,2019-07-10,S448,reference,13.6,1,783
boston,2019-07-10,S452,reference,15.3,1,786
boston,2019-07-11,S448,reference,15.0,1,783
boston,2019-07-11,S452,reference,17.0,1,786
boston,2019-07-13,S448,reference,9.46,1,783
boston,2019-07-13,S452,reference,8.04,1,786
boston,2019-07-14,S448,reference,8.96,1,783
boston,2019-07-14,S452,reference,8.63,1,786
boston,2019-07-15,S448,reference,4.17,1,783
boston,2019-07-15,S452,reference,5.17,1,786
boston,2019-07-16,S448,reference,8.61,1,783
boston,2019-07-16,S452,reference,8.88,1,786
boston,2019-07-17,S448,reference,10.5,1,783
boston,2019-07-17,S452,reference,10.3,1,786
boston,2019-07-18,S448,reference,4.79,1,783
boston,2019-07-18,S452,reference,3.61,1,786
boston,2019-07-19,S448,reference,8.0,1,783
boston,2019-07-19,S452,reference,8.57,1,786
boston,2019-07-20,S448,reference,11.7,1,783
boston,2019-07-20,S452,reference,10.8,1,786
boston,2019-07-21,S448,reference,6.17,1,783
boston,2019-07-21,S452,reference,4.58,1,786
boston,2019-07-22,S448,reference,9.38,1,783
boston,2019-07-22,S452,reference,9.5,1,786
boston,2019-07-23,S448,reference,5.57,1,783
boston,2019-07-23,S452,reference,3.82,1,786
boston,2019-07-24,S448,reference,7.83,1,783
boston,2019-07-24,S452,reference,7.25,1,786
boston,2019-07-25,S448,reference,8.54,1,783
boston,2019-07-25,S452,reference,6.67,1,786
boston,2019-07-26,S448,reference,10.3,1,783
boston,2019-07-26,S452,reference,11.3,1,786
boston,2019-07-27,S448,reference,7.63,1,783
boston,2019-07-27,S452,reference,7.83,1,786
boston,2019-07-28,S448,reference,9.63,1,783
boston,2019-07-28,S452,reference,10.3,1,786
boston,2019-07-29,S448,reference,13.4,1,783
boston,2019-07-29,S452,reference,14.0,1,786
boston,2019-07-30,S448,reference,18.1,1,783
boston,2019-07-30,S452,reference,19.0,1,786
boston,2019-07-31,S448,reference,12.6,1,783
boston,2019-07-31,S452,reference,13.4,1,786
boston,2019-08-01,S448,reference,7.09,1,783
boston,2019-08-01,S452,reference,7.67,1,786
boston,2019-08-02,S448,reference,7.13,1,783
boston,2019-08-02,S452,reference,7.91,1,786
boston,2019-08-03,S448,reference,7.46,1,783
boston,2019-08-03,S452,reference,9.0,1,786
boston,2019-08-04,S448,reference,8.38,1,783
boston,2019-08-04,S452,reference,9.27,1,786
boston,2019-08-05,S448,reference,6.25,1,783
boston,2019-08-05,S452,reference,5.08,1,786
boston,2019-08-06,S448,reference,8.42,1,783
boston,2019-08-06,S452,reference,9.29,1,786
boston,2019-08-07,S448,reference,7.67,1,783
boston,2019-08-07,S452,reference,7.42,1,786
boston,2019-08-08,S448,reference,5.65,1,783
boston,2019-08-08,S452,reference,6.04,1,786
boston,2019-08-09,S448,reference,6.5,1,783
boston,2019-08-09,S452,reference,5.68,1,786
boston,2019-08-10,S448,reference,4.29,1,783
boston,2019-08-10,S452,reference,4.9,1,786
boston,2019-08-12,S448,reference,7.71,1,783
boston,2019-08-12,S452,reference,8.25,1,786
boston,2019-08-13,S448,reference,9.91,1,783
boston,2019-08-13,S452,reference,9.21,1,786
boston,2019-08-14,S448,reference,9.08,1,783
boston,2019-08-14,S452,reference,8.29,1,786
boston,2019-08-15,S448,reference,7.58,1,783
boston,2019-08-15,S452,reference,5.75,1,786
boston,2019-08-16,S448,reference,6.67,1,783
boston,2019-08-16,S452,reference,4.65,1,786
boston,2019-08-17,S448,reference,4.5,1,783
boston,2019-08-17,S452,reference,5.25,1,786
boston,2019-08-18,S448,reference,7.75,1,783
boston,2019-08-18,S452,reference,7.25,1,786
boston,2019-08-19,S448,reference,8.13,1,783
boston,2019-08-19,S452,reference,8.92,1,786
boston,2019-08-20,S448,reference,9.61,1,783
boston,2019-08-20,S452,reference,8.79,1,786
boston,2019-08-21,S448,reference,8.08,1,783
boston,2019-08-21,S452,reference,10.2,1,786
boston,2019-08-23,S448,reference,5.48,1,783
boston,2019-08-23,S452,reference,6.26,1,786
boston,2019-08-24,S448,reference,4.46,1,783
boston,2019-08-24,S452,reference,4.91,1,786
boston,2019-08-25,S448,reference,4.04,1,783
boston,2019-08-25,S452,reference,4.25,1,786
boston,2019-08-26,S448,reference,6.52,1,783
boston,2019-08-26,S452,reference,5.04,1,786
boston,2019-08-27,S448,reference,7.13,1,783
boston,2019-08-27,S452,reference,7.09,1,786
boston,2019-08-28,S448,reference,4.74,1,783
boston,2019-08-28,S452,reference,3.95,1,786
boston,2019-08-29,S448,reference,5.09,1,783
boston,2019-08-29,S452,reference,3.9,1,786
boston,2019-08-30,S448,reference,8.04,1,783
boston,2019-08-30,S452,reference,8.58,1,786
boston,2019-08-31,S448,reference,4.29,1,783
boston,2019-08-31,S452,reference,5.08,1,786
boston,2019-09-01,S448,reference,5.04,1,783
boston,2019-09-01,S452,reference,5.3,1,786
boston,2019-09-02,S448,reference,4.38,1,783
boston,2019-09-02,S452,reference,6.35,1,786
boston,2019-09-03,S448,reference,6.25,1,783
boston,2019-09-03,S452,reference,6.05,1,786
boston,2019-09-05,S448,reference,4.4,1,783
boston,2019-09-05,S452,reference,4.35,1,786
boston,2019-09-06,S448,reference,6.58,1,783
boston,2019-09-06,S452,reference,6.88,1,786
boston,2019-09-11,S448,reference,7.0,1,783
boston,2019-09-11,S452,reference,9.42,1,786
boston,2019-09-12,S448,reference,5.57,1,783
boston,2019-09-12,S452,reference,6.5,1,786
boston,2019-09-13,S448,reference,5.25,1,783
boston,2019-09-13,S452,reference,5.58,1,786
boston,2019-09-14,S448,reference,5.83,1,783
boston,2019-09-14,S452,reference,7.17,1,786
boston,2019-09-15,S448,reference,4.13,1,783
boston,2019-09-15,S452,reference,4.42,1,786
boston,2019-09-16,S448,reference,4.71,1,783
boston,2019-09-16,S452,reference,4.48,1,786
boston,2019-09-17,S448,reference,5.91,1,783
boston,2019-09-17,S452,reference,5.33,1,786
boston,2019-09-18,S448,reference,4.21,1,783
boston,2019-09-18,S452,reference,4.67,1,786
boston,2019-09-19,S448,reference,6.21,1,783
boston,2019-09-19,S452,reference,6.87,1,786
boston,2019-09-20,S448,reference,7.95,1,783
boston,2019-09-20,S452,reference,9.22,1,786
boston,2019-09-22,S452,reference,10.6,1,786
boston,2019-09-23,S448,reference,12.7,1,783
boston,2019-09-23,S452,reference,13.1,1,786
boston,2019-09-24,S448,reference,3.91,1,783
boston,2019-09-24,S452,reference,5.33,1,786
boston,2019-09-25,S448,reference,5.18,1,783
boston,2019-09-25,S452,reference,5.86,1,786
boston,2019-09-26,S448,reference,8.25,1,783
boston,2019-09-26,S452,reference,9.5,1,786
boston,2019-09-28,S448,reference,8.3,1,783
boston,2019-09-28,S452,reference,7.7,1,786
boston,2019-09-29,S448,reference,5.7,1,783
boston,2019-09-29,S452,reference,5.29,1,786
boston,2019-09-30,S448,reference,6.26,1,783
boston,2019-09-30,S452,reference,5.36,1,786
boston,2019-10-01,S448,reference,6.61,1,783
boston,2019-10-01,S452,reference,8.21,1,786
boston,2019-10-02,S448,reference,7.08,1,783
boston,2019-10-02,S452,reference,6.0,1,786
boston,2019-10-03,S448,reference,5.86,1,783
boston,2019-10-03,S452,reference,3.83,1,786
boston,2019-10-04,S448,reference,5.32,1,783
boston,2019-10-04,S452,reference,5.95,1,786
boston,2019-10-05,S448,reference,7.08,1,783
boston,2019-10-05,S452,reference,4.89,1,786
boston,2019-10-06,S448,reference,8.33,1,783
boston,2019-10-07,S448,reference,4.43,1,783
boston,2019-10-08,S448,reference,5.39,1,783
boston,2019-10-08,S452,reference,5.78,1,786
boston,2019-10-11,S448,reference,7.67,1,783
boston,2019-10-11,S452,reference,6.79,1,786
boston,2019-10-12,S448,reference,5.75,1,783
boston,2019-10-12,S452,reference,5.46,1,786
boston,2019-10-13,S448,reference,9.38,1,783
boston,2019-10-13,S452,reference,8.08,1,786
boston,2019-10-14,S448,reference,10.4,1,783
boston,2019-10-14,S452,reference,9.42,1,786
boston,2019-10-15,S448,reference,7.92,1,783
boston,2019-10-15,S452,reference,8.13,1,786
boston,2019-10-16,S448,reference,10.0,1,783
boston,2019-10-16,S452,reference,8.46,1,786
boston,2019-10-17,S448,reference,6.18,1,783
boston,2019-10-17,S452,reference,3.15,1,786
boston,2019-10-18,S448,reference,4.91,1,783
boston,2019-10-18,S452,reference,4.64,1,786
boston,2019-10-19,S448,reference,8.42,1,783
boston,2019-10-19,S452,reference,7.79,1,786
boston,2019-10-20,S448,reference,13.7,1,783
boston,2019-10-20,S452,reference,12.4,1,786
boston,2019-10-21,S448,reference,8.46,1,783
boston,2019-10-21,S452,reference,8.17,1,786
boston,2019-10-22,S448,reference,8.33,1,783
boston,2019-10-22,S452,reference,7.79,1,786
boston,2019-10-23,S448,reference,8.21,1,783
boston,2019-10-23,S452,reference,5.1,1,786
boston,2019-10-24,S448,reference,9.09,1,783
boston,2019-10-24,S452,reference,7.52,1,786
boston,2019-10-25,S448,reference,11.2,1,783
boston,2019-10-25,S452,reference,8.74,1,786
boston,2019-10-26,S448,reference,10.0,1,783
boston,2019-10-26,S452,reference,7.8,1,786
boston,2019-10-27,S448,reference,7.67,1,783
boston,2019-10-27,S452,reference,5.42,1,786
boston,2019-10-28,S448,reference,6.61,1,783
boston,2019-10-28,S452,reference,3.77,1,786
boston,2019-10-29,S448,reference,6.22,1,783
boston,2019-10-29,S452,reference,4.96,1,786
boston,2019-10-30,S448,reference,8.5,1,783
boston,2019-10-30,S452,reference,8.0,1,786
boston,2019-10-31,S448,reference,7.0,1,783
boston,2019-10-31,S452,reference,5.09,1,786
boston,2019-11-01,S448,reference,6.13,1,783
boston,2019-11-01,S452,reference,4.33,1,786
boston,2019-11-02,S448,reference,9.21,1,783
boston,2019-11-02,S452,reference,6.59,1,786
boston,2019-11-03,S448,reference,11.5,1,783
boston,2019-11-03,S452,reference,9.74,1,786
boston,2019-11-04,S448,reference,9.5,1,783
boston,2019-11-04,S452,reference,8.17,1,786
boston,2019-11-05,S448,reference,10.7,1,783
boston,2019-11-05,S452,reference,7.57,1,786
boston,2019-11-06,S448,reference,10.2,1,783
boston,2019-11-06,S452,reference,7.17,1,786
boston,2019-11-07,S448,reference,11.2,1,783
boston,2019-11-07,S452,reference,10.3,1,786
boston,2019-11-08,S448,reference,5.85,1,783
boston,2019-11-08,S452,reference,3.35,1,786
boston,2019-11-10,S448,reference,12.5,1,783
boston,2019-11-10,S452,reference,10.3,1,786
boston,2019-11-11,S448,reference,16.6,1,783
boston,2019-11-11,S452,reference,13.8,1,786
boston,2019-11-12,S448,reference,9.0,1,783
boston,2019-11-13,S448,reference,6.61,1,783
boston,2019-11-14,S448,reference,11.8,1,783
boston,2019-11-15,S448,reference,13.3,1,783
boston,2019-11-16,S448,reference,5.85,1,783
boston,2019-11-16,S452,reference,6.11,1,786
boston,2019-11-17,S448,reference,9.08,1,783
boston,2019-11-17,S452,reference,5.88,1,786
boston,2019-11-18,S448,reference,8.75,1,783
boston,2019-11-18,S452,reference,5.13,1,786
boston,2019-11-19,S448,reference,9.87,1,783
boston,2019-11-19,S452,reference,6.58,1,786
boston,2019-11-20,S448,reference,7.87,1,783
boston,2019-11-20,S452,reference,5.48,1,786
boston,2019-11-21,S452,reference,10.1,1,786
boston,2019-11-22,S448,reference,11.4,1,783
boston,2019-11-22,S452,reference,9.0,1,786
boston,2019-11-23,S448,reference,8.4,1,783
boston,2019-11-23,S452,reference,6.15,1,786
boston,2019-11-24,S448,reference,9.67,1,783
boston,2019-11-24,S452,reference,5.86,1,786
boston,2019-11-25,S448,reference,16.4,1,783
boston,2019-11-25,S452,reference,12.0,1,786
boston,2019-11-26,S448,reference,19.0,1,783
boston,2019-11-26,S452,reference,15.1,1,786
boston,2019-11-27,S448,reference,17.8,1,783
boston,2019-11-27,S452,reference,14.4,1,786
boston,2019-11-28,S448,reference,6.71,1,783
boston,2019-11-28,S452,reference,2.96,1,786
boston,2019-11-29,S448,reference,5.79,1,783
boston,2019-11-29,S452,reference,3.75,1,786
boston,2019-12-01,S448,reference,11.3,1,783
boston,2019-12-01,S452,reference,6.87,1,786
boston,2019-12-02,S448,reference,6.65,1,783
boston,2019-12-02,S452,reference,3.43,1,786
boston,2019-12-03,S448,reference,7.46,1,783
boston,2019-12-03,S452,reference,4.63,1,786
boston,2019-12-04,S448,reference,11.5,1,783
boston,2019-12-04,S452,reference,8.42,1,786
boston,2019-12-05,S448,reference,11.2,1,783
boston,2019-12-05,S452,reference,8.81,1,786
boston,2019-12-06,S448,reference,10.1,1,783
boston,2019-12-06,S452,reference,7.91,1,786
boston,2019-12-07,S448,reference,8.46,1,783
boston,2019-12-07,S452,reference,8.79,1,786
boston,2019-12-08,S448,reference,12.0,1,783
boston,2019-12-08,S452,reference,8.8,1,786
boston,2019-12-10,S448,reference,11.0,1,783
boston,2019-12-10,S452,reference,6.63,1,786
boston,2019-12-11,S448,reference,7.42,1,783
boston,2019-12-11,S452,reference,7.88,1,786
boston,2019-12-12,S448,reference,11.7,1,783
boston,2019-12-12,S452,reference,12.2,1,786
boston,2019-12-13,S452,reference,7.39,1,786
boston,2019-12-14,S452,reference,2.53,1,786
boston,2019-12-17,S452,reference,7.33,1,786
boston,2019-12-18,S452,reference,5.74,1,786
boston,2019-12-19,S448,reference,4.23,1,783
boston,2019-12-19,S452,reference,7.95,1,786
boston,2019-12-20,S448,reference,5.61,1,783
boston,2019-12-20,S452,reference,8.83,1,786
boston,2019-12-22,S448,reference,19.0,1,783
boston,2019-12-22,S452,reference,21.0,1,786
boston,2019-12-23,S448,reference,12.2,1,783
boston,2019-12-23,S452,reference,14.9,1,786
boston,2019-12-24,S448,reference,4.83,1,783
boston,2019-12-24,S452,reference,6.91,1,786
boston,2019-12-25,S448,reference,9.22,1,783
boston,2019-12-25,S452,reference,11.8,1,786
boston,2019-12-26,S448,reference,10.7,1,783
boston,2019-12-26,S452,reference,11.8,1,786
boston,2019-12-27,S448,reference,5.42,1,783
boston,2019-12-27,S452,reference,8.75,1,786
boston,2019-12-28,S448,reference,4.67,1,783
boston,2019-12-28,S452,reference,6.42,1,786
boston,2019-12-29,S448,reference,5.59,1,783
boston,2019-12-29,S452,reference,7.17,1,786
boston,2019-12-30,S448,reference,3.26,1,783
boston,2019-12-30,S452,reference,3.4,1,786
boston,2019-12-31,S448,reference,6.31,1,783
boston,2019-12-31,S452,reference,4.25,1,786
boston,2020-01-01,S448,reference,2.24,1,783
boston,2020-01-01,S452,reference,4.58,1,786
boston,2020-01-02,S448,reference,5.08,1,783
boston,2020-01-02,S452,reference,7.42,1,786
boston,2020-01-03,S448,reference,9.0,1,783
boston,2020-01-03,S452,reference,9.88,1,786
boston,2020-01-04,S448,reference,9.3,1,783
boston,2020-01-04,S452,reference,10.9,1,786
boston,2020-01-05,S448,reference,1.63,1,783
boston,2020-01-05,S452,reference,4.33,1,786
boston,2020-01-06,S448,reference,4.61,1,783
boston,2020-01-06,S452,reference,8.04,1,786
boston,2020-01-07,S448,reference,3.5,1,783
boston,2020-01-07,S452,reference,8.53,1,786
boston,2020-01-09,S448,reference,3.83,1,783
boston,2020-01-09,S452,reference,7.17,1,786
boston,2020-01-10,S448,reference,5.29,1,783
boston,2020-01-10,S452,reference,9.5,1,786
boston,2020-01-11,S448,reference,5.5,1,783
boston,2020-01-11,S452,reference,5.96,1,786
boston,2020-01-12,S448,reference,2.75,1,783
boston,2020-01-12,S452,reference,4.1,1,786
boston,2020-01-13,S448,reference,6.09,1,783
boston,2020-01-13,S452,reference,7.77,1,786
boston,2020-01-14,S448,reference,7.39,1,783
boston,2020-01-14,S452,reference,9.83,1,786
boston,2020-01-15,S448,reference,7.3,1,783
boston,2020-01-15,S452,reference,9.45,1,786
boston,2020-01-16,S448,reference,3.95,1,783
boston,2020-01-16,S452,reference,6.48,1,786
boston,2020-01-17,S448,reference,3.0,1,783
boston,2020-01-17,S452,reference,7.0,1,786
boston,2020-01-18,S448,reference,6.42,1,783
boston,2020-01-18,S452,reference,7.25,1,786
boston,2020-01-19,S448,reference,8.32,1,783
boston,2020-01-19,S452,reference,9.92,1,786
boston,2020-01-20,S448,reference,3.46,1,783
boston,2020-01-20,S452,reference,6.83,1,786
boston,2020-01-21,S448,reference,6.27,1,783
boston,2020-01-21,S452,reference,10.0,1,786
boston,2020-01-22,S448,reference,10.8,1,783
boston,2020-01-22,S452,reference,14.4,1,786
boston,2020-01-23,S448,reference,13.0,1,783
boston,2020-01-23,S452,reference,16.7,1,786
boston,2020-01-25,S448,reference,4.23,1,783
boston,2020-01-25,S452,reference,4.77,1,786
boston,2020-01-26,S448,reference,2.13,1,783
boston,2020-01-26,S452,reference,3.58,1,786
boston,2020-01-27,S448,reference,4.65,1,783
boston,2020-01-27,S452,reference,4.88,1,786
boston,2020-01-28,S448,reference,3.09,1,783
boston,2020-01-28,S452,reference,3.3,1,786
boston,2020-01-29,S448,reference,3.45,1,783
boston,2020-01-29,S452,reference,6.17,1,786
boston,2020-01-30,S448,reference,5.33,1,783
boston,2020-01-30,S452,reference,8.35,1,786
boston,2020-01-31,S448,reference,7.67,1,783
boston,2020-01-31,S452,reference,10.9,1,786
boston,2020-02-01,S448,reference,9.54,1,783
boston,2020-02-01,S452,reference,11.7,1,786
boston,2020-02-02,S448,reference,12.1,1,783
boston,2020-02-02,S452,reference,13.3,1,786
boston,2020-02-03,S448,reference,8.95,1,783
boston,2020-02-03,S452,reference,10.7,1,786
boston,2020-02-04,S448,reference,10.9,1,783
boston,2020-02-04,S452,reference,12.2,1,786
boston,2020-02-05,S448,reference,5.58,1,783
boston,2020-02-05,S452,reference,8.9,1,786
boston,2020-02-06,S448,reference,3.35,1,783
boston,2020-02-06,S452,reference,5.8,1,786
boston,2020-02-08,S448,reference,3.71,1,783
boston,2020-02-08,S452,reference,6.71,1,786
boston,2020-02-09,S448,reference,5.08,1,783
boston,2020-02-09,S452,reference,8.71,1,786
boston,2020-02-10,S448,reference,5.91,1,783
boston,2020-02-10,S452,reference,9.42,1,786
boston,2020-02-11,S448,reference,10.1,1,783
boston,2020-02-11,S452,reference,11.1,1,786
boston,2020-02-12,S448,reference,4.82,1,783
boston,2020-02-12,S452,reference,9.0,1,786
boston,2020-02-13,S448,reference,6.78,1,783
boston,2020-02-13,S452,reference,9.35,1,786
boston,2020-02-14,S448,reference,3.04,1,783
boston,2020-02-14,S452,reference,6.54,1,786
boston,2020-02-15,S448,reference,5.22,1,783
boston,2020-02-15,S452,reference,8.25,1,786
boston,2020-02-16,S448,reference,7.92,1,783
boston,2020-02-16,S452,reference,10.1,1,786
boston,2020-02-17,S448,reference,9.26,1,783
boston,2020-02-17,S452,reference,10.3,1,786
boston,2020-02-18,S448,reference,3.88,1,783
boston,2020-02-18,S452,reference,8.08,1,786
boston,2020-02-19,S452,reference,5.33,1,786
boston,2020-02-20,S452,reference,5.79,1,786
boston,2020-02-21,S448,reference,6.1,1,783
boston,2020-02-21,S452,reference,7.71,1,786
boston,2020-02-22,S448,reference,7.71,1,783
boston,2020-02-22,S452,reference,11.1,1,786
boston,2020-02-23,S448,reference,10.3,1,783
boston,2020-02-23,S452,reference,11.9,1,786
boston,2020-02-24,S448,reference,8.52,1,783
boston,2020-02-24,S452,reference,13.1,1,786
boston,2020-02-25,S448,reference,10.1,1,783
boston,2020-02-25,S452,reference,11.5,1,786
boston,2020-02-26,S448,reference,9.04,1,783
boston,2020-02-26,S452,reference,11.2,1,786
boston,2020-02-27,S448,reference,2.29,1,783
boston,2020-02-27,S452,reference,4.16,1,786
boston,2020-02-28,S448,reference,2.1,1,783
boston,2020-02-28,S452,reference,7.7,1,786
boston,2020-02-29,S448,reference,3.39,1,783
boston,2020-02-29,S452,reference,7.96,1,786
boston,2020-03-01,S448,reference,4.59,1,783
boston,2020-03-01,S452,reference,8.0,1,786
boston,2020-03-02,S448,reference,8.29,1,783
boston,2020-03-02,S452,reference,10.8,1,786
boston,2020-03-03,S448,reference,8.83,1,783
boston,2020-03-03,S452,reference,11.3,1,786
boston,2020-03-04,S448,reference,3.65,1,783
boston,2020-03-04,S452,reference,7.13,1,786
boston,2020-03-05,S448,reference,1.74,1,783
boston,2020-03-05,S452,reference,8.0,1,786
boston,2020-03-06,S448,reference,6.0,1,783
boston,2020-03-06,S452,reference,11.3,1,786
boston,2020-03-07,S448,reference,2.74,1,783
boston,2020-03-07,S452,reference,4.75,1,786
boston,2020-03-09,S448,reference,5.73,1,783
boston,2020-03-09,S452,reference,9.74,1,786
boston,2020-03-10,S448,reference,8.63,1,783
boston,2020-03-10,S452,reference,10.1,1,786
boston,2020-03-11,S448,reference,4.04,1,783
boston,2020-03-11,S452,reference,6.71,1,786
boston,2020-03-12,S448,reference,4.17,1,783
boston,2020-03-12,S452,reference,8.48,1,786
boston,2020-03-13,S448,reference,4.13,1,783
boston,2020-03-13,S452,reference,7.55,1,786
boston,2020-03-14,S448,reference,3.26,1,783
boston,2020-03-14,S452,reference,6.46,1,786
boston,2020-03-15,S448,reference,2.86,1,783
boston,2020-03-15,S452,reference,6.9,1,786
boston,2020-03-16,S448,reference,3.72,1,783
boston,2020-03-16,S452,reference,6.29,1,786
boston,2020-03-17,S448,reference,3.67,1,783
boston,2020-03-17,S452,reference,7.25,1,786
boston,2020-03-18,S448,reference,4.17,1,783
boston,2020-03-18,S452,reference,6.45,1,786
boston,2020-03-19,S448,reference,3.1,1,783
boston,2020-03-19,S452,reference,6.88,1,786
boston,2020-03-20,S448,reference,5.24,1,783
boston,2020-03-20,S452,reference,7.91,1,786
boston,2020-03-21,S448,reference,1.96,1,783
boston,2020-03-21,S452,reference,6.55,1,786
boston,2020-03-22,S448,reference,3.45,1,783
boston,2020-03-22,S452,reference,7.14,1,786
boston,2020-03-24,S448,reference,2.91,1,783
boston,2020-03-24,S452,reference,5.21,1,786
boston,2020-03-25,S448,reference,3.96,1,783
boston,2020-03-25,S452,reference,7.13,1,786
boston,2020-03-26,S448,reference,3.81,1,783
boston,2020-03-27,S448,reference,4.18,1,783
boston,2020-03-27,S452,reference,6.57,1,786
boston,2020-03-28,S448,reference,5.46,1,783
boston,2020-03-28,S452,reference,8.39,1,786
boston,2020-03-29,S448,reference,2.18,1,783
boston,2020-03-29,S452,reference,6.13,1,786
boston,2020-03-30,S448,reference,3.21,1,783
boston,2020-03-30,S452,reference,5.38,1,786
boston,2020-03-31,S448,reference,3.92,1,783
boston,2020-03-31,S452,reference,6.46,1,786
boston,2020-04-01,S448,reference,4.35,1,783
boston,2020-04-01,S452,reference,7.0,1,786
boston,2020-04-02,S448,reference,1.35,1,783
boston,2020-04-02,S452,reference,3.43,1,786
boston,2020-04-03,S448,reference,0.947,1,783
boston,2020-04-03,S452,reference,2.57,1,786
boston,2020-04-04,S448,reference,3.46,1,783
boston,2020-04-05,S448,reference,5.17,1,783
boston,2020-04-06,S448,reference,3.69,1,783
boston,2020-04-08,S448,reference,5.43,1,783
boston,2020-04-08,S452,reference,7.25,1,786
boston,2020-04-09,S448,reference,4.7,1,783
boston,2020-04-09,S452,reference,5.22,1,786
boston,2020-04-10,S448,reference,1.85,1,783
boston,2020-04-10,S452,reference,3.52,1,786
boston,2020-04-11,S448,reference,1.67,1,783
boston,2020-04-11,S452,reference,4.04,1,786
boston,2020-04-12,S448,reference,4.29,1,783
boston,2020-04-12,S452,reference,7.54,1,786
boston,2020-04-13,S448,reference,4.25,1,783
boston,2020-04-13,S452,reference,6.67,1,786
boston,2020-04-14,S448,reference,3.67,1,783
boston,2020-04-14,S452,reference,5.68,1,786
boston,2020-04-15,S448,reference,3.14,1,783
boston,2020-04-15,S452,reference,5.75,1,786
boston,2020-04-16,S448,reference,4.05,1,783
boston,2020-04-16,S452,reference,7.26,1,786
boston,2020-04-17,S448,reference,4.45,1,783
boston,2020-04-17,S452,reference,6.3,1,786
boston,2020-04-18,S448,reference,3.91,1,783
boston,2020-04-18,S452,reference,5.79,1,786
boston,2020-04-19,S448,reference,7.0,1,783
boston,2020-04-19,S452,reference,9.42,1,786
boston,2020-04-20,S448,reference,3.68,1,783
boston,2020-04-20,S452,reference,5.4,1,786
boston,2020-04-21,S448,reference,5.2,1,783
boston,2020-04-21,S452,reference,7.38,1,786
boston,2020-04-22,S448,reference,3.05,1,783
boston,2020-04-22,S452,reference,5.52,1,786
boston,2020-04-23,S448,reference,3.65,1,783
boston,2020-04-23,S452,reference,7.25,1,786
boston,2020-04-27,S448,reference,1.35,1,783
boston,2020-04-27,S452,reference,3.74,1,786
boston,2020-04-28,S448,reference,3.58,1,783
boston,2020-04-28,S452,reference,6.38,1,786
boston,2020-04-30,S448,reference,6.09,1,783
boston,2020-04-30,S452,reference,8.73,1,786
boston,2020-05-01,S448,reference,4.67,1,783
boston,2020-05-01,S452,reference,7.48,1,786
boston,2020-05-02,S448,reference,4.23,1,783
boston,2020-05-02,S452,reference,7.79,1,786
boston,2020-05-05,S448,reference,2.73,1,783
boston,2020-05-05,S452,reference,5.17,1,786
boston,2020-05-08,S448,reference,2.0,1,783
boston,2020-05-08,S452,reference,6.09,1,786
boston,2020-05-09,S448,reference,2.31,1,783
boston,2020-05-09,S452,reference,4.75,1,786
boston,2020-05-10,S448,reference,3.27,1,783
boston,2020-05-10,S452,reference,6.54,1,786
boston,2020-05-11,S448,reference,5.83,1,783
boston,2020-05-11,S452,reference,9.38,1,786
boston,2020-05-15,S448,reference,6.74,1,783
boston,2020-05-15,S452,reference,11.1,1,786
boston,2020-05-16,S448,reference,2.18,1,783
boston,2020-05-16,S452,reference,5.19,1,786
boston,2020-05-17,S448,reference,3.0,1,783
boston,2020-05-17,S452,reference,7.61,1,786
boston,2020-05-18,S448,reference,4.18,1,783
boston,2020-05-18,S452,reference,8.23,1,786
boston,2020-05-19,S448,reference,4.38,1,783
boston,2020-05-19,S452,reference,8.04,1,786
boston,2020-05-20,S448,reference,3.95,1,783
boston,2020-05-20,S452,reference,7.14,1,786
boston,2020-05-21,S448,reference,4.74,1,783
boston,2020-05-21,S452,reference,6.52,1,786
boston,2020-05-22,S448,reference,7.38,1,783
boston,2020-05-22,S452,reference,9.25,1,786
boston,2020-05-23,S448,reference,5.5,1,783
boston,2020-05-23,S452,reference,7.96,1,786
boston,2020-05-24,S448,reference,5.13,1,783
boston,2020-05-24,S452,reference,8.5,1,786
boston,2020-05-25,S448,reference,7.09,1,783
boston,2020-05-25,S452,reference,9.91,1,786
boston,2020-05-26,S448,reference,5.79,1,783
boston,2020-05-26,S452,reference,6.82,1,786
boston,2020-05-29,S448,reference,3.39,1,783
boston,2020-05-29,S452,reference,4.32,1,786
boston,2020-05-31,S448,reference,1.31,1,783
boston,2020-05-31,S452,reference,3.17,1,786
boston,2020-06-01,S448,reference,2.47,1,783
boston,2020-06-01,S452,reference,5.38,1,786
boston,2020-06-03,S448,reference,9.21,1,783
boston,2020-06-03,S452,reference,10.2,1,786
boston,2020-06-05,S448,reference,9.16,1,783
boston,2020-06-05,S452,reference,13.3,1,786
boston,2020-06-08,S448,reference,4.28,1,783
boston,2020-06-08,S452,reference,7.43,1,786
boston,2020-06-09,S448,reference,3.26,1,783
boston,2020-06-09,S452,reference,9.55,1,786
boston,2020-06-11,S448,reference,4.94,1,783
boston,2020-06-11,S452,reference,11.0,1,786
boston,2020-06-12,S448,reference,2.5,1,783
boston,2020-06-12,S452,reference,9.22,1,786
boston,2020-06-13,S448,reference,2.08,1,783
boston,2020-06-13,S452,reference,4.55,1,786
boston,2020-06-14,S448,reference,1.79,1,783
boston,2020-06-14,S452,reference,6.45,1,786
boston,2020-06-17,S448,reference,7.1,1,783
boston,2020-06-17,S452,reference,10.3,1,786
boston,2020-06-18,S448,reference,3.11,1,783
boston,2020-06-18,S452,reference,5.61,1,786
boston,2020-06-19,S448,reference,4.38,1,783
boston,2020-06-19,S452,reference,4.32,1,786
boston,2020-06-20,S448,reference,6.76,1,783
boston,2020-06-20,S452,reference,7.16,1,786
boston,2020-06-21,S452,reference,10.9,1,786
boston,2020-06-23,S448,reference,6.62,1,783
boston,2020-06-23,S452,reference,7.78,1,786
boston,2020-06-24,S448,reference,8.94,1,783
boston,2020-06-24,S452,reference,11.1,1,786
boston,2020-06-26,S448,reference,6.87,1,783
boston,2020-06-26,S452,reference,11.3,1,786
boston,2020-06-27,S448,reference,6.46,1,783
boston,2020-06-27,S452,reference,10.3,1,786
boston,2020-06-28,S448,reference,5.11,1,783
boston,2020-06-28,S452,reference,8.48,1,786
boston,2020-06-29,S448,reference,1.73,1,783
boston,2020-06-29,S452,reference,5.35,1,786
boston,2020-06-30,S448,reference,1.64,1,783
boston,2020-06-30,S452,reference,5.65,1,786
boston,2020-07-01,S448,reference,2.05,1,783
boston,2020-07-01,S452,reference,10.2,1,786
boston,2020-07-02,S448,reference,4.35,1,783
boston,2020-07-02,S452,reference,9.58,1,786
boston,2020-07-04,S448,reference,6.2,1,783
boston,2020-07-04,S452,reference,12.3,1,786
boston,2020-07-05,S448,reference,16.8,1,783
boston,2020-07-05,S452,reference,26.2,1,786
boston,2020-07-08,S448,reference,4.96,1,783
boston,2020-07-08,S452,reference,9.52,1,786
boston,2020-07-09,S448,reference,8.45,1,783
boston,2020-07-10,S448,reference,3.07,1,783
boston,2020-07-13,S452,reference,9.7,1,786
boston,2020-07-14,S452,reference,7.5,1,786
boston,2020-07-15,S452,reference,3.18,1,786
boston,2020-07-16,S448,reference,1.73,1,783
boston,2020-07-16,S452,reference,5.41,1,786
boston,2020-07-17,S448,reference,1.64,1,783
boston,2020-07-17,S452,reference,5.83,1,786
boston,2020-07-18,S452,reference,6.33,1,786
boston,2020-07-19,S452,reference,9.83,1,786
boston,2020-07-21,S452,reference,8.75,1,786
boston,2020-07-25,S448,reference,12.1,1,783
boston,2020-07-26,S448,reference,10.3,1,783
boston,2020-07-27,S448,reference,10.7,1,783
boston,2020-08-06,S448,reference,7.78,1,783
boston,2020-08-06,S452,reference,10.4,1,786
boston,2020-08-08,S448,reference,6.86,1,783
boston,2020-08-08,S452,reference,9.86,1,786
boston,2020-08-13,S448,reference,9.56,1,783
boston,2020-08-13,S452,reference,10.1,1,786
boston,2020-08-16,S448,reference,6.79,1,783
boston,2020-08-16,S452,reference,9.84,1,786
boston,2020-08-17,S448,reference,6.09,1,783
boston,2020-08-17,S452,reference,7.15,1,786
boston,2020-08-18,S448,reference,6.16,1,783
boston,2020-08-18,S452,reference,7.58,1,786
boston,2020-08-19,S448,reference,7.53,1,783
boston,2020-08-19,S452,reference,10.2,1,786
boston,2020-08-20,S448,reference,4.84,1,783
boston,2020-08-20,S452,reference,8.78,1,786
boston,2020-08-26,S448,reference,2.53,1,783
boston,2020-08-26,S452,reference,7.0,1,786
boston,2020-08-27,S448,reference,6.0,1,783
boston,2020-08-27,S452,reference,8.91,1,786
boston,2020-08-28,S448,reference,7.28,1,783
boston,2020-08-28,S452,reference,8.89,1,786
boston,2020-08-29,S448,reference,9.14,1,783
boston,2020-08-29,S452,reference,9.05,1,786
boston,2020-09-02,S448,reference,3.23,1,783
boston,2020-09-03,S448,reference,5.1,1,783
boston,2020-09-03,S452,reference,8.22,1,786
boston,2020-09-05,S448,reference,6.3,1,783
boston,2020-09-05,S452,reference,7.95,1,786
boston,2020-09-09,S448,reference,7.72,1,783
boston,2020-09-09,S452,reference,10.9,1,786
boston,2020-09-12,S448,reference,3.76,1,783
boston,2020-09-12,S452,reference,7.1,1,786
boston,2020-09-21,S448,reference,5.37,1,783
boston,2020-09-24,S448,reference,12.0,1,783
boston,2020-09-24,S452,reference,14.6,1,786
boston,2020-09-25,S448,reference,13.6,1,783
boston,2020-09-25,S452,reference,16.7,1,786
boston,2020-09-26,S448,reference,14.5,1,783
boston,2020-09-26,S452,reference,19.5,1,786
boston,2020-09-27,S448,reference,5.3,1,783
boston,2020-09-27,S452,reference,7.84,1,786
boston,2020-09-28,S448,reference,5.5,1,783
boston,2020-09-28,S452,reference,6.7,1,786
boston,2020-09-29,S448,reference,5.94,1,783
boston,2020-09-29,S452,reference,8.58,1,786
boston,2020-10-01,S448,reference,7.95,1,783
boston,2020-10-01,S452,reference,10.9,1,786
boston,2020-10-02,S448,reference,8.33,1,783
boston,2020-10-02,S452,reference,12.8,1,786
boston,2020-10-03,S448,reference,6.4,1,783
boston,2020-10-03,S452,reference,9.5,1,786
boston,2020-10-06,S448,reference,5.32,1,783
boston,2020-10-06,S452,reference,10.2,1,786
boston,2020-10-09,S448,reference,5.77,1,783
boston,2020-10-09,S452,reference,8.38,1,786
boston,2020-10-10,S448,reference,8.86,1,783
boston,2020-10-10,S452,reference,10.8,1,786
boston,2020-10-13,S448,reference,3.47,1,783
boston,2020-10-13,S452,reference,6.19,1,786
boston,2020-10-14,S452,reference,8.67,1,786
boston,2020-10-14,S521,reference,3.83,1,25772
boston,2020-10-16,S448,reference,4.64,1,783
boston,2020-10-16,S452,reference,7.52,1,786
boston,2020-10-16,S521,reference,5.14,1,25772
boston,2020-10-17,S448,reference,4.95,1,783
boston,2020-10-17,S452,reference,9.48,1,786
boston,2020-10-17,S521,reference,3.57,1,25772
boston,2020-10-18,S448,reference,12.7,1,783
boston,2020-10-18,S452,reference,13.1,1,786
boston,2020-10-18,S521,reference,9.81,1,25772
boston,2020-10-19,S448,reference,9.65,1,783
boston,2020-10-19,S452,reference,12.6,1,786
boston,2020-10-19,S521,reference,9.79,1,25772
boston,2020-10-20,S448,reference,7.71,1,783
boston,2020-10-20,S452,reference,9.27,1,786
boston,2020-10-20,S521,reference,6.82,1,25772
boston,2020-10-21,S448,reference,4.81,1,783
boston,2020-10-21,S452,reference,5.81,1,786
boston,2020-10-21,S521,reference,4.95,1,25772
boston,2020-10-22,S448,reference,5.43,1,783
boston,2020-10-22,S452,reference,7.24,1,786
boston,2020-10-22,S521,reference,7.19,1,25772
boston,2020-10-23,S448,reference,6.55,1,783
boston,2020-10-23,S452,reference,7.36,1,786
boston,2020-10-23,S521,reference,7.04,1,25772
boston,2020-10-25,S448,reference,5.94,1,783
boston,2020-10-25,S521,reference,4.33,1,25772
boston,2020-10-28,S448,reference,4.22,1,783
boston,2020-10-28,S452,reference,4.89,1,786
boston,2020-10-28,S521,reference,5.38,1,25772
boston,2020-11-01,S448,reference,9.05,1,783
boston,2020-11-01,S452,reference,9.76,1,786
boston,2020-11-01,S521,reference,11.3,1,25772
boston,2020-11-02,S448,reference,3.78,1,783
boston,2020-11-02,S452,reference,2.72,1,786
boston,2020-11-02,S521,reference,2.7,1,25772
boston,2020-11-04,S448,reference,5.45,1,783
boston,2020-11-04,S452,reference,9.0,1,786
boston,2020-11-04,S521,reference,5.0,1,25772
boston,2020-11-05,S448,reference,4.95,1,783
boston,2020-11-05,S452,reference,8.15,1,786
boston,2020-11-05,S521,reference,5.9,1,25772
boston,2020-11-06,S448,reference,7.32,1,783
boston,2020-11-06,S452,reference,8.57,1,786
boston,2020-11-06,S521,reference,7.23,1,25772
boston,2020-11-08,S448,reference,15.8,1,783
boston,2020-11-08,S452,reference,16.5,1,786
boston,2020-11-08,S521,reference,16.7,1,25772
boston,2020-11-09,S448,reference,21.0,1,783
boston,2020-11-09,S452,reference,25.7,1,786
boston,2020-11-09,S521,reference,23.5,1,25772
boston,2020-11-10,S448,reference,12.2,1,783
boston,2020-11-10,S452,reference,14.9,1,786
boston,2020-11-10,S521,reference,13.6,1,25772
boston,2020-11-11,S448,reference,1.6,1,783
boston,2020-11-11,S452,reference,3.2,1,786
boston,2020-11-11,S521,reference,4.95,1,25772
boston,2020-11-12,S448,reference,2.83,1,783
boston,2020-11-12,S452,reference,3.5,1,786
boston,2020-11-12,S521,reference,3.75,1,25772
boston,2020-11-13,S448,reference,4.25,1,783
boston,2020-11-13,S452,reference,6.74,1,786
boston,2020-11-13,S521,reference,6.2,1,25772
boston,2020-11-14,S448,reference,6.89,1,783
boston,2020-11-14,S452,reference,8.44,1,786
boston,2020-11-14,S521,reference,6.33,1,25772
boston,2020-11-15,S448,reference,5.86,1,783
boston,2020-11-15,S452,reference,7.09,1,786
boston,2020-11-15,S521,reference,6.78,1,25772
boston,2020-11-17,S448,reference,4.5,1,783
boston,2020-11-17,S452,reference,5.94,1,786
boston,2020-11-17,S521,reference,5.17,1,25772
boston,2020-11-18,S452,reference,6.47,1,786
boston,2020-11-18,S521,reference,3.37,1,25772
boston,2020-11-19,S448,reference,7.5,1,783
boston,2020-11-19,S452,reference,8.53,1,786
boston,2020-11-19,S521,reference,5.32,1,25772
boston,2020-11-20,S448,reference,8.9,1,783
boston,2020-11-20,S452,reference,7.19,1,786
boston,2020-11-20,S521,reference,7.48,1,25772
boston,2020-11-21,S448,reference,9.25,1,783
boston,2020-11-21,S452,reference,11.3,1,786
boston,2020-11-21,S521,reference,9.25,1,25772
boston,2020-11-27,S448,reference,5.24,1,783
boston,2020-11-27,S452,reference,6.85,1,786
boston,2020-11-27,S521,reference,6.76,1,25772
boston,2020-11-28,S448,reference,7.06,1,783
boston,2020-11-28,S452,reference,7.06,1,786
boston,2020-11-28,S521,reference,7.39,1,25772
boston,2020-11-29,S448,reference,8.3,1,783
boston,2020-11-29,S452,reference,7.87,1,786
boston,2020-11-29,S521,reference,6.36,1,25772
boston,2020-11-30,S448,reference,8.29,1,783
boston,2020-11-30,S452,reference,8.6,1,786
boston,2020-11-30,S521,reference,8.28,1,25772
boston,2020-12-01,S448,reference,5.42,1,783
boston,2020-12-01,S452,reference,6.84,1,786
boston,2020-12-01,S521,reference,7.26,1,25772
boston,2020-12-04,S448,reference,8.33,1,783
boston,2020-12-04,S521,reference,6.0,1,25772
boston,2020-12-06,S448,reference,3.81,1,783
boston,2020-12-06,S521,reference,2.62,1,25772
boston,2020-12-07,S448,reference,4.89,1,783
boston,2020-12-07,S521,reference,3.26,1,25772
boston,2020-12-08,S448,reference,5.81,1,783
boston,2020-12-08,S452,reference,6.9,1,786
boston,2020-12-08,S521,reference,5.1,1,25772
boston,2020-12-09,S448,reference,9.32,1,783
boston,2020-12-09,S521,reference,7.82,1,25772
boston,2020-12-10,S448,reference,8.16,1,783
boston,2020-12-10,S521,reference,7.83,1,25772
boston,2020-12-14,S448,reference,5.73,1,783
boston,2020-12-14,S452,reference,7.82,1,786
boston,2020-12-14,S521,reference,5.41,1,25772
boston,2020-12-15,S448,reference,4.95,1,783
boston,2020-12-15,S452,reference,6.84,1,786
boston,2020-12-15,S521,reference,4.26,1,25772
boston,2020-12-16,S448,reference,5.8,1,783
boston,2020-12-16,S452,reference,6.59,1,786
boston,2020-12-16,S521,reference,4.86,1,25772
boston,2020-12-17,S448,reference,4.95,1,783
boston,2020-12-17,S452,reference,3.64,1,786
boston,2020-12-17,S521,reference,3.23,1,25772
boston,2020-12-20,S448,reference,20.2,1,783
boston,2020-12-20,S452,reference,20.8,1,786
boston,2020-12-20,S521,reference,16.3,1,25772
boston,2020-12-23,S448,reference,6.68,1,783
boston,2020-12-23,S452,reference,8.89,1,786
boston,2020-12-23,S521,reference,6.21,1,25772
boston,2020-12-24,S448,reference,6.17,1,783
boston,2020-12-24,S452,reference,7.63,1,786
boston,2020-12-24,S521,reference,7.57,1,25772
boston,2020-12-25,S448,reference,4.1,1,783
boston,2020-12-25,S452,reference,5.17,1,786
boston,2020-12-25,S521,reference,6.83,1,25772
boston,2020-12-26,S448,reference,7.05,1,783
boston,2020-12-26,S452,reference,6.33,1,786
boston,2020-12-26,S521,reference,5.86,1,25772
boston,2020-12-27,S448,reference,9.74,1,783
boston,2020-12-27,S452,reference,11.0,1,786
boston,2020-12-27,S521,reference,7.89,1,25772
boston,2020-12-28,S448,reference,10.3,1,783
boston,2020-12-28,S452,reference,12.3,1,786
boston,2020-12-28,S521,reference,10.0,1,25772
boston,2020-12-29,S448,reference,3.35,1,783
boston,2020-12-29,S452,reference,5.27,1,786
boston,2020-12-29,S521,reference,3.32,1,25772
boston,2021-01-01,S448,reference,6.74,1,783
boston,2021-01-01,S452,reference,8.44,1,786
boston,2021-01-01,S521,reference,6.95,1,25772
boston,2021-01-03,S448,reference,6.38,1,783
boston,2021-01-03,S452,reference,8.88,1,786
boston,2021-01-03,S521,reference,7.29,1,25772
boston,2021-01-04,S448,reference,4.71,1,783
boston,2021-01-04,S452,reference,6.8,1,786
boston,2021-01-04,S521,reference,5.5,1,25772
boston,2021-01-06,S448,reference,4.56,1,783
boston,2021-01-06,S452,reference,8.05,1,786
boston,2021-01-06,S521,reference,5.0,1,25772
boston,2021-01-07,S448,reference,4.77,1,783
boston,2021-01-07,S452,reference,7.91,1,786
boston,2021-01-07,S521,reference,5.0,1,25772
boston,2021-01-08,S448,reference,5.14,1,783
boston,2021-01-08,S452,reference,7.65,1,786
boston,2021-01-08,S521,reference,4.82,1,25772
boston,2021-01-11,S448,reference,13.6,1,783
boston,2021-01-11,S452,reference,14.4,1,786
boston,2021-01-11,S521,reference,13.0,1,25772
boston,2021-01-12,S448,reference,11.6,1,783
boston,2021-01-12,S452,reference,14.1,1,786
boston,2021-01-12,S521,reference,11.4,1,25772
boston,2021-01-13,S448,reference,11.2,1,783
boston,2021-01-13,S452,reference,12.4,1,786
boston,2021-01-13,S521,reference,10.8,1,25772
boston,2021-01-14,S448,reference,27.6,1,783
boston,2021-01-14,S452,reference,25.6,1,786
boston,2021-01-14,S521,reference,27.6,1,25772
boston,2021-01-15,S448,reference,15.0,1,783
boston,2021-01-15,S452,reference,14.0,1,786
boston,2021-01-15,S521,reference,15.1,1,25772
boston,2021-01-16,S448,reference,3.76,1,783
boston,2021-01-16,S452,reference,4.38,1,786
boston,2021-01-16,S521,reference,5.81,1,25772
boston,2021-01-17,S448,reference,5.26,1,783
boston,2021-01-17,S452,reference,4.87,1,786
boston,2021-01-17,S521,reference,5.57,1,25772
boston,2021-01-19,S448,reference,5.38,1,783
boston,2021-01-19,S452,reference,6.29,1,786
boston,2021-01-19,S521,reference,4.43,1,25772
boston,2021-01-21,S448,reference,8.09,1,783
boston,2021-01-21,S452,reference,9.24,1,786
boston,2021-01-21,S521,reference,7.9,1,25772
boston,2021-01-23,S448,reference,3.88,1,783
boston,2021-01-23,S452,reference,4.67,1,786
boston,2021-01-23,S521,reference,3.58,1,25772
boston,2021-01-24,S448,reference,4.87,1,783
boston,2021-01-24,S452,reference,4.46,1,786
boston,2021-01-24,S521,reference,2.21,1,25772
boston,2021-01-25,S448,reference,4.32,1,783
boston,2021-01-25,S452,reference,6.13,1,786
boston,2021-01-25,S521,reference,3.0,1,25772
boston,2021-01-27,S448,reference,7.63,1,783
boston,2021-01-27,S521,reference,7.16,1,25772
boston,2021-01-28,S448,reference,5.77,1,783
boston,2021-01-28,S521,reference,7.13,1,25772
boston,2021-01-29,S448,reference,5.05,1,783
boston,2021-01-29,S521,reference,4.18,1,25772
boston,2021-01-31,S448,reference,9.63,1,783
boston,2021-01-31,S452,reference,12.3,1,786
boston,2021-01-31,S521,reference,6.89,1,25772
boston,2021-02-02,S448,reference,3.5,1,783
boston,2021-02-02,S521,reference,3.0,1,25772
boston,2021-02-03,S448,reference,3.96,1,783
boston,2021-02-03,S521,reference,3.21,1,25772
boston,2021-02-04,S448,reference,5.25,1,783
boston,2021-02-04,S521,reference,4.63,1,25772
boston,2021-02-05,S448,reference,11.8,1,783
boston,2021-02-05,S452,reference,16.9,1,786
boston,2021-02-05,S521,reference,11.5,1,25772
boston,2021-02-06,S448,reference,9.47,1,783
boston,2021-02-06,S452,reference,14.9,1,786
boston,2021-02-06,S521,reference,10.4,1,25772
boston,2021-02-07,S448,reference,7.57,1,783
boston,2021-02-07,S452,reference,12.3,1,786
boston,2021-02-07,S521,reference,8.91,1,25772
boston,2021-02-08,S448,reference,8.1,1,783
boston,2021-02-08,S452,reference,14.3,1,786
boston,2021-02-08,S521,reference,5.26,1,25772
boston,2021-02-09,S448,reference,10.8,1,783
boston,2021-02-09,S452,reference,16.0,1,786
boston,2021-02-09,S521,reference,11.0,1,25772
boston,2021-02-10,S448,reference,10.2,1,783
boston,2021-02-10,S452,reference,15.9,1,786
boston,2021-02-10,S521,reference,10.5,1,25772
boston,2021-02-11,S448,reference,8.61,1,783
boston,2021-02-11,S452,reference,14.0,1,786
boston,2021-02-11,S521,reference,8.22,1,25772
boston,2021-02-13,S448,reference,7.26,1,783
boston,2021-02-13,S521,reference,5.21,1,25772
boston,2021-02-14,S448,reference,7.28,1,783
boston,2021-02-14,S521,reference,7.83,1,25772
boston,2021-02-16,S448,reference,3.41,1,783
boston,2021-02-16,S521,reference,5.72,1,25772
boston,2021-02-17,S452,reference,6.11,1,786
boston,2021-02-17,S521,reference,4.5,1,25772
boston,2021-02-18,S448,reference,5.19,1,783
boston,2021-02-18,S452,reference,6.19,1,786
boston,2021-02-18,S521,reference,6.19,1,25772
boston,2021-02-21,S452,reference,8.74,1,786
boston,2021-02-21,S521,reference,5.0,1,25772
boston,2021-02-22,S452,reference,11.9,1,786
boston,2021-02-22,S521,reference,8.67,1,25772
boston,2021-02-23,S448,reference,8.21,1,783
boston,2021-02-23,S452,reference,10.7,1,786
boston,2021-02-23,S521,reference,9.25,1,25772
boston,2021-02-24,S448,reference,5.26,1,783
boston,2021-02-24,S452,reference,7.0,1,786
boston,2021-02-24,S521,reference,5.25,1,25772
boston,2021-02-25,S448,reference,3.7,1,783
boston,2021-02-25,S452,reference,5.9,1,786
boston,2021-02-25,S521,reference,4.0,1,25772
boston,2021-03-01,S448,reference,5.44,1,783
boston,2021-03-01,S452,reference,6.32,1,786
boston,2021-03-01,S521,reference,5.47,1,25772
boston,2021-03-04,S448,reference,5.9,1,783
boston,2021-03-04,S452,reference,6.76,1,786
boston,2021-03-04,S521,reference,5.67,1,25772
boston,2021-03-05,S448,reference,3.79,1,783
boston,2021-03-05,S452,reference,4.78,1,786
boston,2021-03-05,S521,reference,2.89,1,25772
boston,2021-03-06,S448,reference,4.44,1,783
boston,2021-03-06,S452,reference,6.0,1,786
boston,2021-03-06,S521,reference,3.89,1,25772
boston,2021-03-07,S448,reference,5.52,1,783
boston,2021-03-07,S452,reference,5.05,1,786
boston,2021-03-07,S521,reference,4.52,1,25772
boston,2021-03-08,S448,reference,8.0,1,783
boston,2021-03-08,S452,reference,6.57,1,786
boston,2021-03-08,S521,reference,6.87,1,25772
boston,2021-03-12,S452,reference,8.86,1,786
boston,2021-03-12,S521,reference,7.22,1,25772
boston,2021-03-15,S448,reference,4.93,1,783
boston,2021-03-15,S521,reference,3.94,1,25772
boston,2021-03-18,S448,reference,11.3,1,783
boston,2021-03-18,S452,reference,14.5,1,786
boston,2021-03-18,S521,reference,14.0,1,25772
boston,2021-03-20,S448,reference,4.5,1,783
boston,2021-03-20,S452,reference,6.44,1,786
boston,2021-03-20,S521,reference,5.78,1,25772
boston,2021-03-22,S448,reference,9.09,1,783
boston,2021-03-22,S452,reference,9.26,1,786
boston,2021-03-22,S521,reference,8.96,1,25772
boston,2021-03-26,S448,reference,5.21,1,783
boston,2021-03-26,S452,reference,8.25,1,786
boston,2021-03-26,S521,reference,7.15,1,25772
boston,2021-04-07,S448,reference,3.0,1,783
boston,2021-04-07,S452,reference,4.5,1,786
boston,2021-04-07,S521,reference,4.67,1,25772
boston,2021-04-17,S448,reference,2.22,1,783
boston,2021-04-17,S452,reference,3.83,1,786
boston,2021-04-17,S521,reference,2.17,1,25772
boston,2021-04-18,S448,reference,4.47,1,783
boston,2021-04-18,S452,reference,5.37,1,786
boston,2021-04-18,S521,reference,5.11,1,25772
boston,2021-06-12,S448,reference,3.14,1,783
boston,2021-06-12,S452,reference,8.05,1,786
boston,2021-06-12,S521,reference,5.26,1,25772
boston,2021-06-19,S448,reference,6.33,1,783
boston,2021-06-19,S452,reference,11.1,1,786
boston,2021-06-19,S521,reference,8.28,1,25772
boston,2021-06-20,S452,reference,8.79,1,786
boston,2021-06-20,S521,reference,6.63,1,25772
boston,2021-07-13,S448,reference,3.29,1,783
boston,2021-07-13,S452,reference,4.63,1,786
boston,2021-07-13,S521,reference,6.63,1,25772
boston,2021-07-18,S448,reference,3.18,1,783
boston,2021-07-18,S452,reference,8.33,1,786
boston,2021-07-18,S521,reference,7.61,1,25772
boston,2021-07-23,S448,reference,5.67,1,783
boston,2021-07-23,S521,reference,9.37,1,25772
boston,2021-08-06,S448,reference,8.1,1,783
boston,2021-08-06,S452,reference,11.5,1,786
boston,2021-08-06,S521,reference,12.2,1,25772
boston,2021-08-07,S448,reference,11.1,1,783
boston,2021-08-07,S452,reference,14.0,1,786
boston,2021-08-10,S448,reference,3.92,1,783
boston,2021-08-10,S452,reference,4.9,1,786
boston,2021-08-10,S521,reference,5.14,1,25772
boston,2021-08-11,S448,reference,5.9,1,783
boston,2021-08-11,S452,reference,11.8,1,786
boston,2021-08-11,S521,reference,11.4,1,25772
boston,2021-08-12,S448,reference,6.8,1,783
boston,2021-08-12,S452,reference,12.9,1,786
boston,2021-08-14,S448,reference,7.14,1,783
boston,2021-08-14,S452,reference,9.28,1,786
boston,2021-08-14,S521,reference,8.85,1,25772
boston,2021-08-15,S448,reference,1.8,1,783
boston,2021-08-15,S452,reference,7.0,1,786
boston,2021-08-15,S521,reference,5.95,1,25772
boston,2021-08-16,S448,reference,4.14,1,783
boston,2021-08-16,S452,reference,6.81,1,786
boston,2021-08-16,S521,reference,6.64,1,25772
boston,2021-08-17,S448,reference,5.04,1,783
boston,2021-08-17,S452,reference,8.83,1,786
boston,2021-08-17,S521,reference,8.0,1,25772
boston,2021-08-18,S448,reference,4.1,1,783
boston,2021-08-18,S452,reference,7.14,1,786
boston,2021-08-18,S521,reference,6.39,1,25772
boston,2021-08-21,S448,reference,3.22,1,783
boston,2021-08-21,S452,reference,6.35,1,786
boston,2021-08-21,S521,reference,5.27,1,25772
boston,2021-08-22,S521,reference,5.13,1,25772
boston,2021-08-24,S448,reference,2.0,1,783
boston,2021-08-24,S521,reference,5.55,1,25772
boston,2021-08-25,S448,reference,11.5,1,783
boston,2021-08-25,S452,reference,15.0,1,786
boston,2021-08-25,S521,reference,15.3,1,25772
boston,2021-08-27,S448,reference,11.4,1,783
boston,2021-08-27,S452,reference,15.2,1,786
boston,2021-08-27,S521,reference,15.2,1,25772
boston,2021-08-28,S448,reference,1.36,1,783
boston,2021-08-28,S452,reference,3.83,1,786
boston,2021-08-28,S521,reference,5.09,1,25772
boston,2021-08-29,S448,reference,2.38,1,783
boston,2021-08-29,S452,reference,4.33,1,786
boston,2021-08-29,S521,reference,4.71,1,25772
boston,2021-08-31,S448,reference,5.05,1,783
boston,2021-08-31,S452,reference,8.71,1,786
boston,2021-08-31,S521,reference,8.3,1,25772
boston,2021-09-01,S448,reference,5.05,1,783
boston,2021-09-01,S452,reference,7.48,1,786
boston,2021-09-01,S521,reference,7.95,1,25772
boston,2021-09-02,S448,reference,1.33,1,783
boston,2021-09-02,S452,reference,4.06,1,786
boston,2021-09-02,S521,reference,3.42,1,25772
boston,2021-09-03,S448,reference,1.0,1,783
boston,2021-09-03,S452,reference,4.5,1,786
boston,2021-09-03,S521,reference,3.82,1,25772
boston,2021-09-04,S448,reference,2.33,1,783
boston,2021-09-04,S452,reference,3.41,1,786
boston,2021-09-04,S521,reference,3.0,1,25772
boston,2021-09-05,S448,reference,3.62,1,783
boston,2021-09-05,S452,reference,6.86,1,786
boston,2021-09-05,S521,reference,5.86,1,25772
boston,2021-09-06,S448,reference,3.44,1,783
boston,2021-09-06,S452,reference,6.74,1,786
boston,2021-09-06,S521,reference,6.0,1,25772
boston,2021-09-07,S448,reference,2.13,1,783
boston,2021-09-07,S452,reference,5.64,1,786
boston,2021-09-07,S521,reference,3.86,1,25772
boston,2021-09-08,S448,reference,4.3,1,783
boston,2021-09-08,S452,reference,6.35,1,786
boston,2021-09-08,S521,reference,7.62,1,25772
boston,2021-09-09,S448,reference,2.47,1,783
boston,2021-09-09,S452,reference,7.67,1,786
boston,2021-09-09,S521,reference,7.71,1,25772
boston,2021-09-10,S448,reference,1.85,1,783
boston,2021-09-10,S452,reference,6.21,1,786
boston,2021-09-10,S521,reference,5.37,1,25772
boston,2021-09-11,S448,reference,2.56,1,783
boston,2021-09-11,S452,reference,6.33,1,786
boston,2021-09-11,S521,reference,5.1,1,25772
boston,2021-09-12,S448,reference,6.22,1,783
boston,2021-09-12,S452,reference,9.7,1,786
boston,2021-09-12,S521,reference,8.04,1,25772
boston,2021-09-13,S452,reference,10.1,1,786
boston,2021-09-14,S448,reference,3.0,1,783
boston,2021-09-14,S452,reference,5.4,1,786
boston,2021-09-14,S521,reference,4.85,1,25772
boston,2021-09-15,S448,reference,7.75,1,783
boston,2021-09-15,S452,reference,10.9,1,786
boston,2021-09-15,S521,reference,12.5,1,25772
boston,2021-09-16,S448,reference,2.39,1,783
boston,2021-09-16,S452,reference,6.25,1,786
boston,2021-09-16,S521,reference,7.35,1,25772
boston,2021-09-17,S448,reference,2.0,1,783
boston,2021-09-17,S452,reference,5.23,1,786
boston,2021-09-17,S521,reference,7.32,1,25772
boston,2021-09-18,S448,reference,3.83,1,783
boston,2021-09-18,S452,reference,5.48,1,786
boston,2021-09-18,S521,reference,7.1,1,25772
boston,2021-09-19,S448,reference,2.93,1,783
boston,2021-09-19,S452,reference,6.33,1,786
boston,2021-09-19,S521,reference,5.48,1,25772
boston,2021-09-20,S448,reference,3.0,1,783
boston,2021-09-20,S452,reference,6.35,1,786
boston,2021-09-20,S521,reference,5.4,1,25772
boston,2021-09-21,S448,reference,4.73,1,783
boston,2021-09-21,S452,reference,6.43,1,786
boston,2021-09-21,S521,reference,6.09,1,25772
boston,2021-09-23,S448,reference,2.42,1,783
boston,2021-09-23,S452,reference,4.25,1,786
boston,2021-09-23,S521,reference,6.24,1,25772
boston,2021-09-24,S448,reference,1.67,1,783
boston,2021-09-24,S452,reference,4.32,1,786
boston,2021-09-24,S521,reference,6.26,1,25772
boston,2021-09-25,S448,reference,3.2,1,783
boston,2021-09-25,S452,reference,5.52,1,786
boston,2021-09-25,S521,reference,5.17,1,25772
boston,2021-09-26,S448,reference,1.94,1,783
boston,2021-09-26,S452,reference,5.8,1,786
boston,2021-09-26,S521,reference,5.48,1,25772
boston,2021-09-27,S448,reference,3.47,1,783
boston,2021-09-27,S452,reference,7.15,1,786
boston,2021-09-27,S521,reference,5.1,1,25772
boston,2021-09-28,S448,reference,5.3,1,783
boston,2021-09-28,S452,reference,9.24,1,786
boston,2021-09-28,S521,reference,7.52,1,25772
boston,2021-09-30,S448,reference,0.882,1,783
boston,2021-09-30,S452,reference,4.29,1,786
boston,2021-09-30,S521,reference,3.67,1,25772
boston,2021-10-01,S448,reference,2.53,1,783
boston,2021-10-01,S452,reference,6.1,1,786
boston,2021-10-01,S521,reference,4.43,1,25772
boston,2021-10-02,S448,reference,3.73,1,783
boston,2021-10-02,S452,reference,6.36,1,786
boston,2021-10-02,S521,reference,5.23,1,25772
boston,2021-10-03,S448,reference,3.82,1,783
boston,2021-10-03,S452,reference,5.96,1,786
boston,2021-10-03,S521,reference,6.87,1,25772
boston,2021-10-04,S448,reference,0.625,1,783
boston,2021-10-04,S452,reference,4.64,1,786
boston,2021-10-04,S521,reference,5.5,1,25772
boston,2021-10-05,S448,reference,1.33,1,783
boston,2021-10-05,S521,reference,4.22,1,25772
boston,2021-10-06,S448,reference,4.35,1,783
boston,2021-10-06,S521,reference,6.48,1,25772
boston,2021-10-07,S448,reference,4.25,1,783
boston,2021-10-07,S521,reference,5.83,1,25772
boston,2021-10-08,S448,reference,4.48,1,783
boston,2021-10-08,S521,reference,8.59,1,25772
boston,2021-10-09,S448,reference,3.14,1,783
boston,2021-10-09,S452,reference,6.3,1,786
boston,2021-10-09,S521,reference,7.65,1,25772
boston,2021-10-10,S448,reference,1.56,1,783
boston,2021-10-10,S452,reference,4.18,1,786
boston,2021-10-10,S521,reference,6.52,1,25772
boston,2021-10-11,S448,reference,2.23,1,783
boston,2021-10-11,S452,reference,3.5,1,786
boston,2021-10-11,S521,reference,8.41,1,25772
boston,2021-10-12,S448,reference,3.13,1,783
boston,2021-10-12,S452,reference,6.41,1,786
boston,2021-10-12,S521,reference,7.32,1,25772
boston,2021-10-13,S448,reference,4.77,1,783
boston,2021-10-13,S452,reference,8.0,1,786
boston,2021-10-13,S521,reference,7.77,1,25772
boston,2021-10-14,S448,reference,3.72,1,783
boston,2021-10-14,S452,reference,7.79,1,786
boston,2021-10-14,S521,reference,8.68,1,25772
boston,2021-10-15,S448,reference,7.48,1,783
boston,2021-10-15,S452,reference,9.24,1,786
boston,2021-10-15,S521,reference,11.0,1,25772
boston,2021-10-16,S448,reference,3.5,1,783
boston,2021-10-16,S452,reference,4.77,1,786
boston,2021-10-16,S521,reference,7.45,1,25772
boston,2021-10-18,S448,reference,1.29,1,783
boston,2021-10-18,S452,reference,3.74,1,786
boston,2021-10-18,S521,reference,2.65,1,25772
boston,2021-10-19,S448,reference,0.667,1,783
boston,2021-10-19,S452,reference,4.1,1,786
boston,2021-10-19,S521,reference,3.1,1,25772
boston,2021-10-20,S448,reference,4.2,1,783
boston,2021-10-20,S452,reference,8.19,1,786
boston,2021-10-20,S521,reference,5.67,1,25772
boston,2021-10-21,S448,reference,5.52,1,783
boston,2021-10-21,S452,reference,8.3,1,786
boston,2021-10-21,S521,reference,5.48,1,25772
boston,2021-10-22,S448,reference,6.1,1,783
boston,2021-10-22,S452,reference,9.36,1,786
boston,2021-10-22,S521,reference,8.41,1,25772
boston,2021-10-23,S448,reference,1.43,1,783
boston,2021-10-23,S452,reference,3.71,1,786
boston,2021-10-23,S521,reference,3.65,1,25772
boston,2021-10-24,S448,reference,2.72,1,783
boston,2021-10-24,S452,reference,5.35,1,786
boston,2021-10-24,S521,reference,4.78,1,25772
boston,2021-10-25,S448,reference,3.47,1,783
boston,2021-10-25,S452,reference,4.65,1,786
boston,2021-10-26,S448,reference,2.11,1,783
boston,2021-10-26,S452,reference,3.21,1,786
boston,2021-10-27,S448,reference,1.11,1,783
boston,2021-10-27,S452,reference,4.3,1,786
boston,2021-10-27,S521,reference,4.39,1,25772
boston,2021-10-28,S448,reference,1.69,1,783
boston,2021-10-28,S452,reference,6.25,1,786
boston,2021-10-28,S521,reference,5.25,1,25772
boston,2021-10-30,S448,reference,1.82,1,783
boston,2021-10-30,S452,reference,3.9,1,786
boston,2021-10-30,S521,reference,6.41,1,25772
boston,2021-10-31,S448,reference,1.44,1,783
boston,2021-10-31,S452,reference,3.74,1,786
boston,2021-10-31,S521,reference,3.48,1,25772
boston,2021-11-01,S448,reference,1.94,1,783
boston,2021-11-01,S452,reference,4.22,1,786
boston,2021-11-01,S521,reference,3.61,1,25772
boston,2021-11-02,S448,reference,4.48,1,783
boston,2021-11-02,S452,reference,5.43,1,786
boston,2021-11-02,S521,reference,4.35,1,25772
boston,2021-11-03,S448,reference,4.39,1,783
boston,2021-11-03,S521,reference,4.52,1,25772
boston,2021-11-04,S448,reference,5.0,1,783
boston,2021-11-04,S521,reference,5.22,1,25772
boston,2021-11-05,S448,reference,6.13,1,783
boston,2021-11-05,S452,reference,6.74,1,786
boston,2021-11-05,S521,reference,6.65,1,25772
boston,2021-11-06,S448,reference,8.74,1,783
boston,2021-11-06,S452,reference,9.7,1,786
boston,2021-11-06,S521,reference,9.22,1,25772
boston,2021-11-07,S448,reference,11.5,1,783
boston,2021-11-07,S452,reference,12.5,1,786
boston,2021-11-07,S521,reference,12.2,1,25772
boston,2021-11-08,S448,reference,13.0,1,783
boston,2021-11-08,S452,reference,15.0,1,786
boston,2021-11-08,S521,reference,13.8,1,25772
boston,2021-11-09,S448,reference,13.0,1,783
boston,2021-11-09,S452,reference,14.7,1,786
boston,2021-11-09,S521,reference,13.0,1,25772
boston,2021-11-10,S448,reference,9.39,1,783
boston,2021-11-10,S452,reference,10.5,1,786
boston,2021-11-10,S521,reference,10.1,1,25772
boston,2021-11-11,S448,reference,5.71,1,783
boston,2021-11-11,S452,reference,5.95,1,786
boston,2021-11-11,S521,reference,6.33,1,25772
boston,2021-11-12,S448,reference,5.55,1,783
boston,2021-11-12,S452,reference,6.23,1,786
boston,2021-11-12,S521,reference,6.32,1,25772
boston,2021-11-13,S448,reference,4.76,1,783
boston,2021-11-13,S452,reference,5.29,1,786
boston,2021-11-13,S521,reference,5.14,1,25772
boston,2021-11-15,S448,reference,5.0,1,783
boston,2021-11-15,S452,reference,5.78,1,786
boston,2021-11-15,S521,reference,5.09,1,25772
boston,2021-11-16,S448,reference,2.74,1,783
boston,2021-11-16,S452,reference,3.11,1,786
boston,2021-11-16,S521,reference,2.79,1,25772
boston,2021-11-17,S448,reference,5.23,1,783
boston,2021-11-17,S452,reference,5.95,1,786
boston,2021-11-17,S521,reference,5.76,1,25772
boston,2021-11-18,S448,reference,13.3,1,783
boston,2021-11-18,S452,reference,14.3,1,786
boston,2021-11-18,S521,reference,14.1,1,25772
boston,2021-11-19,S448,reference,2.71,1,783
boston,2021-11-19,S452,reference,3.57,1,786
boston,2021-11-19,S521,reference,2.9,1,25772
boston,2021-11-21,S448,reference,6.22,1,783
boston,2021-11-21,S452,reference,6.43,1,786
boston,2021-11-21,S521,reference,6.22,1,25772
boston,2021-11-22,S448,reference,4.71,1,783
boston,2021-11-22,S452,reference,5.67,1,786
boston,2021-11-22,S521,reference,4.81,1,25772
boston,2021-11-23,S448,reference,2.35,1,783
boston,2021-11-23,S452,reference,3.0,1,786
boston,2021-11-23,S521,reference,2.55,1,25772
boston,2021-11-24,S448,reference,3.09,1,783
boston,2021-11-24,S452,reference,3.68,1,786
boston,2021-11-24,S521,reference,3.18,1,25772
boston,2021-11-25,S448,reference,5.52,1,783
boston,2021-11-25,S452,reference,5.81,1,786
boston,2021-11-25,S521,reference,5.67,1,25772
boston,2021-11-26,S448,reference,6.57,1,783
boston,2021-11-26,S521,reference,6.74,1,25772
boston,2021-11-29,S448,reference,7.25,1,783
boston,2021-11-29,S521,reference,7.38,1,25772
boston,2021-11-30,S448,reference,5.32,1,783
boston,2021-11-30,S452,reference,5.95,1,786
boston,2021-11-30,S521,reference,5.27,1,25772
boston,2021-12-01,S448,reference,10.2,1,783
boston,2021-12-01,S452,reference,12.1,1,786
boston,2021-12-01,S521,reference,10.7,1,25772
boston,2021-12-02,S448,reference,9.81,1,783
boston,2021-12-02,S452,reference,11.6,1,786
boston,2021-12-02,S521,reference,10.8,1,25772
boston,2021-12-03,S448,reference,2.65,1,783
boston,2021-12-03,S452,reference,3.25,1,786
boston,2021-12-03,S521,reference,2.7,1,25772
boston,2021-12-04,S448,reference,6.87,1,783
boston,2021-12-04,S452,reference,6.65,1,786
boston,2021-12-04,S521,reference,6.35,1,25772
boston,2021-12-05,S448,reference,5.35,1,783
boston,2021-12-05,S452,reference,5.52,1,786
boston,2021-12-05,S521,reference,5.39,1,25772
boston,2021-12-06,S448,reference,10.2,1,783
boston,2021-12-06,S452,reference,11.0,1,786
boston,2021-12-06,S521,reference,10.5,1,25772
boston,2021-12-08,S448,reference,5.7,1,783
boston,2021-12-08,S452,reference,5.95,1,786
boston,2021-12-08,S521,reference,6.29,1,25772
boston,2021-12-09,S448,reference,5.59,1,783
boston,2021-12-09,S452,reference,8.05,1,786
boston,2021-12-09,S521,reference,5.82,1,25772
boston,2021-12-10,S448,reference,9.91,1,783
boston,2021-12-10,S452,reference,11.0,1,786
boston,2021-12-10,S521,reference,10.8,1,25772
boston,2021-12-11,S448,reference,12.5,1,783
boston,2021-12-11,S452,reference,18.4,1,786
boston,2021-12-11,S521,reference,13.3,1,25772
boston,2021-12-12,S448,reference,2.65,1,783
boston,2021-12-12,S452,reference,3.09,1,786
boston,2021-12-12,S521,reference,2.39,1,25772
boston,2021-12-13,S448,reference,4.52,1,783
boston,2021-12-13,S452,reference,4.74,1,786
boston,2021-12-13,S521,reference,4.48,1,25772
boston,2021-12-14,S448,reference,4.14,1,783
boston,2021-12-14,S452,reference,4.59,1,786
boston,2021-12-14,S521,reference,4.5,1,25772
boston,2021-12-15,S448,reference,5.22,1,783
boston,2021-12-15,S452,reference,5.52,1,786
boston,2021-12-15,S521,reference,5.43,1,25772
boston,2021-12-16,S448,reference,7.71,1,783
boston,2021-12-16,S452,reference,8.59,1,786
boston,2021-12-16,S521,reference,7.91,1,25772
boston,2021-12-17,S448,reference,6.83,1,783
boston,2021-12-17,S452,reference,6.65,1,786
boston,2021-12-17,S521,reference,5.48,1,25772
boston,2021-12-18,S448,reference,5.04,1,783
boston,2021-12-18,S452,reference,5.65,1,786
boston,2021-12-18,S521,reference,5.83,1,25772
boston,2021-12-19,S448,reference,3.61,1,783
boston,2021-12-19,S452,reference,4.43,1,786
boston,2021-12-19,S521,reference,3.87,1,25772
boston,2021-12-20,S448,reference,6.0,1,783
boston,2021-12-20,S452,reference,6.57,1,786
boston,2021-12-20,S521,reference,5.74,1,25772
boston,2021-12-21,S448,reference,11.0,1,783
boston,2021-12-21,S452,reference,11.5,1,786
boston,2021-12-21,S521,reference,10.6,1,25772
boston,2021-12-22,S448,reference,11.0,1,783
boston,2021-12-22,S452,reference,12.0,1,786
boston,2021-12-22,S521,reference,12.5,1,25772
boston,2021-12-23,S448,reference,2.95,1,783
boston,2021-12-23,S452,reference,3.5,1,786
boston,2021-12-23,S521,reference,2.77,1,25772
boston,2021-12-24,S448,reference,6.24,1,783
boston,2021-12-24,S452,reference,7.81,1,786
boston,2021-12-24,S521,reference,6.52,1,25772
boston,2021-12-25,S448,reference,14.1,1,783
boston,2021-12-25,S452,reference,17.8,1,786
boston,2021-12-26,S448,reference,4.44,1,783
boston,2021-12-26,S452,reference,5.89,1,786
boston,2021-12-26,S521,reference,4.72,1,25772
boston,2021-12-27,S448,reference,4.95,1,783
boston,2021-12-27,S452,reference,6.2,1,786
boston,2021-12-27,S521,reference,4.8,1,25772
boston,2021-12-29,S448,reference,9.81,1,783
boston,2021-12-29,S452,reference,10.4,1,786
boston,2021-12-29,S521,reference,10.7,1,25772
boston,2021-12-30,S448,reference,12.6,1,783
boston,2021-12-30,S452,reference,13.9,1,786
boston,2021-12-30,S521,reference,13.3,1,25772
boston,2021-12-31,S448,reference,18.6,1,783
boston,2021-12-31,S452,reference,18.4,1,786
boston,2021-12-31,S521,reference,19.5,1,25772
boston,2022-01-03,S448,reference,4.11,1,783
boston,2022-01-03,S452,reference,4.58,1,786
boston,2022-01-03,S521,reference,4.47,1,25772
boston,2022-01-04,S448,reference,4.45,1,783
boston,2022-01-04,S452,reference,4.64,1,786
boston,2022-01-04,S521,reference,4.18,1,25772
boston,2022-01-05,S448,reference,7.18,1,783
boston,2022-01-05,S452,reference,7.27,1,786
boston,2022-01-05,S521,reference,7.18,1,25772
boston,2022-01-06,S448,reference,10.9,1,783
boston,2022-01-06,S452,reference,11.9,1,786
boston,2022-01-06,S521,reference,11.0,1,25772
boston,2022-01-07,S448,reference,7.86,1,783
boston,2022-01-07,S452,reference,11.2,1,786
boston,2022-01-07,S521,reference,7.95,1,25772
boston,2022-01-08,S448,reference,6.27,1,783
boston,2022-01-08,S452,reference,13.6,1,786
boston,2022-01-08,S521,reference,7.55,1,25772
boston,2022-01-09,S448,reference,7.59,1,783
boston,2022-01-09,S452,reference,9.64,1,786
boston,2022-01-09,S521,reference,7.9,1,25772
boston,2022-01-10,S448,reference,4.29,1,783
boston,2022-01-10,S452,reference,5.45,1,786
boston,2022-01-10,S521,reference,4.59,1,25772
boston,2022-01-11,S448,reference,8.05,1,783
boston,2022-01-11,S452,reference,14.8,1,786
boston,2022-01-11,S521,reference,8.6,1,25772
boston,2022-01-12,S448,reference,9.8,1,783
boston,2022-01-12,S452,reference,12.3,1,786
boston,2022-01-12,S521,reference,10.4,1,25772
boston,2022-01-13,S448,reference,15.4,1,783
boston,2022-01-13,S452,reference,17.1,1,786
boston,2022-01-13,S521,reference,15.9,1,25772
boston,2022-01-14,S448,reference,13.3,1,783
boston,2022-01-14,S452,reference,14.0,1,786
boston,2022-01-14,S521,reference,13.7,1,25772
boston,2022-01-15,S448,reference,5.05,1,783
boston,2022-01-15,S452,reference,6.58,1,786
boston,2022-01-15,S521,reference,5.47,1,25772
boston,2022-01-16,S448,reference,6.28,1,783
boston,2022-01-16,S452,reference,7.33,1,786
boston,2022-01-16,S521,reference,6.67,1,25772
boston,2022-01-17,S448,reference,8.83,1,783
boston,2022-01-17,S452,reference,9.17,1,786
boston,2022-01-17,S521,reference,8.3,1,25772
boston,2022-01-18,S448,reference,3.4,1,783
boston,2022-01-18,S452,reference,4.4,1,786
boston,2022-01-18,S521,reference,3.65,1,25772
boston,2022-01-19,S448,reference,5.95,1,783
boston,2022-01-19,S452,reference,6.61,1,786
boston,2022-01-19,S521,reference,6.26,1,25772
boston,2022-01-20,S448,reference,9.19,1,783
boston,2022-01-20,S452,reference,11.7,1,786
boston,2022-01-20,S521,reference,9.63,1,25772
boston,2022-01-21,S448,reference,6.26,1,783
boston,2022-01-21,S452,reference,7.32,1,786
boston,2022-01-21,S521,reference,6.96,1,25772
boston,2022-01-22,S448,reference,7.09,1,783
boston,2022-01-22,S452,reference,11.5,1,786
boston,2022-01-22,S521,reference,7.18,1,25772
boston,2022-01-23,S521,reference,16.5,1,25772
boston,2022-01-24,S448,reference,12.6,1,783
boston,2022-01-24,S452,reference,17.6,1,786
boston,2022-01-24,S521,reference,13.6,1,25772
boston,2022-01-25,S448,reference,15.4,1,783
boston,2022-01-25,S452,reference,21.0,1,786
boston,2022-01-25,S521,reference,16.0,1,25772
boston,2022-01-28,S448,reference,15.8,1,783
boston,2022-01-28,S452,reference,17.5,1,786
boston,2022-01-28,S521,reference,18.2,1,25772
boston,2022-01-29,S448,reference,7.95,1,783
boston,2022-01-29,S452,reference,8.86,1,786
boston,2022-01-29,S521,reference,8.62,1,25772
boston,2022-01-30,S448,reference,4.26,1,783
boston,2022-01-30,S452,reference,7.63,1,786
boston,2022-01-30,S521,reference,4.42,1,25772
boston,2022-01-31,S448,reference,9.33,1,783
boston,2022-01-31,S521,reference,9.89,1,25772
boston,2022-02-02,S448,reference,17.8,1,783
boston,2022-02-02,S452,reference,20.3,1,786
boston,2022-02-02,S521,reference,17.6,1,25772
boston,2022-02-03,S448,reference,10.5,1,783
boston,2022-02-03,S452,reference,14.4,1,786
boston,2022-02-03,S521,reference,10.7,1,25772
boston,2022-02-04,S448,reference,4.28,1,783
boston,2022-02-04,S452,reference,5.56,1,786
boston,2022-02-04,S521,reference,4.67,1,25772
boston,2022-02-05,S448,reference,4.79,1,783
boston,2022-02-05,S452,reference,7.53,1,786
boston,2022-02-05,S521,reference,4.95,1,25772
boston,2022-02-06,S448,reference,6.24,1,783
boston,2022-02-06,S452,reference,9.86,1,786
boston,2022-02-06,S521,reference,6.62,1,25772
boston,2022-02-07,S448,reference,12.0,1,783
boston,2022-02-07,S452,reference,11.9,1,786
boston,2022-02-07,S521,reference,12.1,1,25772
boston,2022-02-09,S448,reference,7.75,1,783
boston,2022-02-09,S452,reference,8.35,1,786
boston,2022-02-09,S521,reference,7.95,1,25772
boston,2022-02-10,S448,reference,9.5,1,783
boston,2022-02-10,S452,reference,10.3,1,786
boston,2022-02-10,S521,reference,9.55,1,25772
boston,2022-02-12,S448,reference,7.0,1,783
boston,2022-02-12,S452,reference,7.95,1,786
boston,2022-02-12,S521,reference,7.09,1,25772
boston,2022-02-13,S448,reference,5.9,1,783
boston,2022-02-13,S452,reference,8.38,1,786
boston,2022-02-13,S521,reference,6.67,1,25772
boston,2022-02-14,S448,reference,5.43,1,783
boston,2022-02-14,S452,reference,10.9,1,786
boston,2022-02-14,S521,reference,5.86,1,25772
boston,2022-02-15,S448,reference,8.68,1,783
boston,2022-02-15,S521,reference,8.05,1,25772
boston,2022-02-16,S448,reference,9.2,1,783
boston,2022-02-16,S521,reference,9.35,1,25772
boston,2022-02-17,S448,reference,5.95,1,783
boston,2022-02-17,S452,reference,7.67,1,786
boston,2022-02-17,S521,reference,6.62,1,25772
boston,2022-02-19,S448,reference,4.8,1,783
boston,2022-02-19,S452,reference,7.45,1,786
boston,2022-02-19,S521,reference,5.3,1,25772
boston,2022-02-20,S448,reference,6.4,1,783
boston,2022-02-20,S452,reference,7.1,1,786
boston,2022-02-20,S521,reference,6.7,1,25772
boston,2022-02-21,S448,reference,8.5,1,783
boston,2022-02-21,S452,reference,8.9,1,786
boston,2022-02-21,S521,reference,8.3,1,25772
boston,2022-02-23,S448,reference,7.47,1,783
boston,2022-02-23,S452,reference,7.89,1,786
boston,2022-02-23,S521,reference,7.84,1,25772
boston,2022-02-27,S448,reference,7.05,1,783
boston,2022-02-27,S452,reference,11.1,1,786
boston,2022-02-27,S521,reference,7.5,1,25772
boston,2022-02-28,S448,reference,5.7,1,783
boston,2022-02-28,S452,reference,11.8,1,786
boston,2022-02-28,S521,reference,6.25,1,25772
boston,2022-03-04,S448,reference,5.27,1,783
boston,2022-03-04,S521,reference,5.23,1,25772
boston,2022-03-05,S448,reference,8.53,1,783
boston,2022-03-05,S521,reference,8.37,1,25772
boston,2022-03-06,S448,reference,13.8,1,783
boston,2022-03-06,S521,reference,14.5,1,25772
boston,2022-03-07,S448,reference,9.64,1,783
boston,2022-03-07,S452,reference,11.0,1,786
boston,2022-03-07,S521,reference,10.4,1,25772
boston,2022-03-08,S448,reference,2.11,1,783
boston,2022-03-08,S452,reference,2.83,1,786
boston,2022-03-08,S521,reference,2.11,1,25772
boston,2022-03-09,S448,reference,5.94,1,783
boston,2022-03-09,S452,reference,6.44,1,786
boston,2022-03-09,S521,reference,6.33,1,25772
boston,2022-03-10,S448,reference,9.74,1,783
boston,2022-03-10,S452,reference,12.3,1,786
boston,2022-03-10,S521,reference,10.0,1,25772
boston,2022-03-11,S448,reference,13.7,1,783
boston,2022-03-11,S452,reference,15.3,1,786
boston,2022-03-11,S521,reference,15.2,1,25772
boston,2022-03-12,S448,reference,4.78,1,783
boston,2022-03-12,S452,reference,7.0,1,786
boston,2022-03-12,S521,reference,5.33,1,25772
boston,2022-03-14,S448,reference,8.5,1,783
boston,2022-03-14,S521,reference,9.72,1,25772
boston,2022-03-15,S448,reference,8.86,1,783
boston,2022-03-15,S452,reference,9.35,1,786
boston,2022-03-15,S521,reference,9.68,1,25772
boston,2022-03-16,S448,reference,11.7,1,783
boston,2022-03-16,S452,reference,11.4,1,786
boston,2022-03-16,S521,reference,12.6,1,25772
boston,2022-03-25,S448,reference,3.24,1,783
boston,2022-03-25,S452,reference,3.86,1,786
boston,2022-03-25,S521,reference,3.14,1,25772
boston,2022-03-26,S448,reference,3.96,1,783
boston,2022-03-26,S452,reference,4.57,1,786
boston,2022-03-26,S521,reference,3.83,1,25772
boston,2022-03-27,S448,reference,2.71,1,783
boston,2022-03-27,S452,reference,2.95,1,786
boston,2022-03-27,S521,reference,2.62,1,25772
boston,2022-03-29,S448,reference,3.48,1,783
boston,2022-03-29,S452,reference,3.76,1,786
boston,2022-03-29,S521,reference,3.62,1,25772
boston,2022-03-30,S448,reference,3.1,1,783
boston,2022-03-30,S452,reference,3.62,1,786
boston,2022-03-30,S521,reference,3.19,1,25772
boston,2022-03-31,S448,reference,8.95,1,783
boston,2022-03-31,S452,reference,9.68,1,786
boston,2022-03-31,S521,reference,9.8,1,25772
boston,2022-04-01,S448,reference,3.78,1,783
boston,2022-04-01,S452,reference,5.13,1,786
boston,2022-04-01,S521,reference,3.91,1,25772
boston,2022-04-02,S448,reference,2.78,1,783
boston,2022-04-02,S452,reference,3.26,1,786
boston,2022-04-02,S521,reference,2.74,1,25772
boston,2022-04-03,S448,reference,5.63,1,783
boston,2022-04-03,S452,reference,6.42,1,786
boston,2022-04-03,S521,reference,6.26,1,25772
boston,2022-04-04,S448,reference,3.95,1,783
boston,2022-04-04,S452,reference,5.05,1,786
boston,2022-04-04,S521,reference,4.29,1,25772
boston,2022-04-05,S448,reference,4.63,1,783
boston,2022-04-05,S452,reference,5.0,1,786
boston,2022-04-05,S521,reference,4.58,1,25772
boston,2022-04-06,S448,reference,6.74,1,783
boston,2022-04-06,S452,reference,6.87,1,786
boston,2022-04-06,S521,reference,7.83,1,25772
boston,2022-04-07,S448,reference,7.9,1,783
boston,2022-04-07,S452,reference,7.78,1,786
boston,2022-04-07,S521,reference,8.74,1,25772
boston,2022-04-08,S448,reference,4.79,1,783
boston,2022-04-08,S452,reference,5.1,1,786
boston,2022-04-08,S521,reference,5.9,1,25772
boston,2022-04-09,S448,reference,6.3,1,783
boston,2022-04-09,S452,reference,7.04,1,786
boston,2022-04-09,S521,reference,6.5,1,25772
boston,2022-04-10,S448,reference,3.24,1,783
boston,2022-04-10,S452,reference,3.7,1,786
boston,2022-04-10,S521,reference,3.17,1,25772
boston,2022-04-11,S448,reference,2.48,1,783
boston,2022-04-11,S452,reference,2.96,1,786
boston,2022-04-11,S521,reference,2.68,1,25772
boston,2022-04-12,S448,reference,5.14,1,783
boston,2022-04-12,S452,reference,6.38,1,786
boston,2022-04-12,S521,reference,5.52,1,25772
boston,2022-04-13,S448,reference,5.73,1,783
boston,2022-04-13,S452,reference,6.14,1,786
boston,2022-04-13,S521,reference,5.68,1,25772
boston,2022-04-14,S448,reference,7.09,1,783
boston,2022-04-14,S452,reference,7.86,1,786
boston,2022-04-14,S521,reference,7.5,1,25772
boston,2022-04-15,S448,reference,4.75,1,783
boston,2022-04-15,S452,reference,5.45,1,786
boston,2022-04-15,S521,reference,5.1,1,25772
boston,2022-04-16,S448,reference,5.22,1,783
boston,2022-04-16,S452,reference,5.65,1,786
boston,2022-04-16,S521,reference,5.52,1,25772
boston,2022-04-17,S448,reference,2.39,1,783
boston,2022-04-17,S452,reference,2.96,1,786
boston,2022-04-17,S521,reference,2.43,1,25772
boston,2022-04-18,S448,reference,3.22,1,783
boston,2022-04-18,S452,reference,3.36,1,786
boston,2022-04-18,S521,reference,3.48,1,25772
boston,2022-04-19,S448,reference,5.57,1,783
boston,2022-04-19,S452,reference,6.0,1,786
boston,2022-04-19,S521,reference,5.52,1,25772
boston,2022-04-20,S448,reference,2.29,1,783
boston,2022-04-20,S452,reference,2.95,1,786
boston,2022-04-20,S521,reference,2.6,1,25772
boston,2022-04-21,S448,reference,4.73,1,783
boston,2022-04-21,S452,reference,4.41,1,786
boston,2022-04-21,S521,reference,4.86,1,25772
boston,2022-04-22,S448,reference,3.95,1,783
boston,2022-04-22,S452,reference,4.59,1,786
boston,2022-04-22,S521,reference,4.32,1,25772
boston,2022-04-23,S448,reference,4.35,1,783
boston,2022-04-23,S452,reference,4.78,1,786
boston,2022-04-23,S521,reference,4.5,1,25772
boston,2022-04-24,S448,reference,4.67,1,783
boston,2022-04-24,S452,reference,4.82,1,786
boston,2022-04-24,S521,reference,5.14,1,25772
boston,2022-04-25,S448,reference,6.43,1,783
boston,2022-04-25,S452,reference,6.57,1,786
boston,2022-04-25,S521,reference,6.48,1,25772
boston,2022-04-26,S448,reference,5.86,1,783
boston,2022-04-26,S452,reference,6.67,1,786
boston,2022-04-26,S521,reference,6.25,1,25772
boston,2022-04-28,S448,reference,2.45,1,783
boston,2022-04-28,S452,reference,3.0,1,786
boston,2022-04-28,S521,reference,2.55,1,25772
boston,2022-04-29,S448,reference,3.59,1,783
boston,2022-04-29,S452,reference,4.09,1,786
boston,2022-04-29,S521,reference,3.86,1,25772
boston,2022-04-30,S448,reference,3.96,1,783
boston,2022-04-30,S452,reference,4.13,1,786
boston,2022-04-30,S521,reference,4.3,1,25772
boston,2022-05-01,S448,reference,5.22,1,783
boston,2022-05-01,S452,reference,5.7,1,786
boston,2022-05-01,S521,reference,5.35,1,25772
boston,2022-05-02,S448,reference,6.57,1,783
boston,2022-05-02,S452,reference,6.09,1,786
boston,2022-05-02,S521,reference,7.22,1,25772
boston,2022-05-03,S448,reference,4.13,1,783
boston,2022-05-03,S452,reference,3.78,1,786
boston,2022-05-03,S521,reference,4.7,1,25772
boston,2022-05-04,S448,reference,6.64,1,783
boston,2022-05-04,S452,reference,6.09,1,786
boston,2022-05-04,S521,reference,7.68,1,25772
boston,2022-05-05,S448,reference,4.24,1,783
boston,2022-05-05,S452,reference,5.05,1,786
boston,2022-05-05,S521,reference,4.57,1,25772
boston,2022-05-06,S448,reference,5.81,1,783
boston,2022-05-06,S452,reference,6.0,1,786
boston,2022-05-06,S521,reference,6.05,1,25772
boston,2022-05-07,S448,reference,6.91,1,783
boston,2022-05-07,S452,reference,7.61,1,786
boston,2022-05-07,S521,reference,7.39,1,25772
boston,2022-05-08,S448,reference,5.36,1,783
boston,2022-05-08,S452,reference,5.86,1,786
boston,2022-05-08,S521,reference,5.59,1,25772
boston,2022-05-09,S448,reference,6.4,1,783
boston,2022-05-09,S452,reference,6.76,1,786
boston,2022-05-09,S521,reference,6.71,1,25772
boston,2022-05-10,S448,reference,7.11,1,783
boston,2022-05-10,S452,reference,7.58,1,786
boston,2022-05-10,S521,reference,7.58,1,25772
boston,2022-05-11,S448,reference,8.95,1,783
boston,2022-05-11,S452,reference,9.0,1,786
boston,2022-05-11,S521,reference,9.1,1,25772
boston,2022-05-12,S448,reference,4.78,1,783
boston,2022-05-12,S452,reference,4.67,1,786
boston,2022-05-12,S521,reference,5.53,1,25772
boston,2022-05-13,S448,reference,8.29,1,783
boston,2022-05-13,S452,reference,6.67,1,786
boston,2022-05-13,S521,reference,8.29,1,25772
boston,2022-05-14,S448,reference,4.41,1,783
boston,2022-05-14,S452,reference,4.81,1,786
boston,2022-05-14,S521,reference,4.36,1,25772
boston,2022-05-15,S448,reference,3.09,1,783
boston,2022-05-15,S452,reference,3.77,1,786
boston,2022-05-15,S521,reference,3.36,1,25772
boston,2022-05-16,S448,reference,5.8,1,783
boston,2022-05-16,S452,reference,6.25,1,786
boston,2022-05-16,S521,reference,6.45,1,25772
boston,2022-05-17,S448,reference,4.23,1,783
boston,2022-05-17,S452,reference,4.82,1,786
boston,2022-05-17,S521,reference,4.18,1,25772
boston,2022-05-18,S448,reference,4.19,1,783
boston,2022-05-18,S452,reference,4.76,1,786
boston,2022-05-18,S521,reference,4.24,1,25772
boston,2022-05-19,S448,reference,6.91,1,783
boston,2022-05-19,S452,reference,6.32,1,786
boston,2022-05-19,S521,reference,6.27,1,25772
boston,2022-05-20,S448,reference,7.0,1,783
boston,2022-05-20,S452,reference,6.55,1,786
boston,2022-05-20,S521,reference,7.45,1,25772
boston,2022-05-25,S448,reference,4.57,1,783
boston,2022-05-25,S452,reference,4.5,1,786
boston,2022-05-25,S521,reference,4.95,1,25772
boston,2022-05-26,S448,reference,4.45,1,783
boston,2022-05-26,S452,reference,4.95,1,786
boston,2022-05-26,S521,reference,5.1,1,25772
boston,2022-05-28,S448,reference,4.61,1,783
boston,2022-05-28,S452,reference,5.3,1,786
boston,2022-05-28,S521,reference,4.78,1,25772
boston,2022-05-29,S448,reference,4.27,1,783
boston,2022-05-29,S452,reference,4.77,1,786
boston,2022-05-29,S521,reference,4.5,1,25772
boston,2022-05-30,S448,reference,7.52,1,783
boston,2022-05-30,S452,reference,8.43,1,786
boston,2022-05-30,S521,reference,7.61,1,25772
boston,2022-05-31,S448,reference,8.27,1,783
boston,2022-05-31,S452,reference,8.77,1,786
boston,2022-05-31,S521,reference,8.36,1,25772
boston,2022-06-01,S448,reference,5.4,1,783
boston,2022-06-01,S452,reference,4.95,1,786
boston,2022-06-01,S521,reference,5.81,1,25772
boston,2022-06-02,S448,reference,4.71,1,783
boston,2022-06-02,S452,reference,4.62,1,786
boston,2022-06-02,S521,reference,5.43,1,25772
boston,2022-06-03,S448,reference,5.43,1,783
boston,2022-06-03,S452,reference,4.25,1,786
boston,2022-06-03,S521,reference,5.9,1,25772
boston,2022-06-04,S448,reference,5.17,1,783
boston,2022-06-04,S452,reference,5.48,1,786
boston,2022-06-04,S521,reference,5.39,1,25772
boston,2022-06-05,S448,reference,2.95,1,783
boston,2022-06-05,S452,reference,3.29,1,786
boston,2022-06-05,S521,reference,2.9,1,25772
boston,2022-06-06,S448,reference,5.48,1,783
boston,2022-06-06,S452,reference,6.0,1,786
boston,2022-06-06,S521,reference,5.71,1,25772
boston,2022-06-07,S448,reference,5.33,1,783
boston,2022-06-07,S452,reference,5.65,1,786
boston,2022-06-07,S521,reference,5.86,1,25772
boston,2022-06-08,S448,reference,4.57,1,783
boston,2022-06-08,S452,reference,5.65,1,786
boston,2022-06-08,S521,reference,4.96,1,25772
boston,2022-06-09,S448,reference,6.67,1,783
boston,2022-06-09,S452,reference,7.24,1,786
boston,2022-06-09,S521,reference,6.76,1,25772
boston,2022-06-11,S448,reference,4.78,1,783
boston,2022-06-11,S452,reference,5.09,1,786
boston,2022-06-11,S521,reference,4.61,1,25772
boston,2022-06-12,S448,reference,7.61,1,783
boston,2022-06-12,S452,reference,8.26,1,786
boston,2022-06-12,S521,reference,7.61,1,25772
boston,2022-06-13,S448,reference,5.86,1,783
boston,2022-06-13,S452,reference,6.55,1,786
boston,2022-06-13,S521,reference,5.9,1,25772
boston,2022-06-14,S448,reference,5.41,1,783
boston,2022-06-14,S452,reference,6.05,1,786
boston,2022-06-14,S521,reference,5.77,1,25772
boston,2022-06-15,S448,reference,3.9,1,783
boston,2022-06-15,S452,reference,3.81,1,786
boston,2022-06-15,S521,reference,4.24,1,25772
boston,2022-06-16,S448,reference,5.14,1,783
boston,2022-06-16,S452,reference,5.33,1,786
boston,2022-06-16,S521,reference,5.9,1,25772
boston,2022-06-17,S448,reference,6.8,1,783
boston,2022-06-17,S452,reference,7.52,1,786
boston,2022-06-17,S521,reference,7.2,1,25772
boston,2022-06-18,S448,reference,2.83,1,783
boston,2022-06-18,S452,reference,3.35,1,786
boston,2022-06-18,S521,reference,3.0,1,25772
boston,2022-06-19,S448,reference,3.81,1,783
boston,2022-06-19,S452,reference,4.55,1,786
boston,2022-06-19,S521,reference,3.95,1,25772
boston,2022-06-20,S448,reference,5.52,1,783
boston,2022-06-20,S452,reference,5.67,1,786
boston,2022-06-21,S448,reference,6.1,1,783
boston,2022-06-21,S452,reference,5.8,1,786
boston,2022-06-22,S448,reference,6.29,1,783
boston,2022-06-22,S452,reference,5.52,1,786
boston,2022-06-22,S521,reference,6.38,1,25772
boston,2022-06-23,S448,reference,7.15,1,783
boston,2022-06-23,S521,reference,7.4,1,25772
boston,2022-06-24,S448,reference,7.05,1,783
boston,2022-06-24,S521,reference,6.95,1,25772
boston,2022-06-25,S448,reference,8.5,1,783
boston,2022-06-25,S452,reference,9.5,1,786
boston,2022-06-25,S521,reference,8.95,1,25772
boston,2022-06-27,S448,reference,5.14,1,783
boston,2022-06-27,S452,reference,5.86,1,786
boston,2022-06-27,S521,reference,5.62,1,25772
boston,2022-06-28,S448,reference,5.1,1,783
boston,2022-06-28,S452,reference,4.45,1,786
boston,2022-06-28,S521,reference,4.55,1,25772
boston,2022-06-29,S448,reference,5.04,1,783
boston,2022-06-29,S452,reference,5.91,1,786
boston,2022-06-29,S521,reference,5.13,1,25772
boston,2022-06-30,S448,reference,5.47,1,783
boston,2022-06-30,S452,reference,6.0,1,786
boston,2022-06-30,S521,reference,5.47,1,25772
boston,2022-07-01,S448,reference,9.44,1,783
boston,2022-07-01,S452,reference,10.8,1,786
boston,2022-07-01,S521,reference,10.9,1,25772
boston,2022-07-02,S448,reference,6.77,1,783
boston,2022-07-02,S452,reference,7.38,1,786
boston,2022-07-02,S521,reference,7.19,1,25772
boston,2022-07-03,S448,reference,6.17,1,783
boston,2022-07-03,S452,reference,6.57,1,786
boston,2022-07-03,S521,reference,6.13,1,25772
boston,2022-07-04,S448,reference,5.52,1,783
boston,2022-07-04,S452,reference,5.86,1,786
boston,2022-07-04,S521,reference,5.57,1,25772
boston,2022-07-05,S448,reference,10.4,1,783
boston,2022-07-05,S452,reference,11.3,1,786
boston,2022-07-05,S521,reference,10.2,1,25772
boston,2022-07-06,S448,reference,5.23,1,783
boston,2022-07-06,S452,reference,5.55,1,786
boston,2022-07-06,S521,reference,5.5,1,25772
boston,2022-07-07,S448,reference,6.96,1,783
boston,2022-07-07,S452,reference,6.61,1,786
boston,2022-07-07,S521,reference,7.22,1,25772
boston,2022-07-08,S448,reference,6.18,1,783
boston,2022-07-08,S452,reference,6.41,1,786
boston,2022-07-08,S521,reference,6.68,1,25772
boston,2022-07-09,S448,reference,6.7,1,783
boston,2022-07-09,S452,reference,7.87,1,786
boston,2022-07-09,S521,reference,7.26,1,25772
boston,2022-07-10,S448,reference,4.39,1,783
boston,2022-07-10,S452,reference,5.04,1,786
boston,2022-07-10,S521,reference,4.91,1,25772
boston,2022-07-11,S448,reference,6.95,1,783
boston,2022-07-11,S452,reference,7.4,1,786
boston,2022-07-11,S521,reference,7.43,1,25772
boston,2022-07-12,S448,reference,6.74,1,783
boston,2022-07-12,S452,reference,7.22,1,786
boston,2022-07-12,S521,reference,7.48,1,25772
boston,2022-07-13,S448,reference,7.19,1,783
boston,2022-07-13,S452,reference,8.14,1,786
boston,2022-07-13,S521,reference,7.6,1,25772
boston,2022-07-14,S448,reference,8.67,1,783
boston,2022-07-14,S452,reference,9.94,1,786
boston,2022-07-14,S521,reference,8.9,1,25772
boston,2022-07-15,S448,reference,6.81,1,783
boston,2022-07-15,S452,reference,6.95,1,786
boston,2022-07-15,S521,reference,7.0,1,25772
boston,2022-07-16,S448,reference,7.48,1,783
boston,2022-07-16,S452,reference,7.91,1,786
boston,2022-07-16,S521,reference,7.78,1,25772
boston,2022-07-17,S448,reference,8.23,1,783
boston,2022-07-17,S452,reference,9.7,1,786
boston,2022-07-17,S521,reference,9.13,1,25772
boston,2022-07-18,S448,reference,7.57,1,783
boston,2022-07-18,S452,reference,8.62,1,786
boston,2022-07-18,S521,reference,8.62,1,25772
boston,2022-07-19,S448,reference,6.39,1,783
boston,2022-07-19,S452,reference,7.0,1,786
boston,2022-07-19,S521,reference,6.83,1,25772
boston,2022-07-21,S448,reference,12.3,1,783
boston,2022-07-21,S452,reference,13.2,1,786
boston,2022-07-21,S521,reference,13.3,1,25772
boston,2022-07-22,S448,reference,9.72,1,783
boston,2022-07-22,S452,reference,11.1,1,786
boston,2022-07-22,S521,reference,9.83,1,25772
boston,2022-07-23,S448,reference,10.0,1,783
boston,2022-07-23,S452,reference,11.0,1,786
boston,2022-07-23,S521,reference,10.4,1,25772
boston,2022-07-24,S448,reference,10.9,1,783
boston,2022-07-24,S452,reference,11.8,1,786
boston,2022-07-24,S521,reference,11.3,1,25772
boston,2022-07-25,S448,reference,11.4,1,783
boston,2022-07-25,S452,reference,12.6,1,786
boston,2022-07-25,S521,reference,12.7,1,25772
boston,2022-07-27,S448,reference,4.71,1,783
boston,2022-07-27,S452,reference,5.62,1,786
boston,2022-07-27,S521,reference,5.05,1,25772
boston,2022-07-28,S448,reference,7.68,1,783
boston,2022-07-28,S452,reference,8.74,1,786
boston,2022-07-28,S521,reference,8.26,1,25772
boston,2022-07-29,S448,reference,7.38,1,783
boston,2022-07-29,S452,reference,7.9,1,786
boston,2022-07-29,S521,reference,7.33,1,25772
boston,2022-07-30,S448,reference,5.17,1,783
boston,2022-07-30,S452,reference,5.52,1,786
boston,2022-07-30,S521,reference,5.3,1,25772
boston,2022-07-31,S448,reference,4.35,1,783
boston,2022-07-31,S452,reference,5.09,1,786
boston,2022-07-31,S521,reference,4.26,1,25772
boston,2022-08-01,S448,reference,5.19,1,783
boston,2022-08-01,S452,reference,5.62,1,786
boston,2022-08-01,S521,reference,5.1,1,25772
boston,2022-08-02,S448,reference,7.45,1,783
boston,2022-08-02,S452,reference,7.95,1,786
boston,2022-08-02,S521,reference,7.74,1,25772
boston,2022-08-03,S448,reference,5.52,1,783
boston,2022-08-03,S452,reference,6.0,1,786
boston,2022-08-03,S521,reference,5.67,1,25772
boston,2022-08-04,S448,reference,8.74,1,783
boston,2022-08-04,S452,reference,9.22,1,786
boston,2022-08-04,S521,reference,9.13,1,25772
boston,2022-08-05,S448,reference,8.65,1,783
boston,2022-08-05,S452,reference,9.26,1,786
boston,2022-08-05,S521,reference,8.8,1,25772
boston,2022-08-06,S448,reference,8.04,1,783
boston,2022-08-06,S452,reference,8.91,1,786
boston,2022-08-06,S521,reference,8.74,1,25772
boston,2022-08-07,S448,reference,6.0,1,783
boston,2022-08-07,S452,reference,6.43,1,786
boston,2022-08-07,S521,reference,6.39,1,25772
boston,2022-08-08,S448,reference,6.29,1,783
boston,2022-08-08,S452,reference,6.76,1,786
boston,2022-08-08,S521,reference,6.76,1,25772
boston,2022-08-09,S448,reference,6.87,1,783
boston,2022-08-09,S452,reference,7.52,1,786
boston,2022-08-09,S521,reference,7.3,1,25772
boston,2022-08-10,S448,reference,5.29,1,783
boston,2022-08-10,S452,reference,5.52,1,786
boston,2022-08-10,S521,reference,5.62,1,25772
boston,2022-08-12,S448,reference,5.2,1,783
boston,2022-08-12,S452,reference,5.8,1,786
boston,2022-08-12,S521,reference,5.3,1,25772
boston,2022-08-13,S448,reference,4.43,1,783
boston,2022-08-13,S452,reference,4.91,1,786
boston,2022-08-13,S521,reference,4.65,1,25772
boston,2022-08-14,S448,reference,4.74,1,783
boston,2022-08-14,S452,reference,5.26,1,786
boston,2022-08-14,S521,reference,4.74,1,25772
boston,2022-08-15,S448,reference,5.9,1,783
boston,2022-08-15,S452,reference,5.94,1,786
boston,2022-08-15,S521,reference,5.86,1,25772
boston,2022-08-16,S448,reference,5.59,1,783
boston,2022-08-16,S452,reference,5.64,1,786
boston,2022-08-16,S521,reference,5.82,1,25772
boston,2022-08-18,S448,reference,5.74,1,783
boston,2022-08-18,S452,reference,6.37,1,786
boston,2022-08-18,S521,reference,6.0,1,25772
boston,2022-08-19,S448,reference,8.48,1,783
boston,2022-08-19,S452,reference,9.0,1,786
boston,2022-08-19,S521,reference,8.43,1,25772
boston,2022-08-20,S448,reference,11.2,1,783
boston,2022-08-20,S521,reference,11.6,1,25772
boston,2022-08-21,S448,reference,8.91,1,783
boston,2022-08-21,S452,reference,8.74,1,786
boston,2022-08-21,S521,reference,8.83,1,25772
boston,2022-08-22,S448,reference,7.8,1,783
boston,2022-08-22,S452,reference,7.35,1,786
boston,2022-08-22,S521,reference,7.5,1,25772
boston,2022-08-23,S448,reference,3.82,1,783
boston,2022-08-23,S452,reference,3.45,1,786
boston,2022-08-23,S521,reference,3.77,1,25772
boston,2022-08-24,S448,reference,5.4,1,783
boston,2022-08-24,S452,reference,5.81,1,786
boston,2022-08-24,S521,reference,5.19,1,25772
boston,2022-08-26,S448,reference,8.61,1,783
boston,2022-08-26,S452,reference,9.65,1,786
boston,2022-08-26,S521,reference,9.35,1,25772
boston,2022-08-27,S448,reference,7.14,1,783
boston,2022-08-27,S452,reference,7.9,1,786
boston,2022-08-27,S521,reference,7.67,1,25772
boston,2022-08-28,S448,reference,5.5,1,783
boston,2022-08-28,S452,reference,6.05,1,786
boston,2022-08-28,S521,reference,6.0,1,25772
boston,2022-08-29,S448,reference,7.26,1,783
boston,2022-08-29,S452,reference,7.79,1,786
boston,2022-08-29,S521,reference,7.63,1,25772
boston,2022-08-30,S448,reference,6.71,1,783
boston,2022-08-30,S452,reference,7.38,1,786
boston,2022-08-30,S521,reference,7.52,1,25772
boston,2022-08-31,S448,reference,4.24,1,783
boston,2022-08-31,S452,reference,5.19,1,786
boston,2022-08-31,S521,reference,4.62,1,25772
boston,2022-09-01,S448,reference,5.11,1,783
boston,2022-09-01,S452,reference,5.55,1,786
boston,2022-09-01,S521,reference,5.35,1,25772
boston,2022-09-02,S448,reference,3.27,1,783
boston,2022-09-02,S452,reference,2.82,1,786
boston,2022-09-02,S521,reference,3.41,1,25772
boston,2022-09-03,S448,reference,4.57,1,783
boston,2022-09-03,S452,reference,4.52,1,786
boston,2022-09-03,S521,reference,4.57,1,25772
boston,2022-09-04,S448,reference,4.87,1,783
boston,2022-09-04,S452,reference,4.83,1,786
boston,2022-09-04,S521,reference,4.83,1,25772
boston,2022-09-05,S448,reference,5.04,1,783
boston,2022-09-05,S452,reference,5.0,1,786
boston,2022-09-05,S521,reference,5.09,1,25772
boston,2022-09-06,S448,reference,4.48,1,783
boston,2022-09-06,S452,reference,3.9,1,786
boston,2022-09-06,S521,reference,4.1,1,25772
boston,2022-09-07,S448,reference,4.26,1,783
boston,2022-09-07,S452,reference,4.21,1,786
boston,2022-09-07,S521,reference,4.68,1,25772
boston,2022-09-08,S448,reference,4.59,1,783
boston,2022-09-08,S452,reference,4.25,1,786
boston,2022-09-08,S521,reference,4.9,1,25772
boston,2022-09-09,S448,reference,6.4,1,783
boston,2022-09-09,S521,reference,6.5,1,25772
boston,2022-09-10,S448,reference,9.13,1,783
boston,2022-09-10,S521,reference,9.74,1,25772
boston,2022-09-11,S448,reference,10.0,1,783
boston,2022-09-11,S452,reference,9.74,1,786
boston,2022-09-12,S448,reference,4.57,1,783
boston,2022-09-12,S452,reference,4.95,1,786
boston,2022-09-13,S448,reference,4.43,1,783
boston,2022-09-13,S452,reference,4.71,1,786
boston,2022-09-13,S521,reference,4.9,1,25772
boston,2022-09-14,S448,reference,5.64,1,783
boston,2022-09-14,S452,reference,5.95,1,786
boston,2022-09-14,S521,reference,5.91,1,25772
boston,2022-09-15,S448,reference,4.6,1,783
boston,2022-09-15,S452,reference,5.16,1,786
boston,2022-09-15,S521,reference,4.6,1,25772
boston,2022-09-17,S448,reference,3.95,1,783
boston,2022-09-17,S521,reference,4.33,1,25772
boston,2022-09-18,S448,reference,7.96,1,783
boston,2022-09-18,S521,reference,8.09,1,25772
boston,2022-09-19,S448,reference,8.5,1,783
boston,2022-09-19,S521,reference,8.68,1,25772
boston,2022-09-20,S448,reference,4.38,1,783
boston,2022-09-20,S452,reference,3.71,1,786
boston,2022-09-20,S521,reference,5.14,1,25772
boston,2022-09-21,S448,reference,4.5,1,783
boston,2022-09-21,S452,reference,4.86,1,786
boston,2022-09-21,S521,reference,4.55,1,25772
boston,2022-09-22,S448,reference,5.43,1,783
boston,2022-09-22,S452,reference,6.1,1,786
boston,2022-09-22,S521,reference,5.95,1,25772
boston,2022-09-23,S448,reference,2.0,1,783
boston,2022-09-23,S452,reference,2.33,1,786
boston,2022-09-23,S521,reference,2.1,1,25772
boston,2022-09-25,S448,reference,5.87,1,783
boston,2022-09-25,S452,reference,5.77,1,786
boston,2022-09-25,S521,reference,5.61,1,25772
boston,2022-09-26,S448,reference,5.29,1,783
boston,2022-09-26,S452,reference,6.05,1,786
boston,2022-09-26,S521,reference,5.57,1,25772
boston,2022-09-27,S448,reference,5.9,1,783
boston,2022-09-27,S452,reference,6.29,1,786
boston,2022-09-27,S521,reference,5.71,1,25772
boston,2022-09-28,S448,reference,3.82,1,783
boston,2022-09-28,S452,reference,4.14,1,786
boston,2022-09-28,S521,reference,3.86,1,25772
boston,2022-09-29,S448,reference,4.15,1,783
boston,2022-09-29,S452,reference,4.65,1,786
boston,2022-09-29,S521,reference,4.35,1,25772
boston,2022-09-30,S448,reference,5.29,1,783
boston,2022-09-30,S452,reference,4.76,1,786
boston,2022-09-30,S521,reference,5.52,1,25772
boston,2022-10-01,S448,reference,6.7,1,783
boston,2022-10-01,S452,reference,6.65,1,786
boston,2022-10-01,S521,reference,7.04,1,25772
boston,2022-10-02,S448,reference,4.83,1,783
boston,2022-10-02,S452,reference,5.13,1,786
boston,2022-10-02,S521,reference,5.0,1,25772
boston,2022-10-03,S448,reference,4.76,1,783
boston,2022-10-03,S452,reference,4.67,1,786
boston,2022-10-03,S521,reference,4.81,1,25772
boston,2022-10-04,S448,reference,5.38,1,783
boston,2022-10-04,S452,reference,5.62,1,786
boston,2022-10-04,S521,reference,5.57,1,25772
boston,2022-10-05,S448,reference,4.1,1,783
boston,2022-10-05,S452,reference,4.0,1,786
boston,2022-10-05,S521,reference,4.05,1,25772
boston,2022-10-06,S448,reference,5.9,1,783
boston,2022-10-06,S452,reference,5.86,1,786
boston,2022-10-06,S521,reference,5.95,1,25772
boston,2022-10-07,S448,reference,7.0,1,783
boston,2022-10-07,S521,reference,6.91,1,25772
boston,2022-10-08,S448,reference,3.13,1,783
boston,2022-10-08,S452,reference,3.09,1,786
boston,2022-10-08,S521,reference,2.78,1,25772
boston,2022-10-09,S448,reference,4.45,1,783
boston,2022-10-09,S452,reference,4.52,1,786
boston,2022-10-09,S521,reference,4.36,1,25772
boston,2022-10-10,S448,reference,8.81,1,783
boston,2022-10-10,S452,reference,7.95,1,786
boston,2022-10-10,S521,reference,7.86,1,25772
boston,2022-10-11,S448,reference,8.68,1,783
boston,2022-10-12,S448,reference,10.0,1,783
boston,2022-10-12,S521,reference,9.76,1,25772
boston,2022-10-13,S448,reference,7.5,1,783
boston,2022-10-13,S521,reference,8.1,1,25772
boston,2022-10-14,S448,reference,3.33,1,783
boston,2022-10-14,S452,reference,4.18,1,786
boston,2022-10-14,S521,reference,3.36,1,25772
boston,2022-10-15,S448,reference,6.68,1,783
boston,2022-10-15,S452,reference,6.65,1,786
boston,2022-10-15,S521,reference,6.87,1,25772
boston,2022-10-16,S448,reference,11.8,1,783
boston,2022-10-16,S452,reference,11.7,1,786
boston,2022-10-16,S521,reference,12.0,1,25772
boston,2022-10-17,S448,reference,12.9,1,783
boston,2022-10-17,S452,reference,12.3,1,786
boston,2022-10-17,S521,reference,13.2,1,25772
boston,2022-10-18,S448,reference,8.3,1,783
boston,2022-10-18,S452,reference,8.85,1,786
boston,2022-10-18,S521,reference,8.0,1,25772
boston,2022-10-19,S448,reference,5.46,1,783
boston,2022-10-19,S452,reference,5.86,1,786
boston,2022-10-19,S521,reference,5.58,1,25772
boston,2022-10-20,S448,reference,5.09,1,783
boston,2022-10-20,S452,reference,5.24,1,786
boston,2022-10-20,S521,reference,5.39,1,25772
boston,2022-10-21,S448,reference,7.23,1,783
boston,2022-10-21,S452,reference,7.36,1,786
boston,2022-10-21,S521,reference,7.27,1,25772
boston,2022-10-22,S448,reference,9.52,1,783
boston,2022-10-22,S452,reference,9.57,1,786
boston,2022-10-22,S521,reference,9.65,1,25772
boston,2022-10-23,S448,reference,12.8,1,783
boston,2022-10-23,S452,reference,12.8,1,786
boston,2022-10-23,S521,reference,13.4,1,25772
boston,2022-10-25,S448,reference,5.88,1,783
boston,2022-10-25,S452,reference,4.29,1,786
boston,2022-10-25,S521,reference,6.71,1,25772
boston,2022-10-26,S448,reference,4.46,1,783
boston,2022-10-26,S452,reference,3.88,1,786
boston,2022-10-26,S521,reference,5.33,1,25772
boston,2022-10-27,S448,reference,4.5,1,783
boston,2022-10-27,S452,reference,4.92,1,786
boston,2022-10-27,S521,reference,4.63,1,25772
boston,2022-10-28,S448,reference,4.17,1,783
boston,2022-10-28,S452,reference,3.71,1,786
boston,2022-10-28,S521,reference,4.54,1,25772
boston,2022-10-29,S448,reference,7.67,1,783
boston,2022-10-29,S452,reference,7.13,1,786
boston,2022-10-29,S521,reference,7.88,1,25772
boston,2022-10-30,S448,reference,9.29,1,783
boston,2022-10-30,S452,reference,8.88,1,786
boston,2022-10-30,S521,reference,9.5,1,25772
boston,2022-10-31,S448,reference,6.58,1,783
boston,2022-10-31,S452,reference,6.46,1,786
boston,2022-10-31,S521,reference,6.67,1,25772
boston,2022-11-01,S448,reference,7.58,1,783
boston,2022-11-01,S452,reference,7.96,1,786
boston,2022-11-01,S521,reference,7.09,1,25772
boston,2022-11-02,S448,reference,10.2,1,783
boston,2022-11-02,S452,reference,9.96,1,786
boston,2022-11-02,S521,reference,10.1,1,25772
boston,2022-11-03,S448,reference,9.42,1,783
boston,2022-11-03,S452,reference,9.67,1,786
boston,2022-11-03,S521,reference,9.33,1,25772
boston,2022-11-04,S448,reference,6.29,1,783
boston,2022-11-04,S452,reference,6.25,1,786
boston,2022-11-04,S521,reference,6.21,1,25772
boston,2022-11-05,S448,reference,6.0,1,783
boston,2022-11-05,S452,reference,6.04,1,786
boston,2022-11-05,S521,reference,6.25,1,25772
boston,2022-11-06,S448,reference,6.48,1,783
boston,2022-11-06,S452,reference,6.44,1,786
boston,2022-11-06,S521,reference,6.52,1,25772
boston,2022-11-07,S448,reference,5.0,1,783
boston,2022-11-07,S452,reference,5.25,1,786
boston,2022-11-07,S521,reference,5.04,1,25772
boston,2022-11-08,S448,reference,3.71,1,783
boston,2022-11-08,S452,reference,4.29,1,786
boston,2022-11-08,S521,reference,4.67,1,25772
boston,2022-11-09,S448,reference,4.64,1,783
boston,2022-11-09,S452,reference,4.59,1,786
boston,2022-11-09,S521,reference,4.86,1,25772
boston,2022-11-10,S448,reference,6.25,1,783
boston,2022-11-10,S452,reference,6.04,1,786
boston,2022-11-10,S521,reference,6.17,1,25772
boston,2022-11-11,S448,reference,5.5,1,783
boston,2022-11-11,S521,reference,5.38,1,25772
boston,2022-11-12,S448,reference,5.04,1,783
boston,2022-11-12,S452,reference,5.08,1,786
boston,2022-11-12,S521,reference,4.46,1,25772
boston,2022-11-13,S448,reference,4.29,1,783
boston,2022-11-13,S452,reference,6.67,1,786
boston,2022-11-13,S521,reference,4.17,1,25772
boston,2022-11-14,S448,reference,2.61,1,783
boston,2022-11-14,S452,reference,2.96,1,786
boston,2022-11-14,S521,reference,2.79,1,25772
boston,2022-11-15,S448,reference,4.71,1,783
boston,2022-11-15,S452,reference,5.08,1,786
boston,2022-11-15,S521,reference,5.04,1,25772
boston,2022-11-16,S448,reference,4.63,1,783
boston,2022-11-16,S452,reference,4.58,1,786
boston,2022-11-16,S521,reference,4.46,1,25772
boston,2022-11-17,S448,reference,5.17,1,783
boston,2022-11-17,S452,reference,5.63,1,786
boston,2022-11-17,S521,reference,5.42,1,25772
boston,2022-11-18,S448,reference,6.13,1,783
boston,2022-11-18,S452,reference,6.46,1,786
boston,2022-11-18,S521,reference,6.21,1,25772
boston,2022-11-19,S448,reference,10.5,1,783
boston,2022-11-19,S452,reference,11.2,1,786
boston,2022-11-19,S521,reference,10.5,1,25772
boston,2022-11-20,S448,reference,7.17,1,783
boston,2022-11-20,S452,reference,7.75,1,786
boston,2022-11-20,S521,reference,6.79,1,25772
boston,2022-11-21,S448,reference,3.74,1,783
boston,2022-11-21,S452,reference,4.16,1,786
boston,2022-11-21,S521,reference,3.95,1,25772
boston,2022-11-22,S448,reference,8.8,1,783
boston,2022-11-22,S452,reference,8.89,1,786
boston,2022-11-22,S521,reference,8.35,1,25772
boston,2022-11-24,S448,reference,7.79,1,783
boston,2022-11-24,S452,reference,8.5,1,786
boston,2022-11-24,S521,reference,8.33,1,25772
boston,2022-11-25,S448,reference,7.5,1,783
boston,2022-11-25,S452,reference,7.75,1,786
boston,2022-11-25,S521,reference,7.71,1,25772
boston,2022-11-26,S448,reference,3.17,1,783
boston,2022-11-26,S452,reference,3.5,1,786
boston,2022-11-26,S521,reference,3.08,1,25772
boston,2022-11-27,S448,reference,6.04,1,783
boston,2022-11-27,S452,reference,6.67,1,786
boston,2022-11-27,S521,reference,6.0,1,25772
boston,2022-11-28,S448,reference,1.88,1,783
boston,2022-11-28,S452,reference,2.79,1,786
boston,2022-11-28,S521,reference,2.08,1,25772
boston,2022-11-29,S448,reference,4.54,1,783
boston,2022-11-29,S452,reference,4.46,1,786
boston,2022-11-29,S521,reference,4.38,1,25772
boston,2022-11-30,S448,reference,4.63,1,783
boston,2022-11-30,S452,reference,5.0,1,786
boston,2022-11-30,S521,reference,4.88,1,25772
boston,2022-12-01,S448,reference,3.96,1,783
boston,2022-12-01,S452,reference,4.04,1,786
boston,2022-12-01,S521,reference,3.79,1,25772
boston,2022-12-02,S448,reference,5.5,1,783
boston,2022-12-02,S452,reference,6.13,1,786
boston,2022-12-02,S521,reference,5.29,1,25772
boston,2022-12-03,S448,reference,5.96,1,783
boston,2022-12-03,S452,reference,6.13,1,786
boston,2022-12-03,S521,reference,5.83,1,25772
boston,2022-12-04,S448,reference,4.92,1,783
boston,2022-12-04,S452,reference,4.79,1,786
boston,2022-12-04,S521,reference,4.0,1,25772
boston,2022-12-05,S448,reference,8.54,1,783
boston,2022-12-05,S452,reference,7.96,1,786
boston,2022-12-05,S521,reference,7.3,1,25772
boston,2022-12-06,S448,reference,6.88,1,783
boston,2022-12-06,S452,reference,6.42,1,786
boston,2022-12-06,S521,reference,7.42,1,25772
boston,2022-12-07,S448,reference,5.25,1,783
boston,2022-12-07,S452,reference,5.67,1,786
boston,2022-12-07,S521,reference,5.33,1,25772
boston,2022-12-08,S448,reference,3.13,1,783
boston,2022-12-08,S452,reference,3.71,1,786
boston,2022-12-08,S521,reference,3.25,1,25772
boston,2022-12-09,S448,reference,3.63,1,783
boston,2022-12-09,S452,reference,4.21,1,786
boston,2022-12-09,S521,reference,4.04,1,25772
boston,2022-12-10,S448,reference,5.04,1,783
boston,2022-12-10,S452,reference,5.08,1,786
boston,2022-12-10,S521,reference,5.42,1,25772
boston,2022-12-11,S448,reference,5.96,1,783
boston,2022-12-11,S452,reference,6.29,1,786
boston,2022-12-11,S521,reference,5.96,1,25772
boston,2022-12-12,S448,reference,5.25,1,783
boston,2022-12-12,S452,reference,7.04,1,786
boston,2022-12-12,S521,reference,5.79,1,25772
boston,2022-12-13,S448,reference,4.0,1,783
boston,2022-12-13,S452,reference,5.83,1,786
boston,2022-12-13,S521,reference,3.92,1,25772
boston,2022-12-14,S452,reference,8.86,1,786
boston,2022-12-14,S521,reference,3.55,1,25772
boston,2022-12-15,S448,reference,4.23,1,783
boston,2022-12-15,S452,reference,4.42,1,786
boston,2022-12-15,S521,reference,4.75,1,25772
boston,2022-12-16,S448,reference,6.36,1,783
boston,2022-12-16,S452,reference,6.83,1,786
boston,2022-12-16,S521,reference,6.04,1,25772
boston,2022-12-18,S448,reference,5.54,1,783
boston,2022-12-18,S452,reference,6.1,1,786
boston,2022-12-18,S521,reference,5.75,1,25772
boston,2022-12-19,S448,reference,4.74,1,783
boston,2022-12-19,S452,reference,5.29,1,786
boston,2022-12-19,S521,reference,4.92,1,25772
boston,2022-12-20,S448,reference,3.92,1,783
boston,2022-12-20,S452,reference,4.54,1,786
boston,2022-12-20,S521,reference,4.04,1,25772
boston,2022-12-21,S448,reference,7.17,1,783
boston,2022-12-21,S452,reference,7.67,1,786
boston,2022-12-21,S521,reference,6.54,1,25772
boston,2022-12-22,S448,reference,9.05,1,783
boston,2022-12-22,S452,reference,8.85,1,786
boston,2022-12-22,S521,reference,9.1,1,25772
boston,2022-12-24,S448,reference,7.96,1,783
boston,2022-12-24,S452,reference,8.83,1,786
boston,2022-12-24,S521,reference,7.71,1,25772
boston,2022-12-25,S448,reference,8.71,1,783
boston,2022-12-25,S452,reference,9.29,1,786
boston,2022-12-25,S521,reference,8.13,1,25772
boston,2022-12-26,S448,reference,7.0,1,783
boston,2022-12-26,S452,reference,7.88,1,786
boston,2022-12-26,S521,reference,6.46,1,25772
boston,2022-12-27,S448,reference,9.08,1,783
boston,2022-12-27,S452,reference,10.7,1,786
boston,2022-12-27,S521,reference,8.83,1,25772
boston,2022-12-28,S448,reference,13.6,1,783
boston,2022-12-28,S452,reference,15.8,1,786
boston,2022-12-28,S521,reference,14.0,1,25772
boston,2022-12-29,S448,reference,15.0,1,783
boston,2022-12-29,S452,reference,18.3,1,786
boston,2022-12-29,S521,reference,15.7,1,25772
boston,2022-12-30,S448,reference,18.0,1,783
boston,2022-12-30,S452,reference,20.2,1,786
boston,2022-12-30,S521,reference,17.3,1,25772
boston,2022-12-31,S448,reference,9.33,1,783
boston,2022-12-31,S452,reference,11.3,1,786
boston,2022-12-31,S521,reference,9.21,1,25772
boston,2023-01-01,S448,reference,3.17,1,783
boston,2023-01-01,S452,reference,3.96,1,786
boston,2023-01-01,S521,reference,3.0,1,25772
boston,2023-01-02,S448,reference,9.0,1,783
boston,2023-01-02,S452,reference,9.75,1,786
boston,2023-01-02,S521,reference,8.63,1,25772
boston,2023-01-03,S448,reference,11.7,1,783
boston,2023-01-03,S452,reference,13.3,1,786
boston,2023-01-03,S521,reference,12.7,1,25772
boston,2023-01-04,S448,reference,11.3,1,783
boston,2023-01-04,S452,reference,12.3,1,786
boston,2023-01-04,S521,reference,11.5,1,25772
boston,2023-01-05,S448,reference,3.38,1,783
boston,2023-01-05,S452,reference,3.79,1,786
boston,2023-01-05,S521,reference,3.33,1,25772
boston,2023-01-06,S448,reference,6.54,1,783
boston,2023-01-06,S452,reference,8.96,1,786
boston,2023-01-06,S521,reference,6.79,1,25772
boston,2023-01-07,S448,reference,5.88,1,783
boston,2023-01-07,S452,reference,7.21,1,786
boston,2023-01-07,S521,reference,6.0,1,25772
boston,2023-01-08,S448,reference,5.0,1,783
boston,2023-01-08,S452,reference,5.92,1,786
boston,2023-01-08,S521,reference,5.13,1,25772
boston,2023-01-09,S448,reference,9.22,1,783
boston,2023-01-09,S452,reference,11.9,1,786
boston,2023-01-09,S521,reference,9.14,1,25772
boston,2023-01-10,S448,reference,5.3,1,783
boston,2023-01-10,S452,reference,6.52,1,786
boston,2023-01-10,S521,reference,5.57,1,25772
boston,2023-01-16,S448,reference,2.92,1,783
boston,2023-01-16,S452,reference,6.21,1,786
boston,2023-01-16,S521,reference,3.33,1,25772
boston,2023-01-17,S448,reference,4.67,1,783
boston,2023-01-17,S452,reference,8.17,1,786
boston,2023-01-17,S521,reference,5.17,1,25772
boston,2023-01-18,S448,reference,4.38,1,783
boston,2023-01-18,S452,reference,6.42,1,786
boston,2023-01-18,S521,reference,4.79,1,25772
boston,2023-01-19,S448,reference,4.79,1,783
boston,2023-01-19,S452,reference,6.42,1,786
boston,2023-01-19,S521,reference,5.58,1,25772
boston,2023-01-20,S448,reference,4.09,1,783
boston,2023-01-20,S452,reference,6.41,1,786
boston,2023-01-20,S521,reference,4.68,1,25772
boston,2023-01-21,S448,reference,3.55,1,783
boston,2023-01-21,S452,reference,6.6,1,786
boston,2023-01-21,S521,reference,3.95,1,25772
boston,2023-01-23,S448,reference,4.04,1,783
boston,2023-01-23,S452,reference,6.63,1,786
boston,2023-01-23,S521,reference,4.88,1,25772
boston,2023-01-24,S448,reference,5.96,1,783
boston,2023-01-24,S452,reference,7.79,1,786
boston,2023-01-24,S521,reference,6.25,1,25772
boston,2023-01-25,S448,reference,7.14,1,783
boston,2023-01-25,S452,reference,9.04,1,786
boston,2023-01-25,S521,reference,8.38,1,25772
boston,2023-01-26,S448,reference,3.13,1,783
boston,2023-01-26,S452,reference,4.04,1,786
boston,2023-01-26,S521,reference,3.5,1,25772
boston,2023-01-27,S448,reference,5.08,1,783
boston,2023-01-27,S452,reference,5.67,1,786
boston,2023-01-27,S521,reference,4.96,1,25772
boston,2023-01-28,S448,reference,8.71,1,783
boston,2023-01-28,S452,reference,9.13,1,786
boston,2023-01-28,S521,reference,8.25,1,25772
boston,2023-01-29,S448,reference,9.25,1,783
boston,2023-01-29,S452,reference,9.71,1,786
boston,2023-01-29,S521,reference,9.5,1,25772
boston,2023-01-30,S448,reference,9.71,1,783
boston,2023-01-30,S452,reference,10.7,1,786
boston,2023-01-30,S521,reference,10.4,1,25772
boston,2023-01-31,S448,reference,5.33,1,783
boston,2023-01-31,S452,reference,6.79,1,786
boston,2023-01-31,S521,reference,6.13,1,25772
boston,2023-02-01,S448,reference,3.95,1,783
boston,2023-02-01,S452,reference,4.95,1,786
boston,2023-02-01,S521,reference,4.15,1,25772
boston,2023-02-14,S448,reference,6.83,1,783
boston,2023-02-14,S452,reference,8.54,1,786
boston,2023-02-14,S521,reference,7.29,1,25772
boston,2023-02-15,S448,reference,7.55,1,783
boston,2023-02-15,S452,reference,8.5,1,786
boston,2023-02-15,S521,reference,7.55,1,25772
boston,2023-03-21,S448,reference,10.7,1,783
boston,2023-03-21,S452,reference,12.0,1,786
boston,2023-03-21,S521,reference,11.2,1,25772
boston,2023-03-22,S448,reference,12.1,1,783
boston,2023-03-22,S452,reference,11.5,1,786
boston,2023-03-22,S521,reference,12.7,1,25772
boston,2023-03-24,S448,reference,5.46,1,783
boston,2023-03-24,S452,reference,6.5,1,786
boston,2023-03-24,S521,reference,5.88,1,25772
boston,2023-03-25,S448,reference,5.88,1,783
boston,2023-03-25,S452,reference,6.13,1,786
boston,2023-03-25,S521,reference,6.83,1,25772
boston,2023-03-26,S448,reference,5.46,1,783
boston,2023-03-26,S452,reference,6.5,1,786
boston,2023-03-26,S521,reference,5.54,1,25772
boston,2023-03-27,S448,reference,5.41,1,783
boston,2023-03-27,S452,reference,6.45,1,786
boston,2023-03-27,S521,reference,5.68,1,25772
boston,2023-03-28,S448,reference,5.83,1,783
boston,2023-03-28,S452,reference,6.57,1,786
boston,2023-03-28,S521,reference,6.13,1,25772
boston,2023-03-29,S448,reference,7.42,1,783
boston,2023-03-29,S452,reference,7.63,1,786
boston,2023-03-29,S521,reference,7.79,1,25772
boston,2023-03-30,S448,reference,3.96,1,783
boston,2023-03-30,S452,reference,4.79,1,786
boston,2023-03-30,S521,reference,4.04,1,25772
boston,2023-03-31,S448,reference,6.04,1,783
boston,2023-03-31,S452,reference,6.38,1,786
boston,2023-03-31,S521,reference,6.5,1,25772
boston,2023-03-31,S788805,reference,7.04,1,4302520
boston,2023-04-01,S448,reference,12.0,1,783
boston,2023-04-01,S452,reference,14.2,1,786
boston,2023-04-01,S521,reference,11.4,1,25772
boston,2023-04-01,S788805,reference,13.2,1,4302520
boston,2023-04-02,S448,reference,3.46,1,783
boston,2023-04-02,S452,reference,3.79,1,786
boston,2023-04-02,S521,reference,3.67,1,25772
boston,2023-04-02,S788805,reference,4.58,1,4302520
boston,2023-04-03,S448,reference,5.13,1,783
boston,2023-04-03,S452,reference,5.52,1,786
boston,2023-04-03,S521,reference,5.54,1,25772
boston,2023-04-03,S788805,reference,5.46,1,4302520
boston,2023-04-04,S448,reference,8.75,1,783
boston,2023-04-04,S452,reference,9.79,1,786
boston,2023-04-04,S521,reference,8.42,1,25772
boston,2023-04-04,S788805,reference,9.63,1,4302520
boston,2023-04-05,S448,reference,8.58,1,783
boston,2023-04-05,S452,reference,8.92,1,786
boston,2023-04-05,S521,reference,8.92,1,25772
boston,2023-04-05,S788805,reference,10.3,1,4302520
boston,2023-04-06,S448,reference,10.2,1,783
boston,2023-04-06,S452,reference,8.79,1,786
boston,2023-04-06,S521,reference,12.1,1,25772
boston,2023-04-06,S788805,reference,11.8,1,4302520
boston,2023-04-07,S448,reference,3.58,1,783
boston,2023-04-07,S452,reference,4.75,1,786
boston,2023-04-07,S521,reference,3.58,1,25772
boston,2023-04-07,S788805,reference,4.75,1,4302520
boston,2023-04-08,S448,reference,4.08,1,783
boston,2023-04-08,S452,reference,4.42,1,786
boston,2023-04-08,S521,reference,3.92,1,25772
boston,2023-04-08,S788805,reference,5.04,1,4302520
boston,2023-04-09,S448,reference,4.88,1,783
boston,2023-04-09,S452,reference,5.17,1,786
boston,2023-04-09,S521,reference,5.5,1,25772
boston,2023-04-09,S788805,reference,5.17,1,4302520
boston,2023-04-10,S448,reference,6.32,1,783
boston,2023-04-10,S452,reference,6.54,1,786
boston,2023-04-10,S521,reference,6.25,1,25772
boston,2023-04-10,S788805,reference,6.5,1,4302520
boston,2023-04-11,S448,reference,7.42,1,783
boston,2023-04-11,S452,reference,8.29,1,786
boston,2023-04-11,S521,reference,7.58,1,25772
boston,2023-04-11,S788805,reference,8.21,1,4302520
boston,2023-04-12,S448,reference,6.52,1,783
boston,2023-04-12,S452,reference,7.33,1,786
boston,2023-04-12,S521,reference,6.76,1,25772
boston,2023-04-12,S788805,reference,7.1,1,4302520
boston,2023-04-13,S448,reference,9.63,1,783
boston,2023-04-13,S452,reference,10.7,1,786
boston,2023-04-13,S521,reference,10.0,1,25772
boston,2023-04-13,S788805,reference,11.0,1,4302520
boston,2023-04-14,S448,reference,15.6,1,783
boston,2023-04-14,S452,reference,17.5,1,786
boston,2023-04-14,S521,reference,16.4,1,25772
boston,2023-04-14,S788805,reference,16.0,1,4302520
boston,2023-04-15,S448,reference,13.4,1,783
boston,2023-04-15,S452,reference,14.5,1,786
boston,2023-04-15,S521,reference,14.3,1,25772
boston,2023-04-15,S788805,reference,13.1,1,4302520
boston,2023-04-16,S448,reference,7.08,1,783
boston,2023-04-16,S452,reference,7.17,1,786
boston,2023-04-16,S521,reference,7.92,1,25772
boston,2023-04-16,S788805,reference,7.33,1,4302520
boston,2023-04-17,S448,reference,8.08,1,783
boston,2023-04-17,S452,reference,6.83,1,786
boston,2023-04-17,S521,reference,7.54,1,25772
boston,2023-04-17,S788805,reference,7.08,1,4302520
boston,2023-04-18,S448,reference,5.29,1,783
boston,2023-04-18,S452,reference,5.92,1,786
boston,2023-04-18,S521,reference,5.26,1,25772
boston,2023-04-18,S788805,reference,6.04,1,4302520
boston,2023-04-19,S448,reference,2.63,1,783
boston,2023-04-19,S452,reference,3.33,1,786
boston,2023-04-19,S521,reference,2.83,1,25772
boston,2023-04-19,S788805,reference,3.67,1,4302520
boston,2023-04-20,S448,reference,4.58,1,783
boston,2023-04-20,S452,reference,4.92,1,786
boston,2023-04-20,S521,reference,5.0,1,25772
boston,2023-04-20,S788805,reference,5.13,1,4302520
boston,2023-04-21,S448,reference,6.81,1,783
boston,2023-04-21,S452,reference,6.19,1,786
boston,2023-04-21,S521,reference,6.57,1,25772
boston,2023-04-21,S788805,reference,6.86,1,4302520
boston,2023-04-26,S448,reference,6.33,1,783
boston,2023-04-26,S452,reference,6.0,1,786
boston,2023-04-26,S521,reference,6.88,1,25772
boston,2023-04-26,S788805,reference,6.5,1,4302520
boston,2023-04-27,S448,reference,9.25,1,783
boston,2023-04-27,S452,reference,10.1,1,786
boston,2023-04-27,S521,reference,9.88,1,25772
boston,2023-04-27,S788805,reference,10.0,1,4302520
boston,2023-04-28,S448,reference,10.0,1,783
boston,2023-04-28,S452,reference,11.0,1,786
boston,2023-04-28,S521,reference,10.7,1,25772
boston,2023-04-28,S788805,reference,10.5,1,4302520
boston,2023-04-29,S448,reference,8.75,1,783
boston,2023-04-29,S452,reference,8.58,1,786
boston,2023-04-29,S521,reference,9.21,1,25772
boston,2023-04-29,S788805,reference,9.05,1,4302520
boston,2023-04-30,S448,reference,6.13,1,783
boston,2023-04-30,S452,reference,6.46,1,786
boston,2023-04-30,S521,reference,5.58,1,25772
boston,2023-04-30,S788805,reference,6.41,1,4302520
boston,2023-05-01,S448,reference,5.63,1,783
boston,2023-05-01,S452,reference,6.0,1,786
boston,2023-05-01,S521,reference,5.33,1,25772
boston,2023-05-01,S788805,reference,6.21,1,4302520
boston,2023-05-02,S448,reference,6.38,1,783
boston,2023-05-02,S452,reference,6.79,1,786
boston,2023-05-02,S521,reference,6.63,1,25772
boston,2023-05-02,S788805,reference,6.21,1,4302520
boston,2023-05-03,S448,reference,6.08,1,783
boston,2023-05-03,S452,reference,6.04,1,786
boston,2023-05-03,S521,reference,6.54,1,25772
boston,2023-05-03,S788805,reference,6.77,1,4302520
boston,2023-05-04,S448,reference,3.87,1,783
boston,2023-05-04,S452,reference,4.13,1,786
boston,2023-05-04,S521,reference,4.13,1,25772
boston,2023-05-04,S788805,reference,5.43,1,4302520
boston,2023-05-05,S448,reference,4.04,1,783
boston,2023-05-05,S452,reference,3.75,1,786
boston,2023-05-05,S521,reference,4.38,1,25772
boston,2023-05-05,S788805,reference,4.3,1,4302520
boston,2023-05-06,S448,reference,3.46,1,783
boston,2023-05-06,S452,reference,4.33,1,786
boston,2023-05-06,S521,reference,3.5,1,25772
boston,2023-05-06,S788805,reference,5.64,1,4302520
boston,2023-05-07,S448,reference,4.17,1,783
boston,2023-05-07,S452,reference,4.46,1,786
boston,2023-05-07,S521,reference,4.25,1,25772
boston,2023-05-07,S788805,reference,5.08,1,4302520
boston,2023-05-08,S448,reference,4.29,1,783
boston,2023-05-08,S452,reference,5.35,1,786
boston,2023-05-08,S521,reference,4.64,1,25772
boston,2023-05-08,S788805,reference,5.29,1,4302520
boston,2023-05-09,S448,reference,5.5,1,783
boston,2023-05-09,S452,reference,5.63,1,786
boston,2023-05-09,S521,reference,5.5,1,25772
boston,2023-05-09,S788805,reference,5.5,1,4302520
boston,2023-05-10,S448,reference,5.88,1,783
boston,2023-05-10,S452,reference,6.83,1,786
boston,2023-05-10,S521,reference,6.17,1,25772
boston,2023-05-10,S788805,reference,6.78,1,4302520
boston,2023-05-11,S448,reference,12.3,1,783
boston,2023-05-11,S452,reference,13.8,1,786
boston,2023-05-11,S521,reference,12.9,1,25772
boston,2023-05-11,S788805,reference,13.3,1,4302520
boston,2023-05-12,S448,reference,9.25,1,783
boston,2023-05-12,S452,reference,10.2,1,786
boston,2023-05-12,S521,reference,9.21,1,25772
boston,2023-05-12,S788805,reference,9.83,1,4302520
boston,2023-05-13,S448,reference,7.92,1,783
boston,2023-05-13,S452,reference,9.13,1,786
boston,2023-05-13,S521,reference,8.29,1,25772
boston,2023-05-13,S788805,reference,9.48,1,4302520
boston,2023-05-14,S448,reference,5.17,1,783
boston,2023-05-14,S452,reference,5.67,1,786
boston,2023-05-14,S521,reference,5.46,1,25772
boston,2023-05-14,S788805,reference,6.35,1,4302520
boston,2023-05-15,S448,reference,4.63,1,783
boston,2023-05-15,S452,reference,5.29,1,786
boston,2023-05-15,S521,reference,5.13,1,25772
boston,2023-05-16,S448,reference,7.96,1,783
boston,2023-05-16,S452,reference,8.17,1,786
boston,2023-05-16,S521,reference,8.0,1,25772
boston,2023-05-16,S788805,reference,8.46,1,4302520
boston,2023-05-17,S448,reference,6.25,1,783
boston,2023-05-17,S452,reference,6.0,1,786
boston,2023-05-17,S521,reference,6.17,1,25772
boston,2023-05-17,S788805,reference,7.25,1,4302520
boston,2023-05-18,S448,reference,3.71,1,783
boston,2023-05-18,S452,reference,3.88,1,786
boston,2023-05-18,S521,reference,3.67,1,25772
boston,2023-05-18,S788805,reference,3.83,1,4302520
boston,2023-05-19,S448,reference,6.13,1,783
boston,2023-05-19,S452,reference,6.0,1,786
boston,2023-05-19,S521,reference,6.33,1,25772
boston,2023-05-19,S788805,reference,6.42,1,4302520
boston,2023-05-20,S448,reference,6.0,1,783
boston,2023-05-20,S452,reference,11.2,1,786
boston,2023-05-20,S521,reference,6.38,1,25772
boston,2023-05-20,S788805,reference,9.38,1,4302520
boston,2023-05-21,S448,reference,10.8,1,783
boston,2023-05-21,S452,reference,12.3,1,786
boston,2023-05-21,S521,reference,11.3,1,25772
boston,2023-05-21,S788805,reference,12.5,1,4302520
boston,2023-05-22,S448,reference,9.92,1,783
boston,2023-05-22,S452,reference,10.3,1,786
boston,2023-05-22,S521,reference,10.7,1,25772
boston,2023-05-22,S788805,reference,10.5,1,4302520
boston,2023-05-23,S448,reference,7.0,1,783
boston,2023-05-23,S452,reference,6.92,1,786
boston,2023-05-23,S521,reference,7.46,1,25772
boston,2023-05-23,S788805,reference,7.21,1,4302520
boston,2023-05-24,S448,reference,5.75,1,783
boston,2023-05-24,S452,reference,6.29,1,786
boston,2023-05-24,S521,reference,6.29,1,25772
boston,2023-05-24,S788805,reference,6.67,1,4302520
boston,2023-05-25,S448,reference,3.83,1,783
boston,2023-05-25,S452,reference,4.13,1,786
boston,2023-05-25,S521,reference,3.96,1,25772
boston,2023-05-25,S788805,reference,4.88,1,4302520
boston,2023-05-26,S448,reference,5.04,1,783
boston,2023-05-26,S452,reference,5.08,1,786
boston,2023-05-26,S521,reference,5.25,1,25772
boston,2023-05-26,S788805,reference,5.13,1,4302520
boston,2023-05-27,S448,reference,6.33,1,783
boston,2023-05-27,S452,reference,7.04,1,786
boston,2023-05-27,S521,reference,6.25,1,25772
boston,2023-05-27,S788805,reference,6.5,1,4302520
boston,2023-05-28,S448,reference,7.17,1,783
boston,2023-05-28,S452,reference,8.0,1,786
boston,2023-05-28,S521,reference,7.5,1,25772
boston,2023-05-28,S788805,reference,7.83,1,4302520
boston,2023-05-29,S448,reference,6.65,1,783
boston,2023-05-29,S452,reference,7.22,1,786
boston,2023-05-29,S521,reference,6.78,1,25772
boston,2023-05-29,S788805,reference,7.09,1,4302520
boston,2023-05-30,S448,reference,6.96,1,783
boston,2023-05-30,S452,reference,6.54,1,786
boston,2023-05-30,S521,reference,7.79,1,25772
boston,2023-05-30,S788805,reference,6.88,1,4302520
boston,2023-05-31,S448,reference,11.3,1,783
boston,2023-05-31,S521,reference,11.1,1,25772
boston,2023-05-31,S788805,reference,12.3,1,4302520
boston,2023-06-01,S448,reference,16.7,1,783
boston,2023-06-01,S452,reference,19.4,1,786
boston,2023-06-01,S521,reference,18.3,1,25772
boston,2023-06-01,S788805,reference,18.0,1,4302520
boston,2023-06-02,S448,reference,15.5,1,783
boston,2023-06-02,S452,reference,17.0,1,786
boston,2023-06-02,S521,reference,16.0,1,25772
boston,2023-06-02,S788805,reference,16.4,1,4302520
boston,2023-06-03,S448,reference,9.21,1,783
boston,2023-06-03,S452,reference,9.54,1,786
boston,2023-06-03,S521,reference,9.5,1,25772
boston,2023-06-03,S788805,reference,10.4,1,4302520
boston,2023-06-04,S448,reference,1.96,1,783
boston,2023-06-04,S452,reference,2.42,1,786
boston,2023-06-04,S521,reference,2.17,1,25772
boston,2023-06-04,S788805,reference,4.13,1,4302520
boston,2023-06-05,S448,reference,2.67,1,783
boston,2023-06-05,S452,reference,3.0,1,786
boston,2023-06-05,S521,reference,2.67,1,25772
boston,2023-06-05,S788805,reference,4.0,1,4302520
boston,2023-06-06,S448,reference,26.1,1,783
boston,2023-06-06,S452,reference,27.0,1,786
boston,2023-06-06,S521,reference,26.8,1,25772
boston,2023-06-06,S788805,reference,27.2,1,4302520
boston,2023-06-07,S448,reference,16.2,1,783
boston,2023-06-07,S452,reference,18.3,1,786
boston,2023-06-07,S521,reference,17.0,1,25772
boston,2023-06-07,S788805,reference,18.6,1,4302520
boston,2023-06-08,S448,reference,16.8,1,783
boston,2023-06-08,S452,reference,19.1,1,786
boston,2023-06-08,S521,reference,16.9,1,25772
boston,2023-06-08,S788805,reference,17.2,1,4302520
boston,2023-06-09,S448,reference,10.3,1,783
boston,2023-06-09,S452,reference,12.2,1,786
boston,2023-06-09,S521,reference,9.88,1,25772
boston,2023-06-09,S788805,reference,10.9,1,4302520
boston,2023-06-10,S448,reference,10.1,1,783
boston,2023-06-10,S452,reference,14.3,1,786
boston,2023-06-10,S521,reference,9.46,1,25772
boston,2023-06-10,S788805,reference,13.6,1,4302520
boston,2023-06-11,S448,reference,12.5,1,783
boston,2023-06-11,S452,reference,12.4,1,786
boston,2023-06-11,S521,reference,12.6,1,25772
boston,2023-06-11,S788805,reference,12.0,1,4302520
boston,2023-06-12,S448,reference,28.1,1,783
boston,2023-06-12,S452,reference,31.3,1,786
boston,2023-06-12,S521,reference,29.2,1,25772
boston,2023-06-12,S788805,reference,30.2,1,4302520
boston,2023-06-13,S448,reference,15.6,1,783
boston,2023-06-13,S452,reference,16.8,1,786
boston,2023-06-13,S521,reference,14.8,1,25772
boston,2023-06-13,S788805,reference,16.8,1,4302520
boston,2023-06-14,S448,reference,11.0,1,783
boston,2023-06-14,S452,reference,11.9,1,786
boston,2023-06-14,S521,reference,10.6,1,25772
boston,2023-06-14,S788805,reference,11.0,1,4302520
boston,2023-06-15,S448,reference,8.5,1,783
boston,2023-06-15,S452,reference,9.58,1,786
boston,2023-06-15,S521,reference,8.33,1,25772
boston,2023-06-15,S788805,reference,9.25,1,4302520
boston,2023-06-16,S448,reference,14.1,1,783
boston,2023-06-16,S452,reference,15.3,1,786
boston,2023-06-16,S521,reference,14.1,1,25772
boston,2023-06-16,S788805,reference,14.0,1,4302520
boston,2023-06-17,S448,reference,10.1,1,783
boston,2023-06-17,S452,reference,11.9,1,786
boston,2023-06-17,S521,reference,9.88,1,25772
boston,2023-06-17,S788805,reference,10.1,1,4302520
boston,2023-06-18,S448,reference,3.92,1,783
boston,2023-06-18,S452,reference,3.92,1,786
boston,2023-06-18,S521,reference,4.42,1,25772
boston,2023-06-18,S788805,reference,3.92,1,4302520
boston,2023-06-19,S448,reference,3.63,1,783
boston,2023-06-19,S452,reference,3.13,1,786
boston,2023-06-19,S521,reference,3.5,1,25772
boston,2023-06-19,S788805,reference,3.29,1,4302520
boston,2023-06-20,S448,reference,3.83,1,783
boston,2023-06-20,S452,reference,3.67,1,786
boston,2023-06-20,S521,reference,3.96,1,25772
boston,2023-06-20,S788805,reference,3.67,1,4302520
boston,2023-06-21,S448,reference,3.83,1,783
boston,2023-06-21,S452,reference,3.33,1,786
boston,2023-06-21,S521,reference,3.75,1,25772
boston,2023-06-21,S788805,reference,3.36,1,4302520
boston,2023-06-22,S448,reference,4.71,1,783
boston,2023-06-22,S452,reference,4.5,1,786
boston,2023-06-22,S521,reference,4.75,1,25772
boston,2023-06-22,S788805,reference,4.57,1,4302520
boston,2023-06-23,S448,reference,6.29,1,783
boston,2023-06-23,S452,reference,5.96,1,786
boston,2023-06-23,S521,reference,6.46,1,25772
boston,2023-06-23,S788805,reference,5.74,1,4302520
boston,2023-06-24,S448,reference,3.88,1,783
boston,2023-06-24,S452,reference,4.63,1,786
boston,2023-06-24,S521,reference,4.33,1,25772
boston,2023-06-24,S788805,reference,3.83,1,4302520
boston,2023-06-25,S448,reference,6.08,1,783
boston,2023-06-25,S452,reference,7.0,1,786
boston,2023-06-25,S521,reference,6.5,1,25772
boston,2023-06-25,S788805,reference,5.46,1,4302520
boston,2023-06-26,S448,reference,7.33,1,783
boston,2023-06-26,S452,reference,8.5,1,786
boston,2023-06-26,S521,reference,7.54,1,25772
boston,2023-06-26,S788805,reference,6.25,1,4302520
boston,2023-06-27,S448,reference,8.38,1,783
boston,2023-06-27,S452,reference,8.71,1,786
boston,2023-06-27,S521,reference,7.96,1,25772
boston,2023-06-27,S788805,reference,7.5,1,4302520
boston,2023-06-28,S448,reference,7.67,1,783
boston,2023-06-28,S452,reference,8.42,1,786
boston,2023-06-28,S521,reference,7.63,1,25772
boston,2023-06-28,S788805,reference,7.25,1,4302520
boston,2023-06-29,S448,reference,12.5,1,783
boston,2023-06-29,S452,reference,13.1,1,786
boston,2023-06-29,S521,reference,11.8,1,25772
boston,2023-06-29,S788805,reference,10.9,1,4302520
boston,2023-06-30,S448,reference,15.6,1,783
boston,2023-06-30,S452,reference,17.5,1,786
boston,2023-06-30,S521,reference,15.5,1,25772
boston,2023-06-30,S788805,reference,14.0,1,4302520
boston,2023-07-01,S448,reference,32.8,1,783
boston,2023-07-01,S452,reference,29.6,1,786
boston,2023-07-01,S521,reference,33.1,1,25772
boston,2023-07-01,S788805,reference,30.3,1,4302520
boston,2023-07-02,S448,reference,35.1,1,783
boston,2023-07-02,S452,reference,37.0,1,786
boston,2023-07-02,S521,reference,31.7,1,25772
boston,2023-07-02,S788805,reference,32.6,1,4302520
boston,2023-07-03,S448,reference,8.5,1,783
boston,2023-07-03,S452,reference,8.83,1,786
boston,2023-07-03,S521,reference,6.67,1,25772
boston,2023-07-03,S788805,reference,7.0,1,4302520
boston,2023-07-04,S448,reference,9.63,1,783
boston,2023-07-04,S452,reference,9.38,1,786
boston,2023-07-04,S521,reference,6.33,1,25772
boston,2023-07-04,S788805,reference,8.18,1,4302520
boston,2023-07-05,S448,reference,11.9,1,783
boston,2023-07-05,S452,reference,10.2,1,786
boston,2023-07-05,S521,reference,8.7,1,25772
boston,2023-07-05,S788805,reference,8.38,1,4302520
boston,2023-07-06,S448,reference,13.2,1,783
boston,2023-07-06,S452,reference,13.5,1,786
boston,2023-07-06,S521,reference,12.9,1,25772
boston,2023-07-06,S788805,reference,11.1,1,4302520
boston,2023-07-07,S448,reference,8.0,1,783
boston,2023-07-07,S452,reference,8.42,1,786
boston,2023-07-07,S521,reference,7.88,1,25772
boston,2023-07-07,S788805,reference,7.13,1,4302520
boston,2023-07-08,S448,reference,7.79,1,783
boston,2023-07-08,S452,reference,8.34,1,786
boston,2023-07-08,S521,reference,7.79,1,25772
boston,2023-07-08,S788805,reference,6.6,1,4302520
boston,2023-07-09,S448,reference,6.17,1,783
boston,2023-07-09,S452,reference,6.43,1,786
boston,2023-07-09,S521,reference,6.13,1,25772
boston,2023-07-09,S788805,reference,5.37,1,4302520
boston,2023-07-10,S448,reference,5.23,1,783
boston,2023-07-10,S452,reference,3.95,1,786
boston,2023-07-10,S521,reference,3.83,1,25772
boston,2023-07-10,S788805,reference,4.05,1,4302520
boston,2023-07-11,S448,reference,8.26,1,783
boston,2023-07-11,S452,reference,8.87,1,786
boston,2023-07-11,S521,reference,7.38,1,25772
boston,2023-07-11,S788805,reference,7.56,1,4302520
boston,2023-07-12,S448,reference,15.2,1,783
boston,2023-07-12,S452,reference,17.1,1,786
boston,2023-07-12,S521,reference,14.3,1,25772
boston,2023-07-12,S788805,reference,13.7,1,4302520
boston,2023-07-13,S448,reference,15.5,1,783
boston,2023-07-13,S452,reference,17.3,1,786
boston,2023-07-13,S521,reference,14.5,1,25772
boston,2023-07-13,S788805,reference,13.8,1,4302520
boston,2023-07-15,S448,reference,8.41,1,783
boston,2023-07-15,S452,reference,8.86,1,786
boston,2023-07-15,S521,reference,8.55,1,25772
boston,2023-07-15,S788805,reference,7.44,1,4302520
boston,2023-07-16,S448,reference,5.92,1,783
boston,2023-07-16,S452,reference,7.04,1,786
boston,2023-07-16,S521,reference,6.21,1,25772
boston,2023-07-16,S788805,reference,6.18,1,4302520
boston,2023-07-17,S448,reference,26.3,1,783
boston,2023-07-17,S452,reference,28.3,1,786
boston,2023-07-17,S521,reference,25.8,1,25772
boston,2023-07-17,S788805,reference,25.8,1,4302520
boston,2023-07-18,S1235987,low-cost,28.1,1,6530161
boston,2023-07-18,S448,reference,14.2,1,783
boston,2023-07-18,S452,reference,15.5,1,786
boston,2023-07-18,S521,reference,14.1,1,25772
boston,2023-07-18,S788805,reference,13.1,1,4302520
boston,2023-07-19,S1235987,low-cost,29.3,1,6530161
boston,2023-07-19,S448,reference,17.7,1,783
boston,2023-07-19,S452,reference,19.3,1,786
boston,2023-07-19,S521,reference,17.2,1,25772
boston,2023-07-19,S788805,reference,17.6,1,4302520
boston,2023-07-20,S1235987,low-cost,10.3,1,6530161
boston,2023-07-20,S448,reference,8.63,1,783
boston,2023-07-20,S452,reference,8.83,1,786
boston,2023-07-20,S521,reference,8.45,1,25772
boston,2023-07-20,S788805,reference,7.79,1,4302520
boston,2023-07-21,S1235987,low-cost,20.1,1,6530161
boston,2023-07-21,S448,reference,12.3,1,783
boston,2023-07-21,S452,reference,12.3,1,786
boston,2023-07-21,S521,reference,11.8,1,25772
boston,2023-07-21,S788805,reference,11.3,1,4302520
boston,2023-07-22,S1235987,low-cost,8.38,1,6530161
boston,2023-07-22,S448,reference,5.78,1,783
boston,2023-07-22,S452,reference,7.83,1,786
boston,2023-07-22,S521,reference,5.04,1,25772
boston,2023-07-22,S788805,reference,6.17,1,4302520
boston,2023-07-23,S1235987,low-cost,11.1,1,6530161
boston,2023-07-23,S448,reference,7.67,1,783
boston,2023-07-23,S452,reference,8.67,1,786
boston,2023-07-23,S521,reference,7.5,1,25772
boston,2023-07-23,S788805,reference,7.83,1,4302520
boston,2023-07-24,S1235987,low-cost,17.8,1,6530161
boston,2023-07-24,S448,reference,10.6,1,783
boston,2023-07-24,S452,reference,11.3,1,786
boston,2023-07-24,S521,reference,10.2,1,25772
boston,2023-07-24,S788805,reference,9.6,1,4302520
boston,2023-07-25,S1235987,low-cost,18.0,1,6530161
boston,2023-07-25,S448,reference,8.75,1,783
boston,2023-07-25,S452,reference,10.1,1,786
boston,2023-07-25,S521,reference,8.96,1,25772
boston,2023-07-25,S788805,reference,8.23,1,4302520
boston,2023-07-26,S1235987,low-cost,28.1,1,6530161
boston,2023-07-26,S448,reference,16.4,1,783
boston,2023-07-26,S452,reference,18.5,1,786
boston,2023-07-26,S521,reference,16.8,1,25772
boston,2023-07-26,S788805,reference,16.5,1,4302520
boston,2023-07-27,S1235987,low-cost,24.2,1,6530161
boston,2023-07-27,S448,reference,12.2,1,783
boston,2023-07-27,S452,reference,13.4,1,786
boston,2023-07-27,S521,reference,13.2,1,25772
boston,2023-07-27,S788805,reference,11.6,1,4302520
boston,2023-07-28,S1235987,low-cost,19.1,1,6530161
boston,2023-07-28,S448,reference,10.6,1,783
boston,2023-07-28,S452,reference,10.8,1,786
boston,2023-07-28,S521,reference,11.3,1,25772
boston,2023-07-28,S788805,reference,9.96,1,4302520
boston,2023-07-29,S1235987,low-cost,19.1,1,6530161
boston,2023-07-29,S448,reference,8.57,1,783
boston,2023-07-29,S452,reference,9.96,1,786
boston,2023-07-29,S521,reference,9.04,1,25772
boston,2023-07-29,S788805,reference,8.19,1,4302520
boston,2023-07-30,S1235987,low-cost,4.48,1,6530161
boston,2023-07-30,S448,reference,4.08,1,783
boston,2023-07-30,S452,reference,4.63,1,786
boston,2023-07-30,S521,reference,4.08,1,25772
boston,2023-07-30,S788805,reference,5.0,1,4302520
boston,2023-07-31,S1235987,low-cost,5.84,1,6530161
boston,2023-07-31,S448,reference,4.92,1,783
boston,2023-07-31,S452,reference,5.5,1,786
boston,2023-07-31,S521,reference,4.88,1,25772
boston,2023-07-31,S788805,reference,5.56,1,4302520
boston,2023-08-01,S1235987,low-cost,3.17,1,6530161
boston,2023-08-01,S448,reference,3.79,1,783
boston,2023-08-01,S452,reference,4.0,1,786
boston,2023-08-01,S521,reference,4.21,1,25772
boston,2023-08-01,S788805,reference,4.42,1,4302520
boston,2023-08-02,S1235987,low-cost,2.7,1,6530161
boston,2023-08-02,S448,reference,3.58,1,783
boston,2023-08-02,S452,reference,3.75,1,786
boston,2023-08-02,S521,reference,4.58,1,25772
boston,2023-08-02,S788805,reference,3.65,1,4302520
boston,2023-08-03,S1235987,low-cost,4.32,1,6530161
boston,2023-08-03,S448,reference,4.55,1,783
boston,2023-08-03,S452,reference,4.64,1,786
boston,2023-08-03,S521,reference,4.41,1,25772
boston,2023-08-03,S788805,reference,4.31,1,4302520
boston,2023-08-04,S1235987,low-cost,10.9,1,6530161
boston,2023-08-04,S448,reference,6.52,1,783
boston,2023-08-04,S452,reference,6.76,1,786
boston,2023-08-04,S521,reference,6.86,1,25772
boston,2023-08-04,S788805,reference,6.44,1,4302520
boston,2023-08-05,S1235987,low-cost,26.0,1,6530161
boston,2023-08-05,S448,reference,13.7,1,783
boston,2023-08-05,S452,reference,15.1,1,786
boston,2023-08-05,S521,reference,13.7,1,25772
boston,2023-08-05,S788805,reference,12.8,1,4302520
boston,2023-08-06,S1235987,low-cost,16.6,1,6530161
boston,2023-08-06,S448,reference,10.5,1,783
boston,2023-08-06,S452,reference,11.6,1,786
boston,2023-08-06,S521,reference,10.7,1,25772
boston,2023-08-06,S788805,reference,10.7,1,4302520
boston,2023-08-07,S1235987,low-cost,27.4,1,6530161
boston,2023-08-07,S448,reference,14.4,1,783
boston,2023-08-07,S452,reference,15.5,1,786
boston,2023-08-07,S521,reference,14.7,1,25772
boston,2023-08-07,S788805,reference,14.0,1,4302520
boston,2023-08-08,S1235987,low-cost,13.2,1,6530161
boston,2023-08-08,S448,reference,6.71,1,783
boston,2023-08-08,S452,reference,7.92,1,786
boston,2023-08-08,S521,reference,7.29,1,25772
boston,2023-08-08,S788805,reference,6.81,1,4302520
boston,2023-08-09,S1235987,low-cost,13.6,1,6530161
boston,2023-08-09,S448,reference,9.13,1,783
boston,2023-08-09,S452,reference,9.67,1,786
boston,2023-08-09,S521,reference,9.27,1,25772
boston,2023-08-09,S788805,reference,8.92,1,4302520
boston,2023-08-10,S1235987,low-cost,25.1,1,6530161
boston,2023-08-10,S448,reference,13.4,1,783
boston,2023-08-10,S452,reference,14.3,1,786
boston,2023-08-10,S521,reference,12.7,1,25772
boston,2023-08-10,S788805,reference,12.7,1,4302520
boston,2023-08-11,S1235987,low-cost,10.9,1,6530161
boston,2023-08-11,S448,reference,6.83,1,783
boston,2023-08-11,S452,reference,7.71,1,786
boston,2023-08-11,S521,reference,6.38,1,25772
boston,2023-08-11,S788805,reference,7.17,1,4302520
boston,2023-08-12,S1235987,low-cost,11.0,1,6530161
boston,2023-08-12,S448,reference,7.35,1,783
boston,2023-08-12,S452,reference,8.09,1,786
boston,2023-08-12,S521,reference,6.74,1,25772
boston,2023-08-12,S788805,reference,7.04,1,4302520
boston,2023-08-13,S1235987,low-cost,11.7,1,6530161
boston,2023-08-13,S448,reference,6.13,1,783
boston,2023-08-13,S452,reference,7.13,1,786
boston,2023-08-13,S521,reference,6.0,1,25772
boston,2023-08-13,S788805,reference,6.25,1,4302520
boston,2023-08-14,S1235987,low-cost,4.45,1,6530161
boston,2023-08-14,S448,reference,3.92,1,783
boston,2023-08-14,S452,reference,4.17,1,786
boston,2023-08-14,S521,reference,3.38,1,25772
boston,2023-08-14,S788805,reference,3.58,1,4302520
boston,2023-08-15,S1235987,low-cost,11.8,1,6530161
boston,2023-08-15,S448,reference,5.33,1,783
boston,2023-08-15,S452,reference,5.75,1,786
boston,2023-08-15,S521,reference,4.39,1,25772
boston,2023-08-15,S788805,reference,4.42,1,4302520
boston,2023-08-16,S1235987,low-cost,5.76,1,6530161
boston,2023-08-16,S448,reference,4.17,1,783
boston,2023-08-16,S452,reference,4.13,1,786
boston,2023-08-16,S521,reference,3.46,1,25772
boston,2023-08-16,S788805,reference,3.75,1,4302520
boston,2023-08-17,S448,reference,3.17,1,783
boston,2023-08-17,S452,reference,2.63,1,786
boston,2023-08-17,S521,reference,2.79,1,25772
boston,2023-08-17,S788805,reference,2.67,1,4302520
boston,2023-08-18,S448,reference,3.79,1,783
boston,2023-08-18,S452,reference,3.96,1,786
boston,2023-08-18,S521,reference,3.58,1,25772
boston,2023-08-18,S788805,reference,3.67,1,4302520
boston,2023-08-19,S448,reference,7.79,1,783
boston,2023-08-19,S452,reference,8.29,1,786
boston,2023-08-19,S521,reference,7.29,1,25772
boston,2023-08-19,S788805,reference,7.83,1,4302520
boston,2023-08-20,S448,reference,15.4,1,783
boston,2023-08-20,S452,reference,16.1,1,786
boston,2023-08-20,S521,reference,14.8,1,25772
boston,2023-08-20,S788805,reference,15.8,1,4302520
boston,2023-08-21,S448,reference,16.6,1,783
boston,2023-08-21,S452,reference,17.5,1,786
boston,2023-08-21,S521,reference,15.5,1,25772
boston,2023-08-21,S788805,reference,16.3,1,4302520
boston,2023-08-22,S448,reference,7.88,1,783
boston,2023-08-22,S452,reference,8.17,1,786
boston,2023-08-22,S521,reference,7.63,1,25772
boston,2023-08-22,S788805,reference,8.5,1,4302520
boston,2023-08-23,S448,reference,4.63,1,783
boston,2023-08-23,S452,reference,4.58,1,786
boston,2023-08-23,S521,reference,4.42,1,25772
boston,2023-08-23,S788805,reference,5.04,1,4302520
boston,2023-08-24,S448,reference,5.22,1,783
boston,2023-08-24,S452,reference,5.32,1,786
boston,2023-08-24,S521,reference,4.7,1,25772
boston,2023-08-24,S788805,reference,5.15,1,4302520
boston,2023-08-25,S448,reference,3.77,1,783
boston,2023-08-25,S452,reference,4.19,1,786
boston,2023-08-25,S521,reference,3.97,1,25772
boston,2023-08-25,S788805,reference,3.86,1,4302520
boston,2023-08-26,S448,reference,6.93,1,783
boston,2023-08-26,S452,reference,7.53,1,786
boston,2023-08-26,S521,reference,6.07,1,25772
boston,2023-08-26,S788805,reference,6.51,1,4302520
boston,2023-08-27,S1235987,low-cost,5.1,1,6530161
boston,2023-08-27,S448,reference,6.32,1,783
boston,2023-08-27,S452,reference,6.42,1,786
boston,2023-08-27,S521,reference,5.29,1,25772
boston,2023-08-27,S788805,reference,5.7,1,4302520
boston,2023-08-28,S1235987,low-cost,4.18,1,6530161
boston,2023-08-28,S448,reference,5.63,1,783
boston,2023-08-28,S452,reference,5.24,1,786
boston,2023-08-28,S521,reference,4.91,1,25772
boston,2023-08-28,S788805,reference,4.8,1,4302520
boston,2023-08-29,S1235987,low-cost,3.19,1,6530161
boston,2023-08-29,S448,reference,4.35,1,783
boston,2023-08-29,S452,reference,4.25,1,786
boston,2023-08-29,S521,reference,4.21,1,25772
boston,2023-08-29,S788805,reference,4.29,1,4302520
boston,2023-08-30,S1235987,low-cost,2.96,1,6530161
boston,2023-08-30,S448,reference,3.82,1,783
boston,2023-08-30,S452,reference,4.03,1,786
boston,2023-08-30,S521,reference,3.73,1,25772
boston,2023-08-30,S788805,reference,4.18,1,4302520
boston,2023-08-31,S1235987,low-cost,1.53,1,6530161
boston,2023-08-31,S448,reference,3.92,1,783
boston,2023-08-31,S452,reference,4.02,1,786
boston,2023-08-31,S521,reference,3.85,1,25772
boston,2023-08-31,S788805,reference,4.5,1,4302520
boston,2023-09-01,S1235987,low-cost,1.41,1,6530161
boston,2023-09-01,S448,reference,3.8,1,783
boston,2023-09-01,S452,reference,3.8,1,786
boston,2023-09-01,S521,reference,3.88,1,25772
boston,2023-09-01,S788805,reference,3.94,1,4302520
boston,2023-09-02,S1235987,low-cost,3.57,1,6530161
boston,2023-09-02,S448,reference,5.59,1,783
boston,2023-09-02,S452,reference,5.74,1,786
boston,2023-09-02,S521,reference,4.93,1,25772
boston,2023-09-02,S788805,reference,5.31,1,4302520
boston,2023-09-03,S1235987,low-cost,6.58,1,6530161
boston,2023-09-03,S448,reference,7.88,1,783
boston,2023-09-03,S452,reference,7.73,1,786
boston,2023-09-03,S521,reference,6.67,1,25772
boston,2023-09-03,S788805,reference,7.17,1,4302520
boston,2023-09-04,S1235987,low-cost,14.3,1,6530161
boston,2023-09-04,S448,reference,13.8,1,783
boston,2023-09-04,S452,reference,15.3,1,786
boston,2023-09-04,S521,reference,11.9,1,25772
boston,2023-09-04,S788805,reference,11.9,1,4302520
boston,2023-09-05,S1235987,low-cost,16.9,1,6530161
boston,2023-09-05,S448,reference,15.7,1,783
boston,2023-09-05,S452,reference,17.9,1,786
boston,2023-09-05,S521,reference,14.3,1,25772
boston,2023-09-05,S788805,reference,13.9,1,4302520
boston,2023-09-06,S1235987,low-cost,20.5,1,6530161
boston,2023-09-06,S448,reference,21.9,1,783
boston,2023-09-06,S452,reference,25.2,1,786
boston,2023-09-06,S521,reference,23.1,1,25772
boston,2023-09-06,S788805,reference,20.3,1,4302520
boston,2023-09-07,S1235987,low-cost,15.1,1,6530161
boston,2023-09-07,S448,reference,14.7,1,783
boston,2023-09-07,S452,reference,16.4,1,786
boston,2023-09-07,S521,reference,15.4,1,25772
boston,2023-09-07,S788805,reference,12.9,1,4302520
boston,2023-09-08,S1235987,low-cost,15.6,1,6530161
boston,2023-09-08,S448,reference,13.2,1,783
boston,2023-09-08,S452,reference,15.1,1,786
boston,2023-09-08,S521,reference,15.0,1,25772
boston,2023-09-08,S788805,reference,12.0,1,4302520
boston,2023-09-09,S1235987,low-cost,12.7,1,6530161
boston,2023-09-09,S448,reference,10.8,1,783
boston,2023-09-09,S452,reference,12.7,1,786
boston,2023-09-09,S521,reference,10.3,1,25772
boston,2023-09-09,S788805,reference,10.2,1,4302520
boston,2023-09-10,S1235987,low-cost,10.3,1,6530161
boston,2023-09-10,S448,reference,7.51,1,783
boston,2023-09-10,S452,reference,9.04,1,786
boston,2023-09-10,S521,reference,7.03,1,25772
boston,2023-09-10,S788805,reference,7.08,1,4302520
boston,2023-09-11,S1235987,low-cost,5.95,1,6530161
boston,2023-09-11,S448,reference,4.74,1,783
boston,2023-09-11,S452,reference,5.56,1,786
boston,2023-09-11,S521,reference,5.09,1,25772
boston,2023-09-11,S788805,reference,5.24,1,4302520
boston,2023-09-12,S1235987,low-cost,2.6,1,6530161
boston,2023-09-12,S448,reference,3.64,1,783
boston,2023-09-12,S452,reference,3.86,1,786
boston,2023-09-12,S521,reference,3.28,1,25772
boston,2023-09-12,S788805,reference,3.2,1,4302520
boston,2023-09-13,S1235987,low-cost,5.32,1,6530161
boston,2023-09-13,S448,reference,5.75,1,783
boston,2023-09-13,S452,reference,6.82,1,786
boston,2023-09-13,S521,reference,5.15,1,25772
boston,2023-09-13,S788805,reference,5.28,1,4302520
boston,2023-09-14,S1235987,low-cost,2.65,1,6530161
boston,2023-09-14,S448,reference,4.65,1,783
boston,2023-09-14,S452,reference,5.0,1,786
boston,2023-09-14,S521,reference,4.15,1,25772
boston,2023-09-14,S788805,reference,5.05,1,4302520
boston,2023-09-15,S1235987,low-cost,1.29,1,6530161
boston,2023-09-15,S448,reference,3.61,1,783
boston,2023-09-15,S452,reference,3.77,1,786
boston,2023-09-15,S521,reference,3.63,1,25772
boston,2023-09-15,S788805,reference,4.81,1,4302520
boston,2023-09-16,S1235987,low-cost,2.49,1,6530161
boston,2023-09-16,S448,reference,4.53,1,783
boston,2023-09-16,S452,reference,4.93,1,786
boston,2023-09-16,S521,reference,4.43,1,25772
boston,2023-09-16,S788805,reference,5.52,1,4302520
boston,2023-09-17,S1235987,low-cost,4.18,1,6530161
boston,2023-09-17,S448,reference,6.1,1,783
boston,2023-09-17,S452,reference,6.05,1,786
boston,2023-09-17,S521,reference,5.49,1,25772
boston,2023-09-17,S788805,reference,6.0,1,4302520
boston,2023-09-18,S1235987,low-cost,4.38,1,6530161
boston,2023-09-18,S448,reference,5.11,1,783
boston,2023-09-18,S452,reference,5.87,1,786
boston,2023-09-18,S521,reference,4.9,1,25772
boston,2023-09-18,S788805,reference,5.14,1,4302520
boston,2023-09-19,S1235987,low-cost,1.38,1,6530161
boston,2023-09-19,S448,reference,3.34,1,783
boston,2023-09-19,S452,reference,3.45,1,786
boston,2023-09-19,S521,reference,3.1,1,25772
boston,2023-09-19,S788805,reference,3.93,1,4302520
boston,2023-09-20,S1235987,low-cost,2.28,1,6530161
boston,2023-09-20,S448,reference,4.68,1,783
boston,2023-09-20,S452,reference,5.03,1,786
boston,2023-09-20,S521,reference,4.51,1,25772
boston,2023-09-20,S788805,reference,6.01,1,4302520
boston,2023-09-21,S1235987,low-cost,3.32,1,6530161
boston,2023-09-21,S448,reference,5.49,1,783
boston,2023-09-21,S452,reference,5.76,1,786
boston,2023-09-21,S521,reference,5.49,1,25772
boston,2023-09-21,S788805,reference,5.47,1,4302520
boston,2023-09-22,S1235987,low-cost,4.02,1,6530161
boston,2023-09-22,S448,reference,5.83,1,783
boston,2023-09-22,S452,reference,6.02,1,786
boston,2023-09-22,S521,reference,5.67,1,25772
boston,2023-09-22,S788805,reference,5.82,1,4302520
boston,2023-09-23,S1235987,low-cost,1.29,1,6530161
boston,2023-09-23,S448,reference,4.11,1,783
boston,2023-09-23,S452,reference,3.95,1,786
boston,2023-09-23,S521,reference,4.0,1,25772
boston,2023-09-23,S788805,reference,4.08,1,4302520
boston,2023-09-24,S1235987,low-cost,3.56,1,6530161
boston,2023-09-24,S448,reference,5.75,1,783
boston,2023-09-24,S452,reference,6.08,1,786
boston,2023-09-24,S521,reference,5.39,1,25772
boston,2023-09-24,S788805,reference,5.87,1,4302520
boston,2023-09-25,S1235987,low-cost,7.41,1,6530161
boston,2023-09-25,S448,reference,10.6,1,783
boston,2023-09-25,S452,reference,11.3,1,786
boston,2023-09-25,S521,reference,10.3,1,25772
boston,2023-09-25,S788805,reference,11.0,1,4302520
boston,2023-09-26,S1235987,low-cost,6.39,1,6530161
boston,2023-09-26,S448,reference,10.2,1,783
boston,2023-09-26,S452,reference,10.6,1,786
boston,2023-09-26,S521,reference,9.63,1,25772
boston,2023-09-26,S788805,reference,10.5,1,4302520
boston,2023-09-27,S1235987,low-cost,4.39,1,6530161
boston,2023-09-27,S448,reference,6.48,1,783
boston,2023-09-27,S452,reference,6.63,1,786
boston,2023-09-27,S521,reference,6.41,1,25772
boston,2023-09-27,S788805,reference,6.56,1,4302520
boston,2023-09-28,S1235987,low-cost,6.52,1,6530161
boston,2023-09-28,S448,reference,8.05,1,783
boston,2023-09-28,S452,reference,8.12,1,786
boston,2023-09-28,S521,reference,7.85,1,25772
boston,2023-09-28,S788805,reference,7.94,1,4302520
boston,2023-09-29,S1235987,low-cost,12.4,1,6530161
boston,2023-09-29,S448,reference,14.1,1,783
boston,2023-09-29,S452,reference,13.9,1,786
boston,2023-09-29,S521,reference,15.0,1,25772
boston,2023-09-29,S788805,reference,14.4,1,4302520
boston,2023-09-30,S1235987,low-cost,15.2,1,6530161
boston,2023-09-30,S448,reference,18.5,1,783
boston,2023-09-30,S452,reference,19.5,1,786
boston,2023-09-30,S521,reference,17.4,1,25772
boston,2023-09-30,S788805,reference,19.8,1,4302520
boston,2023-10-01,S1235987,low-cost,20.1,1,6530161
boston,2023-10-01,S448,reference,30.9,1,783
boston,2023-10-01,S452,reference,31.9,1,786
boston,2023-10-01,S521,reference,31.8,1,25772
boston,2023-10-01,S788805,reference,31.8,1,4302520
boston,2023-10-02,S448,reference,13.1,1,783
boston,2023-10-02,S452,reference,13.9,1,786
boston,2023-10-02,S521,reference,13.5,1,25772
boston,2023-10-02,S788805,reference,13.9,1,4302520
boston,2023-10-03,S448,reference,8.95,1,783
boston,2023-10-03,S452,reference,9.94,1,786
boston,2023-10-03,S521,reference,8.4,1,25772
boston,2023-10-03,S788805,reference,9.28,1,4302520
boston,2023-10-04,S448,reference,12.7,1,783
boston,2023-10-04,S452,reference,14.1,1,786
boston,2023-10-04,S521,reference,12.2,1,25772
boston,2023-10-04,S788805,reference,12.3,1,4302520
boston,2023-10-05,S1235987,low-cost,11.8,1,6530161
boston,2023-10-05,S448,reference,11.3,1,783
boston,2023-10-05,S452,reference,13.0,1,786
boston,2023-10-05,S521,reference,11.0,1,25772
boston,2023-10-05,S788805,reference,11.6,1,4302520
boston,2023-10-06,S1235987,low-cost,3.74,1,6530161
boston,2023-10-06,S448,reference,6.72,1,783
boston,2023-10-06,S452,reference,6.4,1,786
boston,2023-10-06,S521,reference,6.62,1,25772
boston,2023-10-06,S788805,reference,6.55,1,4302520
boston,2023-10-07,S1235987,low-cost,3.22,1,6530161
boston,2023-10-07,S448,reference,8.55,1,783
boston,2023-10-07,S452,reference,8.88,1,786
boston,2023-10-07,S521,reference,8.19,1,25772
boston,2023-10-07,S788805,reference,9.42,1,4302520
boston,2023-10-08,S1235987,low-cost,0.598,1,6530161
boston,2023-10-08,S448,reference,2.5,1,783
boston,2023-10-08,S452,reference,2.6,1,786
boston,2023-10-08,S521,reference,2.28,1,25772
boston,2023-10-08,S788805,reference,2.62,1,4302520
boston,2023-10-09,S1235987,low-cost,1.4,1,6530161
boston,2023-10-09,S448,reference,3.36,1,783
boston,2023-10-09,S452,reference,3.49,1,786
boston,2023-10-09,S521,reference,3.2,1,25772
boston,2023-10-09,S788805,reference,3.53,1,4302520
boston,2023-10-10,S1235987,low-cost,3.45,1,6530161
boston,2023-10-10,S448,reference,5.56,1,783
boston,2023-10-10,S452,reference,5.7,1,786
boston,2023-10-10,S521,reference,5.18,1,25772
boston,2023-10-10,S788805,reference,5.44,1,4302520
boston,2023-10-11,S1235987,low-cost,5.17,1,6530161
boston,2023-10-11,S448,reference,6.85,1,783
boston,2023-10-11,S452,reference,7.19,1,786
boston,2023-10-11,S521,reference,6.28,1,25772
boston,2023-10-11,S788805,reference,6.53,1,4302520
boston,2023-10-12,S1235987,low-cost,4.0,1,6530161
boston,2023-10-12,S448,reference,6.04,1,783
boston,2023-10-12,S452,reference,6.49,1,786
boston,2023-10-12,S521,reference,6.27,1,25772
boston,2023-10-12,S788805,reference,6.7,1,4302520
boston,2023-10-13,S1235987,low-cost,1.08,1,6530161
boston,2023-10-13,S448,reference,2.99,1,783
boston,2023-10-13,S452,reference,3.41,1,786
boston,2023-10-13,S521,reference,3.24,1,25772
boston,2023-10-13,S788805,reference,4.28,1,4302520
boston,2023-10-14,S1235987,low-cost,2.48,1,6530161
boston,2023-10-14,S448,reference,4.31,1,783
boston,2023-10-14,S452,reference,4.67,1,786
boston,2023-10-14,S521,reference,4.12,1,25772
boston,2023-10-14,S788805,reference,5.25,1,4302520
boston,2023-10-15,S1235987,low-cost,2.11,1,6530161
boston,2023-10-15,S448,reference,3.86,1,783
boston,2023-10-15,S452,reference,4.07,1,786
boston,2023-10-15,S521,reference,3.9,1,25772
boston,2023-10-15,S788805,reference,5.05,1,4302520
boston,2023-10-16,S1235987,low-cost,0.462,1,6530161
boston,2023-10-16,S448,reference,2.54,1,783
boston,2023-10-16,S452,reference,3.15,1,786
boston,2023-10-16,S521,reference,2.6,1,25772
boston,2023-10-16,S788805,reference,3.62,1,4302520
boston,2023-10-17,S1235987,low-cost,1.61,1,6530161
boston,2023-10-17,S448,reference,3.51,1,783
boston,2023-10-17,S452,reference,3.43,1,786
boston,2023-10-17,S521,reference,3.62,1,25772
boston,2023-10-17,S788805,reference,3.34,1,4302520
boston,2023-10-18,S1235987,low-cost,2.96,1,6530161
boston,2023-10-18,S448,reference,4.89,1,783
boston,2023-10-18,S452,reference,5.15,1,786
boston,2023-10-18,S521,reference,4.75,1,25772
boston,2023-10-18,S788805,reference,5.39,1,4302520
boston,2023-10-19,S1235987,low-cost,1.39,1,6530161
boston,2023-10-19,S448,reference,3.63,1,783
boston,2023-10-19,S452,reference,3.79,1,786
boston,2023-10-19,S521,reference,3.47,1,25772
boston,2023-10-19,S788805,reference,3.6,1,4302520
boston,2023-10-20,S1235987,low-cost,1.38,1,6530161
boston,2023-10-20,S448,reference,3.79,1,783
boston,2023-10-20,S452,reference,3.96,1,786
boston,2023-10-20,S521,reference,4.09,1,25772
boston,2023-10-20,S788805,reference,3.84,1,4302520
boston,2023-10-21,S1235987,low-cost,1.23,1,6530161
boston,2023-10-21,S448,reference,3.44,1,783
boston,2023-10-21,S452,reference,3.45,1,786
boston,2023-10-21,S521,reference,3.37,1,25772
boston,2023-10-21,S788805,reference,3.87,1,4302520
boston,2023-10-22,S1235987,low-cost,0.0075,1,6530161
boston,2023-10-22,S448,reference,1.25,1,783
boston,2023-10-22,S452,reference,1.43,1,786
boston,2023-10-22,S521,reference,1.08,1,25772
boston,2023-10-22,S788805,reference,2.29,1,4302520
boston,2023-10-23,S1235987,low-cost,0.0574,1,6530161
boston,2023-10-23,S448,reference,1.59,1,783
boston,2023-10-23,S452,reference,2.0,1,786
boston,2023-10-23,S521,reference,1.7,1,25772
boston,2023-10-23,S788805,reference,2.78,1,4302520
boston,2023-10-24,S1235987,low-cost,1.33,1,6530161
boston,2023-10-24,S448,reference,3.7,1,783
boston,2023-10-24,S452,reference,4.37,1,786
boston,2023-10-24,S521,reference,3.68,1,25772
boston,2023-10-24,S788805,reference,3.95,1,4302520
boston,2023-10-25,S1235987,low-cost,4.02,1,6530161
boston,2023-10-25,S448,reference,6.0,1,783
boston,2023-10-25,S452,reference,6.43,1,786
boston,2023-10-25,S521,reference,5.94,1,25772
boston,2023-10-25,S788805,reference,6.48,1,4302520
boston,2023-10-26,S1235987,low-cost,6.76,1,6530161
boston,2023-10-26,S448,reference,9.22,1,783
boston,2023-10-26,S452,reference,10.2,1,786
boston,2023-10-26,S521,reference,8.98,1,25772
boston,2023-10-26,S788805,reference,9.68,1,4302520
boston,2023-10-27,S1235987,low-cost,9.27,1,6530161
boston,2023-10-27,S448,reference,11.6,1,783
boston,2023-10-27,S452,reference,12.7,1,786
boston,2023-10-27,S521,reference,10.7,1,25772
boston,2023-10-27,S788805,reference,11.4,1,4302520
boston,2023-10-28,S1235987,low-cost,5.78,1,6530161
boston,2023-10-28,S448,reference,7.8,1,783
boston,2023-10-28,S452,reference,8.18,1,786
boston,2023-10-28,S521,reference,7.23,1,25772
boston,2023-10-28,S788805,reference,8.11,1,4302520
boston,2023-10-29,S1235987,low-cost,0.38,1,6530161
boston,2023-10-29,S448,reference,2.65,1,783
boston,2023-10-29,S452,reference,2.69,1,786
boston,2023-10-29,S521,reference,2.81,1,25772
boston,2023-10-29,S788805,reference,2.93,1,4302520
boston,2023-10-30,S1235987,low-cost,0.706,1,6530161
boston,2023-10-30,S448,reference,2.33,1,783
boston,2023-10-30,S452,reference,2.33,1,786
boston,2023-10-30,S521,reference,2.36,1,25772
boston,2023-10-30,S788805,reference,2.99,1,4302520
boston,2023-10-31,S1235987,low-cost,0.871,1,6530161
boston,2023-10-31,S448,reference,3.03,1,783
boston,2023-10-31,S452,reference,3.01,1,786
boston,2023-10-31,S521,reference,2.98,1,25772
boston,2023-10-31,S788805,reference,3.08,1,4302520
boston,2023-11-01,S1235987,low-cost,2.38,1,6530161
boston,2023-11-01,S448,reference,4.2,1,783
boston,2023-11-01,S452,reference,4.03,1,786
boston,2023-11-01,S521,reference,4.71,1,25772
boston,2023-11-01,S788805,reference,5.13,1,4302520
boston,2023-11-02,S1235987,low-cost,2.96,1,6530161
boston,2023-11-02,S448,reference,4.68,1,783
boston,2023-11-02,S452,reference,5.21,1,786
boston,2023-11-02,S521,reference,4.56,1,25772
boston,2023-11-02,S788805,reference,5.23,1,4302520
boston,2023-11-03,S1235987,low-cost,4.41,1,6530161
boston,2023-11-03,S448,reference,6.2,1,783
boston,2023-11-03,S452,reference,6.61,1,786
boston,2023-11-03,S521,reference,6.16,1,25772
boston,2023-11-03,S788805,reference,6.51,1,4302520
boston,2023-11-04,S1235987,low-cost,5.87,1,6530161
boston,2023-11-04,S448,reference,8.23,1,783
boston,2023-11-04,S452,reference,8.12,1,786
boston,2023-11-04,S521,reference,7.92,1,25772
boston,2023-11-04,S788805,reference,8.17,1,4302520
boston,2023-11-05,S1235987,low-cost,11.0,1,6530161
boston,2023-11-05,S448,reference,11.6,1,783
boston,2023-11-05,S452,reference,12.4,1,786
boston,2023-11-05,S521,reference,11.6,1,25772
boston,2023-11-05,S788805,reference,13.9,1,4302520
boston,2023-11-06,S1235987,low-cost,3.57,1,6530161
boston,2023-11-06,S448,reference,6.09,1,783
boston,2023-11-06,S452,reference,5.67,1,786
boston,2023-11-06,S788805,reference,6.0,1,4302520
boston,2023-11-07,S1235987,low-cost,8.4,1,6530161
boston,2023-11-07,S448,reference,9.2,1,783
boston,2023-11-07,S452,reference,10.0,1,786
boston,2023-11-07,S521,reference,8.79,1,25772
boston,2023-11-07,S788805,reference,10.1,1,4302520
boston,2023-11-08,S1235987,low-cost,0.15,1,6530161
boston,2023-11-08,S448,reference,2.03,1,783
boston,2023-11-08,S452,reference,2.32,1,786
boston,2023-11-08,S521,reference,1.92,1,25772
boston,2023-11-08,S788805,reference,3.1,1,4302520
boston,2023-11-09,S1235987,low-cost,4.99,1,6530161
boston,2023-11-09,S448,reference,5.4,1,783
boston,2023-11-09,S452,reference,5.52,1,786
boston,2023-11-09,S521,reference,5.37,1,25772
boston,2023-11-09,S788805,reference,8.23,1,4302520
boston,2023-11-10,S1235987,low-cost,4.37,1,6530161
boston,2023-11-10,S448,reference,5.43,1,783
boston,2023-11-10,S452,reference,5.75,1,786
boston,2023-11-10,S521,reference,5.17,1,25772
boston,2023-11-10,S788805,reference,6.14,1,4302520
boston,2023-11-11,S1235987,low-cost,1.79,1,6530161
boston,2023-11-11,S448,reference,3.52,1,783
boston,2023-11-11,S452,reference,3.81,1,786
boston,2023-11-11,S521,reference,3.59,1,25772
boston,2023-11-11,S788805,reference,4.97,1,4302520
boston,2023-11-12,S1235987,low-cost,4.13,1,6530161
boston,2023-11-12,S448,reference,5.42,1,783
boston,2023-11-12,S452,reference,5.31,1,786
boston,2023-11-12,S521,reference,5.54,1,25772
boston,2023-11-12,S788805,reference,6.6,1,4302520
boston,2023-11-13,S1235987,low-cost,4.53,1,6530161
boston,2023-11-13,S448,reference,5.99,1,783
boston,2023-11-13,S452,reference,6.37,1,786
boston,2023-11-13,S521,reference,5.76,1,25772
boston,2023-11-13,S788805,reference,6.4,1,4302520
boston,2023-11-14,S1235987,low-cost,5.46,1,6530161
boston,2023-11-14,S448,reference,6.23,1,783
boston,2023-11-14,S452,reference,6.85,1,786
boston,2023-11-14,S521,reference,6.17,1,25772
boston,2023-11-14,S788805,reference,7.83,1,4302520
boston,2023-11-15,S1235987,low-cost,4.1,1,6530161
boston,2023-11-15,S448,reference,5.29,1,783
boston,2023-11-15,S452,reference,5.69,1,786
boston,2023-11-15,S521,reference,5.06,1,25772
boston,2023-11-15,S788805,reference,5.78,1,4302520
boston,2023-11-16,S1235987,low-cost,8.97,1,6530161
boston,2023-11-16,S448,reference,11.5,1,783
boston,2023-11-16,S452,reference,12.6,1,786
boston,2023-11-16,S521,reference,11.3,1,25772
boston,2023-11-16,S788805,reference,13.2,1,4302520
boston,2023-11-17,S1235987,low-cost,7.83,1,6530161
boston,2023-11-17,S448,reference,10.4,1,783
boston,2023-11-17,S452,reference,10.5,1,786
boston,2023-11-17,S521,reference,10.6,1,25772
boston,2023-11-17,S788805,reference,11.2,1,4302520
boston,2023-11-18,S1235987,low-cost,1.46,1,6530161
boston,2023-11-18,S448,reference,3.42,1,783
boston,2023-11-18,S452,reference,3.81,1,786
boston,2023-11-18,S521,reference,3.34,1,25772
boston,2023-11-18,S788805,reference,4.67,1,4302520
boston,2023-11-19,S1235987,low-cost,1.41,1,6530161
boston,2023-11-20,S1235987,low-cost,0.827,1,6530161
boston,2023-11-20,S448,reference,2.97,1,783
boston,2023-11-20,S452,reference,3.45,1,786
boston,2023-11-20,S521,reference,3.13,1,25772
boston,2023-11-20,S788805,reference,4.34,1,4302520
boston,2023-11-21,S1235987,low-cost,1.64,1,6530161
boston,2023-11-21,S448,reference,4.12,1,783
boston,2023-11-21,S452,reference,4.15,1,786
boston,2023-11-21,S521,reference,4.24,1,25772
boston,2023-11-21,S788805,reference,4.64,1,4302520
boston,2023-11-22,S1235987,low-cost,0.581,1,6530161
boston,2023-11-22,S448,reference,3.21,1,783
boston,2023-11-22,S452,reference,3.42,1,786
boston,2023-11-22,S521,reference,3.01,1,25772
boston,2023-11-22,S788805,reference,4.31,1,4302520
boston,2023-11-23,S1235987,low-cost,1.24,1,6530161
boston,2023-11-23,S448,reference,2.57,1,783
boston,2023-11-23,S452,reference,2.77,1,786
boston,2023-11-23,S521,reference,2.48,1,25772
boston,2023-11-23,S788805,reference,4.13,1,4302520
boston,2023-11-24,S1235987,low-cost,3.13,1,6530161
boston,2023-11-24,S448,reference,4.11,1,783
boston,2023-11-24,S452,reference,4.48,1,786
boston,2023-11-24,S521,reference,3.9,1,25772
boston,2023-11-24,S788805,reference,5.46,1,4302520
boston,2023-11-25,S1235987,low-cost,2.42,1,6530161
boston,2023-11-25,S448,reference,4.52,1,783
boston,2023-11-25,S452,reference,4.68,1,786
boston,2023-11-25,S521,reference,3.93,1,25772
boston,2023-11-25,S788805,reference,4.62,1,4302520
boston,2023-11-26,S1235987,low-cost,3.91,1,6530161
boston,2023-11-26,S448,reference,5.83,1,783
boston,2023-11-26,S452,reference,6.17,1,786
boston,2023-11-26,S521,reference,5.78,1,25772
boston,2023-11-26,S788805,reference,5.95,1,4302520
boston,2023-11-27,S1235987,low-cost,0.871,1,6530161
boston,2023-11-27,S448,reference,2.95,1,783
boston,2023-11-27,S452,reference,3.32,1,786
boston,2023-11-27,S521,reference,3.01,1,25772
boston,2023-11-27,S788805,reference,4.0,1,4302520
boston,2023-11-28,S1235987,low-cost,1.39,1,6530161
boston,2023-11-28,S448,reference,3.41,1,783
boston,2023-11-28,S452,reference,3.62,1,786
boston,2023-11-28,S521,reference,3.35,1,25772
boston,2023-11-28,S788805,reference,4.3,1,4302520
boston,2023-11-29,S1235987,low-cost,2.02,1,6530161
boston,2023-11-29,S448,reference,3.85,1,783
boston,2023-11-29,S452,reference,3.98,1,786
boston,2023-11-29,S521,reference,3.47,1,25772
boston,2023-11-29,S788805,reference,4.03,1,4302520
boston,2023-11-30,S1235987,low-cost,9.27,1,6530161
boston,2023-11-30,S448,reference,11.0,1,783
boston,2023-11-30,S452,reference,11.4,1,786
boston,2023-11-30,S521,reference,10.5,1,25772
boston,2023-11-30,S788805,reference,12.2,1,4302520
boston,2023-12-01,S1235987,low-cost,7.85,1,6530161
boston,2023-12-01,S448,reference,9.53,1,783
boston,2023-12-01,S452,reference,10.1,1,786
boston,2023-12-01,S521,reference,9.08,1,25772
boston,2023-12-01,S788805,reference,10.3,1,4302520
boston,2023-12-02,S1235987,low-cost,15.8,1,6530161
boston,2023-12-02,S448,reference,14.5,1,783
boston,2023-12-02,S452,reference,14.9,1,786
boston,2023-12-02,S521,reference,13.9,1,25772
boston,2023-12-02,S788805,reference,14.2,1,4302520
boston,2023-12-03,S448,reference,5.92,1,783
boston,2023-12-03,S452,reference,6.2,1,786
boston,2023-12-03,S521,reference,6.1,1,25772
boston,2023-12-03,S788805,reference,6.12,1,4302520
boston,2023-12-04,S1235987,low-cost,2.73,1,6530161
boston,2023-12-04,S448,reference,4.66,1,783
boston,2023-12-04,S452,reference,5.13,1,786
boston,2023-12-04,S521,reference,4.18,1,25772
boston,2023-12-04,S788805,reference,5.36,1,4302520
boston,2023-12-05,S1235987,low-cost,2.61,1,6530161
boston,2023-12-05,S448,reference,4.1,1,783
boston,2023-12-05,S452,reference,4.44,1,786
boston,2023-12-05,S521,reference,4.15,1,25772
boston,2023-12-05,S788805,reference,5.44,1,4302520
boston,2023-12-06,S1235987,low-cost,4.46,1,6530161
boston,2023-12-06,S448,reference,5.33,1,783
boston,2023-12-06,S452,reference,5.86,1,786
boston,2023-12-06,S521,reference,5.29,1,25772
boston,2023-12-06,S788805,reference,6.62,1,4302520
boston,2023-12-07,S1235987,low-cost,4.35,1,6530161
boston,2023-12-07,S448,reference,5.74,1,783
boston,2023-12-07,S452,reference,6.64,1,786
boston,2023-12-07,S521,reference,5.5,1,25772
boston,2023-12-07,S788805,reference,6.77,1,4302520
boston,2023-12-08,S1235987,low-cost,9.85,1,6530161
boston,2023-12-08,S448,reference,9.67,1,783
boston,2023-12-08,S452,reference,10.7,1,786
boston,2023-12-08,S521,reference,9.22,1,25772
boston,2023-12-08,S788805,reference,9.67,1,4302520
boston,2023-12-09,S1235987,low-cost,7.03,1,6530161
boston,2023-12-09,S448,reference,8.41,1,783
boston,2023-12-09,S452,reference,7.5,1,786
boston,2023-12-09,S521,reference,7.63,1,25772
boston,2023-12-09,S788805,reference,7.94,1,4302520
boston,2023-12-10,S1235987,low-cost,7.39,1,6530161
boston,2023-12-10,S448,reference,9.61,1,783
boston,2023-12-10,S452,reference,10.1,1,786
boston,2023-12-10,S521,reference,9.24,1,25772
boston,2023-12-10,S788805,reference,9.75,1,4302520
boston,2023-12-11,S1235987,low-cost,0.208,1,6530161
boston,2023-12-11,S448,reference,1.64,1,783
boston,2023-12-11,S452,reference,2.13,1,786
boston,2023-12-11,S521,reference,1.53,1,25772
boston,2023-12-11,S788805,reference,2.56,1,4302520
boston,2023-12-12,S1235987,low-cost,2.02,1,6530161
boston,2023-12-12,S448,reference,3.69,1,783
boston,2023-12-12,S452,reference,3.91,1,786
boston,2023-12-12,S521,reference,3.37,1,25772
boston,2023-12-12,S788805,reference,4.04,1,4302520
boston,2023-12-13,S1235987,low-cost,4.28,1,6530161
boston,2023-12-13,S448,reference,5.29,1,783
boston,2023-12-13,S452,reference,5.77,1,786
boston,2023-12-13,S521,reference,5.09,1,25772
boston,2023-12-13,S788805,reference,6.5,1,4302520
boston,2023-12-14,S1235987,low-cost,0.611,1,6530161
boston,2023-12-14,S448,reference,2.5,1,783
boston,2023-12-14,S452,reference,2.9,1,786
boston,2023-12-14,S521,reference,2.1,1,25772
boston,2023-12-14,S788805,reference,3.0,1,4302520
boston,2023-12-15,S1235987,low-cost,5.46,1,6530161
boston,2023-12-15,S448,reference,7.11,1,783
boston,2023-12-15,S452,reference,7.8,1,786
boston,2023-12-15,S521,reference,7.05,1,25772
boston,2023-12-15,S788805,reference,8.87,1,4302520
boston,2023-12-16,S1235987,low-cost,6.97,1,6530161
boston,2023-12-16,S448,reference,7.89,1,783
boston,2023-12-16,S452,reference,8.07,1,786
boston,2023-12-16,S521,reference,7.83,1,25772
boston,2023-12-16,S788805,reference,8.38,1,4302520
boston,2023-12-17,S448,reference,7.46,1,783
boston,2023-12-17,S452,reference,7.37,1,786
boston,2023-12-17,S521,reference,7.51,1,25772
boston,2023-12-17,S788805,reference,7.99,1,4302520
boston,2023-12-18,S1235987,low-cost,0.702,1,6530161
boston,2023-12-18,S448,reference,3.99,1,783
boston,2023-12-18,S452,reference,4.49,1,786
boston,2023-12-18,S521,reference,4.09,1,25772
boston,2023-12-18,S788805,reference,4.94,1,4302520
boston,2023-12-19,S1235987,low-cost,0.594,1,6530161
boston,2023-12-19,S448,reference,2.44,1,783
boston,2023-12-19,S452,reference,2.72,1,786
boston,2023-12-19,S521,reference,2.32,1,25772
boston,2023-12-19,S788805,reference,3.49,1,4302520
boston,2023-12-20,S1235987,low-cost,0.882,1,6530161
boston,2023-12-20,S448,reference,2.87,1,783
boston,2023-12-20,S452,reference,3.34,1,786
boston,2023-12-20,S521,reference,2.79,1,25772
boston,2023-12-20,S788805,reference,4.34,1,4302520
boston,2023-12-21,S1235987,low-cost,1.08,1,6530161
boston,2023-12-21,S448,reference,3.23,1,783
boston,2023-12-21,S452,reference,3.66,1,786
boston,2023-12-21,S521,reference,3.29,1,25772
boston,2023-12-21,S788805,reference,4.66,1,4302520
boston,2023-12-22,S1235987,low-cost,2.56,1,6530161
boston,2023-12-22,S448,reference,5.12,1,783
boston,2023-12-22,S452,reference,5.59,1,786
boston,2023-12-22,S521,reference,4.25,1,25772
boston,2023-12-22,S788805,reference,5.15,1,4302520
boston,2023-12-23,S1235987,low-cost,6.07,1,6530161
boston,2023-12-23,S448,reference,7.75,1,783
boston,2023-12-23,S452,reference,6.97,1,786
boston,2023-12-23,S521,reference,8.03,1,25772
boston,2023-12-23,S788805,reference,6.39,1,4302520
boston,2023-12-24,S1235987,low-cost,3.36,1,6530161
boston,2023-12-24,S448,reference,5.32,1,783
boston,2023-12-24,S452,reference,4.84,1,786
boston,2023-12-24,S521,reference,5.76,1,25772
boston,2023-12-24,S788805,reference,5.26,1,4302520
boston,2023-12-25,S1235987,low-cost,5.51,1,6530161
boston,2023-12-25,S448,reference,6.88,1,783
boston,2023-12-25,S452,reference,6.2,1,786
boston,2023-12-25,S521,reference,6.7,1,25772
boston,2023-12-25,S788805,reference,6.92,1,4302520
boston,2023-12-26,S1235987,low-cost,8.24,1,6530161
boston,2023-12-26,S448,reference,7.43,1,783
boston,2023-12-26,S452,reference,7.86,1,786
boston,2023-12-26,S521,reference,7.55,1,25772
boston,2023-12-26,S788805,reference,10.4,1,4302520
boston,2023-12-27,S1235987,low-cost,7.2,1,6530161
boston,2023-12-27,S448,reference,7.71,1,783
boston,2023-12-27,S452,reference,6.93,1,786
boston,2023-12-27,S521,reference,7.73,1,25772
boston,2023-12-27,S788805,reference,8.18,1,4302520
boston,2023-12-28,S1235987,low-cost,0.723,1,6530161
boston,2023-12-28,S448,reference,2.22,1,783
boston,2023-12-28,S452,reference,2.47,1,786
boston,2023-12-28,S521,reference,2.25,1,25772
boston,2023-12-28,S788805,reference,3.63,1,4302520
boston,2023-12-29,S1235987,low-cost,3.06,1,6530161
boston,2023-12-29,S448,reference,4.76,1,783
boston,2023-12-29,S452,reference,4.19,1,786
boston,2023-12-29,S521,reference,4.02,1,25772
boston,2023-12-29,S788805,reference,4.68,1,4302520
boston,2023-12-30,S1235987,low-cost,1.85,1,6530161
boston,2023-12-30,S448,reference,3.13,1,783
boston,2023-12-30,S452,reference,3.74,1,786
boston,2023-12-30,S521,reference,2.81,1,25772
boston,2023-12-30,S788805,reference,4.37,1,4302520
boston,2023-12-31,S1235987,low-cost,1.3,1,6530161
boston,2023-12-31,S448,reference,2.35,1,783
boston,2023-12-31,S452,reference,2.56,1,786
boston,2023-12-31,S521,reference,2.13,1,25772
boston,2023-12-31,S788805,reference,3.77,1,4302520
boston,2024-01-01,S1235987,low-cost,3.51,1,6530161
boston,2024-01-01,S448,reference,4.43,1,783
boston,2024-01-01,S452,reference,4.61,1,786
boston,2024-01-01,S521,reference,4.4,1,25772
boston,2024-01-01,S788805,reference,5.07,1,4302520
boston,2024-01-02,S1235987,low-cost,4.82,1,6530161
boston,2024-01-02,S448,reference,6.02,1,783
boston,2024-01-02,S452,reference,6.24,1,786
boston,2024-01-02,S521,reference,5.61,1,25772
boston,2024-01-02,S788805,reference,6.24,1,4302520
boston,2024-01-03,S1235987,low-cost,5.81,1,6530161
boston,2024-01-03,S448,reference,6.05,1,783
boston,2024-01-03,S452,reference,7.16,1,786
boston,2024-01-03,S521,reference,6.6,1,25772
boston,2024-01-03,S788805,reference,7.74,1,4302520
boston,2024-01-04,S1235987,low-cost,3.35,1,6530161
boston,2024-01-04,S448,reference,3.54,1,783
boston,2024-01-04,S452,reference,4.6,1,786
boston,2024-01-04,S521,reference,4.18,1,25772
boston,2024-01-04,S788805,reference,5.29,1,4302520
boston,2024-01-05,S1235987,low-cost,0.884,1,6530161
boston,2024-01-05,S448,reference,2.83,1,783
boston,2024-01-05,S452,reference,3.37,1,786
boston,2024-01-05,S521,reference,2.71,1,25772
boston,2024-01-05,S788805,reference,4.0,1,4302520
boston,2024-01-06,S1235987,low-cost,5.64,1,6530161
boston,2024-01-06,S448,reference,6.41,1,783
boston,2024-01-06,S452,reference,6.67,1,786
boston,2024-01-06,S521,reference,6.88,1,25772
boston,2024-01-06,S788805,reference,7.21,1,4302520
boston,2024-01-07,S448,reference,3.0,1,783
boston,2024-01-07,S452,reference,3.87,1,786
boston,2024-01-07,S521,reference,3.07,1,25772
boston,2024-01-07,S788805,reference,4.77,1,4302520
boston,2024-01-08,S448,reference,4.73,1,783
boston,2024-01-08,S452,reference,8.0,1,786
boston,2024-01-08,S521,reference,4.68,1,25772
boston,2024-01-08,S788805,reference,6.12,1,4302520
boston,2024-01-09,S448,reference,6.63,1,783
boston,2024-01-09,S452,reference,6.8,1,786
boston,2024-01-09,S521,reference,6.91,1,25772
boston,2024-01-09,S788805,reference,6.95,1,4302520
boston,2024-01-10,S448,reference,2.73,1,783
boston,2024-01-10,S452,reference,3.25,1,786
boston,2024-01-10,S521,reference,2.7,1,25772
boston,2024-01-10,S788805,reference,3.75,1,4302520
boston,2024-01-11,S1235987,low-cost,1.19,1,6530161
boston,2024-01-11,S448,reference,3.2,1,783
boston,2024-01-11,S452,reference,3.43,1,786
boston,2024-01-11,S521,reference,2.94,1,25772
boston,2024-01-11,S788805,reference,3.61,1,4302520
boston,2024-01-12,S1235987,low-cost,5.05,1,6530161
boston,2024-01-12,S448,reference,5.7,1,783
boston,2024-01-12,S452,reference,5.69,1,786
boston,2024-01-12,S521,reference,5.79,1,25772
boston,2024-01-12,S788805,reference,6.2,1,4302520
boston,2024-01-13,S1235987,low-cost,1.39,1,6530161
boston,2024-01-13,S448,reference,4.7,1,783
boston,2024-01-13,S452,reference,4.6,1,786
boston,2024-01-13,S521,reference,4.43,1,25772
boston,2024-01-13,S788805,reference,6.19,1,4302520
boston,2024-01-14,S1235987,low-cost,1.21,1,6530161
boston,2024-01-14,S448,reference,3.61,1,783
boston,2024-01-14,S452,reference,4.86,1,786
boston,2024-01-14,S521,reference,3.48,1,25772
boston,2024-01-14,S788805,reference,4.6,1,4302520
boston,2024-01-15,S1235987,low-cost,1.99,1,6530161
boston,2024-01-15,S448,reference,5.12,1,783
boston,2024-01-15,S452,reference,7.17,1,786
boston,2024-01-15,S521,reference,4.49,1,25772
boston,2024-01-15,S788805,reference,5.2,1,4302520
boston,2024-01-16,S1235987,low-cost,5.64,1,6530161
boston,2024-01-16,S448,reference,6.26,1,783
boston,2024-01-16,S452,reference,7.58,1,786
boston,2024-01-16,S521,reference,6.26,1,25772
boston,2024-01-16,S788805,reference,7.63,1,4302520
boston,2024-01-17,S1235987,low-cost,4.59,1,6530161
boston,2024-01-17,S448,reference,6.77,1,783
boston,2024-01-17,S452,reference,13.5,1,786
boston,2024-01-17,S521,reference,6.0,1,25772
boston,2024-01-17,S788805,reference,8.82,1,4302520
boston,2024-01-18,S1235987,low-cost,6.02,1,6530161
boston,2024-01-18,S448,reference,8.56,1,783
boston,2024-01-18,S452,reference,11.3,1,786
boston,2024-01-18,S521,reference,7.95,1,25772
boston,2024-01-18,S788805,reference,10.5,1,4302520
boston,2024-01-19,S1235987,low-cost,7.32,1,6530161
boston,2024-01-19,S448,reference,9.07,1,783
boston,2024-01-19,S521,reference,8.53,1,25772
boston,2024-01-19,S788805,reference,10.6,1,4302520
boston,2024-01-20,S1235987,low-cost,1.3,1,6530161
boston,2024-01-20,S448,reference,4.15,1,783
boston,2024-01-20,S452,reference,4.94,1,786
boston,2024-01-20,S521,reference,3.99,1,25772
boston,2024-01-20,S788805,reference,5.5,1,4302520
boston,2024-01-21,S1235987,low-cost,0.77,1,6530161
boston,2024-01-21,S448,reference,5.63,1,783
boston,2024-01-21,S452,reference,10.1,1,786
boston,2024-01-21,S521,reference,4.0,1,25772
boston,2024-01-21,S788805,reference,6.84,1,4302520
boston,2024-01-22,S1235987,low-cost,1.9,1,6530161
boston,2024-01-22,S448,reference,7.32,1,783
boston,2024-01-22,S452,reference,9.74,1,786
boston,2024-01-22,S521,reference,5.66,1,25772
boston,2024-01-22,S788805,reference,7.38,1,4302520
boston,2024-01-23,S1235987,low-cost,6.11,1,6530161
boston,2024-01-23,S448,reference,8.39,1,783
boston,2024-01-23,S452,reference,11.3,1,786
boston,2024-01-23,S521,reference,8.0,1,25772
boston,2024-01-23,S788805,reference,10.0,1,4302520
boston,2024-01-24,S1235987,low-cost,12.2,1,6530161
boston,2024-01-24,S448,reference,10.0,1,783
boston,2024-01-24,S452,reference,14.3,1,786
boston,2024-01-24,S521,reference,10.8,1,25772
boston,2024-01-24,S788805,reference,13.1,1,4302520
boston,2024-01-25,S1235987,low-cost,3.9,1,6530161
boston,2024-01-25,S448,reference,4.69,1,783
boston,2024-01-25,S452,reference,5.17,1,786
boston,2024-01-25,S521,reference,5.11,1,25772
boston,2024-01-25,S788805,reference,5.41,1,4302520
boston,2024-01-26,S1235987,low-cost,1.25,1,6530161
boston,2024-01-26,S448,reference,3.83,1,783
boston,2024-01-26,S452,reference,3.38,1,786
boston,2024-01-26,S521,reference,3.48,1,25772
boston,2024-01-26,S788805,reference,4.76,1,4302520
boston,2024-01-27,S448,reference,5.04,1,783
boston,2024-01-27,S452,reference,5.06,1,786
boston,2024-01-27,S521,reference,4.92,1,25772
boston,2024-01-27,S788805,reference,5.74,1,4302520
boston,2024-01-28,S1235987,low-cost,2.78,1,6530161
boston,2024-01-28,S448,reference,4.2,1,783
boston,2024-01-28,S452,reference,4.28,1,786
boston,2024-01-28,S521,reference,4.48,1,25772
boston,2024-01-28,S788805,reference,5.06,1,4302520
boston,2024-01-29,S448,reference,2.45,1,783
boston,2024-01-29,S452,reference,2.84,1,786
boston,2024-01-29,S521,reference,2.6,1,25772
boston,2024-01-29,S788805,reference,4.21,1,4302520
boston,2024-01-30,S1235987,low-cost,0.21,1,6530161
boston,2024-01-30,S448,reference,3.88,1,783
boston,2024-01-30,S452,reference,3.6,1,786
boston,2024-01-30,S521,reference,4.65,1,25772
boston,2024-01-30,S788805,reference,4.37,1,4302520
boston,2024-01-31,S1235987,low-cost,2.01,1,6530161
boston,2024-01-31,S448,reference,4.65,1,783
boston,2024-01-31,S452,reference,7.41,1,786
boston,2024-01-31,S521,reference,4.85,1,25772
boston,2024-01-31,S788805,reference,5.49,1,4302520
boston,2024-02-02,S1235987,low-cost,12.7,1,6530161
boston,2024-02-02,S448,reference,12.3,1,783
boston,2024-02-02,S452,reference,13.6,1,786
boston,2024-02-02,S521,reference,12.4,1,25772
boston,2024-02-02,S788805,reference,15.4,1,4302520
boston,2024-02-03,S1235987,low-cost,1.4,1,6530161
boston,2024-02-03,S448,reference,3.57,1,783
boston,2024-02-03,S452,reference,4.63,1,786
boston,2024-02-03,S521,reference,4.11,1,25772
boston,2024-02-03,S788805,reference,5.53,1,4302520
boston,2024-02-04,S1235987,low-cost,1.65,1,6530161
boston,2024-02-04,S448,reference,3.66,1,783
boston,2024-02-04,S452,reference,4.13,1,786
boston,2024-02-04,S521,reference,3.87,1,25772
boston,2024-02-04,S788805,reference,5.28,1,4302520
boston,2024-02-05,S448,reference,2.81,1,783
boston,2024-02-05,S452,reference,3.44,1,786
boston,2024-02-05,S521,reference,3.14,1,25772
boston,2024-02-05,S788805,reference,4.12,1,4302520
boston,2024-02-06,S448,reference,3.36,1,783
boston,2024-02-06,S452,reference,2.97,1,786
boston,2024-02-06,S521,reference,3.33,1,25772
boston,2024-02-06,S788805,reference,3.46,1,4302520
boston,2024-02-07,S448,reference,4.49,1,783
boston,2024-02-07,S452,reference,4.68,1,786
boston,2024-02-07,S521,reference,4.51,1,25772
boston,2024-02-07,S788805,reference,4.73,1,4302520
boston,2024-02-08,S448,reference,6.15,1,783
boston,2024-02-08,S452,reference,8.08,1,786
boston,2024-02-08,S521,reference,6.71,1,25772
boston,2024-02-08,S788805,reference,7.3,1,4302520
boston,2024-02-09,S448,reference,6.5,1,783
boston,2024-02-09,S452,reference,6.98,1,786
boston,2024-02-09,S521,reference,6.74,1,25772
boston,2024-02-09,S788805,reference,8.37,1,4302520
boston,2024-02-10,S1235987,low-cost,9.77,1,6530161
boston,2024-02-10,S448,reference,10.7,1,783
boston,2024-02-10,S452,reference,12.2,1,786
boston,2024-02-10,S521,reference,10.8,1,25772
boston,2024-02-10,S788805,reference,13.4,1,4302520
boston,2024-02-11,S448,reference,3.74,1,783
boston,2024-02-11,S452,reference,4.75,1,786
boston,2024-02-11,S521,reference,3.82,1,25772
boston,2024-02-11,S788805,reference,5.41,1,4302520
boston,2024-02-12,S1235987,low-cost,1.69,1,6530161
boston,2024-02-12,S448,reference,4.05,1,783
boston,2024-02-12,S452,reference,4.75,1,786
boston,2024-02-12,S521,reference,3.87,1,25772
boston,2024-02-12,S788805,reference,4.51,1,4302520
boston,2024-02-13,S1235987,low-cost,1.61,1,6530161
boston,2024-02-13,S448,reference,4.1,1,783
boston,2024-02-13,S452,reference,5.04,1,786
boston,2024-02-13,S521,reference,4.35,1,25772
boston,2024-02-13,S788805,reference,5.42,1,4302520
boston,2024-02-14,S1235987,low-cost,0.624,1,6530161
boston,2024-02-14,S448,reference,2.73,1,783
boston,2024-02-14,S452,reference,5.1,1,786
boston,2024-02-14,S521,reference,3.12,1,25772
boston,2024-02-14,S788805,reference,4.07,1,4302520
boston,2024-02-15,S1235987,low-cost,0.306,1,6530161
boston,2024-02-15,S448,reference,2.53,1,783
boston,2024-02-15,S452,reference,4.14,1,786
boston,2024-02-15,S521,reference,2.81,1,25772
boston,2024-02-15,S788805,reference,3.51,1,4302520
boston,2024-02-16,S1235987,low-cost,2.73,1,6530161
boston,2024-02-16,S448,reference,4.76,1,783
boston,2024-02-16,S452,reference,6.27,1,786
boston,2024-02-16,S521,reference,4.3,1,25772
boston,2024-02-16,S788805,reference,6.3,1,4302520
boston,2024-02-17,S1235987,low-cost,1.27,1,6530161
boston,2024-02-17,S448,reference,3.51,1,783
boston,2024-02-17,S452,reference,4.48,1,786
boston,2024-02-17,S521,reference,3.47,1,25772
boston,2024-02-17,S788805,reference,4.84,1,4302520
boston,2024-02-18,S1235987,low-cost,4.04,1,6530161
boston,2024-02-18,S448,reference,5.5,1,783
boston,2024-02-18,S452,reference,5.93,1,786
boston,2024-02-18,S521,reference,5.3,1,25772
boston,2024-02-18,S788805,reference,6.34,1,4302520
boston,2024-02-19,S1235987,low-cost,2.02,1,6530161
boston,2024-02-19,S448,reference,3.78,1,783
boston,2024-02-19,S452,reference,4.46,1,786
boston,2024-02-19,S521,reference,3.81,1,25772
boston,2024-02-19,S788805,reference,4.87,1,4302520
boston,2024-02-20,S1235987,low-cost,0.751,1,6530161
boston,2024-02-20,S448,reference,3.71,1,783
boston,2024-02-20,S452,reference,4.11,1,786
boston,2024-02-20,S521,reference,3.9,1,25772
boston,2024-02-20,S788805,reference,4.0,1,4302520
boston,2024-02-21,S1235987,low-cost,3.43,1,6530161
boston,2024-02-21,S448,reference,6.11,1,783
boston,2024-02-21,S452,reference,6.34,1,786
boston,2024-02-21,S521,reference,5.87,1,25772
boston,2024-02-21,S788805,reference,5.73,1,4302520
boston,2024-02-22,S1235987,low-cost,3.42,1,6530161
boston,2024-02-22,S448,reference,6.34,1,783
boston,2024-02-22,S452,reference,8.2,1,786
boston,2024-02-22,S521,reference,6.7,1,25772
boston,2024-02-22,S788805,reference,7.39,1,4302520
boston,2024-02-23,S1235987,low-cost,10.1,1,6530161
boston,2024-02-23,S448,reference,11.5,1,783
boston,2024-02-23,S452,reference,12.7,1,786
boston,2024-02-23,S521,reference,11.0,1,25772
boston,2024-02-23,S788805,reference,14.4,1,4302520
boston,2024-02-24,S448,reference,6.16,1,783
boston,2024-02-24,S452,reference,7.55,1,786
boston,2024-02-24,S521,reference,6.48,1,25772
boston,2024-02-24,S788805,reference,8.45,1,4302520
boston,2024-02-25,S1235987,low-cost,0.7,1,6530161
boston,2024-02-25,S448,reference,3.22,1,783
boston,2024-02-25,S452,reference,3.61,1,786
boston,2024-02-25,S521,reference,3.43,1,25772
boston,2024-02-25,S788805,reference,3.63,1,4302520
boston,2024-02-26,S1235987,low-cost,2.86,1,6530161
boston,2024-02-26,S448,reference,5.55,1,783
boston,2024-02-26,S452,reference,6.93,1,786
boston,2024-02-26,S521,reference,5.87,1,25772
boston,2024-02-26,S788805,reference,6.7,1,4302520
boston,2024-02-27,S1235987,low-cost,6.54,1,6530161
boston,2024-02-27,S448,reference,8.51,1,783
boston,2024-02-27,S452,reference,8.75,1,786
boston,2024-02-27,S521,reference,9.56,1,25772
boston,2024-02-27,S788805,reference,10.5,1,4302520
boston,2024-02-28,S1235987,low-cost,4.23,1,6530161
boston,2024-02-28,S448,reference,6.82,1,783
boston,2024-02-28,S452,reference,7.77,1,786
boston,2024-02-28,S521,reference,6.95,1,25772
boston,2024-02-28,S788805,reference,7.6,1,4302520
boston,2024-02-29,S1235987,low-cost,0.0504,1,6530161
boston,2024-02-29,S448,reference,2.11,1,783
boston,2024-02-29,S452,reference,3.85,1,786
boston,2024-02-29,S521,reference,2.43,1,25772
boston,2024-02-29,S788805,reference,3.38,1,4302520
boston,2024-03-01,S448,reference,4.87,1,783
boston,2024-03-01,S452,reference,5.2,1,786
boston,2024-03-01,S521,reference,4.94,1,25772
boston,2024-03-01,S788805,reference,5.37,1,4302520
boston,2024-03-02,S1235987,low-cost,3.24,1,6530161
boston,2024-03-02,S448,reference,5.51,1,783
boston,2024-03-02,S452,reference,5.26,1,786
boston,2024-03-02,S521,reference,6.31,1,25772
boston,2024-03-02,S788805,reference,5.81,1,4302520
boston,2024-03-03,S1235987,low-cost,1.05,1,6530161
boston,2024-03-03,S448,reference,2.8,1,783
boston,2024-03-03,S452,reference,3.66,1,786
boston,2024-03-03,S521,reference,2.99,1,25772
boston,2024-03-03,S788805,reference,3.97,1,4302520
boston,2024-03-04,S1235987,low-cost,1.97,1,6530161
boston,2024-03-04,S448,reference,4.37,1,783
boston,2024-03-04,S452,reference,4.1,1,786
boston,2024-03-04,S521,reference,4.67,1,25772
boston,2024-03-04,S788805,reference,5.02,1,4302520
boston,2024-03-05,S1235987,low-cost,2.55,1,6530161
boston,2024-03-05,S448,reference,3.9,1,783
boston,2024-03-05,S452,reference,3.26,1,786
boston,2024-03-05,S521,reference,4.38,1,25772
boston,2024-03-05,S788805,reference,4.6,1,4302520
boston,2024-03-06,S1235987,low-cost,6.15,1,6530161
boston,2024-03-06,S448,reference,6.4,1,783
boston,2024-03-06,S452,reference,6.06,1,786
boston,2024-03-06,S521,reference,6.53,1,25772
boston,2024-03-06,S788805,reference,6.7,1,4302520
boston,2024-03-07,S1235987,low-cost,0.0713,1,6530161
boston,2024-03-07,S448,reference,1.25,1,783
boston,2024-03-07,S452,reference,1.39,1,786
boston,2024-03-07,S521,reference,1.44,1,25772
boston,2024-03-07,S788805,reference,2.99,1,4302520
boston,2024-03-08,S1235987,low-cost,1.02,1,6530161
boston,2024-03-08,S448,reference,3.62,1,783
boston,2024-03-08,S452,reference,3.34,1,786
boston,2024-03-08,S521,reference,3.22,1,25772
boston,2024-03-08,S788805,reference,3.59,1,4302520
boston,2024-03-09,S1235987,low-cost,2.88,1,6530161
boston,2024-03-09,S448,reference,6.57,1,783
boston,2024-03-09,S452,reference,6.57,1,786
boston,2024-03-09,S521,reference,6.78,1,25772
boston,2024-03-09,S788805,reference,8.24,1,4302520
boston,2024-03-10,S1235987,low-cost,0.153,1,6530161
boston,2024-03-10,S448,reference,1.73,1,783
boston,2024-03-10,S452,reference,2.41,1,786
boston,2024-03-10,S521,reference,1.69,1,25772
boston,2024-03-10,S788805,reference,3.32,1,4302520
boston,2024-03-11,S448,reference,1.2,1,783
boston,2024-03-11,S452,reference,1.8,1,786
boston,2024-03-11,S521,reference,1.23,1,25772
boston,2024-03-11,S788805,reference,2.4,1,4302520
boston,2024-03-12,S448,reference,2.05,1,783
boston,2024-03-12,S452,reference,2.52,1,786
boston,2024-03-12,S521,reference,1.98,1,25772
boston,2024-03-12,S788805,reference,3.54,1,4302520
boston,2024-03-13,S448,reference,3.4,1,783
boston,2024-03-13,S452,reference,3.02,1,786
boston,2024-03-13,S521,reference,3.23,1,25772
boston,2024-03-13,S788805,reference,3.4,1,4302520
boston,2024-03-14,S448,reference,5.23,1,783
boston,2024-03-14,S452,reference,4.18,1,786
boston,2024-03-14,S521,reference,5.61,1,25772
boston,2024-03-14,S788805,reference,5.05,1,4302520
boston,2024-03-15,S1235987,low-cost,2.14,1,6530161
boston,2024-03-15,S448,reference,4.98,1,783
boston,2024-03-15,S452,reference,4.66,1,786
boston,2024-03-15,S521,reference,4.83,1,25772
boston,2024-03-15,S788805,reference,6.18,1,4302520
boston,2024-03-16,S448,reference,4.52,1,783
boston,2024-03-16,S452,reference,4.72,1,786
boston,2024-03-16,S521,reference,4.43,1,25772
boston,2024-03-16,S788805,reference,5.42,1,4302520
boston,2024-03-17,S1235987,low-cost,2.06,1,6530161
boston,2024-03-17,S448,reference,4.4,1,783
boston,2024-03-17,S452,reference,4.8,1,786
boston,2024-03-17,S521,reference,4.54,1,25772
boston,2024-03-17,S788805,reference,5.56,1,4302520
boston,2024-03-18,S1235987,low-cost,0.263,1,6530161
boston,2024-03-18,S448,reference,2.29,1,783
boston,2024-03-18,S452,reference,2.75,1,786
boston,2024-03-18,S521,reference,2.38,1,25772
boston,2024-03-18,S788805,reference,3.36,1,4302520
boston,2024-03-19,S1235987,low-cost,0.237,1,6530161
boston,2024-03-19,S448,reference,1.91,1,783
boston,2024-03-19,S452,reference,2.45,1,786
boston,2024-03-19,S521,reference,1.99,1,25772
boston,2024-03-19,S788805,reference,2.87,1,4302520
boston,2024-03-21,S1235987,low-cost,0.278,1,6530161
boston,2024-03-21,S448,reference,1.62,1,783
boston,2024-03-21,S452,reference,1.91,1,786
boston,2024-03-21,S521,reference,1.67,1,25772
boston,2024-03-21,S788805,reference,2.56,1,4302520
boston,2024-03-22,S1235987,low-cost,0.245,1,6530161
boston,2024-03-22,S448,reference,2.74,1,783
boston,2024-03-22,S452,reference,3.06,1,786
boston,2024-03-22,S521,reference,2.74,1,25772
boston,2024-03-22,S788805,reference,3.62,1,4302520
boston,2024-03-23,S1235987,low-cost,2.69,1,6530161
boston,2024-03-23,S448,reference,4.6,1,783
boston,2024-03-23,S452,reference,5.05,1,786
boston,2024-03-23,S521,reference,3.97,1,25772
boston,2024-03-23,S788805,reference,5.41,1,4302520
boston,2024-03-24,S1235987,low-cost,0.582,1,6530161
boston,2024-03-24,S448,reference,2.77,1,783
boston,2024-03-24,S452,reference,3.67,1,786
boston,2024-03-24,S521,reference,2.93,1,25772
boston,2024-03-24,S788805,reference,4.19,1,4302520
boston,2024-03-25,S448,reference,5.18,1,783
boston,2024-03-25,S452,reference,5.36,1,786
boston,2024-03-25,S521,reference,5.3,1,25772
boston,2024-03-25,S788805,reference,6.03,1,4302520
boston,2024-03-26,S1235987,low-cost,1.23,1,6530161
boston,2024-03-26,S448,reference,4.38,1,783
boston,2024-03-26,S452,reference,4.67,1,786
boston,2024-03-26,S521,reference,4.4,1,25772
boston,2024-03-26,S788805,reference,6.72,1,4302520
boston,2024-03-27,S448,reference,5.55,1,783
boston,2024-03-27,S452,reference,5.16,1,786
boston,2024-03-27,S521,reference,5.74,1,25772
boston,2024-03-27,S788805,reference,6.15,1,4302520
boston,2024-03-28,S448,reference,5.86,1,783
boston,2024-03-28,S452,reference,7.11,1,786
boston,2024-03-28,S521,reference,6.67,1,25772
boston,2024-03-28,S788805,reference,7.22,1,4302520
boston,2024-03-29,S448,reference,4.35,1,783
boston,2024-03-29,S452,reference,5.11,1,786
boston,2024-03-29,S521,reference,4.31,1,25772
boston,2024-03-29,S788805,reference,5.75,1,4302520
boston,2024-03-30,S1235987,low-cost,0.263,1,6530161
boston,2024-03-30,S448,reference,2.43,1,783
boston,2024-03-30,S452,reference,2.85,1,786
boston,2024-03-30,S521,reference,2.34,1,25772
boston,2024-03-30,S788805,reference,3.47,1,4302520
boston,2024-03-31,S1235987,low-cost,0.684,1,6530161
boston,2024-03-31,S448,reference,2.81,1,783
boston,2024-03-31,S452,reference,3.78,1,786
boston,2024-03-31,S521,reference,2.82,1,25772
boston,2024-03-31,S788805,reference,3.85,1,4302520
boston,2024-04-01,S1235987,low-cost,4.26,1,6530161
boston,2024-04-01,S448,reference,6.66,1,783
boston,2024-04-01,S452,reference,5.93,1,786
boston,2024-04-01,S521,reference,6.49,1,25772
boston,2024-04-01,S788805,reference,7.18,1,4302520
boston,2024-04-02,S1235987,low-cost,5.64,1,6530161
boston,2024-04-02,S448,reference,7.01,1,783
boston,2024-04-02,S452,reference,6.07,1,786
boston,2024-04-02,S521,reference,6.49,1,25772
boston,2024-04-02,S788805,reference,7.94,1,4302520
boston,2024-04-03,S1235987,low-cost,1.23,1,6530161
boston,2024-04-03,S448,reference,5.1,1,783
boston,2024-04-03,S452,reference,5.16,1,786
boston,2024-04-03,S521,reference,5.15,1,25772
boston,2024-04-03,S788805,reference,6.98,1,4302520
boston,2024-04-04,S1235987,low-cost,0.261,1,6530161
boston,2024-04-04,S448,reference,3.33,1,783
boston,2024-04-04,S452,reference,4.18,1,786
boston,2024-04-04,S521,reference,3.15,1,25772
boston,2024-04-04,S788805,reference,6.59,1,4302520
boston,2024-04-05,S1235987,low-cost,0.0231,1,6530161
boston,2024-04-05,S448,reference,1.47,1,783
boston,2024-04-05,S452,reference,2.49,1,786
boston,2024-04-05,S521,reference,1.59,1,25772
boston,2024-04-05,S788805,reference,3.17,1,4302520
boston,2024-04-06,S1235987,low-cost,0.0136,1,6530161
boston,2024-04-06,S448,reference,1.27,1,783
boston,2024-04-06,S452,reference,2.89,1,786
boston,2024-04-06,S521,reference,1.44,1,25772
boston,2024-04-06,S788805,reference,3.4,1,4302520
boston,2024-04-07,S1235987,low-cost,0.272,1,6530161
boston,2024-04-07,S448,reference,1.98,1,783
boston,2024-04-07,S452,reference,3.15,1,786
boston,2024-04-07,S521,reference,1.98,1,25772
boston,2024-04-07,S788805,reference,2.88,1,4302520
boston,2024-04-08,S1235987,low-cost,1.04,1,6530161
boston,2024-04-08,S448,reference,3.77,1,783
boston,2024-04-08,S452,reference,4.98,1,786
boston,2024-04-08,S521,reference,3.92,1,25772
boston,2024-04-08,S788805,reference,4.57,1,4302520
boston,2024-04-09,S1235987,low-cost,1.31,1,6530161
boston,2024-04-09,S448,reference,4.53,1,783
boston,2024-04-09,S452,reference,4.68,1,786
boston,2024-04-09,S521,reference,4.74,1,25772
boston,2024-04-09,S788805,reference,4.76,1,4302520
boston,2024-04-10,S448,reference,5.75,1,783
boston,2024-04-10,S452,reference,5.59,1,786
boston,2024-04-10,S521,reference,6.34,1,25772
boston,2024-04-10,S788805,reference,6.62,1,4302520
boston,2024-04-11,S1235987,low-cost,6.83,1,6530161
boston,2024-04-11,S448,reference,9.7,1,783
boston,2024-04-11,S452,reference,9.21,1,786
boston,2024-04-11,S521,reference,10.1,1,25772
boston,2024-04-11,S788805,reference,9.51,1,4302520
boston,2024-04-12,S448,reference,7.47,1,783
boston,2024-04-12,S452,reference,7.48,1,786
boston,2024-04-12,S521,reference,7.79,1,25772
boston,2024-04-12,S788805,reference,7.98,1,4302520
boston,2024-04-13,S1235987,low-cost,0.661,1,6530161
boston,2024-04-13,S448,reference,4.0,1,783
boston,2024-04-13,S452,reference,4.2,1,786
boston,2024-04-13,S521,reference,4.17,1,25772
boston,2024-04-13,S788805,reference,5.28,1,4302520
boston,2024-04-14,S448,reference,3.04,1,783
boston,2024-04-14,S452,reference,3.41,1,786
boston,2024-04-14,S521,reference,3.15,1,25772
boston,2024-04-14,S788805,reference,3.58,1,4302520
boston,2024-04-15,S448,reference,5.57,1,783
boston,2024-04-15,S452,reference,6.27,1,786
boston,2024-04-15,S521,reference,5.56,1,25772
boston,2024-04-15,S788805,reference,6.86,1,4302520
boston,2024-04-16,S1235987,low-cost,0.755,1,6530161
boston,2024-04-16,S448,reference,3.3,1,783
boston,2024-04-16,S452,reference,3.76,1,786
boston,2024-04-16,S521,reference,3.18,1,25772
boston,2024-04-16,S788805,reference,4.22,1,4302520
boston,2024-04-17,S448,reference,3.25,1,783
boston,2024-04-17,S452,reference,2.82,1,786
boston,2024-04-17,S521,reference,3.44,1,25772
boston,2024-04-17,S788805,reference,3.38,1,4302520
boston,2024-04-18,S448,reference,3.48,1,783
boston,2024-04-18,S452,reference,3.22,1,786
boston,2024-04-18,S521,reference,3.6,1,25772
boston,2024-04-18,S788805,reference,4.0,1,4302520
boston,2024-04-19,S448,reference,3.56,1,783
boston,2024-04-19,S452,reference,3.2,1,786
boston,2024-04-19,S521,reference,3.68,1,25772
boston,2024-04-19,S788805,reference,3.98,1,4302520
boston,2024-04-20,S448,reference,4.31,1,783
boston,2024-04-20,S452,reference,4.8,1,786
boston,2024-04-20,S521,reference,4.2,1,25772
boston,2024-04-20,S788805,reference,5.43,1,4302520
boston,2024-04-21,S448,reference,2.24,1,783
boston,2024-04-21,S452,reference,2.44,1,786
boston,2024-04-21,S521,reference,2.23,1,25772
boston,2024-04-21,S788805,reference,3.21,1,4302520
boston,2024-04-22,S1235987,low-cost,0.834,1,6530161
boston,2024-04-22,S448,reference,3.28,1,783
boston,2024-04-22,S452,reference,3.54,1,786
boston,2024-04-22,S521,reference,3.25,1,25772
boston,2024-04-22,S788805,reference,4.06,1,4302520
boston,2024-04-23,S1235987,low-cost,2.94,1,6530161
boston,2024-04-23,S448,reference,5.04,1,783
boston,2024-04-23,S452,reference,5.3,1,786
boston,2024-04-23,S521,reference,5.25,1,25772
boston,2024-04-23,S788805,reference,8.33,1,4302520
boston,2024-04-24,S1235987,low-cost,1.15,1,6530161
boston,2024-04-24,S448,reference,3.67,1,783
boston,2024-04-24,S452,reference,4.1,1,786
boston,2024-04-24,S521,reference,3.93,1,25772
boston,2024-04-24,S788805,reference,5.59,1,4302520
boston,2024-04-25,S1235987,low-cost,1.14,1,6530161
boston,2024-04-25,S448,reference,3.46,1,783
boston,2024-04-25,S452,reference,3.75,1,786
boston,2024-04-25,S521,reference,3.65,1,25772
boston,2024-04-25,S788805,reference,4.16,1,4302520
boston,2024-04-26,S1235987,low-cost,1.38,1,6530161
boston,2024-04-26,S448,reference,4.45,1,783
boston,2024-04-26,S452,reference,4.5,1,786
boston,2024-04-26,S521,reference,4.52,1,25772
boston,2024-04-26,S788805,reference,4.72,1,4302520
boston,2024-04-27,S1235987,low-cost,1.38,1,6530161
boston,2024-04-27,S448,reference,4.17,1,783
boston,2024-04-27,S452,reference,4.82,1,786
boston,2024-04-27,S521,reference,4.37,1,25772
boston,2024-04-27,S788805,reference,5.01,1,4302520
boston,2024-04-28,S1235987,low-cost,2.98,1,6530161
boston,2024-04-28,S448,reference,5.68,1,783
boston,2024-04-28,S452,reference,6.11,1,786
boston,2024-04-28,S521,reference,5.75,1,25772
boston,2024-04-28,S788805,reference,6.19,1,4302520
boston,2024-04-29,S1235987,low-cost,3.83,1,6530161
boston,2024-04-29,S448,reference,5.47,1,783
boston,2024-04-29,S452,reference,5.78,1,786
boston,2024-04-29,S521,reference,5.62,1,25772
boston,2024-04-29,S788805,reference,5.87,1,4302520
boston,2024-04-30,S1235987,low-cost,1.49,1,6530161
boston,2024-04-30,S448,reference,4.17,1,783
boston,2024-04-30,S452,reference,4.02,1,786
boston,2024-04-30,S521,reference,4.53,1,25772
boston,2024-04-30,S788805,reference,4.33,1,4302520
boston,2024-05-01,S1235987,low-cost,1.79,1,6530161
boston,2024-05-01,S448,reference,4.46,1,783
boston,2024-05-01,S452,reference,3.77,1,786
boston,2024-05-01,S521,reference,5.33,1,25772
boston,2024-05-01,S788805,reference,4.59,1,4302520
boston,2024-05-02,S1235987,low-cost,3.09,1,6530161
boston,2024-05-02,S448,reference,5.37,1,783
boston,2024-05-02,S452,reference,5.53,1,786
boston,2024-05-02,S521,reference,5.42,1,25772
boston,2024-05-02,S788805,reference,5.91,1,4302520
boston,2024-05-03,S1235987,low-cost,1.43,1,6530161
boston,2024-05-03,S448,reference,3.62,1,783
boston,2024-05-03,S452,reference,3.14,1,786
boston,2024-05-03,S521,reference,3.77,1,25772
boston,2024-05-03,S788805,reference,3.61,1,4302520
boston,2024-05-04,S1235987,low-cost,1.96,1,6530161
boston,2024-05-04,S448,reference,4.31,1,783
boston,2024-05-04,S452,reference,4.17,1,786
boston,2024-05-04,S521,reference,4.32,1,25772
boston,2024-05-04,S788805,reference,4.23,1,4302520
boston,2024-05-05,S1235987,low-cost,1.46,1,6530161
boston,2024-05-05,S448,reference,4.75,1,783
boston,2024-05-05,S452,reference,5.08,1,786
boston,2024-05-05,S521,reference,6.48,1,25772
boston,2024-05-05,S788805,reference,5.15,1,4302520
boston,2024-05-06,S1235987,low-cost,2.27,1,6530161
boston,2024-05-06,S448,reference,3.95,1,783
boston,2024-05-06,S452,reference,4.66,1,786
boston,2024-05-06,S521,reference,4.01,1,25772
boston,2024-05-06,S788805,reference,4.29,1,4302520
boston,2024-05-07,S1235987,low-cost,2.6,1,6530161
boston,2024-05-07,S448,reference,5.35,1,783
boston,2024-05-07,S452,reference,5.15,1,786
boston,2024-05-07,S521,reference,5.13,1,25772
boston,2024-05-07,S788805,reference,5.14,1,4302520
boston,2024-05-08,S1235987,low-cost,8.65,1,6530161
boston,2024-05-08,S448,reference,8.1,1,783
boston,2024-05-08,S452,reference,7.9,1,786
boston,2024-05-08,S521,reference,8.51,1,25772
boston,2024-05-08,S788805,reference,8.13,1,4302520
boston,2024-05-09,S1235987,low-cost,2.0,1,6530161
boston,2024-05-09,S448,reference,4.0,1,783
boston,2024-05-09,S452,reference,3.96,1,786
boston,2024-05-09,S521,reference,4.09,1,25772
boston,2024-05-09,S788805,reference,4.26,1,4302520
boston,2024-05-10,S1235987,low-cost,0.018,1,6530161
boston,2024-05-10,S448,reference,2.73,1,783
boston,2024-05-10,S452,reference,2.44,1,786
boston,2024-05-10,S521,reference,2.81,1,25772
boston,2024-05-10,S788805,reference,2.89,1,4302520
boston,2024-05-11,S1235987,low-cost,0.818,1,6530161
boston,2024-05-11,S448,reference,3.23,1,783
boston,2024-05-11,S452,reference,3.2,1,786
boston,2024-05-11,S521,reference,3.58,1,25772
boston,2024-05-11,S788805,reference,3.55,1,4302520
boston,2024-05-12,S1235987,low-cost,2.82,1,6530161
boston,2024-05-12,S448,reference,4.38,1,783
boston,2024-05-12,S452,reference,4.5,1,786
boston,2024-05-12,S521,reference,4.21,1,25772
boston,2024-05-12,S788805,reference,4.27,1,4302520
boston,2024-05-13,S1235987,low-cost,2.8,1,6530161
boston,2024-05-13,S448,reference,5.26,1,783
boston,2024-05-13,S452,reference,5.29,1,786
boston,2024-05-13,S521,reference,5.49,1,25772
boston,2024-05-13,S788805,reference,5.76,1,4302520
boston,2024-05-14,S1235987,low-cost,3.16,1,6530161
boston,2024-05-14,S448,reference,5.88,1,783
boston,2024-05-14,S452,reference,5.97,1,786
boston,2024-05-14,S521,reference,6.23,1,25772
boston,2024-05-14,S788805,reference,6.21,1,4302520
boston,2024-05-15,S1235987,low-cost,2.58,1,6530161
boston,2024-05-15,S448,reference,4.55,1,783
boston,2024-05-15,S452,reference,4.87,1,786
boston,2024-05-15,S521,reference,5.01,1,25772
boston,2024-05-15,S788805,reference,4.81,1,4302520
boston,2024-05-16,S1235987,low-cost,3.03,1,6530161
boston,2024-05-16,S448,reference,4.42,1,783
boston,2024-05-16,S452,reference,4.43,1,786
boston,2024-05-16,S521,reference,4.6,1,25772
boston,2024-05-16,S788805,reference,4.53,1,4302520
boston,2024-05-17,S1235987,low-cost,2.78,1,6530161
boston,2024-05-17,S448,reference,4.98,1,783
boston,2024-05-17,S452,reference,5.13,1,786
boston,2024-05-17,S521,reference,4.98,1,25772
boston,2024-05-17,S788805,reference,5.33,1,4302520
boston,2024-05-18,S1235987,low-cost,0.814,1,6530161
boston,2024-05-18,S448,reference,3.31,1,783
boston,2024-05-18,S452,reference,3.51,1,786
boston,2024-05-18,S521,reference,3.22,1,25772
boston,2024-05-18,S788805,reference,3.63,1,4302520
boston,2024-05-19,S1235987,low-cost,0.526,1,6530161
boston,2024-05-19,S448,reference,2.62,1,783
boston,2024-05-19,S452,reference,2.59,1,786
boston,2024-05-19,S521,reference,2.49,1,25772
boston,2024-05-19,S788805,reference,2.93,1,4302520
boston,2024-05-20,S1235987,low-cost,1.03,1,6530161
boston,2024-05-20,S448,reference,3.54,1,783
boston,2024-05-20,S452,reference,3.43,1,786
boston,2024-05-20,S521,reference,3.97,1,25772
boston,2024-05-20,S788805,reference,3.71,1,4302520
boston,2024-05-21,S1235987,low-cost,3.97,1,6530161
boston,2024-05-21,S448,reference,5.49,1,783
boston,2024-05-21,S452,reference,5.81,1,786
boston,2024-05-21,S521,reference,6.85,1,25772
boston,2024-05-21,S788805,reference,5.72,1,4302520
boston,2024-05-22,S1235987,low-cost,5.35,1,6530161
boston,2024-05-22,S448,reference,7.2,1,783
boston,2024-05-22,S452,reference,7.45,1,786
boston,2024-05-22,S521,reference,7.93,1,25772
boston,2024-05-22,S788805,reference,7.45,1,4302520
boston,2024-05-23,S1235987,low-cost,6.88,1,6530161
boston,2024-05-23,S448,reference,7.34,1,783
boston,2024-05-23,S452,reference,8.41,1,786
boston,2024-05-23,S521,reference,8.17,1,25772
boston,2024-05-23,S788805,reference,7.31,1,4302520
boston,2024-05-24,S1235987,low-cost,2.89,1,6530161
boston,2024-05-24,S448,reference,5.38,1,783
boston,2024-05-24,S452,reference,6.36,1,786
boston,2024-05-24,S521,reference,5.36,1,25772
boston,2024-05-24,S788805,reference,5.83,1,4302520
boston,2024-05-25,S448,reference,3.39,1,783
boston,2024-05-25,S452,reference,3.56,1,786
boston,2024-05-25,S521,reference,3.43,1,25772
boston,2024-05-25,S788805,reference,3.66,1,4302520
boston,2024-05-26,S448,reference,9.63,1,783
boston,2024-05-26,S452,reference,10.1,1,786
boston,2024-05-26,S521,reference,9.82,1,25772
boston,2024-05-26,S788805,reference,8.98,1,4302520
boston,2024-05-27,S448,reference,6.7,1,783
boston,2024-05-27,S452,reference,6.75,1,786
boston,2024-05-27,S521,reference,6.85,1,25772
boston,2024-05-27,S788805,reference,6.5,1,4302520
boston,2024-05-28,S1235987,low-cost,3.87,1,6530161
boston,2024-05-28,S448,reference,5.35,1,783
boston,2024-05-28,S452,reference,5.88,1,786
boston,2024-05-28,S521,reference,5.52,1,25772
boston,2024-05-28,S788805,reference,5.52,1,4302520
boston,2024-05-29,S1235987,low-cost,1.64,1,6530161
boston,2024-05-29,S448,reference,4.02,1,783
boston,2024-05-29,S452,reference,4.25,1,786
boston,2024-05-29,S521,reference,3.95,1,25772
boston,2024-05-29,S788805,reference,4.08,1,4302520
boston,2024-05-30,S1235987,low-cost,3.61,1,6530161
boston,2024-05-30,S448,reference,5.11,1,783
boston,2024-05-30,S452,reference,5.7,1,786
boston,2024-05-30,S521,reference,5.16,1,25772
boston,2024-05-30,S788805,reference,5.86,1,4302520
boston,2024-05-31,S1235987,low-cost,2.74,1,6530161
boston,2024-05-31,S448,reference,4.81,1,783
boston,2024-05-31,S452,reference,5.54,1,786
boston,2024-05-31,S521,reference,4.79,1,25772
boston,2024-05-31,S788805,reference,6.43,1,4302520
boston,2024-06-01,S1235987,low-cost,3.15,1,6530161
boston,2024-06-01,S448,reference,5.32,1,783
boston,2024-06-01,S452,reference,5.85,1,786
boston,2024-06-01,S521,reference,5.46,1,25772
boston,2024-06-01,S788805,reference,6.33,1,4302520
boston,2024-06-02,S1235987,low-cost,5.41,1,6530161
boston,2024-06-02,S448,reference,7.4,1,783
boston,2024-06-02,S452,reference,8.6,1,786
boston,2024-06-02,S521,reference,7.21,1,25772
boston,2024-06-02,S788805,reference,8.35,1,4302520
boston,2024-06-03,S1235987,low-cost,5.04,1,6530161
boston,2024-06-03,S448,reference,7.3,1,783
boston,2024-06-03,S452,reference,7.59,1,786
boston,2024-06-03,S521,reference,7.63,1,25772
boston,2024-06-03,S788805,reference,7.36,1,4302520
boston,2024-06-04,S1235987,low-cost,1.55,1,6530161
boston,2024-06-04,S452,reference,4.07,1,786
boston,2024-06-04,S521,reference,4.28,1,25772
boston,2024-06-04,S788805,reference,4.15,1,4302520
boston,2024-06-05,S1235987,low-cost,4.6,1,6530161
boston,2024-06-05,S452,reference,7.07,1,786
boston,2024-06-05,S521,reference,6.83,1,25772
boston,2024-06-05,S788805,reference,7.0,1,4302520
boston,2024-06-06,S1235987,low-cost,6.37,1,6530161
boston,2024-06-06,S448,reference,6.4,1,783
boston,2024-06-06,S452,reference,7.31,1,786
boston,2024-06-06,S521,reference,6.11,1,25772
boston,2024-06-06,S788805,reference,6.08,1,4302520
boston,2024-06-07,S1235987,low-cost,4.19,1,6530161
boston,2024-06-07,S448,reference,5.43,1,783
boston,2024-06-07,S452,reference,5.63,1,786
boston,2024-06-07,S521,reference,5.05,1,25772
boston,2024-06-07,S788805,reference,5.24,1,4302520
boston,2024-06-08,S1235987,low-cost,0.912,1,6530161
boston,2024-06-08,S448,reference,3.25,1,783
boston,2024-06-08,S452,reference,3.58,1,786
boston,2024-06-08,S521,reference,3.08,1,25772
boston,2024-06-08,S788805,reference,3.9,1,4302520
boston,2024-06-09,S1235987,low-cost,1.44,1,6530161
boston,2024-06-09,S448,reference,3.38,1,783
boston,2024-06-09,S452,reference,3.68,1,786
boston,2024-06-09,S521,reference,3.09,1,25772
boston,2024-06-09,S788805,reference,3.77,1,4302520
boston,2024-06-10,S448,reference,3.33,1,783
boston,2024-06-10,S452,reference,3.57,1,786
boston,2024-06-10,S521,reference,3.18,1,25772
boston,2024-06-10,S788805,reference,3.89,1,4302520
boston,2024-06-11,S448,reference,3.65,1,783
boston,2024-06-11,S521,reference,3.69,1,25772
boston,2024-06-11,S788805,reference,3.65,1,4302520
boston,2024-06-12,S448,reference,6.04,1,783
boston,2024-06-12,S521,reference,5.65,1,25772
boston,2024-06-12,S788805,reference,5.46,1,4302520
boston,2024-06-13,S448,reference,7.57,1,783
boston,2024-06-13,S521,reference,7.65,1,25772
boston,2024-06-13,S788805,reference,7.59,1,4302520
boston,2024-06-14,S448,reference,8.52,1,783
boston,2024-06-14,S521,reference,8.66,1,25772
boston,2024-06-14,S788805,reference,8.38,1,4302520
boston,2024-06-15,S448,reference,6.14,1,783
boston,2024-06-15,S521,reference,5.72,1,25772
boston,2024-06-15,S788805,reference,7.05,1,4302520
boston,2024-06-16,S448,reference,4.38,1,783
boston,2024-06-16,S521,reference,4.45,1,25772
boston,2024-06-16,S788805,reference,4.34,1,4302520
boston,2024-06-17,S448,reference,6.3,1,783
boston,2024-06-17,S521,reference,6.22,1,25772
boston,2024-06-17,S788805,reference,6.18,1,4302520
boston,2024-06-18,S448,reference,10.7,1,783
boston,2024-06-18,S452,reference,11.1,1,786
boston,2024-06-18,S521,reference,12.2,1,25772
boston,2024-06-18,S788805,reference,9.93,1,4302520
boston,2024-06-19,S448,reference,10.1,1,783
boston,2024-06-19,S452,reference,10.5,1,786
boston,2024-06-19,S788805,reference,9.27,1,4302520
boston,2024-06-20,S448,reference,10.4,1,783
boston,2024-06-20,S452,reference,10.5,1,786
boston,2024-06-20,S788805,reference,9.78,1,4302520
boston,2024-06-21,S448,reference,7.94,1,783
boston,2024-06-21,S452,reference,7.96,1,786
boston,2024-06-21,S788805,reference,7.05,1,4302520
boston,2024-06-22,S448,reference,10.4,1,783
boston,2024-06-22,S452,reference,9.61,1,786
boston,2024-06-22,S521,reference,9.09,1,25772
boston,2024-06-22,S788805,reference,9.04,1,4302520
boston,2024-06-23,S448,reference,8.77,1,783
boston,2024-06-23,S452,reference,8.91,1,786
boston,2024-06-23,S521,reference,8.32,1,25772
boston,2024-06-23,S788805,reference,7.93,1,4302520
boston,2024-06-24,S448,reference,4.55,1,783
boston,2024-06-24,S452,reference,5.27,1,786
boston,2024-06-24,S521,reference,4.21,1,25772
boston,2024-06-24,S788805,reference,4.71,1,4302520
boston,2024-06-25,S448,reference,11.0,1,783
boston,2024-06-25,S452,reference,11.1,1,786
boston,2024-06-25,S521,reference,10.4,1,25772
boston,2024-06-25,S788805,reference,10.9,1,4302520
boston,2024-06-26,S448,reference,10.6,1,783
boston,2024-06-26,S452,reference,11.0,1,786
boston,2024-06-26,S521,reference,10.9,1,25772
boston,2024-06-26,S788805,reference,10.1,1,4302520
boston,2024-06-27,S448,reference,4.82,1,783
boston,2024-06-27,S452,reference,5.18,1,786
boston,2024-06-27,S521,reference,4.7,1,25772
boston,2024-06-27,S788805,reference,4.98,1,4302520
boston,2024-06-28,S448,reference,3.34,1,783
boston,2024-06-28,S452,reference,3.36,1,786
boston,2024-06-28,S521,reference,3.28,1,25772
boston,2024-06-28,S788805,reference,3.5,1,4302520
boston,2024-06-29,S448,reference,4.37,1,783
boston,2024-06-29,S452,reference,4.19,1,786
boston,2024-06-29,S521,reference,4.43,1,25772
boston,2024-06-29,S788805,reference,4.2,1,4302520
boston,2024-06-30,S448,reference,6.14,1,783
boston,2024-06-30,S452,reference,6.41,1,786
boston,2024-06-30,S521,reference,6.44,1,25772
boston,2024-06-30,S788805,reference,5.44,1,4302520
boston,2024-07-01,S448,reference,4.47,1,783
boston,2024-07-01,S452,reference,4.67,1,786
boston,2024-07-01,S521,reference,4.53,1,25772
boston,2024-07-01,S788805,reference,4.29,1,4302520
boston,2024-07-02,S448,reference,5.5,1,783
boston,2024-07-02,S452,reference,5.8,1,786
boston,2024-07-02,S521,reference,5.28,1,25772
boston,2024-07-02,S788805,reference,5.46,1,4302520
boston,2024-07-03,S448,reference,7.83,1,783
boston,2024-07-03,S452,reference,7.95,1,786
boston,2024-07-03,S521,reference,7.58,1,25772
boston,2024-07-03,S788805,reference,7.72,1,4302520
boston,2024-07-04,S448,reference,8.26,1,783
boston,2024-07-04,S452,reference,9.35,1,786
boston,2024-07-04,S521,reference,6.81,1,25772
boston,2024-07-04,S788805,reference,7.16,1,4302520
boston,2024-07-05,S448,reference,9.76,1,783
boston,2024-07-05,S452,reference,10.9,1,786
boston,2024-07-05,S521,reference,9.5,1,25772
boston,2024-07-05,S788805,reference,8.76,1,4302520
boston,2024-07-06,S448,reference,6.64,1,783
boston,2024-07-06,S452,reference,7.34,1,786
boston,2024-07-06,S521,reference,6.1,1,25772
boston,2024-07-06,S788805,reference,5.68,1,4302520
boston,2024-07-07,S448,reference,8.12,1,783
boston,2024-07-07,S452,reference,9.2,1,786
boston,2024-07-07,S521,reference,7.83,1,25772
boston,2024-07-07,S788805,reference,7.01,1,4302520
boston,2024-07-08,S448,reference,8.95,1,783
boston,2024-07-08,S452,reference,10.5,1,786
boston,2024-07-08,S521,reference,8.16,1,25772
boston,2024-07-08,S788805,reference,7.63,1,4302520
boston,2024-07-09,S448,reference,9.18,1,783
boston,2024-07-09,S452,reference,10.4,1,786
boston,2024-07-09,S521,reference,9.69,1,25772
boston,2024-07-09,S788805,reference,8.49,1,4302520
boston,2024-07-10,S448,reference,8.09,1,783
boston,2024-07-10,S452,reference,9.02,1,786
boston,2024-07-10,S521,reference,9.16,1,25772
boston,2024-07-10,S788805,reference,7.57,1,4302520
boston,2024-07-11,S448,reference,5.03,1,783
boston,2024-07-11,S452,reference,5.4,1,786
boston,2024-07-11,S521,reference,5.9,1,25772
boston,2024-07-11,S788805,reference,5.26,1,4302520
boston,2024-07-12,S448,reference,4.78,1,783
boston,2024-07-12,S452,reference,5.29,1,786
boston,2024-07-12,S521,reference,5.15,1,25772
boston,2024-07-12,S788805,reference,4.83,1,4302520
boston,2024-07-13,S448,reference,4.4,1,783
boston,2024-07-13,S452,reference,4.83,1,786
boston,2024-07-13,S521,reference,4.67,1,25772
boston,2024-07-13,S788805,reference,4.45,1,4302520
boston,2024-07-14,S448,reference,7.3,1,783
boston,2024-07-14,S452,reference,8.5,1,786
boston,2024-07-14,S521,reference,7.58,1,25772
boston,2024-07-14,S788805,reference,7.33,1,4302520
boston,2024-07-15,S448,reference,11.2,1,783
boston,2024-07-15,S452,reference,12.2,1,786
boston,2024-07-15,S521,reference,12.2,1,25772
boston,2024-07-15,S788805,reference,10.8,1,4302520
boston,2024-07-16,S448,reference,9.31,1,783
boston,2024-07-16,S452,reference,10.4,1,786
boston,2024-07-16,S521,reference,9.63,1,25772
boston,2024-07-16,S788805,reference,8.39,1,4302520
boston,2024-07-17,S448,reference,6.26,1,783
boston,2024-07-17,S452,reference,6.7,1,786
boston,2024-07-17,S521,reference,6.6,1,25772
boston,2024-07-17,S788805,reference,6.1,1,4302520
boston,2024-07-18,S448,reference,7.4,1,783
boston,2024-07-18,S452,reference,7.86,1,786
boston,2024-07-18,S521,reference,7.25,1,25772
boston,2024-07-18,S788805,reference,7.54,1,4302520
boston,2024-07-19,S448,reference,5.53,1,783
boston,2024-07-19,S452,reference,5.63,1,786
boston,2024-07-19,S521,reference,6.68,1,25772
boston,2024-07-19,S788805,reference,5.39,1,4302520
boston,2024-07-20,S448,reference,6.46,1,783
boston,2024-07-20,S452,reference,6.66,1,786
boston,2024-07-20,S521,reference,6.41,1,25772
boston,2024-07-20,S788805,reference,6.22,1,4302520
boston,2024-07-21,S448,reference,8.8,1,783
boston,2024-07-21,S452,reference,9.23,1,786
boston,2024-07-21,S521,reference,9.3,1,25772
boston,2024-07-21,S788805,reference,8.58,1,4302520
boston,2024-07-22,S448,reference,8.95,1,783
boston,2024-07-22,S452,reference,9.28,1,786
boston,2024-07-22,S521,reference,9.99,1,25772
boston,2024-07-22,S788805,reference,8.49,1,4302520
boston,2024-07-23,S448,reference,6.91,1,783
boston,2024-07-23,S452,reference,7.86,1,786
boston,2024-07-23,S521,reference,6.53,1,25772
boston,2024-07-23,S788805,reference,6.69,1,4302520
boston,2024-07-24,S448,reference,5.77,1,783
boston,2024-07-24,S452,reference,5.37,1,786
boston,2024-07-24,S521,reference,6.13,1,25772
boston,2024-07-24,S788805,reference,5.45,1,4302520
boston,2024-07-25,S448,reference,6.43,1,783
boston,2024-07-25,S452,reference,7.46,1,786
boston,2024-07-25,S521,reference,6.82,1,25772
boston,2024-07-25,S788805,reference,6.93,1,4302520
boston,2024-07-26,S448,reference,5.63,1,783
boston,2024-07-26,S452,reference,6.33,1,786
boston,2024-07-26,S521,reference,5.34,1,25772
boston,2024-07-26,S788805,reference,6.72,1,4302520
boston,2024-07-27,S448,reference,22.2,1,783
boston,2024-07-27,S452,reference,23.3,1,786
boston,2024-07-27,S521,reference,22.1,1,25772
boston,2024-07-27,S788805,reference,22.6,1,4302520
boston,2024-07-28,S448,reference,23.0,1,783
boston,2024-07-28,S452,reference,23.7,1,786
boston,2024-07-28,S521,reference,22.1,1,25772
boston,2024-07-28,S788805,reference,22.7,1,4302520
boston,2024-07-29,S448,reference,12.1,1,783
boston,2024-07-29,S452,reference,13.2,1,786
boston,2024-07-29,S521,reference,12.3,1,25772
boston,2024-07-29,S788805,reference,12.1,1,4302520
boston,2024-07-30,S448,reference,13.1,1,783
boston,2024-07-30,S452,reference,14.0,1,786
boston,2024-07-30,S521,reference,14.4,1,25772
boston,2024-07-30,S788805,reference,13.2,1,4302520
boston,2024-07-31,S448,reference,7.45,1,783
boston,2024-07-31,S452,reference,8.03,1,786
boston,2024-07-31,S521,reference,8.4,1,25772
boston,2024-07-31,S788805,reference,7.63,1,4302520
boston,2024-08-01,S448,reference,10.9,1,783
boston,2024-08-01,S452,reference,11.9,1,786
boston,2024-08-01,S521,reference,11.0,1,25772
boston,2024-08-01,S788805,reference,11.0,1,4302520
boston,2024-08-02,S448,reference,15.7,1,783
boston,2024-08-02,S452,reference,17.0,1,786
boston,2024-08-02,S521,reference,16.2,1,25772
boston,2024-08-02,S788805,reference,15.1,1,4302520
boston,2024-08-03,S448,reference,6.98,1,783
boston,2024-08-03,S452,reference,8.4,1,786
boston,2024-08-03,S521,reference,8.68,1,25772
boston,2024-08-03,S788805,reference,7.25,1,4302520
boston,2024-08-04,S448,reference,5.55,1,783
boston,2024-08-04,S452,reference,6.49,1,786
boston,2024-08-04,S521,reference,6.02,1,25772
boston,2024-08-04,S788805,reference,5.74,1,4302520
boston,2024-08-05,S448,reference,9.96,1,783
boston,2024-08-05,S452,reference,10.0,1,786
boston,2024-08-05,S521,reference,9.76,1,25772
boston,2024-08-05,S788805,reference,9.04,1,4302520
boston,2024-08-06,S448,reference,6.43,1,783
boston,2024-08-06,S452,reference,6.93,1,786
boston,2024-08-06,S521,reference,6.81,1,25772
boston,2024-08-06,S788805,reference,6.38,1,4302520
boston,2024-08-07,S448,reference,4.71,1,783
boston,2024-08-07,S452,reference,4.61,1,786
boston,2024-08-07,S521,reference,5.0,1,25772
boston,2024-08-07,S788805,reference,4.7,1,4302520
boston,2024-08-08,S448,reference,5.05,1,783
boston,2024-08-08,S452,reference,4.75,1,786
boston,2024-08-08,S521,reference,5.1,1,25772
boston,2024-08-08,S788805,reference,4.56,1,4302520
boston,2024-08-09,S448,reference,6.57,1,783
boston,2024-08-09,S452,reference,6.43,1,786
boston,2024-08-09,S521,reference,6.97,1,25772
boston,2024-08-09,S788805,reference,7.06,1,4302520
boston,2024-08-10,S448,reference,4.53,1,783
boston,2024-08-10,S452,reference,4.93,1,786
boston,2024-08-10,S521,reference,4.67,1,25772
boston,2024-08-10,S788805,reference,5.15,1,4302520
boston,2024-08-11,S448,reference,5.89,1,783
boston,2024-08-11,S452,reference,5.82,1,786
boston,2024-08-11,S521,reference,5.47,1,25772
boston,2024-08-11,S788805,reference,5.71,1,4302520
boston,2024-08-12,S448,reference,3.69,1,783
boston,2024-08-12,S452,reference,3.88,1,786
boston,2024-08-12,S521,reference,3.46,1,25772
boston,2024-08-12,S788805,reference,3.9,1,4302520
boston,2024-08-13,S448,reference,9.19,1,783
boston,2024-08-13,S452,reference,9.69,1,786
boston,2024-08-13,S521,reference,9.17,1,25772
boston,2024-08-13,S788805,reference,10.0,1,4302520
boston,2024-08-14,S448,reference,19.5,1,783
boston,2024-08-14,S452,reference,19.3,1,786
boston,2024-08-14,S521,reference,19.5,1,25772
boston,2024-08-14,S788805,reference,18.8,1,4302520
boston,2024-08-15,S448,reference,19.9,1,783
boston,2024-08-15,S452,reference,21.6,1,786
boston,2024-08-15,S521,reference,20.3,1,25772
boston,2024-08-15,S788805,reference,21.0,1,4302520
boston,2024-08-16,S448,reference,20.9,1,783
boston,2024-08-16,S452,reference,20.9,1,786
boston,2024-08-16,S521,reference,21.7,1,25772
boston,2024-08-16,S788805,reference,21.0,1,4302520
boston,2024-08-17,S448,reference,19.7,1,783
boston,2024-08-17,S452,reference,19.3,1,786
boston,2024-08-17,S521,reference,20.8,1,25772
boston,2024-08-17,S788805,reference,19.5,1,4302520
boston,2024-08-18,S448,reference,18.1,1,783
boston,2024-08-18,S452,reference,18.6,1,786
boston,2024-08-18,S521,reference,19.2,1,25772
boston,2024-08-18,S788805,reference,18.2,1,4302520
boston,2024-08-19,S448,reference,9.65,1,783
boston,2024-08-19,S452,reference,9.83,1,786
boston,2024-08-19,S521,reference,10.5,1,25772
boston,2024-08-19,S788805,reference,9.4,1,4302520
boston,2024-08-20,S448,reference,2.48,1,783
boston,2024-08-20,S452,reference,2.98,1,786
boston,2024-08-20,S521,reference,2.39,1,25772
boston,2024-08-20,S788805,reference,3.13,1,4302520
boston,2024-08-21,S448,reference,4.15,1,783
boston,2024-08-21,S452,reference,4.45,1,786
boston,2024-08-21,S521,reference,4.08,1,25772
boston,2024-08-21,S788805,reference,4.53,1,4302520
boston,2024-08-22,S448,reference,3.66,1,783
boston,2024-08-22,S452,reference,4.0,1,786
boston,2024-08-22,S521,reference,3.48,1,25772
boston,2024-08-22,S788805,reference,3.99,1,4302520
boston,2024-08-23,S448,reference,7.42,1,783
boston,2024-08-23,S452,reference,7.97,1,786
boston,2024-08-23,S521,reference,7.37,1,25772
boston,2024-08-23,S788805,reference,8.26,1,4302520
boston,2024-08-24,S448,reference,10.5,1,783
boston,2024-08-24,S452,reference,10.2,1,786
boston,2024-08-24,S521,reference,9.68,1,25772
boston,2024-08-24,S788805,reference,9.8,1,4302520
boston,2024-08-25,S448,reference,11.9,1,783
boston,2024-08-25,S452,reference,12.5,1,786
boston,2024-08-25,S521,reference,11.9,1,25772
boston,2024-08-25,S788805,reference,11.7,1,4302520
boston,2024-08-26,S448,reference,12.9,1,783
boston,2024-08-26,S452,reference,13.5,1,786
boston,2024-08-26,S521,reference,13.6,1,25772
boston,2024-08-26,S788805,reference,12.7,1,4302520
boston,2024-08-27,S448,reference,11.9,1,783
boston,2024-08-27,S452,reference,12.4,1,786
boston,2024-08-27,S521,reference,12.9,1,25772
boston,2024-08-27,S788805,reference,11.2,1,4302520
boston,2024-08-28,S448,reference,9.16,1,783
boston,2024-08-28,S452,reference,9.75,1,786
boston,2024-08-28,S521,reference,10.0,1,25772
boston,2024-08-28,S788805,reference,9.78,1,4302520
boston,2024-08-29,S448,reference,3.65,1,783
boston,2024-08-29,S452,reference,3.62,1,786
boston,2024-08-29,S521,reference,4.13,1,25772
boston,2024-08-29,S788805,reference,3.63,1,4302520
boston,2024-08-30,S448,reference,3.6,1,783
boston,2024-08-30,S452,reference,3.58,1,786
boston,2024-08-30,S521,reference,3.83,1,25772
boston,2024-08-30,S788805,reference,3.4,1,4302520
boston,2024-08-31,S448,reference,5.04,1,783
boston,2024-08-31,S452,reference,5.18,1,786
boston,2024-08-31,S521,reference,5.32,1,25772
boston,2024-08-31,S788805,reference,5.17,1,4302520
boston,2024-09-01,S1235987,low-cost,2.56,1,6530161
boston,2024-09-01,S448,reference,5.87,1,783
boston,2024-09-01,S452,reference,6.28,1,786
boston,2024-09-01,S521,reference,6.91,1,25772
boston,2024-09-01,S788805,reference,5.74,1,4302520
boston,2024-09-02,S448,reference,4.76,1,783
boston,2024-09-02,S452,reference,5.19,1,786
boston,2024-09-02,S521,reference,4.9,1,25772
boston,2024-09-02,S788805,reference,5.44,1,4302520
boston,2024-09-03,S448,reference,4.27,1,783
boston,2024-09-03,S452,reference,4.32,1,786
boston,2024-09-03,S521,reference,3.69,1,25772
boston,2024-09-03,S788805,reference,4.37,1,4302520
boston,2024-09-04,S448,reference,5.62,1,783
boston,2024-09-04,S452,reference,5.64,1,786
boston,2024-09-04,S521,reference,5.46,1,25772
boston,2024-09-04,S788805,reference,5.13,1,4302520
boston,2024-09-05,S1235987,low-cost,0.01,1,6530161
boston,2024-09-05,S448,reference,5.12,1,783
boston,2024-09-05,S452,reference,4.86,1,786
boston,2024-09-05,S521,reference,5.28,1,25772
boston,2024-09-05,S788805,reference,4.67,1,4302520
boston,2024-09-06,S448,reference,5.64,1,783
boston,2024-09-06,S452,reference,5.63,1,786
boston,2024-09-06,S521,reference,6.17,1,25772
boston,2024-09-06,S788805,reference,5.63,1,4302520
boston,2024-09-07,S1235987,low-cost,0.0037,1,6530161
boston,2024-09-07,S448,reference,4.74,1,783
boston,2024-09-07,S452,reference,4.92,1,786
boston,2024-09-07,S521,reference,5.73,1,25772
boston,2024-09-07,S788805,reference,5.06,1,4302520
boston,2024-09-08,S1235987,low-cost,0.0083,1,6530161
boston,2024-09-08,S448,reference,2.12,1,783
boston,2024-09-08,S452,reference,2.2,1,786
boston,2024-09-08,S521,reference,2.02,1,25772
boston,2024-09-08,S788805,reference,2.92,1,4302520
boston,2024-09-09,S1235987,low-cost,0.0071,1,6530161
boston,2024-09-09,S448,reference,3.86,1,783
boston,2024-09-09,S452,reference,4.08,1,786
boston,2024-09-09,S521,reference,3.97,1,25772
boston,2024-09-09,S788805,reference,4.3,1,4302520
boston,2024-09-10,S1235987,low-cost,0.0097,1,6530161
boston,2024-09-10,S448,reference,4.32,1,783
boston,2024-09-10,S452,reference,5.23,1,786
boston,2024-09-10,S521,reference,4.51,1,25772
boston,2024-09-10,S788805,reference,5.04,1,4302520
boston,2024-09-11,S1235987,low-cost,0.0118,1,6530161
boston,2024-09-11,S448,reference,4.35,1,783
boston,2024-09-11,S452,reference,4.74,1,786
boston,2024-09-11,S521,reference,4.78,1,25772
boston,2024-09-11,S788805,reference,4.26,1,4302520
boston,2024-09-12,S1235987,low-cost,0.0239,1,6530161
boston,2024-09-12,S448,reference,5.62,1,783
boston,2024-09-12,S452,reference,5.72,1,786
boston,2024-09-12,S521,reference,5.73,1,25772
boston,2024-09-12,S788805,reference,6.1,1,4302520
boston,2024-09-13,S1235987,low-cost,0.0193,1,6530161
boston,2024-09-13,S448,reference,5.77,1,783
boston,2024-09-13,S452,reference,6.16,1,786
boston,2024-09-13,S521,reference,6.18,1,25772
boston,2024-09-13,S788805,reference,6.33,1,4302520
boston,2024-09-14,S448,reference,9.85,1,783
boston,2024-09-14,S452,reference,9.85,1,786
boston,2024-09-14,S521,reference,11.1,1,25772
boston,2024-09-14,S788805,reference,10.3,1,4302520
boston,2024-09-15,S448,reference,8.2,1,783
boston,2024-09-15,S452,reference,7.61,1,786
boston,2024-09-15,S521,reference,9.2,1,25772
boston,2024-09-15,S788805,reference,8.03,1,4302520
boston,2024-09-16,S1235987,low-cost,0.0192,1,6530161
boston,2024-09-16,S448,reference,5.08,1,783
boston,2024-09-16,S452,reference,4.93,1,786
boston,2024-09-16,S521,reference,5.58,1,25772
boston,2024-09-16,S788805,reference,5.31,1,4302520
boston,2024-09-17,S1235987,low-cost,4.37,1,6530161
boston,2024-09-17,S448,reference,5.59,1,783
boston,2024-09-17,S452,reference,5.81,1,786
boston,2024-09-17,S521,reference,6.77,1,25772
boston,2024-09-17,S788805,reference,5.98,1,4302520
boston,2024-09-18,S1235987,low-cost,0.0369,1,6530161
boston,2024-09-18,S448,reference,6.61,1,783
boston,2024-09-18,S452,reference,6.06,1,786
boston,2024-09-18,S521,reference,8.21,1,25772
boston,2024-09-18,S788805,reference,7.45,1,4302520
boston,2024-09-19,S1235987,low-cost,0.0107,1,6530161
boston,2024-09-19,S448,reference,3.85,1,783
boston,2024-09-19,S452,reference,3.73,1,786
boston,2024-09-19,S521,reference,4.28,1,25772
boston,2024-09-19,S788805,reference,4.16,1,4302520
boston,2024-09-20,S1235987,low-cost,0.007,1,6530161
boston,2024-09-20,S448,reference,6.15,1,783
boston,2024-09-20,S452,reference,6.21,1,786
boston,2024-09-20,S521,reference,6.14,1,25772
boston,2024-09-20,S788805,reference,6.45,1,4302520
boston,2024-09-21,S1235987,low-cost,0.0149,1,6530161
boston,2024-09-21,S448,reference,4.97,1,783
boston,2024-09-21,S452,reference,5.05,1,786
boston,2024-09-21,S521,reference,5.05,1,25772
boston,2024-09-21,S788805,reference,6.0,1,4302520
boston,2024-09-22,S1235987,low-cost,0.0095,1,6530161
boston,2024-09-22,S448,reference,5.4,1,783
boston,2024-09-22,S452,reference,5.3,1,786
boston,2024-09-22,S521,reference,5.29,1,25772
boston,2024-09-22,S788805,reference,5.79,1,4302520
boston,2024-09-23,S1235987,low-cost,0.0027,1,6530161
boston,2024-09-23,S448,reference,4.98,1,783
boston,2024-09-23,S452,reference,5.02,1,786
boston,2024-09-23,S521,reference,5.26,1,25772
boston,2024-09-23,S788805,reference,5.42,1,4302520
boston,2024-09-24,S1235987,low-cost,0.0429,1,6530161
boston,2024-09-24,S448,reference,4.53,1,783
boston,2024-09-24,S452,reference,4.29,1,786
boston,2024-09-24,S521,reference,4.87,1,25772
boston,2024-09-24,S788805,reference,4.76,1,4302520
boston,2024-09-25,S1235987,low-cost,0.0045,1,6530161
boston,2024-09-25,S448,reference,4.81,1,783
boston,2024-09-25,S452,reference,4.09,1,786
boston,2024-09-25,S521,reference,4.89,1,25772
boston,2024-09-25,S788805,reference,4.62,1,4302520
boston,2024-09-26,S1235987,low-cost,0.0033,1,6530161
boston,2024-09-26,S448,reference,4.26,1,783
boston,2024-09-26,S452,reference,4.37,1,786
boston,2024-09-26,S521,reference,4.31,1,25772
boston,2024-09-26,S788805,reference,4.48,1,4302520
boston,2024-09-27,S1235987,low-cost,0.01,1,6530161
boston,2024-09-27,S448,reference,5.1,1,783
boston,2024-09-27,S452,reference,4.55,1,786
boston,2024-09-27,S521,reference,4.98,1,25772
boston,2024-09-27,S788805,reference,4.81,1,4302520
boston,2024-09-28,S1235987,low-cost,0.0053,1,6530161
boston,2024-09-28,S448,reference,5.35,1,783
boston,2024-09-28,S521,reference,5.75,1,25772
boston,2024-09-28,S788805,reference,5.12,1,4302520
boston,2024-09-29,S1235987,low-cost,0.0139,1,6530161
boston,2024-09-29,S448,reference,3.43,1,783
boston,2024-09-29,S521,reference,3.83,1,25772
boston,2024-09-29,S788805,reference,3.29,1,4302520
boston,2024-09-30,S1235987,low-cost,0.0278,1,6530161
boston,2024-09-30,S448,reference,5.48,1,783
boston,2024-09-30,S452,reference,4.89,1,786
boston,2024-09-30,S521,reference,5.62,1,25772
boston,2024-09-30,S788805,reference,5.22,1,4302520
boston,2024-10-01,S1235987,low-cost,0.0208,1,6530161
boston,2024-10-01,S448,reference,5.69,1,783
boston,2024-10-01,S452,reference,4.97,1,786
boston,2024-10-01,S521,reference,6.03,1,25772
boston,2024-10-01,S788805,reference,5.57,1,4302520
boston,2024-10-02,S1235987,low-cost,0.0185,1,6530161
boston,2024-10-02,S448,reference,4.92,1,783
boston,2024-10-02,S452,reference,3.99,1,786
boston,2024-10-02,S521,reference,5.25,1,25772
boston,2024-10-02,S788805,reference,4.55,1,4302520
boston,2024-10-03,S1235987,low-cost,0.0243,1,6530161
boston,2024-10-03,S448,reference,5.63,1,783
boston,2024-10-03,S452,reference,5.07,1,786
boston,2024-10-03,S521,reference,6.43,1,25772
boston,2024-10-03,S788805,reference,5.54,1,4302520
boston,2024-10-04,S1235987,low-cost,0.0107,1,6530161
boston,2024-10-04,S448,reference,6.62,1,783
boston,2024-10-04,S452,reference,5.93,1,786
boston,2024-10-04,S521,reference,7.18,1,25772
boston,2024-10-04,S788805,reference,6.87,1,4302520
boston,2024-10-05,S1235987,low-cost,0.022,1,6530161
boston,2024-10-05,S448,reference,5.18,1,783
boston,2024-10-05,S452,reference,4.95,1,786
boston,2024-10-05,S521,reference,5.5,1,25772
boston,2024-10-05,S788805,reference,5.88,1,4302520
boston,2024-10-06,S1235987,low-cost,0.0183,1,6530161
boston,2024-10-06,S448,reference,5.33,1,783
boston,2024-10-06,S452,reference,4.93,1,786
boston,2024-10-06,S521,reference,5.82,1,25772
boston,2024-10-06,S788805,reference,5.49,1,4302520
boston,2024-10-07,S1235987,low-cost,0.0259,1,6530161
boston,2024-10-07,S448,reference,4.83,1,783
boston,2024-10-07,S452,reference,4.66,1,786
boston,2024-10-07,S521,reference,5.7,1,25772
boston,2024-10-07,S788805,reference,5.44,1,4302520
boston,2024-10-08,S1235987,low-cost,0.0113,1,6530161
boston,2024-10-08,S448,reference,4.03,1,783
boston,2024-10-08,S452,reference,4.19,1,786
boston,2024-10-08,S521,reference,3.84,1,25772
boston,2024-10-08,S788805,reference,4.45,1,4302520
boston,2024-10-09,S1235987,low-cost,0.0143,1,6530161
boston,2024-10-09,S448,reference,3.73,1,783
boston,2024-10-09,S452,reference,3.81,1,786
boston,2024-10-09,S521,reference,3.41,1,25772
boston,2024-10-09,S788805,reference,4.35,1,4302520
boston,2024-10-10,S1235987,low-cost,0.0115,1,6530161
boston,2024-10-10,S448,reference,1.93,1,783
boston,2024-10-10,S452,reference,2.22,1,786
boston,2024-10-10,S521,reference,9.02,1,25772
boston,2024-10-10,S788805,reference,3.19,1,4302520
boston,2024-10-11,S1235987,low-cost,0.0094,1,6530161
boston,2024-10-11,S448,reference,2.95,1,783
boston,2024-10-11,S452,reference,2.95,1,786
boston,2024-10-11,S521,reference,10.0,1,25772
boston,2024-10-11,S788805,reference,4.32,1,4302520
boston,2024-10-12,S1235987,low-cost,0.0107,1,6530161
boston,2024-10-12,S448,reference,3.26,1,783
boston,2024-10-12,S452,reference,3.35,1,786
boston,2024-10-12,S521,reference,5.58,1,25772
boston,2024-10-12,S788805,reference,5.04,1,4302520
boston,2024-10-13,S1235987,low-cost,0.0268,1,6530161
boston,2024-10-13,S448,reference,3.52,1,783
boston,2024-10-13,S452,reference,3.52,1,786
boston,2024-10-13,S521,reference,11.1,1,25772
boston,2024-10-13,S788805,reference,3.94,1,4302520
boston,2024-10-14,S1235987,low-cost,0.0053,1,6530161
boston,2024-10-14,S448,reference,4.03,1,783
boston,2024-10-14,S452,reference,4.25,1,786
boston,2024-10-14,S521,reference,6.03,1,25772
boston,2024-10-14,S788805,reference,5.22,1,4302520
boston,2024-10-15,S448,reference,1.94,1,783
boston,2024-10-15,S452,reference,2.12,1,786
boston,2024-10-15,S521,reference,2.48,1,25772
boston,2024-10-15,S788805,reference,2.74,1,4302520
boston,2024-10-16,S448,reference,1.75,1,783
boston,2024-10-16,S452,reference,2.01,1,786
boston,2024-10-16,S521,reference,1.83,1,25772
boston,2024-10-16,S788805,reference,3.48,1,4302520
boston,2024-10-17,S448,reference,5.14,1,783
boston,2024-10-17,S452,reference,4.94,1,786
boston,2024-10-17,S521,reference,4.73,1,25772
boston,2024-10-17,S788805,reference,5.34,1,4302520
boston,2024-10-18,S448,reference,5.55,1,783
boston,2024-10-18,S452,reference,5.14,1,786
boston,2024-10-18,S521,reference,6.16,1,25772
boston,2024-10-18,S788805,reference,5.79,1,4302520
boston,2024-10-19,S1235987,low-cost,0.0539,1,6530161
boston,2024-10-19,S448,reference,5.99,1,783
boston,2024-10-19,S452,reference,6.0,1,786
boston,2024-10-19,S521,reference,6.23,1,25772
boston,2024-10-19,S788805,reference,6.32,1,4302520
boston,2024-10-20,S1235987,low-cost,0.0489,1,6530161
boston,2024-10-20,S448,reference,4.72,1,783
boston,2024-10-20,S452,reference,4.81,1,786
boston,2024-10-20,S521,reference,4.79,1,25772
boston,2024-10-20,S788805,reference,5.0,1,4302520
boston,2024-10-21,S1235987,low-cost,0.0443,1,6530161
boston,2024-10-21,S448,reference,8.02,1,783
boston,2024-10-21,S452,reference,8.4,1,786
boston,2024-10-21,S521,reference,8.55,1,25772
boston,2024-10-21,S788805,reference,8.67,1,4302520
boston,2024-10-22,S1235987,low-cost,0.059,1,6530161
boston,2024-10-22,S448,reference,12.6,1,783
boston,2024-10-22,S452,reference,12.0,1,786
boston,2024-10-22,S521,reference,13.3,1,25772
boston,2024-10-22,S788805,reference,12.3,1,4302520
boston,2024-10-23,S1235987,low-cost,0.0661,1,6530161
boston,2024-10-23,S448,reference,10.2,1,783
boston,2024-10-23,S452,reference,10.5,1,786
boston,2024-10-23,S521,reference,11.2,1,25772
boston,2024-10-23,S788805,reference,10.6,1,4302520
boston,2024-10-24,S1235987,low-cost,0.0401,1,6530161
boston,2024-10-24,S448,reference,5.95,1,783
boston,2024-10-24,S452,reference,6.66,1,786
boston,2024-10-24,S521,reference,6.62,1,25772
boston,2024-10-24,S788805,reference,7.55,1,4302520
boston,2024-10-25,S448,reference,3.54,1,783
boston,2024-10-25,S452,reference,3.62,1,786
boston,2024-10-25,S521,reference,4.18,1,25772
boston,2024-10-25,S788805,reference,4.08,1,4302520
boston,2024-10-26,S448,reference,3.55,1,783
boston,2024-10-26,S452,reference,3.73,1,786
boston,2024-10-26,S521,reference,3.98,1,25772
boston,2024-10-26,S788805,reference,4.85,1,4302520
boston,2024-10-27,S448,reference,2.45,1,783
boston,2024-10-27,S452,reference,2.55,1,786
boston,2024-10-27,S788805,reference,2.88,1,4302520
boston,2024-10-28,S448,reference,6.6,1,783
boston,2024-10-28,S452,reference,6.47,1,786
boston,2024-10-28,S521,reference,8.91,1,25772
boston,2024-10-28,S788805,reference,7.74,1,4302520
boston,2024-10-29,S448,reference,4.69,1,783
boston,2024-10-29,S452,reference,4.66,1,786
boston,2024-10-29,S521,reference,5.42,1,25772
boston,2024-10-30,S1235987,low-cost,0.0219,1,6530161
boston,2024-10-30,S448,reference,6.86,1,783
boston,2024-10-30,S452,reference,6.68,1,786
boston,2024-10-30,S521,reference,7.76,1,25772
boston,2024-10-31,S1235987,low-cost,0.049,1,6530161
boston,2024-10-31,S448,reference,12.6,1,783
boston,2024-10-31,S452,reference,12.5,1,786
boston,2024-10-31,S521,reference,13.8,1,25772
boston,2024-10-31,S788805,reference,13.1,1,4302520
boston,2024-11-01,S1235987,low-cost,0.0212,1,6530161
boston,2024-11-01,S448,reference,7.43,1,783
boston,2024-11-01,S452,reference,7.44,1,786
boston,2024-11-01,S521,reference,8.15,1,25772
boston,2024-11-01,S788805,reference,8.22,1,4302520
boston,2024-11-02,S1235987,low-cost,0.0234,1,6530161
boston,2024-11-02,S448,reference,2.6,1,783
boston,2024-11-02,S452,reference,3.14,1,786
boston,2024-11-02,S521,reference,2.85,1,25772
boston,2024-11-02,S788805,reference,4.58,1,4302520
boston,2024-11-03,S1235987,low-cost,0.0337,1,6530161
boston,2024-11-03,S448,reference,5.53,1,783
boston,2024-11-03,S452,reference,5.99,1,786
boston,2024-11-03,S521,reference,5.31,1,25772
boston,2024-11-03,S788805,reference,6.1,1,4302520
boston,2024-11-04,S1235987,low-cost,0.0869,1,6530161
boston,2024-11-04,S448,reference,7.89,1,783
boston,2024-11-04,S452,reference,8.44,1,786
boston,2024-11-04,S521,reference,9.07,1,25772
boston,2024-11-04,S788805,reference,8.35,1,4302520
boston,2024-11-05,S448,reference,5.98,1,783
boston,2024-11-05,S452,reference,5.9,1,786
boston,2024-11-05,S521,reference,7.53,1,25772
boston,2024-11-05,S788805,reference,6.3,1,4302520
boston,2024-11-06,S1235987,low-cost,0.0118,1,6530161
boston,2024-11-06,S448,reference,5.76,1,783
boston,2024-11-06,S452,reference,5.78,1,786
boston,2024-11-06,S521,reference,6.61,1,25772
boston,2024-11-06,S788805,reference,6.1,1,4302520
boston,2024-11-07,S1235987,low-cost,0.0095,1,6530161
boston,2024-11-07,S448,reference,3.54,1,783
boston,2024-11-07,S452,reference,3.95,1,786
boston,2024-11-07,S521,reference,3.9,1,25772
boston,2024-11-07,S788805,reference,4.85,1,4302520
boston,2024-11-08,S1235987,low-cost,0.0033,1,6530161
boston,2024-11-08,S448,reference,2.82,1,783
boston,2024-11-08,S452,reference,3.06,1,786
boston,2024-11-08,S521,reference,3.05,1,25772
boston,2024-11-08,S788805,reference,3.83,1,4302520
boston,2024-11-09,S448,reference,1.74,1,783
boston,2024-11-09,S452,reference,2.39,1,786
boston,2024-11-09,S521,reference,1.83,1,25772
boston,2024-11-09,S788805,reference,3.34,1,4302520
boston,2024-11-10,S448,reference,6.34,1,783
boston,2024-11-10,S452,reference,6.06,1,786
boston,2024-11-10,S521,reference,6.33,1,25772
boston,2024-11-10,S788805,reference,6.36,1,4302520
boston,2024-11-11,S1235987,low-cost,0.0247,1,6530161
boston,2024-11-11,S448,reference,4.1,1,783
boston,2024-11-11,S452,reference,4.36,1,786
boston,2024-11-11,S521,reference,4.56,1,25772
boston,2024-11-11,S788805,reference,4.69,1,4302520
boston,2024-11-12,S1235987,low-cost,0.0126,1,6530161
boston,2024-11-12,S448,reference,1.94,1,783
boston,2024-11-12,S452,reference,2.27,1,786
boston,2024-11-12,S521,reference,2.16,1,25772
boston,2024-11-12,S788805,reference,2.97,1,4302520
boston,2024-11-13,S448,reference,3.13,1,783
boston,2024-11-13,S452,reference,3.36,1,786
boston,2024-11-13,S521,reference,4.06,1,25772
boston,2024-11-13,S788805,reference,4.65,1,4302520
boston,2024-11-14,S448,reference,4.36,1,783
boston,2024-11-14,S452,reference,4.65,1,786
boston,2024-11-14,S521,reference,4.43,1,25772
boston,2024-11-14,S788805,reference,6.08,1,4302520
boston,2024-11-15,S448,reference,3.33,1,783
boston,2024-11-15,S452,reference,4.0,1,786
boston,2024-11-15,S521,reference,3.45,1,25772
boston,2024-11-15,S788805,reference,5.23,1,4302520
boston,2024-11-16,S448,reference,2.27,1,783
boston,2024-11-16,S452,reference,2.63,1,786
boston,2024-11-16,S521,reference,2.7,1,25772
boston,2024-11-16,S788805,reference,3.73,1,4302520
boston,2024-11-17,S448,reference,2.42,1,783
boston,2024-11-17,S452,reference,2.76,1,786
boston,2024-11-17,S521,reference,2.48,1,25772
boston,2024-11-17,S788805,reference,4.27,1,4302520
boston,2024-11-18,S448,reference,4.36,1,783
boston,2024-11-18,S452,reference,4.85,1,786
boston,2024-11-18,S521,reference,4.83,1,25772
boston,2024-11-18,S788805,reference,5.57,1,4302520
boston,2024-11-19,S448,reference,3.1,1,783
boston,2024-11-19,S452,reference,3.42,1,786
boston,2024-11-19,S521,reference,3.26,1,25772
boston,2024-11-19,S788805,reference,4.33,1,4302520
boston,2024-11-20,S448,reference,4.63,1,783
boston,2024-11-20,S452,reference,4.57,1,786
boston,2024-11-20,S521,reference,5.07,1,25772
boston,2024-11-20,S788805,reference,4.9,1,4302520
boston,2024-11-21,S448,reference,3.18,1,783
boston,2024-11-21,S452,reference,3.17,1,786
boston,2024-11-21,S521,reference,3.58,1,25772
boston,2024-11-21,S788805,reference,3.45,1,4302520
boston,2024-11-22,S448,reference,3.93,1,783
boston,2024-11-22,S452,reference,4.4,1,786
boston,2024-11-22,S521,reference,4.7,1,25772
boston,2024-11-22,S788805,reference,4.42,1,4302520
boston,2024-11-23,S448,reference,1.98,1,783
boston,2024-11-23,S452,reference,2.42,1,786
boston,2024-11-23,S521,reference,2.06,1,25772
boston,2024-11-23,S788805,reference,3.07,1,4302520
boston,2024-11-24,S448,reference,1.25,1,783
boston,2024-11-24,S452,reference,1.29,1,786
boston,2024-11-24,S521,reference,1.17,1,25772
boston,2024-11-24,S788805,reference,2.23,1,4302520
boston,2024-11-25,S448,reference,1.82,1,783
boston,2024-11-25,S452,reference,2.03,1,786
boston,2024-11-25,S521,reference,1.76,1,25772
boston,2024-11-25,S788805,reference,2.99,1,4302520
boston,2024-11-26,S448,reference,4.94,1,783
boston,2024-11-26,S452,reference,4.93,1,786
boston,2024-11-26,S521,reference,5.06,1,25772
boston,2024-11-26,S788805,reference,5.14,1,4302520
boston,2024-11-27,S448,reference,5.65,1,783
boston,2024-11-27,S452,reference,5.7,1,786
boston,2024-11-27,S521,reference,5.68,1,25772
boston,2024-11-27,S788805,reference,6.1,1,4302520
boston,2024-11-28,S448,reference,5.51,1,783
boston,2024-11-28,S452,reference,5.41,1,786
boston,2024-11-28,S521,reference,5.39,1,25772
boston,2024-11-28,S788805,reference,6.52,1,4302520
boston,2024-11-29,S448,reference,3.52,1,783
boston,2024-11-29,S452,reference,3.43,1,786
boston,2024-11-29,S521,reference,2.93,1,25772
boston,2024-11-29,S788805,reference,3.65,1,4302520
boston,2024-11-30,S448,reference,4.2,1,783
boston,2024-11-30,S452,reference,4.13,1,786
boston,2024-11-30,S521,reference,3.99,1,25772
boston,2024-11-30,S788805,reference,4.89,1,4302520
boston,2024-12-01,S448,reference,7.08,1,783
boston,2024-12-01,S452,reference,6.78,1,786
boston,2024-12-01,S521,reference,6.54,1,25772
boston,2024-12-01,S788805,reference,7.0,1,4302520
boston,2024-12-02,S448,reference,5.17,1,783
boston,2024-12-02,S452,reference,5.43,1,786
boston,2024-12-02,S521,reference,5.25,1,25772
boston,2024-12-02,S788805,reference,6.11,1,4302520
boston,2024-12-03,S448,reference,3.97,1,783
boston,2024-12-03,S452,reference,4.08,1,786
boston,2024-12-03,S521,reference,4.01,1,25772
boston,2024-12-03,S788805,reference,4.26,1,4302520
boston,2024-12-04,S448,reference,3.65,1,783
boston,2024-12-04,S452,reference,3.89,1,786
boston,2024-12-04,S521,reference,4.2,1,25772
boston,2024-12-04,S788805,reference,4.08,1,4302520
boston,2024-12-05,S448,reference,6.01,1,783
boston,2024-12-05,S452,reference,7.46,1,786
boston,2024-12-05,S521,reference,6.18,1,25772
boston,2024-12-05,S788805,reference,7.69,1,4302520
boston,2024-12-06,S448,reference,2.61,1,783
boston,2024-12-06,S452,reference,2.91,1,786
boston,2024-12-06,S521,reference,2.55,1,25772
boston,2024-12-06,S788805,reference,3.47,1,4302520
boston,2024-12-07,S448,reference,5.12,1,783
boston,2024-12-07,S452,reference,4.9,1,786
boston,2024-12-07,S521,reference,4.92,1,25772
boston,2024-12-07,S788805,reference,5.54,1,4302520
boston,2024-12-08,S448,reference,6.85,1,783
boston,2024-12-08,S452,reference,8.85,1,786
boston,2024-12-08,S521,reference,7.55,1,25772
boston,2024-12-08,S788805,reference,8.75,1,4302520
boston,2024-12-09,S448,reference,6.01,1,783
boston,2024-12-09,S452,reference,5.74,1,786
boston,2024-12-09,S521,reference,6.78,1,25772
boston,2024-12-09,S788805,reference,6.39,1,4302520
boston,2024-12-10,S448,reference,6.73,1,783
boston,2024-12-10,S452,reference,6.77,1,786
boston,2024-12-10,S521,reference,6.84,1,25772
boston,2024-12-10,S788805,reference,8.43,1,4302520
boston,2024-12-11,S448,reference,5.08,1,783
boston,2024-12-11,S452,reference,6.41,1,786
boston,2024-12-11,S521,reference,5.0,1,25772
boston,2024-12-11,S788805,reference,6.05,1,4302520
boston,2024-12-12,S448,reference,3.03,1,783
boston,2024-12-12,S452,reference,3.32,1,786
boston,2024-12-12,S521,reference,3.43,1,25772
boston,2024-12-12,S788805,reference,4.1,1,4302520
boston,2024-12-13,S448,reference,3.73,1,783
boston,2024-12-13,S452,reference,4.0,1,786
boston,2024-12-13,S521,reference,3.88,1,25772
boston,2024-12-13,S788805,reference,4.74,1,4302520
boston,2024-12-14,S448,reference,3.31,1,783
boston,2024-12-14,S452,reference,3.58,1,786
boston,2024-12-14,S521,reference,4.12,1,25772
boston,2024-12-14,S788805,reference,4.82,1,4302520
boston,2024-12-15,S448,reference,5.65,1,783
boston,2024-12-15,S452,reference,5.69,1,786
boston,2024-12-15,S521,reference,5.66,1,25772
boston,2024-12-15,S788805,reference,5.81,1,4302520
boston,2024-12-16,S448,reference,4.48,1,783
boston,2024-12-16,S452,reference,4.27,1,786
boston,2024-12-16,S521,reference,5.18,1,25772
boston,2024-12-16,S788805,reference,4.84,1,4302520
boston,2024-12-17,S448,reference,3.17,1,783
boston,2024-12-17,S452,reference,3.62,1,786
boston,2024-12-17,S521,reference,3.34,1,25772
boston,2024-12-17,S788805,reference,4.25,1,4302520
boston,2024-12-18,S448,reference,6.15,1,783
boston,2024-12-18,S452,reference,6.49,1,786
boston,2024-12-18,S521,reference,6.66,1,25772
boston,2024-12-18,S788805,reference,7.08,1,4302520
boston,2024-12-19,S448,reference,3.6,1,783
boston,2024-12-19,S452,reference,4.22,1,786
boston,2024-12-19,S521,reference,4.25,1,25772
boston,2024-12-19,S788805,reference,5.4,1,4302520
boston,2024-12-20,S448,reference,3.87,1,783
boston,2024-12-20,S452,reference,4.63,1,786
boston,2024-12-20,S788805,reference,6.13,1,4302520
boston,2024-12-21,S448,reference,3.29,1,783
boston,2024-12-21,S452,reference,4.89,1,786
boston,2024-12-21,S788805,reference,4.51,1,4302520
boston,2024-12-22,S448,reference,3.17,1,783
boston,2024-12-22,S452,reference,7.08,1,786
boston,2024-12-22,S788805,reference,4.36,1,4302520
boston,2024-12-23,S448,reference,5.96,1,783
boston,2024-12-23,S452,reference,13.1,1,786
boston,2024-12-23,S521,reference,6.3,1,25772
boston,2024-12-23,S788805,reference,6.79,1,4302520
boston,2024-12-24,S448,reference,8.5,1,783
boston,2024-12-24,S452,reference,10.1,1,786
boston,2024-12-24,S521,reference,9.73,1,25772
boston,2024-12-24,S788805,reference,11.2,1,4302520
boston,2024-12-25,S448,reference,7.43,1,783
boston,2024-12-25,S452,reference,9.05,1,786
boston,2024-12-25,S521,reference,9.23,1,25772
boston,2024-12-25,S788805,reference,9.98,1,4302520
boston,2024-12-26,S448,reference,9.45,1,783
boston,2024-12-26,S452,reference,10.6,1,786
boston,2024-12-26,S521,reference,12.5,1,25772
boston,2024-12-26,S788805,reference,9.65,1,4302520
boston,2024-12-27,S448,reference,13.6,1,783
boston,2024-12-27,S452,reference,17.1,1,786
boston,2024-12-27,S521,reference,15.6,1,25772
boston,2024-12-27,S788805,reference,15.6,1,4302520
boston,2024-12-28,S448,reference,14.3,1,783
boston,2024-12-28,S452,reference,16.3,1,786
boston,2024-12-28,S521,reference,14.8,1,25772
boston,2024-12-28,S788805,reference,16.1,1,4302520
boston,2024-12-29,S3339950,low-cost,14.6,1,11821904
boston,2024-12-29,S448,reference,10.3,1,783
boston,2024-12-29,S452,reference,9.06,1,786
boston,2024-12-29,S521,reference,9.87,1,25772
boston,2024-12-29,S788805,reference,10.7,1,4302520
boston,2024-12-30,S3339950,low-cost,0.0595,1,11821904
boston,2024-12-30,S448,reference,3.73,1,783
boston,2024-12-30,S452,reference,4.33,1,786
boston,2024-12-30,S521,reference,3.9,1,25772
boston,2024-12-30,S788805,reference,4.4,1,4302520
boston,2024-12-31,S3339950,low-cost,3.72,1,11821904
boston,2024-12-31,S448,reference,4.4,1,783
boston,2024-12-31,S452,reference,4.37,1,786
boston,2024-12-31,S521,reference,4.66,1,25772
boston,2024-12-31,S788805,reference,4.59,1,4302520
boston,2025-01-01,S3339950,low-cost,0.99,1,11821904
boston,2025-01-01,S448,reference,4.18,1,783
boston,2025-01-01,S452,reference,4.38,1,786
boston,2025-01-01,S521,reference,4.23,1,25772
boston,2025-01-01,S788805,reference,5.32,1,4302520
boston,2025-01-02,S3339950,low-cost,0.0256,1,11821904
boston,2025-01-02,S448,reference,1.25,1,783
boston,2025-01-02,S452,reference,1.5,1,786
boston,2025-01-02,S788805,reference,2.08,1,4302520
boston,2025-01-03,S3339950,low-cost,0.781,1,11821904
boston,2025-01-03,S448,reference,2.79,1,783
boston,2025-01-03,S452,reference,2.89,1,786
boston,2025-01-03,S521,reference,2.9,1,25772
boston,2025-01-03,S788805,reference,3.44,1,4302520
boston,2025-01-04,S3339950,low-cost,0.0429,1,11821904
boston,2025-01-04,S448,reference,1.87,1,783
boston,2025-01-04,S452,reference,2.05,1,786
boston,2025-01-04,S521,reference,1.82,1,25772
boston,2025-01-04,S788805,reference,2.77,1,4302520
boston,2025-01-05,S3339950,low-cost,0.0065,1,11821904
boston,2025-01-05,S448,reference,2.09,1,783
boston,2025-01-05,S452,reference,2.2,1,786
boston,2025-01-05,S521,reference,2.1,1,25772
boston,2025-01-05,S788805,reference,2.89,1,4302520
boston,2025-01-06,S448,reference,3.06,1,783
boston,2025-01-06,S452,reference,3.23,1,786
boston,2025-01-06,S521,reference,3.15,1,25772
boston,2025-01-06,S788805,reference,3.81,1,4302520
boston,2025-01-07,S3339950,low-cost,0.0036,1,11821904
boston,2025-01-07,S448,reference,2.8,1,783
boston,2025-01-07,S452,reference,2.86,1,786
boston,2025-01-07,S521,reference,2.8,1,25772
boston,2025-01-07,S788805,reference,3.48,1,4302520
boston,2025-01-08,S3339950,low-cost,0.0,1,11821904
boston,2025-01-08,S448,reference,2.1,1,783
boston,2025-01-08,S452,reference,2.39,1,786
boston,2025-01-08,S521,reference,2.01,1,25772
boston,2025-01-08,S788805,reference,2.9,1,4302520
boston,2025-01-09,S3339950,low-cost,0.0,1,11821904
boston,2025-01-09,S448,reference,2.37,1,783
boston,2025-01-09,S452,reference,2.53,1,786
boston,2025-01-09,S521,reference,2.44,1,25772
boston,2025-01-09,S788805,reference,3.04,1,4302520
boston,2025-01-10,S3339950,low-cost,4.19,1,11821904
boston,2025-01-10,S448,reference,2.43,1,783
boston,2025-01-10,S452,reference,2.81,1,786
boston,2025-01-10,S521,reference,2.75,1,25772
boston,2025-01-10,S788805,reference,3.69,1,4302520
boston,2025-01-11,S448,reference,5.28,1,783
boston,2025-01-11,S452,reference,8.6,1,786
boston,2025-01-11,S521,reference,5.75,1,25772
boston,2025-01-11,S788805,reference,7.13,1,4302520
boston,2025-01-12,S448,reference,5.13,1,783
boston,2025-01-12,S452,reference,10.4,1,786
boston,2025-01-12,S521,reference,5.2,1,25772
boston,2025-01-12,S788805,reference,5.97,1,4302520
boston,2025-01-13,S448,reference,12.1,1,783
boston,2025-01-13,S452,reference,14.7,1,786
boston,2025-01-13,S521,reference,13.0,1,25772
boston,2025-01-13,S788805,reference,14.0,1,4302520
boston,2025-01-14,S448,reference,5.25,1,783
boston,2025-01-14,S452,reference,5.74,1,786
boston,2025-01-14,S521,reference,5.57,1,25772
boston,2025-01-14,S788805,reference,6.53,1,4302520
boston,2025-01-15,S448,reference,3.33,1,783
boston,2025-01-15,S452,reference,4.09,1,786
boston,2025-01-15,S521,reference,3.45,1,25772
boston,2025-01-15,S788805,reference,4.21,1,4302520
boston,2025-01-16,S448,reference,6.85,1,783
boston,2025-01-16,S452,reference,7.45,1,786
boston,2025-01-16,S521,reference,6.24,1,25772
boston,2025-01-16,S788805,reference,7.34,1,4302520
boston,2025-01-17,S448,reference,13.5,1,783
boston,2025-01-17,S452,reference,16.8,1,786
boston,2025-01-17,S521,reference,14.7,1,25772
boston,2025-01-17,S788805,reference,15.5,1,4302520
boston,2025-01-18,S448,reference,12.3,1,783
boston,2025-01-18,S452,reference,12.3,1,786
boston,2025-01-18,S521,reference,14.1,1,25772
boston,2025-01-18,S788805,reference,14.1,1,4302520
boston,2025-01-19,S448,reference,5.73,1,783
boston,2025-01-19,S452,reference,6.3,1,786
boston,2025-01-19,S521,reference,6.8,1,25772
boston,2025-01-19,S788805,reference,8.54,1,4302520
boston,2025-01-20,S448,reference,4.03,1,783
boston,2025-01-20,S452,reference,9.59,1,786
boston,2025-01-20,S521,reference,4.31,1,25772
boston,2025-01-20,S788805,reference,5.52,1,4302520
boston,2025-01-21,S448,reference,6.87,1,783
boston,2025-01-21,S452,reference,16.0,1,786
boston,2025-01-21,S521,reference,7.57,1,25772
boston,2025-01-21,S788805,reference,9.09,1,4302520
boston,2025-01-22,S448,reference,9.55,1,783
boston,2025-01-22,S452,reference,14.9,1,786
boston,2025-01-22,S521,reference,11.1,1,25772
boston,2025-01-22,S788805,reference,9.4,1,4302520
boston,2025-01-23,S448,reference,9.85,1,783
boston,2025-01-23,S452,reference,13.6,1,786
boston,2025-01-23,S521,reference,11.2,1,25772
boston,2025-01-23,S788805,reference,11.6,1,4302520
boston,2025-01-24,S448,reference,13.5,1,783
boston,2025-01-24,S452,reference,15.3,1,786
boston,2025-01-24,S521,reference,12.9,1,25772
boston,2025-01-24,S788805,reference,14.3,1,4302520
boston,2025-01-25,S448,reference,9.13,1,783
boston,2025-01-25,S452,reference,10.3,1,786
boston,2025-01-25,S521,reference,8.88,1,25772
boston,2025-01-25,S788805,reference,9.75,1,4302520
boston,2025-01-26,S448,reference,10.1,1,783
boston,2025-01-26,S452,reference,10.8,1,786
boston,2025-01-26,S788805,reference,11.8,1,4302520
boston,2025-01-27,S448,reference,4.75,1,783
boston,2025-01-27,S452,reference,5.42,1,786
boston,2025-01-27,S521,reference,4.79,1,25772
boston,2025-01-27,S788805,reference,5.66,1,4302520
boston,2025-01-28,S448,reference,3.89,1,783
boston,2025-01-28,S452,reference,4.57,1,786
boston,2025-01-28,S521,reference,4.02,1,25772
boston,2025-01-28,S788805,reference,4.93,1,4302520
boston,2025-01-29,S448,reference,4.48,1,783
boston,2025-01-29,S452,reference,7.93,1,786
boston,2025-01-29,S521,reference,5.14,1,25772
boston,2025-01-29,S788805,reference,6.38,1,4302520
boston,2025-01-30,S448,reference,4.25,1,783
boston,2025-01-30,S452,reference,4.75,1,786
boston,2025-01-30,S521,reference,4.08,1,25772
boston,2025-01-30,S788805,reference,4.59,1,4302520
boston,2025-01-31,S448,reference,7.82,1,783
boston,2025-01-31,S452,reference,9.25,1,786
boston,2025-01-31,S521,reference,8.64,1,25772
boston,2025-01-31,S788805,reference,9.86,1,4302520
boston,2025-02-01,S448,reference,4.24,1,783
boston,2025-02-01,S452,reference,6.21,1,786
boston,2025-02-01,S521,reference,4.83,1,25772
boston,2025-02-01,S788805,reference,5.8,1,4302520
boston,2025-02-02,S448,reference,4.58,1,783
boston,2025-02-02,S452,reference,6.23,1,786
boston,2025-02-02,S521,reference,5.95,1,25772
boston,2025-02-02,S788805,reference,4.82,1,4302520
boston,2025-02-03,S448,reference,8.57,1,783
boston,2025-02-03,S452,reference,12.7,1,786
boston,2025-02-03,S521,reference,9.1,1,25772
boston,2025-02-03,S788805,reference,10.6,1,4302520
boston,2025-02-04,S448,reference,3.87,1,783
boston,2025-02-04,S452,reference,5.0,1,786
boston,2025-02-04,S521,reference,4.27,1,25772
boston,2025-02-04,S788805,reference,5.07,1,4302520
boston,2025-02-05,S448,reference,3.21,1,783
boston,2025-02-05,S452,reference,4.1,1,786
boston,2025-02-05,S521,reference,3.39,1,25772
boston,2025-02-05,S788805,reference,3.94,1,4302520
boston,2025-02-06,S448,reference,7.64,1,783
boston,2025-02-06,S452,reference,7.63,1,786
boston,2025-02-06,S521,reference,8.58,1,25772
boston,2025-02-06,S788805,reference,7.87,1,4302520
boston,2025-02-07,S448,reference,6.12,1,783
boston,2025-02-07,S452,reference,7.24,1,786
boston,2025-02-07,S521,reference,6.32,1,25772
boston,2025-02-07,S788805,reference,8.1,1,4302520
boston,2025-02-08,S448,reference,5.21,1,783
boston,2025-02-08,S452,reference,5.88,1,786
boston,2025-02-08,S521,reference,5.33,1,25772
boston,2025-02-08,S788805,reference,5.75,1,4302520
boston,2025-02-09,S448,reference,5.13,1,783
boston,2025-02-09,S452,reference,7.7,1,786
boston,2025-02-09,S521,reference,5.18,1,25772
boston,2025-02-09,S788805,reference,6.46,1,4302520
boston,2025-02-10,S448,reference,4.68,1,783
boston,2025-02-10,S452,reference,8.14,1,786
boston,2025-02-10,S521,reference,4.84,1,25772
boston,2025-02-10,S788805,reference,6.07,1,4302520
boston,2025-02-11,S448,reference,8.26,1,783
boston,2025-02-11,S452,reference,11.6,1,786
boston,2025-02-11,S521,reference,8.26,1,25772
boston,2025-02-11,S788805,reference,9.44,1,4302520
boston,2025-02-12,S3339950,low-cost,7.57,1,11821904
boston,2025-02-12,S448,reference,8.07,1,783
boston,2025-02-12,S452,reference,7.98,1,786
boston,2025-02-12,S521,reference,8.45,1,25772
boston,2025-02-12,S788805,reference,9.18,1,4302520
boston,2025-02-13,S3339950,low-cost,2.05,1,11821904
boston,2025-02-13,S448,reference,4.93,1,783
boston,2025-02-13,S452,reference,4.71,1,786
boston,2025-02-13,S521,reference,5.25,1,25772
boston,2025-02-13,S788805,reference,6.79,1,4302520
boston,2025-02-14,S3339950,low-cost,0.0856,1,11821904
boston,2025-02-14,S448,reference,2.9,1,783
boston,2025-02-14,S452,reference,3.35,1,786
boston,2025-02-14,S521,reference,2.88,1,25772
boston,2025-02-14,S788805,reference,4.09,1,4302520
boston,2025-02-15,S3339950,low-cost,1.27,1,11821904
boston,2025-02-15,S448,reference,3.99,1,783
boston,2025-02-15,S452,reference,4.34,1,786
boston,2025-02-15,S521,reference,4.58,1,25772
boston,2025-02-15,S788805,reference,4.2,1,4302520
boston,2025-02-16,S3339950,low-cost,1.15,1,11821904
boston,2025-02-16,S448,reference,3.67,1,783
boston,2025-02-16,S452,reference,4.46,1,786
boston,2025-02-16,S521,reference,4.23,1,25772
boston,2025-02-16,S788805,reference,5.28,1,4302520
boston,2025-02-17,S3339950,low-cost,0.0115,1,11821904
boston,2025-02-17,S448,reference,2.66,1,783
boston,2025-02-17,S452,reference,3.87,1,786
boston,2025-02-17,S521,reference,2.83,1,25772
boston,2025-02-17,S788805,reference,3.99,1,4302520
boston,2025-02-18,S3339950,low-cost,0.0225,1,11821904
boston,2025-02-18,S448,reference,2.92,1,783
boston,2025-02-18,S452,reference,4.32,1,786
boston,2025-02-18,S521,reference,3.08,1,25772
boston,2025-02-18,S788805,reference,4.31,1,4302520
boston,2025-02-19,S3339950,low-cost,0.204,1,11821904
boston,2025-02-19,S448,reference,3.58,1,783
boston,2025-02-19,S452,reference,5.3,1,786
boston,2025-02-19,S521,reference,3.61,1,25772
boston,2025-02-19,S788805,reference,4.93,1,4302520
boston,2025-02-20,S3339950,low-cost,0.406,1,11821904
boston,2025-02-20,S448,reference,4.35,1,783
boston,2025-02-20,S452,reference,5.6,1,786
boston,2025-02-20,S521,reference,4.48,1,25772
boston,2025-02-20,S788805,reference,5.23,1,4302520
boston,2025-02-21,S3339950,low-cost,0.0,1,11821904
boston,2025-02-21,S448,reference,2.55,1,783
boston,2025-02-21,S452,reference,3.34,1,786
boston,2025-02-21,S521,reference,2.64,1,25772
boston,2025-02-21,S788805,reference,3.78,1,4302520
boston,2025-02-22,S3339950,low-cost,1.73,1,11821904
boston,2025-02-22,S448,reference,3.88,1,783
boston,2025-02-22,S452,reference,4.53,1,786
boston,2025-02-22,S521,reference,3.81,1,25772
boston,2025-02-22,S788805,reference,4.58,1,4302520
boston,2025-02-23,S3339950,low-cost,13.3,1,11821904
boston,2025-02-23,S448,reference,9.43,1,783
boston,2025-02-23,S452,reference,10.8,1,786
boston,2025-02-23,S521,reference,9.7,1,25772
boston,2025-02-23,S788805,reference,11.7,1,4302520
boston,2025-02-24,S3339950,low-cost,19.4,1,11821904
boston,2025-02-24,S448,reference,12.1,1,783
boston,2025-02-24,S452,reference,12.8,1,786
boston,2025-02-24,S521,reference,12.5,1,25772
boston,2025-02-24,S788805,reference,14.8,1,4302520
boston,2025-02-25,S3339950,low-cost,8.19,1,11821904
boston,2025-02-25,S448,reference,9.98,1,783
boston,2025-02-25,S452,reference,10.7,1,786
boston,2025-02-25,S521,reference,9.85,1,25772
boston,2025-02-25,S788805,reference,12.2,1,4302520
boston,2025-02-26,S3339950,low-cost,1.81,1,11821904
boston,2025-02-26,S448,reference,4.25,1,783
boston,2025-02-26,S452,reference,5.16,1,786
boston,2025-02-26,S521,reference,4.4,1,25772
boston,2025-02-26,S788805,reference,5.52,1,4302520
boston,2025-02-27,S3339950,low-cost,9.76,1,11821904
boston,2025-02-27,S448,reference,9.45,1,783
boston,2025-02-27,S452,reference,9.39,1,786
boston,2025-02-27,S521,reference,9.4,1,25772
boston,2025-02-27,S788805,reference,10.7,1,4302520
boston,2025-02-28,S3339950,low-cost,0.0793,1,11821904
boston,2025-02-28,S448,reference,2.99,1,783
boston,2025-02-28,S452,reference,3.55,1,786
boston,2025-02-28,S521,reference,3.03,1,25772
boston,2025-02-28,S788805,reference,4.12,1,4302520
boston,2025-03-01,S3339950,low-cost,1.29,1,11821904
boston,2025-03-01,S448,reference,6.1,1,783
boston,2025-03-01,S452,reference,5.93,1,786
boston,2025-03-01,S521,reference,6.12,1,25772
boston,2025-03-01,S788805,reference,7.48,1,4302520
boston,2025-03-02,S3339950,low-cost,0.209,1,11821904
boston,2025-03-02,S448,reference,3.3,1,783
boston,2025-03-02,S452,reference,3.43,1,786
boston,2025-03-02,S521,reference,3.23,1,25772
boston,2025-03-02,S788805,reference,4.25,1,4302520
boston,2025-03-03,S3339950,low-cost,1.07,1,11821904
boston,2025-03-03,S448,reference,4.35,1,783
boston,2025-03-03,S452,reference,4.72,1,786
boston,2025-03-03,S521,reference,4.31,1,25772
boston,2025-03-03,S788805,reference,4.83,1,4302520
boston,2025-03-04,S3339950,low-cost,8.69,1,11821904
boston,2025-03-04,S448,reference,8.8,1,783
boston,2025-03-04,S452,reference,8.78,1,786
boston,2025-03-04,S521,reference,8.91,1,25772
boston,2025-03-04,S788805,reference,9.85,1,4302520
boston,2025-03-05,S3339950,low-cost,1.28,1,11821904
boston,2025-03-05,S448,reference,6.35,1,783
boston,2025-03-05,S452,reference,6.58,1,786
boston,2025-03-05,S521,reference,6.38,1,25772
boston,2025-03-05,S788805,reference,7.47,1,4302520
boston,2025-03-06,S3339950,low-cost,2.01,1,11821904
boston,2025-03-06,S448,reference,4.59,1,783
boston,2025-03-06,S452,reference,5.02,1,786
boston,2025-03-06,S521,reference,4.22,1,25772
boston,2025-03-06,S788805,reference,5.28,1,4302520
boston,2025-03-07,S3339950,low-cost,0.0044,1,11821904
boston,2025-03-07,S448,reference,1.7,1,783
boston,2025-03-07,S452,reference,1.91,1,786
boston,2025-03-07,S521,reference,1.64,1,25772
boston,2025-03-07,S788805,reference,2.53,1,4302520
boston,2025-03-08,S3339950,low-cost,0.0459,1,11821904
boston,2025-03-08,S448,reference,2.16,1,783
boston,2025-03-08,S452,reference,2.27,1,786
boston,2025-03-08,S521,reference,2.2,1,25772
boston,2025-03-08,S788805,reference,3.15,1,4302520
boston,2025-03-09,S3339950,low-cost,1.38,1,11821904
boston,2025-03-09,S448,reference,3.19,1,783
boston,2025-03-09,S452,reference,3.34,1,786
boston,2025-03-09,S521,reference,3.23,1,25772
boston,2025-03-09,S788805,reference,4.13,1,4302520
boston,2025-03-10,S3339950,low-cost,2.15,1,11821904
boston,2025-03-10,S448,reference,4.59,1,783
boston,2025-03-10,S452,reference,4.45,1,786
boston,2025-03-10,S521,reference,4.75,1,25772
boston,2025-03-10,S788805,reference,5.04,1,4302520
boston,2025-03-11,S3339950,low-cost,3.78,1,11821904
boston,2025-03-11,S448,reference,6.52,1,783
boston,2025-03-11,S452,reference,6.22,1,786
boston,2025-03-11,S521,reference,6.44,1,25772
boston,2025-03-11,S788805,reference,7.18,1,4302520
boston,2025-03-12,S3339950,low-cost,0.199,1,11821904
boston,2025-03-12,S448,reference,3.4,1,783
boston,2025-03-12,S452,reference,3.38,1,786
boston,2025-03-12,S521,reference,3.68,1,25772
boston,2025-03-12,S788805,reference,3.8,1,4302520
boston,2025-03-13,S3339950,low-cost,0.172,1,11821904
boston,2025-03-13,S448,reference,4.05,1,783
boston,2025-03-13,S452,reference,3.53,1,786
boston,2025-03-13,S521,reference,4.27,1,25772
boston,2025-03-13,S788805,reference,4.3,1,4302520
boston,2025-03-14,S3339950,low-cost,0.708,1,11821904
boston,2025-03-14,S448,reference,6.48,1,783
boston,2025-03-14,S452,reference,6.15,1,786
boston,2025-03-14,S521,reference,6.92,1,25772
boston,2025-03-14,S788805,reference,8.46,1,4302520
boston,2025-03-15,S3339950,low-cost,2.39,1,11821904
boston,2025-03-15,S448,reference,5.32,1,783
boston,2025-03-15,S452,reference,5.63,1,786
boston,2025-03-15,S521,reference,5.9,1,25772
boston,2025-03-15,S788805,reference,6.22,1,4302520
boston,2025-03-16,S3339950,low-cost,4.58,1,11821904
boston,2025-03-16,S448,reference,7.96,1,783
boston,2025-03-16,S452,reference,8.15,1,786
boston,2025-03-16,S521,reference,8.15,1,25772
boston,2025-03-16,S788805,reference,10.3,1,4302520
boston,2025-03-17,S3339950,low-cost,0.409,1,11821904
boston,2025-03-17,S448,reference,2.51,1,783
boston,2025-03-17,S452,reference,3.58,1,786
boston,2025-03-17,S521,reference,2.83,1,25772
boston,2025-03-17,S788805,reference,3.94,1,4302520
boston,2025-03-18,S3339950,low-cost,0.401,1,11821904
boston,2025-03-18,S448,reference,3.35,1,783
boston,2025-03-18,S452,reference,3.53,1,786
boston,2025-03-18,S521,reference,3.74,1,25772
boston,2025-03-18,S788805,reference,4.0,1,4302520
boston,2025-03-19,S3339950,low-cost,1.23,1,11821904
boston,2025-03-19,S448,reference,3.75,1,783
boston,2025-03-19,S452,reference,3.56,1,786
boston,2025-03-19,S521,reference,4.92,1,25772
boston,2025-03-19,S788805,reference,4.5,1,4302520
boston,2025-03-20,S3339950,low-cost,1.24,1,11821904
boston,2025-03-20,S448,reference,3.56,1,783
boston,2025-03-20,S452,reference,2.7,1,786
boston,2025-03-20,S521,reference,4.67,1,25772
boston,2025-03-20,S788805,reference,4.09,1,4302520
boston,2025-03-21,S3339950,low-cost,0.243,1,11821904
boston,2025-03-21,S448,reference,2.27,1,783
boston,2025-03-21,S452,reference,2.76,1,786
boston,2025-03-21,S521,reference,2.36,1,25772
boston,2025-03-21,S788805,reference,3.3,1,4302520
boston,2025-03-22,S3339950,low-cost,0.357,1,11821904
boston,2025-03-22,S448,reference,3.52,1,783
boston,2025-03-22,S452,reference,3.84,1,786
boston,2025-03-22,S521,reference,3.53,1,25772
boston,2025-03-22,S788805,reference,3.93,1,4302520
boston,2025-03-23,S3339950,low-cost,0.705,1,11821904
boston,2025-03-23,S448,reference,3.01,1,783
boston,2025-03-23,S452,reference,3.28,1,786
boston,2025-03-23,S521,reference,3.02,1,25772
boston,2025-03-23,S788805,reference,4.0,1,4302520
boston,2025-03-24,S3339950,low-cost,4.4,1,11821904
boston,2025-03-24,S448,reference,5.46,1,783
boston,2025-03-24,S452,reference,6.27,1,786
boston,2025-03-24,S521,reference,5.86,1,25772
boston,2025-03-24,S788805,reference,6.69,1,4302520
boston,2025-03-25,S3339950,low-cost,5.82,1,11821904
boston,2025-03-25,S448,reference,5.71,1,783
boston,2025-03-25,S452,reference,6.68,1,786
boston,2025-03-25,S521,reference,5.63,1,25772
boston,2025-03-25,S788805,reference,7.15,1,4302520
boston,2025-03-26,S3339950,low-cost,1.77,1,11821904
boston,2025-03-26,S448,reference,4.8,1,783
boston,2025-03-26,S452,reference,5.89,1,786
boston,2025-03-26,S521,reference,5.08,1,25772
boston,2025-03-26,S788805,reference,5.34,1,4302520
boston,2025-03-27,S3339950,low-cost,0.0403,1,11821904
boston,2025-03-27,S448,reference,2.62,1,783
boston,2025-03-27,S452,reference,2.98,1,786
boston,2025-03-27,S521,reference,2.6,1,25772
boston,2025-03-27,S788805,reference,3.4,1,4302520
boston,2025-03-28,S3339950,low-cost,0.657,1,11821904
boston,2025-03-28,S448,reference,3.37,1,783
boston,2025-03-28,S452,reference,3.75,1,786
boston,2025-03-28,S521,reference,3.46,1,25772
boston,2025-03-28,S788805,reference,4.16,1,4302520
boston,2025-03-29,S3339950,low-cost,0.161,1,11821904
boston,2025-03-29,S448,reference,3.82,1,783
boston,2025-03-29,S452,reference,3.78,1,786
boston,2025-03-29,S521,reference,4.08,1,25772
boston,2025-03-29,S788805,reference,4.71,1,4302520
boston,2025-03-30,S3339950,low-cost,0.792,1,11821904
boston,2025-03-30,S448,reference,4.37,1,783
boston,2025-03-30,S452,reference,4.08,1,786
boston,2025-03-30,S521,reference,5.28,1,25772
boston,2025-03-30,S788805,reference,5.41,1,4302520
boston,2025-03-31,S3339950,low-cost,8.4,1,11821904
boston,2025-03-31,S448,reference,7.46,1,783
boston,2025-03-31,S452,reference,7.4,1,786
boston,2025-03-31,S521,reference,8.5,1,25772
boston,2025-03-31,S788805,reference,8.58,1,4302520
boston,2025-04-01,S3339950,low-cost,0.103,1,11821904
boston,2025-04-01,S448,reference,2.72,1,783
boston,2025-04-01,S452,reference,3.35,1,786
boston,2025-04-01,S521,reference,2.8,1,25772
boston,2025-04-01,S788805,reference,3.54,1,4302520
boston,2025-04-02,S3339950,low-cost,0.109,1,11821904
boston,2025-04-02,S448,reference,3.4,1,783
boston,2025-04-02,S452,reference,3.53,1,786
boston,2025-04-02,S521,reference,3.79,1,25772
boston,2025-04-02,S788805,reference,3.79,1,4302520
boston,2025-04-03,S3339950,low-cost,4.39,1,11821904
boston,2025-04-03,S448,reference,5.43,1,783
boston,2025-04-03,S452,reference,6.27,1,786
boston,2025-04-03,S521,reference,5.67,1,25772
boston,2025-04-03,S788805,reference,6.36,1,4302520
boston,2025-04-04,S3339950,low-cost,3.15,1,11821904
boston,2025-04-04,S448,reference,4.41,1,783
boston,2025-04-04,S452,reference,5.07,1,786
boston,2025-04-04,S521,reference,4.28,1,25772
boston,2025-04-04,S788805,reference,5.38,1,4302520
boston,2025-04-05,S3339950,low-cost,0.184,1,11821904
boston,2025-04-05,S448,reference,11.2,1,783
boston,2025-04-05,S452,reference,3.93,1,786
boston,2025-04-05,S521,reference,4.5,1,25772
boston,2025-04-05,S788805,reference,5.15,1,4302520
boston,2025-04-06,S3339950,low-cost,1.14,1,11821904
boston,2025-04-06,S448,reference,3.9,1,783
boston,2025-04-06,S452,reference,5.1,1,786
boston,2025-04-06,S521,reference,3.95,1,25772
boston,2025-04-06,S788805,reference,5.13,1,4302520
boston,2025-04-07,S3339950,low-cost,0.223,1,11821904
boston,2025-04-07,S448,reference,3.35,1,783
boston,2025-04-07,S452,reference,3.29,1,786
boston,2025-04-07,S521,reference,3.74,1,25772
boston,2025-04-07,S788805,reference,3.96,1,4302520
boston,2025-04-08,S3339950,low-cost,0.636,1,11821904
boston,2025-04-08,S448,reference,3.06,1,783
boston,2025-04-08,S452,reference,3.22,1,786
boston,2025-04-08,S521,reference,3.35,1,25772
boston,2025-04-08,S788805,reference,3.78,1,4302520
boston,2025-04-09,S3339950,low-cost,0.0743,1,11821904
boston,2025-04-09,S448,reference,2.88,1,783
boston,2025-04-09,S452,reference,3.19,1,786
boston,2025-04-09,S521,reference,2.83,1,25772
boston,2025-04-09,S788805,reference,3.45,1,4302520
boston,2025-04-10,S3339950,low-cost,0.748,1,11821904
boston,2025-04-10,S448,reference,4.11,1,783
boston,2025-04-10,S452,reference,4.34,1,786
boston,2025-04-10,S521,reference,4.51,1,25772
boston,2025-04-10,S788805,reference,4.35,1,4302520
boston,2025-04-11,S3339950,low-cost,0.847,1,11821904
boston,2025-04-11,S448,reference,4.24,1,783
boston,2025-04-11,S452,reference,4.12,1,786
boston,2025-04-11,S521,reference,4.81,1,25772
boston,2025-04-11,S788805,reference,4.88,1,4302520
boston,2025-04-12,S3339950,low-cost,0.134,1,11821904
boston,2025-04-12,S448,reference,3.56,1,783
boston,2025-04-12,S452,reference,3.76,1,786
boston,2025-04-12,S521,reference,3.4,1,25772
boston,2025-04-12,S788805,reference,4.68,1,4302520
boston,2025-04-13,S3339950,low-cost,0.674,1,11821904
boston,2025-04-13,S448,reference,3.21,1,783
boston,2025-04-13,S452,reference,3.71,1,786
boston,2025-04-13,S521,reference,3.45,1,25772
boston,2025-04-13,S788805,reference,4.98,1,4302520
boston,2025-04-14,S3339950,low-cost,1.13,1,11821904
boston,2025-04-14,S448,reference,4.25,1,783
boston,2025-04-14,S452,reference,4.75,1,786
boston,2025-04-14,S521,reference,4.38,1,25772
boston,2025-04-14,S788805,reference,5.0,1,4302520
boston,2025-04-15,S3339950,low-cost,5.73,1,11821904
boston,2025-04-15,S448,reference,7.01,1,783
boston,2025-04-15,S452,reference,8.43,1,786
boston,2025-04-15,S521,reference,6.96,1,25772
boston,2025-04-15,S788805,reference,8.13,1,4302520
boston,2025-04-16,S3339950,low-cost,0.0082,1,11821904
boston,2025-04-16,S448,reference,1.64,1,783
boston,2025-04-16,S452,reference,1.81,1,786
boston,2025-04-16,S521,reference,1.51,1,25772
boston,2025-04-16,S788805,reference,2.48,1,4302520
boston,2025-04-17,S3339950,low-cost,0.0386,1,11821904
boston,2025-04-17,S448,reference,2.85,1,783
boston,2025-04-17,S452,reference,3.13,1,786
boston,2025-04-17,S521,reference,2.95,1,25772
boston,2025-04-17,S788805,reference,3.61,1,4302520
boston,2025-04-18,S3339950,low-cost,0.543,1,11821904
boston,2025-04-18,S448,reference,4.23,1,783
boston,2025-04-18,S452,reference,4.47,1,786
boston,2025-04-18,S521,reference,4.48,1,25772
boston,2025-04-18,S788805,reference,4.5,1,4302520
boston,2025-04-19,S3339950,low-cost,13.4,1,11821904
boston,2025-04-19,S448,reference,13.4,1,783
boston,2025-04-19,S452,reference,13.9,1,786
boston,2025-04-19,S521,reference,13.3,1,25772
boston,2025-04-19,S788805,reference,14.1,1,4302520
boston,2025-04-20,S3339950,low-cost,0.325,1,11821904
boston,2025-04-20,S448,reference,3.54,1,783
boston,2025-04-20,S452,reference,3.92,1,786
boston,2025-04-20,S521,reference,3.67,1,25772
boston,2025-04-20,S788805,reference,4.63,1,4302520
boston,2025-04-21,S3339950,low-cost,0.0096,1,11821904
boston,2025-04-21,S448,reference,3.25,1,783
boston,2025-04-21,S452,reference,3.49,1,786
boston,2025-04-21,S521,reference,3.94,1,25772
boston,2025-04-21,S788805,reference,3.64,1,4302520
boston,2025-04-22,S3339950,low-cost,13.3,1,11821904
boston,2025-04-22,S448,reference,11.7,1,783
boston,2025-04-22,S452,reference,10.9,1,786
boston,2025-04-22,S521,reference,11.5,1,25772
boston,2025-04-22,S788805,reference,12.7,1,4302520
boston,2025-04-23,S3339950,low-cost,4.57,1,11821904
boston,2025-04-23,S448,reference,5.05,1,783
boston,2025-04-23,S452,reference,5.11,1,786
boston,2025-04-23,S521,reference,4.5,1,25772
boston,2025-04-23,S788805,reference,5.98,1,4302520
boston,2025-04-24,S3339950,low-cost,0.87,1,11821904
boston,2025-04-24,S448,reference,4.43,1,783
boston,2025-04-24,S452,reference,4.52,1,786
boston,2025-04-24,S521,reference,4.73,1,25772
boston,2025-04-24,S788805,reference,4.9,1,4302520
boston,2025-04-25,S3339950,low-cost,20.2,1,11821904
boston,2025-04-25,S448,reference,13.9,1,783
boston,2025-04-25,S452,reference,14.9,1,786
boston,2025-04-25,S521,reference,14.5,1,25772
boston,2025-04-25,S788805,reference,15.1,1,4302520
boston,2025-04-26,S3339950,low-cost,6.21,1,11821904
boston,2025-04-26,S448,reference,5.65,1,783
boston,2025-04-26,S452,reference,5.99,1,786
boston,2025-04-26,S521,reference,5.7,1,25772
boston,2025-04-26,S788805,reference,6.2,1,4302520
boston,2025-04-27,S3339950,low-cost,0.0,1,11821904
boston,2025-04-27,S448,reference,0.983,1,783
boston,2025-04-27,S452,reference,1.21,1,786
boston,2025-04-27,S521,reference,1.01,1,25772
boston,2025-04-27,S788805,reference,2.07,1,4302520
boston,2025-04-28,S3339950,low-cost,0.272,1,11821904
boston,2025-04-28,S448,reference,3.6,1,783
boston,2025-04-28,S452,reference,4.16,1,786
boston,2025-04-28,S521,reference,3.81,1,25772
boston,2025-04-28,S788805,reference,4.24,1,4302520
boston,2025-04-29,S3339950,low-cost,1.79,1,11821904
boston,2025-04-29,S448,reference,5.35,1,783
boston,2025-04-29,S452,reference,5.87,1,786
boston,2025-04-29,S521,reference,5.64,1,25772
boston,2025-04-29,S788805,reference,5.73,1,4302520
boston,2025-04-30,S3339950,low-cost,1.63,1,11821904
boston,2025-04-30,S448,reference,4.13,1,783
boston,2025-04-30,S452,reference,4.72,1,786
boston,2025-04-30,S521,reference,4.23,1,25772
boston,2025-04-30,S788805,reference,5.13,1,4302520
boston,2025-05-01,S3339950,low-cost,0.0223,1,11821904
boston,2025-05-01,S448,reference,3.38,1,783
boston,2025-05-01,S452,reference,3.48,1,786
boston,2025-05-01,S521,reference,3.84,1,25772
boston,2025-05-01,S788805,reference,3.89,1,4302520
boston,2025-05-02,S3339950,low-cost,11.0,1,11821904
boston,2025-05-02,S448,reference,10.2,1,783
boston,2025-05-02,S452,reference,11.4,1,786
boston,2025-05-02,S521,reference,10.5,1,25772
boston,2025-05-02,S788805,reference,11.5,1,4302520
boston,2025-05-03,S3339950,low-cost,10.6,1,11821904
boston,2025-05-03,S448,reference,9.8,1,783
boston,2025-05-03,S452,reference,11.1,1,786
boston,2025-05-03,S521,reference,10.1,1,25772
boston,2025-05-03,S788805,reference,11.2,1,4302520
boston,2025-05-04,S3339950,low-cost,8.24,1,11821904
boston,2025-05-04,S448,reference,8.86,1,783
boston,2025-05-04,S452,reference,9.82,1,786
boston,2025-05-04,S521,reference,8.81,1,25772
boston,2025-05-04,S788805,reference,9.35,1,4302520
boston,2025-05-05,S3339950,low-cost,7.95,1,11821904
boston,2025-05-05,S448,reference,5.83,1,783
boston,2025-05-05,S452,reference,6.12,1,786
boston,2025-05-05,S521,reference,5.5,1,25772
boston,2025-05-05,S788805,reference,6.19,1,4302520
boston,2025-05-06,S3339950,low-cost,13.6,1,11821904
boston,2025-05-06,S448,reference,7.66,1,783
boston,2025-05-06,S452,reference,8.1,1,786
boston,2025-05-06,S521,reference,7.39,1,25772
boston,2025-05-06,S788805,reference,8.36,1,4302520
boston,2025-05-07,S3339950,low-cost,2.45,1,11821904
boston,2025-05-07,S448,reference,5.37,1,783
boston,2025-05-07,S452,reference,5.82,1,786
boston,2025-05-07,S521,reference,5.56,1,25772
boston,2025-05-07,S788805,reference,5.94,1,4302520
boston,2025-05-08,S3339950,low-cost,4.19,1,11821904
boston,2025-05-08,S448,reference,5.45,1,783
boston,2025-05-08,S452,reference,6.1,1,786
boston,2025-05-08,S521,reference,5.44,1,25772
boston,2025-05-08,S788805,reference,6.15,1,4302520
boston,2025-05-09,S3339950,low-cost,11.6,1,11821904
boston,2025-05-09,S448,reference,8.08,1,783
boston,2025-05-09,S452,reference,8.18,1,786
boston,2025-05-09,S521,reference,7.45,1,25772
boston,2025-05-09,S788805,reference,8.38,1,4302520
boston,2025-05-10,S3339950,low-cost,0.0101,1,11821904
boston,2025-05-10,S448,reference,1.75,1,783
boston,2025-05-10,S452,reference,2.38,1,786
boston,2025-05-10,S521,reference,1.63,1,25772
boston,2025-05-10,S788805,reference,3.34,1,4302520
boston,2025-05-11,S3339950,low-cost,0.622,1,11821904
boston,2025-05-11,S448,reference,3.99,1,783
boston,2025-05-11,S452,reference,4.29,1,786
boston,2025-05-11,S521,reference,3.9,1,25772
boston,2025-05-11,S788805,reference,5.23,1,4302520
boston,2025-05-12,S3339950,low-cost,0.639,1,11821904
boston,2025-05-12,S448,reference,4.01,1,783
boston,2025-05-12,S452,reference,4.52,1,786
boston,2025-05-12,S521,reference,4.55,1,25772
boston,2025-05-12,S788805,reference,4.54,1,4302520
boston,2025-05-13,S3339950,low-cost,3.26,1,11821904
boston,2025-05-13,S448,reference,6.19,1,783
boston,2025-05-13,S452,reference,6.47,1,786
boston,2025-05-13,S521,reference,6.33,1,25772
boston,2025-05-13,S788805,reference,6.58,1,4302520
boston,2025-05-14,S3339950,low-cost,3.08,1,11821904
boston,2025-05-14,S448,reference,6.66,1,783
boston,2025-05-14,S452,reference,6.28,1,786
boston,2025-05-14,S521,reference,6.95,1,25772
boston,2025-05-14,S788805,reference,6.91,1,4302520
boston,2025-05-15,S3339950,low-cost,9.61,1,11821904
boston,2025-05-15,S448,reference,9.56,1,783
boston,2025-05-15,S452,reference,9.24,1,786
boston,2025-05-15,S521,reference,8.8,1,25772
boston,2025-05-15,S788805,reference,9.73,1,4302520
boston,2025-05-16,S3339950,low-cost,6.59,1,11821904
boston,2025-05-16,S448,reference,7.08,1,783
boston,2025-05-16,S452,reference,7.27,1,786
boston,2025-05-16,S521,reference,7.14,1,25772
boston,2025-05-16,S788805,reference,7.32,1,4302520
boston,2025-05-17,S3339950,low-cost,10.3,1,11821904
boston,2025-05-17,S448,reference,7.83,1,783
boston,2025-05-17,S452,reference,8.23,1,786
boston,2025-05-17,S521,reference,7.79,1,25772
boston,2025-05-17,S788805,reference,7.84,1,4302520
boston,2025-05-18,S3339950,low-cost,0.165,1,11821904
boston,2025-05-18,S448,reference,2.96,1,783
boston,2025-05-18,S452,reference,3.26,1,786
boston,2025-05-18,S521,reference,2.96,1,25772
boston,2025-05-18,S788805,reference,3.69,1,4302520
boston,2025-05-19,S3339950,low-cost,0.0,1,11821904
boston,2025-05-19,S448,reference,1.24,1,783
boston,2025-05-19,S452,reference,1.66,1,786
boston,2025-05-19,S521,reference,1.26,1,25772
boston,2025-05-19,S788805,reference,2.05,1,4302520
boston,2025-05-20,S3339950,low-cost,0.018,1,11821904
boston,2025-05-20,S448,reference,2.07,1,783
boston,2025-05-20,S452,reference,1.92,1,786
boston,2025-05-20,S521,reference,1.86,1,25772
boston,2025-05-20,S788805,reference,2.25,1,4302520
boston,2025-05-21,S3339950,low-cost,0.135,1,11821904
boston,2025-05-21,S448,reference,3.8,1,783
boston,2025-05-21,S452,reference,3.76,1,786
boston,2025-05-21,S521,reference,4.12,1,25772
boston,2025-05-21,S788805,reference,4.39,1,4302520
boston,2025-05-22,S3339950,low-cost,0.0527,1,11821904
boston,2025-05-22,S452,reference,4.7,1,786
boston,2025-05-22,S521,reference,4.53,1,25772
boston,2025-05-22,S788805,reference,5.44,1,4302520
boston,2025-05-23,S3339950,low-cost,0.0616,1,11821904
boston,2025-05-23,S452,reference,2.69,1,786
boston,2025-05-23,S521,reference,1.95,1,25772
boston,2025-05-23,S788805,reference,2.28,1,4302520
boston,2025-05-24,S3339950,low-cost,0.0095,1,11821904
boston,2025-05-24,S448,reference,2.23,1,783
boston,2025-05-24,S452,reference,2.42,1,786
boston,2025-05-24,S521,reference,1.97,1,25772
boston,2025-05-24,S788805,reference,3.09,1,4302520
boston,2025-05-25,S3339950,low-cost,0.214,1,11821904
boston,2025-05-25,S448,reference,2.15,1,783
boston,2025-05-25,S452,reference,2.39,1,786
boston,2025-05-25,S521,reference,2.08,1,25772
boston,2025-05-25,S788805,reference,3.25,1,4302520
boston,2025-05-26,S3339950,low-cost,2.12,1,11821904
boston,2025-05-26,S448,reference,4.15,1,783
boston,2025-05-26,S452,reference,4.34,1,786
boston,2025-05-26,S521,reference,4.29,1,25772
boston,2025-05-26,S788805,reference,4.1,1,4302520
boston,2025-05-27,S3339950,low-cost,2.18,1,11821904
boston,2025-05-27,S448,reference,5.35,1,783
boston,2025-05-27,S452,reference,5.94,1,786
boston,2025-05-27,S521,reference,5.36,1,25772
boston,2025-05-27,S788805,reference,5.2,1,4302520
boston,2025-05-28,S3339950,low-cost,2.09,1,11821904
boston,2025-05-28,S448,reference,5.32,1,783
boston,2025-05-28,S452,reference,5.89,1,786
boston,2025-05-28,S521,reference,5.53,1,25772
boston,2025-05-28,S788805,reference,5.45,1,4302520
boston,2025-05-29,S3339950,low-cost,0.727,1,11821904
boston,2025-05-29,S448,reference,3.95,1,783
boston,2025-05-29,S452,reference,4.81,1,786
boston,2025-05-29,S521,reference,4.21,1,25772
boston,2025-05-29,S788805,reference,4.33,1,4302520
boston,2025-05-30,S3339950,low-cost,7.02,1,11821904
boston,2025-05-30,S448,reference,6.54,1,783
boston,2025-05-30,S452,reference,7.08,1,786
boston,2025-05-30,S521,reference,6.48,1,25772
boston,2025-05-30,S788805,reference,6.29,1,4302520
boston,2025-05-31,S3339950,low-cost,0.219,1,11821904
boston,2025-05-31,S448,reference,3.03,1,783
boston,2025-05-31,S452,reference,3.38,1,786
boston,2025-05-31,S521,reference,3.18,1,25772
boston,2025-05-31,S788805,reference,3.04,1,4302520
boston,2025-06-01,S448,reference,1.93,1,783
boston,2025-06-01,S452,reference,2.34,1,786
boston,2025-06-01,S521,reference,2.11,1,25772
boston,2025-06-01,S788805,reference,2.29,1,4302520
boston,2025-06-02,S448,reference,3.2,1,783
boston,2025-06-02,S452,reference,3.65,1,786
boston,2025-06-02,S521,reference,3.29,1,25772
boston,2025-06-02,S788805,reference,3.44,1,4302520
boston,2025-06-03,S3339950,low-cost,0.633,1,11821904
boston,2025-06-03,S448,reference,4.19,1,783
boston,2025-06-03,S452,reference,4.95,1,786
boston,2025-06-03,S521,reference,4.73,1,25772
boston,2025-06-03,S788805,reference,4.42,1,4302520
boston,2025-06-04,S3339950,low-cost,8.16,1,11821904
boston,2025-06-04,S448,reference,8.51,1,783
boston,2025-06-04,S452,reference,9.18,1,786
boston,2025-06-04,S521,reference,8.79,1,25772
boston,2025-06-04,S788805,reference,9.25,1,4302520
boston,2025-06-05,S3339950,low-cost,26.4,1,11821904
boston,2025-06-05,S448,reference,17.0,1,783
boston,2025-06-05,S452,reference,18.1,1,786
boston,2025-06-05,S521,reference,16.6,1,25772
boston,2025-06-05,S788805,reference,17.4,1,4302520
boston,2025-06-06,S3339950,low-cost,32.1,1,11821904
boston,2025-06-06,S448,reference,18.6,1,783
boston,2025-06-06,S452,reference,19.4,1,786
boston,2025-06-06,S521,reference,17.8,1,25772
boston,2025-06-06,S788805,reference,17.2,1,4302520
boston,2025-06-07,S3339950,low-cost,25.1,1,11821904
boston,2025-06-07,S448,reference,14.5,1,783
boston,2025-06-07,S452,reference,14.8,1,786
boston,2025-06-07,S521,reference,14.4,1,25772
boston,2025-06-07,S788805,reference,14.9,1,4302520
boston,2025-06-08,S3339950,low-cost,47.7,1,11821904
boston,2025-06-08,S448,reference,34.7,1,783
boston,2025-06-08,S452,reference,35.4,1,786
boston,2025-06-08,S521,reference,34.1,1,25772
boston,2025-06-08,S788805,reference,34.1,1,4302520
boston,2025-06-09,S3339950,low-cost,41.0,1,11821904
boston,2025-06-09,S452,reference,27.4,1,786
boston,2025-06-09,S521,reference,26.3,1,25772
boston,2025-06-09,S788805,reference,26.3,1,4302520
boston,2025-06-10,S3339950,low-cost,21.8,1,11821904
boston,2025-06-10,S452,reference,10.6,1,786
boston,2025-06-10,S521,reference,10.5,1,25772
boston,2025-06-10,S788805,reference,10.1,1,4302520
boston,2025-06-11,S3339950,low-cost,21.8,1,11821904
boston,2025-06-11,S448,reference,12.3,1,783
boston,2025-06-11,S452,reference,15.1,1,786
boston,2025-06-11,S521,reference,14.4,1,25772
boston,2025-06-11,S788805,reference,14.4,1,4302520
boston,2025-06-12,S3339950,low-cost,37.9,1,11821904
boston,2025-06-12,S448,reference,23.5,1,783
boston,2025-06-12,S452,reference,28.6,1,786
boston,2025-06-12,S521,reference,28.0,1,25772
boston,2025-06-12,S788805,reference,28.3,1,4302520
boston,2025-06-13,S3339950,low-cost,19.4,1,11821904
boston,2025-06-13,S448,reference,10.0,1,783
boston,2025-06-13,S452,reference,11.5,1,786
boston,2025-06-13,S521,reference,12.3,1,25772
boston,2025-06-13,S788805,reference,11.5,1,4302520
boston,2025-06-14,S3339950,low-cost,16.3,1,11821904
boston,2025-06-14,S448,reference,8.09,1,783
boston,2025-06-14,S452,reference,9.71,1,786
boston,2025-06-14,S521,reference,9.9,1,25772
boston,2025-06-14,S788805,reference,9.36,1,4302520
boston,2025-06-15,S3339950,low-cost,3.58,1,11821904
boston,2025-06-15,S448,reference,4.8,1,783
boston,2025-06-15,S452,reference,5.63,1,786
boston,2025-06-15,S521,reference,5.97,1,25772
boston,2025-06-15,S788805,reference,5.48,1,4302520
boston,2025-06-16,S3339950,low-cost,5.03,1,11821904
boston,2025-06-16,S448,reference,6.33,1,783
boston,2025-06-16,S452,reference,6.61,1,786
boston,2025-06-16,S521,reference,7.88,1,25772
boston,2025-06-16,S788805,reference,7.38,1,4302520
boston,2025-06-17,S3339950,low-cost,2.25,1,11821904
boston,2025-06-17,S448,reference,5.09,1,783
boston,2025-06-17,S452,reference,5.75,1,786
boston,2025-06-17,S521,reference,6.21,1,25772
boston,2025-06-17,S788805,reference,6.03,1,4302520
boston,2025-06-18,S3339950,low-cost,2.66,1,11821904
boston,2025-06-18,S448,reference,3.61,1,783
boston,2025-06-18,S452,reference,4.64,1,786
boston,2025-06-18,S521,reference,4.37,1,25772
boston,2025-06-18,S788805,reference,4.13,1,4302520
boston,2025-06-19,S3339950,low-cost,5.95,1,11821904
boston,2025-06-19,S448,reference,4.57,1,783
boston,2025-06-19,S452,reference,6.02,1,786
boston,2025-06-19,S521,reference,5.35,1,25772
boston,2025-06-19,S788805,reference,5.66,1,4302520
boston,2025-06-20,S3339950,low-cost,10.2,1,11821904
boston,2025-06-20,S448,reference,6.98,1,783
boston,2025-06-20,S452,reference,8.54,1,786
boston,2025-06-20,S521,reference,7.83,1,25772
boston,2025-06-20,S788805,reference,8.15,1,4302520
boston,2025-06-21,S3339950,low-cost,20.3,1,11821904
boston,2025-06-21,S448,reference,10.7,1,783
boston,2025-06-21,S452,reference,13.9,1,786
boston,2025-06-21,S521,reference,12.6,1,25772
boston,2025-06-21,S788805,reference,12.6,1,4302520
boston,2025-06-22,S3339950,low-cost,16.8,1,11821904
boston,2025-06-22,S448,reference,8.37,1,783
boston,2025-06-22,S452,reference,10.9,1,786
boston,2025-06-22,S521,reference,10.0,1,25772
boston,2025-06-22,S788805,reference,10.5,1,4302520
boston,2025-06-23,S3339950,low-cost,23.3,1,11821904
boston,2025-06-23,S448,reference,9.04,1,783
boston,2025-06-23,S452,reference,11.9,1,786
boston,2025-06-23,S521,reference,11.5,1,25772
boston,2025-06-23,S788805,reference,12.1,1,4302520
boston,2025-06-24,S3339950,low-cost,17.5,1,11821904
boston,2025-06-24,S448,reference,10.6,1,783
boston,2025-06-24,S452,reference,13.2,1,786
boston,2025-06-24,S521,reference,13.3,1,25772
boston,2025-06-24,S788805,reference,12.7,1,4302520
boston,2025-06-25,S3339950,low-cost,13.1,1,11821904
boston,2025-06-25,S448,reference,9.45,1,783
boston,2025-06-25,S452,reference,12.5,1,786
boston,2025-06-25,S521,reference,12.3,1,25772
boston,2025-06-25,S788805,reference,11.4,1,4302520
boston,2025-06-26,S3339950,low-cost,3.57,1,11821904
boston,2025-06-26,S448,reference,5.41,1,783
boston,2025-06-26,S452,reference,6.45,1,786
boston,2025-06-26,S521,reference,6.39,1,25772
boston,2025-06-26,S788805,reference,5.86,1,4302520
boston,2025-06-27,S3339950,low-cost,0.489,1,11821904
boston,2025-06-27,S448,reference,3.68,1,783
boston,2025-06-27,S452,reference,4.33,1,786
boston,2025-06-27,S521,reference,4.92,1,25772
boston,2025-06-27,S788805,reference,4.07,1,4302520
boston,2025-06-28,S3339950,low-cost,9.18,1,11821904
boston,2025-06-28,S448,reference,5.68,1,783
boston,2025-06-28,S452,reference,6.03,1,786
boston,2025-06-28,S521,reference,8.38,1,25772
boston,2025-06-28,S788805,reference,6.88,1,4302520
boston,2025-06-29,S3339950,low-cost,16.4,1,11821904
boston,2025-06-29,S448,reference,8.4,1,783
boston,2025-06-29,S452,reference,10.4,1,786
boston,2025-06-29,S521,reference,11.7,1,25772
boston,2025-06-29,S788805,reference,9.06,1,4302520
boston,2025-06-30,S3339950,low-cost,12.0,1,11821904
boston,2025-06-30,S448,reference,6.37,1,783
boston,2025-06-30,S452,reference,8.35,1,786
boston,2025-06-30,S521,reference,8.71,1,25772
boston,2025-06-30,S788805,reference,7.25,1,4302520
boston,2025-07-01,S3339950,low-cost,14.7,1,11821904
boston,2025-07-01,S448,reference,5.88,1,783
boston,2025-07-01,S452,reference,7.9,1,786
boston,2025-07-01,S521,reference,9.68,1,25772
boston,2025-07-01,S788805,reference,7.36,1,4302520
boston,2025-07-02,S3339950,low-cost,8.52,1,11821904
boston,2025-07-02,S448,reference,5.69,1,783
boston,2025-07-02,S452,reference,7.71,1,786
boston,2025-07-02,S521,reference,7.39,1,25772
boston,2025-07-02,S788805,reference,6.9,1,4302520
boston,2025-07-03,S3339950,low-cost,19.8,1,11821904
boston,2025-07-03,S448,reference,10.0,1,783
boston,2025-07-03,S452,reference,11.3,1,786
boston,2025-07-03,S521,reference,11.3,1,25772
boston,2025-07-03,S788805,reference,12.1,1,4302520
boston,2025-07-04,S3339950,low-cost,10.9,1,11821904
boston,2025-07-04,S448,reference,10.0,1,783
boston,2025-07-04,S452,reference,12.4,1,786
boston,2025-07-04,S521,reference,7.2,1,25772
boston,2025-07-04,S788805,reference,8.27,1,4302520
boston,2025-07-05,S3339950,low-cost,12.7,1,11821904
boston,2025-07-05,S448,reference,9.28,1,783
boston,2025-07-05,S452,reference,14.4,1,786
boston,2025-07-05,S521,reference,6.44,1,25772
boston,2025-07-05,S788805,reference,7.7,1,4302520
boston,2025-07-06,S3339950,low-cost,27.6,1,11821904
boston,2025-07-06,S448,reference,13.2,1,783
boston,2025-07-06,S452,reference,17.8,1,786
boston,2025-07-06,S521,reference,15.5,1,25772
boston,2025-07-06,S788805,reference,15.6,1,4302520
boston,2025-07-07,S3339950,low-cost,6.33,1,11821904
boston,2025-07-07,S448,reference,6.34,1,783
boston,2025-07-07,S452,reference,8.36,1,786
boston,2025-07-07,S521,reference,7.57,1,25772
boston,2025-07-07,S788805,reference,7.63,1,4302520
boston,2025-07-08,S3339950,low-cost,6.51,1,11821904
boston,2025-07-08,S448,reference,6.03,1,783
boston,2025-07-08,S452,reference,7.98,1,786
boston,2025-07-08,S521,reference,6.67,1,25772
boston,2025-07-08,S788805,reference,7.45,1,4302520
boston,2025-07-09,S3339950,low-cost,9.68,1,11821904
boston,2025-07-09,S448,reference,5.49,1,783
boston,2025-07-09,S452,reference,7.43,1,786
boston,2025-07-09,S521,reference,6.45,1,25772
boston,2025-07-09,S788805,reference,6.08,1,4302520
boston,2025-07-10,S3339950,low-cost,4.71,1,11821904
boston,2025-07-10,S448,reference,4.17,1,783
boston,2025-07-10,S452,reference,5.51,1,786
boston,2025-07-10,S521,reference,4.44,1,25772
boston,2025-07-10,S788805,reference,4.47,1,4302520
boston,2025-07-11,S3339950,low-cost,12.5,1,11821904
boston,2025-07-11,S448,reference,6.08,1,783
boston,2025-07-11,S452,reference,6.41,1,786
boston,2025-07-11,S521,reference,7.31,1,25772
boston,2025-07-11,S788805,reference,6.51,1,4302520
boston,2025-07-12,S3339950,low-cost,9.72,1,11821904
boston,2025-07-12,S448,reference,5.71,1,783
boston,2025-07-12,S452,reference,7.1,1,786
boston,2025-07-12,S521,reference,6.22,1,25772
boston,2025-07-12,S788805,reference,6.23,1,4302520
boston,2025-07-13,S3339950,low-cost,1.06,1,11821904
boston,2025-07-13,S448,reference,3.36,1,783
boston,2025-07-13,S452,reference,4.25,1,786
boston,2025-07-13,S521,reference,3.7,1,25772
boston,2025-07-13,S788805,reference,3.85,1,4302520
boston,2025-07-14,S3339950,low-cost,3.33,1,11821904
boston,2025-07-14,S448,reference,4.28,1,783
boston,2025-07-14,S452,reference,5.64,1,786
boston,2025-07-14,S521,reference,4.73,1,25772
boston,2025-07-14,S788805,reference,5.08,1,4302520
boston,2025-07-15,S3339950,low-cost,3.9,1,11821904
boston,2025-07-15,S448,reference,4.5,1,783
boston,2025-07-15,S452,reference,5.75,1,786
boston,2025-07-15,S521,reference,5.23,1,25772
boston,2025-07-15,S788805,reference,5.33,1,4302520
boston,2025-07-16,S3339950,low-cost,9.52,1,11821904
boston,2025-07-16,S448,reference,6.35,1,783
boston,2025-07-16,S452,reference,7.93,1,786
boston,2025-07-16,S521,reference,7.48,1,25772
boston,2025-07-16,S788805,reference,7.96,1,4302520
boston,2025-07-17,S3339950,low-cost,12.7,1,11821904
boston,2025-07-17,S448,reference,6.34,1,783
boston,2025-07-17,S452,reference,8.43,1,786
boston,2025-07-17,S521,reference,7.58,1,25772
boston,2025-07-17,S788805,reference,7.38,1,4302520
boston,2025-07-18,S3339950,low-cost,0.104,1,11821904
boston,2025-07-18,S448,reference,2.72,1,783
boston,2025-07-18,S452,reference,3.33,1,786
boston,2025-07-18,S521,reference,3.09,1,25772
boston,2025-07-18,S788805,reference,3.21,1,4302520
boston,2025-07-19,S3339950,low-cost,1.03,1,11821904
boston,2025-07-19,S448,reference,3.94,1,783
boston,2025-07-19,S452,reference,6.46,1,786
boston,2025-07-19,S521,reference,5.13,1,25772
boston,2025-07-19,S788805,reference,4.88,1,4302520
boston,2025-07-20,S3339950,low-cost,1.87,1,11821904
boston,2025-07-20,S448,reference,3.08,1,783
boston,2025-07-20,S452,reference,4.01,1,786
boston,2025-07-20,S521,reference,3.5,1,25772
boston,2025-07-20,S788805,reference,3.65,1,4302520
boston,2025-07-21,S3339950,low-cost,8.34,1,11821904
boston,2025-07-21,S448,reference,6.34,1,783
boston,2025-07-21,S452,reference,8.49,1,786
boston,2025-07-21,S521,reference,7.13,1,25772
boston,2025-07-21,S788805,reference,7.73,1,4302520
boston,2025-07-22,S3339950,low-cost,0.126,1,11821904
boston,2025-07-22,S448,reference,3.05,1,783
boston,2025-07-22,S452,reference,3.67,1,786
boston,2025-07-22,S521,reference,3.39,1,25772
boston,2025-07-22,S788805,reference,3.35,1,4302520
boston,2025-07-23,S3339950,low-cost,0.824,1,11821904
boston,2025-07-23,S448,reference,4.09,1,783
boston,2025-07-23,S452,reference,5.5,1,786
boston,2025-07-23,S521,reference,4.67,1,25772
boston,2025-07-23,S788805,reference,4.83,1,4302520
boston,2025-07-24,S3339950,low-cost,6.6,1,11821904
boston,2025-07-24,S448,reference,5.99,1,783
boston,2025-07-24,S452,reference,7.42,1,786
boston,2025-07-24,S5179638,low-cost,9.69,1,13675962
boston,2025-07-24,S5179639,low-cost,10.345,2,13675961; 13675965
boston,2025-07-24,S5179640,low-cost,8.56,1,13675960
boston,2025-07-24,S5179641,low-cost,9.13,1,13675964
boston,2025-07-24,S5179642,low-cost,7.28,1,13675966
boston,2025-07-24,S5179643,low-cost,9.2,1,13675963
boston,2025-07-24,S5179645,low-cost,7.99,1,13675967
boston,2025-07-24,S521,reference,6.26,1,25772
boston,2025-07-24,S788805,reference,6.9,1,4302520
boston,2025-07-25,S3339950,low-cost,11.6,1,11821904
boston,2025-07-25,S448,reference,7.34,1,783
boston,2025-07-25,S452,reference,9.47,1,786
boston,2025-07-25,S5179638,low-cost,13.2,1,13675962
boston,2025-07-25,S5179639,low-cost,13.4,2,13675961; 13675965
boston,2025-07-25,S5179640,low-cost,13.0,1,13675960
boston,2025-07-25,S5179641,low-cost,12.3,1,13675964
boston,2025-07-25,S5179642,low-cost,11.1,1,13675966
boston,2025-07-25,S5179643,low-cost,13.1,1,13675963
boston,2025-07-25,S5179645,low-cost,10.2,1,13675967
boston,2025-07-25,S521,reference,7.83,1,25772
boston,2025-07-25,S788805,reference,8.83,1,4302520
boston,2025-07-26,S3339950,low-cost,38.4,1,11821904
boston,2025-07-26,S448,reference,27.2,1,783
boston,2025-07-26,S452,reference,36.5,1,786
boston,2025-07-26,S5179638,low-cost,24.1,1,13675962
boston,2025-07-26,S5179639,low-cost,24.55,2,13675961; 13675965
boston,2025-07-26,S5179640,low-cost,25.5,1,13675960
boston,2025-07-26,S5179641,low-cost,22.9,1,13675964
boston,2025-07-26,S5179642,low-cost,26.4,1,13675966
boston,2025-07-26,S5179643,low-cost,25.9,1,13675963
boston,2025-07-26,S5179645,low-cost,26.6,1,13675967
boston,2025-07-26,S521,reference,28.2,1,25772
boston,2025-07-26,S788805,reference,29.6,1,4302520
boston,2025-07-27,S3339950,low-cost,39.2,1,11821904
boston,2025-07-27,S448,reference,23.1,1,783
boston,2025-07-27,S452,reference,29.4,1,786
boston,2025-07-27,S5179638,low-cost,26.5,1,13675962
boston,2025-07-27,S5179639,low-cost,26.45,2,13675961; 13675965
boston,2025-07-27,S5179640,low-cost,25.5,1,13675960
boston,2025-07-27,S5179641,low-cost,25.8,1,13675964
boston,2025-07-27,S5179642,low-cost,24.9,1,13675966
boston,2025-07-27,S5179643,low-cost,27.2,1,13675963
boston,2025-07-27,S5179645,low-cost,22.8,1,13675967
boston,2025-07-27,S521,reference,25.7,1,25772
boston,2025-07-27,S788805,reference,25.7,1,4302520
boston,2025-07-28,S3339950,low-cost,32.6,1,11821904
boston,2025-07-28,S448,reference,17.4,1,783
boston,2025-07-28,S452,reference,21.0,1,786
boston,2025-07-28,S5179638,low-cost,22.3,1,13675962
boston,2025-07-28,S5179639,low-cost,23.3,2,13675961; 13675965
boston,2025-07-28,S5179641,low-cost,22.3,1,13675964
boston,2025-07-28,S5179643,low-cost,24.9,1,13675963
boston,2025-07-28,S5179645,low-cost,19.5,1,13675967
boston,2025-07-28,S521,reference,18.7,1,25772
boston,2025-07-28,S788805,reference,18.6,1,4302520
boston,2025-07-29,S3339950,low-cost,24.6,1,11821904
boston,2025-07-29,S448,reference,12.7,1,783
boston,2025-07-29,S452,reference,16.1,1,786
boston,2025-07-29,S5179638,low-cost,20.4,1,13675962
boston,2025-07-29,S5179639,low-cost,19.2,2,13675961; 13675965
boston,2025-07-29,S5179641,low-cost,18.3,1,13675964
boston,2025-07-29,S5179643,low-cost,20.0,1,13675963
boston,2025-07-29,S521,reference,13.3,1,25772
boston,2025-07-29,S788805,reference,14.6,1,4302520
boston,2025-07-30,S3339950,low-cost,15.4,1,11821904
boston,2025-07-30,S448,reference,9.54,1,783
boston,2025-07-30,S452,reference,12.6,1,786
boston,2025-07-30,S5179638,low-cost,15.5,1,13675962
boston,2025-07-30,S5179639,low-cost,14.65,2,13675961; 13675965
boston,2025-07-30,S5179640,low-cost,15.5,1,13675960
boston,2025-07-30,S5179641,low-cost,13.2,1,13675964
boston,2025-07-30,S5179642,low-cost,13.7,1,13675966
boston,2025-07-30,S5179643,low-cost,14.6,1,13675963
boston,2025-07-30,S5179645,low-cost,12.4,1,13675967
boston,2025-07-30,S521,reference,10.4,1,25772
boston,2025-07-30,S788805,reference,11.1,1,4302520
boston,2025-07-31,S3339950,low-cost,34.5,1,11821904
boston,2025-07-31,S448,reference,20.7,1,783
boston,2025-07-31,S452,reference,25.6,1,786
boston,2025-07-31,S5179638,low-cost,24.9,1,13675962
boston,2025-07-31,S5179639,low-cost,22.75,2,13675961; 13675965
boston,2025-07-31,S5179640,low-cost,25.3,1,13675960
boston,2025-07-31,S5179641,low-cost,23.5,1,13675964
boston,2025-07-31,S5179642,low-cost,24.4,1,13675966
boston,2025-07-31,S5179643,low-cost,24.7,1,13675963
boston,2025-07-31,S5179645,low-cost,19.8,1,13675967
boston,2025-07-31,S521,reference,21.7,1,25772
boston,2025-07-31,S788805,reference,22.3,1,4302520
boston,2025-08-01,S3339950,low-cost,23.6,1,11821904
boston,2025-08-01,S448,reference,14.9,1,783
boston,2025-08-01,S452,reference,19.9,1,786
boston,2025-08-01,S5179638,low-cost,16.2,1,13675962
boston,2025-08-01,S5179639,low-cost,15.95,2,13675961; 13675965
boston,2025-08-01,S5179640,low-cost,16.9,1,13675960
boston,2025-08-01,S5179641,low-cost,16.4,1,13675964
boston,2025-08-01,S5179642,low-cost,16.1,1,13675966
boston,2025-08-01,S5179643,low-cost,16.6,1,13675963
boston,2025-08-01,S5179645,low-cost,13.7,1,13675967
boston,2025-08-01,S521,reference,16.1,1,25772
boston,2025-08-01,S788805,reference,16.5,1,4302520
boston,2025-08-02,S3339950,low-cost,2.79,1,11821904
boston,2025-08-02,S448,reference,4.64,1,783
boston,2025-08-02,S452,reference,6.24,1,786
boston,2025-08-02,S5179638,low-cost,7.09,1,13675962
boston,2025-08-02,S5179639,low-cost,8.01,2,13675961; 13675965
boston,2025-08-02,S5179640,low-cost,2.77,1,13675960
boston,2025-08-02,S5179641,low-cost,7.0,1,13675964
boston,2025-08-02,S5179642,low-cost,5.91,1,13675966
boston,2025-08-02,S5179643,low-cost,6.76,1,13675963
boston,2025-08-02,S5179645,low-cost,6.38,1,13675967
boston,2025-08-02,S521,reference,5.53,1,25772
boston,2025-08-02,S788805,reference,5.24,1,4302520
boston,2025-08-03,S3339950,low-cost,20.0,1,11821904
boston,2025-08-03,S448,reference,15.2,1,783
boston,2025-08-03,S452,reference,17.2,1,786
boston,2025-08-03,S5179638,low-cost,17.1,1,13675962
boston,2025-08-03,S5179639,low-cost,16.15,2,13675961; 13675965
boston,2025-08-03,S5179641,low-cost,15.0,1,13675964
boston,2025-08-03,S5179643,low-cost,16.3,1,13675963
boston,2025-08-03,S521,reference,16.9,1,25772
boston,2025-08-03,S788805,reference,15.6,1,4302520
boston,2025-08-04,S3339950,low-cost,31.9,1,11821904
boston,2025-08-04,S448,reference,23.9,1,783
boston,2025-08-04,S452,reference,28.7,1,786
boston,2025-08-04,S5179638,low-cost,32.6,1,13675962
boston,2025-08-04,S5179639,low-cost,29.45,2,13675961; 13675965
boston,2025-08-04,S5179640,low-cost,9.05,1,13675960
boston,2025-08-04,S5179641,low-cost,28.1,1,13675964
boston,2025-08-04,S5179642,low-cost,31.2,1,13675966
boston,2025-08-04,S5179643,low-cost,32.0,1,13675963
boston,2025-08-04,S5179645,low-cost,26.9,1,13675967
boston,2025-08-04,S521,reference,26.8,1,25772
boston,2025-08-04,S788805,reference,27.2,1,4302520
boston,2025-08-05,S3339950,low-cost,32.2,1,11821904
boston,2025-08-05,S448,reference,21.6,1,783
boston,2025-08-05,S452,reference,24.1,1,786
boston,2025-08-05,S5179638,low-cost,20.7,1,13675962
boston,2025-08-05,S5179639,low-cost,21.1,2,13675961; 13675965
boston,2025-08-05,S5179640,low-cost,8.34,1,13675960
boston,2025-08-05,S5179641,low-cost,19.1,1,13675964
boston,2025-08-05,S5179642,low-cost,19.4,1,13675966
boston,2025-08-05,S5179643,low-cost,21.1,1,13675963
boston,2025-08-05,S5179645,low-cost,18.0,1,13675967
boston,2025-08-05,S521,reference,24.9,1,25772
boston,2025-08-05,S788805,reference,23.5,1,4302520
boston,2025-08-06,S3339950,low-cost,17.7,1,11821904
boston,2025-08-06,S448,reference,11.1,1,783
boston,2025-08-06,S452,reference,12.7,1,786
boston,2025-08-06,S5179638,low-cost,11.9,1,13675962
boston,2025-08-06,S5179639,low-cost,12.95,2,13675961; 13675965
boston,2025-08-06,S5179640,low-cost,5.24,1,13675960
boston,2025-08-06,S5179641,low-cost,10.8,1,13675964
boston,2025-08-06,S5179642,low-cost,10.7,1,13675966
boston,2025-08-06,S5179643,low-cost,12.3,1,13675963
boston,2025-08-06,S5179645,low-cost,12.0,1,13675967
boston,2025-08-06,S521,reference,12.6,1,25772
boston,2025-08-06,S788805,reference,13.0,1,4302520
boston,2025-08-07,S3339950,low-cost,19.7,1,11821904
boston,2025-08-07,S448,reference,12.2,1,783
boston,2025-08-07,S452,reference,15.9,1,786
boston,2025-08-07,S5179638,low-cost,13.3,1,13675962
boston,2025-08-07,S5179639,low-cost,15.1,2,13675961; 13675965
boston,2025-08-07,S5179640,low-cost,5.82,1,13675960
boston,2025-08-07,S5179641,low-cost,12.7,1,13675964
boston,2025-08-07,S5179642,low-cost,14.2,1,13675966
boston,2025-08-07,S5179643,low-cost,14.6,1,13675963
boston,2025-08-07,S5179645,low-cost,14.3,1,13675967
boston,2025-08-07,S521,reference,12.9,1,25772
boston,2025-08-07,S788805,reference,12.6,1,4302520
boston,2025-08-08,S3339950,low-cost,3.86,1,11821904
boston,2025-08-08,S448,reference,5.51,1,783
boston,2025-08-08,S452,reference,6.75,1,786
boston,2025-08-08,S5179638,low-cost,7.76,1,13675962
boston,2025-08-08,S5179639,low-cost,8.625,2,13675961; 13675965
boston,2025-08-08,S5179640,low-cost,3.46,1,13675960
boston,2025-08-08,S5179641,low-cost,6.94,1,13675964
boston,2025-08-08,S5179642,low-cost,6.67,1,13675966
boston,2025-08-08,S5179643,low-cost,7.37,1,13675963
boston,2025-08-08,S5179645,low-cost,7.37,1,13675967
boston,2025-08-08,S521,reference,6.64,1,25772
boston,2025-08-08,S788805,reference,6.13,1,4302520
boston,2025-08-09,S3339950,low-cost,4.59,1,11821904
boston,2025-08-09,S448,reference,5.49,1,783
boston,2025-08-09,S452,reference,6.73,1,786
boston,2025-08-09,S5179638,low-cost,7.73,1,13675962
boston,2025-08-09,S5179639,low-cost,8.83,2,13675961; 13675965
boston,2025-08-09,S5179640,low-cost,3.45,1,13675960
boston,2025-08-09,S5179641,low-cost,7.27,1,13675964
boston,2025-08-09,S5179642,low-cost,6.9,1,13675966
boston,2025-08-09,S5179643,low-cost,7.4,1,13675963
boston,2025-08-09,S5179645,low-cost,7.01,1,13675967
boston,2025-08-09,S521,reference,6.6,1,25772
boston,2025-08-09,S788805,reference,6.22,1,4302520
boston,2025-08-10,S3339950,low-cost,10.5,1,11821904
boston,2025-08-10,S448,reference,7.29,1,783
boston,2025-08-10,S452,reference,8.7,1,786
boston,2025-08-10,S5179638,low-cost,10.3,1,13675962
boston,2025-08-10,S5179639,low-cost,12.15,2,13675961; 13675965
boston,2025-08-10,S5179640,low-cost,4.26,1,13675960
boston,2025-08-10,S5179641,low-cost,9.44,1,13675964
boston,2025-08-10,S5179642,low-cost,8.51,1,13675966
boston,2025-08-10,S5179643,low-cost,10.3,1,13675963
boston,2025-08-10,S5179645,low-cost,9.45,1,13675967
boston,2025-08-10,S521,reference,8.56,1,25772
boston,2025-08-10,S788805,reference,8.44,1,4302520
boston,2025-08-11,S3339950,low-cost,18.7,1,11821904
boston,2025-08-11,S448,reference,11.1,1,783
boston,2025-08-11,S452,reference,13.7,1,786
boston,2025-08-11,S5179638,low-cost,13.9,1,13675962
boston,2025-08-11,S5179639,low-cost,14.4,2,13675961; 13675965
boston,2025-08-11,S5179640,low-cost,5.82,1,13675960
boston,2025-08-11,S5179641,low-cost,12.7,1,13675964
boston,2025-08-11,S5179642,low-cost,12.0,1,13675966
boston,2025-08-11,S5179643,low-cost,13.9,1,13675963
boston,2025-08-11,S5179645,low-cost,13.6,1,13675967
boston,2025-08-11,S521,reference,12.1,1,25772
boston,2025-08-11,S788805,reference,12.9,1,4302520
boston,2025-08-12,S3339950,low-cost,27.5,1,11821904
boston,2025-08-12,S448,reference,15.5,1,783
boston,2025-08-12,S452,reference,18.6,1,786
boston,2025-08-12,S5179638,low-cost,17.5,1,13675962
boston,2025-08-12,S5179639,low-cost,17.15,2,13675961; 13675965
boston,2025-08-12,S5179640,low-cost,6.87,1,13675960
boston,2025-08-12,S5179641,low-cost,14.9,1,13675964
boston,2025-08-12,S5179642,low-cost,13.8,1,13675966
boston,2025-08-12,S5179643,low-cost,16.9,1,13675963
boston,2025-08-12,S5179645,low-cost,18.2,1,13675967
boston,2025-08-12,S521,reference,17.1,1,25772
boston,2025-08-12,S788805,reference,17.1,1,4302520
boston,2025-08-13,S3339950,low-cost,18.4,1,11821904
boston,2025-08-13,S448,reference,8.56,1,783
boston,2025-08-13,S452,reference,10.4,1,786
boston,2025-08-13,S5179638,low-cost,16.2,1,13675962
boston,2025-08-13,S5179639,low-cost,15.65,2,13675961; 13675965
boston,2025-08-13,S5179640,low-cost,5.5,1,13675960
boston,2025-08-13,S5179641,low-cost,14.7,1,13675964
boston,2025-08-13,S5179642,low-cost,13.0,1,13675966
boston,2025-08-13,S5179643,low-cost,15.8,1,13675963
boston,2025-08-13,S5179645,low-cost,12.2,1,13675967
boston,2025-08-13,S521,reference,9.35,1,25772
boston,2025-08-13,S788805,reference,9.52,1,4302520
boston,2025-08-14,S3339950,low-cost,7.79,1,11821904
boston,2025-08-14,S448,reference,6.21,1,783
boston,2025-08-14,S452,reference,7.58,1,786
boston,2025-08-14,S5179638,low-cost,13.6,1,13675962
boston,2025-08-14,S5179639,low-cost,12.7,2,13675961; 13675965
boston,2025-08-14,S5179640,low-cost,4.37,1,13675960
boston,2025-08-14,S5179641,low-cost,11.8,1,13675964
boston,2025-08-14,S5179642,low-cost,10.9,1,13675966
boston,2025-08-14,S5179643,low-cost,12.5,1,13675963
boston,2025-08-14,S5179645,low-cost,8.86,1,13675967
boston,2025-08-14,S521,reference,6.93,1,25772
boston,2025-08-14,S788805,reference,6.75,1,4302520
boston,2025-08-15,S3339950,low-cost,10.4,1,11821904
boston,2025-08-15,S448,reference,7.59,1,783
boston,2025-08-15,S452,reference,8.69,1,786
boston,2025-08-15,S5179638,low-cost,10.7,1,13675962
boston,2025-08-15,S5179639,low-cost,11.05,2,13675961; 13675965
boston,2025-08-15,S5179640,low-cost,4.26,1,13675960
boston,2025-08-15,S5179641,low-cost,9.66,1,13675964
boston,2025-08-15,S5179642,low-cost,9.29,1,13675966
boston,2025-08-15,S5179643,low-cost,10.5,1,13675963
boston,2025-08-15,S5179645,low-cost,9.09,1,13675967
boston,2025-08-15,S521,reference,8.47,1,25772
boston,2025-08-15,S788805,reference,7.59,1,4302520
boston,2025-08-16,S3339950,low-cost,6.51,1,11821904
boston,2025-08-16,S448,reference,5.95,1,783
boston,2025-08-16,S5179638,low-cost,7.88,1,13675962
boston,2025-08-16,S5179639,low-cost,8.575,2,13675961; 13675965
boston,2025-08-16,S5179640,low-cost,3.15,1,13675960
boston,2025-08-16,S5179641,low-cost,7.1,1,13675964
boston,2025-08-16,S5179642,low-cost,6.71,1,13675966
boston,2025-08-16,S5179643,low-cost,7.67,1,13675963
boston,2025-08-16,S521,reference,7.11,1,25772
boston,2025-08-16,S788805,reference,5.87,1,4302520
boston,2025-08-17,S3339950,low-cost,22.3,1,11821904
boston,2025-08-17,S448,reference,10.4,1,783
boston,2025-08-17,S5179638,low-cost,17.1,1,13675962
boston,2025-08-17,S5179639,low-cost,16.45,2,13675961; 13675965
boston,2025-08-17,S5179640,low-cost,5.84,1,13675960
boston,2025-08-17,S5179641,low-cost,15.0,1,13675964
boston,2025-08-17,S5179642,low-cost,13.5,1,13675966
boston,2025-08-17,S5179643,low-cost,16.7,1,13675963
boston,2025-08-17,S5179645,low-cost,13.5,1,13675967
boston,2025-08-17,S521,reference,11.6,1,25772
boston,2025-08-17,S788805,reference,11.1,1,4302520
boston,2025-08-18,S3339950,low-cost,0.0796,1,11821904
boston,2025-08-18,S448,reference,3.1,1,783
boston,2025-08-18,S452,reference,3.39,1,786
boston,2025-08-18,S521,reference,3.65,1,25772
boston,2025-08-18,S788805,reference,3.09,1,4302520
boston,2025-08-19,S3339950,low-cost,0.0565,1,11821904
boston,2025-08-19,S448,reference,3.09,1,783
boston,2025-08-19,S452,reference,3.93,1,786
boston,2025-08-19,S5179638,low-cost,4.48,1,13675962
boston,2025-08-19,S5179639,low-cost,5.65,2,13675961; 13675965
boston,2025-08-19,S5179640,low-cost,2.11,1,13675960
boston,2025-08-19,S5179641,low-cost,3.99,1,13675964
boston,2025-08-19,S5179642,low-cost,3.34,1,13675966
boston,2025-08-19,S5179643,low-cost,4.31,1,13675963
boston,2025-08-19,S5179645,low-cost,4.22,1,13675967
boston,2025-08-19,S521,reference,3.7,1,25772
boston,2025-08-19,S788805,reference,3.25,1,4302520
boston,2025-08-20,S3339950,low-cost,0.0659,1,11821904
boston,2025-08-20,S448,reference,3.15,1,783
boston,2025-08-20,S452,reference,3.59,1,786
boston,2025-08-20,S5179638,low-cost,4.56,1,13675962
boston,2025-08-20,S5179639,low-cost,5.51,2,13675961; 13675965
boston,2025-08-20,S5179640,low-cost,1.92,1,13675960
boston,2025-08-20,S5179641,low-cost,3.92,1,13675964
boston,2025-08-20,S5179642,low-cost,3.63,1,13675966
boston,2025-08-20,S5179643,low-cost,4.1,1,13675963
boston,2025-08-20,S5179645,low-cost,3.99,1,13675967
boston,2025-08-20,S521,reference,4.08,1,25772
boston,2025-08-20,S788805,reference,3.15,1,4302520
boston,2025-08-21,S3339950,low-cost,1.05,1,11821904
boston,2025-08-21,S448,reference,3.6,1,783
boston,2025-08-21,S452,reference,4.2,1,786
boston,2025-08-21,S5179638,low-cost,4.85,1,13675962
boston,2025-08-21,S5179639,low-cost,5.82,2,13675961; 13675965
boston,2025-08-21,S5179640,low-cost,2.17,1,13675960
boston,2025-08-21,S5179641,low-cost,4.66,1,13675964
boston,2025-08-21,S5179642,low-cost,3.8,1,13675966
boston,2025-08-21,S5179643,low-cost,4.57,1,13675963
boston,2025-08-21,S5179645,low-cost,3.96,1,13675967
boston,2025-08-21,S521,reference,4.12,1,25772
boston,2025-08-21,S788805,reference,3.78,1,4302520
boston,2025-08-22,S3339950,low-cost,1.26,1,11821904
boston,2025-08-22,S448,reference,4.22,1,783
boston,2025-08-22,S452,reference,5.7,1,786
boston,2025-08-22,S5179638,low-cost,6.47,1,13675962
boston,2025-08-22,S5179639,low-cost,6.885,2,13675961; 13675965
boston,2025-08-22,S5179640,low-cost,2.66,1,13675960
boston,2025-08-22,S5179641,low-cost,5.82,1,13675964
boston,2025-08-22,S5179642,low-cost,5.03,1,13675966
boston,2025-08-22,S5179643,low-cost,5.88,1,13675963
boston,2025-08-22,S5179645,low-cost,5.38,1,13675967
boston,2025-08-22,S521,reference,5.15,1,25772
boston,2025-08-22,S788805,reference,4.81,1,4302520
boston,2025-08-23,S3339950,low-cost,5.24,1,11821904
boston,2025-08-23,S448,reference,6.19,1,783
boston,2025-08-23,S452,reference,8.35,1,786
boston,2025-08-23,S5179638,low-cost,10.2,1,13675962
boston,2025-08-23,S5179639,low-cost,10.435,2,13675961; 13675965
boston,2025-08-23,S5179640,low-cost,3.88,1,13675960
boston,2025-08-23,S5179641,low-cost,9.73,1,13675964
boston,2025-08-23,S5179642,low-cost,8.52,1,13675966
boston,2025-08-23,S5179643,low-cost,9.57,1,13675963
boston,2025-08-23,S5179645,low-cost,7.96,1,13675967
boston,2025-08-23,S521,reference,7.82,1,25772
boston,2025-08-23,S788805,reference,6.68,1,4302520
boston,2025-08-24,S3339950,low-cost,0.953,1,11821904
boston,2025-08-24,S448,reference,4.66,1,783
boston,2025-08-24,S452,reference,5.36,1,786
boston,2025-08-24,S5179638,low-cost,6.33,1,13675962
boston,2025-08-24,S5179639,low-cost,7.11,2,13675961; 13675965
boston,2025-08-24,S5179640,low-cost,2.33,1,13675960
boston,2025-08-24,S5179641,low-cost,5.87,1,13675964
boston,2025-08-24,S5179642,low-cost,4.55,1,13675966
boston,2025-08-24,S5179643,low-cost,5.95,1,13675963
boston,2025-08-24,S5179645,low-cost,4.8,1,13675967
boston,2025-08-24,S521,reference,5.31,1,25772
boston,2025-08-24,S788805,reference,4.93,1,4302520
boston,2025-08-25,S3339950,low-cost,1.84,1,11821904
boston,2025-08-25,S448,reference,5.47,1,783
boston,2025-08-25,S452,reference,6.1,1,786
boston,2025-08-25,S5179638,low-cost,9.3,1,13675962
boston,2025-08-25,S5179639,low-cost,9.065,2,13675961; 13675965
boston,2025-08-25,S5179641,low-cost,8.46,1,13675964
boston,2025-08-25,S5179643,low-cost,8.45,1,13675963
boston,2025-08-25,S521,reference,6.59,1,25772
boston,2025-08-25,S788805,reference,6.18,1,4302520
boston,2025-08-26,S3339950,low-cost,0.149,1,11821904
boston,2025-08-26,S448,reference,2.99,1,783
boston,2025-08-26,S452,reference,3.8,1,786
boston,2025-08-26,S5179638,low-cost,5.11,1,13675962
boston,2025-08-26,S5179639,low-cost,6.235,2,13675961; 13675965
boston,2025-08-26,S5179640,low-cost,2.28,1,13675960
boston,2025-08-26,S5179641,low-cost,4.58,1,13675964
boston,2025-08-26,S5179642,low-cost,4.06,1,13675966
boston,2025-08-26,S5179643,low-cost,4.72,1,13675963
boston,2025-08-26,S5179645,low-cost,4.47,1,13675967
boston,2025-08-26,S521,reference,3.36,1,25772
boston,2025-08-26,S788805,reference,3.36,1,4302520
boston,2025-08-27,S3339950,low-cost,0.193,1,11821904
boston,2025-08-27,S448,reference,2.95,1,783
boston,2025-08-27,S452,reference,4.09,1,786
boston,2025-08-27,S5179638,low-cost,4.64,1,13675962
boston,2025-08-27,S5179639,low-cost,5.93,2,13675961; 13675965
boston,2025-08-27,S5179641,low-cost,4.14,1,13675964
boston,2025-08-27,S5179643,low-cost,4.38,1,13675963
boston,2025-08-27,S521,reference,3.31,1,25772
boston,2025-08-27,S788805,reference,3.43,1,4302520
boston,2025-08-28,S3339950,low-cost,0.386,1,11821904
boston,2025-08-28,S448,reference,3.4,1,783
boston,2025-08-28,S452,reference,4.21,1,786
boston,2025-08-28,S5179638,low-cost,5.33,1,13675962
boston,2025-08-28,S5179639,low-cost,6.35,2,13675961; 13675965
boston,2025-08-28,S5179641,low-cost,4.79,1,13675964
boston,2025-08-28,S5179642,low-cost,3.95,1,13675966
boston,2025-08-28,S5179643,low-cost,5.06,1,13675963
boston,2025-08-28,S5179645,low-cost,4.98,1,13675967
boston,2025-08-28,S521,reference,3.83,1,25772
boston,2025-08-28,S788805,reference,3.43,1,4302520
boston,2025-08-29,S3339950,low-cost,1.65,1,11821904
boston,2025-08-29,S448,reference,4.03,1,783
boston,2025-08-29,S452,reference,5.01,1,786
boston,2025-08-29,S5179638,low-cost,7.37,1,13675962
boston,2025-08-29,S5179639,low-cost,8.065,2,13675961; 13675965
boston,2025-08-29,S5179640,low-cost,2.57,1,13675960
boston,2025-08-29,S5179641,low-cost,6.75,1,13675964
boston,2025-08-29,S5179642,low-cost,5.89,1,13675966
boston,2025-08-29,S5179643,low-cost,6.98,1,13675963
boston,2025-08-29,S5179645,low-cost,5.35,1,13675967
boston,2025-08-29,S521,reference,4.78,1,25772
boston,2025-08-29,S788805,reference,4.18,1,4302520
boston,2025-08-30,S3339950,low-cost,1.19,1,11821904
boston,2025-08-30,S448,reference,2.91,1,783
boston,2025-08-30,S452,reference,3.49,1,786
boston,2025-08-30,S5179638,low-cost,4.65,1,13675962
boston,2025-08-30,S5179639,low-cost,5.965,2,13675961; 13675965
boston,2025-08-30,S5179640,low-cost,2.11,1,13675960
boston,2025-08-30,S5179641,low-cost,4.66,1,13675964
boston,2025-08-30,S5179643,low-cost,4.64,1,13675963
boston,2025-08-30,S521,reference,3.15,1,25772
boston,2025-08-30,S788805,reference,3.55,1,4302520
boston,2025-08-31,S3339950,low-cost,0.921,1,11821904
boston,2025-08-31,S448,reference,3.48,1,783
boston,2025-08-31,S452,reference,4.1,1,786
boston,2025-08-31,S5179638,low-cost,5.85,1,13675962
boston,2025-08-31,S5179639,low-cost,6.63,2,13675961; 13675965
boston,2025-08-31,S5179640,low-cost,2.39,1,13675960
boston,2025-08-31,S5179641,low-cost,5.18,1,13675964
boston,2025-08-31,S5179642,low-cost,4.61,1,13675966
boston,2025-08-31,S5179643,low-cost,5.57,1,13675963
boston,2025-08-31,S5179645,low-cost,4.89,1,13675967
boston,2025-08-31,S521,reference,3.79,1,25772
boston,2025-08-31,S788805,reference,3.27,1,4302520
boston,2025-09-01,S3339950,low-cost,4.39,1,11821904
boston,2025-09-01,S448,reference,5.0,1,783
boston,2025-09-01,S452,reference,6.69,1,786
boston,2025-09-01,S5179638,low-cost,9.19,1,13675962
boston,2025-09-01,S5179639,low-cost,9.115,2,13675961; 13675965
boston,2025-09-01,S5179640,low-cost,3.21,1,13675960
boston,2025-09-01,S5179641,low-cost,8.11,1,13675964
boston,2025-09-01,S5179642,low-cost,7.94,1,13675966
boston,2025-09-01,S5179643,low-cost,8.61,1,13675963
boston,2025-09-01,S5179645,low-cost,6.81,1,13675967
boston,2025-09-01,S521,reference,6.23,1,25772
boston,2025-09-01,S788805,reference,5.06,1,4302520
boston,2025-09-02,S3339950,low-cost,4.49,1,11821904
boston,2025-09-02,S448,reference,5.05,1,783
boston,2025-09-02,S452,reference,6.34,1,786
boston,2025-09-02,S5179638,low-cost,9.39,1,13675962
boston,2025-09-02,S5179639,low-cost,9.905,2,13675961; 13675965
boston,2025-09-02,S5179640,low-cost,3.35,1,13675960
boston,2025-09-02,S5179641,low-cost,8.64,1,13675964
boston,2025-09-02,S5179642,low-cost,8.39,1,13675966
boston,2025-09-02,S5179643,low-cost,9.17,1,13675963
boston,2025-09-02,S5179645,low-cost,7.5,1,13675967
boston,2025-09-02,S521,reference,6.2,1,25772
boston,2025-09-02,S788805,reference,4.91,1,4302520
boston,2025-09-03,S3339950,low-cost,3.81,1,11821904
boston,2025-09-03,S448,reference,5.2,1,783
boston,2025-09-03,S452,reference,6.45,1,786
boston,2025-09-03,S5179638,low-cost,8.69,1,13675962
boston,2025-09-03,S5179639,low-cost,9.315,2,13675961; 13675965
boston,2025-09-03,S5179641,low-cost,7.93,1,13675964
boston,2025-09-03,S5179642,low-cost,7.79,1,13675966
boston,2025-09-03,S5179643,low-cost,8.39,1,13675963
boston,2025-09-03,S5179645,low-cost,7.13,1,13675967
boston,2025-09-03,S521,reference,6.36,1,25772
boston,2025-09-03,S788805,reference,5.46,1,4302520
boston,2025-09-04,S3339950,low-cost,2.3,1,11821904
boston,2025-09-04,S448,reference,4.68,1,783
boston,2025-09-04,S5179638,low-cost,7.99,1,13675962
boston,2025-09-04,S5179639,low-cost,8.665,2,13675961; 13675965
boston,2025-09-04,S5179641,low-cost,7.29,1,13675964
boston,2025-09-04,S5179643,low-cost,7.8,1,13675963
boston,2025-09-04,S5179645,low-cost,6.32,1,13675967
boston,2025-09-04,S521,reference,5.39,1,25772
boston,2025-09-04,S788805,reference,4.88,1,4302520
boston,2025-09-05,S3339950,low-cost,5.38,1,11821904
boston,2025-09-05,S448,reference,5.8,1,783
boston,2025-09-05,S5179638,low-cost,11.4,1,13675962
boston,2025-09-05,S5179639,low-cost,11.435,2,13675961; 13675965
boston,2025-09-05,S5179641,low-cost,11.4,1,13675964
boston,2025-09-05,S5179642,low-cost,9.08,1,13675966
boston,2025-09-05,S5179643,low-cost,11.2,1,13675963
boston,2025-09-05,S5179645,low-cost,7.53,1,13675967
boston,2025-09-05,S521,reference,6.78,1,25772
boston,2025-09-05,S788805,reference,6.15,1,4302520
boston,2025-09-06,S3339950,low-cost,10.0,1,11821904
boston,2025-09-06,S448,reference,7.29,1,783
boston,2025-09-06,S452,reference,9.73,1,786
boston,2025-09-06,S5179638,low-cost,14.2,1,13675962
boston,2025-09-06,S5179639,low-cost,14.15,2,13675961; 13675965
boston,2025-09-06,S5179641,low-cost,14.6,1,13675964
boston,2025-09-06,S5179642,low-cost,10.8,1,13675966
boston,2025-09-06,S5179643,low-cost,14.3,1,13675963
boston,2025-09-06,S5179645,low-cost,9.93,1,13675967
boston,2025-09-06,S521,reference,8.75,1,25772
boston,2025-09-06,S788805,reference,8.25,1,4302520
boston,2025-09-07,S3339950,low-cost,6.65,1,11821904
boston,2025-09-07,S448,reference,5.55,1,783
boston,2025-09-07,S452,reference,6.92,1,786
boston,2025-09-07,S5179638,low-cost,7.38,1,13675962
boston,2025-09-07,S5179639,low-cost,9.04,2,13675961; 13675965
boston,2025-09-07,S5179641,low-cost,8.23,1,13675964
boston,2025-09-07,S5179642,low-cost,6.66,1,13675966
boston,2025-09-07,S5179643,low-cost,8.09,1,13675963
boston,2025-09-07,S5179645,low-cost,6.66,1,13675967
boston,2025-09-07,S521,reference,6.25,1,25772
boston,2025-09-07,S788805,reference,5.68,1,4302520
boston,2025-09-08,S3339950,low-cost,1.63,1,11821904
boston,2025-09-08,S448,reference,3.92,1,783
boston,2025-09-08,S452,reference,4.73,1,786
boston,2025-09-08,S521,reference,4.85,1,25772
boston,2025-09-08,S788805,reference,3.89,1,4302520
boston,2025-09-09,S3339950,low-cost,2.1,1,11821904
boston,2025-09-09,S448,reference,4.27,1,783
boston,2025-09-09,S452,reference,5.28,1,786
boston,2025-09-09,S521,reference,5.0,1,25772
boston,2025-09-09,S788805,reference,4.22,1,4302520
boston,2025-09-10,S3339950,low-cost,1.56,1,11821904
boston,2025-09-10,S448,reference,4.07,1,783
boston,2025-09-10,S452,reference,4.72,1,786
boston,2025-09-10,S521,reference,4.78,1,25772
boston,2025-09-10,S788805,reference,4.86,1,4302520
boston,2025-09-11,S3339950,low-cost,2.84,1,11821904
boston,2025-09-11,S448,reference,4.94,1,783
boston,2025-09-11,S452,reference,6.51,1,786
boston,2025-09-11,S5179638,low-cost,8.24,1,13675962
boston,2025-09-11,S5179639,low-cost,8.59,2,13675961; 13675965
boston,2025-09-11,S5179641,low-cost,7.18,1,13675964
boston,2025-09-11,S5179642,low-cost,6.89,1,13675966
boston,2025-09-11,S5179643,low-cost,7.27,1,13675963
boston,2025-09-11,S5179645,low-cost,6.07,1,13675967
boston,2025-09-11,S521,reference,6.2,1,25772
boston,2025-09-11,S788805,reference,5.57,1,4302520
boston,2025-09-12,S3339950,low-cost,3.35,1,11821904
boston,2025-09-12,S448,reference,5.32,1,783
boston,2025-09-12,S452,reference,6.08,1,786
boston,2025-09-12,S5179638,low-cost,7.58,1,13675962
boston,2025-09-12,S5179639,low-cost,8.13,2,13675961; 13675965
boston,2025-09-12,S5179641,low-cost,7.1,1,13675964
boston,2025-09-12,S5179642,low-cost,6.58,1,13675966
boston,2025-09-12,S5179643,low-cost,7.05,1,13675963
boston,2025-09-12,S5179645,low-cost,6.92,1,13675967
boston,2025-09-12,S521,reference,6.3,1,25772
boston,2025-09-12,S788805,reference,5.71,1,4302520
boston,2025-09-13,S3339950,low-cost,4.15,1,11821904
boston,2025-09-13,S448,reference,5.51,1,783
boston,2025-09-13,S452,reference,6.65,1,786
boston,2025-09-13,S5179638,low-cost,9.05,1,13675962
boston,2025-09-13,S5179639,low-cost,8.965,2,13675961; 13675965
boston,2025-09-13,S5179641,low-cost,7.55,1,13675964
boston,2025-09-13,S5179642,low-cost,6.53,1,13675966
boston,2025-09-13,S5179643,low-cost,7.62,1,13675963
boston,2025-09-13,S5179645,low-cost,6.63,1,13675967
boston,2025-09-13,S521,reference,6.73,1,25772
boston,2025-09-13,S788805,reference,6.07,1,4302520
boston,2025-09-14,S3339950,low-cost,10.2,1,11821904
boston,2025-09-14,S448,reference,7.33,1,783
boston,2025-09-14,S452,reference,9.28,1,786
boston,2025-09-14,S5179638,low-cost,11.9,1,13675962
boston,2025-09-14,S5179639,low-cost,12.15,2,13675961; 13675965
boston,2025-09-14,S5179641,low-cost,10.9,1,13675964
boston,2025-09-14,S5179642,low-cost,10.6,1,13675966
boston,2025-09-14,S5179643,low-cost,11.6,1,13675963
boston,2025-09-14,S5179645,low-cost,9.36,1,13675967
boston,2025-09-14,S521,reference,8.65,1,25772
boston,2025-09-14,S788805,reference,7.6,1,4302520
boston,2025-09-15,S3339950,low-cost,13.2,1,11821904
boston,2025-09-15,S448,reference,7.88,1,783
boston,2025-09-15,S452,reference,9.3,1,786
boston,2025-09-15,S5179638,low-cost,13.2,1,13675962
boston,2025-09-15,S5179639,low-cost,12.6,2,13675961; 13675965
boston,2025-09-15,S5179641,low-cost,11.7,1,13675964
boston,2025-09-15,S5179643,low-cost,12.6,1,13675963
boston,2025-09-15,S5179645,low-cost,9.62,1,13675967
boston,2025-09-15,S521,reference,9.0,1,25772
boston,2025-09-15,S788805,reference,8.18,1,4302520
boston,2025-09-16,S3339950,low-cost,7.14,1,11821904
boston,2025-09-16,S448,reference,5.49,1,783
boston,2025-09-16,S452,reference,6.62,1,786
boston,2025-09-16,S5179638,low-cost,9.37,1,13675962
boston,2025-09-16,S5179639,low-cost,10.225,2,13675961; 13675965
boston,2025-09-16,S5179641,low-cost,8.91,1,13675964
boston,2025-09-16,S5179642,low-cost,8.06,1,13675966
boston,2025-09-16,S5179643,low-cost,9.76,1,13675963
boston,2025-09-16,S5179645,low-cost,8.58,1,13675967
boston,2025-09-16,S521,reference,6.37,1,25772
boston,2025-09-16,S788805,reference,5.91,1,4302520
boston,2025-09-17,S3339950,low-cost,2.05,1,11821904
boston,2025-09-17,S448,reference,4.27,1,783
boston,2025-09-17,S452,reference,5.13,1,786
boston,2025-09-17,S5179638,low-cost,7.37,1,13675962
boston,2025-09-17,S5179639,low-cost,7.43,2,13675961; 13675965
boston,2025-09-17,S5179641,low-cost,6.24,1,13675964
boston,2025-09-17,S5179642,low-cost,5.6,1,13675966
boston,2025-09-17,S5179643,low-cost,6.55,1,13675963
boston,2025-09-17,S5179645,low-cost,5.25,1,13675967
boston,2025-09-17,S521,reference,4.92,1,25772
boston,2025-09-17,S788805,reference,4.53,1,4302520
boston,2025-09-18,S3339950,low-cost,2.01,1,11821904
boston,2025-09-18,S448,reference,3.42,1,783
boston,2025-09-18,S452,reference,4.51,1,786
boston,2025-09-18,S5179638,low-cost,8.31,1,13675962
boston,2025-09-18,S5179639,low-cost,8.66,2,13675961; 13675965
boston,2025-09-18,S5179641,low-cost,8.1,1,13675964
boston,2025-09-18,S5179643,low-cost,7.71,1,13675963
boston,2025-09-18,S5179645,low-cost,5.24,1,13675967
boston,2025-09-18,S521,reference,3.88,1,25772
boston,2025-09-18,S788805,reference,3.7,1,4302520
boston,2025-09-19,S3339950,low-cost,2.95,1,11821904
boston,2025-09-19,S448,reference,4.33,1,783
boston,2025-09-19,S452,reference,5.78,1,786
boston,2025-09-19,S5179638,low-cost,7.43,1,13675962
boston,2025-09-19,S5179639,low-cost,8.055,2,13675961; 13675965
boston,2025-09-19,S5179641,low-cost,6.34,1,13675964
boston,2025-09-19,S5179642,low-cost,5.84,1,13675966
boston,2025-09-19,S5179643,low-cost,6.4,1,13675963
boston,2025-09-19,S5179645,low-cost,5.95,1,13675967
boston,2025-09-19,S521,reference,5.0,1,25772
boston,2025-09-19,S788805,reference,5.83,1,4302520
boston,2025-09-20,S3339950,low-cost,0.822,1,11821904
boston,2025-09-20,S448,reference,3.36,1,783
boston,2025-09-20,S452,reference,3.9,1,786
boston,2025-09-20,S5179638,low-cost,4.82,1,13675962
boston,2025-09-20,S5179639,low-cost,5.48,2,13675961; 13675965
boston,2025-09-20,S5179641,low-cost,4.08,1,13675964
boston,2025-09-20,S5179642,low-cost,3.56,1,13675966
boston,2025-09-20,S5179643,low-cost,4.13,1,13675963
boston,2025-09-20,S5179645,low-cost,4.49,1,13675967
boston,2025-09-20,S521,reference,4.1,1,25772
boston,2025-09-20,S788805,reference,3.69,1,4302520
boston,2025-09-21,S3339950,low-cost,1.51,1,11821904
boston,2025-09-21,S448,reference,3.85,1,783
boston,2025-09-21,S452,reference,4.85,1,786
boston,2025-09-21,S5179638,low-cost,5.59,1,13675962
boston,2025-09-21,S5179639,low-cost,6.635,2,13675961; 13675965
boston,2025-09-21,S5179641,low-cost,5.39,1,13675964
boston,2025-09-21,S5179642,low-cost,4.36,1,13675966
boston,2025-09-21,S5179643,low-cost,5.1,1,13675963
boston,2025-09-21,S5179645,low-cost,5.15,1,13675967
boston,2025-09-21,S521,reference,4.54,1,25772
boston,2025-09-21,S788805,reference,3.94,1,4302520
boston,2025-09-22,S3339950,low-cost,0.237,1,11821904
boston,2025-09-22,S448,reference,3.88,1,783
boston,2025-09-22,S452,reference,5.03,1,786
boston,2025-09-22,S5179638,low-cost,5.27,1,13675962
boston,2025-09-22,S5179639,low-cost,6.23,2,13675961; 13675965
boston,2025-09-22,S5179641,low-cost,4.72,1,13675964
boston,2025-09-22,S5179642,low-cost,4.5,1,13675966
boston,2025-09-22,S5179643,low-cost,4.66,1,13675963
boston,2025-09-22,S5179645,low-cost,4.41,1,13675967
boston,2025-09-22,S521,reference,4.75,1,25772
boston,2025-09-22,S788805,reference,4.18,1,4302520
boston,2025-09-23,S3339950,low-cost,6.74,1,11821904
boston,2025-09-23,S448,reference,6.01,1,783
boston,2025-09-23,S452,reference,7.49,1,786
boston,2025-09-23,S5179638,low-cost,10.6,1,13675962
boston,2025-09-23,S5179639,low-cost,10.785,2,13675961; 13675965
boston,2025-09-23,S5179641,low-cost,9.35,1,13675964
boston,2025-09-23,S5179642,low-cost,8.07,1,13675966
boston,2025-09-23,S5179643,low-cost,9.64,1,13675963
boston,2025-09-23,S5179645,low-cost,7.75,1,13675967
boston,2025-09-23,S521,reference,7.56,1,25772
boston,2025-09-23,S788805,reference,6.93,1,4302520
boston,2025-09-24,S3339950,low-cost,8.77,1,11821904
boston,2025-09-24,S448,reference,5.45,1,783
boston,2025-09-24,S452,reference,6.58,1,786
boston,2025-09-24,S5179638,low-cost,11.8,1,13675962
boston,2025-09-24,S5179639,low-cost,11.4,2,13675961; 13675965
boston,2025-09-24,S5179641,low-cost,11.7,1,13675964
boston,2025-09-24,S5179642,low-cost,10.0,1,13675966
boston,2025-09-24,S5179643,low-cost,11.3,1,13675963
boston,2025-09-24,S5179645,low-cost,7.9,1,13675967
boston,2025-09-24,S521,reference,6.43,1,25772
boston,2025-09-24,S788805,reference,5.51,1,4302520
boston,2025-09-25,S3339950,low-cost,1.26,1,11821904
boston,2025-09-25,S448,reference,3.35,1,783
boston,2025-09-25,S452,reference,4.21,1,786
boston,2025-09-25,S5179638,low-cost,6.91,1,13675962
boston,2025-09-25,S5179639,low-cost,7.78,2,13675961; 13675965
boston,2025-09-25,S5179641,low-cost,9.07,1,13675964
boston,2025-09-25,S5179642,low-cost,4.49,1,13675966
boston,2025-09-25,S5179643,low-cost,6.67,1,13675963
boston,2025-09-25,S5179645,low-cost,4.19,1,13675967
boston,2025-09-25,S521,reference,4.09,1,25772
boston,2025-09-25,S788805,reference,3.68,1,4302520
boston,2025-09-26,S3339950,low-cost,0.837,1,11821904
boston,2025-09-26,S448,reference,3.45,1,783
boston,2025-09-26,S452,reference,4.34,1,786
boston,2025-09-26,S5179638,low-cost,7.19,1,13675962
boston,2025-09-26,S5179639,low-cost,7.63,2,13675961; 13675965
boston,2025-09-26,S5179641,low-cost,6.23,1,13675964
boston,2025-09-26,S5179643,low-cost,5.75,1,13675963
boston,2025-09-26,S521,reference,3.76,1,25772
boston,2025-09-26,S788805,reference,4.2,1,4302520
boston,2025-09-27,S3339950,low-cost,4.14,1,11821904
boston,2025-09-27,S448,reference,5.0,1,783
boston,2025-09-27,S452,reference,6.45,1,786
boston,2025-09-27,S5179638,low-cost,8.8,1,13675962
boston,2025-09-27,S5179639,low-cost,9.16,2,13675961; 13675965
boston,2025-09-27,S5179641,low-cost,7.56,1,13675964
boston,2025-09-27,S5179642,low-cost,7.61,1,13675966
boston,2025-09-27,S5179643,low-cost,7.88,1,13675963
boston,2025-09-27,S521,reference,6.18,1,25772
boston,2025-09-27,S788805,reference,5.63,1,4302520
boston,2025-09-28,S3339950,low-cost,6.51,1,11821904
boston,2025-09-28,S448,reference,5.5,1,783
boston,2025-09-28,S452,reference,7.17,1,786
boston,2025-09-28,S5179638,low-cost,10.2,1,13675962
boston,2025-09-28,S5179639,low-cost,12.0,2,13675961; 13675965
boston,2025-09-28,S5179641,low-cost,10.2,1,13675964
boston,2025-09-28,S5179642,low-cost,8.96,1,13675966
boston,2025-09-28,S5179643,low-cost,9.78,1,13675963
boston,2025-09-28,S5179645,low-cost,7.86,1,13675967
boston,2025-09-28,S521,reference,6.72,1,25772
boston,2025-09-28,S788805,reference,6.27,1,4302520
boston,2025-09-29,S3339950,low-cost,3.4,1,11821904
boston,2025-09-29,S448,reference,5.5,1,783
boston,2025-09-29,S452,reference,7.13,1,786
boston,2025-09-29,S5179638,low-cost,8.21,1,13675962
boston,2025-09-29,S5179639,low-cost,8.915,2,13675961; 13675965
boston,2025-09-29,S5179641,low-cost,7.4,1,13675964
boston,2025-09-29,S5179642,low-cost,7.22,1,13675966
boston,2025-09-29,S5179643,low-cost,7.22,1,13675963
boston,2025-09-29,S5179645,low-cost,6.99,1,13675967
boston,2025-09-29,S521,reference,6.42,1,25772
boston,2025-09-29,S788805,reference,6.01,1,4302520
boston,2025-09-30,S3339950,low-cost,3.8,1,11821904
boston,2025-09-30,S448,reference,6.31,1,783
boston,2025-09-30,S452,reference,7.37,1,786
boston,2025-09-30,S5179638,low-cost,8.91,1,13675962
boston,2025-09-30,S5179639,low-cost,8.97,2,13675961; 13675965
boston,2025-09-30,S5179641,low-cost,7.86,1,13675964
boston,2025-09-30,S5179642,low-cost,7.11,1,13675966
boston,2025-09-30,S5179643,low-cost,7.6,1,13675963
boston,2025-09-30,S5179645,low-cost,7.04,1,13675967
boston,2025-09-30,S521,reference,6.86,1,25772
boston,2025-09-30,S788805,reference,6.68,1,4302520
boston,2025-10-01,S3339950,low-cost,0.31,1,11821904
boston,2025-10-01,S448,reference,5.12,1,783
boston,2025-10-01,S452,reference,3.76,1,786
boston,2025-10-01,S5179638,low-cost,4.94,1,13675962
boston,2025-10-01,S5179639,low-cost,5.255,2,13675961; 13675965
boston,2025-10-01,S5179641,low-cost,4.18,1,13675964
boston,2025-10-01,S5179642,low-cost,2.94,1,13675966
boston,2025-10-01,S5179643,low-cost,4.33,1,13675963
boston,2025-10-01,S5179645,low-cost,4.23,1,13675967
boston,2025-10-01,S521,reference,3.57,1,25772
boston,2025-10-01,S788805,reference,3.79,1,4302520
boston,2025-10-02,S3339950,low-cost,0.122,1,11821904
boston,2025-10-02,S448,reference,3.2,1,783
boston,2025-10-02,S452,reference,3.7,1,786
boston,2025-10-02,S5179638,low-cost,4.37,1,13675962
boston,2025-10-02,S5179639,low-cost,4.975,2,13675961; 13675965
boston,2025-10-02,S5179641,low-cost,3.69,1,13675964
boston,2025-10-02,S5179642,low-cost,2.81,1,13675966
boston,2025-10-02,S5179643,low-cost,3.81,1,13675963
boston,2025-10-02,S5179645,low-cost,4.38,1,13675967
boston,2025-10-02,S521,reference,3.81,1,25772
boston,2025-10-02,S788805,reference,3.53,1,4302520
boston,2025-10-03,S3339950,low-cost,0.65,1,11821904
boston,2025-10-03,S448,reference,4.09,1,783
boston,2025-10-03,S452,reference,5.12,1,786
boston,2025-10-03,S5179638,low-cost,7.22,1,13675962
boston,2025-10-03,S5179639,low-cost,6.775,2,13675961; 13675965
boston,2025-10-03,S5179641,low-cost,5.45,1,13675964
boston,2025-10-03,S5179642,low-cost,4.25,1,13675966
boston,2025-10-03,S5179643,low-cost,5.33,1,13675963
boston,2025-10-03,S5179645,low-cost,4.96,1,13675967
boston,2025-10-03,S521,reference,4.56,1,25772
boston,2025-10-03,S788805,reference,4.62,1,4302520
boston,2025-10-04,S3339950,low-cost,6.78,1,11821904
boston,2025-10-04,S448,reference,5.55,1,783
boston,2025-10-04,S452,reference,7.66,1,786
boston,2025-10-04,S5179638,low-cost,8.43,1,13675962
boston,2025-10-04,S5179639,low-cost,9.63,2,13675961; 13675965
boston,2025-10-04,S5179641,low-cost,8.21,1,13675964
boston,2025-10-04,S5179642,low-cost,7.27,1,13675966
boston,2025-10-04,S5179643,low-cost,7.63,1,13675963
boston,2025-10-04,S5179645,low-cost,6.54,1,13675967
boston,2025-10-04,S521,reference,6.27,1,25772
boston,2025-10-04,S788805,reference,6.58,1,4302520
boston,2025-10-05,S3339950,low-cost,14.3,1,11821904
boston,2025-10-05,S448,reference,8.33,1,783
boston,2025-10-05,S452,reference,11.1,1,786
boston,2025-10-05,S5179638,low-cost,15.1,1,13675962
boston,2025-10-05,S5179639,low-cost,14.75,2,13675961; 13675965
boston,2025-10-05,S5179641,low-cost,14.3,1,13675964
boston,2025-10-05,S5179642,low-cost,14.3,1,13675966
boston,2025-10-05,S5179643,low-cost,13.1,1,13675963
boston,2025-10-05,S5179645,low-cost,11.0,1,13675967
boston,2025-10-05,S521,reference,10.4,1,25772
boston,2025-10-05,S788805,reference,9.41,1,4302520
boston,2025-10-06,S3339950,low-cost,12.1,1,11821904
boston,2025-10-06,S448,reference,7.14,1,783
boston,2025-10-06,S452,reference,9.87,1,786
boston,2025-10-06,S5179639,low-cost,15.75,2,13675961; 13675965
boston,2025-10-06,S5179641,low-cost,15.5,1,13675964
boston,2025-10-06,S5179643,low-cost,14.9,1,13675963
boston,2025-10-06,S521,reference,8.92,1,25772
boston,2025-10-06,S788805,reference,8.18,1,4302520
boston,2025-10-07,S3339950,low-cost,4.37,1,11821904
boston,2025-10-07,S448,reference,4.7,1,783
boston,2025-10-07,S452,reference,6.13,1,786
boston,2025-10-07,S5179638,low-cost,11.0,1,13675962
boston,2025-10-07,S5179639,low-cost,10.9,2,13675961; 13675965
boston,2025-10-07,S5179641,low-cost,10.4,1,13675964
boston,2025-10-07,S5179642,low-cost,9.01,1,13675966
boston,2025-10-07,S5179643,low-cost,9.76,1,13675963
boston,2025-10-07,S521,reference,5.84,1,25772
boston,2025-10-07,S788805,reference,5.57,1,4302520
boston,2025-10-08,S3339950,low-cost,0.0747,1,11821904
boston,2025-10-08,S448,reference,2.94,1,783
boston,2025-10-08,S452,reference,3.91,1,786
boston,2025-10-08,S5179639,low-cost,5.94,2,13675961; 13675965
boston,2025-10-08,S5179641,low-cost,4.65,1,13675964
boston,2025-10-08,S5179643,low-cost,4.31,1,13675963
boston,2025-10-08,S521,reference,3.37,1,25772
boston,2025-10-08,S788805,reference,4.17,1,4302520
boston,2025-10-09,S3339950,low-cost,0.066,1,11821904
boston,2025-10-09,S448,reference,2.13,1,783
boston,2025-10-09,S452,reference,2.84,1,786
boston,2025-10-09,S5179638,low-cost,3.71,1,13675962
boston,2025-10-09,S5179639,low-cost,4.355,2,13675961; 13675965
boston,2025-10-09,S5179641,low-cost,3.24,1,13675964
boston,2025-10-09,S5179642,low-cost,2.06,1,13675966
boston,2025-10-09,S5179643,low-cost,3.12,1,13675963
boston,2025-10-09,S5179645,low-cost,4.2,1,13675967
boston,2025-10-09,S521,reference,2.48,1,25772
boston,2025-10-09,S788805,reference,3.33,1,4302520
boston,2025-10-10,S3339950,low-cost,0.173,1,11821904
boston,2025-10-10,S448,reference,3.31,1,783
boston,2025-10-10,S452,reference,4.02,1,786
boston,2025-10-10,S5179639,low-cost,5.33,2,13675961; 13675965
boston,2025-10-10,S5179641,low-cost,4.04,1,13675964
boston,2025-10-10,S5179643,low-cost,4.28,1,13675963
boston,2025-10-10,S521,reference,3.75,1,25772
boston,2025-10-10,S788805,reference,3.53,1,4302520
boston,2025-10-11,S3339950,low-cost,1.25,1,11821904
boston,2025-10-11,S448,reference,3.9,1,783
boston,2025-10-11,S452,reference,4.28,1,786
boston,2025-10-11,S5179639,low-cost,6.28,2,13675961; 13675965
boston,2025-10-11,S5179641,low-cost,4.96,1,13675964
boston,2025-10-11,S5179643,low-cost,4.88,1,13675963
boston,2025-10-11,S521,reference,4.15,1,25772
boston,2025-10-11,S788805,reference,4.74,1,4302520
boston,2025-10-12,S3339950,low-cost,1.63,1,11821904
boston,2025-10-12,S448,reference,5.75,1,783
boston,2025-10-12,S452,reference,6.67,1,786
boston,2025-10-12,S5179639,low-cost,5.92,2,13675961; 13675965
boston,2025-10-12,S5179641,low-cost,5.83,1,13675964
boston,2025-10-12,S5179642,low-cost,3.78,1,13675966
boston,2025-10-12,S5179643,low-cost,5.66,1,13675963
boston,2025-10-12,S5179645,low-cost,4.19,1,13675967
boston,2025-10-12,S521,reference,5.96,1,25772
boston,2025-10-12,S788805,reference,6.27,1,4302520
boston,2025-10-13,S3339950,low-cost,0.726,1,11821904
boston,2025-10-13,S448,reference,5.22,1,783
boston,2025-10-13,S452,reference,6.79,1,786
boston,2025-10-13,S5179638,low-cost,5.67,1,13675962
boston,2025-10-13,S5179639,low-cost,5.485,2,13675961; 13675965
boston,2025-10-13,S5179641,low-cost,5.08,1,13675964
boston,2025-10-13,S5179642,low-cost,2.41,1,13675966
boston,2025-10-13,S5179643,low-cost,4.76,1,13675963
boston,2025-10-13,S5179645,low-cost,3.28,1,13675967
boston,2025-10-13,S521,reference,5.14,1,25772
boston,2025-10-13,S788805,reference,6.28,1,4302520
boston,2025-10-14,S3339950,low-cost,0.291,1,11821904
boston,2025-10-14,S448,reference,2.88,1,783
boston,2025-10-14,S452,reference,3.6,1,786
boston,2025-10-14,S5179638,low-cost,5.64,1,13675962
boston,2025-10-14,S5179639,low-cost,5.47,2,13675961; 13675965
boston,2025-10-14,S5179641,low-cost,4.52,1,13675964
boston,2025-10-14,S5179642,low-cost,3.22,1,13675966
boston,2025-10-14,S5179643,low-cost,4.03,1,13675963
boston,2025-10-14,S5179645,low-cost,3.07,1,13675967
boston,2025-10-14,S521,reference,3.34,1,25772
boston,2025-10-14,S788805,reference,4.06,1,4302520
boston,2025-10-15,S3339950,low-cost,2.47,1,11821904
boston,2025-10-15,S448,reference,3.15,1,783
boston,2025-10-15,S452,reference,4.09,1,786
boston,2025-10-15,S5179638,low-cost,5.55,1,13675962
boston,2025-10-15,S5179639,low-cost,6.195,2,13675961; 13675965
boston,2025-10-15,S5179641,low-cost,4.94,1,13675964
boston,2025-10-15,S5179642,low-cost,3.99,1,13675966
boston,2025-10-15,S5179643,low-cost,4.76,1,13675963
boston,2025-10-15,S5179645,low-cost,4.55,1,13675967
boston,2025-10-15,S521,reference,3.43,1,25772
boston,2025-10-15,S788805,reference,4.27,1,4302520
boston,2025-10-16,S3339950,low-cost,0.0,1,11821904
boston,2025-10-16,S448,reference,1.98,1,783
boston,2025-10-16,S452,reference,2.68,1,786
boston,2025-10-16,S5179639,low-cost,3.93,2,13675961; 13675965
boston,2025-10-16,S5179641,low-cost,2.57,1,13675964
boston,2025-10-16,S5179642,low-cost,1.44,1,13675966
boston,2025-10-16,S5179643,low-cost,2.76,1,13675963
boston,2025-10-16,S5179645,low-cost,3.52,1,13675967
boston,2025-10-16,S521,reference,2.24,1,25772
boston,2025-10-16,S788805,reference,3.04,1,4302520
boston,2025-10-17,S3339950,low-cost,1.93,1,11821904
boston,2025-10-17,S448,reference,3.55,1,783
boston,2025-10-17,S452,reference,4.28,1,786
boston,2025-10-17,S5179638,low-cost,4.84,1,13675962
boston,2025-10-17,S5179639,low-cost,5.255,2,13675961; 13675965
boston,2025-10-17,S5179641,low-cost,4.07,1,13675964
boston,2025-10-17,S5179642,low-cost,2.6,1,13675966
boston,2025-10-17,S5179643,low-cost,4.1,1,13675963
boston,2025-10-17,S5179645,low-cost,4.15,1,13675967
boston,2025-10-17,S521,reference,4.05,1,25772
boston,2025-10-17,S788805,reference,4.0,1,4302520
boston,2025-10-18,S3339950,low-cost,2.28,1,11821904
boston,2025-10-18,S448,reference,4.64,1,783
boston,2025-10-18,S452,reference,5.87,1,786
boston,2025-10-18,S5179639,low-cost,6.725,2,13675961; 13675965
boston,2025-10-18,S5179641,low-cost,5.83,1,13675964
boston,2025-10-18,S5179643,low-cost,5.71,1,13675963
boston,2025-10-18,S5179645,low-cost,5.21,1,13675967
boston,2025-10-18,S521,reference,5.42,1,25772
boston,2025-10-18,S788805,reference,5.24,1,4302520
boston,2025-10-19,S3339950,low-cost,2.58,1,11821904
boston,2025-10-19,S448,reference,4.19,1,783
boston,2025-10-19,S452,reference,5.34,1,786
boston,2025-10-19,S5179639,low-cost,7.32,2,13675961; 13675965
boston,2025-10-19,S5179641,low-cost,6.14,1,13675964
boston,2025-10-19,S5179643,low-cost,5.91,1,13675963
boston,2025-10-19,S521,reference,5.43,1,25772
boston,2025-10-19,S788805,reference,4.42,1,4302520
boston,2025-10-20,S3339950,low-cost,0.0843,1,11821904
boston,2025-10-20,S448,reference,3.36,1,783
boston,2025-10-20,S452,reference,4.25,1,786
boston,2025-10-20,S521,reference,4.08,1,25772
boston,2025-10-20,S788805,reference,3.94,1,4302520
boston,2025-10-21,S3339950,low-cost,0.536,1,11821904
boston,2025-10-21,S448,reference,3.08,1,783
boston,2025-10-21,S452,reference,3.87,1,786
boston,2025-10-21,S5179638,low-cost,5.61,1,13675962
boston,2025-10-21,S5179639,low-cost,6.105,2,13675961; 13675965
boston,2025-10-21,S5179641,low-cost,4.51,1,13675964
boston,2025-10-21,S5179642,low-cost,3.02,1,13675966
boston,2025-10-21,S5179643,low-cost,4.3,1,13675963
boston,2025-10-21,S5179645,low-cost,4.12,1,13675967
boston,2025-10-21,S521,reference,3.66,1,25772
boston,2025-10-21,S788805,reference,3.47,1,4302520
boston,2025-10-22,S3339950,low-cost,2.11,1,11821904
boston,2025-10-22,S448,reference,4.34,1,783
boston,2025-10-22,S452,reference,5.71,1,786
boston,2025-10-22,S5179638,low-cost,8.04,1,13675962
boston,2025-10-22,S5179639,low-cost,8.52,2,13675961; 13675965
boston,2025-10-22,S5179641,low-cost,7.44,1,13675964
boston,2025-10-22,S5179642,low-cost,6.16,1,13675966
boston,2025-10-22,S5179643,low-cost,7.2,1,13675963
boston,2025-10-22,S5179645,low-cost,5.18,1,13675967
boston,2025-10-22,S521,reference,5.08,1,25772
boston,2025-10-22,S788805,reference,4.88,1,4302520
boston,2025-10-23,S3339950,low-cost,0.369,1,11821904
boston,2025-10-23,S448,reference,3.25,1,783
boston,2025-10-23,S452,reference,4.18,1,786
boston,2025-10-23,S5179639,low-cost,6.085,2,13675961; 13675965
boston,2025-10-23,S5179641,low-cost,4.78,1,13675964
boston,2025-10-23,S5179643,low-cost,4.79,1,13675963
boston,2025-10-23,S521,reference,3.85,1,25772
boston,2025-10-23,S788805,reference,3.77,1,4302520
boston,2025-10-24,S3339950,low-cost,0.771,1,11821904
boston,2025-10-24,S448,reference,3.34,1,783
boston,2025-10-24,S452,reference,4.21,1,786
boston,2025-10-24,S521,reference,3.72,1,25772
boston,2025-10-24,S788805,reference,4.19,1,4302520
boston,2025-10-25,S3339950,low-cost,2.23,1,11821904
boston,2025-10-25,S448,reference,2.91,1,783
boston,2025-10-25,S452,reference,3.68,1,786
boston,2025-10-25,S521,reference,3.18,1,25772
boston,2025-10-25,S788805,reference,4.05,1,4302520
boston,2025-10-26,S3339950,low-cost,1.9,1,11821904
boston,2025-10-26,S448,reference,3.42,1,783
boston,2025-10-26,S452,reference,4.32,1,786
boston,2025-10-26,S5179638,low-cost,5.74,1,13675962
boston,2025-10-26,S5179639,low-cost,6.035,2,13675961; 13675965
boston,2025-10-26,S5179641,low-cost,5.43,1,13675964
boston,2025-10-26,S5179642,low-cost,4.19,1,13675966
boston,2025-10-26,S5179643,low-cost,4.98,1,13675963
boston,2025-10-26,S5179645,low-cost,5.18,1,13675967
boston,2025-10-26,S521,reference,4.15,1,25772
boston,2025-10-26,S788805,reference,4.9,1,4302520
boston,2025-10-27,S3339950,low-cost,1.12,1,11821904
boston,2025-10-27,S448,reference,3.43,1,783
boston,2025-10-27,S452,reference,4.18,1,786
boston,2025-10-27,S521,reference,3.76,1,25772
boston,2025-10-27,S788805,reference,4.55,1,4302520
boston,2025-10-28,S3339950,low-cost,0.309,1,11821904
boston,2025-10-28,S448,reference,3.68,1,783
boston,2025-10-28,S452,reference,3.88,1,786
boston,2025-10-28,S5179639,low-cost,4.845,2,13675961; 13675965
boston,2025-10-28,S5179641,low-cost,3.97,1,13675964
boston,2025-10-28,S5179642,low-cost,2.39,1,13675966
boston,2025-10-28,S5179643,low-cost,3.7,1,13675963
boston,2025-10-28,S5179645,low-cost,3.66,1,13675967
boston,2025-10-28,S521,reference,3.92,1,25772
boston,2025-10-28,S788805,reference,4.03,1,4302520
boston,2025-10-29,S3339950,low-cost,0.621,1,11821904
boston,2025-10-29,S448,reference,4.61,1,783
boston,2025-10-29,S452,reference,5.3,1,786
boston,2025-10-29,S5179639,low-cost,5.8,2,13675961; 13675965
boston,2025-10-29,S5179641,low-cost,5.25,1,13675964
boston,2025-10-29,S5179643,low-cost,5.06,1,13675963
boston,2025-10-29,S5179645,low-cost,3.82,1,13675967
boston,2025-10-29,S521,reference,4.88,1,25772
boston,2025-10-29,S788805,reference,6.0,1,4302520
boston,2025-10-30,S3339950,low-cost,0.838,1,11821904
boston,2025-10-30,S448,reference,5.63,1,783
boston,2025-10-30,S452,reference,6.35,1,786
boston,2025-10-30,S521,reference,5.98,1,25772
boston,2025-10-30,S788805,reference,6.0,1,4302520
boston,2025-10-31,S3339950,low-cost,0.0221,1,11821904
boston,2025-10-31,S448,reference,2.14,1,783
boston,2025-10-31,S452,reference,2.82,1,786
boston,2025-10-31,S5179638,low-cost,3.53,1,13675962
boston,2025-10-31,S5179639,low-cost,4.45,2,13675961; 13675965
boston,2025-10-31,S5179641,low-cost,3.24,1,13675964
boston,2025-10-31,S5179642,low-cost,1.5,1,13675966
boston,2025-10-31,S5179643,low-cost,2.88,1,13675963
boston,2025-10-31,S5179645,low-cost,2.8,1,13675967
boston,2025-10-31,S521,reference,2.51,1,25772
boston,2025-10-31,S788805,reference,2.69,1,4302520
boston,2025-11-01,S3339950,low-cost,0.187,1,11821904
boston,2025-11-01,S448,reference,1.7,1,783
boston,2025-11-01,S452,reference,2.07,1,786
boston,2025-11-01,S5179639,low-cost,4.005,2,13675961; 13675965
boston,2025-11-01,S5179641,low-cost,2.59,1,13675964
boston,2025-11-01,S5179642,low-cost,1.39,1,13675966
boston,2025-11-01,S5179643,low-cost,2.86,1,13675963
boston,2025-11-01,S5179645,low-cost,3.55,1,13675967
boston,2025-11-01,S521,reference,1.82,1,25772
boston,2025-11-01,S788805,reference,2.63,1,4302520
boston,2025-11-02,S3339950,low-cost,2.02,1,11821904
boston,2025-11-02,S448,reference,2.58,1,783
boston,2025-11-02,S452,reference,3.47,1,786
boston,2025-11-02,S521,reference,2.97,1,25772
boston,2025-11-02,S788805,reference,3.67,1,4302520
boston,2025-11-03,S3339950,low-cost,4.95,1,11821904
boston,2025-11-03,S448,reference,5.58,1,783
boston,2025-11-03,S452,reference,6.9,1,786
boston,2025-11-03,S5179639,low-cost,8.46,2,13675961; 13675965
boston,2025-11-03,S5179641,low-cost,7.52,1,13675964
boston,2025-11-03,S5179643,low-cost,7.3,1,13675963
boston,2025-11-03,S521,reference,6.39,1,25772
boston,2025-11-03,S788805,reference,5.95,1,4302520
boston,2025-11-04,S3339950,low-cost,0.118,1,11821904
boston,2025-11-04,S448,reference,1.82,1,783
boston,2025-11-04,S452,reference,2.37,1,786
boston,2025-11-04,S5179638,low-cost,4.09,1,13675962
boston,2025-11-04,S5179639,low-cost,4.28,2,13675961; 13675965
boston,2025-11-04,S5179641,low-cost,2.79,1,13675964
boston,2025-11-04,S5179642,low-cost,1.73,1,13675966
boston,2025-11-04,S5179643,low-cost,3.07,1,13675963
boston,2025-11-04,S5179645,low-cost,3.79,1,13675967
boston,2025-11-04,S521,reference,2.2,1,25772
boston,2025-11-04,S788805,reference,2.68,1,4302520
boston,2025-11-05,S3339950,low-cost,1.09,1,11821904
boston,2025-11-05,S448,reference,4.3,1,783
boston,2025-11-05,S452,reference,5.15,1,786
boston,2025-11-05,S5179638,low-cost,4.3,1,13675962
boston,2025-11-05,S5179639,low-cost,5.71,2,13675961; 13675965
boston,2025-11-05,S5179641,low-cost,4.64,1,13675964
boston,2025-11-05,S5179642,low-cost,2.74,1,13675966
boston,2025-11-05,S5179643,low-cost,4.44,1,13675963
boston,2025-11-05,S5179645,low-cost,4.38,1,13675967
boston,2025-11-05,S521,reference,4.38,1,25772
boston,2025-11-05,S788805,reference,4.43,1,4302520
boston,2025-11-06,S3339950,low-cost,0.0599,1,11821904
boston,2025-11-06,S448,reference,1.74,1,783
boston,2025-11-06,S452,reference,2.09,1,786
boston,2025-11-06,S5179638,low-cost,4.06,1,13675962
boston,2025-11-06,S5179639,low-cost,3.78,2,13675961; 13675965
boston,2025-11-06,S5179641,low-cost,2.53,1,13675964
boston,2025-11-06,S5179642,low-cost,1.14,1,13675966
boston,2025-11-06,S5179643,low-cost,2.69,1,13675963
boston,2025-11-06,S5179645,low-cost,3.58,1,13675967
boston,2025-11-06,S521,reference,1.78,1,25772
boston,2025-11-06,S788805,reference,2.73,1,4302520
boston,2025-11-07,S3339950,low-cost,0.591,1,11821904
boston,2025-11-07,S448,reference,3.24,1,783
boston,2025-11-07,S452,reference,4.2,1,786
boston,2025-11-07,S5179639,low-cost,4.78,2,13675961; 13675965
boston,2025-11-07,S5179641,low-cost,3.63,1,13675964
boston,2025-11-07,S5179643,low-cost,3.89,1,13675963
boston,2025-11-07,S5179645,low-cost,4.14,1,13675967
boston,2025-11-07,S521,reference,3.93,1,25772
boston,2025-11-07,S788805,reference,3.69,1,4302520
boston,2025-11-08,S3339950,low-cost,3.73,1,11821904
boston,2025-11-08,S448,reference,5.28,1,783
boston,2025-11-08,S452,reference,7.1,1,786
boston,2025-11-08,S5179638,low-cost,9.4,1,13675962
boston,2025-11-08,S5179639,low-cost,8.78,2,13675961; 13675965
boston,2025-11-08,S5179641,low-cost,8.2,1,13675964
boston,2025-11-08,S5179642,low-cost,6.45,1,13675966
boston,2025-11-08,S5179643,low-cost,7.61,1,13675963
boston,2025-11-08,S5179645,low-cost,6.2,1,13675967
boston,2025-11-08,S521,reference,6.0,1,25772
boston,2025-11-08,S788805,reference,6.61,1,4302520
boston,2025-11-09,S3339950,low-cost,5.0,1,11821904
boston,2025-11-09,S448,reference,7.6,1,783
boston,2025-11-09,S452,reference,9.13,1,786
boston,2025-11-09,S5179638,low-cost,10.3,1,13675962
boston,2025-11-09,S5179639,low-cost,9.79,2,13675961; 13675965
boston,2025-11-09,S5179641,low-cost,9.55,1,13675964
boston,2025-11-09,S5179642,low-cost,7.73,1,13675966
boston,2025-11-09,S5179643,low-cost,9.16,1,13675963
boston,2025-11-09,S5179645,low-cost,6.65,1,13675967
boston,2025-11-09,S521,reference,9.31,1,25772
boston,2025-11-09,S788805,reference,8.14,1,4302520
boston,2025-11-10,S3339950,low-cost,3.36,1,11821904
boston,2025-11-10,S448,reference,5.76,1,783
boston,2025-11-10,S452,reference,6.48,1,786
boston,2025-11-10,S5179639,low-cost,8.16,2,13675961; 13675965
boston,2025-11-10,S5179641,low-cost,6.91,1,13675964
boston,2025-11-10,S5179642,low-cost,5.22,1,13675966
boston,2025-11-10,S5179643,low-cost,6.66,1,13675963
boston,2025-11-10,S5179645,low-cost,5.26,1,13675967
boston,2025-11-10,S521,reference,6.13,1,25772
boston,2025-11-10,S788805,reference,6.08,1,4302520
boston,2025-11-11,S3339950,low-cost,0.0029,1,11821904
boston,2025-11-11,S448,reference,1.25,1,783
boston,2025-11-11,S452,reference,1.7,1,786
boston,2025-11-11,S5179639,low-cost,3.255,2,13675961; 13675965
boston,2025-11-11,S5179641,low-cost,2.31,1,13675964
boston,2025-11-11,S5179642,low-cost,0.59,1,13675966
boston,2025-11-11,S5179643,low-cost,2.44,1,13675963
boston,2025-11-11,S5179645,low-cost,3.16,1,13675967
boston,2025-11-11,S521,reference,1.62,1,25772
boston,2025-11-11,S788805,reference,2.03,1,4302520
boston,2025-11-12,S3339950,low-cost,1.91,1,11821904
boston,2025-11-12,S448,reference,3.67,1,783
boston,2025-11-12,S452,reference,4.85,1,786
boston,2025-11-12,S5179639,low-cost,6.335,2,13675961; 13675965
boston,2025-11-12,S5179641,low-cost,5.53,1,13675964
boston,2025-11-12,S5179643,low-cost,5.63,1,13675963
boston,2025-11-12,S521,reference,4.47,1,25772
boston,2025-11-12,S788805,reference,4.43,1,4302520
boston,2025-11-13,S3339950,low-cost,0.616,1,11821904
boston,2025-11-13,S448,reference,3.12,1,783
boston,2025-11-13,S452,reference,4.07,1,786
boston,2025-11-13,S521,reference,3.58,1,25772
boston,2025-11-13,S788805,reference,4.25,1,4302520
boston,2025-11-15,S3339950,low-cost,1.08,1,11821904
boston,2025-11-15,S5179638,low-cost,4.98,1,13675962
boston,2025-11-15,S5179639,low-cost,5.89,2,13675961; 13675965
boston,2025-11-15,S5179641,low-cost,5.07,1,13675964
boston,2025-11-15,S5179642,low-cost,3.18,1,13675966
boston,2025-11-15,S5179643,low-cost,5.11,1,13675963
boston,2025-11-15,S5179645,low-cost,4.97,1,13675967
boston,2025-11-16,S3339950,low-cost,1.56,1,11821904
boston,2025-11-16,S5179638,low-cost,5.72,1,13675962
boston,2025-11-16,S5179639,low-cost,6.0,2,13675961; 13675965
boston,2025-11-16,S5179641,low-cost,4.95,1,13675964
boston,2025-11-16,S5179642,low-cost,3.35,1,13675966
boston,2025-11-16,S5179643,low-cost,4.77,1,13675963
boston,2025-11-16,S5179645,low-cost,4.92,1,13675967
boston,2025-11-17,S3339950,low-cost,0.0011,1,11821904
boston,2025-11-17,S5179638,low-cost,4.15,1,13675962
boston,2025-11-17,S5179639,low-cost,3.175,2,13675961; 13675965
boston,2025-11-17,S5179641,low-cost,2.15,1,13675964
boston,2025-11-17,S5179642,low-cost,0.656,1,13675966
boston,2025-11-17,S5179643,low-cost,2.42,1,13675963
boston,2025-11-17,S5179645,low-cost,3.38,1,13675967
boston,2025-11-18,S3339950,low-cost,0.101,1,11821904
boston,2025-11-18,S5179639,low-cost,5.03,1,13675961
boston,2025-11-18,S5179643,low-cost,3.32,1,13675963
boston,2025-11-19,S3339950,low-cost,2.71,1,11821904
boston,2025-11-19,S5179639,low-cost,7.36,1,13675961
boston,2025-11-19,S5179643,low-cost,5.52,1,13675963
boston,2025-11-20,S3339950,low-cost,3.77,1,11821904
boston,2025-11-20,S5179639,low-cost,10.3,1,13675961
boston,2025-11-20,S5179643,low-cost,7.43,1,13675963
boston,2025-11-21,S3339950,low-cost,17.0,1,11821904
boston,2025-11-21,S448,reference,10.6,1,783
boston,2025-11-21,S452,reference,14.0,1,786
boston,2025-11-21,S5179639,low-cost,17.6,1,13675961
boston,2025-11-21,S5179643,low-cost,12.4,1,13675963
boston,2025-11-21,S521,reference,12.7,1,25772
boston,2025-11-21,S788805,reference,11.9,1,4302520
boston,2025-11-22,S3339950,low-cost,24.3,1,11821904
boston,2025-11-22,S448,reference,13.7,1,783
boston,2025-11-22,S452,reference,18.4,1,786
boston,2025-11-22,S5179639,low-cost,21.7,1,13675961
boston,2025-11-22,S5179643,low-cost,16.9,1,13675963
boston,2025-11-22,S521,reference,15.7,1,25772
boston,2025-11-22,S788805,reference,16.7,1,4302520
boston,2025-11-23,S3339950,low-cost,3.92,1,11821904
boston,2025-11-23,S448,reference,4.51,1,783
boston,2025-11-23,S452,reference,5.58,1,786
boston,2025-11-23,S521,reference,5.11,1,25772
boston,2025-11-23,S788805,reference,4.66,1,4302520
boston,2025-11-24,S3339950,low-cost,3.83,1,11821904
boston,2025-11-24,S448,reference,4.31,1,783
boston,2025-11-24,S452,reference,5.77,1,786
boston,2025-11-24,S5179639,low-cost,9.95,1,13675961
boston,2025-11-24,S5179643,low-cost,6.41,1,13675963
boston,2025-11-24,S521,reference,5.12,1,25772
boston,2025-11-24,S788805,reference,5.37,1,4302520
boston,2025-11-25,S3339950,low-cost,1.63,1,11821904
boston,2025-11-25,S448,reference,4.33,1,783
boston,2025-11-25,S452,reference,6.03,1,786
boston,2025-11-25,S5179639,low-cost,8.33,1,13675961
boston,2025-11-25,S5179643,low-cost,5.49,1,13675963
boston,2025-11-25,S521,reference,4.8,1,25772
boston,2025-11-25,S788805,reference,4.74,1,4302520
boston,2025-11-26,S3339950,low-cost,5.97,1,11821904
boston,2025-11-26,S448,reference,6.46,1,783
boston,2025-11-26,S452,reference,8.11,1,786
boston,2025-11-26,S5179639,low-cost,12.1,1,13675961
boston,2025-11-26,S5179643,low-cost,9.2,1,13675963
boston,2025-11-26,S521,reference,6.95,1,25772
boston,2025-11-26,S788805,reference,6.96,1,4302520
boston,2025-11-27,S3339950,low-cost,1.5,1,11821904
boston,2025-11-27,S448,reference,2.57,1,783
boston,2025-11-27,S452,reference,3.23,1,786
boston,2025-11-27,S5179639,low-cost,5.64,1,13675961
boston,2025-11-27,S5179643,low-cost,3.87,1,13675963
boston,2025-11-27,S521,reference,2.94,1,25772
boston,2025-11-27,S788805,reference,3.2,1,4302520
boston,2025-11-28,S3339950,low-cost,0.0141,1,11821904
boston,2025-11-28,S448,reference,1.91,1,783
boston,2025-11-28,S452,reference,2.45,1,786
boston,2025-11-28,S5179639,low-cost,4.72,1,13675961
boston,2025-11-28,S5179643,low-cost,3.05,1,13675963
boston,2025-11-28,S521,reference,2.2,1,25772
boston,2025-11-28,S788805,reference,2.59,1,4302520
boston,2025-11-29,S3339950,low-cost,1.42,1,11821904
boston,2025-11-29,S448,reference,2.14,1,783
boston,2025-11-29,S452,reference,2.5,1,786
boston,2025-11-29,S5179639,low-cost,4.63,1,13675961
boston,2025-11-29,S5179643,low-cost,3.19,1,13675963
boston,2025-11-29,S521,reference,2.15,1,25772
boston,2025-11-29,S788805,reference,3.25,1,4302520
boston,2025-11-30,S3339950,low-cost,2.46,1,11821904
boston,2025-11-30,S448,reference,4.19,1,783
boston,2025-11-30,S452,reference,5.72,1,786
boston,2025-11-30,S5179639,low-cost,8.37,1,13675961
boston,2025-11-30,S5179643,low-cost,5.64,1,13675963
boston,2025-11-30,S521,reference,4.87,1,25772
boston,2025-11-30,S788805,reference,4.36,1,4302520
boston,2025-12-01,S3339950,low-cost,0.381,1,11821904
boston,2025-12-01,S448,reference,2.83,1,783
boston,2025-12-01,S452,reference,3.68,1,786
boston,2025-12-01,S5179639,low-cost,6.11,1,13675961
boston,2025-12-01,S5179643,low-cost,4.4,1,13675963
boston,2025-12-01,S521,reference,3.28,1,25772
boston,2025-12-01,S788805,reference,3.69,1,4302520
boston,2025-12-02,S3339950,low-cost,3.77,1,11821904
boston,2025-12-02,S448,reference,5.46,1,783
boston,2025-12-02,S452,reference,7.94,1,786
boston,2025-12-02,S5179639,low-cost,9.21,1,13675961
boston,2025-12-02,S5179643,low-cost,7.52,1,13675963
boston,2025-12-02,S521,reference,5.57,1,25772
boston,2025-12-02,S788805,reference,6.95,1,4302520
boston,2025-12-03,S3339950,low-cost,1.96,1,11821904
boston,2025-12-03,S448,reference,4.93,1,783
boston,2025-12-03,S452,reference,7.14,1,786
boston,2025-12-03,S5179639,low-cost,8.14,1,13675961
boston,2025-12-03,S5179643,low-cost,5.81,1,13675963
boston,2025-12-03,S521,reference,4.68,1,25772
boston,2025-12-03,S788805,reference,5.26,1,4302520
boston,2025-12-04,S3339950,low-cost,4.66,1,11821904
boston,2025-12-04,S448,reference,5.21,1,783
boston,2025-12-04,S452,reference,7.43,1,786
boston,2025-12-04,S5179639,low-cost,9.29,1,13675961
boston,2025-12-04,S5179643,low-cost,6.77,1,13675963
boston,2025-12-04,S521,reference,6.4,1,25772
boston,2025-12-04,S788805,reference,7.22,1,4302520
boston,2025-12-05,S3339950,low-cost,0.585,1,11821904
boston,2025-12-05,S448,reference,3.64,1,783
boston,2025-12-05,S452,reference,4.79,1,786
boston,2025-12-05,S5179639,low-cost,5.45,1,13675961
boston,2025-12-05,S5179643,low-cost,4.09,1,13675963
boston,2025-12-05,S521,reference,4.01,1,25772
boston,2025-12-05,S788805,reference,3.73,1,4302520
boston,2025-12-06,S3339950,low-cost,8.64,1,11821904
boston,2025-12-06,S448,reference,6.95,1,783
boston,2025-12-06,S452,reference,9.44,1,786
boston,2025-12-06,S5179639,low-cost,12.0,1,13675961
boston,2025-12-06,S5179643,low-cost,9.13,1,13675963
boston,2025-12-06,S521,reference,8.33,1,25772
boston,2025-12-06,S788805,reference,9.31,1,4302520
boston,2025-12-07,S3339950,low-cost,16.2,1,11821904
boston,2025-12-07,S448,reference,9.43,1,783
boston,2025-12-07,S452,reference,14.6,1,786
boston,2025-12-07,S5179639,low-cost,15.2,1,13675961
boston,2025-12-07,S5179643,low-cost,12.0,1,13675963
boston,2025-12-07,S521,reference,11.3,1,25772
boston,2025-12-07,S788805,reference,11.3,1,4302520
boston,2025-12-08,S3339950,low-cost,1.76,1,11821904
boston,2025-12-08,S448,reference,3.53,1,783
boston,2025-12-08,S452,reference,4.99,1,786
boston,2025-12-08,S5179639,low-cost,6.49,1,13675961
boston,2025-12-08,S5179643,low-cost,4.28,1,13675963
boston,2025-12-08,S521,reference,4.02,1,25772
boston,2025-12-08,S788805,reference,4.59,1,4302520
boston,2025-12-09,S3339950,low-cost,0.108,1,11821904
boston,2025-12-09,S448,reference,3.8,1,783
boston,2025-12-09,S452,reference,5.6,1,786
boston,2025-12-09,S5179639,low-cost,6.67,1,13675961
boston,2025-12-09,S5179643,low-cost,4.41,1,13675963
boston,2025-12-09,S521,reference,4.55,1,25772
boston,2025-12-09,S788805,reference,4.29,1,4302520
boston,2025-12-10,S3339950,low-cost,1.84,1,11821904
boston,2025-12-10,S448,reference,6.36,1,783
boston,2025-12-10,S452,reference,9.57,1,786
boston,2025-12-10,S5179639,low-cost,9.22,1,13675961
boston,2025-12-10,S5179643,low-cost,6.21,1,13675963
boston,2025-12-10,S521,reference,7.24,1,25772
boston,2025-12-10,S788805,reference,9.27,1,4302520
boston,2025-12-11,S3339950,low-cost,2.1,1,11821904
boston,2025-12-11,S448,reference,3.32,1,783
boston,2025-12-11,S452,reference,4.53,1,786
boston,2025-12-11,S5179639,low-cost,6.31,1,13675961
boston,2025-12-11,S5179643,low-cost,4.65,1,13675963
boston,2025-12-11,S521,reference,4.06,1,25772
boston,2025-12-11,S788805,reference,4.75,1,4302520
boston,2025-12-12,S3339950,low-cost,0.0005,1,11821904
boston,2025-12-12,S448,reference,2.38,1,783
boston,2025-12-12,S452,reference,3.08,1,786
boston,2025-12-12,S5179639,low-cost,4.93,1,13675961
boston,2025-12-12,S5179643,low-cost,3.25,1,13675963
boston,2025-12-12,S521,reference,2.67,1,25772
boston,2025-12-12,S788805,reference,3.42,1,4302520
boston,2025-12-13,S3339950,low-cost,7.36,1,11821904
boston,2025-12-13,S448,reference,6.39,1,783
boston,2025-12-13,S452,reference,8.23,1,786
boston,2025-12-13,S5179639,low-cost,10.6,1,13675961
boston,2025-12-13,S5179643,low-cost,7.43,1,13675963
boston,2025-12-13,S521,reference,7.22,1,25772
boston,2025-12-13,S788805,reference,7.15,1,4302520
boston,2025-12-14,S3339950,low-cost,17.3,1,11821904
boston,2025-12-14,S448,reference,9.48,1,783
boston,2025-12-14,S452,reference,18.5,1,786
boston,2025-12-14,S5179639,low-cost,16.1,1,13675961
boston,2025-12-14,S5179643,low-cost,13.0,1,13675963
boston,2025-12-14,S521,reference,11.0,1,25772
boston,2025-12-14,S788805,reference,12.3,1,4302520
boston,2025-12-15,S3339950,low-cost,0.102,1,11821904
boston,2025-12-15,S448,reference,3.9,1,783
boston,2025-12-15,S452,reference,8.46,1,786
boston,2025-12-15,S521,reference,5.11,1,25772
boston,2025-12-15,S788805,reference,6.36,1,4302520
boston,2025-12-16,S3339950,low-cost,5.7,1,11821904
boston,2025-12-16,S448,reference,7.0,1,783
boston,2025-12-16,S452,reference,12.2,1,786
boston,2025-12-16,S5179639,low-cost,3.7,1,13675961
boston,2025-12-16,S5179643,low-cost,8.32,1,13675963
boston,2025-12-16,S521,reference,8.72,1,25772
boston,2025-12-16,S788805,reference,9.13,1,4302520
boston,2025-12-17,S3339950,low-cost,12.5,1,11821904
boston,2025-12-17,S448,reference,9.61,1,783
boston,2025-12-17,S452,reference,14.2,1,786
boston,2025-12-17,S521,reference,11.8,1,25772
boston,2025-12-17,S788805,reference,12.1,1,4302520
boston,2025-12-18,S3339950,low-cost,3.06,1,11821904
boston,2025-12-18,S448,reference,5.36,1,783
boston,2025-12-18,S452,reference,8.74,1,786
boston,2025-12-18,S5179643,low-cost,7.0,1,13675963
boston,2025-12-18,S521,reference,6.75,1,25772
boston,2025-12-18,S788805,reference,7.52,1,4302520
boston,2025-12-19,S3339950,low-cost,1.17,1,11821904
boston,2025-12-19,S448,reference,4.75,1,783
boston,2025-12-19,S452,reference,8.14,1,786
boston,2025-12-19,S5179643,low-cost,5.48,1,13675963
boston,2025-12-19,S521,reference,6.04,1,25772
boston,2025-12-19,S788805,reference,6.2,1,4302520
boston,2025-12-20,S3339950,low-cost,0.702,1,11821904
boston,2025-12-20,S448,reference,3.02,1,783
boston,2025-12-20,S452,reference,4.25,1,786
boston,2025-12-20,S5179643,low-cost,3.4,1,13675963
boston,2025-12-20,S521,reference,3.49,1,25772
boston,2025-12-20,S788805,reference,3.72,1,4302520
boston,2025-12-21,S3339950,low-cost,1.06,1,11821904
boston,2025-12-21,S448,reference,3.63,1,783
boston,2025-12-21,S452,reference,4.84,1,786
boston,2025-12-21,S5179643,low-cost,4.42,1,13675963
boston,2025-12-21,S521,reference,4.13,1,25772
boston,2025-12-21,S788805,reference,4.9,1,4302520
boston,2025-12-22,S3339950,low-cost,2.36,1,11821904
boston,2025-12-22,S448,reference,3.09,1,783
boston,2025-12-22,S452,reference,4.63,1,786
boston,2025-12-22,S5179643,low-cost,4.44,1,13675963
boston,2025-12-22,S521,reference,3.02,1,25772
boston,2025-12-22,S788805,reference,3.35,1,4302520
boston,2025-12-23,S3339950,low-cost,9.87,1,11821904
boston,2025-12-23,S448,reference,8.06,1,783
boston,2025-12-23,S452,reference,11.7,1,786
boston,2025-12-23,S521,reference,10.1,1,25772
boston,2025-12-23,S788805,reference,9.73,1,4302520
boston,2025-12-24,S3339950,low-cost,7.61,1,11821904
boston,2025-12-24,S448,reference,6.16,1,783
boston,2025-12-24,S452,reference,9.14,1,786
boston,2025-12-24,S5179643,low-cost,8.15,1,13675963
boston,2025-12-24,S521,reference,7.43,1,25772
boston,2025-12-24,S788805,reference,8.26,1,4302520
boston,2025-12-25,S3339950,low-cost,3.9,1,11821904
boston,2025-12-25,S448,reference,4.72,1,783
boston,2025-12-25,S452,reference,5.6,1,786
boston,2025-12-25,S5179643,low-cost,7.13,1,13675963
boston,2025-12-25,S521,reference,5.47,1,25772
boston,2025-12-25,S788805,reference,6.0,1,4302520
boston,2025-12-26,S3339950,low-cost,0.458,1,11821904
boston,2025-12-26,S448,reference,3.0,1,783
boston,2025-12-26,S452,reference,4.2,1,786
boston,2025-12-26,S5179643,low-cost,3.76,1,13675963
boston,2025-12-26,S521,reference,3.48,1,25772
boston,2025-12-26,S788805,reference,3.63,1,4302520
boston,2025-12-27,S3339950,low-cost,5.08,1,11821904
boston,2025-12-27,S448,reference,4.05,1,783
boston,2025-12-27,S5179643,low-cost,5.34,1,13675963
boston,2025-12-27,S521,reference,5.2,1,25772
boston,2025-12-27,S788805,reference,5.51,1,4302520
boston,2025-12-28,S3339950,low-cost,6.6,1,11821904
boston,2025-12-28,S448,reference,6.41,1,783
boston,2025-12-28,S5179643,low-cost,7.98,1,13675963
boston,2025-12-28,S521,reference,8.68,1,25772
boston,2025-12-28,S788805,reference,9.3,1,4302520
boston,2025-12-29,S3339950,low-cost,4.43,1,11821904
boston,2025-12-29,S448,reference,5.65,1,783
boston,2025-12-29,S521,reference,7.26,1,25772
boston,2025-12-29,S788805,reference,8.25,1,4302520
boston,2025-12-30,S3339950,low-cost,0.0217,1,11821904
boston,2025-12-30,S448,reference,2.44,1,783
boston,2025-12-30,S5179643,low-cost,2.76,1,13675963
boston,2025-12-30,S521,reference,2.57,1,25772
boston,2025-12-30,S788805,reference,3.49,1,4302520
boston,2025-12-31,S3339950,low-cost,3.43,1,11821904
boston,2025-12-31,S448,reference,4.16,1,783
boston,2025-12-31,S452,reference,4.45,1,786
boston,2025-12-31,S5179643,low-cost,4.71,1,13675963
boston,2025-12-31,S521,reference,4.29,1,25772
boston,2025-12-31,S788805,reference,4.86,1,4302520
boston,2026-01-01,S3339950,low-cost,4.16,1,11821904
boston,2026-01-01,S448,reference,5.13,1,783
boston,2026-01-01,S452,reference,8.27,1,786
boston,2026-01-01,S5179643,low-cost,6.47,1,13675963
boston,2026-01-01,S521,reference,7.18,1,25772
boston,2026-01-01,S788805,reference,7.41,1,4302520
boston,2026-01-02,S3339950,low-cost,1.38,1,11821904
boston,2026-01-02,S448,reference,4.8,1,783
boston,2026-01-02,S452,reference,7.39,1,786
boston,2026-01-02,S5179643,low-cost,4.97,1,13675963
boston,2026-01-02,S521,reference,8.26,1,25772
boston,2026-01-02,S788805,reference,6.44,1,4302520
boston,2026-01-03,S3339950,low-cost,1.59,1,11821904
boston,2026-01-03,S448,reference,4.61,1,783
boston,2026-01-03,S452,reference,6.0,1,786
boston,2026-01-03,S5179643,low-cost,5.29,1,13675963
boston,2026-01-03,S521,reference,5.56,1,25772
boston,2026-01-03,S788805,reference,5.62,1,4302520
boston,2026-01-04,S3339950,low-cost,1.98,1,11821904
boston,2026-01-04,S448,reference,4.5,1,783
boston,2026-01-04,S452,reference,7.75,1,786
boston,2026-01-04,S5179643,low-cost,5.89,1,13675963
boston,2026-01-04,S521,reference,4.87,1,25772
boston,2026-01-04,S788805,reference,5.5,1,4302520
boston,2026-01-05,S3339950,low-cost,2.12,1,11821904
boston,2026-01-05,S448,reference,7.15,1,783
boston,2026-01-05,S452,reference,9.3,1,786
boston,2026-01-05,S5179643,low-cost,8.15,1,13675963
boston,2026-01-05,S521,reference,8.79,1,25772
boston,2026-01-05,S788805,reference,8.96,1,4302520
boston,2026-01-06,S3339950,low-cost,26.7,1,11821904
boston,2026-01-06,S448,reference,15.5,1,783
boston,2026-01-06,S452,reference,16.4,1,786
boston,2026-01-06,S5179643,low-cost,20.4,1,13675963
boston,2026-01-06,S521,reference,16.5,1,25772
boston,2026-01-06,S788805,reference,17.9,1,4302520
boston,2026-01-07,S3339950,low-cost,8.15,1,11821904
boston,2026-01-07,S448,reference,7.37,1,783
boston,2026-01-07,S452,reference,9.47,1,786
boston,2026-01-07,S5179643,low-cost,10.6,1,13675963
boston,2026-01-07,S521,reference,7.92,1,25772
boston,2026-01-07,S788805,reference,9.65,1,4302520
boston,2026-01-08,S3339950,low-cost,5.89,1,11821904
boston,2026-01-08,S448,reference,6.13,1,783
boston,2026-01-08,S452,reference,8.35,1,786
boston,2026-01-08,S521,reference,5.61,1,25772
boston,2026-01-08,S788805,reference,7.14,1,4302520
boston,2026-01-09,S3339950,low-cost,7.07,1,11821904
boston,2026-01-09,S448,reference,6.44,1,783
boston,2026-01-09,S452,reference,8.41,1,786
boston,2026-01-09,S5179643,low-cost,9.4,1,13675963
boston,2026-01-09,S521,reference,6.79,1,25772
boston,2026-01-09,S788805,reference,8.38,1,4302520
boston,2026-01-10,S3339950,low-cost,0.725,1,11821904
boston,2026-01-10,S448,reference,3.38,1,783
boston,2026-01-10,S452,reference,4.23,1,786
boston,2026-01-10,S5179643,low-cost,4.04,1,13675963
boston,2026-01-10,S521,reference,4.06,1,25772
boston,2026-01-10,S788805,reference,4.06,1,4302520
boston,2026-01-11,S3339950,low-cost,0.0373,1,11821904
boston,2026-01-11,S448,reference,2.62,1,783
boston,2026-01-11,S452,reference,3.23,1,786
boston,2026-01-11,S5179643,low-cost,3.8,1,13675963
boston,2026-01-11,S521,reference,2.41,1,25772
boston,2026-01-11,S788805,reference,3.75,1,4302520
boston,2026-01-12,S3339950,low-cost,0.766,1,11821904
boston,2026-01-12,S448,reference,3.7,1,783
boston,2026-01-12,S452,reference,3.42,1,786
boston,2026-01-12,S5179643,low-cost,4.24,1,13675963
boston,2026-01-12,S521,reference,2.92,1,25772
boston,2026-01-12,S788805,reference,3.71,1,4302520
boston,2026-01-13,S3339950,low-cost,5.19,1,11821904
boston,2026-01-13,S448,reference,7.01,1,783
boston,2026-01-13,S452,reference,7.2,1,786
boston,2026-01-13,S5179643,low-cost,8.11,1,13675963
boston,2026-01-13,S521,reference,6.95,1,25772
boston,2026-01-13,S788805,reference,7.8,1,4302520
boston,2026-01-14,S3339950,low-cost,5.92,1,11821904
boston,2026-01-14,S448,reference,11.0,1,783
boston,2026-01-14,S452,reference,10.9,1,786
boston,2026-01-14,S5179643,low-cost,9.63,1,13675963
boston,2026-01-14,S521,reference,10.4,1,25772
boston,2026-01-14,S788805,reference,12.6,1,4302520
boston,2026-01-15,S3339950,low-cost,7.73,1,11821904
boston,2026-01-15,S448,reference,9.68,1,783
boston,2026-01-15,S452,reference,9.74,1,786
boston,2026-01-15,S5179643,low-cost,9.29,1,13675963
boston,2026-01-15,S521,reference,9.62,1,25772
boston,2026-01-15,S788805,reference,11.2,1,4302520
boston,2026-01-16,S3339950,low-cost,0.322,1,11821904
boston,2026-01-16,S448,reference,2.85,1,783
boston,2026-01-16,S452,reference,3.06,1,786
boston,2026-01-16,S5179643,low-cost,3.82,1,13675963
boston,2026-01-16,S521,reference,2.73,1,25772
boston,2026-01-16,S788805,reference,3.37,1,4302520
boston,2026-01-17,S3339950,low-cost,11.0,1,11821904
boston,2026-01-17,S448,reference,9.16,1,783
boston,2026-01-17,S452,reference,9.44,1,786
boston,2026-01-17,S5179643,low-cost,10.9,1,13675963
boston,2026-01-17,S521,reference,9.16,1,25772
boston,2026-01-17,S788805,reference,10.4,1,4302520
boston,2026-01-18,S3339950,low-cost,31.5,1,11821904
boston,2026-01-18,S448,reference,15.3,1,783
boston,2026-01-18,S452,reference,16.3,1,786
boston,2026-01-18,S5179643,low-cost,19.5,1,13675963
boston,2026-01-18,S521,reference,15.7,1,25772
boston,2026-01-18,S788805,reference,18.3,1,4302520
boston,2026-01-19,S3339950,low-cost,7.48,1,11821904
boston,2026-01-19,S448,reference,7.24,1,783
boston,2026-01-19,S452,reference,12.6,1,786
boston,2026-01-19,S5179643,low-cost,8.46,1,13675963
boston,2026-01-19,S521,reference,7.23,1,25772
boston,2026-01-19,S788805,reference,9.1,1,4302520
boston,2026-01-20,S3339950,low-cost,3.43,1,11821904
boston,2026-01-20,S448,reference,7.28,1,783
boston,2026-01-20,S452,reference,11.9,1,786
boston,2026-01-20,S5179643,low-cost,7.2,1,13675963
boston,2026-01-20,S521,reference,7.91,1,25772
boston,2026-01-20,S788805,reference,8.74,1,4302520
boston,2026-01-21,S3339950,low-cost,1.22,1,11821904
boston,2026-01-21,S448,reference,6.75,1,783
boston,2026-01-21,S452,reference,10.0,1,786
boston,2026-01-21,S5179643,low-cost,6.28,1,13675963
boston,2026-01-21,S521,reference,6.95,1,25772
boston,2026-01-21,S788805,reference,8.36,1,4302520
boston,2026-01-22,S3339950,low-cost,3.83,1,11821904
boston,2026-01-22,S448,reference,7.41,1,783
boston,2026-01-22,S452,reference,9.22,1,786
boston,2026-01-22,S5179643,low-cost,7.42,1,13675963
boston,2026-01-22,S521,reference,6.73,1,25772
boston,2026-01-22,S788805,reference,8.77,1,4302520
boston,2026-01-23,S3339950,low-cost,1.89,1,11821904
boston,2026-01-23,S448,reference,5.85,1,783
boston,2026-01-23,S452,reference,6.37,1,786
boston,2026-01-23,S5179643,low-cost,6.39,1,13675963
boston,2026-01-23,S521,reference,5.68,1,25772
boston,2026-01-23,S788805,reference,6.75,1,4302520
boston,2026-01-24,S3339950,low-cost,0.0201,1,11821904
boston,2026-01-24,S448,reference,2.93,1,783
boston,2026-01-24,S452,reference,4.03,1,786
boston,2026-01-24,S5179643,low-cost,3.76,1,13675963
boston,2026-01-24,S521,reference,2.86,1,25772
boston,2026-01-24,S788805,reference,3.88,1,4302520
boston,2026-01-25,S3339950,low-cost,0.76,1,11821904
boston,2026-01-25,S448,reference,3.85,1,783
boston,2026-01-25,S452,reference,5.06,1,786
boston,2026-01-25,S5179643,low-cost,4.76,1,13675963
boston,2026-01-25,S521,reference,4.13,1,25772
boston,2026-01-25,S788805,reference,4.45,1,4302520
boston,2026-01-26,S3339950,low-cost,0.31,1,11821904
boston,2026-01-26,S448,reference,3.87,1,783
boston,2026-01-26,S452,reference,4.87,1,786
boston,2026-01-26,S5179643,low-cost,5.46,1,13675963
boston,2026-01-26,S521,reference,3.82,1,25772
boston,2026-01-26,S788805,reference,4.8,1,4302520
boston,2026-01-27,S3339950,low-cost,1.76,1,11821904
boston,2026-01-27,S448,reference,4.46,1,783
boston,2026-01-27,S452,reference,5.51,1,786
boston,2026-01-27,S5179643,low-cost,4.86,1,13675963
boston,2026-01-27,S521,reference,4.42,1,25772
boston,2026-01-27,S788805,reference,5.5,1,4302520
boston,2026-01-28,S3339950,low-cost,10.9,1,11821904
boston,2026-01-28,S448,reference,9.96,1,783
boston,2026-01-28,S452,reference,15.4,1,786
boston,2026-01-28,S5179643,low-cost,12.5,1,13675963
boston,2026-01-28,S521,reference,9.85,1,25772
boston,2026-01-28,S788805,reference,10.6,1,4302520
boston,2026-01-29,S3339950,low-cost,4.43,1,11821904
boston,2026-01-29,S448,reference,6.18,1,783
boston,2026-01-29,S452,reference,12.9,1,786
boston,2026-01-29,S5179643,low-cost,8.15,1,13675963
boston,2026-01-29,S521,reference,6.54,1,25772
boston,2026-01-29,S788805,reference,7.63,1,4302520
boston,2026-01-30,S3339950,low-cost,0.145,1,11821904
boston,2026-01-30,S448,reference,3.34,1,783
boston,2026-01-30,S452,reference,12.7,1,786
boston,2026-01-30,S5179643,low-cost,4.02,1,13675963
boston,2026-01-30,S521,reference,3.98,1,25772
boston,2026-01-30,S788805,reference,8.3,1,4302520
boston,2026-01-31,S3339950,low-cost,0.814,1,11821904
boston,2026-01-31,S448,reference,5.19,1,783
boston,2026-01-31,S452,reference,9.86,1,786
boston,2026-01-31,S5179643,low-cost,4.92,1,13675963
boston,2026-01-31,S521,reference,4.94,1,25772
boston,2026-01-31,S788805,reference,5.8,1,4302520
boston,2026-02-01,S448,reference,5.0,1,783
boston,2026-02-01,S452,reference,8.85,1,786
boston,2026-02-01,S5179643,low-cost,5.51,1,13675963
boston,2026-02-01,S521,reference,5.39,1,25772
boston,2026-02-01,S788805,reference,6.13,1,4302520
boston,2026-02-02,S448,reference,4.04,1,783
boston,2026-02-02,S452,reference,14.1,1,786
boston,2026-02-02,S5179643,low-cost,4.05,1,13675963
boston,2026-02-02,S521,reference,5.17,1,25772
boston,2026-02-02,S788805,reference,5.0,1,4302520
boston,2026-02-03,S448,reference,5.51,1,783
boston,2026-02-03,S452,reference,17.0,1,786
boston,2026-02-03,S5179643,low-cost,5.65,1,13675963
boston,2026-02-03,S521,reference,6.89,1,25772
boston,2026-02-03,S788805,reference,7.43,1,4302520
boston,2026-02-04,S448,reference,9.68,1,783
boston,2026-02-04,S452,reference,15.3,1,786
boston,2026-02-04,S521,reference,9.85,1,25772
boston,2026-02-04,S788805,reference,11.5,1,4302520
boston,2026-02-05,S448,reference,7.44,1,783
boston,2026-02-05,S452,reference,10.3,1,786
boston,2026-02-05,S5179643,low-cost,7.44,1,13675963
boston,2026-02-05,S521,reference,7.44,1,25772
boston,2026-02-05,S788805,reference,6.91,1,4302520
boston,2026-02-06,S448,reference,6.63,1,783
boston,2026-02-06,S452,reference,8.48,1,786
boston,2026-02-06,S5179643,low-cost,8.18,1,13675963
boston,2026-02-06,S521,reference,6.78,1,25772
boston,2026-02-06,S788805,reference,6.74,1,4302520
boston,2026-02-07,S448,reference,6.54,1,783
boston,2026-02-07,S452,reference,10.1,1,786
boston,2026-02-07,S5179643,low-cost,9.06,1,13675963
boston,2026-02-07,S521,reference,6.71,1,25772
boston,2026-02-07,S788805,reference,7.5,1,4302520
boston,2026-02-08,S448,reference,5.83,1,783
boston,2026-02-08,S452,reference,10.9,1,786
boston,2026-02-08,S5179643,low-cost,5.77,1,13675963
boston,2026-02-08,S521,reference,5.53,1,25772
boston,2026-02-08,S788805,reference,6.86,1,4302520
boston,2026-02-09,S448,reference,4.33,1,783
boston,2026-02-09,S452,reference,11.7,1,786
boston,2026-02-09,S5179643,low-cost,4.34,1,13675963
boston,2026-02-09,S521,reference,4.62,1,25772
boston,2026-02-09,S788805,reference,5.41,1,4302520
boston,2026-02-10,S448,reference,6.99,1,783
boston,2026-02-10,S452,reference,13.3,1,786
boston,2026-02-10,S5179643,low-cost,6.32,1,13675963
boston,2026-02-10,S521,reference,8.09,1,25772
boston,2026-02-10,S788805,reference,8.3,1,4302520
boston,2026-02-11,S448,reference,9.44,1,783
boston,2026-02-11,S452,reference,13.2,1,786
boston,2026-02-11,S5179643,low-cost,10.4,1,13675963
boston,2026-02-11,S521,reference,9.68,1,25772
boston,2026-02-11,S788805,reference,11.7,1,4302520
boston,2026-02-12,S3339950,low-cost,0.0817,1,11821904
boston,2026-02-12,S448,reference,3.94,1,783
boston,2026-02-12,S452,reference,7.82,1,786
boston,2026-02-12,S5179643,low-cost,4.45,1,13675963
boston,2026-02-12,S521,reference,3.93,1,25772
boston,2026-02-12,S788805,reference,4.36,1,4302520
boston,2026-02-13,S3339950,low-cost,0.0971,1,11821904
boston,2026-02-13,S448,reference,4.33,1,783
boston,2026-02-13,S452,reference,6.97,1,786
boston,2026-02-13,S5179643,low-cost,4.06,1,13675963
boston,2026-02-13,S521,reference,4.36,1,25772
boston,2026-02-13,S788805,reference,4.73,1,4302520
boston,2026-02-14,S3339950,low-cost,13.6,1,11821904
boston,2026-02-14,S448,reference,9.39,1,783
boston,2026-02-14,S452,reference,10.6,1,786
boston,2026-02-14,S5179643,low-cost,9.94,1,13675963
boston,2026-02-14,S521,reference,9.19,1,25772
boston,2026-02-14,S788805,reference,11.3,1,4302520
boston,2026-02-15,S3339950,low-cost,14.1,1,11821904
boston,2026-02-15,S448,reference,9.25,1,783
boston,2026-02-15,S452,reference,10.2,1,786
boston,2026-02-15,S5179643,low-cost,11.6,1,13675963
boston,2026-02-15,S521,reference,9.63,1,25772
boston,2026-02-15,S788805,reference,9.56,1,4302520
boston,2026-02-16,S3339950,low-cost,4.06,1,11821904
boston,2026-02-16,S448,reference,5.99,1,783
boston,2026-02-16,S452,reference,5.24,1,786
boston,2026-02-16,S5179643,low-cost,6.74,1,13675963
boston,2026-02-16,S521,reference,6.25,1,25772
boston,2026-02-16,S788805,reference,5.0,1,4302520
boston,2026-02-17,S3339950,low-cost,25.1,1,11821904
boston,2026-02-17,S448,reference,15.7,1,783
boston,2026-02-17,S452,reference,17.7,1,786
boston,2026-02-17,S5179643,low-cost,15.9,1,13675963
boston,2026-02-17,S521,reference,16.1,1,25772
boston,2026-02-17,S788805,reference,19.1,1,4302520
boston,2026-02-18,S3339950,low-cost,38.4,1,11821904
boston,2026-02-18,S448,reference,23.2,1,783
boston,2026-02-18,S452,reference,23.2,1,786
boston,2026-02-18,S5179643,low-cost,24.1,1,13675963
boston,2026-02-18,S521,reference,21.4,1,25772
boston,2026-02-18,S788805,reference,26.7,1,4302520
boston,2026-02-19,S3339950,low-cost,0.422,1,11821904
boston,2026-02-19,S448,reference,5.17,1,783
boston,2026-02-19,S452,reference,4.56,1,786
boston,2026-02-19,S5179643,low-cost,4.68,1,13675963
boston,2026-02-19,S521,reference,5.9,1,25772
boston,2026-02-19,S788805,reference,4.78,1,4302520
boston,2026-02-20,S3339950,low-cost,1.5,1,11821904
boston,2026-02-20,S448,reference,5.1,1,783
boston,2026-02-20,S452,reference,4.9,1,786
boston,2026-02-20,S5179643,low-cost,5.02,1,13675963
boston,2026-02-20,S521,reference,5.95,1,25772
boston,2026-02-20,S788805,reference,5.64,1,4302520
boston,2026-02-21,S3339950,low-cost,4.42,1,11821904
boston,2026-02-21,S448,reference,5.36,1,783
boston,2026-02-21,S452,reference,5.74,1,786
boston,2026-02-21,S5179643,low-cost,5.17,1,13675963
boston,2026-02-21,S521,reference,5.87,1,25772
boston,2026-02-21,S788805,reference,5.86,1,4302520
boston,2026-02-22,S3339950,low-cost,8.63,1,11821904
boston,2026-02-22,S448,reference,6.21,1,783
boston,2026-02-22,S452,reference,5.89,1,786
boston,2026-02-22,S521,reference,6.73,1,25772
boston,2026-02-22,S788805,reference,5.89,1,4302520
boston,2026-02-23,S3339950,low-cost,0.0106,1,11821904
boston,2026-02-23,S448,reference,2.88,1,783
boston,2026-02-23,S452,reference,3.43,1,786
boston,2026-02-23,S5179643,low-cost,3.08,1,13675963
boston,2026-02-23,S521,reference,2.91,1,25772
boston,2026-02-23,S788805,reference,3.79,1,4302520
boston,2026-02-24,S3339950,low-cost,0.217,1,11821904
boston,2026-02-24,S448,reference,3.13,1,783
boston,2026-02-24,S452,reference,5.58,1,786
boston,2026-02-24,S5179643,low-cost,3.78,1,13675963
boston,2026-02-24,S521,reference,3.12,1,25772
boston,2026-02-24,S788805,reference,4.18,1,4302520
boston,2026-02-25,S3339950,low-cost,12.8,1,11821904
boston,2026-02-25,S448,reference,9.07,1,783
boston,2026-02-25,S452,reference,11.5,1,786
boston,2026-02-25,S5179643,low-cost,9.09,1,13675963
boston,2026-02-25,S521,reference,9.27,1,25772
boston,2026-02-25,S788805,reference,11.3,1,4302520
boston,2026-02-26,S3339950,low-cost,16.9,1,11821904
boston,2026-02-26,S448,reference,11.2,1,783
boston,2026-02-26,S452,reference,13.1,1,786
boston,2026-02-26,S5179643,low-cost,14.2,1,13675963
boston,2026-02-26,S521,reference,10.9,1,25772
boston,2026-02-26,S788805,reference,13.1,1,4302520
boston,2026-02-27,S3339950,low-cost,1.65,1,11821904
boston,2026-02-27,S448,reference,5.02,1,783
boston,2026-02-27,S452,reference,6.32,1,786
boston,2026-02-27,S5179643,low-cost,5.42,1,13675963
boston,2026-02-27,S521,reference,5.52,1,25772
boston,2026-02-27,S788805,reference,5.68,1,4302520
boston,2026-02-28,S3339950,low-cost,5.8,1,11821904
boston,2026-02-28,S448,reference,6.45,1,783
boston,2026-02-28,S452,reference,7.58,1,786
boston,2026-02-28,S5179643,low-cost,7.37,1,13675963
boston,2026-02-28,S521,reference,6.33,1,25772
boston,2026-02-28,S788805,reference,8.19,1,4302520
boston,2026-03-01,S3339950,low-cost,3.68,1,11821904
boston,2026-03-01,S448,reference,4.87,1,783
boston,2026-03-01,S452,reference,6.57,1,786
boston,2026-03-01,S5179643,low-cost,5.75,1,13675963
boston,2026-03-01,S521,reference,5.13,1,25772
boston,2026-03-01,S788805,reference,6.95,1,4302520
boston,2026-03-02,S3339950,low-cost,0.0958,1,11821904
boston,2026-03-02,S448,reference,3.98,1,783
boston,2026-03-02,S452,reference,4.66,1,786
boston,2026-03-02,S5179643,low-cost,4.07,1,13675963
boston,2026-03-02,S521,reference,4.39,1,25772
boston,2026-03-02,S788805,reference,4.27,1,4302520
boston,2026-03-03,S3339950,low-cost,2.23,1,11821904
boston,2026-03-03,S448,reference,5.15,1,783
boston,2026-03-03,S452,reference,6.31,1,786
boston,2026-03-03,S5179643,low-cost,5.64,1,13675963
boston,2026-03-03,S521,reference,6.4,1,25772
boston,2026-03-03,S788805,reference,6.06,1,4302520
boston,2026-03-04,S3339950,low-cost,3.76,1,11821904
boston,2026-03-04,S448,reference,5.31,1,783
boston,2026-03-04,S452,reference,8.11,1,786
boston,2026-03-04,S5179643,low-cost,7.11,1,13675963
boston,2026-03-04,S521,reference,5.18,1,25772
boston,2026-03-04,S788805,reference,6.52,1,4302520
boston,2026-03-05,S3339950,low-cost,9.98,1,11821904
boston,2026-03-05,S448,reference,10.8,1,783
boston,2026-03-05,S452,reference,10.5,1,786
boston,2026-03-05,S521,reference,10.3,1,25772
boston,2026-03-05,S788805,reference,14.0,1,4302520
boston,2026-03-06,S3339950,low-cost,2.08,1,11821904
boston,2026-03-06,S448,reference,5.57,1,783
boston,2026-03-06,S452,reference,5.3,1,786
boston,2026-03-06,S5179643,low-cost,5.7,1,13675963
boston,2026-03-06,S521,reference,5.44,1,25772
boston,2026-03-06,S788805,reference,7.72,1,4302520
boston,2026-03-07,S3339950,low-cost,6.59,1,11821904
boston,2026-03-07,S448,reference,5.74,1,783
boston,2026-03-07,S452,reference,5.98,1,786
boston,2026-03-07,S5179643,low-cost,6.77,1,13675963
boston,2026-03-07,S521,reference,5.73,1,25772
boston,2026-03-07,S788805,reference,6.51,1,4302520
boston,2026-03-08,S3339950,low-cost,9.72,1,11821904
boston,2026-03-08,S448,reference,6.5,1,783
boston,2026-03-08,S452,reference,7.47,1,786
boston,2026-03-08,S5179643,low-cost,8.47,1,13675963
boston,2026-03-08,S521,reference,6.32,1,25772
boston,2026-03-08,S788805,reference,7.47,1,4302520
boston,2026-03-09,S3339950,low-cost,3.57,1,11821904
boston,2026-03-09,S448,reference,6.04,1,783
boston,2026-03-09,S452,reference,5.7,1,786
boston,2026-03-09,S5179643,low-cost,6.74,1,13675963
boston,2026-03-09,S521,reference,4.85,1,25772
boston,2026-03-09,S788805,reference,6.19,1,4302520
boston,2026-03-10,S3339950,low-cost,3.02,1,11821904
boston,2026-03-10,S448,reference,6.62,1,783
boston,2026-03-10,S452,reference,6.37,1,786
boston,2026-03-10,S5179643,low-cost,7.1,1,13675963
boston,2026-03-10,S521,reference,6.38,1,25772
boston,2026-03-10,S788805,reference,6.92,1,4302520
boston,2026-03-11,S3339950,low-cost,7.6,1,11821904
boston,2026-03-11,S448,reference,8.77,1,783
boston,2026-03-11,S452,reference,8.38,1,786
boston,2026-03-11,S5179643,low-cost,8.88,1,13675963
boston,2026-03-11,S521,reference,10.1,1,25772
boston,2026-03-11,S788805,reference,10.5,1,4302520
boston,2026-03-12,S3339950,low-cost,10.0,1,11821904
boston,2026-03-12,S448,reference,6.1,1,783
boston,2026-03-12,S452,reference,6.68,1,786
boston,2026-03-12,S5179643,low-cost,9.4,1,13675963
boston,2026-03-12,S521,reference,5.81,1,25772
boston,2026-03-12,S788805,reference,7.66,1,4302520
boston,2026-03-13,S3339950,low-cost,0.0833,1,11821904
boston,2026-03-13,S448,reference,3.24,1,783
boston,2026-03-13,S452,reference,3.5,1,786
boston,2026-03-13,S5179643,low-cost,3.76,1,13675963
boston,2026-03-13,S521,reference,3.36,1,25772
boston,2026-03-13,S788805,reference,3.64,1,4302520
boston,2026-03-14,S3339950,low-cost,0.05,1,11821904
boston,2026-03-14,S448,reference,3.44,1,783
boston,2026-03-14,S452,reference,3.71,1,786
boston,2026-03-14,S5179643,low-cost,3.6,1,13675963
boston,2026-03-14,S521,reference,3.5,1,25772
boston,2026-03-14,S788805,reference,4.43,1,4302520
boston,2026-03-15,S3339950,low-cost,0.108,1,11821904
boston,2026-03-15,S448,reference,3.39,1,783
boston,2026-03-15,S452,reference,3.29,1,786
boston,2026-03-15,S521,reference,3.78,1,25772
boston,2026-03-15,S788805,reference,3.73,1,4302520
boston,2026-03-16,S3339950,low-cost,0.958,1,11821904
boston,2026-03-16,S448,reference,5.06,1,783
boston,2026-03-16,S452,reference,5.27,1,786
boston,2026-03-16,S5179643,low-cost,5.47,1,13675963
boston,2026-03-16,S521,reference,5.15,1,25772
boston,2026-03-16,S788805,reference,6.27,1,4302520
boston,2026-03-17,S3339950,low-cost,0.0042,1,11821904
boston,2026-03-17,S448,reference,2.58,1,783
boston,2026-03-17,S452,reference,2.28,1,786
boston,2026-03-17,S5179643,low-cost,2.81,1,13675963
boston,2026-03-17,S521,reference,2.2,1,25772
boston,2026-03-17,S788805,reference,2.87,1,4302520
boston,2026-03-18,S3339950,low-cost,0.113,1,11821904
boston,2026-03-18,S448,reference,3.32,1,783
boston,2026-03-18,S452,reference,3.39,1,786
boston,2026-03-18,S5179643,low-cost,4.0,1,13675963
boston,2026-03-18,S521,reference,3.37,1,25772
boston,2026-03-18,S788805,reference,3.53,1,4302520
boston,2026-03-19,S3339950,low-cost,1.08,1,11821904
boston,2026-03-19,S448,reference,4.77,1,783
boston,2026-03-19,S452,reference,4.38,1,786
boston,2026-03-19,S5179643,low-cost,5.17,1,13675963
boston,2026-03-19,S521,reference,4.92,1,25772
boston,2026-03-19,S788805,reference,4.84,1,4302520
boston,2026-03-20,S3339950,low-cost,5.39,1,11821904
boston,2026-03-20,S448,reference,7.33,1,783
boston,2026-03-20,S452,reference,7.47,1,786
boston,2026-03-20,S5179643,low-cost,7.63,1,13675963
boston,2026-03-20,S521,reference,7.64,1,25772
boston,2026-03-20,S788805,reference,8.53,1,4302520
boston,2026-03-21,S3339950,low-cost,3.29,1,11821904
boston,2026-03-21,S448,reference,5.56,1,783
boston,2026-03-21,S452,reference,5.63,1,786
boston,2026-03-21,S5179643,low-cost,7.19,1,13675963
boston,2026-03-21,S521,reference,5.49,1,25772
boston,2026-03-21,S788805,reference,7.29,1,4302520
boston,2026-03-22,S3339950,low-cost,4.08,1,11821904
boston,2026-03-22,S448,reference,5.44,1,783
boston,2026-03-22,S452,reference,5.91,1,786
boston,2026-03-22,S5179643,low-cost,6.18,1,13675963
boston,2026-03-22,S521,reference,5.59,1,25772
boston,2026-03-22,S788805,reference,6.35,1,4302520
boston,2026-03-23,S3339950,low-cost,0.267,1,11821904
boston,2026-03-23,S448,reference,2.83,1,783
boston,2026-03-23,S452,reference,2.85,1,786
boston,2026-03-23,S5179643,low-cost,3.52,1,13675963
boston,2026-03-23,S521,reference,2.78,1,25772
boston,2026-03-23,S788805,reference,4.1,1,4302520
boston,2026-03-24,S3339950,low-cost,1.33,1,11821904
boston,2026-03-24,S448,reference,4.48,1,783
boston,2026-03-24,S452,reference,5.24,1,786
boston,2026-03-24,S5179643,low-cost,5.1,1,13675963
boston,2026-03-24,S521,reference,4.75,1,25772
boston,2026-03-24,S788805,reference,5.38,1,4302520
boston,2026-03-25,S3339950,low-cost,1.88,1,11821904
boston,2026-03-25,S448,reference,5.09,1,783
boston,2026-03-25,S452,reference,5.39,1,786
boston,2026-03-25,S5179643,low-cost,5.54,1,13675963
boston,2026-03-25,S521,reference,5.0,1,25772
boston,2026-03-25,S788805,reference,6.18,1,4302520
boston,2026-03-26,S3339950,low-cost,4.92,1,11821904
boston,2026-03-26,S448,reference,8.85,1,783
boston,2026-03-26,S452,reference,9.7,1,786
boston,2026-03-26,S5179643,low-cost,7.2,1,13675963
boston,2026-03-26,S521,reference,8.81,1,25772
boston,2026-03-26,S788805,reference,10.3,1,4302520
boston,2026-03-27,S3339950,low-cost,5.55,1,11821904
boston,2026-03-27,S448,reference,6.17,1,783
boston,2026-03-27,S452,reference,6.44,1,786
boston,2026-03-27,S5179643,low-cost,7.48,1,13675963
boston,2026-03-27,S521,reference,5.91,1,25772
boston,2026-03-27,S788805,reference,7.11,1,4302520
boston,2026-03-28,S3339950,low-cost,0.588,1,11821904
boston,2026-03-28,S448,reference,4.13,1,783
boston,2026-03-28,S452,reference,4.24,1,786
boston,2026-03-28,S5179643,low-cost,4.85,1,13675963
boston,2026-03-28,S521,reference,4.1,1,25772
boston,2026-03-28,S788805,reference,5.73,1,4302520
boston,2026-03-29,S3339950,low-cost,0.729,1,11821904
boston,2026-03-29,S448,reference,4.18,1,783
boston,2026-03-29,S452,reference,4.25,1,786
boston,2026-03-29,S5179643,low-cost,4.9,1,13675963
boston,2026-03-29,S521,reference,4.19,1,25772
boston,2026-03-29,S788805,reference,4.6,1,4302520
boston,2026-03-30,S3339950,low-cost,1.75,1,11821904
boston,2026-03-30,S448,reference,7.06,1,783
boston,2026-03-30,S452,reference,6.85,1,786
boston,2026-03-30,S5179643,low-cost,6.1,1,13675963
boston,2026-03-30,S521,reference,7.3,1,25772
boston,2026-03-30,S788805,reference,8.02,1,4302520
boston,2026-03-31,S3339950,low-cost,10.3,1,11821904
boston,2026-03-31,S448,reference,12.7,1,783
boston,2026-03-31,S452,reference,11.9,1,786
boston,2026-03-31,S5179643,low-cost,12.4,1,13675963
boston,2026-03-31,S521,reference,12.2,1,25772
boston,2026-03-31,S788805,reference,14.0,1,4302520
boston,2026-04-01,S3339950,low-cost,9.58,1,11821904
boston,2026-04-01,S448,reference,10.6,1,783
boston,2026-04-01,S452,reference,10.3,1,786
boston,2026-04-01,S5179643,low-cost,11.7,1,13675963
boston,2026-04-01,S521,reference,10.2,1,25772
boston,2026-04-01,S788805,reference,11.6,1,4302520
boston,2026-04-02,S3339950,low-cost,0.138,1,11821904
boston,2026-04-02,S448,reference,4.76,1,783
boston,2026-04-02,S452,reference,4.46,1,786
boston,2026-04-02,S5179643,low-cost,3.92,1,13675963
boston,2026-04-02,S521,reference,4.75,1,25772
boston,2026-04-02,S788805,reference,6.2,1,4302520
boston,2026-04-03,S3339950,low-cost,2.43,1,11821904
boston,2026-04-03,S448,reference,5.14,1,783
boston,2026-04-03,S452,reference,5.2,1,786
boston,2026-04-03,S5179643,low-cost,5.99,1,13675963
boston,2026-04-03,S521,reference,5.05,1,25772
boston,2026-04-03,S788805,reference,5.85,1,4302520
boston,2026-04-04,S3339950,low-cost,3.03,1,11821904
boston,2026-04-04,S448,reference,5.9,1,783
boston,2026-04-04,S452,reference,5.73,1,786
boston,2026-04-04,S5179643,low-cost,6.46,1,13675963
boston,2026-04-04,S521,reference,6.19,1,25772
boston,2026-04-04,S788805,reference,7.06,1,4302520
boston,2026-04-05,S3339950,low-cost,3.2,1,11821904
boston,2026-04-05,S448,reference,6.23,1,783
boston,2026-04-05,S452,reference,6.4,1,786
boston,2026-04-05,S5179643,low-cost,5.81,1,13675963
boston,2026-04-05,S521,reference,6.21,1,25772
boston,2026-04-05,S788805,reference,8.19,1,4302520
boston,2026-04-06,S3339950,low-cost,0.138,1,11821904
boston,2026-04-06,S448,reference,2.2,1,783
boston,2026-04-06,S452,reference,2.32,1,786
boston,2026-04-06,S521,reference,2.31,1,25772
boston,2026-04-06,S788805,reference,2.93,1,4302520
boston,2026-04-07,S3339950,low-cost,1.94,1,11821904
boston,2026-04-07,S448,reference,4.24,1,783
boston,2026-04-07,S452,reference,4.26,1,786
boston,2026-04-07,S521,reference,4.36,1,25772
boston,2026-04-07,S788805,reference,5.48,1,4302520
boston,2026-04-08,S3339950,low-cost,0.658,1,11821904
boston,2026-04-08,S448,reference,3.97,1,783
boston,2026-04-08,S452,reference,3.73,1,786
boston,2026-04-08,S521,reference,4.37,1,25772
boston,2026-04-08,S788805,reference,4.26,1,4302520
boston,2026-04-09,S3339950,low-cost,1.27,1,11821904
boston,2026-04-09,S448,reference,4.75,1,783
boston,2026-04-09,S452,reference,5.0,1,786
boston,2026-04-09,S521,reference,4.7,1,25772
boston,2026-04-09,S788805,reference,5.41,1,4302520
boston,2026-04-10,S3339950,low-cost,2.59,1,11821904
boston,2026-04-10,S448,reference,6.26,1,783
boston,2026-04-10,S452,reference,6.05,1,786
boston,2026-04-10,S521,reference,6.29,1,25772
boston,2026-04-10,S788805,reference,6.95,1,4302520
boston,2026-04-11,S3339950,low-cost,1.12,1,11821904
boston,2026-04-11,S448,reference,3.64,1,783
boston,2026-04-11,S452,reference,3.84,1,786
boston,2026-04-11,S521,reference,3.61,1,25772
boston,2026-04-11,S788805,reference,4.5,1,4302520
boston,2026-04-12,S3339950,low-cost,2.61,1,11821904
boston,2026-04-12,S448,reference,4.53,1,783
boston,2026-04-12,S452,reference,4.74,1,786
boston,2026-04-12,S521,reference,4.95,1,25772
boston,2026-04-12,S788805,reference,4.92,1,4302520
boston,2026-04-13,S3339950,low-cost,6.48,1,11821904
boston,2026-04-13,S448,reference,8.6,1,783
boston,2026-04-13,S452,reference,8.82,1,786
boston,2026-04-13,S521,reference,8.31,1,25772
boston,2026-04-13,S788805,reference,9.1,1,4302520
boston,2026-04-14,S3339950,low-cost,8.65,1,11821904
boston,2026-04-14,S448,reference,7.85,1,783
boston,2026-04-14,S452,reference,8.72,1,786
boston,2026-04-14,S521,reference,7.45,1,25772
boston,2026-04-14,S788805,reference,7.93,1,4302520
boston,2026-04-15,S3339950,low-cost,8.43,1,11821904
boston,2026-04-15,S448,reference,6.51,1,783
boston,2026-04-15,S452,reference,6.53,1,786
boston,2026-04-15,S5179643,low-cost,9.84,1,13675963
boston,2026-04-15,S521,reference,6.13,1,25772
boston,2026-04-15,S788805,reference,6.41,1,4302520
boston,2026-04-16,S3339950,low-cost,23.3,1,11821904
boston,2026-04-16,S448,reference,11.1,1,783
boston,2026-04-16,S452,reference,9.45,1,786
boston,2026-04-16,S521,reference,11.3,1,25772
boston,2026-04-16,S788805,reference,10.4,1,4302520
boston,2026-04-17,S3339950,low-cost,17.1,1,11821904
boston,2026-04-17,S448,reference,9.52,1,783
boston,2026-04-17,S452,reference,9.48,1,786
boston,2026-04-17,S521,reference,9.11,1,25772
boston,2026-04-17,S788805,reference,9.28,1,4302520
boston,2026-04-18,S3339950,low-cost,2.25,1,11821904
boston,2026-04-18,S448,reference,4.22,1,783
boston,2026-04-18,S452,reference,4.0,1,786
boston,2026-04-18,S5179643,low-cost,5.57,1,13675963
boston,2026-04-18,S521,reference,4.89,1,25772
boston,2026-04-18,S788805,reference,4.29,1,4302520
boston,2026-04-19,S3339950,low-cost,1.16,1,11821904
boston,2026-04-19,S448,reference,2.92,1,783
boston,2026-04-19,S452,reference,3.42,1,786
boston,2026-04-19,S5179643,low-cost,4.27,1,13675963
boston,2026-04-19,S521,reference,3.21,1,25772
boston,2026-04-19,S788805,reference,3.8,1,4302520
boston,2026-04-20,S3339950,low-cost,0.108,1,11821904
boston,2026-04-20,S448,reference,3.05,1,783
boston,2026-04-20,S452,reference,3.24,1,786
boston,2026-04-20,S521,reference,3.01,1,25772
boston,2026-04-20,S788805,reference,4.16,1,4302520
boston,2026-04-21,S3339950,low-cost,0.25,1,11821904
boston,2026-04-21,S452,reference,3.52,1,786
boston,2026-04-21,S521,reference,3.88,1,25772
boston,2026-04-21,S788805,reference,3.84,1,4302520
boston,2026-04-22,S3339950,low-cost,0.838,1,11821904
boston,2026-04-22,S452,reference,4.75,1,786
boston,2026-04-22,S521,reference,5.29,1,25772
boston,2026-04-22,S788805,reference,6.35,1,4302520
boston,2026-04-23,S3339950,low-cost,1.4,1,11821904
boston,2026-04-23,S448,reference,5.41,1,783
boston,2026-04-23,S452,reference,5.55,1,786
boston,2026-04-23,S521,reference,5.67,1,25772
boston,2026-04-23,S788805,reference,6.78,1,4302520
boston,2026-04-24,S3339950,low-cost,0.661,1,11821904
boston,2026-04-24,S448,reference,3.62,1,783
boston,2026-04-24,S452,reference,3.69,1,786
boston,2026-04-24,S521,reference,4.03,1,25772
boston,2026-04-24,S788805,reference,3.69,1,4302520
boston,2026-04-25,S3339950,low-cost,0.704,1,11821904
boston,2026-04-25,S448,reference,3.01,1,783
boston,2026-04-25,S452,reference,2.99,1,786
boston,2026-04-25,S5179643,low-cost,4.08,1,13675963
boston,2026-04-25,S521,reference,3.7,1,25772
boston,2026-04-25,S788805,reference,3.04,1,4302520
boston,2026-04-26,S3339950,low-cost,1.18,1,11821904
boston,2026-04-26,S448,reference,3.21,1,783
boston,2026-04-26,S452,reference,4.05,1,786
boston,2026-04-26,S5179643,low-cost,4.51,1,13675963
boston,2026-04-26,S521,reference,3.85,1,25772
boston,2026-04-26,S788805,reference,3.6,1,4302520
boston,2026-04-27,S3339950,low-cost,0.854,1,11821904
boston,2026-04-27,S448,reference,3.87,1,783
boston,2026-04-27,S521,reference,4.42,1,25772
boston,2026-04-28,S3339950,low-cost,0.35,1,11821904
boston,2026-04-28,S448,reference,5.54,1,783
boston,2026-04-28,S452,reference,5.31,1,786
boston,2026-04-28,S521,reference,5.59,1,25772
boston,2026-04-28,S788805,reference,6.2,1,4302520
boston,2026-04-29,S3339950,low-cost,0.529,1,11821904
boston,2026-04-29,S448,reference,4.6,1,783
boston,2026-04-29,S452,reference,4.41,1,786
boston,2026-04-29,S521,reference,5.14,1,25772
boston,2026-04-29,S788805,reference,5.98,1,4302520
boston,2026-04-30,S3339950,low-cost,3.17,1,11821904
boston,2026-04-30,S448,reference,4.35,1,783
boston,2026-04-30,S452,reference,4.77,1,786
boston,2026-04-30,S5179643,low-cost,6.13,1,13675963
boston,2026-04-30,S521,reference,4.01,1,25772
boston,2026-04-30,S788805,reference,4.95,1,4302520
boston,2026-05-01,S3339950,low-cost,0.358,1,11821904
boston,2026-05-01,S448,reference,2.54,1,783
boston,2026-05-01,S452,reference,2.88,1,786
boston,2026-05-01,S5179643,low-cost,3.36,1,13675963
boston,2026-05-01,S521,reference,2.42,1,25772
boston,2026-05-01,S788805,reference,3.4,1,4302520
boston,2026-05-02,S3339950,low-cost,1.7,1,11821904
boston,2026-05-02,S448,reference,4.55,1,783
boston,2026-05-02,S452,reference,5.19,1,786
boston,2026-05-02,S5179643,low-cost,6.76,1,13675963
boston,2026-05-02,S521,reference,4.75,1,25772
boston,2026-05-02,S788805,reference,5.35,1,4302520
boston,2026-05-03,S3339950,low-cost,0.146,1,11821904
boston,2026-05-03,S448,reference,2.76,1,783
boston,2026-05-03,S452,reference,3.01,1,786
boston,2026-05-03,S521,reference,2.75,1,25772
boston,2026-05-03,S788805,reference,3.6,1,4302520
boston,2026-05-04,S3339950,low-cost,0.158,1,11821904
boston,2026-05-04,S448,reference,4.36,1,783
boston,2026-05-04,S452,reference,4.52,1,786
boston,2026-05-04,S521,reference,4.48,1,25772
boston,2026-05-04,S788805,reference,4.87,1,4302520
boston,2026-05-05,S3339950,low-cost,3.89,1,11821904
boston,2026-05-05,S448,reference,10.4,1,783
boston,2026-05-05,S452,reference,11.3,1,786
boston,2026-05-05,S5179643,low-cost,11.8,1,13675963
boston,2026-05-05,S521,reference,10.8,1,25772
boston,2026-05-05,S788805,reference,11.6,1,4302520
boston,2026-05-06,S3339950,low-cost,1.19,1,11821904
boston,2026-05-06,S448,reference,7.01,1,783
boston,2026-05-06,S452,reference,7.34,1,786
boston,2026-05-06,S521,reference,7.14,1,25772
boston,2026-05-06,S788805,reference,7.92,1,4302520
boston,2026-05-07,S3339950,low-cost,0.104,1,11821904
boston,2026-05-07,S448,reference,2.65,1,783
boston,2026-05-07,S452,reference,3.41,1,786
boston,2026-05-07,S521,reference,2.72,1,25772
boston,2026-05-07,S788805,reference,3.4,1,4302520
boston,2026-05-08,S3339950,low-cost,0.0,1,11821904
boston,2026-05-08,S448,reference,3.0,1,783
boston,2026-05-08,S452,reference,3.19,1,786
boston,2026-05-08,S521,reference,3.06,1,25772
boston,2026-05-08,S788805,reference,3.42,1,4302520
boston,2026-05-09,S3339950,low-cost,2.25,1,11821904
boston,2026-05-09,S448,reference,5.82,1,783
boston,2026-05-09,S452,reference,6.47,1,786
boston,2026-05-09,S521,reference,6.3,1,25772
boston,2026-05-09,S788805,reference,6.65,1,4302520
boston,2026-05-10,S3339950,low-cost,4.2,1,11821904
boston,2026-05-10,S448,reference,5.51,1,783
boston,2026-05-10,S452,reference,6.19,1,786
boston,2026-05-10,S5179643,low-cost,8.97,1,13675963
boston,2026-05-10,S521,reference,6.13,1,25772
boston,2026-05-10,S788805,reference,6.22,1,4302520
boston,2026-05-11,S3339950,low-cost,0.0409,1,11821904
boston,2026-05-11,S448,reference,2.25,1,783
boston,2026-05-11,S452,reference,2.64,1,786
boston,2026-05-11,S5179643,low-cost,3.35,1,13675963
boston,2026-05-11,S521,reference,2.16,1,25772
boston,2026-05-11,S788805,reference,3.07,1,4302520
boston,2026-05-12,S3339950,low-cost,0.0208,1,11821904
boston,2026-05-12,S448,reference,2.45,1,783
boston,2026-05-12,S452,reference,2.73,1,786
boston,2026-05-12,S5179643,low-cost,3.44,1,13675963
boston,2026-05-12,S521,reference,2.77,1,25772
boston,2026-05-12,S788805,reference,2.91,1,4302520
boston,2026-05-13,S3339950,low-cost,0.158,1,11821904
boston,2026-05-13,S448,reference,4.6,1,783
boston,2026-05-13,S452,reference,4.79,1,786
boston,2026-05-13,S521,reference,5.05,1,25772
boston,2026-05-13,S788805,reference,5.1,1,4302520
boston,2026-05-14,S3339950,low-cost,2.16,1,11821904
boston,2026-05-14,S448,reference,5.35,1,783
boston,2026-05-14,S452,reference,5.45,1,786
boston,2026-05-14,S521,reference,4.94,1,25772
boston,2026-05-14,S788805,reference,5.57,1,4302520
boston,2026-05-15,S3339950,low-cost,1.98,1,11821904
boston,2026-05-15,S448,reference,3.52,1,783
boston,2026-05-15,S452,reference,3.8,1,786
boston,2026-05-15,S521,reference,3.35,1,25772
boston,2026-05-15,S788805,reference,3.94,1,4302520
boston,2026-05-16,S3339950,low-cost,0.961,1,11821904
boston,2026-05-16,S448,reference,3.4,1,783
boston,2026-05-16,S452,reference,3.83,1,786
boston,2026-05-16,S521,reference,3.75,1,25772
boston,2026-05-16,S788805,reference,3.87,1,4302520
boston,2026-05-17,S3339950,low-cost,5.05,1,11821904
boston,2026-05-17,S448,reference,7.28,1,783
boston,2026-05-17,S452,reference,8.05,1,786
boston,2026-05-17,S521,reference,7.79,1,25772
boston,2026-05-17,S788805,reference,8.35,1,4302520
boston,2026-05-18,S3339950,low-cost,8.64,1,11821904
boston,2026-05-18,S448,reference,9.26,1,783
boston,2026-05-18,S452,reference,9.3,1,786
boston,2026-05-18,S521,reference,9.18,1,25772
boston,2026-05-18,S788805,reference,9.25,1,4302520
boston,2026-05-19,S3339950,low-cost,26.5,1,11821904
boston,2026-05-19,S448,reference,13.9,1,783
boston,2026-05-19,S452,reference,15.0,1,786
boston,2026-05-19,S521,reference,15.0,1,25772
boston,2026-05-19,S788805,reference,14.6,1,4302520
boston,2026-05-20,S3339950,low-cost,13.1,1,11821904
boston,2026-05-20,S448,reference,8.4,1,783
boston,2026-05-20,S452,reference,10.3,1,786
boston,2026-05-20,S5179643,low-cost,14.6,1,13675963
boston,2026-05-20,S521,reference,8.71,1,25772
boston,2026-05-20,S788805,reference,9.22,1,4302520
boston,2026-05-21,S3339950,low-cost,0.0,1,11821904
boston,2026-05-21,S448,reference,2.63,1,783
boston,2026-05-21,S452,reference,2.71,1,786
boston,2026-05-21,S5179643,low-cost,3.32,1,13675963
boston,2026-05-21,S521,reference,2.78,1,25772
boston,2026-05-21,S788805,reference,3.15,1,4302520
boston,2026-05-22,S3339950,low-cost,0.0917,1,11821904
boston,2026-05-22,S448,reference,2.95,1,783
boston,2026-05-22,S452,reference,2.89,1,786
boston,2026-05-22,S5179643,low-cost,3.74,1,13675963
boston,2026-05-22,S521,reference,3.99,1,25772
boston,2026-05-22,S788805,reference,3.14,1,4302520
boston,2026-05-23,S3339950,low-cost,3.31,1,11821904
boston,2026-05-23,S448,reference,4.77,1,783
boston,2026-05-23,S452,reference,5.14,1,786
boston,2026-05-23,S5179643,low-cost,6.91,1,13675963
boston,2026-05-23,S521,reference,5.64,1,25772
boston,2026-05-23,S788805,reference,5.18,1,4302520
boston,2026-05-24,S3339950,low-cost,1.03,1,11821904
boston,2026-05-24,S448,reference,3.73,1,783
boston,2026-05-24,S452,reference,3.77,1,786
boston,2026-05-24,S5179643,low-cost,4.81,1,13675963
boston,2026-05-24,S521,reference,4.18,1,25772
boston,2026-05-24,S788805,reference,4.03,1,4302520
boston,2026-05-25,S3339950,low-cost,3.42,1,11821904
boston,2026-05-25,S448,reference,3.73,1,783
boston,2026-05-25,S452,reference,4.57,1,786
boston,2026-05-25,S5179643,low-cost,5.83,1,13675963
boston,2026-05-25,S521,reference,3.33,1,25772
boston,2026-05-25,S788805,reference,4.45,1,4302520
boston,2026-05-26,S3339950,low-cost,1.4,1,11821904
boston,2026-05-26,S448,reference,4.38,1,783
boston,2026-05-26,S452,reference,4.73,1,786
boston,2026-05-26,S521,reference,4.89,1,25772
boston,2026-05-26,S788805,reference,4.77,1,4302520
boston,2026-05-27,S3339950,low-cost,2.74,1,11821904
boston,2026-05-27,S448,reference,5.34,1,783
boston,2026-05-27,S452,reference,5.9,1,786
boston,2026-05-27,S521,reference,6.13,1,25772
boston,2026-05-27,S788805,reference,6.53,1,4302520
boston,2026-05-28,S3339950,low-cost,0.0375,1,11821904
boston,2026-05-28,S448,reference,2.92,1,783
boston,2026-05-28,S452,reference,3.37,1,786
boston,2026-05-28,S521,reference,3.34,1,25772
boston,2026-05-28,S788805,reference,3.78,1,4302520
boston,2026-05-29,S3339950,low-cost,1.63,1,11821904
boston,2026-05-29,S448,reference,4.03,1,783
boston,2026-05-29,S452,reference,4.08,1,786
boston,2026-05-29,S5179643,low-cost,6.45,1,13675963
boston,2026-05-29,S521,reference,4.27,1,25772
boston,2026-05-29,S788805,reference,4.13,1,4302520
boston,2026-05-30,S448,reference,3.87,1,783
boston,2026-05-30,S452,reference,4.34,1,786
boston,2026-05-30,S521,reference,4.11,1,25772
boston,2026-05-30,S788805,reference,5.41,1,4302520
boston,2026-05-31,S448,reference,3.9,1,783
boston,2026-05-31,S452,reference,4.52,1,786
boston,2026-05-31,S5179643,low-cost,5.19,1,13675963
boston,2026-05-31,S521,reference,4.38,1,25772
boston,2026-05-31,S788805,reference,4.95,1,4302520
boston,2026-06-01,S448,reference,4.75,1,783
boston,2026-06-01,S452,reference,4.73,1,786
boston,2026-06-01,S5179643,low-cost,5.66,1,13675963
boston,2026-06-01,S521,reference,5.15,1,25772
boston,2026-06-01,S788805,reference,5.03,1,4302520
boston,2026-06-02,S448,reference,4.97,1,783
boston,2026-06-02,S452,reference,5.52,1,786
boston,2026-06-02,S521,reference,5.33,1,25772
boston,2026-06-02,S788805,reference,5.65,1,4302520
boston,2026-06-03,S448,reference,4.59,1,783
boston,2026-06-03,S452,reference,5.07,1,786
boston,2026-06-03,S521,reference,5.35,1,25772
boston,2026-06-03,S788805,reference,5.17,1,4302520
boston,2026-06-04,S448,reference,5.68,1,783
boston,2026-06-04,S452,reference,6.2,1,786
boston,2026-06-04,S521,reference,6.53,1,25772
boston,2026-06-04,S788805,reference,6.53,1,4302520
boston,2026-06-05,S448,reference,8.9,1,783
boston,2026-06-05,S452,reference,9.81,1,786
boston,2026-06-05,S521,reference,9.99,1,25772
boston,2026-06-05,S788805,reference,10.0,1,4302520
boston,2026-06-06,S448,reference,13.0,1,783
boston,2026-06-06,S452,reference,14.5,1,786
boston,2026-06-06,S521,reference,14.6,1,25772
boston,2026-06-06,S788805,reference,14.1,1,4302520
boston,2026-06-07,S448,reference,4.24,1,783
boston,2026-06-07,S452,reference,4.9,1,786
boston,2026-06-07,S521,reference,4.87,1,25772
boston,2026-06-07,S788805,reference,4.9,1,4302520
boston,2026-06-08,S448,reference,3.23,1,783
boston,2026-06-08,S452,reference,3.3,1,786
boston,2026-06-08,S521,reference,3.58,1,25772
boston,2026-06-08,S788805,reference,3.5,1,4302520
boston,2026-06-09,S448,reference,4.93,1,783
boston,2026-06-09,S452,reference,5.31,1,786
boston,2026-06-09,S5179643,low-cost,7.07,1,13675963
boston,2026-06-09,S521,reference,5.74,1,25772
boston,2026-06-09,S788805,reference,5.51,1,4302520
boston,2026-06-10,S448,reference,7.8,1,783
boston,2026-06-10,S452,reference,8.12,1,786
boston,2026-06-10,S5179643,low-cost,11.8,1,13675963
boston,2026-06-10,S521,reference,8.08,1,25772
boston,2026-06-10,S788805,reference,8.36,1,4302520
boston,2026-06-11,S3339950,low-cost,16.8,1,11821904
boston,2026-06-11,S448,reference,9.36,1,783
boston,2026-06-11,S452,reference,10.3,1,786
boston,2026-06-11,S521,reference,9.67,1,25772
boston,2026-06-11,S788805,reference,10.6,1,4302520
boston,2026-06-12,S3339950,low-cost,17.2,1,11821904
boston,2026-06-12,S448,reference,8.53,1,783
boston,2026-06-12,S452,reference,8.98,1,786
boston,2026-06-12,S521,reference,8.75,1,25772
boston,2026-06-12,S788805,reference,8.82,1,4302520
boston,2026-06-13,S3339950,low-cost,1.15,1,11821904
boston,2026-06-13,S448,reference,3.75,1,783
boston,2026-06-13,S452,reference,4.18,1,786
boston,2026-06-13,S521,reference,4.17,1,25772
boston,2026-06-13,S788805,reference,4.68,1,4302520
boston,2026-06-14,S3339950,low-cost,4.05,1,11821904
boston,2026-06-14,S448,reference,5.45,1,783
boston,2026-06-14,S452,reference,6.22,1,786
boston,2026-06-14,S521,reference,6.78,1,25772
boston,2026-06-14,S788805,reference,6.31,1,4302520
boston,2026-06-15,S3339950,low-cost,1.86,1,11821904
boston,2026-06-15,S448,reference,3.62,1,783
boston,2026-06-15,S452,reference,4.17,1,786
boston,2026-06-15,S521,reference,4.06,1,25772
boston,2026-06-15,S788805,reference,4.35,1,4302520
boston,2026-06-16,S3339950,low-cost,0.0375,1,11821904
boston,2026-06-16,S448,reference,2.97,1,783
boston,2026-06-16,S452,reference,3.41,1,786
boston,2026-06-16,S521,reference,3.35,1,25772
boston,2026-06-16,S788805,reference,3.36,1,4302520
boston,2026-06-17,S3339950,low-cost,0.788,1,11821904
boston,2026-06-17,S448,reference,4.36,1,783
boston,2026-06-17,S452,reference,4.74,1,786
boston,2026-06-17,S521,reference,5.08,1,25772
boston,2026-06-17,S788805,reference,4.5,1,4302520
boston,2026-06-18,S3339950,low-cost,5.17,1,11821904
boston,2026-06-18,S448,reference,4.85,1,783
boston,2026-06-18,S452,reference,5.95,1,786
boston,2026-06-18,S521,reference,6.06,1,25772
boston,2026-06-18,S788805,reference,5.65,1,4302520
boston,2026-06-19,S3339950,low-cost,0.929,1,11821904
boston,2026-06-19,S448,reference,3.74,1,783
boston,2026-06-19,S452,reference,4.16,1,786
boston,2026-06-19,S521,reference,4.2,1,25772
boston,2026-06-19,S788805,reference,4.44,1,4302520
boston,2026-06-20,S3339950,low-cost,1.22,1,11821904
boston,2026-06-20,S448,reference,3.69,1,783
boston,2026-06-20,S452,reference,4.2,1,786
boston,2026-06-20,S521,reference,4.28,1,25772
boston,2026-06-20,S788805,reference,4.71,1,4302520
boston,2026-06-21,S3339950,low-cost,1.69,1,11821904
boston,2026-06-21,S448,reference,4.09,1,783
boston,2026-06-21,S452,reference,4.56,1,786
boston,2026-06-21,S521,reference,4.54,1,25772
boston,2026-06-21,S788805,reference,4.68,1,4302520
boston,2026-06-22,S3339950,low-cost,3.91,1,11821904
boston,2026-06-22,S448,reference,4.83,1,783
boston,2026-06-22,S452,reference,5.99,1,786
boston,2026-06-22,S521,reference,5.85,1,25772
boston,2026-06-22,S788805,reference,5.26,1,4302520
boston,2026-06-23,S3339950,low-cost,5.36,1,11821904
boston,2026-06-23,S448,reference,3.55,1,783
boston,2026-06-23,S452,reference,4.81,1,786
boston,2026-06-23,S521,reference,4.49,1,25772
boston,2026-06-23,S788805,reference,4.22,1,4302520
boston,2026-06-24,S3339950,low-cost,4.18,1,11821904
boston,2026-06-24,S448,reference,5.17,1,783
boston,2026-06-24,S452,reference,6.31,1,786
boston,2026-06-24,S521,reference,6.02,1,25772
boston,2026-06-24,S788805,reference,6.03,1,4302520
boston,2026-06-25,S3339950,low-cost,3.13,1,11821904
boston,2026-06-25,S448,reference,5.05,1,783
boston,2026-06-25,S452,reference,5.9,1,786
boston,2026-06-25,S521,reference,6.06,1,25772
boston,2026-06-25,S788805,reference,6.01,1,4302520
boston,2026-06-26,S3339950,low-cost,9.53,1,11821904
boston,2026-06-26,S448,reference,5.91,1,783
boston,2026-06-26,S452,reference,6.95,1,786
boston,2026-06-26,S521,reference,7.23,1,25772
boston,2026-06-26,S788805,reference,6.26,1,4302520
boston,2026-06-27,S3339950,low-cost,8.86,1,11821904
boston,2026-06-27,S448,reference,4.82,1,783
boston,2026-06-27,S452,reference,5.4,1,786
boston,2026-06-27,S5179643,low-cost,12.3,1,13675963
boston,2026-06-27,S521,reference,6.53,1,25772
boston,2026-06-27,S788805,reference,5.43,1,4302520
boston,2026-06-28,S1235987,low-cost,0.0,1,6530161
boston,2026-06-28,S3339950,low-cost,17.6,1,11821904
boston,2026-06-28,S448,reference,6.9,1,783
boston,2026-06-28,S452,reference,6.93,1,786
boston,2026-06-28,S5179643,low-cost,15.3,1,13675963
boston,2026-06-28,S521,reference,8.2,1,25772
boston,2026-06-28,S788805,reference,7.2,1,4302520
boston,2026-06-29,S1235987,low-cost,0.0,1,6530161
boston,2026-06-29,S3339950,low-cost,14.9,1,11821904
boston,2026-06-29,S448,reference,7.96,1,783
boston,2026-06-29,S452,reference,9.99,1,786
boston,2026-06-29,S5179643,low-cost,15.0,1,13675963
boston,2026-06-29,S521,reference,9.78,1,25772
boston,2026-06-29,S788805,reference,9.27,1,4302520
boston,2026-06-30,S1235987,low-cost,0.0,1,6530161
boston,2026-06-30,S3339950,low-cost,23.3,1,11821904
boston,2026-06-30,S448,reference,9.85,1,783
boston,2026-06-30,S452,reference,11.5,1,786
boston,2026-06-30,S521,reference,11.7,1,25772
boston,2026-06-30,S788805,reference,11.1,1,4302520
boston,2026-07-01,S1235987,low-cost,0.0,1,6530161
boston,2026-07-01,S3339950,low-cost,14.6,1,11821904
boston,2026-07-01,S448,reference,8.89,1,783
boston,2026-07-01,S452,reference,9.8,1,786
boston,2026-07-01,S5179643,low-cost,15.3,1,13675963
boston,2026-07-01,S521,reference,11.2,1,25772
boston,2026-07-01,S788805,reference,9.56,1,4302520
boston,2026-07-02,S3339950,low-cost,10.2,1,11821904
boston,2026-07-02,S452,reference,12.2,1,786
boston,2026-07-02,S788805,reference,12.8,1,4302520
boston,2026-07-03,S3339950,low-cost,11.2,1,11821904
boston,2026-07-03,S452,reference,11.8,1,786
boston,2026-07-03,S788805,reference,12.5,1,4302520
boston,2026-07-04,S3339950,low-cost,11.8,1,11821904
boston,2026-07-04,S452,reference,11.1,1,786
boston,2026-07-04,S5179643,low-cost,16.3,1,13675963
boston,2026-07-04,S788805,reference,10.2,1,4302520
boston,2026-07-05,S1235987,low-cost,0.0,1,6530161
boston,2026-07-05,S3339950,low-cost,26.9,1,11821904
boston,2026-07-05,S452,reference,16.2,1,786
boston,2026-07-05,S5179643,low-cost,22.6,1,13675963
boston,2026-07-05,S788805,reference,15.4,1,4302520
boston,2026-07-06,S1235987,low-cost,0.0,1,6530161
boston,2026-07-06,S3339950,low-cost,15.2,1,11821904
boston,2026-07-06,S452,reference,9.62,1,786
boston,2026-07-06,S788805,reference,9.67,1,4302520
boston,2026-07-07,S1235987,low-cost,0.0,1,6530161
boston,2026-07-07,S3339950,low-cost,10.5,1,11821904
boston,2026-07-07,S448,reference,7.18,1,783
boston,2026-07-07,S452,reference,8.01,1,786
boston,2026-07-07,S521,reference,8.27,1,25772
boston,2026-07-07,S788805,reference,7.9,1,4302520
boston,2026-07-08,S1235987,low-cost,0.0,1,6530161
boston,2026-07-08,S3339950,low-cost,13.0,1,11821904
boston,2026-07-08,S448,reference,8.35,1,783
boston,2026-07-08,S452,reference,8.74,1,786
boston,2026-07-08,S521,reference,9.72,1,25772
boston,2026-07-08,S788805,reference,8.87,1,4302520
boston,2026-07-09,S1235987,low-cost,0.0,1,6530161
boston,2026-07-09,S3339950,low-cost,9.63,1,11821904
boston,2026-07-09,S448,reference,6.65,1,783
boston,2026-07-09,S452,reference,7.03,1,786
boston,2026-07-09,S521,reference,8.62,1,25772
boston,2026-07-09,S788805,reference,7.02,1,4302520
boston,2026-07-10,S1235987,low-cost,0.0,1,6530161
boston,2026-07-10,S3339950,low-cost,5.7,1,11821904
boston,2026-07-10,S448,reference,5.12,1,783
boston,2026-07-10,S452,reference,5.63,1,786
boston,2026-07-10,S5179643,low-cost,11.5,1,13675963
boston,2026-07-10,S521,reference,6.6,1,25772
boston,2026-07-10,S788805,reference,5.65,1,4302520
boston,2026-07-11,S1235987,low-cost,0.0,1,6530161
boston,2026-07-11,S3339950,low-cost,16.4,1,11821904
boston,2026-07-11,S448,reference,10.6,1,783
boston,2026-07-11,S452,reference,11.8,1,786
boston,2026-07-11,S5179643,low-cost,14.3,1,13675963
boston,2026-07-11,S521,reference,13.3,1,25772
boston,2026-07-11,S788805,reference,11.3,1,4302520
boston,2026-07-12,S1235987,low-cost,0.0,1,6530161
boston,2026-07-12,S3339950,low-cost,9.13,1,11821904
boston,2026-07-12,S448,reference,6.9,1,783
boston,2026-07-12,S452,reference,8.1,1,786
boston,2026-07-12,S5179643,low-cost,10.5,1,13675963
boston,2026-07-12,S521,reference,8.54,1,25772
boston,2026-07-12,S788805,reference,7.53,1,4302520
boston,2026-07-13,S1235987,low-cost,0.0,1,6530161
boston,2026-07-13,S3339950,low-cost,12.9,1,11821904
boston,2026-07-13,S448,reference,8.82,1,783
boston,2026-07-13,S452,reference,9.38,1,786
boston,2026-07-13,S5179643,low-cost,12.6,1,13675963
boston,2026-07-13,S521,reference,9.93,1,25772
boston,2026-07-14,S1235987,low-cost,0.0,1,6530161
boston,2026-07-14,S3339950,low-cost,18.5,1,11821904
boston,2026-07-14,S448,reference,10.2,1,783
boston,2026-07-14,S452,reference,10.5,1,786
boston,2026-07-14,S5179643,low-cost,15.4,1,13675963
boston,2026-07-14,S521,reference,10.9,1,25772
boston,2026-07-15,S1235987,low-cost,0.0,1,6530161
boston,2026-07-15,S3339950,low-cost,43.2,1,11821904
boston,2026-07-15,S448,reference,27.4,1,783
boston,2026-07-15,S452,reference,29.2,1,786
boston,2026-07-15,S5179643,low-cost,35.3,1,13675963
boston,2026-07-15,S521,reference,30.2,1,25772
boston,2026-07-15,S788805,reference,32.0,1,4302520
boston,2026-07-16,S1235987,low-cost,0.0,1,6530161
boston,2026-07-16,S3339950,low-cost,30.4,1,11821904
boston,2026-07-16,S448,reference,18.1,1,783
boston,2026-07-16,S452,reference,19.5,1,786
boston,2026-07-16,S521,reference,20.4,1,25772
boston,2026-07-16,S788805,reference,22.0,1,4302520
boston,2026-07-17,S1235987,low-cost,0.0,1,6530161
boston,2026-07-17,S3339950,low-cost,13.3,1,11821904
boston,2026-07-17,S448,reference,10.1,1,783
boston,2026-07-17,S452,reference,10.9,1,786
boston,2026-07-17,S521,reference,11.1,1,25772
boston,2026-07-17,S788805,reference,12.0,1,4302520
boston,2026-07-18,S1235987,low-cost,0.0,1,6530161
boston,2026-07-18,S3339950,low-cost,51.4,1,11821904
boston,2026-07-18,S448,reference,36.9,1,783
boston,2026-07-18,S452,reference,38.3,1,786
boston,2026-07-18,S5179643,low-cost,32.1,1,13675963
boston,2026-07-18,S521,reference,41.7,1,25772
boston,2026-07-18,S788805,reference,43.2,1,4302520
boston,2026-07-19,S1235987,low-cost,0.0,1,6530161
boston,2026-07-19,S3339950,low-cost,8.03,1,11821904
boston,2026-07-19,S448,reference,6.48,1,783
boston,2026-07-19,S452,reference,7.06,1,786
boston,2026-07-19,S521,reference,7.16,1,25772
boston,2026-07-19,S788805,reference,8.6,1,4302520
boston,2026-07-20,S1235987,low-cost,0.0,1,6530161
boston,2026-07-20,S3339950,low-cost,2.66,1,11821904
boston,2026-07-20,S448,reference,5.76,1,783
boston,2026-07-20,S452,reference,5.32,1,786
boston,2026-07-20,S521,reference,5.73,1,25772
boston,2026-07-20,S788805,reference,5.85,1,4302520
boston,2026-07-21,S1235987,low-cost,0.0,1,6530161
boston,2026-07-21,S3339950,low-cost,10.6,1,11821904
boston,2026-07-21,S448,reference,7.76,1,783
boston,2026-07-21,S452,reference,8.6,1,786
boston,2026-07-21,S521,reference,8.39,1,25772
boston,2026-07-21,S788805,reference,8.69,1,4302520
boston,2026-07-22,S1235987,low-cost,0.0,1,6530161
boston,2026-07-22,S3339950,low-cost,7.08,1,11821904
boston,2026-07-22,S448,reference,6.53,1,783
boston,2026-07-22,S452,reference,7.19,1,786
boston,2026-07-22,S521,reference,7.16,1,25772
boston,2026-07-22,S788805,reference,7.79,1,4302520
boston,2026-07-23,S1235987,low-cost,0.0,1,6530161
boston,2026-07-23,S3339950,low-cost,0.675,1,11821904
boston,2026-07-23,S448,reference,3.4,1,783
boston,2026-07-23,S452,reference,3.75,1,786
boston,2026-07-23,S521,reference,3.81,1,25772
boston,2026-07-23,S788805,reference,4.26,1,4302520
boston,2026-07-24,S1235987,low-cost,0.0,1,6530161
boston,2026-07-24,S3339950,low-cost,3.11,1,11821904
boston,2026-07-24,S448,reference,5.17,1,783
boston,2026-07-24,S452,reference,5.87,1,786
boston,2026-07-24,S5179643,low-cost,7.6,1,13675963
boston,2026-07-24,S521,reference,6.19,1,25772
boston,2026-07-24,S788805,reference,6.16,1,4302520
boston,2026-07-25,S1235987,low-cost,0.0,1,6530161
boston,2026-07-25,S3339950,low-cost,3.25,1,11821904
boston,2026-07-25,S448,reference,5.0,1,783
boston,2026-07-25,S452,reference,5.55,1,786
boston,2026-07-25,S521,reference,5.69,1,25772
boston,2026-07-25,S788805,reference,5.88,1,4302520
boston,2026-07-26,S1235987,low-cost,0.0,1,6530161
boston,2026-07-26,S3339950,low-cost,2.98,1,11821904
boston,2026-07-26,S448,reference,4.61,1,783
boston,2026-07-26,S452,reference,5.19,1,786
boston,2026-07-26,S521,reference,5.48,1,25772
boston,2026-07-26,S788805,reference,5.18,1,4302520
boston,2026-07-27,S1235987,low-cost,0.0,1,6530161
boston,2026-07-27,S3339950,low-cost,4.61,1,11821904
boston,2026-07-27,S448,reference,5.81,1,783
boston,2026-07-27,S452,reference,6.01,1,786
boston,2026-07-27,S521,reference,6.52,1,25772
boston,2026-07-27,S788805,reference,6.64,1,4302520
boston,2026-07-28,S1235987,low-cost,0.0,1,6530161
boston,2026-07-28,S3339950,low-cost,15.5,1,11821904
boston,2026-07-28,S448,reference,7.99,1,783
boston,2026-07-28,S452,reference,8.83,1,786
boston,2026-07-28,S521,reference,8.8,1,25772
boston,2026-07-28,S788805,reference,9.2,1,4302520
boston,2026-07-29,S1235987,low-cost,0.0,1,6530161
boston,2026-07-29,S3339950,low-cost,4.07,1,11821904
boston,2026-07-29,S448,reference,6.27,1,783
boston,2026-07-29,S452,reference,6.0,1,786
boston,2026-07-29,S521,reference,5.65,1,25772
boston,2026-07-29,S788805,reference,6.78,1,4302520
boston,2026-07-30,S1235987,low-cost,0.0,1,6530161
boston,2026-07-30,S3339950,low-cost,1.11,1,11821904
boston,2026-07-30,S448,reference,3.58,1,783
boston,2026-07-30,S452,reference,3.44,1,786
boston,2026-07-30,S521,reference,3.22,1,25772
boston,2026-07-30,S788805,reference,3.88,1,4302520
boston,2026-07-31,S1235987,low-cost,0.0,1,6530161
boston,2026-07-31,S3339950,low-cost,4.22,1,11821904
boston,2026-07-31,S448,reference,4.75,1,783
boston,2026-07-31,S452,reference,5.16,1,786
boston,2026-07-31,S521,reference,5.3,1,25772
boston,2026-07-31,S788805,reference,5.35,1,4302520
boston,2026-08-01,S1235987,low-cost,0.0,1,6530161
boston,2026-08-01,S3339950,low-cost,12.0,1,11821904
boston,2026-08-01,S448,reference,7.37,1,783
boston,2026-08-01,S452,reference,8.13,1,786
boston,2026-08-01,S521,reference,8.08,1,25772
boston,2026-08-01,S788805,reference,8.68,1,4302520
boston,2026-08-02,S1235987,low-cost,0.0,1,6530161
boston,2026-08-02,S3339950,low-cost,6.66,1,11821904
boston,2026-08-02,S448,reference,5.03,1,783
boston,2026-08-02,S452,reference,5.4,1,786
boston,2026-08-02,S521,reference,5.88,1,25772
boston,2026-08-02,S788805,reference,5.66,1,4302520
boston,2026-08-03,S3339950,low-cost,2.52,1,11821904
boston,2026-08-03,S448,reference,5.98,1,783
boston,2026-08-03,S452,reference,6.21,1,786
boston,2026-08-03,S521,reference,5.5,1,25772
boston,2026-08-03,S788805,reference,6.92,1,4302520
boston,2026-08-04,S3339950,low-cost,1.19,1,11821904
boston,2026-08-04,S448,reference,4.07,1,783
boston,2026-08-04,S452,reference,4.57,1,786
boston,2026-08-04,S5179643,low-cost,6.37,1,13675963
boston,2026-08-04,S521,reference,4.3,1,25772
boston,2026-08-04,S788805,reference,4.9,1,4302520
boston,2026-08-05,S3339950,low-cost,4.03,1,11821904
boston,2026-08-05,S448,reference,5.15,1,783
boston,2026-08-05,S452,reference,6.17,1,786
boston,2026-08-05,S521,reference,5.66,1,25772
boston,2026-08-05,S788805,reference,6.45,1,4302520
boston,2026-08-06,S3339950,low-cost,8.65,1,11821904
boston,2026-08-06,S448,reference,5.95,1,783
boston,2026-08-06,S452,reference,7.5,1,786
boston,2026-08-06,S521,reference,5.86,1,25772
boston,2026-08-06,S788805,reference,6.83,1,4302520
boston,2026-08-07,S3339950,low-cost,14.2,1,11821904
boston,2026-08-07,S448,reference,7.98,1,783
boston,2026-08-07,S452,reference,15.8,1,786
boston,2026-08-07,S521,reference,7.52,1,25772
boston,2026-08-07,S788805,reference,9.08,1,4302520
boston,2026-08-08,S3339950,low-cost,5.91,1,11821904
boston,2026-08-08,S448,reference,5.69,1,783
boston,2026-08-08,S452,reference,5.14,1,786
boston,2026-08-08,S521,reference,5.05,1,25772
boston,2026-08-08,S788805,reference,6.21,1,4302520
boston,2026-08-09,S3339950,low-cost,10.9,1,11821904
boston,2026-08-09,S448,reference,7.58,1,783
boston,2026-08-09,S452,reference,7.43,1,786
boston,2026-08-09,S5179643,low-cost,12.1,1,13675963
boston,2026-08-09,S521,reference,7.16,1,25772
boston,2026-08-09,S788805,reference,9.11,1,4302520
boston,2026-08-10,S3339950,low-cost,6.35,1,11821904
boston,2026-08-10,S448,reference,6.7,1,783
boston,2026-08-10,S452,reference,6.98,1,786
boston,2026-08-10,S521,reference,6.59,1,25772
boston,2026-08-10,S788805,reference,7.87,1,4302520
boston,2026-08-11,S3339950,low-cost,11.5,1,11821904
boston,2026-08-11,S448,reference,8.03,1,783
boston,2026-08-11,S452,reference,8.4,1,786
boston,2026-08-11,S5179643,low-cost,11.5,1,13675963
boston,2026-08-11,S521,reference,8.1,1,25772
boston,2026-08-11,S788805,reference,9.95,1,4302520
boston,2026-08-12,S3339950,low-cost,6.56,1,11821904
boston,2026-08-12,S448,reference,6.68,1,783
boston,2026-08-12,S452,reference,7.25,1,786
boston,2026-08-12,S521,reference,6.75,1,25772
boston,2026-08-12,S788805,reference,7.83,1,4302520
boston,2026-08-13,S3339950,low-cost,7.26,1,11821904
boston,2026-08-13,S448,reference,6.91,1,783
boston,2026-08-13,S452,reference,7.19,1,786
boston,2026-08-13,S521,reference,6.7,1,25772
boston,2026-08-13,S788805,reference,8.65,1,4302520
boston,2026-08-14,S3339950,low-cost,2.98,1,11821904
boston,2026-08-14,S448,reference,4.7,1,783
boston,2026-08-14,S452,reference,5.01,1,786
boston,2026-08-14,S5179643,low-cost,7.34,1,13675963
boston,2026-08-14,S521,reference,4.83,1,25772
boston,2026-08-14,S788805,reference,5.99,1,4302520
boston,2026-08-15,S3339950,low-cost,1.68,1,11821904
boston,2026-08-15,S448,reference,4.04,1,783
boston,2026-08-15,S452,reference,4.31,1,786
boston,2026-08-15,S5179643,low-cost,6.15,1,13675963
boston,2026-08-15,S521,reference,4.24,1,25772
boston,2026-08-15,S788805,reference,4.59,1,4302520
boston,2026-08-16,S3339950,low-cost,2.97,1,11821904
boston,2026-08-16,S448,reference,4.8,1,783
boston,2026-08-16,S452,reference,5.08,1,786
boston,2026-08-16,S5179643,low-cost,7.74,1,13675963
boston,2026-08-16,S521,reference,5.32,1,25772
boston,2026-08-16,S788805,reference,5.69,1,4302520
boston,2026-08-17,S3339950,low-cost,4.29,1,11821904
boston,2026-08-17,S448,reference,4.45,1,783
boston,2026-08-17,S452,reference,4.86,1,786
boston,2026-08-17,S521,reference,5.05,1,25772
boston,2026-08-17,S788805,reference,5.16,1,4302520
boston,2026-08-18,S3339950,low-cost,6.27,1,11821904
boston,2026-08-18,S448,reference,4.4,1,783
boston,2026-08-18,S452,reference,4.2,1,786
boston,2026-08-18,S521,reference,5.15,1,25772
boston,2026-08-18,S788805,reference,4.9,1,4302520
boston,2026-08-19,S3339950,low-cost,8.63,1,11821904
boston,2026-08-19,S448,reference,6.16,1,783
boston,2026-08-19,S452,reference,6.16,1,786
boston,2026-08-19,S5179643,low-cost,11.8,1,13675963
boston,2026-08-19,S521,reference,6.36,1,25772
boston,2026-08-19,S788805,reference,7.13,1,4302520
boston,2026-08-20,S3339950,low-cost,7.33,1,11821904
boston,2026-08-20,S448,reference,7.89,1,783
boston,2026-08-20,S452,reference,7.02,1,786
boston,2026-08-20,S521,reference,7.28,1,25772
boston,2026-08-20,S788805,reference,8.17,1,4302520
boston,2026-08-21,S3339950,low-cost,11.1,1,11821904
boston,2026-08-21,S448,reference,7.57,1,783
boston,2026-08-21,S452,reference,7.97,1,786
boston,2026-08-21,S5179643,low-cost,11.2,1,13675963
boston,2026-08-21,S521,reference,8.12,1,25772
boston,2026-08-21,S788805,reference,9.11,1,4302520
boston,2026-08-22,S3339950,low-cost,9.88,1,11821904
boston,2026-08-22,S448,reference,6.58,1,783
boston,2026-08-22,S452,reference,6.94,1,786
boston,2026-08-22,S521,reference,6.98,1,25772
boston,2026-08-22,S788805,reference,7.42,1,4302520
boston,2026-08-23,S3339950,low-cost,5.09,1,11821904
boston,2026-08-23,S448,reference,3.76,1,783
boston,2026-08-23,S452,reference,3.98,1,786
boston,2026-08-23,S5179643,low-cost,10.0,1,13675963
boston,2026-08-23,S521,reference,4.43,1,25772
boston,2026-08-23,S788805,reference,4.15,1,4302520
boston,2026-08-24,S3339950,low-cost,7.65,1,11821904
boston,2026-08-24,S448,reference,6.88,1,783
boston,2026-08-24,S452,reference,7.14,1,786
boston,2026-08-24,S5179643,low-cost,9.63,1,13675963
boston,2026-08-24,S521,reference,7.29,1,25772
boston,2026-08-24,S788805,reference,8.2,1,4302520
boston,2026-08-25,S3339950,low-cost,5.93,1,11821904
boston,2026-08-25,S448,reference,5.13,1,783
boston,2026-08-25,S452,reference,5.55,1,786
boston,2026-08-25,S5179643,low-cost,7.43,1,13675963
boston,2026-08-25,S521,reference,5.44,1,25772
boston,2026-08-25,S788805,reference,6.46,1,4302520
boston,2026-08-26,S3339950,low-cost,0.471,1,11821904
boston,2026-08-26,S448,reference,3.42,1,783
boston,2026-08-26,S452,reference,3.5,1,786
boston,2026-08-26,S5179643,low-cost,5.78,1,13675963
boston,2026-08-26,S521,reference,3.6,1,25772
boston,2026-08-26,S788805,reference,3.8,1,4302520
boston,2026-08-27,S3339950,low-cost,3.1,1,11821904
boston,2026-08-27,S448,reference,4.46,1,783
boston,2026-08-27,S452,reference,4.8,1,786
boston,2026-08-27,S5179643,low-cost,8.19,1,13675963
boston,2026-08-27,S521,reference,4.67,1,25772
boston,2026-08-27,S788805,reference,5.32,1,4302520
boston,2026-08-28,S3339950,low-cost,7.25,1,11821904
boston,2026-08-28,S448,reference,6.28,1,783
boston,2026-08-28,S452,reference,6.28,1,786
boston,2026-08-28,S5179643,low-cost,12.2,1,13675963
boston,2026-08-28,S521,reference,6.4,1,25772
boston,2026-08-28,S788805,reference,7.39,1,4302520
boston,2026-08-29,S3339950,low-cost,1.21,1,11821904
boston,2026-08-29,S448,reference,3.67,1,783
boston,2026-08-29,S452,reference,3.96,1,786
boston,2026-08-29,S521,reference,3.83,1,25772
boston,2026-08-29,S788805,reference,4.35,1,4302520
boston,2026-08-30,S3339950,low-cost,3.45,1,11821904
boston,2026-08-30,S448,reference,4.92,1,783
boston,2026-08-30,S452,reference,5.21,1,786
boston,2026-08-30,S5179643,low-cost,7.76,1,13675963
boston,2026-08-30,S521,reference,5.06,1,25772
boston,2026-08-30,S788805,reference,5.75,1,4302520
boston,2026-08-31,S3339950,low-cost,3.46,1,11821904
boston,2026-08-31,S448,reference,4.84,1,783
boston,2026-08-31,S452,reference,4.75,1,786
boston,2026-08-31,S521,reference,5.35,1,25772
boston,2026-08-31,S788805,reference,5.54,1,4302520
boston,2026-09-01,S3339950,low-cost,3.3,1,11821904
boston,2026-09-01,S448,reference,4.58,1,783
boston,2026-09-01,S452,reference,4.82,1,786
boston,2026-09-01,S521,reference,5.0,1,25772
boston,2026-09-01,S6516883,low-cost,3.07,1,17453092
boston,2026-09-01,S788805,reference,5.06,1,4302520
boston,2026-09-02,S3339950,low-cost,1.37,1,11821904
boston,2026-09-02,S448,reference,3.56,1,783
boston,2026-09-02,S452,reference,3.4,1,786
boston,2026-09-02,S521,reference,3.85,1,25772
boston,2026-09-02,S6516883,low-cost,1.05,1,17453092
boston,2026-09-02,S788805,reference,3.73,1,4302520
boston,2026-09-03,S3339950,low-cost,5.24,1,11821904
boston,2026-09-03,S448,reference,4.0,1,783
boston,2026-09-03,S452,reference,4.25,1,786
boston,2026-09-03,S521,reference,4.03,1,25772
boston,2026-09-03,S6516883,low-cost,5.28,1,17453092
boston,2026-09-03,S788805,reference,4.41,1,4302520
boston,2026-09-04,S3339950,low-cost,9.77,1,11821904
boston,2026-09-04,S448,reference,6.05,1,783
boston,2026-09-04,S452,reference,6.89,1,786
boston,2026-09-04,S521,reference,5.35,1,25772
boston,2026-09-04,S6516883,low-cost,9.99,1,17453092
boston,2026-09-04,S788805,reference,7.58,1,4302520
boston,2026-09-05,S3339950,low-cost,1.63,1,11821904
boston,2026-09-05,S448,reference,3.96,1,783
boston,2026-09-05,S452,reference,4.06,1,786
boston,2026-09-05,S521,reference,3.88,1,25772
boston,2026-09-05,S6516883,low-cost,1.35,1,17453092
boston,2026-09-05,S788805,reference,4.63,1,4302520
boston,2026-09-06,S3339950,low-cost,1.38,1,11821904
boston,2026-09-06,S448,reference,3.83,1,783
boston,2026-09-06,S452,reference,4.17,1,786
boston,2026-09-06,S521,reference,3.59,1,25772
boston,2026-09-06,S6516883,low-cost,1.15,1,17453092
boston,2026-09-06,S788805,reference,4.67,1,4302520
boston,2026-09-07,S3339950,low-cost,2.81,1,11821904
boston,2026-09-07,S448,reference,4.8,1,783
boston,2026-09-07,S452,reference,5.1,1,786
boston,2026-09-07,S521,reference,4.6,1,25772
boston,2026-09-07,S6516883,low-cost,2.48,1,17453092
boston,2026-09-07,S788805,reference,6.73,1,4302520
boston,2026-09-08,S3339950,low-cost,3.88,1,11821904
boston,2026-09-08,S448,reference,5.63,1,783
boston,2026-09-08,S452,reference,6.03,1,786
boston,2026-09-08,S521,reference,5.54,1,25772
boston,2026-09-08,S6516883,low-cost,3.52,1,17453092
boston,2026-09-08,S788805,reference,6.67,1,4302520
boston,2026-09-09,S3339950,low-cost,6.27,1,11821904
boston,2026-09-09,S448,reference,6.46,1,783
boston,2026-09-09,S452,reference,6.5,1,786
boston,2026-09-09,S521,reference,6.09,1,25772
boston,2026-09-09,S6516883,low-cost,6.0,1,17453092
boston,2026-09-10,S3339950,low-cost,3.15,1,11821904
boston,2026-09-10,S448,reference,5.07,1,783
boston,2026-09-10,S452,reference,5.22,1,786
boston,2026-09-10,S521,reference,4.74,1,25772
boston,2026-09-10,S6516883,low-cost,2.78,1,17453092
boston,2026-09-11,S3339950,low-cost,0.713,1,11821904
boston,2026-09-11,S448,reference,3.99,1,783
boston,2026-09-11,S452,reference,4.17,1,786
boston,2026-09-11,S521,reference,3.72,1,25772
boston,2026-09-11,S6516883,low-cost,0.933,1,17453092
boston,2026-09-11,S788805,reference,5.4,1,4302520
boston,2026-09-12,S3339950,low-cost,5.04,1,11821904
boston,2026-09-12,S448,reference,6.56,1,783
boston,2026-09-12,S452,reference,6.96,1,786
boston,2026-09-12,S521,reference,6.73,1,25772
boston,2026-09-12,S6516883,low-cost,4.7,1,17453092
boston,2026-09-12,S788805,reference,7.81,1,4302520
boston,2026-09-13,S3339950,low-cost,2.89,1,11821904
boston,2026-09-13,S448,reference,3.95,1,783
boston,2026-09-13,S452,reference,4.55,1,786
boston,2026-09-13,S521,reference,4.03,1,25772
boston,2026-09-13,S6516883,low-cost,4.27,1,17453092
boston,2026-09-13,S788805,reference,4.9,1,4302520
boston,2026-09-14,S3339950,low-cost,0.954,1,11821904
boston,2026-09-14,S448,reference,3.71,1,783
boston,2026-09-14,S452,reference,4.03,1,786
boston,2026-09-14,S521,reference,3.46,1,25772
boston,2026-09-14,S6516883,low-cost,1.04,1,17453092
boston,2026-09-14,S788805,reference,4.75,1,4302520
boston,2026-09-15,S3339950,low-cost,0.458,1,11821904
boston,2026-09-15,S448,reference,3.28,1,783
boston,2026-09-15,S452,reference,3.2,1,786
boston,2026-09-15,S521,reference,3.53,1,25772
boston,2026-09-15,S6516883,low-cost,0.404,1,17453092
boston,2026-09-15,S788805,reference,3.65,1,4302520
boston,2026-09-16,S3339950,low-cost,0.471,1,11821904
boston,2026-09-16,S448,reference,3.8,1,783
boston,2026-09-16,S452,reference,4.05,1,786
boston,2026-09-16,S521,reference,3.55,1,25772
boston,2026-09-16,S6516883,low-cost,0.829,1,17453092
boston,2026-09-16,S788805,reference,4.85,1,4302520
boston,2026-09-17,S3339950,low-cost,4.24,1,11821904
boston,2026-09-17,S448,reference,5.35,1,783
boston,2026-09-17,S452,reference,5.55,1,786
boston,2026-09-17,S521,reference,5.0,1,25772
boston,2026-09-17,S6516883,low-cost,4.3,1,17453092
boston,2026-09-17,S788805,reference,6.33,1,4302520
boston,2026-09-18,S3339950,low-cost,0.75,1,11821904
boston,2026-09-18,S448,reference,3.55,1,783
boston,2026-09-18,S452,reference,3.85,1,786
boston,2026-09-18,S521,reference,3.39,1,25772
boston,2026-09-18,S6516883,low-cost,0.746,1,17453092
boston,2026-09-18,S788805,reference,5.16,1,4302520
boston,2026-09-19,S3339950,low-cost,0.183,1,11821904
boston,2026-09-19,S448,reference,2.8,1,783
boston,2026-09-19,S452,reference,2.78,1,786
boston,2026-09-19,S521,reference,3.23,1,25772
boston,2026-09-19,S6516883,low-cost,0.0625,1,17453092
boston,2026-09-19,S788805,reference,3.37,1,4302520
boston,2026-09-20,S3339950,low-cost,0.254,1,11821904
boston,2026-09-20,S448,reference,2.7,1,783
boston,2026-09-20,S452,reference,2.81,1,786
boston,2026-09-20,S521,reference,3.05,1,25772
boston,2026-09-20,S6516883,low-cost,0.229,1,17453092
boston,2026-09-20,S788805,reference,2.94,1,4302520
boston,2026-09-21,S3339950,low-cost,2.88,1,11821904
boston,2026-09-21,S448,reference,2.79,1,783
boston,2026-09-21,S452,reference,2.75,1,786
boston,2026-09-21,S521,reference,2.58,1,25772
boston,2026-09-21,S6516883,low-cost,0.767,1,17453092
boston,2026-09-21,S788805,reference,3.09,1,4302520
boston,2026-09-22,S3339950,low-cost,0.167,1,11821904
boston,2026-09-22,S448,reference,3.15,1,783
boston,2026-09-22,S452,reference,3.14,1,786
boston,2026-09-22,S521,reference,3.18,1,25772
boston,2026-09-22,S6516883,low-cost,0.0667,1,17453092
boston,2026-09-22,S788805,reference,3.65,1,4302520
boston,2026-09-23,S3339950,low-cost,0.0292,1,11821904
boston,2026-09-23,S448,reference,3.35,1,783
boston,2026-09-23,S452,reference,3.36,1,786
boston,2026-09-23,S521,reference,3.24,1,25772
boston,2026-09-23,S6516883,low-cost,0.0,1,17453092
boston,2026-09-23,S788805,reference,3.81,1,4302520
boston,2026-09-24,S3339950,low-cost,0.0417,1,11821904
boston,2026-09-24,S448,reference,3.58,1,783
boston,2026-09-24,S452,reference,3.61,1,786
boston,2026-09-24,S521,reference,3.34,1,25772
boston,2026-09-24,S6516883,low-cost,0.529,1,17453092
boston,2026-09-24,S788805,reference,4.3,1,4302520
boston,2026-09-25,S3339950,low-cost,0.696,1,11821904
boston,2026-09-25,S448,reference,4.7,1,783
boston,2026-09-25,S452,reference,4.99,1,786
boston,2026-09-25,S521,reference,4.41,1,25772
boston,2026-09-25,S6516883,low-cost,0.446,1,17453092
boston,2026-09-25,S788805,reference,5.71,1,4302520
