city_slug,location_id,location_name,locality,sensor_id,parameter,units,provider,owner,sensor_class,is_mobile,instrument,lat,lon,distance_km_to_center,first_measurement_utc,last_measurement_utc,overlaps_study_period,timezone,dates_source,also_within_25km_of
visalia,877,Visalia - N. Church,,1595,pm25,µg/m³,AirNow,Unknown Governmental Organization,reference,False,Government Monitor,36.3322,-119.2903,0.24,2016-03-06T20:00:00Z,2019-04-19T14:00:00Z,True,America/Los_Angeles,sensor,
visalia,8896,Visalia - N. Church,,25954,pm25,µg/m³,AirNow,Unknown Governmental Organization,reference,False,Government Monitor,36.33252,-119.29095,0.3,2019-04-19T16:00:00Z,2021-12-15T17:00:00Z,True,America/Los_Angeles,sensor,
visalia,28692,Visalia - N. Church,,1316222,pm25,µg/m³,AirNow,Unknown Governmental Organization,reference,False,Government Monitor,36.33252,-119.29095,0.3,2021-06-21T17:00:00Z,2021-12-15T17:00:00Z,True,America/Los_Angeles,sensor,
visalia,288307,Visalia - W Ashland,Visalia-Porterville,16317192,pm25,µg/m³,AirNow,Unknown Governmental Organization,reference,False,Government Monitor; Government Monitor,36.30815,-119.3129,3.44,2022-02-15T17:00:00Z,2026-10-02T21:00:00Z,True,America/Los_Angeles,location record (sensors endpoint failed: HTTP 500),
visalia,288307,Visalia - W Ashland,Visalia-Porterville,1641659,pm25,µg/m³,AirNow,Unknown Governmental Organization,reference,False,Government Monitor; Government Monitor,36.30815,-119.3129,3.44,2022-02-15T17:00:00Z,2026-10-02T21:00:00Z,True,America/Los_Angeles,location record (sensors endpoint failed: HTTP 500),
visalia,2812564,UCANR Lindcove REC,,8967073,pm25,µg/m³,Clarity,Clarity,low-cost,False,Clarity Sensor,36.36031,-119.05642,20.96,2024-04-24T16:00:00Z,2026-04-26T11:47:38Z,True,America/Los_Angeles,sensor,
visalia,3019000,Visalia (St.Johns River),,10280894,pm25,µg/m³,AirGradient,SEEN/SEEDS,low-cost,False,Unknown AirGradient Sensor,36.355108,-119.285869,2.62,2024-08-15T18:00:00Z,2026-07-24T01:00:00Z,True,America/Los_Angeles,sensor,
visalia,3019132,Wukchumni Farms,,10281844,pm25,µg/m³,AirGradient,SEEN/SEEDS,low-cost,False,Unknown AirGradient Sensor,36.3293219,-119.1888063,8.87,2024-08-15T21:00:00Z,2026-10-01T06:00:00Z,True,America/Los_Angeles,sensor,
visalia,3580926,SJVAir-0c88 (LCJA),,12376526,pm25,µg/m³,AirGradient,SJVAir.com,low-cost,False,Unknown AirGradient Sensor,36.172247,-119.3500973,18.58,2025-03-04T19:00:00Z,2026-10-02T21:00:00Z,True,America/Los_Angeles,sensor,
visalia,3581982,SJVAir-eda0 (LCJA),,14153826,pm25,µg/m³,AirGradient,SJVAir.com,low-cost,False,Unknown AirGradient Sensor,36.171366,-119.3547596,18.8,2025-09-19T00:00:00Z,2026-03-20T11:00:00Z,True,America/Los_Angeles,sensor,
visalia,3581983,SJVAir-0cc4 (LCJA),,14153836,pm25,µg/m³,AirGradient,SJVAir.com,low-cost,False,N/A,36.1723074,-119.3431899,18.4,2025-09-19T00:00:00Z,2025-10-18T23:00:00Z,True,America/Los_Angeles,sensor,
visalia,3581984,SJVAir-f5a4 (LCJA),,14153841,pm25,µg/m³,AirGradient,SJVAir.com,low-cost,False,Unknown AirGradient Sensor,36.172909,-119.3459623,18.4,2025-09-19T00:00:00Z,2026-10-02T16:00:00Z,True,America/Los_Angeles,sensor,
visalia,3582407,Palo Verde Elementary School (SJVAir / LCJA),,14153831,pm25,µg/m³,AirGradient,SJVAir.com,low-cost,False,Unknown AirGradient Sensor,36.1449694,-119.3570278,21.66,2025-09-19T00:00:00Z,2026-10-02T16:00:00Z,True,America/Los_Angeles,sensor,
visalia,6105760,Farmersville,,14453462,pm25,µg/m³,AirGradient,AirGradient,low-cost,False,Unknown AirGradient Sensor,36.29859,-119.2122,7.7,2025-10-23T19:00:00Z,2025-10-23T19:00:00Z,True,America/Los_Angeles,sensor,
visalia,6290216,Beacon Ave,,15819231,pm25,µg/m³,Clarity,Clarity,low-cost,False,Clarity Sensor,36.17238,-119.34421,18.41,2026-03-30T15:00:12Z,2026-10-02T21:06:50Z,True,America/Los_Angeles,sensor,
visalia,6290217,Palo Verde ES,,15819230,pm25,µg/m³,Clarity,Clarity,low-cost,False,Clarity Sensor,36.1441,-119.3573,21.76,2026-03-30T15:02:48Z,2026-10-02T21:05:47Z,True,America/Los_Angeles,sensor,
visalia,6404498,West Beacon,,16629114,pm25,µg/m³,Clarity,Clarity,low-cost,False,Clarity Sensor,36.17258,-119.35556,18.7,2026-06-15T21:01:26Z,2026-10-02T21:04:18Z,True,America/Los_Angeles,sensor,
visalia,6530403,2001,,17552163,pm25,µg/m³,AirGradient,SJVAir.com,low-cost,False,Unknown AirGradient Sensor,36.15590012476223,-119.33445994057877,19.98,2026-09-08T19:00:00Z,2026-10-02T21:00:00Z,True,America/Los_Angeles,sensor,
seattle,917,Bremerton-Spruce Ave,KITSAP,1683,pm25,µg/m³,AirNow,Unknown Governmental Organization,reference,False,Government Monitor,47.592675,-122.627397,22.31,2016-03-06T20:00:00Z,2026-10-02T21:00:00Z,True,America/Los_Angeles,sensor,
seattle,931,Seattle-10th & Welle,Seattle-Tacoma-Bellevue,1701,pm25,µg/m³,AirNow,Unknown Governmental Organization,reference,False,Government Monitor,47.597222,-122.319722,1.04,2016-03-15T20:00:00Z,2026-10-02T21:00:00Z,True,America/Los_Angeles,sensor,
seattle,1086,Issaquah-Lake Sammam,Seattle-Tacoma-Bellevue,1937741,pm25,µg/m³,AirNow,Unknown Governmental Organization,reference,False,Government Monitor,47.552502,-122.064697,20.71,2022-05-17T20:00:00Z,2024-06-26T20:00:00Z,True,America/Los_Angeles,sensor,
seattle,1507,Bellevue-Bellevue Wa,,2660,pm25,µg/m³,AirNow,Unknown Governmental Organization,reference,False,Government Monitor,47.613,-122.2017,9.7,2016-03-06T20:00:00Z,2017-05-12T23:00:00Z,True,America/Los_Angeles,sensor,
seattle,1593,Lynnwood-212th,,2805,pm25,µg/m³,AirNow,Unknown Governmental Organization,reference,False,Government Monitor,47.8064,-122.3167,22.61,2016-03-06T20:00:00Z,2020-04-09T15:00:00Z,True,America/Los_Angeles,sensor,
seattle,1936,Seattle-South Park,,3423,pm25,µg/m³,AirNow,Unknown Governmental Organization,reference,False,Government Monitor,47.5309,-122.3208,8.08,2016-03-06T20:00:00Z,2020-05-12T09:00:00Z,True,America/Los_Angeles,sensor,
seattle,1937,Seattle-Duwamish,Seattle-Tacoma-Bellevue,3424,pm25,µg/m³,AirNow,Unknown Governmental Organization,reference,False,Government Monitor,47.559975,-122.338265,4.86,2016-03-06T20:00:00Z,2026-10-02T20:00:00Z,True,America/Los_Angeles,sensor,
seattle,1938,Seattle-Beacon Hill,Seattle-Tacoma-Bellevue,3425,pm25,µg/m³,AirNow,Unknown Governmental Organization,reference,False,Government Monitor,47.568236,-122.308628,4.22,2016-03-06T20:00:00Z,2026-10-02T21:00:00Z,True,America/Los_Angeles,sensor,
seattle,5877,Tukwila_Allentown,Seattle-Tacoma-Bellevue,15947,pm25,µg/m³,AirNow,Unknown Governmental Organization,reference,False,Government Monitor,47.498535,-122.278385,12.28,2018-07-23T23:00:00Z,2026-10-02T21:00:00Z,True,America/Los_Angeles,sensor,
seattle,7663,Lake Forest Park-Tow,,22287,pm25,µg/m³,AirNow,Unknown Governmental Organization,reference,False,Government Monitor,47.755001,-122.280602,17.27,2017-12-13T02:00:00Z,2020-06-02T16:00:00Z,True,America/Los_Angeles,sensor,
seattle,8666,Lake Forest Park-Tow,Seattle-Tacoma-Bellevue,25141,pm25,µg/m³,AirNow,Unknown Governmental Organization,reference,False,Government Monitor,47.753633,-122.277192,17.18,2020-06-02T17:00:00Z,2026-10-02T21:00:00Z,True,America/Los_Angeles,sensor,
seattle,8819,Seattle-South Park,Seattle-Tacoma-Bellevue,25724,pm25,µg/m³,AirNow,Unknown Governmental Organization,reference,False,Government Monitor,47.5297,-122.3203,8.22,2020-05-13T17:00:00Z,2026-10-02T21:00:00Z,True,America/Los_Angeles,sensor,
seattle,8832,Bellevue-SE 12th,KING,25753,pm25,µg/m³,AirNow,Unknown Governmental Organization,reference,False,Government Monitor,47.600863,-122.148397,13.64,2017-02-27T21:00:00Z,2026-10-02T21:00:00Z,True,America/Los_Angeles,sensor,
seattle,1235989,S Lane St,,6530158,pm25,µg/m³,AirGradient,Unknown Governmental Organization,low-cost,False,Unknown AirGradient Sensor,47.596,-122.309,1.79,2023-07-15T13:00:00Z,2025-07-28T02:00:00Z,True,America/Los_Angeles,sensor,
seattle,1235991,Crown Hill,,6530174,pm25,µg/m³,AirGradient,Unknown Governmental Organization,low-cost,False,N/A; Unknown AirGradient Sensor,47.68851561866935,-122.37061702934375,9.94,2023-07-15T13:00:00Z,2026-10-02T21:00:00Z,True,America/Los_Angeles,sensor,
seattle,1235992,Salish Springs,,6530168,pm25,µg/m³,AirGradient,Unknown Governmental Organization,low-cost,False,AirGradient Open Air (O-1P),47.655844,-122.044401,22.2,2023-07-15T13:00:00Z,2026-10-02T21:00:00Z,True,America/Los_Angeles,sensor,
seattle,1345514,"Bainbridge Island, WA ",,6635413,pm25,µg/m³,AirGradient,Unknown Governmental Organization,low-cost,False,N/A; Unknown AirGradient Sensor,47.668927,-122.564094,18.98,2023-07-28T22:00:00Z,2026-10-02T21:00:00Z,True,America/Los_Angeles,sensor,
seattle,1369252,Bellevue,,6662138,pm25,µg/m³,AirGradient,Unknown Governmental Organization,low-cost,False,N/A; Unknown AirGradient Sensor,47.600383,-122.127104,15.24,2023-08-01T18:00:00Z,2026-10-02T21:00:00Z,True,America/Los_Angeles,sensor,
seattle,1375101,"Seahurst, WA - 152nd St",,6673932,pm25,µg/m³,AirGradient,Unknown Governmental Organization,low-cost,False,N/A; Unknown AirGradient Sensor,47.46700708127353,-122.3666540159397,15.4,2023-08-03T04:00:00Z,2026-10-02T21:00:00Z,True,America/Los_Angeles,sensor,
seattle,1461243,"W Olympic Pl, Seattle",,6792511,pm25,µg/m³,AirGradient,Unknown Governmental Organization,low-cost,False,N/A; AirGradient DIY-Basic Generation 1-3 (O-1DIY),47.626563149492775,-122.36292474084169,3.56,2023-08-21T01:00:00Z,2026-10-02T21:00:00Z,True,America/Los_Angeles,sensor,
seattle,1534840,Graham+28th,,6897634,pm25,µg/m³,AirGradient,Unknown Governmental Organization,low-cost,False,N/A; Unknown AirGradient Sensor,47.5466448,-122.2970879,6.77,2023-09-06T00:00:00Z,2025-03-06T00:00:00Z,True,America/Los_Angeles,sensor,
seattle,1755722,"Des Moines, WA",,7286872,pm25,µg/m³,AirGradient,Unknown Person,low-cost,False,Unknown AirGradient Sensor; Unknown AirGradient Sensor,47.42951,-122.33456,19.33,2023-10-25T22:00:00Z,2026-09-28T19:00:00Z,True,America/Los_Angeles,sensor,
seattle,2590143,"Mercer Island, WA",,8462487,pm25,µg/m³,AirGradient,Unknown Person,low-cost,False,Unknown AirGradient Sensor,47.587,-122.235,7.37,2024-03-13T21:00:00Z,2025-12-20T23:00:00Z,True,America/Los_Angeles,sensor,
seattle,2781068,"Shoreline, WA",,8891215,pm25,µg/m³,AirGradient,Unknown Person,low-cost,False,Unknown AirGradient Sensor,47.7528082,-122.3538757,16.72,2024-04-18T06:00:00Z,2026-10-02T21:00:00Z,True,America/Los_Angeles,sensor,
seattle,2815804,Seattle-College Way,KING,8987988,pm25,µg/m³,AirNow,Unknown Governmental Organization,reference,False,Government Monitor,47.70049,-122.33493,10.81,2024-04-25T23:00:00Z,2024-05-30T22:00:00Z,True,America/Los_Angeles,sensor,
seattle,2846706,Upper Fremont,,9219770,pm25,µg/m³,AirGradient,Unknown Person,low-cost,False,Unknown AirGradient Sensor,47.6644931,-122.3500907,6.96,2024-05-15T02:00:00Z,2026-07-28T07:00:00Z,True,America/Los_Angeles,sensor,
seattle,2852032,Seattle-16th Ave S,KING,9259305,pm25,µg/m³,AirNow,Unknown Governmental Organization,reference,False,Government Monitor,47.58049,-122.3118,2.89,2024-05-17T21:00:00Z,2024-05-30T22:00:00Z,True,America/Los_Angeles,sensor,
seattle,2907306,holmdell,,9672099,pm25,µg/m³,AirGradient,Unknown Person,low-cost,False,Unknown AirGradient Sensor,47.68657,-122.38591,10.15,2024-06-20T21:00:00Z,2026-10-02T21:00:00Z,True,America/Los_Angeles,sensor,
seattle,3019175,Greenwood,,10282207,pm25,µg/m³,AirGradient,Sigrun,low-cost,False,Unknown AirGradient Sensor,47.6989583,-122.3493138,10.73,2024-08-15T23:00:00Z,2026-10-02T21:00:00Z,True,America/Los_Angeles,sensor,
seattle,3060142,Hunts Point Road,,10591534,pm25,µg/m³,AirGradient,Mike Koss,low-cost,False,AirGradient Open Air Generation 1 (O-1PST),47.64322,-122.22831,8.84,2024-09-12T22:00:00Z,2026-10-02T21:00:00Z,True,America/Los_Angeles,sensor,
seattle,3064502,Lake Boren,,10623665,pm25,µg/m³,AirGradient,Unknown Person,low-cost,False,AirGradient Open Air Generation 1 (O-1PST),47.5329005,-122.1659303,14.61,2024-09-15T18:00:00Z,2026-10-02T21:00:00Z,True,America/Los_Angeles,sensor,
seattle,3085966,MT Co-op,,10786166,pm25,µg/m³,AirGradient,Unknown Person,low-cost,False,Unknown AirGradient Sensor; Unknown AirGradient Sensor,47.62032376467432,-122.33484392410698,1.92,2024-09-30T07:00:00Z,2025-06-20T23:00:00Z,True,America/Los_Angeles,sensor,
seattle,3085966,MT Co-op,,10786491,pm25,µg/m³,AirGradient,Unknown Person,low-cost,False,Unknown AirGradient Sensor; Unknown AirGradient Sensor,47.62032376467432,-122.33484392410698,1.92,,,False,America/Los_Angeles,sensor,
seattle,3086827,Salmon Bay Park,,10792413,pm25,µg/m³,AirGradient,Nick Kiest,low-cost,False,AirGradient Open Air Generation 1 (O-1PST),47.6797246,-122.3838445,9.4,2024-09-30T20:00:00Z,2026-10-02T21:00:00Z,True,America/Los_Angeles,sensor,
seattle,3177805,"Wedgwood, Seattle",,11066208,pm25,µg/m³,AirGradient,Unknown Person,low-cost,False,Unknown AirGradient Sensor,47.68882,-122.29645,9.84,2024-10-24T17:00:00Z,2026-10-02T21:00:00Z,True,America/Los_Angeles,sensor,
seattle,3178752,Finn Hill,,11068619,pm25,µg/m³,AirGradient,Steve,low-cost,False,Unknown AirGradient Sensor,47.729339578766535,-122.22256297421109,16.17,2024-10-24T21:00:00Z,2026-10-02T21:00:00Z,True,America/Los_Angeles,sensor,
seattle,3226163,Jon & Leska’s,,11190457,pm25,µg/m³,AirGradient,Jonathan Callahan,low-cost,False,Unknown AirGradient Sensor,47.65577872743834,-122.35885267248794,6.21,2024-11-04T18:00:00Z,2026-10-02T21:00:00Z,True,America/Los_Angeles,sensor,
seattle,3294512,"Maple Leaf, Seattle, WA",,11492760,pm25,µg/m³,AirGradient,chimerasaurus,low-cost,False,Unknown AirGradient Sensor,47.693,-122.309,10.1,2024-12-01T06:00:00Z,2026-10-02T21:00:00Z,True,America/Los_Angeles,sensor,
seattle,3304829,Sagano,,11569344,pm25,µg/m³,AirGradient,Alex L,low-cost,False,AirGradient Open Air Generation 1 (O-1PST),47.56765242050574,-122.16017354849046,13.36,2024-12-08T00:00:00Z,2026-10-02T21:00:00Z,True,America/Los_Angeles,sensor,
seattle,3307045,Alaska Junction,,11585807,pm25,µg/m³,AirGradient,Alex,low-cost,False,Unknown AirGradient Sensor,47.5611,-122.386776,6.32,2024-12-09T11:00:00Z,2026-10-02T21:00:00Z,True,America/Los_Angeles,sensor,
seattle,3362642,201 Elliott Ave W,,11979282,pm25,µg/m³,AirGradient,Omeros Corporation,low-cost,False,AirGradient Open Air Generation 1 (O-1PST),47.6197605,-122.3606291,2.92,2025-01-10T03:00:00Z,2026-10-02T21:00:00Z,True,America/Los_Angeles,sensor,
seattle,3363804,"Redmond, WA",,11987950,pm25,µg/m³,AirGradient,Matthew Haugen,low-cost,False,AirGradient Open Air Generation 1 (O-1PST),47.655739340651664,-122.07563035693296,19.95,2025-01-11T02:00:00Z,2026-09-13T10:00:00Z,True,America/Los_Angeles,sensor,
seattle,3400926,Kirkland - Inglewood,,12178228,pm25,µg/m³,AirGradient,Ion,low-cost,False,Unknown AirGradient Sensor,47.73155360953831,-122.23447924040885,15.96,2025-02-11T18:00:00Z,2026-10-02T21:00:00Z,True,America/Los_Angeles,sensor,
seattle,4106299,PHSKC_AirGradientO_Red,,14445961,pm25,µg/m³,AirGradient,AirGradient,low-cost,False,Unknown AirGradient Sensor,47.662338,-122.294161,7.1,2025-10-22T23:00:00Z,2025-10-23T00:00:00Z,True,America/Los_Angeles,sensor,
seattle,4327235,Seattle Duwamish #1,,12985632,pm25,µg/m³,AirGradient,PSCAA,low-cost,False,AirGradient ONE Generation 9 (I-9PSL-DE),47.559923,-122.338275,4.86,2025-05-08T22:00:00Z,2026-10-02T21:00:00Z,True,America/Los_Angeles,sensor,
seattle,4339399,SeaTac-Sunset Park,KING,12995270,pm25,µg/m³,AirNow,Unknown Governmental Organization,reference,False,Government Monitor,47.4785,-122.3111,13.95,2025-05-09T22:00:00Z,2026-10-02T19:00:00Z,True,America/Los_Angeles,sensor,
seattle,4743163,South Park near Concord Elementary,,14152865,pm25,µg/m³,AirGradient,SJS2025,low-cost,False,AirGradient Open Air Generation 1 (O-1PST),47.524187,-122.327063,8.8,2025-09-19T00:00:00Z,2026-10-02T21:00:00Z,True,America/Los_Angeles,sensor,
seattle,4743590,West South Park near Concord Elementary,,14152870,pm25,µg/m³,AirGradient,SJS2025,low-cost,False,AirGradient Open Air Generation 1 (O-1PST),47.524187,-122.327063,8.8,2025-09-19T00:00:00Z,2026-10-02T21:00:00Z,True,America/Los_Angeles,sensor,
seattle,4833613,MT-Co-op,,13403723,pm25,µg/m³,AirGradient,AirGradient,low-cost,False,Unknown AirGradient Sensor,47.62332,-122.3275301,2.23,2025-06-23T05:00:00Z,2026-10-02T21:00:00Z,True,America/Los_Angeles,sensor,
seattle,5527791,North Finn Hill,,13932697,pm25,µg/m³,AirGradient,AirGradient,low-cost,False,AirGradient Open Air Generation 1 (O-1PST),47.72215,-122.2135,15.85,2025-08-23T02:00:00Z,2026-10-02T21:00:00Z,True,America/Los_Angeles,sensor,
seattle,5584607,Carkeek retreat,,14153583,pm25,µg/m³,AirGradient,AirGradient,low-cost,False,Unknown AirGradient Sensor,47.7139,-122.3731,12.71,2025-09-19T00:00:00Z,2026-10-02T21:00:00Z,True,America/Los_Angeles,sensor,
seattle,5638337,Mid Ballard,,14153648,pm25,µg/m³,AirGradient,AirGradient,low-cost,False,AirGradient Open Air Generation 1 (O-1PST),47.68159672815241,-122.38089211214161,9.5,2025-09-19T00:00:00Z,2026-10-02T21:00:00Z,True,America/Los_Angeles,sensor,
seattle,5765278,Kirkland,,14153738,pm25,µg/m³,AirGradient,AirGradient,low-cost,False,AirGradient Open Air Generation 1 (O-1PST),47.698598,-122.197925,14.51,2025-09-19T00:00:00Z,2026-10-02T21:00:00Z,True,America/Los_Angeles,sensor,
seattle,5788751,Phoenix Moorage,,14153756,pm25,µg/m³,AirGradient,AirGradient,low-cost,False,AirGradient Open Air Generation 1 (O-1PST),47.641381,-122.330084,4.23,2025-09-19T00:00:00Z,2026-10-02T21:00:00Z,True,America/Los_Angeles,sensor,
seattle,5824466,Needle Creek,,14143580,pm25,µg/m³,AirGradient,AirGradient,low-cost,False,AirGradient Open Air Generation 1 (O-1PST),47.47162,-122.47095,18.05,2025-09-18T00:00:00Z,2026-10-02T21:00:00Z,True,America/Los_Angeles,sensor,
seattle,5859893,Sheridan Beach,,14172474,pm25,µg/m³,AirGradient,AirGradient,low-cost,False,AirGradient Open Air Generation 1 (O-1PST),47.74452,-122.285523,16.06,2025-09-21T03:00:00Z,2026-10-02T21:00:00Z,True,America/Los_Angeles,sensor,
seattle,5867589,TheWoods,,14178595,pm25,µg/m³,AirGradient,AirGradient,low-cost,False,AirGradient Open Air Generation 1 (O-1PST),47.66605,-122.07622,20.27,2025-09-21T21:00:00Z,2026-10-02T21:00:00Z,True,America/Los_Angeles,sensor,
seattle,5881534,228th and 39th Intersection,,14189136,pm25,µg/m³,AirGradient,AirGradient,low-cost,False,Unknown AirGradient Sensor,47.791015,-122.181232,23.67,2025-09-23T02:00:00Z,2026-10-02T21:00:00Z,True,America/Los_Angeles,sensor,
seattle,6113659,"Bellevue, WA",,14510446,pm25,µg/m³,AirGradient,AirGradient,low-cost,False,AirGradient Open Air Generation 1 (O-1PST),47.614003,-122.1692058,12.13,2025-10-30T22:00:00Z,2026-10-02T21:00:00Z,True,America/Los_Angeles,sensor,
seattle,6119341,"North Beacon Hill, Seattle, WA, USA",,14552255,pm25,µg/m³,AirGradient,AirGradient,low-cost,False,Unknown AirGradient Sensor,47.57460206213246,-122.31272398024444,3.45,2025-11-04T16:00:00Z,2026-10-02T21:00:00Z,True,America/Los_Angeles,sensor,
seattle,6215288,South Lake Sammamish Neighborhood,,15263938,pm25,µg/m³,AirGradient,AirGradient,low-cost,False,AirGradient Open Air Generation 1 (O-1PST),47.56294701698008,-122.0898984744959,18.58,2026-01-25T20:00:00Z,2026-10-02T21:00:00Z,True,America/Los_Angeles,sensor,
seattle,6221598,Kent-S 236th,Seattle-Tacoma-Bellevue,15310941,pm25,µg/m³,AirNow,Unknown Governmental Organization,reference,False,Government Monitor,47.39082,-122.25585,24.28,2026-01-30T09:00:00Z,2026-10-02T21:00:00Z,True,America/Los_Angeles,sensor,
seattle,6346216,SW monitor 528 ,,16238736,pm25,µg/m³,AirGradient,AirGradient,low-cost,False,AirGradient Open Air Generation 1 (O-1PST),47.52433531506123,-122.32701911701484,8.78,2026-05-12T21:00:00Z,2026-10-02T21:00:00Z,True,America/Los_Angeles,sensor,
seattle,6346265,SE 528 S Concord,,16239094,pm25,µg/m³,AirGradient,AirGradient,low-cost,False,AirGradient Open Air Generation 1 (O-1PST),47.524270110286196,-122.32705130367223,8.79,2026-05-12T21:00:00Z,2026-10-02T21:00:00Z,True,America/Los_Angeles,sensor,
seattle,6406325,70th Street Roof,,16642512,pm25,µg/m³,AirGradient,AirGradient,low-cost,False,AirGradient Open Air Generation 1 (O-1PST),47.6796248607427,-122.31670855955133,8.55,2026-06-17T04:00:00Z,2026-10-02T21:00:00Z,True,America/Los_Angeles,sensor,
seattle,6441769,"Belltown, Seattle, Washington",,16904473,pm25,µg/m³,AirGradient,AirGradient,low-cost,False,AirGradient Open Air Generation 1 (O-1PST),47.616327,-122.354691,2.33,2026-07-11T22:00:00Z,2026-10-02T21:00:00Z,True,America/Los_Angeles,sensor,
seattle,6473354,Redmond,,17133422,pm25,µg/m³,AirGradient,AirGradient,low-cost,False,Unknown AirGradient Sensor,47.681988,-122.125229,17.68,2026-08-03T23:00:00Z,2026-09-12T22:00:00Z,True,America/Los_Angeles,sensor,
seattle,6475644,Boylston Townhouse Roof,,17150196,pm25,µg/m³,AirGradient,AirGradient,low-cost,False,AirGradient Open Air Generation 1 (O-1PST),47.6372512,-122.3237806,3.81,2026-08-05T17:00:00Z,2026-10-02T21:00:00Z,True,America/Los_Angeles,sensor,
seattle,6476283,160th & 405,,17154878,pm25,µg/m³,AirGradient,AirGradient,low-cost,False,AirGradient Open Air Generation 1 (O-1PST),47.741653,-122.1859,18.8,2026-08-06T03:00:00Z,2026-10-02T21:00:00Z,True,America/Los_Angeles,sensor,
seattle,6477166,Tiburon Estates,,17161365,pm25,µg/m³,AirGradient,AirGradient,low-cost,False,Unknown AirGradient Sensor,47.61284318219972,-122.04954603029361,21.07,2026-08-06T18:00:00Z,2026-09-14T06:00:00Z,True,America/Los_Angeles,sensor,
seattle,6477564,GHouse,,17165236,pm25,µg/m³,AirGradient,AirGradient,low-cost,False,Unknown AirGradient Sensor,47.60338097617955,-122.29786891938615,2.43,2026-08-07T02:00:00Z,2026-08-07T04:00:00Z,True,America/Los_Angeles,sensor,
seattle,6478613,GHouse,,17171965,pm25,µg/m³,AirGradient,AirGradient,low-cost,False,Unknown AirGradient Sensor,47.603377317512724,-122.29786991921607,2.43,2026-08-07T19:00:00Z,2026-08-08T05:00:00Z,True,America/Los_Angeles,sensor,
seattle,6479014,Kirkland,,17174814,pm25,µg/m³,AirGradient,AirGradient,low-cost,False,Unknown AirGradient Sensor,47.7189536,-122.1814704,17.02,2026-08-08T01:00:00Z,2026-08-08T01:00:00Z,True,America/Los_Angeles,sensor,
seattle,6479015,Windermere,,17174819,pm25,µg/m³,AirGradient,AirGradient,low-cost,False,AirGradient Open Air Generation 1 (O-1PST),47.67297654507659,-122.26410495852542,9.2,2026-08-08T01:00:00Z,2026-10-02T21:00:00Z,True,America/Los_Angeles,sensor,
seattle,6479235,Rosewood,,17176742,pm25,µg/m³,AirGradient,AirGradient,low-cost,False,Unknown AirGradient Sensor,47.765655,-122.195201,20.69,2026-08-08T06:00:00Z,2026-09-20T00:00:00Z,True,America/Los_Angeles,sensor,
seattle,6480196,Arrow Lake,,17183551,pm25,µg/m³,AirGradient,AirGradient,low-cost,False,Unknown AirGradient Sensor,47.4279122,-122.3376352,19.51,2026-08-08T22:00:00Z,2026-09-12T04:00:00Z,True,America/Los_Angeles,sensor,
seattle,6480539,olympic college,,17186095,pm25,µg/m³,AirGradient,AirGradient,low-cost,False,AirGradient Open Air Generation 1 (O-1PST),47.5852,-122.6431,23.54,2026-08-09T03:00:00Z,2026-10-02T21:00:00Z,True,America/Los_Angeles,sensor,
seattle,6483043,Belgrove Court,,17204618,pm25,µg/m³,AirGradient,AirGradient,low-cost,False,AirGradient Open Air Generation 1 (O-1PST),47.6181417,-122.3266063,1.67,2026-08-10T22:00:00Z,2026-10-02T21:00:00Z,True,America/Los_Angeles,sensor,
seattle,6486309,Lower Blue Ridge Dr,,17229175,pm25,µg/m³,AirGradient,AirGradient,low-cost,False,AirGradient Open Air Generation 1 (O-1PST),47.702414,-122.387754,11.83,2026-08-13T04:00:00Z,2026-10-02T21:00:00Z,True,America/Los_Angeles,sensor,
seattle,6487551,Boulder Place,,17237616,pm25,µg/m³,AirGradient,AirGradient,low-cost,False,AirGradient Open Air Generation 1 (O-1PST),47.601631,-122.50495,13.1,2026-08-13T22:00:00Z,2026-10-02T21:00:00Z,True,America/Los_Angeles,sensor,
seattle,6487647,Hazelwood,,17238327,pm25,µg/m³,AirGradient,AirGradient,low-cost,False,AirGradient Open Air Generation 1 (O-1PST),47.5330156238964,-122.19097225372606,13.05,2026-08-13T22:00:00Z,2026-10-02T21:00:00Z,True,America/Los_Angeles,sensor,
seattle,6490596,Seaview ,,17260728,pm25,µg/m³,AirGradient,AirGradient,low-cost,False,AirGradient Open Air Generation 1 (O-1PST),47.672156,-122.406068,9.53,2026-08-15T22:00:00Z,2026-10-02T21:00:00Z,True,America/Los_Angeles,sensor,
seattle,6493903,East Queen Anne,,17284405,pm25,µg/m³,AirGradient,AirGradient,low-cost,False,AirGradient Open Air Generation 1 (O-1PST),47.63745784429708,-122.34915601207798,4.05,2026-08-18T00:00:00Z,2026-10-02T21:00:00Z,True,America/Los_Angeles,sensor,
seattle,6508886,Outdoor sensor,,17394183,pm25,µg/m³,AirGradient,AirGradient,low-cost,False,AirGradient Open Air Generation 1 (O-1PST),47.76009,-122.21378,19.49,2026-08-26T23:00:00Z,2026-10-02T21:00:00Z,True,America/Los_Angeles,sensor,
seattle,6509423,Stansbury Home,,17398141,pm25,µg/m³,AirGradient,AirGradient,low-cost,False,Unknown AirGradient Sensor,47.66085,-122.12797,16.45,2026-08-27T06:00:00Z,2026-08-27T16:00:00Z,True,America/Los_Angeles,sensor,
seattle,6510937,Renton Kennydale ,,17409195,pm25,µg/m³,AirGradient,AirGradient,low-cost,False,AirGradient Open Air Generation 1 (O-1PST),47.504334477085095,-122.18927791377602,15.27,2026-08-28T02:00:00Z,2026-10-02T21:00:00Z,True,America/Los_Angeles,sensor,
seattle,6513670,Leschi,,17429333,pm25,µg/m³,AirGradient,AirGradient,low-cost,False,Unknown AirGradient Sensor,47.6036036036036,-122.28360983070127,3.5,2026-08-29T18:00:00Z,2026-08-30T23:00:00Z,True,America/Los_Angeles,sensor,
seattle,6528815,Eastlake North Near I-5,,17540651,pm25,µg/m³,AirGradient,AirGradient,low-cost,False,AirGradient Open Air Generation 1 (O-1PST),47.64772,-122.32334,4.97,2026-09-07T21:00:00Z,2026-10-02T21:00:00Z,True,America/Los_Angeles,sensor,
seattle,6547406,"Meadowbrook, Seattle, Washington, USA",,17676987,pm25,µg/m³,AirGradient,AirGradient,low-cost,False,AirGradient Open Air Generation 1 (O-1PST),47.70434,-122.29446,11.55,2026-09-18T21:00:00Z,2026-10-02T21:00:00Z,True,America/Los_Angeles,sensor,
bismarck,270740,Bismarck Residential,Bismarck,16313329,pm25,µg/m³,AirNow,Unknown Governmental Organization,reference,False,Government Monitor; Government Monitor,46.8253,-100.7681,2.42,2021-12-02T15:00:00Z,2026-10-02T21:00:00Z,True,America/Chicago,location record (sensors endpoint failed: HTTP 500),
bismarck,270740,Bismarck Residential,Bismarck,1562104,pm25,µg/m³,AirNow,Unknown Governmental Organization,reference,False,Government Monitor; Government Monitor,46.8253,-100.7681,2.42,2021-12-02T15:00:00Z,2026-10-02T21:00:00Z,True,America/Chicago,location record (sensors endpoint failed: HTTP 500),
mcallen,1813,Mission C43,McAllen-Edinburg-Mission,3212,pm25,µg/m³,AirNow,Unknown Governmental Organization,reference,False,Government Monitor,26.226226,-98.29107,6.52,2016-03-06T20:00:00Z,2026-10-02T21:00:00Z,True,America/Chicago,sensor,
mcallen,367407,Edinburg C1046,McAllen-Edinburg-Mission,2071343,pm25,µg/m³,AirNow,Unknown Governmental Organization,reference,False,Government Monitor,26.288622,-98.152066,13.13,2022-10-20T01:00:00Z,2026-10-01T22:00:00Z,True,America/Chicago,sensor,
mcallen,6243575,Grapefruit,,15472103,pm25,µg/m³,AirGradient,AirGradient,low-cost,False,AirGradient Open Air Generation 1 (O-1PST),26.22586267476102,-98.32751269356228,9.82,2026-02-17T17:00:00Z,2026-10-02T21:00:00Z,True,America/Chicago,sensor,
minot,6096201,BNSF Minot/Gavin Yard ND,,14383017,pm25,µg/m³,Clarity,Clarity,low-cost,False,Clarity Sensor,48.23809,-101.19637,7.19,2025-10-15T13:05:10Z,2026-10-02T20:53:58Z,True,America/Chicago,sensor,
minot,6525564,East Of Postoffice,,17516751,pm25,µg/m³,AirGradient,AirGradient,low-cost,False,AirGradient Open Air Generation 1 (O-1PST),48.23989,-101.13307,11.88,2026-09-05T22:00:00Z,2026-10-02T21:00:00Z,True,America/Chicago,sensor,
pittsburgh,1017,Parkway East (Near R,Pittsburgh,1833,pm25,µg/m³,AirNow,Unknown Governmental Organization,reference,False,Government Monitor,40.437431,-79.863572,11.32,2016-03-06T20:00:00Z,2026-09-20T20:00:00Z,True,America/New_York,sensor,
pittsburgh,1338,Lawrenceville,Pittsburgh,2408,pm25,µg/m³,AirNow,Unknown Governmental Organization,reference,False,Government Monitor,40.4656,-79.9611,4.31,2016-03-06T20:00:00Z,2026-10-02T21:00:00Z,True,America/New_York,sensor,
pittsburgh,1876,Liberty (SAHS),Pittsburgh,5077841,pm25,µg/m³,AirNow,Unknown Governmental Organization,reference,False,Government Monitor,40.323898,-79.868301,16.78,2023-05-07T01:00:00Z,2026-05-12T11:00:00Z,True,America/New_York,sensor,
pittsburgh,2049,South Fayette,Pittsburgh,14338354,pm25,µg/m³,AirNow,Unknown Governmental Organization,reference,False,Government Monitor,40.381901,-80.1856,17.14,2025-10-10T14:00:00Z,2026-10-02T21:00:00Z,True,America/New_York,sensor,
pittsburgh,26096,ACHD - Lawrenceville,,41238,pm25,µg/m³,CMU,Carnegie Mellon University,low-cost,False,RAMP Sensor,40.46544,-79.960797,4.31,2019-03-31T04:00:00Z,2022-02-09T00:00:00Z,True,America/New_York,sensor,
pittsburgh,26097,ACHD Lincoln,,41246,pm25,µg/m³,CMU,Carnegie Mellon University,low-cost,False,RAMP Sensor,40.308211,-79.869129,18.1,2019-03-31T02:15:00Z,2020-12-31T04:30:00Z,True,America/New_York,sensor,
pittsburgh,26098,ACHD Lincoln Collocation,,41255,pm25,µg/m³,CMU,Carnegie Mellon University,low-cost,False,RAMP Sensor,40.30822,-79.86913,18.09,,,False,America/New_York,sensor,
pittsburgh,26099,ACHD North Braddock,,41264,pm25,µg/m³,CMU,Carnegie Mellon University,low-cost,False,RAMP Sensor,40.40241,-79.86086,12.22,2019-03-31T03:00:00Z,2022-02-09T00:00:00Z,True,America/New_York,sensor,
pittsburgh,26100,Parkway East (Near R,Pittsburgh,17765378,pm25,µg/m³,AirNow,Unknown Governmental Organization,reference,False,Government Monitor; Government Monitor,40.437431,-79.863572,11.32,2026-09-20T18:00:00Z,2026-10-02T21:00:00Z,True,America/New_York,sensor,
pittsburgh,26100,Parkway East (Near R,Pittsburgh,225785,pm25,µg/m³,AirNow,Unknown Governmental Organization,reference,False,Government Monitor; Government Monitor,40.437431,-79.863572,11.32,2019-03-31T05:00:00Z,2026-09-21T17:00:00Z,True,America/New_York,sensor,
pittsburgh,26102,Allegheny Center,,41291,pm25,µg/m³,CMU,Carnegie Mellon University,low-cost,False,RAMP Sensor,40.450779,-80.008354,1.66,2019-03-31T03:30:00Z,2019-05-01T04:30:00Z,True,America/New_York,sensor,
pittsburgh,26103,Aspinwall,,41300,pm25,µg/m³,CMU,Carnegie Mellon University,low-cost,False,RAMP Sensor,40.49469,-79.90737,9.85,,,False,America/New_York,sensor,
pittsburgh,26104,B201,,41309,pm25,µg/m³,CMU,Carnegie Mellon University,low-cost,False,RAMP Sensor,40.442714,-79.944224,4.52,,,False,America/New_York,sensor,
pittsburgh,26106,Beechview,,41328,pm25,µg/m³,CMU,Carnegie Mellon University,low-cost,False,RAMP Sensor,40.407019,-80.027691,4.33,,,False,America/New_York,sensor,
pittsburgh,26107,Ben Avon,,41337,pm25,µg/m³,CMU,Carnegie Mellon University,low-cost,False,RAMP Sensor,40.509585,-80.085576,10.88,,,False,America/New_York,sensor,
pittsburgh,26108,Braddock Farm,,41346,pm25,µg/m³,CMU,Carnegie Mellon University,low-cost,False,RAMP Sensor,40.39896,-79.86302,12.18,2019-03-31T03:00:00Z,2022-02-09T00:00:00Z,True,America/New_York,sensor,
pittsburgh,26109,Bradford Woods,,41355,pm25,µg/m³,CMU,Carnegie Mellon University,low-cost,False,RAMP Sensor,40.638163,-80.082941,23.36,2019-03-01T05:15:00Z,2022-02-09T00:00:00Z,True,America/New_York,location record (sensors endpoint failed: HTTP 500),
pittsburgh,26110,Bridgeville,,41364,pm25,µg/m³,CMU,Carnegie Mellon University,low-cost,False,RAMP Sensor,40.35981,-80.11067,12.98,,,False,America/New_York,sensor,
pittsburgh,26111,Brighton Heights,,41373,pm25,µg/m³,CMU,Carnegie Mellon University,low-cost,False,RAMP Sensor,40.484984,-80.047952,6.72,2019-03-31T03:30:00Z,2019-05-01T04:30:00Z,True,America/New_York,sensor,
pittsburgh,26112,CMU Supersite,,41383,pm25,µg/m³,CMU,Carnegie Mellon University,low-cost,False,RAMP Sensor,40.442068,-79.942583,4.65,2020-02-01T03:30:00Z,2020-02-01T04:30:00Z,True,America/New_York,sensor,
pittsburgh,26113,Carlow University,,41392,pm25,µg/m³,CMU,Carnegie Mellon University,low-cost,False,RAMP Sensor,40.43836,-79.96356,2.86,2019-03-31T03:30:00Z,2020-12-31T04:30:00Z,True,America/New_York,sensor,
pittsburgh,26114,Carnegie,,41401,pm25,µg/m³,CMU,Carnegie Mellon University,low-cost,False,RAMP Sensor,40.404539,-80.089302,8.65,,,False,America/New_York,sensor,
pittsburgh,26115,Clairton 1,,41410,pm25,µg/m³,CMU,Carnegie Mellon University,low-cost,False,RAMP Sensor,40.29731,-79.88649,18.28,,,False,America/New_York,sensor,
pittsburgh,26116,Clairton Center,,41419,pm25,µg/m³,CMU,Carnegie Mellon University,low-cost,False,RAMP Sensor,40.29113,-79.888398,18.8,2019-03-01T06:00:00Z,2022-02-09T00:00:00Z,True,America/New_York,location record (sensors endpoint failed: HTTP 500),
pittsburgh,26117,Clairton North,,41428,pm25,µg/m³,CMU,Carnegie Mellon University,low-cost,False,RAMP Sensor,40.297453,-79.883257,18.41,2019-03-01T06:00:00Z,2022-02-09T00:00:00Z,True,America/New_York,location record (sensors endpoint failed: HTTP 500),
pittsburgh,26118,Convention Center,,41437,pm25,µg/m³,CMU,Carnegie Mellon University,low-cost,False,RAMP Sensor,40.444479,-79.996083,0.68,2019-03-01T05:15:00Z,2022-02-09T00:00:00Z,True,America/New_York,location record (sensors endpoint failed: HTTP 500),
pittsburgh,26119,East Liberty,,41446,pm25,µg/m³,CMU,Carnegie Mellon University,low-cost,False,RAMP Sensor,40.459805,-79.928604,6.28,,,False,America/New_York,sensor,
pittsburgh,26120,East Liberty North,,41455,pm25,µg/m³,CMU,Carnegie Mellon University,low-cost,False,RAMP Sensor,40.468296,-79.926238,6.87,,,False,America/New_York,sensor,
pittsburgh,26121,Edgewood,,41464,pm25,µg/m³,CMU,Carnegie Mellon University,low-cost,False,RAMP Sensor,40.4351,-79.87753,10.14,,,False,America/New_York,sensor,
pittsburgh,26122,Emsworth,,41473,pm25,µg/m³,CMU,Carnegie Mellon University,low-cost,False,RAMP Sensor,40.511498,-80.104321,12.17,2019-03-31T04:00:00Z,2022-02-09T00:00:00Z,True,America/New_York,sensor,
pittsburgh,26123,First Lutheran,,41482,pm25,µg/m³,CMU,Carnegie Mellon University,low-cost,False,RAMP Sensor,40.4414,-79.99584,0.36,,,False,America/New_York,sensor,
pittsburgh,26124,Fox Chapel,,41491,pm25,µg/m³,CMU,Carnegie Mellon University,low-cost,False,RAMP Sensor,40.511735,-79.869403,13.55,,,False,America/New_York,sensor,
pittsburgh,26125,Fox Chapel North,,41500,pm25,µg/m³,CMU,Carnegie Mellon University,low-cost,False,RAMP Sensor,40.522604,-79.882202,13.51,,,False,America/New_York,sensor,
pittsburgh,26126,Glassport,,41509,pm25,µg/m³,CMU,Carnegie Mellon University,low-cost,False,RAMP Sensor,40.327758,-79.892999,15.15,2019-03-31T03:30:00Z,2020-12-31T04:30:00Z,True,America/New_York,sensor,
pittsburgh,26127,Greenfield,,41518,pm25,µg/m³,CMU,Carnegie Mellon University,low-cost,False,RAMP Sensor,40.4222,-79.93384,5.67,,,False,America/New_York,sensor,
pittsburgh,26128,Hampton,,41527,pm25,µg/m³,CMU,Carnegie Mellon University,low-cost,False,RAMP Sensor,40.585992,-79.934044,17.26,2020-12-18T04:00:00Z,2022-02-09T00:00:00Z,True,America/New_York,sensor,
pittsburgh,26129,Hazelwood Green,,41536,pm25,µg/m³,CMU,Carnegie Mellon University,low-cost,False,RAMP Sensor,40.41246,-79.945827,5.23,2019-03-31T03:30:00Z,2020-12-31T04:30:00Z,True,America/New_York,sensor,
pittsburgh,26130,Highland Park,,41545,pm25,µg/m³,CMU,Carnegie Mellon University,low-cost,False,RAMP Sensor,40.482899,-79.918971,8.27,,,False,America/New_York,sensor,
pittsburgh,26131,Hill District,,41554,pm25,µg/m³,CMU,Carnegie Mellon University,low-cost,False,RAMP Sensor,40.4455,-79.97653,1.93,,,False,America/New_York,sensor,
pittsburgh,26132,Homewood,,41563,pm25,µg/m³,CMU,Carnegie Mellon University,low-cost,False,RAMP Sensor,40.456433,-79.89748,8.68,,,False,America/New_York,sensor,
pittsburgh,26133,Jefferson Hills NE,,41572,pm25,µg/m³,CMU,Carnegie Mellon University,low-cost,False,RAMP Sensor,40.318259,-79.901908,15.61,2019-03-31T02:15:00Z,2020-12-31T04:30:00Z,True,America/New_York,sensor,
pittsburgh,26134,Larimer,,41581,pm25,µg/m³,CMU,Carnegie Mellon University,low-cost,False,RAMP Sensor,40.46343,-79.91694,7.35,2019-03-31T04:00:00Z,2022-02-09T00:00:00Z,True,America/New_York,sensor,
pittsburgh,26135,Liberty Way,,41590,pm25,µg/m³,CMU,Carnegie Mellon University,low-cost,False,RAMP Sensor,40.311554,-79.863053,18.12,2019-03-31T04:00:00Z,2022-02-09T00:00:00Z,True,America/New_York,sensor,
pittsburgh,26136,Lincoln Blvd North,,41599,pm25,µg/m³,CMU,Carnegie Mellon University,low-cost,False,RAMP Sensor,40.31402,-79.87592,17.23,,,False,America/New_York,sensor,
pittsburgh,26137,Market Square,,41608,pm25,µg/m³,CMU,Carnegie Mellon University,low-cost,False,RAMP Sensor,40.44067,-80.002014,0.47,2020-05-28T00:00:00Z,2022-02-09T00:00:00Z,True,America/New_York,location record (sensors endpoint failed: HTTP 500),
pittsburgh,26138,McKees Rocks,,41617,pm25,µg/m³,CMU,Carnegie Mellon University,low-cost,False,RAMP Sensor,40.465088,-80.063524,6.34,2020-04-01T04:00:00Z,2022-02-09T00:00:00Z,True,America/New_York,sensor,
pittsburgh,26139,Mellon Square Park,,41626,pm25,µg/m³,CMU,Carnegie Mellon University,low-cost,False,RAMP Sensor,40.4413,-79.99775,0.33,,,False,America/New_York,sensor,
pittsburgh,26140,Millvale,,41635,pm25,µg/m³,CMU,Carnegie Mellon University,low-cost,False,RAMP Sensor,40.4783,-79.970377,4.99,2019-03-31T02:15:00Z,2020-12-31T04:30:00Z,True,America/New_York,sensor,
pittsburgh,26141,Millvale Library,,41644,pm25,µg/m³,CMU,Carnegie Mellon University,low-cost,False,RAMP Sensor,40.478505,-79.971885,4.95,,,False,America/New_York,sensor,
pittsburgh,26143,Moon,,41662,pm25,µg/m³,CMU,Carnegie Mellon University,low-cost,False,RAMP Sensor,40.512876,-80.201471,19.15,,,False,America/New_York,sensor,
pittsburgh,26144,Mt Lebanon,,41671,pm25,µg/m³,CMU,Carnegie Mellon University,low-cost,False,RAMP Sensor,40.38178,-80.04922,7.68,,,False,America/New_York,sensor,
pittsburgh,26145,Mt Washington,,41680,pm25,µg/m³,CMU,Carnegie Mellon University,low-cost,False,RAMP Sensor,40.43356,-80.01043,1.23,,,False,America/New_York,sensor,
pittsburgh,26146,Munhall,,41689,pm25,µg/m³,CMU,Carnegie Mellon University,low-cost,False,RAMP Sensor,40.40733,-79.901601,8.81,2019-05-01T04:00:00Z,2022-02-09T00:00:00Z,True,America/New_York,sensor,
pittsburgh,26147,Near Penn & Homewood,,41698,pm25,µg/m³,CMU,Carnegie Mellon University,low-cost,False,RAMP Sensor,40.449474,-79.901476,8.2,,,False,America/New_York,sensor,
pittsburgh,26148,Near Shady & Beacon,,41707,pm25,µg/m³,CMU,Carnegie Mellon University,low-cost,False,RAMP Sensor,40.435779,-79.91919,6.62,2019-12-31T03:30:00Z,2020-12-31T04:30:00Z,True,America/New_York,sensor,
pittsburgh,26149,Near UPMC Shadyside,,41716,pm25,µg/m³,CMU,Carnegie Mellon University,low-cost,False,RAMP Sensor,40.455115,-79.934976,5.59,,,False,America/New_York,sensor,
pittsburgh,26151,New Homestead,,41734,pm25,µg/m³,CMU,Carnegie Mellon University,low-cost,False,RAMP Sensor,40.388364,-79.919219,8.64,,,False,America/New_York,sensor,
pittsburgh,26152,North Braddock,,41743,pm25,µg/m³,CMU,Carnegie Mellon University,low-cost,False,RAMP Sensor,40.402641,-79.844898,13.5,2019-03-31T02:15:00Z,2019-12-01T04:30:00Z,True,America/New_York,sensor,
pittsburgh,26153,Penn State McKeesport,,41752,pm25,µg/m³,CMU,Carnegie Mellon University,low-cost,False,RAMP Sensor,40.344661,-79.824922,17.94,,,False,America/New_York,sensor,
pittsburgh,26154,Phipps,,41761,pm25,µg/m³,CMU,Carnegie Mellon University,low-cost,False,RAMP Sensor,40.43818,-79.948612,4.12,2019-03-31T04:00:00Z,2022-02-09T00:00:00Z,True,America/New_York,sensor,
pittsburgh,26155,Point Breeze East,,41770,pm25,µg/m³,CMU,Carnegie Mellon University,low-cost,False,RAMP Sensor,40.44488,-79.89566,8.63,2019-03-31T03:30:00Z,2020-12-31T04:30:00Z,True,America/New_York,sensor,
pittsburgh,26156,Point Breeze North,,41779,pm25,µg/m³,CMU,Carnegie Mellon University,low-cost,False,RAMP Sensor,40.45321,-79.90795,7.74,2019-03-31T04:00:00Z,2022-02-09T00:00:00Z,True,America/New_York,sensor,
pittsburgh,26157,Point Breeze West,,41788,pm25,µg/m³,CMU,Carnegie Mellon University,low-cost,False,RAMP Sensor,40.45029,-79.90944,7.55,,,False,America/New_York,sensor,
pittsburgh,26158,Rankin,,41797,pm25,µg/m³,CMU,Carnegie Mellon University,low-cost,False,RAMP Sensor,40.416139,-79.880164,10.22,2019-03-31T04:00:00Z,2022-02-09T00:00:00Z,True,America/New_York,sensor,
pittsburgh,26159,Regent Square,,41806,pm25,µg/m³,CMU,Carnegie Mellon University,low-cost,False,RAMP Sensor,40.43192,-79.89393,8.78,2019-03-31T02:15:00Z,2020-12-31T04:30:00Z,True,America/New_York,sensor,
pittsburgh,26160,Regent Square North,,41815,pm25,µg/m³,CMU,Carnegie Mellon University,low-cost,False,RAMP Sensor,40.43595,-79.8969,8.5,,,False,America/New_York,sensor,
pittsburgh,26161,Scott Township,,41824,pm25,µg/m³,CMU,Carnegie Mellon University,low-cost,False,RAMP Sensor,40.378865,-80.102937,11.13,,,False,America/New_York,sensor,
pittsburgh,26162,Sewickley,,41833,pm25,µg/m³,CMU,Carnegie Mellon University,low-cost,False,RAMP Sensor,40.53962,-80.182727,19.3,2019-03-31T04:00:00Z,2022-02-09T00:00:00Z,True,America/New_York,sensor,
pittsburgh,26163,Shadyside,,41842,pm25,µg/m³,CMU,Carnegie Mellon University,low-cost,False,RAMP Sensor,40.457831,-79.925812,6.42,2019-07-01T04:00:00Z,2022-02-09T00:00:00Z,True,America/New_York,sensor,
pittsburgh,26164,Shadyside East,,41851,pm25,µg/m³,CMU,Carnegie Mellon University,low-cost,False,RAMP Sensor,40.45154,-79.942,4.9,,,False,America/New_York,sensor,
pittsburgh,26165,South Side Flats,,41860,pm25,µg/m³,CMU,Carnegie Mellon University,low-cost,False,RAMP Sensor,40.42988,-79.98667,1.31,,,False,America/New_York,sensor,
pittsburgh,26166,Squirrel Hill Center,,41869,pm25,µg/m³,CMU,Carnegie Mellon University,low-cost,False,RAMP Sensor,40.43889,-79.92666,5.98,2019-03-31T03:30:00Z,2020-12-31T04:30:00Z,True,America/New_York,sensor,
pittsburgh,26167,Squirrel Hill North,,41878,pm25,µg/m³,CMU,Carnegie Mellon University,low-cost,False,RAMP Sensor,40.447844,-79.927218,6.02,,,False,America/New_York,sensor,
pittsburgh,26168,Squirrel Hill South,,41887,pm25,µg/m³,CMU,Carnegie Mellon University,low-cost,False,RAMP Sensor,40.42742,-79.91783,6.84,,,False,America/New_York,sensor,
pittsburgh,26169,Strip District,,41896,pm25,µg/m³,CMU,Carnegie Mellon University,low-cost,False,RAMP Sensor,40.452295,-79.984211,1.9,,,False,America/New_York,sensor,
pittsburgh,26171,Swisshelm Park,,41914,pm25,µg/m³,CMU,Carnegie Mellon University,low-cost,False,RAMP Sensor,40.418631,-79.903805,8.21,2019-01-04T00:00:00Z,2022-02-09T00:00:00Z,True,America/New_York,sensor,
pittsburgh,26172,Swissvale,,41923,pm25,µg/m³,CMU,Carnegie Mellon University,low-cost,False,RAMP Sensor,40.425107,-79.894228,8.85,,,False,America/New_York,sensor,
pittsburgh,26173,Swissvale (interior),,41932,pm25,µg/m³,CMU,Carnegie Mellon University,low-cost,False,RAMP Sensor,40.425107,-79.894228,8.85,,,False,America/New_York,sensor,
pittsburgh,26174,Third Presbyterian,,41941,pm25,µg/m³,CMU,Carnegie Mellon University,low-cost,False,RAMP Sensor,40.4501,-79.929563,5.88,,,False,America/New_York,sensor,
pittsburgh,26175,Upper Lawrenceville,,41950,pm25,µg/m³,CMU,Carnegie Mellon University,low-cost,False,RAMP Sensor,40.478412,-79.957016,5.61,,,False,America/New_York,sensor,
pittsburgh,26176,Uptown,,41958,pm25,µg/m³,CMU,Carnegie Mellon University,low-cost,False,RAMP Sensor,40.437622,-79.979849,1.48,2019-03-31T04:00:00Z,2022-02-09T00:00:00Z,True,America/New_York,sensor,
pittsburgh,26177,Walnut Street,,41967,pm25,µg/m³,CMU,Carnegie Mellon University,low-cost,False,RAMP Sensor,40.451409,-79.933454,5.59,2020-07-01T04:00:00Z,2022-02-09T00:00:00Z,True,America/New_York,location record (sensors endpoint failed: HTTP 500),
pittsburgh,26178,West Mifflin North,,41976,pm25,µg/m³,CMU,Carnegie Mellon University,low-cost,False,RAMP Sensor,40.380749,-79.871746,12.41,2019-03-01T06:00:00Z,2022-02-09T00:00:00Z,True,America/New_York,location record (sensors endpoint failed: HTTP 500),
pittsburgh,26179,Whitehall,,41985,pm25,µg/m³,CMU,Carnegie Mellon University,low-cost,False,RAMP Sensor,40.35537,-79.97757,9.38,,,False,America/New_York,sensor,
pittsburgh,26180,Wilkinsburgh Municipal Building,,41994,pm25,µg/m³,CMU,Carnegie Mellon University,low-cost,False,RAMP Sensor,40.443462,-79.886079,9.43,,,False,America/New_York,sensor,
pittsburgh,59830,ACHD Parkway East,,5084086,pm25,µg/m³,CMU,Carnegie Mellon University,low-cost,False,RAMP Sensor,40.437469,-79.863547,11.32,2022-02-08T23:00:00Z,2022-02-09T00:00:00Z,True,America/New_York,location record (sensors endpoint failed: HTTP 500),
pittsburgh,73667,Technology Center,,426237,pm25,µg/m³,CMU,Carnegie Mellon University,low-cost,False,RAMP Sensor,40.432638,-79.965245,2.79,2021-01-16T01:00:00Z,2022-02-09T00:00:00Z,True,America/New_York,location record (sensors endpoint failed: HTTP 500),
pittsburgh,232484,Clairton Sewage Plant,,1337951,pm25,µg/m³,CMU,Carnegie Mellon University,low-cost,False,RAMP Sensor,40.304123,-79.882837,17.8,2021-08-17T23:00:00Z,2021-09-21T14:45:00Z,True,America/New_York,sensor,
pittsburgh,234540,Doherty Hall,,1349231,pm25,µg/m³,CMU,Carnegie Mellon University,low-cost,False,RAMP Sensor,40.44274,-79.944064,4.53,,,False,America/New_York,sensor,
pittsburgh,398948,North Braddock,Pittsburgh,2223244,pm25,µg/m³,AirNow,Unknown Governmental Organization,reference,False,Government Monitor,40.402267,-79.860942,12.22,2022-12-04T19:00:00Z,2026-10-02T21:00:00Z,True,America/New_York,sensor,
pittsburgh,402364,Clairton,Pittsburgh,2239433,pm25,µg/m³,AirNow,Unknown Governmental Organization,reference,False,Government Monitor,40.294381,-79.885303,18.61,2022-12-08T17:00:00Z,2026-10-02T21:00:00Z,True,America/New_York,sensor,
pittsburgh,402369,Avalon,Pittsburgh,2239461,pm25,µg/m³,AirNow,Unknown Governmental Organization,reference,False,Government Monitor,40.499789,-80.071347,9.26,2022-12-08T17:00:00Z,2026-05-12T11:00:00Z,True,America/New_York,sensor,
pittsburgh,938279,Millvale,,5836946,pm25,µg/m³,CMU,Carnegie Mellon University,low-cost,False,RAMP Sensor; RAMP Sensor; RAMP Sensor; RAMP Sensor; RAMP Sensor; RAMP Sensor; RAMP Sensor; RAMP Sensor; RAMP Sensor; RAMP Sensor; RAMP Sensor; RAMP Sensor; RAMP Sensor; RAMP Sensor; RAMP Sensor; RAMP Sensor; RAMP Sensor; RAMP Sensor; RAMP Sensor; RAMP Sensor; RAMP Sensor; RAMP Sensor; RAMP Sensor; RAMP Sensor; RAMP Sensor; RAMP Sensor; RAMP Sensor; RAMP Sensor; RAMP Sensor; RAMP Sensor; RAMP Sensor; RAMP Sensor; RAMP Sensor; RAMP Sensor; RAMP Sensor; RAMP Sensor; RAMP Sensor; RAMP Sensor; RAMP Sensor; RAMP Sensor; RAMP Sensor; RAMP Sensor; RAMP Sensor; RAMP Sensor; RAMP Sensor; RAMP Sensor; RAMP Sensor; RAMP Sensor; RAMP Sensor; RAMP Sensor; RAMP Sensor; RAMP Sensor; RAMP Sensor; RAMP Sensor; RAMP Sensor; RAMP Sensor; RAMP Sensor; RAMP Sensor; RAMP Sensor; RAMP Sensor; RAMP Sensor; RAMP Sensor; RAMP Sensor; RAMP Sensor; RAMP Sensor; RAMP Sensor; RAMP Sensor; RAMP Sensor; RAMP Sensor; RAMP Sensor; RAMP Sensor; RAMP Sensor; RAMP Sensor; RAMP Sensor; RAMP Sensor; RAMP Sensor; RAMP Sensor; RAMP Sensor; RAMP Sensor; RAMP Sensor; RAMP Sensor; RAMP Sensor; RAMP Sensor; RAMP Sensor; RAMP Sensor,40.4783,-79.970377,4.99,2022-02-08T23:00:00Z,2022-02-09T00:00:00Z,True,America/New_York,location record (sensors endpoint failed: HTTP 500),
pittsburgh,938279,Millvale,,5834770,pm25,µg/m³,CMU,Carnegie Mellon University,low-cost,False,RAMP Sensor; RAMP Sensor; RAMP Sensor; RAMP Sensor; RAMP Sensor; RAMP Sensor; RAMP Sensor; RAMP Sensor; RAMP Sensor; RAMP Sensor; RAMP Sensor; RAMP Sensor; RAMP Sensor; RAMP Sensor; RAMP Sensor; RAMP Sensor; RAMP Sensor; RAMP Sensor; RAMP Sensor; RAMP Sensor; RAMP Sensor; RAMP Sensor; RAMP Sensor; RAMP Sensor; RAMP Sensor; RAMP Sensor; RAMP Sensor; RAMP Sensor; RAMP Sensor; RAMP Sensor; RAMP Sensor; RAMP Sensor; RAMP Sensor; RAMP Sensor; RAMP Sensor; RAMP Sensor; RAMP Sensor; RAMP Sensor; RAMP Sensor; RAMP Sensor; RAMP Sensor; RAMP Sensor; RAMP Sensor; RAMP Sensor; RAMP Sensor; RAMP Sensor; RAMP Sensor; RAMP Sensor; RAMP Sensor; RAMP Sensor; RAMP Sensor; RAMP Sensor; RAMP Sensor; RAMP Sensor; RAMP Sensor; RAMP Sensor; RAMP Sensor; RAMP Sensor; RAMP Sensor; RAMP Sensor; RAMP Sensor; RAMP Sensor; RAMP Sensor; RAMP Sensor; RAMP Sensor; RAMP Sensor; RAMP Sensor; RAMP Sensor; RAMP Sensor; RAMP Sensor; RAMP Sensor; RAMP Sensor; RAMP Sensor; RAMP Sensor; RAMP Sensor; RAMP Sensor; RAMP Sensor; RAMP Sensor; RAMP Sensor; RAMP Sensor; RAMP Sensor; RAMP Sensor; RAMP Sensor; RAMP Sensor; RAMP Sensor,40.4783,-79.970377,4.99,2022-02-08T23:00:00Z,2022-02-09T00:00:00Z,True,America/New_York,location record (sensors endpoint failed: HTTP 500),
pittsburgh,938279,Millvale,,5974069,pm25,µg/m³,CMU,Carnegie Mellon University,low-cost,False,RAMP Sensor; RAMP Sensor; RAMP Sensor; RAMP Sensor; RAMP Sensor; RAMP Sensor; RAMP Sensor; RAMP Sensor; RAMP Sensor; RAMP Sensor; RAMP Sensor; RAMP Sensor; RAMP Sensor; RAMP Sensor; RAMP Sensor; RAMP Sensor; RAMP Sensor; RAMP Sensor; RAMP Sensor; RAMP Sensor; RAMP Sensor; RAMP Sensor; RAMP Sensor; RAMP Sensor; RAMP Sensor; RAMP Sensor; RAMP Sensor; RAMP Sensor; RAMP Sensor; RAMP Sensor; RAMP Sensor; RAMP Sensor; RAMP Sensor; RAMP Sensor; RAMP Sensor; RAMP Sensor; RAMP Sensor; RAMP Sensor; RAMP Sensor; RAMP Sensor; RAMP Sensor; RAMP Sensor; RAMP Sensor; RAMP Sensor; RAMP Sensor; RAMP Sensor; RAMP Sensor; RAMP Sensor; RAMP Sensor; RAMP Sensor; RAMP Sensor; RAMP Sensor; RAMP Sensor; RAMP Sensor; RAMP Sensor; RAMP Sensor; RAMP Sensor; RAMP Sensor; RAMP Sensor; RAMP Sensor; RAMP Sensor; RAMP Sensor; RAMP Sensor; RAMP Sensor; RAMP Sensor; RAMP Sensor; RAMP Sensor; RAMP Sensor; RAMP Sensor; RAMP Sensor; RAMP Sensor; RAMP Sensor; RAMP Sensor; RAMP Sensor; RAMP Sensor; RAMP Sensor; RAMP Sensor; RAMP Sensor; RAMP Sensor; RAMP Sensor; RAMP Sensor; RAMP Sensor; RAMP Sensor; RAMP Sensor; RAMP Sensor,40.4783,-79.970377,4.99,2022-02-08T23:00:00Z,2022-02-09T00:00:00Z,True,America/New_York,location record (sensors endpoint failed: HTTP 500),
pittsburgh,938279,Millvale,,5834689,pm25,µg/m³,CMU,Carnegie Mellon University,low-cost,False,RAMP Sensor; RAMP Sensor; RAMP Sensor; RAMP Sensor; RAMP Sensor; RAMP Sensor; RAMP Sensor; RAMP Sensor; RAMP Sensor; RAMP Sensor; RAMP Sensor; RAMP Sensor; RAMP Sensor; RAMP Sensor; RAMP Sensor; RAMP Sensor; RAMP Sensor; RAMP Sensor; RAMP Sensor; RAMP Sensor; RAMP Sensor; RAMP Sensor; RAMP Sensor; RAMP Sensor; RAMP Sensor; RAMP Sensor; RAMP Sensor; RAMP Sensor; RAMP Sensor; RAMP Sensor; RAMP Sensor; RAMP Sensor; RAMP Sensor; RAMP Sensor; RAMP Sensor; RAMP Sensor; RAMP Sensor; RAMP Sensor; RAMP Sensor; RAMP Sensor; RAMP Sensor; RAMP Sensor; RAMP Sensor; RAMP Sensor; RAMP Sensor; RAMP Sensor; RAMP Sensor; RAMP Sensor; RAMP Sensor; RAMP Sensor; RAMP Sensor; RAMP Sensor; RAMP Sensor; RAMP Sensor; RAMP Sensor; RAMP Sensor; RAMP Sensor; RAMP Sensor; RAMP Sensor; RAMP Sensor; RAMP Sensor; RAMP Sensor; RAMP Sensor; RAMP Sensor; RAMP Sensor; RAMP Sensor; RAMP Sensor; RAMP Sensor; RAMP Sensor; RAMP Sensor; RAMP Sensor; RAMP Sensor; RAMP Sensor; RAMP Sensor; RAMP Sensor; RAMP Sensor; RAMP Sensor; RAMP Sensor; RAMP Sensor; RAMP Sensor; RAMP Sensor; RAMP Sensor; RAMP Sensor; RAMP Sensor; RAMP Sensor,40.4783,-79.970377,4.99,2022-02-08T23:00:00Z,2022-02-09T00:00:00Z,True,America/New_York,location record (sensors endpoint failed: HTTP 500),
pittsburgh,938279,Millvale,,5830324,pm25,µg/m³,CMU,Carnegie Mellon University,low-cost,False,RAMP Sensor; RAMP Sensor; RAMP Sensor; RAMP Sensor; RAMP Sensor; RAMP Sensor; RAMP Sensor; RAMP Sensor; RAMP Sensor; RAMP Sensor; RAMP Sensor; RAMP Sensor; RAMP Sensor; RAMP Sensor; RAMP Sensor; RAMP Sensor; RAMP Sensor; RAMP Sensor; RAMP Sensor; RAMP Sensor; RAMP Sensor; RAMP Sensor; RAMP Sensor; RAMP Sensor; RAMP Sensor; RAMP Sensor; RAMP Sensor; RAMP Sensor; RAMP Sensor; RAMP Sensor; RAMP Sensor; RAMP Sensor; RAMP Sensor; RAMP Sensor; RAMP Sensor; RAMP Sensor; RAMP Sensor; RAMP Sensor; RAMP Sensor; RAMP Sensor; RAMP Sensor; RAMP Sensor; RAMP Sensor; RAMP Sensor; RAMP Sensor; RAMP Sensor; RAMP Sensor; RAMP Sensor; RAMP Sensor; RAMP Sensor; RAMP Sensor; RAMP Sensor; RAMP Sensor; RAMP Sensor; RAMP Sensor; RAMP Sensor; RAMP Sensor; RAMP Sensor; RAMP Sensor; RAMP Sensor; RAMP Sensor; RAMP Sensor; RAMP Sensor; RAMP Sensor; RAMP Sensor; RAMP Sensor; RAMP Sensor; RAMP Sensor; RAMP Sensor; RAMP Sensor; RAMP Sensor; RAMP Sensor; RAMP Sensor; RAMP Sensor; RAMP Sensor; RAMP Sensor; RAMP Sensor; RAMP Sensor; RAMP Sensor; RAMP Sensor; RAMP Sensor; RAMP Sensor; RAMP Sensor; RAMP Sensor; RAMP Sensor,40.4783,-79.970377,4.99,2022-02-08T23:00:00Z,2022-02-09T00:00:00Z,True,America/New_York,location record (sensors endpoint failed: HTTP 500),
pittsburgh,938279,Millvale,,5971963,pm25,µg/m³,CMU,Carnegie Mellon University,low-cost,False,RAMP Sensor; RAMP Sensor; RAMP Sensor; RAMP Sensor; RAMP Sensor; RAMP Sensor; RAMP Sensor; RAMP Sensor; RAMP Sensor; RAMP Sensor; RAMP Sensor; RAMP Sensor; RAMP Sensor; RAMP Sensor; RAMP Sensor; RAMP Sensor; RAMP Sensor; RAMP Sensor; RAMP Sensor; RAMP Sensor; RAMP Sensor; RAMP Sensor; RAMP Sensor; RAMP Sensor; RAMP Sensor; RAMP Sensor; RAMP Sensor; RAMP Sensor; RAMP Sensor; RAMP Sensor; RAMP Sensor; RAMP Sensor; RAMP Sensor; RAMP Sensor; RAMP Sensor; RAMP Sensor; RAMP Sensor; RAMP Sensor; RAMP Sensor; RAMP Sensor; RAMP Sensor; RAMP Sensor; RAMP Sensor; RAMP Sensor; RAMP Sensor; RAMP Sensor; RAMP Sensor; RAMP Sensor; RAMP Sensor; RAMP Sensor; RAMP Sensor; RAMP Sensor; RAMP Sensor; RAMP Sensor; RAMP Sensor; RAMP Sensor; RAMP Sensor; RAMP Sensor; RAMP Sensor; RAMP Sensor; RAMP Sensor; RAMP Sensor; RAMP Sensor; RAMP Sensor; RAMP Sensor; RAMP Sensor; RAMP Sensor; RAMP Sensor; RAMP Sensor; RAMP Sensor; RAMP Sensor; RAMP Sensor; RAMP Sensor; RAMP Sensor; RAMP Sensor; RAMP Sensor; RAMP Sensor; RAMP Sensor; RAMP Sensor; RAMP Sensor; RAMP Sensor; RAMP Sensor; RAMP Sensor; RAMP Sensor; RAMP Sensor,40.4783,-79.970377,4.99,2022-02-08T23:00:00Z,2022-02-09T00:00:00Z,True,America/New_York,location record (sensors endpoint failed: HTTP 500),
pittsburgh,938279,Millvale,,5976908,pm25,µg/m³,CMU,Carnegie Mellon University,low-cost,False,RAMP Sensor; RAMP Sensor; RAMP Sensor; RAMP Sensor; RAMP Sensor; RAMP Sensor; RAMP Sensor; RAMP Sensor; RAMP Sensor; RAMP Sensor; RAMP Sensor; RAMP Sensor; RAMP Sensor; RAMP Sensor; RAMP Sensor; RAMP Sensor; RAMP Sensor; RAMP Sensor; RAMP Sensor; RAMP Sensor; RAMP Sensor; RAMP Sensor; RAMP Sensor; RAMP Sensor; RAMP Sensor; RAMP Sensor; RAMP Sensor; RAMP Sensor; RAMP Sensor; RAMP Sensor; RAMP Sensor; RAMP Sensor; RAMP Sensor; RAMP Sensor; RAMP Sensor; RAMP Sensor; RAMP Sensor; RAMP Sensor; RAMP Sensor; RAMP Sensor; RAMP Sensor; RAMP Sensor; RAMP Sensor; RAMP Sensor; RAMP Sensor; RAMP Sensor; RAMP Sensor; RAMP Sensor; RAMP Sensor; RAMP Sensor; RAMP Sensor; RAMP Sensor; RAMP Sensor; RAMP Sensor; RAMP Sensor; RAMP Sensor; RAMP Sensor; RAMP Sensor; RAMP Sensor; RAMP Sensor; RAMP Sensor; RAMP Sensor; RAMP Sensor; RAMP Sensor; RAMP Sensor; RAMP Sensor; RAMP Sensor; RAMP Sensor; RAMP Sensor; RAMP Sensor; RAMP Sensor; RAMP Sensor; RAMP Sensor; RAMP Sensor; RAMP Sensor; RAMP Sensor; RAMP Sensor; RAMP Sensor; RAMP Sensor; RAMP Sensor; RAMP Sensor; RAMP Sensor; RAMP Sensor; RAMP Sensor; RAMP Sensor,40.4783,-79.970377,4.99,2022-02-08T23:00:00Z,2022-02-09T00:00:00Z,True,America/New_York,location record (sensors endpoint failed: HTTP 500),
pittsburgh,938279,Millvale,,5971686,pm25,µg/m³,CMU,Carnegie Mellon University,low-cost,False,RAMP Sensor; RAMP Sensor; RAMP Sensor; RAMP Sensor; RAMP Sensor; RAMP Sensor; RAMP Sensor; RAMP Sensor; RAMP Sensor; RAMP Sensor; RAMP Sensor; RAMP Sensor; RAMP Sensor; RAMP Sensor; RAMP Sensor; RAMP Sensor; RAMP Sensor; RAMP Sensor; RAMP Sensor; RAMP Sensor; RAMP Sensor; RAMP Sensor; RAMP Sensor; RAMP Sensor; RAMP Sensor; RAMP Sensor; RAMP Sensor; RAMP Sensor; RAMP Sensor; RAMP Sensor; RAMP Sensor; RAMP Sensor; RAMP Sensor; RAMP Sensor; RAMP Sensor; RAMP Sensor; RAMP Sensor; RAMP Sensor; RAMP Sensor; RAMP Sensor; RAMP Sensor; RAMP Sensor; RAMP Sensor; RAMP Sensor; RAMP Sensor; RAMP Sensor; RAMP Sensor; RAMP Sensor; RAMP Sensor; RAMP Sensor; RAMP Sensor; RAMP Sensor; RAMP Sensor; RAMP Sensor; RAMP Sensor; RAMP Sensor; RAMP Sensor; RAMP Sensor; RAMP Sensor; RAMP Sensor; RAMP Sensor; RAMP Sensor; RAMP Sensor; RAMP Sensor; RAMP Sensor; RAMP Sensor; RAMP Sensor; RAMP Sensor; RAMP Sensor; RAMP Sensor; RAMP Sensor; RAMP Sensor; RAMP Sensor; RAMP Sensor; RAMP Sensor; RAMP Sensor; RAMP Sensor; RAMP Sensor; RAMP Sensor; RAMP Sensor; RAMP Sensor; RAMP Sensor; RAMP Sensor; RAMP Sensor; RAMP Sensor,40.4783,-79.970377,4.99,2022-02-08T23:00:00Z,2022-02-09T00:00:00Z,True,America/New_York,location record (sensors endpoint failed: HTTP 500),
pittsburgh,938279,Millvale,,5973882,pm25,µg/m³,CMU,Carnegie Mellon University,low-cost,False,RAMP Sensor; RAMP Sensor; RAMP Sensor; RAMP Sensor; RAMP Sensor; RAMP Sensor; RAMP Sensor; RAMP Sensor; RAMP Sensor; RAMP Sensor; RAMP Sensor; RAMP Sensor; RAMP Sensor; RAMP Sensor; RAMP Sensor; RAMP Sensor; RAMP Sensor; RAMP Sensor; RAMP Sensor; RAMP Sensor; RAMP Sensor; RAMP Sensor; RAMP Sensor; RAMP Sensor; RAMP Sensor; RAMP Sensor; RAMP Sensor; RAMP Sensor; RAMP Sensor; RAMP Sensor; RAMP Sensor; RAMP Sensor; RAMP Sensor; RAMP Sensor; RAMP Sensor; RAMP Sensor; RAMP Sensor; RAMP Sensor; RAMP Sensor; RAMP Sensor; RAMP Sensor; RAMP Sensor; RAMP Sensor; RAMP Sensor; RAMP Sensor; RAMP Sensor; RAMP Sensor; RAMP Sensor; RAMP Sensor; RAMP Sensor; RAMP Sensor; RAMP Sensor; RAMP Sensor; RAMP Sensor; RAMP Sensor; RAMP Sensor; RAMP Sensor; RAMP Sensor; RAMP Sensor; RAMP Sensor; RAMP Sensor; RAMP Sensor; RAMP Sensor; RAMP Sensor; RAMP Sensor; RAMP Sensor; RAMP Sensor; RAMP Sensor; RAMP Sensor; RAMP Sensor; RAMP Sensor; RAMP Sensor; RAMP Sensor; RAMP Sensor; RAMP Sensor; RAMP Sensor; RAMP Sensor; RAMP Sensor; RAMP Sensor; RAMP Sensor; RAMP Sensor; RAMP Sensor; RAMP Sensor; RAMP Sensor; RAMP Sensor,40.4783,-79.970377,4.99,2022-02-08T23:00:00Z,2022-02-09T00:00:00Z,True,America/New_York,location record (sensors endpoint failed: HTTP 500),
pittsburgh,938279,Millvale,,5837180,pm25,µg/m³,CMU,Carnegie Mellon University,low-cost,False,RAMP Sensor; RAMP Sensor; RAMP Sensor; RAMP Sensor; RAMP Sensor; RAMP Sensor; RAMP Sensor; RAMP Sensor; RAMP Sensor; RAMP Sensor; RAMP Sensor; RAMP Sensor; RAMP Sensor; RAMP Sensor; RAMP Sensor; RAMP Sensor; RAMP Sensor; RAMP Sensor; RAMP Sensor; RAMP Sensor; RAMP Sensor; RAMP Sensor; RAMP Sensor; RAMP Sensor; RAMP Sensor; RAMP Sensor; RAMP Sensor; RAMP Sensor; RAMP Sensor; RAMP Sensor; RAMP Sensor; RAMP Sensor; RAMP Sensor; RAMP Sensor; RAMP Sensor; RAMP Sensor; RAMP Sensor; RAMP Sensor; RAMP Sensor; RAMP Sensor; RAMP Sensor; RAMP Sensor; RAMP Sensor; RAMP Sensor; RAMP Sensor; RAMP Sensor; RAMP Sensor; RAMP Sensor; RAMP Sensor; RAMP Sensor; RAMP Sensor; RAMP Sensor; RAMP Sensor; RAMP Sensor; RAMP Sensor; RAMP Sensor; RAMP Sensor; RAMP Sensor; RAMP Sensor; RAMP Sensor; RAMP Sensor; RAMP Sensor; RAMP Sensor; RAMP Sensor; RAMP Sensor; RAMP Sensor; RAMP Sensor; RAMP Sensor; RAMP Sensor; RAMP Sensor; RAMP Sensor; RAMP Sensor; RAMP Sensor; RAMP Sensor; RAMP Sensor; RAMP Sensor; RAMP Sensor; RAMP Sensor; RAMP Sensor; RAMP Sensor; RAMP Sensor; RAMP Sensor; RAMP Sensor; RAMP Sensor; RAMP Sensor,40.4783,-79.970377,4.99,2022-02-08T23:00:00Z,2022-02-09T00:00:00Z,True,America/New_York,location record (sensors endpoint failed: HTTP 500),
pittsburgh,938279,Millvale,,5974033,pm25,µg/m³,CMU,Carnegie Mellon University,low-cost,False,RAMP Sensor; RAMP Sensor; RAMP Sensor; RAMP Sensor; RAMP Sensor; RAMP Sensor; RAMP Sensor; RAMP Sensor; RAMP Sensor; RAMP Sensor; RAMP Sensor; RAMP Sensor; RAMP Sensor; RAMP Sensor; RAMP Sensor; RAMP Sensor; RAMP Sensor; RAMP Sensor; RAMP Sensor; RAMP Sensor; RAMP Sensor; RAMP Sensor; RAMP Sensor; RAMP Sensor; RAMP Sensor; RAMP Sensor; RAMP Sensor; RAMP Sensor; RAMP Sensor; RAMP Sensor; RAMP Sensor; RAMP Sensor; RAMP Sensor; RAMP Sensor; RAMP Sensor; RAMP Sensor; RAMP Sensor; RAMP Sensor; RAMP Sensor; RAMP Sensor; RAMP Sensor; RAMP Sensor; RAMP Sensor; RAMP Sensor; RAMP Sensor; RAMP Sensor; RAMP Sensor; RAMP Sensor; RAMP Sensor; RAMP Sensor; RAMP Sensor; RAMP Sensor; RAMP Sensor; RAMP Sensor; RAMP Sensor; RAMP Sensor; RAMP Sensor; RAMP Sensor; RAMP Sensor; RAMP Sensor; RAMP Sensor; RAMP Sensor; RAMP Sensor; RAMP Sensor; RAMP Sensor; RAMP Sensor; RAMP Sensor; RAMP Sensor; RAMP Sensor; RAMP Sensor; RAMP Sensor; RAMP Sensor; RAMP Sensor; RAMP Sensor; RAMP Sensor; RAMP Sensor; RAMP Sensor; RAMP Sensor; RAMP Sensor; RAMP Sensor; RAMP Sensor; RAMP Sensor; RAMP Sensor; RAMP Sensor; RAMP Sensor,40.4783,-79.970377,4.99,2022-02-08T23:00:00Z,2022-02-09T00:00:00Z,True,America/New_York,location record (sensors endpoint failed: HTTP 500),
pittsburgh,938279,Millvale,,5974605,pm25,µg/m³,CMU,Carnegie Mellon University,low-cost,False,RAMP Sensor; RAMP Sensor; RAMP Sensor; RAMP Sensor; RAMP Sensor; RAMP Sensor; RAMP Sensor; RAMP Sensor; RAMP Sensor; RAMP Sensor; RAMP Sensor; RAMP Sensor; RAMP Sensor; RAMP Sensor; RAMP Sensor; RAMP Sensor; RAMP Sensor; RAMP Sensor; RAMP Sensor; RAMP Sensor; RAMP Sensor; RAMP Sensor; RAMP Sensor; RAMP Sensor; RAMP Sensor; RAMP Sensor; RAMP Sensor; RAMP Sensor; RAMP Sensor; RAMP Sensor; RAMP Sensor; RAMP Sensor; RAMP Sensor; RAMP Sensor; RAMP Sensor; RAMP Sensor; RAMP Sensor; RAMP Sensor; RAMP Sensor; RAMP Sensor; RAMP Sensor; RAMP Sensor; RAMP Sensor; RAMP Sensor; RAMP Sensor; RAMP Sensor; RAMP Sensor; RAMP Sensor; RAMP Sensor; RAMP Sensor; RAMP Sensor; RAMP Sensor; RAMP Sensor; RAMP Sensor; RAMP Sensor; RAMP Sensor; RAMP Sensor; RAMP Sensor; RAMP Sensor; RAMP Sensor; RAMP Sensor; RAMP Sensor; RAMP Sensor; RAMP Sensor; RAMP Sensor; RAMP Sensor; RAMP Sensor; RAMP Sensor; RAMP Sensor; RAMP Sensor; RAMP Sensor; RAMP Sensor; RAMP Sensor; RAMP Sensor; RAMP Sensor; RAMP Sensor; RAMP Sensor; RAMP Sensor; RAMP Sensor; RAMP Sensor; RAMP Sensor; RAMP Sensor; RAMP Sensor; RAMP Sensor; RAMP Sensor,40.4783,-79.970377,4.99,2022-02-08T23:00:00Z,2022-02-09T00:00:00Z,True,America/New_York,location record (sensors endpoint failed: HTTP 500),
pittsburgh,938279,Millvale,,5967690,pm25,µg/m³,CMU,Carnegie Mellon University,low-cost,False,RAMP Sensor; RAMP Sensor; RAMP Sensor; RAMP Sensor; RAMP Sensor; RAMP Sensor; RAMP Sensor; RAMP Sensor; RAMP Sensor; RAMP Sensor; RAMP Sensor; RAMP Sensor; RAMP Sensor; RAMP Sensor; RAMP Sensor; RAMP Sensor; RAMP Sensor; RAMP Sensor; RAMP Sensor; RAMP Sensor; RAMP Sensor; RAMP Sensor; RAMP Sensor; RAMP Sensor; RAMP Sensor; RAMP Sensor; RAMP Sensor; RAMP Sensor; RAMP Sensor; RAMP Sensor; RAMP Sensor; RAMP Sensor; RAMP Sensor; RAMP Sensor; RAMP Sensor; RAMP Sensor; RAMP Sensor; RAMP Sensor; RAMP Sensor; RAMP Sensor; RAMP Sensor; RAMP Sensor; RAMP Sensor; RAMP Sensor; RAMP Sensor; RAMP Sensor; RAMP Sensor; RAMP Sensor; RAMP Sensor; RAMP Sensor; RAMP Sensor; RAMP Sensor; RAMP Sensor; RAMP Sensor; RAMP Sensor; RAMP Sensor; RAMP Sensor; RAMP Sensor; RAMP Sensor; RAMP Sensor; RAMP Sensor; RAMP Sensor; RAMP Sensor; RAMP Sensor; RAMP Sensor; RAMP Sensor; RAMP Sensor; RAMP Sensor; RAMP Sensor; RAMP Sensor; RAMP Sensor; RAMP Sensor; RAMP Sensor; RAMP Sensor; RAMP Sensor; RAMP Sensor; RAMP Sensor; RAMP Sensor; RAMP Sensor; RAMP Sensor; RAMP Sensor; RAMP Sensor; RAMP Sensor; RAMP Sensor; RAMP Sensor,40.4783,-79.970377,4.99,2022-02-08T23:00:00Z,2022-02-09T00:00:00Z,True,America/New_York,location record (sensors endpoint failed: HTTP 500),
pittsburgh,938279,Millvale,,5970656,pm25,µg/m³,CMU,Carnegie Mellon University,low-cost,False,RAMP Sensor; RAMP Sensor; RAMP Sensor; RAMP Sensor; RAMP Sensor; RAMP Sensor; RAMP Sensor; RAMP Sensor; RAMP Sensor; RAMP Sensor; RAMP Sensor; RAMP Sensor; RAMP Sensor; RAMP Sensor; RAMP Sensor; RAMP Sensor; RAMP Sensor; RAMP Sensor; RAMP Sensor; RAMP Sensor; RAMP Sensor; RAMP Sensor; RAMP Sensor; RAMP Sensor; RAMP Sensor; RAMP Sensor; RAMP Sensor; RAMP Sensor; RAMP Sensor; RAMP Sensor; RAMP Sensor; RAMP Sensor; RAMP Sensor; RAMP Sensor; RAMP Sensor; RAMP Sensor; RAMP Sensor; RAMP Sensor; RAMP Sensor; RAMP Sensor; RAMP Sensor; RAMP Sensor; RAMP Sensor; RAMP Sensor; RAMP Sensor; RAMP Sensor; RAMP Sensor; RAMP Sensor; RAMP Sensor; RAMP Sensor; RAMP Sensor; RAMP Sensor; RAMP Sensor; RAMP Sensor; RAMP Sensor; RAMP Sensor; RAMP Sensor; RAMP Sensor; RAMP Sensor; RAMP Sensor; RAMP Sensor; RAMP Sensor; RAMP Sensor; RAMP Sensor; RAMP Sensor; RAMP Sensor; RAMP Sensor; RAMP Sensor; RAMP Sensor; RAMP Sensor; RAMP Sensor; RAMP Sensor; RAMP Sensor; RAMP Sensor; RAMP Sensor; RAMP Sensor; RAMP Sensor; RAMP Sensor; RAMP Sensor; RAMP Sensor; RAMP Sensor; RAMP Sensor; RAMP Sensor; RAMP Sensor; RAMP Sensor,40.4783,-79.970377,4.99,2022-02-08T23:00:00Z,2022-02-09T00:00:00Z,True,America/New_York,location record (sensors endpoint failed: HTTP 500),
pittsburgh,938279,Millvale,,5976536,pm25,µg/m³,CMU,Carnegie Mellon University,low-cost,False,RAMP Sensor; RAMP Sensor; RAMP Sensor; RAMP Sensor; RAMP Sensor; RAMP Sensor; RAMP Sensor; RAMP Sensor; RAMP Sensor; RAMP Sensor; RAMP Sensor; RAMP Sensor; RAMP Sensor; RAMP Sensor; RAMP Sensor; RAMP Sensor; RAMP Sensor; RAMP Sensor; RAMP Sensor; RAMP Sensor; RAMP Sensor; RAMP Sensor; RAMP Sensor; RAMP Sensor; RAMP Sensor; RAMP Sensor; RAMP Sensor; RAMP Sensor; RAMP Sensor; RAMP Sensor; RAMP Sensor; RAMP Sensor; RAMP Sensor; RAMP Sensor; RAMP Sensor; RAMP Sensor; RAMP Sensor; RAMP Sensor; RAMP Sensor; RAMP Sensor; RAMP Sensor; RAMP Sensor; RAMP Sensor; RAMP Sensor; RAMP Sensor; RAMP Sensor; RAMP Sensor; RAMP Sensor; RAMP Sensor; RAMP Sensor; RAMP Sensor; RAMP Sensor; RAMP Sensor; RAMP Sensor; RAMP Sensor; RAMP Sensor; RAMP Sensor; RAMP Sensor; RAMP Sensor; RAMP Sensor; RAMP Sensor; RAMP Sensor; RAMP Sensor; RAMP Sensor; RAMP Sensor; RAMP Sensor; RAMP Sensor; RAMP Sensor; RAMP Sensor; RAMP Sensor; RAMP Sensor; RAMP Sensor; RAMP Sensor; RAMP Sensor; RAMP Sensor; RAMP Sensor; RAMP Sensor; RAMP Sensor; RAMP Sensor; RAMP Sensor; RAMP Sensor; RAMP Sensor; RAMP Sensor; RAMP Sensor; RAMP Sensor,40.4783,-79.970377,4.99,2022-02-08T23:00:00Z,2022-02-09T00:00:00Z,True,America/New_York,location record (sensors endpoint failed: HTTP 500),
pittsburgh,938279,Millvale,,5971804,pm25,µg/m³,CMU,Carnegie Mellon University,low-cost,False,RAMP Sensor; RAMP Sensor; RAMP Sensor; RAMP Sensor; RAMP Sensor; RAMP Sensor; RAMP Sensor; RAMP Sensor; RAMP Sensor; RAMP Sensor; RAMP Sensor; RAMP Sensor; RAMP Sensor; RAMP Sensor; RAMP Sensor; RAMP Sensor; RAMP Sensor; RAMP Sensor; RAMP Sensor; RAMP Sensor; RAMP Sensor; RAMP Sensor; RAMP Sensor; RAMP Sensor; RAMP Sensor; RAMP Sensor; RAMP Sensor; RAMP Sensor; RAMP Sensor; RAMP Sensor; RAMP Sensor; RAMP Sensor; RAMP Sensor; RAMP Sensor; RAMP Sensor; RAMP Sensor; RAMP Sensor; RAMP Sensor; RAMP Sensor; RAMP Sensor; RAMP Sensor; RAMP Sensor; RAMP Sensor; RAMP Sensor; RAMP Sensor; RAMP Sensor; RAMP Sensor; RAMP Sensor; RAMP Sensor; RAMP Sensor; RAMP Sensor; RAMP Sensor; RAMP Sensor; RAMP Sensor; RAMP Sensor; RAMP Sensor; RAMP Sensor; RAMP Sensor; RAMP Sensor; RAMP Sensor; RAMP Sensor; RAMP Sensor; RAMP Sensor; RAMP Sensor; RAMP Sensor; RAMP Sensor; RAMP Sensor; RAMP Sensor; RAMP Sensor; RAMP Sensor; RAMP Sensor; RAMP Sensor; RAMP Sensor; RAMP Sensor; RAMP Sensor; RAMP Sensor; RAMP Sensor; RAMP Sensor; RAMP Sensor; RAMP Sensor; RAMP Sensor; RAMP Sensor; RAMP Sensor; RAMP Sensor; RAMP Sensor,40.4783,-79.970377,4.99,2022-02-08T23:00:00Z,2022-02-09T00:00:00Z,True,America/New_York,location record (sensors endpoint failed: HTTP 500),
pittsburgh,938279,Millvale,,5973864,pm25,µg/m³,CMU,Carnegie Mellon University,low-cost,False,RAMP Sensor; RAMP Sensor; RAMP Sensor; RAMP Sensor; RAMP Sensor; RAMP Sensor; RAMP Sensor; RAMP Sensor; RAMP Sensor; RAMP Sensor; RAMP Sensor; RAMP Sensor; RAMP Sensor; RAMP Sensor; RAMP Sensor; RAMP Sensor; RAMP Sensor; RAMP Sensor; RAMP Sensor; RAMP Sensor; RAMP Sensor; RAMP Sensor; RAMP Sensor; RAMP Sensor; RAMP Sensor; RAMP Sensor; RAMP Sensor; RAMP Sensor; RAMP Sensor; RAMP Sensor; RAMP Sensor; RAMP Sensor; RAMP Sensor; RAMP Sensor; RAMP Sensor; RAMP Sensor; RAMP Sensor; RAMP Sensor; RAMP Sensor; RAMP Sensor; RAMP Sensor; RAMP Sensor; RAMP Sensor; RAMP Sensor; RAMP Sensor; RAMP Sensor; RAMP Sensor; RAMP Sensor; RAMP Sensor; RAMP Sensor; RAMP Sensor; RAMP Sensor; RAMP Sensor; RAMP Sensor; RAMP Sensor; RAMP Sensor; RAMP Sensor; RAMP Sensor; RAMP Sensor; RAMP Sensor; RAMP Sensor; RAMP Sensor; RAMP Sensor; RAMP Sensor; RAMP Sensor; RAMP Sensor; RAMP Sensor; RAMP Sensor; RAMP Sensor; RAMP Sensor; RAMP Sensor; RAMP Sensor; RAMP Sensor; RAMP Sensor; RAMP Sensor; RAMP Sensor; RAMP Sensor; RAMP Sensor; RAMP Sensor; RAMP Sensor; RAMP Sensor; RAMP Sensor; RAMP Sensor; RAMP Sensor; RAMP Sensor,40.4783,-79.970377,4.99,2022-02-08T23:00:00Z,2022-02-09T00:00:00Z,True,America/New_York,location record (sensors endpoint failed: HTTP 500),
pittsburgh,938279,Millvale,,5972301,pm25,µg/m³,CMU,Carnegie Mellon University,low-cost,False,RAMP Sensor; RAMP Sensor; RAMP Sensor; RAMP Sensor; RAMP Sensor; RAMP Sensor; RAMP Sensor; RAMP Sensor; RAMP Sensor; RAMP Sensor; RAMP Sensor; RAMP Sensor; RAMP Sensor; RAMP Sensor; RAMP Sensor; RAMP Sensor; RAMP Sensor; RAMP Sensor; RAMP Sensor; RAMP Sensor; RAMP Sensor; RAMP Sensor; RAMP Sensor; RAMP Sensor; RAMP Sensor; RAMP Sensor; RAMP Sensor; RAMP Sensor; RAMP Sensor; RAMP Sensor; RAMP Sensor; RAMP Sensor; RAMP Sensor; RAMP Sensor; RAMP Sensor; RAMP Sensor; RAMP Sensor; RAMP Sensor; RAMP Sensor; RAMP Sensor; RAMP Sensor; RAMP Sensor; RAMP Sensor; RAMP Sensor; RAMP Sensor; RAMP Sensor; RAMP Sensor; RAMP Sensor; RAMP Sensor; RAMP Sensor; RAMP Sensor; RAMP Sensor; RAMP Sensor; RAMP Sensor; RAMP Sensor; RAMP Sensor; RAMP Sensor; RAMP Sensor; RAMP Sensor; RAMP Sensor; RAMP Sensor; RAMP Sensor; RAMP Sensor; RAMP Sensor; RAMP Sensor; RAMP Sensor; RAMP Sensor; RAMP Sensor; RAMP Sensor; RAMP Sensor; RAMP Sensor; RAMP Sensor; RAMP Sensor; RAMP Sensor; RAMP Sensor; RAMP Sensor; RAMP Sensor; RAMP Sensor; RAMP Sensor; RAMP Sensor; RAMP Sensor; RAMP Sensor; RAMP Sensor; RAMP Sensor; RAMP Sensor,40.4783,-79.970377,4.99,2022-02-08T23:00:00Z,2022-02-09T00:00:00Z,True,America/New_York,location record (sensors endpoint failed: HTTP 500),
pittsburgh,938279,Millvale,,5976410,pm25,µg/m³,CMU,Carnegie Mellon University,low-cost,False,RAMP Sensor; RAMP Sensor; RAMP Sensor; RAMP Sensor; RAMP Sensor; RAMP Sensor; RAMP Sensor; RAMP Sensor; RAMP Sensor; RAMP Sensor; RAMP Sensor; RAMP Sensor; RAMP Sensor; RAMP Sensor; RAMP Sensor; RAMP Sensor; RAMP Sensor; RAMP Sensor; RAMP Sensor; RAMP Sensor; RAMP Sensor; RAMP Sensor; RAMP Sensor; RAMP Sensor; RAMP Sensor; RAMP Sensor; RAMP Sensor; RAMP Sensor; RAMP Sensor; RAMP Sensor; RAMP Sensor; RAMP Sensor; RAMP Sensor; RAMP Sensor; RAMP Sensor; RAMP Sensor; RAMP Sensor; RAMP Sensor; RAMP Sensor; RAMP Sensor; RAMP Sensor; RAMP Sensor; RAMP Sensor; RAMP Sensor; RAMP Sensor; RAMP Sensor; RAMP Sensor; RAMP Sensor; RAMP Sensor; RAMP Sensor; RAMP Sensor; RAMP Sensor; RAMP Sensor; RAMP Sensor; RAMP Sensor; RAMP Sensor; RAMP Sensor; RAMP Sensor; RAMP Sensor; RAMP Sensor; RAMP Sensor; RAMP Sensor; RAMP Sensor; RAMP Sensor; RAMP Sensor; RAMP Sensor; RAMP Sensor; RAMP Sensor; RAMP Sensor; RAMP Sensor; RAMP Sensor; RAMP Sensor; RAMP Sensor; RAMP Sensor; RAMP Sensor; RAMP Sensor; RAMP Sensor; RAMP Sensor; RAMP Sensor; RAMP Sensor; RAMP Sensor; RAMP Sensor; RAMP Sensor; RAMP Sensor; RAMP Sensor,40.4783,-79.970377,4.99,2022-02-08T23:00:00Z,2022-02-09T00:00:00Z,True,America/New_York,location record (sensors endpoint failed: HTTP 500),
pittsburgh,938279,Millvale,,5976916,pm25,µg/m³,CMU,Carnegie Mellon University,low-cost,False,RAMP Sensor; RAMP Sensor; RAMP Sensor; RAMP Sensor; RAMP Sensor; RAMP Sensor; RAMP Sensor; RAMP Sensor; RAMP Sensor; RAMP Sensor; RAMP Sensor; RAMP Sensor; RAMP Sensor; RAMP Sensor; RAMP Sensor; RAMP Sensor; RAMP Sensor; RAMP Sensor; RAMP Sensor; RAMP Sensor; RAMP Sensor; RAMP Sensor; RAMP Sensor; RAMP Sensor; RAMP Sensor; RAMP Sensor; RAMP Sensor; RAMP Sensor; RAMP Sensor; RAMP Sensor; RAMP Sensor; RAMP Sensor; RAMP Sensor; RAMP Sensor; RAMP Sensor; RAMP Sensor; RAMP Sensor; RAMP Sensor; RAMP Sensor; RAMP Sensor; RAMP Sensor; RAMP Sensor; RAMP Sensor; RAMP Sensor; RAMP Sensor; RAMP Sensor; RAMP Sensor; RAMP Sensor; RAMP Sensor; RAMP Sensor; RAMP Sensor; RAMP Sensor; RAMP Sensor; RAMP Sensor; RAMP Sensor; RAMP Sensor; RAMP Sensor; RAMP Sensor; RAMP Sensor; RAMP Sensor; RAMP Sensor; RAMP Sensor; RAMP Sensor; RAMP Sensor; RAMP Sensor; RAMP Sensor; RAMP Sensor; RAMP Sensor; RAMP Sensor; RAMP Sensor; RAMP Sensor; RAMP Sensor; RAMP Sensor; RAMP Sensor; RAMP Sensor; RAMP Sensor; RAMP Sensor; RAMP Sensor; RAMP Sensor; RAMP Sensor; RAMP Sensor; RAMP Sensor; RAMP Sensor; RAMP Sensor; RAMP Sensor,40.4783,-79.970377,4.99,2022-02-08T23:00:00Z,2022-02-09T00:00:00Z,True,America/New_York,location record (sensors endpoint failed: HTTP 500),
pittsburgh,938279,Millvale,,5974404,pm25,µg/m³,CMU,Carnegie Mellon University,low-cost,False,RAMP Sensor; RAMP Sensor; RAMP Sensor; RAMP Sensor; RAMP Sensor; RAMP Sensor; RAMP Sensor; RAMP Sensor; RAMP Sensor; RAMP Sensor; RAMP Sensor; RAMP Sensor; RAMP Sensor; RAMP Sensor; RAMP Sensor; RAMP Sensor; RAMP Sensor; RAMP Sensor; RAMP Sensor; RAMP Sensor; RAMP Sensor; RAMP Sensor; RAMP Sensor; RAMP Sensor; RAMP Sensor; RAMP Sensor; RAMP Sensor; RAMP Sensor; RAMP Sensor; RAMP Sensor; RAMP Sensor; RAMP Sensor; RAMP Sensor; RAMP Sensor; RAMP Sensor; RAMP Sensor; RAMP Sensor; RAMP Sensor; RAMP Sensor; RAMP Sensor; RAMP Sensor; RAMP Sensor; RAMP Sensor; RAMP Sensor; RAMP Sensor; RAMP Sensor; RAMP Sensor; RAMP Sensor; RAMP Sensor; RAMP Sensor; RAMP Sensor; RAMP Sensor; RAMP Sensor; RAMP Sensor; RAMP Sensor; RAMP Sensor; RAMP Sensor; RAMP Sensor; RAMP Sensor; RAMP Sensor; RAMP Sensor; RAMP Sensor; RAMP Sensor; RAMP Sensor; RAMP Sensor; RAMP Sensor; RAMP Sensor; RAMP Sensor; RAMP Sensor; RAMP Sensor; RAMP Sensor; RAMP Sensor; RAMP Sensor; RAMP Sensor; RAMP Sensor; RAMP Sensor; RAMP Sensor; RAMP Sensor; RAMP Sensor; RAMP Sensor; RAMP Sensor; RAMP Sensor; RAMP Sensor; RAMP Sensor; RAMP Sensor,40.4783,-79.970377,4.99,2022-02-08T23:00:00Z,2022-02-09T00:00:00Z,True,America/New_York,location record (sensors endpoint failed: HTTP 500),
pittsburgh,938279,Millvale,,5973604,pm25,µg/m³,CMU,Carnegie Mellon University,low-cost,False,RAMP Sensor; RAMP Sensor; RAMP Sensor; RAMP Sensor; RAMP Sensor; RAMP Sensor; RAMP Sensor; RAMP Sensor; RAMP Sensor; RAMP Sensor; RAMP Sensor; RAMP Sensor; RAMP Sensor; RAMP Sensor; RAMP Sensor; RAMP Sensor; RAMP Sensor; RAMP Sensor; RAMP Sensor; RAMP Sensor; RAMP Sensor; RAMP Sensor; RAMP Sensor; RAMP Sensor; RAMP Sensor; RAMP Sensor; RAMP Sensor; RAMP Sensor; RAMP Sensor; RAMP Sensor; RAMP Sensor; RAMP Sensor; RAMP Sensor; RAMP Sensor; RAMP Sensor; RAMP Sensor; RAMP Sensor; RAMP Sensor; RAMP Sensor; RAMP Sensor; RAMP Sensor; RAMP Sensor; RAMP Sensor; RAMP Sensor; RAMP Sensor; RAMP Sensor; RAMP Sensor; RAMP Sensor; RAMP Sensor; RAMP Sensor; RAMP Sensor; RAMP Sensor; RAMP Sensor; RAMP Sensor; RAMP Sensor; RAMP Sensor; RAMP Sensor; RAMP Sensor; RAMP Sensor; RAMP Sensor; RAMP Sensor; RAMP Sensor; RAMP Sensor; RAMP Sensor; RAMP Sensor; RAMP Sensor; RAMP Sensor; RAMP Sensor; RAMP Sensor; RAMP Sensor; RAMP Sensor; RAMP Sensor; RAMP Sensor; RAMP Sensor; RAMP Sensor; RAMP Sensor; RAMP Sensor; RAMP Sensor; RAMP Sensor; RAMP Sensor; RAMP Sensor; RAMP Sensor; RAMP Sensor; RAMP Sensor; RAMP Sensor,40.4783,-79.970377,4.99,2022-02-08T23:00:00Z,2022-02-09T00:00:00Z,True,America/New_York,location record (sensors endpoint failed: HTTP 500),
pittsburgh,938279,Millvale,,5973118,pm25,µg/m³,CMU,Carnegie Mellon University,low-cost,False,RAMP Sensor; RAMP Sensor; RAMP Sensor; RAMP Sensor; RAMP Sensor; RAMP Sensor; RAMP Sensor; RAMP Sensor; RAMP Sensor; RAMP Sensor; RAMP Sensor; RAMP Sensor; RAMP Sensor; RAMP Sensor; RAMP Sensor; RAMP Sensor; RAMP Sensor; RAMP Sensor; RAMP Sensor; RAMP Sensor; RAMP Sensor; RAMP Sensor; RAMP Sensor; RAMP Sensor; RAMP Sensor; RAMP Sensor; RAMP Sensor; RAMP Sensor; RAMP Sensor; RAMP Sensor; RAMP Sensor; RAMP Sensor; RAMP Sensor; RAMP Sensor; RAMP Sensor; RAMP Sensor; RAMP Sensor; RAMP Sensor; RAMP Sensor; RAMP Sensor; RAMP Sensor; RAMP Sensor; RAMP Sensor; RAMP Sensor; RAMP Sensor; RAMP Sensor; RAMP Sensor; RAMP Sensor; RAMP Sensor; RAMP Sensor; RAMP Sensor; RAMP Sensor; RAMP Sensor; RAMP Sensor; RAMP Sensor; RAMP Sensor; RAMP Sensor; RAMP Sensor; RAMP Sensor; RAMP Sensor; RAMP Sensor; RAMP Sensor; RAMP Sensor; RAMP Sensor; RAMP Sensor; RAMP Sensor; RAMP Sensor; RAMP Sensor; RAMP Sensor; RAMP Sensor; RAMP Sensor; RAMP Sensor; RAMP Sensor; RAMP Sensor; RAMP Sensor; RAMP Sensor; RAMP Sensor; RAMP Sensor; RAMP Sensor; RAMP Sensor; RAMP Sensor; RAMP Sensor; RAMP Sensor; RAMP Sensor; RAMP Sensor,40.4783,-79.970377,4.99,2022-02-08T23:00:00Z,2022-02-09T00:00:00Z,True,America/New_York,location record (sensors endpoint failed: HTTP 500),
pittsburgh,938279,Millvale,,5836219,pm25,µg/m³,CMU,Carnegie Mellon University,low-cost,False,RAMP Sensor; RAMP Sensor; RAMP Sensor; RAMP Sensor; RAMP Sensor; RAMP Sensor; RAMP Sensor; RAMP Sensor; RAMP Sensor; RAMP Sensor; RAMP Sensor; RAMP Sensor; RAMP Sensor; RAMP Sensor; RAMP Sensor; RAMP Sensor; RAMP Sensor; RAMP Sensor; RAMP Sensor; RAMP Sensor; RAMP Sensor; RAMP Sensor; RAMP Sensor; RAMP Sensor; RAMP Sensor; RAMP Sensor; RAMP Sensor; RAMP Sensor; RAMP Sensor; RAMP Sensor; RAMP Sensor; RAMP Sensor; RAMP Sensor; RAMP Sensor; RAMP Sensor; RAMP Sensor; RAMP Sensor; RAMP Sensor; RAMP Sensor; RAMP Sensor; RAMP Sensor; RAMP Sensor; RAMP Sensor; RAMP Sensor; RAMP Sensor; RAMP Sensor; RAMP Sensor; RAMP Sensor; RAMP Sensor; RAMP Sensor; RAMP Sensor; RAMP Sensor; RAMP Sensor; RAMP Sensor; RAMP Sensor; RAMP Sensor; RAMP Sensor; RAMP Sensor; RAMP Sensor; RAMP Sensor; RAMP Sensor; RAMP Sensor; RAMP Sensor; RAMP Sensor; RAMP Sensor; RAMP Sensor; RAMP Sensor; RAMP Sensor; RAMP Sensor; RAMP Sensor; RAMP Sensor; RAMP Sensor; RAMP Sensor; RAMP Sensor; RAMP Sensor; RAMP Sensor; RAMP Sensor; RAMP Sensor; RAMP Sensor; RAMP Sensor; RAMP Sensor; RAMP Sensor; RAMP Sensor; RAMP Sensor; RAMP Sensor,40.4783,-79.970377,4.99,2022-02-08T23:00:00Z,2022-02-09T00:00:00Z,True,America/New_York,location record (sensors endpoint failed: HTTP 500),
pittsburgh,938279,Millvale,,5972967,pm25,µg/m³,CMU,Carnegie Mellon University,low-cost,False,RAMP Sensor; RAMP Sensor; RAMP Sensor; RAMP Sensor; RAMP Sensor; RAMP Sensor; RAMP Sensor; RAMP Sensor; RAMP Sensor; RAMP Sensor; RAMP Sensor; RAMP Sensor; RAMP Sensor; RAMP Sensor; RAMP Sensor; RAMP Sensor; RAMP Sensor; RAMP Sensor; RAMP Sensor; RAMP Sensor; RAMP Sensor; RAMP Sensor; RAMP Sensor; RAMP Sensor; RAMP Sensor; RAMP Sensor; RAMP Sensor; RAMP Sensor; RAMP Sensor; RAMP Sensor; RAMP Sensor; RAMP Sensor; RAMP Sensor; RAMP Sensor; RAMP Sensor; RAMP Sensor; RAMP Sensor; RAMP Sensor; RAMP Sensor; RAMP Sensor; RAMP Sensor; RAMP Sensor; RAMP Sensor; RAMP Sensor; RAMP Sensor; RAMP Sensor; RAMP Sensor; RAMP Sensor; RAMP Sensor; RAMP Sensor; RAMP Sensor; RAMP Sensor; RAMP Sensor; RAMP Sensor; RAMP Sensor; RAMP Sensor; RAMP Sensor; RAMP Sensor; RAMP Sensor; RAMP Sensor; RAMP Sensor; RAMP Sensor; RAMP Sensor; RAMP Sensor; RAMP Sensor; RAMP Sensor; RAMP Sensor; RAMP Sensor; RAMP Sensor; RAMP Sensor; RAMP Sensor; RAMP Sensor; RAMP Sensor; RAMP Sensor; RAMP Sensor; RAMP Sensor; RAMP Sensor; RAMP Sensor; RAMP Sensor; RAMP Sensor; RAMP Sensor; RAMP Sensor; RAMP Sensor; RAMP Sensor; RAMP Sensor,40.4783,-79.970377,4.99,2022-02-08T23:00:00Z,2022-02-09T00:00:00Z,True,America/New_York,location record (sensors endpoint failed: HTTP 500),
pittsburgh,938279,Millvale,,5833984,pm25,µg/m³,CMU,Carnegie Mellon University,low-cost,False,RAMP Sensor; RAMP Sensor; RAMP Sensor; RAMP Sensor; RAMP Sensor; RAMP Sensor; RAMP Sensor; RAMP Sensor; RAMP Sensor; RAMP Sensor; RAMP Sensor; RAMP Sensor; RAMP Sensor; RAMP Sensor; RAMP Sensor; RAMP Sensor; RAMP Sensor; RAMP Sensor; RAMP Sensor; RAMP Sensor; RAMP Sensor; RAMP Sensor; RAMP Sensor; RAMP Sensor; RAMP Sensor; RAMP Sensor; RAMP Sensor; RAMP Sensor; RAMP Sensor; RAMP Sensor; RAMP Sensor; RAMP Sensor; RAMP Sensor; RAMP Sensor; RAMP Sensor; RAMP Sensor; RAMP Sensor; RAMP Sensor; RAMP Sensor; RAMP Sensor; RAMP Sensor; RAMP Sensor; RAMP Sensor; RAMP Sensor; RAMP Sensor; RAMP Sensor; RAMP Sensor; RAMP Sensor; RAMP Sensor; RAMP Sensor; RAMP Sensor; RAMP Sensor; RAMP Sensor; RAMP Sensor; RAMP Sensor; RAMP Sensor; RAMP Sensor; RAMP Sensor; RAMP Sensor; RAMP Sensor; RAMP Sensor; RAMP Sensor; RAMP Sensor; RAMP Sensor; RAMP Sensor; RAMP Sensor; RAMP Sensor; RAMP Sensor; RAMP Sensor; RAMP Sensor; RAMP Sensor; RAMP Sensor; RAMP Sensor; RAMP Sensor; RAMP Sensor; RAMP Sensor; RAMP Sensor; RAMP Sensor; RAMP Sensor; RAMP Sensor; RAMP Sensor; RAMP Sensor; RAMP Sensor; RAMP Sensor; RAMP Sensor,40.4783,-79.970377,4.99,2022-02-08T23:00:00Z,2022-02-09T00:00:00Z,True,America/New_York,location record (sensors endpoint failed: HTTP 500),
pittsburgh,938279,Millvale,,5972789,pm25,µg/m³,CMU,Carnegie Mellon University,low-cost,False,RAMP Sensor; RAMP Sensor; RAMP Sensor; RAMP Sensor; RAMP Sensor; RAMP Sensor; RAMP Sensor; RAMP Sensor; RAMP Sensor; RAMP Sensor; RAMP Sensor; RAMP Sensor; RAMP Sensor; RAMP Sensor; RAMP Sensor; RAMP Sensor; RAMP Sensor; RAMP Sensor; RAMP Sensor; RAMP Sensor; RAMP Sensor; RAMP Sensor; RAMP Sensor; RAMP Sensor; RAMP Sensor; RAMP Sensor; RAMP Sensor; RAMP Sensor; RAMP Sensor; RAMP Sensor; RAMP Sensor; RAMP Sensor; RAMP Sensor; RAMP Sensor; RAMP Sensor; RAMP Sensor; RAMP Sensor; RAMP Sensor; RAMP Sensor; RAMP Sensor; RAMP Sensor; RAMP Sensor; RAMP Sensor; RAMP Sensor; RAMP Sensor; RAMP Sensor; RAMP Sensor; RAMP Sensor; RAMP Sensor; RAMP Sensor; RAMP Sensor; RAMP Sensor; RAMP Sensor; RAMP Sensor; RAMP Sensor; RAMP Sensor; RAMP Sensor; RAMP Sensor; RAMP Sensor; RAMP Sensor; RAMP Sensor; RAMP Sensor; RAMP Sensor; RAMP Sensor; RAMP Sensor; RAMP Sensor; RAMP Sensor; RAMP Sensor; RAMP Sensor; RAMP Sensor; RAMP Sensor; RAMP Sensor; RAMP Sensor; RAMP Sensor; RAMP Sensor; RAMP Sensor; RAMP Sensor; RAMP Sensor; RAMP Sensor; RAMP Sensor; RAMP Sensor; RAMP Sensor; RAMP Sensor; RAMP Sensor; RAMP Sensor,40.4783,-79.970377,4.99,2022-02-08T23:00:00Z,2022-02-09T00:00:00Z,True,America/New_York,location record (sensors endpoint failed: HTTP 500),
pittsburgh,938279,Millvale,,5975860,pm25,µg/m³,CMU,Carnegie Mellon University,low-cost,False,RAMP Sensor; RAMP Sensor; RAMP Sensor; RAMP Sensor; RAMP Sensor; RAMP Sensor; RAMP Sensor; RAMP Sensor; RAMP Sensor; RAMP Sensor; RAMP Sensor; RAMP Sensor; RAMP Sensor; RAMP Sensor; RAMP Sensor; RAMP Sensor; RAMP Sensor; RAMP Sensor; RAMP Sensor; RAMP Sensor; RAMP Sensor; RAMP Sensor; RAMP Sensor; RAMP Sensor; RAMP Sensor; RAMP Sensor; RAMP Sensor; RAMP Sensor; RAMP Sensor; RAMP Sensor; RAMP Sensor; RAMP Sensor; RAMP Sensor; RAMP Sensor; RAMP Sensor; RAMP Sensor; RAMP Sensor; RAMP Sensor; RAMP Sensor; RAMP Sensor; RAMP Sensor; RAMP Sensor; RAMP Sensor; RAMP Sensor; RAMP Sensor; RAMP Sensor; RAMP Sensor; RAMP Sensor; RAMP Sensor; RAMP Sensor; RAMP Sensor; RAMP Sensor; RAMP Sensor; RAMP Sensor; RAMP Sensor; RAMP Sensor; RAMP Sensor; RAMP Sensor; RAMP Sensor; RAMP Sensor; RAMP Sensor; RAMP Sensor; RAMP Sensor; RAMP Sensor; RAMP Sensor; RAMP Sensor; RAMP Sensor; RAMP Sensor; RAMP Sensor; RAMP Sensor; RAMP Sensor; RAMP Sensor; RAMP Sensor; RAMP Sensor; RAMP Sensor; RAMP Sensor; RAMP Sensor; RAMP Sensor; RAMP Sensor; RAMP Sensor; RAMP Sensor; RAMP Sensor; RAMP Sensor; RAMP Sensor; RAMP Sensor,40.4783,-79.970377,4.99,2022-02-08T23:00:00Z,2022-02-09T00:00:00Z,True,America/New_York,location record (sensors endpoint failed: HTTP 500),
pittsburgh,938279,Millvale,,5970445,pm25,µg/m³,CMU,Carnegie Mellon University,low-cost,False,RAMP Sensor; RAMP Sensor; RAMP Sensor; RAMP Sensor; RAMP Sensor; RAMP Sensor; RAMP Sensor; RAMP Sensor; RAMP Sensor; RAMP Sensor; RAMP Sensor; RAMP Sensor; RAMP Sensor; RAMP Sensor; RAMP Sensor; RAMP Sensor; RAMP Sensor; RAMP Sensor; RAMP Sensor; RAMP Sensor; RAMP Sensor; RAMP Sensor; RAMP Sensor; RAMP Sensor; RAMP Sensor; RAMP Sensor; RAMP Sensor; RAMP Sensor; RAMP Sensor; RAMP Sensor; RAMP Sensor; RAMP Sensor; RAMP Sensor; RAMP Sensor; RAMP Sensor; RAMP Sensor; RAMP Sensor; RAMP Sensor; RAMP Sensor; RAMP Sensor; RAMP Sensor; RAMP Sensor; RAMP Sensor; RAMP Sensor; RAMP Sensor; RAMP Sensor; RAMP Sensor; RAMP Sensor; RAMP Sensor; RAMP Sensor; RAMP Sensor; RAMP Sensor; RAMP Sensor; RAMP Sensor; RAMP Sensor; RAMP Sensor; RAMP Sensor; RAMP Sensor; RAMP Sensor; RAMP Sensor; RAMP Sensor; RAMP Sensor; RAMP Sensor; RAMP Sensor; RAMP Sensor; RAMP Sensor; RAMP Sensor; RAMP Sensor; RAMP Sensor; RAMP Sensor; RAMP Sensor; RAMP Sensor; RAMP Sensor; RAMP Sensor; RAMP Sensor; RAMP Sensor; RAMP Sensor; RAMP Sensor; RAMP Sensor; RAMP Sensor; RAMP Sensor; RAMP Sensor; RAMP Sensor; RAMP Sensor; RAMP Sensor,40.4783,-79.970377,4.99,2022-02-08T23:00:00Z,2022-02-09T00:00:00Z,True,America/New_York,location record (sensors endpoint failed: HTTP 500),
pittsburgh,938279,Millvale,,5834391,pm25,µg/m³,CMU,Carnegie Mellon University,low-cost,False,RAMP Sensor; RAMP Sensor; RAMP Sensor; RAMP Sensor; RAMP Sensor; RAMP Sensor; RAMP Sensor; RAMP Sensor; RAMP Sensor; RAMP Sensor; RAMP Sensor; RAMP Sensor; RAMP Sensor; RAMP Sensor; RAMP Sensor; RAMP Sensor; RAMP Sensor; RAMP Sensor; RAMP Sensor; RAMP Sensor; RAMP Sensor; RAMP Sensor; RAMP Sensor; RAMP Sensor; RAMP Sensor; RAMP Sensor; RAMP Sensor; RAMP Sensor; RAMP Sensor; RAMP Sensor; RAMP Sensor; RAMP Sensor; RAMP Sensor; RAMP Sensor; RAMP Sensor; RAMP Sensor; RAMP Sensor; RAMP Sensor; RAMP Sensor; RAMP Sensor; RAMP Sensor; RAMP Sensor; RAMP Sensor; RAMP Sensor; RAMP Sensor; RAMP Sensor; RAMP Sensor; RAMP Sensor; RAMP Sensor; RAMP Sensor; RAMP Sensor; RAMP Sensor; RAMP Sensor; RAMP Sensor; RAMP Sensor; RAMP Sensor; RAMP Sensor; RAMP Sensor; RAMP Sensor; RAMP Sensor; RAMP Sensor; RAMP Sensor; RAMP Sensor; RAMP Sensor; RAMP Sensor; RAMP Sensor; RAMP Sensor; RAMP Sensor; RAMP Sensor; RAMP Sensor; RAMP Sensor; RAMP Sensor; RAMP Sensor; RAMP Sensor; RAMP Sensor; RAMP Sensor; RAMP Sensor; RAMP Sensor; RAMP Sensor; RAMP Sensor; RAMP Sensor; RAMP Sensor; RAMP Sensor; RAMP Sensor; RAMP Sensor,40.4783,-79.970377,4.99,2022-02-08T23:00:00Z,2022-02-09T00:00:00Z,True,America/New_York,location record (sensors endpoint failed: HTTP 500),
pittsburgh,938279,Millvale,,5973453,pm25,µg/m³,CMU,Carnegie Mellon University,low-cost,False,RAMP Sensor; RAMP Sensor; RAMP Sensor; RAMP Sensor; RAMP Sensor; RAMP Sensor; RAMP Sensor; RAMP Sensor; RAMP Sensor; RAMP Sensor; RAMP Sensor; RAMP Sensor; RAMP Sensor; RAMP Sensor; RAMP Sensor; RAMP Sensor; RAMP Sensor; RAMP Sensor; RAMP Sensor; RAMP Sensor; RAMP Sensor; RAMP Sensor; RAMP Sensor; RAMP Sensor; RAMP Sensor; RAMP Sensor; RAMP Sensor; RAMP Sensor; RAMP Sensor; RAMP Sensor; RAMP Sensor; RAMP Sensor; RAMP Sensor; RAMP Sensor; RAMP Sensor; RAMP Sensor; RAMP Sensor; RAMP Sensor; RAMP Sensor; RAMP Sensor; RAMP Sensor; RAMP Sensor; RAMP Sensor; RAMP Sensor; RAMP Sensor; RAMP Sensor; RAMP Sensor; RAMP Sensor; RAMP Sensor; RAMP Sensor; RAMP Sensor; RAMP Sensor; RAMP Sensor; RAMP Sensor; RAMP Sensor; RAMP Sensor; RAMP Sensor; RAMP Sensor; RAMP Sensor; RAMP Sensor; RAMP Sensor; RAMP Sensor; RAMP Sensor; RAMP Sensor; RAMP Sensor; RAMP Sensor; RAMP Sensor; RAMP Sensor; RAMP Sensor; RAMP Sensor; RAMP Sensor; RAMP Sensor; RAMP Sensor; RAMP Sensor; RAMP Sensor; RAMP Sensor; RAMP Sensor; RAMP Sensor; RAMP Sensor; RAMP Sensor; RAMP Sensor; RAMP Sensor; RAMP Sensor; RAMP Sensor; RAMP Sensor,40.4783,-79.970377,4.99,2022-02-08T23:00:00Z,2022-02-09T00:00:00Z,True,America/New_York,location record (sensors endpoint failed: HTTP 500),
pittsburgh,938279,Millvale,,5834280,pm25,µg/m³,CMU,Carnegie Mellon University,low-cost,False,RAMP Sensor; RAMP Sensor; RAMP Sensor; RAMP Sensor; RAMP Sensor; RAMP Sensor; RAMP Sensor; RAMP Sensor; RAMP Sensor; RAMP Sensor; RAMP Sensor; RAMP Sensor; RAMP Sensor; RAMP Sensor; RAMP Sensor; RAMP Sensor; RAMP Sensor; RAMP Sensor; RAMP Sensor; RAMP Sensor; RAMP Sensor; RAMP Sensor; RAMP Sensor; RAMP Sensor; RAMP Sensor; RAMP Sensor; RAMP Sensor; RAMP Sensor; RAMP Sensor; RAMP Sensor; RAMP Sensor; RAMP Sensor; RAMP Sensor; RAMP Sensor; RAMP Sensor; RAMP Sensor; RAMP Sensor; RAMP Sensor; RAMP Sensor; RAMP Sensor; RAMP Sensor; RAMP Sensor; RAMP Sensor; RAMP Sensor; RAMP Sensor; RAMP Sensor; RAMP Sensor; RAMP Sensor; RAMP Sensor; RAMP Sensor; RAMP Sensor; RAMP Sensor; RAMP Sensor; RAMP Sensor; RAMP Sensor; RAMP Sensor; RAMP Sensor; RAMP Sensor; RAMP Sensor; RAMP Sensor; RAMP Sensor; RAMP Sensor; RAMP Sensor; RAMP Sensor; RAMP Sensor; RAMP Sensor; RAMP Sensor; RAMP Sensor; RAMP Sensor; RAMP Sensor; RAMP Sensor; RAMP Sensor; RAMP Sensor; RAMP Sensor; RAMP Sensor; RAMP Sensor; RAMP Sensor; RAMP Sensor; RAMP Sensor; RAMP Sensor; RAMP Sensor; RAMP Sensor; RAMP Sensor; RAMP Sensor; RAMP Sensor,40.4783,-79.970377,4.99,2022-02-08T23:00:00Z,2022-02-09T00:00:00Z,True,America/New_York,location record (sensors endpoint failed: HTTP 500),
pittsburgh,938279,Millvale,,5790710,pm25,µg/m³,CMU,Carnegie Mellon University,low-cost,False,RAMP Sensor; RAMP Sensor; RAMP Sensor; RAMP Sensor; RAMP Sensor; RAMP Sensor; RAMP Sensor; RAMP Sensor; RAMP Sensor; RAMP Sensor; RAMP Sensor; RAMP Sensor; RAMP Sensor; RAMP Sensor; RAMP Sensor; RAMP Sensor; RAMP Sensor; RAMP Sensor; RAMP Sensor; RAMP Sensor; RAMP Sensor; RAMP Sensor; RAMP Sensor; RAMP Sensor; RAMP Sensor; RAMP Sensor; RAMP Sensor; RAMP Sensor; RAMP Sensor; RAMP Sensor; RAMP Sensor; RAMP Sensor; RAMP Sensor; RAMP Sensor; RAMP Sensor; RAMP Sensor; RAMP Sensor; RAMP Sensor; RAMP Sensor; RAMP Sensor; RAMP Sensor; RAMP Sensor; RAMP Sensor; RAMP Sensor; RAMP Sensor; RAMP Sensor; RAMP Sensor; RAMP Sensor; RAMP Sensor; RAMP Sensor; RAMP Sensor; RAMP Sensor; RAMP Sensor; RAMP Sensor; RAMP Sensor; RAMP Sensor; RAMP Sensor; RAMP Sensor; RAMP Sensor; RAMP Sensor; RAMP Sensor; RAMP Sensor; RAMP Sensor; RAMP Sensor; RAMP Sensor; RAMP Sensor; RAMP Sensor; RAMP Sensor; RAMP Sensor; RAMP Sensor; RAMP Sensor; RAMP Sensor; RAMP Sensor; RAMP Sensor; RAMP Sensor; RAMP Sensor; RAMP Sensor; RAMP Sensor; RAMP Sensor; RAMP Sensor; RAMP Sensor; RAMP Sensor; RAMP Sensor; RAMP Sensor; RAMP Sensor,40.4783,-79.970377,4.99,2022-02-08T23:00:00Z,2022-02-09T00:00:00Z,True,America/New_York,location record (sensors endpoint failed: HTTP 500),
pittsburgh,938279,Millvale,,5973370,pm25,µg/m³,CMU,Carnegie Mellon University,low-cost,False,RAMP Sensor; RAMP Sensor; RAMP Sensor; RAMP Sensor; RAMP Sensor; RAMP Sensor; RAMP Sensor; RAMP Sensor; RAMP Sensor; RAMP Sensor; RAMP Sensor; RAMP Sensor; RAMP Sensor; RAMP Sensor; RAMP Sensor; RAMP Sensor; RAMP Sensor; RAMP Sensor; RAMP Sensor; RAMP Sensor; RAMP Sensor; RAMP Sensor; RAMP Sensor; RAMP Sensor; RAMP Sensor; RAMP Sensor; RAMP Sensor; RAMP Sensor; RAMP Sensor; RAMP Sensor; RAMP Sensor; RAMP Sensor; RAMP Sensor; RAMP Sensor; RAMP Sensor; RAMP Sensor; RAMP Sensor; RAMP Sensor; RAMP Sensor; RAMP Sensor; RAMP Sensor; RAMP Sensor; RAMP Sensor; RAMP Sensor; RAMP Sensor; RAMP Sensor; RAMP Sensor; RAMP Sensor; RAMP Sensor; RAMP Sensor; RAMP Sensor; RAMP Sensor; RAMP Sensor; RAMP Sensor; RAMP Sensor; RAMP Sensor; RAMP Sensor; RAMP Sensor; RAMP Sensor; RAMP Sensor; RAMP Sensor; RAMP Sensor; RAMP Sensor; RAMP Sensor; RAMP Sensor; RAMP Sensor; RAMP Sensor; RAMP Sensor; RAMP Sensor; RAMP Sensor; RAMP Sensor; RAMP Sensor; RAMP Sensor; RAMP Sensor; RAMP Sensor; RAMP Sensor; RAMP Sensor; RAMP Sensor; RAMP Sensor; RAMP Sensor; RAMP Sensor; RAMP Sensor; RAMP Sensor; RAMP Sensor; RAMP Sensor,40.4783,-79.970377,4.99,2022-02-08T23:00:00Z,2022-02-09T00:00:00Z,True,America/New_York,location record (sensors endpoint failed: HTTP 500),
pittsburgh,938279,Millvale,,5974100,pm25,µg/m³,CMU,Carnegie Mellon University,low-cost,False,RAMP Sensor; RAMP Sensor; RAMP Sensor; RAMP Sensor; RAMP Sensor; RAMP Sensor; RAMP Sensor; RAMP Sensor; RAMP Sensor; RAMP Sensor; RAMP Sensor; RAMP Sensor; RAMP Sensor; RAMP Sensor; RAMP Sensor; RAMP Sensor; RAMP Sensor; RAMP Sensor; RAMP Sensor; RAMP Sensor; RAMP Sensor; RAMP Sensor; RAMP Sensor; RAMP Sensor; RAMP Sensor; RAMP Sensor; RAMP Sensor; RAMP Sensor; RAMP Sensor; RAMP Sensor; RAMP Sensor; RAMP Sensor; RAMP Sensor; RAMP Sensor; RAMP Sensor; RAMP Sensor; RAMP Sensor; RAMP Sensor; RAMP Sensor; RAMP Sensor; RAMP Sensor; RAMP Sensor; RAMP Sensor; RAMP Sensor; RAMP Sensor; RAMP Sensor; RAMP Sensor; RAMP Sensor; RAMP Sensor; RAMP Sensor; RAMP Sensor; RAMP Sensor; RAMP Sensor; RAMP Sensor; RAMP Sensor; RAMP Sensor; RAMP Sensor; RAMP Sensor; RAMP Sensor; RAMP Sensor; RAMP Sensor; RAMP Sensor; RAMP Sensor; RAMP Sensor; RAMP Sensor; RAMP Sensor; RAMP Sensor; RAMP Sensor; RAMP Sensor; RAMP Sensor; RAMP Sensor; RAMP Sensor; RAMP Sensor; RAMP Sensor; RAMP Sensor; RAMP Sensor; RAMP Sensor; RAMP Sensor; RAMP Sensor; RAMP Sensor; RAMP Sensor; RAMP Sensor; RAMP Sensor; RAMP Sensor; RAMP Sensor,40.4783,-79.970377,4.99,2022-02-08T23:00:00Z,2022-02-09T00:00:00Z,True,America/New_York,location record (sensors endpoint failed: HTTP 500),
pittsburgh,938279,Millvale,,5973283,pm25,µg/m³,CMU,Carnegie Mellon University,low-cost,False,RAMP Sensor; RAMP Sensor; RAMP Sensor; RAMP Sensor; RAMP Sensor; RAMP Sensor; RAMP Sensor; RAMP Sensor; RAMP Sensor; RAMP Sensor; RAMP Sensor; RAMP Sensor; RAMP Sensor; RAMP Sensor; RAMP Sensor; RAMP Sensor; RAMP Sensor; RAMP Sensor; RAMP Sensor; RAMP Sensor; RAMP Sensor; RAMP Sensor; RAMP Sensor; RAMP Sensor; RAMP Sensor; RAMP Sensor; RAMP Sensor; RAMP Sensor; RAMP Sensor; RAMP Sensor; RAMP Sensor; RAMP Sensor; RAMP Sensor; RAMP Sensor; RAMP Sensor; RAMP Sensor; RAMP Sensor; RAMP Sensor; RAMP Sensor; RAMP Sensor; RAMP Sensor; RAMP Sensor; RAMP Sensor; RAMP Sensor; RAMP Sensor; RAMP Sensor; RAMP Sensor; RAMP Sensor; RAMP Sensor; RAMP Sensor; RAMP Sensor; RAMP Sensor; RAMP Sensor; RAMP Sensor; RAMP Sensor; RAMP Sensor; RAMP Sensor; RAMP Sensor; RAMP Sensor; RAMP Sensor; RAMP Sensor; RAMP Sensor; RAMP Sensor; RAMP Sensor; RAMP Sensor; RAMP Sensor; RAMP Sensor; RAMP Sensor; RAMP Sensor; RAMP Sensor; RAMP Sensor; RAMP Sensor; RAMP Sensor; RAMP Sensor; RAMP Sensor; RAMP Sensor; RAMP Sensor; RAMP Sensor; RAMP Sensor; RAMP Sensor; RAMP Sensor; RAMP Sensor; RAMP Sensor; RAMP Sensor; RAMP Sensor,40.4783,-79.970377,4.99,2022-02-08T23:00:00Z,2022-02-09T00:00:00Z,True,America/New_York,location record (sensors endpoint failed: HTTP 500),
pittsburgh,938279,Millvale,,5971646,pm25,µg/m³,CMU,Carnegie Mellon University,low-cost,False,RAMP Sensor; RAMP Sensor; RAMP Sensor; RAMP Sensor; RAMP Sensor; RAMP Sensor; RAMP Sensor; RAMP Sensor; RAMP Sensor; RAMP Sensor; RAMP Sensor; RAMP Sensor; RAMP Sensor; RAMP Sensor; RAMP Sensor; RAMP Sensor; RAMP Sensor; RAMP Sensor; RAMP Sensor; RAMP Sensor; RAMP Sensor; RAMP Sensor; RAMP Sensor; RAMP Sensor; RAMP Sensor; RAMP Sensor; RAMP Sensor; RAMP Sensor; RAMP Sensor; RAMP Sensor; RAMP Sensor; RAMP Sensor; RAMP Sensor; RAMP Sensor; RAMP Sensor; RAMP Sensor; RAMP Sensor; RAMP Sensor; RAMP Sensor; RAMP Sensor; RAMP Sensor; RAMP Sensor; RAMP Sensor; RAMP Sensor; RAMP Sensor; RAMP Sensor; RAMP Sensor; RAMP Sensor; RAMP Sensor; RAMP Sensor; RAMP Sensor; RAMP Sensor; RAMP Sensor; RAMP Sensor; RAMP Sensor; RAMP Sensor; RAMP Sensor; RAMP Sensor; RAMP Sensor; RAMP Sensor; RAMP Sensor; RAMP Sensor; RAMP Sensor; RAMP Sensor; RAMP Sensor; RAMP Sensor; RAMP Sensor; RAMP Sensor; RAMP Sensor; RAMP Sensor; RAMP Sensor; RAMP Sensor; RAMP Sensor; RAMP Sensor; RAMP Sensor; RAMP Sensor; RAMP Sensor; RAMP Sensor; RAMP Sensor; RAMP Sensor; RAMP Sensor; RAMP Sensor; RAMP Sensor; RAMP Sensor; RAMP Sensor,40.4783,-79.970377,4.99,2022-02-08T23:00:00Z,2022-02-09T00:00:00Z,True,America/New_York,location record (sensors endpoint failed: HTTP 500),
pittsburgh,938279,Millvale,,5830816,pm25,µg/m³,CMU,Carnegie Mellon University,low-cost,False,RAMP Sensor; RAMP Sensor; RAMP Sensor; RAMP Sensor; RAMP Sensor; RAMP Sensor; RAMP Sensor; RAMP Sensor; RAMP Sensor; RAMP Sensor; RAMP Sensor; RAMP Sensor; RAMP Sensor; RAMP Sensor; RAMP Sensor; RAMP Sensor; RAMP Sensor; RAMP Sensor; RAMP Sensor; RAMP Sensor; RAMP Sensor; RAMP Sensor; RAMP Sensor; RAMP Sensor; RAMP Sensor; RAMP Sensor; RAMP Sensor; RAMP Sensor; RAMP Sensor; RAMP Sensor; RAMP Sensor; RAMP Sensor; RAMP Sensor; RAMP Sensor; RAMP Sensor; RAMP Sensor; RAMP Sensor; RAMP Sensor; RAMP Sensor; RAMP Sensor; RAMP Sensor; RAMP Sensor; RAMP Sensor; RAMP Sensor; RAMP Sensor; RAMP Sensor; RAMP Sensor; RAMP Sensor; RAMP Sensor; RAMP Sensor; RAMP Sensor; RAMP Sensor; RAMP Sensor; RAMP Sensor; RAMP Sensor; RAMP Sensor; RAMP Sensor; RAMP Sensor; RAMP Sensor; RAMP Sensor; RAMP Sensor; RAMP Sensor; RAMP Sensor; RAMP Sensor; RAMP Sensor; RAMP Sensor; RAMP Sensor; RAMP Sensor; RAMP Sensor; RAMP Sensor; RAMP Sensor; RAMP Sensor; RAMP Sensor; RAMP Sensor; RAMP Sensor; RAMP Sensor; RAMP Sensor; RAMP Sensor; RAMP Sensor; RAMP Sensor; RAMP Sensor; RAMP Sensor; RAMP Sensor; RAMP Sensor; RAMP Sensor,40.4783,-79.970377,4.99,2022-02-08T23:00:00Z,2022-02-09T00:00:00Z,True,America/New_York,location record (sensors endpoint failed: HTTP 500),
pittsburgh,938279,Millvale,,5971584,pm25,µg/m³,CMU,Carnegie Mellon University,low-cost,False,RAMP Sensor; RAMP Sensor; RAMP Sensor; RAMP Sensor; RAMP Sensor; RAMP Sensor; RAMP Sensor; RAMP Sensor; RAMP Sensor; RAMP Sensor; RAMP Sensor; RAMP Sensor; RAMP Sensor; RAMP Sensor; RAMP Sensor; RAMP Sensor; RAMP Sensor; RAMP Sensor; RAMP Sensor; RAMP Sensor; RAMP Sensor; RAMP Sensor; RAMP Sensor; RAMP Sensor; RAMP Sensor; RAMP Sensor; RAMP Sensor; RAMP Sensor; RAMP Sensor; RAMP Sensor; RAMP Sensor; RAMP Sensor; RAMP Sensor; RAMP Sensor; RAMP Sensor; RAMP Sensor; RAMP Sensor; RAMP Sensor; RAMP Sensor; RAMP Sensor; RAMP Sensor; RAMP Sensor; RAMP Sensor; RAMP Sensor; RAMP Sensor; RAMP Sensor; RAMP Sensor; RAMP Sensor; RAMP Sensor; RAMP Sensor; RAMP Sensor; RAMP Sensor; RAMP Sensor; RAMP Sensor; RAMP Sensor; RAMP Sensor; RAMP Sensor; RAMP Sensor; RAMP Sensor; RAMP Sensor; RAMP Sensor; RAMP Sensor; RAMP Sensor; RAMP Sensor; RAMP Sensor; RAMP Sensor; RAMP Sensor; RAMP Sensor; RAMP Sensor; RAMP Sensor; RAMP Sensor; RAMP Sensor; RAMP Sensor; RAMP Sensor; RAMP Sensor; RAMP Sensor; RAMP Sensor; RAMP Sensor; RAMP Sensor; RAMP Sensor; RAMP Sensor; RAMP Sensor; RAMP Sensor; RAMP Sensor; RAMP Sensor,40.4783,-79.970377,4.99,2022-02-08T23:00:00Z,2022-02-09T00:00:00Z,True,America/New_York,location record (sensors endpoint failed: HTTP 500),
pittsburgh,938279,Millvale,,5973480,pm25,µg/m³,CMU,Carnegie Mellon University,low-cost,False,RAMP Sensor; RAMP Sensor; RAMP Sensor; RAMP Sensor; RAMP Sensor; RAMP Sensor; RAMP Sensor; RAMP Sensor; RAMP Sensor; RAMP Sensor; RAMP Sensor; RAMP Sensor; RAMP Sensor; RAMP Sensor; RAMP Sensor; RAMP Sensor; RAMP Sensor; RAMP Sensor; RAMP Sensor; RAMP Sensor; RAMP Sensor; RAMP Sensor; RAMP Sensor; RAMP Sensor; RAMP Sensor; RAMP Sensor; RAMP Sensor; RAMP Sensor; RAMP Sensor; RAMP Sensor; RAMP Sensor; RAMP Sensor; RAMP Sensor; RAMP Sensor; RAMP Sensor; RAMP Sensor; RAMP Sensor; RAMP Sensor; RAMP Sensor; RAMP Sensor; RAMP Sensor; RAMP Sensor; RAMP Sensor; RAMP Sensor; RAMP Sensor; RAMP Sensor; RAMP Sensor; RAMP Sensor; RAMP Sensor; RAMP Sensor; RAMP Sensor; RAMP Sensor; RAMP Sensor; RAMP Sensor; RAMP Sensor; RAMP Sensor; RAMP Sensor; RAMP Sensor; RAMP Sensor; RAMP Sensor; RAMP Sensor; RAMP Sensor; RAMP Sensor; RAMP Sensor; RAMP Sensor; RAMP Sensor; RAMP Sensor; RAMP Sensor; RAMP Sensor; RAMP Sensor; RAMP Sensor; RAMP Sensor; RAMP Sensor; RAMP Sensor; RAMP Sensor; RAMP Sensor; RAMP Sensor; RAMP Sensor; RAMP Sensor; RAMP Sensor; RAMP Sensor; RAMP Sensor; RAMP Sensor; RAMP Sensor; RAMP Sensor,40.4783,-79.970377,4.99,2022-02-08T23:00:00Z,2022-02-09T00:00:00Z,True,America/New_York,location record (sensors endpoint failed: HTTP 500),
pittsburgh,938279,Millvale,,5968041,pm25,µg/m³,CMU,Carnegie Mellon University,low-cost,False,RAMP Sensor; RAMP Sensor; RAMP Sensor; RAMP Sensor; RAMP Sensor; RAMP Sensor; RAMP Sensor; RAMP Sensor; RAMP Sensor; RAMP Sensor; RAMP Sensor; RAMP Sensor; RAMP Sensor; RAMP Sensor; RAMP Sensor; RAMP Sensor; RAMP Sensor; RAMP Sensor; RAMP Sensor; RAMP Sensor; RAMP Sensor; RAMP Sensor; RAMP Sensor; RAMP Sensor; RAMP Sensor; RAMP Sensor; RAMP Sensor; RAMP Sensor; RAMP Sensor; RAMP Sensor; RAMP Sensor; RAMP Sensor; RAMP Sensor; RAMP Sensor; RAMP Sensor; RAMP Sensor; RAMP Sensor; RAMP Sensor; RAMP Sensor; RAMP Sensor; RAMP Sensor; RAMP Sensor; RAMP Sensor; RAMP Sensor; RAMP Sensor; RAMP Sensor; RAMP Sensor; RAMP Sensor; RAMP Sensor; RAMP Sensor; RAMP Sensor; RAMP Sensor; RAMP Sensor; RAMP Sensor; RAMP Sensor; RAMP Sensor; RAMP Sensor; RAMP Sensor; RAMP Sensor; RAMP Sensor; RAMP Sensor; RAMP Sensor; RAMP Sensor; RAMP Sensor; RAMP Sensor; RAMP Sensor; RAMP Sensor; RAMP Sensor; RAMP Sensor; RAMP Sensor; RAMP Sensor; RAMP Sensor; RAMP Sensor; RAMP Sensor; RAMP Sensor; RAMP Sensor; RAMP Sensor; RAMP Sensor; RAMP Sensor; RAMP Sensor; RAMP Sensor; RAMP Sensor; RAMP Sensor; RAMP Sensor; RAMP Sensor,40.4783,-79.970377,4.99,2022-02-08T23:00:00Z,2022-02-09T00:00:00Z,True,America/New_York,location record (sensors endpoint failed: HTTP 500),
pittsburgh,938279,Millvale,,5183470,pm25,µg/m³,CMU,Carnegie Mellon University,low-cost,False,RAMP Sensor; RAMP Sensor; RAMP Sensor; RAMP Sensor; RAMP Sensor; RAMP Sensor; RAMP Sensor; RAMP Sensor; RAMP Sensor; RAMP Sensor; RAMP Sensor; RAMP Sensor; RAMP Sensor; RAMP Sensor; RAMP Sensor; RAMP Sensor; RAMP Sensor; RAMP Sensor; RAMP Sensor; RAMP Sensor; RAMP Sensor; RAMP Sensor; RAMP Sensor; RAMP Sensor; RAMP Sensor; RAMP Sensor; RAMP Sensor; RAMP Sensor; RAMP Sensor; RAMP Sensor; RAMP Sensor; RAMP Sensor; RAMP Sensor; RAMP Sensor; RAMP Sensor; RAMP Sensor; RAMP Sensor; RAMP Sensor; RAMP Sensor; RAMP Sensor; RAMP Sensor; RAMP Sensor; RAMP Sensor; RAMP Sensor; RAMP Sensor; RAMP Sensor; RAMP Sensor; RAMP Sensor; RAMP Sensor; RAMP Sensor; RAMP Sensor; RAMP Sensor; RAMP Sensor; RAMP Sensor; RAMP Sensor; RAMP Sensor; RAMP Sensor; RAMP Sensor; RAMP Sensor; RAMP Sensor; RAMP Sensor; RAMP Sensor; RAMP Sensor; RAMP Sensor; RAMP Sensor; RAMP Sensor; RAMP Sensor; RAMP Sensor; RAMP Sensor; RAMP Sensor; RAMP Sensor; RAMP Sensor; RAMP Sensor; RAMP Sensor; RAMP Sensor; RAMP Sensor; RAMP Sensor; RAMP Sensor; RAMP Sensor; RAMP Sensor; RAMP Sensor; RAMP Sensor; RAMP Sensor; RAMP Sensor; RAMP Sensor,40.4783,-79.970377,4.99,2022-02-08T23:00:00Z,2022-02-09T00:00:00Z,True,America/New_York,location record (sensors endpoint failed: HTTP 500),
pittsburgh,938279,Millvale,,5830242,pm25,µg/m³,CMU,Carnegie Mellon University,low-cost,False,RAMP Sensor; RAMP Sensor; RAMP Sensor; RAMP Sensor; RAMP Sensor; RAMP Sensor; RAMP Sensor; RAMP Sensor; RAMP Sensor; RAMP Sensor; RAMP Sensor; RAMP Sensor; RAMP Sensor; RAMP Sensor; RAMP Sensor; RAMP Sensor; RAMP Sensor; RAMP Sensor; RAMP Sensor; RAMP Sensor; RAMP Sensor; RAMP Sensor; RAMP Sensor; RAMP Sensor; RAMP Sensor; RAMP Sensor; RAMP Sensor; RAMP Sensor; RAMP Sensor; RAMP Sensor; RAMP Sensor; RAMP Sensor; RAMP Sensor; RAMP Sensor; RAMP Sensor; RAMP Sensor; RAMP Sensor; RAMP Sensor; RAMP Sensor; RAMP Sensor; RAMP Sensor; RAMP Sensor; RAMP Sensor; RAMP Sensor; RAMP Sensor; RAMP Sensor; RAMP Sensor; RAMP Sensor; RAMP Sensor; RAMP Sensor; RAMP Sensor; RAMP Sensor; RAMP Sensor; RAMP Sensor; RAMP Sensor; RAMP Sensor; RAMP Sensor; RAMP Sensor; RAMP Sensor; RAMP Sensor; RAMP Sensor; RAMP Sensor; RAMP Sensor; RAMP Sensor; RAMP Sensor; RAMP Sensor; RAMP Sensor; RAMP Sensor; RAMP Sensor; RAMP Sensor; RAMP Sensor; RAMP Sensor; RAMP Sensor; RAMP Sensor; RAMP Sensor; RAMP Sensor; RAMP Sensor; RAMP Sensor; RAMP Sensor; RAMP Sensor; RAMP Sensor; RAMP Sensor; RAMP Sensor; RAMP Sensor; RAMP Sensor,40.4783,-79.970377,4.99,2022-02-08T23:00:00Z,2022-02-09T00:00:00Z,True,America/New_York,location record (sensors endpoint failed: HTTP 500),
pittsburgh,938279,Millvale,,5320180,pm25,µg/m³,CMU,Carnegie Mellon University,low-cost,False,RAMP Sensor; RAMP Sensor; RAMP Sensor; RAMP Sensor; RAMP Sensor; RAMP Sensor; RAMP Sensor; RAMP Sensor; RAMP Sensor; RAMP Sensor; RAMP Sensor; RAMP Sensor; RAMP Sensor; RAMP Sensor; RAMP Sensor; RAMP Sensor; RAMP Sensor; RAMP Sensor; RAMP Sensor; RAMP Sensor; RAMP Sensor; RAMP Sensor; RAMP Sensor; RAMP Sensor; RAMP Sensor; RAMP Sensor; RAMP Sensor; RAMP Sensor; RAMP Sensor; RAMP Sensor; RAMP Sensor; RAMP Sensor; RAMP Sensor; RAMP Sensor; RAMP Sensor; RAMP Sensor; RAMP Sensor; RAMP Sensor; RAMP Sensor; RAMP Sensor; RAMP Sensor; RAMP Sensor; RAMP Sensor; RAMP Sensor; RAMP Sensor; RAMP Sensor; RAMP Sensor; RAMP Sensor; RAMP Sensor; RAMP Sensor; RAMP Sensor; RAMP Sensor; RAMP Sensor; RAMP Sensor; RAMP Sensor; RAMP Sensor; RAMP Sensor; RAMP Sensor; RAMP Sensor; RAMP Sensor; RAMP Sensor; RAMP Sensor; RAMP Sensor; RAMP Sensor; RAMP Sensor; RAMP Sensor; RAMP Sensor; RAMP Sensor; RAMP Sensor; RAMP Sensor; RAMP Sensor; RAMP Sensor; RAMP Sensor; RAMP Sensor; RAMP Sensor; RAMP Sensor; RAMP Sensor; RAMP Sensor; RAMP Sensor; RAMP Sensor; RAMP Sensor; RAMP Sensor; RAMP Sensor; RAMP Sensor; RAMP Sensor,40.4783,-79.970377,4.99,2022-02-08T23:00:00Z,2022-02-09T00:00:00Z,True,America/New_York,location record (sensors endpoint failed: HTTP 500),
pittsburgh,938279,Millvale,,5790374,pm25,µg/m³,CMU,Carnegie Mellon University,low-cost,False,RAMP Sensor; RAMP Sensor; RAMP Sensor; RAMP Sensor; RAMP Sensor; RAMP Sensor; RAMP Sensor; RAMP Sensor; RAMP Sensor; RAMP Sensor; RAMP Sensor; RAMP Sensor; RAMP Sensor; RAMP Sensor; RAMP Sensor; RAMP Sensor; RAMP Sensor; RAMP Sensor; RAMP Sensor; RAMP Sensor; RAMP Sensor; RAMP Sensor; RAMP Sensor; RAMP Sensor; RAMP Sensor; RAMP Sensor; RAMP Sensor; RAMP Sensor; RAMP Sensor; RAMP Sensor; RAMP Sensor; RAMP Sensor; RAMP Sensor; RAMP Sensor; RAMP Sensor; RAMP Sensor; RAMP Sensor; RAMP Sensor; RAMP Sensor; RAMP Sensor; RAMP Sensor; RAMP Sensor; RAMP Sensor; RAMP Sensor; RAMP Sensor; RAMP Sensor; RAMP Sensor; RAMP Sensor; RAMP Sensor; RAMP Sensor; RAMP Sensor; RAMP Sensor; RAMP Sensor; RAMP Sensor; RAMP Sensor; RAMP Sensor; RAMP Sensor; RAMP Sensor; RAMP Sensor; RAMP Sensor; RAMP Sensor; RAMP Sensor; RAMP Sensor; RAMP Sensor; RAMP Sensor; RAMP Sensor; RAMP Sensor; RAMP Sensor; RAMP Sensor; RAMP Sensor; RAMP Sensor; RAMP Sensor; RAMP Sensor; RAMP Sensor; RAMP Sensor; RAMP Sensor; RAMP Sensor; RAMP Sensor; RAMP Sensor; RAMP Sensor; RAMP Sensor; RAMP Sensor; RAMP Sensor; RAMP Sensor; RAMP Sensor,40.4783,-79.970377,4.99,2022-02-08T23:00:00Z,2022-02-09T00:00:00Z,True,America/New_York,location record (sensors endpoint failed: HTTP 500),
pittsburgh,938279,Millvale,,5969643,pm25,µg/m³,CMU,Carnegie Mellon University,low-cost,False,RAMP Sensor; RAMP Sensor; RAMP Sensor; RAMP Sensor; RAMP Sensor; RAMP Sensor; RAMP Sensor; RAMP Sensor; RAMP Sensor; RAMP Sensor; RAMP Sensor; RAMP Sensor; RAMP Sensor; RAMP Sensor; RAMP Sensor; RAMP Sensor; RAMP Sensor; RAMP Sensor; RAMP Sensor; RAMP Sensor; RAMP Sensor; RAMP Sensor; RAMP Sensor; RAMP Sensor; RAMP Sensor; RAMP Sensor; RAMP Sensor; RAMP Sensor; RAMP Sensor; RAMP Sensor; RAMP Sensor; RAMP Sensor; RAMP Sensor; RAMP Sensor; RAMP Sensor; RAMP Sensor; RAMP Sensor; RAMP Sensor; RAMP Sensor; RAMP Sensor; RAMP Sensor; RAMP Sensor; RAMP Sensor; RAMP Sensor; RAMP Sensor; RAMP Sensor; RAMP Sensor; RAMP Sensor; RAMP Sensor; RAMP Sensor; RAMP Sensor; RAMP Sensor; RAMP Sensor; RAMP Sensor; RAMP Sensor; RAMP Sensor; RAMP Sensor; RAMP Sensor; RAMP Sensor; RAMP Sensor; RAMP Sensor; RAMP Sensor; RAMP Sensor; RAMP Sensor; RAMP Sensor; RAMP Sensor; RAMP Sensor; RAMP Sensor; RAMP Sensor; RAMP Sensor; RAMP Sensor; RAMP Sensor; RAMP Sensor; RAMP Sensor; RAMP Sensor; RAMP Sensor; RAMP Sensor; RAMP Sensor; RAMP Sensor; RAMP Sensor; RAMP Sensor; RAMP Sensor; RAMP Sensor; RAMP Sensor; RAMP Sensor,40.4783,-79.970377,4.99,2022-02-08T23:00:00Z,2022-02-09T00:00:00Z,True,America/New_York,location record (sensors endpoint failed: HTTP 500),
pittsburgh,938279,Millvale,,5836525,pm25,µg/m³,CMU,Carnegie Mellon University,low-cost,False,RAMP Sensor; RAMP Sensor; RAMP Sensor; RAMP Sensor; RAMP Sensor; RAMP Sensor; RAMP Sensor; RAMP Sensor; RAMP Sensor; RAMP Sensor; RAMP Sensor; RAMP Sensor; RAMP Sensor; RAMP Sensor; RAMP Sensor; RAMP Sensor; RAMP Sensor; RAMP Sensor; RAMP Sensor; RAMP Sensor; RAMP Sensor; RAMP Sensor; RAMP Sensor; RAMP Sensor; RAMP Sensor; RAMP Sensor; RAMP Sensor; RAMP Sensor; RAMP Sensor; RAMP Sensor; RAMP Sensor; RAMP Sensor; RAMP Sensor; RAMP Sensor; RAMP Sensor; RAMP Sensor; RAMP Sensor; RAMP Sensor; RAMP Sensor; RAMP Sensor; RAMP Sensor; RAMP Sensor; RAMP Sensor; RAMP Sensor; RAMP Sensor; RAMP Sensor; RAMP Sensor; RAMP Sensor; RAMP Sensor; RAMP Sensor; RAMP Sensor; RAMP Sensor; RAMP Sensor; RAMP Sensor; RAMP Sensor; RAMP Sensor; RAMP Sensor; RAMP Sensor; RAMP Sensor; RAMP Sensor; RAMP Sensor; RAMP Sensor; RAMP Sensor; RAMP Sensor; RAMP Sensor; RAMP Sensor; RAMP Sensor; RAMP Sensor; RAMP Sensor; RAMP Sensor; RAMP Sensor; RAMP Sensor; RAMP Sensor; RAMP Sensor; RAMP Sensor; RAMP Sensor; RAMP Sensor; RAMP Sensor; RAMP Sensor; RAMP Sensor; RAMP Sensor; RAMP Sensor; RAMP Sensor; RAMP Sensor; RAMP Sensor,40.4783,-79.970377,4.99,2022-02-08T23:00:00Z,2022-02-09T00:00:00Z,True,America/New_York,location record (sensors endpoint failed: HTTP 500),
pittsburgh,938279,Millvale,,5833374,pm25,µg/m³,CMU,Carnegie Mellon University,low-cost,False,RAMP Sensor; RAMP Sensor; RAMP Sensor; RAMP Sensor; RAMP Sensor; RAMP Sensor; RAMP Sensor; RAMP Sensor; RAMP Sensor; RAMP Sensor; RAMP Sensor; RAMP Sensor; RAMP Sensor; RAMP Sensor; RAMP Sensor; RAMP Sensor; RAMP Sensor; RAMP Sensor; RAMP Sensor; RAMP Sensor; RAMP Sensor; RAMP Sensor; RAMP Sensor; RAMP Sensor; RAMP Sensor; RAMP Sensor; RAMP Sensor; RAMP Sensor; RAMP Sensor; RAMP Sensor; RAMP Sensor; RAMP Sensor; RAMP Sensor; RAMP Sensor; RAMP Sensor; RAMP Sensor; RAMP Sensor; RAMP Sensor; RAMP Sensor; RAMP Sensor; RAMP Sensor; RAMP Sensor; RAMP Sensor; RAMP Sensor; RAMP Sensor; RAMP Sensor; RAMP Sensor; RAMP Sensor; RAMP Sensor; RAMP Sensor; RAMP Sensor; RAMP Sensor; RAMP Sensor; RAMP Sensor; RAMP Sensor; RAMP Sensor; RAMP Sensor; RAMP Sensor; RAMP Sensor; RAMP Sensor; RAMP Sensor; RAMP Sensor; RAMP Sensor; RAMP Sensor; RAMP Sensor; RAMP Sensor; RAMP Sensor; RAMP Sensor; RAMP Sensor; RAMP Sensor; RAMP Sensor; RAMP Sensor; RAMP Sensor; RAMP Sensor; RAMP Sensor; RAMP Sensor; RAMP Sensor; RAMP Sensor; RAMP Sensor; RAMP Sensor; RAMP Sensor; RAMP Sensor; RAMP Sensor; RAMP Sensor; RAMP Sensor,40.4783,-79.970377,4.99,2022-02-08T23:00:00Z,2022-02-09T00:00:00Z,True,America/New_York,location record (sensors endpoint failed: HTTP 500),
pittsburgh,938279,Millvale,,5971883,pm25,µg/m³,CMU,Carnegie Mellon University,low-cost,False,RAMP Sensor; RAMP Sensor; RAMP Sensor; RAMP Sensor; RAMP Sensor; RAMP Sensor; RAMP Sensor; RAMP Sensor; RAMP Sensor; RAMP Sensor; RAMP Sensor; RAMP Sensor; RAMP Sensor; RAMP Sensor; RAMP Sensor; RAMP Sensor; RAMP Sensor; RAMP Sensor; RAMP Sensor; RAMP Sensor; RAMP Sensor; RAMP Sensor; RAMP Sensor; RAMP Sensor; RAMP Sensor; RAMP Sensor; RAMP Sensor; RAMP Sensor; RAMP Sensor; RAMP Sensor; RAMP Sensor; RAMP Sensor; RAMP Sensor; RAMP Sensor; RAMP Sensor; RAMP Sensor; RAMP Sensor; RAMP Sensor; RAMP Sensor; RAMP Sensor; RAMP Sensor; RAMP Sensor; RAMP Sensor; RAMP Sensor; RAMP Sensor; RAMP Sensor; RAMP Sensor; RAMP Sensor; RAMP Sensor; RAMP Sensor; RAMP Sensor; RAMP Sensor; RAMP Sensor; RAMP Sensor; RAMP Sensor; RAMP Sensor; RAMP Sensor; RAMP Sensor; RAMP Sensor; RAMP Sensor; RAMP Sensor; RAMP Sensor; RAMP Sensor; RAMP Sensor; RAMP Sensor; RAMP Sensor; RAMP Sensor; RAMP Sensor; RAMP Sensor; RAMP Sensor; RAMP Sensor; RAMP Sensor; RAMP Sensor; RAMP Sensor; RAMP Sensor; RAMP Sensor; RAMP Sensor; RAMP Sensor; RAMP Sensor; RAMP Sensor; RAMP Sensor; RAMP Sensor; RAMP Sensor; RAMP Sensor; RAMP Sensor,40.4783,-79.970377,4.99,2022-02-08T23:00:00Z,2022-02-09T00:00:00Z,True,America/New_York,location record (sensors endpoint failed: HTTP 500),
pittsburgh,938279,Millvale,,5972148,pm25,µg/m³,CMU,Carnegie Mellon University,low-cost,False,RAMP Sensor; RAMP Sensor; RAMP Sensor; RAMP Sensor; RAMP Sensor; RAMP Sensor; RAMP Sensor; RAMP Sensor; RAMP Sensor; RAMP Sensor; RAMP Sensor; RAMP Sensor; RAMP Sensor; RAMP Sensor; RAMP Sensor; RAMP Sensor; RAMP Sensor; RAMP Sensor; RAMP Sensor; RAMP Sensor; RAMP Sensor; RAMP Sensor; RAMP Sensor; RAMP Sensor; RAMP Sensor; RAMP Sensor; RAMP Sensor; RAMP Sensor; RAMP Sensor; RAMP Sensor; RAMP Sensor; RAMP Sensor; RAMP Sensor; RAMP Sensor; RAMP Sensor; RAMP Sensor; RAMP Sensor; RAMP Sensor; RAMP Sensor; RAMP Sensor; RAMP Sensor; RAMP Sensor; RAMP Sensor; RAMP Sensor; RAMP Sensor; RAMP Sensor; RAMP Sensor; RAMP Sensor; RAMP Sensor; RAMP Sensor; RAMP Sensor; RAMP Sensor; RAMP Sensor; RAMP Sensor; RAMP Sensor; RAMP Sensor; RAMP Sensor; RAMP Sensor; RAMP Sensor; RAMP Sensor; RAMP Sensor; RAMP Sensor; RAMP Sensor; RAMP Sensor; RAMP Sensor; RAMP Sensor; RAMP Sensor; RAMP Sensor; RAMP Sensor; RAMP Sensor; RAMP Sensor; RAMP Sensor; RAMP Sensor; RAMP Sensor; RAMP Sensor; RAMP Sensor; RAMP Sensor; RAMP Sensor; RAMP Sensor; RAMP Sensor; RAMP Sensor; RAMP Sensor; RAMP Sensor; RAMP Sensor; RAMP Sensor,40.4783,-79.970377,4.99,2022-02-08T23:00:00Z,2022-02-09T00:00:00Z,True,America/New_York,location record (sensors endpoint failed: HTTP 500),
pittsburgh,938279,Millvale,,5832751,pm25,µg/m³,CMU,Carnegie Mellon University,low-cost,False,RAMP Sensor; RAMP Sensor; RAMP Sensor; RAMP Sensor; RAMP Sensor; RAMP Sensor; RAMP Sensor; RAMP Sensor; RAMP Sensor; RAMP Sensor; RAMP Sensor; RAMP Sensor; RAMP Sensor; RAMP Sensor; RAMP Sensor; RAMP Sensor; RAMP Sensor; RAMP Sensor; RAMP Sensor; RAMP Sensor; RAMP Sensor; RAMP Sensor; RAMP Sensor; RAMP Sensor; RAMP Sensor; RAMP Sensor; RAMP Sensor; RAMP Sensor; RAMP Sensor; RAMP Sensor; RAMP Sensor; RAMP Sensor; RAMP Sensor; RAMP Sensor; RAMP Sensor; RAMP Sensor; RAMP Sensor; RAMP Sensor; RAMP Sensor; RAMP Sensor; RAMP Sensor; RAMP Sensor; RAMP Sensor; RAMP Sensor; RAMP Sensor; RAMP Sensor; RAMP Sensor; RAMP Sensor; RAMP Sensor; RAMP Sensor; RAMP Sensor; RAMP Sensor; RAMP Sensor; RAMP Sensor; RAMP Sensor; RAMP Sensor; RAMP Sensor; RAMP Sensor; RAMP Sensor; RAMP Sensor; RAMP Sensor; RAMP Sensor; RAMP Sensor; RAMP Sensor; RAMP Sensor; RAMP Sensor; RAMP Sensor; RAMP Sensor; RAMP Sensor; RAMP Sensor; RAMP Sensor; RAMP Sensor; RAMP Sensor; RAMP Sensor; RAMP Sensor; RAMP Sensor; RAMP Sensor; RAMP Sensor; RAMP Sensor; RAMP Sensor; RAMP Sensor; RAMP Sensor; RAMP Sensor; RAMP Sensor; RAMP Sensor,40.4783,-79.970377,4.99,2022-02-08T23:00:00Z,2022-02-09T00:00:00Z,True,America/New_York,location record (sensors endpoint failed: HTTP 500),
pittsburgh,938279,Millvale,,5973945,pm25,µg/m³,CMU,Carnegie Mellon University,low-cost,False,RAMP Sensor; RAMP Sensor; RAMP Sensor; RAMP Sensor; RAMP Sensor; RAMP Sensor; RAMP Sensor; RAMP Sensor; RAMP Sensor; RAMP Sensor; RAMP Sensor; RAMP Sensor; RAMP Sensor; RAMP Sensor; RAMP Sensor; RAMP Sensor; RAMP Sensor; RAMP Sensor; RAMP Sensor; RAMP Sensor; RAMP Sensor; RAMP Sensor; RAMP Sensor; RAMP Sensor; RAMP Sensor; RAMP Sensor; RAMP Sensor; RAMP Sensor; RAMP Sensor; RAMP Sensor; RAMP Sensor; RAMP Sensor; RAMP Sensor; RAMP Sensor; RAMP Sensor; RAMP Sensor; RAMP Sensor; RAMP Sensor; RAMP Sensor; RAMP Sensor; RAMP Sensor; RAMP Sensor; RAMP Sensor; RAMP Sensor; RAMP Sensor; RAMP Sensor; RAMP Sensor; RAMP Sensor; RAMP Sensor; RAMP Sensor; RAMP Sensor; RAMP Sensor; RAMP Sensor; RAMP Sensor; RAMP Sensor; RAMP Sensor; RAMP Sensor; RAMP Sensor; RAMP Sensor; RAMP Sensor; RAMP Sensor; RAMP Sensor; RAMP Sensor; RAMP Sensor; RAMP Sensor; RAMP Sensor; RAMP Sensor; RAMP Sensor; RAMP Sensor; RAMP Sensor; RAMP Sensor; RAMP Sensor; RAMP Sensor; RAMP Sensor; RAMP Sensor; RAMP Sensor; RAMP Sensor; RAMP Sensor; RAMP Sensor; RAMP Sensor; RAMP Sensor; RAMP Sensor; RAMP Sensor; RAMP Sensor; RAMP Sensor,40.4783,-79.970377,4.99,2022-02-08T23:00:00Z,2022-02-09T00:00:00Z,True,America/New_York,location record (sensors endpoint failed: HTTP 500),
pittsburgh,938279,Millvale,,5836236,pm25,µg/m³,CMU,Carnegie Mellon University,low-cost,False,RAMP Sensor; RAMP Sensor; RAMP Sensor; RAMP Sensor; RAMP Sensor; RAMP Sensor; RAMP Sensor; RAMP Sensor; RAMP Sensor; RAMP Sensor; RAMP Sensor; RAMP Sensor; RAMP Sensor; RAMP Sensor; RAMP Sensor; RAMP Sensor; RAMP Sensor; RAMP Sensor; RAMP Sensor; RAMP Sensor; RAMP Sensor; RAMP Sensor; RAMP Sensor; RAMP Sensor; RAMP Sensor; RAMP Sensor; RAMP Sensor; RAMP Sensor; RAMP Sensor; RAMP Sensor; RAMP Sensor; RAMP Sensor; RAMP Sensor; RAMP Sensor; RAMP Sensor; RAMP Sensor; RAMP Sensor; RAMP Sensor; RAMP Sensor; RAMP Sensor; RAMP Sensor; RAMP Sensor; RAMP Sensor; RAMP Sensor; RAMP Sensor; RAMP Sensor; RAMP Sensor; RAMP Sensor; RAMP Sensor; RAMP Sensor; RAMP Sensor; RAMP Sensor; RAMP Sensor; RAMP Sensor; RAMP Sensor; RAMP Sensor; RAMP Sensor; RAMP Sensor; RAMP Sensor; RAMP Sensor; RAMP Sensor; RAMP Sensor; RAMP Sensor; RAMP Sensor; RAMP Sensor; RAMP Sensor; RAMP Sensor; RAMP Sensor; RAMP Sensor; RAMP Sensor; RAMP Sensor; RAMP Sensor; RAMP Sensor; RAMP Sensor; RAMP Sensor; RAMP Sensor; RAMP Sensor; RAMP Sensor; RAMP Sensor; RAMP Sensor; RAMP Sensor; RAMP Sensor; RAMP Sensor; RAMP Sensor; RAMP Sensor,40.4783,-79.970377,4.99,2022-02-08T23:00:00Z,2022-02-09T00:00:00Z,True,America/New_York,location record (sensors endpoint failed: HTTP 500),
pittsburgh,938279,Millvale,,5833109,pm25,µg/m³,CMU,Carnegie Mellon University,low-cost,False,RAMP Sensor; RAMP Sensor; RAMP Sensor; RAMP Sensor; RAMP Sensor; RAMP Sensor; RAMP Sensor; RAMP Sensor; RAMP Sensor; RAMP Sensor; RAMP Sensor; RAMP Sensor; RAMP Sensor; RAMP Sensor; RAMP Sensor; RAMP Sensor; RAMP Sensor; RAMP Sensor; RAMP Sensor; RAMP Sensor; RAMP Sensor; RAMP Sensor; RAMP Sensor; RAMP Sensor; RAMP Sensor; RAMP Sensor; RAMP Sensor; RAMP Sensor; RAMP Sensor; RAMP Sensor; RAMP Sensor; RAMP Sensor; RAMP Sensor; RAMP Sensor; RAMP Sensor; RAMP Sensor; RAMP Sensor; RAMP Sensor; RAMP Sensor; RAMP Sensor; RAMP Sensor; RAMP Sensor; RAMP Sensor; RAMP Sensor; RAMP Sensor; RAMP Sensor; RAMP Sensor; RAMP Sensor; RAMP Sensor; RAMP Sensor; RAMP Sensor; RAMP Sensor; RAMP Sensor; RAMP Sensor; RAMP Sensor; RAMP Sensor; RAMP Sensor; RAMP Sensor; RAMP Sensor; RAMP Sensor; RAMP Sensor; RAMP Sensor; RAMP Sensor; RAMP Sensor; RAMP Sensor; RAMP Sensor; RAMP Sensor; RAMP Sensor; RAMP Sensor; RAMP Sensor; RAMP Sensor; RAMP Sensor; RAMP Sensor; RAMP Sensor; RAMP Sensor; RAMP Sensor; RAMP Sensor; RAMP Sensor; RAMP Sensor; RAMP Sensor; RAMP Sensor; RAMP Sensor; RAMP Sensor; RAMP Sensor; RAMP Sensor,40.4783,-79.970377,4.99,2022-02-08T23:00:00Z,2022-02-09T00:00:00Z,True,America/New_York,location record (sensors endpoint failed: HTTP 500),
pittsburgh,938279,Millvale,,5971772,pm25,µg/m³,CMU,Carnegie Mellon University,low-cost,False,RAMP Sensor; RAMP Sensor; RAMP Sensor; RAMP Sensor; RAMP Sensor; RAMP Sensor; RAMP Sensor; RAMP Sensor; RAMP Sensor; RAMP Sensor; RAMP Sensor; RAMP Sensor; RAMP Sensor; RAMP Sensor; RAMP Sensor; RAMP Sensor; RAMP Sensor; RAMP Sensor; RAMP Sensor; RAMP Sensor; RAMP Sensor; RAMP Sensor; RAMP Sensor; RAMP Sensor; RAMP Sensor; RAMP Sensor; RAMP Sensor; RAMP Sensor; RAMP Sensor; RAMP Sensor; RAMP Sensor; RAMP Sensor; RAMP Sensor; RAMP Sensor; RAMP Sensor; RAMP Sensor; RAMP Sensor; RAMP Sensor; RAMP Sensor; RAMP Sensor; RAMP Sensor; RAMP Sensor; RAMP Sensor; RAMP Sensor; RAMP Sensor; RAMP Sensor; RAMP Sensor; RAMP Sensor; RAMP Sensor; RAMP Sensor; RAMP Sensor; RAMP Sensor; RAMP Sensor; RAMP Sensor; RAMP Sensor; RAMP Sensor; RAMP Sensor; RAMP Sensor; RAMP Sensor; RAMP Sensor; RAMP Sensor; RAMP Sensor; RAMP Sensor; RAMP Sensor; RAMP Sensor; RAMP Sensor; RAMP Sensor; RAMP Sensor; RAMP Sensor; RAMP Sensor; RAMP Sensor; RAMP Sensor; RAMP Sensor; RAMP Sensor; RAMP Sensor; RAMP Sensor; RAMP Sensor; RAMP Sensor; RAMP Sensor; RAMP Sensor; RAMP Sensor; RAMP Sensor; RAMP Sensor; RAMP Sensor; RAMP Sensor,40.4783,-79.970377,4.99,2022-02-08T23:00:00Z,2022-02-09T00:00:00Z,True,America/New_York,location record (sensors endpoint failed: HTTP 500),
pittsburgh,938279,Millvale,,5526341,pm25,µg/m³,CMU,Carnegie Mellon University,low-cost,False,RAMP Sensor; RAMP Sensor; RAMP Sensor; RAMP Sensor; RAMP Sensor; RAMP Sensor; RAMP Sensor; RAMP Sensor; RAMP Sensor; RAMP Sensor; RAMP Sensor; RAMP Sensor; RAMP Sensor; RAMP Sensor; RAMP Sensor; RAMP Sensor; RAMP Sensor; RAMP Sensor; RAMP Sensor; RAMP Sensor; RAMP Sensor; RAMP Sensor; RAMP Sensor; RAMP Sensor; RAMP Sensor; RAMP Sensor; RAMP Sensor; RAMP Sensor; RAMP Sensor; RAMP Sensor; RAMP Sensor; RAMP Sensor; RAMP Sensor; RAMP Sensor; RAMP Sensor; RAMP Sensor; RAMP Sensor; RAMP Sensor; RAMP Sensor; RAMP Sensor; RAMP Sensor; RAMP Sensor; RAMP Sensor; RAMP Sensor; RAMP Sensor; RAMP Sensor; RAMP Sensor; RAMP Sensor; RAMP Sensor; RAMP Sensor; RAMP Sensor; RAMP Sensor; RAMP Sensor; RAMP Sensor; RAMP Sensor; RAMP Sensor; RAMP Sensor; RAMP Sensor; RAMP Sensor; RAMP Sensor; RAMP Sensor; RAMP Sensor; RAMP Sensor; RAMP Sensor; RAMP Sensor; RAMP Sensor; RAMP Sensor; RAMP Sensor; RAMP Sensor; RAMP Sensor; RAMP Sensor; RAMP Sensor; RAMP Sensor; RAMP Sensor; RAMP Sensor; RAMP Sensor; RAMP Sensor; RAMP Sensor; RAMP Sensor; RAMP Sensor; RAMP Sensor; RAMP Sensor; RAMP Sensor; RAMP Sensor; RAMP Sensor,40.4783,-79.970377,4.99,2022-02-08T23:00:00Z,2022-02-09T00:00:00Z,True,America/New_York,location record (sensors endpoint failed: HTTP 500),
pittsburgh,938279,Millvale,,5830573,pm25,µg/m³,CMU,Carnegie Mellon University,low-cost,False,RAMP Sensor; RAMP Sensor; RAMP Sensor; RAMP Sensor; RAMP Sensor; RAMP Sensor; RAMP Sensor; RAMP Sensor; RAMP Sensor; RAMP Sensor; RAMP Sensor; RAMP Sensor; RAMP Sensor; RAMP Sensor; RAMP Sensor; RAMP Sensor; RAMP Sensor; RAMP Sensor; RAMP Sensor; RAMP Sensor; RAMP Sensor; RAMP Sensor; RAMP Sensor; RAMP Sensor; RAMP Sensor; RAMP Sensor; RAMP Sensor; RAMP Sensor; RAMP Sensor; RAMP Sensor; RAMP Sensor; RAMP Sensor; RAMP Sensor; RAMP Sensor; RAMP Sensor; RAMP Sensor; RAMP Sensor; RAMP Sensor; RAMP Sensor; RAMP Sensor; RAMP Sensor; RAMP Sensor; RAMP Sensor; RAMP Sensor; RAMP Sensor; RAMP Sensor; RAMP Sensor; RAMP Sensor; RAMP Sensor; RAMP Sensor; RAMP Sensor; RAMP Sensor; RAMP Sensor; RAMP Sensor; RAMP Sensor; RAMP Sensor; RAMP Sensor; RAMP Sensor; RAMP Sensor; RAMP Sensor; RAMP Sensor; RAMP Sensor; RAMP Sensor; RAMP Sensor; RAMP Sensor; RAMP Sensor; RAMP Sensor; RAMP Sensor; RAMP Sensor; RAMP Sensor; RAMP Sensor; RAMP Sensor; RAMP Sensor; RAMP Sensor; RAMP Sensor; RAMP Sensor; RAMP Sensor; RAMP Sensor; RAMP Sensor; RAMP Sensor; RAMP Sensor; RAMP Sensor; RAMP Sensor; RAMP Sensor; RAMP Sensor,40.4783,-79.970377,4.99,2022-02-08T23:00:00Z,2022-02-09T00:00:00Z,True,America/New_York,location record (sensors endpoint failed: HTTP 500),
pittsburgh,938279,Millvale,,5964725,pm25,µg/m³,CMU,Carnegie Mellon University,low-cost,False,RAMP Sensor; RAMP Sensor; RAMP Sensor; RAMP Sensor; RAMP Sensor; RAMP Sensor; RAMP Sensor; RAMP Sensor; RAMP Sensor; RAMP Sensor; RAMP Sensor; RAMP Sensor; RAMP Sensor; RAMP Sensor; RAMP Sensor; RAMP Sensor; RAMP Sensor; RAMP Sensor; RAMP Sensor; RAMP Sensor; RAMP Sensor; RAMP Sensor; RAMP Sensor; RAMP Sensor; RAMP Sensor; RAMP Sensor; RAMP Sensor; RAMP Sensor; RAMP Sensor; RAMP Sensor; RAMP Sensor; RAMP Sensor; RAMP Sensor; RAMP Sensor; RAMP Sensor; RAMP Sensor; RAMP Sensor; RAMP Sensor; RAMP Sensor; RAMP Sensor; RAMP Sensor; RAMP Sensor; RAMP Sensor; RAMP Sensor; RAMP Sensor; RAMP Sensor; RAMP Sensor; RAMP Sensor; RAMP Sensor; RAMP Sensor; RAMP Sensor; RAMP Sensor; RAMP Sensor; RAMP Sensor; RAMP Sensor; RAMP Sensor; RAMP Sensor; RAMP Sensor; RAMP Sensor; RAMP Sensor; RAMP Sensor; RAMP Sensor; RAMP Sensor; RAMP Sensor; RAMP Sensor; RAMP Sensor; RAMP Sensor; RAMP Sensor; RAMP Sensor; RAMP Sensor; RAMP Sensor; RAMP Sensor; RAMP Sensor; RAMP Sensor; RAMP Sensor; RAMP Sensor; RAMP Sensor; RAMP Sensor; RAMP Sensor; RAMP Sensor; RAMP Sensor; RAMP Sensor; RAMP Sensor; RAMP Sensor; RAMP Sensor,40.4783,-79.970377,4.99,2022-02-08T23:00:00Z,2022-02-09T00:00:00Z,True,America/New_York,location record (sensors endpoint failed: HTTP 500),
pittsburgh,938279,Millvale,,5831796,pm25,µg/m³,CMU,Carnegie Mellon University,low-cost,False,RAMP Sensor; RAMP Sensor; RAMP Sensor; RAMP Sensor; RAMP Sensor; RAMP Sensor; RAMP Sensor; RAMP Sensor; RAMP Sensor; RAMP Sensor; RAMP Sensor; RAMP Sensor; RAMP Sensor; RAMP Sensor; RAMP Sensor; RAMP Sensor; RAMP Sensor; RAMP Sensor; RAMP Sensor; RAMP Sensor; RAMP Sensor; RAMP Sensor; RAMP Sensor; RAMP Sensor; RAMP Sensor; RAMP Sensor; RAMP Sensor; RAMP Sensor; RAMP Sensor; RAMP Sensor; RAMP Sensor; RAMP Sensor; RAMP Sensor; RAMP Sensor; RAMP Sensor; RAMP Sensor; RAMP Sensor; RAMP Sensor; RAMP Sensor; RAMP Sensor; RAMP Sensor; RAMP Sensor; RAMP Sensor; RAMP Sensor; RAMP Sensor; RAMP Sensor; RAMP Sensor; RAMP Sensor; RAMP Sensor; RAMP Sensor; RAMP Sensor; RAMP Sensor; RAMP Sensor; RAMP Sensor; RAMP Sensor; RAMP Sensor; RAMP Sensor; RAMP Sensor; RAMP Sensor; RAMP Sensor; RAMP Sensor; RAMP Sensor; RAMP Sensor; RAMP Sensor; RAMP Sensor; RAMP Sensor; RAMP Sensor; RAMP Sensor; RAMP Sensor; RAMP Sensor; RAMP Sensor; RAMP Sensor; RAMP Sensor; RAMP Sensor; RAMP Sensor; RAMP Sensor; RAMP Sensor; RAMP Sensor; RAMP Sensor; RAMP Sensor; RAMP Sensor; RAMP Sensor; RAMP Sensor; RAMP Sensor; RAMP Sensor,40.4783,-79.970377,4.99,2022-02-08T23:00:00Z,2022-02-09T00:00:00Z,True,America/New_York,location record (sensors endpoint failed: HTTP 500),
pittsburgh,938279,Millvale,,5831500,pm25,µg/m³,CMU,Carnegie Mellon University,low-cost,False,RAMP Sensor; RAMP Sensor; RAMP Sensor; RAMP Sensor; RAMP Sensor; RAMP Sensor; RAMP Sensor; RAMP Sensor; RAMP Sensor; RAMP Sensor; RAMP Sensor; RAMP Sensor; RAMP Sensor; RAMP Sensor; RAMP Sensor; RAMP Sensor; RAMP Sensor; RAMP Sensor; RAMP Sensor; RAMP Sensor; RAMP Sensor; RAMP Sensor; RAMP Sensor; RAMP Sensor; RAMP Sensor; RAMP Sensor; RAMP Sensor; RAMP Sensor; RAMP Sensor; RAMP Sensor; RAMP Sensor; RAMP Sensor; RAMP Sensor; RAMP Sensor; RAMP Sensor; RAMP Sensor; RAMP Sensor; RAMP Sensor; RAMP Sensor; RAMP Sensor; RAMP Sensor; RAMP Sensor; RAMP Sensor; RAMP Sensor; RAMP Sensor; RAMP Sensor; RAMP Sensor; RAMP Sensor; RAMP Sensor; RAMP Sensor; RAMP Sensor; RAMP Sensor; RAMP Sensor; RAMP Sensor; RAMP Sensor; RAMP Sensor; RAMP Sensor; RAMP Sensor; RAMP Sensor; RAMP Sensor; RAMP Sensor; RAMP Sensor; RAMP Sensor; RAMP Sensor; RAMP Sensor; RAMP Sensor; RAMP Sensor; RAMP Sensor; RAMP Sensor; RAMP Sensor; RAMP Sensor; RAMP Sensor; RAMP Sensor; RAMP Sensor; RAMP Sensor; RAMP Sensor; RAMP Sensor; RAMP Sensor; RAMP Sensor; RAMP Sensor; RAMP Sensor; RAMP Sensor; RAMP Sensor; RAMP Sensor; RAMP Sensor,40.4783,-79.970377,4.99,2022-02-08T23:00:00Z,2022-02-09T00:00:00Z,True,America/New_York,location record (sensors endpoint failed: HTTP 500),
pittsburgh,938279,Millvale,,5972205,pm25,µg/m³,CMU,Carnegie Mellon University,low-cost,False,RAMP Sensor; RAMP Sensor; RAMP Sensor; RAMP Sensor; RAMP Sensor; RAMP Sensor; RAMP Sensor; RAMP Sensor; RAMP Sensor; RAMP Sensor; RAMP Sensor; RAMP Sensor; RAMP Sensor; RAMP Sensor; RAMP Sensor; RAMP Sensor; RAMP Sensor; RAMP Sensor; RAMP Sensor; RAMP Sensor; RAMP Sensor; RAMP Sensor; RAMP Sensor; RAMP Sensor; RAMP Sensor; RAMP Sensor; RAMP Sensor; RAMP Sensor; RAMP Sensor; RAMP Sensor; RAMP Sensor; RAMP Sensor; RAMP Sensor; RAMP Sensor; RAMP Sensor; RAMP Sensor; RAMP Sensor; RAMP Sensor; RAMP Sensor; RAMP Sensor; RAMP Sensor; RAMP Sensor; RAMP Sensor; RAMP Sensor; RAMP Sensor; RAMP Sensor; RAMP Sensor; RAMP Sensor; RAMP Sensor; RAMP Sensor; RAMP Sensor; RAMP Sensor; RAMP Sensor; RAMP Sensor; RAMP Sensor; RAMP Sensor; RAMP Sensor; RAMP Sensor; RAMP Sensor; RAMP Sensor; RAMP Sensor; RAMP Sensor; RAMP Sensor; RAMP Sensor; RAMP Sensor; RAMP Sensor; RAMP Sensor; RAMP Sensor; RAMP Sensor; RAMP Sensor; RAMP Sensor; RAMP Sensor; RAMP Sensor; RAMP Sensor; RAMP Sensor; RAMP Sensor; RAMP Sensor; RAMP Sensor; RAMP Sensor; RAMP Sensor; RAMP Sensor; RAMP Sensor; RAMP Sensor; RAMP Sensor; RAMP Sensor,40.4783,-79.970377,4.99,2022-02-08T23:00:00Z,2022-02-09T00:00:00Z,True,America/New_York,location record (sensors endpoint failed: HTTP 500),
pittsburgh,938279,Millvale,,5831381,pm25,µg/m³,CMU,Carnegie Mellon University,low-cost,False,RAMP Sensor; RAMP Sensor; RAMP Sensor; RAMP Sensor; RAMP Sensor; RAMP Sensor; RAMP Sensor; RAMP Sensor; RAMP Sensor; RAMP Sensor; RAMP Sensor; RAMP Sensor; RAMP Sensor; RAMP Sensor; RAMP Sensor; RAMP Sensor; RAMP Sensor; RAMP Sensor; RAMP Sensor; RAMP Sensor; RAMP Sensor; RAMP Sensor; RAMP Sensor; RAMP Sensor; RAMP Sensor; RAMP Sensor; RAMP Sensor; RAMP Sensor; RAMP Sensor; RAMP Sensor; RAMP Sensor; RAMP Sensor; RAMP Sensor; RAMP Sensor; RAMP Sensor; RAMP Sensor; RAMP Sensor; RAMP Sensor; RAMP Sensor; RAMP Sensor; RAMP Sensor; RAMP Sensor; RAMP Sensor; RAMP Sensor; RAMP Sensor; RAMP Sensor; RAMP Sensor; RAMP Sensor; RAMP Sensor; RAMP Sensor; RAMP Sensor; RAMP Sensor; RAMP Sensor; RAMP Sensor; RAMP Sensor; RAMP Sensor; RAMP Sensor; RAMP Sensor; RAMP Sensor; RAMP Sensor; RAMP Sensor; RAMP Sensor; RAMP Sensor; RAMP Sensor; RAMP Sensor; RAMP Sensor; RAMP Sensor; RAMP Sensor; RAMP Sensor; RAMP Sensor; RAMP Sensor; RAMP Sensor; RAMP Sensor; RAMP Sensor; RAMP Sensor; RAMP Sensor; RAMP Sensor; RAMP Sensor; RAMP Sensor; RAMP Sensor; RAMP Sensor; RAMP Sensor; RAMP Sensor; RAMP Sensor; RAMP Sensor,40.4783,-79.970377,4.99,2022-02-08T23:00:00Z,2022-02-09T00:00:00Z,True,America/New_York,location record (sensors endpoint failed: HTTP 500),
pittsburgh,938279,Millvale,,5831258,pm25,µg/m³,CMU,Carnegie Mellon University,low-cost,False,RAMP Sensor; RAMP Sensor; RAMP Sensor; RAMP Sensor; RAMP Sensor; RAMP Sensor; RAMP Sensor; RAMP Sensor; RAMP Sensor; RAMP Sensor; RAMP Sensor; RAMP Sensor; RAMP Sensor; RAMP Sensor; RAMP Sensor; RAMP Sensor; RAMP Sensor; RAMP Sensor; RAMP Sensor; RAMP Sensor; RAMP Sensor; RAMP Sensor; RAMP Sensor; RAMP Sensor; RAMP Sensor; RAMP Sensor; RAMP Sensor; RAMP Sensor; RAMP Sensor; RAMP Sensor; RAMP Sensor; RAMP Sensor; RAMP Sensor; RAMP Sensor; RAMP Sensor; RAMP Sensor; RAMP Sensor; RAMP Sensor; RAMP Sensor; RAMP Sensor; RAMP Sensor; RAMP Sensor; RAMP Sensor; RAMP Sensor; RAMP Sensor; RAMP Sensor; RAMP Sensor; RAMP Sensor; RAMP Sensor; RAMP Sensor; RAMP Sensor; RAMP Sensor; RAMP Sensor; RAMP Sensor; RAMP Sensor; RAMP Sensor; RAMP Sensor; RAMP Sensor; RAMP Sensor; RAMP Sensor; RAMP Sensor; RAMP Sensor; RAMP Sensor; RAMP Sensor; RAMP Sensor; RAMP Sensor; RAMP Sensor; RAMP Sensor; RAMP Sensor; RAMP Sensor; RAMP Sensor; RAMP Sensor; RAMP Sensor; RAMP Sensor; RAMP Sensor; RAMP Sensor; RAMP Sensor; RAMP Sensor; RAMP Sensor; RAMP Sensor; RAMP Sensor; RAMP Sensor; RAMP Sensor; RAMP Sensor; RAMP Sensor,40.4783,-79.970377,4.99,2022-02-08T23:00:00Z,2022-02-09T00:00:00Z,True,America/New_York,location record (sensors endpoint failed: HTTP 500),
pittsburgh,938279,Millvale,,5972574,pm25,µg/m³,CMU,Carnegie Mellon University,low-cost,False,RAMP Sensor; RAMP Sensor; RAMP Sensor; RAMP Sensor; RAMP Sensor; RAMP Sensor; RAMP Sensor; RAMP Sensor; RAMP Sensor; RAMP Sensor; RAMP Sensor; RAMP Sensor; RAMP Sensor; RAMP Sensor; RAMP Sensor; RAMP Sensor; RAMP Sensor; RAMP Sensor; RAMP Sensor; RAMP Sensor; RAMP Sensor; RAMP Sensor; RAMP Sensor; RAMP Sensor; RAMP Sensor; RAMP Sensor; RAMP Sensor; RAMP Sensor; RAMP Sensor; RAMP Sensor; RAMP Sensor; RAMP Sensor; RAMP Sensor; RAMP Sensor; RAMP Sensor; RAMP Sensor; RAMP Sensor; RAMP Sensor; RAMP Sensor; RAMP Sensor; RAMP Sensor; RAMP Sensor; RAMP Sensor; RAMP Sensor; RAMP Sensor; RAMP Sensor; RAMP Sensor; RAMP Sensor; RAMP Sensor; RAMP Sensor; RAMP Sensor; RAMP Sensor; RAMP Sensor; RAMP Sensor; RAMP Sensor; RAMP Sensor; RAMP Sensor; RAMP Sensor; RAMP Sensor; RAMP Sensor; RAMP Sensor; RAMP Sensor; RAMP Sensor; RAMP Sensor; RAMP Sensor; RAMP Sensor; RAMP Sensor; RAMP Sensor; RAMP Sensor; RAMP Sensor; RAMP Sensor; RAMP Sensor; RAMP Sensor; RAMP Sensor; RAMP Sensor; RAMP Sensor; RAMP Sensor; RAMP Sensor; RAMP Sensor; RAMP Sensor; RAMP Sensor; RAMP Sensor; RAMP Sensor; RAMP Sensor; RAMP Sensor,40.4783,-79.970377,4.99,2022-02-08T23:00:00Z,2022-02-09T00:00:00Z,True,America/New_York,location record (sensors endpoint failed: HTTP 500),
pittsburgh,938279,Millvale,,5972598,pm25,µg/m³,CMU,Carnegie Mellon University,low-cost,False,RAMP Sensor; RAMP Sensor; RAMP Sensor; RAMP Sensor; RAMP Sensor; RAMP Sensor; RAMP Sensor; RAMP Sensor; RAMP Sensor; RAMP Sensor; RAMP Sensor; RAMP Sensor; RAMP Sensor; RAMP Sensor; RAMP Sensor; RAMP Sensor; RAMP Sensor; RAMP Sensor; RAMP Sensor; RAMP Sensor; RAMP Sensor; RAMP Sensor; RAMP Sensor; RAMP Sensor; RAMP Sensor; RAMP Sensor; RAMP Sensor; RAMP Sensor; RAMP Sensor; RAMP Sensor; RAMP Sensor; RAMP Sensor; RAMP Sensor; RAMP Sensor; RAMP Sensor; RAMP Sensor; RAMP Sensor; RAMP Sensor; RAMP Sensor; RAMP Sensor; RAMP Sensor; RAMP Sensor; RAMP Sensor; RAMP Sensor; RAMP Sensor; RAMP Sensor; RAMP Sensor; RAMP Sensor; RAMP Sensor; RAMP Sensor; RAMP Sensor; RAMP Sensor; RAMP Sensor; RAMP Sensor; RAMP Sensor; RAMP Sensor; RAMP Sensor; RAMP Sensor; RAMP Sensor; RAMP Sensor; RAMP Sensor; RAMP Sensor; RAMP Sensor; RAMP Sensor; RAMP Sensor; RAMP Sensor; RAMP Sensor; RAMP Sensor; RAMP Sensor; RAMP Sensor; RAMP Sensor; RAMP Sensor; RAMP Sensor; RAMP Sensor; RAMP Sensor; RAMP Sensor; RAMP Sensor; RAMP Sensor; RAMP Sensor; RAMP Sensor; RAMP Sensor; RAMP Sensor; RAMP Sensor; RAMP Sensor; RAMP Sensor,40.4783,-79.970377,4.99,2022-02-08T23:00:00Z,2022-02-09T00:00:00Z,True,America/New_York,location record (sensors endpoint failed: HTTP 500),
pittsburgh,938279,Millvale,,5971893,pm25,µg/m³,CMU,Carnegie Mellon University,low-cost,False,RAMP Sensor; RAMP Sensor; RAMP Sensor; RAMP Sensor; RAMP Sensor; RAMP Sensor; RAMP Sensor; RAMP Sensor; RAMP Sensor; RAMP Sensor; RAMP Sensor; RAMP Sensor; RAMP Sensor; RAMP Sensor; RAMP Sensor; RAMP Sensor; RAMP Sensor; RAMP Sensor; RAMP Sensor; RAMP Sensor; RAMP Sensor; RAMP Sensor; RAMP Sensor; RAMP Sensor; RAMP Sensor; RAMP Sensor; RAMP Sensor; RAMP Sensor; RAMP Sensor; RAMP Sensor; RAMP Sensor; RAMP Sensor; RAMP Sensor; RAMP Sensor; RAMP Sensor; RAMP Sensor; RAMP Sensor; RAMP Sensor; RAMP Sensor; RAMP Sensor; RAMP Sensor; RAMP Sensor; RAMP Sensor; RAMP Sensor; RAMP Sensor; RAMP Sensor; RAMP Sensor; RAMP Sensor; RAMP Sensor; RAMP Sensor; RAMP Sensor; RAMP Sensor; RAMP Sensor; RAMP Sensor; RAMP Sensor; RAMP Sensor; RAMP Sensor; RAMP Sensor; RAMP Sensor; RAMP Sensor; RAMP Sensor; RAMP Sensor; RAMP Sensor; RAMP Sensor; RAMP Sensor; RAMP Sensor; RAMP Sensor; RAMP Sensor; RAMP Sensor; RAMP Sensor; RAMP Sensor; RAMP Sensor; RAMP Sensor; RAMP Sensor; RAMP Sensor; RAMP Sensor; RAMP Sensor; RAMP Sensor; RAMP Sensor; RAMP Sensor; RAMP Sensor; RAMP Sensor; RAMP Sensor; RAMP Sensor; RAMP Sensor,40.4783,-79.970377,4.99,2022-02-08T23:00:00Z,2022-02-09T00:00:00Z,True,America/New_York,location record (sensors endpoint failed: HTTP 500),
pittsburgh,938279,Millvale,,5836914,pm25,µg/m³,CMU,Carnegie Mellon University,low-cost,False,RAMP Sensor; RAMP Sensor; RAMP Sensor; RAMP Sensor; RAMP Sensor; RAMP Sensor; RAMP Sensor; RAMP Sensor; RAMP Sensor; RAMP Sensor; RAMP Sensor; RAMP Sensor; RAMP Sensor; RAMP Sensor; RAMP Sensor; RAMP Sensor; RAMP Sensor; RAMP Sensor; RAMP Sensor; RAMP Sensor; RAMP Sensor; RAMP Sensor; RAMP Sensor; RAMP Sensor; RAMP Sensor; RAMP Sensor; RAMP Sensor; RAMP Sensor; RAMP Sensor; RAMP Sensor; RAMP Sensor; RAMP Sensor; RAMP Sensor; RAMP Sensor; RAMP Sensor; RAMP Sensor; RAMP Sensor; RAMP Sensor; RAMP Sensor; RAMP Sensor; RAMP Sensor; RAMP Sensor; RAMP Sensor; RAMP Sensor; RAMP Sensor; RAMP Sensor; RAMP Sensor; RAMP Sensor; RAMP Sensor; RAMP Sensor; RAMP Sensor; RAMP Sensor; RAMP Sensor; RAMP Sensor; RAMP Sensor; RAMP Sensor; RAMP Sensor; RAMP Sensor; RAMP Sensor; RAMP Sensor; RAMP Sensor; RAMP Sensor; RAMP Sensor; RAMP Sensor; RAMP Sensor; RAMP Sensor; RAMP Sensor; RAMP Sensor; RAMP Sensor; RAMP Sensor; RAMP Sensor; RAMP Sensor; RAMP Sensor; RAMP Sensor; RAMP Sensor; RAMP Sensor; RAMP Sensor; RAMP Sensor; RAMP Sensor; RAMP Sensor; RAMP Sensor; RAMP Sensor; RAMP Sensor; RAMP Sensor; RAMP Sensor,40.4783,-79.970377,4.99,2022-02-08T23:00:00Z,2022-02-09T00:00:00Z,True,America/New_York,location record (sensors endpoint failed: HTTP 500),
pittsburgh,938279,Millvale,,5831216,pm25,µg/m³,CMU,Carnegie Mellon University,low-cost,False,RAMP Sensor; RAMP Sensor; RAMP Sensor; RAMP Sensor; RAMP Sensor; RAMP Sensor; RAMP Sensor; RAMP Sensor; RAMP Sensor; RAMP Sensor; RAMP Sensor; RAMP Sensor; RAMP Sensor; RAMP Sensor; RAMP Sensor; RAMP Sensor; RAMP Sensor; RAMP Sensor; RAMP Sensor; RAMP Sensor; RAMP Sensor; RAMP Sensor; RAMP Sensor; RAMP Sensor; RAMP Sensor; RAMP Sensor; RAMP Sensor; RAMP Sensor; RAMP Sensor; RAMP Sensor; RAMP Sensor; RAMP Sensor; RAMP Sensor; RAMP Sensor; RAMP Sensor; RAMP Sensor; RAMP Sensor; RAMP Sensor; RAMP Sensor; RAMP Sensor; RAMP Sensor; RAMP Sensor; RAMP Sensor; RAMP Sensor; RAMP Sensor; RAMP Sensor; RAMP Sensor; RAMP Sensor; RAMP Sensor; RAMP Sensor; RAMP Sensor; RAMP Sensor; RAMP Sensor; RAMP Sensor; RAMP Sensor; RAMP Sensor; RAMP Sensor; RAMP Sensor; RAMP Sensor; RAMP Sensor; RAMP Sensor; RAMP Sensor; RAMP Sensor; RAMP Sensor; RAMP Sensor; RAMP Sensor; RAMP Sensor; RAMP Sensor; RAMP Sensor; RAMP Sensor; RAMP Sensor; RAMP Sensor; RAMP Sensor; RAMP Sensor; RAMP Sensor; RAMP Sensor; RAMP Sensor; RAMP Sensor; RAMP Sensor; RAMP Sensor; RAMP Sensor; RAMP Sensor; RAMP Sensor; RAMP Sensor; RAMP Sensor,40.4783,-79.970377,4.99,2022-02-08T23:00:00Z,2022-02-09T00:00:00Z,True,America/New_York,location record (sensors endpoint failed: HTTP 500),
pittsburgh,938279,Millvale,,5972108,pm25,µg/m³,CMU,Carnegie Mellon University,low-cost,False,RAMP Sensor; RAMP Sensor; RAMP Sensor; RAMP Sensor; RAMP Sensor; RAMP Sensor; RAMP Sensor; RAMP Sensor; RAMP Sensor; RAMP Sensor; RAMP Sensor; RAMP Sensor; RAMP Sensor; RAMP Sensor; RAMP Sensor; RAMP Sensor; RAMP Sensor; RAMP Sensor; RAMP Sensor; RAMP Sensor; RAMP Sensor; RAMP Sensor; RAMP Sensor; RAMP Sensor; RAMP Sensor; RAMP Sensor; RAMP Sensor; RAMP Sensor; RAMP Sensor; RAMP Sensor; RAMP Sensor; RAMP Sensor; RAMP Sensor; RAMP Sensor; RAMP Sensor; RAMP Sensor; RAMP Sensor; RAMP Sensor; RAMP Sensor; RAMP Sensor; RAMP Sensor; RAMP Sensor; RAMP Sensor; RAMP Sensor; RAMP Sensor; RAMP Sensor; RAMP Sensor; RAMP Sensor; RAMP Sensor; RAMP Sensor; RAMP Sensor; RAMP Sensor; RAMP Sensor; RAMP Sensor; RAMP Sensor; RAMP Sensor; RAMP Sensor; RAMP Sensor; RAMP Sensor; RAMP Sensor; RAMP Sensor; RAMP Sensor; RAMP Sensor; RAMP Sensor; RAMP Sensor; RAMP Sensor; RAMP Sensor; RAMP Sensor; RAMP Sensor; RAMP Sensor; RAMP Sensor; RAMP Sensor; RAMP Sensor; RAMP Sensor; RAMP Sensor; RAMP Sensor; RAMP Sensor; RAMP Sensor; RAMP Sensor; RAMP Sensor; RAMP Sensor; RAMP Sensor; RAMP Sensor; RAMP Sensor; RAMP Sensor,40.4783,-79.970377,4.99,2022-02-08T23:00:00Z,2022-02-09T00:00:00Z,True,America/New_York,location record (sensors endpoint failed: HTTP 500),
pittsburgh,938279,Millvale,,5831112,pm25,µg/m³,CMU,Carnegie Mellon University,low-cost,False,RAMP Sensor; RAMP Sensor; RAMP Sensor; RAMP Sensor; RAMP Sensor; RAMP Sensor; RAMP Sensor; RAMP Sensor; RAMP Sensor; RAMP Sensor; RAMP Sensor; RAMP Sensor; RAMP Sensor; RAMP Sensor; RAMP Sensor; RAMP Sensor; RAMP Sensor; RAMP Sensor; RAMP Sensor; RAMP Sensor; RAMP Sensor; RAMP Sensor; RAMP Sensor; RAMP Sensor; RAMP Sensor; RAMP Sensor; RAMP Sensor; RAMP Sensor; RAMP Sensor; RAMP Sensor; RAMP Sensor; RAMP Sensor; RAMP Sensor; RAMP Sensor; RAMP Sensor; RAMP Sensor; RAMP Sensor; RAMP Sensor; RAMP Sensor; RAMP Sensor; RAMP Sensor; RAMP Sensor; RAMP Sensor; RAMP Sensor; RAMP Sensor; RAMP Sensor; RAMP Sensor; RAMP Sensor; RAMP Sensor; RAMP Sensor; RAMP Sensor; RAMP Sensor; RAMP Sensor; RAMP Sensor; RAMP Sensor; RAMP Sensor; RAMP Sensor; RAMP Sensor; RAMP Sensor; RAMP Sensor; RAMP Sensor; RAMP Sensor; RAMP Sensor; RAMP Sensor; RAMP Sensor; RAMP Sensor; RAMP Sensor; RAMP Sensor; RAMP Sensor; RAMP Sensor; RAMP Sensor; RAMP Sensor; RAMP Sensor; RAMP Sensor; RAMP Sensor; RAMP Sensor; RAMP Sensor; RAMP Sensor; RAMP Sensor; RAMP Sensor; RAMP Sensor; RAMP Sensor; RAMP Sensor; RAMP Sensor; RAMP Sensor,40.4783,-79.970377,4.99,2022-02-08T23:00:00Z,2022-02-09T00:00:00Z,True,America/New_York,location record (sensors endpoint failed: HTTP 500),
pittsburgh,938279,Millvale,,5975219,pm25,µg/m³,CMU,Carnegie Mellon University,low-cost,False,RAMP Sensor; RAMP Sensor; RAMP Sensor; RAMP Sensor; RAMP Sensor; RAMP Sensor; RAMP Sensor; RAMP Sensor; RAMP Sensor; RAMP Sensor; RAMP Sensor; RAMP Sensor; RAMP Sensor; RAMP Sensor; RAMP Sensor; RAMP Sensor; RAMP Sensor; RAMP Sensor; RAMP Sensor; RAMP Sensor; RAMP Sensor; RAMP Sensor; RAMP Sensor; RAMP Sensor; RAMP Sensor; RAMP Sensor; RAMP Sensor; RAMP Sensor; RAMP Sensor; RAMP Sensor; RAMP Sensor; RAMP Sensor; RAMP Sensor; RAMP Sensor; RAMP Sensor; RAMP Sensor; RAMP Sensor; RAMP Sensor; RAMP Sensor; RAMP Sensor; RAMP Sensor; RAMP Sensor; RAMP Sensor; RAMP Sensor; RAMP Sensor; RAMP Sensor; RAMP Sensor; RAMP Sensor; RAMP Sensor; RAMP Sensor; RAMP Sensor; RAMP Sensor; RAMP Sensor; RAMP Sensor; RAMP Sensor; RAMP Sensor; RAMP Sensor; RAMP Sensor; RAMP Sensor; RAMP Sensor; RAMP Sensor; RAMP Sensor; RAMP Sensor; RAMP Sensor; RAMP Sensor; RAMP Sensor; RAMP Sensor; RAMP Sensor; RAMP Sensor; RAMP Sensor; RAMP Sensor; RAMP Sensor; RAMP Sensor; RAMP Sensor; RAMP Sensor; RAMP Sensor; RAMP Sensor; RAMP Sensor; RAMP Sensor; RAMP Sensor; RAMP Sensor; RAMP Sensor; RAMP Sensor; RAMP Sensor; RAMP Sensor,40.4783,-79.970377,4.99,2022-02-08T23:00:00Z,2022-02-09T00:00:00Z,True,America/New_York,location record (sensors endpoint failed: HTTP 500),
pittsburgh,938279,Millvale,,5966476,pm25,µg/m³,CMU,Carnegie Mellon University,low-cost,False,RAMP Sensor; RAMP Sensor; RAMP Sensor; RAMP Sensor; RAMP Sensor; RAMP Sensor; RAMP Sensor; RAMP Sensor; RAMP Sensor; RAMP Sensor; RAMP Sensor; RAMP Sensor; RAMP Sensor; RAMP Sensor; RAMP Sensor; RAMP Sensor; RAMP Sensor; RAMP Sensor; RAMP Sensor; RAMP Sensor; RAMP Sensor; RAMP Sensor; RAMP Sensor; RAMP Sensor; RAMP Sensor; RAMP Sensor; RAMP Sensor; RAMP Sensor; RAMP Sensor; RAMP Sensor; RAMP Sensor; RAMP Sensor; RAMP Sensor; RAMP Sensor; RAMP Sensor; RAMP Sensor; RAMP Sensor; RAMP Sensor; RAMP Sensor; RAMP Sensor; RAMP Sensor; RAMP Sensor; RAMP Sensor; RAMP Sensor; RAMP Sensor; RAMP Sensor; RAMP Sensor; RAMP Sensor; RAMP Sensor; RAMP Sensor; RAMP Sensor; RAMP Sensor; RAMP Sensor; RAMP Sensor; RAMP Sensor; RAMP Sensor; RAMP Sensor; RAMP Sensor; RAMP Sensor; RAMP Sensor; RAMP Sensor; RAMP Sensor; RAMP Sensor; RAMP Sensor; RAMP Sensor; RAMP Sensor; RAMP Sensor; RAMP Sensor; RAMP Sensor; RAMP Sensor; RAMP Sensor; RAMP Sensor; RAMP Sensor; RAMP Sensor; RAMP Sensor; RAMP Sensor; RAMP Sensor; RAMP Sensor; RAMP Sensor; RAMP Sensor; RAMP Sensor; RAMP Sensor; RAMP Sensor; RAMP Sensor; RAMP Sensor,40.4783,-79.970377,4.99,2022-02-08T23:00:00Z,2022-02-09T00:00:00Z,True,America/New_York,location record (sensors endpoint failed: HTTP 500),
pittsburgh,938279,Millvale,,5790864,pm25,µg/m³,CMU,Carnegie Mellon University,low-cost,False,RAMP Sensor; RAMP Sensor; RAMP Sensor; RAMP Sensor; RAMP Sensor; RAMP Sensor; RAMP Sensor; RAMP Sensor; RAMP Sensor; RAMP Sensor; RAMP Sensor; RAMP Sensor; RAMP Sensor; RAMP Sensor; RAMP Sensor; RAMP Sensor; RAMP Sensor; RAMP Sensor; RAMP Sensor; RAMP Sensor; RAMP Sensor; RAMP Sensor; RAMP Sensor; RAMP Sensor; RAMP Sensor; RAMP Sensor; RAMP Sensor; RAMP Sensor; RAMP Sensor; RAMP Sensor; RAMP Sensor; RAMP Sensor; RAMP Sensor; RAMP Sensor; RAMP Sensor; RAMP Sensor; RAMP Sensor; RAMP Sensor; RAMP Sensor; RAMP Sensor; RAMP Sensor; RAMP Sensor; RAMP Sensor; RAMP Sensor; RAMP Sensor; RAMP Sensor; RAMP Sensor; RAMP Sensor; RAMP Sensor; RAMP Sensor; RAMP Sensor; RAMP Sensor; RAMP Sensor; RAMP Sensor; RAMP Sensor; RAMP Sensor; RAMP Sensor; RAMP Sensor; RAMP Sensor; RAMP Sensor; RAMP Sensor; RAMP Sensor; RAMP Sensor; RAMP Sensor; RAMP Sensor; RAMP Sensor; RAMP Sensor; RAMP Sensor; RAMP Sensor; RAMP Sensor; RAMP Sensor; RAMP Sensor; RAMP Sensor; RAMP Sensor; RAMP Sensor; RAMP Sensor; RAMP Sensor; RAMP Sensor; RAMP Sensor; RAMP Sensor; RAMP Sensor; RAMP Sensor; RAMP Sensor; RAMP Sensor; RAMP Sensor,40.4783,-79.970377,4.99,2022-02-08T23:00:00Z,2022-02-09T00:00:00Z,True,America/New_York,location record (sensors endpoint failed: HTTP 500),
pittsburgh,938279,Millvale,,5184204,pm25,µg/m³,CMU,Carnegie Mellon University,low-cost,False,RAMP Sensor; RAMP Sensor; RAMP Sensor; RAMP Sensor; RAMP Sensor; RAMP Sensor; RAMP Sensor; RAMP Sensor; RAMP Sensor; RAMP Sensor; RAMP Sensor; RAMP Sensor; RAMP Sensor; RAMP Sensor; RAMP Sensor; RAMP Sensor; RAMP Sensor; RAMP Sensor; RAMP Sensor; RAMP Sensor; RAMP Sensor; RAMP Sensor; RAMP Sensor; RAMP Sensor; RAMP Sensor; RAMP Sensor; RAMP Sensor; RAMP Sensor; RAMP Sensor; RAMP Sensor; RAMP Sensor; RAMP Sensor; RAMP Sensor; RAMP Sensor; RAMP Sensor; RAMP Sensor; RAMP Sensor; RAMP Sensor; RAMP Sensor; RAMP Sensor; RAMP Sensor; RAMP Sensor; RAMP Sensor; RAMP Sensor; RAMP Sensor; RAMP Sensor; RAMP Sensor; RAMP Sensor; RAMP Sensor; RAMP Sensor; RAMP Sensor; RAMP Sensor; RAMP Sensor; RAMP Sensor; RAMP Sensor; RAMP Sensor; RAMP Sensor; RAMP Sensor; RAMP Sensor; RAMP Sensor; RAMP Sensor; RAMP Sensor; RAMP Sensor; RAMP Sensor; RAMP Sensor; RAMP Sensor; RAMP Sensor; RAMP Sensor; RAMP Sensor; RAMP Sensor; RAMP Sensor; RAMP Sensor; RAMP Sensor; RAMP Sensor; RAMP Sensor; RAMP Sensor; RAMP Sensor; RAMP Sensor; RAMP Sensor; RAMP Sensor; RAMP Sensor; RAMP Sensor; RAMP Sensor; RAMP Sensor; RAMP Sensor,40.4783,-79.970377,4.99,2022-02-08T23:00:00Z,2022-02-09T00:00:00Z,True,America/New_York,location record (sensors endpoint failed: HTTP 500),
pittsburgh,938279,Millvale,,5974217,pm25,µg/m³,CMU,Carnegie Mellon University,low-cost,False,RAMP Sensor; RAMP Sensor; RAMP Sensor; RAMP Sensor; RAMP Sensor; RAMP Sensor; RAMP Sensor; RAMP Sensor; RAMP Sensor; RAMP Sensor; RAMP Sensor; RAMP Sensor; RAMP Sensor; RAMP Sensor; RAMP Sensor; RAMP Sensor; RAMP Sensor; RAMP Sensor; RAMP Sensor; RAMP Sensor; RAMP Sensor; RAMP Sensor; RAMP Sensor; RAMP Sensor; RAMP Sensor; RAMP Sensor; RAMP Sensor; RAMP Sensor; RAMP Sensor; RAMP Sensor; RAMP Sensor; RAMP Sensor; RAMP Sensor; RAMP Sensor; RAMP Sensor; RAMP Sensor; RAMP Sensor; RAMP Sensor; RAMP Sensor; RAMP Sensor; RAMP Sensor; RAMP Sensor; RAMP Sensor; RAMP Sensor; RAMP Sensor; RAMP Sensor; RAMP Sensor; RAMP Sensor; RAMP Sensor; RAMP Sensor; RAMP Sensor; RAMP Sensor; RAMP Sensor; RAMP Sensor; RAMP Sensor; RAMP Sensor; RAMP Sensor; RAMP Sensor; RAMP Sensor; RAMP Sensor; RAMP Sensor; RAMP Sensor; RAMP Sensor; RAMP Sensor; RAMP Sensor; RAMP Sensor; RAMP Sensor; RAMP Sensor; RAMP Sensor; RAMP Sensor; RAMP Sensor; RAMP Sensor; RAMP Sensor; RAMP Sensor; RAMP Sensor; RAMP Sensor; RAMP Sensor; RAMP Sensor; RAMP Sensor; RAMP Sensor; RAMP Sensor; RAMP Sensor; RAMP Sensor; RAMP Sensor; RAMP Sensor,40.4783,-79.970377,4.99,2022-02-08T23:00:00Z,2022-02-09T00:00:00Z,True,America/New_York,location record (sensors endpoint failed: HTTP 500),
pittsburgh,938279,Millvale,,5831061,pm25,µg/m³,CMU,Carnegie Mellon University,low-cost,False,RAMP Sensor; RAMP Sensor; RAMP Sensor; RAMP Sensor; RAMP Sensor; RAMP Sensor; RAMP Sensor; RAMP Sensor; RAMP Sensor; RAMP Sensor; RAMP Sensor; RAMP Sensor; RAMP Sensor; RAMP Sensor; RAMP Sensor; RAMP Sensor; RAMP Sensor; RAMP Sensor; RAMP Sensor; RAMP Sensor; RAMP Sensor; RAMP Sensor; RAMP Sensor; RAMP Sensor; RAMP Sensor; RAMP Sensor; RAMP Sensor; RAMP Sensor; RAMP Sensor; RAMP Sensor; RAMP Sensor; RAMP Sensor; RAMP Sensor; RAMP Sensor; RAMP Sensor; RAMP Sensor; RAMP Sensor; RAMP Sensor; RAMP Sensor; RAMP Sensor; RAMP Sensor; RAMP Sensor; RAMP Sensor; RAMP Sensor; RAMP Sensor; RAMP Sensor; RAMP Sensor; RAMP Sensor; RAMP Sensor; RAMP Sensor; RAMP Sensor; RAMP Sensor; RAMP Sensor; RAMP Sensor; RAMP Sensor; RAMP Sensor; RAMP Sensor; RAMP Sensor; RAMP Sensor; RAMP Sensor; RAMP Sensor; RAMP Sensor; RAMP Sensor; RAMP Sensor; RAMP Sensor; RAMP Sensor; RAMP Sensor; RAMP Sensor; RAMP Sensor; RAMP Sensor; RAMP Sensor; RAMP Sensor; RAMP Sensor; RAMP Sensor; RAMP Sensor; RAMP Sensor; RAMP Sensor; RAMP Sensor; RAMP Sensor; RAMP Sensor; RAMP Sensor; RAMP Sensor; RAMP Sensor; RAMP Sensor; RAMP Sensor,40.4783,-79.970377,4.99,2022-02-08T23:00:00Z,2022-02-09T00:00:00Z,True,America/New_York,location record (sensors endpoint failed: HTTP 500),
pittsburgh,938279,Millvale,,5972750,pm25,µg/m³,CMU,Carnegie Mellon University,low-cost,False,RAMP Sensor; RAMP Sensor; RAMP Sensor; RAMP Sensor; RAMP Sensor; RAMP Sensor; RAMP Sensor; RAMP Sensor; RAMP Sensor; RAMP Sensor; RAMP Sensor; RAMP Sensor; RAMP Sensor; RAMP Sensor; RAMP Sensor; RAMP Sensor; RAMP Sensor; RAMP Sensor; RAMP Sensor; RAMP Sensor; RAMP Sensor; RAMP Sensor; RAMP Sensor; RAMP Sensor; RAMP Sensor; RAMP Sensor; RAMP Sensor; RAMP Sensor; RAMP Sensor; RAMP Sensor; RAMP Sensor; RAMP Sensor; RAMP Sensor; RAMP Sensor; RAMP Sensor; RAMP Sensor; RAMP Sensor; RAMP Sensor; RAMP Sensor; RAMP Sensor; RAMP Sensor; RAMP Sensor; RAMP Sensor; RAMP Sensor; RAMP Sensor; RAMP Sensor; RAMP Sensor; RAMP Sensor; RAMP Sensor; RAMP Sensor; RAMP Sensor; RAMP Sensor; RAMP Sensor; RAMP Sensor; RAMP Sensor; RAMP Sensor; RAMP Sensor; RAMP Sensor; RAMP Sensor; RAMP Sensor; RAMP Sensor; RAMP Sensor; RAMP Sensor; RAMP Sensor; RAMP Sensor; RAMP Sensor; RAMP Sensor; RAMP Sensor; RAMP Sensor; RAMP Sensor; RAMP Sensor; RAMP Sensor; RAMP Sensor; RAMP Sensor; RAMP Sensor; RAMP Sensor; RAMP Sensor; RAMP Sensor; RAMP Sensor; RAMP Sensor; RAMP Sensor; RAMP Sensor; RAMP Sensor; RAMP Sensor; RAMP Sensor,40.4783,-79.970377,4.99,2022-02-08T23:00:00Z,2022-02-09T00:00:00Z,True,America/New_York,location record (sensors endpoint failed: HTTP 500),
pittsburgh,938279,Millvale,,5975669,pm25,µg/m³,CMU,Carnegie Mellon University,low-cost,False,RAMP Sensor; RAMP Sensor; RAMP Sensor; RAMP Sensor; RAMP Sensor; RAMP Sensor; RAMP Sensor; RAMP Sensor; RAMP Sensor; RAMP Sensor; RAMP Sensor; RAMP Sensor; RAMP Sensor; RAMP Sensor; RAMP Sensor; RAMP Sensor; RAMP Sensor; RAMP Sensor; RAMP Sensor; RAMP Sensor; RAMP Sensor; RAMP Sensor; RAMP Sensor; RAMP Sensor; RAMP Sensor; RAMP Sensor; RAMP Sensor; RAMP Sensor; RAMP Sensor; RAMP Sensor; RAMP Sensor; RAMP Sensor; RAMP Sensor; RAMP Sensor; RAMP Sensor; RAMP Sensor; RAMP Sensor; RAMP Sensor; RAMP Sensor; RAMP Sensor; RAMP Sensor; RAMP Sensor; RAMP Sensor; RAMP Sensor; RAMP Sensor; RAMP Sensor; RAMP Sensor; RAMP Sensor; RAMP Sensor; RAMP Sensor; RAMP Sensor; RAMP Sensor; RAMP Sensor; RAMP Sensor; RAMP Sensor; RAMP Sensor; RAMP Sensor; RAMP Sensor; RAMP Sensor; RAMP Sensor; RAMP Sensor; RAMP Sensor; RAMP Sensor; RAMP Sensor; RAMP Sensor; RAMP Sensor; RAMP Sensor; RAMP Sensor; RAMP Sensor; RAMP Sensor; RAMP Sensor; RAMP Sensor; RAMP Sensor; RAMP Sensor; RAMP Sensor; RAMP Sensor; RAMP Sensor; RAMP Sensor; RAMP Sensor; RAMP Sensor; RAMP Sensor; RAMP Sensor; RAMP Sensor; RAMP Sensor; RAMP Sensor,40.4783,-79.970377,4.99,2022-02-08T23:00:00Z,2022-02-09T00:00:00Z,True,America/New_York,location record (sensors endpoint failed: HTTP 500),
pittsburgh,938279,Millvale,,5972037,pm25,µg/m³,CMU,Carnegie Mellon University,low-cost,False,RAMP Sensor; RAMP Sensor; RAMP Sensor; RAMP Sensor; RAMP Sensor; RAMP Sensor; RAMP Sensor; RAMP Sensor; RAMP Sensor; RAMP Sensor; RAMP Sensor; RAMP Sensor; RAMP Sensor; RAMP Sensor; RAMP Sensor; RAMP Sensor; RAMP Sensor; RAMP Sensor; RAMP Sensor; RAMP Sensor; RAMP Sensor; RAMP Sensor; RAMP Sensor; RAMP Sensor; RAMP Sensor; RAMP Sensor; RAMP Sensor; RAMP Sensor; RAMP Sensor; RAMP Sensor; RAMP Sensor; RAMP Sensor; RAMP Sensor; RAMP Sensor; RAMP Sensor; RAMP Sensor; RAMP Sensor; RAMP Sensor; RAMP Sensor; RAMP Sensor; RAMP Sensor; RAMP Sensor; RAMP Sensor; RAMP Sensor; RAMP Sensor; RAMP Sensor; RAMP Sensor; RAMP Sensor; RAMP Sensor; RAMP Sensor; RAMP Sensor; RAMP Sensor; RAMP Sensor; RAMP Sensor; RAMP Sensor; RAMP Sensor; RAMP Sensor; RAMP Sensor; RAMP Sensor; RAMP Sensor; RAMP Sensor; RAMP Sensor; RAMP Sensor; RAMP Sensor; RAMP Sensor; RAMP Sensor; RAMP Sensor; RAMP Sensor; RAMP Sensor; RAMP Sensor; RAMP Sensor; RAMP Sensor; RAMP Sensor; RAMP Sensor; RAMP Sensor; RAMP Sensor; RAMP Sensor; RAMP Sensor; RAMP Sensor; RAMP Sensor; RAMP Sensor; RAMP Sensor; RAMP Sensor; RAMP Sensor; RAMP Sensor,40.4783,-79.970377,4.99,2022-02-08T23:00:00Z,2022-02-09T00:00:00Z,True,America/New_York,location record (sensors endpoint failed: HTTP 500),
pittsburgh,938279,Millvale,,5790640,pm25,µg/m³,CMU,Carnegie Mellon University,low-cost,False,RAMP Sensor; RAMP Sensor; RAMP Sensor; RAMP Sensor; RAMP Sensor; RAMP Sensor; RAMP Sensor; RAMP Sensor; RAMP Sensor; RAMP Sensor; RAMP Sensor; RAMP Sensor; RAMP Sensor; RAMP Sensor; RAMP Sensor; RAMP Sensor; RAMP Sensor; RAMP Sensor; RAMP Sensor; RAMP Sensor; RAMP Sensor; RAMP Sensor; RAMP Sensor; RAMP Sensor; RAMP Sensor; RAMP Sensor; RAMP Sensor; RAMP Sensor; RAMP Sensor; RAMP Sensor; RAMP Sensor; RAMP Sensor; RAMP Sensor; RAMP Sensor; RAMP Sensor; RAMP Sensor; RAMP Sensor; RAMP Sensor; RAMP Sensor; RAMP Sensor; RAMP Sensor; RAMP Sensor; RAMP Sensor; RAMP Sensor; RAMP Sensor; RAMP Sensor; RAMP Sensor; RAMP Sensor; RAMP Sensor; RAMP Sensor; RAMP Sensor; RAMP Sensor; RAMP Sensor; RAMP Sensor; RAMP Sensor; RAMP Sensor; RAMP Sensor; RAMP Sensor; RAMP Sensor; RAMP Sensor; RAMP Sensor; RAMP Sensor; RAMP Sensor; RAMP Sensor; RAMP Sensor; RAMP Sensor; RAMP Sensor; RAMP Sensor; RAMP Sensor; RAMP Sensor; RAMP Sensor; RAMP Sensor; RAMP Sensor; RAMP Sensor; RAMP Sensor; RAMP Sensor; RAMP Sensor; RAMP Sensor; RAMP Sensor; RAMP Sensor; RAMP Sensor; RAMP Sensor; RAMP Sensor; RAMP Sensor; RAMP Sensor,40.4783,-79.970377,4.99,2022-02-08T23:00:00Z,2022-02-09T00:00:00Z,True,America/New_York,location record (sensors endpoint failed: HTTP 500),
pittsburgh,938279,Millvale,,5835572,pm25,µg/m³,CMU,Carnegie Mellon University,low-cost,False,RAMP Sensor; RAMP Sensor; RAMP Sensor; RAMP Sensor; RAMP Sensor; RAMP Sensor; RAMP Sensor; RAMP Sensor; RAMP Sensor; RAMP Sensor; RAMP Sensor; RAMP Sensor; RAMP Sensor; RAMP Sensor; RAMP Sensor; RAMP Sensor; RAMP Sensor; RAMP Sensor; RAMP Sensor; RAMP Sensor; RAMP Sensor; RAMP Sensor; RAMP Sensor; RAMP Sensor; RAMP Sensor; RAMP Sensor; RAMP Sensor; RAMP Sensor; RAMP Sensor; RAMP Sensor; RAMP Sensor; RAMP Sensor; RAMP Sensor; RAMP Sensor; RAMP Sensor; RAMP Sensor; RAMP Sensor; RAMP Sensor; RAMP Sensor; RAMP Sensor; RAMP Sensor; RAMP Sensor; RAMP Sensor; RAMP Sensor; RAMP Sensor; RAMP Sensor; RAMP Sensor; RAMP Sensor; RAMP Sensor; RAMP Sensor; RAMP Sensor; RAMP Sensor; RAMP Sensor; RAMP Sensor; RAMP Sensor; RAMP Sensor; RAMP Sensor; RAMP Sensor; RAMP Sensor; RAMP Sensor; RAMP Sensor; RAMP Sensor; RAMP Sensor; RAMP Sensor; RAMP Sensor; RAMP Sensor; RAMP Sensor; RAMP Sensor; RAMP Sensor; RAMP Sensor; RAMP Sensor; RAMP Sensor; RAMP Sensor; RAMP Sensor; RAMP Sensor; RAMP Sensor; RAMP Sensor; RAMP Sensor; RAMP Sensor; RAMP Sensor; RAMP Sensor; RAMP Sensor; RAMP Sensor; RAMP Sensor; RAMP Sensor,40.4783,-79.970377,4.99,2022-02-08T23:00:00Z,2022-02-09T00:00:00Z,True,America/New_York,location record (sensors endpoint failed: HTTP 500),
pittsburgh,938279,Millvale,,5790596,pm25,µg/m³,CMU,Carnegie Mellon University,low-cost,False,RAMP Sensor; RAMP Sensor; RAMP Sensor; RAMP Sensor; RAMP Sensor; RAMP Sensor; RAMP Sensor; RAMP Sensor; RAMP Sensor; RAMP Sensor; RAMP Sensor; RAMP Sensor; RAMP Sensor; RAMP Sensor; RAMP Sensor; RAMP Sensor; RAMP Sensor; RAMP Sensor; RAMP Sensor; RAMP Sensor; RAMP Sensor; RAMP Sensor; RAMP Sensor; RAMP Sensor; RAMP Sensor; RAMP Sensor; RAMP Sensor; RAMP Sensor; RAMP Sensor; RAMP Sensor; RAMP Sensor; RAMP Sensor; RAMP Sensor; RAMP Sensor; RAMP Sensor; RAMP Sensor; RAMP Sensor; RAMP Sensor; RAMP Sensor; RAMP Sensor; RAMP Sensor; RAMP Sensor; RAMP Sensor; RAMP Sensor; RAMP Sensor; RAMP Sensor; RAMP Sensor; RAMP Sensor; RAMP Sensor; RAMP Sensor; RAMP Sensor; RAMP Sensor; RAMP Sensor; RAMP Sensor; RAMP Sensor; RAMP Sensor; RAMP Sensor; RAMP Sensor; RAMP Sensor; RAMP Sensor; RAMP Sensor; RAMP Sensor; RAMP Sensor; RAMP Sensor; RAMP Sensor; RAMP Sensor; RAMP Sensor; RAMP Sensor; RAMP Sensor; RAMP Sensor; RAMP Sensor; RAMP Sensor; RAMP Sensor; RAMP Sensor; RAMP Sensor; RAMP Sensor; RAMP Sensor; RAMP Sensor; RAMP Sensor; RAMP Sensor; RAMP Sensor; RAMP Sensor; RAMP Sensor; RAMP Sensor; RAMP Sensor,40.4783,-79.970377,4.99,2022-02-08T23:00:00Z,2022-02-09T00:00:00Z,True,America/New_York,location record (sensors endpoint failed: HTTP 500),
pittsburgh,938279,Millvale,,5835159,pm25,µg/m³,CMU,Carnegie Mellon University,low-cost,False,RAMP Sensor; RAMP Sensor; RAMP Sensor; RAMP Sensor; RAMP Sensor; RAMP Sensor; RAMP Sensor; RAMP Sensor; RAMP Sensor; RAMP Sensor; RAMP Sensor; RAMP Sensor; RAMP Sensor; RAMP Sensor; RAMP Sensor; RAMP Sensor; RAMP Sensor; RAMP Sensor; RAMP Sensor; RAMP Sensor; RAMP Sensor; RAMP Sensor; RAMP Sensor; RAMP Sensor; RAMP Sensor; RAMP Sensor; RAMP Sensor; RAMP Sensor; RAMP Sensor; RAMP Sensor; RAMP Sensor; RAMP Sensor; RAMP Sensor; RAMP Sensor; RAMP Sensor; RAMP Sensor; RAMP Sensor; RAMP Sensor; RAMP Sensor; RAMP Sensor; RAMP Sensor; RAMP Sensor; RAMP Sensor; RAMP Sensor; RAMP Sensor; RAMP Sensor; RAMP Sensor; RAMP Sensor; RAMP Sensor; RAMP Sensor; RAMP Sensor; RAMP Sensor; RAMP Sensor; RAMP Sensor; RAMP Sensor; RAMP Sensor; RAMP Sensor; RAMP Sensor; RAMP Sensor; RAMP Sensor; RAMP Sensor; RAMP Sensor; RAMP Sensor; RAMP Sensor; RAMP Sensor; RAMP Sensor; RAMP Sensor; RAMP Sensor; RAMP Sensor; RAMP Sensor; RAMP Sensor; RAMP Sensor; RAMP Sensor; RAMP Sensor; RAMP Sensor; RAMP Sensor; RAMP Sensor; RAMP Sensor; RAMP Sensor; RAMP Sensor; RAMP Sensor; RAMP Sensor; RAMP Sensor; RAMP Sensor; RAMP Sensor,40.4783,-79.970377,4.99,2022-02-08T23:00:00Z,2022-02-09T00:00:00Z,True,America/New_York,location record (sensors endpoint failed: HTTP 500),
pittsburgh,938279,Millvale,,5976582,pm25,µg/m³,CMU,Carnegie Mellon University,low-cost,False,RAMP Sensor; RAMP Sensor; RAMP Sensor; RAMP Sensor; RAMP Sensor; RAMP Sensor; RAMP Sensor; RAMP Sensor; RAMP Sensor; RAMP Sensor; RAMP Sensor; RAMP Sensor; RAMP Sensor; RAMP Sensor; RAMP Sensor; RAMP Sensor; RAMP Sensor; RAMP Sensor; RAMP Sensor; RAMP Sensor; RAMP Sensor; RAMP Sensor; RAMP Sensor; RAMP Sensor; RAMP Sensor; RAMP Sensor; RAMP Sensor; RAMP Sensor; RAMP Sensor; RAMP Sensor; RAMP Sensor; RAMP Sensor; RAMP Sensor; RAMP Sensor; RAMP Sensor; RAMP Sensor; RAMP Sensor; RAMP Sensor; RAMP Sensor; RAMP Sensor; RAMP Sensor; RAMP Sensor; RAMP Sensor; RAMP Sensor; RAMP Sensor; RAMP Sensor; RAMP Sensor; RAMP Sensor; RAMP Sensor; RAMP Sensor; RAMP Sensor; RAMP Sensor; RAMP Sensor; RAMP Sensor; RAMP Sensor; RAMP Sensor; RAMP Sensor; RAMP Sensor; RAMP Sensor; RAMP Sensor; RAMP Sensor; RAMP Sensor; RAMP Sensor; RAMP Sensor; RAMP Sensor; RAMP Sensor; RAMP Sensor; RAMP Sensor; RAMP Sensor; RAMP Sensor; RAMP Sensor; RAMP Sensor; RAMP Sensor; RAMP Sensor; RAMP Sensor; RAMP Sensor; RAMP Sensor; RAMP Sensor; RAMP Sensor; RAMP Sensor; RAMP Sensor; RAMP Sensor; RAMP Sensor; RAMP Sensor; RAMP Sensor,40.4783,-79.970377,4.99,2022-02-08T23:00:00Z,2022-02-09T00:00:00Z,True,America/New_York,location record (sensors endpoint failed: HTTP 500),
pittsburgh,938279,Millvale,,5976350,pm25,µg/m³,CMU,Carnegie Mellon University,low-cost,False,RAMP Sensor; RAMP Sensor; RAMP Sensor; RAMP Sensor; RAMP Sensor; RAMP Sensor; RAMP Sensor; RAMP Sensor; RAMP Sensor; RAMP Sensor; RAMP Sensor; RAMP Sensor; RAMP Sensor; RAMP Sensor; RAMP Sensor; RAMP Sensor; RAMP Sensor; RAMP Sensor; RAMP Sensor; RAMP Sensor; RAMP Sensor; RAMP Sensor; RAMP Sensor; RAMP Sensor; RAMP Sensor; RAMP Sensor; RAMP Sensor; RAMP Sensor; RAMP Sensor; RAMP Sensor; RAMP Sensor; RAMP Sensor; RAMP Sensor; RAMP Sensor; RAMP Sensor; RAMP Sensor; RAMP Sensor; RAMP Sensor; RAMP Sensor; RAMP Sensor; RAMP Sensor; RAMP Sensor; RAMP Sensor; RAMP Sensor; RAMP Sensor; RAMP Sensor; RAMP Sensor; RAMP Sensor; RAMP Sensor; RAMP Sensor; RAMP Sensor; RAMP Sensor; RAMP Sensor; RAMP Sensor; RAMP Sensor; RAMP Sensor; RAMP Sensor; RAMP Sensor; RAMP Sensor; RAMP Sensor; RAMP Sensor; RAMP Sensor; RAMP Sensor; RAMP Sensor; RAMP Sensor; RAMP Sensor; RAMP Sensor; RAMP Sensor; RAMP Sensor; RAMP Sensor; RAMP Sensor; RAMP Sensor; RAMP Sensor; RAMP Sensor; RAMP Sensor; RAMP Sensor; RAMP Sensor; RAMP Sensor; RAMP Sensor; RAMP Sensor; RAMP Sensor; RAMP Sensor; RAMP Sensor; RAMP Sensor; RAMP Sensor,40.4783,-79.970377,4.99,2022-02-08T23:00:00Z,2022-02-09T00:00:00Z,True,America/New_York,location record (sensors endpoint failed: HTTP 500),
pittsburgh,1034173,ACHD - Lawrenceville,,5966505,pm25,µg/m³,CMU,Carnegie Mellon University,low-cost,False,RAMP Sensor,40.46544,-79.960797,4.31,2022-02-08T23:00:00Z,2022-02-09T00:00:00Z,True,America/New_York,location record (sensors endpoint failed: HTTP 500),
pittsburgh,1489674,"Crawford Run Rd. Tarentum, PA",,6837495,pm25,µg/m³,AirGradient,Unknown Governmental Organization,low-cost,False,N/A; Unknown AirGradient Sensor,40.592532,-79.798326,24.01,2023-08-27T18:00:00Z,2026-10-02T21:00:00Z,True,America/New_York,sensor,
pittsburgh,2868408,Mckees Rocks,,9381396,pm25,µg/m³,AirGradient,Unknown Person,low-cost,False,Unknown AirGradient Sensor,40.48477,-80.09495,9.74,2024-05-27T02:00:00Z,2026-10-02T21:00:00Z,True,America/New_York,sensor,
pittsburgh,3190661,"Wexford, PA",,11097491,pm25,µg/m³,AirGradient,Unknown Person,low-cost,False,Unknown AirGradient Sensor,40.62975882091539,-80.05155397186621,21.77,2024-10-27T14:00:00Z,2026-10-02T21:00:00Z,True,America/New_York,sensor,
pittsburgh,5297883,Lawrenceville PA,,14153348,pm25,µg/m³,AirGradient,AirGradient,low-cost,False,AirGradient Open Air Generation 1 (O-1PST),40.467917262710216,-79.95878281081548,4.63,2025-09-19T00:00:00Z,2026-10-02T21:00:00Z,True,America/New_York,sensor,
pittsburgh,6178209,Stellar4406,,14989821,pm25,µg/m³,AirGradient,AirGradient,low-cost,False,AirGradient Open Air Generation 1 (O-1PST),40.3462689,-80.116557,14.38,2025-12-26T04:00:00Z,2026-10-02T21:00:00Z,True,America/New_York,sensor,
pittsburgh,6345664,Avalon,Pittsburgh,16234536,pm25,µg/m³,AirNow,Unknown Governmental Organization,reference,False,Government Monitor,40.50084,-80.066488,9.08,2026-05-11T13:00:00Z,2026-10-02T21:00:00Z,True,America/New_York,sensor,
pittsburgh,6345666,Liberty (SAHS),Pittsburgh,16234535,pm25,µg/m³,AirNow,Unknown Governmental Organization,reference,False,Government Monitor,40.323761,-79.868151,16.8,2026-05-11T13:00:00Z,2026-10-02T21:00:00Z,True,America/New_York,sensor,
pittsburgh,6449724,East Liberty,,16960665,pm25,µg/m³,AirGradient,AirGradient,low-cost,False,AirGradient Open Air Generation 1 (O-1PST),40.468580051433804,-79.92333557228133,7.1,2026-07-18T13:00:00Z,2026-10-02T21:00:00Z,True,America/New_York,sensor,
pittsburgh,6499954,Fox Chapel PA USA,,17328479,pm25,µg/m³,AirGradient,AirGradient,low-cost,False,AirGradient Open Air (O-1PST-CE),40.5418,-79.88311,15.02,2026-08-21T15:00:00Z,2026-10-02T21:00:00Z,True,America/New_York,sensor,
elcentro,838,Universidad Autonoma,,1488,pm25,µg/m³,AirNow,Unknown Governmental Organization,reference,False,Government Monitor,32.6292,-115.4469,21.39,2016-04-21T15:00:00Z,2022-10-03T18:00:00Z,True,America/Tijuana,sensor,
elcentro,882,Calexico - Ethel Str,,1607,pm25,µg/m³,AirNow,Unknown Governmental Organization,reference,False,Government Monitor,32.676102,-115.48329900000002,15.17,2016-03-06T20:00:00Z,2019-04-18T19:00:00Z,True,America/Los_Angeles,sensor,
elcentro,1576,Brawley - 220 Main S,El Centro,1324228,pm25,µg/m³,AirNow,Unknown Governmental Organization,reference,False,Government Monitor,32.978298,-115.5383,20.81,2021-07-21T20:00:00Z,2026-10-02T19:00:00Z,True,America/Los_Angeles,sensor,
elcentro,1927,SPABC14 COBACH,,3405,pm25,µg/m³,AirNow,Unknown Governmental Organization,reference,False,Government Monitor,32.6336,-115.5042,18.66,2016-04-21T15:00:00Z,2022-10-03T17:00:00Z,True,America/Tijuana,sensor,
elcentro,2203,El Centro - 9th Stre,El Centro,20484,pm25,µg/m³,AirNow,Unknown Governmental Organization,reference,False,Government Monitor,32.7917,-115.5617,0.53,2018-07-05T19:00:00Z,2026-10-02T21:00:00Z,True,America/Los_Angeles,sensor,
elcentro,6898,MMCA81011,,19837,pm25,µg/m³,AirNow,Unknown Governmental Organization,reference,False,Government Monitor,32.792119,-115.563061,0.4,2019-05-15T19:00:00Z,2019-05-28T18:00:00Z,True,America/Los_Angeles,sensor,
elcentro,6904,MMCA81011,,19843,pm25,µg/m³,AirNow,Unknown Governmental Organization,reference,False,Government Monitor,32.792312,-115.563104,0.39,2019-05-19T09:00:00Z,2019-05-19T20:00:00Z,True,America/Los_Angeles,sensor,
elcentro,6909,MMCA81011,,19850,pm25,µg/m³,AirNow,Unknown Governmental Organization,reference,False,Government Monitor,32.792119,-115.563061,0.4,2019-05-15T20:00:00Z,2019-05-28T18:00:00Z,True,America/Los_Angeles,sensor,
elcentro,7995,COBACH,Mexicali,23207,pm25,µg/m³,Sinaica Mexico,Unknown Governmental Organization,reference,False,Government Monitor,32.639722222222,-115.50638888889,17.95,2020-10-16T01:00:00Z,2026-10-02T19:00:00Z,True,America/Tijuana,sensor,
elcentro,8810,Calexico - Ethel Str,El Centro,25692,pm25,µg/m³,AirNow,Unknown Governmental Organization,reference,False,Government Monitor,32.67618,-115.48307,15.17,2019-04-18T20:00:00Z,2026-10-02T21:00:00Z,True,America/Los_Angeles,sensor,
elcentro,9307,Centro Cívico,Mexicali,28300,pm25,µg/m³,Sinaica Mexico,Unknown Governmental Organization,reference,False,Government Monitor,32.64002777777801,-115.47463888889,19.07,2020-10-16T01:00:00Z,2026-07-26T18:00:00Z,True,America/Tijuana,sensor,
elcentro,218375,CESPM,,1180044,pm25,µg/m³,Sinaica Mexico,Unknown Governmental Organization,reference,False,Government Monitor,32.603638888889,-115.48594444444,22.37,2021-01-25T18:00:00Z,2023-03-31T15:00:00Z,True,America/Tijuana,sensor,
elcentro,480397,UABC,Mexicali,2694055,pm25,µg/m³,Sinaica Mexico,Unknown Governmental Organization,reference,False,Government Monitor,32.646944444444,-115.44611111111,19.78,2023-01-09T20:00:00Z,2025-04-10T14:00:00Z,True,America/Tijuana,sensor,
elcentro,5433975,Comandancia Anáhuac,Mexicali,13862268,pm25,µg/m³,Sinaica Mexico,Unknown Governmental Organization,reference,False,Government Monitor,32.6098,-115.47827194444,21.98,2025-08-12T23:00:00Z,2026-10-02T21:00:00Z,True,America/Tijuana,sensor,
elcentro,5926702,Brawley 2nd Street,,14222441,pm25,µg/m³,AirGradient,AirGradient,low-cost,False,AirGradient Open Air Generation 1 (O-1PST),32.9684778,-115.5389113,19.72,2025-09-27T00:00:00Z,2026-10-02T21:00:00Z,True,America/Los_Angeles,sensor,
indianapolis,221,Indpls-Washington Pa,Indianapolis,5077753,pm25,µg/m³,AirNow,Unknown Governmental Organization,reference,False,Government Monitor,39.810833,-86.114444,5.95,2023-05-07T01:00:00Z,2026-10-02T21:00:00Z,True,America/Indiana/Indianapolis,sensor,
indianapolis,314,Indpls - I-70 E,Indianapolis,527,pm25,µg/m³,AirNow,Unknown Governmental Organization,reference,False,Government Monitor,39.787933,-86.13088,3.07,2016-03-06T20:00:00Z,2026-10-02T21:00:00Z,True,America/Indiana/Indianapolis,sensor,
indianapolis,2258,Indpls-W.18th St,Indianapolis,4066,pm25,µg/m³,AirNow,Unknown Governmental Organization,reference,False,Government Monitor,39.788889,-86.214722,5.7,2016-03-06T20:00:00Z,2026-10-02T21:00:00Z,True,America/Indiana/Indianapolis,sensor,
indianapolis,921125,Indpls-Washington Pa,Indianapolis,5079687,pm25,µg/m³,AirNow,Unknown Governmental Organization,reference,False,Government Monitor,39.8108,-86.11469999999998,5.93,2022-10-04T18:00:00Z,2022-10-04T19:00:00Z,True,America/Indiana/Indianapolis,sensor,
indianapolis,4010839,Windsor Park,,12741274,pm25,µg/m³,AirGradient,Just A Friendly Neighbor,low-cost,False,AirGradient Open Air Generation 1 (O-1PST),39.7843528,-86.1321993,2.7,2025-04-10T22:00:00Z,2026-10-02T21:00:00Z,True,America/Indiana/Indianapolis,sensor,
indianapolis,5171608,Speedway,,14153298,pm25,µg/m³,AirGradient,Sprox,low-cost,False,AirGradient Open Air Generation 1 (O-1PST),39.78771,-86.24791,8.32,2025-09-19T00:00:00Z,2026-03-14T18:00:00Z,True,America/Indiana/Indianapolis,sensor,
indianapolis,5412464,Little Flower,,13846374,pm25,µg/m³,AirGradient,AirGradient,low-cost,False,AirGradient Open Air Generation 1 (O-1PST),39.782483,-86.090561,5.72,2025-08-12T23:00:00Z,2026-10-02T21:00:00Z,True,America/Indiana/Indianapolis,sensor,
indianapolis,6401557,Bargersville,,16607684,pm25,µg/m³,AirGradient,AirGradient,low-cost,False,Unknown AirGradient Sensor,39.55858992001165,-86.16423428822384,23.2,2026-06-13T20:00:00Z,2026-08-02T21:00:00Z,True,America/Indiana/Indianapolis,sensor,
indianapolis,6462788,Children’s Museum,,17056730,pm25,µg/m³,AirGradient,AirGradient,low-cost,False,AirGradient Open Air Generation 1 (O-1PST),39.81364,-86.1592,5.2,2026-07-27T15:00:00Z,2026-10-02T21:00:00Z,True,America/Indiana/Indianapolis,sensor,
medford,1703,Talent - Rapp Lane,Medford,25913,pm25,µg/m³,AirNow,Unknown Governmental Organization,reference,False,Government Monitor,42.229891,-122.7877,12.67,2019-05-16T16:00:00Z,2026-10-02T21:00:00Z,True,America/Los_Angeles,sensor,
medford,1777,Medford - Grant & Be,,3136,pm25,µg/m³,AirNow,Unknown Governmental Organization,reference,False,Government Monitor,42.31411,-122.87923,1.05,2016-03-16T23:00:00Z,2018-03-09T20:00:00Z,True,America/Los_Angeles,sensor,
medford,2642,Ashland Fire Dept,JACKSON,5526,pm25,µg/m³,AirNow,Unknown Governmental Organization,reference,False,Government Monitor,42.1941,-122.7086,19.9,2016-07-26T07:00:00Z,2026-10-02T21:00:00Z,True,America/Los_Angeles,sensor,
medford,8696,Medford Welch & Jack,JACKSON,25247,pm25,µg/m³,AirNow,Unknown Governmental Organization,reference,False,Government Monitor,42.33155,-122.880266,0.99,2018-04-25T21:00:00Z,2023-07-19T15:00:00Z,True,America/Los_Angeles,sensor,
medford,1374217,Medford Jackson Park,Medford,6672460,pm25,µg/m³,AirNow,Unknown Governmental Organization,reference,False,Government Monitor,42.332037,-122.890678,1.55,2023-08-02T19:00:00Z,2024-09-20T16:00:00Z,True,America/Los_Angeles,sensor,
medford,2999793,Medford Jackson Park Collocation 1,,10141092,pm25,µg/m³,Clarity,Clarity,low-cost,False,Clarity Sensor,42.33237,-122.88905,1.47,2024-07-31T20:00:00Z,2026-10-02T21:05:07Z,True,America/Los_Angeles,sensor,
medford,2999794,Medford Jackson Park Collocation 2,,10141014,pm25,µg/m³,Clarity,Clarity,low-cost,False,Clarity Sensor,42.33237,-122.88905,1.47,2024-07-31T20:00:00Z,2026-10-02T21:06:00Z,True,America/Los_Angeles,sensor,
medford,3071926,Medford Jackson Park,Medford,10679406,pm25,µg/m³,AirNow,Unknown Governmental Organization,reference,False,Government Monitor,42.3324,-122.8891,1.48,2024-09-19T18:00:00Z,2026-09-21T17:00:00Z,True,America/Los_Angeles,sensor,
medford,3071927,Medford Jackson Park,Medford,15675774,pm25,µg/m³,AirNow,Unknown Governmental Organization,reference,False,Government Monitor,42.3324,-122.8891,1.48,2026-03-13T00:00:00Z,2026-10-02T21:00:00Z,True,America/Los_Angeles,sensor,
medford,3402685,Airscape Fans Inc.,,12188254,pm25,µg/m³,AirGradient,Airscape Fans Inc.,low-cost,False,AirGradient Open Air Generation 1 (O-1PST),42.349434084691644,-122.89722370115797,3.39,2025-02-11T18:00:00Z,2026-10-02T21:00:00Z,True,America/Los_Angeles,sensor,
medford,6277876,OSF Elizabethan Theatre Roof,,15727893,pm25,µg/m³,AirGradient,AirGradient,low-cost,False,AirGradient Open Air Generation 1 (O-1PST),42.196225,-122.715239,19.36,2026-03-19T22:00:00Z,2026-10-02T21:00:00Z,True,America/Los_Angeles,sensor,
medford,6458792,McAwesome Site,,17028041,pm25,µg/m³,AirGradient,AirGradient,low-cost,False,AirGradient Open Air Generation 1 (O-1PST),42.33429,-122.90411,2.61,2026-07-24T19:00:00Z,2026-10-02T21:00:00Z,True,America/Los_Angeles,sensor,
medford,6464809,Wimer,,17071154,pm25,µg/m³,AirGradient,AirGradient,low-cost,False,AirGradient Open Air Generation 1 (O-1PST),42.1946,-122.7095,19.81,2026-07-28T23:00:00Z,2026-10-02T21:00:00Z,True,America/Los_Angeles,sensor,
boise,919,St. Lukes Meridian,Boise City-Nampa,3131,pm25,µg/m³,AirNow,Unknown Governmental Organization,reference,False,Government Monitor,43.600699000000006,-116.347853,11.87,2016-03-06T20:00:00Z,2025-09-10T17:00:00Z,True,America/Boise,sensor,
boise,1398,White Pine,Boise City-Nampa,13419138,pm25,µg/m³,AirNow,Unknown Governmental Organization,reference,False,Government Monitor,43.577603,-116.178156,4.61,2025-06-23T23:00:00Z,2026-10-02T21:00:00Z,True,America/Boise,sensor,
boise,8566,Garden City,ADA,24895,pm25,µg/m³,AirNow,Unknown Governmental Organization,reference,False,Government Monitor,43.647888,-116.269409,6.53,2019-08-09T21:00:00Z,2025-06-23T16:00:00Z,True,America/Boise,sensor,
boise,3002712,St. Lukes Meridian Collocation 1,,10159183,pm25,µg/m³,Clarity,Clarity,low-cost,False,Clarity Sensor,43.60072,-116.34789,11.87,2024-08-02T14:00:42Z,2025-09-17T14:05:11Z,True,America/Boise,sensor,
boise,3002713,St. Lukes Meridian Collocation 2,,10159184,pm25,µg/m³,Clarity,Clarity,low-cost,False,Clarity Sensor,43.6007,-116.34785,11.87,2024-08-02T14:03:33Z,2025-09-17T14:05:37Z,True,America/Boise,sensor,
boise,3010310,Yanke,,10215906,pm25,µg/m³,AirGradient,Unknown Person,low-cost,False,Unknown AirGradient Sensor,43.5991695,-116.1839067,2.31,2024-08-09T15:00:00Z,2025-07-19T18:00:00Z,True,America/Boise,sensor,
boise,3135100,East Valley Rim,,10962562,pm25,µg/m³,AirGradient,BetterAirIsPossible,low-cost,False,Unknown AirGradient Sensor,43.5545928,-116.0985871,10.72,2024-10-15T15:00:00Z,2026-10-02T21:00:00Z,True,America/Boise,sensor,
boise,3400902,South Boise,,12178136,pm25,µg/m³,AirGradient,Unknown Person,low-cost,False,Unknown AirGradient Sensor,43.5465099,-116.2940238,10.67,2025-02-11T18:00:00Z,2025-02-24T03:00:00Z,True,America/Boise,sensor,
boise,3831991,North End,,12580491,pm25,µg/m³,AirGradient,Unknown Person,low-cost,False,AirGradient Open Air Generation 1 (O-1PST),43.63292376543584,-116.21835419963307,2.36,2025-03-25T07:00:00Z,2026-10-02T21:00:00Z,True,America/Boise,sensor,
boise,6462742,Boise Heights,,17056067,pm25,µg/m³,AirGradient,AirGradient,low-cost,False,AirGradient Open Air Generation 1 (O-1PST),43.632755154454316,-116.18994077570936,2.16,2026-07-27T11:00:00Z,2026-10-02T21:00:00Z,True,America/Boise,sensor,
boise,6468520,Boise & Law,,17098148,pm25,µg/m³,AirGradient,AirGradient,low-cost,False,AirGradient Open Air Generation 1 (O-1PST),43.574291,-116.163923,5.5,2026-07-31T13:00:00Z,2026-10-02T21:00:00Z,True,America/Boise,sensor,
boise,6468864,Meridian,ADA,17100663,pm25,µg/m³,AirNow,Unknown Governmental Organization,reference,False,Government Monitor,43.65491,-116.40916,17.25,2026-07-31T19:00:00Z,2026-10-02T21:00:00Z,True,America/Boise,sensor,
boise,6477744,Meridian41,,17165578,pm25,µg/m³,AirGradient,AirGradient,low-cost,False,AirGradient Open Air Generation 1 (O-1PST),43.65418,-116.38568,15.41,2026-08-07T02:00:00Z,2026-10-02T21:00:00Z,True,America/Boise,sensor,
boise,6484486,South Boise,,17215208,pm25,µg/m³,AirGradient,AirGradient,low-cost,False,AirGradient Open Air Generation 1 (O-1PST),43.561146,-116.314275,10.88,2026-08-11T22:00:00Z,2026-10-02T21:00:00Z,True,America/Boise,sensor,
boise,6495107,Londoner,,17293085,pm25,µg/m³,AirGradient,AirGradient,low-cost,False,AirGradient Open Air Generation 1 (O-1PST),43.591830132272186,-116.18500750165505,2.95,2026-08-18T17:00:00Z,2026-10-02T21:00:00Z,True,America/Boise,sensor,
lancaster,342,Lancaster,Lancaster,588,pm25,µg/m³,AirNow,Unknown Governmental Organization,reference,False,Government Monitor,40.0467,-76.2833,1.91,2016-03-07T15:00:00Z,2026-10-02T21:00:00Z,True,America/New_York,sensor,
lancaster,1242,Lancaster DW,Lancaster,2233,pm25,µg/m³,AirNow,Unknown Governmental Organization,reference,False,Government Monitor,40.0439,-76.1125,16.32,2016-03-06T20:00:00Z,2026-10-02T21:00:00Z,True,America/New_York,sensor,
lancaster,5052625,Beverly Drive,,13583719,pm25,µg/m³,AirGradient,Johnny Makkar,low-cost,False,AirGradient Open Air Generation 1 (O-1PST),40.0755,-76.3041689,3.91,2025-07-12T20:00:00Z,2026-10-02T21:00:00Z,True,America/New_York,sensor,
lancaster,6454599,Murrell,,16996572,pm25,µg/m³,AirGradient,AirGradient,low-cost,False,AirGradient Open Air Generation 1 (O-1PST),40.1563122,-76.1669794,17.39,2026-07-21T21:00:00Z,2026-10-02T21:00:00Z,True,America/New_York,sensor,
bend,1511,Bend - Pump Station,Bend,5077886,pm25,µg/m³,AirNow,Unknown Governmental Organization,reference,False,Government Monitor,44.063916,-121.312554,0.78,2022-10-04T18:00:00Z,2026-10-02T21:00:00Z,True,America/Los_Angeles,sensor,
bend,8831,Bend NE 8th & Emerso,DESCHUTES,25752,pm25,µg/m³,AirNow,Unknown Governmental Organization,reference,False,Government Monitor,44.054661,-121.294068,1.76,2020-06-26T20:00:00Z,2026-09-22T17:00:00Z,True,America/Los_Angeles,sensor,
bend,33865,Bend - Pump Station,Bend,1318657,pm25,µg/m³,AirNow,Unknown Governmental Organization,reference,False,Government Monitor,44.063916,-121.312554,0.78,2021-07-02T02:00:00Z,2026-03-13T22:00:00Z,True,America/Los_Angeles,sensor,
bend,270705,Sunriver Three River,DESCHUTES,1561943,pm25,µg/m³,AirNow,Unknown Governmental Organization,reference,False,Government Monitor,43.868956,-121.434248,22.99,2021-11-12T23:00:00Z,2026-10-02T21:00:00Z,True,America/Los_Angeles,sensor,
bend,270706,Bend Pine Ridge Elem,Bend,1561944,pm25,µg/m³,AirNow,Unknown Governmental Organization,reference,False,Government Monitor,44.024283,-121.330964,3.87,2021-11-12T23:00:00Z,2026-10-02T21:00:00Z,True,America/Los_Angeles,sensor,
bend,270711,Bend Ponderosa Eleme,Bend,1561963,pm25,µg/m³,AirNow,Unknown Governmental Organization,reference,False,Government Monitor,44.093619,-121.272518,5.31,2021-11-17T19:00:00Z,2026-10-02T21:00:00Z,True,America/Los_Angeles,sensor,
bend,1414589,"Hillside Park, Bend OR",,7979390,pm25,µg/m³,AirGradient,Unknown Governmental Organization,low-cost,False,Unknown AirGradient Sensor; Unknown AirGradient Sensor,44.0668625312885,-121.32130902233939,1.14,,,False,America/Los_Angeles,sensor,
bend,1414589,"Hillside Park, Bend OR",,6729614,pm25,µg/m³,AirGradient,Unknown Governmental Organization,low-cost,False,Unknown AirGradient Sensor; Unknown AirGradient Sensor,44.0668625312885,-121.32130902233939,1.14,2023-08-11T00:00:00Z,2025-09-27T22:00:00Z,True,America/Los_Angeles,sensor,
bend,2105537,WestSide Bend,,7704467,pm25,µg/m³,AirGradient,Unknown Person,low-cost,False,Unknown AirGradient Sensor; Unknown AirGradient Sensor,44.05190183697803,-121.33358218041495,1.54,2024-01-17T02:00:00Z,2026-10-02T21:00:00Z,True,America/Los_Angeles,sensor,
bend,2812544,OSU-Cascades Campus,,8967441,pm25,µg/m³,Clarity,Clarity,low-cost,False,Clarity Sensor,44.04319,-121.33409,2.15,2024-04-24T16:00:00Z,2026-10-02T20:51:59Z,True,America/Los_Angeles,sensor,
bend,2822929,Bend - Road Departme,Bend,10070849,pm25,µg/m³,AirNow,Unknown Governmental Organization,reference,False,Government Monitor,44.021896,-121.260166,5.94,2024-07-24T19:00:00Z,2024-10-30T01:00:00Z,True,America/Los_Angeles,sensor,
bend,3002710,Bend - Pump Station Collocation 2,,10159181,pm25,µg/m³,Clarity,Clarity,low-cost,False,Clarity Sensor,44.06392,-121.31321,0.76,2024-08-02T14:00:57Z,2026-10-02T21:06:03Z,True,America/Los_Angeles,sensor,
bend,3002711,Bend - Pump Station Collocation 1,,10159182,pm25,µg/m³,Clarity,Clarity,low-cost,False,Clarity Sensor,44.06392,-121.31321,0.76,2024-08-02T14:02:41Z,2026-10-02T21:05:13Z,True,America/Los_Angeles,sensor,
bend,3080799,Mountain View,,10746428,pm25,µg/m³,AirGradient,Dustin,low-cost,False,AirGradient Open Air Generation 1 (O-1PST),44.0684641196593,-121.25428072999856,5.07,2024-09-26T20:00:00Z,2026-10-02T21:00:00Z,True,America/Los_Angeles,sensor,
bend,3101888,Hollinshead ,,10885015,pm25,µg/m³,AirGradient,Spinks.Media,low-cost,False,AirGradient Open Air Generation 1 (O-1PST),44.068694,-121.287666,2.58,2024-10-08T20:00:00Z,2026-10-02T21:00:00Z,True,America/Los_Angeles,sensor,
bend,5936983,Bend View,,14230066,pm25,µg/m³,AirGradient,AirGradient,low-cost,False,AirGradient Open Air Generation 1 (O-1PST),44.0666828,-121.3212995,1.13,2025-09-27T23:00:00Z,2026-10-02T21:00:00Z,True,America/Los_Angeles,sensor,
bend,6126049,Bend,,14602902,pm25,µg/m³,Clarity,Clarity,low-cost,False,Clarity Sensor,44.05092,-121.30331,1.23,2025-11-10T20:00:38Z,2026-10-02T20:57:06Z,True,America/Los_Angeles,sensor,
bend,6411691,"Bend,IR",,16682950,pm25,µg/m³,AirGradient,AirGradient,low-cost,False,AirGradient ONE Generation 9 (I-9PSL-DE),44.07243,-121.31887,1.69,2026-06-21T00:00:00Z,2026-10-02T21:00:00Z,True,America/Los_Angeles,sensor,
bend,6484485,Awbrey North,,17215570,pm25,µg/m³,AirGradient,AirGradient,low-cost,False,AirGradient Open Air Generation 1 (O-1PST),44.08462869155941,-121.32496390343061,3.12,2026-08-11T23:00:00Z,2026-10-02T21:00:00Z,True,America/Los_Angeles,sensor,
sanjose,2007,San Jose - Knox Ave,San Jose-Sunnyvale-Santa Clara,3564,pm25,µg/m³,AirNow,Unknown Governmental Organization,reference,False,Government Monitor,37.338202,-121.849892,3.21,2016-03-06T20:00:00Z,2026-10-02T21:00:00Z,True,America/Los_Angeles,sensor,
sanjose,2008,San Jose - Jackson S,San Jose-Sunnyvale-Santa Clara,5077802,pm25,µg/m³,AirNow,Unknown Governmental Organization,reference,False,Government Monitor,37.3483,-121.8947,1.35,2022-10-04T18:00:00Z,2026-10-02T21:00:00Z,True,America/Los_Angeles,sensor,
sanjose,226786,Calveras Road,,1309441,pm25,µg/m³,AirNow,Unknown Governmental Organization,reference,False,Government Monitor,37.553055,-121.843888,24.19,2021-05-21T22:00:00Z,2021-07-07T03:00:00Z,True,America/Los_Angeles,sensor,
sanjose,1235993,Indian Trail Rd,,6530182,pm25,µg/m³,AirGradient,Unknown Governmental Organization,low-cost,False,Unknown AirGradient Sensor,37.24359,-122.126429,23.71,2023-07-15T16:00:00Z,2026-10-02T21:00:00Z,True,America/Los_Angeles,sensor,
sanjose,1662618,N 14th and Julian,,7116032,pm25,µg/m³,AirGradient,Unknown Governmental Organization,low-cost,False,N/A; Unknown AirGradient Sensor,37.34709769283312,-121.88062212140012,1.11,2023-10-05T03:00:00Z,2026-07-25T14:00:00Z,True,America/Los_Angeles,sensor,
sanjose,2812650,N Foothhill Blvd,,8967375,pm25,µg/m³,Clarity,Clarity,low-cost,False,Clarity Sensor,37.32342,-122.06853,16.2,2024-04-24T16:00:00Z,2026-10-02T20:51:08Z,True,America/Los_Angeles,sensor,
sanjose,2812656,Cupertino City Hall,,8967317,pm25,µg/m³,Clarity,Clarity,low-cost,False,Clarity Sensor,37.31864,-122.02869,12.78,2024-04-24T16:00:00Z,2026-10-02T20:52:51Z,True,America/Los_Angeles,sensor,
sanjose,2812790,JFK Middle School,,8967357,pm25,µg/m³,Clarity,Clarity,low-cost,False,Clarity Sensor,37.3108,-122.0505,14.84,2024-04-24T16:00:00Z,2026-10-02T20:51:49Z,True,America/Los_Angeles,sensor,
sanjose,2812813,Environment Education Center,,8967163,pm25,µg/m³,Clarity,Clarity,low-cost,False,Clarity Sensor,37.31326,-122.06318,15.89,2024-04-24T16:00:00Z,2026-10-02T20:54:41Z,True,America/Los_Angeles,sensor,
sanjose,2852035,East Bay,,9259333,pm25,µg/m³,AirGradient,Unknown Person,low-cost,False,Unknown AirGradient Sensor,37.5269033096472,-121.98806432468227,22.83,2024-05-17T22:00:00Z,2024-10-03T20:00:00Z,True,America/Los_Angeles,sensor,
sanjose,2859782,Petie Way,,9317165,pm25,µg/m³,AirGradient,Unknown Person,low-cost,False,AirGradient Open Air Generation 1 (O-1PST),37.38181585604183,-122.07890209874883,17.71,2024-05-22T05:00:00Z,2026-10-02T21:00:00Z,True,America/Los_Angeles,sensor,
sanjose,2873312,Ventura Apartment,,9418265,pm25,µg/m³,AirGradient,Unknown Person,low-cost,False,Unknown AirGradient Sensor,37.41784084563873,-122.12977682478777,23.27,2024-05-29T20:00:00Z,2026-06-19T17:00:00Z,True,America/Los_Angeles,sensor,
sanjose,3035039,Hillview and Horcajo,,10401939,pm25,µg/m³,AirGradient,Unknown Person,low-cost,False,Unknown AirGradient Sensor,37.450629,-121.893948,12.52,2024-08-27T03:00:00Z,2026-10-02T21:00:00Z,True,America/Los_Angeles,sensor,
sanjose,3035563,"Irvington, Fremont (kcafremo271)",,10405895,pm25,µg/m³,AirGradient,Unknown Person,low-cost,False,Unknown AirGradient Sensor,37.54496034198548,-121.96731238382662,24.08,2024-08-27T10:00:00Z,2026-10-02T21:00:00Z,True,America/Los_Angeles,sensor,
sanjose,3055550,Berryessa Area,,10556446,pm25,µg/m³,AirGradient,Unknown Person,low-cost,False,Unknown AirGradient Sensor,37.38093,-121.883971,4.76,2024-09-09T19:00:00Z,2025-06-28T12:00:00Z,True,America/Los_Angeles,sensor,
sanjose,3090207,Acterra!,,10817472,pm25,µg/m³,Clarity,Clarity,low-cost,False,Clarity Sensor,37.43202,-122.10322,21.83,2024-10-02T23:42:57Z,2026-10-02T21:00:09Z,True,America/Los_Angeles,sensor,
sanjose,3274019,Cristo Rey Jesuit High School,,11340218,pm25,µg/m³,Clarity,Clarity,low-cost,False,Clarity Sensor,37.35002,-121.86372,2.39,2024-11-17T22:05:00Z,2026-10-02T21:02:00Z,True,America/Los_Angeles,sensor,
sanjose,3325425,Sunnyvale ,,11712260,pm25,µg/m³,AirGradient,Kfstop,low-cost,False,AirGradient Open Air Generation 1 (O-1PST),37.3640842,-122.021158,12.27,2024-12-19T00:00:00Z,2026-10-02T21:00:00Z,True,America/Los_Angeles,sensor,
sanjose,3401003,Manzanita Ave,,12177984,pm25,µg/m³,AirGradient,Arthur R.,low-cost,False,AirGradient Open Air Generation 1 (O-1PST),37.3932197,-122.0254713,13.74,2025-02-11T18:00:00Z,2026-10-02T21:00:00Z,True,America/Los_Angeles,sensor,
sanjose,3746550,Townsend,,12510623,pm25,µg/m³,AirGradient,Unknown Person,low-cost,False,AirGradient Open Air Generation 1 (O-1PST),37.3802039,-121.8887901,4.68,2025-03-18T06:00:00Z,2026-10-02T21:00:00Z,True,America/Los_Angeles,sensor,
sanjose,4784444,San Jose - Evergreen,,13362473,pm25,µg/m³,AirGradient,sjthespian,low-cost,False,AirGradient Open Air (O-1PST-CE),37.29695628097996,-121.76484414499659,11.67,2025-06-18T17:00:00Z,2026-09-27T17:00:00Z,True,America/Los_Angeles,sensor,
sanjose,4903769,Blair Ave Apartments,,13469114,pm25,µg/m³,AirGradient,AirGradient,low-cost,False,AirGradient Open Air Generation 1 (O-1PST),37.36965878087735,-122.04478559118614,14.45,2025-06-30T03:00:00Z,2026-10-02T21:00:00Z,True,America/Los_Angeles,sensor,
sanjose,5445901,SVC,,13871018,pm25,µg/m³,Clarity,Clarity,low-cost,False,Clarity Sensor,37.37968,-121.97692,9.25,2025-08-15T21:09:57Z,2025-09-19T20:45:28Z,True,America/Los_Angeles,sensor,
sanjose,5537670,Redwood Pavilion,,13940194,pm25,µg/m³,AirGradient,AirGradient,low-cost,False,AirGradient Open Air Generation 1 (O-1PST),37.258593,-121.9192126,9.32,2025-08-23T23:00:00Z,2026-10-02T21:00:00Z,True,America/Los_Angeles,sensor,
sanjose,5789224,San Jose,,14118816,pm25,µg/m³,AirGradient,AirGradient,low-cost,False,AirGradient Open Air Generation 1 (O-1PST),37.335978,-121.9398078,4.74,2025-09-15T00:00:00Z,2026-10-02T21:00:00Z,True,America/Los_Angeles,sensor,
sanjose,6098270,PGXM CA House,,14398134,pm25,µg/m³,AirGradient,AirGradient,low-cost,False,Unknown AirGradient Sensor,37.36459,-122.10628,19.67,2025-10-17T07:00:00Z,2025-10-29T16:00:00Z,True,America/Los_Angeles,sensor,
sanjose,6110629,Outdoors,,14489670,pm25,µg/m³,AirGradient,AirGradient,low-cost,False,AirGradient Open Air Generation 1 (O-1PST),37.431495,-122.110937,22.4,2025-10-28T05:00:00Z,2026-10-02T21:00:00Z,True,America/Los_Angeles,sensor,
sanjose,6112299,PGXM Anita Exterior,,14501847,pm25,µg/m³,AirGradient,AirGradient,low-cost,False,AirGradient Open Air Generation 1 (O-1PST),37.36459,-122.10628,19.67,2025-10-29T18:00:00Z,2026-10-02T21:00:00Z,True,America/Los_Angeles,sensor,
sanjose,6133584,Andrew Hill High School,,14658833,pm25,µg/m³,Clarity,Clarity,low-cost,False,Clarity Sensor,37.29166,-121.82959,7.2,2025-11-17T11:02:21Z,2026-09-04T15:44:46Z,True,America/Los_Angeles,sensor,
sanjose,6139517,MiddlefieldReservior,,14700790,pm25,µg/m³,AirGradient,AirGradient,low-cost,False,AirGradient Open Air Generation 1 (O-1PST),37.529701196639316,-121.9472420368605,21.97,2025-11-23T00:00:00Z,2026-10-02T21:00:00Z,True,America/Los_Angeles,sensor,
sanjose,6154901,Sunnyvale,,14816322,pm25,µg/m³,AirGradient,AirGradient,low-cost,False,AirGradient Open Air Generation 1 (O-1PST),37.34343077256113,-122.02466936661216,12.25,2025-12-06T22:00:00Z,2026-10-02T21:00:00Z,True,America/Los_Angeles,sensor,
sanjose,6297401,Los Altos Hills,,15872903,pm25,µg/m³,AirGradient,AirGradient,low-cost,False,Unknown AirGradient Sensor,37.376228,-122.144757,23.24,2026-04-05T19:00:00Z,2026-10-02T21:00:00Z,True,America/Los_Angeles,sensor,
sanjose,6317985,Almaden Valley,,16028796,pm25,µg/m³,AirGradient,AirGradient,low-cost,False,AirGradient Open Air Generation 1 (O-1PST),37.20117237266641,-121.84887714900616,15.59,2026-04-22T23:00:00Z,2026-10-02T21:00:00Z,True,America/Los_Angeles,sensor,
sanjose,6333408,S18thStSanJose,,16142914,pm25,µg/m³,AirGradient,AirGradient,low-cost,False,Unknown AirGradient Sensor,37.339415,-121.868742,1.55,2026-05-03T18:00:00Z,2026-10-02T21:00:00Z,True,America/Los_Angeles,sensor,
sanjose,6494008,"Fremont, CA",,17285166,pm25,µg/m³,AirGradient,AirGradient,low-cost,False,AirGradient Open Air Generation 1 (O-1PST),37.514553,-121.91116,19.74,2026-08-18T01:00:00Z,2026-10-02T21:00:00Z,True,America/Los_Angeles,sensor,
sanjose,6532307,Milpitas Middle college High School,,17566186,pm25,µg/m³,AirGradient,AirGradient,low-cost,False,Unknown AirGradient Sensor,37.45353,-121.90081,12.89,2026-09-10T00:00:00Z,2026-09-10T15:00:00Z,True,America/Los_Angeles,sensor,
sanjose,6541903,1915 Cambridge Dr,,17636683,pm25,µg/m³,AirGradient,AirGradient,low-cost,False,AirGradient Open Air Generation 1 (O-1PST),37.41676,-122.08802,19.86,2026-09-14T16:00:00Z,2026-10-02T21:00:00Z,True,America/Los_Angeles,sensor,
sanjose,6549791,San Jose Tamien Station,,17694669,pm25,µg/m³,AirGradient,AirGradient,low-cost,False,AirGradient Open Air Generation 1 (O-1PST),37.31062,-121.88251,3.08,2026-09-20T07:00:00Z,2026-10-02T21:00:00Z,True,America/Los_Angeles,sensor,
saltlakecity,288,Hawthorne,Salt Lake City,3724,pm25,µg/m³,AirNow,Unknown Governmental Organization,reference,False,Government Monitor,40.733501,-111.871696,3.21,2016-03-06T20:00:00Z,2026-10-02T21:00:00Z,True,America/Denver,sensor,
saltlakecity,6426,NR,Salt Lake City,5077829,pm25,µg/m³,AirNow,Unknown Governmental Organization,reference,False,Government Monitor,40.662841,-111.901796,10.81,2022-10-04T18:00:00Z,2026-10-02T21:00:00Z,True,America/Denver,sensor,
saltlakecity,7296,MA,Salt Lake City,21017,pm25,µg/m³,AirNow,Unknown Governmental Organization,reference,False,Government Monitor,40.712064,-112.111122,19.51,2019-01-07T18:00:00Z,2026-10-02T21:00:00Z,True,America/Denver,sensor,
saltlakecity,8758,Copper View,Salt Lake City,25535,pm25,µg/m³,AirNow,Unknown Governmental Organization,reference,False,Government Monitor,40.598056,-111.894167,17.96,2018-09-25T15:00:00Z,2026-10-02T21:00:00Z,True,America/Denver,sensor,
saltlakecity,8777,Rose Park,Salt Lake City,25595,pm25,µg/m³,AirNow,Unknown Governmental Organization,reference,False,Government Monitor,40.7955,-111.9309,5.38,2016-12-02T18:00:00Z,2026-10-02T21:00:00Z,True,America/Denver,sensor,
saltlakecity,221401,BV,Ogden-Clearfield,1287320,pm25,µg/m³,AirNow,Unknown Governmental Organization,reference,False,Government Monitor,40.897999,-111.885498,15.4,2021-02-26T21:00:00Z,2026-10-02T21:00:00Z,True,America/Denver,sensor,
saltlakecity,228304,Utah Tech. Center,Salt Lake City,16317113,pm25,µg/m³,AirNow,Unknown Governmental Organization,reference,False,Government Monitor; Government Monitor,40.7771,-111.945,5.17,2021-06-18T22:00:00Z,2026-10-02T21:00:00Z,True,America/Denver,location record (sensors endpoint failed: HTTP 500),
saltlakecity,228304,Utah Tech. Center,Salt Lake City,1315805,pm25,µg/m³,AirNow,Unknown Governmental Organization,reference,False,Government Monitor; Government Monitor,40.7771,-111.945,5.17,2021-06-18T22:00:00Z,2026-10-02T21:00:00Z,True,America/Denver,location record (sensors endpoint failed: HTTP 500),
saltlakecity,228376,Lake Park,Salt Lake City,1316195,pm25,µg/m³,AirNow,Unknown Governmental Organization,reference,False,Government Monitor,40.709867,-112.008664,11.56,2021-06-21T15:00:00Z,2026-10-02T21:00:00Z,True,America/Denver,sensor,
saltlakecity,228377,Prison Site,Salt Lake City,1316196,pm25,µg/m³,AirNow,Unknown Governmental Organization,reference,False,Government Monitor,40.807897,-112.087717,17.64,2021-06-21T15:00:00Z,2026-10-02T21:00:00Z,True,America/Denver,sensor,
saltlakecity,1236049,Glendale,,6530268,pm25,µg/m³,AirGradient,Unknown Governmental Organization,low-cost,False,N/A; Unknown AirGradient Sensor,40.748998,-111.934125,4.05,2023-07-15T13:00:00Z,2026-10-02T21:00:00Z,True,America/Denver,sensor,
saltlakecity,1989661,MittLn,,7571244,pm25,µg/m³,AirGradient,Unknown Person,low-cost,False,Unknown AirGradient Sensor,40.61510635169409,-111.8314806602328,16.76,2023-12-21T02:00:00Z,2024-01-10T01:00:00Z,True,America/Denver,sensor,
saltlakecity,2027500,Salt Lake City,,7613456,pm25,µg/m³,AirGradient,Unknown Person,low-cost,False,Unknown AirGradient Sensor,40.73371845456546,-111.83216211779046,5.52,2023-12-30T00:00:00Z,2024-02-07T20:00:00Z,True,America/Denver,sensor,
saltlakecity,2960998,West Valley City,,9998272,pm25,µg/m³,AirGradient,Ffigie,low-cost,False,Unknown AirGradient Sensor,40.705548,-112.016435,12.37,2024-07-18T22:00:00Z,2026-10-02T21:00:00Z,True,America/Denver,sensor,
saltlakecity,3306106,"Federal Heights, Salt Lake City, Utah, USA",,11578859,pm25,µg/m³,AirGradient,Unknown Person,low-cost,False,Unknown AirGradient Sensor,40.771295,-111.85135,3.36,2024-12-08T21:00:00Z,2026-10-02T21:00:00Z,True,America/Denver,sensor,
saltlakecity,3318370,Red Butte,SALT LAKE,11669376,pm25,µg/m³,AirNow,Unknown Governmental Organization,reference,False,Government Monitor,40.76652,-111.82835,5.1,2024-12-15T17:00:00Z,2026-10-02T21:00:00Z,True,America/Denver,sensor,
saltlakecity,3400925,Daybreak Brookside,,12178224,pm25,µg/m³,AirGradient,Ginger,low-cost,False,AirGradient Open Air Generation 1 (O-1PST),40.56100017416382,-112.00834802937695,24.29,2025-02-11T18:00:00Z,2026-10-02T21:00:00Z,True,America/Denver,sensor,
saltlakecity,3400939,Mountair Acres,,12178276,pm25,µg/m³,AirGradient,Unknown Person,low-cost,False,AirGradient Open Air Generation 1 (O-1PST),40.705572,-111.8480907,6.89,2025-02-11T18:00:00Z,2026-10-02T21:00:00Z,True,America/Denver,sensor,
saltlakecity,3400953,"Walden Glen (Murray, UT)",,12178324,pm25,µg/m³,AirGradient,Chris,low-cost,False,AirGradient Open Air Generation 1 (O-1PST),40.651652,-111.925688,12.41,2025-02-11T18:00:00Z,2026-10-02T21:00:00Z,True,America/Denver,sensor,
saltlakecity,6146220,Jordan River Parkway - 7800S,,14750740,pm25,µg/m³,AirGradient,AirGradient,low-cost,False,AirGradient Open Air Generation 1 (O-1PST),40.61099,-111.920861,16.75,2025-11-29T02:00:00Z,2026-10-02T21:00:00Z,True,America/Denver,sensor,
saltlakecity,6210432,Copper Rim,,15228140,pm25,µg/m³,AirGradient,AirGradient,low-cost,False,AirGradient Open Air Generation 1 (O-1PST),40.6146147,-112.03233,20.19,2026-01-22T01:00:00Z,2026-10-02T21:00:00Z,True,America/Denver,sensor,
saltlakecity,6440875,"Murray, Utah",,16897872,pm25,µg/m³,AirGradient,AirGradient,low-cost,False,AirGradient Open Air Generation 1 (O-1PST),40.66851684563583,-111.87198091027084,10.21,2026-07-11T07:00:00Z,2026-10-02T21:00:00Z,True,America/Denver,sensor,
saltlakecity,6453238,Saw Timber Way,,16986583,pm25,µg/m³,AirGradient,AirGradient,low-cost,False,AirGradient Open Air Generation 1 (O-1PST),40.60695677865405,-112.05775977560755,22.19,2026-07-20T22:00:00Z,2026-10-02T21:00:00Z,True,America/Denver,sensor,
saltlakecity,6471508,Porkvida,,17120050,pm25,µg/m³,AirGradient,AirGradient,low-cost,False,AirGradient Open Air Generation 1 (O-1PST),40.67672947739425,-111.89520321281555,9.23,2026-08-02T16:00:00Z,2026-10-02T21:00:00Z,True,America/Denver,sensor,
saltlakecity,6490880,"Centerville, UT",,17262139,pm25,µg/m³,AirGradient,AirGradient,low-cost,False,AirGradient Open Air Generation 1 (O-1PST),40.922222,-111.8686606,18.16,2026-08-16T01:00:00Z,2026-10-02T21:00:00Z,True,America/Denver,sensor,
saltlakecity,6490930,eddd - S Melbourne St,,17262497,pm25,µg/m³,AirGradient,AirGradient,low-cost,False,AirGradient Open Air Generation 1 (O-1PST),40.705383,-111.838869,7.32,2026-08-16T00:00:00Z,2026-10-02T21:00:00Z,True,America/Denver,sensor,
saltlakecity,6500901,Val Verda,,17335404,pm25,µg/m³,AirGradient,AirGradient,low-cost,False,AirGradient Open Air Generation 1 (O-1PST),40.85404,-111.88986,10.51,2026-08-22T02:00:00Z,2026-10-02T21:00:00Z,True,America/Denver,sensor,
helena,459,Helena,Helena,5077670,pm25,µg/m³,AirNow,Unknown Governmental Organization,reference,False,Government Monitor,46.6588,-112.0131,7.93,2022-10-04T18:00:00Z,2026-10-02T21:00:00Z,True,America/Denver,sensor,
helena,270809,Bear Gulch,,1562376,pm25,µg/m³,AirNow,Unknown Governmental Organization,reference,False,Government Monitor,46.578568,-112.079772,3.27,2022-01-05T00:00:00Z,2022-03-21T18:00:00Z,True,America/Denver,sensor,
helena,270816,LaGrande Cannon,,1562385,pm25,µg/m³,AirNow,Unknown Governmental Organization,reference,False,Government Monitor,46.597282,-112.065026,2.06,2022-01-07T18:00:00Z,2022-03-22T18:00:00Z,True,America/Denver,sensor,
helena,270817,Pioneer Park,,1562386,pm25,µg/m³,AirNow,Unknown Governmental Organization,reference,False,Government Monitor,46.58432,-112.041621,0.64,2022-01-07T18:00:00Z,2022-03-22T18:00:00Z,True,America/Denver,sensor,
logan,305,Smithfield,CACHE,3346,pm25,µg/m³,AirNow,Unknown Governmental Organization,reference,False,Government Monitor,41.842778,-111.85194,11.83,2016-03-06T20:00:00Z,2026-10-02T21:00:00Z,True,America/Denver,sensor,
logan,5997557,N. Logan,,14274454,pm25,µg/m³,AirGradient,AirGradient,low-cost,False,AirGradient Open Air Generation 1 (O-1PST),41.7677055,-111.8040756,4.39,2025-10-03T04:00:00Z,2026-10-02T21:00:00Z,True,America/Denver,sensor,
logan,6204950,River Hollow,,15189410,pm25,µg/m³,AirGradient,AirGradient,low-cost,False,AirGradient Open Air Generation 1 (O-1PST),41.7357,-111.8108,2.21,2026-01-17T19:00:00Z,2026-10-02T21:00:00Z,True,America/Denver,sensor,
logan,6214215,Logan,,15256023,pm25,µg/m³,AirGradient,AirGradient,low-cost,False,AirGradient Open Air Generation 1 (O-1PST),41.765359014827204,-111.84476990128336,3.22,2026-01-25T00:00:00Z,2026-10-02T21:00:00Z,True,America/Denver,sensor,
yakima,1357,Yakima-4th Ave,Yakima,2433,pm25,µg/m³,AirNow,Unknown Governmental Organization,reference,False,Government Monitor,46.594952,-120.512283,1.16,2016-03-06T20:00:00Z,2026-10-02T21:00:00Z,True,America/Los_Angeles,sensor,
yakima,7006,Newport_Mobile,,20296,pm25,µg/m³,AirNow,Unknown Governmental Organization,reference,False,Government Monitor,46.5592,-120.494699,5.07,2019-07-26T06:00:00Z,2019-07-26T09:00:00Z,True,America/Los_Angeles,sensor,
yakima,7007,Newport_Mobile,,20297,pm25,µg/m³,AirNow,Unknown Governmental Organization,reference,False,Government Monitor,46.558084,-120.494742,5.2,2019-07-26T12:00:00Z,2019-07-26T16:00:00Z,True,America/Los_Angeles,sensor,
yakima,8700,Mobile-Yakima,,25263,pm25,µg/m³,AirNow,Unknown Governmental Organization,reference,False,Government Monitor,46.558085,-120.496819,5.17,2020-09-18T23:00:00Z,2021-06-10T21:00:00Z,True,America/Los_Angeles,sensor,
yakima,2858700,Moxee-E Seattle Ave,YAKIMA,9309181,pm25,µg/m³,AirNow,Unknown Governmental Organization,reference,False,Government Monitor,46.55108,-120.38185,11.14,2024-05-21T14:00:00Z,2026-08-03T15:00:00Z,True,America/Los_Angeles,sensor,
yakima,2858701,Moxee-E Seattle Ave,YAKIMA,9309182,pm25,µg/m³,AirNow,Unknown Governmental Organization,reference,False,Government Monitor,46.55108,-120.38185,11.14,2024-05-20T22:00:00Z,2026-10-02T21:00:00Z,True,America/Los_Angeles,sensor,
yakima,6379878,Yakima,,16447956,pm25,µg/m³,AirGradient,AirGradient,low-cost,False,AirGradient Open Air Generation 1 (O-1PST),46.6051,-120.6173,8.56,2026-05-30T00:00:00Z,2026-10-02T21:00:00Z,True,America/Los_Angeles,sensor,
yakima,6472788,Union Gap-4th St,YAKIMA,17129329,pm25,µg/m³,AirNow,Unknown Governmental Organization,reference,False,Government Monitor,46.55597,-120.48014,5.7,2026-08-02T16:00:00Z,2026-08-03T15:00:00Z,True,America/Los_Angeles,sensor,
yakima,6472789,Union Gap-4th St,YAKIMA,17129608,pm25,µg/m³,AirNow,Unknown Governmental Organization,reference,False,Government Monitor,46.55597,-120.48014,5.7,2026-08-02T16:00:00Z,2026-10-02T21:00:00Z,True,America/Los_Angeles,sensor,
yakima,6472792,Yakima-River Rd,YAKIMA,17129322,pm25,µg/m³,AirNow,Unknown Governmental Organization,reference,False,Government Monitor,46.61722,-120.52316,1.98,2026-08-02T16:00:00Z,2026-10-02T21:00:00Z,True,America/Los_Angeles,sensor,
yakima,6472794,Yakima-S 9th St,YAKIMA,17129320,pm25,µg/m³,AirNow,Unknown Governmental Organization,reference,False,Government Monitor,46.59846,-120.49134,1.25,2026-08-02T16:00:00Z,2026-10-02T21:00:00Z,True,America/Los_Angeles,sensor,
yakima,6472796,Yakima-W Viola Ave,YAKIMA,17129326,pm25,µg/m³,AirNow,Unknown Governmental Organization,reference,False,Government Monitor,46.58131,-120.51115,2.59,2026-08-02T16:00:00Z,2026-10-02T21:00:00Z,True,America/Los_Angeles,sensor,
