date,tmax_f,normal_f,p10_f,p90_f,anomaly_f,abnormally_high,n_baseline_values
2016-01-01,50.99,69.54,56.61,80.68,-18.55,0,450
2016-01-02,43.88,69.85,57.09,80.7,-25.98,0,450
2016-01-03,50.39,69.98,57.27,80.76,-19.59,0,450
2016-01-04,65.39,69.98,57.43,80.73,-4.59,0,450
2016-01-05,64.56,70.08,57.66,80.81,-5.53,0,450
2016-01-06,74.15,70.0,57.49,80.93,4.15,0,450
2016-01-07,72.49,69.9,57.6,80.77,2.59,0,450
2016-01-08,77.11,69.99,57.71,80.93,7.12,0,450
2016-01-09,71.87,70.13,57.73,81.21,1.74,0,450
2016-01-10,57.43,70.47,57.92,81.36,-13.04,0,450
2016-01-11,58.74,70.73,58.65,81.4,-11.98,0,450
2016-01-12,63.97,70.65,58.02,81.44,-6.69,0,450
2016-01-13,69.6,70.74,58.05,81.69,-1.13,0,450
2016-01-14,74.27,70.9,58.1,81.76,3.37,0,450
2016-01-15,82.95,71.25,59.16,81.86,11.7,1,450
2016-01-16,78.31,71.37,59.3,81.87,6.94,0,450
2016-01-17,63.85,71.17,59.08,81.87,-7.32,0,450
2016-01-18,71.58,71.2,59.3,81.86,0.38,0,450
2016-01-19,73.34,71.3,59.38,81.91,2.04,0,450
2016-01-20,79.15,71.41,59.51,81.76,7.74,0,450
2016-01-21,78.91,71.61,60.15,81.7,7.3,0,450
2016-01-22,69.13,71.79,59.86,81.76,-2.65,0,450
2016-01-23,67.1,71.8,59.98,81.85,-4.7,0,450
2016-01-24,75.09,71.91,60.34,81.76,3.18,0,450
2016-01-25,76.88,72.09,60.79,81.76,4.79,0,450
2016-01-26,74.8,72.06,60.79,81.72,2.74,0,450
2016-01-27,54.13,72.14,60.82,81.75,-18.01,0,450
2016-01-28,71.02,71.99,60.69,81.72,-0.97,0,450
2016-01-29,75.16,71.89,60.8,81.72,3.27,0,450
2016-01-30,77.92,71.79,60.79,81.86,6.13,0,450
2016-01-31,86.5,71.88,60.82,81.96,14.62,1,450
2016-02-01,83.24,72.07,60.82,82.25,11.17,1,450
2016-02-02,76.63,72.29,60.8,82.72,4.33,0,450
2016-02-03,69.06,72.43,60.79,83.02,-3.37,0,450
2016-02-04,65.51,72.44,60.68,83.25,-6.93,0,450
2016-02-05,68.74,72.42,60.32,83.5,-3.68,0,450
2016-02-06,73.46,72.53,60.82,83.52,0.93,0,450
2016-02-07,74.44,72.85,61.15,83.69,1.59,0,450
2016-02-08,70.17,73.17,61.15,84.05,-2.99,0,450
2016-02-09,75.66,73.3,61.15,84.16,2.36,0,450
2016-02-10,80.48,73.64,61.59,84.29,6.84,0,450
2016-02-11,80.55,74.04,61.89,84.42,6.51,0,450
2016-02-12,82.51,74.38,62.51,84.57,8.14,0,450
2016-02-13,79.08,74.73,62.83,84.79,4.36,0,450
2016-02-14,80.55,75.16,62.97,85.01,5.38,0,450
2016-02-15,86.39,75.47,63.04,85.02,10.92,1,450
2016-02-16,83.52,75.93,63.39,85.4,7.59,0,450
2016-02-17,82.19,76.15,63.78,85.61,6.03,0,450
2016-02-18,81.34,76.29,64.5,85.7,5.06,0,450
2016-02-19,82.41,76.37,64.29,85.55,6.04,0,450
2016-02-20,83.33,76.55,64.76,86.0,6.78,0,450
2016-02-21,82.2,76.83,65.0,86.06,5.37,0,458
2016-02-22,82.15,76.98,64.85,86.08,5.17,0,458
2016-02-23,92.1,76.97,65.06,86.08,15.13,1,458
2016-02-24,73.03,76.97,65.25,86.24,-3.94,0,458
2016-02-25,75.59,76.97,65.38,86.24,-1.37,0,458
2016-02-26,74.97,77.0,65.38,86.16,-2.03,0,458
2016-02-27,73.37,77.04,65.38,86.24,-3.67,0,458
2016-02-28,78.36,77.1,65.44,86.34,1.26,0,458
2016-02-29,82.06,77.1,65.44,86.34,4.96,0,458
2016-03-01,84.74,77.0,65.44,86.09,7.74,0,458
2016-03-02,82.52,76.96,64.86,86.16,5.55,0,458
2016-03-03,90.42,76.75,64.27,86.29,13.67,1,458
2016-03-04,79.87,76.65,64.17,86.09,3.22,0,458
2016-03-05,80.54,76.65,64.27,86.15,3.89,0,458
2016-03-06,81.79,76.9,65.33,86.34,4.89,0,458
2016-03-07,82.7,77.19,66.13,86.35,5.52,0,458
2016-03-08,84.72,77.25,66.35,86.48,7.47,0,450
2016-03-09,77.5,77.3,66.56,86.62,0.19,0,450
2016-03-10,75.17,77.46,66.66,86.72,-2.29,0,450
2016-03-11,78.31,77.9,67.0,87.12,0.41,0,450
2016-03-12,81.14,78.21,67.51,87.39,2.93,0,450
2016-03-13,89.89,78.36,68.49,87.4,11.53,1,450
2016-03-14,87.31,78.51,68.57,87.4,8.8,0,450
2016-03-15,86.37,78.71,69.23,87.41,7.66,0,450
2016-03-16,81.59,78.97,69.33,87.72,2.62,0,450
2016-03-17,82.9,79.24,69.57,87.72,3.66,0,450
2016-03-18,87.49,79.64,69.94,87.86,7.84,0,450
2016-03-19,68.99,79.93,70.3,88.22,-10.94,0,450
2016-03-20,69.33,80.3,70.54,88.63,-10.97,0,450
2016-03-21,71.48,80.6,71.16,88.7,-9.13,0,450
2016-03-22,78.8,80.84,71.27,88.63,-2.03,0,450
2016-03-23,84.51,81.1,71.49,88.74,3.41,0,450
2016-03-24,80.94,81.28,71.65,88.97,-0.34,0,450
2016-03-25,75.07,81.33,71.57,89.02,-6.26,0,450
2016-03-26,79.89,81.35,71.46,89.1,-1.46,0,450
2016-03-27,82.88,81.57,72.09,89.14,1.31,0,450
2016-03-28,79.19,81.83,72.56,89.45,-2.64,0,450
2016-03-29,80.87,81.98,72.56,89.64,-1.1,0,450
2016-03-30,84.08,82.02,72.52,89.72,2.05,0,450
2016-03-31,93.63,82.13,72.33,89.72,11.51,1,450
2016-04-01,82.85,82.21,72.56,89.96,0.64,0,450
2016-04-02,70.76,82.31,72.59,90.21,-11.56,0,450
2016-04-03,77.95,82.6,72.92,90.32,-4.64,0,450
2016-04-04,83.04,82.74,73.01,90.28,0.3,0,450
2016-04-05,81.56,82.76,73.01,90.28,-1.2,0,450
2016-04-06,83.89,82.87,73.41,90.58,1.01,0,450
2016-04-07,82.38,82.95,73.46,90.76,-0.57,0,450
2016-04-08,82.22,83.0,73.72,90.79,-0.78,0,450
2016-04-09,82.76,83.15,73.99,91.03,-0.39,0,450
2016-04-10,85.72,83.23,74.44,91.06,2.49,0,450
2016-04-11,85.89,83.31,74.14,91.17,2.58,0,450
2016-04-12,83.75,83.51,74.88,91.34,0.24,0,450
2016-04-13,79.19,83.74,75.62,91.43,-4.55,0,450
2016-04-14,83.5,83.94,75.68,91.56,-0.43,0,450
2016-04-15,82.61,84.17,75.77,91.8,-1.55,0,450
2016-04-16,83.33,84.34,76.12,91.78,-1.01,0,450
2016-04-17,86.23,84.52,76.51,91.91,1.71,0,450
2016-04-18,89.84,84.65,76.51,91.91,5.2,0,450
2016-04-19,86.2,84.79,76.62,92.14,1.41,0,450
2016-04-20,86.2,85.03,77.09,92.33,1.18,0,450
2016-04-21,87.91,85.18,77.31,92.44,2.72,0,450
2016-04-22,85.69,85.38,77.4,92.66,0.31,0,450
2016-04-23,85.07,85.68,77.92,92.66,-0.61,0,450
2016-04-24,85.19,86.02,78.22,92.84,-0.83,0,450
2016-04-25,88.83,86.29,79.06,92.65,2.54,0,450
2016-04-26,88.54,86.47,79.46,92.9,2.07,0,450
2016-04-27,91.5,86.62,79.49,93.2,4.88,0,450
2016-04-28,89.37,86.85,79.69,93.36,2.52,0,450
2016-04-29,85.94,87.08,79.83,93.75,-1.14,0,450
2016-04-30,91.55,87.22,80.0,93.75,4.33,0,450
2016-05-01,90.14,87.48,80.1,94.38,2.65,0,450
2016-05-02,82.16,87.71,80.29,94.38,-5.55,0,450
2016-05-03,74.69,87.83,80.86,94.48,-13.14,0,450
2016-05-04,85.7,87.94,81.14,94.38,-2.24,0,450
2016-05-05,92.35,88.07,81.34,94.48,4.29,0,450
2016-05-06,90.0,88.21,81.86,94.15,1.79,0,450
2016-05-07,85.9,88.35,81.98,94.15,-2.45,0,450
2016-05-08,84.74,88.44,82.09,94.14,-3.7,0,450
2016-05-09,88.73,88.47,82.13,94.14,0.26,0,450
2016-05-10,89.59,88.55,82.3,94.48,1.04,0,450
2016-05-11,90.69,88.64,82.69,94.38,2.05,0,450
2016-05-12,90.32,88.7,82.79,94.38,1.62,0,450
2016-05-13,89.9,88.71,82.84,94.28,1.19,0,450
2016-05-14,89.27,88.73,82.9,94.33,0.54,0,450
2016-05-15,84.79,88.75,83.03,94.37,-3.96,0,450
2016-05-16,90.35,88.8,83.29,93.85,1.55,0,450
2016-05-17,92.1,88.87,83.47,93.78,3.23,0,450
2016-05-18,88.33,88.98,83.6,93.85,-0.65,0,450
2016-05-19,91.49,89.11,83.84,94.21,2.38,0,450
2016-05-20,88.24,89.27,84.1,94.33,-1.03,0,450
2016-05-21,91.36,89.45,84.28,94.55,1.91,0,450
2016-05-22,90.83,89.57,84.28,94.65,1.26,0,450
2016-05-23,90.3,89.78,84.54,94.79,0.52,0,450
2016-05-24,92.05,90.04,84.98,95.15,2.01,0,450
2016-05-25,92.28,90.21,85.15,95.15,2.07,0,450
2016-05-26,92.37,90.47,85.48,95.4,1.9,0,450
2016-05-27,93.33,90.73,85.89,95.6,2.6,0,450
2016-05-28,91.88,91.03,86.49,95.77,0.85,0,450
2016-05-29,90.28,91.34,86.72,95.91,-1.05,0,450
2016-05-30,90.11,91.6,87.13,96.22,-1.49,0,450
2016-05-31,90.97,91.79,87.34,96.53,-0.83,0,450
2016-06-01,87.98,91.95,87.62,96.59,-3.97,0,450
2016-06-02,87.03,92.09,87.69,96.59,-5.06,0,450
2016-06-03,88.95,92.23,87.82,96.64,-3.28,0,450
2016-06-04,83.6,92.35,87.92,96.66,-8.75,0,450
2016-06-05,86.42,92.47,87.99,96.71,-6.04,0,450
2016-06-06,88.84,92.66,88.26,96.72,-3.83,0,450
2016-06-07,90.05,92.82,88.46,96.73,-2.77,0,450
2016-06-08,88.55,92.92,88.72,96.84,-4.37,0,450
2016-06-09,92.13,93.07,88.93,96.9,-0.94,0,450
2016-06-10,91.81,93.12,88.94,96.95,-1.3,0,450
2016-06-11,92.83,93.15,88.89,97.02,-0.31,0,450
2016-06-12,93.03,93.11,88.72,96.98,-0.08,0,450
2016-06-13,92.85,93.02,88.55,96.9,-0.17,0,450
2016-06-14,93.14,92.95,88.44,96.85,0.19,0,450
2016-06-15,94.44,92.94,88.59,96.56,1.5,0,450
2016-06-16,93.06,92.92,88.64,96.38,0.14,0,450
2016-06-17,95.02,92.89,88.7,96.34,2.13,0,450
2016-06-18,94.52,92.84,88.44,96.31,1.68,0,450
2016-06-19,93.33,92.86,88.58,96.29,0.47,0,450
2016-06-20,92.05,92.86,88.7,96.27,-0.81,0,450
2016-06-21,93.6,92.81,88.7,96.25,0.79,0,450
2016-06-22,94.36,92.76,88.48,96.29,1.6,0,450
2016-06-23,93.98,92.71,88.34,96.33,1.26,0,450
2016-06-24,93.89,92.65,88.26,96.33,1.24,0,450
2016-06-25,91.47,92.61,88.38,96.27,-1.14,0,450
2016-06-26,93.51,92.58,88.38,96.16,0.93,0,450
2016-06-27,93.64,92.57,88.6,96.1,1.07,0,450
2016-06-28,93.4,92.62,88.62,96.14,0.79,0,450
2016-06-29,92.47,92.66,88.71,96.2,-0.19,0,450
2016-06-30,95.39,92.63,88.65,96.25,2.76,0,450
2016-07-01,97.08,92.65,88.7,96.29,4.42,1,450
2016-07-02,94.96,92.7,88.77,96.35,2.25,0,450
2016-07-03,94.67,92.76,88.83,96.35,1.91,0,450
2016-07-04,96.52,92.81,89.02,96.39,3.7,1,450
2016-07-05,95.29,92.88,89.16,96.5,2.41,0,450
2016-07-06,95.07,93.03,89.51,96.62,2.04,0,450
2016-07-07,94.92,93.14,89.64,96.52,1.78,0,450
2016-07-08,95.34,93.26,89.8,96.49,2.08,0,450
2016-07-09,95.71,93.34,89.9,96.48,2.38,0,450
2016-07-10,95.11,93.41,89.93,96.52,1.69,0,450
2016-07-11,93.89,93.5,90.05,96.54,0.39,0,450
2016-07-12,94.72,93.6,90.22,96.63,1.11,0,450
2016-07-13,96.52,93.69,90.16,96.65,2.83,0,450
2016-07-14,96.37,93.81,90.45,96.7,2.56,0,450
2016-07-15,96.64,93.96,90.92,96.76,2.67,0,450
2016-07-16,95.36,94.1,91.08,96.89,1.26,0,450
2016-07-17,95.26,94.21,91.09,96.89,1.05,0,450
2016-07-18,95.36,94.29,91.1,96.96,1.07,0,450
2016-07-19,93.91,94.3,91.1,96.98,-0.39,0,450
2016-07-20,94.82,94.34,91.15,96.98,0.47,0,450
2016-07-21,94.26,94.33,91.1,96.96,-0.07,0,450
2016-07-22,94.3,94.36,91.09,97.01,-0.06,0,450
2016-07-23,96.26,94.42,91.09,97.11,1.84,0,450
2016-07-24,96.28,94.53,91.08,97.23,1.74,0,450
2016-07-25,96.89,94.63,91.17,97.32,2.26,0,450
2016-07-26,95.94,94.71,91.38,97.38,1.24,0,450
2016-07-27,95.89,94.75,91.42,97.38,1.14,0,450
2016-07-28,96.01,94.81,91.68,97.38,1.2,0,450
2016-07-29,96.24,94.83,91.84,97.35,1.42,0,450
2016-07-30,96.25,94.88,92.07,97.43,1.37,0,450
2016-07-31,96.29,94.91,92.14,97.54,1.38,0,450
2016-08-01,96.65,94.95,92.27,97.7,1.71,0,450
2016-08-02,96.21,94.99,92.35,97.71,1.22,0,450
2016-08-03,95.69,95.05,92.51,97.76,0.65,0,450
2016-08-04,96.85,95.06,92.56,97.83,1.79,0,450
2016-08-05,97.26,95.11,92.6,97.87,2.15,0,450
2016-08-06,97.34,95.15,92.56,97.91,2.19,0,450
2016-08-07,97.04,95.09,92.22,97.87,1.95,0,450
2016-08-08,98.6,95.06,92.14,97.94,3.53,1,450
2016-08-09,98.43,95.05,92.02,97.99,3.38,1,450
2016-08-10,98.03,95.04,92.02,97.99,2.99,1,450
2016-08-11,99.55,95.05,92.02,98.02,4.5,1,450
2016-08-12,98.28,95.03,91.88,98.02,3.25,1,450
2016-08-13,97.28,95.01,91.86,98.03,2.27,0,450
2016-08-14,95.37,94.95,91.69,98.02,0.42,0,450
2016-08-15,94.64,94.85,91.25,97.91,-0.21,0,450
2016-08-16,89.67,94.75,90.99,97.9,-5.08,0,450
2016-08-17,93.01,94.69,90.98,97.85,-1.68,0,450
2016-08-18,94.9,94.57,90.76,97.78,0.33,0,450
2016-08-19,95.27,94.51,90.73,97.71,0.77,0,450
2016-08-20,95.06,94.43,90.5,97.71,0.64,0,450
2016-08-21,95.04,94.35,90.4,97.62,0.69,0,450
2016-08-22,95.58,94.34,90.33,97.62,1.23,0,450
2016-08-23,96.07,94.29,90.24,97.58,1.78,0,450
2016-08-24,96.22,94.18,90.14,97.58,2.04,0,450
2016-08-25,95.36,94.03,90.04,97.59,1.33,0,450
2016-08-26,94.43,93.92,89.9,97.58,0.51,0,450
2016-08-27,94.74,93.79,89.63,97.58,0.96,0,450
2016-08-28,95.69,93.63,89.18,97.6,2.06,0,450
2016-08-29,95.58,93.43,88.88,97.58,2.15,0,450
2016-08-30,90.74,93.22,88.65,97.56,-2.48,0,450
2016-08-31,92.61,93.01,88.44,97.51,-0.41,0,450
2016-09-01,95.4,92.84,88.4,97.38,2.56,0,450
2016-09-02,95.64,92.72,88.41,97.28,2.92,0,450
2016-09-03,95.22,92.47,88.07,97.02,2.75,0,450
2016-09-04,93.23,92.2,87.61,96.6,1.04,0,450
2016-09-05,94.0,91.95,87.44,96.33,2.05,0,450
2016-09-06,94.6,91.7,87.38,96.16,2.9,0,450
2016-09-07,95.06,91.44,87.21,95.72,3.62,0,450
2016-09-08,95.14,91.21,86.67,95.5,3.93,0,450
2016-09-09,95.59,91.04,86.41,95.26,4.55,1,450
2016-09-10,95.22,90.88,85.95,95.11,4.34,1,450
2016-09-11,94.01,90.77,85.91,94.82,3.24,0,450
2016-09-12,93.11,90.68,85.5,94.81,2.43,0,450
2016-09-13,95.86,90.62,85.52,94.7,5.25,1,450
2016-09-14,94.83,90.58,85.32,94.7,4.25,1,450
2016-09-15,92.57,90.53,85.28,94.68,2.04,0,450
2016-09-16,94.62,90.41,85.23,94.64,4.2,0,450
2016-09-17,97.39,90.31,85.03,94.69,7.07,1,450
2016-09-18,97.42,90.25,84.92,94.69,7.17,1,450
2016-09-19,97.32,90.22,84.85,94.68,7.1,1,450
2016-09-20,95.85,90.14,84.7,94.68,5.7,1,450
2016-09-21,94.9,90.03,84.68,94.62,4.88,1,450
2016-09-22,93.7,89.88,84.39,94.52,3.82,0,450
2016-09-23,95.68,89.74,84.22,94.38,5.94,1,450
2016-09-24,96.12,89.63,84.22,94.1,6.49,1,450
2016-09-25,95.05,89.48,84.02,94.01,5.57,1,450
2016-09-26,87.58,89.32,84.1,93.9,-1.74,0,450
2016-09-27,82.18,89.16,84.21,93.68,-6.97,0,450
2016-09-28,85.13,89.03,84.21,93.62,-3.9,0,450
2016-09-29,89.0,88.83,84.21,93.29,0.17,0,450
2016-09-30,88.83,88.59,83.89,92.99,0.23,0,450
2016-10-01,88.02,88.32,83.54,92.69,-0.3,0,450
2016-10-02,87.87,88.03,83.54,92.38,-0.16,0,450
2016-10-03,91.32,87.82,83.45,92.3,3.5,0,450
2016-10-04,92.37,87.62,82.82,92.18,4.75,1,450
2016-10-05,93.37,87.48,82.7,92.06,5.89,1,450
2016-10-06,92.07,87.33,82.53,92.02,4.75,1,450
2016-10-07,92.52,87.2,82.43,91.91,5.31,1,450
2016-10-08,87.02,87.13,82.35,91.91,-0.11,0,450
2016-10-09,86.96,86.93,81.74,91.98,0.03,0,450
2016-10-10,86.71,86.72,80.28,91.98,-0.01,0,450
2016-10-11,89.73,86.51,79.9,91.98,3.22,0,450
2016-10-12,92.06,86.29,79.82,91.97,5.77,1,450
2016-10-13,91.26,86.03,79.25,91.82,5.23,0,450
2016-10-14,91.15,85.88,79.08,91.52,5.27,0,450
2016-10-15,92.53,85.73,78.62,91.46,6.8,1,450
2016-10-16,92.63,85.62,78.02,91.45,7.01,1,450
2016-10-17,94.15,85.5,78.02,91.3,8.66,1,450
2016-10-18,94.83,85.35,78.02,91.24,9.48,1,450
2016-10-19,93.37,85.16,77.84,91.16,8.21,1,450
2016-10-20,90.51,84.79,77.13,90.93,5.72,0,450
2016-10-21,81.26,84.44,76.54,90.72,-3.18,0,450
2016-10-22,82.44,84.27,76.49,90.62,-1.83,0,450
2016-10-23,85.93,84.07,76.49,90.25,1.86,0,450
2016-10-24,88.74,83.89,76.4,90.01,4.85,0,450
2016-10-25,85.12,83.73,75.99,89.93,1.39,0,450
2016-10-26,87.27,83.4,75.58,89.73,3.87,0,450
2016-10-27,87.82,83.03,74.8,89.43,4.79,0,450
2016-10-28,88.39,82.72,74.79,89.25,5.67,0,450
2016-10-29,88.22,82.46,74.68,88.99,5.75,0,450
2016-10-30,87.98,82.25,74.33,88.75,5.73,0,450
2016-10-31,89.54,82.06,73.9,88.75,7.48,1,450
2016-11-01,92.1,81.71,73.11,88.48,10.39,1,450
2016-11-02,90.81,81.37,72.87,88.4,9.43,1,450
2016-11-03,88.99,81.06,71.95,88.27,7.93,1,450
2016-11-04,89.16,80.92,72.1,88.17,8.24,1,450
2016-11-05,85.41,80.58,71.72,87.92,4.83,0,450
2016-11-06,86.17,80.02,70.79,87.58,6.15,0,450
2016-11-07,84.69,79.59,70.33,87.47,5.1,0,450
2016-11-08,74.26,79.34,69.93,87.16,-5.08,0,450
2016-11-09,74.28,79.0,69.54,86.55,-4.72,0,450
2016-11-10,72.67,78.82,68.8,86.52,-6.15,0,450
2016-11-11,72.77,78.77,68.8,86.25,-6.0,0,450
2016-11-12,73.18,78.61,68.68,86.23,-5.43,0,450
2016-11-13,68.24,78.41,68.8,85.98,-10.17,0,450
2016-11-14,73.14,78.23,68.58,85.66,-5.08,0,450
2016-11-15,83.42,78.04,68.69,85.52,5.38,0,450
2016-11-16,83.82,78.01,68.69,85.52,5.81,0,450
2016-11-17,83.61,77.85,68.53,85.51,5.76,0,450
2016-11-18,85.66,77.64,67.74,85.39,8.02,1,450
2016-11-19,65.65,77.43,67.61,85.27,-11.78,0,450
2016-11-20,73.04,77.45,67.61,85.43,-4.41,0,450
2016-11-21,80.72,77.49,67.62,85.22,3.23,0,450
2016-11-22,83.68,77.42,67.48,85.21,6.26,0,450
2016-11-23,84.29,77.16,67.44,85.06,7.13,0,450
2016-11-24,83.26,76.88,66.91,84.93,6.38,0,450
2016-11-25,82.59,76.7,66.79,84.8,5.89,0,450
2016-11-26,80.2,76.48,66.64,84.69,3.72,0,450
2016-11-27,81.61,76.23,66.48,84.56,5.39,0,450
2016-11-28,88.82,75.85,65.63,84.32,12.97,1,450
2016-11-29,87.97,75.46,64.55,84.25,12.52,1,450
2016-11-30,77.24,75.14,63.72,84.17,2.1,0,450
2016-12-01,74.97,74.78,63.3,83.79,0.19,0,450
2016-12-02,83.02,74.59,63.04,83.81,8.43,0,450
2016-12-03,84.59,74.28,61.67,83.69,10.31,1,450
2016-12-04,63.85,73.96,61.38,83.5,-10.12,0,450
2016-12-05,65.19,73.71,61.38,83.2,-8.53,0,450
2016-12-06,81.23,73.66,61.38,83.08,7.57,0,450
2016-12-07,79.97,73.53,61.47,82.93,6.44,0,450
2016-12-08,63.25,73.45,61.01,82.84,-10.19,0,450
2016-12-09,48.08,73.31,60.73,82.93,-25.24,0,450
2016-12-10,60.81,72.99,60.73,82.88,-12.19,0,450
2016-12-11,81.41,72.66,60.4,82.82,8.75,0,450
2016-12-12,80.45,72.52,60.73,82.73,7.92,0,450
2016-12-13,84.67,72.54,60.89,82.68,12.12,1,450
2016-12-14,74.42,72.57,61.29,82.63,1.84,0,450
2016-12-15,71.34,72.61,61.29,82.16,-1.28,0,450
2016-12-16,82.8,72.56,60.89,82.16,10.24,1,450
2016-12-17,85.92,72.2,60.8,81.62,13.71,1,450
2016-12-18,48.42,71.95,60.08,81.69,-23.52,0,450
2016-12-19,48.33,71.79,59.59,81.53,-23.46,0,450
2016-12-20,62.68,71.7,59.59,81.62,-9.01,0,450
2016-12-21,73.73,71.36,58.73,81.21,2.36,0,450
2016-12-22,80.39,71.11,58.68,81.21,9.29,0,450
2016-12-23,83.78,70.9,58.67,81.23,12.88,1,450
2016-12-24,81.33,70.72,58.81,81.06,10.6,1,450
2016-12-25,84.8,70.62,58.11,81.09,14.18,1,450
2016-12-26,85.22,70.31,57.65,81.18,14.9,1,450
2016-12-27,84.65,69.99,57.48,81.18,14.66,1,450
2016-12-28,85.78,69.8,57.35,81.23,15.97,1,450
2016-12-29,80.7,69.75,57.09,81.18,10.94,0,450
2016-12-30,71.99,69.6,56.95,80.91,2.39,0,450
2016-12-31,76.7,69.42,56.55,80.68,7.28,0,450
2017-01-01,80.17,69.54,56.61,80.68,10.63,0,450
2017-01-02,86.0,69.85,57.09,80.7,16.14,1,450
2017-01-03,82.38,69.98,57.27,80.76,12.4,1,450
2017-01-04,65.99,69.98,57.43,80.73,-4.0,0,450
2017-01-05,80.76,70.08,57.66,80.81,10.68,0,450
2017-01-06,53.4,70.0,57.49,80.93,-16.6,0,450
2017-01-07,44.65,69.9,57.6,80.77,-25.25,0,450
2017-01-08,63.28,69.99,57.71,80.93,-6.71,0,450
2017-01-09,76.97,70.13,57.73,81.21,6.84,0,450
2017-01-10,81.86,70.47,57.92,81.36,11.39,1,450
2017-01-11,82.78,70.73,58.65,81.4,12.05,1,450
2017-01-12,82.34,70.65,58.02,81.44,11.69,1,450
2017-01-13,83.23,70.74,58.05,81.69,12.5,1,450
2017-01-14,79.32,70.9,58.1,81.76,8.41,0,450
2017-01-15,83.51,71.25,59.16,81.86,12.26,1,450
2017-01-16,82.4,71.37,59.3,81.87,11.03,1,450
2017-01-17,81.36,71.17,59.08,81.87,10.19,0,450
2017-01-18,70.02,71.2,59.3,81.86,-1.18,0,450
2017-01-19,70.2,71.3,59.38,81.91,-1.11,0,450
2017-01-20,80.69,71.41,59.51,81.76,9.27,0,450
2017-01-21,92.66,71.61,60.15,81.7,21.05,1,450
2017-01-22,81.57,71.79,59.86,81.76,9.78,0,450
2017-01-23,80.62,71.8,59.98,81.85,8.82,0,450
2017-01-24,84.93,71.91,60.34,81.76,13.02,1,450
2017-01-25,84.07,72.09,60.79,81.76,11.97,1,450
2017-01-26,70.45,72.06,60.79,81.72,-1.61,0,450
2017-01-27,71.06,72.14,60.82,81.75,-1.08,0,450
2017-01-28,55.26,71.99,60.69,81.72,-16.74,0,450
2017-01-29,72.73,71.89,60.8,81.72,0.84,0,450
2017-01-30,77.79,71.79,60.79,81.86,6.0,0,450
2017-01-31,79.97,71.88,60.82,81.96,8.09,0,450
2017-02-01,82.72,72.07,60.82,82.25,10.65,1,450
2017-02-02,84.23,72.29,60.8,82.72,11.94,1,450
2017-02-03,74.77,72.43,60.79,83.02,2.34,0,450
2017-02-04,75.16,72.44,60.68,83.25,2.72,0,450
2017-02-05,82.8,72.42,60.32,83.5,10.38,0,450
2017-02-06,83.16,72.53,60.82,83.52,10.64,0,450
2017-02-07,87.34,72.85,61.15,83.69,14.49,1,450
2017-02-08,88.28,73.17,61.15,84.05,15.12,1,450
2017-02-09,77.21,73.3,61.15,84.16,3.91,0,450
2017-02-10,84.81,73.64,61.59,84.29,11.17,1,450
2017-02-11,86.79,74.04,61.89,84.42,12.75,1,450
2017-02-12,85.26,74.38,62.51,84.57,10.88,1,450
2017-02-13,84.01,74.73,62.83,84.79,9.28,0,450
2017-02-14,78.26,75.16,62.97,85.01,3.1,0,450
2017-02-15,69.19,75.47,63.04,85.02,-6.28,0,450
2017-02-16,73.92,75.93,63.39,85.4,-2.01,0,450
2017-02-17,85.4,76.15,63.78,85.61,9.25,0,450
2017-02-18,86.43,76.29,64.5,85.7,10.14,1,450
2017-02-19,87.44,76.37,64.29,85.55,11.07,1,450
2017-02-20,75.22,76.55,64.76,86.0,-1.32,0,450
2017-02-21,90.54,76.83,65.0,86.06,13.72,1,458
2017-02-22,92.31,76.98,64.85,86.08,15.33,1,458
2017-02-23,93.31,76.97,65.06,86.08,16.33,1,458
2017-02-24,91.7,76.97,65.25,86.24,14.73,1,458
2017-02-25,76.6,76.97,65.38,86.24,-0.37,0,458
2017-02-26,83.02,77.0,65.38,86.16,6.02,0,458
2017-02-27,86.71,77.04,65.38,86.24,9.67,1,458
2017-02-28,87.96,77.1,65.44,86.34,10.86,1,458
2017-03-01,86.33,77.0,65.44,86.09,9.33,1,458
2017-03-02,71.23,76.96,64.86,86.16,-5.74,0,458
2017-03-03,71.99,76.75,64.27,86.29,-4.76,0,458
2017-03-04,77.46,76.65,64.17,86.09,0.81,0,458
2017-03-05,81.65,76.65,64.27,86.15,5.0,0,458
2017-03-06,82.41,76.9,65.33,86.34,5.51,0,458
2017-03-07,85.27,77.19,66.13,86.35,8.09,0,458
2017-03-08,82.6,77.25,66.35,86.48,5.35,0,450
2017-03-09,81.31,77.3,66.56,86.62,4.0,0,450
2017-03-10,79.32,77.46,66.66,86.72,1.86,0,450
2017-03-11,83.89,77.9,67.0,87.12,5.99,0,450
2017-03-12,70.82,78.21,67.51,87.39,-7.39,0,450
2017-03-13,66.58,78.36,68.49,87.4,-11.79,0,450
2017-03-14,76.05,78.51,68.57,87.4,-2.47,0,450
2017-03-15,79.06,78.71,69.23,87.41,0.35,0,450
2017-03-16,81.95,78.97,69.33,87.72,2.98,0,450
2017-03-17,82.82,79.24,69.57,87.72,3.58,0,450
2017-03-18,83.59,79.64,69.94,87.86,3.94,0,450
2017-03-19,85.72,79.93,70.3,88.22,5.79,0,450
2017-03-20,84.66,80.3,70.54,88.63,4.36,0,450
2017-03-21,84.86,80.6,71.16,88.7,4.25,0,450
2017-03-22,84.84,80.84,71.27,88.63,4.0,0,450
2017-03-23,84.31,81.1,71.49,88.74,3.21,0,450
2017-03-24,85.51,81.28,71.65,88.97,4.23,0,450
2017-03-25,90.81,81.33,71.57,89.02,9.49,1,450
2017-03-26,86.03,81.35,71.46,89.1,4.67,0,450
2017-03-27,87.05,81.57,72.09,89.14,5.48,0,450
2017-03-28,86.92,81.83,72.56,89.45,5.09,0,450
2017-03-29,88.07,81.98,72.56,89.64,6.09,0,450
2017-03-30,82.06,82.02,72.52,89.72,0.04,0,450
2017-03-31,88.54,82.13,72.33,89.72,6.41,0,450
2017-04-01,86.3,82.21,72.56,89.96,4.08,0,450
2017-04-02,92.11,82.31,72.59,90.21,9.8,1,450
2017-04-03,91.12,82.6,72.92,90.32,8.53,1,450
2017-04-04,89.17,82.74,73.01,90.28,6.43,0,450
2017-04-05,82.98,82.76,73.01,90.28,0.22,0,450
2017-04-06,79.41,82.87,73.41,90.58,-3.47,0,450
2017-04-07,80.69,82.95,73.46,90.76,-2.27,0,450
2017-04-08,84.15,83.0,73.72,90.79,1.15,0,450
2017-04-09,85.51,83.15,73.99,91.03,2.36,0,450
2017-04-10,86.61,83.23,74.44,91.06,3.38,0,450
2017-04-11,86.51,83.31,74.14,91.17,3.2,0,450
2017-04-12,82.23,83.51,74.88,91.34,-1.28,0,450
2017-04-13,85.32,83.74,75.62,91.43,1.58,0,450
2017-04-14,85.53,83.94,75.68,91.56,1.6,0,450
2017-04-15,86.72,84.17,75.77,91.8,2.55,0,450
2017-04-16,85.99,84.34,76.12,91.78,1.65,0,450
2017-04-17,87.87,84.52,76.51,91.91,3.35,0,450
2017-04-18,85.36,84.65,76.51,91.91,0.72,0,450
2017-04-19,88.31,84.79,76.62,92.14,3.52,0,450
2017-04-20,88.58,85.03,77.09,92.33,3.56,0,450
2017-04-21,89.08,85.18,77.31,92.44,3.89,0,450
2017-04-22,89.71,85.38,77.4,92.66,4.33,0,450
2017-04-23,77.8,85.68,77.92,92.66,-7.88,0,450
2017-04-24,83.52,86.02,78.22,92.84,-2.49,0,450
2017-04-25,90.79,86.29,79.06,92.65,4.5,0,450
2017-04-26,101.96,86.47,79.46,92.9,15.49,1,450
2017-04-27,87.93,86.62,79.49,93.2,1.31,0,450
2017-04-28,95.58,86.85,79.69,93.36,8.73,1,450
2017-04-29,93.93,87.08,79.83,93.75,6.85,1,450
2017-04-30,86.29,87.22,80.0,93.75,-0.93,0,450
2017-05-01,89.67,87.48,80.1,94.38,2.19,0,450
2017-05-02,86.08,87.71,80.29,94.38,-1.63,0,450
2017-05-03,90.93,87.83,80.86,94.48,3.09,0,450
2017-05-04,87.48,87.94,81.14,94.38,-0.46,0,450
2017-05-05,86.92,88.07,81.34,94.48,-1.15,0,450
2017-05-06,89.19,88.21,81.86,94.15,0.99,0,450
2017-05-07,86.04,88.35,81.98,94.15,-2.31,0,450
2017-05-08,83.24,88.44,82.09,94.14,-5.2,0,450
2017-05-09,87.27,88.47,82.13,94.14,-1.21,0,450
2017-05-10,89.46,88.55,82.3,94.48,0.9,0,450
2017-05-11,90.6,88.64,82.69,94.38,1.96,0,450
2017-05-12,95.8,88.7,82.79,94.38,7.1,1,450
2017-05-13,90.8,88.71,82.84,94.28,2.1,0,450
2017-05-14,91.15,88.73,82.9,94.33,2.42,0,450
2017-05-15,89.72,88.75,83.03,94.37,0.97,0,450
2017-05-16,89.71,88.8,83.29,93.85,0.9,0,450
2017-05-17,91.35,88.87,83.47,93.78,2.48,0,450
2017-05-18,90.31,88.98,83.6,93.85,1.33,0,450
2017-05-19,93.24,89.11,83.84,94.21,4.13,0,450
2017-05-20,91.05,89.27,84.1,94.33,1.78,0,450
2017-05-21,92.34,89.45,84.28,94.55,2.88,0,450
2017-05-22,94.59,89.57,84.28,94.65,5.02,0,450
2017-05-23,90.04,89.78,84.54,94.79,0.26,0,450
2017-05-24,87.22,90.04,84.98,95.15,-2.82,0,450
2017-05-25,90.78,90.21,85.15,95.15,0.57,0,450
2017-05-26,94.69,90.47,85.48,95.4,4.22,0,450
2017-05-27,95.85,90.73,85.89,95.6,5.12,1,450
2017-05-28,94.8,91.03,86.49,95.77,3.77,0,450
2017-05-29,86.68,91.34,86.72,95.91,-4.65,0,450
2017-05-30,91.03,91.6,87.13,96.22,-0.57,0,450
2017-05-31,88.23,91.79,87.34,96.53,-3.56,0,450
2017-06-01,91.45,91.95,87.62,96.59,-0.5,0,450
2017-06-02,91.78,92.09,87.69,96.59,-0.31,0,450
2017-06-03,92.88,92.23,87.82,96.64,0.65,0,450
2017-06-04,93.95,92.35,87.92,96.66,1.6,0,450
2017-06-05,96.61,92.47,87.99,96.71,4.14,0,450
2017-06-06,94.47,92.66,88.26,96.72,1.81,0,450
2017-06-07,94.39,92.82,88.46,96.73,1.57,0,450
2017-06-08,93.79,92.92,88.72,96.84,0.87,0,450
2017-06-09,93.1,93.07,88.93,96.9,0.03,0,450
2017-06-10,92.25,93.12,88.94,96.95,-0.87,0,450
2017-06-11,92.1,93.15,88.89,97.02,-1.04,0,450
2017-06-12,93.1,93.11,88.72,96.98,-0.01,0,450
2017-06-13,93.71,93.02,88.55,96.9,0.69,0,450
2017-06-14,92.87,92.95,88.44,96.85,-0.08,0,450
2017-06-15,93.12,92.94,88.59,96.56,0.18,0,450
2017-06-16,95.51,92.92,88.64,96.38,2.59,0,450
2017-06-17,96.05,92.89,88.7,96.34,3.16,0,450
2017-06-18,94.57,92.84,88.44,96.31,1.73,0,450
2017-06-19,93.66,92.86,88.58,96.29,0.8,0,450
2017-06-20,95.39,92.86,88.7,96.27,2.52,0,450
2017-06-21,99.08,92.81,88.7,96.25,6.27,1,450
2017-06-22,101.76,92.76,88.48,96.29,9.0,1,450
2017-06-23,96.06,92.71,88.34,96.33,3.35,0,450
2017-06-24,94.51,92.65,88.26,96.33,1.86,0,450
2017-06-25,89.45,92.61,88.38,96.27,-3.17,0,450
2017-06-26,90.07,92.58,88.38,96.16,-2.51,0,450
2017-06-27,88.8,92.57,88.6,96.1,-3.77,0,450
2017-06-28,90.17,92.62,88.62,96.14,-2.44,0,450
2017-06-29,93.68,92.66,88.71,96.2,1.02,0,450
2017-06-30,93.83,92.63,88.65,96.25,1.21,0,450
2017-07-01,93.27,92.65,88.7,96.29,0.62,0,450
2017-07-02,93.74,92.7,88.77,96.35,1.03,0,450
2017-07-03,94.7,92.76,88.83,96.35,1.94,0,450
2017-07-04,94.53,92.81,89.02,96.39,1.71,0,450
2017-07-05,94.55,92.88,89.16,96.5,1.67,0,450
2017-07-06,93.68,93.03,89.51,96.62,0.65,0,450
2017-07-07,88.78,93.14,89.64,96.52,-4.36,0,450
2017-07-08,89.91,93.26,89.8,96.49,-3.35,0,450
2017-07-09,89.99,93.34,89.9,96.48,-3.35,0,450
2017-07-10,92.76,93.41,89.93,96.52,-0.65,0,450
2017-07-11,92.73,93.5,90.05,96.54,-0.77,0,450
2017-07-12,87.53,93.6,90.22,96.63,-6.07,0,450
2017-07-13,92.47,93.69,90.16,96.65,-1.21,0,450
2017-07-14,93.17,93.81,90.45,96.7,-0.64,0,450
2017-07-15,93.77,93.96,90.92,96.76,-0.19,0,450
2017-07-16,91.69,94.1,91.08,96.89,-2.42,0,450
2017-07-17,92.54,94.21,91.09,96.89,-1.67,0,450
2017-07-18,93.63,94.29,91.1,96.96,-0.66,0,450
2017-07-19,94.6,94.3,91.1,96.98,0.31,0,450
2017-07-20,95.58,94.34,91.15,96.98,1.24,0,450
2017-07-21,94.84,94.33,91.1,96.96,0.51,0,450
2017-07-22,94.54,94.36,91.09,97.01,0.19,0,450
2017-07-23,94.68,94.42,91.09,97.11,0.26,0,450
2017-07-24,93.94,94.53,91.08,97.23,-0.59,0,450
2017-07-25,94.77,94.63,91.17,97.32,0.14,0,450
2017-07-26,92.54,94.71,91.38,97.38,-2.17,0,450
2017-07-27,93.68,94.75,91.42,97.38,-1.08,0,450
2017-07-28,95.93,94.81,91.68,97.38,1.12,0,450
2017-07-29,96.18,94.83,91.84,97.35,1.35,0,450
2017-07-30,98.27,94.88,92.07,97.43,3.39,1,450
2017-07-31,95.8,94.91,92.14,97.54,0.88,0,450
2017-08-01,94.89,94.95,92.27,97.7,-0.06,0,450
2017-08-02,97.13,94.99,92.35,97.71,2.15,0,450
2017-08-03,97.76,95.05,92.51,97.76,2.71,0,450
2017-08-04,95.35,95.06,92.56,97.83,0.29,0,450
2017-08-05,96.32,95.11,92.6,97.87,1.21,0,450
2017-08-06,97.15,95.15,92.56,97.91,2.0,0,450
2017-08-07,96.54,95.09,92.22,97.87,1.44,0,450
2017-08-08,96.43,95.06,92.14,97.94,1.37,0,450
2017-08-09,96.46,95.05,92.02,97.99,1.41,0,450
2017-08-10,92.74,95.04,92.02,97.99,-2.3,0,450
2017-08-11,95.28,95.05,92.02,98.02,0.24,0,450
2017-08-12,97.01,95.03,91.88,98.02,1.97,0,450
2017-08-13,96.51,95.01,91.86,98.03,1.5,0,450
2017-08-14,94.76,94.95,91.69,98.02,-0.18,0,450
2017-08-15,95.16,94.85,91.25,97.91,0.32,0,450
2017-08-16,95.36,94.75,90.99,97.9,0.6,0,450
2017-08-17,95.67,94.69,90.98,97.85,0.98,0,450
2017-08-18,96.55,94.57,90.76,97.78,1.98,0,450
2017-08-19,95.78,94.51,90.73,97.71,1.27,0,450
2017-08-20,95.42,94.43,90.5,97.71,1.0,0,450
2017-08-21,93.52,94.35,90.4,97.62,-0.83,0,450
2017-08-22,93.49,94.34,90.33,97.62,-0.86,0,450
2017-08-23,94.39,94.29,90.24,97.58,0.1,0,450
2017-08-24,92.16,94.18,90.14,97.58,-2.02,0,450
2017-08-25,87.66,94.03,90.04,97.59,-6.37,0,450
2017-08-26,98.89,93.92,89.9,97.58,4.97,1,450
2017-08-27,97.28,93.79,89.63,97.58,3.49,0,450
2017-08-28,91.29,93.63,89.18,97.6,-2.34,0,450
2017-08-29,95.98,93.43,88.88,97.58,2.55,0,450
2017-08-30,96.04,93.22,88.65,97.56,2.82,0,450
2017-08-31,97.42,93.01,88.44,97.51,4.4,0,450
2017-09-01,94.44,92.84,88.4,97.38,1.6,0,450
2017-09-02,94.37,92.72,88.41,97.28,1.64,0,450
2017-09-03,92.62,92.47,88.07,97.02,0.15,0,450
2017-09-04,87.98,92.2,87.61,96.6,-4.22,0,450
2017-09-05,90.45,91.95,87.44,96.33,-1.5,0,450
2017-09-06,90.8,91.7,87.38,96.16,-0.91,0,450
2017-09-07,87.3,91.44,87.21,95.72,-4.14,0,450
2017-09-08,82.16,91.21,86.67,95.5,-9.05,0,450
2017-09-09,87.39,91.04,86.41,95.26,-3.65,0,450
2017-09-10,87.45,90.88,85.95,95.11,-3.43,0,450
2017-09-11,88.6,90.77,85.91,94.82,-2.17,0,450
2017-09-12,89.69,90.68,85.5,94.81,-0.99,0,450
2017-09-13,94.09,90.62,85.52,94.7,3.48,0,450
2017-09-14,92.83,90.58,85.32,94.7,2.25,0,450
2017-09-15,92.94,90.53,85.28,94.68,2.41,0,450
2017-09-16,92.55,90.41,85.23,94.64,2.14,0,450
2017-09-17,92.55,90.31,85.03,94.69,2.24,0,450
2017-09-18,93.98,90.25,84.92,94.69,3.73,0,450
2017-09-19,93.72,90.22,84.85,94.68,3.51,0,450
2017-09-20,94.22,90.14,84.7,94.68,4.07,0,450
2017-09-21,94.12,90.03,84.68,94.62,4.09,0,450
2017-09-22,93.35,89.88,84.39,94.52,3.47,0,450
2017-09-23,92.29,89.74,84.22,94.38,2.55,0,450
2017-09-24,93.0,89.63,84.22,94.1,3.37,0,450
2017-09-25,93.09,89.48,84.02,94.01,3.61,0,450
2017-09-26,91.84,89.32,84.1,93.9,2.52,0,450
2017-09-27,90.81,89.16,84.21,93.68,1.65,0,450
2017-09-28,89.02,89.03,84.21,93.62,-0.01,0,450
2017-09-29,89.88,88.83,84.21,93.29,1.05,0,450
2017-09-30,89.4,88.59,83.89,92.99,0.8,0,450
2017-10-01,86.89,88.32,83.54,92.69,-1.43,0,450
2017-10-02,89.15,88.03,83.54,92.38,1.12,0,450
2017-10-03,87.55,87.82,83.45,92.3,-0.27,0,450
2017-10-04,88.92,87.62,82.82,92.18,1.3,0,450
2017-10-05,88.06,87.48,82.7,92.06,0.58,0,450
2017-10-06,86.8,87.33,82.53,92.02,-0.53,0,450
2017-10-07,89.63,87.2,82.43,91.91,2.43,0,450
2017-10-08,92.01,87.13,82.35,91.91,4.88,1,450
2017-10-09,91.5,86.93,81.74,91.98,4.57,0,450
2017-10-10,84.89,86.72,80.28,91.98,-1.83,0,450
2017-10-11,69.4,86.51,79.9,91.98,-17.11,0,450
2017-10-12,87.67,86.29,79.82,91.97,1.38,0,450
2017-10-13,87.54,86.03,79.25,91.82,1.51,0,450
2017-10-14,90.15,85.88,79.08,91.52,4.26,0,450
2017-10-15,90.09,85.73,78.62,91.46,4.36,0,450
2017-10-16,77.81,85.62,78.02,91.45,-7.81,0,450
2017-10-17,82.89,85.5,78.02,91.3,-2.61,0,450
2017-10-18,83.98,85.35,78.02,91.24,-1.37,0,450
2017-10-19,86.21,85.16,77.84,91.16,1.05,0,450
2017-10-20,89.93,84.79,77.13,90.93,5.14,0,450
2017-10-21,90.73,84.44,76.54,90.72,6.29,1,450
2017-10-22,91.39,84.27,76.49,90.62,7.12,1,450
2017-10-23,85.68,84.07,76.49,90.25,1.61,0,450
2017-10-24,82.8,83.89,76.4,90.01,-1.09,0,450
2017-10-25,81.63,83.73,75.99,89.93,-2.1,0,450
2017-10-26,84.68,83.4,75.58,89.73,1.28,0,450
2017-10-27,84.86,83.03,74.8,89.43,1.84,0,450
2017-10-28,67.76,82.72,74.79,89.25,-14.96,0,450
2017-10-29,74.49,82.46,74.68,88.99,-7.97,0,450
2017-10-30,84.21,82.25,74.33,88.75,1.96,0,450
2017-10-31,81.59,82.06,73.9,88.75,-0.47,0,450
2017-11-01,88.25,81.71,73.11,88.48,6.54,0,450
2017-11-02,89.87,81.37,72.87,88.4,8.5,1,450
2017-11-03,88.47,81.06,71.95,88.27,7.4,1,450
2017-11-04,89.36,80.92,72.1,88.17,8.44,1,450
2017-11-05,91.14,80.58,71.72,87.92,10.57,1,450
2017-11-06,90.6,80.02,70.79,87.58,10.58,1,450
2017-11-07,89.51,79.59,70.33,87.47,9.91,1,450
2017-11-08,84.12,79.34,69.93,87.16,4.78,0,450
2017-11-09,61.47,79.0,69.54,86.55,-17.53,0,450
2017-11-10,73.67,78.82,68.8,86.52,-5.15,0,450
2017-11-11,80.03,78.77,68.8,86.25,1.26,0,450
2017-11-12,82.17,78.61,68.68,86.23,3.56,0,450
2017-11-13,80.57,78.41,68.8,85.98,2.16,0,450
2017-11-14,83.69,78.23,68.58,85.66,5.47,0,450
2017-11-15,86.55,78.04,68.69,85.52,8.51,1,450
2017-11-16,86.17,78.01,68.69,85.52,8.16,1,450
2017-11-17,87.58,77.85,68.53,85.51,9.72,1,450
2017-11-18,88.36,77.64,67.74,85.39,10.72,1,450
2017-11-19,69.83,77.43,67.61,85.27,-7.6,0,450
2017-11-20,71.71,77.45,67.61,85.43,-5.74,0,450
2017-11-21,83.48,77.49,67.62,85.22,6.0,0,450
2017-11-22,71.72,77.42,67.48,85.21,-5.7,0,450
2017-11-23,74.37,77.16,67.44,85.06,-2.79,0,450
2017-11-24,79.44,76.88,66.91,84.93,2.56,0,450
2017-11-25,84.24,76.7,66.79,84.8,7.55,0,450
2017-11-26,82.62,76.48,66.64,84.69,6.14,0,450
2017-11-27,81.19,76.23,66.48,84.56,4.97,0,450
2017-11-28,83.43,75.85,65.63,84.32,7.59,0,450
2017-11-29,83.37,75.46,64.55,84.25,7.91,0,450
2017-11-30,82.59,75.14,63.72,84.17,7.45,0,450
2017-12-01,82.16,74.78,63.3,83.79,7.39,0,450
2017-12-02,84.14,74.59,63.04,83.81,9.55,1,450
2017-12-03,83.72,74.28,61.67,83.69,9.44,1,450
2017-12-04,86.42,73.96,61.38,83.5,12.46,1,450
2017-12-05,85.76,73.71,61.38,83.2,12.05,1,450
2017-12-06,52.91,73.66,61.38,83.08,-20.75,0,450
2017-12-07,46.7,73.53,61.47,82.93,-26.83,0,450
2017-12-08,44.6,73.45,61.01,82.84,-28.85,0,450
2017-12-09,69.16,73.31,60.73,82.93,-4.15,0,450
2017-12-10,71.97,72.99,60.73,82.88,-1.02,0,450
2017-12-11,72.45,72.66,60.4,82.82,-0.21,0,450
2017-12-12,74.13,72.52,60.73,82.73,1.61,0,450
2017-12-13,69.76,72.54,60.89,82.68,-2.78,0,450
2017-12-14,74.72,72.57,61.29,82.63,2.14,0,450
2017-12-15,55.83,72.61,61.29,82.16,-16.78,0,450
2017-12-16,53.73,72.56,60.89,82.16,-18.84,0,450
2017-12-17,64.56,72.2,60.8,81.62,-7.64,0,450
2017-12-18,76.49,71.95,60.08,81.69,4.54,0,450
2017-12-19,84.93,71.79,59.59,81.53,13.14,1,450
2017-12-20,79.49,71.7,59.59,81.62,7.79,0,450
2017-12-21,85.07,71.36,58.73,81.21,13.71,1,450
2017-12-22,87.21,71.11,58.68,81.21,16.1,1,450
2017-12-23,66.36,70.9,58.67,81.23,-4.53,0,450
2017-12-24,77.94,70.72,58.81,81.06,7.21,0,450
2017-12-25,61.73,70.62,58.11,81.09,-8.89,0,450
2017-12-26,76.53,70.31,57.65,81.18,6.22,0,450
2017-12-27,62.21,69.99,57.48,81.18,-7.77,0,450
2017-12-28,51.52,69.8,57.35,81.23,-18.28,0,450
2017-12-29,57.29,69.75,57.09,81.18,-12.46,0,450
2017-12-30,65.88,69.6,56.95,80.91,-3.72,0,450
2017-12-31,70.13,69.42,56.55,80.68,0.71,0,450
2018-01-01,38.93,69.54,56.61,80.68,-30.61,0,450
2018-01-02,38.65,69.85,57.09,80.7,-31.2,0,450
2018-01-03,53.21,69.98,57.27,80.76,-16.77,0,450
2018-01-04,65.24,69.98,57.43,80.73,-4.74,0,450
2018-01-05,70.6,70.08,57.66,80.81,0.51,0,450
2018-01-06,74.63,70.0,57.49,80.93,4.63,0,450
2018-01-07,77.26,69.9,57.6,80.77,7.36,0,450
2018-01-08,76.87,69.99,57.71,80.93,6.88,0,450
2018-01-09,76.58,70.13,57.73,81.21,6.45,0,450
2018-01-10,80.04,70.47,57.92,81.36,9.57,0,450
2018-01-11,84.2,70.73,58.65,81.4,13.48,1,450
2018-01-12,68.87,70.65,58.02,81.44,-1.79,0,450
2018-01-13,64.86,70.74,58.05,81.69,-5.87,0,450
2018-01-14,72.53,70.9,58.1,81.76,1.62,0,450
2018-01-15,74.17,71.25,59.16,81.86,2.92,0,450
2018-01-16,54.17,71.37,59.3,81.87,-17.2,0,450
2018-01-17,40.09,71.17,59.08,81.87,-31.08,0,450
2018-01-18,44.06,71.2,59.3,81.86,-27.14,0,450
2018-01-19,54.7,71.3,59.38,81.91,-16.61,0,450
2018-01-20,78.13,71.41,59.51,81.76,6.72,0,450
2018-01-21,79.9,71.61,60.15,81.7,8.28,0,450
2018-01-22,74.56,71.79,59.86,81.76,2.77,0,450
2018-01-23,69.95,71.8,59.98,81.85,-1.85,0,450
2018-01-24,60.46,71.91,60.34,81.76,-11.45,0,450
2018-01-25,67.43,72.09,60.79,81.76,-4.66,0,450
2018-01-26,78.35,72.06,60.79,81.72,6.29,0,450
2018-01-27,81.13,72.14,60.82,81.75,8.99,0,450
2018-01-28,74.17,71.99,60.69,81.72,2.17,0,450
2018-01-29,71.52,71.89,60.8,81.72,-0.37,0,450
2018-01-30,72.0,71.79,60.79,81.86,0.21,0,450
2018-01-31,75.8,71.88,60.82,81.96,3.93,0,450
2018-02-01,83.78,72.07,60.82,82.25,11.71,1,450
2018-02-02,65.06,72.29,60.8,82.72,-7.23,0,450
2018-02-03,73.44,72.43,60.79,83.02,1.02,0,450
2018-02-04,88.2,72.44,60.68,83.25,15.76,1,450
2018-02-05,77.5,72.42,60.32,83.5,5.08,0,450
2018-02-06,84.02,72.53,60.82,83.52,11.49,1,450
2018-02-07,75.72,72.85,61.15,83.69,2.87,0,450
2018-02-08,57.49,73.17,61.15,84.05,-15.68,0,450
2018-02-09,65.71,73.3,61.15,84.16,-7.59,0,450
2018-02-10,82.82,73.64,61.59,84.29,9.19,0,450
2018-02-11,75.3,74.04,61.89,84.42,1.26,0,450
2018-02-12,54.47,74.38,62.51,84.57,-19.91,0,450
2018-02-13,58.53,74.73,62.83,84.79,-16.2,0,450
2018-02-14,78.75,75.16,62.97,85.01,3.58,0,450
2018-02-15,84.92,75.47,63.04,85.02,9.46,0,450
2018-02-16,85.54,75.93,63.39,85.4,9.61,1,450
2018-02-17,85.6,76.15,63.78,85.61,9.45,0,450
2018-02-18,84.86,76.29,64.5,85.7,8.57,0,450
2018-02-19,85.01,76.37,64.29,85.55,8.64,0,450
2018-02-20,83.82,76.55,64.76,86.0,7.27,0,450
2018-02-21,85.48,76.83,65.0,86.06,8.65,0,458
2018-02-22,63.26,76.98,64.85,86.08,-13.71,0,458
2018-02-23,85.85,76.97,65.06,86.08,8.87,0,458
2018-02-24,87.81,76.97,65.25,86.24,10.84,1,458
2018-02-25,83.44,76.97,65.38,86.24,6.48,0,458
2018-02-26,78.41,77.0,65.38,86.16,1.41,0,458
2018-02-27,85.81,77.04,65.38,86.24,8.77,0,458
2018-02-28,87.07,77.1,65.44,86.34,9.98,1,458
2018-03-01,83.56,77.0,65.44,86.09,6.56,0,458
2018-03-02,79.08,76.96,64.86,86.16,2.12,0,458
2018-03-03,82.38,76.75,64.27,86.29,5.63,0,458
2018-03-04,85.36,76.65,64.17,86.09,8.7,0,458
2018-03-05,86.51,76.65,64.27,86.15,9.87,1,458
2018-03-06,76.0,76.9,65.33,86.34,-0.91,0,458
2018-03-07,74.18,77.19,66.13,86.35,-3.0,0,458
2018-03-08,72.59,77.25,66.35,86.48,-4.66,0,450
2018-03-09,73.95,77.3,66.56,86.62,-3.35,0,450
2018-03-10,88.47,77.46,66.66,86.72,11.01,1,450
2018-03-11,92.95,77.9,67.0,87.12,15.05,1,450
2018-03-12,68.52,78.21,67.51,87.39,-9.69,0,450
2018-03-13,72.07,78.36,68.49,87.4,-6.29,0,450
2018-03-14,74.76,78.51,68.57,87.4,-3.76,0,450
2018-03-15,78.85,78.71,69.23,87.41,0.14,0,450
2018-03-16,88.17,78.97,69.33,87.72,9.2,1,450
2018-03-17,88.16,79.24,69.57,87.72,8.92,1,450
2018-03-18,89.61,79.64,69.94,87.86,9.96,1,450
2018-03-19,87.29,79.93,70.3,88.22,7.35,0,450
2018-03-20,78.81,80.3,70.54,88.63,-1.49,0,450
2018-03-21,80.95,80.6,71.16,88.7,0.35,0,450
2018-03-22,82.37,80.84,71.27,88.63,1.53,0,450
2018-03-23,84.98,81.1,71.49,88.74,3.88,0,450
2018-03-24,88.07,81.28,71.65,88.97,6.79,0,450
2018-03-25,88.09,81.33,71.57,89.02,6.76,0,450
2018-03-26,87.9,81.35,71.46,89.1,6.55,0,450
2018-03-27,89.09,81.57,72.09,89.14,7.52,0,450
2018-03-28,86.35,81.83,72.56,89.45,4.52,0,450
2018-03-29,86.72,81.98,72.56,89.64,4.74,0,450
2018-03-30,80.37,82.02,72.52,89.72,-1.66,0,450
2018-03-31,85.84,82.13,72.33,89.72,3.71,0,450
2018-04-01,88.35,82.21,72.56,89.96,6.14,0,450
2018-04-02,88.07,82.31,72.59,90.21,5.76,0,450
2018-04-03,87.07,82.6,72.92,90.32,4.47,0,450
2018-04-04,71.01,82.74,73.01,90.28,-11.74,0,450
2018-04-05,82.34,82.76,73.01,90.28,-0.41,0,450
2018-04-06,87.3,82.87,73.41,90.58,4.43,0,450
2018-04-07,78.72,82.95,73.46,90.76,-4.23,0,450
2018-04-08,75.08,83.0,73.72,90.79,-7.92,0,450
2018-04-09,79.26,83.15,73.99,91.03,-3.89,0,450
2018-04-10,75.77,83.23,74.44,91.06,-7.47,0,450
2018-04-11,82.97,83.31,74.14,91.17,-0.34,0,450
2018-04-12,86.42,83.51,74.88,91.34,2.91,0,450
2018-04-13,93.76,83.74,75.62,91.43,10.02,1,450
2018-04-14,79.85,83.94,75.68,91.56,-4.09,0,450
2018-04-15,81.9,84.17,75.77,91.8,-2.27,0,450
2018-04-16,84.29,84.34,76.12,91.78,-0.05,0,450
2018-04-17,86.31,84.52,76.51,91.91,1.79,0,450
2018-04-18,86.39,84.65,76.51,91.91,1.75,0,450
2018-04-19,82.15,84.79,76.62,92.14,-2.64,0,450
2018-04-20,80.47,85.03,77.09,92.33,-4.56,0,450
2018-04-21,84.97,85.18,77.31,92.44,-0.22,0,450
2018-04-22,85.74,85.38,77.4,92.66,0.36,0,450
2018-04-23,84.56,85.68,77.92,92.66,-1.12,0,450
2018-04-24,88.13,86.02,78.22,92.84,2.11,0,450
2018-04-25,88.26,86.29,79.06,92.65,1.97,0,450
2018-04-26,77.92,86.47,79.46,92.9,-8.55,0,450
2018-04-27,83.94,86.62,79.49,93.2,-2.68,0,450
2018-04-28,81.06,86.85,79.69,93.36,-5.8,0,450
2018-04-29,80.08,87.08,79.83,93.75,-7.0,0,450
2018-04-30,85.74,87.22,80.0,93.75,-1.48,0,450
2018-05-01,87.46,87.48,80.1,94.38,-0.02,0,450
2018-05-02,91.17,87.71,80.29,94.38,3.46,0,450
2018-05-03,91.84,87.83,80.86,94.48,4.01,0,450
2018-05-04,90.12,87.94,81.14,94.38,2.18,0,450
2018-05-05,86.73,88.07,81.34,94.48,-1.33,0,450
2018-05-06,89.7,88.21,81.86,94.15,1.49,0,450
2018-05-07,87.86,88.35,81.98,94.15,-0.49,0,450
2018-05-08,89.6,88.44,82.09,94.14,1.16,0,450
2018-05-09,89.19,88.47,82.13,94.14,0.72,0,450
2018-05-10,89.95,88.55,82.3,94.48,1.4,0,450
2018-05-11,92.45,88.64,82.69,94.38,3.81,0,450
2018-05-12,91.84,88.7,82.79,94.38,3.15,0,450
2018-05-13,92.46,88.71,82.84,94.28,3.76,0,450
2018-05-14,91.58,88.73,82.9,94.33,2.85,0,450
2018-05-15,92.71,88.75,83.03,94.37,3.96,0,450
2018-05-16,92.69,88.8,83.29,93.85,3.89,0,450
2018-05-17,95.47,88.87,83.47,93.78,6.6,1,450
2018-05-18,93.7,88.98,83.6,93.85,4.73,0,450
2018-05-19,92.61,89.11,83.84,94.21,3.5,0,450
2018-05-20,91.2,89.27,84.1,94.33,1.94,0,450
2018-05-21,91.08,89.45,84.28,94.55,1.63,0,450
2018-05-22,91.36,89.57,84.28,94.65,1.79,0,450
2018-05-23,92.05,89.78,84.54,94.79,2.28,0,450
2018-05-24,93.03,90.04,84.98,95.15,2.99,0,450
2018-05-25,95.08,90.21,85.15,95.15,4.86,0,450
2018-05-26,96.29,90.47,85.48,95.4,5.83,1,450
2018-05-27,97.13,90.73,85.89,95.6,6.4,1,450
2018-05-28,96.84,91.03,86.49,95.77,5.82,1,450
2018-05-29,95.95,91.34,86.72,95.91,4.61,1,450
2018-05-30,94.21,91.6,87.13,96.22,2.61,0,450
2018-05-31,95.59,91.79,87.34,96.53,3.8,0,450
2018-06-01,96.47,91.95,87.62,96.59,4.52,0,450
2018-06-02,97.05,92.09,87.69,96.59,4.97,1,450
2018-06-03,97.84,92.23,87.82,96.64,5.6,1,450
2018-06-04,96.44,92.35,87.92,96.66,4.09,0,450
2018-06-05,98.99,92.47,87.99,96.71,6.52,1,450
2018-06-06,98.5,92.66,88.26,96.72,5.84,1,450
2018-06-07,94.65,92.82,88.46,96.73,1.83,0,450
2018-06-08,94.29,92.92,88.72,96.84,1.37,0,450
2018-06-09,96.52,93.07,88.93,96.9,3.46,0,450
2018-06-10,94.98,93.12,88.94,96.95,1.86,0,450
2018-06-11,96.23,93.15,88.89,97.02,3.08,0,450
2018-06-12,95.79,93.11,88.72,96.98,2.68,0,450
2018-06-13,95.13,93.02,88.55,96.9,2.11,0,450
2018-06-14,93.24,92.95,88.44,96.85,0.28,0,450
2018-06-15,94.47,92.94,88.59,96.56,1.53,0,450
2018-06-16,93.31,92.92,88.64,96.38,0.39,0,450
2018-06-17,92.28,92.89,88.7,96.34,-0.6,0,450
2018-06-18,87.96,92.84,88.44,96.31,-4.88,0,450
2018-06-19,91.44,92.86,88.58,96.29,-1.42,0,450
2018-06-20,88.64,92.86,88.7,96.27,-4.22,0,450
2018-06-21,87.13,92.81,88.7,96.25,-5.69,0,450
2018-06-22,91.93,92.76,88.48,96.29,-0.83,0,450
2018-06-23,93.98,92.71,88.34,96.33,1.27,0,450
2018-06-24,91.59,92.65,88.26,96.33,-1.06,0,450
2018-06-25,92.96,92.61,88.38,96.27,0.35,0,450
2018-06-26,92.56,92.58,88.38,96.16,-0.02,0,450
2018-06-27,93.82,92.57,88.6,96.1,1.25,0,450
2018-06-28,92.64,92.62,88.62,96.14,0.03,0,450
2018-06-29,93.91,92.66,88.71,96.2,1.25,0,450
2018-06-30,95.05,92.63,88.65,96.25,2.42,0,450
2018-07-01,95.27,92.65,88.7,96.29,2.62,0,450
2018-07-02,95.29,92.7,88.77,96.35,2.59,0,450
2018-07-03,95.5,92.76,88.83,96.35,2.74,0,450
2018-07-04,94.79,92.81,89.02,96.39,1.97,0,450
2018-07-05,92.76,92.88,89.16,96.5,-0.12,0,450
2018-07-06,90.39,93.03,89.51,96.62,-2.64,0,450
2018-07-07,89.17,93.14,89.64,96.52,-3.97,0,450
2018-07-08,91.51,93.26,89.8,96.49,-1.75,0,450
2018-07-09,92.53,93.34,89.9,96.48,-0.81,0,450
2018-07-10,92.76,93.41,89.93,96.52,-0.65,0,450
2018-07-11,93.89,93.5,90.05,96.54,0.39,0,450
2018-07-12,94.66,93.6,90.22,96.63,1.06,0,450
2018-07-13,95.01,93.69,90.16,96.65,1.33,0,450
2018-07-14,95.21,93.81,90.45,96.7,1.4,0,450
2018-07-15,95.84,93.96,90.92,96.76,1.88,0,450
2018-07-16,96.17,94.1,91.08,96.89,2.07,0,450
2018-07-17,96.34,94.21,91.09,96.89,2.13,0,450
2018-07-18,98.29,94.29,91.1,96.96,4.01,1,450
2018-07-19,97.47,94.3,91.1,96.98,3.17,1,450
2018-07-20,97.28,94.34,91.15,96.98,2.94,1,450
2018-07-21,97.22,94.33,91.1,96.96,2.89,1,450
2018-07-22,98.67,94.36,91.09,97.01,4.32,1,450
2018-07-23,101.39,94.42,91.09,97.11,6.97,1,450
2018-07-24,101.83,94.53,91.08,97.23,7.3,1,450
2018-07-25,95.51,94.63,91.17,97.32,0.88,0,450
2018-07-26,94.26,94.71,91.38,97.38,-0.45,0,450
2018-07-27,96.74,94.75,91.42,97.38,1.98,0,450
2018-07-28,97.0,94.81,91.68,97.38,2.19,0,450
2018-07-29,98.44,94.83,91.84,97.35,3.61,1,450
2018-07-30,98.29,94.88,92.07,97.43,3.41,1,450
2018-07-31,98.2,94.91,92.14,97.54,3.28,1,450
2018-08-01,95.71,94.95,92.27,97.7,0.76,0,450
2018-08-02,95.2,94.99,92.35,97.71,0.21,0,450
2018-08-03,94.48,95.05,92.51,97.76,-0.57,0,450
2018-08-04,95.68,95.06,92.56,97.83,0.63,0,450
2018-08-05,91.15,95.11,92.6,97.87,-3.97,0,450
2018-08-06,94.03,95.15,92.56,97.91,-1.12,0,450
2018-08-07,95.6,95.09,92.22,97.87,0.5,0,450
2018-08-08,94.5,95.06,92.14,97.94,-0.56,0,450
2018-08-09,96.59,95.05,92.02,97.99,1.54,0,450
2018-08-10,96.35,95.04,92.02,97.99,1.31,0,450
2018-08-11,93.13,95.05,92.02,98.02,-1.92,0,450
2018-08-12,94.92,95.03,91.88,98.02,-0.11,0,450
2018-08-13,95.46,95.01,91.86,98.03,0.45,0,450
2018-08-14,95.62,94.95,91.69,98.02,0.68,0,450
2018-08-15,95.75,94.85,91.25,97.91,0.91,0,450
2018-08-16,96.61,94.75,90.99,97.9,1.86,0,450
2018-08-17,96.49,94.69,90.98,97.85,1.81,0,450
2018-08-18,96.95,94.57,90.76,97.78,2.38,0,450
2018-08-19,96.72,94.51,90.73,97.71,2.21,0,450
2018-08-20,96.9,94.43,90.5,97.71,2.47,0,450
2018-08-21,96.87,94.35,90.4,97.62,2.52,0,450
2018-08-22,97.58,94.34,90.33,97.62,3.23,0,450
2018-08-23,96.85,94.29,90.24,97.58,2.56,0,450
2018-08-24,97.74,94.18,90.14,97.58,3.56,1,450
2018-08-25,96.71,94.03,90.04,97.59,2.68,0,450
2018-08-26,97.37,93.92,89.9,97.58,3.45,0,450
2018-08-27,97.73,93.79,89.63,97.58,3.94,1,450
2018-08-28,98.42,93.63,89.18,97.6,4.78,1,450
2018-08-29,96.09,93.43,88.88,97.58,2.66,0,450
2018-08-30,95.7,93.22,88.65,97.56,2.48,0,450
2018-08-31,93.78,93.01,88.44,97.51,0.76,0,450
2018-09-01,98.06,92.84,88.4,97.38,5.22,1,450
2018-09-02,98.96,92.72,88.41,97.28,6.24,1,450
2018-09-03,98.15,92.47,88.07,97.02,5.68,1,450
2018-09-04,94.71,92.2,87.61,96.6,2.51,0,450
2018-09-05,94.52,91.95,87.44,96.33,2.57,0,450
2018-09-06,86.42,91.7,87.38,96.16,-5.29,0,450
2018-09-07,91.59,91.44,87.21,95.72,0.16,0,450
2018-09-08,95.71,91.21,86.67,95.5,4.5,1,450
2018-09-09,92.23,91.04,86.41,95.26,1.19,0,450
2018-09-10,85.25,90.88,85.95,95.11,-5.63,0,450
2018-09-11,87.26,90.77,85.91,94.82,-3.51,0,450
2018-09-12,90.58,90.68,85.5,94.81,-0.1,0,450
2018-09-13,90.26,90.62,85.52,94.7,-0.35,0,450
2018-09-14,86.07,90.58,85.32,94.7,-4.51,0,450
2018-09-15,86.43,90.53,85.28,94.68,-4.1,0,450
2018-09-16,91.7,90.41,85.23,94.64,1.29,0,450
2018-09-17,92.03,90.31,85.03,94.69,1.72,0,450
2018-09-18,92.9,90.25,84.92,94.69,2.65,0,450
2018-09-19,90.69,90.22,84.85,94.68,0.48,0,450
2018-09-20,93.26,90.14,84.7,94.68,3.12,0,450
2018-09-21,93.9,90.03,84.68,94.62,3.87,0,450
2018-09-22,94.14,89.88,84.39,94.52,4.26,0,450
2018-09-23,89.77,89.74,84.22,94.38,0.03,0,450
2018-09-24,90.09,89.63,84.22,94.1,0.46,0,450
2018-09-25,93.38,89.48,84.02,94.01,3.9,0,450
2018-09-26,93.93,89.32,84.1,93.9,4.61,1,450
2018-09-27,84.44,89.16,84.21,93.68,-4.72,0,450
2018-09-28,87.65,89.03,84.21,93.62,-1.38,0,450
2018-09-29,84.0,88.83,84.21,93.29,-4.83,0,450
2018-09-30,84.66,88.59,83.89,92.99,-3.93,0,450
2018-10-01,90.25,88.32,83.54,92.69,1.93,0,450
2018-10-02,90.4,88.03,83.54,92.38,2.37,0,450
2018-10-03,90.76,87.82,83.45,92.3,2.95,0,450
2018-10-04,91.92,87.62,82.82,92.18,4.29,0,450
2018-10-05,91.62,87.48,82.7,92.06,4.14,0,450
2018-10-06,91.55,87.33,82.53,92.02,4.22,0,450
2018-10-07,90.87,87.2,82.43,91.91,3.67,0,450
2018-10-08,91.13,87.13,82.35,91.91,4.0,0,450
2018-10-09,92.01,86.93,81.74,91.98,5.08,1,450
2018-10-10,90.57,86.72,80.28,91.98,3.85,0,450
2018-10-11,87.23,86.51,79.9,91.98,0.72,0,450
2018-10-12,89.78,86.29,79.82,91.97,3.5,0,450
2018-10-13,92.13,86.03,79.25,91.82,6.1,1,450
2018-10-14,91.29,85.88,79.08,91.52,5.41,0,450
2018-10-15,89.73,85.73,78.62,91.46,3.99,0,450
2018-10-16,60.58,85.62,78.02,91.45,-25.04,0,450
2018-10-17,64.43,85.5,78.02,91.3,-21.07,0,450
2018-10-18,61.97,85.35,78.02,91.24,-23.38,0,450
2018-10-19,75.92,85.16,77.84,91.16,-9.25,0,450
2018-10-20,74.93,84.79,77.13,90.93,-9.86,0,450
2018-10-21,72.38,84.44,76.54,90.72,-12.06,0,450
2018-10-22,68.94,84.27,76.49,90.62,-15.33,0,450
2018-10-23,65.1,84.07,76.49,90.25,-18.97,0,450
2018-10-24,71.1,83.89,76.4,90.01,-12.78,0,450
2018-10-25,70.76,83.73,75.99,89.93,-12.97,0,450
2018-10-26,80.22,83.4,75.58,89.73,-3.18,0,450
2018-10-27,83.47,83.03,74.8,89.43,0.44,0,450
2018-10-28,86.71,82.72,74.79,89.25,3.99,0,450
2018-10-29,86.51,82.46,74.68,88.99,4.05,0,450
2018-10-30,86.67,82.25,74.33,88.75,4.42,0,450
2018-10-31,89.96,82.06,73.9,88.75,7.9,1,450
2018-11-01,75.15,81.71,73.11,88.48,-6.56,0,450
2018-11-02,78.89,81.37,72.87,88.4,-2.49,0,450
2018-11-03,83.28,81.06,71.95,88.27,2.22,0,450
2018-11-04,84.72,80.92,72.1,88.17,3.8,0,450
2018-11-05,88.74,80.58,71.72,87.92,8.16,1,450
2018-11-06,89.78,80.02,70.79,87.58,9.75,1,450
2018-11-07,89.52,79.59,70.33,87.47,9.93,1,450
2018-11-08,89.67,79.34,69.93,87.16,10.33,1,450
2018-11-09,78.15,79.0,69.54,86.55,-0.85,0,450
2018-11-10,56.76,78.82,68.8,86.52,-22.06,0,450
2018-11-11,61.66,78.77,68.8,86.25,-17.12,0,450
2018-11-12,63.88,78.61,68.68,86.23,-14.73,0,450
2018-11-13,54.05,78.41,68.8,85.98,-24.37,0,450
2018-11-14,60.95,78.23,68.58,85.66,-17.28,0,450
2018-11-15,67.63,78.04,68.69,85.52,-10.41,0,450
2018-11-16,75.27,78.01,68.69,85.52,-2.74,0,450
2018-11-17,78.86,77.85,68.53,85.51,1.0,0,450
2018-11-18,80.39,77.64,67.74,85.39,2.76,0,450
2018-11-19,55.72,77.43,67.61,85.27,-21.71,0,450
2018-11-20,59.99,77.45,67.61,85.43,-17.46,0,450
2018-11-21,62.07,77.49,67.62,85.22,-15.41,0,450
2018-11-22,61.55,77.42,67.48,85.21,-15.86,0,450
2018-11-23,70.59,77.16,67.44,85.06,-6.57,0,450
2018-11-24,75.31,76.88,66.91,84.93,-1.57,0,450
2018-11-25,84.22,76.7,66.79,84.8,7.52,0,450
2018-11-26,65.65,76.48,66.64,84.69,-10.83,0,450
2018-11-27,70.29,76.23,66.48,84.56,-5.93,0,450
2018-11-28,73.3,75.85,65.63,84.32,-2.55,0,450
2018-11-29,73.63,75.46,64.55,84.25,-1.83,0,450
2018-11-30,83.06,75.14,63.72,84.17,7.91,0,450
2018-12-01,80.73,74.78,63.3,83.79,5.96,0,450
2018-12-02,79.84,74.59,63.04,83.81,5.25,0,450
2018-12-03,74.21,74.28,61.67,83.69,-0.07,0,450
2018-12-04,71.51,73.96,61.38,83.5,-2.45,0,450
2018-12-05,69.81,73.71,61.38,83.2,-3.9,0,450
2018-12-06,79.03,73.66,61.38,83.08,5.37,0,450
2018-12-07,81.52,73.53,61.47,82.93,7.99,0,450
2018-12-08,58.16,73.45,61.01,82.84,-15.29,0,450
2018-12-09,62.96,73.31,60.73,82.93,-10.35,0,450
2018-12-10,63.24,72.99,60.73,82.88,-9.76,0,450
2018-12-11,72.69,72.66,60.4,82.82,0.03,0,450
2018-12-12,77.24,72.52,60.73,82.73,4.72,0,450
2018-12-13,83.94,72.54,60.89,82.68,11.39,1,450
2018-12-14,68.52,72.57,61.29,82.63,-4.05,0,450
2018-12-15,71.74,72.61,61.29,82.16,-0.88,0,450
2018-12-16,74.04,72.56,60.89,82.16,1.48,0,450
2018-12-17,72.84,72.2,60.8,81.62,0.64,0,450
2018-12-18,72.46,71.95,60.08,81.69,0.51,0,450
2018-12-19,80.58,71.79,59.59,81.53,8.79,0,450
2018-12-20,74.82,71.7,59.59,81.62,3.12,0,450
2018-12-21,72.7,71.36,58.73,81.21,1.34,0,450
2018-12-22,80.34,71.11,58.68,81.21,9.24,0,450
2018-12-23,81.84,70.9,58.67,81.23,10.94,1,450
2018-12-24,78.29,70.72,58.81,81.06,7.57,0,450
2018-12-25,79.33,70.62,58.11,81.09,8.71,0,450
2018-12-26,77.95,70.31,57.65,81.18,7.64,0,450
2018-12-27,82.41,69.99,57.48,81.18,12.42,1,450
2018-12-28,74.78,69.8,57.35,81.23,4.98,0,450
2018-12-29,65.19,69.75,57.09,81.18,-4.57,0,450
2018-12-30,53.88,69.6,56.95,80.91,-15.73,0,450
2018-12-31,70.13,69.42,56.55,80.68,0.71,0,450
2019-01-01,70.7,69.54,56.61,80.68,1.16,0,450
2019-01-02,50.24,69.85,57.09,80.7,-19.62,0,450
2019-01-03,62.34,69.98,57.27,80.76,-7.63,0,450
2019-01-04,75.92,69.98,57.43,80.73,5.94,0,450
2019-01-05,77.72,70.08,57.66,80.81,7.63,0,450
2019-01-06,79.53,70.0,57.49,80.93,9.53,0,450
2019-01-07,81.72,69.9,57.6,80.77,11.83,1,450
2019-01-08,81.69,69.99,57.71,80.93,11.7,1,450
2019-01-09,72.88,70.13,57.73,81.21,2.76,0,450
2019-01-10,73.23,70.47,57.92,81.36,2.76,0,450
2019-01-11,78.44,70.73,58.65,81.4,7.71,0,450
2019-01-12,81.43,70.65,58.02,81.44,10.77,0,450
2019-01-13,66.01,70.74,58.05,81.69,-4.73,0,450
2019-01-14,60.52,70.9,58.1,81.76,-10.38,0,450
2019-01-15,59.52,71.25,59.16,81.86,-11.73,0,450
2019-01-16,66.59,71.37,59.3,81.87,-4.78,0,450
2019-01-17,69.14,71.17,59.08,81.87,-2.03,0,450
2019-01-18,81.75,71.2,59.3,81.86,10.55,0,450
2019-01-19,70.73,71.3,59.38,81.91,-0.57,0,450
2019-01-20,64.69,71.41,59.51,81.76,-6.72,0,450
2019-01-21,75.52,71.61,60.15,81.7,3.91,0,450
2019-01-22,80.26,71.79,59.86,81.76,8.47,0,450
2019-01-23,62.91,71.8,59.98,81.85,-8.88,0,450
2019-01-24,70.77,71.91,60.34,81.76,-1.14,0,450
2019-01-25,70.46,72.09,60.79,81.76,-1.63,0,450
2019-01-26,64.1,72.06,60.79,81.72,-7.96,0,450
2019-01-27,70.18,72.14,60.82,81.75,-1.96,0,450
2019-01-28,77.12,71.99,60.69,81.72,5.13,0,450
2019-01-29,59.1,71.89,60.8,81.72,-12.79,0,450
2019-01-30,62.72,71.79,60.79,81.86,-9.07,0,450
2019-01-31,70.63,71.88,60.82,81.96,-1.25,0,450
2019-02-01,69.92,72.07,60.82,82.25,-2.15,0,450
2019-02-02,75.27,72.29,60.8,82.72,2.97,0,450
2019-02-03,81.38,72.43,60.79,83.02,8.96,0,450
2019-02-04,81.49,72.44,60.68,83.25,9.05,0,450
2019-02-05,84.04,72.42,60.32,83.5,11.62,1,450
2019-02-06,84.16,72.53,60.82,83.52,11.63,1,450
2019-02-07,85.02,72.85,61.15,83.69,12.17,1,450
2019-02-08,52.08,73.17,61.15,84.05,-21.08,0,450
2019-02-09,47.93,73.3,61.15,84.16,-25.37,0,450
2019-02-10,71.08,73.64,61.59,84.29,-2.56,0,450
2019-02-11,80.77,74.04,61.89,84.42,6.73,0,450
2019-02-12,71.12,74.38,62.51,84.57,-3.25,0,450
2019-02-13,74.15,74.73,62.83,84.79,-0.57,0,450
2019-02-14,79.43,75.16,62.97,85.01,4.27,0,450
2019-02-15,87.62,75.47,63.04,85.02,12.15,1,450
2019-02-16,85.45,75.93,63.39,85.4,9.51,1,450
2019-02-17,76.57,76.15,63.78,85.61,0.42,0,450
2019-02-18,63.39,76.29,64.5,85.7,-12.89,0,450
2019-02-19,63.25,76.37,64.29,85.55,-13.12,0,450
2019-02-20,65.07,76.55,64.76,86.0,-11.48,0,450
2019-02-21,71.0,76.83,65.0,86.06,-5.83,0,458
2019-02-22,75.45,76.98,64.85,86.08,-1.53,0,458
2019-02-23,85.41,76.97,65.06,86.08,8.44,0,458
2019-02-24,73.31,76.97,65.25,86.24,-3.66,0,458
2019-02-25,73.96,76.97,65.38,86.24,-3.0,0,458
2019-02-26,83.47,77.0,65.38,86.16,6.46,0,458
2019-02-27,84.48,77.04,65.38,86.24,7.45,0,458
2019-02-28,80.92,77.1,65.44,86.34,3.82,0,458
2019-03-01,79.2,77.0,65.44,86.09,2.2,0,458
2019-03-02,84.6,76.96,64.86,86.16,7.64,0,458
2019-03-03,82.67,76.75,64.27,86.29,5.92,0,458
2019-03-04,42.86,76.65,64.17,86.09,-33.8,0,458
2019-03-05,52.03,76.65,64.27,86.15,-24.62,0,458
2019-03-06,61.01,76.9,65.33,86.34,-15.89,0,458
2019-03-07,77.62,77.19,66.13,86.35,0.44,0,458
2019-03-08,82.91,77.25,66.35,86.48,5.66,0,450
2019-03-09,90.87,77.3,66.56,86.62,13.57,1,450
2019-03-10,86.27,77.46,66.66,86.72,8.8,0,450
2019-03-11,85.6,77.9,67.0,87.12,7.7,0,450
2019-03-12,85.0,78.21,67.51,87.39,6.78,0,450
2019-03-13,91.06,78.36,68.49,87.4,12.69,1,450
2019-03-14,79.64,78.51,68.57,87.4,1.13,0,450
2019-03-15,64.17,78.71,69.23,87.41,-14.54,0,450
2019-03-16,60.62,78.97,69.33,87.72,-18.35,0,450
2019-03-17,63.38,79.24,69.57,87.72,-15.86,0,450
2019-03-18,66.12,79.64,69.94,87.86,-13.53,0,450
2019-03-19,68.5,79.93,70.3,88.22,-11.44,0,450
2019-03-20,69.79,80.3,70.54,88.63,-10.51,0,450
2019-03-21,77.87,80.6,71.16,88.7,-2.73,0,450
2019-03-22,79.28,80.84,71.27,88.63,-1.56,0,450
2019-03-23,80.39,81.1,71.49,88.74,-0.71,0,450
2019-03-24,83.64,81.28,71.65,88.97,2.37,0,450
2019-03-25,83.08,81.33,71.57,89.02,1.75,0,450
2019-03-26,76.7,81.35,71.46,89.1,-4.65,0,450
2019-03-27,80.15,81.57,72.09,89.14,-1.43,0,450
2019-03-28,82.27,81.83,72.56,89.45,0.44,0,450
2019-03-29,82.31,81.98,72.56,89.64,0.34,0,450
2019-03-30,83.97,82.02,72.52,89.72,1.95,0,450
2019-03-31,51.76,82.13,72.33,89.72,-30.37,0,450
2019-04-01,56.72,82.21,72.56,89.96,-25.49,0,450
2019-04-02,71.04,82.31,72.59,90.21,-11.27,0,450
2019-04-03,81.72,82.6,72.92,90.32,-0.88,0,450
2019-04-04,86.42,82.74,73.01,90.28,3.67,0,450
2019-04-05,83.17,82.76,73.01,90.28,0.42,0,450
2019-04-06,89.75,82.87,73.41,90.58,6.88,0,450
2019-04-07,84.77,82.95,73.46,90.76,1.81,0,450
2019-04-08,87.65,83.0,73.72,90.79,4.65,0,450
2019-04-09,93.54,83.15,73.99,91.03,10.39,1,450
2019-04-10,90.8,83.23,74.44,91.06,7.57,0,450
2019-04-11,91.04,83.31,74.14,91.17,7.73,0,450
2019-04-12,83.3,83.51,74.88,91.34,-0.2,0,450
2019-04-13,92.41,83.74,75.62,91.43,8.67,1,450
2019-04-14,77.47,83.94,75.68,91.56,-6.47,0,450
2019-04-15,82.85,84.17,75.77,91.8,-1.32,0,450
2019-04-16,84.75,84.34,76.12,91.78,0.4,0,450
2019-04-17,85.44,84.52,76.51,91.91,0.91,0,450
2019-04-18,91.33,84.65,76.51,91.91,6.69,0,450
2019-04-19,84.87,84.79,76.62,92.14,0.08,0,450
2019-04-20,84.46,85.03,77.09,92.33,-0.56,0,450
2019-04-21,85.72,85.18,77.31,92.44,0.54,0,450
2019-04-22,84.65,85.38,77.4,92.66,-0.73,0,450
2019-04-23,83.85,85.68,77.92,92.66,-1.83,0,450
2019-04-24,87.35,86.02,78.22,92.84,1.33,0,450
2019-04-25,88.4,86.29,79.06,92.65,2.11,0,450
2019-04-26,90.0,86.47,79.46,92.9,3.53,0,450
2019-04-27,86.48,86.62,79.49,93.2,-0.14,0,450
2019-04-28,87.18,86.85,79.69,93.36,0.33,0,450
2019-04-29,88.48,87.08,79.83,93.75,1.4,0,450
2019-04-30,88.04,87.22,80.0,93.75,0.82,0,450
2019-05-01,90.11,87.48,80.1,94.38,2.62,0,450
2019-05-02,90.6,87.71,80.29,94.38,2.89,0,450
2019-05-03,89.69,87.83,80.86,94.48,1.86,0,450
2019-05-04,87.11,87.94,81.14,94.38,-0.83,0,450
2019-05-05,89.34,88.07,81.34,94.48,1.27,0,450
2019-05-06,87.65,88.21,81.86,94.15,-0.55,0,450
2019-05-07,89.4,88.35,81.98,94.15,1.05,0,450
2019-05-08,94.66,88.44,82.09,94.14,6.22,1,450
2019-05-09,90.01,88.47,82.13,94.14,1.54,0,450
2019-05-10,82.52,88.55,82.3,94.48,-6.03,0,450
2019-05-11,78.6,88.64,82.69,94.38,-10.05,0,450
2019-05-12,77.91,88.7,82.79,94.38,-10.79,0,450
2019-05-13,84.57,88.71,82.84,94.28,-4.14,0,450
2019-05-14,85.4,88.73,82.9,94.33,-3.32,0,450
2019-05-15,87.3,88.75,83.03,94.37,-1.45,0,450
2019-05-16,89.21,88.8,83.29,93.85,0.4,0,450
2019-05-17,91.24,88.87,83.47,93.78,2.37,0,450
2019-05-18,91.79,88.98,83.6,93.85,2.81,0,450
2019-05-19,91.75,89.11,83.84,94.21,2.64,0,450
2019-05-20,93.0,89.27,84.1,94.33,3.73,0,450
2019-05-21,93.72,89.45,84.28,94.55,4.26,0,450
2019-05-22,92.86,89.57,84.28,94.65,3.3,0,450
2019-05-23,93.64,89.78,84.54,94.79,3.86,0,450
2019-05-24,91.85,90.04,84.98,95.15,1.81,0,450
2019-05-25,92.4,90.21,85.15,95.15,2.19,0,450
2019-05-26,92.26,90.47,85.48,95.4,1.79,0,450
2019-05-27,92.19,90.73,85.89,95.6,1.46,0,450
2019-05-28,94.02,91.03,86.49,95.77,2.99,0,450
2019-05-29,91.17,91.34,86.72,95.91,-0.17,0,450
2019-05-30,94.21,91.6,87.13,96.22,2.61,0,450
2019-05-31,92.55,91.79,87.34,96.53,0.76,0,450
2019-06-01,94.32,91.95,87.62,96.59,2.37,0,450
2019-06-02,93.26,92.09,87.69,96.59,1.17,0,450
2019-06-03,93.38,92.23,87.82,96.64,1.15,0,450
2019-06-04,89.71,92.35,87.92,96.66,-2.64,0,450
2019-06-05,93.76,92.47,87.99,96.71,1.29,0,450
2019-06-06,95.97,92.66,88.26,96.72,3.31,0,450
2019-06-07,100.52,92.82,88.46,96.73,7.7,1,450
2019-06-08,99.56,92.92,88.72,96.84,6.64,1,450
2019-06-09,99.44,93.07,88.93,96.9,6.38,1,450
2019-06-10,94.38,93.12,88.94,96.95,1.26,0,450
2019-06-11,91.43,93.15,88.89,97.02,-1.72,0,450
2019-06-12,89.23,93.11,88.72,96.98,-3.88,0,450
2019-06-13,92.55,93.02,88.55,96.9,-0.47,0,450
2019-06-14,93.23,92.95,88.44,96.85,0.28,0,450
2019-06-15,94.26,92.94,88.59,96.56,1.33,0,450
2019-06-16,94.28,92.92,88.64,96.38,1.36,0,450
2019-06-17,92.99,92.89,88.7,96.34,0.1,0,450
2019-06-18,94.0,92.84,88.44,96.31,1.16,0,450
2019-06-19,97.1,92.86,88.58,96.29,4.24,1,450
2019-06-20,94.32,92.86,88.7,96.27,1.46,0,450
2019-06-21,93.1,92.81,88.7,96.25,0.29,0,450
2019-06-22,93.08,92.76,88.48,96.29,0.32,0,450
2019-06-23,95.12,92.71,88.34,96.33,2.41,0,450
2019-06-24,94.7,92.65,88.26,96.33,2.05,0,450
2019-06-25,88.06,92.61,88.38,96.27,-4.56,0,450
2019-06-26,92.21,92.58,88.38,96.16,-0.37,0,450
2019-06-27,91.15,92.57,88.6,96.1,-1.42,0,450
2019-06-28,91.2,92.62,88.62,96.14,-1.42,0,450
2019-06-29,93.36,92.66,88.71,96.2,0.7,0,450
2019-06-30,93.58,92.63,88.65,96.25,0.95,0,450
2019-07-01,91.15,92.65,88.7,96.29,-1.5,0,450
2019-07-02,90.69,92.7,88.77,96.35,-2.01,0,450
2019-07-03,91.32,92.76,88.83,96.35,-1.44,0,450
2019-07-04,93.38,92.81,89.02,96.39,0.57,0,450
2019-07-05,94.13,92.88,89.16,96.5,1.25,0,450
2019-07-06,93.74,93.03,89.51,96.62,0.71,0,450
2019-07-07,94.82,93.14,89.64,96.52,1.67,0,450
2019-07-08,95.24,93.26,89.8,96.49,1.97,0,450
2019-07-09,96.84,93.34,89.9,96.48,3.5,1,450
2019-07-10,96.01,93.41,89.93,96.52,2.6,0,450
2019-07-11,96.67,93.5,90.05,96.54,3.17,1,450
2019-07-12,96.76,93.6,90.22,96.63,3.16,1,450
2019-07-13,100.28,93.69,90.16,96.65,6.59,1,450
2019-07-14,96.03,93.81,90.45,96.7,2.22,0,450
2019-07-15,96.01,93.96,90.92,96.76,2.04,0,450
2019-07-16,95.95,94.1,91.08,96.89,1.85,0,450
2019-07-17,96.18,94.21,91.09,96.89,1.97,0,450
2019-07-18,96.41,94.29,91.1,96.96,2.12,0,450
2019-07-19,96.17,94.3,91.1,96.98,1.87,0,450
2019-07-20,96.77,94.34,91.15,96.98,2.43,0,450
2019-07-21,97.6,94.33,91.1,96.96,3.27,1,450
2019-07-22,95.74,94.36,91.09,97.01,1.38,0,450
2019-07-23,92.92,94.42,91.09,97.11,-1.5,0,450
2019-07-24,90.32,94.53,91.08,97.23,-4.21,0,450
2019-07-25,90.46,94.63,91.17,97.32,-4.16,0,450
2019-07-26,91.71,94.71,91.38,97.38,-3.0,0,450
2019-07-27,93.12,94.75,91.42,97.38,-1.63,0,450
2019-07-28,94.91,94.81,91.68,97.38,0.1,0,450
2019-07-29,95.44,94.83,91.84,97.35,0.61,0,450
2019-07-30,96.45,94.88,92.07,97.43,1.57,0,450
2019-07-31,96.69,94.91,92.14,97.54,1.78,0,450
2019-08-01,94.22,94.95,92.27,97.7,-0.72,0,450
2019-08-02,94.33,94.99,92.35,97.71,-0.66,0,450
2019-08-03,95.51,95.05,92.51,97.76,0.46,0,450
2019-08-04,96.13,95.06,92.56,97.83,1.07,0,450
2019-08-05,95.26,95.11,92.6,97.87,0.14,0,450
2019-08-06,96.06,95.15,92.56,97.91,0.9,0,450
2019-08-07,96.61,95.09,92.22,97.87,1.52,0,450
2019-08-08,97.7,95.06,92.14,97.94,2.64,0,450
2019-08-09,96.52,95.05,92.02,97.99,1.48,0,450
2019-08-10,97.57,95.04,92.02,97.99,2.53,0,450
2019-08-11,98.18,95.05,92.02,98.02,3.14,1,450
2019-08-12,99.59,95.03,91.88,98.02,4.56,1,450
2019-08-13,98.78,95.01,91.86,98.03,3.78,1,450
2019-08-14,97.71,94.95,91.69,98.02,2.76,0,450
2019-08-15,98.88,94.85,91.25,97.91,4.04,1,450
2019-08-16,99.42,94.75,90.99,97.9,4.67,1,450
2019-08-17,97.51,94.69,90.98,97.85,2.82,0,450
2019-08-18,98.35,94.57,90.76,97.78,3.78,1,450
2019-08-19,98.26,94.51,90.73,97.71,3.75,1,450
2019-08-20,96.87,94.43,90.5,97.71,2.44,0,450
2019-08-21,96.89,94.35,90.4,97.62,2.54,0,450
2019-08-22,96.02,94.34,90.33,97.62,1.67,0,450
2019-08-23,97.11,94.29,90.24,97.58,2.82,0,450
2019-08-24,96.76,94.18,90.14,97.58,2.58,0,450
2019-08-25,98.62,94.03,90.04,97.59,4.59,1,450
2019-08-26,98.78,93.92,89.9,97.58,4.86,1,450
2019-08-27,97.58,93.79,89.63,97.58,3.8,0,450
2019-08-28,96.67,93.63,89.18,97.6,3.03,0,450
2019-08-29,97.16,93.43,88.88,97.58,3.73,0,450
2019-08-30,96.72,93.22,88.65,97.56,3.5,0,450
2019-08-31,96.6,93.01,88.44,97.51,3.59,0,450
2019-09-01,96.66,92.84,88.4,97.38,3.82,0,450
2019-09-02,89.64,92.72,88.41,97.28,-3.08,0,450
2019-09-03,82.61,92.47,88.07,97.02,-9.86,0,450
2019-09-04,88.53,92.2,87.61,96.6,-3.67,0,450
2019-09-05,91.57,91.95,87.44,96.33,-0.38,0,450
2019-09-06,91.97,91.7,87.38,96.16,0.27,0,450
2019-09-07,91.93,91.44,87.21,95.72,0.5,0,450
2019-09-08,92.87,91.21,86.67,95.5,1.66,0,450
2019-09-09,92.95,91.04,86.41,95.26,1.91,0,450
2019-09-10,93.56,90.88,85.95,95.11,2.68,0,450
2019-09-11,89.12,90.77,85.91,94.82,-1.65,0,450
2019-09-12,90.62,90.68,85.5,94.81,-0.06,0,450
2019-09-13,91.02,90.62,85.52,94.7,0.4,0,450
2019-09-14,91.51,90.58,85.32,94.7,0.93,0,450
2019-09-15,89.85,90.53,85.28,94.68,-0.68,0,450
2019-09-16,87.89,90.41,85.23,94.64,-2.52,0,450
2019-09-17,93.34,90.31,85.03,94.69,3.03,0,450
2019-09-18,93.28,90.25,84.92,94.69,3.04,0,450
2019-09-19,94.04,90.22,84.85,94.68,3.83,0,450
2019-09-20,93.92,90.14,84.7,94.68,3.77,0,450
2019-09-21,92.89,90.03,84.68,94.62,2.87,0,450
2019-09-22,92.87,89.88,84.39,94.52,2.98,0,450
2019-09-23,93.07,89.74,84.22,94.38,3.33,0,450
2019-09-24,92.69,89.63,84.22,94.1,3.06,0,450
2019-09-25,92.99,89.48,84.02,94.01,3.51,0,450
2019-09-26,91.21,89.32,84.1,93.9,1.89,0,450
2019-09-27,94.03,89.16,84.21,93.68,4.87,1,450
2019-09-28,93.61,89.03,84.21,93.62,4.58,0,450
2019-09-29,91.11,88.83,84.21,93.29,2.28,0,450
2019-09-30,92.66,88.59,83.89,92.99,4.07,0,450
2019-10-01,90.96,88.32,83.54,92.69,2.65,0,450
2019-10-02,91.39,88.03,83.54,92.38,3.36,0,450
2019-10-03,90.21,87.82,83.45,92.3,2.4,0,450
2019-10-04,89.48,87.62,82.82,92.18,1.85,0,450
2019-10-05,91.56,87.48,82.7,92.06,4.08,0,450
2019-10-06,91.82,87.33,82.53,92.02,4.49,0,450
2019-10-07,90.16,87.2,82.43,91.91,2.95,0,450
2019-10-08,89.38,87.13,82.35,91.91,2.25,0,450
2019-10-09,92.68,86.93,81.74,91.98,5.75,1,450
2019-10-10,93.93,86.72,80.28,91.98,7.21,1,450
2019-10-11,93.62,86.51,79.9,91.98,7.11,1,450
2019-10-12,72.67,86.29,79.82,91.97,-13.62,0,450
2019-10-13,84.91,86.03,79.25,91.82,-1.13,0,450
2019-10-14,91.42,85.88,79.08,91.52,5.54,0,450
2019-10-15,93.1,85.73,78.62,91.46,7.37,1,450
2019-10-16,89.68,85.62,78.02,91.45,4.06,0,450
2019-10-17,79.1,85.5,78.02,91.3,-6.4,0,450
2019-10-18,87.82,85.35,78.02,91.24,2.47,0,450
2019-10-19,90.98,85.16,77.84,91.16,5.81,0,450
2019-10-20,88.7,84.79,77.13,90.93,3.91,0,450
2019-10-21,90.24,84.44,76.54,90.72,5.8,0,450
2019-10-22,85.0,84.27,76.49,90.62,0.73,0,450
2019-10-23,87.12,84.07,76.49,90.25,3.05,0,450
2019-10-24,83.24,83.89,76.4,90.01,-0.65,0,450
2019-10-25,69.82,83.73,75.99,89.93,-13.91,0,450
2019-10-26,76.54,83.4,75.58,89.73,-6.86,0,450
2019-10-27,84.03,83.03,74.8,89.43,1.0,0,450
2019-10-28,87.44,82.72,74.79,89.25,4.72,0,450
2019-10-29,89.85,82.46,74.68,88.99,7.39,1,450
2019-10-30,88.45,82.25,74.33,88.75,6.19,0,450
2019-10-31,58.89,82.06,73.9,88.75,-23.17,0,450
2019-11-01,73.12,81.71,73.11,88.48,-8.59,0,450
2019-11-02,76.51,81.37,72.87,88.4,-4.86,0,450
2019-11-03,77.63,81.06,71.95,88.27,-3.43,0,450
2019-11-04,84.33,80.92,72.1,88.17,3.41,0,450
2019-11-05,86.22,80.58,71.72,87.92,5.65,0,450
2019-11-06,86.19,80.02,70.79,87.58,6.17,0,450
2019-11-07,88.42,79.59,70.33,87.47,8.83,1,450
2019-11-08,57.0,79.34,69.93,87.16,-22.34,0,450
2019-11-09,71.97,79.0,69.54,86.55,-7.03,0,450
2019-11-10,79.59,78.82,68.8,86.52,0.77,0,450
2019-11-11,85.51,78.77,68.8,86.25,6.74,0,450
2019-11-12,42.88,78.61,68.68,86.23,-35.73,0,450
2019-11-13,47.4,78.41,68.8,85.98,-31.02,0,450
2019-11-14,61.4,78.23,68.58,85.66,-16.82,0,450
2019-11-15,64.35,78.04,68.69,85.52,-13.69,0,450
2019-11-16,72.01,78.01,68.69,85.52,-6.0,0,450
2019-11-17,79.53,77.85,68.53,85.51,1.67,0,450
2019-11-18,79.65,77.64,67.74,85.39,2.01,0,450
2019-11-19,82.87,77.43,67.61,85.27,5.44,0,450
2019-11-20,84.68,77.45,67.61,85.43,7.23,0,450
2019-11-21,83.19,77.49,67.62,85.22,5.7,0,450
2019-11-22,84.81,77.42,67.48,85.21,7.39,0,450
2019-11-23,70.39,77.16,67.44,85.06,-6.76,0,450
2019-11-24,77.6,76.88,66.91,84.93,0.72,0,450
2019-11-25,85.08,76.7,66.79,84.8,8.38,1,450
2019-11-26,83.64,76.48,66.64,84.69,7.16,0,450
2019-11-27,79.11,76.23,66.48,84.56,2.88,0,450
2019-11-28,71.62,75.85,65.63,84.32,-4.23,0,450
2019-11-29,82.62,75.46,64.55,84.25,7.16,0,450
2019-11-30,86.05,75.14,63.72,84.17,10.91,1,450
2019-12-01,73.17,74.78,63.3,83.79,-1.61,0,450
2019-12-02,69.64,74.59,63.04,83.81,-4.95,0,450
2019-12-03,77.83,74.28,61.67,83.69,3.55,0,450
2019-12-04,77.19,73.96,61.38,83.5,3.23,0,450
2019-12-05,81.19,73.71,61.38,83.2,7.47,0,450
2019-12-06,79.87,73.66,61.38,83.08,6.22,0,450
2019-12-07,75.54,73.53,61.47,82.93,2.01,0,450
2019-12-08,80.66,73.45,61.01,82.84,7.21,0,450
2019-12-09,83.61,73.31,60.73,82.93,10.3,1,450
2019-12-10,74.05,72.99,60.73,82.88,1.06,0,450
2019-12-11,57.79,72.66,60.4,82.82,-14.87,0,450
2019-12-12,72.26,72.52,60.73,82.73,-0.27,0,450
2019-12-13,82.67,72.54,60.89,82.68,10.13,0,450
2019-12-14,90.34,72.57,61.29,82.63,17.76,1,450
2019-12-15,85.97,72.61,61.29,82.16,13.36,1,450
2019-12-16,88.78,72.56,60.89,82.16,16.22,1,450
2019-12-17,61.49,72.2,60.8,81.62,-10.72,0,450
2019-12-18,61.55,71.95,60.08,81.69,-10.39,0,450
2019-12-19,68.43,71.79,59.59,81.53,-3.36,0,450
2019-12-20,67.0,71.7,59.59,81.62,-4.69,0,450
2019-12-21,63.12,71.36,58.73,81.21,-8.25,0,450
2019-12-22,68.95,71.11,58.68,81.21,-2.16,0,450
2019-12-23,73.15,70.9,58.67,81.23,2.26,0,450
2019-12-24,74.56,70.72,58.81,81.06,3.84,0,450
2019-12-25,78.16,70.62,58.11,81.09,7.54,0,450
2019-12-26,81.52,70.31,57.65,81.18,11.21,1,450
2019-12-27,81.18,69.99,57.48,81.18,11.19,0,450
2019-12-28,81.77,69.8,57.35,81.23,11.96,1,450
2019-12-29,73.81,69.75,57.09,81.18,4.06,0,450
2019-12-30,70.03,69.6,56.95,80.91,0.43,0,450
2019-12-31,70.13,69.42,56.55,80.68,0.71,0,450
2020-01-01,63.79,69.54,56.61,80.68,-5.75,0,450
2020-01-02,66.99,69.85,57.09,80.7,-2.86,0,450
2020-01-03,74.94,69.98,57.27,80.76,4.96,0,450
2020-01-04,72.96,69.98,57.43,80.73,2.98,0,450
2020-01-05,75.79,70.08,57.66,80.81,5.71,0,450
2020-01-06,77.62,70.0,57.49,80.93,7.62,0,450
2020-01-07,73.08,69.9,57.6,80.77,3.18,0,450
2020-01-08,73.89,69.99,57.71,80.93,3.9,0,450
2020-01-09,81.82,70.13,57.73,81.21,11.7,1,450
2020-01-10,80.49,70.47,57.92,81.36,10.02,0,450
2020-01-11,74.67,70.73,58.65,81.4,3.94,0,450
2020-01-12,77.91,70.65,58.02,81.44,7.26,0,450
2020-01-13,82.75,70.74,58.05,81.69,12.01,1,450
2020-01-14,86.62,70.9,58.1,81.76,15.72,1,450
2020-01-15,83.51,71.25,59.16,81.86,12.26,1,450
2020-01-16,82.49,71.37,59.3,81.87,11.12,1,450
2020-01-17,83.25,71.17,59.08,81.87,12.08,1,450
2020-01-18,81.55,71.2,59.3,81.86,10.35,0,450
2020-01-19,63.21,71.3,59.38,81.91,-8.09,0,450
2020-01-20,66.99,71.41,59.51,81.76,-4.42,0,450
2020-01-21,67.0,71.61,60.15,81.7,-4.61,0,450
2020-01-22,75.84,71.79,59.86,81.76,4.05,0,450
2020-01-23,79.47,71.8,59.98,81.85,7.67,0,450
2020-01-24,73.88,71.91,60.34,81.76,1.97,0,450
2020-01-25,76.88,72.09,60.79,81.76,4.79,0,450
2020-01-26,84.31,72.06,60.79,81.72,12.25,1,450
2020-01-27,80.54,72.14,60.82,81.75,8.4,0,450
2020-01-28,83.37,71.99,60.69,81.72,11.37,1,450
2020-01-29,73.89,71.89,60.8,81.72,2.0,0,450
2020-01-30,68.09,71.79,60.79,81.86,-3.69,0,450
2020-01-31,67.23,71.88,60.82,81.96,-4.64,0,450
2020-02-01,72.86,72.07,60.82,82.25,0.8,0,450
2020-02-02,77.93,72.29,60.8,82.72,5.64,0,450
2020-02-03,79.42,72.43,60.79,83.02,6.99,0,450
2020-02-04,85.51,72.44,60.68,83.25,13.07,1,450
2020-02-05,65.57,72.42,60.32,83.5,-6.85,0,450
2020-02-06,70.32,72.53,60.82,83.52,-2.21,0,450
2020-02-07,79.31,72.85,61.15,83.69,6.47,0,450
2020-02-08,80.5,73.17,61.15,84.05,7.33,0,450
2020-02-09,82.94,73.3,61.15,84.16,9.64,0,450
2020-02-10,88.24,73.64,61.59,84.29,14.6,1,450
2020-02-11,78.19,74.04,61.89,84.42,4.15,0,450
2020-02-12,59.61,74.38,62.51,84.57,-14.76,0,450
2020-02-13,71.61,74.73,62.83,84.79,-3.12,0,450
2020-02-14,68.07,75.16,62.97,85.01,-7.09,0,450
2020-02-15,81.92,75.47,63.04,85.02,6.45,0,450
2020-02-16,83.41,75.93,63.39,85.4,7.48,0,450
2020-02-17,85.71,76.15,63.78,85.61,9.56,1,450
2020-02-18,88.53,76.29,64.5,85.7,12.25,1,450
2020-02-19,69.11,76.37,64.29,85.55,-7.26,0,450
2020-02-20,58.23,76.55,64.76,86.0,-18.32,0,450
2020-02-21,57.35,76.83,65.0,86.06,-19.48,0,458
2020-02-22,68.65,76.98,64.85,86.08,-8.33,0,458
2020-02-23,80.37,76.97,65.06,86.08,3.39,0,458
2020-02-24,85.99,76.97,65.25,86.24,9.02,0,458
2020-02-25,79.92,76.97,65.38,86.24,2.95,0,458
2020-02-26,65.72,77.0,65.38,86.16,-11.29,0,458
2020-02-27,66.33,77.04,65.38,86.24,-10.71,0,458
2020-02-28,75.88,77.1,65.44,86.34,-1.22,0,458
2020-02-29,77.64,77.1,65.44,86.34,0.54,0,458
2020-03-01,83.76,77.0,65.44,86.09,6.76,0,458
2020-03-02,85.5,76.96,64.86,86.16,8.53,0,458
2020-03-03,79.51,76.75,64.27,86.29,2.76,0,458
2020-03-04,83.08,76.65,64.17,86.09,6.43,0,458
2020-03-05,75.53,76.65,64.27,86.15,-1.12,0,458
2020-03-06,77.2,76.9,65.33,86.34,0.3,0,458
2020-03-07,74.8,77.19,66.13,86.35,-2.38,0,458
2020-03-08,80.09,77.25,66.35,86.48,2.85,0,450
2020-03-09,80.42,77.3,66.56,86.62,3.11,0,450
2020-03-10,76.65,77.46,66.66,86.72,-0.81,0,450
2020-03-11,86.19,77.9,67.0,87.12,8.29,0,450
2020-03-12,83.07,78.21,67.51,87.39,4.86,0,450
2020-03-13,85.07,78.36,68.49,87.4,6.71,0,450
2020-03-14,85.42,78.51,68.57,87.4,6.9,0,450
2020-03-15,85.69,78.71,69.23,87.41,6.98,0,450
2020-03-16,84.28,78.97,69.33,87.72,5.31,0,450
2020-03-17,86.78,79.24,69.57,87.72,7.54,0,450
2020-03-18,89.02,79.64,69.94,87.86,9.37,1,450
2020-03-19,91.39,79.93,70.3,88.22,11.46,1,450
2020-03-20,85.79,80.3,70.54,88.63,5.49,0,450
2020-03-21,78.24,80.6,71.16,88.7,-2.36,0,450
2020-03-22,86.66,80.84,71.27,88.63,5.83,0,450
2020-03-23,89.08,81.1,71.49,88.74,7.98,1,450
2020-03-24,93.38,81.28,71.65,88.97,12.1,1,450
2020-03-25,91.71,81.33,71.57,89.02,10.38,1,450
2020-03-26,93.61,81.35,71.46,89.1,12.26,1,450
2020-03-27,91.61,81.57,72.09,89.14,10.03,1,450
2020-03-28,93.24,81.83,72.56,89.45,11.41,1,450
2020-03-29,85.62,81.98,72.56,89.64,3.64,0,450
2020-03-30,88.16,82.02,72.52,89.72,6.14,0,450
2020-03-31,92.26,82.13,72.33,89.72,10.14,1,450
2020-04-01,85.71,82.21,72.56,89.96,3.5,0,450
2020-04-02,86.1,82.31,72.59,90.21,3.79,0,450
2020-04-03,86.84,82.6,72.92,90.32,4.24,0,450
2020-04-04,83.62,82.74,73.01,90.28,0.88,0,450
2020-04-05,74.91,82.76,73.01,90.28,-7.85,0,450
2020-04-06,84.98,82.87,73.41,90.58,2.1,0,450
2020-04-07,91.02,82.95,73.46,90.76,8.07,1,450
2020-04-08,91.93,83.0,73.72,90.79,8.92,1,450
2020-04-09,92.5,83.15,73.99,91.03,9.35,1,450
2020-04-10,86.02,83.23,74.44,91.06,2.78,0,450
2020-04-11,87.8,83.31,74.14,91.17,4.49,0,450
2020-04-12,101.21,83.51,74.88,91.34,17.7,1,450
2020-04-13,79.92,83.74,75.62,91.43,-3.82,0,450
2020-04-14,76.61,83.94,75.68,91.56,-7.33,0,450
2020-04-15,72.64,84.17,75.77,91.8,-11.53,0,450
2020-04-16,77.36,84.34,76.12,91.78,-6.99,0,450
2020-04-17,87.21,84.52,76.51,91.91,2.68,0,450
2020-04-18,88.5,84.65,76.51,91.91,3.85,0,450
2020-04-19,99.01,84.79,76.62,92.14,14.22,1,450
2020-04-20,92.53,85.03,77.09,92.33,7.51,1,450
2020-04-21,88.43,85.18,77.31,92.44,3.24,0,450
2020-04-22,93.19,85.38,77.4,92.66,7.81,1,450
2020-04-23,95.69,85.68,77.92,92.66,10.01,1,450
2020-04-24,97.34,86.02,78.22,92.84,11.32,1,450
2020-04-25,90.81,86.29,79.06,92.65,4.52,0,450
2020-04-26,88.14,86.47,79.46,92.9,1.67,0,450
2020-04-27,90.5,86.62,79.49,93.2,3.88,0,450
2020-04-28,95.25,86.85,79.69,93.36,8.4,1,450
2020-04-29,90.46,87.08,79.83,93.75,3.38,0,450
2020-04-30,88.51,87.22,80.0,93.75,1.29,0,450
2020-05-01,90.63,87.48,80.1,94.38,3.15,0,450
2020-05-02,92.34,87.71,80.29,94.38,4.63,0,450
2020-05-03,93.3,87.83,80.86,94.48,5.46,0,450
2020-05-04,94.48,87.94,81.14,94.38,6.54,1,450
2020-05-05,94.53,88.07,81.34,94.48,6.47,1,450
2020-05-06,91.24,88.21,81.86,94.15,3.04,0,450
2020-05-07,91.93,88.35,81.98,94.15,3.58,0,450
2020-05-08,95.23,88.44,82.09,94.14,6.79,1,450
2020-05-09,81.88,88.47,82.13,94.14,-6.59,0,450
2020-05-10,87.51,88.55,82.3,94.48,-1.04,0,450
2020-05-11,89.55,88.64,82.69,94.38,0.91,0,450
2020-05-12,88.32,88.7,82.79,94.38,-0.38,0,450
2020-05-13,91.49,88.71,82.84,94.28,2.78,0,450
2020-05-14,93.35,88.73,82.9,94.33,4.62,0,450
2020-05-15,93.11,88.75,83.03,94.37,4.36,0,450
2020-05-16,86.83,88.8,83.29,93.85,-1.98,0,450
2020-05-17,89.41,88.87,83.47,93.78,0.55,0,450
2020-05-18,91.9,88.98,83.6,93.85,2.92,0,450
2020-05-19,96.42,89.11,83.84,94.21,7.31,1,450
2020-05-20,93.76,89.27,84.1,94.33,4.49,0,450
2020-05-21,91.42,89.45,84.28,94.55,1.97,0,450
2020-05-22,93.83,89.57,84.28,94.65,4.26,0,450
2020-05-23,93.09,89.78,84.54,94.79,3.31,0,450
2020-05-24,92.42,90.04,84.98,95.15,2.38,0,450
2020-05-25,91.84,90.21,85.15,95.15,1.62,0,450
2020-05-26,86.53,90.47,85.48,95.4,-3.93,0,450
2020-05-27,93.14,90.73,85.89,95.6,2.41,0,450
2020-05-28,95.76,91.03,86.49,95.77,4.73,0,450
2020-05-29,84.09,91.34,86.72,95.91,-7.24,0,450
2020-05-30,89.11,91.6,87.13,96.22,-2.49,0,450
2020-05-31,84.89,91.79,87.34,96.53,-6.91,0,450
2020-06-01,87.79,91.95,87.62,96.59,-4.16,0,450
2020-06-02,89.6,92.09,87.69,96.59,-2.49,0,450
2020-06-03,88.76,92.23,87.82,96.64,-3.47,0,450
2020-06-04,91.45,92.35,87.92,96.66,-0.9,0,450
2020-06-05,92.35,92.47,87.99,96.71,-0.12,0,450
2020-06-06,91.71,92.66,88.26,96.72,-0.95,0,450
2020-06-07,97.32,92.82,88.46,96.73,4.5,1,450
2020-06-08,95.81,92.92,88.72,96.84,2.89,0,450
2020-06-09,94.99,93.07,88.93,96.9,1.92,0,450
2020-06-10,94.12,93.12,88.94,96.95,1.0,0,450
2020-06-11,92.68,93.15,88.89,97.02,-0.47,0,450
2020-06-12,91.5,93.11,88.72,96.98,-1.61,0,450
2020-06-13,91.0,93.02,88.55,96.9,-2.03,0,450
2020-06-14,91.09,92.95,88.44,96.85,-1.86,0,450
2020-06-15,91.71,92.94,88.59,96.56,-1.23,0,450
2020-06-16,91.36,92.92,88.64,96.38,-1.56,0,450
2020-06-17,89.93,92.89,88.7,96.34,-2.96,0,450
2020-06-18,91.74,92.84,88.44,96.31,-1.11,0,450
2020-06-19,88.05,92.86,88.58,96.29,-4.8,0,450
2020-06-20,91.63,92.86,88.7,96.27,-1.23,0,450
2020-06-21,91.19,92.81,88.7,96.25,-1.63,0,450
2020-06-22,93.82,92.76,88.48,96.29,1.06,0,450
2020-06-23,93.25,92.71,88.34,96.33,0.54,0,450
2020-06-24,93.96,92.65,88.26,96.33,1.31,0,450
2020-06-25,85.46,92.61,88.38,96.27,-7.15,0,450
2020-06-26,86.17,92.58,88.38,96.16,-6.41,0,450
2020-06-27,90.54,92.57,88.6,96.1,-2.02,0,450
2020-06-28,89.36,92.62,88.62,96.14,-3.26,0,450
2020-06-29,92.75,92.66,88.71,96.2,0.09,0,450
2020-06-30,93.57,92.63,88.65,96.25,0.95,0,450
2020-07-01,96.01,92.65,88.7,96.29,3.36,0,450
2020-07-02,94.47,92.7,88.77,96.35,1.76,0,450
2020-07-03,94.5,92.76,88.83,96.35,1.74,0,450
2020-07-04,95.74,92.81,89.02,96.39,2.92,0,450
2020-07-05,96.58,92.88,89.16,96.5,3.7,1,450
2020-07-06,95.27,93.03,89.51,96.62,2.24,0,450
2020-07-07,95.82,93.14,89.64,96.52,2.68,0,450
2020-07-08,95.07,93.26,89.8,96.49,1.81,0,450
2020-07-09,96.07,93.34,89.9,96.48,2.73,0,450
2020-07-10,96.11,93.41,89.93,96.52,2.69,0,450
2020-07-11,96.89,93.5,90.05,96.54,3.39,1,450
2020-07-12,100.07,93.6,90.22,96.63,6.47,1,450
2020-07-13,99.92,93.69,90.16,96.65,6.24,1,450
2020-07-14,96.34,93.81,90.45,96.7,2.54,0,450
2020-07-15,96.22,93.96,90.92,96.76,2.25,0,450
2020-07-16,95.42,94.1,91.08,96.89,1.32,0,450
2020-07-17,94.56,94.21,91.09,96.89,0.35,0,450
2020-07-18,91.57,94.29,91.1,96.96,-2.72,0,450
2020-07-19,94.08,94.3,91.1,96.98,-0.22,0,450
2020-07-20,95.12,94.34,91.15,96.98,0.77,0,450
2020-07-21,96.14,94.33,91.1,96.96,1.81,0,450
2020-07-22,95.9,94.36,91.09,97.01,1.54,0,450
2020-07-23,95.11,94.42,91.09,97.11,0.69,0,450
2020-07-24,96.01,94.53,91.08,97.23,1.48,0,450
2020-07-25,84.92,94.63,91.17,97.32,-9.7,0,450
2020-07-26,86.62,94.71,91.38,97.38,-8.08,0,450
2020-07-27,92.36,94.75,91.42,97.38,-2.4,0,450
2020-07-28,86.35,94.81,91.68,97.38,-8.46,0,450
2020-07-29,86.11,94.83,91.84,97.35,-8.72,0,450
2020-07-30,92.84,94.88,92.07,97.43,-2.04,0,450
2020-07-31,93.16,94.91,92.14,97.54,-1.75,0,450
2020-08-01,92.79,94.95,92.27,97.7,-2.16,0,450
2020-08-02,91.35,94.99,92.35,97.71,-3.64,0,450
2020-08-03,92.49,95.05,92.51,97.76,-2.56,0,450
2020-08-04,93.47,95.06,92.56,97.83,-1.59,0,450
2020-08-05,93.82,95.11,92.6,97.87,-1.3,0,450
2020-08-06,93.33,95.15,92.56,97.91,-1.82,0,450
2020-08-07,93.63,95.09,92.22,97.87,-1.46,0,450
2020-08-08,93.0,95.06,92.14,97.94,-2.06,0,450
2020-08-09,93.27,95.05,92.02,97.99,-1.78,0,450
2020-08-10,93.68,95.04,92.02,97.99,-1.36,0,450
2020-08-11,95.17,95.05,92.02,98.02,0.13,0,450
2020-08-12,94.47,95.03,91.88,98.02,-0.56,0,450
2020-08-13,94.94,95.01,91.86,98.03,-0.07,0,450
2020-08-14,94.92,94.95,91.69,98.02,-0.03,0,450
2020-08-15,94.8,94.85,91.25,97.91,-0.04,0,450
2020-08-16,95.51,94.75,90.99,97.9,0.75,0,450
2020-08-17,93.94,94.69,90.98,97.85,-0.75,0,450
2020-08-18,94.8,94.57,90.76,97.78,0.23,0,450
2020-08-19,96.66,94.51,90.73,97.71,2.16,0,450
2020-08-20,97.58,94.43,90.5,97.71,3.15,0,450
2020-08-21,95.95,94.35,90.4,97.62,1.6,0,450
2020-08-22,96.13,94.34,90.33,97.62,1.79,0,450
2020-08-23,91.27,94.29,90.24,97.58,-3.02,0,450
2020-08-24,91.14,94.18,90.14,97.58,-3.04,0,450
2020-08-25,90.75,94.03,90.04,97.59,-3.28,0,450
2020-08-26,94.57,93.92,89.9,97.58,0.65,0,450
2020-08-27,97.9,93.79,89.63,97.58,4.11,1,450
2020-08-28,96.25,93.63,89.18,97.6,2.62,0,450
2020-08-29,96.59,93.43,88.88,97.58,3.16,0,450
2020-08-30,96.11,93.22,88.65,97.56,2.89,0,450
2020-08-31,96.22,93.01,88.44,97.51,3.21,0,450
2020-09-01,98.09,92.84,88.4,97.38,5.25,1,450
2020-09-02,97.52,92.72,88.41,97.28,4.8,1,450
2020-09-03,96.15,92.47,88.07,97.02,3.68,0,450
2020-09-04,93.18,92.2,87.61,96.6,0.98,0,450
2020-09-05,84.3,91.95,87.44,96.33,-7.65,0,450
2020-09-06,87.38,91.7,87.38,96.16,-4.32,0,450
2020-09-07,88.64,91.44,87.21,95.72,-2.79,0,450
2020-09-08,92.61,91.21,86.67,95.5,1.4,0,450
2020-09-09,93.03,91.04,86.41,95.26,1.99,0,450
2020-09-10,80.77,90.88,85.95,95.11,-10.11,0,450
2020-09-11,79.8,90.77,85.91,94.82,-10.97,0,450
2020-09-12,91.01,90.68,85.5,94.81,0.34,0,450
2020-09-13,90.26,90.62,85.52,94.7,-0.36,0,450
2020-09-14,81.93,90.58,85.32,94.7,-8.65,0,450
2020-09-15,87.52,90.53,85.28,94.68,-3.01,0,450
2020-09-16,91.02,90.41,85.23,94.64,0.61,0,450
2020-09-17,85.37,90.31,85.03,94.69,-4.94,0,450
2020-09-18,84.98,90.25,84.92,94.69,-5.26,0,450
2020-09-19,84.82,90.22,84.85,94.68,-5.4,0,450
2020-09-20,86.53,90.14,84.7,94.68,-3.61,0,450
2020-09-21,82.51,90.03,84.68,94.62,-7.52,0,450
2020-09-22,89.9,89.88,84.39,94.52,0.02,0,450
2020-09-23,91.29,89.74,84.22,94.38,1.55,0,450
2020-09-24,88.52,89.63,84.22,94.1,-1.11,0,450
2020-09-25,88.86,89.48,84.02,94.01,-0.62,0,450
2020-09-26,92.33,89.32,84.1,93.9,3.01,0,450
2020-09-27,93.56,89.16,84.21,93.68,4.41,0,450
2020-09-28,91.39,89.03,84.21,93.62,2.36,0,450
2020-09-29,80.37,88.83,84.21,93.29,-8.46,0,450
2020-09-30,85.28,88.59,83.89,92.99,-3.31,0,450
2020-10-01,84.63,88.32,83.54,92.69,-3.69,0,450
2020-10-02,84.98,88.03,83.54,92.38,-3.05,0,450
2020-10-03,87.01,87.82,83.45,92.3,-0.81,0,450
2020-10-04,84.6,87.62,82.82,92.18,-3.03,0,450
2020-10-05,85.24,87.48,82.7,92.06,-2.24,0,450
2020-10-06,86.42,87.33,82.53,92.02,-0.91,0,450
2020-10-07,83.65,87.2,82.43,91.91,-3.55,0,450
2020-10-08,87.63,87.13,82.35,91.91,0.5,0,450
2020-10-09,92.05,86.93,81.74,91.98,5.12,1,450
2020-10-10,93.98,86.72,80.28,91.98,7.26,1,450
2020-10-11,92.18,86.51,79.9,91.98,5.67,1,450
2020-10-12,91.45,86.29,79.82,91.97,5.17,0,450
2020-10-13,89.82,86.03,79.25,91.82,3.78,0,450
2020-10-14,89.81,85.88,79.08,91.52,3.93,0,450
2020-10-15,91.99,85.73,78.62,91.46,6.26,1,450
2020-10-16,82.25,85.62,78.02,91.45,-3.37,0,450
2020-10-17,85.16,85.5,78.02,91.3,-0.33,0,450
2020-10-18,89.94,85.35,78.02,91.24,4.6,0,450
2020-10-19,90.72,85.16,77.84,91.16,5.56,0,450
2020-10-20,88.9,84.79,77.13,90.93,4.11,0,450
2020-10-21,88.85,84.44,76.54,90.72,4.41,0,450
2020-10-22,89.02,84.27,76.49,90.62,4.75,0,450
2020-10-23,91.28,84.07,76.49,90.25,7.21,1,450
2020-10-24,75.89,83.89,76.4,90.01,-8.0,0,450
2020-10-25,88.31,83.73,75.99,89.93,4.58,0,450
2020-10-26,89.16,83.4,75.58,89.73,5.76,0,450
2020-10-27,69.29,83.03,74.8,89.43,-13.73,0,450
2020-10-28,70.41,82.72,74.79,89.25,-12.31,0,450
2020-10-29,79.08,82.46,74.68,88.99,-3.38,0,450
2020-10-30,72.88,82.25,74.33,88.75,-9.37,0,450
2020-10-31,80.42,82.06,73.9,88.75,-1.64,0,450
2020-11-01,81.37,81.71,73.11,88.48,-0.35,0,450
2020-11-02,79.45,81.37,72.87,88.4,-1.92,0,450
2020-11-03,79.0,81.06,71.95,88.27,-2.06,0,450
2020-11-04,82.91,80.92,72.1,88.17,1.98,0,450
2020-11-05,83.42,80.58,71.72,87.92,2.84,0,450
2020-11-06,83.02,80.02,70.79,87.58,2.99,0,450
2020-11-07,82.65,79.59,70.33,87.47,3.05,0,450
2020-11-08,85.28,79.34,69.93,87.16,5.94,0,450
2020-11-09,86.63,79.0,69.54,86.55,7.63,1,450
2020-11-10,85.16,78.82,68.8,86.52,6.33,0,450
2020-11-11,83.87,78.77,68.8,86.25,5.1,0,450
2020-11-12,84.78,78.61,68.68,86.23,6.17,0,450
2020-11-13,87.69,78.41,68.8,85.98,9.28,1,450
2020-11-14,89.21,78.23,68.58,85.66,10.98,1,450
2020-11-15,85.11,78.04,68.69,85.52,7.08,0,450
2020-11-16,80.58,78.01,68.69,85.52,2.57,0,450
2020-11-17,80.12,77.85,68.53,85.51,2.27,0,450
2020-11-18,82.09,77.64,67.74,85.39,4.45,0,450
2020-11-19,83.12,77.43,67.61,85.27,5.68,0,450
2020-11-20,83.97,77.45,67.61,85.43,6.52,0,450
2020-11-21,82.83,77.49,67.62,85.22,5.34,0,450
2020-11-22,83.37,77.42,67.48,85.21,5.95,0,450
2020-11-23,81.73,77.16,67.44,85.06,4.57,0,450
2020-11-24,85.21,76.88,66.91,84.93,8.33,1,450
2020-11-25,85.01,76.7,66.79,84.8,8.32,1,450
2020-11-26,86.62,76.48,66.64,84.69,10.14,1,450
2020-11-27,85.82,76.23,66.48,84.56,9.59,1,450
2020-11-28,85.05,75.85,65.63,84.32,9.2,1,450
2020-11-29,70.91,75.46,64.55,84.25,-4.55,0,450
2020-11-30,62.3,75.14,63.72,84.17,-12.84,0,450
2020-12-01,71.48,74.78,63.3,83.79,-3.3,0,450
2020-12-02,77.89,74.59,63.04,83.81,3.3,0,450
2020-12-03,61.39,74.28,61.67,83.69,-12.89,0,450
2020-12-04,58.75,73.96,61.38,83.5,-15.21,0,450
2020-12-05,52.6,73.71,61.38,83.2,-21.12,0,450
2020-12-06,64.57,73.66,61.38,83.08,-9.09,0,450
2020-12-07,70.11,73.53,61.47,82.93,-3.41,0,450
2020-12-08,75.74,73.45,61.01,82.84,2.29,0,450
2020-12-09,78.11,73.31,60.73,82.93,4.8,0,450
2020-12-10,79.08,72.99,60.73,82.88,6.09,0,450
2020-12-11,82.68,72.66,60.4,82.82,10.02,0,450
2020-12-12,81.34,72.52,60.73,82.73,8.81,0,450
2020-12-13,83.71,72.54,60.89,82.68,11.17,1,450
2020-12-14,57.84,72.57,61.29,82.63,-14.74,0,450
2020-12-15,78.88,72.61,61.29,82.16,6.26,0,450
2020-12-16,65.61,72.56,60.89,82.16,-6.95,0,450
2020-12-17,68.94,72.2,60.8,81.62,-3.27,0,450
2020-12-18,74.15,71.95,60.08,81.69,2.2,0,450
2020-12-19,82.63,71.79,59.59,81.53,10.83,1,450
2020-12-20,75.51,71.7,59.59,81.62,3.81,0,450
2020-12-21,78.03,71.36,58.73,81.21,6.67,0,450
2020-12-22,78.41,71.11,58.68,81.21,7.3,0,450
2020-12-23,85.11,70.9,58.67,81.23,14.21,1,450
2020-12-24,61.31,70.72,58.81,81.06,-9.42,0,450
2020-12-25,69.49,70.62,58.11,81.09,-1.13,0,450
2020-12-26,74.96,70.31,57.65,81.18,4.64,0,450
2020-12-27,80.68,69.99,57.48,81.18,10.7,0,450
2020-12-28,80.66,69.8,57.35,81.23,10.86,0,450
2020-12-29,82.62,69.75,57.09,81.18,12.87,1,450
2020-12-30,81.56,69.6,56.95,80.91,11.95,1,450
2020-12-31,57.66,69.42,56.55,80.68,-11.76,0,450
2021-01-01,56.33,69.54,56.61,80.68,-13.21,0,450
2021-01-02,65.43,69.85,57.09,80.7,-4.42,0,450
2021-01-03,72.32,69.98,57.27,80.76,2.34,0,450
2021-01-04,80.83,69.98,57.43,80.73,10.85,1,450
2021-01-05,80.36,70.08,57.66,80.81,10.27,0,450
2021-01-06,79.79,70.0,57.49,80.93,9.79,0,450
2021-01-07,71.61,69.9,57.6,80.77,1.71,0,450
2021-01-08,66.68,69.99,57.71,80.93,-3.31,0,450
2021-01-09,64.0,70.13,57.73,81.21,-6.13,0,450
2021-01-10,65.29,70.47,57.92,81.36,-5.18,0,450
2021-01-11,49.65,70.73,58.65,81.4,-21.08,0,450
2021-01-12,51.04,70.65,58.02,81.44,-19.62,0,450
2021-01-13,64.48,70.74,58.05,81.69,-6.26,0,450
2021-01-14,80.97,70.9,58.1,81.76,10.07,0,450
2021-01-15,64.31,71.25,59.16,81.86,-6.94,0,450
2021-01-16,69.76,71.37,59.3,81.87,-1.61,0,450
2021-01-17,72.79,71.17,59.08,81.87,1.61,0,450
2021-01-18,77.73,71.2,59.3,81.86,6.54,0,450
2021-01-19,76.48,71.3,59.38,81.91,5.18,0,450
2021-01-20,71.63,71.41,59.51,81.76,0.22,0,450
2021-01-21,66.11,71.61,60.15,81.7,-5.51,0,450
2021-01-22,74.43,71.79,59.86,81.76,2.64,0,450
2021-01-23,76.97,71.8,59.98,81.85,5.17,0,450
2021-01-24,81.51,71.91,60.34,81.76,9.6,0,450
2021-01-25,86.02,72.09,60.79,81.76,13.93,1,450
2021-01-26,83.48,72.06,60.79,81.72,11.42,1,450
2021-01-27,73.14,72.14,60.82,81.75,1.0,0,450
2021-01-28,68.56,71.99,60.69,81.72,-3.44,0,450
2021-01-29,75.38,71.89,60.8,81.72,3.49,0,450
2021-01-30,82.34,71.79,60.79,81.86,10.55,1,450
2021-01-31,76.76,71.88,60.82,81.96,4.88,0,450
2021-02-01,68.59,72.07,60.82,82.25,-3.48,0,450
2021-02-02,73.16,72.29,60.8,82.72,0.86,0,450
2021-02-03,78.32,72.43,60.79,83.02,5.89,0,450
2021-02-04,84.22,72.44,60.68,83.25,11.79,1,450
2021-02-05,74.12,72.42,60.32,83.5,1.7,0,450
2021-02-06,74.48,72.53,60.82,83.52,1.95,0,450
2021-02-07,77.56,72.85,61.15,83.69,4.71,0,450
2021-02-08,80.62,73.17,61.15,84.05,7.45,0,450
2021-02-09,82.64,73.3,61.15,84.16,9.34,0,450
2021-02-10,84.19,73.64,61.59,84.29,10.55,0,450
2021-02-11,62.83,74.04,61.89,84.42,-11.21,0,450
2021-02-12,42.47,74.38,62.51,84.57,-31.91,0,450
2021-02-13,40.73,74.73,62.83,84.79,-33.99,0,450
2021-02-14,41.08,75.16,62.97,85.01,-34.09,0,450
2021-02-15,35.57,75.47,63.04,85.02,-39.9,0,450
2021-02-16,45.24,75.93,63.39,85.4,-30.69,0,450
2021-02-17,51.65,76.15,63.78,85.61,-24.51,0,450
2021-02-18,47.45,76.29,64.5,85.7,-28.83,0,450
2021-02-19,53.41,76.37,64.29,85.55,-22.96,0,450
2021-02-20,67.83,76.55,64.76,86.0,-8.72,0,450
2021-02-21,78.62,76.83,65.0,86.06,1.79,0,458
2021-02-22,77.09,76.98,64.85,86.08,0.11,0,458
2021-02-23,79.82,76.97,65.06,86.08,2.85,0,458
2021-02-24,85.23,76.97,65.25,86.24,8.26,0,458
2021-02-25,83.7,76.97,65.38,86.24,6.73,0,458
2021-02-26,84.99,77.0,65.38,86.16,7.99,0,458
2021-02-27,83.02,77.04,65.38,86.24,5.98,0,458
2021-02-28,86.35,77.1,65.44,86.34,9.26,1,458
2021-03-01,76.33,77.0,65.44,86.09,-0.68,0,458
2021-03-02,64.47,76.96,64.86,86.16,-12.5,0,458
2021-03-03,73.81,76.75,64.27,86.29,-2.94,0,458
2021-03-04,77.6,76.65,64.17,86.09,0.95,0,458
2021-03-05,80.67,76.65,64.27,86.15,4.02,0,458
2021-03-06,70.85,76.9,65.33,86.34,-6.06,0,458
2021-03-07,71.67,77.19,66.13,86.35,-5.51,0,458
2021-03-08,75.36,77.25,66.35,86.48,-1.89,0,450
2021-03-09,80.58,77.3,66.56,86.62,3.28,0,450
2021-03-10,83.08,77.46,66.66,86.72,5.62,0,450
2021-03-11,83.15,77.9,67.0,87.12,5.25,0,450
2021-03-12,82.64,78.21,67.51,87.39,4.42,0,450
2021-03-13,83.6,78.36,68.49,87.4,5.24,0,450
2021-03-14,80.14,78.51,68.57,87.4,1.63,0,450
2021-03-15,81.75,78.71,69.23,87.41,3.05,0,450
2021-03-16,83.59,78.97,69.33,87.72,4.62,0,450
2021-03-17,87.69,79.24,69.57,87.72,8.45,0,450
2021-03-18,77.77,79.64,69.94,87.86,-1.87,0,450
2021-03-19,73.26,79.93,70.3,88.22,-6.68,0,450
2021-03-20,74.76,80.3,70.54,88.63,-5.54,0,450
2021-03-21,76.28,80.6,71.16,88.7,-4.32,0,450
2021-03-22,79.11,80.84,71.27,88.63,-1.73,0,450
2021-03-23,83.5,81.1,71.49,88.74,2.4,0,450
2021-03-24,84.75,81.28,71.65,88.97,3.48,0,450
2021-03-25,82.25,81.33,71.57,89.02,0.93,0,450
2021-03-26,83.67,81.35,71.46,89.1,2.31,0,450
2021-03-27,90.24,81.57,72.09,89.14,8.67,1,450
2021-03-28,75.1,81.83,72.56,89.45,-6.73,0,450
2021-03-29,69.65,81.98,72.56,89.64,-12.33,0,450
2021-03-30,85.67,82.02,72.52,89.72,3.65,0,450
2021-03-31,87.56,82.13,72.33,89.72,5.44,0,450
2021-04-01,68.46,82.21,72.56,89.96,-13.76,0,450
2021-04-02,73.53,82.31,72.59,90.21,-8.78,0,450
2021-04-03,76.32,82.6,72.92,90.32,-6.28,0,450
2021-04-04,79.55,82.74,73.01,90.28,-3.19,0,450
2021-04-05,81.33,82.76,73.01,90.28,-1.42,0,450
2021-04-06,83.76,82.87,73.41,90.58,0.89,0,450
2021-04-07,89.19,82.95,73.46,90.76,6.23,0,450
2021-04-08,91.6,83.0,73.72,90.79,8.6,1,450
2021-04-09,93.66,83.15,73.99,91.03,10.51,1,450
2021-04-10,86.98,83.23,74.44,91.06,3.75,0,450
2021-04-11,85.25,83.31,74.14,91.17,1.94,0,450
2021-04-12,86.2,83.51,74.88,91.34,2.69,0,450
2021-04-13,85.78,83.74,75.62,91.43,2.04,0,450
2021-04-14,91.48,83.94,75.68,91.56,7.54,0,450
2021-04-15,87.08,84.17,75.77,91.8,2.91,0,450
2021-04-16,87.76,84.34,76.12,91.78,3.41,0,450
2021-04-17,67.64,84.52,76.51,91.91,-16.88,0,450
2021-04-18,67.58,84.65,76.51,91.91,-17.07,0,450
2021-04-19,73.22,84.79,76.62,92.14,-11.57,0,450
2021-04-20,80.97,85.03,77.09,92.33,-4.05,0,450
2021-04-21,72.59,85.18,77.31,92.44,-12.59,0,450
2021-04-22,79.04,85.38,77.4,92.66,-6.34,0,450
2021-04-23,86.86,85.68,77.92,92.66,1.18,0,450
2021-04-24,94.99,86.02,78.22,92.84,8.97,1,450
2021-04-25,88.52,86.29,79.06,92.65,2.23,0,450
2021-04-26,84.38,86.47,79.46,92.9,-2.09,0,450
2021-04-27,90.16,86.62,79.49,93.2,3.54,0,450
2021-04-28,93.14,86.85,79.69,93.36,6.28,0,450
2021-04-29,88.54,87.08,79.83,93.75,1.46,0,450
2021-04-30,80.83,87.22,80.0,93.75,-6.39,0,450
2021-05-01,78.08,87.48,80.1,94.38,-9.41,0,450
2021-05-02,91.23,87.71,80.29,94.38,3.52,0,450
2021-05-03,92.71,87.83,80.86,94.48,4.88,0,450
2021-05-04,92.03,87.94,81.14,94.38,4.09,0,450
2021-05-05,82.05,88.07,81.34,94.48,-6.02,0,450
2021-05-06,81.94,88.21,81.86,94.15,-6.27,0,450
2021-05-07,85.19,88.35,81.98,94.15,-3.16,0,450
2021-05-08,89.51,88.44,82.09,94.14,1.07,0,450
2021-05-09,91.78,88.47,82.13,94.14,3.31,0,450
2021-05-10,88.76,88.55,82.3,94.48,0.21,0,450
2021-05-11,91.84,88.64,82.69,94.38,3.2,0,450
2021-05-12,78.84,88.7,82.79,94.38,-9.85,0,450
2021-05-13,78.12,88.71,82.84,94.28,-10.59,0,450
2021-05-14,84.64,88.73,82.9,94.33,-4.09,0,450
2021-05-15,81.91,88.75,83.03,94.37,-6.84,0,450
2021-05-16,87.35,88.8,83.29,93.85,-1.46,0,450
2021-05-17,88.82,88.87,83.47,93.78,-0.05,0,450
2021-05-18,87.4,88.98,83.6,93.85,-1.57,0,450
2021-05-19,80.7,89.11,83.84,94.21,-8.41,0,450
2021-05-20,84.45,89.27,84.1,94.33,-4.82,0,450
2021-05-21,85.86,89.45,84.28,94.55,-3.6,0,450
2021-05-22,87.12,89.57,84.28,94.65,-2.45,0,450
2021-05-23,87.14,89.78,84.54,94.79,-2.64,0,450
2021-05-24,86.44,90.04,84.98,95.15,-3.6,0,450
2021-05-25,87.9,90.21,85.15,95.15,-2.31,0,450
2021-05-26,89.46,90.47,85.48,95.4,-1.01,0,450
2021-05-27,89.67,90.73,85.89,95.6,-1.05,0,450
2021-05-28,90.2,91.03,86.49,95.77,-0.83,0,450
2021-05-29,84.63,91.34,86.72,95.91,-6.7,0,450
2021-05-30,87.84,91.6,87.13,96.22,-3.76,0,450
2021-05-31,88.86,91.79,87.34,96.53,-2.94,0,450
2021-06-01,80.37,91.95,87.62,96.59,-11.58,0,450
2021-06-02,87.25,92.09,87.69,96.59,-4.84,0,450
2021-06-03,88.63,92.23,87.82,96.64,-3.6,0,450
2021-06-04,83.55,92.35,87.92,96.66,-8.8,0,450
2021-06-05,88.4,92.47,87.99,96.71,-4.06,0,450
2021-06-06,91.8,92.66,88.26,96.72,-0.86,0,450
2021-06-07,91.68,92.82,88.46,96.73,-1.14,0,450
2021-06-08,91.41,92.92,88.72,96.84,-1.52,0,450
2021-06-09,92.36,93.07,88.93,96.9,-0.71,0,450
2021-06-10,91.66,93.12,88.94,96.95,-1.45,0,450
2021-06-11,93.24,93.15,88.89,97.02,0.1,0,450
2021-06-12,91.6,93.11,88.72,96.98,-1.52,0,450
2021-06-13,92.06,93.02,88.55,96.9,-0.96,0,450
2021-06-14,93.8,92.95,88.44,96.85,0.85,0,450
2021-06-15,92.9,92.94,88.59,96.56,-0.04,0,450
2021-06-16,91.15,92.92,88.64,96.38,-1.77,0,450
2021-06-17,90.08,92.89,88.7,96.34,-2.81,0,450
2021-06-18,91.36,92.84,88.44,96.31,-1.48,0,450
2021-06-19,92.52,92.86,88.58,96.29,-0.34,0,450
2021-06-20,91.33,92.86,88.7,96.27,-1.53,0,450
2021-06-21,94.05,92.81,88.7,96.25,1.24,0,450
2021-06-22,89.94,92.76,88.48,96.29,-2.82,0,450
2021-06-23,89.26,92.71,88.34,96.33,-3.46,0,450
2021-06-24,92.52,92.65,88.26,96.33,-0.13,0,450
2021-06-25,92.83,92.61,88.38,96.27,0.22,0,450
2021-06-26,92.51,92.58,88.38,96.16,-0.07,0,450
2021-06-27,92.45,92.57,88.6,96.1,-0.12,0,450
2021-06-28,88.44,92.62,88.62,96.14,-4.17,0,450
2021-06-29,87.72,92.66,88.71,96.2,-4.94,0,450
2021-06-30,87.3,92.63,88.65,96.25,-5.33,0,450
2021-07-01,90.37,92.65,88.7,96.29,-2.28,0,450
2021-07-02,91.31,92.7,88.77,96.35,-1.39,0,450
2021-07-03,92.21,92.76,88.83,96.35,-0.55,0,450
2021-07-04,93.57,92.81,89.02,96.39,0.76,0,450
2021-07-05,92.18,92.88,89.16,96.5,-0.7,0,450
2021-07-06,85.32,93.03,89.51,96.62,-7.71,0,450
2021-07-07,79.7,93.14,89.64,96.52,-13.44,0,450
2021-07-08,88.11,93.26,89.8,96.49,-5.15,0,450
2021-07-09,85.12,93.34,89.9,96.48,-8.21,0,450
2021-07-10,87.01,93.41,89.93,96.52,-6.4,0,450
2021-07-11,89.38,93.5,90.05,96.54,-4.12,0,450
2021-07-12,91.09,93.6,90.22,96.63,-2.51,0,450
2021-07-13,90.44,93.69,90.16,96.65,-3.25,0,450
2021-07-14,89.89,93.81,90.45,96.7,-3.92,0,450
2021-07-15,91.2,93.96,90.92,96.76,-2.76,0,450
2021-07-16,91.5,94.1,91.08,96.89,-2.6,0,450
2021-07-17,91.76,94.21,91.09,96.89,-2.45,0,450
2021-07-18,92.73,94.29,91.1,96.96,-1.56,0,450
2021-07-19,93.66,94.3,91.1,96.98,-0.64,0,450
2021-07-20,94.51,94.34,91.15,96.98,0.16,0,450
2021-07-21,89.42,94.33,91.1,96.96,-4.91,0,450
2021-07-22,89.26,94.36,91.09,97.01,-5.09,0,450
2021-07-23,91.61,94.42,91.09,97.11,-2.81,0,450
2021-07-24,93.08,94.53,91.08,97.23,-1.45,0,450
2021-07-25,92.34,94.63,91.17,97.32,-2.29,0,450
2021-07-26,92.36,94.71,91.38,97.38,-2.35,0,450
2021-07-27,92.06,94.75,91.42,97.38,-2.69,0,450
2021-07-28,91.31,94.81,91.68,97.38,-3.5,0,450
2021-07-29,90.87,94.83,91.84,97.35,-3.96,0,450
2021-07-30,91.36,94.88,92.07,97.43,-3.52,0,450
2021-07-31,94.6,94.91,92.14,97.54,-0.32,0,450
2021-08-01,94.35,94.95,92.27,97.7,-0.6,0,450
2021-08-02,94.94,94.99,92.35,97.71,-0.05,0,450
2021-08-03,95.33,95.05,92.51,97.76,0.28,0,450
2021-08-04,95.23,95.06,92.56,97.83,0.17,0,450
2021-08-05,94.26,95.11,92.6,97.87,-0.86,0,450
2021-08-06,91.84,95.15,92.56,97.91,-3.31,0,450
2021-08-07,94.15,95.09,92.22,97.87,-0.94,0,450
2021-08-08,93.6,95.06,92.14,97.94,-1.46,0,450
2021-08-09,94.21,95.05,92.02,97.99,-0.84,0,450
2021-08-10,93.86,95.04,92.02,97.99,-1.18,0,450
2021-08-11,94.21,95.05,92.02,98.02,-0.83,0,450
2021-08-12,94.59,95.03,91.88,98.02,-0.44,0,450
2021-08-13,94.12,95.01,91.86,98.03,-0.89,0,450
2021-08-14,94.11,94.95,91.69,98.02,-0.84,0,450
2021-08-15,93.21,94.85,91.25,97.91,-1.64,0,450
2021-08-16,93.84,94.75,90.99,97.9,-0.92,0,450
2021-08-17,94.83,94.69,90.98,97.85,0.15,0,450
2021-08-18,95.55,94.57,90.76,97.78,0.98,0,450
2021-08-19,95.1,94.51,90.73,97.71,0.59,0,450
2021-08-20,93.83,94.43,90.5,97.71,-0.59,0,450
2021-08-21,93.96,94.35,90.4,97.62,-0.39,0,450
2021-08-22,93.69,94.34,90.33,97.62,-0.66,0,450
2021-08-23,94.78,94.29,90.24,97.58,0.49,0,450
2021-08-24,94.63,94.18,90.14,97.58,0.45,0,450
2021-08-25,94.02,94.03,90.04,97.59,-0.01,0,450
2021-08-26,93.22,93.92,89.9,97.58,-0.7,0,450
2021-08-27,92.42,93.79,89.63,97.58,-1.37,0,450
2021-08-28,93.58,93.63,89.18,97.6,-0.05,0,450
2021-08-29,94.41,93.43,88.88,97.58,0.97,0,450
2021-08-30,95.58,93.22,88.65,97.56,2.36,0,450
2021-08-31,94.97,93.01,88.44,97.51,1.95,0,450
2021-09-01,96.18,92.84,88.4,97.38,3.34,0,450
2021-09-02,96.07,92.72,88.41,97.28,3.35,0,450
2021-09-03,95.78,92.47,88.07,97.02,3.31,0,450
2021-09-04,95.4,92.2,87.61,96.6,3.2,0,450
2021-09-05,96.41,91.95,87.44,96.33,4.46,1,450
2021-09-06,95.4,91.7,87.38,96.16,3.7,0,450
2021-09-07,95.58,91.44,87.21,95.72,4.14,0,450
2021-09-08,93.94,91.21,86.67,95.5,2.74,0,450
2021-09-09,93.3,91.04,86.41,95.26,2.26,0,450
2021-09-10,93.46,90.88,85.95,95.11,2.58,0,450
2021-09-11,91.29,90.77,85.91,94.82,0.52,0,450
2021-09-12,85.91,90.68,85.5,94.81,-4.77,0,450
2021-09-13,87.82,90.62,85.52,94.7,-2.8,0,450
2021-09-14,92.38,90.58,85.32,94.7,1.8,0,450
2021-09-15,90.85,90.53,85.28,94.68,0.32,0,450
2021-09-16,92.3,90.41,85.23,94.64,1.88,0,450
2021-09-17,95.18,90.31,85.03,94.69,4.87,1,450
2021-09-18,95.52,90.25,84.92,94.69,5.28,1,450
2021-09-19,94.75,90.22,84.85,94.68,4.53,1,450
2021-09-20,95.99,90.14,84.7,94.68,5.84,1,450
2021-09-21,88.3,90.03,84.68,94.62,-1.72,0,450
2021-09-22,80.89,89.88,84.39,94.52,-8.99,0,450
2021-09-23,86.47,89.74,84.22,94.38,-3.27,0,450
2021-09-24,87.11,89.63,84.22,94.1,-2.52,0,450
2021-09-25,87.97,89.48,84.02,94.01,-1.51,0,450
2021-09-26,89.87,89.32,84.1,93.9,0.55,0,450
2021-09-27,93.17,89.16,84.21,93.68,4.01,0,450
2021-09-28,93.78,89.03,84.21,93.62,4.75,1,450
2021-09-29,94.06,88.83,84.21,93.29,5.23,1,450
2021-09-30,91.6,88.59,83.89,92.99,3.0,0,450
2021-10-01,86.3,88.32,83.54,92.69,-2.02,0,450
2021-10-02,90.75,88.03,83.54,92.38,2.72,0,450
2021-10-03,89.14,87.82,83.45,92.3,1.32,0,450
2021-10-04,88.88,87.62,82.82,92.18,1.25,0,450
2021-10-05,89.75,87.48,82.7,92.06,2.27,0,450
2021-10-06,88.29,87.33,82.53,92.02,0.97,0,450
2021-10-07,88.26,87.2,82.43,91.91,1.05,0,450
2021-10-08,87.98,87.13,82.35,91.91,0.85,0,450
2021-10-09,89.77,86.93,81.74,91.98,2.84,0,450
2021-10-10,92.12,86.72,80.28,91.98,5.4,1,450
2021-10-11,90.64,86.51,79.9,91.98,4.13,0,450
2021-10-12,92.08,86.29,79.82,91.97,5.79,1,450
2021-10-13,89.63,86.03,79.25,91.82,3.6,0,450
2021-10-14,90.47,85.88,79.08,91.52,4.58,0,450
2021-10-15,91.56,85.73,78.62,91.46,5.83,1,450
2021-10-16,76.51,85.62,78.02,91.45,-9.11,0,450
2021-10-17,80.34,85.5,78.02,91.3,-5.16,0,450
2021-10-18,82.71,85.35,78.02,91.24,-2.64,0,450
2021-10-19,87.04,85.16,77.84,91.16,1.87,0,450
2021-10-20,88.78,84.79,77.13,90.93,3.99,0,450
2021-10-21,89.57,84.44,76.54,90.72,5.13,0,450
2021-10-22,89.12,84.27,76.49,90.62,4.85,0,450
2021-10-23,88.16,84.07,76.49,90.25,4.09,0,450
2021-10-24,90.75,83.89,76.4,90.01,6.87,1,450
2021-10-25,90.64,83.73,75.99,89.93,6.91,1,450
2021-10-26,90.04,83.4,75.58,89.73,6.64,1,450
2021-10-27,92.0,83.03,74.8,89.43,8.97,1,450
2021-10-28,85.83,82.72,74.79,89.25,3.11,0,450
2021-10-29,84.39,82.46,74.68,88.99,1.93,0,450
2021-10-30,86.23,82.25,74.33,88.75,3.98,0,450
2021-10-31,87.03,82.06,73.9,88.75,4.97,0,450
2021-11-01,85.44,81.71,73.11,88.48,3.73,0,450
2021-11-02,87.36,81.37,72.87,88.4,5.99,0,450
2021-11-03,86.36,81.06,71.95,88.27,5.3,0,450
2021-11-04,67.4,80.92,72.1,88.17,-13.52,0,450
2021-11-05,70.47,80.58,71.72,87.92,-10.11,0,450
2021-11-06,75.49,80.02,70.79,87.58,-4.53,0,450
2021-11-07,79.17,79.59,70.33,87.47,-0.42,0,450
2021-11-08,80.96,79.34,69.93,87.16,1.62,0,450
2021-11-09,83.68,79.0,69.54,86.55,4.68,0,450
2021-11-10,83.26,78.82,68.8,86.52,4.43,0,450
2021-11-11,87.31,78.77,68.8,86.25,8.53,1,450
2021-11-12,85.45,78.61,68.68,86.23,6.84,0,450
2021-11-13,77.73,78.41,68.8,85.98,-0.69,0,450
2021-11-14,82.4,78.23,68.58,85.66,4.18,0,450
2021-11-15,84.75,78.04,68.69,85.52,6.72,0,450
2021-11-16,84.51,78.01,68.69,85.52,6.51,0,450
2021-11-17,85.88,77.85,68.53,85.51,8.03,1,450
2021-11-18,80.2,77.64,67.74,85.39,2.57,0,450
2021-11-19,73.58,77.43,67.61,85.27,-3.85,0,450
2021-11-20,82.01,77.45,67.61,85.43,4.56,0,450
2021-11-21,83.2,77.49,67.62,85.22,5.71,0,450
2021-11-22,71.86,77.42,67.48,85.21,-5.56,0,450
2021-11-23,77.73,77.16,67.44,85.06,0.57,0,450
2021-11-24,82.26,76.88,66.91,84.93,5.38,0,450
2021-11-25,79.18,76.7,66.79,84.8,2.49,0,450
2021-11-26,59.25,76.48,66.64,84.69,-17.23,0,450
2021-11-27,64.04,76.23,66.48,84.56,-12.19,0,450
2021-11-28,71.35,75.85,65.63,84.32,-4.5,0,450
2021-11-29,73.04,75.46,64.55,84.25,-2.41,0,450
2021-11-30,78.05,75.14,63.72,84.17,2.91,0,450
2021-12-01,80.99,74.78,63.3,83.79,6.21,0,450
2021-12-02,82.52,74.59,63.04,83.81,7.93,0,450
2021-12-03,82.65,74.28,61.67,83.69,8.37,0,450
2021-12-04,83.12,73.96,61.38,83.5,9.16,0,450
2021-12-05,83.36,73.71,61.38,83.2,9.64,1,450
2021-12-06,84.6,73.66,61.38,83.08,10.94,1,450
2021-12-07,65.58,73.53,61.47,82.93,-7.95,0,450
2021-12-08,75.51,73.45,61.01,82.84,2.07,0,450
2021-12-09,85.44,73.31,60.73,82.93,12.13,1,450
2021-12-10,84.04,72.99,60.73,82.88,11.05,1,450
2021-12-11,77.64,72.66,60.4,82.82,4.98,0,450
2021-12-12,68.19,72.52,60.73,82.73,-4.33,0,450
2021-12-13,80.48,72.54,60.89,82.68,7.94,0,450
2021-12-14,84.66,72.57,61.29,82.63,12.08,1,450
2021-12-15,82.67,72.61,61.29,82.16,10.06,1,450
2021-12-16,84.02,72.56,60.89,82.16,11.45,1,450
2021-12-17,82.33,72.2,60.8,81.62,10.13,1,450
2021-12-18,83.79,71.95,60.08,81.69,11.84,1,450
2021-12-19,54.39,71.79,59.59,81.53,-17.4,0,450
2021-12-20,64.54,71.7,59.59,81.62,-7.16,0,450
2021-12-21,69.52,71.36,58.73,81.21,-1.84,0,450
2021-12-22,77.03,71.11,58.68,81.21,5.92,0,450
2021-12-23,79.11,70.9,58.67,81.23,8.21,0,450
2021-12-24,80.32,70.72,58.81,81.06,9.6,0,450
2021-12-25,82.47,70.62,58.11,81.09,11.85,1,450
2021-12-26,82.5,70.31,57.65,81.18,12.18,1,450
2021-12-27,83.11,69.99,57.48,81.18,13.12,1,450
2021-12-28,84.61,69.8,57.35,81.23,14.81,1,450
2021-12-29,87.77,69.75,57.09,81.18,18.01,1,450
2021-12-30,84.76,69.6,56.95,80.91,15.15,1,450
2021-12-31,85.78,69.42,56.55,80.68,16.36,1,450
2022-01-01,88.72,69.54,56.61,80.68,19.18,1,450
2022-01-02,57.8,69.85,57.09,80.7,-12.05,0,450
2022-01-03,59.66,69.98,57.27,80.76,-10.32,0,450
2022-01-04,73.64,69.98,57.43,80.73,3.66,0,450
2022-01-05,81.04,70.08,57.66,80.81,10.96,1,450
2022-01-06,83.3,70.0,57.49,80.93,13.3,1,450
2022-01-07,59.26,69.9,57.6,80.77,-10.64,0,450
2022-01-08,78.53,69.99,57.71,80.93,8.54,0,450
2022-01-09,82.93,70.13,57.73,81.21,12.8,1,450
2022-01-10,59.07,70.47,57.92,81.36,-11.4,0,450
2022-01-11,68.42,70.73,58.65,81.4,-2.31,0,450
2022-01-12,63.24,70.65,58.02,81.44,-7.41,0,450
2022-01-13,74.97,70.74,58.05,81.69,4.23,0,450
2022-01-14,79.25,70.9,58.1,81.76,8.35,0,450
2022-01-15,66.77,71.25,59.16,81.86,-4.48,0,450
2022-01-16,65.21,71.37,59.3,81.87,-6.16,0,450
2022-01-17,72.9,71.17,59.08,81.87,1.72,0,450
2022-01-18,77.96,71.2,59.3,81.86,6.76,0,450
2022-01-19,82.56,71.3,59.38,81.91,11.26,1,450
2022-01-20,58.36,71.41,59.51,81.76,-13.05,0,450
2022-01-21,46.77,71.61,60.15,81.7,-24.84,0,450
2022-01-22,58.76,71.79,59.86,81.76,-13.03,0,450
2022-01-23,59.76,71.8,59.98,81.85,-12.03,0,450
2022-01-24,54.93,71.91,60.34,81.76,-16.98,0,450
2022-01-25,65.75,72.09,60.79,81.76,-6.34,0,450
2022-01-26,70.52,72.06,60.79,81.72,-1.54,0,450
2022-01-27,69.61,72.14,60.82,81.75,-2.53,0,450
2022-01-28,61.29,71.99,60.69,81.72,-10.7,0,450
2022-01-29,64.05,71.89,60.8,81.72,-7.84,0,450
2022-01-30,72.07,71.79,60.79,81.86,0.29,0,450
2022-01-31,78.55,71.88,60.82,81.96,6.67,0,450
2022-02-01,72.0,72.07,60.82,82.25,-0.06,0,450
2022-02-02,80.15,72.29,60.8,82.72,7.85,0,450
2022-02-03,47.7,72.43,60.79,83.02,-24.73,0,450
2022-02-04,46.27,72.44,60.68,83.25,-26.17,0,450
2022-02-05,54.73,72.42,60.32,83.5,-17.69,0,450
2022-02-06,65.08,72.53,60.82,83.52,-7.45,0,450
2022-02-07,61.45,72.85,61.15,83.69,-11.4,0,450
2022-02-08,67.29,73.17,61.15,84.05,-5.88,0,450
2022-02-09,72.32,73.3,61.15,84.16,-0.98,0,450
2022-02-10,72.37,73.64,61.59,84.29,-1.27,0,450
2022-02-11,74.22,74.04,61.89,84.42,0.18,0,450
2022-02-12,77.08,74.38,62.51,84.57,2.7,0,450
2022-02-13,62.88,74.73,62.83,84.79,-11.84,0,450
2022-02-14,69.62,75.16,62.97,85.01,-5.54,0,450
2022-02-15,76.44,75.47,63.04,85.02,0.98,0,450
2022-02-16,79.18,75.93,63.39,85.4,3.25,0,450
2022-02-17,84.39,76.15,63.78,85.61,8.24,0,450
2022-02-18,61.24,76.29,64.5,85.7,-15.05,0,450
2022-02-19,68.75,76.37,64.29,85.55,-7.62,0,450
2022-02-20,75.6,76.55,64.76,86.0,-0.95,0,450
2022-02-21,82.64,76.83,65.0,86.06,5.81,0,458
2022-02-22,87.02,76.98,64.85,86.08,10.04,1,458
2022-02-23,80.68,76.97,65.06,86.08,3.71,0,458
2022-02-24,53.09,76.97,65.25,86.24,-23.88,0,458
2022-02-25,44.68,76.97,65.38,86.24,-32.28,0,458
2022-02-26,48.12,77.0,65.38,86.16,-28.88,0,458
2022-02-27,54.24,77.04,65.38,86.24,-22.8,0,458
2022-02-28,67.08,77.1,65.44,86.34,-10.01,0,458
2022-03-01,70.93,77.0,65.44,86.09,-6.07,0,458
2022-03-02,75.3,76.96,64.86,86.16,-1.67,0,458
2022-03-03,76.73,76.75,64.27,86.29,-0.02,0,458
2022-03-04,80.78,76.65,64.17,86.09,4.13,0,458
2022-03-05,81.56,76.65,64.27,86.15,4.91,0,458
2022-03-06,81.37,76.9,65.33,86.34,4.47,0,458
2022-03-07,72.69,77.19,66.13,86.35,-4.5,0,458
2022-03-08,53.11,77.25,66.35,86.48,-24.13,0,450
2022-03-09,60.43,77.3,66.56,86.62,-16.87,0,450
2022-03-10,71.02,77.46,66.66,86.72,-6.44,0,450
2022-03-11,80.51,77.9,67.0,87.12,2.61,0,450
2022-03-12,57.3,78.21,67.51,87.39,-20.91,0,450
2022-03-13,69.83,78.36,68.49,87.4,-8.53,0,450
2022-03-14,79.57,78.51,68.57,87.4,1.06,0,450
2022-03-15,82.91,78.71,69.23,87.41,4.2,0,450
2022-03-16,79.38,78.97,69.33,87.72,0.41,0,450
2022-03-17,83.81,79.24,69.57,87.72,4.57,0,450
2022-03-18,79.16,79.64,69.94,87.86,-0.49,0,450
2022-03-19,74.65,79.93,70.3,88.22,-5.29,0,450
2022-03-20,77.45,80.3,70.54,88.63,-2.85,0,450
2022-03-21,83.39,80.6,71.16,88.7,2.79,0,450
2022-03-22,86.16,80.84,71.27,88.63,5.32,0,450
2022-03-23,74.36,81.1,71.49,88.74,-6.74,0,450
2022-03-24,84.06,81.28,71.65,88.97,2.78,0,450
2022-03-25,89.24,81.33,71.57,89.02,7.91,1,450
2022-03-26,85.2,81.35,71.46,89.1,3.84,0,450
2022-03-27,81.35,81.57,72.09,89.14,-0.22,0,450
2022-03-28,82.18,81.83,72.56,89.45,0.35,0,450
2022-03-29,83.88,81.98,72.56,89.64,1.9,0,450
2022-03-30,91.02,82.02,72.52,89.72,8.99,1,450
2022-03-31,81.39,82.13,72.33,89.72,-0.73,0,450
2022-04-01,81.56,82.21,72.56,89.96,-0.65,0,450
2022-04-02,85.33,82.31,72.59,90.21,3.02,0,450
2022-04-03,84.55,82.6,72.92,90.32,1.96,0,450
2022-04-04,86.44,82.74,73.01,90.28,3.7,0,450
2022-04-05,92.17,82.76,73.01,90.28,9.41,1,450
2022-04-06,101.33,82.87,73.41,90.58,18.46,1,450
2022-04-07,77.83,82.95,73.46,90.76,-5.12,0,450
2022-04-08,80.35,83.0,73.72,90.79,-2.65,0,450
2022-04-09,82.97,83.15,73.99,91.03,-0.19,0,450
2022-04-10,83.59,83.23,74.44,91.06,0.36,0,450
2022-04-11,87.31,83.31,74.14,91.17,3.99,0,450
2022-04-12,87.36,83.51,74.88,91.34,3.85,0,450
2022-04-13,98.36,83.74,75.62,91.43,14.61,1,450
2022-04-14,83.05,83.94,75.68,91.56,-0.89,0,450
2022-04-15,88.97,84.17,75.77,91.8,4.81,0,450
2022-04-16,89.78,84.34,76.12,91.78,5.43,0,450
2022-04-17,88.73,84.52,76.51,91.91,4.21,0,450
2022-04-18,85.8,84.65,76.51,91.91,1.15,0,450
2022-04-19,83.14,84.79,76.62,92.14,-1.65,0,450
2022-04-20,84.32,85.03,77.09,92.33,-0.7,0,450
2022-04-21,85.94,85.18,77.31,92.44,0.75,0,450
2022-04-22,86.95,85.38,77.4,92.66,1.57,0,450
2022-04-23,86.22,85.68,77.92,92.66,0.54,0,450
2022-04-24,87.91,86.02,78.22,92.84,1.89,0,450
2022-04-25,88.75,86.29,79.06,92.65,2.46,0,450
2022-04-26,75.51,86.47,79.46,92.9,-10.96,0,450
2022-04-27,83.63,86.62,79.49,93.2,-2.99,0,450
2022-04-28,84.86,86.85,79.69,93.36,-1.99,0,450
2022-04-29,86.53,87.08,79.83,93.75,-0.55,0,450
2022-04-30,87.81,87.22,80.0,93.75,0.59,0,450
2022-05-01,89.44,87.48,80.1,94.38,1.96,0,450
2022-05-02,90.34,87.71,80.29,94.38,2.62,0,450
2022-05-03,89.04,87.83,80.86,94.48,1.21,0,450
2022-05-04,89.46,87.94,81.14,94.38,1.52,0,450
2022-05-05,92.08,88.07,81.34,94.48,4.01,0,450
2022-05-06,92.83,88.21,81.86,94.15,4.63,0,450
2022-05-07,93.8,88.35,81.98,94.15,5.45,0,450
2022-05-08,91.66,88.44,82.09,94.14,3.22,0,450
2022-05-09,93.29,88.47,82.13,94.14,4.81,0,450
2022-05-10,90.53,88.55,82.3,94.48,1.97,0,450
2022-05-11,90.21,88.64,82.69,94.38,1.56,0,450
2022-05-12,90.41,88.7,82.79,94.38,1.71,0,450
2022-05-13,91.0,88.71,82.84,94.28,2.29,0,450
2022-05-14,91.71,88.73,82.9,94.33,2.98,0,450
2022-05-15,91.66,88.75,83.03,94.37,2.91,0,450
2022-05-16,91.75,88.8,83.29,93.85,2.94,0,450
2022-05-17,91.86,88.87,83.47,93.78,2.99,0,450
2022-05-18,90.58,88.98,83.6,93.85,1.61,0,450
2022-05-19,90.74,89.11,83.84,94.21,1.63,0,450
2022-05-20,93.64,89.27,84.1,94.33,4.37,0,450
2022-05-21,95.91,89.45,84.28,94.55,6.46,1,450
2022-05-22,85.88,89.57,84.28,94.65,-3.69,0,450
2022-05-23,88.95,89.78,84.54,94.79,-0.83,0,450
2022-05-24,88.77,90.04,84.98,95.15,-1.27,0,450
2022-05-25,87.19,90.21,85.15,95.15,-3.02,0,450
2022-05-26,92.43,90.47,85.48,95.4,1.97,0,450
2022-05-27,91.3,90.73,85.89,95.6,0.58,0,450
2022-05-28,92.69,91.03,86.49,95.77,1.66,0,450
2022-05-29,91.42,91.34,86.72,95.91,0.08,0,450
2022-05-30,90.96,91.6,87.13,96.22,-0.64,0,450
2022-05-31,91.24,91.79,87.34,96.53,-0.55,0,450
2022-06-01,90.27,91.95,87.62,96.59,-1.67,0,450
2022-06-02,90.46,92.09,87.69,96.59,-1.63,0,450
2022-06-03,90.33,92.23,87.82,96.64,-1.9,0,450
2022-06-04,92.17,92.35,87.92,96.66,-0.18,0,450
2022-06-05,93.47,92.47,87.99,96.71,1.0,0,450
2022-06-06,92.73,92.66,88.26,96.72,0.07,0,450
2022-06-07,92.91,92.82,88.46,96.73,0.08,0,450
2022-06-08,93.73,92.92,88.72,96.84,0.81,0,450
2022-06-09,92.84,93.07,88.93,96.9,-0.23,0,450
2022-06-10,96.14,93.12,88.94,96.95,3.02,0,450
2022-06-11,96.44,93.15,88.89,97.02,3.29,0,450
2022-06-12,95.12,93.11,88.72,96.98,2.01,0,450
2022-06-13,92.43,93.02,88.55,96.9,-0.6,0,450
2022-06-14,90.74,92.95,88.44,96.85,-2.21,0,450
2022-06-15,92.91,92.94,88.59,96.56,-0.03,0,450
2022-06-16,93.48,92.92,88.64,96.38,0.57,0,450
2022-06-17,92.48,92.89,88.7,96.34,-0.41,0,450
2022-06-18,92.19,92.84,88.44,96.31,-0.65,0,450
2022-06-19,92.96,92.86,88.58,96.29,0.1,0,450
2022-06-20,93.33,92.86,88.7,96.27,0.47,0,450
2022-06-21,92.61,92.81,88.7,96.25,-0.2,0,450
2022-06-22,93.33,92.76,88.48,96.29,0.58,0,450
2022-06-23,94.09,92.71,88.34,96.33,1.37,0,450
2022-06-24,95.39,92.65,88.26,96.33,2.74,0,450
2022-06-25,93.4,92.61,88.38,96.27,0.79,0,450
2022-06-26,93.14,92.58,88.38,96.16,0.57,0,450
2022-06-27,94.72,92.57,88.6,96.1,2.15,0,450
2022-06-28,94.07,92.62,88.62,96.14,1.45,0,450
2022-06-29,92.07,92.66,88.71,96.2,-0.59,0,450
2022-06-30,94.61,92.63,88.65,96.25,1.98,0,450
2022-07-01,97.7,92.65,88.7,96.29,5.05,1,450
2022-07-02,95.47,92.7,88.77,96.35,2.76,0,450
2022-07-03,95.03,92.76,88.83,96.35,2.27,0,450
2022-07-04,96.4,92.81,89.02,96.39,3.59,1,450
2022-07-05,96.74,92.88,89.16,96.5,3.86,1,450
2022-07-06,96.28,93.03,89.51,96.62,3.25,0,450
2022-07-07,97.29,93.14,89.64,96.52,4.14,1,450
2022-07-08,97.12,93.26,89.8,96.49,3.86,1,450
2022-07-09,97.49,93.34,89.9,96.48,4.15,1,450
2022-07-10,98.79,93.41,89.93,96.52,5.38,1,450
2022-07-11,98.34,93.5,90.05,96.54,4.85,1,450
2022-07-12,97.97,93.6,90.22,96.63,4.37,1,450
2022-07-13,96.85,93.69,90.16,96.65,3.16,1,450
2022-07-14,92.92,93.81,90.45,96.7,-0.89,0,450
2022-07-15,93.7,93.96,90.92,96.76,-0.27,0,450
2022-07-16,96.87,94.1,91.08,96.89,2.76,0,450
2022-07-17,95.71,94.21,91.09,96.89,1.5,0,450
2022-07-18,96.55,94.29,91.1,96.96,2.26,0,450
2022-07-19,97.1,94.3,91.1,96.98,2.8,1,450
2022-07-20,96.92,94.34,91.15,96.98,2.57,0,450
2022-07-21,96.2,94.33,91.1,96.96,1.87,0,450
2022-07-22,96.81,94.36,91.09,97.01,2.45,0,450
2022-07-23,96.71,94.42,91.09,97.11,2.29,0,450
2022-07-24,96.86,94.53,91.08,97.23,2.32,0,450
2022-07-25,96.5,94.63,91.17,97.32,1.87,0,450
2022-07-26,95.48,94.71,91.38,97.38,0.77,0,450
2022-07-27,94.53,94.75,91.42,97.38,-0.22,0,450
2022-07-28,96.21,94.81,91.68,97.38,1.4,0,450
2022-07-29,96.63,94.83,91.84,97.35,1.8,0,450
2022-07-30,95.72,94.88,92.07,97.43,0.84,0,450
2022-07-31,93.18,94.91,92.14,97.54,-1.73,0,450
2022-08-01,94.39,94.95,92.27,97.7,-0.56,0,450
2022-08-02,96.75,94.99,92.35,97.71,1.76,0,450
2022-08-03,96.83,95.05,92.51,97.76,1.79,0,450
2022-08-04,96.45,95.06,92.56,97.83,1.39,0,450
2022-08-05,96.67,95.11,92.6,97.87,1.55,0,450
2022-08-06,95.14,95.15,92.56,97.91,-0.02,0,450
2022-08-07,94.33,95.09,92.22,97.87,-0.77,0,450
2022-08-08,93.43,95.06,92.14,97.94,-1.64,0,450
2022-08-09,93.75,95.05,92.02,97.99,-1.3,0,450
2022-08-10,95.93,95.04,92.02,97.99,0.9,0,450
2022-08-11,96.04,95.05,92.02,98.02,1.0,0,450
2022-08-12,95.08,95.03,91.88,98.02,0.05,0,450
2022-08-13,88.95,95.01,91.86,98.03,-6.06,0,450
2022-08-14,87.82,94.95,91.69,98.02,-7.13,0,450
2022-08-15,92.52,94.85,91.25,97.91,-2.32,0,450
2022-08-16,93.02,94.75,90.99,97.9,-1.74,0,450
2022-08-17,94.01,94.69,90.98,97.85,-0.67,0,450
2022-08-18,94.98,94.57,90.76,97.78,0.4,0,450
2022-08-19,94.52,94.51,90.73,97.71,0.01,0,450
2022-08-20,91.16,94.43,90.5,97.71,-3.27,0,450
2022-08-21,92.87,94.35,90.4,97.62,-1.48,0,450
2022-08-22,95.64,94.34,90.33,97.62,1.3,0,450
2022-08-23,96.22,94.29,90.24,97.58,1.93,0,450
2022-08-24,96.02,94.18,90.14,97.58,1.84,0,450
2022-08-25,95.25,94.03,90.04,97.59,1.22,0,450
2022-08-26,91.55,93.92,89.9,97.58,-2.37,0,450
2022-08-27,92.12,93.79,89.63,97.58,-1.67,0,450
2022-08-28,92.89,93.63,89.18,97.6,-0.74,0,450
2022-08-29,90.84,93.43,88.88,97.58,-2.59,0,450
2022-08-30,93.56,93.22,88.65,97.56,0.34,0,450
2022-08-31,93.01,93.01,88.44,97.51,-0.0,0,450
2022-09-01,92.65,92.84,88.4,97.38,-0.19,0,450
2022-09-02,91.59,92.72,88.41,97.28,-1.14,0,450
2022-09-03,89.29,92.47,88.07,97.02,-3.18,0,450
2022-09-04,86.79,92.2,87.61,96.6,-5.41,0,450
2022-09-05,82.95,91.95,87.44,96.33,-9.0,0,450
2022-09-06,85.49,91.7,87.38,96.16,-6.21,0,450
2022-09-07,89.89,91.44,87.21,95.72,-1.55,0,450
2022-09-08,91.88,91.21,86.67,95.5,0.67,0,450
2022-09-09,92.16,91.04,86.41,95.26,1.12,0,450
2022-09-10,92.36,90.88,85.95,95.11,1.48,0,450
2022-09-11,92.05,90.77,85.91,94.82,1.28,0,450
2022-09-12,91.82,90.68,85.5,94.81,1.14,0,450
2022-09-13,91.74,90.62,85.52,94.7,1.12,0,450
2022-09-14,90.52,90.58,85.32,94.7,-0.06,0,450
2022-09-15,90.88,90.53,85.28,94.68,0.35,0,450
2022-09-16,92.3,90.41,85.23,94.64,1.89,0,450
2022-09-17,90.96,90.31,85.03,94.69,0.65,0,450
2022-09-18,91.51,90.25,84.92,94.69,1.26,0,450
2022-09-19,92.61,90.22,84.85,94.68,2.39,0,450
2022-09-20,90.72,90.14,84.7,94.68,0.57,0,450
2022-09-21,92.01,90.03,84.68,94.62,1.99,0,450
2022-09-22,91.73,89.88,84.39,94.52,1.85,0,450
2022-09-23,91.64,89.74,84.22,94.38,1.9,0,450
2022-09-24,89.27,89.63,84.22,94.1,-0.36,0,450
2022-09-25,89.53,89.48,84.02,94.01,0.05,0,450
2022-09-26,87.53,89.32,84.1,93.9,-1.79,0,450
2022-09-27,90.27,89.16,84.21,93.68,1.11,0,450
2022-09-28,87.84,89.03,84.21,93.62,-1.19,0,450
2022-09-29,87.0,88.83,84.21,93.29,-1.83,0,450
2022-09-30,89.0,88.59,83.89,92.99,0.41,0,450
2022-10-01,85.41,88.32,83.54,92.69,-2.9,0,450
2022-10-02,87.36,88.03,83.54,92.38,-0.67,0,450
2022-10-03,86.59,87.82,83.45,92.3,-1.23,0,450
2022-10-04,86.35,87.62,82.82,92.18,-1.28,0,450
2022-10-05,88.72,87.48,82.7,92.06,1.24,0,450
2022-10-06,87.69,87.33,82.53,92.02,0.36,0,450
2022-10-07,82.99,87.2,82.43,91.91,-4.22,0,450
2022-10-08,85.8,87.13,82.35,91.91,-1.34,0,450
2022-10-09,86.93,86.93,81.74,91.98,-0.0,0,450
2022-10-10,87.33,86.72,80.28,91.98,0.61,0,450
2022-10-11,88.65,86.51,79.9,91.98,2.14,0,450
2022-10-12,90.33,86.29,79.82,91.97,4.04,0,450
2022-10-13,91.58,86.03,79.25,91.82,5.55,0,450
2022-10-14,90.03,85.88,79.08,91.52,4.14,0,450
2022-10-15,90.89,85.73,78.62,91.46,5.16,0,450
2022-10-16,92.06,85.62,78.02,91.45,6.44,1,450
2022-10-17,89.67,85.5,78.02,91.3,4.18,0,450
2022-10-18,70.28,85.35,78.02,91.24,-15.07,0,450
2022-10-19,75.45,85.16,77.84,91.16,-9.71,0,450
2022-10-20,82.24,84.79,77.13,90.93,-2.55,0,450
2022-10-21,84.56,84.44,76.54,90.72,0.12,0,450
2022-10-22,87.51,84.27,76.49,90.62,3.24,0,450
2022-10-23,89.0,84.07,76.49,90.25,4.92,0,450
2022-10-24,87.8,83.89,76.4,90.01,3.91,0,450
2022-10-25,79.96,83.73,75.99,89.93,-3.76,0,450
2022-10-26,82.18,83.4,75.58,89.73,-1.22,0,450
2022-10-27,82.92,83.03,74.8,89.43,-0.11,0,450
2022-10-28,86.54,82.72,74.79,89.25,3.82,0,450
2022-10-29,80.77,82.46,74.68,88.99,-1.69,0,450
2022-10-30,81.93,82.25,74.33,88.75,-0.32,0,450
2022-10-31,79.84,82.06,73.9,88.75,-2.23,0,450
2022-11-01,81.79,81.71,73.11,88.48,0.08,0,450
2022-11-02,82.38,81.37,72.87,88.4,1.0,0,450
2022-11-03,87.02,81.06,71.95,88.27,5.96,0,450
2022-11-04,89.12,80.92,72.1,88.17,8.2,1,450
2022-11-05,80.11,80.58,71.72,87.92,-0.47,0,450
2022-11-06,88.6,80.02,70.79,87.58,8.58,1,450
2022-11-07,87.51,79.59,70.33,87.47,7.91,1,450
2022-11-08,85.93,79.34,69.93,87.16,6.59,0,450
2022-11-09,86.31,79.0,69.54,86.55,7.31,0,450
2022-11-10,86.68,78.82,68.8,86.52,7.86,1,450
2022-11-11,86.27,78.77,68.8,86.25,7.5,1,450
2022-11-12,63.11,78.61,68.68,86.23,-15.5,0,450
2022-11-13,68.64,78.41,68.8,85.98,-9.77,0,450
2022-11-14,84.68,78.23,68.58,85.66,6.45,0,450
2022-11-15,61.93,78.04,68.69,85.52,-16.1,0,450
2022-11-16,54.22,78.01,68.69,85.52,-23.79,0,450
2022-11-17,59.77,77.85,68.53,85.51,-18.09,0,450
2022-11-18,64.97,77.64,67.74,85.39,-12.66,0,450
2022-11-19,55.64,77.43,67.61,85.27,-21.79,0,450
2022-11-20,49.85,77.45,67.61,85.43,-27.61,0,450
2022-11-21,50.54,77.49,67.62,85.22,-26.94,0,450
2022-11-22,53.93,77.42,67.48,85.21,-23.49,0,450
2022-11-23,66.81,77.16,67.44,85.06,-10.35,0,450
2022-11-24,79.82,76.88,66.91,84.93,2.94,0,450
2022-11-25,66.89,76.7,66.79,84.8,-9.81,0,450
2022-11-26,70.66,76.48,66.64,84.69,-5.82,0,450
2022-11-27,80.62,76.23,66.48,84.56,4.39,0,450
2022-11-28,79.88,75.85,65.63,84.32,4.04,0,450
2022-11-29,85.9,75.46,64.55,84.25,10.45,1,450
2022-11-30,75.51,75.14,63.72,84.17,0.37,0,450
2022-12-01,60.84,74.78,63.3,83.79,-13.93,0,450
2022-12-02,74.1,74.59,63.04,83.81,-0.5,0,450
2022-12-03,82.33,74.28,61.67,83.69,8.05,0,450
2022-12-04,80.41,73.96,61.38,83.5,6.45,0,450
2022-12-05,81.88,73.71,61.38,83.2,8.17,0,450
2022-12-06,82.02,73.66,61.38,83.08,8.36,0,450
2022-12-07,82.23,73.53,61.47,82.93,8.7,0,450
2022-12-08,82.79,73.45,61.01,82.84,9.35,0,450
2022-12-09,81.89,73.31,60.73,82.93,8.58,0,450
2022-12-10,83.07,72.99,60.73,82.88,10.08,1,450
2022-12-11,81.59,72.66,60.4,82.82,8.93,0,450
2022-12-12,81.68,72.52,60.73,82.73,9.16,0,450
2022-12-13,82.92,72.54,60.89,82.68,10.37,1,450
2022-12-14,75.82,72.57,61.29,82.63,3.25,0,450
2022-12-15,76.32,72.61,61.29,82.16,3.71,0,450
2022-12-16,76.76,72.56,60.89,82.16,4.19,0,450
2022-12-17,55.06,72.2,60.8,81.62,-17.14,0,450
2022-12-18,66.32,71.95,60.08,81.69,-5.63,0,450
2022-12-19,63.87,71.79,59.59,81.53,-7.93,0,450
2022-12-20,58.37,71.7,59.59,81.62,-13.32,0,450
2022-12-21,65.02,71.36,58.73,81.21,-6.35,0,450
2022-12-22,74.28,71.11,58.68,81.21,3.17,0,450
2022-12-23,34.02,70.9,58.67,81.23,-36.88,0,450
2022-12-24,40.51,70.72,58.81,81.06,-30.21,0,450
2022-12-25,53.87,70.62,58.11,81.09,-16.75,0,450
2022-12-26,66.17,70.31,57.65,81.18,-4.14,0,450
2022-12-27,69.46,69.99,57.48,81.18,-0.52,0,450
2022-12-28,79.58,69.8,57.35,81.23,9.78,0,450
2022-12-29,82.57,69.75,57.09,81.18,12.81,1,450
2022-12-30,80.86,69.6,56.95,80.91,11.26,0,450
2022-12-31,83.08,69.42,56.55,80.68,13.67,1,450
2023-01-01,81.76,69.54,56.61,80.68,12.22,1,450
2023-01-02,81.71,69.85,57.09,80.7,11.86,1,450
2023-01-03,83.41,69.98,57.27,80.76,13.43,1,450
2023-01-04,78.23,69.98,57.43,80.73,8.25,0,450
2023-01-05,81.11,70.08,57.66,80.81,11.03,1,450
2023-01-06,80.82,70.0,57.49,80.93,10.82,0,450
2023-01-07,82.18,69.9,57.6,80.77,12.28,1,450
2023-01-08,71.65,69.99,57.71,80.93,1.66,0,450
2023-01-09,78.83,70.13,57.73,81.21,8.7,0,450
2023-01-10,82.67,70.47,57.92,81.36,12.2,1,450
2023-01-11,82.48,70.73,58.65,81.4,11.76,1,450
2023-01-12,78.85,70.65,58.02,81.44,8.2,0,450
2023-01-13,66.03,70.74,58.05,81.69,-4.71,0,450
2023-01-14,71.82,70.9,58.1,81.76,0.92,0,450
2023-01-15,76.97,71.25,59.16,81.86,5.72,0,450
2023-01-16,83.78,71.37,59.3,81.87,12.41,1,450
2023-01-17,82.19,71.17,59.08,81.87,11.02,1,450
2023-01-18,85.9,71.2,59.3,81.86,14.71,1,450
2023-01-19,73.85,71.3,59.38,81.91,2.55,0,450
2023-01-20,74.58,71.41,59.51,81.76,3.16,0,450
2023-01-21,72.66,71.61,60.15,81.7,1.05,0,450
2023-01-22,70.5,71.79,59.86,81.76,-1.28,0,450
2023-01-23,71.25,71.8,59.98,81.85,-0.54,0,450
2023-01-24,83.06,71.91,60.34,81.76,11.15,1,450
2023-01-25,67.36,72.09,60.79,81.76,-4.73,0,450
2023-01-26,62.79,72.06,60.79,81.72,-9.28,0,450
2023-01-27,64.09,72.14,60.82,81.75,-8.05,0,450
2023-01-28,74.89,71.99,60.69,81.72,2.9,0,450
2023-01-29,82.1,71.89,60.8,81.72,10.2,1,450
2023-01-30,81.16,71.79,60.79,81.86,9.37,0,450
2023-01-31,46.19,71.88,60.82,81.96,-25.69,0,450
2023-02-01,42.96,72.07,60.82,82.25,-29.1,0,450
2023-02-02,51.9,72.29,60.8,82.72,-20.39,0,450
2023-02-03,61.15,72.43,60.79,83.02,-11.28,0,450
2023-02-04,74.77,72.44,60.68,83.25,2.33,0,450
2023-02-05,80.85,72.42,60.32,83.5,8.42,0,450
2023-02-06,80.3,72.53,60.82,83.52,7.77,0,450
2023-02-07,83.15,72.85,61.15,83.69,10.31,0,450
2023-02-08,74.99,73.17,61.15,84.05,1.83,0,450
2023-02-09,76.17,73.3,61.15,84.16,2.87,0,450
2023-02-10,69.51,73.64,61.59,84.29,-4.13,0,450
2023-02-11,67.8,74.04,61.89,84.42,-6.24,0,450
2023-02-12,72.98,74.38,62.51,84.57,-1.4,0,450
2023-02-13,76.78,74.73,62.83,84.79,2.05,0,450
2023-02-14,87.76,75.16,62.97,85.01,12.6,1,450
2023-02-15,84.56,75.47,63.04,85.02,9.09,0,450
2023-02-16,74.68,75.93,63.39,85.4,-1.26,0,450
2023-02-17,60.15,76.15,63.78,85.61,-16.0,0,450
2023-02-18,71.51,76.29,64.5,85.7,-4.77,0,450
2023-02-19,81.45,76.37,64.29,85.55,5.08,0,450
2023-02-20,85.54,76.55,64.76,86.0,9.0,0,450
2023-02-21,84.41,76.83,65.0,86.06,7.58,0,458
2023-02-22,90.39,76.98,64.85,86.08,13.41,1,458
2023-02-23,93.29,76.97,65.06,86.08,16.31,1,458
2023-02-24,80.74,76.97,65.25,86.24,3.77,0,458
2023-02-25,85.35,76.97,65.38,86.24,8.38,0,458
2023-02-26,86.78,77.0,65.38,86.16,9.77,1,458
2023-02-27,88.6,77.04,65.38,86.24,11.56,1,458
2023-02-28,84.21,77.1,65.44,86.34,7.12,0,458
2023-03-01,62.47,77.0,65.44,86.09,-14.53,0,458
2023-03-02,92.04,76.96,64.86,86.16,15.07,1,458
2023-03-03,81.76,76.75,64.27,86.29,5.01,0,458
2023-03-04,81.53,76.65,64.17,86.09,4.87,0,458
2023-03-05,84.25,76.65,64.27,86.15,7.6,0,458
2023-03-06,85.92,76.9,65.33,86.34,9.02,0,458
2023-03-07,87.61,77.19,66.13,86.35,10.42,1,458
2023-03-08,88.88,77.25,66.35,86.48,11.63,1,450
2023-03-09,86.65,77.3,66.56,86.62,9.35,1,450
2023-03-10,87.73,77.46,66.66,86.72,10.27,1,450
2023-03-11,89.96,77.9,67.0,87.12,12.06,1,450
2023-03-12,97.01,78.21,67.51,87.39,18.79,1,450
2023-03-13,76.88,78.36,68.49,87.4,-1.48,0,450
2023-03-14,75.43,78.51,68.57,87.4,-3.08,0,450
2023-03-15,79.96,78.71,69.23,87.41,1.25,0,450
2023-03-16,87.37,78.97,69.33,87.72,8.4,0,450
2023-03-17,68.95,79.24,69.57,87.72,-10.29,0,450
2023-03-18,61.23,79.64,69.94,87.86,-18.41,0,450
2023-03-19,59.3,79.93,70.3,88.22,-20.63,0,450
2023-03-20,70.46,80.3,70.54,88.63,-9.84,0,450
2023-03-21,81.66,80.6,71.16,88.7,1.06,0,450
2023-03-22,86.41,80.84,71.27,88.63,5.57,0,450
2023-03-23,88.83,81.1,71.49,88.74,7.73,1,450
2023-03-24,95.39,81.28,71.65,88.97,14.11,1,450
2023-03-25,85.86,81.33,71.57,89.02,4.54,0,450
2023-03-26,86.91,81.35,71.46,89.1,5.56,0,450
2023-03-27,87.46,81.57,72.09,89.14,5.89,0,450
2023-03-28,78.42,81.83,72.56,89.45,-3.41,0,450
2023-03-29,71.25,81.98,72.56,89.64,-10.73,0,450
2023-03-30,83.34,82.02,72.52,89.72,1.32,0,450
2023-03-31,87.87,82.13,72.33,89.72,5.75,0,450
2023-04-01,86.14,82.21,72.56,89.96,3.92,0,450
2023-04-02,86.77,82.31,72.59,90.21,4.46,0,450
2023-04-03,89.01,82.6,72.92,90.32,6.41,0,450
2023-04-04,87.72,82.74,73.01,90.28,4.98,0,450
2023-04-05,86.31,82.76,73.01,90.28,3.55,0,450
2023-04-06,66.74,82.87,73.41,90.58,-16.14,0,450
2023-04-07,63.49,82.95,73.46,90.76,-19.46,0,450
2023-04-08,69.75,83.0,73.72,90.79,-13.26,0,450
2023-04-09,77.63,83.15,73.99,91.03,-5.52,0,450
2023-04-10,80.91,83.23,74.44,91.06,-2.32,0,450
2023-04-11,78.66,83.31,74.14,91.17,-4.65,0,450
2023-04-12,79.04,83.51,74.88,91.34,-4.47,0,450
2023-04-13,82.66,83.74,75.62,91.43,-1.08,0,450
2023-04-14,86.03,83.94,75.68,91.56,2.1,0,450
2023-04-15,94.13,84.17,75.77,91.8,9.96,1,450
2023-04-16,80.23,84.34,76.12,91.78,-4.12,0,450
2023-04-17,81.84,84.52,76.51,91.91,-2.69,0,450
2023-04-18,80.68,84.65,76.51,91.91,-3.96,0,450
2023-04-19,83.84,84.79,76.62,92.14,-0.96,0,450
2023-04-20,85.1,85.03,77.09,92.33,0.08,0,450
2023-04-21,89.5,85.18,77.31,92.44,4.31,0,450
2023-04-22,85.12,85.38,77.4,92.66,-0.26,0,450
2023-04-23,85.93,85.68,77.92,92.66,0.25,0,450
2023-04-24,75.49,86.02,78.22,92.84,-10.52,0,450
2023-04-25,80.32,86.29,79.06,92.65,-5.97,0,450
2023-04-26,87.82,86.47,79.46,92.9,1.35,0,450
2023-04-27,85.29,86.62,79.49,93.2,-1.33,0,450
2023-04-28,88.22,86.85,79.69,93.36,1.37,0,450
2023-04-29,82.33,87.08,79.83,93.75,-4.76,0,450
2023-04-30,89.34,87.22,80.0,93.75,2.12,0,450
2023-05-01,87.8,87.48,80.1,94.38,0.32,0,450
2023-05-02,85.22,87.71,80.29,94.38,-2.49,0,450
2023-05-03,85.22,87.83,80.86,94.48,-2.61,0,450
2023-05-04,87.1,87.94,81.14,94.38,-0.84,0,450
2023-05-05,89.64,88.07,81.34,94.48,1.58,0,450
2023-05-06,90.03,88.21,81.86,94.15,1.82,0,450
2023-05-07,92.71,88.35,81.98,94.15,4.36,0,450
2023-05-08,90.36,88.44,82.09,94.14,1.92,0,450
2023-05-09,89.46,88.47,82.13,94.14,0.99,0,450
2023-05-10,90.22,88.55,82.3,94.48,1.67,0,450
2023-05-11,91.39,88.64,82.69,94.38,2.75,0,450
2023-05-12,90.93,88.7,82.79,94.38,2.23,0,450
2023-05-13,76.44,88.71,82.84,94.28,-12.27,0,450
2023-05-14,86.61,88.73,82.9,94.33,-2.12,0,450
2023-05-15,82.92,88.75,83.03,94.37,-5.83,0,450
2023-05-16,86.92,88.8,83.29,93.85,-1.88,0,450
2023-05-17,88.4,88.87,83.47,93.78,-0.47,0,450
2023-05-18,88.48,88.98,83.6,93.85,-0.5,0,450
2023-05-19,90.44,89.11,83.84,94.21,1.33,0,450
2023-05-20,86.65,89.27,84.1,94.33,-2.62,0,450
2023-05-21,88.02,89.45,84.28,94.55,-1.43,0,450
2023-05-22,88.97,89.57,84.28,94.65,-0.6,0,450
2023-05-23,91.51,89.78,84.54,94.79,1.73,0,450
2023-05-24,90.37,90.04,84.98,95.15,0.33,0,450
2023-05-25,90.11,90.21,85.15,95.15,-0.11,0,450
2023-05-26,89.33,90.47,85.48,95.4,-1.14,0,450
2023-05-27,88.34,90.73,85.89,95.6,-2.38,0,450
2023-05-28,86.38,91.03,86.49,95.77,-4.65,0,450
2023-05-29,89.89,91.34,86.72,95.91,-1.44,0,450
2023-05-30,88.98,91.6,87.13,96.22,-2.62,0,450
2023-05-31,89.96,91.79,87.34,96.53,-1.84,0,450
2023-06-01,90.27,91.95,87.62,96.59,-1.67,0,450
2023-06-02,89.55,92.09,87.69,96.59,-2.54,0,450
2023-06-03,91.86,92.23,87.82,96.64,-0.37,0,450
2023-06-04,91.13,92.35,87.92,96.66,-1.21,0,450
2023-06-05,91.01,92.47,87.99,96.71,-1.46,0,450
2023-06-06,89.0,92.66,88.26,96.72,-3.66,0,450
2023-06-07,90.84,92.82,88.46,96.73,-1.98,0,450
2023-06-08,92.37,92.92,88.72,96.84,-0.55,0,450
2023-06-09,95.85,93.07,88.93,96.9,2.78,0,450
2023-06-10,94.74,93.12,88.94,96.95,1.62,0,450
2023-06-11,95.28,93.15,88.89,97.02,2.13,0,450
2023-06-12,94.84,93.11,88.72,96.98,1.73,0,450
2023-06-13,95.03,93.02,88.55,96.9,2.01,0,450
2023-06-14,95.26,92.95,88.44,96.85,2.31,0,450
2023-06-15,95.65,92.94,88.59,96.56,2.71,0,450
2023-06-16,95.96,92.92,88.64,96.38,3.04,0,450
2023-06-17,95.2,92.89,88.7,96.34,2.31,0,450
2023-06-18,96.46,92.84,88.44,96.31,3.62,1,450
2023-06-19,98.33,92.86,88.58,96.29,5.48,1,450
2023-06-20,98.3,92.86,88.7,96.27,5.44,1,450
2023-06-21,99.67,92.81,88.7,96.25,6.85,1,450
2023-06-22,97.51,92.76,88.48,96.29,4.75,1,450
2023-06-23,96.58,92.71,88.34,96.33,3.87,1,450
2023-06-24,97.05,92.65,88.26,96.33,4.4,1,450
2023-06-25,96.72,92.61,88.38,96.27,4.11,1,450
2023-06-26,98.06,92.58,88.38,96.16,5.49,1,450
2023-06-27,98.33,92.57,88.6,96.1,5.76,1,450
2023-06-28,96.49,92.62,88.62,96.14,3.88,1,450
2023-06-29,96.13,92.66,88.71,96.2,3.47,0,450
2023-06-30,96.03,92.63,88.65,96.25,3.4,0,450
2023-07-01,97.47,92.65,88.7,96.29,4.82,1,450
2023-07-02,97.1,92.7,88.77,96.35,4.4,1,450
2023-07-03,97.83,92.76,88.83,96.35,5.07,1,450
2023-07-04,96.98,92.81,89.02,96.39,4.17,1,450
2023-07-05,93.58,92.88,89.16,96.5,0.7,0,450
2023-07-06,83.56,93.03,89.51,96.62,-9.47,0,450
2023-07-07,92.14,93.14,89.64,96.52,-1.0,0,450
2023-07-08,95.82,93.26,89.8,96.49,2.55,0,450
2023-07-09,95.7,93.34,89.9,96.48,2.37,0,450
2023-07-10,96.32,93.41,89.93,96.52,2.91,0,450
2023-07-11,97.06,93.5,90.05,96.54,3.56,1,450
2023-07-12,96.56,93.6,90.22,96.63,2.96,0,450
2023-07-13,96.8,93.69,90.16,96.65,3.12,1,450
2023-07-14,96.71,93.81,90.45,96.7,2.91,1,450
2023-07-15,97.75,93.96,90.92,96.76,3.79,1,450
2023-07-16,99.48,94.1,91.08,96.89,5.38,1,450
2023-07-17,98.85,94.21,91.09,96.89,4.64,1,450
2023-07-18,99.17,94.29,91.1,96.96,4.88,1,450
2023-07-19,98.77,94.3,91.1,96.98,4.47,1,450
2023-07-20,98.63,94.34,91.15,96.98,4.29,1,450
2023-07-21,98.27,94.33,91.1,96.96,3.94,1,450
2023-07-22,98.35,94.36,91.09,97.01,4.0,1,450
2023-07-23,97.34,94.42,91.09,97.11,2.92,1,450
2023-07-24,95.47,94.53,91.08,97.23,0.94,0,450
2023-07-25,97.6,94.63,91.17,97.32,2.98,1,450
2023-07-26,97.96,94.71,91.38,97.38,3.25,1,450
2023-07-27,97.86,94.75,91.42,97.38,3.11,1,450
2023-07-28,95.36,94.81,91.68,97.38,0.55,0,450
2023-07-29,96.59,94.83,91.84,97.35,1.76,0,450
2023-07-30,98.2,94.88,92.07,97.43,3.32,1,450
2023-07-31,99.03,94.91,92.14,97.54,4.12,1,450
2023-08-01,98.2,94.95,92.27,97.7,3.25,1,450
2023-08-02,97.39,94.99,92.35,97.71,2.4,0,450
2023-08-03,99.02,95.05,92.51,97.76,3.98,1,450
2023-08-04,99.78,95.06,92.56,97.83,4.72,1,450
2023-08-05,98.21,95.11,92.6,97.87,3.09,1,450
2023-08-06,99.16,95.15,92.56,97.91,4.01,1,450
2023-08-07,98.58,95.09,92.22,97.87,3.49,1,450
2023-08-08,98.32,95.06,92.14,97.94,3.26,1,450
2023-08-09,98.46,95.05,92.02,97.99,3.41,1,450
2023-08-10,98.1,95.04,92.02,97.99,3.06,1,450
2023-08-11,98.09,95.05,92.02,98.02,3.04,1,450
2023-08-12,98.81,95.03,91.88,98.02,3.78,1,450
2023-08-13,98.76,95.01,91.86,98.03,3.76,1,450
2023-08-14,98.44,94.95,91.69,98.02,3.5,1,450
2023-08-15,99.64,94.85,91.25,97.91,4.79,1,450
2023-08-16,98.46,94.75,90.99,97.9,3.71,1,450
2023-08-17,100.34,94.69,90.98,97.85,5.65,1,450
2023-08-18,97.96,94.57,90.76,97.78,3.39,1,450
2023-08-19,97.93,94.51,90.73,97.71,3.42,1,450
2023-08-20,96.91,94.43,90.5,97.71,2.49,0,450
2023-08-21,92.9,94.35,90.4,97.62,-1.45,0,450
2023-08-22,89.5,94.34,90.33,97.62,-4.84,0,450
2023-08-23,93.66,94.29,90.24,97.58,-0.63,0,450
2023-08-24,94.99,94.18,90.14,97.58,0.81,0,450
2023-08-25,93.46,94.03,90.04,97.59,-0.57,0,450
2023-08-26,94.48,93.92,89.9,97.58,0.56,0,450
2023-08-27,97.33,93.79,89.63,97.58,3.55,0,450
2023-08-28,102.49,93.63,89.18,97.6,8.86,1,450
2023-08-29,96.77,93.43,88.88,97.58,3.34,0,450
2023-08-30,98.7,93.22,88.65,97.56,5.48,1,450
2023-08-31,99.45,93.01,88.44,97.51,6.44,1,450
2023-09-01,97.3,92.84,88.4,97.38,4.46,0,450
2023-09-02,94.77,92.72,88.41,97.28,2.04,0,450
2023-09-03,97.99,92.47,88.07,97.02,5.52,1,450
2023-09-04,98.76,92.2,87.61,96.6,6.56,1,450
2023-09-05,97.87,91.95,87.44,96.33,5.92,1,450
2023-09-06,97.18,91.7,87.38,96.16,5.48,1,450
2023-09-07,97.14,91.44,87.21,95.72,5.71,1,450
2023-09-08,98.99,91.21,86.67,95.5,7.78,1,450
2023-09-09,98.73,91.04,86.41,95.26,7.69,1,450
2023-09-10,99.37,90.88,85.95,95.11,8.49,1,450
2023-09-11,97.62,90.77,85.91,94.82,6.85,1,450
2023-09-12,97.21,90.68,85.5,94.81,6.53,1,450
2023-09-13,98.23,90.62,85.52,94.7,7.62,1,450
2023-09-14,98.49,90.58,85.32,94.7,7.91,1,450
2023-09-15,98.33,90.53,85.28,94.68,7.8,1,450
2023-09-16,96.5,90.41,85.23,94.64,6.08,1,450
2023-09-17,91.92,90.31,85.03,94.69,1.61,0,450
2023-09-18,93.71,90.25,84.92,94.69,3.47,0,450
2023-09-19,94.62,90.22,84.85,94.68,4.4,0,450
2023-09-20,97.21,90.14,84.7,94.68,7.06,1,450
2023-09-21,96.53,90.03,84.68,94.62,6.5,1,450
2023-09-22,97.67,89.88,84.39,94.52,7.79,1,450
2023-09-23,98.03,89.74,84.22,94.38,8.29,1,450
2023-09-24,98.08,89.63,84.22,94.1,8.46,1,450
2023-09-25,96.16,89.48,84.02,94.01,6.68,1,450
2023-09-26,95.93,89.32,84.1,93.9,6.61,1,450
2023-09-27,95.3,89.16,84.21,93.68,6.15,1,450
2023-09-28,93.97,89.03,84.21,93.62,4.94,1,450
2023-09-29,95.21,88.83,84.21,93.29,6.38,1,450
2023-09-30,94.88,88.59,83.89,92.99,6.29,1,450
2023-10-01,92.61,88.32,83.54,92.69,4.29,0,450
2023-10-02,94.1,88.03,83.54,92.38,6.07,1,450
2023-10-03,96.5,87.82,83.45,92.3,8.68,1,450
2023-10-04,97.71,87.62,82.82,92.18,10.08,1,450
2023-10-05,95.81,87.48,82.7,92.06,8.33,1,450
2023-10-06,83.53,87.33,82.53,92.02,-3.8,0,450
2023-10-07,86.54,87.2,82.43,91.91,-0.67,0,450
2023-10-08,79.58,87.13,82.35,91.91,-7.55,0,450
2023-10-09,82.13,86.93,81.74,91.98,-4.8,0,450
2023-10-10,84.0,86.72,80.28,91.98,-2.72,0,450
2023-10-11,78.75,86.51,79.9,91.98,-7.76,0,450
2023-10-12,88.38,86.29,79.82,91.97,2.1,0,450
2023-10-13,92.54,86.03,79.25,91.82,6.51,1,450
2023-10-14,84.13,85.88,79.08,91.52,-1.75,0,450
2023-10-15,80.55,85.73,78.62,91.46,-5.18,0,450
2023-10-16,74.83,85.62,78.02,91.45,-10.79,0,450
2023-10-17,80.65,85.5,78.02,91.3,-4.84,0,450
2023-10-18,85.25,85.35,78.02,91.24,-0.1,0,450
2023-10-19,90.87,85.16,77.84,91.16,5.71,0,450
2023-10-20,93.37,84.79,77.13,90.93,8.58,1,450
2023-10-21,91.71,84.44,76.54,90.72,7.27,1,450
2023-10-22,91.27,84.27,76.49,90.62,7.0,1,450
2023-10-23,90.73,84.07,76.49,90.25,6.65,1,450
2023-10-24,91.34,83.89,76.4,90.01,7.45,1,450
2023-10-25,91.33,83.73,75.99,89.93,7.6,1,450
2023-10-26,90.38,83.4,75.58,89.73,6.98,1,450
2023-10-27,92.3,83.03,74.8,89.43,9.27,1,450
2023-10-28,91.83,82.72,74.79,89.25,9.11,1,450
2023-10-29,91.78,82.46,74.68,88.99,9.31,1,450
2023-10-30,54.14,82.25,74.33,88.75,-28.11,0,450
2023-10-31,57.19,82.06,73.9,88.75,-24.87,0,450
2023-11-01,68.66,81.71,73.11,88.48,-13.05,0,450
2023-11-02,72.72,81.37,72.87,88.4,-8.66,0,450
2023-11-03,80.86,81.06,71.95,88.27,-0.2,0,450
2023-11-04,83.84,80.92,72.1,88.17,2.91,0,450
2023-11-05,83.86,80.58,71.72,87.92,3.29,0,450
2023-11-06,85.83,80.02,70.79,87.58,5.81,0,450
2023-11-07,85.4,79.59,70.33,87.47,5.8,0,450
2023-11-08,86.71,79.34,69.93,87.16,7.37,0,450
2023-11-09,84.71,79.0,69.54,86.55,5.71,0,450
2023-11-10,71.8,78.82,68.8,86.52,-7.03,0,450
2023-11-11,60.55,78.77,68.8,86.25,-18.22,0,450
2023-11-12,64.06,78.61,68.68,86.23,-14.55,0,450
2023-11-13,62.78,78.41,68.8,85.98,-15.63,0,450
2023-11-14,71.6,78.23,68.58,85.66,-6.62,0,450
2023-11-15,75.36,78.04,68.69,85.52,-2.67,0,450
2023-11-16,77.44,78.01,68.69,85.52,-0.57,0,450
2023-11-17,81.01,77.85,68.53,85.51,3.16,0,450
2023-11-18,80.27,77.64,67.74,85.39,2.63,0,450
2023-11-19,81.88,77.43,67.61,85.27,4.44,0,450
2023-11-20,83.71,77.45,67.61,85.43,6.26,0,450
2023-11-21,66.36,77.49,67.62,85.22,-11.13,0,450
2023-11-22,56.33,77.42,67.48,85.21,-21.09,0,450
2023-11-23,62.37,77.16,67.44,85.06,-14.79,0,450
2023-11-24,69.96,76.88,66.91,84.93,-6.92,0,450
2023-11-25,74.93,76.7,66.79,84.8,-1.76,0,450
2023-11-26,68.75,76.48,66.64,84.69,-7.73,0,450
2023-11-27,59.64,76.23,66.48,84.56,-16.58,0,450
2023-11-28,65.14,75.85,65.63,84.32,-10.7,0,450
2023-11-29,70.4,75.46,64.55,84.25,-5.05,0,450
2023-11-30,79.57,75.14,63.72,84.17,4.42,0,450
2023-12-01,76.76,74.78,63.3,83.79,1.98,0,450
2023-12-02,75.54,74.59,63.04,83.81,0.95,0,450
2023-12-03,73.84,74.28,61.67,83.69,-0.44,0,450
2023-12-04,74.14,73.96,61.38,83.5,0.18,0,450
2023-12-05,73.53,73.71,61.38,83.2,-0.18,0,450
2023-12-06,76.32,73.66,61.38,83.08,2.67,0,450
2023-12-07,75.99,73.53,61.47,82.93,2.47,0,450
2023-12-08,81.37,73.45,61.01,82.84,7.92,0,450
2023-12-09,82.83,73.31,60.73,82.93,9.52,0,450
2023-12-10,64.18,72.99,60.73,82.88,-8.81,0,450
2023-12-11,69.32,72.66,60.4,82.82,-3.34,0,450
2023-12-12,70.93,72.52,60.73,82.73,-1.6,0,450
2023-12-13,73.26,72.54,60.89,82.68,0.71,0,450
2023-12-14,71.92,72.57,61.29,82.63,-0.66,0,450
2023-12-15,78.09,72.61,61.29,82.16,5.47,0,450
2023-12-16,70.57,72.56,60.89,82.16,-1.99,0,450
2023-12-17,72.74,72.2,60.8,81.62,0.53,0,450
2023-12-18,76.56,71.95,60.08,81.69,4.62,0,450
2023-12-19,74.47,71.79,59.59,81.53,2.68,0,450
2023-12-20,79.02,71.7,59.59,81.62,7.33,0,450
2023-12-21,77.52,71.36,58.73,81.21,6.16,0,450
2023-12-22,77.31,71.11,58.68,81.21,6.21,0,450
2023-12-23,74.06,70.9,58.67,81.23,3.16,0,450
2023-12-24,82.01,70.72,58.81,81.06,11.29,1,450
2023-12-25,68.56,70.62,58.11,81.09,-2.06,0,450
2023-12-26,67.39,70.31,57.65,81.18,-2.93,0,450
2023-12-27,72.11,69.99,57.48,81.18,2.12,0,450
2023-12-28,70.16,69.8,57.35,81.23,0.36,0,450
2023-12-29,68.32,69.75,57.09,81.18,-1.43,0,450
2023-12-30,74.68,69.6,56.95,80.91,5.07,0,450
2023-12-31,77.29,69.42,56.55,80.68,7.87,0,450
2024-01-01,78.07,69.54,56.61,80.68,8.53,0,450
2024-01-02,75.54,69.85,57.09,80.7,5.68,0,450
2024-01-03,66.91,69.98,57.27,80.76,-3.07,0,450
2024-01-04,70.9,69.98,57.43,80.73,0.91,0,450
2024-01-05,70.77,70.08,57.66,80.81,0.68,0,450
2024-01-06,73.48,70.0,57.49,80.93,3.48,0,450
2024-01-07,73.6,69.9,57.6,80.77,3.7,0,450
2024-01-08,83.09,69.99,57.71,80.93,13.1,1,450
2024-01-09,66.99,70.13,57.73,81.21,-3.14,0,450
2024-01-10,73.97,70.47,57.92,81.36,3.5,0,450
2024-01-11,79.82,70.73,58.65,81.4,9.09,0,450
2024-01-12,71.55,70.65,58.02,81.44,0.9,0,450
2024-01-13,71.4,70.74,58.05,81.69,0.66,0,450
2024-01-14,78.12,70.9,58.1,81.76,7.22,0,450
2024-01-15,40.34,71.25,59.16,81.86,-30.91,0,450
2024-01-16,39.12,71.37,59.3,81.87,-32.24,0,450
2024-01-17,53.98,71.17,59.08,81.87,-17.19,0,450
2024-01-18,75.55,71.2,59.3,81.86,4.35,0,450
2024-01-19,63.67,71.3,59.38,81.91,-7.63,0,450
2024-01-20,47.97,71.41,59.51,81.76,-23.44,0,450
2024-01-21,49.42,71.61,60.15,81.7,-22.19,0,450
2024-01-22,74.0,71.79,59.86,81.76,2.21,0,450
2024-01-23,77.45,71.8,59.98,81.85,5.65,0,450
2024-01-24,74.04,71.91,60.34,81.76,2.13,0,450
2024-01-25,74.83,72.09,60.79,81.76,2.74,0,450
2024-01-26,79.52,72.06,60.79,81.72,7.46,0,450
2024-01-27,74.34,72.14,60.82,81.75,2.2,0,450
2024-01-28,71.22,71.99,60.69,81.72,-0.78,0,450
2024-01-29,72.59,71.89,60.8,81.72,0.69,0,450
2024-01-30,73.53,71.79,60.79,81.86,1.74,0,450
2024-01-31,75.4,71.88,60.82,81.96,3.53,0,450
2024-02-01,79.11,72.07,60.82,82.25,7.04,0,450
2024-02-02,81.33,72.29,60.8,82.72,9.04,0,450
2024-02-03,79.41,72.43,60.79,83.02,6.99,0,450
2024-02-04,84.37,72.44,60.68,83.25,11.93,1,450
2024-02-05,73.48,72.42,60.32,83.5,1.06,0,450
2024-02-06,75.31,72.53,60.82,83.52,2.78,0,450
2024-02-07,78.91,72.85,61.15,83.69,6.07,0,450
2024-02-08,83.63,73.17,61.15,84.05,10.46,0,450
2024-02-09,84.13,73.3,61.15,84.16,10.83,0,450
2024-02-10,80.76,73.64,61.59,84.29,7.13,0,450
2024-02-11,83.13,74.04,61.89,84.42,9.09,0,450
2024-02-12,71.89,74.38,62.51,84.57,-2.48,0,450
2024-02-13,73.89,74.73,62.83,84.79,-0.84,0,450
2024-02-14,75.22,75.16,62.97,85.01,0.06,0,450
2024-02-15,78.94,75.47,63.04,85.02,3.47,0,450
2024-02-16,71.41,75.93,63.39,85.4,-4.52,0,450
2024-02-17,61.21,76.15,63.78,85.61,-14.94,0,450
2024-02-18,59.01,76.29,64.5,85.7,-17.27,0,450
2024-02-19,71.12,76.37,64.29,85.55,-5.25,0,450
2024-02-20,81.19,76.55,64.76,86.0,4.65,0,450
2024-02-21,81.89,76.83,65.0,86.06,5.06,0,458
2024-02-22,87.27,76.98,64.85,86.08,10.29,1,458
2024-02-23,79.56,76.97,65.06,86.08,2.59,0,458
2024-02-24,75.74,76.97,65.25,86.24,-1.23,0,458
2024-02-25,82.26,76.97,65.38,86.24,5.3,0,458
2024-02-26,82.6,77.0,65.38,86.16,5.59,0,458
2024-02-27,79.94,77.04,65.38,86.24,2.9,0,458
2024-02-28,79.76,77.1,65.44,86.34,2.66,0,458
2024-02-29,82.17,77.1,65.44,86.34,5.07,0,458
2024-03-01,60.4,77.0,65.44,86.09,-16.6,0,458
2024-03-02,77.79,76.96,64.86,86.16,0.83,0,458
2024-03-03,81.15,76.75,64.27,86.29,4.39,0,458
2024-03-04,82.06,76.65,64.17,86.09,5.41,0,458
2024-03-05,87.09,76.65,64.27,86.15,10.45,1,458
2024-03-06,84.34,76.9,65.33,86.34,7.44,0,458
2024-03-07,81.28,77.19,66.13,86.35,4.09,0,458
2024-03-08,84.69,77.25,66.35,86.48,7.44,0,450
2024-03-09,71.0,77.3,66.56,86.62,-6.3,0,450
2024-03-10,71.75,77.46,66.66,86.72,-5.71,0,450
2024-03-11,77.47,77.9,67.0,87.12,-0.43,0,450
2024-03-12,78.0,78.21,67.51,87.39,-0.21,0,450
2024-03-13,85.84,78.36,68.49,87.4,7.48,0,450
2024-03-14,83.05,78.51,68.57,87.4,4.54,0,450
2024-03-15,86.27,78.71,69.23,87.41,7.56,0,450
2024-03-16,86.75,78.97,69.33,87.72,7.79,0,450
2024-03-17,84.29,79.24,69.57,87.72,5.05,0,450
2024-03-18,68.69,79.64,69.94,87.86,-10.95,0,450
2024-03-19,67.14,79.93,70.3,88.22,-12.79,0,450
2024-03-20,71.61,80.3,70.54,88.63,-8.69,0,450
2024-03-21,79.16,80.6,71.16,88.7,-1.45,0,450
2024-03-22,90.98,80.84,71.27,88.63,10.14,1,450
2024-03-23,77.12,81.1,71.49,88.74,-3.98,0,450
2024-03-24,81.18,81.28,71.65,88.97,-0.1,0,450
2024-03-25,88.56,81.33,71.57,89.02,7.23,0,450
2024-03-26,81.19,81.35,71.46,89.1,-0.17,0,450
2024-03-27,77.83,81.57,72.09,89.14,-3.74,0,450
2024-03-28,82.37,81.83,72.56,89.45,0.54,0,450
2024-03-29,81.13,81.98,72.56,89.64,-0.85,0,450
2024-03-30,79.63,82.02,72.52,89.72,-2.39,0,450
2024-03-31,85.49,82.13,72.33,89.72,3.36,0,450
2024-04-01,87.62,82.21,72.56,89.96,5.41,0,450
2024-04-02,85.75,82.31,72.59,90.21,3.43,0,450
2024-04-03,79.38,82.6,72.92,90.32,-3.22,0,450
2024-04-04,87.1,82.74,73.01,90.28,4.35,0,450
2024-04-05,83.94,82.76,73.01,90.28,1.18,0,450
2024-04-06,81.97,82.87,73.41,90.58,-0.91,0,450
2024-04-07,79.23,82.95,73.46,90.76,-3.73,0,450
2024-04-08,82.37,83.0,73.72,90.79,-0.63,0,450
2024-04-09,85.38,83.15,73.99,91.03,2.23,0,450
2024-04-10,88.25,83.23,74.44,91.06,5.02,0,450
2024-04-11,88.9,83.31,74.14,91.17,5.59,0,450
2024-04-12,86.08,83.51,74.88,91.34,2.57,0,450
2024-04-13,83.63,83.74,75.62,91.43,-0.11,0,450
2024-04-14,87.64,83.94,75.68,91.56,3.7,0,450
2024-04-15,87.09,84.17,75.77,91.8,2.92,0,450
2024-04-16,90.34,84.34,76.12,91.78,5.99,0,450
2024-04-17,88.13,84.52,76.51,91.91,3.61,0,450
2024-04-18,89.73,84.65,76.51,91.91,5.08,0,450
2024-04-19,90.56,84.79,76.62,92.14,5.77,0,450
2024-04-20,90.46,85.03,77.09,92.33,5.43,0,450
2024-04-21,77.73,85.18,77.31,92.44,-7.45,0,450
2024-04-22,71.5,85.38,77.4,92.66,-13.88,0,450
2024-04-23,82.69,85.68,77.92,92.66,-2.99,0,450
2024-04-24,87.46,86.02,78.22,92.84,1.44,0,450
2024-04-25,88.27,86.29,79.06,92.65,1.98,0,450
2024-04-26,87.71,86.47,79.46,92.9,1.24,0,450
2024-04-27,87.79,86.62,79.49,93.2,1.17,0,450
2024-04-28,93.02,86.85,79.69,93.36,6.16,0,450
2024-04-29,89.71,87.08,79.83,93.75,2.63,0,450
2024-04-30,89.14,87.22,80.0,93.75,1.92,0,450
2024-05-01,91.74,87.48,80.1,94.38,4.25,0,450
2024-05-02,88.93,87.71,80.29,94.38,1.21,0,450
2024-05-03,87.57,87.83,80.86,94.48,-0.26,0,450
2024-05-04,87.87,87.94,81.14,94.38,-0.07,0,450
2024-05-05,88.96,88.07,81.34,94.48,0.9,0,450
2024-05-06,89.34,88.21,81.86,94.15,1.14,0,450
2024-05-07,93.79,88.35,81.98,94.15,5.44,0,450
2024-05-08,96.16,88.44,82.09,94.14,7.72,1,450
2024-05-09,102.72,88.47,82.13,94.14,14.24,1,450
2024-05-10,91.31,88.55,82.3,94.48,2.76,0,450
2024-05-11,91.08,88.64,82.69,94.38,2.44,0,450
2024-05-12,93.84,88.7,82.79,94.38,5.15,0,450
2024-05-13,94.58,88.71,82.84,94.28,5.87,1,450
2024-05-14,92.34,88.73,82.9,94.33,3.61,0,450
2024-05-15,90.76,88.75,83.03,94.37,2.0,0,450
2024-05-16,93.54,88.8,83.29,93.85,4.73,0,450
2024-05-17,85.9,88.87,83.47,93.78,-2.97,0,450
2024-05-18,93.2,88.98,83.6,93.85,4.23,0,450
2024-05-19,94.91,89.11,83.84,94.21,5.79,1,450
2024-05-20,94.95,89.27,84.1,94.33,5.68,1,450
2024-05-21,95.39,89.45,84.28,94.55,5.94,1,450
2024-05-22,94.96,89.57,84.28,94.65,5.4,1,450
2024-05-23,95.59,89.78,84.54,94.79,5.81,1,450
2024-05-24,97.58,90.04,84.98,95.15,7.54,1,450
2024-05-25,97.18,90.21,85.15,95.15,6.96,1,450
2024-05-26,97.08,90.47,85.48,95.4,6.62,1,450
2024-05-27,97.51,90.73,85.89,95.6,6.78,1,450
2024-05-28,98.34,91.03,86.49,95.77,7.31,1,450
2024-05-29,94.87,91.34,86.72,95.91,3.54,0,450
2024-05-30,95.76,91.6,87.13,96.22,4.16,0,450
2024-05-31,92.3,91.79,87.34,96.53,0.5,0,450
2024-06-01,96.37,91.95,87.62,96.59,4.42,0,450
2024-06-02,96.89,92.09,87.69,96.59,4.8,1,450
2024-06-03,95.82,92.23,87.82,96.64,3.59,0,450
2024-06-04,98.1,92.35,87.92,96.66,5.75,1,450
2024-06-05,98.24,92.47,87.99,96.71,5.77,1,450
2024-06-06,95.05,92.66,88.26,96.72,2.39,0,450
2024-06-07,96.54,92.82,88.46,96.73,3.71,0,450
2024-06-08,95.09,92.92,88.72,96.84,2.17,0,450
2024-06-09,97.44,93.07,88.93,96.9,4.38,1,450
2024-06-10,95.43,93.12,88.94,96.95,2.31,0,450
2024-06-11,96.03,93.15,88.89,97.02,2.88,0,450
2024-06-12,97.25,93.11,88.72,96.98,4.13,1,450
2024-06-13,97.78,93.02,88.55,96.9,4.76,1,450
2024-06-14,96.16,92.95,88.44,96.85,3.21,0,450
2024-06-15,95.71,92.94,88.59,96.56,2.77,0,450
2024-06-16,96.38,92.92,88.64,96.38,3.46,1,450
2024-06-17,95.25,92.89,88.7,96.34,2.36,0,450
2024-06-18,93.52,92.84,88.44,96.31,0.67,0,450
2024-06-19,84.25,92.86,88.58,96.29,-8.6,0,450
2024-06-20,90.42,92.86,88.7,96.27,-2.44,0,450
2024-06-21,91.18,92.81,88.7,96.25,-1.63,0,450
2024-06-22,86.87,92.76,88.48,96.29,-5.88,0,450
2024-06-23,90.88,92.71,88.34,96.33,-1.84,0,450
2024-06-24,92.38,92.65,88.26,96.33,-0.28,0,450
2024-06-25,93.39,92.61,88.38,96.27,0.78,0,450
2024-06-26,92.69,92.58,88.38,96.16,0.12,0,450
2024-06-27,93.19,92.57,88.6,96.1,0.62,0,450
2024-06-28,94.28,92.62,88.62,96.14,1.67,0,450
2024-06-29,93.07,92.66,88.71,96.2,0.41,0,450
2024-06-30,92.49,92.63,88.65,96.25,-0.14,0,450
2024-07-01,93.4,92.65,88.7,96.29,0.75,0,450
2024-07-02,95.03,92.7,88.77,96.35,2.33,0,450
2024-07-03,95.41,92.76,88.83,96.35,2.65,0,450
2024-07-04,95.24,92.81,89.02,96.39,2.42,0,450
2024-07-05,96.49,92.88,89.16,96.5,3.61,0,450
2024-07-06,95.05,93.03,89.51,96.62,2.02,0,450
2024-07-07,91.95,93.14,89.64,96.52,-1.19,0,450
2024-07-08,95.76,93.26,89.8,96.49,2.5,0,450
2024-07-09,92.88,93.34,89.9,96.48,-0.46,0,450
2024-07-10,88.98,93.41,89.93,96.52,-4.43,0,450
2024-07-11,90.55,93.5,90.05,96.54,-2.94,0,450
2024-07-12,88.98,93.6,90.22,96.63,-4.63,0,450
2024-07-13,92.75,93.69,90.16,96.65,-0.94,0,450
2024-07-14,92.78,93.81,90.45,96.7,-1.03,0,450
2024-07-15,92.85,93.96,90.92,96.76,-1.11,0,450
2024-07-16,93.12,94.1,91.08,96.89,-0.98,0,450
2024-07-17,93.68,94.21,91.09,96.89,-0.53,0,450
2024-07-18,95.75,94.29,91.1,96.96,1.47,0,450
2024-07-19,96.92,94.3,91.1,96.98,2.62,0,450
2024-07-20,95.4,94.34,91.15,96.98,1.06,0,450
2024-07-21,93.86,94.33,91.1,96.96,-0.47,0,450
2024-07-22,94.16,94.36,91.09,97.01,-0.2,0,450
2024-07-23,92.03,94.42,91.09,97.11,-2.39,0,450
2024-07-24,84.6,94.53,91.08,97.23,-9.93,0,450
2024-07-25,87.69,94.63,91.17,97.32,-6.93,0,450
2024-07-26,89.61,94.71,91.38,97.38,-5.1,0,450
2024-07-27,89.99,94.75,91.42,97.38,-4.77,0,450
2024-07-28,91.94,94.81,91.68,97.38,-2.87,0,450
2024-07-29,93.11,94.83,91.84,97.35,-1.72,0,450
2024-07-30,92.19,94.88,92.07,97.43,-2.69,0,450
2024-07-31,92.12,94.91,92.14,97.54,-2.8,0,450
2024-08-01,93.48,94.95,92.27,97.7,-1.47,0,450
2024-08-02,93.82,94.99,92.35,97.71,-1.16,0,450
2024-08-03,93.87,95.05,92.51,97.76,-1.18,0,450
2024-08-04,93.81,95.06,92.56,97.83,-1.25,0,450
2024-08-05,93.72,95.11,92.6,97.87,-1.39,0,450
2024-08-06,96.41,95.15,92.56,97.91,1.25,0,450
2024-08-07,98.62,95.09,92.22,97.87,3.53,1,450
2024-08-08,95.98,95.06,92.14,97.94,0.92,0,450
2024-08-09,96.05,95.05,92.02,97.99,1.0,0,450
2024-08-10,95.63,95.04,92.02,97.99,0.59,0,450
2024-08-11,94.89,95.05,92.02,98.02,-0.16,0,450
2024-08-12,96.08,95.03,91.88,98.02,1.04,0,450
2024-08-13,95.12,95.01,91.86,98.03,0.11,0,450
2024-08-14,94.65,94.95,91.69,98.02,-0.3,0,450
2024-08-15,95.2,94.85,91.25,97.91,0.35,0,450
2024-08-16,95.66,94.75,90.99,97.9,0.9,0,450
2024-08-17,95.72,94.69,90.98,97.85,1.03,0,450
2024-08-18,95.25,94.57,90.76,97.78,0.68,0,450
2024-08-19,95.7,94.51,90.73,97.71,1.19,0,450
2024-08-20,97.54,94.43,90.5,97.71,3.11,0,450
2024-08-21,99.37,94.35,90.4,97.62,5.02,1,450
2024-08-22,98.03,94.34,90.33,97.62,3.68,1,450
2024-08-23,96.33,94.29,90.24,97.58,2.04,0,450
2024-08-24,93.97,94.18,90.14,97.58,-0.21,0,450
2024-08-25,93.71,94.03,90.04,97.59,-0.33,0,450
2024-08-26,94.25,93.92,89.9,97.58,0.33,0,450
2024-08-27,92.84,93.79,89.63,97.58,-0.95,0,450
2024-08-28,89.68,93.63,89.18,97.6,-3.95,0,450
2024-08-29,93.46,93.43,88.88,97.58,0.03,0,450
2024-08-30,95.6,93.22,88.65,97.56,2.38,0,450
2024-08-31,90.47,93.01,88.44,97.51,-2.54,0,450
2024-09-01,93.72,92.84,88.4,97.38,0.88,0,450
2024-09-02,94.15,92.72,88.41,97.28,1.43,0,450
2024-09-03,93.32,92.47,88.07,97.02,0.85,0,450
2024-09-04,88.17,92.2,87.61,96.6,-4.03,0,450
2024-09-05,86.08,91.95,87.44,96.33,-5.87,0,450
2024-09-06,84.3,91.7,87.38,96.16,-7.41,0,450
2024-09-07,83.99,91.44,87.21,95.72,-7.45,0,450
2024-09-08,82.36,91.21,86.67,95.5,-8.84,0,450
2024-09-09,79.82,91.04,86.41,95.26,-11.22,0,450
2024-09-10,83.68,90.88,85.95,95.11,-7.2,0,450
2024-09-11,87.85,90.77,85.91,94.82,-2.92,0,450
2024-09-12,92.12,90.68,85.5,94.81,1.44,0,450
2024-09-13,93.09,90.62,85.52,94.7,2.48,0,450
2024-09-14,92.51,90.58,85.32,94.7,1.92,0,450
2024-09-15,87.51,90.53,85.28,94.68,-3.02,0,450
2024-09-16,89.63,90.41,85.23,94.64,-0.78,0,450
2024-09-17,91.76,90.31,85.03,94.69,1.45,0,450
2024-09-18,91.69,90.25,84.92,94.69,1.44,0,450
2024-09-19,92.58,90.22,84.85,94.68,2.37,0,450
2024-09-20,92.61,90.14,84.7,94.68,2.47,0,450
2024-09-21,92.04,90.03,84.68,94.62,2.02,0,450
2024-09-22,91.86,89.88,84.39,94.52,1.97,0,450
2024-09-23,90.93,89.74,84.22,94.38,1.19,0,450
2024-09-24,88.21,89.63,84.22,94.1,-1.42,0,450
2024-09-25,90.87,89.48,84.02,94.01,1.39,0,450
2024-09-26,88.17,89.32,84.1,93.9,-1.15,0,450
2024-09-27,91.52,89.16,84.21,93.68,2.37,0,450
2024-09-28,91.11,89.03,84.21,93.62,2.08,0,450
2024-09-29,92.85,88.83,84.21,93.29,4.02,0,450
2024-09-30,91.61,88.59,83.89,92.99,3.02,0,450
2024-10-01,88.33,88.32,83.54,92.69,0.01,0,450
2024-10-02,87.43,88.03,83.54,92.38,-0.6,0,450
2024-10-03,88.21,87.82,83.45,92.3,0.4,0,450
2024-10-04,85.65,87.62,82.82,92.18,-1.98,0,450
2024-10-05,80.53,87.48,82.7,92.06,-6.95,0,450
2024-10-06,85.01,87.33,82.53,92.02,-2.32,0,450
2024-10-07,86.96,87.2,82.43,91.91,-0.24,0,450
2024-10-08,87.93,87.13,82.35,91.91,0.8,0,450
2024-10-09,86.83,86.93,81.74,91.98,-0.1,0,450
2024-10-10,87.45,86.72,80.28,91.98,0.73,0,450
2024-10-11,85.79,86.51,79.9,91.98,-0.72,0,450
2024-10-12,87.77,86.29,79.82,91.97,1.48,0,450
2024-10-13,87.78,86.03,79.25,91.82,1.74,0,450
2024-10-14,90.22,85.88,79.08,91.52,4.33,0,450
2024-10-15,89.65,85.73,78.62,91.46,3.91,0,450
2024-10-16,87.21,85.62,78.02,91.45,1.59,0,450
2024-10-17,80.95,85.5,78.02,91.3,-4.55,0,450
2024-10-18,85.49,85.35,78.02,91.24,0.14,0,450
2024-10-19,87.14,85.16,77.84,91.16,1.98,0,450
2024-10-20,84.53,84.79,77.13,90.93,-0.26,0,450
2024-10-21,85.63,84.44,76.54,90.72,1.19,0,450
2024-10-22,86.46,84.27,76.49,90.62,2.19,0,450
2024-10-23,87.51,84.07,76.49,90.25,3.44,0,450
2024-10-24,85.88,83.89,76.4,90.01,2.0,0,450
2024-10-25,87.0,83.73,75.99,89.93,3.28,0,450
2024-10-26,88.03,83.4,75.58,89.73,4.63,0,450
2024-10-27,86.21,83.03,74.8,89.43,3.18,0,450
2024-10-28,87.58,82.72,74.79,89.25,4.86,0,450
2024-10-29,86.79,82.46,74.68,88.99,4.32,0,450
2024-10-30,88.23,82.25,74.33,88.75,5.98,0,450
2024-10-31,88.1,82.06,73.9,88.75,6.03,0,450
2024-11-01,88.74,81.71,73.11,88.48,7.03,1,450
2024-11-02,86.97,81.37,72.87,88.4,5.6,0,450
2024-11-03,86.91,81.06,71.95,88.27,5.85,0,450
2024-11-04,87.15,80.92,72.1,88.17,6.23,0,450
2024-11-05,80.17,80.58,71.72,87.92,-0.4,0,450
2024-11-06,86.31,80.02,70.79,87.58,6.29,0,450
2024-11-07,87.07,79.59,70.33,87.47,7.47,0,450
2024-11-08,87.57,79.34,69.93,87.16,8.23,1,450
2024-11-09,82.2,79.0,69.54,86.55,3.19,0,450
2024-11-10,86.13,78.82,68.8,86.52,7.3,0,450
2024-11-11,86.76,78.77,68.8,86.25,7.99,1,450
2024-11-12,84.61,78.61,68.68,86.23,6.01,0,450
2024-11-13,85.58,78.41,68.8,85.98,7.16,0,450
2024-11-14,81.98,78.23,68.58,85.66,3.75,0,450
2024-11-15,80.61,78.04,68.69,85.52,2.57,0,450
2024-11-16,83.78,78.01,68.69,85.52,5.77,0,450
2024-11-17,87.02,77.85,68.53,85.51,9.17,1,450
2024-11-18,89.63,77.64,67.74,85.39,11.99,1,450
2024-11-19,85.22,77.43,67.61,85.27,7.78,0,450
2024-11-20,76.86,77.45,67.61,85.43,-0.59,0,450
2024-11-21,77.97,77.49,67.62,85.22,0.48,0,450
2024-11-22,79.63,77.42,67.48,85.21,2.21,0,450
2024-11-23,81.65,77.16,67.44,85.06,4.5,0,450
2024-11-24,83.34,76.88,66.91,84.93,6.46,0,450
2024-11-25,85.42,76.7,66.79,84.8,8.72,1,450
2024-11-26,75.58,76.48,66.64,84.69,-0.9,0,450
2024-11-27,84.96,76.23,66.48,84.56,8.73,1,450
2024-11-28,76.67,75.85,65.63,84.32,0.83,0,450
2024-11-29,59.16,75.46,64.55,84.25,-16.29,0,450
2024-11-30,67.99,75.14,63.72,84.17,-7.15,0,450
2024-12-01,80.79,74.78,63.3,83.79,6.01,0,450
2024-12-02,78.35,74.59,63.04,83.81,3.76,0,450
2024-12-03,72.79,74.28,61.67,83.69,-1.49,0,450
2024-12-04,65.67,73.96,61.38,83.5,-8.29,0,450
2024-12-05,70.9,73.71,61.38,83.2,-2.82,0,450
2024-12-06,70.38,73.66,61.38,83.08,-3.28,0,450
2024-12-07,56.35,73.53,61.47,82.93,-17.18,0,450
2024-12-08,68.14,73.45,61.01,82.84,-5.3,0,450
2024-12-09,83.05,73.31,60.73,82.93,9.73,1,450
2024-12-10,83.81,72.99,60.73,82.88,10.81,1,450
2024-12-11,62.77,72.66,60.4,82.82,-9.89,0,450
2024-12-12,73.43,72.52,60.73,82.73,0.91,0,450
2024-12-13,73.47,72.54,60.89,82.68,0.93,0,450
2024-12-14,76.19,72.57,61.29,82.63,3.62,0,450
2024-12-15,79.91,72.61,61.29,82.16,7.3,0,450
2024-12-16,81.65,72.56,60.89,82.16,9.08,0,450
2024-12-17,81.27,72.2,60.8,81.62,9.06,0,450
2024-12-18,83.69,71.95,60.08,81.69,11.75,1,450
2024-12-19,74.69,71.79,59.59,81.53,2.9,0,450
2024-12-20,73.05,71.7,59.59,81.62,1.35,0,450
2024-12-21,74.53,71.36,58.73,81.21,3.17,0,450
2024-12-22,74.47,71.11,58.68,81.21,3.36,0,450
2024-12-23,80.56,70.9,58.67,81.23,9.67,0,450
2024-12-24,82.17,70.72,58.81,81.06,11.45,1,450
2024-12-25,84.39,70.62,58.11,81.09,13.77,1,450
2024-12-26,83.89,70.31,57.65,81.18,13.58,1,450
2024-12-27,84.71,69.99,57.48,81.18,14.72,1,450
2024-12-28,88.2,69.8,57.35,81.23,18.4,1,450
2024-12-29,85.97,69.75,57.09,81.18,16.22,1,450
2024-12-30,86.66,69.6,56.95,80.91,17.06,1,450
2024-12-31,78.19,69.42,56.55,80.68,8.77,0,450
2025-01-01,84.63,69.54,56.61,80.68,15.09,1,450
2025-01-02,85.88,69.85,57.09,80.7,16.03,1,450
2025-01-03,79.89,69.98,57.27,80.76,9.91,0,450
2025-01-04,89.82,69.98,57.43,80.73,19.84,1,450
2025-01-05,92.43,70.08,57.66,80.81,22.35,1,450
2025-01-06,63.64,70.0,57.49,80.93,-6.35,0,450
2025-01-07,61.79,69.9,57.6,80.77,-8.11,0,450
2025-01-08,55.47,69.99,57.71,80.93,-14.52,0,450
2025-01-09,54.4,70.13,57.73,81.21,-15.72,0,450
2025-01-10,57.64,70.47,57.92,81.36,-12.83,0,450
2025-01-11,67.42,70.73,58.65,81.4,-3.31,0,450
2025-01-12,80.7,70.65,58.02,81.44,10.04,0,450
2025-01-13,73.92,70.74,58.05,81.69,3.18,0,450
2025-01-14,65.13,70.9,58.1,81.76,-5.78,0,450
2025-01-15,63.25,71.25,59.16,81.86,-8.0,0,450
2025-01-16,75.6,71.37,59.3,81.87,4.23,0,450
2025-01-17,83.77,71.17,59.08,81.87,12.6,1,450
2025-01-18,87.21,71.2,59.3,81.86,16.01,1,450
2025-01-19,60.72,71.3,59.38,81.91,-10.58,0,450
2025-01-20,55.44,71.41,59.51,81.76,-15.97,0,450
2025-01-21,45.56,71.61,60.15,81.7,-26.06,0,450
2025-01-22,66.45,71.79,59.86,81.76,-5.34,0,450
2025-01-23,64.71,71.8,59.98,81.85,-7.08,0,450
2025-01-24,71.81,71.91,60.34,81.76,-0.1,0,450
2025-01-25,82.69,72.09,60.79,81.76,10.6,1,450
2025-01-26,84.4,72.06,60.79,81.72,12.34,1,450
2025-01-27,83.16,72.14,60.82,81.75,11.02,1,450
2025-01-28,77.02,71.99,60.69,81.72,5.02,0,450
2025-01-29,84.16,71.89,60.8,81.72,12.26,1,450
2025-01-30,87.24,71.79,60.79,81.86,15.45,1,450
2025-01-31,84.34,71.88,60.82,81.96,12.46,1,450
2025-02-01,80.5,72.07,60.82,82.25,8.43,0,450
2025-02-02,84.6,72.29,60.8,82.72,12.3,1,450
2025-02-03,87.13,72.43,60.79,83.02,14.71,1,450
2025-02-04,81.21,72.44,60.68,83.25,8.77,0,450
2025-02-05,87.02,72.42,60.32,83.5,14.6,1,450
2025-02-06,86.79,72.53,60.82,83.52,14.26,1,450
2025-02-07,87.55,72.85,61.15,83.69,14.7,1,450
2025-02-08,89.25,73.17,61.15,84.05,16.08,1,450
2025-02-09,87.35,73.3,61.15,84.16,14.05,1,450
2025-02-10,89.71,73.64,61.59,84.29,16.07,1,450
2025-02-11,87.79,74.04,61.89,84.42,13.75,1,450
2025-02-12,95.31,74.38,62.51,84.57,20.93,1,450
2025-02-13,59.28,74.73,62.83,84.79,-15.45,0,450
2025-02-14,69.27,75.16,62.97,85.01,-5.89,0,450
2025-02-15,88.9,75.47,63.04,85.02,13.43,1,450
2025-02-16,69.07,75.93,63.39,85.4,-6.87,0,450
2025-02-17,77.41,76.15,63.78,85.61,1.25,0,450
2025-02-18,86.34,76.29,64.5,85.7,10.05,1,450
2025-02-19,49.73,76.37,64.29,85.55,-26.64,0,450
2025-02-20,47.77,76.55,64.76,86.0,-28.78,0,450
2025-02-21,86.34,76.83,65.0,86.06,9.52,1,458
2025-02-22,70.8,76.98,64.85,86.08,-6.17,0,458
2025-02-23,73.27,76.97,65.06,86.08,-3.7,0,458
2025-02-24,79.14,76.97,65.25,86.24,2.17,0,458
2025-02-25,86.09,76.97,65.38,86.24,9.13,0,458
2025-02-26,92.3,77.0,65.38,86.16,15.29,1,458
2025-02-27,88.42,77.04,65.38,86.24,11.38,1,458
2025-02-28,83.7,77.1,65.44,86.34,6.6,0,458
2025-03-01,82.76,77.0,65.44,86.09,5.76,0,458
2025-03-02,78.24,76.96,64.86,86.16,1.27,0,458
2025-03-03,77.5,76.75,64.27,86.29,0.74,0,458
2025-03-04,87.75,76.65,64.17,86.09,11.09,1,458
2025-03-05,75.53,76.65,64.27,86.15,-1.12,0,458
2025-03-06,78.55,76.9,65.33,86.34,1.65,0,458
2025-03-07,86.81,77.19,66.13,86.35,9.63,1,458
2025-03-08,98.3,77.25,66.35,86.48,21.05,1,450
2025-03-09,75.76,77.3,66.56,86.62,-1.54,0,450
2025-03-10,76.05,77.46,66.66,86.72,-1.41,0,450
2025-03-11,81.59,77.9,67.0,87.12,3.69,0,450
2025-03-12,84.15,78.21,67.51,87.39,5.94,0,450
2025-03-13,89.02,78.36,68.49,87.4,10.65,1,450
2025-03-14,93.36,78.51,68.57,87.4,14.84,1,450
2025-03-15,86.85,78.71,69.23,87.41,8.14,0,450
2025-03-16,79.6,78.97,69.33,87.72,0.64,0,450
2025-03-17,82.74,79.24,69.57,87.72,3.5,0,450
2025-03-18,82.7,79.64,69.94,87.86,3.05,0,450
2025-03-19,84.27,79.93,70.3,88.22,4.33,0,450
2025-03-20,69.77,80.3,70.54,88.63,-10.53,0,450
2025-03-21,78.72,80.6,71.16,88.7,-1.89,0,450
2025-03-22,80.23,80.84,71.27,88.63,-0.61,0,450
2025-03-23,81.76,81.1,71.49,88.74,0.66,0,450
2025-03-24,86.33,81.28,71.65,88.97,5.06,0,450
2025-03-25,86.75,81.33,71.57,89.02,5.42,0,450
2025-03-26,80.42,81.35,71.46,89.1,-0.93,0,450
2025-03-27,75.58,81.57,72.09,89.14,-6.0,0,450
2025-03-28,82.19,81.83,72.56,89.45,0.36,0,450
2025-03-29,87.13,81.98,72.56,89.64,5.16,0,450
2025-03-30,89.5,82.02,72.52,89.72,7.47,0,450
2025-03-31,87.0,82.13,72.33,89.72,4.87,0,450
2025-04-01,84.97,82.21,72.56,89.96,2.76,0,450
2025-04-02,90.07,82.31,72.59,90.21,7.75,0,450
2025-04-03,89.77,82.6,72.92,90.32,7.17,0,450
2025-04-04,89.66,82.74,73.01,90.28,6.92,0,450
2025-04-05,83.27,82.76,73.01,90.28,0.52,0,450
2025-04-06,67.36,82.87,73.41,90.58,-15.52,0,450
2025-04-07,73.18,82.95,73.46,90.76,-9.77,0,450
2025-04-08,79.67,83.0,73.72,90.79,-3.33,0,450
2025-04-09,84.19,83.15,73.99,91.03,1.04,0,450
2025-04-10,84.67,83.23,74.44,91.06,1.43,0,450
2025-04-11,82.55,83.31,74.14,91.17,-0.77,0,450
2025-04-12,86.89,83.51,74.88,91.34,3.38,0,450
2025-04-13,83.73,83.74,75.62,91.43,-0.01,0,450
2025-04-14,85.77,83.94,75.68,91.56,1.83,0,450
2025-04-15,83.08,84.17,75.77,91.8,-1.09,0,450
2025-04-16,84.9,84.34,76.12,91.78,0.56,0,450
2025-04-17,85.97,84.52,76.51,91.91,1.45,0,450
2025-04-18,87.12,84.65,76.51,91.91,2.47,0,450
2025-04-19,86.1,84.79,76.62,92.14,1.31,0,450
2025-04-20,79.89,85.03,77.09,92.33,-5.14,0,450
2025-04-21,82.88,85.18,77.31,92.44,-2.31,0,450
2025-04-22,84.43,85.38,77.4,92.66,-0.95,0,450
2025-04-23,85.81,85.68,77.92,92.66,0.13,0,450
2025-04-24,85.05,86.02,78.22,92.84,-0.97,0,450
2025-04-25,86.84,86.29,79.06,92.65,0.55,0,450
2025-04-26,85.77,86.47,79.46,92.9,-0.7,0,450
2025-04-27,87.74,86.62,79.49,93.2,1.12,0,450
2025-04-28,87.46,86.85,79.69,93.36,0.6,0,450
2025-04-29,87.95,87.08,79.83,93.75,0.86,0,450
2025-04-30,88.59,87.22,80.0,93.75,1.37,0,450
2025-05-01,87.81,87.48,80.1,94.38,0.33,0,450
2025-05-02,88.35,87.71,80.29,94.38,0.64,0,450
2025-05-03,81.09,87.83,80.86,94.48,-6.74,0,450
2025-05-04,82.53,87.94,81.14,94.38,-5.41,0,450
2025-05-05,86.87,88.07,81.34,94.48,-1.19,0,450
2025-05-06,90.48,88.21,81.86,94.15,2.27,0,450
2025-05-07,89.95,88.35,81.98,94.15,1.6,0,450
2025-05-08,81.34,88.44,82.09,94.14,-7.1,0,450
2025-05-09,84.31,88.47,82.13,94.14,-4.16,0,450
2025-05-10,86.07,88.55,82.3,94.48,-2.49,0,450
2025-05-11,89.03,88.64,82.69,94.38,0.39,0,450
2025-05-12,95.41,88.7,82.79,94.38,6.71,1,450
2025-05-13,92.02,88.71,82.84,94.28,3.31,0,450
2025-05-14,92.32,88.73,82.9,94.33,3.59,0,450
2025-05-15,94.04,88.75,83.03,94.37,5.29,0,450
2025-05-16,94.04,88.8,83.29,93.85,5.24,1,450
2025-05-17,92.66,88.87,83.47,93.78,3.79,0,450
2025-05-18,91.77,88.98,83.6,93.85,2.79,0,450
2025-05-19,93.53,89.11,83.84,94.21,4.42,0,450
2025-05-20,93.48,89.27,84.1,94.33,4.21,0,450
2025-05-21,89.75,89.45,84.28,94.55,0.3,0,450
2025-05-22,91.11,89.57,84.28,94.65,1.54,0,450
2025-05-23,93.48,89.78,84.54,94.79,3.7,0,450
2025-05-24,93.25,90.04,84.98,95.15,3.21,0,450
2025-05-25,93.91,90.21,85.15,95.15,3.7,0,450
2025-05-26,93.31,90.47,85.48,95.4,2.84,0,450
2025-05-27,90.08,90.73,85.89,95.6,-0.65,0,450
2025-05-28,89.64,91.03,86.49,95.77,-1.38,0,450
2025-05-29,91.38,91.34,86.72,95.91,0.04,0,450
2025-05-30,90.24,91.6,87.13,96.22,-1.36,0,450
2025-05-31,90.32,91.79,87.34,96.53,-1.48,0,450
2025-06-01,91.06,91.95,87.62,96.59,-0.88,0,450
2025-06-02,92.11,92.09,87.69,96.59,0.03,0,450
2025-06-03,93.26,92.23,87.82,96.64,1.03,0,450
2025-06-04,93.69,92.35,87.92,96.66,1.34,0,450
2025-06-05,94.33,92.47,87.99,96.71,1.86,0,450
2025-06-06,95.33,92.66,88.26,96.72,2.67,0,450
2025-06-07,94.51,92.82,88.46,96.73,1.68,0,450
2025-06-08,94.41,92.92,88.72,96.84,1.49,0,450
2025-06-09,93.37,93.07,88.93,96.9,0.31,0,450
2025-06-10,94.22,93.12,88.94,96.95,1.1,0,450
2025-06-11,92.2,93.15,88.89,97.02,-0.95,0,450
2025-06-12,96.02,93.11,88.72,96.98,2.91,0,450
2025-06-13,96.4,93.02,88.55,96.9,3.38,0,450
2025-06-14,94.98,92.95,88.44,96.85,2.03,0,450
2025-06-15,95.45,92.94,88.59,96.56,2.51,0,450
2025-06-16,90.29,92.92,88.64,96.38,-2.63,0,450
2025-06-17,95.2,92.89,88.7,96.34,2.31,0,450
2025-06-18,93.96,92.84,88.44,96.31,1.12,0,450
2025-06-19,91.68,92.86,88.58,96.29,-1.17,0,450
2025-06-20,86.97,92.86,88.7,96.27,-5.89,0,450
2025-06-21,90.14,92.81,88.7,96.25,-2.67,0,450
2025-06-22,91.35,92.76,88.48,96.29,-1.41,0,450
2025-06-23,92.11,92.71,88.34,96.33,-0.61,0,450
2025-06-24,92.49,92.65,88.26,96.33,-0.16,0,450
2025-06-25,92.51,92.61,88.38,96.27,-0.1,0,450
2025-06-26,93.88,92.58,88.38,96.16,1.3,0,450
2025-06-27,93.51,92.57,88.6,96.1,0.94,0,450
2025-06-28,93.54,92.62,88.62,96.14,0.92,0,450
2025-06-29,87.89,92.66,88.71,96.2,-4.77,0,450
2025-06-30,84.08,92.63,88.65,96.25,-8.55,0,450
2025-07-01,82.11,92.65,88.7,96.29,-10.54,0,450
2025-07-02,85.71,92.7,88.77,96.35,-6.99,0,450
2025-07-03,90.83,92.76,88.83,96.35,-1.94,0,450
2025-07-04,91.7,92.81,89.02,96.39,-1.11,0,450
2025-07-05,90.32,92.88,89.16,96.5,-2.56,0,450
2025-07-06,93.04,93.03,89.51,96.62,0.01,0,450
2025-07-07,92.88,93.14,89.64,96.52,-0.26,0,450
2025-07-08,93.84,93.26,89.8,96.49,0.58,0,450
2025-07-09,94.17,93.34,89.9,96.48,0.83,0,450
2025-07-10,91.38,93.41,89.93,96.52,-2.03,0,450
2025-07-11,91.7,93.5,90.05,96.54,-1.8,0,450
2025-07-12,92.41,93.6,90.22,96.63,-1.2,0,450
2025-07-13,93.05,93.69,90.16,96.65,-0.63,0,450
2025-07-14,92.13,93.81,90.45,96.7,-1.68,0,450
2025-07-15,93.54,93.96,90.92,96.76,-0.42,0,450
2025-07-16,94.18,94.1,91.08,96.89,0.08,0,450
2025-07-17,93.75,94.21,91.09,96.89,-0.46,0,450
2025-07-18,93.34,94.29,91.1,96.96,-0.94,0,450
2025-07-19,93.98,94.3,91.1,96.98,-0.32,0,450
2025-07-20,94.84,94.34,91.15,96.98,0.5,0,450
2025-07-21,94.76,94.33,91.1,96.96,0.43,0,450
2025-07-22,95.12,94.36,91.09,97.01,0.76,0,450
2025-07-23,95.52,94.42,91.09,97.11,1.1,0,450
2025-07-24,96.68,94.53,91.08,97.23,2.14,0,450
2025-07-25,91.77,94.63,91.17,97.32,-2.86,0,450
2025-07-26,95.24,94.71,91.38,97.38,0.53,0,450
2025-07-27,94.16,94.75,91.42,97.38,-0.6,0,450
2025-07-28,94.41,94.81,91.68,97.38,-0.4,0,450
2025-07-29,93.55,94.83,91.84,97.35,-1.27,0,450
2025-07-30,95.24,94.88,92.07,97.43,0.37,0,450
2025-07-31,97.38,94.91,92.14,97.54,2.46,0,450
2025-08-01,97.81,94.95,92.27,97.7,2.86,1,450
2025-08-02,99.27,94.99,92.35,97.71,4.28,1,450
2025-08-03,97.53,95.05,92.51,97.76,2.49,0,450
2025-08-04,97.66,95.06,92.56,97.83,2.6,0,450
2025-08-05,92.6,95.11,92.6,97.87,-2.51,0,450
2025-08-06,95.03,95.15,92.56,97.91,-0.12,0,450
2025-08-07,96.06,95.09,92.22,97.87,0.97,0,450
2025-08-08,97.69,95.06,92.14,97.94,2.62,0,450
2025-08-09,95.32,95.05,92.02,97.99,0.27,0,450
2025-08-10,96.11,95.04,92.02,97.99,1.07,0,450
2025-08-11,94.92,95.05,92.02,98.02,-0.13,0,450
2025-08-12,97.44,95.03,91.88,98.02,2.41,0,450
2025-08-13,97.81,95.01,91.86,98.03,2.8,0,450
2025-08-14,96.8,94.95,91.69,98.02,1.85,0,450
2025-08-15,84.38,94.85,91.25,97.91,-10.47,0,450
2025-08-16,94.75,94.75,90.99,97.9,-0.0,0,450
2025-08-17,95.29,94.69,90.98,97.85,0.6,0,450
2025-08-18,94.56,94.57,90.76,97.78,-0.01,0,450
2025-08-19,95.31,94.51,90.73,97.71,0.8,0,450
2025-08-20,92.44,94.43,90.5,97.71,-1.98,0,450
2025-08-21,93.44,94.35,90.4,97.62,-0.91,0,450
2025-08-22,90.94,94.34,90.33,97.62,-3.41,0,450
2025-08-23,90.8,94.29,90.24,97.58,-3.48,0,450
2025-08-24,91.44,94.18,90.14,97.58,-2.74,0,450
2025-08-25,91.65,94.03,90.04,97.59,-2.38,0,450
2025-08-26,93.44,93.92,89.9,97.58,-0.48,0,450
2025-08-27,94.59,93.79,89.63,97.58,0.8,0,450
2025-08-28,94.8,93.63,89.18,97.6,1.17,0,450
2025-08-29,95.04,93.43,88.88,97.58,1.61,0,450
2025-08-30,96.44,93.22,88.65,97.56,3.23,0,450
2025-08-31,96.0,93.01,88.44,97.51,2.99,0,450
2025-09-01,93.89,92.84,88.4,97.38,1.05,0,450
2025-09-02,93.87,92.72,88.41,97.28,1.15,0,450
2025-09-03,94.86,92.47,88.07,97.02,2.39,0,450
2025-09-04,97.51,92.2,87.61,96.6,5.31,1,450
2025-09-05,97.22,91.95,87.44,96.33,5.27,1,450
2025-09-06,95.18,91.7,87.38,96.16,3.48,0,450
2025-09-07,88.99,91.44,87.21,95.72,-2.45,0,450
2025-09-08,87.2,91.21,86.67,95.5,-4.01,0,450
2025-09-09,90.36,91.04,86.41,95.26,-0.68,0,450
2025-09-10,92.12,90.88,85.95,95.11,1.25,0,450
2025-09-11,92.83,90.77,85.91,94.82,2.06,0,450
2025-09-12,91.92,90.68,85.5,94.81,1.24,0,450
2025-09-13,90.22,90.62,85.52,94.7,-0.39,0,450
2025-09-14,91.89,90.58,85.32,94.7,1.3,0,450
2025-09-15,89.65,90.53,85.28,94.68,-0.88,0,450
2025-09-16,91.15,90.41,85.23,94.64,0.74,0,450
2025-09-17,89.7,90.31,85.03,94.69,-0.61,0,450
2025-09-18,87.58,90.25,84.92,94.69,-2.66,0,450
2025-09-19,90.05,90.22,84.85,94.68,-0.17,0,450
2025-09-20,91.22,90.14,84.7,94.68,1.08,0,450
2025-09-21,91.37,90.03,84.68,94.62,1.35,0,450
2025-09-22,93.21,89.88,84.39,94.52,3.33,0,450
2025-09-23,93.54,89.74,84.22,94.38,3.79,0,450
2025-09-24,94.73,89.63,84.22,94.1,5.1,1,450
2025-09-25,89.14,89.48,84.02,94.01,-0.34,0,450
2025-09-26,91.15,89.32,84.1,93.9,1.83,0,450
2025-09-27,90.54,89.16,84.21,93.68,1.38,0,450
2025-09-28,88.98,89.03,84.21,93.62,-0.05,0,450
2025-09-29,89.91,88.83,84.21,93.29,1.08,0,450
2025-09-30,89.71,88.59,83.89,92.99,1.11,0,450
2025-10-01,90.59,88.32,83.54,92.69,2.27,0,450
2025-10-02,90.31,88.03,83.54,92.38,2.28,0,450
2025-10-03,89.96,87.82,83.45,92.3,2.14,0,450
2025-10-04,89.73,87.62,82.82,92.18,2.1,0,450
2025-10-05,92.41,87.48,82.7,92.06,4.93,1,450
2025-10-06,93.13,87.33,82.53,92.02,5.8,1,450
2025-10-07,88.91,87.2,82.43,91.91,1.71,0,450
2025-10-08,88.2,87.13,82.35,91.91,1.07,0,450
2025-10-09,88.06,86.93,81.74,91.98,1.13,0,450
2025-10-10,88.32,86.72,80.28,91.98,1.6,0,450
2025-10-11,88.58,86.51,79.9,91.98,2.07,0,450
2025-10-12,87.84,86.29,79.82,91.97,1.56,0,450
2025-10-13,89.3,86.03,79.25,91.82,3.27,0,450
2025-10-14,88.56,85.88,79.08,91.52,2.67,0,450
2025-10-15,87.99,85.73,78.62,91.46,2.26,0,450
2025-10-16,88.52,85.62,78.02,91.45,2.9,0,450
2025-10-17,91.5,85.5,78.02,91.3,6.01,1,450
2025-10-18,92.18,85.35,78.02,91.24,6.84,1,450
2025-10-19,93.89,85.16,77.84,91.16,8.73,1,450
2025-10-20,93.26,84.79,77.13,90.93,8.47,1,450
2025-10-21,93.55,84.44,76.54,90.72,9.11,1,450
2025-10-22,90.37,84.27,76.49,90.62,6.1,0,450
2025-10-23,89.36,84.07,76.49,90.25,5.29,0,450
2025-10-24,91.4,83.89,76.4,90.01,7.51,1,450
2025-10-25,91.21,83.73,75.99,89.93,7.48,1,450
2025-10-26,93.45,83.4,75.58,89.73,10.05,1,450
2025-10-27,94.56,83.03,74.8,89.43,11.53,1,450
2025-10-28,93.38,82.72,74.79,89.25,10.66,1,450
2025-10-29,77.81,82.46,74.68,88.99,-4.66,0,450
2025-10-30,77.59,82.25,74.33,88.75,-4.66,0,450
2025-10-31,80.56,82.06,73.9,88.75,-1.5,0,450
2025-11-01,85.53,81.71,73.11,88.48,3.82,0,450
2025-11-02,78.03,81.37,72.87,88.4,-3.35,0,450
2025-11-03,79.76,81.06,71.95,88.27,-1.31,0,450
2025-11-04,81.89,80.92,72.1,88.17,0.97,0,450
2025-11-05,85.36,80.58,71.72,87.92,4.78,0,450
2025-11-06,85.2,80.02,70.79,87.58,5.18,0,450
2025-11-07,88.87,79.59,70.33,87.47,9.28,1,450
2025-11-08,91.95,79.34,69.93,87.16,12.61,1,450
2025-11-09,81.61,79.0,69.54,86.55,2.61,0,450
2025-11-10,67.43,78.82,68.8,86.52,-11.39,0,450
2025-11-11,77.77,78.77,68.8,86.25,-1.0,0,450
2025-11-12,84.23,78.61,68.68,86.23,5.62,0,450
2025-11-13,86.73,78.41,68.8,85.98,8.32,1,450
2025-11-14,86.29,78.23,68.58,85.66,8.07,1,450
2025-11-15,86.47,78.04,68.69,85.52,8.43,1,450
2025-11-16,89.16,78.01,68.69,85.52,11.16,1,450
2025-11-17,87.12,77.85,68.53,85.51,9.26,1,450
2025-11-18,85.55,77.64,67.74,85.39,7.92,1,450
2025-11-19,88.25,77.43,67.61,85.27,10.82,1,450
2025-11-20,86.87,77.45,67.61,85.43,9.42,1,450
2025-11-21,87.93,77.49,67.62,85.22,10.44,1,450
2025-11-22,87.61,77.42,67.48,85.21,10.19,1,450
2025-11-23,87.7,77.16,67.44,85.06,10.54,1,450
2025-11-24,87.78,76.88,66.91,84.93,10.9,1,450
2025-11-25,89.37,76.7,66.79,84.8,12.68,1,450
2025-11-26,77.34,76.48,66.64,84.69,0.86,0,450
2025-11-27,78.76,76.23,66.48,84.56,2.54,0,450
2025-11-28,76.3,75.85,65.63,84.32,0.46,0,450
2025-11-29,82.89,75.46,64.55,84.25,7.44,0,450
2025-11-30,77.31,75.14,63.72,84.17,2.16,0,450
2025-12-01,56.31,74.78,63.3,83.79,-18.47,0,450
2025-12-02,58.88,74.59,63.04,83.81,-15.71,0,450
2025-12-03,75.32,74.28,61.67,83.69,1.04,0,450
2025-12-04,80.48,73.96,61.38,83.5,6.52,0,450
2025-12-05,62.01,73.71,61.38,83.2,-11.7,0,450
2025-12-06,68.67,73.66,61.38,83.08,-4.98,0,450
2025-12-07,81.99,73.53,61.47,82.93,8.46,0,450
2025-12-08,64.59,73.45,61.01,82.84,-8.85,0,450
2025-12-09,75.13,73.31,60.73,82.93,1.81,0,450
2025-12-10,83.87,72.99,60.73,82.88,10.88,1,450
2025-12-11,79.92,72.66,60.4,82.82,7.26,0,450
2025-12-12,83.47,72.52,60.73,82.73,10.95,1,450
2025-12-13,84.99,72.54,60.89,82.68,12.44,1,450
2025-12-14,77.54,72.57,61.29,82.63,4.96,0,450
2025-12-15,63.41,72.61,61.29,82.16,-9.2,0,450
2025-12-16,77.01,72.56,60.89,82.16,4.44,0,450
2025-12-17,76.06,72.2,60.8,81.62,3.86,0,450
2025-12-18,85.88,71.95,60.08,81.69,13.93,1,450
2025-12-19,77.58,71.79,59.59,81.53,5.78,0,450
2025-12-20,85.73,71.7,59.59,81.62,14.03,1,450
2025-12-21,86.17,71.36,58.73,81.21,14.8,1,450
2025-12-22,85.3,71.11,58.68,81.21,14.19,1,450
2025-12-23,84.48,70.9,58.67,81.23,13.59,1,450
2025-12-24,83.99,70.72,58.81,81.06,13.27,1,450
2025-12-25,85.95,70.62,58.11,81.09,15.33,1,450
2025-12-26,86.38,70.31,57.65,81.18,16.07,1,450
2025-12-27,86.03,69.99,57.48,81.18,16.04,1,450
2025-12-28,86.07,69.8,57.35,81.23,16.27,1,450
2025-12-29,66.16,69.75,57.09,81.18,-3.59,0,450
2025-12-30,61.98,69.6,56.95,80.91,-7.62,0,450
2025-12-31,70.81,69.42,56.55,80.68,1.4,0,450
2026-01-01,84.99,69.54,56.61,80.68,15.45,1,450
2026-01-02,85.8,69.85,57.09,80.7,15.95,1,450
2026-01-03,88.85,69.98,57.27,80.76,18.87,1,450
2026-01-04,78.6,69.98,57.43,80.73,8.62,0,450
2026-01-05,83.38,70.08,57.66,80.81,13.29,1,450
2026-01-06,85.26,70.0,57.49,80.93,15.26,1,450
2026-01-07,83.4,69.9,57.6,80.77,13.51,1,450
2026-01-08,83.64,69.99,57.71,80.93,13.65,1,450
2026-01-09,85.56,70.13,57.73,81.21,15.43,1,450
2026-01-10,68.79,70.47,57.92,81.36,-1.68,0,450
2026-01-11,60.93,70.73,58.65,81.4,-9.79,0,450
2026-01-12,66.32,70.65,58.02,81.44,-4.33,0,450
2026-01-13,67.93,70.74,58.05,81.69,-2.8,0,450
2026-01-14,78.66,70.9,58.1,81.76,7.75,0,450
2026-01-15,68.03,71.25,59.16,81.86,-3.22,0,450
2026-01-16,78.81,71.37,59.3,81.87,7.44,0,450
2026-01-17,66.85,71.17,59.08,81.87,-4.32,0,450
2026-01-18,63.17,71.2,59.3,81.86,-8.03,0,450
2026-01-19,71.8,71.3,59.38,81.91,0.5,0,450
2026-01-20,74.54,71.41,59.51,81.76,3.13,0,450
2026-01-21,72.24,71.61,60.15,81.7,0.63,0,450
2026-01-22,80.34,71.79,59.86,81.76,8.55,0,450
2026-01-23,83.17,71.8,59.98,81.85,11.37,1,450
2026-01-24,80.94,71.91,60.34,81.76,9.03,0,450
2026-01-25,44.09,72.09,60.79,81.76,-28.0,0,450
2026-01-26,46.62,72.06,60.79,81.72,-25.44,0,450
2026-01-27,62.7,72.14,60.82,81.75,-9.44,0,450
2026-01-28,70.81,71.99,60.69,81.72,-1.19,0,450
2026-01-29,79.05,71.89,60.8,81.72,7.15,0,450
2026-01-30,64.13,71.79,60.79,81.86,-7.65,0,450
2026-01-31,63.7,71.88,60.82,81.96,-8.17,0,450
2026-02-01,67.57,72.07,60.82,82.25,-4.49,0,450
2026-02-02,74.65,72.29,60.8,82.72,2.35,0,450
2026-02-03,79.48,72.43,60.79,83.02,7.05,0,450
2026-02-04,69.3,72.44,60.68,83.25,-3.14,0,450
2026-02-05,71.24,72.42,60.32,83.5,-1.18,0,450
2026-02-06,80.32,72.53,60.82,83.52,7.79,0,450
2026-02-07,83.07,72.85,61.15,83.69,10.22,0,450
2026-02-08,82.6,73.17,61.15,84.05,9.43,0,450
2026-02-09,82.68,73.3,61.15,84.16,9.37,0,450
2026-02-10,83.35,73.64,61.59,84.29,9.71,0,450
2026-02-11,84.28,74.04,61.89,84.42,10.23,0,450
2026-02-12,83.88,74.38,62.51,84.57,9.5,0,450
2026-02-13,83.25,74.73,62.83,84.79,8.53,0,450
2026-02-14,84.24,75.16,62.97,85.01,9.07,0,450
2026-02-15,84.9,75.47,63.04,85.02,9.43,0,450
2026-02-16,81.21,75.93,63.39,85.4,5.28,0,450
2026-02-17,84.72,76.15,63.78,85.61,8.57,0,450
2026-02-18,85.58,76.29,64.5,85.7,9.3,0,450
2026-02-19,89.95,76.37,64.29,85.55,13.57,1,450
2026-02-20,91.06,76.55,64.76,86.0,14.51,1,450
2026-02-21,83.14,76.83,65.0,86.06,6.31,0,458
2026-02-22,67.62,76.98,64.85,86.08,-9.36,0,458
2026-02-23,70.05,76.97,65.06,86.08,-6.92,0,458
2026-02-24,75.94,76.97,65.25,86.24,-1.03,0,458
2026-02-25,82.89,76.97,65.38,86.24,5.93,0,458
2026-02-26,89.06,77.0,65.38,86.16,12.06,1,458
2026-02-27,85.35,77.04,65.38,86.24,8.32,0,458
2026-02-28,83.99,77.1,65.44,86.34,6.89,0,458
2026-03-01,83.14,77.0,65.44,86.09,6.14,0,458
2026-03-02,84.86,76.96,64.86,86.16,7.9,0,458
2026-03-03,85.79,76.75,64.27,86.29,9.04,0,458
2026-03-04,86.06,76.65,64.17,86.09,9.41,0,458
2026-03-05,86.03,76.65,64.27,86.15,9.38,0,458
2026-03-06,88.17,76.9,65.33,86.34,11.27,1,458
2026-03-07,87.22,77.19,66.13,86.35,10.03,1,458
2026-03-08,86.62,77.25,66.35,86.48,9.37,1,450
2026-03-09,87.81,77.3,66.56,86.62,10.51,1,450
2026-03-10,87.57,77.46,66.66,86.72,10.11,1,450
2026-03-11,96.63,77.9,67.0,87.12,18.73,1,450
2026-03-12,74.33,78.21,67.51,87.39,-3.88,0,450
2026-03-13,84.12,78.36,68.49,87.4,5.76,0,450
2026-03-14,86.48,78.51,68.57,87.4,7.96,0,450
2026-03-15,91.81,78.71,69.23,87.41,13.1,1,450
2026-03-16,65.36,78.97,69.33,87.72,-13.6,0,450
2026-03-17,69.14,79.24,69.57,87.72,-10.1,0,450
2026-03-18,77.78,79.64,69.94,87.86,-1.86,0,450
2026-03-19,80.88,79.93,70.3,88.22,0.95,0,450
2026-03-20,85.38,80.3,70.54,88.63,5.08,0,450
2026-03-21,87.53,80.6,71.16,88.7,6.93,0,450
2026-03-22,85.61,80.84,71.27,88.63,4.77,0,450
2026-03-23,84.91,81.1,71.49,88.74,3.82,0,450
2026-03-24,86.12,81.28,71.65,88.97,4.84,0,450
2026-03-25,85.89,81.33,71.57,89.02,4.56,0,450
2026-03-26,85.4,81.35,71.46,89.1,4.05,0,450
2026-03-27,88.52,81.57,72.09,89.14,6.95,0,450
2026-03-28,82.11,81.83,72.56,89.45,0.29,0,450
2026-03-29,84.4,81.98,72.56,89.64,2.42,0,450
2026-03-30,85.88,82.02,72.52,89.72,3.85,0,450
2026-03-31,86.18,82.13,72.33,89.72,4.06,0,450
2026-04-01,88.04,82.21,72.56,89.96,5.83,0,450
2026-04-02,88.39,82.31,72.59,90.21,6.08,0,450
2026-04-03,88.16,82.6,72.92,90.32,5.56,0,450
2026-04-04,88.97,82.74,73.01,90.28,6.23,0,450
2026-04-05,70.3,82.76,73.01,90.28,-12.46,0,450
2026-04-06,74.3,82.87,73.41,90.58,-8.57,0,450
2026-04-07,78.31,82.95,73.46,90.76,-4.64,0,450
2026-04-08,77.23,83.0,73.72,90.79,-5.77,0,450
2026-04-09,81.28,83.15,73.99,91.03,-1.87,0,450
2026-04-10,82.88,83.23,74.44,91.06,-0.35,0,450
2026-04-11,82.83,83.31,74.14,91.17,-0.48,0,450
2026-04-12,84.21,83.51,74.88,91.34,0.7,0,450
2026-04-13,83.22,83.74,75.62,91.43,-0.52,0,450
2026-04-14,86.56,83.94,75.68,91.56,2.62,0,450
2026-04-15,86.38,84.17,75.77,91.8,2.21,0,450
2026-04-16,87.14,84.34,76.12,91.78,2.8,0,450
2026-04-17,87.57,84.52,76.51,91.91,3.05,0,450
2026-04-18,86.2,84.65,76.51,91.91,1.55,0,450
2026-04-19,62.34,84.79,76.62,92.14,-22.45,0,450
2026-04-20,74.98,85.03,77.09,92.33,-10.04,0,450
2026-04-21,81.16,85.18,77.31,92.44,-4.02,0,450
2026-04-22,84.62,85.38,77.4,92.66,-0.76,0,450
2026-04-23,85.91,85.68,77.92,92.66,0.23,0,450
2026-04-24,86.02,86.02,78.22,92.84,0.01,0,450
2026-04-25,87.31,86.29,79.06,92.65,1.02,0,450
2026-04-26,88.66,86.47,79.46,92.9,2.19,0,450
2026-04-27,91.33,86.62,79.49,93.2,4.71,0,450
2026-04-28,91.16,86.85,79.69,93.36,4.31,0,450
2026-04-29,90.67,87.08,79.83,93.75,3.59,0,450
2026-04-30,89.32,87.22,80.0,93.75,2.1,0,450
2026-05-01,89.49,87.48,80.1,94.38,2.0,0,450
2026-05-02,73.17,87.71,80.29,94.38,-14.54,0,450
2026-05-03,82.11,87.83,80.86,94.48,-5.73,0,450
2026-05-04,83.95,87.94,81.14,94.38,-3.99,0,450
2026-05-05,88.8,88.07,81.34,94.48,0.73,0,450
2026-05-06,94.58,88.21,81.86,94.15,6.37,1,450
2026-05-07,86.44,88.35,81.98,94.15,-1.91,0,450
2026-05-08,88.53,88.44,82.09,94.14,0.09,0,450
2026-05-09,89.8,88.47,82.13,94.14,1.32,0,450
2026-05-10,91.38,88.55,82.3,94.48,2.83,0,450
2026-05-11,89.06,88.64,82.69,94.38,0.42,0,450
2026-05-12,87.4,88.7,82.79,94.38,-1.3,0,450
2026-05-13,88.76,88.71,82.84,94.28,0.06,0,450
2026-05-14,90.54,88.73,82.9,94.33,1.81,0,450
2026-05-15,89.97,88.75,83.03,94.37,1.22,0,450
2026-05-16,90.34,88.8,83.29,93.85,1.54,0,450
2026-05-17,91.35,88.87,83.47,93.78,2.48,0,450
2026-05-18,93.16,88.98,83.6,93.85,4.19,0,450
2026-05-19,92.19,89.11,83.84,94.21,3.07,0,450
2026-05-20,90.05,89.27,84.1,94.33,0.78,0,450
2026-05-21,86.15,89.45,84.28,94.55,-3.3,0,450
2026-05-22,92.56,89.57,84.28,94.65,2.99,0,450
2026-05-23,86.0,89.78,84.54,94.79,-3.78,0,450
2026-05-24,89.36,90.04,84.98,95.15,-0.68,0,450
2026-05-25,90.08,90.21,85.15,95.15,-0.13,0,450
2026-05-26,90.02,90.47,85.48,95.4,-0.44,0,450
2026-05-27,82.65,90.73,85.89,95.6,-8.07,0,450
2026-05-28,88.76,91.03,86.49,95.77,-2.27,0,450
2026-05-29,90.23,91.34,86.72,95.91,-1.1,0,450
2026-05-30,91.63,91.6,87.13,96.22,0.02,0,450
2026-05-31,91.32,91.79,87.34,96.53,-0.47,0,450
2026-06-01,90.55,91.95,87.62,96.59,-1.39,0,450
2026-06-02,90.52,92.09,87.69,96.59,-1.57,0,450
2026-06-03,90.26,92.23,87.82,96.64,-1.97,0,450
2026-06-04,89.19,92.35,87.92,96.66,-3.15,0,450
2026-06-05,88.28,92.47,87.99,96.71,-4.19,0,450
2026-06-06,91.83,92.66,88.26,96.72,-0.83,0,450
2026-06-07,84.93,92.82,88.46,96.73,-7.89,0,450
2026-06-08,88.63,92.92,88.72,96.84,-4.29,0,450
2026-06-09,91.27,93.07,88.93,96.9,-1.79,0,450
2026-06-10,92.1,93.12,88.94,96.95,-1.02,0,450
2026-06-11,92.19,93.15,88.89,97.02,-0.96,0,450
2026-06-12,92.07,93.11,88.72,96.98,-1.04,0,450
2026-06-13,90.12,93.02,88.55,96.9,-2.9,0,450
2026-06-14,90.56,92.95,88.44,96.85,-2.39,0,450
2026-06-15,90.75,92.94,88.59,96.56,-2.18,0,450
2026-06-16,87.81,92.92,88.64,96.38,-5.11,0,450
2026-06-17,97.12,92.89,88.7,96.34,4.24,1,450
2026-06-18,96.23,92.84,88.44,96.31,3.39,0,450
2026-06-19,93.89,92.86,88.58,96.29,1.04,0,450
2026-06-20,87.78,92.86,88.7,96.27,-5.08,0,450
2026-06-21,90.66,92.81,88.7,96.25,-2.15,0,450
2026-06-22,92.99,92.76,88.48,96.29,0.24,0,450
2026-06-23,93.38,92.71,88.34,96.33,0.67,0,450
2026-06-24,92.73,92.65,88.26,96.33,0.08,0,450
2026-06-25,93.44,92.61,88.38,96.27,0.83,0,450
2026-06-26,92.91,92.58,88.38,96.16,0.33,0,450
2026-06-27,93.5,92.57,88.6,96.1,0.93,0,450
2026-06-28,94.23,92.62,88.62,96.14,1.61,0,450
2026-06-29,93.37,92.66,88.71,96.2,0.71,0,450
2026-06-30,94.31,92.63,88.65,96.25,1.68,0,450
2026-07-01,94.36,92.65,88.7,96.29,1.7,0,450
2026-07-02,94.81,92.7,88.77,96.35,2.1,0,450
2026-07-03,95.49,92.76,88.83,96.35,2.73,0,450
2026-07-04,96.48,92.81,89.02,96.39,3.67,1,450
2026-07-05,96.12,92.88,89.16,96.5,3.24,0,450
2026-07-06,94.36,93.03,89.51,96.62,1.33,0,450
2026-07-07,96.3,93.14,89.64,96.52,3.15,0,450
2026-07-08,96.03,93.26,89.8,96.49,2.76,0,450
2026-07-09,90.22,93.34,89.9,96.48,-3.11,0,450
2026-07-10,90.12,93.41,89.93,96.52,-3.3,0,450
2026-07-11,94.87,93.5,90.05,96.54,1.37,0,450
2026-07-12,95.86,93.6,90.22,96.63,2.26,0,450
2026-07-13,93.81,93.69,90.16,96.65,0.13,0,450
2026-07-14,94.93,93.81,90.45,96.7,1.12,0,450
2026-07-15,94.08,93.96,90.92,96.76,0.12,0,450
2026-07-16,95.06,94.1,91.08,96.89,0.95,0,450
2026-07-17,95.53,94.21,91.09,96.89,1.32,0,450
2026-07-18,95.7,94.29,91.1,96.96,1.41,0,450
2026-07-19,96.93,94.3,91.1,96.98,2.63,0,450
2026-07-20,99.18,94.34,91.15,96.98,4.84,1,450
2026-07-21,98.35,94.33,91.1,96.96,4.02,1,450
2026-07-22,101.95,94.36,91.09,97.01,7.59,1,450
2026-07-23,89.26,94.42,91.09,97.11,-5.16,0,450
2026-07-24,95.4,94.53,91.08,97.23,0.87,0,450
2026-07-25,95.17,94.63,91.17,97.32,0.54,0,450
2026-07-26,96.94,94.71,91.38,97.38,2.24,0,450
2026-07-27,96.59,94.75,91.42,97.38,1.84,0,450
2026-07-28,95.9,94.81,91.68,97.38,1.09,0,450
2026-07-29,96.29,94.83,91.84,97.35,1.46,0,450
2026-07-30,96.29,94.88,92.07,97.43,1.41,0,450
2026-07-31,96.61,94.91,92.14,97.54,1.7,0,450
2026-08-01,98.27,94.95,92.27,97.7,3.32,1,450
2026-08-02,98.6,94.99,92.35,97.71,3.61,1,450
2026-08-03,95.66,95.05,92.51,97.76,0.62,0,450
2026-08-04,96.17,95.06,92.56,97.83,1.11,0,450
2026-08-05,96.73,95.11,92.6,97.87,1.61,0,450
2026-08-06,97.21,95.15,92.56,97.91,2.06,0,450
2026-08-07,95.65,95.09,92.22,97.87,0.55,0,450
2026-08-08,94.8,95.06,92.14,97.94,-0.27,0,450
2026-08-09,94.67,95.05,92.02,97.99,-0.38,0,450
2026-08-10,96.13,95.04,92.02,97.99,1.09,0,450
2026-08-11,97.18,95.05,92.02,98.02,2.13,0,450
2026-08-12,98.0,95.03,91.88,98.02,2.97,0,450
2026-08-13,97.21,95.01,91.86,98.03,2.2,0,450
2026-08-14,96.75,94.95,91.69,98.02,1.8,0,450
2026-08-15,96.32,94.85,91.25,97.91,1.47,0,450
2026-08-16,95.19,94.75,90.99,97.9,0.44,0,450
2026-08-17,95.63,94.69,90.98,97.85,0.94,0,450
2026-08-18,97.99,94.57,90.76,97.78,3.42,1,450
2026-08-19,97.23,94.51,90.73,97.71,2.72,0,450
2026-08-20,97.99,94.43,90.5,97.71,3.56,1,450
2026-08-21,98.02,94.35,90.4,97.62,3.67,1,450
2026-08-22,100.22,94.34,90.33,97.62,5.87,1,450
2026-08-23,97.71,94.29,90.24,97.58,3.42,1,450
2026-08-24,97.27,94.18,90.14,97.58,3.09,0,450
2026-08-25,96.68,94.03,90.04,97.59,2.65,0,450
2026-08-26,96.89,93.92,89.9,97.58,2.97,0,450
2026-08-27,97.77,93.79,89.63,97.58,3.98,1,450
2026-08-28,96.59,93.63,89.18,97.6,2.95,0,450
2026-08-29,93.19,93.43,88.88,97.58,-0.24,0,450
2026-08-30,95.71,93.22,88.65,97.56,2.5,0,450
2026-08-31,98.2,93.01,88.44,97.51,5.19,1,450
2026-09-01,97.98,92.84,88.4,97.38,5.14,1,450
2026-09-02,99.64,92.72,88.41,97.28,6.92,1,450
2026-09-03,98.12,92.47,88.07,97.02,5.65,1,450
2026-09-04,96.86,92.2,87.61,96.6,4.67,1,450
2026-09-05,96.62,91.95,87.44,96.33,4.67,1,450
2026-09-06,96.95,91.7,87.38,96.16,5.25,1,450
2026-09-07,98.95,91.44,87.21,95.72,7.52,1,450
2026-09-08,96.97,91.21,86.67,95.5,5.76,1,450
2026-09-09,95.96,91.04,86.41,95.26,4.92,1,450
2026-09-10,100.05,90.88,85.95,95.11,9.17,1,450
2026-09-11,99.44,90.77,85.91,94.82,8.67,1,450
2026-09-12,97.84,90.68,85.5,94.81,7.16,1,450
2026-09-13,98.14,90.62,85.52,94.7,7.52,1,450
2026-09-14,96.84,90.58,85.32,94.7,6.25,1,450
2026-09-15,97.86,90.53,85.28,94.68,7.33,1,450
2026-09-16,95.81,90.41,85.23,94.64,5.4,1,450
2026-09-17,95.71,90.31,85.03,94.69,5.39,1,450
2026-09-18,95.98,90.25,84.92,94.69,5.73,1,450
2026-09-19,95.22,90.22,84.85,94.68,5.0,1,450
2026-09-20,97.04,90.14,84.7,94.68,6.9,1,450
2026-09-21,96.06,90.03,84.68,94.62,6.04,1,450
2026-09-22,95.09,89.88,84.39,94.52,5.21,1,450
2026-09-23,94.38,89.74,84.22,94.38,4.64,0,450
2026-09-24,95.0,89.63,84.22,94.1,5.37,1,450
