{"type": "FeatureCollection", "features": [{"type": "Feature", "properties": {"city_slug": "detroit", "GEOID": "2622000", "NAMELSAD": "Detroit city", "STUSPS": "MI", "ALAND": 359321409, "AWATER": 10794927}, "geometry": {"type": "Polygon", "coordinates": [[[-83.287803, 42.442683], [-83.278517, 42.442864], [-83.278263, 42.442868], [-83.268509, 42.443156], [-83.258867, 42.443403], [-83.250371, 42.443628], [-83.239423, 42.443918], [-83.226042, 42.44421], [-83.225608, 42.444219], [-83.219806, 42.444346], [-83.219631, 42.444349], [-83.216746, 42.444414], [-83.210254, 42.444568], [-83.204896, 42.444716], [-83.203632, 42.444746], [-83.203382, 42.444751], [-83.200522, 42.444839], [-83.190798, 42.445147], [-83.187057, 42.44522], [-83.181005, 42.445343], [-83.171265, 42.445545], [-83.161516, 42.445794], [-83.151986, 42.446007], [-83.150944, 42.446031], [-83.147211, 42.446115], [-83.14206, 42.446229], [-83.136553, 42.446345], [-83.124708, 42.446578], [-83.117492, 42.446719], [-83.11263, 42.446799], [-83.112342, 42.446809], [-83.109626, 42.446959], [-83.102875, 42.44714], [-83.097421, 42.44682], [-83.094929, 42.446862], [-83.0947, 42.446865], [-83.090247, 42.446994], [-83.088295, 42.447048], [-83.083393, 42.447153], [-83.081037, 42.447055], [-83.071046, 42.447175], [-83.063877, 42.447258], [-83.061678, 42.447318], [-83.059862, 42.447366], [-83.054057, 42.447507], [-83.044282, 42.447765], [-83.039417, 42.447874], [-83.034519, 42.447936], [-83.024745, 42.448159], [-83.007274, 42.448725], [-83.005534, 42.448806], [-83.005185, 42.448819], [-83.002698, 42.448901], [-82.994199, 42.449087], [-82.985659, 42.44928], [-82.978318, 42.449465], [-82.971041, 42.449665], [-82.967938, 42.449836], [-82.966093, 42.449886], [-82.957706, 42.450026], [-82.95621, 42.450048], [-82.955483, 42.450063], [-82.946055, 42.450228], [-82.942995, 42.450199], [-82.941283, 42.45023], [-82.945577, 42.44487], [-82.946396, 42.443685], [-82.946879, 42.442922], [-82.948031, 42.441373], [-82.951802, 42.436373], [-82.951603, 42.436297], [-82.951357, 42.435809], [-82.947855, 42.434373], [-82.943612, 42.432637], [-82.940416, 42.431329], [-82.937382, 42.43009], [-82.932195, 42.427968], [-82.927656, 42.426062], [-82.927151, 42.425789], [-82.917992, 42.422012], [-82.916327, 42.421354], [-82.910427, 42.419023], [-82.910651, 42.417117], [-82.910933, 42.416099], [-82.912557, 42.41239], [-82.914935, 42.407266], [-82.917135, 42.402848], [-82.918708, 42.399557], [-82.919118, 42.398926], [-82.921867, 42.395172], [-82.922399, 42.394829], [-82.927795, 42.392733], [-82.933431, 42.390501], [-82.934634, 42.390079], [-82.9361, 42.389596], [-82.939416, 42.388771], [-82.946644, 42.387469], [-82.946876, 42.38699], [-82.943911, 42.382418], [-82.942567, 42.380674], [-82.93891, 42.37514], [-82.934977, 42.369075], [-82.930354, 42.36214], [-82.930697, 42.361525], [-82.9287222323536, 42.3585266625873], [-82.928716, 42.35837], [-82.932593, 42.357185], [-82.9529754360034, 42.3549764856513], [-82.955804, 42.35467], [-82.964455, 42.355166], [-82.9665930881117, 42.3528870205329], [-82.96705, 42.3524], [-82.962684, 42.349655], [-82.954311, 42.34891], [-82.953909, 42.346926], [-82.959763, 42.34003], [-82.988619, 42.332439], [-83.0080353929919, 42.33158814811], [-83.013333, 42.331356], [-83.019024, 42.330616], [-83.0240343358134, 42.3294304753263], [-83.026234, 42.32891], [-83.04058, 42.324093], [-83.0408411326315, 42.3240110496774], [-83.050098, 42.321106], [-83.063637, 42.316857], [-83.07193, 42.311842], [-83.073484720076, 42.3110303355601], [-83.078207, 42.308565], [-83.0783907869466, 42.3084160358432], [-83.080392, 42.306794], [-83.09729, 42.290068], [-83.099643, 42.287136], [-83.0999100264529, 42.2866116610227], [-83.103666, 42.287922], [-83.109225, 42.289225], [-83.111144, 42.289474], [-83.114705, 42.290177], [-83.116624, 42.290186], [-83.119326, 42.289057], [-83.119954, 42.287554], [-83.118937, 42.282975], [-83.117839, 42.281163], [-83.118373, 42.279187], [-83.121971, 42.279435], [-83.12879, 42.280791], [-83.13157, 42.281408], [-83.135744, 42.282589], [-83.13753, 42.282791], [-83.140368, 42.279466], [-83.143534, 42.275735], [-83.14804, 42.270438], [-83.153033, 42.264401], [-83.160859, 42.255192], [-83.161052, 42.25496], [-83.163061, 42.257245], [-83.164477, 42.258227], [-83.166432, 42.259675], [-83.167264, 42.262281], [-83.168519, 42.264187], [-83.169907, 42.264577], [-83.165103, 42.270067], [-83.161487, 42.274351], [-83.15824, 42.278844], [-83.160894, 42.281303], [-83.162022, 42.282533], [-83.16337, 42.285263], [-83.166852, 42.289148], [-83.167074, 42.289571], [-83.161748, 42.291789], [-83.15785, 42.292437], [-83.157328, 42.295181], [-83.151079, 42.296233], [-83.149763, 42.295566], [-83.148823, 42.293202], [-83.147468, 42.292539], [-83.144473, 42.293584], [-83.142641, 42.294415], [-83.1407, 42.297036], [-83.140403, 42.299054], [-83.142438, 42.305252], [-83.139717, 42.308662], [-83.14078, 42.311008], [-83.143448, 42.31469], [-83.147038, 42.31963], [-83.153209, 42.328087], [-83.156551, 42.32724], [-83.15668, 42.328731], [-83.156737, 42.329925], [-83.156981, 42.336961], [-83.15385, 42.337382], [-83.150901, 42.338869], [-83.149788, 42.340295], [-83.148431, 42.344688], [-83.147545, 42.349918], [-83.147736, 42.351916], [-83.149623, 42.351877], [-83.152635, 42.351816], [-83.157525, 42.351716], [-83.167393, 42.351499], [-83.177184, 42.351284], [-83.181934, 42.351181], [-83.186911, 42.351079], [-83.191287, 42.350992], [-83.196609, 42.35089], [-83.196288, 42.343665], [-83.195983, 42.33824], [-83.19591, 42.336439], [-83.20211, 42.336353], [-83.209507, 42.336268], [-83.213658, 42.335784], [-83.215415, 42.336135], [-83.215355, 42.328945], [-83.215585, 42.328941], [-83.225029, 42.328815], [-83.227707, 42.332377], [-83.23245, 42.33087], [-83.234981, 42.32983], [-83.235105, 42.335834], [-83.237568, 42.335736], [-83.237846, 42.343086], [-83.242505, 42.343005], [-83.243721, 42.342949], [-83.252167, 42.342034], [-83.253623, 42.341893], [-83.264045, 42.341691], [-83.26425, 42.342795], [-83.264864, 42.34893], [-83.265144, 42.35173], [-83.265656, 42.357055], [-83.265987, 42.357046], [-83.266213, 42.364266], [-83.266599, 42.374458], [-83.266663, 42.378604], [-83.266667, 42.378793], [-83.274988, 42.378607], [-83.275208, 42.385468], [-83.275725, 42.400096], [-83.275941, 42.407281], [-83.276681, 42.407278], [-83.286463, 42.407], [-83.286698, 42.414252], [-83.287042, 42.421439], [-83.287341, 42.428554], [-83.287527, 42.434882], [-83.28777, 42.442524], [-83.287803, 42.442683]], [[-83.117146, 42.410391], [-83.113309, 42.404673], [-83.112089, 42.403031], [-83.109119, 42.398749], [-83.109048, 42.398585], [-83.105906, 42.393101], [-83.102278, 42.388084], [-83.097727, 42.389843], [-83.088665, 42.393102], [-83.079728, 42.396482], [-83.07377, 42.398786], [-83.071192, 42.395605], [-83.069134, 42.393056], [-83.066452, 42.389775], [-83.062487, 42.391243], [-83.061937, 42.39041], [-83.055683, 42.381145], [-83.054747, 42.379595], [-83.040494, 42.384763], [-83.043393, 42.38883], [-83.044356, 42.390181], [-83.042302, 42.390214], [-83.042375, 42.393127], [-83.042468, 42.397427], [-83.042534, 42.404443], [-83.047257, 42.40446], [-83.054023, 42.40444], [-83.056917, 42.408752], [-83.057071, 42.408981], [-83.060696, 42.407651], [-83.062927, 42.406834], [-83.064284, 42.406334], [-83.067627, 42.405105], [-83.069218, 42.404518], [-83.072477, 42.403296], [-83.072743, 42.403177], [-83.076301, 42.40189], [-83.08148, 42.408189], [-83.089417, 42.418161], [-83.101812, 42.417828], [-83.105293, 42.417749], [-83.11644, 42.417579], [-83.121932, 42.417482], [-83.117146, 42.410391]]]}}, {"type": "Feature", "properties": {"city_slug": "phoenix", "GEOID": "0455000", "NAMELSAD": "Phoenix city", "STUSPS": "AZ", "ALAND": 1342454966, "AWATER": 2586539}, "geometry": {"type": "MultiPolygon", "coordinates": [[[[-112.126263, 33.36182], [-112.12553, 33.363049], [-112.117628, 33.363084], [-112.117635, 33.361204], [-112.121286, 33.359448], [-112.126214, 33.359177], [-112.126263, 33.36182]]], [[[-112.324056, 33.507509], [-112.323945, 33.514694], [-112.323775, 33.521524], [-112.306926, 33.5216], [-112.306752, 33.514794], [-112.306464, 33.514807], [-112.298661, 33.515132], [-112.298673, 33.518753], [-112.294374, 33.518933], [-112.294379, 33.522128], [-112.289788, 33.522395], [-112.282659, 33.522371], [-112.272476, 33.522768], [-112.27248, 33.508511], [-112.272481, 33.508321], [-112.272481, 33.508207], [-112.269095, 33.508302], [-112.255007, 33.508679], [-112.246369, 33.508682], [-112.2377, 33.508688], [-112.228655, 33.508789], [-112.220463, 33.508893], [-112.220104, 33.508897], [-112.211329, 33.509084], [-112.203221, 33.509244], [-112.203164, 33.509257], [-112.195036, 33.509358], [-112.186359, 33.509466], [-112.173164, 33.5094], [-112.168757, 33.509366], [-112.155485, 33.509328], [-112.152223, 33.509451], [-112.151692, 33.510122], [-112.15165, 33.51283], [-112.151662, 33.516692], [-112.151645, 33.520303], [-112.15163, 33.523918], [-112.151606, 33.528276], [-112.151591, 33.531181], [-112.151573, 33.538452], [-112.151552, 33.545707], [-112.151572, 33.546635], [-112.151674, 33.553117], [-112.151712, 33.56035], [-112.151752, 33.567521], [-112.151705, 33.574723], [-112.151655, 33.581922], [-112.151743, 33.581922], [-112.156928, 33.584366], [-112.159805, 33.588081], [-112.163513, 33.589861], [-112.166232, 33.593014], [-112.166771, 33.594709], [-112.168659, 33.595264], [-112.168758, 33.596355], [-112.168658, 33.603547], [-112.16858, 33.610732], [-112.168559, 33.61543], [-112.168538, 33.617945], [-112.168492, 33.625159], [-112.16843, 33.63236], [-112.169266, 33.63903], [-112.169087, 33.647238], [-112.168955, 33.654507], [-112.169133, 33.659943], [-112.169194, 33.661856], [-112.169279, 33.664355], [-112.169418, 33.668515], [-112.169238, 33.67026], [-112.169686, 33.697769], [-112.178879, 33.697696], [-112.202879, 33.697724], [-112.202922, 33.712041], [-112.20332, 33.712293], [-112.20334, 33.718071], [-112.203437, 33.725037], [-112.203535, 33.739498], [-112.203406, 33.748551], [-112.203569, 33.749354], [-112.203547, 33.751338], [-112.20354, 33.7519], [-112.203565, 33.761303], [-112.214306, 33.761348], [-112.217305, 33.764501], [-112.220994, 33.771205], [-112.226544, 33.773554], [-112.225252, 33.775041], [-112.225083, 33.777916], [-112.224449, 33.778906], [-112.221666, 33.783712], [-112.220096, 33.788674], [-112.220219, 33.791906], [-112.219116, 33.793387], [-112.219243, 33.797668], [-112.219601, 33.800517], [-112.217716, 33.804751], [-112.222008, 33.804978], [-112.233824, 33.805258], [-112.233885, 33.808815], [-112.23823, 33.808824], [-112.238428, 33.812383], [-112.239216, 33.812378], [-112.239597, 33.812385], [-112.252688, 33.826884], [-112.235775, 33.826815], [-112.235572, 33.827617], [-112.217268, 33.827313], [-112.216661, 33.826856], [-112.216672, 33.819594], [-112.207964, 33.819549], [-112.207959, 33.82316], [-112.214814, 33.823158], [-112.214811, 33.82712], [-112.216512, 33.827636], [-112.23547, 33.828021], [-112.23214, 33.841472], [-112.230774, 33.842971], [-112.228365, 33.843016], [-112.220941, 33.840083], [-112.220988, 33.873984], [-112.210291, 33.874231], [-112.220984, 33.874339], [-112.221088, 33.899252], [-112.220692, 33.913711], [-112.203617, 33.913766], [-112.203537, 33.918346], [-112.1523, 33.918391], [-112.152149, 33.914677], [-112.145716, 33.914705], [-112.145717, 33.91356], [-112.145717, 33.911081], [-112.147929, 33.911084], [-112.148118, 33.907512], [-112.152268, 33.907547], [-112.152296, 33.900453], [-112.160876, 33.900231], [-112.160924, 33.892958], [-112.154407, 33.89293], [-112.147078, 33.892891], [-112.14586, 33.898552], [-112.143543, 33.89859], [-112.143526, 33.889723], [-112.147067, 33.889086], [-112.143528, 33.889069], [-112.143585, 33.885637], [-112.145274, 33.885631], [-112.145273, 33.883924], [-112.143091, 33.883851], [-112.143525, 33.881687], [-112.143462, 33.878411], [-112.144364, 33.878424], [-112.146847, 33.878384], [-112.147164, 33.8812], [-112.152012, 33.881181], [-112.152007, 33.878123], [-112.147395, 33.878113], [-112.146962, 33.87435], [-112.147603, 33.870874], [-112.146712, 33.869533], [-112.145575, 33.863921], [-112.147127, 33.863918], [-112.152222, 33.863909], [-112.152241, 33.856657], [-112.152428, 33.843856], [-112.152257, 33.842651], [-112.152276, 33.822339], [-112.150819, 33.822616], [-112.146656, 33.820494], [-112.1456, 33.82072], [-112.146134, 33.82766], [-112.144607, 33.827536], [-112.142366, 33.819843], [-112.138712, 33.812746], [-112.134562, 33.812838], [-112.12112, 33.812917], [-112.120233, 33.812929], [-112.117525, 33.812964], [-112.117532, 33.815342], [-112.117511, 33.820449], [-112.117483, 33.825706], [-112.117501, 33.827681], [-112.100154, 33.82768], [-112.100171, 33.805401], [-112.082749, 33.806282], [-112.082721, 33.799018], [-112.082699, 33.791733], [-112.078187, 33.791758], [-112.078169, 33.790731], [-112.07404, 33.789955], [-112.074084, 33.788072], [-112.067415, 33.788125], [-112.067427, 33.784513], [-112.062342, 33.784634], [-112.052476, 33.784637], [-112.048151, 33.784819], [-112.04803, 33.786907], [-112.048311, 33.791918], [-112.048316, 33.798944], [-112.019032, 33.799033], [-111.995696, 33.798995], [-111.995713, 33.798858], [-111.995585, 33.798835], [-111.995584, 33.795481], [-111.991325, 33.795501], [-111.991348, 33.798993], [-111.971615, 33.799053], [-111.971729, 33.795702], [-111.974347, 33.795522], [-111.975045, 33.795409], [-111.978057, 33.795122], [-111.978094, 33.791955], [-111.978437, 33.791799], [-111.978348, 33.788638], [-111.978186, 33.788271], [-111.970584, 33.788246], [-111.969465, 33.790149], [-111.96947, 33.791967], [-111.96872, 33.79104], [-111.968394, 33.78832], [-111.963013, 33.788317], [-111.963016, 33.790871], [-111.966194, 33.791039], [-111.966167, 33.791987], [-111.960719, 33.79197], [-111.960723, 33.791903], [-111.960663, 33.785344], [-111.960705, 33.784681], [-111.955696, 33.783563], [-111.951992, 33.784743], [-111.947624, 33.784763], [-111.943372, 33.784723], [-111.943224, 33.770626], [-111.943313, 33.770203], [-111.951995, 33.770187], [-111.96065, 33.770167], [-111.96068, 33.755645], [-111.960684, 33.751995], [-111.965082, 33.752004], [-111.965088, 33.75564], [-111.969402, 33.755587], [-111.969432, 33.743831], [-111.967262, 33.743837], [-111.967274, 33.741119], [-111.960735, 33.741115], [-111.960695, 33.726418], [-111.955415, 33.726616], [-111.951679, 33.726461], [-111.925806, 33.726526], [-111.925607, 33.725755], [-111.925582, 33.713178], [-111.925581, 33.698714], [-111.925583, 33.684215], [-111.925572, 33.66983], [-111.925563, 33.658371], [-111.925562, 33.658113], [-111.925545, 33.638175], [-111.925816, 33.622759], [-111.925933, 33.61125], [-111.926048, 33.596793], [-111.934644, 33.59684], [-111.934585, 33.600383], [-111.938967, 33.600406], [-111.938966, 33.596766], [-111.94331, 33.596784], [-111.952094, 33.596975], [-111.952106, 33.589604], [-111.943425, 33.589386], [-111.943539, 33.582087], [-111.943522, 33.574824], [-111.960521, 33.57538], [-111.969194, 33.57542], [-111.969235, 33.582574], [-111.977779, 33.582617], [-111.977609, 33.568251], [-111.977586, 33.562205], [-111.977877, 33.560997], [-111.986446, 33.560948], [-111.986417, 33.553537], [-111.995338, 33.553715], [-111.995416, 33.549231], [-111.995326, 33.542544], [-111.995322, 33.541691], [-111.995179, 33.531838], [-112.012439, 33.532002], [-112.012943, 33.531963], [-112.012944, 33.531865], [-112.012892, 33.51853], [-112.004534, 33.515235], [-112.001645, 33.51453], [-111.999699, 33.51347], [-111.995276, 33.513555], [-111.995132, 33.517259], [-111.995013, 33.523809], [-111.992747, 33.524679], [-111.987711, 33.524595], [-111.986278, 33.523795], [-111.975603, 33.523705], [-111.974803, 33.523707], [-111.973724, 33.523688], [-111.973709, 33.522084], [-111.969419, 33.522022], [-111.969387, 33.516083], [-111.960345, 33.515765], [-111.947525, 33.516375], [-111.945212, 33.516525], [-111.943233, 33.516568], [-111.943286, 33.509216], [-111.941228, 33.509255], [-111.940606, 33.507895], [-111.940028, 33.502817], [-111.942284, 33.502785], [-111.942291, 33.505351], [-111.94328, 33.505352], [-111.943298, 33.502034], [-111.943292, 33.490748], [-111.948514, 33.49024], [-111.951967, 33.490718], [-111.951968, 33.490532], [-111.952006, 33.487521], [-111.949855, 33.487436], [-111.949022, 33.482611], [-111.951949, 33.481499], [-111.953379, 33.481986], [-111.957217, 33.480061], [-111.960935, 33.480021], [-111.960961, 33.478209], [-111.96097, 33.472747], [-111.952226, 33.472831], [-111.943544, 33.472923], [-111.943442, 33.467241], [-111.943586, 33.465555], [-111.939109, 33.465278], [-111.939339, 33.464602], [-111.941638, 33.461463], [-111.942052, 33.456838], [-111.94325, 33.454949], [-111.942057, 33.452335], [-111.940654, 33.451002], [-111.940095, 33.449867], [-111.941466, 33.447356], [-111.950934, 33.447332], [-111.952079, 33.448487], [-111.954636, 33.444526], [-111.954665, 33.448106], [-111.956224, 33.448768], [-111.961012, 33.448897], [-111.961305, 33.43797], [-111.961308, 33.437756], [-111.961327, 33.43689], [-111.961345, 33.436175], [-111.969753, 33.4365], [-111.978498, 33.436525], [-111.97848, 33.434583], [-111.978369, 33.421899], [-111.97831, 33.411025], [-111.978312, 33.410762], [-111.978259, 33.408234], [-111.978388, 33.407328], [-111.978413, 33.400048], [-111.978426, 33.39278], [-111.978197, 33.392664], [-111.978238, 33.387408], [-111.978245, 33.386445], [-111.978246, 33.386425], [-111.97818, 33.378186], [-111.978144, 33.376768], [-111.97044, 33.377491], [-111.96878, 33.377282], [-111.968775, 33.377211], [-111.968509, 33.374621], [-111.968568, 33.369964], [-111.969259, 33.3639], [-111.969294, 33.363645], [-111.970066, 33.360009], [-111.970114, 33.359844], [-111.971141, 33.355931], [-111.971879, 33.352453], [-111.973155, 33.349363], [-111.973155, 33.34906], [-111.972621, 33.346225], [-111.972694, 33.334365], [-111.972734, 33.32736], [-111.972735, 33.327084], [-111.97276, 33.319913], [-111.972693, 33.307839], [-111.973322, 33.305263], [-111.972694, 33.302894], [-111.972677, 33.295467], [-111.972209, 33.290756], [-111.97978, 33.290732], [-111.98042, 33.290681], [-111.981192, 33.290742], [-111.995381, 33.290706], [-111.997127, 33.290701], [-112.014482, 33.290692], [-112.031949, 33.290663], [-112.048125, 33.290632], [-112.063418, 33.290594], [-112.083535, 33.290546], [-112.085138, 33.290544], [-112.097845, 33.290515], [-112.100403, 33.290513], [-112.116218, 33.290475], [-112.129597, 33.290446], [-112.133789, 33.29026], [-112.143127, 33.30068], [-112.147914, 33.304647], [-112.151753, 33.308152], [-112.151709, 33.319495], [-112.158228, 33.319399], [-112.160493, 33.319509], [-112.164794, 33.3222], [-112.166382, 33.322966], [-112.168988, 33.325273], [-112.169014, 33.333917], [-112.169153, 33.333911], [-112.169195, 33.32505], [-112.186354, 33.341717], [-112.186294, 33.343214], [-112.186276, 33.345339], [-112.187968, 33.345346], [-112.189801, 33.345354], [-112.200541, 33.3557], [-112.203202, 33.358286], [-112.215316, 33.370029], [-112.219871, 33.370051], [-112.220099, 33.374406], [-112.220201, 33.374592], [-112.222898, 33.37733], [-112.228228, 33.38252], [-112.22842, 33.384566], [-112.224124, 33.384581], [-112.224145, 33.386396], [-112.219852, 33.386414], [-112.215313, 33.38924], [-112.215287, 33.39188], [-112.210616, 33.391899], [-112.210559, 33.389251], [-112.207437, 33.389258], [-112.207471, 33.391815], [-112.202849, 33.39183], [-112.202705, 33.384604], [-112.202561, 33.37746], [-112.204024, 33.377453], [-112.204075, 33.380159], [-112.21113, 33.380155], [-112.211094, 33.377364], [-112.20246, 33.377361], [-112.18985, 33.377418], [-112.189614, 33.37742], [-112.189689, 33.380993], [-112.190299, 33.381016], [-112.191161, 33.38472], [-112.19397, 33.384085], [-112.194129, 33.391827], [-112.19213, 33.391828], [-112.192141, 33.391941], [-112.185332, 33.391947], [-112.185593, 33.395957], [-112.17709, 33.395812], [-112.177354, 33.399636], [-112.170175, 33.399593], [-112.168564, 33.399275], [-112.169522, 33.407753], [-112.16964, 33.409681], [-112.173241, 33.408739], [-112.17403, 33.411142], [-112.174027, 33.41144], [-112.175568, 33.411462], [-112.175568, 33.410596], [-112.177915, 33.409293], [-112.177911, 33.40787], [-112.178535, 33.4079], [-112.18159, 33.407952], [-112.186506, 33.408025], [-112.18663, 33.408028], [-112.186256, 33.400942], [-112.186007, 33.400136], [-112.185955, 33.399968], [-112.185463, 33.398371], [-112.185921, 33.395972], [-112.192296, 33.39618], [-112.203357, 33.396544], [-112.203973, 33.401016], [-112.204084, 33.40102], [-112.204102, 33.404232], [-112.206979, 33.404093], [-112.20848, 33.403774], [-112.208909, 33.408464], [-112.212733, 33.408479], [-112.212733, 33.408574], [-112.21474, 33.408552], [-112.217024, 33.408456], [-112.2172, 33.403794], [-112.219674, 33.404995], [-112.221288, 33.405095], [-112.221393, 33.408443], [-112.221391, 33.408541], [-112.237904, 33.408506], [-112.242184, 33.40807], [-112.242333, 33.411642], [-112.253089, 33.410456], [-112.253013, 33.40684], [-112.254746, 33.40667], [-112.253956, 33.402951], [-112.253946, 33.399], [-112.245635, 33.398995], [-112.245511, 33.402731], [-112.239322, 33.402698], [-112.239325, 33.399078], [-112.23699, 33.399084], [-112.236903, 33.391898], [-112.237122, 33.388404], [-112.237116, 33.387665], [-112.240601, 33.38441], [-112.241909, 33.383954], [-112.249633, 33.382617], [-112.254295, 33.383756], [-112.25482, 33.383774], [-112.258164, 33.383751], [-112.261273, 33.383517], [-112.262554, 33.383391], [-112.268847, 33.384082], [-112.271671, 33.383169], [-112.272493, 33.384795], [-112.284558, 33.384829], [-112.284581, 33.381077], [-112.288575, 33.381051], [-112.288868, 33.392015], [-112.289196, 33.406373], [-112.28931, 33.406374], [-112.28945, 33.41358], [-112.289462, 33.420987], [-112.289543, 33.428168], [-112.289596, 33.435352], [-112.281135, 33.435484], [-112.272355, 33.435591], [-112.255144, 33.435688], [-112.246818, 33.436372], [-112.238234, 33.437054], [-112.229641, 33.436973], [-112.222928, 33.437024], [-112.222927, 33.437118], [-112.22097, 33.437146], [-112.221265, 33.444394], [-112.221277, 33.445753], [-112.221282, 33.446717], [-112.221268, 33.451693], [-112.238326, 33.451749], [-112.238365, 33.451799], [-112.238296, 33.462106], [-112.238323, 33.462947], [-112.238186, 33.46533], [-112.246569, 33.465283], [-112.255242, 33.46514], [-112.255243, 33.465049], [-112.268531, 33.464806], [-112.272422, 33.464734], [-112.272473, 33.47932], [-112.272444, 33.493799], [-112.272445, 33.493895], [-112.281046, 33.493818], [-112.290218, 33.493747], [-112.298518, 33.493448], [-112.298518, 33.493355], [-112.307561, 33.493094], [-112.308924, 33.493055], [-112.31082, 33.493116], [-112.310827, 33.493328], [-112.312737, 33.493343], [-112.312825, 33.493133], [-112.319586, 33.493198], [-112.31961, 33.496687], [-112.323786, 33.496772], [-112.323988, 33.503925], [-112.324041, 33.507304], [-112.324056, 33.507509]], [[-112.323922, 33.507506], [-112.323535, 33.504066], [-112.323446, 33.496772], [-112.319513, 33.496739], [-112.319472, 33.49355], [-112.31268, 33.493474], [-112.310829, 33.493456], [-112.308815, 33.493442], [-112.308821, 33.494528], [-112.302829, 33.494666], [-112.302872, 33.507644], [-112.306409, 33.507542], [-112.306577, 33.507539], [-112.306764, 33.507535], [-112.306833, 33.514722], [-112.306925, 33.521466], [-112.323615, 33.521386], [-112.323908, 33.51455], [-112.323922, 33.507506]], [[-112.288757, 33.392017], [-112.284753, 33.392084], [-112.284732, 33.39108], [-112.280998, 33.391153], [-112.281025, 33.392162], [-112.280623, 33.392172], [-112.280562, 33.389656], [-112.277014, 33.392121], [-112.276965, 33.390398], [-112.272208, 33.390447], [-112.272011, 33.389121], [-112.267742, 33.389322], [-112.267723, 33.392259], [-112.271927, 33.392316], [-112.271955, 33.395781], [-112.26772, 33.395738], [-112.267802, 33.399195], [-112.254312, 33.399194], [-112.254301, 33.402728], [-112.255078, 33.406437], [-112.263701, 33.406396], [-112.263589, 33.402899], [-112.272168, 33.40289], [-112.272297, 33.399596], [-112.280689, 33.399168], [-112.272155, 33.399244], [-112.272148, 33.39578], [-112.277397, 33.39549], [-112.279493, 33.395677], [-112.288837, 33.395533], [-112.288757, 33.392017]], [[-112.212743, 33.412061], [-112.207707, 33.412021], [-112.204183, 33.412495], [-112.204216, 33.408431], [-112.204108, 33.408426], [-112.202844, 33.408389], [-112.202847, 33.408295], [-112.195434, 33.408285], [-112.195412, 33.412953], [-112.20244, 33.413058], [-112.20245, 33.411853], [-112.204082, 33.411859], [-112.20401, 33.415478], [-112.212692, 33.415543], [-112.212743, 33.412061]], [[-112.21254, 33.419295], [-112.208256, 33.419217], [-112.208249, 33.419641], [-112.204124, 33.419642], [-112.204081, 33.422836], [-112.206143, 33.422932], [-112.212446, 33.422924], [-112.21254, 33.419295]], [[-112.208538, 33.873885], [-112.203621, 33.873849], [-112.203721, 33.877525], [-112.20793, 33.877488], [-112.207922, 33.87417], [-112.210527, 33.873897], [-112.208538, 33.873885]], [[-112.186637, 33.429797], [-112.186502, 33.429792], [-112.169655, 33.429509], [-112.177868, 33.429827], [-112.17789, 33.436794], [-112.186554, 33.436924], [-112.186662, 33.436756], [-112.186637, 33.429797]], [[-112.180568, 33.370232], [-112.180267, 33.370253], [-112.177953, 33.370258], [-112.177706, 33.370289], [-112.177605, 33.377401], [-112.180458, 33.377379], [-112.180568, 33.370232]], [[-112.17765, 33.355722], [-112.169113, 33.355666], [-112.168944, 33.355666], [-112.168982, 33.35217], [-112.1649, 33.352039], [-112.160533, 33.352046], [-112.160512, 33.355734], [-112.160548, 33.362941], [-112.151934, 33.362957], [-112.151818, 33.362958], [-112.151949, 33.370364], [-112.15623, 33.370273], [-112.156222, 33.366574], [-112.162643, 33.366498], [-112.163152, 33.363172], [-112.166936, 33.362938], [-112.169072, 33.362934], [-112.169085, 33.36024], [-112.169431, 33.362654], [-112.171094, 33.363059], [-112.177719, 33.363012], [-112.17765, 33.355722]], [[-112.173409, 33.36659], [-112.169168, 33.366616], [-112.169178, 33.3702], [-112.173441, 33.370235], [-112.173409, 33.36659]], [[-112.168892, 33.36311], [-112.166938, 33.363116], [-112.166952, 33.364092], [-112.168937, 33.364111], [-112.168892, 33.36311]], [[-112.167449, 33.403733], [-112.168178, 33.403635], [-112.152412, 33.403493], [-112.150992, 33.403695], [-112.149932, 33.403984], [-112.143358, 33.406631], [-112.143571, 33.406652], [-112.150919, 33.406627], [-112.168413, 33.407714], [-112.167449, 33.403733]], [[-112.168269, 33.381156], [-112.16671, 33.381156], [-112.166714, 33.382042], [-112.168269, 33.382031], [-112.168286, 33.381688], [-112.168269, 33.381156]], [[-112.168061, 33.395702], [-112.165975, 33.396039], [-112.16602, 33.392205], [-112.16462, 33.392016], [-112.160617, 33.391929], [-112.159487, 33.390245], [-112.159522, 33.392032], [-112.158452, 33.392036], [-112.158459, 33.395656], [-112.157354, 33.395643], [-112.15733, 33.392041], [-112.157335, 33.391939], [-112.154138, 33.39195], [-112.15414, 33.39205], [-112.154129, 33.395669], [-112.153072, 33.395672], [-112.15307, 33.3926], [-112.15113, 33.392195], [-112.15089, 33.394017], [-112.15087, 33.3921], [-112.146508, 33.392075], [-112.146509, 33.390929], [-112.144385, 33.390934], [-112.143388, 33.391081], [-112.14239, 33.391103], [-112.142376, 33.392091], [-112.142347, 33.39935], [-112.142413, 33.406316], [-112.150665, 33.403397], [-112.150884, 33.402844], [-112.153757, 33.403101], [-112.163929, 33.403117], [-112.16651, 33.402672], [-112.167483, 33.401938], [-112.168061, 33.395702]], [[-112.164843, 33.347098], [-112.163761, 33.347985], [-112.163758, 33.34451], [-112.159837, 33.34453], [-112.159883, 33.348328], [-112.163817, 33.348391], [-112.164844, 33.34839], [-112.164843, 33.347098]], [[-112.155323, 33.377677], [-112.154589, 33.377678], [-112.154578, 33.37904], [-112.155314, 33.379036], [-112.155323, 33.377677]], [[-112.150128, 33.883802], [-112.150127, 33.882778], [-112.147301, 33.882793], [-112.146985, 33.882829], [-112.147114, 33.885614], [-112.147425, 33.885615], [-112.148127, 33.885715], [-112.148094, 33.884701], [-112.150608, 33.884707], [-112.150128, 33.883802]], [[-112.142202, 33.388469], [-112.140109, 33.388468], [-112.140099, 33.390298], [-112.142192, 33.390262], [-112.142208, 33.389252], [-112.142202, 33.388469]], [[-112.140418, 33.359392], [-112.13872, 33.358747], [-112.134906, 33.358716], [-112.134798, 33.356694], [-112.132641, 33.35671], [-112.13265, 33.355809], [-112.134799, 33.355795], [-112.134898, 33.348554], [-112.125558, 33.348574], [-112.124307, 33.344973], [-112.122136, 33.344991], [-112.122133, 33.341307], [-112.121071, 33.341321], [-112.119988, 33.341336], [-112.117839, 33.341367], [-112.117694, 33.344979], [-112.117529, 33.355874], [-112.117523, 33.356267], [-112.117391, 33.374882], [-112.117623, 33.376809], [-112.118883, 33.37761], [-112.131515, 33.377587], [-112.131529, 33.376132], [-112.130452, 33.376134], [-112.130459, 33.373937], [-112.126221, 33.373947], [-112.126217, 33.372142], [-112.130496, 33.372166], [-112.130469, 33.359481], [-112.134674, 33.359441], [-112.1348, 33.360398], [-112.13692, 33.358957], [-112.136928, 33.363008], [-112.140452, 33.362999], [-112.140418, 33.359392]], [[-112.138078, 33.37936], [-112.133742, 33.379356], [-112.133523, 33.388384], [-112.133638, 33.388382], [-112.133763, 33.387138], [-112.137979, 33.387116], [-112.137993, 33.386212], [-112.133776, 33.386237], [-112.133805, 33.383976], [-112.138084, 33.383967], [-112.138078, 33.37936]], [[-112.133545, 33.402442], [-112.130848, 33.403125], [-112.130797, 33.399402], [-112.125056, 33.399439], [-112.11646, 33.399429], [-112.116457, 33.4065], [-112.116615, 33.406631], [-112.119593, 33.4066], [-112.119594, 33.404868], [-112.122373, 33.405752], [-112.126929, 33.404906], [-112.12937, 33.403776], [-112.129389, 33.406483], [-112.1335, 33.406462], [-112.133545, 33.402442]], [[-112.12155, 33.392268], [-112.120683, 33.39228], [-112.120668, 33.392871], [-112.121535, 33.39286], [-112.12155, 33.392362], [-112.12155, 33.392268]], [[-112.120735, 33.384964], [-112.116524, 33.384956], [-112.116552, 33.382226], [-112.11847, 33.382233], [-112.118039, 33.380803], [-112.116633, 33.380784], [-112.116462, 33.379082], [-112.116252, 33.391879], [-112.116365, 33.391877], [-112.120675, 33.392017], [-112.120711, 33.388558], [-112.1165, 33.38857], [-112.116529, 33.385918], [-112.120721, 33.385887], [-112.120735, 33.384964]], [[-112.119308, 33.377805], [-112.116821, 33.377811], [-112.116641, 33.378028], [-112.116641, 33.378611], [-112.119328, 33.378585], [-112.119308, 33.377805]], [[-112.099799, 33.718315], [-112.097118, 33.718338], [-112.097096, 33.716498], [-112.095899, 33.716511], [-112.095828, 33.712987], [-112.091292, 33.713041], [-112.091489, 33.718384], [-112.090869, 33.717357], [-112.087105, 33.7175], [-112.08708, 33.7166], [-112.089253, 33.716579], [-112.089111, 33.71305], [-112.082545, 33.713101], [-112.082904, 33.72031], [-112.065783, 33.720084], [-112.065886, 33.725866], [-112.083098, 33.725788], [-112.083091, 33.725363], [-112.085239, 33.725649], [-112.085239, 33.725715], [-112.087443, 33.725693], [-112.089575, 33.725051], [-112.089975, 33.725669], [-112.099664, 33.725576], [-112.099799, 33.718315]], [[-112.098205, 33.706492], [-112.093747, 33.705643], [-112.093686, 33.708362], [-112.088165, 33.70751], [-112.088142, 33.705761], [-112.084841, 33.705779], [-112.084776, 33.708708], [-112.082938, 33.707505], [-112.082593, 33.711881], [-112.082664, 33.712914], [-112.090261, 33.712844], [-112.089219, 33.709948], [-112.098195, 33.709848], [-112.099781, 33.705567], [-112.098205, 33.706492]], [[-112.082403, 33.70832], [-112.082403, 33.707586], [-112.080497, 33.707563], [-112.080494, 33.709374], [-112.082407, 33.709396], [-112.082403, 33.70832]], [[-112.076637, 33.700157], [-112.074335, 33.700155], [-112.07431, 33.701997], [-112.076617, 33.70201], [-112.076635, 33.7007], [-112.076637, 33.700157]], [[-112.063546, 33.481792], [-112.056363, 33.481665], [-112.056347, 33.48724], [-112.063314, 33.487237], [-112.063546, 33.481792]], [[-112.057117, 33.698486], [-112.050956, 33.698667], [-112.048557, 33.698732], [-112.048592, 33.704265], [-112.04864, 33.712629], [-112.057278, 33.712616], [-112.057117, 33.698486]], [[-112.033495, 33.700468], [-112.031585, 33.700459], [-112.031319, 33.700436], [-112.031326, 33.701845], [-112.033493, 33.701866], [-112.033482, 33.700567], [-112.033495, 33.700468]], [[-111.995541, 33.730222], [-111.986821, 33.729938], [-111.986519, 33.72835], [-111.982438, 33.72839], [-111.982489, 33.732592], [-111.98245, 33.73715], [-111.984679, 33.73744], [-111.984669, 33.740957], [-111.978129, 33.741045], [-111.978128, 33.740794], [-111.97773, 33.741136], [-111.969491, 33.741128], [-111.96949, 33.741261], [-111.978032, 33.741243], [-111.978032, 33.741138], [-111.978132, 33.741139], [-111.991156, 33.741048], [-111.99114, 33.744207], [-111.989071, 33.74332], [-111.989038, 33.74559], [-111.987104, 33.745589], [-111.987049, 33.748216], [-111.990532, 33.748222], [-111.990055, 33.746456], [-111.993381, 33.746533], [-111.993381, 33.745012], [-111.995531, 33.74465], [-111.995517, 33.741046], [-111.995541, 33.730222]], [[-111.995532, 33.779182], [-111.993404, 33.779158], [-111.993405, 33.780973], [-111.995372, 33.780966], [-111.995461, 33.780865], [-111.995498, 33.780661], [-111.995539, 33.779931], [-111.995532, 33.779182]], [[-111.995514, 33.777351], [-111.995509, 33.773627], [-111.986982, 33.773659], [-111.986982, 33.77643], [-111.985792, 33.77643], [-111.985794, 33.773665], [-111.986925, 33.773659], [-111.986989, 33.770066], [-111.984178, 33.770111], [-111.983075, 33.771895], [-111.980854, 33.771898], [-111.979267, 33.774465], [-111.980353, 33.775642], [-111.980308, 33.777393], [-111.978184, 33.777497], [-111.982532, 33.777474], [-111.982531, 33.775588], [-111.984191, 33.776032], [-111.984192, 33.777303], [-111.986915, 33.777452], [-111.986869, 33.781034], [-111.989101, 33.781051], [-111.989082, 33.779249], [-111.991229, 33.779219], [-111.991219, 33.777436], [-111.993405, 33.777427], [-111.993405, 33.778251], [-111.995384, 33.778243], [-111.995523, 33.778245], [-111.995514, 33.777351]], [[-111.984472, 33.783373], [-111.982498, 33.78283], [-111.982502, 33.78174], [-111.982509, 33.781044], [-111.977125, 33.781013], [-111.978228, 33.782859], [-111.978217, 33.784667], [-111.982533, 33.784652], [-111.984472, 33.783373]], [[-111.978435, 33.347802], [-111.975593, 33.347418], [-111.975982, 33.348463], [-111.975921, 33.348757], [-111.975389, 33.347452], [-111.972765, 33.346475], [-111.973243, 33.348528], [-111.973237, 33.349057], [-111.974823, 33.349198], [-111.976099, 33.348997], [-111.978445, 33.348806], [-111.978435, 33.347802]], [[-111.978176, 33.771962], [-111.975992, 33.771964], [-111.975992, 33.770152], [-111.978131, 33.770152], [-111.978166, 33.762879], [-111.969458, 33.762911], [-111.969437, 33.766525], [-111.967256, 33.766526], [-111.967257, 33.764705], [-111.965079, 33.764708], [-111.965076, 33.770168], [-111.967388, 33.770164], [-111.974924, 33.770153], [-111.97492, 33.771962], [-111.969449, 33.771973], [-111.969594, 33.777394], [-111.977031, 33.777423], [-111.978181, 33.775513], [-111.978176, 33.771962]], [[-111.927687, 33.651662], [-111.927595, 33.652837], [-111.926498, 33.652712], [-111.925645, 33.652741], [-111.925642, 33.653313], [-111.928217, 33.653326], [-111.927687, 33.651662]], [[-112.169014, 33.333917], [-112.151831, 33.333917], [-112.147982, 33.334047], [-112.143685, 33.335146], [-112.143687, 33.335601], [-112.143694, 33.337606], [-112.139374, 33.337593], [-112.139386, 33.341161], [-112.13495, 33.341125], [-112.134923, 33.341126], [-112.129554, 33.341202], [-112.129067, 33.342059], [-112.129139, 33.34304], [-112.134966, 33.342977], [-112.134993, 33.348554], [-112.135078, 33.348554], [-112.137846, 33.34675], [-112.139885, 33.344835], [-112.148041, 33.344845], [-112.148055, 33.34848], [-112.143359, 33.348509], [-112.143372, 33.353378], [-112.144755, 33.353319], [-112.14475, 33.354525], [-112.143378, 33.354516], [-112.143383, 33.355753], [-112.151911, 33.355825], [-112.151919, 33.352893], [-112.15324, 33.352565], [-112.156027, 33.351904], [-112.154893, 33.35167], [-112.155792, 33.348539], [-112.1558, 33.341153], [-112.169031, 33.341069], [-112.169014, 33.333917]]]]}}, {"type": "Feature", "properties": {"city_slug": "boston", "GEOID": "2507000", "NAMELSAD": "Boston city", "STUSPS": "MA", "ALAND": 125203188, "AWATER": 106897982}, "geometry": {"type": "MultiPolygon", "coordinates": [[[[-70.93091, 42.321605], [-70.930248, 42.322292], [-70.925969, 42.321909], [-70.925473, 42.319212], [-70.925308, 42.317223], [-70.928055, 42.317223], [-70.93076, 42.319027], [-70.93091, 42.321605]]], [[[-70.932091, 42.332698], [-70.931758, 42.333116], [-70.93068, 42.333698], [-70.929717, 42.333973], [-70.928692, 42.332324], [-70.926834, 42.330376], [-70.923068, 42.32699], [-70.922598, 42.326144], [-70.923722, 42.32536], [-70.924716, 42.32488], [-70.925883, 42.324944], [-70.92679, 42.32536], [-70.92705, 42.32635], [-70.927698, 42.327341], [-70.929383, 42.328171], [-70.930593, 42.328107], [-70.931414, 42.328267], [-70.93211, 42.328915], [-70.931025, 42.329673], [-70.930809, 42.331015], [-70.931241, 42.331909], [-70.932464, 42.332228], [-70.932091, 42.332698]]], [[[-70.94278, 42.327181], [-70.940749, 42.328139], [-70.937248, 42.3275], [-70.934947, 42.326807], [-70.936544, 42.324866], [-70.939854, 42.324245], [-70.942948, 42.325695], [-70.94278, 42.327181]]], [[[-70.958094, 42.31165], [-70.95434, 42.31299], [-70.951492, 42.313564], [-70.948515, 42.311937], [-70.94968, 42.311076], [-70.952399, 42.31098], [-70.9542866009988, 42.3086528340082], [-70.95434, 42.308587], [-70.957835, 42.309831], [-70.958094, 42.31165]]], [[[-70.968935, 42.355925], [-70.967257, 42.357069], [-70.967048, 42.356954], [-70.9668748754428, 42.3570563182718], [-70.962365, 42.354976], [-70.958599, 42.35551], [-70.953292, 42.349698], [-70.953022, 42.343973], [-70.960047, 42.346506], [-70.965276, 42.351424], [-70.9700244514225, 42.3552840314789], [-70.968935, 42.355925]]], [[[-70.977402, 42.312294], [-70.9769047642447, 42.3125742537046], [-70.9741558294847, 42.3141236176471], [-70.970392, 42.316245], [-70.967545, 42.322895], [-70.957268, 42.331661], [-70.952805, 42.330627], [-70.953693, 42.327921], [-70.95913, 42.324572], [-70.963531, 42.318542], [-70.965732, 42.313469], [-70.968968, 42.31299], [-70.971169, 42.311171], [-70.974273, 42.310198], [-70.977219, 42.310249], [-70.977402, 42.312294]]], [[[-70.989162, 42.328304], [-70.984243, 42.3284], [-70.983078, 42.327156], [-70.983984, 42.321317], [-70.985667, 42.318733], [-70.988774, 42.319212], [-70.988903, 42.32371], [-70.991621, 42.326294], [-70.989162, 42.328304]]], [[[-71.016643, 42.313731], [-71.01132, 42.316355], [-71.006364, 42.320911], [-71.000305, 42.321282], [-70.999534, 42.31992], [-71.000371, 42.319326], [-71.003251, 42.319524], [-71.006699, 42.316133], [-71.011487, 42.309299], [-71.014601, 42.309869], [-71.017179, 42.311751], [-71.016643, 42.313731]]], [[[-71.190904, 42.283248], [-71.178636, 42.294595], [-71.169808, 42.300443], [-71.164702, 42.30383], [-71.153691, 42.295746], [-71.152113, 42.294588], [-71.1503, 42.29553], [-71.146883, 42.29728], [-71.140135, 42.302147], [-71.136502, 42.306204], [-71.134359, 42.309252], [-71.131863, 42.313178], [-71.130642, 42.31453], [-71.123711, 42.322716], [-71.121528, 42.323882], [-71.120112, 42.322835], [-71.119539, 42.322745], [-71.116537, 42.323939], [-71.115929, 42.325855], [-71.115563, 42.32678], [-71.114547, 42.328372], [-71.113271, 42.332217], [-71.111413, 42.334525], [-71.110808, 42.335586], [-71.110751, 42.336168], [-71.111551, 42.337299], [-71.110597, 42.340405], [-71.108225, 42.342272], [-71.105516, 42.343812], [-71.10674, 42.34604], [-71.107213, 42.347049], [-71.106894, 42.348588], [-71.106854, 42.348759], [-71.106702, 42.349433], [-71.10657, 42.349912], [-71.110936, 42.350446], [-71.115808, 42.351017], [-71.120286, 42.351557], [-71.121311, 42.351675], [-71.122855, 42.351861], [-71.123518, 42.351486], [-71.124207, 42.351493], [-71.126134, 42.350327], [-71.128728, 42.349463], [-71.129746, 42.34885], [-71.133381, 42.347122], [-71.134254, 42.346577], [-71.135155, 42.346023], [-71.135985, 42.345366], [-71.137824, 42.343876], [-71.138809, 42.343087], [-71.139977, 42.34214], [-71.141298, 42.34107], [-71.141754, 42.340396], [-71.144212, 42.340022], [-71.144779, 42.339657], [-71.146215, 42.338632], [-71.146156, 42.337442], [-71.147266, 42.337201], [-71.148482, 42.336253], [-71.148295, 42.335807], [-71.150104, 42.335282], [-71.149853, 42.334635], [-71.156262, 42.330847], [-71.157036, 42.33039], [-71.160917, 42.333639], [-71.162732, 42.333961], [-71.167565, 42.333441], [-71.168886, 42.335826], [-71.168936, 42.338449], [-71.16674, 42.339854], [-71.166699, 42.340009], [-71.174265, 42.349584], [-71.174798, 42.350265], [-71.173935, 42.353397], [-71.171387, 42.356089], [-71.169474, 42.358047], [-71.167625, 42.360073], [-71.163888, 42.358523], [-71.161508, 42.358972], [-71.159746, 42.359781], [-71.154475, 42.360036], [-71.148332, 42.361119], [-71.14717, 42.361754], [-71.144492, 42.364822], [-71.143667, 42.365081], [-71.139892, 42.36444], [-71.136658, 42.366752], [-71.132373, 42.368891], [-71.131762, 42.369864], [-71.133179, 42.372338], [-71.130997, 42.373892], [-71.128203, 42.373572], [-71.123204, 42.368938], [-71.11896, 42.36876], [-71.11723, 42.367367], [-71.116921, 42.364246], [-71.116936, 42.363677], [-71.116704, 42.361255], [-71.116597, 42.359185], [-71.116681, 42.358736], [-71.117165, 42.356997], [-71.116852, 42.355385], [-71.113196, 42.35311], [-71.110589, 42.352616], [-71.110358, 42.352586], [-71.104316, 42.352403], [-71.103032, 42.352514], [-71.09789, 42.35312], [-71.093002, 42.353894], [-71.091235, 42.354338], [-71.087511, 42.355557], [-71.085175, 42.356333], [-71.077952, 42.358735], [-71.076092, 42.36038], [-71.075657, 42.361613], [-71.074792, 42.363773], [-71.071537, 42.36711], [-71.070644, 42.367949], [-71.070575, 42.368015], [-71.069478, 42.369046], [-71.064059, 42.369001], [-71.067115, 42.371816], [-71.070545, 42.372356], [-71.072466, 42.372658], [-71.072689, 42.373222], [-71.075657, 42.380196], [-71.080701, 42.381039], [-71.080932, 42.382133], [-71.079428, 42.38332], [-71.078727, 42.384306], [-71.077638, 42.385838], [-71.077405, 42.386167], [-71.073496, 42.391796], [-71.072696, 42.390796], [-71.069322, 42.394022], [-71.066944, 42.394755], [-71.067082, 42.39405], [-71.070696, 42.389596], [-71.070896, 42.388996], [-71.065695, 42.386596], [-71.057395, 42.387297], [-71.055524, 42.387119], [-71.055295, 42.387097], [-71.048186, 42.385686], [-71.047284, 42.385284], [-71.044298, 42.383209], [-71.043264, 42.383594], [-71.039262, 42.386831], [-71.038357, 42.386529], [-71.031995, 42.384597], [-71.027712, 42.384041], [-71.022672, 42.386265], [-71.020512, 42.387641], [-71.017794, 42.390697], [-71.016094, 42.395897], [-71.013395, 42.397398], [-71.011272, 42.396589], [-71.01193, 42.395752], [-71.010001, 42.39549], [-71.008945, 42.395192], [-71.0056, 42.393961], [-71.000683, 42.396817], [-70.996767, 42.396413], [-70.995047, 42.393566], [-70.994454, 42.393316], [-70.989771, 42.39324], [-70.987974, 42.392817], [-70.987289, 42.388734], [-70.986053, 42.388116], [-70.986621, 42.387138], [-70.988281, 42.387107], [-70.994239, 42.384647], [-70.994634, 42.382711], [-70.994648, 42.38115], [-70.997994, 42.378197], [-71.000206, 42.377754], [-71.006123, 42.376052], [-71.010363, 42.365031], [-71.0016199959101, 42.3646770423249], [-70.997719, 42.360562], [-70.988035, 42.36188], [-70.9858852713334, 42.3590611504902], [-70.985317, 42.358316], [-70.9857395963913, 42.3579345351261], [-70.98955, 42.354495], [-70.994337, 42.353909], [-70.999577, 42.356408], [-71.003741, 42.356037], [-71.005579, 42.347362], [-71.007807, 42.347145], [-71.0277, 42.358625], [-71.026351, 42.361819], [-71.0264628524305, 42.3622050393619], [-71.026916, 42.363769], [-71.029638, 42.363352], [-71.037999, 42.363753], [-71.0416821697615, 42.3664873177287], [-71.042626, 42.367188], [-71.0437334980831, 42.3699110078238], [-71.04466, 42.372189], [-71.046817295921, 42.3730407567864], [-71.047018, 42.37312], [-71.050598, 42.372872], [-71.052642, 42.370788], [-71.0526194076875, 42.370697], [-71.052248, 42.369201], [-71.05048, 42.368073], [-71.0503521192944, 42.3662546219372], [-71.0502102174239, 42.364236872291], [-71.0502003654495, 42.364096783808], [-71.0498956435004, 42.3597638415945], [-71.049673, 42.356598], [-71.0482832741435, 42.356018539708], [-71.0339662859699, 42.3500489262703], [-71.013895, 42.34168], [-71.0109482949352, 42.3396711987028], [-71.010926, 42.339656], [-71.010177, 42.337557], [-71.015664, 42.330518], [-71.024151, 42.333159], [-71.034704, 42.328762], [-71.042333, 42.330142], [-71.047648, 42.328087], [-71.047426, 42.323428], [-71.0467260009414, 42.323070744949], [-71.0400298066474, 42.3196532414466], [-71.033099, 42.316116], [-71.032777, 42.313472], [-71.036893, 42.310513], [-71.037904, 42.310435], [-71.040961, 42.312152], [-71.042335, 42.311693], [-71.0423475868322, 42.3115348119403], [-71.04249, 42.309745], [-71.044832, 42.309193], [-71.0474393475483, 42.3037469777322], [-71.047616, 42.303378], [-71.044495, 42.301496], [-71.045971080436, 42.2993124833707], [-71.046786, 42.298107], [-71.0437321577228, 42.2929582753061], [-71.043697, 42.292899], [-71.03988, 42.292455], [-71.037974, 42.288675], [-71.039306, 42.285495], [-71.0381271228924, 42.284715047516], [-71.03908, 42.283966], [-71.039293, 42.283799], [-71.040494, 42.281898], [-71.041594, 42.278098], [-71.042782, 42.277102], [-71.04488, 42.276266], [-71.049802, 42.2781], [-71.053284, 42.277502], [-71.055575, 42.275052], [-71.053494, 42.272458], [-71.053836, 42.271699], [-71.062189, 42.267159], [-71.064695, 42.268607], [-71.065097, 42.270659], [-71.067815, 42.271396], [-71.06814, 42.271], [-71.072044, 42.270817], [-71.073264, 42.270317], [-71.075246, 42.2703], [-71.076492, 42.270509], [-71.080852, 42.269322], [-71.082761, 42.268634], [-71.089403, 42.26969], [-71.090258, 42.266639], [-71.093736, 42.267136], [-71.093908, 42.26714], [-71.097483, 42.263089], [-71.097899, 42.262882], [-71.103672, 42.259723], [-71.104062, 42.259862], [-71.105001, 42.260804], [-71.108405, 42.261116], [-71.11146, 42.260769], [-71.11326, 42.258926], [-71.113009, 42.258689], [-71.112392, 42.258116], [-71.109544, 42.255412], [-71.109465, 42.25241], [-71.109347, 42.24799], [-71.112057, 42.246585], [-71.114563, 42.245284], [-71.116529, 42.244274], [-71.12567, 42.239527], [-71.126377, 42.239162], [-71.122602, 42.234515], [-71.124587, 42.234012], [-71.125477, 42.231882], [-71.12742, 42.231176], [-71.130749, 42.227911], [-71.130771, 42.227926], [-71.136665, 42.23191], [-71.139241, 42.23366], [-71.142681, 42.235998], [-71.143498, 42.240065], [-71.144069, 42.242819], [-71.146127, 42.252964], [-71.146306, 42.253933], [-71.146642, 42.255755], [-71.150386, 42.25746], [-71.152118, 42.258247], [-71.155958, 42.256485], [-71.158584, 42.255155], [-71.161574, 42.257546], [-71.163393, 42.259023], [-71.167393, 42.262197], [-71.168604, 42.26316], [-71.171541, 42.266142], [-71.174154, 42.267021], [-71.174609, 42.268373], [-71.172953, 42.270298], [-71.173342, 42.270849], [-71.173583, 42.271415], [-71.174847, 42.273729], [-71.174418, 42.275042], [-71.174565, 42.275576], [-71.174972, 42.276004], [-71.177461, 42.276868], [-71.183159, 42.275913], [-71.185307, 42.279497], [-71.18599, 42.279771], [-71.188212, 42.280438], [-71.190753, 42.28184], [-71.191247, 42.282992], [-71.190904, 42.283248]]]]}}, {"type": "Feature", "properties": {"city_slug": "brownsville", "GEOID": "4810768", "NAMELSAD": "Brownsville city", "STUSPS": "TX", "ALAND": 345483920, "AWATER": 35588596}, "geometry": {"type": "MultiPolygon", "coordinates": [[[[-97.39337, 25.877139], [-97.389322, 25.877171], [-97.389306, 25.875145], [-97.387566, 25.877162], [-97.385262, 25.877191], [-97.385242, 25.873591], [-97.389294, 25.873558], [-97.39331, 25.873504], [-97.39337, 25.877139]]], [[[-97.415072, 25.880565], [-97.407731, 25.880587], [-97.407888, 25.866184], [-97.414626, 25.866164], [-97.41456, 25.869728], [-97.411169, 25.869751], [-97.411126, 25.873358], [-97.408301, 25.873378], [-97.409345, 25.874018], [-97.414859, 25.880324], [-97.415072, 25.880565]]], [[[-97.645774, 26.030421], [-97.64191, 26.029215], [-97.637048, 26.02573], [-97.635587, 26.024124], [-97.633892, 26.020563], [-97.633391, 26.016689], [-97.634652, 26.013424], [-97.627665, 26.009384], [-97.624432, 26.023683], [-97.61874, 26.05317], [-97.614555, 26.074872], [-97.619019, 26.07612], [-97.623496, 26.077374], [-97.627531, 26.078503], [-97.626395, 26.081049], [-97.618262, 26.078853], [-97.614026, 26.077708], [-97.612241, 26.08616], [-97.611499, 26.089674], [-97.609603, 26.098651], [-97.604963, 26.100197], [-97.600179, 26.103734], [-97.59938, 26.104699], [-97.597483, 26.108333], [-97.596785, 26.110595], [-97.594116, 26.110197], [-97.593792, 26.109499], [-97.589157, 26.105154], [-97.58596, 26.101781], [-97.569561, 26.079746], [-97.55873, 26.078647], [-97.548734, 26.07763], [-97.549621, 26.076675], [-97.550104, 26.073535], [-97.548544, 26.073346], [-97.548075, 26.076513], [-97.54747, 26.077506], [-97.550607, 26.056021], [-97.540421, 26.04606], [-97.540562, 26.045124], [-97.537978, 26.043032], [-97.533789, 26.073618], [-97.539665, 26.074174], [-97.539275, 26.076837], [-97.537617, 26.088164], [-97.535666, 26.101488], [-97.534321, 26.110652], [-97.528877, 26.11017], [-97.520037, 26.174289], [-97.52434, 26.180843], [-97.524963, 26.181545], [-97.526637, 26.182344], [-97.521416, 26.215867], [-97.518445, 26.215472], [-97.523364, 26.184039], [-97.520675, 26.181005], [-97.516811, 26.174484], [-97.526109, 26.106981], [-97.531628, 26.107439], [-97.532619, 26.101034], [-97.534678, 26.087686], [-97.536389, 26.076611], [-97.5303, 26.075928], [-97.531315, 26.068618], [-97.533449, 26.054185], [-97.527756, 26.053615], [-97.527932, 26.052298], [-97.528222, 26.049952], [-97.526918, 26.049938], [-97.524682, 26.0495], [-97.52378, 26.04896], [-97.523354, 26.051851], [-97.522228, 26.060027], [-97.517743, 26.059686], [-97.516605, 26.069908], [-97.520952, 26.070231], [-97.520725, 26.0717], [-97.517661, 26.073678], [-97.510657, 26.072994], [-97.510981, 26.069353], [-97.503261, 26.068766], [-97.503738, 26.064799], [-97.500889, 26.064356], [-97.501035, 26.063934], [-97.502362, 26.064068], [-97.502797, 26.061897], [-97.50345, 26.060283], [-97.503814, 26.058996], [-97.502465, 26.058866], [-97.504639, 26.045431], [-97.497953, 26.044885], [-97.488927, 26.044065], [-97.478683, 26.043792], [-97.477619, 26.056703], [-97.4435, 26.054521], [-97.442885, 26.063003], [-97.425902, 26.062027], [-97.427021, 26.044905], [-97.426594, 26.044995], [-97.42196, 26.04597], [-97.420811, 26.064706], [-97.385405, 26.062416], [-97.382744, 26.065103], [-97.384616, 26.065193], [-97.384949, 26.103132], [-97.369432, 26.103466], [-97.370236, 26.127374], [-97.350123, 26.127969], [-97.34668, 26.128069], [-97.346057, 26.128087], [-97.346272, 26.134687], [-97.346138, 26.139269], [-97.344768, 26.142019], [-97.344581, 26.144135], [-97.344612, 26.144561], [-97.336574, 26.144794], [-97.336786, 26.152445], [-97.333892, 26.152515], [-97.330025, 26.155734], [-97.329612, 26.156676], [-97.329984, 26.157418], [-97.340248, 26.166819], [-97.341184, 26.171206], [-97.33814, 26.16951], [-97.337862, 26.168162], [-97.327881, 26.159367], [-97.32623, 26.157545], [-97.327335, 26.156104], [-97.321136, 26.156292], [-97.318683, 26.153609], [-97.328299, 26.153265], [-97.331756, 26.150132], [-97.333666, 26.150109], [-97.333389, 26.142402], [-97.341658, 26.142181], [-97.342349, 26.139809], [-97.342264, 26.134794], [-97.342046, 26.12457], [-97.343165, 26.124541], [-97.349999, 26.124338], [-97.366139, 26.123895], [-97.36529, 26.099943], [-97.381613, 26.099509], [-97.381411, 26.092967], [-97.37845, 26.092365], [-97.37844, 26.069565], [-97.371682, 26.076334], [-97.365133, 26.085274], [-97.363426, 26.087139], [-97.361185, 26.088676], [-97.35709, 26.090016], [-97.348854, 26.09049], [-97.327492, 26.091909], [-97.319946, 26.092624], [-97.310454, 26.093243], [-97.308347, 26.093068], [-97.307699, 26.090679], [-97.306123, 26.088638], [-97.304286, 26.087308], [-97.274901, 26.072456], [-97.273869, 26.063293], [-97.273559, 26.056255], [-97.288427, 26.015858], [-97.287944, 26.015605], [-97.27946, 26.016377], [-97.280873, 26.012538], [-97.314726, 25.993607], [-97.33143, 26.043452], [-97.380766, 26.042692], [-97.401209, 26.042375], [-97.414679, 26.013866], [-97.42788, 26.011208], [-97.428446, 25.994756], [-97.436467, 25.993249], [-97.436956, 25.992633], [-97.439301, 25.98281], [-97.429397, 25.982301], [-97.429843, 25.971409], [-97.421408, 25.971365], [-97.418593, 25.97135], [-97.418085, 25.967599], [-97.41722, 25.961196], [-97.417548, 25.960844], [-97.418172, 25.960178], [-97.420473, 25.958209], [-97.419498, 25.95694], [-97.419415, 25.956941], [-97.416737, 25.953658], [-97.4111, 25.952084], [-97.413116, 25.951376], [-97.413114, 25.9508], [-97.413137, 25.949654], [-97.410057, 25.949626], [-97.410085, 25.946025], [-97.407075, 25.946044], [-97.407106, 25.942466], [-97.393927, 25.942497], [-97.393575, 25.939528], [-97.378116, 25.939474], [-97.377895, 25.955362], [-97.368507, 25.958468], [-97.367534, 25.928853], [-97.3671133493895, 25.9156752352356], [-97.367642, 25.91568], [-97.369113, 25.914622], [-97.3691883350003, 25.9142194958557], [-97.3693377865668, 25.9134209974858], [-97.371452, 25.913401], [-97.377339, 25.913293], [-97.377533, 25.917361], [-97.378022, 25.917242], [-97.381568, 25.917175], [-97.381614, 25.920813], [-97.377952, 25.920829], [-97.37818, 25.933577], [-97.393724, 25.933505], [-97.393932, 25.935223], [-97.403239, 25.935213], [-97.403218, 25.937693], [-97.407164, 25.937672], [-97.40716, 25.938743], [-97.411213, 25.936954], [-97.411187, 25.938727], [-97.413351, 25.93872], [-97.417779, 25.938703], [-97.420892, 25.938675], [-97.421854, 25.938787], [-97.423355, 25.938777], [-97.428935, 25.938612], [-97.42956, 25.938604], [-97.429753, 25.932709], [-97.429952, 25.926649], [-97.430039, 25.924084], [-97.427566, 25.924102], [-97.422703, 25.924139], [-97.422863, 25.917533], [-97.418242, 25.91749], [-97.418191, 25.920146], [-97.41761, 25.922218], [-97.415906, 25.922191], [-97.416005, 25.916996], [-97.41065, 25.917034], [-97.40738, 25.917053], [-97.407372, 25.916941], [-97.397773, 25.917042], [-97.396765, 25.917048], [-97.396767, 25.918128], [-97.398671, 25.918096], [-97.399344, 25.918648], [-97.399346, 25.920732], [-97.397236, 25.921061], [-97.395323, 25.920936], [-97.395353, 25.917058], [-97.393673, 25.91707], [-97.393605, 25.908232], [-97.389571, 25.908283], [-97.389551, 25.906157], [-97.389534, 25.904244], [-97.393593, 25.904244], [-97.39362, 25.906187], [-97.396924, 25.906198], [-97.398119, 25.904575], [-97.400385, 25.907653], [-97.403299, 25.909991], [-97.407396, 25.909676], [-97.407555, 25.898873], [-97.404422, 25.898886], [-97.404387, 25.90244], [-97.400873, 25.902456], [-97.400606, 25.898892], [-97.403587, 25.898887], [-97.403628, 25.895255], [-97.399597, 25.895265], [-97.399642, 25.888016], [-97.39568, 25.888037], [-97.395716, 25.884354], [-97.39342, 25.884391], [-97.39337, 25.877139], [-97.399794, 25.877099], [-97.399779, 25.880833], [-97.40773, 25.880776], [-97.407696, 25.884312], [-97.415198, 25.884213], [-97.415127, 25.887927], [-97.423747, 25.88786], [-97.42385, 25.884201], [-97.418612, 25.884166], [-97.417931, 25.883786], [-97.415131, 25.880632], [-97.423954, 25.880543], [-97.428848, 25.880499], [-97.428674, 25.884162], [-97.433551, 25.884103], [-97.432644, 25.888436], [-97.433777, 25.890213], [-97.437789, 25.890462], [-97.436027, 25.887818], [-97.437872, 25.876276], [-97.437755, 25.869463], [-97.4365, 25.866897], [-97.434298, 25.865999], [-97.434518, 25.86098], [-97.433071, 25.858785], [-97.429659, 25.858853], [-97.428932, 25.862337], [-97.426395, 25.863222], [-97.425676, 25.866012], [-97.424378, 25.866041], [-97.424273, 25.869653], [-97.419406, 25.869695], [-97.419463, 25.866131], [-97.417618, 25.866152], [-97.417362, 25.858805], [-97.414662, 25.85879], [-97.414757, 25.858028], [-97.4134084626742, 25.8579515480325], [-97.413786, 25.857053], [-97.413891, 25.855238], [-97.413359, 25.85241], [-97.414308, 25.849293], [-97.414666, 25.846741], [-97.413625, 25.844034], [-97.412261, 25.8427], [-97.412657, 25.841175], [-97.416718, 25.841349], [-97.422171, 25.840318], [-97.424888, 25.840632], [-97.427824, 25.842247], [-97.431635, 25.845816], [-97.4350867599018, 25.8491283136359], [-97.434707, 25.856022], [-97.437531, 25.856126], [-97.437193, 25.863547], [-97.440471, 25.865202], [-97.441355, 25.86735], [-97.440931, 25.87672], [-97.441151, 25.876752], [-97.44706, 25.877607], [-97.450972, 25.878197], [-97.451002, 25.878123], [-97.4548886933932, 25.878668635082], [-97.454727, 25.879337], [-97.455718, 25.883997], [-97.458162, 25.884275], [-97.464911, 25.881254], [-97.467433, 25.877977], [-97.469507, 25.875539], [-97.472321, 25.875596], [-97.474103, 25.876531], [-97.474743, 25.878037], [-97.474223, 25.880117], [-97.472085, 25.881293], [-97.46846, 25.883707], [-97.467756, 25.88636], [-97.468744, 25.888628], [-97.470394, 25.888587], [-97.477749, 25.882663], [-97.481769, 25.879955], [-97.484865, 25.8787], [-97.486074, 25.878476], [-97.48764, 25.879023], [-97.486469, 25.883987], [-97.487161, 25.885158], [-97.488472, 25.885384], [-97.4895121251366, 25.8842678657188], [-97.4903249517798, 25.8833956402055], [-97.491072, 25.882594], [-97.492814, 25.880806], [-97.495094, 25.879665], [-97.496687, 25.87968], [-97.497457, 25.880563], [-97.497578, 25.884429], [-97.497478, 25.888228], [-97.49643, 25.895805], [-97.497386, 25.898644], [-97.498886, 25.898722], [-97.500425, 25.897026], [-97.503853, 25.893024], [-97.5047436116974, 25.8920769124696], [-97.506045, 25.890693], [-97.508699, 25.888915], [-97.511156, 25.88743], [-97.512648, 25.887391], [-97.517143, 25.886721], [-97.51984, 25.885986], [-97.521762, 25.886458], [-97.523391, 25.889848], [-97.523048, 25.893519], [-97.523282, 25.897211], [-97.524866, 25.90005], [-97.527342, 25.902613], [-97.5278610671834, 25.9044373902716], [-97.524815, 25.906639], [-97.526541, 25.909494], [-97.524819, 25.910379], [-97.524172, 25.91212], [-97.524987, 25.915196], [-97.5310266350771, 25.9155879120325], [-97.530413, 25.916323], [-97.5302549301618, 25.9187392103844], [-97.528053, 25.918442], [-97.529914, 25.922382], [-97.531597, 25.923219], [-97.535493, 25.922956], [-97.536875, 25.924865], [-97.534263, 25.929562], [-97.534835, 25.932106], [-97.535638, 25.933071], [-97.54225, 25.934394], [-97.548991, 25.938549], [-97.55344, 25.940153], [-97.556568, 25.94359], [-97.562808, 25.945467], [-97.563502, 25.946067], [-97.565971, 25.946925], [-97.566281359129, 25.9478338427031], [-97.567646, 25.95183], [-97.568761, 25.952879], [-97.573732, 25.953907], [-97.574668, 25.952777], [-97.574062, 25.95132], [-97.572998, 25.94865], [-97.573046, 25.946399], [-97.575255, 25.943913], [-97.577941, 25.942865], [-97.579718, 25.9438], [-97.580546, 25.946555], [-97.5805700916823, 25.9467519126281], [-97.580316, 25.946783], [-97.577786, 25.960726], [-97.584024, 25.964106], [-97.588006, 25.96414], [-97.590319, 25.965605], [-97.591127, 25.966503], [-97.59925, 25.978144], [-97.601088, 25.979772], [-97.604603, 25.986045], [-97.605325, 25.989703], [-97.605352, 25.989857], [-97.608051, 26.004603], [-97.607018, 26.011245], [-97.608602, 26.011501], [-97.609384, 26.01607], [-97.610774, 26.017223], [-97.610545, 26.019023], [-97.621952, 26.022617], [-97.624882, 26.009013], [-97.625911, 26.007264], [-97.627064, 26.006713], [-97.62958, 26.006848], [-97.637153, 26.011568], [-97.6382444215032, 26.0134078369541], [-97.637117, 26.014992], [-97.636805, 26.017576], [-97.637494, 26.020568], [-97.639042, 26.02297], [-97.641899, 26.025482], [-97.64522, 26.027758], [-97.6470840579803, 26.0265610449613], [-97.645774, 26.030421]], [[-97.606022, 26.014378], [-97.604481, 26.01374], [-97.603645, 26.011669], [-97.604179, 26.006528], [-97.601945, 25.994065], [-97.596128, 25.995071], [-97.594446, 26.007604], [-97.58997, 26.009411], [-97.587617, 26.011025], [-97.584043, 26.011691], [-97.583247, 26.010325], [-97.575719, 26.009339], [-97.577889, 25.994571], [-97.578869, 25.987898], [-97.579843, 25.988075], [-97.582056, 25.989548], [-97.591834, 25.991383], [-97.594453, 25.991116], [-97.598263, 25.98911], [-97.597807, 25.98728], [-97.598099, 25.984276], [-97.597924, 25.983693], [-97.592229, 25.976516], [-97.591666, 25.974856], [-97.588236, 25.976621], [-97.587665, 25.974867], [-97.591439, 25.97287], [-97.588259, 25.968439], [-97.582902, 25.967425], [-97.577079, 25.964666], [-97.576588, 25.964429], [-97.576045, 25.968023], [-97.563647, 25.9666], [-97.566817, 25.966913], [-97.567236, 25.963864], [-97.570654, 25.963881], [-97.57089, 25.961704], [-97.560713, 25.956788], [-97.558888, 25.97158], [-97.575888, 25.97369], [-97.572988, 25.99643], [-97.572209, 25.998405], [-97.571991, 25.999897], [-97.571449, 26.003176], [-97.570812, 26.00369], [-97.565785, 26.002564], [-97.553825, 26.000504], [-97.553771, 26.00073], [-97.553577, 26.000946], [-97.550266, 26.000527], [-97.549185, 26.007118], [-97.552592, 26.007508], [-97.552165, 26.010505], [-97.54875, 26.009848], [-97.54854, 26.012999], [-97.551701, 26.013447], [-97.551411, 26.015583], [-97.539826, 26.014252], [-97.539196, 26.014315], [-97.541744, 25.993706], [-97.5423, 25.989644], [-97.539139, 25.989311], [-97.539222, 25.988681], [-97.531615, 25.992271], [-97.530845, 25.993147], [-97.529929, 25.998045], [-97.530793, 26.004426], [-97.531344, 26.012399], [-97.531903, 26.016157], [-97.533828, 26.027557], [-97.534376, 26.02919], [-97.534933, 26.030368], [-97.53613, 26.03206], [-97.54071, 26.036201], [-97.547579, 26.042318], [-97.55213, 26.046354], [-97.563182, 26.056305], [-97.564993, 26.058417], [-97.579684, 26.079698], [-97.580676, 26.081004], [-97.581302, 26.081032], [-97.582203, 26.080972], [-97.582668, 26.08114], [-97.584769, 26.081096], [-97.589826, 26.080026], [-97.593547, 26.079604], [-97.595202, 26.078333], [-97.595983, 26.074925], [-97.596796, 26.073771], [-97.604084, 26.027425], [-97.602566, 26.026323], [-97.603224, 26.021801], [-97.604159, 26.021675], [-97.605277, 26.020832], [-97.606155, 26.015584], [-97.606022, 26.014378]], [[-97.484591, 25.969533], [-97.474499, 25.962939], [-97.472722, 25.962201], [-97.472435, 25.96212], [-97.46843, 25.96135], [-97.46715, 25.960817], [-97.466963, 25.962948], [-97.459042, 25.962446], [-97.458978, 25.962442], [-97.458688, 25.966509], [-97.457161, 25.967905], [-97.454039, 25.967658], [-97.454146, 25.966392], [-97.454191, 25.965776], [-97.451564, 25.965583], [-97.450518, 25.967099], [-97.450925, 25.961867], [-97.444597, 25.961409], [-97.445054, 25.954172], [-97.439875, 25.953788], [-97.43973, 25.953756], [-97.434033, 25.960321], [-97.43422, 25.960601], [-97.43705, 25.963722], [-97.43714, 25.96726], [-97.43366, 25.969139], [-97.433693, 25.970775], [-97.437241, 25.970678], [-97.438215, 25.97053], [-97.439984, 25.97021], [-97.439879, 25.974171], [-97.439827, 25.974891], [-97.443115, 25.977974], [-97.44488, 25.979628], [-97.446518, 25.979745], [-97.446733, 25.976143], [-97.447768, 25.976223], [-97.447479, 25.979814], [-97.455688, 25.980402], [-97.455458, 25.983407], [-97.455399, 25.98633], [-97.46755, 25.98711], [-97.467013, 25.99457], [-97.477309, 25.995225], [-97.477998, 25.988262], [-97.476514, 25.98817], [-97.474032, 25.986924], [-97.474106, 25.98593], [-97.478158, 25.986074], [-97.478698, 25.978541], [-97.47721, 25.979366], [-97.474452, 25.979338], [-97.473108, 25.977786], [-97.467654, 25.975137], [-97.468007, 25.974205], [-97.466012, 25.974027], [-97.466639, 25.966639], [-97.472032, 25.966986], [-97.471996, 25.967392], [-97.471704, 25.970685], [-97.471397, 25.973792], [-97.473646, 25.975104], [-97.475065, 25.976967], [-97.47594, 25.977308], [-97.478442, 25.97521], [-97.47955, 25.975529], [-97.482103, 25.978602], [-97.48319, 25.9782], [-97.483698, 25.972695], [-97.483507, 25.972682], [-97.48367, 25.970619], [-97.484496, 25.970681], [-97.484591, 25.969533]], [[-97.407668, 25.887984], [-97.403688, 25.888], [-97.403674, 25.889695], [-97.407651, 25.889666], [-97.407668, 25.887984]]]]}}, {"type": "Feature", "properties": {"city_slug": "eugene", "GEOID": "4123850", "NAMELSAD": "Eugene city", "STUSPS": "OR", "ALAND": 115227915, "AWATER": 179488}, "geometry": {"type": "MultiPolygon", "coordinates": [[[[-123.067821, 44.105538], [-123.059023, 44.105799], [-123.058126, 44.107634], [-123.058122, 44.105635], [-123.057249, 44.105232], [-123.06156, 44.101414], [-123.058973, 44.100823], [-123.062427, 44.100784], [-123.064562, 44.098879], [-123.065846, 44.09886], [-123.065836, 44.103665], [-123.067801, 44.103854], [-123.067806, 44.10428], [-123.065836, 44.104179], [-123.065834, 44.105377], [-123.067822, 44.105354], [-123.067821, 44.105538]]], [[[-123.120443, 44.113172], [-123.119706, 44.113179], [-123.119712, 44.113638], [-123.118493, 44.113625], [-123.118255, 44.113666], [-123.118141, 44.113754], [-123.117797, 44.111845], [-123.117056, 44.111847], [-123.117023, 44.110868], [-123.117973, 44.110865], [-123.118044, 44.112569], [-123.120403, 44.112563], [-123.120443, 44.113172]]], [[[-123.122846, 44.081553], [-123.122396, 44.081575], [-123.122258, 44.081589], [-123.122154, 44.081612], [-123.12073, 44.081129], [-123.120803, 44.079985], [-123.121325, 44.079632], [-123.122667, 44.079581], [-123.122846, 44.081553]]], [[[-123.12054, 44.066869], [-123.120272, 44.066172], [-123.118569, 44.066168], [-123.117587, 44.066559], [-123.117396, 44.065495], [-123.118248, 44.065957], [-123.120118, 44.065993], [-123.120317, 44.064628], [-123.123618, 44.066884], [-123.12054, 44.066869]]], [[[-123.124617, 44.11875], [-123.122658, 44.119797], [-123.118527, 44.119779], [-123.118555, 44.117634], [-123.115673, 44.118144], [-123.116065, 44.115557], [-123.118148, 44.115421], [-123.123873, 44.11536], [-123.123867, 44.117018], [-123.124607, 44.117081], [-123.124617, 44.11875]]], [[[-123.125928, 44.090587], [-123.123921, 44.090605], [-123.123725, 44.090399], [-123.123401, 44.08984], [-123.123418, 44.088583], [-123.124183, 44.088849], [-123.125189, 44.08884], [-123.125928, 44.090587]]], [[[-123.122121, 44.078947], [-123.121502, 44.078423], [-123.121765, 44.077336], [-123.121769, 44.077845], [-123.126032, 44.078933], [-123.122121, 44.078947]]], [[[-123.127092, 44.08164], [-123.12642, 44.081641], [-123.126414, 44.080727], [-123.125732, 44.080501], [-123.124337, 44.080514], [-123.12407, 44.07989], [-123.12708, 44.079854], [-123.127092, 44.08164]]], [[[-123.127176, 44.08498], [-123.126615, 44.084999], [-123.126616, 44.086574], [-123.124259, 44.086592], [-123.123607, 44.085015], [-123.126457, 44.084999], [-123.126436, 44.084458], [-123.127197, 44.084453], [-123.127176, 44.08498]]], [[[-123.126882, 44.070022], [-123.124903, 44.069518], [-123.125322, 44.068748], [-123.125333, 44.067967], [-123.127683, 44.069452], [-123.126882, 44.070022]]], [[[-123.13036, 44.081639], [-123.129705, 44.081639], [-123.128201, 44.079868], [-123.130361, 44.080661], [-123.13036, 44.081639]]], [[[-123.130538, 44.120488], [-123.130529, 44.121913], [-123.12725, 44.121684], [-123.127727, 44.1198], [-123.130539, 44.119816], [-123.130538, 44.120488]]], [[[-123.131398, 44.085139], [-123.127741, 44.085068], [-123.127699, 44.083421], [-123.124984, 44.083444], [-123.124359, 44.083948], [-123.124808, 44.082731], [-123.128486, 44.082717], [-123.128076, 44.08164], [-123.128882, 44.08164], [-123.129385, 44.083418], [-123.131398, 44.085139]]], [[[-123.131819, 44.116497], [-123.131111, 44.116489], [-123.131166, 44.116966], [-123.130035, 44.117158], [-123.129571, 44.117042], [-123.127676, 44.117047], [-123.127673, 44.11535], [-123.1305, 44.115339], [-123.131556, 44.115373], [-123.131819, 44.116497]]], [[[-123.134375, 44.087989], [-123.133606, 44.08798], [-123.133612, 44.086495], [-123.132864, 44.086457], [-123.132512, 44.085708], [-123.133443, 44.085716], [-123.133551, 44.086231], [-123.13436, 44.08623], [-123.134375, 44.087989]]], [[[-123.133922, 44.125588], [-123.133514, 44.130905], [-123.132442, 44.1309], [-123.132847, 44.126278], [-123.130517, 44.126347], [-123.130525, 44.125419], [-123.127486, 44.125413], [-123.127975, 44.126887], [-123.129978, 44.12688], [-123.129978, 44.128557], [-123.128626, 44.128852], [-123.12585, 44.126809], [-123.125942, 44.124847], [-123.130528, 44.124041], [-123.130525, 44.12505], [-123.132425, 44.124279], [-123.1348, 44.124646], [-123.133922, 44.125588]]], [[[-123.136147, 44.107052], [-123.135608, 44.108859], [-123.133738, 44.108846], [-123.133609, 44.108554], [-123.130347, 44.108515], [-123.130551, 44.109688], [-123.134318, 44.110132], [-123.13443, 44.110385], [-123.128829, 44.110487], [-123.128814, 44.109701], [-123.129408, 44.10756], [-123.133039, 44.107282], [-123.132873, 44.10691], [-123.13273, 44.106586], [-123.135244, 44.106297], [-123.135616, 44.107462], [-123.136147, 44.107052]]], [[[-123.138011, 44.115032], [-123.137593, 44.11503], [-123.137633, 44.115334], [-123.136655, 44.115346], [-123.136046, 44.114007], [-123.136805, 44.113985], [-123.136829, 44.114186], [-123.138015, 44.114172], [-123.138011, 44.115032]]], [[[-123.137906, 44.07655], [-123.136601, 44.075918], [-123.135459, 44.075975], [-123.134387, 44.075196], [-123.136655, 44.075269], [-123.138234, 44.076056], [-123.137906, 44.07655]]], [[[-123.139346, 44.11066], [-123.13799, 44.110681], [-123.137949, 44.111205], [-123.136294, 44.111218], [-123.136727, 44.110083], [-123.139288, 44.108929], [-123.139346, 44.11066]]], [[[-123.142561, 44.082795], [-123.141056, 44.082591], [-123.137881, 44.082576], [-123.137622, 44.081913], [-123.137728, 44.081881], [-123.137825, 44.081806], [-123.137879, 44.08168], [-123.1379, 44.081469], [-123.138689, 44.08189], [-123.143105, 44.081902], [-123.142561, 44.082795]]], [[[-123.144239, 44.108555], [-123.139281, 44.108245], [-123.139257, 44.106769], [-123.141796, 44.106285], [-123.144448, 44.106048], [-123.144239, 44.108555]]], [[[-123.146056, 44.115698], [-123.143517, 44.115706], [-123.143526, 44.114122], [-123.142764, 44.113082], [-123.145115, 44.113082], [-123.145569, 44.11366], [-123.146056, 44.115698]]], [[[-123.146935, 44.096829], [-123.145487, 44.096758], [-123.145516, 44.095239], [-123.144434, 44.095261], [-123.144432, 44.094469], [-123.145542, 44.094475], [-123.145566, 44.095239], [-123.146867, 44.095231], [-123.146881, 44.096261], [-123.146935, 44.096829]]], [[[-123.148358, 44.108463], [-123.147991, 44.108161], [-123.146785, 44.108166], [-123.146789, 44.10741], [-123.148434, 44.107415], [-123.148358, 44.108463]]], [[[-123.148061, 44.115702], [-123.14804, 44.114372], [-123.148773, 44.115703], [-123.148061, 44.115702]]], [[[-123.15365, 44.111996], [-123.1514, 44.111578], [-123.151407, 44.110038], [-123.151404, 44.109641], [-123.15369, 44.109636], [-123.15365, 44.111996]]], [[[-123.157836, 44.103104], [-123.152029, 44.103283], [-123.15015, 44.103415], [-123.147784, 44.103452], [-123.147749, 44.098526], [-123.151992, 44.09861], [-123.156297, 44.09943], [-123.157836, 44.103104]]], [[[-123.159861, 44.123514], [-123.154113, 44.123537], [-123.152838, 44.124287], [-123.151891, 44.124286], [-123.151328, 44.125758], [-123.151329, 44.125346], [-123.15081, 44.124552], [-123.142294, 44.124488], [-123.140877, 44.1238], [-123.140405, 44.123111], [-123.14435, 44.121832], [-123.150017, 44.121828], [-123.151892, 44.121833], [-123.151878, 44.120824], [-123.150303, 44.120539], [-123.150249, 44.120043], [-123.147359, 44.120048], [-123.145788, 44.121162], [-123.139374, 44.120989], [-123.13966, 44.121587], [-123.139699, 44.121667], [-123.13915, 44.124266], [-123.141453, 44.124482], [-123.141968, 44.125169], [-123.142789, 44.127237], [-123.147081, 44.127327], [-123.147665, 44.127385], [-123.147648, 44.130266], [-123.143982, 44.130487], [-123.144698, 44.132366], [-123.140806, 44.132294], [-123.139425, 44.131398], [-123.138915, 44.131249], [-123.137384, 44.130888], [-123.137434, 44.129286], [-123.137429, 44.127006], [-123.136931, 44.126864], [-123.136551, 44.121701], [-123.135623, 44.120078], [-123.136888, 44.118942], [-123.138373, 44.11893], [-123.139108, 44.120444], [-123.140001, 44.118899], [-123.138244, 44.118665], [-123.136806, 44.115687], [-123.139155, 44.115693], [-123.139148, 44.117698], [-123.139611, 44.116141], [-123.140595, 44.11613], [-123.140566, 44.117683], [-123.142348, 44.117673], [-123.142362, 44.116223], [-123.141255, 44.116214], [-123.141245, 44.115698], [-123.142685, 44.115699], [-123.142695, 44.117453], [-123.148521, 44.117721], [-123.149065, 44.115704], [-123.150087, 44.115707], [-123.15027, 44.115707], [-123.151858, 44.115707], [-123.151833, 44.117579], [-123.152853, 44.117563], [-123.152883, 44.116574], [-123.153215, 44.11656], [-123.153225, 44.11571], [-123.154667, 44.115712], [-123.154659, 44.118224], [-123.153338, 44.118791], [-123.15335, 44.120646], [-123.155737, 44.119923], [-123.156935, 44.120237], [-123.159875, 44.118523], [-123.159861, 44.123514]], [[-123.142789, 44.127237], [-123.140777, 44.127073], [-123.140891, 44.128231], [-123.143243, 44.12847], [-123.142789, 44.127237]]], [[[-123.160799, 44.097273], [-123.158986, 44.097654], [-123.157337, 44.097756], [-123.156697, 44.096543], [-123.160558, 44.09646], [-123.160799, 44.097273]]], [[[-123.163585, 44.114293], [-123.16224, 44.115707], [-123.157218, 44.115716], [-123.15629, 44.110668], [-123.155096, 44.110647], [-123.155314, 44.108569], [-123.154907, 44.108084], [-123.154711, 44.107551], [-123.155193, 44.10758], [-123.15492, 44.106264], [-123.151358, 44.106241], [-123.151382, 44.103592], [-123.152535, 44.103332], [-123.153095, 44.103335], [-123.15485, 44.104846], [-123.158388, 44.10406], [-123.162375, 44.111939], [-123.162985, 44.111765], [-123.163673, 44.113034], [-123.163585, 44.114293]]], [[[-123.172689, 44.117032], [-123.171088, 44.11702], [-123.170819, 44.115687], [-123.169273, 44.115693], [-123.169239, 44.114394], [-123.171082, 44.114393], [-123.172658, 44.115454], [-123.172689, 44.117032]]], [[[-123.177666, 44.119284], [-123.176373, 44.119287], [-123.174858, 44.117452], [-123.174818, 44.117043], [-123.177719, 44.117061], [-123.177666, 44.119284]]], [[[-123.188216, 44.114369], [-123.182601, 44.114334], [-123.18177, 44.113448], [-123.182976, 44.112579], [-123.18096, 44.112589], [-123.179072, 44.110578], [-123.183312, 44.109861], [-123.188177, 44.109398], [-123.188204, 44.113418], [-123.188216, 44.114369]]], [[[-123.193343, 44.120832], [-123.188675, 44.120799], [-123.186861, 44.118875], [-123.193316, 44.118909], [-123.193343, 44.120832]]], [[[-123.198303, 44.111022], [-123.193999, 44.113483], [-123.194486, 44.113489], [-123.194546, 44.117218], [-123.187233, 44.117096], [-123.186162, 44.118133], [-123.184118, 44.115953], [-123.188231, 44.115356], [-123.190753, 44.115364], [-123.190234, 44.11344], [-123.190572, 44.113444], [-123.190607, 44.109423], [-123.193842, 44.109466], [-123.19385, 44.104557], [-123.195106, 44.104559], [-123.195104, 44.1027], [-123.198281, 44.102703], [-123.198303, 44.111022]]], [[[-123.208463, 44.056531], [-123.20272, 44.057101], [-123.202941, 44.058545], [-123.208458, 44.05791], [-123.208457, 44.05913], [-123.208433, 44.070265], [-123.208377, 44.084897], [-123.203307, 44.08472], [-123.199529, 44.084703], [-123.199525, 44.091949], [-123.194048, 44.091913], [-123.193234, 44.092017], [-123.193237, 44.095514], [-123.18821, 44.095479], [-123.188206, 44.091958], [-123.183014, 44.091821], [-123.170852, 44.091778], [-123.17062, 44.093101], [-123.169959, 44.094168], [-123.165363, 44.096017], [-123.161338, 44.091721], [-123.158301, 44.091712], [-123.157999, 44.090176], [-123.152271, 44.090182], [-123.15242, 44.090459], [-123.15197, 44.090457], [-123.15348, 44.093762], [-123.152269, 44.093723], [-123.152598, 44.095562], [-123.154453, 44.09562], [-123.155029, 44.096727], [-123.15297, 44.096727], [-123.152573, 44.097555], [-123.150132, 44.097657], [-123.150143, 44.096289], [-123.151858, 44.095123], [-123.150361, 44.093742], [-123.149465, 44.095224], [-123.149348, 44.092918], [-123.147605, 44.09246], [-123.147639, 44.090316], [-123.149926, 44.090203], [-123.149175, 44.088574], [-123.147352, 44.088468], [-123.147243, 44.090332], [-123.146758, 44.090339], [-123.146281, 44.090346], [-123.144111, 44.088056], [-123.138303, 44.088022], [-123.137881, 44.088016], [-123.137852, 44.086246], [-123.144019, 44.08627], [-123.143749, 44.08294], [-123.144286, 44.083704], [-123.146317, 44.083989], [-123.146483, 44.082362], [-123.14415, 44.082348], [-123.144135, 44.079934], [-123.140379, 44.079827], [-123.140004, 44.079827], [-123.140019, 44.078699], [-123.137913, 44.077843], [-123.139913, 44.07812], [-123.139901, 44.077423], [-123.14254, 44.079745], [-123.14413, 44.079826], [-123.144928, 44.079987], [-123.14731, 44.082087], [-123.148192, 44.083091], [-123.147653, 44.079905], [-123.143659, 44.0763], [-123.136417, 44.071553], [-123.136049, 44.069702], [-123.126841, 44.064038], [-123.118518, 44.063375], [-123.118899, 44.063846], [-123.119268, 44.064617], [-123.117321, 44.065003], [-123.11729, 44.064703], [-123.11551, 44.064709], [-123.11551, 44.064169], [-123.114647, 44.064714], [-123.115195, 44.064712], [-123.116276, 44.067015], [-123.117631, 44.066822], [-123.119033, 44.066843], [-123.11928, 44.066426], [-123.119181, 44.067347], [-123.119598, 44.067361], [-123.119362, 44.06799], [-123.117843, 44.067987], [-123.118532, 44.071498], [-123.120088, 44.071505], [-123.118876, 44.07238], [-123.119123, 44.074316], [-123.119698, 44.075806], [-123.116387, 44.075839], [-123.115881, 44.076904], [-123.120221, 44.076984], [-123.120739, 44.078231], [-123.117771, 44.077538], [-123.115831, 44.077996], [-123.11695, 44.080009], [-123.119382, 44.079987], [-123.117907, 44.081748], [-123.118906, 44.081766], [-123.118978, 44.082326], [-123.12279, 44.083112], [-123.122875, 44.083309], [-123.120453, 44.083329], [-123.120725, 44.086404], [-123.122721, 44.087112], [-123.120227, 44.087644], [-123.117389, 44.092016], [-123.118416, 44.093312], [-123.122023, 44.093316], [-123.122043, 44.092241], [-123.124005, 44.091526], [-123.1239, 44.092594], [-123.12453, 44.091529], [-123.126236, 44.09132], [-123.1261, 44.090996], [-123.127488, 44.092443], [-123.13628, 44.092467], [-123.137823, 44.093355], [-123.137837, 44.095599], [-123.137844, 44.097807], [-123.137383, 44.101424], [-123.135176, 44.101433], [-123.135195, 44.099829], [-123.136312, 44.099891], [-123.136295, 44.098034], [-123.133839, 44.09771], [-123.130599, 44.098483], [-123.130259, 44.099378], [-123.13376, 44.099368], [-123.133781, 44.102028], [-123.13055, 44.101583], [-123.130742, 44.102044], [-123.13242, 44.102039], [-123.13246, 44.103439], [-123.133129, 44.103442], [-123.132726, 44.104795], [-123.13193, 44.104802], [-123.131738, 44.104373], [-123.129548, 44.104367], [-123.129469, 44.103419], [-123.128232, 44.103428], [-123.124974, 44.101789], [-123.124068, 44.100733], [-123.122281, 44.100813], [-123.122241, 44.103417], [-123.123409, 44.103416], [-123.123381, 44.105243], [-123.127051, 44.105239], [-123.124864, 44.109333], [-123.12883, 44.110558], [-123.128856, 44.111616], [-123.126189, 44.111777], [-123.126239, 44.115353], [-123.125815, 44.115355], [-123.124694, 44.115364], [-123.124634, 44.113654], [-123.122371, 44.112794], [-123.122902, 44.111789], [-123.124894, 44.11178], [-123.124874, 44.110081], [-123.122143, 44.110601], [-123.121709, 44.103944], [-123.120794, 44.10342], [-123.119733, 44.103353], [-123.119744, 44.103003], [-123.11918, 44.102985], [-123.119756, 44.10268], [-123.11977, 44.102149], [-123.118525, 44.10236], [-123.118472, 44.101787], [-123.117494, 44.102019], [-123.117498, 44.103215], [-123.115222, 44.102151], [-123.114656, 44.101549], [-123.117891, 44.100848], [-123.117463, 44.099598], [-123.117465, 44.100099], [-123.116209, 44.100221], [-123.11623, 44.09779], [-123.114249, 44.09776], [-123.109836, 44.097501], [-123.107756, 44.095725], [-123.106722, 44.095185], [-123.106172, 44.095509], [-123.104283, 44.098023], [-123.100882, 44.095134], [-123.097653, 44.094671], [-123.095698, 44.096584], [-123.098269, 44.096566], [-123.098625, 44.09905], [-123.096384, 44.099121], [-123.094817, 44.099412], [-123.093844, 44.099284], [-123.093159, 44.098949], [-123.091413, 44.10072], [-123.091059, 44.101726], [-123.091035, 44.102731], [-123.094785, 44.103719], [-123.093947, 44.105355], [-123.094716, 44.105932], [-123.098097, 44.106168], [-123.097052, 44.107888], [-123.096419, 44.11059], [-123.080828, 44.110575], [-123.078575, 44.11059], [-123.078592, 44.107663], [-123.075394, 44.10766], [-123.075281, 44.102897], [-123.072899, 44.102882], [-123.071186, 44.100897], [-123.069699, 44.101011], [-123.067765, 44.100197], [-123.067758, 44.099], [-123.067743, 44.096795], [-123.067306, 44.09638], [-123.064562, 44.098879], [-123.058962, 44.098962], [-123.05662, 44.100191], [-123.056831, 44.098857], [-123.054207, 44.098911], [-123.051511, 44.094724], [-123.049617, 44.091887], [-123.046313, 44.089063], [-123.04669, 44.085748], [-123.04688, 44.0841], [-123.048616, 44.069581], [-123.049349, 44.063741], [-123.049529, 44.062349], [-123.050197, 44.055748], [-123.050171, 44.04455], [-123.050156, 44.043906], [-123.04992, 44.041888], [-123.048789, 44.039529], [-123.046976, 44.037022], [-123.046046, 44.036313], [-123.042051, 44.034906], [-123.038596, 44.034754], [-123.03875, 44.03312], [-123.037578, 44.032429], [-123.033603, 44.032369], [-123.033589, 44.034085], [-123.0307, 44.031695], [-123.032186, 44.030857], [-123.035827, 44.030863], [-123.035838, 44.030188], [-123.04028, 44.027613], [-123.040218, 44.025189], [-123.040216, 44.023857], [-123.041638, 44.023086], [-123.043077, 44.022725], [-123.04533, 44.02221], [-123.049648, 44.023024], [-123.051678, 44.022196], [-123.052274, 44.01881], [-123.055606, 44.022129], [-123.057252, 44.022743], [-123.057157, 44.02524], [-123.054618, 44.025279], [-123.05469, 44.027572], [-123.055863, 44.028224], [-123.056059, 44.030732], [-123.054657, 44.030602], [-123.054729, 44.032976], [-123.056013, 44.032649], [-123.058407, 44.03188], [-123.058335, 44.027153], [-123.059388, 44.025918], [-123.060047, 44.023337], [-123.059941, 44.022549], [-123.057314, 44.021785], [-123.05726, 44.020292], [-123.063292, 44.016159], [-123.064227, 44.016146], [-123.064069, 44.014394], [-123.062508, 44.01522], [-123.059371, 44.012674], [-123.059656, 44.011257], [-123.059275, 44.005882], [-123.059108, 44.002332], [-123.061158, 44.002204], [-123.064412, 43.995883], [-123.065633, 43.995833], [-123.065129, 43.994765], [-123.064989, 43.99439], [-123.066618, 43.994366], [-123.066635, 43.993078], [-123.067628, 43.993082], [-123.067694, 43.991027], [-123.06774, 43.989528], [-123.065266, 43.989043], [-123.064961, 43.988136], [-123.075874, 43.9884], [-123.079832, 43.987479], [-123.08163, 43.988227], [-123.082373, 43.987836], [-123.084468, 43.99125], [-123.087302, 43.991943], [-123.088393, 43.991318], [-123.08823, 43.98961], [-123.096601, 43.989626], [-123.097903, 43.991933], [-123.097759, 43.995011], [-123.09338, 43.994903], [-123.09307, 43.998219], [-123.097498, 43.998182], [-123.098978, 43.997451], [-123.099582, 43.996913], [-123.101157, 43.99704], [-123.107732, 43.996928], [-123.107754, 43.999902], [-123.105402, 43.999901], [-123.105431, 44.002834], [-123.107743, 44.002764], [-123.10775, 44.008343], [-123.110711, 44.00834], [-123.110697, 44.011985], [-123.108046, 44.013503], [-123.107798, 44.01516], [-123.107786, 44.015922], [-123.112665, 44.015272], [-123.112703, 44.016927], [-123.115786, 44.01694], [-123.117836, 44.017893], [-123.120734, 44.01799], [-123.120727, 44.019229], [-123.124538, 44.019241], [-123.124537, 44.020527], [-123.127884, 44.021491], [-123.131674, 44.021493], [-123.134734, 44.01863], [-123.137289, 44.018642], [-123.137959, 44.019789], [-123.140397, 44.019988], [-123.141825, 44.019229], [-123.142956, 44.017934], [-123.149151, 44.016935], [-123.151742, 44.017399], [-123.154393, 44.019647], [-123.15924, 44.024989], [-123.161545, 44.026252], [-123.16271, 44.026541], [-123.164839, 44.027061], [-123.1642, 44.028176], [-123.165737, 44.028647], [-123.166708, 44.027534], [-123.167338, 44.02591], [-123.168684, 44.025901], [-123.16968, 44.023843], [-123.171191, 44.023957], [-123.172102, 44.024036], [-123.172067, 44.032259], [-123.176701, 44.032274], [-123.176781, 44.033769], [-123.177782, 44.033299], [-123.181472, 44.033307], [-123.181491, 44.03063], [-123.185095, 44.030665], [-123.186146, 44.029031], [-123.185072, 44.033127], [-123.19086, 44.033306], [-123.190841, 44.048359], [-123.193518, 44.048383], [-123.193272, 44.04112], [-123.198378, 44.041178], [-123.198382, 44.048437], [-123.195506, 44.048483], [-123.196499, 44.048622], [-123.208513, 44.051763], [-123.208463, 44.056531]], [[-123.200928, 44.070107], [-123.200774, 44.069324], [-123.198333, 44.069308], [-123.198335, 44.070181], [-123.20101, 44.070204], [-123.200928, 44.070107]], [[-123.198196, 44.07018], [-123.197568, 44.070174], [-123.197535, 44.066523], [-123.19616, 44.064537], [-123.193679, 44.063851], [-123.193277, 44.066497], [-123.190909, 44.066459], [-123.190678, 44.069175], [-123.192679, 44.069195], [-123.192706, 44.070134], [-123.191963, 44.070129], [-123.191953, 44.073778], [-123.19326, 44.073817], [-123.193262, 44.071064], [-123.194046, 44.071506], [-123.194386, 44.070148], [-123.193599, 44.070141], [-123.195832, 44.069202], [-123.195807, 44.070159], [-123.196087, 44.070162], [-123.196047, 44.073082], [-123.19738, 44.073091], [-123.198197, 44.074687], [-123.198196, 44.07018]], [[-123.188851, 44.070104], [-123.188235, 44.070099], [-123.188209, 44.073727], [-123.188869, 44.07373], [-123.188851, 44.070104]], [[-123.167918, 44.028903], [-123.165517, 44.028886], [-123.16501, 44.02947], [-123.164738, 44.029855], [-123.164582, 44.030135], [-123.166609, 44.030933], [-123.167741, 44.030975], [-123.167882, 44.031912], [-123.167918, 44.028903]], [[-123.167261, 44.034029], [-123.16556, 44.033974], [-123.165627, 44.031599], [-123.165068, 44.030992], [-123.164258, 44.031002], [-123.163288, 44.034778], [-123.167215, 44.034807], [-123.167261, 44.034029]], [[-123.161997, 44.029037], [-123.158807, 44.029206], [-123.159008, 44.031922], [-123.160451, 44.033038], [-123.160772, 44.031454], [-123.162863, 44.03116], [-123.161997, 44.029037]], [[-123.15558, 44.03288], [-123.155561, 44.031077], [-123.154643, 44.031134], [-123.154644, 44.034126], [-123.15393, 44.03402], [-123.153609, 44.035067], [-123.15376, 44.035013], [-123.153825, 44.034993], [-123.159011, 44.033465], [-123.15558, 44.03288]], [[-123.157572, 44.026959], [-123.1578, 44.02585], [-123.156876, 44.025716], [-123.156259, 44.029075], [-123.156635, 44.027538], [-123.158712, 44.027909], [-123.157572, 44.026959]], [[-123.126313, 44.091509], [-123.12554, 44.091515], [-123.125536, 44.092143], [-123.124696, 44.092139], [-123.1247, 44.093224], [-123.125021, 44.093238], [-123.125032, 44.092812], [-123.126855, 44.092818], [-123.126313, 44.091509]], [[-123.082058, 44.103609], [-123.080906, 44.103599], [-123.080901, 44.105758], [-123.080054, 44.10576], [-123.080006, 44.105339], [-123.078618, 44.10544], [-123.078605, 44.10664], [-123.080899, 44.106607], [-123.080883, 44.107825], [-123.082236, 44.107819], [-123.082058, 44.103609]], [[-123.069442, 44.096343], [-123.06775, 44.096342], [-123.067745, 44.096484], [-123.067744, 44.096565], [-123.067744, 44.096677], [-123.068026, 44.096698], [-123.069441, 44.096618], [-123.069442, 44.096343]], [[-123.067724, 43.995526], [-123.067227, 43.995549], [-123.067092, 43.995753], [-123.067236, 43.996347], [-123.067138, 43.996623], [-123.066658, 43.997048], [-123.066554, 43.997379], [-123.066456, 43.998247], [-123.066342, 43.998548], [-123.066505, 43.998762], [-123.067172, 43.998969], [-123.067918, 43.995957], [-123.067724, 43.995526]], [[-123.06762, 44.095573], [-123.067265, 44.09371], [-123.061949, 44.093673], [-123.06195, 44.095884], [-123.067483, 44.095883], [-123.06762, 44.095573]], [[-123.066814, 44.011614], [-123.064325, 44.011224], [-123.064324, 44.011587], [-123.065472, 44.011806], [-123.066834, 44.01208], [-123.066814, 44.011614]], [[-123.06496, 44.007], [-123.064647, 44.006976], [-123.064275, 44.007059], [-123.064547, 44.00868], [-123.065108, 44.008722], [-123.06496, 44.007]], [[-123.060501, 44.025333], [-123.06007, 44.025446], [-123.060049, 44.025842], [-123.060485, 44.025833], [-123.060501, 44.025333]], [[-123.060125, 44.028952], [-123.059857, 44.028955], [-123.059565, 44.028942], [-123.059555, 44.029245], [-123.060123, 44.029228], [-123.060125, 44.028952]], [[-123.05689, 44.059005], [-123.056889, 44.058703], [-123.056348, 44.058705], [-123.056341, 44.05934], [-123.056891, 44.059345], [-123.05689, 44.059005]], [[-123.05316, 44.057759], [-123.052823, 44.057759], [-123.052818, 44.057463], [-123.05252, 44.057304], [-123.051987, 44.057304], [-123.051971, 44.057392], [-123.05196, 44.058482], [-123.052604, 44.058453], [-123.05316, 44.058456], [-123.05316, 44.057759]], [[-123.052747, 44.052723], [-123.052489, 44.052727], [-123.051903, 44.052737], [-123.051906, 44.05399], [-123.052741, 44.053973], [-123.052747, 44.052723]], [[-123.10775, 44.008343], [-123.106162, 44.008358], [-123.105961, 44.010697], [-123.106177, 44.011244], [-123.10763, 44.011259], [-123.107752, 44.009135], [-123.10775, 44.008343]]]]}}, {"type": "Feature", "properties": {"city_slug": "springfield", "GEOID": "4169600", "NAMELSAD": "Springfield city", "STUSPS": "OR", "ALAND": 41259416, "AWATER": 0}, "geometry": {"type": "MultiPolygon", "coordinates": [[[[-122.962001, 44.034773], [-122.959501, 44.034746], [-122.959762, 44.034204], [-122.960074, 44.034221], [-122.960293, 44.033621], [-122.961512, 44.03386], [-122.962039, 44.033987], [-122.962001, 44.034773]]], [[[-122.968766, 44.034807], [-122.965021, 44.034789], [-122.964287, 44.034017], [-122.9645, 44.032163], [-122.964859, 44.031317], [-122.966604, 44.030769], [-122.967765, 44.030906], [-122.967793, 44.032971], [-122.968759, 44.033008], [-122.968766, 44.034807]]], [[[-123.000963, 44.075533], [-122.997955, 44.076045], [-122.996492, 44.076552], [-122.996476, 44.073496], [-122.998028, 44.07347], [-122.99866, 44.072819], [-122.999437, 44.072879], [-122.999442, 44.074014], [-123.000984, 44.07408], [-123.000963, 44.075533]]], [[[-123.028335, 44.025093], [-123.027073, 44.025114], [-123.026808, 44.024058], [-123.026766, 44.023652], [-123.026943, 44.023658], [-123.027695, 44.023684], [-123.028335, 44.025093]]], [[[-123.030469, 44.041057], [-123.027543, 44.041818], [-123.026234, 44.041575], [-123.025095, 44.039287], [-123.026878, 44.03932], [-123.027588, 44.040586], [-123.030185, 44.039662], [-123.030469, 44.041057]]], [[[-123.034883, 44.0398], [-123.031371, 44.040646], [-123.031263, 44.037516], [-123.027115, 44.036434], [-123.023527, 44.036374], [-123.026033, 44.029056], [-123.029426, 44.034278], [-123.034864, 44.037563], [-123.034883, 44.0398]]], [[[-123.038478, 44.043507], [-123.03608, 44.043435], [-123.036115, 44.041363], [-123.036114, 44.040872], [-123.037993, 44.040891], [-123.038478, 44.043507]]], [[[-123.050197, 44.055748], [-123.049529, 44.062349], [-123.049349, 44.063741], [-123.048616, 44.069581], [-123.04688, 44.0841], [-123.04669, 44.085748], [-123.046313, 44.089063], [-123.045615, 44.094934], [-123.045191, 44.094933], [-123.041095, 44.09492], [-123.040494, 44.093566], [-123.04059, 44.090874], [-123.038989, 44.090874], [-123.038933, 44.088834], [-123.037578, 44.088752], [-123.037575, 44.091747], [-123.035201, 44.090928], [-123.026931, 44.09067], [-123.026951, 44.088744], [-123.024692, 44.087817], [-123.026988, 44.086677], [-123.025861, 44.085717], [-123.024468, 44.087033], [-123.021855, 44.086315], [-123.018788, 44.08316], [-123.024913, 44.079687], [-123.02661, 44.077158], [-123.031152, 44.077014], [-123.031246, 44.077013], [-123.032328, 44.078006], [-123.032621, 44.081535], [-123.037747, 44.081474], [-123.038647, 44.081565], [-123.038679, 44.077699], [-123.038047, 44.077647], [-123.038015, 44.076919], [-123.036079, 44.07688], [-123.035861, 44.074182], [-123.033479, 44.074039], [-123.032316, 44.073783], [-123.03167, 44.070891], [-123.028957, 44.070667], [-123.028879, 44.070095], [-123.028176, 44.068006], [-123.029989, 44.068022], [-123.029804, 44.067085], [-123.027785, 44.06685], [-123.028494, 44.069719], [-123.022454, 44.069602], [-123.022454, 44.068796], [-123.019305, 44.068796], [-123.019301, 44.069885], [-123.017051, 44.069889], [-123.018437, 44.070842], [-123.01719, 44.073844], [-123.017007, 44.074369], [-123.014751, 44.074492], [-123.010716, 44.072586], [-123.007024, 44.073277], [-123.00697, 44.072105], [-123.010157, 44.07212], [-123.010153, 44.069826], [-123.009974, 44.069824], [-123.00969, 44.068492], [-122.999948, 44.068721], [-123.002232, 44.06805], [-123.002465, 44.066628], [-122.996605, 44.066569], [-122.996608, 44.066754], [-122.991675, 44.066654], [-122.991379, 44.07415], [-122.988921, 44.074159], [-122.988971, 44.072392], [-122.986921, 44.072369], [-122.987088, 44.070503], [-122.981625, 44.070938], [-122.979112, 44.071205], [-122.979232, 44.071702], [-122.97479, 44.072802], [-122.973814, 44.073303], [-122.973685, 44.074141], [-122.970096, 44.074348], [-122.966952, 44.073449], [-122.966338, 44.072442], [-122.965115, 44.072516], [-122.964453, 44.071525], [-122.964879, 44.069732], [-122.968218, 44.069262], [-122.971001, 44.066935], [-122.971543, 44.066576], [-122.970824, 44.061552], [-122.969536, 44.05968], [-122.961305, 44.058394], [-122.95481, 44.059908], [-122.952759, 44.059846], [-122.947415, 44.060035], [-122.940268, 44.058665], [-122.940221, 44.066269], [-122.934813, 44.066273], [-122.934802, 44.062666], [-122.939374, 44.06266], [-122.939957, 44.059582], [-122.936731, 44.059575], [-122.936733, 44.057897], [-122.925493, 44.056273], [-122.925479, 44.055477], [-122.922741, 44.055472], [-122.920985, 44.053875], [-122.921198, 44.05751], [-122.916907, 44.057513], [-122.916917, 44.059355], [-122.914674, 44.059462], [-122.91458, 44.055023], [-122.910716, 44.055459], [-122.91072, 44.054484], [-122.909364, 44.054484], [-122.909305, 44.05709], [-122.907013, 44.057086], [-122.905531, 44.055567], [-122.904171, 44.055463], [-122.904038, 44.053654], [-122.901477, 44.053645], [-122.896597, 44.051778], [-122.893624, 44.052108], [-122.894278, 44.048496], [-122.889366, 44.048992], [-122.887922, 44.048631], [-122.887909, 44.049835], [-122.889301, 44.049858], [-122.889352, 44.052235], [-122.887232, 44.053063], [-122.883721, 44.052994], [-122.883436, 44.05017], [-122.879097, 44.050168], [-122.879051, 44.048498], [-122.879046, 44.048223], [-122.884495, 44.047217], [-122.884653, 44.04765], [-122.892193, 44.046524], [-122.892206, 44.040338], [-122.893946, 44.038519], [-122.897408, 44.03748], [-122.897336, 44.034298], [-122.909085, 44.034274], [-122.909066, 44.032886], [-122.912706, 44.032883], [-122.911428, 44.036787], [-122.912898, 44.038059], [-122.911574, 44.039894], [-122.914841, 44.041493], [-122.917177, 44.041113], [-122.919908, 44.038099], [-122.919567, 44.036018], [-122.921851, 44.035597], [-122.921626, 44.034065], [-122.916113, 44.034081], [-122.916089, 44.032907], [-122.920117, 44.030615], [-122.919485, 44.029948], [-122.917251, 44.025775], [-122.922072, 44.025952], [-122.92411, 44.034057], [-122.923295, 44.027293], [-122.930266, 44.027293], [-122.930367, 44.031132], [-122.929485, 44.033999], [-122.929057, 44.035473], [-122.930866, 44.035448], [-122.930877, 44.034006], [-122.933084, 44.03401], [-122.934319, 44.03395], [-122.934304, 44.03467], [-122.934695, 44.034932], [-122.934724, 44.038042], [-122.936134, 44.037021], [-122.944492, 44.036869], [-122.9472, 44.037681], [-122.949187, 44.038884], [-122.94921, 44.037466], [-122.952493, 44.037463], [-122.952141, 44.034655], [-122.959501, 44.034746], [-122.958686, 44.03688], [-122.960972, 44.03667], [-122.962019, 44.035556], [-122.962001, 44.034773], [-122.964137, 44.034784], [-122.966674, 44.036888], [-122.967498, 44.036211], [-122.968733, 44.037628], [-122.969313, 44.03481], [-122.97103, 44.034978], [-122.97106, 44.033757], [-122.971785, 44.033799], [-122.9718, 44.033204], [-122.972545, 44.033232], [-122.972579, 44.033565], [-122.974009, 44.033748], [-122.974012, 44.034077], [-122.97317, 44.034106], [-122.97294, 44.034528], [-122.973691, 44.034658], [-122.973667, 44.035286], [-122.974162, 44.035357], [-122.979103, 44.035935], [-122.979029, 44.033121], [-122.980795, 44.033335], [-122.980886, 44.035125], [-122.985305, 44.037395], [-122.987196, 44.036115], [-122.989562, 44.037827], [-122.991404, 44.038359], [-122.994091, 44.040029], [-122.998159, 44.039701], [-123.003202, 44.040735], [-123.016324, 44.040652], [-123.016308, 44.039663], [-123.019769, 44.039675], [-123.020082, 44.038491], [-123.021979, 44.039291], [-123.021966, 44.040588], [-123.025123, 44.040592], [-123.025262, 44.041019], [-123.025862, 44.041991], [-123.026262, 44.042963], [-123.026312, 44.043323], [-123.027061, 44.044439], [-123.027264, 44.044947], [-123.030185, 44.043629], [-123.031937, 44.044272], [-123.027679, 44.04539], [-123.02872, 44.047143], [-123.029823, 44.048002], [-123.031434, 44.048912], [-123.033347, 44.048878], [-123.040703, 44.048121], [-123.042774, 44.047012], [-123.043839, 44.046667], [-123.044462, 44.046312], [-123.046618, 44.045685], [-123.049455, 44.045337], [-123.049424, 44.044432], [-123.049412, 44.044055], [-123.044383, 44.04488], [-123.044377, 44.043367], [-123.042347, 44.043629], [-123.042386, 44.045288], [-123.040366, 44.045497], [-123.040332, 44.044395], [-123.038825, 44.044365], [-123.038733, 44.041933], [-123.041181, 44.041909], [-123.03952, 44.039878], [-123.035225, 44.039801], [-123.038614, 44.038691], [-123.036391, 44.038304], [-123.033596, 44.036719], [-123.033694, 44.035084], [-123.038593, 44.034897], [-123.038596, 44.034754], [-123.042051, 44.034906], [-123.046046, 44.036313], [-123.046976, 44.037022], [-123.048789, 44.039529], [-123.04992, 44.041888], [-123.050156, 44.043906], [-123.050171, 44.04455], [-123.050197, 44.055748]], [[-123.049455, 44.050806], [-123.047579, 44.050262], [-123.045515, 44.050214], [-123.045424, 44.051414], [-123.045374, 44.053354], [-123.049468, 44.05372], [-123.049455, 44.050806]], [[-123.04622, 44.040768], [-123.046941, 44.03734], [-123.045448, 44.03663], [-123.04382, 44.036908], [-123.043806, 44.039539], [-123.049371, 44.042477], [-123.04622, 44.040768]], [[-123.049075, 44.056116], [-123.047894, 44.055838], [-123.043166, 44.055745], [-123.042425, 44.061272], [-123.042753, 44.062242], [-123.04681, 44.061621], [-123.049082, 44.059573], [-123.049075, 44.056116]], [[-123.044068, 44.049908], [-123.039725, 44.04995], [-123.040712, 44.051271], [-123.039826, 44.05164], [-123.042571, 44.051679], [-123.042561, 44.050761], [-123.041145, 44.050484], [-123.044068, 44.049908]], [[-123.043503, 44.053154], [-123.042079, 44.053022], [-123.041619, 44.053479], [-123.040944, 44.052908], [-123.041063, 44.055709], [-123.042664, 44.055737], [-123.042586, 44.053859], [-123.043486, 44.053868], [-123.043503, 44.053154]], [[-123.042739, 44.089635], [-123.041418, 44.08965], [-123.041434, 44.088806], [-123.040323, 44.088623], [-123.040324, 44.090686], [-123.042729, 44.090763], [-123.042739, 44.089635]], [[-123.035867, 44.082734], [-123.033486, 44.082704], [-123.032841, 44.08403], [-123.03306, 44.084043], [-123.037251, 44.084054], [-123.035867, 44.082734]], [[-123.025119, 44.083018], [-123.023676, 44.083521], [-123.023345, 44.084583], [-123.023597, 44.084939], [-123.025903, 44.084166], [-123.025119, 44.083018]], [[-122.966521, 44.038073], [-122.966193, 44.037981], [-122.964158, 44.037961], [-122.962887, 44.037601], [-122.962898, 44.038276], [-122.963932, 44.038287], [-122.964141, 44.038019], [-122.964188, 44.039274], [-122.966503, 44.039445], [-122.966521, 44.038073]], [[-122.925456, 44.039511], [-122.923141, 44.036813], [-122.920536, 44.036191], [-122.924738, 44.039477], [-122.924339, 44.041454], [-122.920618, 44.043742], [-122.924978, 44.043741], [-122.924973, 44.041223], [-122.925456, 44.039511]], [[-122.918446, 44.053845], [-122.917446, 44.053738], [-122.916992, 44.05369], [-122.916904, 44.056619], [-122.918472, 44.056627], [-122.918446, 44.053845]]]]}}, {"type": "Feature", "properties": {"city_slug": "sandiego", "GEOID": "0666000", "NAMELSAD": "San Diego city", "STUSPS": "CA", "ALAND": 844568357, "AWATER": 120003584}, "geometry": {"type": "MultiPolygon", "coordinates": [[[[-116.931919, 32.649612], [-116.931437, 32.649937], [-116.93104, 32.649472], [-116.931492, 32.649178], [-116.932566, 32.649181], [-116.931919, 32.649612]]], [[[-116.933724, 32.606315], [-116.932419, 32.606649], [-116.932392, 32.606987], [-116.93292, 32.608188], [-116.932167, 32.608851], [-116.932117, 32.610097], [-116.929146, 32.610087], [-116.929157, 32.611089], [-116.927781, 32.611383], [-116.926854, 32.611964], [-116.92572, 32.610719], [-116.925664, 32.610106], [-116.92568, 32.608216], [-116.928315, 32.608232], [-116.930041, 32.608205], [-116.930836, 32.608148], [-116.930818, 32.604805], [-116.931435, 32.604758], [-116.931635, 32.605158], [-116.933204, 32.604718], [-116.933724, 32.606315]]], [[[-117.28217, 32.839547], [-117.28117, 32.843047], [-117.27909, 32.844399], [-117.278752218969, 32.8451486101563], [-117.278091, 32.846616], [-117.27494, 32.850215], [-117.272864, 32.850555], [-117.267381, 32.848575], [-117.266300783797, 32.8486313428831], [-117.264486, 32.848726], [-117.26067, 32.852647], [-117.25617, 32.859447], [-117.254910340282, 32.8636175933646], [-117.25167, 32.874346], [-117.251314, 32.87857], [-117.252762, 32.884412], [-117.253679, 32.903835], [-117.25865, 32.916031], [-117.259390881303, 32.9215932438499], [-117.260276503141, 32.9282421424025], [-117.26115389779, 32.9348292744708], [-117.261713898943, 32.9390335416838], [-117.261748606121, 32.9392941094509], [-117.261181, 32.938828], [-117.259447, 32.937407], [-117.258127, 32.939019], [-117.258147, 32.94201], [-117.255981, 32.942017], [-117.255918, 32.945644], [-117.256562, 32.945643], [-117.260134, 32.945611], [-117.260893, 32.947935], [-117.260955, 32.948098], [-117.259719, 32.948459], [-117.260684, 32.950988], [-117.260169, 32.951121], [-117.260182, 32.952854], [-117.255902, 32.952978], [-117.255895, 32.955111], [-117.255489, 32.957968], [-117.255974, 32.963592], [-117.256178, 32.978449], [-117.256149, 32.979417], [-117.255981, 32.98211], [-117.254058, 32.982105], [-117.249526, 32.982049], [-117.249574, 32.985521], [-117.242572, 32.985708], [-117.238693, 32.98574], [-117.238754, 32.981972], [-117.233352, 32.981845], [-117.233097, 32.981869], [-117.232156, 32.982381], [-117.230514, 32.982696], [-117.226752, 32.983185], [-117.226499, 32.984863], [-117.226021, 32.984176], [-117.223957, 32.983486], [-117.22274, 32.982881], [-117.222505, 32.982718], [-117.221494, 32.982417], [-117.221512, 32.983759], [-117.217917, 32.984391], [-117.217129, 32.985525], [-117.211475, 32.98534], [-117.198903, 32.984945], [-117.196881, 32.984958], [-117.202852, 32.980092], [-117.20448, 32.97881], [-117.203214, 32.977579], [-117.200256, 32.977596], [-117.20016, 32.973989], [-117.178515, 32.973925], [-117.178513, 32.970899], [-117.17851, 32.970295], [-117.174955, 32.970286], [-117.174374, 32.969974], [-117.172953, 32.970212], [-117.169866, 32.970231], [-117.169806, 32.986635], [-117.169817, 32.989843], [-117.169872, 33.00444], [-117.169862, 33.007228], [-117.167453, 33.007247], [-117.160856, 33.007299], [-117.152454, 33.007366], [-117.152419, 33.021512], [-117.152066, 33.021738], [-117.122802, 33.022085], [-117.119344, 33.022078], [-117.119714, 33.020153], [-117.120026, 33.019157], [-117.120134, 33.01872], [-117.120276, 33.018478], [-117.120475, 33.017975], [-117.120712, 33.016703], [-117.121519, 33.013085], [-117.121825, 33.012316], [-117.121731, 33.011868], [-117.121922, 33.011057], [-117.122118, 33.010396], [-117.122242, 33.00982], [-117.123279, 33.006598], [-117.123329, 33.005797], [-117.124153, 33.002429], [-117.124727, 33.000047], [-117.118294, 32.99952], [-117.109337, 32.998793], [-117.099623, 32.99799], [-117.099523, 32.998319], [-117.096491, 33.009689], [-117.095857, 33.012129], [-117.099001, 33.012349], [-117.09658, 33.022048], [-117.089896, 33.049255], [-117.09477, 33.054995], [-117.101797, 33.059118], [-117.110272, 33.059202], [-117.109798, 33.061203], [-117.111886, 33.061964], [-117.11277, 33.063287], [-117.111793, 33.06675], [-117.11382, 33.068042], [-117.115169, 33.066305], [-117.114579, 33.063313], [-117.113546, 33.060806], [-117.113292, 33.058468], [-117.114011, 33.05446], [-117.115085, 33.051729], [-117.117201, 33.050218], [-117.118023, 33.048755], [-117.117212, 33.046704], [-117.1183, 33.047148], [-117.118419, 33.043824], [-117.130196, 33.043824], [-117.13078, 33.043823], [-117.132853, 33.04382], [-117.12897, 33.046994], [-117.125215, 33.049089], [-117.123652, 33.049546], [-117.122497, 33.050895], [-117.122122, 33.054815], [-117.11829, 33.055229], [-117.117674, 33.056087], [-117.118468, 33.057532], [-117.118183, 33.06052], [-117.118819, 33.062083], [-117.120114, 33.062528], [-117.120184, 33.062786], [-117.119309, 33.064298], [-117.120204, 33.065863], [-117.118134, 33.070796], [-117.118011, 33.07713], [-117.115444, 33.079057], [-117.114145, 33.079891], [-117.106848, 33.073212], [-117.105891, 33.073875], [-117.105683, 33.072271], [-117.103769, 33.070109], [-117.100499, 33.068073], [-117.098777, 33.067564], [-117.098486, 33.064531], [-117.096614, 33.063311], [-117.095158, 33.063241], [-117.095782, 33.061393], [-117.091621, 33.059754], [-117.090552, 33.057993], [-117.087907, 33.057654], [-117.08372, 33.060713], [-117.083355, 33.061728], [-117.081379, 33.063436], [-117.082248, 33.064703], [-117.079806, 33.064078], [-117.077559, 33.060591], [-117.074368, 33.060733], [-117.069854, 33.062811], [-117.070154, 33.065333], [-117.069031, 33.065418], [-117.067075, 33.067518], [-117.061916, 33.067982], [-117.061126, 33.068261], [-117.057507, 33.065542], [-117.058131, 33.062613], [-117.056626, 33.061954], [-117.05343, 33.061567], [-117.05447, 33.060208], [-117.049727, 33.058991], [-117.046688, 33.059595], [-117.044549, 33.05949], [-117.042626, 33.061277], [-117.040127, 33.061662], [-117.038846, 33.062881], [-117.038091, 33.064735], [-117.039298, 33.066315], [-117.041503, 33.067497], [-117.047168, 33.067921], [-117.046051, 33.071508], [-117.042905, 33.071987], [-117.037816, 33.074218], [-117.035074, 33.078133], [-117.036056, 33.080008], [-117.035376, 33.08321], [-117.033163, 33.083024], [-117.031259, 33.085145], [-117.030235, 33.087662], [-117.028238, 33.085633], [-117.026375, 33.085406], [-117.026173, 33.083845], [-117.025488, 33.084484], [-117.025743, 33.082973], [-117.02156, 33.087437], [-117.022794, 33.087422], [-117.02322, 33.087416], [-117.021717, 33.089017], [-117.021976, 33.089355], [-117.020775, 33.090041], [-117.02101, 33.090681], [-117.023906, 33.090624], [-117.023935, 33.092429], [-117.020592, 33.09237], [-117.02103, 33.097521], [-117.022148, 33.096981], [-117.024681, 33.097313], [-117.026485, 33.098152], [-117.024355, 33.09823], [-117.024838, 33.105234], [-117.021371, 33.105372], [-117.020195, 33.106626], [-117.020278, 33.10923], [-117.018691, 33.110151], [-117.012742, 33.113569], [-117.01265, 33.114161], [-117.009394, 33.114185], [-117.009367, 33.112278], [-117.010776, 33.112217], [-117.010807, 33.111401], [-117.008908, 33.111417], [-117.008923, 33.108995], [-117.007149, 33.109032], [-117.007224, 33.101736], [-117.002749, 33.101774], [-117.002749, 33.105497], [-116.998305, 33.105554], [-116.998282, 33.109145], [-116.993865, 33.109134], [-116.992109, 33.108976], [-116.980974, 33.108977], [-116.980952, 33.105404], [-116.963358, 33.105681], [-116.96386, 33.095004], [-116.963799, 33.0933], [-116.963712, 33.091286], [-116.959538, 33.091392], [-116.959342, 33.092924], [-116.957023, 33.093614], [-116.955953, 33.093704], [-116.954944, 33.098695], [-116.941506, 33.098723], [-116.941688, 33.095092], [-116.932291, 33.095046], [-116.932273, 33.091202], [-116.918792, 33.091329], [-116.90576, 33.091399], [-116.905753, 33.089939], [-116.905736, 33.08654], [-116.905723, 33.083649], [-116.914354, 33.083527], [-116.914318, 33.079864], [-116.918401, 33.079914], [-116.928179, 33.080036], [-116.94578, 33.08014], [-116.946328, 33.08371], [-116.945308, 33.087371], [-116.946689, 33.087781], [-116.946309, 33.089467], [-116.946436, 33.095091], [-116.950806, 33.095183], [-116.950681, 33.090579], [-116.950636, 33.087754], [-116.954931, 33.087625], [-116.954895, 33.086097], [-116.954049, 33.083984], [-116.954777, 33.082642], [-116.957726, 33.082489], [-116.957653, 33.08014], [-116.971566, 33.080109], [-116.971445, 33.075218], [-116.974294, 33.075882], [-116.97473, 33.075156], [-116.977721, 33.073694], [-116.98016, 33.074649], [-116.980012, 33.069586], [-116.988386, 33.069542], [-116.988543, 33.073073], [-117.014763, 33.073292], [-117.018713, 33.073183], [-117.018834, 33.066758], [-117.023102, 33.066191], [-117.029426, 33.06604], [-117.029907, 33.064404], [-117.027461, 33.06241], [-117.025073, 33.062415], [-117.023135, 33.061626], [-117.023156, 33.060592], [-117.023151, 33.060078], [-117.023153, 33.059845], [-117.024444, 33.059893], [-117.024183, 33.05873], [-117.026616, 33.057174], [-117.028422, 33.056648], [-117.030123, 33.054784], [-117.029678, 33.052788], [-117.031196, 33.051867], [-117.031876, 33.053161], [-117.034126, 33.053972], [-117.035356, 33.05338], [-117.035276, 33.051692], [-117.036847, 33.050091], [-117.03826, 33.04963], [-117.037578, 33.046999], [-117.038419, 33.045003], [-117.041326, 33.043467], [-117.046229, 33.034678], [-117.047755, 33.032287], [-117.052363, 33.023864], [-117.05377, 33.018734], [-117.053711, 33.018746], [-117.055615, 33.011367], [-117.056674, 33.007432], [-117.057607, 33.004101], [-117.058212, 33.001884], [-117.058317, 33.001499], [-117.060101, 32.994709], [-117.062066, 32.99489], [-117.062094, 32.993199], [-117.066341, 32.993252], [-117.066422, 32.987276], [-117.066704, 32.97529], [-117.066812, 32.971235], [-117.066876, 32.96436], [-117.084295, 32.964573], [-117.08389, 32.949628], [-117.075399, 32.949576], [-117.075398, 32.948529], [-117.075398, 32.945979], [-117.07107, 32.945941], [-117.070805, 32.942324], [-117.066764, 32.94231], [-117.066697, 32.936496], [-117.067325, 32.935083], [-117.06674, 32.934435], [-117.066655, 32.928557], [-117.066639, 32.927717], [-117.066176, 32.927717], [-117.065487, 32.927777], [-117.065441, 32.927723], [-117.058213, 32.927813], [-117.058222, 32.930653], [-117.058149, 32.930979], [-117.055541, 32.929001], [-117.050184, 32.927593], [-117.048208, 32.927801], [-117.046507, 32.927158], [-117.044165, 32.927654], [-117.037457, 32.927253], [-117.036521, 32.92792], [-117.033954, 32.928021], [-117.033041, 32.929098], [-117.029852, 32.930448], [-117.027903, 32.930803], [-117.026128, 32.931928], [-117.023855, 32.932547], [-117.017687, 32.934525], [-117.014952, 32.937133], [-117.012979, 32.937319], [-117.012532, 32.938822], [-117.010529, 32.940451], [-117.010478, 32.941355], [-117.001152, 32.944381], [-116.999278, 32.944197], [-116.997806, 32.943083], [-116.995924, 32.942311], [-116.9903, 32.942376], [-116.987072, 32.942832], [-116.981981, 32.942626], [-116.980807, 32.942085], [-116.980382, 32.939906], [-116.981734, 32.940062], [-116.98452, 32.937919], [-116.984543, 32.936093], [-116.983729, 32.933978], [-116.989546, 32.933901], [-116.989339, 32.919571], [-116.989277, 32.905005], [-116.984293, 32.904901], [-116.984325, 32.903017], [-116.984292, 32.899271], [-116.987744, 32.898692], [-116.993058, 32.894852], [-116.993347, 32.892625], [-116.996838, 32.885659], [-116.99979, 32.881233], [-117.003194, 32.877255], [-117.009339, 32.866442], [-117.010752, 32.86701], [-117.011728, 32.864978], [-117.013199, 32.86473], [-117.011706, 32.863448], [-117.015222, 32.862884], [-117.014227, 32.861341], [-117.012991, 32.86166], [-117.012699, 32.85914], [-117.013813, 32.858008], [-117.012727, 32.855586], [-117.011134, 32.85559], [-117.011851, 32.853124], [-117.013501, 32.852574], [-117.014018, 32.851116], [-117.015628, 32.850272], [-117.017102, 32.850596], [-117.018927, 32.849824], [-117.019009, 32.848836], [-117.020425, 32.8483], [-117.023576, 32.845352], [-117.023455, 32.842184], [-117.023276, 32.839238], [-117.01863, 32.837092], [-117.016476, 32.837674], [-117.013799, 32.839819], [-117.007602, 32.840569], [-117.005412, 32.841557], [-117.005448, 32.837325], [-117.008816, 32.83642], [-117.012918, 32.836097], [-117.022352, 32.836731], [-117.022282, 32.837817], [-117.024891, 32.838717], [-117.02652, 32.837498], [-117.026773, 32.83702], [-117.03668, 32.83844], [-117.038414, 32.834103], [-117.036605, 32.83297], [-117.038173, 32.831446], [-117.034982, 32.831449], [-117.034503, 32.831462], [-117.016544, 32.81971], [-117.014906, 32.818546], [-117.013638, 32.817974], [-117.01263, 32.817339], [-117.00997, 32.815625], [-117.006351, 32.813284], [-117.005948, 32.812943], [-117.00601, 32.802671], [-117.006045, 32.801078], [-117.005878, 32.794729], [-117.005947, 32.794307], [-117.005996, 32.792541], [-117.00601, 32.79132], [-117.006216, 32.79132], [-117.010809, 32.791338], [-117.020208, 32.79134], [-117.024503, 32.791386], [-117.029838, 32.791426], [-117.037399, 32.791476], [-117.037488, 32.788787], [-117.035786, 32.788728], [-117.031462, 32.790844], [-117.031923, 32.788787], [-117.034912, 32.786593], [-117.036318, 32.785867], [-117.037522, 32.783096], [-117.039826, 32.782112], [-117.03995, 32.779444], [-117.042161, 32.778932], [-117.043684, 32.777216], [-117.044286, 32.780058], [-117.048666, 32.779525], [-117.049738, 32.778798], [-117.051377, 32.777936], [-117.049593, 32.777229], [-117.048757, 32.777323], [-117.048814, 32.775739], [-117.048719, 32.775206], [-117.048626, 32.77475], [-117.048606, 32.774355], [-117.048602, 32.774257], [-117.047579, 32.773845], [-117.047071, 32.773679], [-117.046485, 32.773488], [-117.047023, 32.770842], [-117.040374, 32.771006], [-117.040257, 32.771375], [-117.039901, 32.770903], [-117.038992, 32.770355], [-117.038953, 32.768849], [-117.040424, 32.768826], [-117.040398, 32.767743], [-117.04433, 32.767671], [-117.045584, 32.766006], [-117.051133, 32.766014], [-117.05116, 32.763249], [-117.053353, 32.763268], [-117.053411, 32.761095], [-117.053453, 32.760912], [-117.053576, 32.760658], [-117.05344, 32.759783], [-117.053424, 32.759672], [-117.053482, 32.755769], [-117.050094, 32.755558], [-117.049906, 32.755611], [-117.049141, 32.75532], [-117.049132, 32.755187], [-117.049198, 32.750253], [-117.049273, 32.74396], [-117.049593, 32.743406], [-117.05127, 32.742462], [-117.051077, 32.742268], [-117.051662, 32.741832], [-117.056101, 32.737255], [-117.058101, 32.735125], [-117.058091, 32.734621], [-117.058056, 32.73402], [-117.059273, 32.732689], [-117.064445, 32.729469], [-117.062881, 32.72949], [-117.06262, 32.729494], [-117.060475, 32.730877], [-117.058377, 32.730554], [-117.052609, 32.732282], [-117.05194, 32.733829], [-117.051607, 32.733953], [-117.049762, 32.733346], [-117.04937, 32.731966], [-117.049376, 32.731459], [-117.049922, 32.731469], [-117.050757, 32.729642], [-117.050432, 32.729648], [-117.049392, 32.729663], [-117.049286, 32.726602], [-117.049332, 32.726266], [-117.049307, 32.719961], [-117.049306, 32.715861], [-117.049312, 32.715151], [-117.046612, 32.715133], [-117.046366, 32.715082], [-117.041731, 32.72057], [-117.038824, 32.719564], [-117.035363, 32.721196], [-117.034497, 32.720331], [-117.034573, 32.717109], [-117.032702, 32.715362], [-117.032619, 32.715302], [-117.031941, 32.71548], [-117.031954, 32.717745], [-117.031952, 32.718821], [-117.031971, 32.720328], [-117.030207, 32.720256], [-117.030156, 32.721788], [-117.029477, 32.721784], [-117.02947, 32.721186], [-117.028464, 32.72118], [-117.028464, 32.718681], [-117.025865, 32.718542], [-117.023936, 32.718564], [-117.022994, 32.718477], [-117.02311, 32.714793], [-117.022665, 32.714722], [-117.020445, 32.714769], [-117.020282, 32.714325], [-117.018161, 32.708255], [-117.020201, 32.707668], [-117.020686, 32.707527], [-117.02017, 32.705787], [-117.021189, 32.703945], [-117.019757, 32.700909], [-117.018808, 32.700437], [-117.023301, 32.699215], [-117.025233, 32.69868], [-117.024911, 32.697862], [-117.022789, 32.69653], [-117.021972, 32.69459], [-117.022957, 32.69276], [-117.021438, 32.688306], [-117.024066, 32.68651], [-117.026128, 32.685463], [-117.029413, 32.682223], [-117.030187, 32.681634], [-117.03101, 32.681009], [-117.037143, 32.67636], [-117.039425, 32.673452], [-117.041129, 32.672057], [-117.044586, 32.670178], [-117.05019, 32.667008], [-117.057164, 32.66465], [-117.0574, 32.664124], [-117.058548, 32.663919], [-117.061256, 32.663674], [-117.064388, 32.662809], [-117.065428, 32.662415], [-117.068849, 32.671277], [-117.068904, 32.671418], [-117.070828, 32.67638], [-117.071491, 32.678126], [-117.072835, 32.681556], [-117.066614, 32.683272], [-117.064651, 32.683839], [-117.065986, 32.687328], [-117.064344, 32.688864], [-117.065692, 32.691255], [-117.073534, 32.689071], [-117.075514, 32.688475], [-117.076167, 32.690164], [-117.076648, 32.691917], [-117.076807, 32.691872], [-117.077831, 32.69159], [-117.078439, 32.69311], [-117.079606, 32.692727], [-117.080774, 32.693118], [-117.08144, 32.693288], [-117.085132, 32.692365], [-117.087268, 32.69132], [-117.093759, 32.691729], [-117.093767, 32.691669], [-117.094059, 32.688968], [-117.095299, 32.688959], [-117.096027, 32.688382], [-117.098126, 32.688388], [-117.098136, 32.688937], [-117.102443, 32.688962], [-117.102351, 32.687787], [-117.102015, 32.686781], [-117.101986, 32.686693], [-117.101407, 32.685017], [-117.109601, 32.68272], [-117.110843, 32.682374], [-117.121318, 32.679424], [-117.124747, 32.679291], [-117.135422, 32.678614], [-117.133097, 32.677167], [-117.130575, 32.675522], [-117.129267, 32.667289], [-117.125693, 32.644748], [-117.12549, 32.64377], [-117.120563, 32.61898], [-117.118733, 32.607349], [-117.118563, 32.606268], [-117.116463, 32.606565], [-117.108462, 32.603854], [-117.10445, 32.603094], [-117.101992, 32.604291], [-117.09989, 32.604529], [-117.098188, 32.60515], [-117.097823, 32.605067], [-117.092565, 32.604602], [-117.092468, 32.601567], [-117.091191, 32.601558], [-117.091133, 32.599098], [-117.089512, 32.594951], [-117.088931, 32.594937], [-117.084093, 32.594815], [-117.084081, 32.591187], [-117.079537, 32.591126], [-117.075373, 32.591109], [-117.073212, 32.591123], [-117.073087, 32.591099], [-117.062422, 32.591068], [-117.061865, 32.591049], [-117.059344, 32.591036], [-117.058125, 32.590372], [-117.058131, 32.587433], [-117.053804, 32.587418], [-117.053804, 32.587946], [-117.053697, 32.591052], [-117.0493, 32.591059], [-117.049254, 32.587555], [-117.046977, 32.5874], [-117.046094, 32.587412], [-117.044929, 32.587924], [-117.044956, 32.591013], [-117.044956, 32.591195], [-117.036136, 32.591155], [-117.035822, 32.591158], [-117.035537, 32.587505], [-117.032288, 32.587527], [-117.032316, 32.591218], [-117.014481, 32.59108], [-117.014463, 32.588859], [-117.014473, 32.583634], [-117.001509, 32.583113], [-117.001047, 32.581824], [-116.99963, 32.577965], [-116.997536, 32.578523], [-116.983901, 32.582524], [-116.966657, 32.582456], [-116.966656, 32.584356], [-116.965064, 32.584356], [-116.96222, 32.584356], [-116.962223, 32.586188], [-116.951569, 32.58584], [-116.951535, 32.578559], [-116.953671, 32.578598], [-116.953676, 32.574605], [-116.953701, 32.567605], [-116.949946, 32.567529], [-116.947753, 32.567642], [-116.936444, 32.567458], [-116.936613, 32.560196], [-116.927829, 32.560085], [-116.92796663993, 32.5507663510928], [-116.928055, 32.550758], [-116.945956, 32.550058], [-117.026358, 32.542457], [-117.02988614303, 32.5422049967067], [-117.039983413193, 32.5414837829372], [-117.062632361813, 32.5398660453362], [-117.062759, 32.539857], [-117.066734017444, 32.539503151725], [-117.11888026983, 32.5348611943716], [-117.118752, 32.558216], [-117.101435, 32.558265], [-117.101306, 32.56687], [-117.099574, 32.567933], [-117.101381, 32.56918], [-117.10125, 32.569179], [-117.10126, 32.572847], [-117.101242, 32.576503], [-117.103841, 32.576517], [-117.103839, 32.58227], [-117.103848, 32.583787], [-117.105547, 32.583803], [-117.105697, 32.587551], [-117.106919, 32.587737], [-117.107127, 32.587727], [-117.107474, 32.587747], [-117.107783, 32.587791], [-117.108104, 32.587878], [-117.108197, 32.588017], [-117.110081, 32.589501], [-117.113292, 32.589662], [-117.113422, 32.589686], [-117.113807, 32.589664], [-117.114218, 32.58974], [-117.114385, 32.589902], [-117.114423, 32.58999], [-117.114654, 32.590432], [-117.116999, 32.591339], [-117.118546, 32.591287], [-117.116992, 32.591415], [-117.114461, 32.593255], [-117.114611, 32.594135], [-117.115529, 32.599707], [-117.116823, 32.605284], [-117.119763, 32.605254], [-117.120062, 32.606893], [-117.120412, 32.608807], [-117.126723, 32.643378], [-117.126864, 32.644153], [-117.131872, 32.66904], [-117.13228, 32.671068], [-117.133264, 32.675952], [-117.137462, 32.678433], [-117.146701, 32.683926], [-117.154828, 32.688285], [-117.163166, 32.693052], [-117.163926, 32.693263], [-117.163921, 32.693635], [-117.166653, 32.698344], [-117.168269, 32.699058], [-117.171438, 32.699877], [-117.180042, 32.702267], [-117.180972, 32.703202], [-117.181276, 32.703714], [-117.188517, 32.705902], [-117.190932, 32.70538], [-117.190272, 32.714183], [-117.191003, 32.71523], [-117.191696, 32.715683], [-117.193063, 32.716073], [-117.193605, 32.716139], [-117.195589, 32.716143], [-117.19613, 32.71608], [-117.19659, 32.715788], [-117.200222, 32.713634], [-117.203761, 32.711953], [-117.213889, 32.709123], [-117.221304, 32.699853], [-117.226035, 32.695899], [-117.226534, 32.69038], [-117.226179, 32.688994], [-117.224163, 32.686938], [-117.220228, 32.68663], [-117.218701, 32.687478], [-117.211663, 32.68995], [-117.207225, 32.690299], [-117.204388, 32.689804], [-117.197261, 32.689063], [-117.192907, 32.6879], [-117.193530543987, 32.6866144533596], [-117.195019124986, 32.6867135194949], [-117.204207312836, 32.687325], [-117.212652, 32.687887], [-117.223526, 32.683686], [-117.223758286728, 32.6834606564758], [-117.236239, 32.671353], [-117.237294, 32.667489], [-117.243128, 32.66454], [-117.246319, 32.674323], [-117.25459, 32.700248], [-117.255434714601, 32.7075595069776], [-117.256091572208, 32.713245], [-117.256306, 32.715101], [-117.255444, 32.715829], [-117.256844, 32.71967], [-117.257487, 32.725254], [-117.256841305873, 32.7259043550571], [-117.255409, 32.727347], [-117.256628, 32.731721], [-117.255881, 32.735578], [-117.255504346026, 32.736726350751], [-117.255287, 32.737389], [-117.255170778511, 32.7402313056219], [-117.255119847102, 32.7414768810227], [-117.255074920218, 32.7425756101377], [-117.255064489248, 32.7428307093039], [-117.255026, 32.743772], [-117.25532, 32.744432], [-117.254703711725, 32.7465051327562], [-117.254633, 32.746743], [-117.254254217357, 32.746993316332], [-117.254233698379, 32.7470068761809], [-117.253537906015, 32.7474666865634], [-117.253259, 32.747651], [-117.252049, 32.7512], [-117.252236975344, 32.7527405042202], [-117.252412406153, 32.7541782028863], [-117.253014538896, 32.7591128289523], [-117.253227, 32.760854], [-117.253246388196, 32.7634461232905], [-117.253257798801, 32.7649716748996], [-117.253277274108, 32.767575444455], [-117.253303016723, 32.771017127685], [-117.253375, 32.780641], [-117.253627442937, 32.7818516293269], [-117.254140680556, 32.7843129400731], [-117.254550818979, 32.7862798226075], [-117.255448575703, 32.7905851544651], [-117.256091, 32.793666], [-117.257213673116, 32.7961761992438], [-117.257270627512, 32.7963035443092], [-117.25932313534, 32.8008927729319], [-117.259817501615, 32.801998132838], [-117.260084, 32.802594], [-117.262227743206, 32.8050949424314], [-117.263997, 32.807159], [-117.265307, 32.808002], [-117.267211, 32.80769], [-117.268868, 32.809], [-117.269758, 32.811244], [-117.271627231168, 32.8133393246149], [-117.271707145839, 32.8134289053899], [-117.272354, 32.814154], [-117.27317, 32.814237], [-117.273602, 32.815737], [-117.272871, 32.816775], [-117.273757, 32.818127], [-117.274651, 32.818688], [-117.276003, 32.818682], [-117.280576, 32.821945], [-117.279679, 32.825907], [-117.279798034877, 32.8262813873708], [-117.281212919224, 32.8307314682675], [-117.281883, 32.832839], [-117.281217, 32.836757], [-117.281761574473, 32.8383512946266], [-117.28217, 32.839547]], [[-117.116745, 32.893305], [-117.11648, 32.892833], [-117.114896, 32.893189], [-117.109773, 32.894277], [-117.109201, 32.894435], [-117.107468, 32.895788], [-117.107481, 32.898162], [-117.116516, 32.898205], [-117.116745, 32.893305]]]]}}, {"type": "Feature", "properties": {"city_slug": "bakersfield", "GEOID": "0603526", "NAMELSAD": "Bakersfield city", "STUSPS": "CA", "ALAND": 389204786, "AWATER": 3792005}, "geometry": {"type": "MultiPolygon", "coordinates": [[[[-118.967595, 35.208623], [-118.949969, 35.208654], [-118.94991, 35.193979], [-118.967614, 35.194043], [-118.967595, 35.208623]]], [[[-118.96768, 35.223345], [-118.967673, 35.237781], [-118.950006, 35.237814], [-118.950014, 35.230321], [-118.94541, 35.230331], [-118.945412, 35.228439], [-118.939649, 35.228469], [-118.939552, 35.223165], [-118.932206, 35.223243], [-118.932173, 35.208682], [-118.949969, 35.208654], [-118.950022, 35.223146], [-118.96768, 35.223129], [-118.96768, 35.223345]]], [[[-118.979591, 35.252329], [-118.967623, 35.252383], [-118.967673, 35.237781], [-118.978384, 35.237768], [-118.979931, 35.246939], [-118.979591, 35.252329]]], [[[-119.265315, 35.303535], [-119.254612, 35.303547], [-119.252429, 35.304343], [-119.252418, 35.30708], [-119.246903, 35.307051], [-119.246889, 35.310685], [-119.24357, 35.310683], [-119.243552, 35.314305], [-119.234662, 35.314299], [-119.234633, 35.317938], [-119.231275, 35.317983], [-119.231262, 35.319786], [-119.219524, 35.319899], [-119.219487, 35.325365], [-119.21647, 35.325409], [-119.216443, 35.327647], [-119.212022, 35.327639], [-119.211962, 35.332672], [-119.194235, 35.33263], [-119.194168, 35.33993], [-119.185305, 35.339854], [-119.185334, 35.343549], [-119.1809, 35.343523], [-119.180899, 35.346334], [-119.198666, 35.34716], [-119.198753, 35.354376], [-119.183194, 35.354405], [-119.183204, 35.356219], [-119.180983, 35.356677], [-119.180977, 35.35441], [-119.176556, 35.355202], [-119.176547, 35.358051], [-119.174302, 35.358084], [-119.172363, 35.361698], [-119.172121, 35.361699], [-119.172071, 35.361699], [-119.163244, 35.36172], [-119.163233, 35.359849], [-119.154377, 35.359593], [-119.154234, 35.358159], [-119.152175, 35.358159], [-119.151734, 35.354586], [-119.146887, 35.354447], [-119.14682, 35.356587], [-119.145545, 35.355895], [-119.145542, 35.361054], [-119.145538, 35.368951], [-119.153754, 35.368784], [-119.154403, 35.365341], [-119.158834, 35.365348], [-119.158846, 35.368077], [-119.163281, 35.36811], [-119.163265, 35.365356], [-119.167711, 35.365356], [-119.167712, 35.368965], [-119.172136, 35.368986], [-119.172241, 35.369016], [-119.172166, 35.37623], [-119.167622, 35.376238], [-119.167542, 35.369977], [-119.163468, 35.370032], [-119.163287, 35.368992], [-119.162178, 35.368989], [-119.162178, 35.370803], [-119.16013, 35.370815], [-119.160131, 35.369136], [-119.154412, 35.369113], [-119.15441, 35.376238], [-119.154409, 35.379877], [-119.152771, 35.379869], [-119.152771, 35.382063], [-119.151093, 35.382072], [-119.151096, 35.383506], [-119.154408, 35.383504], [-119.154396, 35.387107], [-119.146622, 35.387125], [-119.146624, 35.38758], [-119.145721, 35.387582], [-119.145711, 35.387124], [-119.145702, 35.386538], [-119.147735, 35.385766], [-119.147738, 35.383508], [-119.147923, 35.383507], [-119.14792, 35.381782], [-119.145789, 35.38144], [-119.145737, 35.376231], [-119.145532, 35.372816], [-119.145532, 35.372591], [-119.139061, 35.372584], [-119.139059, 35.373215], [-119.136789, 35.37261], [-119.13679, 35.372578], [-119.132364, 35.372704], [-119.132385, 35.376193], [-119.127926, 35.37618], [-119.123522, 35.376168], [-119.123548, 35.371048], [-119.121283, 35.371123], [-119.120797, 35.368983], [-119.119042, 35.369049], [-119.119075, 35.370709], [-119.118414, 35.36898], [-119.114501, 35.369004], [-119.114501, 35.368962], [-119.112802, 35.368956], [-119.112794, 35.37069], [-119.109965, 35.370682], [-119.109958, 35.372065], [-119.105522, 35.372046], [-119.105512, 35.374201], [-119.103455, 35.374212], [-119.103311, 35.376112], [-119.109855, 35.376133], [-119.109832, 35.377468], [-119.106345, 35.377456], [-119.106334, 35.379755], [-119.101052, 35.379739], [-119.101042, 35.38226], [-119.101683, 35.383445], [-119.109905, 35.38347], [-119.114413, 35.383478], [-119.118921, 35.383487], [-119.118917, 35.38707], [-119.114421, 35.38707], [-119.114366, 35.38932], [-119.111383, 35.389349], [-119.111061, 35.390739], [-119.114415, 35.390729], [-119.114427, 35.398043], [-119.116718, 35.398025], [-119.118905, 35.398008], [-119.127836, 35.397938], [-119.127859, 35.392189], [-119.130887, 35.391981], [-119.130809, 35.390884], [-119.129804, 35.390854], [-119.12826, 35.39069], [-119.130451, 35.390615], [-119.131397, 35.38798], [-119.133871, 35.388599], [-119.136685, 35.39091], [-119.136663, 35.39233], [-119.136743, 35.393895], [-119.136679, 35.395221], [-119.136672, 35.397966], [-119.138023, 35.397997], [-119.139473, 35.398344], [-119.1453, 35.397985], [-119.145509, 35.399407], [-119.143326, 35.399509], [-119.143316, 35.405219], [-119.145499, 35.405223], [-119.148984, 35.405482], [-119.150661, 35.406066], [-119.151769, 35.406799], [-119.15638, 35.410714], [-119.158771, 35.408829], [-119.154109, 35.405008], [-119.156399, 35.403668], [-119.154949, 35.401618], [-119.160498, 35.401754], [-119.163264, 35.401608], [-119.163258, 35.404081], [-119.163233, 35.41248], [-119.172107, 35.412489], [-119.198722, 35.41251], [-119.198703, 35.41977], [-119.212174, 35.419788], [-119.212044, 35.427143], [-119.216429, 35.427175], [-119.216371, 35.441643], [-119.216171, 35.441643], [-119.198743, 35.441615], [-119.198497, 35.441615], [-119.194216, 35.438101], [-119.194202, 35.441609], [-119.163175, 35.441548], [-119.154239, 35.44153], [-119.154233, 35.435995], [-119.153874, 35.434916], [-119.146058, 35.428549], [-119.145465, 35.426988], [-119.145701, 35.44152], [-119.122603, 35.441476], [-119.10991, 35.441447], [-119.109492, 35.441446], [-119.100732, 35.441423], [-119.09929, 35.441421], [-119.095167, 35.441416], [-119.092178, 35.441328], [-119.088857, 35.440987], [-119.087718, 35.441064], [-119.0873, 35.440683], [-119.074531, 35.431037], [-119.074528, 35.426956], [-119.083394, 35.426969], [-119.092241, 35.426981], [-119.101109, 35.42704], [-119.101092, 35.430667], [-119.109965, 35.430726], [-119.110064, 35.431598], [-119.115158, 35.430691], [-119.118949, 35.43067], [-119.11895, 35.427036], [-119.109985, 35.4271], [-119.109967, 35.419829], [-119.109967, 35.418007], [-119.105538, 35.41799], [-119.105587, 35.4198], [-119.101099, 35.41977], [-119.09223, 35.419711], [-119.092217, 35.412433], [-119.092218, 35.410842], [-119.085827, 35.410787], [-119.085831, 35.40944], [-119.083344, 35.409435], [-119.083339, 35.408777], [-119.092218, 35.408806], [-119.092219, 35.405179], [-119.083318, 35.405138], [-119.074559, 35.405112], [-119.074618, 35.410514], [-119.078965, 35.410532], [-119.078838, 35.412253], [-119.074516, 35.412246], [-119.074518, 35.412393], [-119.072221, 35.412386], [-119.072204, 35.410817], [-119.067805, 35.41055], [-119.067782, 35.408707], [-119.058642, 35.408631], [-119.058729, 35.411537], [-119.056942, 35.411538], [-119.056487, 35.409286], [-119.056693, 35.405101], [-119.050053, 35.40499], [-119.059769, 35.396255], [-119.060677, 35.394274], [-119.062322, 35.394271], [-119.065503, 35.392491], [-119.067954, 35.390537], [-119.069898, 35.390542], [-119.069887, 35.395077], [-119.073242, 35.395088], [-119.073232, 35.397819], [-119.06545, 35.39779], [-119.065411, 35.401593], [-119.074378, 35.401602], [-119.074377, 35.401519], [-119.074329, 35.397824], [-119.083272, 35.397865], [-119.083274, 35.394192], [-119.083274, 35.392942], [-119.085506, 35.39294], [-119.085506, 35.394199], [-119.090654, 35.394216], [-119.092206, 35.394223], [-119.092191, 35.390562], [-119.089962, 35.39056], [-119.091292, 35.388147], [-119.090819, 35.383406], [-119.08807, 35.383396], [-119.087973, 35.384008], [-119.08879, 35.384787], [-119.087786, 35.384984], [-119.087767, 35.383685], [-119.08713, 35.384165], [-119.087128, 35.385377], [-119.086609, 35.385375], [-119.086615, 35.383391], [-119.075342, 35.383351], [-119.083898, 35.379826], [-119.087528, 35.37902], [-119.089502, 35.3797], [-119.08702, 35.377227], [-119.086982, 35.368796], [-119.075884, 35.368763], [-119.074482, 35.369245], [-119.074453, 35.372378], [-119.070074, 35.37236], [-119.069924, 35.382142], [-119.066351, 35.382131], [-119.06545, 35.383321], [-119.065473, 35.379634], [-119.061343, 35.379613], [-119.061319, 35.383157], [-119.056518, 35.383141], [-119.05656, 35.37876], [-119.052169, 35.378669], [-119.052077, 35.38328], [-119.052077, 35.383428], [-119.050172, 35.383416], [-119.050174, 35.385871], [-119.046087, 35.385857], [-119.045291, 35.384688], [-119.04474, 35.386948], [-119.045171, 35.400355], [-119.045973, 35.403228], [-119.047068, 35.40396], [-119.048371, 35.406234], [-119.048094, 35.406693], [-119.044391, 35.403784], [-119.040799, 35.40305], [-119.040087, 35.402216], [-119.037827, 35.400402], [-119.035738, 35.399182], [-119.033627, 35.397671], [-119.032965, 35.39717], [-119.032486, 35.397665], [-119.029967, 35.398862], [-119.02679, 35.399746], [-119.025591, 35.401718], [-119.021065, 35.403834], [-119.020753, 35.404021], [-119.019073, 35.40494], [-119.017595, 35.405699], [-119.014588, 35.408683], [-119.01384, 35.409429], [-119.013283, 35.409626], [-119.012628, 35.409642], [-119.012086, 35.409484], [-119.01145, 35.409058], [-119.011063, 35.408689], [-119.010581, 35.408497], [-119.010119, 35.408683], [-119.007962, 35.409706], [-119.006672, 35.410993], [-119.003196, 35.411767], [-118.999928, 35.412255], [-118.995866, 35.412464], [-118.993549, 35.41311], [-118.991476, 35.413452], [-118.988736, 35.412338], [-118.985413, 35.413748], [-118.983213, 35.414345], [-118.980142, 35.41517], [-118.978236, 35.41683], [-118.978239, 35.417348], [-118.978324, 35.424948], [-118.976866, 35.425562], [-118.974241, 35.427057], [-118.97243, 35.427878], [-118.967754, 35.427778], [-118.966418, 35.427757], [-118.960159, 35.425806], [-118.959049, 35.425809], [-118.958811, 35.425172], [-118.9588, 35.423926], [-118.967738, 35.424883], [-118.971331, 35.425709], [-118.975096, 35.421988], [-118.974939, 35.410678], [-118.971746, 35.41173], [-118.966861, 35.414016], [-118.963547, 35.414585], [-118.959986, 35.41583], [-118.958203, 35.417167], [-118.948957, 35.42181], [-118.948753, 35.421557], [-118.945439, 35.423463], [-118.944925, 35.423627], [-118.939372, 35.426129], [-118.935958, 35.426638], [-118.934238, 35.42775], [-118.93311, 35.429192], [-118.931961, 35.433013], [-118.931662, 35.436817], [-118.932208, 35.43856], [-118.935692, 35.443694], [-118.935448, 35.445869], [-118.933429, 35.447636], [-118.930632, 35.44787], [-118.927327, 35.446316], [-118.925229, 35.445683], [-118.925325, 35.444068], [-118.922102, 35.444123], [-118.922091, 35.441596], [-118.920189, 35.441608], [-118.903072, 35.441788], [-118.902238, 35.436987], [-118.901092, 35.435459], [-118.899348, 35.434366], [-118.890377, 35.431144], [-118.888427, 35.430999], [-118.88294, 35.431955], [-118.881741, 35.431509], [-118.877506, 35.432432], [-118.874354, 35.435629], [-118.872059, 35.435464], [-118.869926, 35.434251], [-118.867913, 35.434264], [-118.86573, 35.433485], [-118.861935, 35.432869], [-118.853478, 35.433181], [-118.852957, 35.431955], [-118.848974, 35.428154], [-118.84512, 35.427007], [-118.833956, 35.426487], [-118.830381, 35.426614], [-118.830295, 35.442122], [-118.817049, 35.442192], [-118.817012, 35.435847], [-118.814413, 35.435023], [-118.812453, 35.433754], [-118.80961, 35.436503], [-118.807561, 35.437633], [-118.803565, 35.439132], [-118.796045, 35.44028], [-118.793502, 35.4421], [-118.790591, 35.44207], [-118.790502, 35.434809], [-118.772841, 35.43464], [-118.77266, 35.427432], [-118.808001, 35.427714], [-118.807895, 35.398694], [-118.811553, 35.398619], [-118.825615, 35.398381], [-118.825614, 35.384439], [-118.825614, 35.38385], [-118.84346, 35.383808], [-118.843258, 35.39834], [-118.849139, 35.398245], [-118.849183, 35.404653], [-118.850035, 35.405163], [-118.859403, 35.40541], [-118.860971, 35.405413], [-118.860957, 35.401783], [-118.865379, 35.40173], [-118.865392, 35.405801], [-118.861016, 35.407183], [-118.861, 35.409032], [-118.867614, 35.409012], [-118.867814, 35.405383], [-118.869809, 35.404328], [-118.869885, 35.398113], [-118.860944, 35.398147], [-118.860907, 35.383639], [-118.878693, 35.383587], [-118.878655, 35.369017], [-118.891939, 35.369016], [-118.891957, 35.365392], [-118.894172, 35.365383], [-118.894154, 35.369018], [-118.896368, 35.369014], [-118.896379, 35.383597], [-118.897931, 35.383565], [-118.905231, 35.383534], [-118.905181, 35.379298], [-118.907109, 35.37803], [-118.907457, 35.383525], [-118.90968, 35.383516], [-118.90968, 35.381698], [-118.911945, 35.381689], [-118.911946, 35.380313], [-118.914213, 35.380356], [-118.914214, 35.37986], [-118.918652, 35.379816], [-118.918658, 35.376209], [-118.924704, 35.376153], [-118.924541, 35.380579], [-118.924771, 35.383389], [-118.92746, 35.383362], [-118.930209, 35.383335], [-118.931947, 35.383318], [-118.932006, 35.380896], [-118.932106, 35.379704], [-118.937828, 35.379636], [-118.939234, 35.380464], [-118.939107, 35.380465], [-118.938243, 35.381846], [-118.938137, 35.383033], [-118.938995, 35.383251], [-118.936839, 35.386465], [-118.934084, 35.38649], [-118.931975, 35.386968], [-118.932057, 35.396378], [-118.937261, 35.396256], [-118.945366, 35.396286], [-118.945326, 35.392845], [-118.947664, 35.39288], [-118.949565, 35.391764], [-118.949745, 35.391338], [-118.954171, 35.390855], [-118.954166, 35.390402], [-118.9586, 35.390278], [-118.958583, 35.388523], [-118.95841, 35.387389], [-118.959324, 35.386713], [-118.962558, 35.386685], [-118.96305, 35.386746], [-118.963021, 35.388487], [-118.964834, 35.388466], [-118.965223, 35.386676], [-118.967441, 35.386621], [-118.967434, 35.385277], [-118.967421, 35.383005], [-118.967436, 35.380943], [-118.971046, 35.381809], [-118.974088, 35.382538], [-118.971875, 35.383151], [-118.971638, 35.385508], [-118.972749, 35.386048], [-118.972538, 35.386634], [-118.970357, 35.386628], [-118.969668, 35.390268], [-118.967461, 35.390277], [-118.967466, 35.391185], [-118.96525, 35.391223], [-118.965256, 35.392116], [-118.96747, 35.392095], [-118.969676, 35.392074], [-118.969682, 35.393803], [-118.976328, 35.391987], [-118.976339, 35.393888], [-118.976331, 35.397013], [-118.981244, 35.397043], [-118.983671, 35.3961], [-118.983681, 35.397515], [-118.985164, 35.397512], [-118.98525, 35.401577], [-118.985318, 35.404789], [-118.989746, 35.404784], [-118.989828, 35.408727], [-118.992067, 35.408004], [-118.994579, 35.406722], [-118.998589, 35.404545], [-118.998436, 35.397473], [-118.998972, 35.39408], [-118.998484, 35.393627], [-118.997205, 35.392261], [-118.994041, 35.392556], [-118.994092, 35.392319], [-118.996518, 35.390826], [-118.99652, 35.390255], [-118.99487, 35.390122], [-118.994836, 35.39022], [-118.992259, 35.39023], [-118.992261, 35.390737], [-118.990484, 35.390744], [-118.990482, 35.390356], [-118.98989, 35.39036], [-118.989931, 35.390241], [-118.985151, 35.390131], [-118.98515, 35.389062], [-118.98499, 35.387982], [-118.98344, 35.387611], [-118.984411, 35.386479], [-118.984907, 35.38513], [-118.985119, 35.383016], [-118.978954, 35.383013], [-118.978727, 35.383649], [-118.976206, 35.383045], [-118.976306, 35.379034], [-118.975412, 35.378824], [-118.975593, 35.378319], [-118.976306, 35.375749], [-118.975193, 35.374899], [-118.976049, 35.375106], [-118.976257, 35.375248], [-118.976236, 35.375036], [-118.976337, 35.372985], [-118.975151, 35.372626], [-118.976354, 35.370917], [-118.976374, 35.368549], [-118.978258, 35.368533], [-118.979574, 35.364899], [-118.978591, 35.364906], [-118.978594, 35.363086], [-118.980379, 35.363078], [-118.981059, 35.361795], [-118.975361, 35.361288], [-118.974864, 35.360963], [-118.97638, 35.360641], [-118.976372, 35.35764], [-118.97195, 35.35769], [-118.971951, 35.354051], [-118.968191, 35.354074], [-118.967517, 35.354624], [-118.967516, 35.35771], [-118.958653, 35.357758], [-118.95865, 35.359209], [-118.955899, 35.359181], [-118.954221, 35.35778], [-118.954233, 35.355727], [-118.949798, 35.355775], [-118.949788, 35.357804], [-118.949779, 35.359613], [-118.946439, 35.359637], [-118.94643, 35.361447], [-118.940888, 35.36148], [-118.940904, 35.357856], [-118.945313, 35.357803], [-118.945329, 35.354207], [-118.949226, 35.354184], [-118.949213, 35.354633], [-118.949625, 35.354623], [-118.94962, 35.354181], [-118.949623, 35.353166], [-118.941039, 35.352125], [-118.940918, 35.350487], [-118.940918, 35.347025], [-118.940918, 35.343366], [-118.940919, 35.338798], [-118.936466, 35.338818], [-118.936464, 35.339727], [-118.932011, 35.339747], [-118.927574, 35.339766], [-118.924235, 35.339084], [-118.923557, 35.339784], [-118.923291, 35.332564], [-118.932023, 35.332469], [-118.936478, 35.332485], [-118.936543, 35.326079], [-118.940942, 35.326068], [-118.940943, 35.325159], [-118.949856, 35.325126], [-118.949863, 35.310491], [-118.949864, 35.310418], [-118.949853, 35.296033], [-118.949857, 35.281486], [-118.962977, 35.281441], [-118.963032, 35.266908], [-118.949853, 35.266929], [-118.949893, 35.252397], [-118.950117, 35.252397], [-118.967623, 35.252383], [-118.967615, 35.257828], [-118.973172, 35.257809], [-118.976484, 35.25486], [-118.976474, 35.263251], [-118.967616, 35.263255], [-118.967604, 35.266901], [-118.963166, 35.266907], [-118.96311, 35.281442], [-118.967565, 35.281477], [-118.985425, 35.281322], [-118.987653, 35.281318], [-118.985662, 35.276931], [-118.985451, 35.275728], [-118.997408, 35.275709], [-119.00179, 35.275713], [-119.003066, 35.278896], [-119.003066, 35.278968], [-119.003259, 35.277732], [-119.011925, 35.277724], [-119.021247, 35.277715], [-119.02125, 35.274082], [-119.021149, 35.274082], [-119.020967, 35.268629], [-119.016717, 35.26864], [-119.016715, 35.266823], [-119.011942, 35.266831], [-119.01206, 35.263196], [-119.021269, 35.263184], [-119.022063, 35.262978], [-119.02171, 35.261624], [-119.021404, 35.260453], [-119.021798, 35.260455], [-119.025717, 35.261422], [-119.025612, 35.263239], [-119.028494, 35.263279], [-119.028476, 35.266852], [-119.027842, 35.266849], [-119.027916, 35.26802], [-119.026787, 35.268014], [-119.02679, 35.270477], [-119.028121, 35.270478], [-119.030187, 35.270489], [-119.034531, 35.270509], [-119.036727, 35.27143], [-119.036789, 35.274144], [-119.038785, 35.274152], [-119.037972, 35.266901], [-119.037074, 35.266897], [-119.037068, 35.266416], [-119.033099, 35.265178], [-119.030114, 35.265213], [-119.030141, 35.263495], [-119.038971, 35.263411], [-119.038984, 35.259789], [-119.038995, 35.256153], [-119.043421, 35.256146], [-119.043389, 35.266926], [-119.047823, 35.266945], [-119.052551, 35.266971], [-119.056661, 35.266994], [-119.056686, 35.259814], [-119.065544, 35.259842], [-119.065552, 35.252547], [-119.067747, 35.252554], [-119.06776, 35.256202], [-119.072735, 35.256216], [-119.07039, 35.259858], [-119.074387, 35.259871], [-119.074404, 35.25451], [-119.07441, 35.252575], [-119.075571, 35.252587], [-119.083261, 35.252668], [-119.08323, 35.263527], [-119.077696, 35.263521], [-119.076971, 35.267082], [-119.08986, 35.267121], [-119.08987, 35.263533], [-119.092184, 35.263535], [-119.092176, 35.267128], [-119.101181, 35.267153], [-119.101162, 35.281672], [-119.109838, 35.281681], [-119.109784, 35.267178], [-119.109894, 35.267178], [-119.109886, 35.268815], [-119.110833, 35.268824], [-119.110821, 35.26718], [-119.12833, 35.267231], [-119.146044, 35.267189], [-119.145871, 35.296225], [-119.198969, 35.296116], [-119.198829, 35.319084], [-119.200248, 35.318106], [-119.218542, 35.307482], [-119.245823, 35.305041], [-119.247755, 35.303193], [-119.252437, 35.302556], [-119.252437, 35.302442], [-119.254534, 35.300911], [-119.257306, 35.300497], [-119.261296, 35.301379], [-119.262365, 35.301134], [-119.265315, 35.303535]], [[-119.197505, 35.319922], [-119.196863, 35.318779], [-119.190063, 35.312858], [-119.189737, 35.313186], [-119.187093, 35.311632], [-119.185162, 35.311064], [-119.183422, 35.310848], [-119.163426, 35.310867], [-119.163438, 35.320367], [-119.164934, 35.322219], [-119.173114, 35.336151], [-119.176518, 35.336174], [-119.176564, 35.332516], [-119.180962, 35.332521], [-119.181074, 35.323894], [-119.187402, 35.321585], [-119.196961, 35.320218], [-119.197505, 35.319922]], [[-119.143731, 35.426986], [-119.136574, 35.426981], [-119.127714, 35.426973], [-119.128445, 35.429365], [-119.129622, 35.42986], [-119.136728, 35.429866], [-119.13677, 35.430608], [-119.140957, 35.43061], [-119.140948, 35.42922], [-119.143733, 35.429201], [-119.143731, 35.426986]], [[-119.130168, 35.369091], [-119.128069, 35.369061], [-119.128099, 35.370742], [-119.130157, 35.370744], [-119.130168, 35.369091]], [[-119.128202, 35.289089], [-119.123399, 35.289085], [-119.12339, 35.292618], [-119.128173, 35.292618], [-119.128202, 35.289089]], [[-119.127932, 35.374363], [-119.125746, 35.374361], [-119.125739, 35.375858], [-119.127927, 35.37586], [-119.127932, 35.374363]], [[-119.123482, 35.427102], [-119.121479, 35.427116], [-119.121459, 35.430657], [-119.123439, 35.430639], [-119.123482, 35.427102]], [[-119.109947, 35.434353], [-119.101081, 35.434302], [-119.101103, 35.437929], [-119.109928, 35.437984], [-119.109947, 35.434353]], [[-119.106168, 35.294784], [-119.105224, 35.294797], [-119.105258, 35.292546], [-119.101177, 35.29255], [-119.101166, 35.294375], [-119.096618, 35.294383], [-119.096607, 35.296148], [-119.106136, 35.296168], [-119.106168, 35.294784]], [[-119.088865, 35.343611], [-119.084469, 35.343092], [-119.083938, 35.342013], [-119.075155, 35.343639], [-119.074476, 35.343901], [-119.074261, 35.344836], [-119.073839, 35.347507], [-119.073803, 35.354149], [-119.075647, 35.35417], [-119.079026, 35.354182], [-119.083363, 35.347163], [-119.084206, 35.34544], [-119.08968, 35.345977], [-119.088865, 35.343611]], [[-119.0633, 35.267024], [-119.061087, 35.267014], [-119.061092, 35.270635], [-119.063307, 35.270645], [-119.0633, 35.267024]], [[-119.056732, 35.346885], [-119.056263, 35.346881], [-119.056263, 35.347364], [-119.055948, 35.347359], [-119.055938, 35.347799], [-119.055617, 35.347796], [-119.05563, 35.346875], [-119.055109, 35.346871], [-119.052263, 35.346845], [-119.047983, 35.346807], [-119.048725, 35.344517], [-119.048925, 35.344517], [-119.049345, 35.343191], [-119.049155, 35.343187], [-119.047919, 35.340097], [-119.046209, 35.340851], [-119.039743, 35.341399], [-119.039125, 35.341394], [-119.038958, 35.343091], [-119.036723, 35.343094], [-119.036464, 35.341815], [-119.035111, 35.341894], [-119.036325, 35.343091], [-119.034508, 35.343394], [-119.033992, 35.340768], [-119.035683, 35.34015], [-119.027852, 35.339959], [-119.025603, 35.34036], [-119.025638, 35.341265], [-119.023407, 35.341263], [-119.023408, 35.340355], [-119.023441, 35.339599], [-119.021195, 35.339594], [-119.021194, 35.34126], [-119.02119, 35.345879], [-119.022273, 35.346702], [-119.02119, 35.346701], [-119.021155, 35.350104], [-119.0234, 35.350333], [-119.023399, 35.351294], [-119.025615, 35.351247], [-119.025615, 35.35138], [-119.030043, 35.352047], [-119.030156, 35.352464], [-119.030149, 35.35365], [-119.032153, 35.353684], [-119.032154, 35.353597], [-119.035591, 35.352778], [-119.036709, 35.352538], [-119.036836, 35.349996], [-119.038737, 35.34853], [-119.039704, 35.348612], [-119.041679, 35.348647], [-119.041645, 35.350785], [-119.040095, 35.351022], [-119.043394, 35.35206], [-119.044577, 35.351325], [-119.045059, 35.354166], [-119.047349, 35.354177], [-119.047835, 35.354179], [-119.048218, 35.354181], [-119.052275, 35.354199], [-119.052274, 35.353547], [-119.054071, 35.353544], [-119.056516, 35.350791], [-119.056705, 35.350161], [-119.056705, 35.350124], [-119.056227, 35.350042], [-119.056254, 35.349863], [-119.056704, 35.349904], [-119.056732, 35.346885]], [[-119.020906, 35.335814], [-119.020765, 35.332302], [-119.015199, 35.332306], [-119.014462, 35.33311], [-119.011962, 35.332191], [-119.014218, 35.332107], [-119.012624, 35.329683], [-119.009993, 35.332194], [-119.003026, 35.3322], [-119.003018, 35.339458], [-119.011873, 35.339453], [-119.015195, 35.33945], [-119.020913, 35.339445], [-119.020906, 35.335814]], [[-119.009743, 35.31404], [-119.007335, 35.314042], [-119.007337, 35.312227], [-119.003239, 35.312232], [-119.005258, 35.311818], [-119.005268, 35.310415], [-119.003048, 35.310418], [-119.003049, 35.3086], [-119.003054, 35.303155], [-119.003057, 35.299549], [-118.996447, 35.299549], [-118.994229, 35.29881], [-118.994229, 35.299548], [-118.991042, 35.299548], [-118.991532, 35.303047], [-118.990945, 35.306793], [-118.990345, 35.308843], [-118.990123, 35.310426], [-118.991927, 35.310425], [-118.993553, 35.311075], [-118.99428, 35.311824], [-118.994242, 35.310424], [-118.998645, 35.310421], [-118.998643, 35.314051], [-119.002851, 35.314049], [-119.002849, 35.31541], [-119.000843, 35.315386], [-119.000857, 35.31671], [-119.002848, 35.316716], [-119.003039, 35.318938], [-119.005254, 35.319944], [-119.005955, 35.317675], [-119.006361, 35.317521], [-119.00636, 35.315857], [-119.007466, 35.315856], [-119.007467, 35.31712], [-119.006797, 35.317122], [-119.006797, 35.317521], [-119.007467, 35.317673], [-119.007467, 35.319766], [-119.008487, 35.319766], [-119.008488, 35.317672], [-119.009743, 35.31404]], [[-119.004337, 35.325655], [-119.003032, 35.325021], [-119.003026, 35.331804], [-119.00915, 35.331704], [-119.004337, 35.325655]], [[-118.994215, 35.285011], [-118.992002, 35.285015], [-118.991999, 35.281466], [-118.985425, 35.281477], [-118.98537, 35.288618], [-118.975388, 35.288686], [-118.975392, 35.292009], [-118.967545, 35.292039], [-118.967545, 35.292348], [-118.980937, 35.2923], [-118.980958, 35.295933], [-118.98538, 35.295916], [-118.985375, 35.292297], [-118.990825, 35.292289], [-118.989933, 35.288698], [-118.994217, 35.288643], [-118.994215, 35.285011]], [[-118.985428, 35.310429], [-118.985391, 35.299546], [-118.97651, 35.29958], [-118.976534, 35.310484], [-118.98096, 35.310531], [-118.980988, 35.31408], [-118.985433, 35.314056], [-118.985428, 35.310429]], [[-119.003018, 35.339458], [-118.994249, 35.339463], [-118.989815, 35.339465], [-118.985482, 35.339466], [-118.985474, 35.340002], [-118.984306, 35.339473], [-118.981027, 35.339496], [-118.980941, 35.34672], [-118.976481, 35.346774], [-118.976459, 35.348589], [-118.982001, 35.348504], [-118.981398, 35.34672], [-118.9852, 35.346889], [-118.98515, 35.350347], [-118.985123, 35.351584], [-118.989262, 35.352228], [-118.99314, 35.348508], [-118.994184, 35.347517], [-118.994942, 35.346794], [-118.994192, 35.346796], [-118.994193, 35.346715], [-118.986959, 35.346718], [-118.986996, 35.344442], [-118.98541, 35.344443], [-118.985413, 35.344224], [-118.987021, 35.343079], [-118.99047, 35.342657], [-118.991503, 35.343084], [-118.992043, 35.343454], [-118.994201, 35.345562], [-118.999248, 35.347686], [-119.003007, 35.347558], [-119.003008, 35.346713], [-119.007407, 35.34671], [-119.007463, 35.343088], [-119.003013, 35.343086], [-119.003018, 35.339458]]]]}}, {"type": "Feature", "properties": {"city_slug": "losangeles", "GEOID": "0644000", "NAMELSAD": "Los Angeles city", "STUSPS": "CA", "ALAND": 1218641632, "AWATER": 80409616}, "geometry": {"type": "Polygon", "coordinates": [[[-118.668162, 34.184141], [-118.66814, 34.191331], [-118.659511, 34.189275], [-118.657449, 34.189818], [-118.656192, 34.190358], [-118.65702, 34.192001], [-118.656638, 34.19649], [-118.656606, 34.196757], [-118.65848, 34.196762], [-118.658473, 34.194962], [-118.668084, 34.194972], [-118.667977, 34.199159], [-118.667965, 34.199629], [-118.667807, 34.205795], [-118.667805, 34.20677], [-118.667799, 34.209329], [-118.662764, 34.209343], [-118.662741, 34.212899], [-118.65324, 34.212946], [-118.652375, 34.216419], [-118.6584, 34.216416], [-118.658392, 34.222265], [-118.65839, 34.223495], [-118.654052, 34.223495], [-118.654047, 34.227109], [-118.649712, 34.227115], [-118.648695, 34.231201], [-118.647753, 34.234983], [-118.646981, 34.238082], [-118.643365, 34.237759], [-118.631463, 34.237018], [-118.630725, 34.237772], [-118.630668, 34.238139], [-118.630468, 34.238579], [-118.632444, 34.238572], [-118.63245, 34.238783], [-118.632494, 34.240391], [-118.632537, 34.241948], [-118.632602, 34.25493], [-118.632546, 34.263351], [-118.633281, 34.268322], [-118.633461, 34.269522], [-118.629563, 34.272694], [-118.625844, 34.27481], [-118.622571, 34.275642], [-118.616705, 34.276459], [-118.607336, 34.277744], [-118.605647, 34.277756], [-118.604145, 34.277465], [-118.596208, 34.274521], [-118.592572, 34.278037], [-118.591699, 34.28023], [-118.591909, 34.280627], [-118.592001, 34.282401], [-118.592653, 34.28722], [-118.588101, 34.302925], [-118.585091, 34.303478], [-118.571762, 34.298619], [-118.570146, 34.295355], [-118.56742, 34.294953], [-118.566445, 34.295392], [-118.562096, 34.29879], [-118.557391, 34.299243], [-118.55443, 34.296567], [-118.551246, 34.296778], [-118.546701, 34.297867], [-118.540943, 34.298794], [-118.543335, 34.303258], [-118.544296, 34.30394], [-118.543672, 34.305715], [-118.547095, 34.313346], [-118.545511, 34.315658], [-118.546296, 34.317332], [-118.543439, 34.316681], [-118.534011, 34.314531], [-118.525651, 34.320832], [-118.521809, 34.323727], [-118.508341, 34.33389], [-118.507364, 34.334625], [-118.504007, 34.337157], [-118.492718, 34.330623], [-118.484403, 34.330279], [-118.468863, 34.330091], [-118.459664, 34.33002], [-118.445912, 34.329938], [-118.430036, 34.329879], [-118.419983, 34.329879], [-118.41901, 34.329881], [-118.420741, 34.327723], [-118.420751, 34.325573], [-118.41714, 34.324948], [-118.413591, 34.32469], [-118.412207, 34.325904], [-118.413585, 34.327408], [-118.413579, 34.329881], [-118.405202, 34.329811], [-118.405113, 34.327595], [-118.404912, 34.322077], [-118.403921, 34.321725], [-118.400663, 34.319542], [-118.396891, 34.319814], [-118.39653, 34.317419], [-118.399719, 34.316461], [-118.400786, 34.316436], [-118.40079, 34.316324], [-118.400904, 34.310027], [-118.403016, 34.309389], [-118.403881, 34.31005], [-118.403751, 34.307917], [-118.405469, 34.307912], [-118.4056, 34.300726], [-118.401052, 34.30067], [-118.401205, 34.297065], [-118.40346, 34.297106], [-118.403508, 34.293513], [-118.409072, 34.293659], [-118.40896, 34.291808], [-118.410294, 34.291071], [-118.4094, 34.289012], [-118.40749, 34.287184], [-118.406168, 34.285927], [-118.401588, 34.286423], [-118.40124, 34.287972], [-118.401143, 34.28845], [-118.400807, 34.288582], [-118.400906, 34.290143], [-118.400631, 34.291351], [-118.400294, 34.292431], [-118.399731, 34.293418], [-118.396984, 34.293348], [-118.396743, 34.296983], [-118.393711, 34.296979], [-118.393635, 34.298788], [-118.387396, 34.29878], [-118.387379, 34.296943], [-118.382878, 34.296956], [-118.382938, 34.293965], [-118.382372, 34.291526], [-118.386911, 34.291494], [-118.386916, 34.289734], [-118.384619, 34.289731], [-118.385762, 34.284817], [-118.381859, 34.283897], [-118.377103, 34.283364], [-118.376547, 34.283435], [-118.374801, 34.28366], [-118.374675, 34.282827], [-118.372637, 34.282832], [-118.373519, 34.283166], [-118.373518, 34.284418], [-118.373716, 34.285892], [-118.369838, 34.286127], [-118.370495, 34.283813], [-118.37135, 34.282343], [-118.370754, 34.282117], [-118.369515, 34.283462], [-118.367281, 34.280589], [-118.364279, 34.280765], [-118.354708, 34.278848], [-118.351735, 34.278833], [-118.351734, 34.279435], [-118.351729, 34.282475], [-118.326831, 34.282435], [-118.326914, 34.28606], [-118.299478, 34.286096], [-118.299395, 34.293259], [-118.29062, 34.292719], [-118.286596, 34.292654], [-118.286307, 34.292075], [-118.286694, 34.278337], [-118.27368, 34.278067], [-118.273537, 34.281661], [-118.238789, 34.281589], [-118.238797, 34.280575], [-118.238903, 34.267084], [-118.25669, 34.26719], [-118.2565, 34.252266], [-118.265264, 34.25238], [-118.265295, 34.250402], [-118.266672, 34.250779], [-118.265999, 34.243892], [-118.266024, 34.240356], [-118.266733, 34.240796], [-118.266773, 34.235319], [-118.266775, 34.234988], [-118.266781, 34.234236], [-118.266784, 34.233889], [-118.266803, 34.231235], [-118.266807, 34.230677], [-118.266871, 34.221846], [-118.292761, 34.221654], [-118.328899, 34.221378], [-118.337462, 34.221312], [-118.335599, 34.217674], [-118.334546, 34.215618], [-118.337706, 34.212589], [-118.33774, 34.211271], [-118.339806, 34.211194], [-118.33993, 34.206503], [-118.341347, 34.206527], [-118.343007, 34.206557], [-118.34971, 34.206662], [-118.350369, 34.206672], [-118.362987, 34.206818], [-118.362686, 34.204826], [-118.362372, 34.201197], [-118.370312, 34.201197], [-118.370313, 34.196379], [-118.361116, 34.194385], [-118.360003, 34.186593], [-118.359744, 34.18488], [-118.359404, 34.183063], [-118.359127, 34.181224], [-118.358856, 34.179429], [-118.358578, 34.177583], [-118.357758, 34.172162], [-118.356357, 34.168889], [-118.356308, 34.168775], [-118.356075, 34.168068], [-118.354861, 34.165231], [-118.357158, 34.164908], [-118.357151, 34.161287], [-118.353103, 34.161289], [-118.352138, 34.159033], [-118.351812, 34.158271], [-118.351554, 34.157668], [-118.34974, 34.153432], [-118.348067, 34.149523], [-118.345166, 34.142747], [-118.342313, 34.144811], [-118.340901, 34.145455], [-118.338804, 34.145228], [-118.332571, 34.147831], [-118.331028, 34.148318], [-118.325341, 34.153514], [-118.32211, 34.155727], [-118.319962, 34.156011], [-118.317677, 34.156313], [-118.315818, 34.154453], [-118.312906, 34.153993], [-118.31027, 34.160797], [-118.308728, 34.161439], [-118.307812, 34.16114], [-118.304335, 34.15884], [-118.30282, 34.158589], [-118.29883, 34.157683], [-118.295602, 34.158798], [-118.29154, 34.155777], [-118.289403, 34.155751], [-118.282777, 34.156806], [-118.280496, 34.156333], [-118.278983, 34.153203], [-118.278337, 34.153205], [-118.277683, 34.153207], [-118.276007, 34.153165], [-118.275562, 34.153166], [-118.27373, 34.149613], [-118.272265, 34.146764], [-118.269808, 34.141988], [-118.268105, 34.138679], [-118.267291, 34.137095], [-118.265401, 34.133421], [-118.261873, 34.126937], [-118.259989, 34.124368], [-118.257294, 34.121447], [-118.254258, 34.118761], [-118.254135, 34.11886], [-118.251133, 34.120947], [-118.253306, 34.124322], [-118.253265, 34.124449], [-118.238785, 34.126233], [-118.236057, 34.126607], [-118.235238, 34.12672], [-118.236019, 34.12883], [-118.236387, 34.134002], [-118.235687, 34.134496], [-118.233605, 34.13451], [-118.233598, 34.1356], [-118.230022, 34.135601], [-118.22929, 34.1356], [-118.227916, 34.135601], [-118.227877, 34.138084], [-118.229149, 34.138079], [-118.228787, 34.140252], [-118.228776, 34.142768], [-118.228774, 34.146032], [-118.228577, 34.145881], [-118.228237, 34.146447], [-118.228683, 34.146735], [-118.228602, 34.146886], [-118.228084, 34.146721], [-118.227788, 34.147197], [-118.226231, 34.149789], [-118.225339, 34.149486], [-118.222455, 34.149254], [-118.219179, 34.147514], [-118.211614, 34.147176], [-118.210972, 34.14622], [-118.20944, 34.146419], [-118.207723, 34.147247], [-118.205432, 34.147431], [-118.202701, 34.150633], [-118.198191, 34.151626], [-118.198195, 34.149045], [-118.183787, 34.14908], [-118.184561, 34.145401], [-118.182202, 34.143157], [-118.180646, 34.141202], [-118.180488, 34.140875], [-118.180758, 34.14083], [-118.181265, 34.140823], [-118.181877, 34.140699], [-118.182861, 34.139998], [-118.183236, 34.139621], [-118.183813, 34.139511], [-118.185009, 34.139386], [-118.185248, 34.139287], [-118.185591, 34.138958], [-118.185468, 34.138602], [-118.185887, 34.136183], [-118.185206, 34.136068], [-118.18604, 34.133833], [-118.182817, 34.131211], [-118.182801, 34.129666], [-118.18134, 34.129498], [-118.180193, 34.126425], [-118.177717, 34.126649], [-118.176541, 34.126624], [-118.176955, 34.123141], [-118.172804, 34.124771], [-118.170536, 34.126903], [-118.167221, 34.125885], [-118.166281, 34.126174], [-118.168262, 34.124302], [-118.168053, 34.123923], [-118.167666, 34.121797], [-118.16889, 34.119924], [-118.168866, 34.117843], [-118.172484, 34.113802], [-118.176187, 34.112451], [-118.176886, 34.112057], [-118.177414, 34.110828], [-118.177993, 34.110323], [-118.177995, 34.1077], [-118.177995, 34.10708], [-118.178137, 34.104068], [-118.177789, 34.10401], [-118.177994, 34.102958], [-118.177996, 34.101921], [-118.177994, 34.100361], [-118.177995, 34.099726], [-118.177994, 34.098595], [-118.168415, 34.098662], [-118.162182, 34.09867], [-118.160266, 34.098669], [-118.156778, 34.09867], [-118.15529, 34.098672], [-118.155292, 34.098576], [-118.155885, 34.096823], [-118.159066, 34.094589], [-118.159526, 34.094277], [-118.16066, 34.093441], [-118.160582, 34.090337], [-118.160544, 34.08889], [-118.160524, 34.086348], [-118.160496, 34.081082], [-118.16052, 34.078478], [-118.160493, 34.075315], [-118.161761, 34.074635], [-118.161562, 34.072821], [-118.161717, 34.071793], [-118.162519, 34.069942], [-118.162467, 34.069688], [-118.164778, 34.064923], [-118.165293, 34.062298], [-118.169259, 34.06229], [-118.173318, 34.061985], [-118.176053, 34.062296], [-118.181302, 34.062249], [-118.181303, 34.061754], [-118.18503, 34.061757], [-118.192625, 34.061762], [-118.192611, 34.060034], [-118.192569, 34.055306], [-118.192542, 34.052358], [-118.192528, 34.050577], [-118.192515, 34.049093], [-118.192507, 34.048141], [-118.192489, 34.046081], [-118.192556, 34.04411], [-118.192526, 34.043387], [-118.192512, 34.042493], [-118.192479, 34.040466], [-118.192437, 34.038075], [-118.192401, 34.035977], [-118.192384, 34.034002], [-118.191291, 34.034417], [-118.191286, 34.033274], [-118.192241, 34.033252], [-118.192359, 34.031161], [-118.192331, 34.027955], [-118.192325, 34.027283], [-118.192296, 34.023964], [-118.192264, 34.020311], [-118.192252, 34.018867], [-118.192231, 34.016546], [-118.191416, 34.012859], [-118.192125, 34.012921], [-118.201538, 34.013755], [-118.202822, 34.013965], [-118.20506, 34.014519], [-118.205173, 34.012685], [-118.205214, 34.012701], [-118.205292, 34.012732], [-118.205339, 34.01275], [-118.205362, 34.01276], [-118.205502, 34.012816], [-118.207041, 34.012777], [-118.208122, 34.014934], [-118.212701, 34.014983], [-118.217282, 34.015636], [-118.219926, 34.014956], [-118.222797, 34.014943], [-118.239708, 34.014713], [-118.239205, 34.003918], [-118.238396, 33.99429], [-118.237918, 33.989393], [-118.239021, 33.989403], [-118.241159, 33.989422], [-118.243139, 33.989443], [-118.247748, 33.989493], [-118.252094, 33.989493], [-118.256436, 33.989498], [-118.256436, 33.989317], [-118.256439, 33.983409], [-118.256436, 33.981859], [-118.256422, 33.979215], [-118.256396, 33.974777], [-118.256395, 33.971198], [-118.256395, 33.970721], [-118.256394, 33.968035], [-118.256394, 33.967473], [-118.256394, 33.964703], [-118.256393, 33.963796], [-118.256393, 33.96289], [-118.256393, 33.960171], [-118.255899, 33.960169], [-118.255914, 33.956525], [-118.255924, 33.954727], [-118.255929, 33.953276], [-118.2541, 33.951032], [-118.253533, 33.95126], [-118.25364, 33.943277], [-118.249138, 33.943273], [-118.249007, 33.949075], [-118.248998, 33.949304], [-118.248839, 33.953358], [-118.24745, 33.954257], [-118.24421, 33.95427], [-118.243255, 33.953263], [-118.241902, 33.953274], [-118.238547, 33.95327], [-118.233995, 33.953264], [-118.234026, 33.948243], [-118.228602, 33.948301], [-118.228237, 33.946625], [-118.227476, 33.943091], [-118.229497, 33.9431], [-118.228753, 33.938874], [-118.229213, 33.937331], [-118.230212, 33.933987], [-118.230673, 33.932445], [-118.230899, 33.931691], [-118.230324, 33.929001], [-118.233516, 33.929154], [-118.239046, 33.929476], [-118.239872, 33.929515], [-118.246257, 33.929486], [-118.254268, 33.929462], [-118.253503, 33.928585], [-118.253806, 33.927981], [-118.253812, 33.927443], [-118.253579, 33.923747], [-118.254384, 33.923095], [-118.256512, 33.923096], [-118.261387, 33.923098], [-118.265186, 33.9231], [-118.269544, 33.923107], [-118.273228, 33.923282], [-118.273901, 33.923282], [-118.277332, 33.923281], [-118.277534, 33.922433], [-118.281254, 33.923199], [-118.282086, 33.923201], [-118.282184, 33.916423], [-118.282233, 33.909176], [-118.282254, 33.9019], [-118.282268, 33.897315], [-118.283201, 33.896985], [-118.282729, 33.885466], [-118.282579, 33.88184], [-118.282107, 33.872853], [-118.281608, 33.872631], [-118.281627, 33.870297], [-118.281555, 33.862802], [-118.284941, 33.861344], [-118.285211, 33.860481], [-118.285615, 33.861044], [-118.290523, 33.858699], [-118.290518, 33.854223], [-118.285254, 33.854157], [-118.286036, 33.852248], [-118.286017, 33.846253], [-118.298284, 33.846349], [-118.299207, 33.846319], [-118.299197, 33.843654], [-118.299203, 33.841951], [-118.299196, 33.835571], [-118.299192, 33.831549], [-118.299189, 33.828113], [-118.299185, 33.825696], [-118.299184, 33.824506], [-118.29907, 33.820215], [-118.299083, 33.819742], [-118.299065, 33.818985], [-118.299258, 33.813646], [-118.298494, 33.813139], [-118.29834, 33.813055], [-118.298796, 33.806248], [-118.299114, 33.803405], [-118.299146, 33.797796], [-118.299065, 33.797783], [-118.295918, 33.797785], [-118.28895, 33.797761], [-118.286737, 33.797818], [-118.286546, 33.797643], [-118.282997, 33.798241], [-118.275295, 33.798635], [-118.264585, 33.799127], [-118.264592, 33.80007], [-118.264625, 33.804496], [-118.263972, 33.804569], [-118.256512, 33.804774], [-118.258445, 33.799442], [-118.256797, 33.799526], [-118.237508, 33.800508], [-118.23004, 33.792547], [-118.227342, 33.799839], [-118.224568, 33.804336], [-118.223928, 33.807053], [-118.225387, 33.811008], [-118.228066, 33.824195], [-118.228041, 33.825623], [-118.226607, 33.829493], [-118.224576, 33.824381], [-118.224576, 33.824288], [-118.224504, 33.821568], [-118.222442, 33.811879], [-118.222439, 33.808236], [-118.222436, 33.804448], [-118.222436, 33.804152], [-118.226797, 33.792148], [-118.226966, 33.79086], [-118.227512, 33.790368], [-118.22609, 33.78831], [-118.225937, 33.788148], [-118.220749, 33.782623], [-118.24545, 33.763889], [-118.240767, 33.758296], [-118.248966, 33.755902], [-118.24334956992, 33.7425158771386], [-118.243556, 33.742217], [-118.237826, 33.728918], [-118.238702, 33.727423], [-118.251105, 33.724213], [-118.251639, 33.722714], [-118.245985, 33.716576], [-118.247115, 33.715226], [-118.257296, 33.716607], [-118.261632, 33.722196], [-118.265307, 33.722659], [-118.267839, 33.722145], [-118.27417, 33.719232], [-118.272845, 33.715783], [-118.275284, 33.714913], [-118.279155, 33.718456], [-118.283692, 33.715995], [-118.282486, 33.711647], [-118.277685, 33.708783], [-118.277436, 33.707992], [-118.278159, 33.707682], [-118.278255476367, 33.7077019099427], [-118.283273680607, 33.7087375227291], [-118.283935, 33.708874], [-118.285411228495, 33.7078809835346], [-118.285909359215, 33.7075459053204], [-118.287961370098, 33.706165576597], [-118.288154, 33.706036], [-118.292907105427, 33.7053238370753], [-118.294074, 33.705149], [-118.295774, 33.708611], [-118.296600212717, 33.7088897421142], [-118.299144211183, 33.709748019282], [-118.311402025368, 33.7138834785537], [-118.312896537702, 33.7143876871178], [-118.313639220753, 33.7146382485525], [-118.314421, 33.714902], [-118.316982, 33.714269], [-118.320359, 33.717186], [-118.321198448691, 33.7175172472152], [-118.32121556571, 33.7175240016063], [-118.322314556494, 33.7179576643668], [-118.324075414676, 33.7186525006033], [-118.332893576362, 33.7221321552055], [-118.329635, 33.727493], [-118.328472, 33.729422], [-118.326701, 33.729416], [-118.32101, 33.729397], [-118.320771, 33.731141], [-118.318531, 33.731987], [-118.318512, 33.734782], [-118.318512, 33.734879], [-118.320373, 33.73577], [-118.3185, 33.737633], [-118.318751, 33.738367], [-118.319082, 33.740581], [-118.319695, 33.740888], [-118.319915, 33.74109], [-118.320029, 33.741492], [-118.319928, 33.742023], [-118.319607, 33.74263], [-118.319418, 33.742626], [-118.318475, 33.742944], [-118.318456, 33.745757], [-118.318449, 33.746842], [-118.318022, 33.74684], [-118.312176, 33.746805], [-118.311103, 33.747294], [-118.309614, 33.746791], [-118.309271, 33.749523], [-118.309202, 33.750052], [-118.309118, 33.752127], [-118.309101, 33.754276], [-118.309087, 33.757728], [-118.301, 33.757721], [-118.301113, 33.75808], [-118.301878, 33.760511], [-118.309038, 33.760515], [-118.309035, 33.762678], [-118.311606, 33.763051], [-118.310652, 33.76623], [-118.308833, 33.772616], [-118.308923, 33.774964], [-118.306427, 33.774958], [-118.307826, 33.779328], [-118.309486, 33.779053], [-118.309762, 33.78083], [-118.309924, 33.781947], [-118.30894, 33.782216], [-118.308704, 33.783666], [-118.308699, 33.785185], [-118.308697, 33.786051], [-118.308694, 33.78686], [-118.308685, 33.789471], [-118.308692, 33.790487], [-118.308697, 33.790987], [-118.308701, 33.79149], [-118.308737, 33.79578], [-118.308753, 33.797834], [-118.308781, 33.800958], [-118.30879, 33.802217], [-118.308871, 33.807213], [-118.309228, 33.80845], [-118.308254, 33.809014], [-118.308804, 33.811039], [-118.308938, 33.812715], [-118.308936, 33.813457], [-118.308924, 33.817038], [-118.308953, 33.820189], [-118.308984, 33.822781], [-118.308991, 33.823317], [-118.309019, 33.825625], [-118.308915, 33.827934], [-118.309009, 33.830242], [-118.309118, 33.837359], [-118.30912, 33.838077], [-118.309122, 33.838207], [-118.309123, 33.84286], [-118.309137, 33.847393], [-118.30915, 33.858348], [-118.309149, 33.859952], [-118.309149, 33.861978], [-118.309148, 33.865608], [-118.302561, 33.865696], [-118.29937, 33.865698], [-118.299319, 33.865698], [-118.299143, 33.870531], [-118.294357, 33.870522], [-118.294499, 33.86647], [-118.297771, 33.866468], [-118.298068, 33.865553], [-118.29154, 33.865664], [-118.290565, 33.867166], [-118.290894, 33.872696], [-118.291084, 33.876761], [-118.291182, 33.879142], [-118.291208, 33.879778], [-118.291283, 33.881592], [-118.291432, 33.885216], [-118.291582, 33.888843], [-118.291726, 33.892478], [-118.291771, 33.894202], [-118.29168, 33.897592], [-118.291667, 33.901912], [-118.291646, 33.909161], [-118.291639, 33.911271], [-118.291607, 33.916422], [-118.291592, 33.920053], [-118.291509, 33.923685], [-118.291542, 33.927324], [-118.291537, 33.928489], [-118.291535, 33.928896], [-118.291525, 33.930962], [-118.291616, 33.934575], [-118.291612, 33.936441], [-118.291641, 33.938204], [-118.291637, 33.939881], [-118.291632, 33.942317], [-118.291625, 33.945491], [-118.291621, 33.947001], [-118.291619, 33.948706], [-118.291618, 33.949131], [-118.291617, 33.949751], [-118.291614, 33.950977], [-118.29161, 33.952791], [-118.291605, 33.955056], [-118.291604, 33.955795], [-118.291596, 33.959495], [-118.295879, 33.959505], [-118.297623, 33.9595], [-118.300267, 33.959481], [-118.300253, 33.955926], [-118.300255, 33.954306], [-118.300257, 33.952734], [-118.300258, 33.952139], [-118.300258, 33.951922], [-118.300262, 33.949999], [-118.302448, 33.949993], [-118.30245, 33.94866], [-118.302452, 33.94679], [-118.302454, 33.945474], [-118.304636, 33.945469], [-118.30518, 33.945467], [-118.305187, 33.9432], [-118.305191, 33.941845], [-118.309015, 33.941833], [-118.309019, 33.94002], [-118.309025, 33.93821], [-118.313387, 33.938214], [-118.313377, 33.941838], [-118.313372, 33.94546], [-118.31772, 33.945463], [-118.317724, 33.952717], [-118.317726, 33.956345], [-118.317761, 33.959972], [-118.317757, 33.963648], [-118.317754, 33.965486], [-118.317752, 33.967279], [-118.317747, 33.970923], [-118.321887, 33.970796], [-118.324291, 33.970913], [-118.326471, 33.970909], [-118.32648, 33.967267], [-118.33303, 33.967249], [-118.333042, 33.97087], [-118.333024, 33.972696], [-118.335212, 33.972691], [-118.33521, 33.974499], [-118.335196, 33.978108], [-118.335192, 33.980582], [-118.335186, 33.981758], [-118.338557, 33.981739], [-118.340681, 33.981727], [-118.341744, 33.981721], [-118.3454, 33.981705], [-118.347334, 33.9817], [-118.349992, 33.981692], [-118.356327, 33.981677], [-118.357004, 33.981674], [-118.357538, 33.98167], [-118.358544, 33.981667], [-118.360978, 33.981661], [-118.370341, 33.981636], [-118.370231, 33.979929], [-118.370147, 33.978808], [-118.370118, 33.977272], [-118.370101, 33.97501], [-118.370109, 33.972973], [-118.370107, 33.972282], [-118.370148, 33.967993], [-118.370797, 33.967992], [-118.372823, 33.967648], [-118.371616, 33.966852], [-118.371239, 33.963367], [-118.371295, 33.963345], [-118.376078, 33.96135], [-118.377759, 33.959904], [-118.378834, 33.95748], [-118.378843, 33.952647], [-118.378615, 33.952646], [-118.372541, 33.952662], [-118.370057, 33.952672], [-118.37005, 33.950149], [-118.370037, 33.94542], [-118.370035, 33.943104], [-118.370031, 33.938188], [-118.370033, 33.930929], [-118.368387, 33.930946], [-118.368375, 33.929021], [-118.374381, 33.929013], [-118.378429, 33.929008], [-118.378728, 33.930895], [-118.378869, 33.930923], [-118.380286, 33.930923], [-118.396105, 33.9309], [-118.397616, 33.930889], [-118.403966, 33.931299], [-118.411367, 33.931296], [-118.415962, 33.931292], [-118.425842, 33.931255], [-118.428769, 33.930891], [-118.428754, 33.927201], [-118.427667, 33.927203], [-118.42766, 33.923582], [-118.426574, 33.923583], [-118.426571, 33.921769], [-118.424396, 33.92177], [-118.424391, 33.919958], [-118.422222, 33.919957], [-118.422221, 33.916329], [-118.42866637404, 33.9163192358195], [-118.435928490448, 33.9302721667532], [-118.441168, 33.940339], [-118.447321716186, 33.9515874514119], [-118.447869279697, 33.9525883493029], [-118.450430108041, 33.9572693180582], [-118.451436, 33.959108], [-118.454824404438, 33.9631234182131], [-118.463212642758, 33.9730638741229], [-118.465445925748, 33.9757104192309], [-118.467667361763, 33.9783429251187], [-118.467784672842, 33.9784819442502], [-118.47229462938, 33.9838264543145], [-118.475810912423, 33.9879934146726], [-118.480672756507, 33.9937549279869], [-118.482239, 33.995611], [-118.479917, 33.997353], [-118.478463, 33.99808], [-118.47762, 33.998572], [-118.476622, 33.999092], [-118.473584, 34.000682], [-118.470194, 34.002487], [-118.468903, 34.003175], [-118.464088, 34.005773], [-118.458757, 34.008556], [-118.455995, 34.00999], [-118.447028, 34.014711], [-118.443517, 34.016576], [-118.448866, 34.022971], [-118.452675, 34.027569], [-118.453, 34.027961], [-118.457078, 34.029713], [-118.457704, 34.031638], [-118.459175, 34.031328], [-118.46146, 34.03328], [-118.464594, 34.035957], [-118.467722, 34.038629], [-118.469291, 34.039969], [-118.470888, 34.041334], [-118.47096, 34.041276], [-118.473721, 34.044036], [-118.474465, 34.044279], [-118.477283, 34.046699], [-118.477869, 34.046379], [-118.478438, 34.045629], [-118.479375, 34.045147], [-118.479463, 34.045076], [-118.479647, 34.045107], [-118.480015, 34.044456], [-118.483766, 34.04143], [-118.488881, 34.045781], [-118.491825, 34.048302], [-118.493862, 34.050045], [-118.494476, 34.050433], [-118.503965, 34.040724], [-118.507532, 34.040076], [-118.507688, 34.036269], [-118.508717, 34.033033], [-118.508672, 34.032975], [-118.509346, 34.032794], [-118.512324, 34.030194], [-118.515241, 34.02694], [-118.516691930665, 34.0257651615713], [-118.519686999159, 34.0276858484918], [-118.524356, 34.03068], [-118.535865038144, 34.0356113482574], [-118.543846, 34.039031], [-118.550421, 34.039545], [-118.555742, 34.03806], [-118.555891742544, 34.0381117506509], [-118.566043, 34.04162], [-118.567188528452, 34.0416448661437], [-118.570107, 34.047117], [-118.570165, 34.051728], [-118.570395, 34.069346], [-118.587987, 34.072394], [-118.599188, 34.074362], [-118.598045, 34.076214], [-118.572493, 34.117628], [-118.564752, 34.130168], [-118.565316, 34.130383], [-118.577617, 34.135065], [-118.590303, 34.139887], [-118.605817, 34.145785], [-118.609648, 34.14724], [-118.612246, 34.148229], [-118.614978, 34.149267], [-118.614971, 34.147277], [-118.628992, 34.147273], [-118.629939, 34.149864], [-118.63125, 34.151087], [-118.632107, 34.150559], [-118.638483, 34.157597], [-118.638536, 34.157655], [-118.638775, 34.157543], [-118.641273, 34.156718], [-118.64127, 34.157924], [-118.641269, 34.158136], [-118.641269, 34.158325], [-118.639735, 34.159091], [-118.641975, 34.161975], [-118.645553, 34.161985], [-118.645534, 34.165696], [-118.654281, 34.165722], [-118.654264, 34.169427], [-118.658629, 34.16944], [-118.658618, 34.171419], [-118.658595, 34.175672], [-118.658589, 34.176749], [-118.667411, 34.176747], [-118.668153, 34.17675], [-118.668162, 34.184141]], [[-118.468257, 34.062513], [-118.467953, 34.06091], [-118.465581, 34.058159], [-118.464599, 34.056974], [-118.461805, 34.053744], [-118.460731, 34.052514], [-118.459221, 34.050785], [-118.457089, 34.048312], [-118.456576, 34.047717], [-118.454074, 34.049212], [-118.452222, 34.04706], [-118.451941, 34.047228], [-118.450989, 34.047796], [-118.448359, 34.049367], [-118.449095, 34.051996], [-118.449087, 34.053351], [-118.445624, 34.055295], [-118.446284, 34.05606], [-118.447715, 34.057721], [-118.452047, 34.062834], [-118.453126, 34.063998], [-118.4544, 34.065597], [-118.454681, 34.066799], [-118.459623, 34.065445], [-118.455161, 34.060243], [-118.455455, 34.060066], [-118.458781, 34.058073], [-118.4611, 34.060046], [-118.4632, 34.065066], [-118.463723, 34.065537], [-118.466731, 34.067708], [-118.468893, 34.065871], [-118.468257, 34.062513]], [[-118.461975, 33.979366], [-118.4619, 33.978906], [-118.4618, 33.978275], [-118.457478, 33.973786], [-118.454532, 33.969839], [-118.453193, 33.967045], [-118.452251, 33.965644], [-118.451606, 33.964685], [-118.451301, 33.964231], [-118.433565, 33.974274], [-118.432259, 33.975016], [-118.432808, 33.975761], [-118.439221, 33.980761], [-118.441604, 33.98338], [-118.44622, 33.98426], [-118.455051, 33.986416], [-118.456348, 33.98559], [-118.458624, 33.984141], [-118.46348, 33.981049], [-118.461975, 33.979366]], [[-118.456008, 34.284903], [-118.452347, 34.281454], [-118.451127, 34.280296], [-118.447048, 34.276442], [-118.443734, 34.27331], [-118.442021, 34.274573], [-118.435695, 34.279295], [-118.433992, 34.27787], [-118.433614, 34.277816], [-118.432705, 34.278497], [-118.430569, 34.280549], [-118.427291, 34.28294], [-118.424018, 34.285327], [-118.420729, 34.287727], [-118.417448, 34.290119], [-118.418632, 34.291764], [-118.415792, 34.293841], [-118.418562, 34.296451], [-118.421401, 34.294375], [-118.423467, 34.296322], [-118.426354, 34.299041], [-118.42925, 34.30177], [-118.432863, 34.304425], [-118.438821, 34.299112], [-118.441788, 34.296467], [-118.442547, 34.295923], [-118.444781, 34.293803], [-118.4455, 34.294406], [-118.44702, 34.293053], [-118.448813, 34.291463], [-118.449441, 34.289699], [-118.451352, 34.288326], [-118.452522, 34.287494], [-118.456008, 34.284903]], [[-118.447178, 33.990759], [-118.447023, 33.990519], [-118.442122, 33.992964], [-118.440407, 33.993657], [-118.437174, 33.995276], [-118.432463, 33.991453], [-118.430874, 33.989192], [-118.429717, 33.989756], [-118.430182, 33.990125], [-118.430476, 33.992125], [-118.430787, 33.994235], [-118.431102, 33.996381], [-118.430047, 33.996428], [-118.428038, 33.996599], [-118.423706, 33.997071], [-118.420045, 33.997494], [-118.419381, 33.997755], [-118.419016, 33.998037], [-118.417401, 33.999626], [-118.417195, 33.99976], [-118.414231, 34.003433], [-118.41198, 34.00199], [-118.40951, 34.000655], [-118.409304, 34.000919], [-118.405889, 33.999236], [-118.402768, 34.003465], [-118.400175, 34.00204], [-118.399813, 34.00163], [-118.400448, 34.001436], [-118.40241, 33.996563], [-118.402815, 33.995833], [-118.404552, 33.994855], [-118.404812, 33.994714], [-118.405033, 33.994595], [-118.405887, 33.992982], [-118.407856, 33.992117], [-118.407709, 33.992031], [-118.405149, 33.990501], [-118.406203, 33.989404], [-118.402975, 33.987441], [-118.401239, 33.986386], [-118.399182, 33.987678], [-118.398668, 33.988015], [-118.395851, 33.984913], [-118.395267, 33.984232], [-118.394895, 33.983854], [-118.395085, 33.983818], [-118.396034, 33.983638], [-118.398363, 33.983205], [-118.397635, 33.982093], [-118.394658, 33.980666], [-118.3931, 33.979934], [-118.392628, 33.979744], [-118.390919, 33.978942], [-118.386654, 33.976907], [-118.386602, 33.976696], [-118.386404, 33.97709], [-118.385419, 33.976658], [-118.380514, 33.976358], [-118.378191, 33.976813], [-118.377184, 33.97702], [-118.371809, 33.977318], [-118.371802, 33.979847], [-118.371805, 33.982058], [-118.370425, 33.983006], [-118.36126, 33.983034], [-118.358462, 33.983042], [-118.355322, 33.983055], [-118.352683, 33.983059], [-118.352682, 33.987061], [-118.352681, 33.988877], [-118.352681, 33.989335], [-118.346115, 33.989387], [-118.344857, 33.989396], [-118.343923, 33.989404], [-118.342476, 33.988471], [-118.33775, 33.988487], [-118.337265, 33.988986], [-118.337269, 33.993076], [-118.337282, 33.996308], [-118.336654, 33.996311], [-118.332165, 33.996331], [-118.331491, 34.000006], [-118.331485, 34.001492], [-118.332473, 34.003393], [-118.334984, 34.006115], [-118.335688, 34.008258], [-118.337948, 34.006489], [-118.339233, 34.005864], [-118.340844, 34.00495], [-118.341225, 34.004772], [-118.342072, 34.004542], [-118.34736, 34.004654], [-118.351049, 34.004693], [-118.353768, 34.002348], [-118.355936, 34.000621], [-118.357805, 33.997145], [-118.358191, 33.99927], [-118.359125, 34.001477], [-118.357458, 34.007635], [-118.357543, 34.009145], [-118.361436, 34.008332], [-118.362656, 34.006316], [-118.365027, 34.005555], [-118.367173, 34.007088], [-118.366719, 34.015622], [-118.372649, 34.015839], [-118.373093, 34.011913], [-118.374079, 34.014851], [-118.372675, 34.018357], [-118.377507, 34.017989], [-118.379666, 34.019309], [-118.378903, 34.019274], [-118.378189, 34.019217], [-118.37808, 34.021221], [-118.377952, 34.02197], [-118.377569, 34.022436], [-118.376981, 34.023708], [-118.376697, 34.023988], [-118.376369, 34.025849], [-118.376643, 34.026008], [-118.377029, 34.026626], [-118.376964, 34.0269], [-118.37622, 34.028646], [-118.373643, 34.030421], [-118.371901, 34.029929], [-118.370767, 34.032442], [-118.369577, 34.03508], [-118.375919, 34.032417], [-118.37872, 34.031665], [-118.379693, 34.031407], [-118.381522, 34.030923], [-118.384206, 34.030214], [-118.38776, 34.029064], [-118.391544, 34.026893], [-118.393479, 34.025386], [-118.394706, 34.025002], [-118.39835, 34.022917], [-118.397535, 34.021738], [-118.397455, 34.021662], [-118.400608, 34.021472], [-118.400442, 34.019993], [-118.402514, 34.018641], [-118.405222, 34.017026], [-118.40546, 34.016854], [-118.406864, 34.018574], [-118.408678, 34.017539], [-118.410835, 34.016352], [-118.412762, 34.015263], [-118.417094, 34.012788], [-118.418235, 34.012109], [-118.418456, 34.011984], [-118.419628, 34.011319], [-118.421411, 34.010324], [-118.41923, 34.009103], [-118.417344, 34.006749], [-118.420518, 34.004862], [-118.421249, 34.004422], [-118.418239, 34.000619], [-118.419711, 33.999381], [-118.420052, 33.998965], [-118.420624, 33.998655], [-118.421054, 33.998608], [-118.4217, 33.998537], [-118.42598, 33.99807], [-118.42651, 33.998732], [-118.428489, 34.001344], [-118.430836, 34.000102], [-118.430327, 33.999446], [-118.4335, 33.997847], [-118.43472, 33.997206], [-118.435307, 33.996899], [-118.437575, 33.996036], [-118.442457, 33.993599], [-118.44335, 33.995317], [-118.445053, 33.994282], [-118.448472, 33.993359], [-118.447178, 33.990759]], [[-118.427031, 34.089684], [-118.426968, 34.083614], [-118.426962, 34.083044], [-118.424358, 34.083109], [-118.422778, 34.083093], [-118.422863, 34.079933], [-118.423606, 34.079251], [-118.423049, 34.077242], [-118.42286, 34.076898], [-118.423289, 34.075689], [-118.422546, 34.075273], [-118.421839, 34.075093], [-118.420928, 34.075428], [-118.419642, 34.072652], [-118.418462, 34.072361], [-118.416392, 34.068866], [-118.416319, 34.067079], [-118.414344, 34.064324], [-118.413664, 34.0634], [-118.412204, 34.060101], [-118.411551, 34.060425], [-118.410696, 34.059177], [-118.406323, 34.053081], [-118.406106, 34.052781], [-118.405725, 34.053294], [-118.405562, 34.054141], [-118.40591, 34.055624], [-118.405925, 34.055668], [-118.405922, 34.057104], [-118.405658, 34.057104], [-118.403993, 34.057101], [-118.403455, 34.057023], [-118.402463, 34.057099], [-118.40227, 34.056886], [-118.39908, 34.057096], [-118.39908, 34.057035], [-118.396675, 34.057092], [-118.393862, 34.057089], [-118.391796, 34.057087], [-118.389853, 34.057085], [-118.387783, 34.057091], [-118.383666, 34.057099], [-118.383615, 34.059366], [-118.383534, 34.062937], [-118.3803, 34.062946], [-118.37733, 34.062954], [-118.377268, 34.059522], [-118.376164, 34.0596], [-118.372244, 34.0622], [-118.372258, 34.064245], [-118.375481, 34.06946], [-118.375755, 34.070097], [-118.376182, 34.069336], [-118.382669, 34.069688], [-118.383728, 34.069684], [-118.383764, 34.072122], [-118.386744, 34.072083], [-118.389701, 34.072078], [-118.390704, 34.072083], [-118.390709, 34.07356], [-118.39034, 34.076502], [-118.389733, 34.07649], [-118.387724, 34.076471], [-118.38372, 34.07643], [-118.380483, 34.076688], [-118.379401, 34.076391], [-118.378802, 34.07639], [-118.377167, 34.076592], [-118.377248, 34.080207], [-118.375264, 34.080159], [-118.374202, 34.082019], [-118.374209, 34.080161], [-118.370294, 34.080169], [-118.370302, 34.083157], [-118.377033, 34.08304], [-118.377006, 34.084849], [-118.376951, 34.08863], [-118.376409, 34.088922], [-118.373272, 34.090052], [-118.373174, 34.090149], [-118.372498, 34.090256], [-118.372494, 34.088838], [-118.372485, 34.085438], [-118.37023, 34.085609], [-118.370233, 34.087084], [-118.369088, 34.087101], [-118.366961, 34.087133], [-118.366443, 34.088924], [-118.365903, 34.088932], [-118.362712, 34.088787], [-118.361443, 34.087201], [-118.357395, 34.087166], [-118.354273, 34.08714], [-118.353233, 34.087132], [-118.3528, 34.087129], [-118.352802, 34.088962], [-118.348663, 34.08893], [-118.344059, 34.088893], [-118.343388, 34.088928], [-118.34338, 34.090699], [-118.343382, 34.094328], [-118.344086, 34.094327], [-118.347158, 34.09435], [-118.347906, 34.094356], [-118.349537, 34.094368], [-118.351728, 34.094385], [-118.353908, 34.094401], [-118.354998, 34.094409], [-118.356664, 34.09442], [-118.358166, 34.094431], [-118.361542, 34.094455], [-118.361541, 34.094535], [-118.361652, 34.097178], [-118.365946, 34.097119], [-118.368168, 34.097087], [-118.368961, 34.09781], [-118.372736, 34.095623], [-118.377385, 34.094212], [-118.379297, 34.092955], [-118.379881, 34.092683], [-118.381181, 34.092104], [-118.381183, 34.093323], [-118.38337, 34.093724], [-118.38446, 34.093587], [-118.385038, 34.093558], [-118.385706, 34.092942], [-118.386561, 34.091039], [-118.395844, 34.091055], [-118.395853, 34.09435], [-118.396506, 34.096182], [-118.395412, 34.096173], [-118.392557, 34.098499], [-118.392084, 34.099054], [-118.3921, 34.10608], [-118.392381, 34.106313], [-118.391315, 34.107417], [-118.390574, 34.109203], [-118.391583, 34.112426], [-118.396584, 34.112414], [-118.399203, 34.111487], [-118.400051, 34.11091], [-118.398672, 34.108752], [-118.401038, 34.108744], [-118.400888, 34.093994], [-118.401322, 34.093839], [-118.401444, 34.093885], [-118.401548, 34.09416], [-118.401677, 34.094205], [-118.401791, 34.094142], [-118.401935, 34.093913], [-118.402064, 34.093791], [-118.402345, 34.093661], [-118.402419, 34.093667], [-118.403122, 34.094304], [-118.40532, 34.0963], [-118.40541, 34.101461], [-118.408694, 34.101508], [-118.408641, 34.097147], [-118.409626, 34.094704], [-118.411883, 34.092244], [-118.411969, 34.092479], [-118.412348, 34.092734], [-118.412695, 34.093], [-118.413077, 34.093415], [-118.413831, 34.094096], [-118.413934, 34.094268], [-118.420426, 34.094266], [-118.422294, 34.094273], [-118.422972, 34.090642], [-118.423075, 34.090562], [-118.423592, 34.090505], [-118.423738, 34.090399], [-118.423979, 34.090462], [-118.424098, 34.090449], [-118.424145, 34.090639], [-118.427041, 34.090631], [-118.427031, 34.089684]], [[-118.417542, 34.107897], [-118.41739, 34.105199], [-118.409751, 34.105152], [-118.409735, 34.108854], [-118.411809, 34.108883], [-118.411789, 34.110697], [-118.413969, 34.110727], [-118.415869, 34.111964], [-118.416041, 34.112512], [-118.416074, 34.112514], [-118.416628, 34.112506], [-118.417491, 34.112497], [-118.417497, 34.111985], [-118.417542, 34.107897]], [[-118.414732, 33.984017], [-118.412461, 33.980297], [-118.409987, 33.980978], [-118.409928, 33.98088], [-118.409086, 33.981247], [-118.409182, 33.981329], [-118.413419, 33.984966], [-118.414732, 33.984017]], [[-118.362151, 34.139028], [-118.35776, 34.139436], [-118.357344, 34.138311], [-118.358866, 34.138045], [-118.357828, 34.137986], [-118.356989, 34.135041], [-118.351998, 34.134193], [-118.348775, 34.131386], [-118.348453, 34.132885], [-118.344213, 34.136061], [-118.34323, 34.138214], [-118.345038, 34.142446], [-118.345665, 34.142367], [-118.346425, 34.142207], [-118.35416, 34.143211], [-118.357967, 34.143348], [-118.359386, 34.142706], [-118.361267, 34.142686], [-118.360958, 34.141136], [-118.362151, 34.139028]], [[-118.358352, 34.075678], [-118.357334, 34.075688], [-118.357352, 34.076122], [-118.358372, 34.076118], [-118.358352, 34.075678]], [[-118.30915, 33.737916], [-118.307743, 33.737915], [-118.301143, 33.737868], [-118.298947, 33.737879], [-118.296739, 33.737878], [-118.29673, 33.739693], [-118.296714, 33.743318], [-118.298005, 33.743352], [-118.298912, 33.744144], [-118.299508, 33.743345], [-118.301667, 33.743334], [-118.301655, 33.74152], [-118.302063, 33.73931], [-118.304264, 33.739961], [-118.304257, 33.741527], [-118.308682, 33.741621], [-118.30915, 33.737916]], [[-118.299215, 33.847292], [-118.297035, 33.847284], [-118.297043, 33.854227], [-118.297033, 33.858317], [-118.299222, 33.858315], [-118.299215, 33.847292]]]}}, {"type": "Feature", "properties": {"city_slug": "delano", "GEOID": "0618394", "NAMELSAD": "Delano city", "STUSPS": "CA", "ALAND": 38114812, "AWATER": 135325}, "geometry": {"type": "MultiPolygon", "coordinates": [[[[-119.329912, 35.775764], [-119.320967, 35.775798], [-119.321192, 35.790313], [-119.303665, 35.790345], [-119.30305, 35.775875], [-119.28076, 35.776006], [-119.280559, 35.78328], [-119.28626, 35.783487], [-119.285975, 35.790341], [-119.258792, 35.790421], [-119.252862, 35.790433], [-119.24919, 35.790449], [-119.241358, 35.790456], [-119.240942, 35.790457], [-119.236479, 35.790465], [-119.232436, 35.790472], [-119.223494, 35.790487], [-119.205506, 35.790493], [-119.205394, 35.783102], [-119.223116, 35.78318], [-119.223142, 35.775866], [-119.223165, 35.768666], [-119.214145, 35.768646], [-119.214103, 35.761372], [-119.218643, 35.761371], [-119.218654, 35.763543], [-119.223181, 35.763624], [-119.223045, 35.76137], [-119.223152, 35.757475], [-119.236394, 35.757533], [-119.236267, 35.751039], [-119.234075, 35.746905], [-119.223222, 35.746944], [-119.223124, 35.725198], [-119.237312, 35.725086], [-119.235676, 35.718065], [-119.236046, 35.718064], [-119.23738, 35.718058], [-119.236707, 35.715992], [-119.235876, 35.714244], [-119.240823, 35.714248], [-119.240823, 35.717909], [-119.241044, 35.717896], [-119.240957, 35.725092], [-119.240946, 35.732346], [-119.249447, 35.732311], [-119.249488, 35.737772], [-119.247273, 35.737779], [-119.247279, 35.739599], [-119.241801, 35.739625], [-119.242259, 35.741352], [-119.247337, 35.741424], [-119.247327, 35.743379], [-119.266781, 35.743308], [-119.266816, 35.746966], [-119.2584, 35.746989], [-119.25845, 35.757742], [-119.258468, 35.761376], [-119.262918, 35.761373], [-119.267368, 35.761369], [-119.276276, 35.76136], [-119.276286, 35.765002], [-119.271824, 35.765002], [-119.27185, 35.774535], [-119.276311, 35.774548], [-119.276314, 35.775638], [-119.285224, 35.775663], [-119.285197, 35.76497], [-119.289826, 35.765002], [-119.289884, 35.768523], [-119.29421, 35.768544], [-119.294102, 35.761333], [-119.303002, 35.761314], [-119.311904, 35.761295], [-119.32972, 35.761254], [-119.329912, 35.775764]], [[-119.240544, 35.728381], [-119.239116, 35.728483], [-119.240187, 35.733236], [-119.240389, 35.733183], [-119.240544, 35.728381]]], [[[-119.329948, 35.746728], [-119.329835, 35.753938], [-119.316378, 35.753985], [-119.316353, 35.74674], [-119.320721, 35.746777], [-119.320778, 35.739508], [-119.330061, 35.739544], [-119.329948, 35.746728]]], [[[-119.333829, 35.761241], [-119.32972, 35.761254], [-119.329833, 35.754074], [-119.333752, 35.754041], [-119.333829, 35.761241]]]]}}, {"type": "Feature", "properties": {"city_slug": "fairbanks", "GEOID": "0224230", "NAMELSAD": "Fairbanks city", "STUSPS": "AK", "ALAND": 82357830, "AWATER": 2149807}, "geometry": {"type": "Polygon", "coordinates": [[[-147.82094, 64.836783], [-147.812623, 64.836769], [-147.81266, 64.842346], [-147.809444, 64.842074], [-147.804775, 64.838783], [-147.80277, 64.83836], [-147.798477, 64.839108], [-147.797562, 64.840872], [-147.800699, 64.843613], [-147.799062, 64.845234], [-147.791457, 64.847086], [-147.787083, 64.84545], [-147.779525, 64.845455], [-147.778735, 64.846696], [-147.77883, 64.849406], [-147.778726, 64.851446], [-147.783495, 64.851589], [-147.782166, 64.855988], [-147.780786, 64.856213], [-147.780283, 64.85629], [-147.778687, 64.856635], [-147.777978, 64.856822], [-147.777678, 64.857007], [-147.775482, 64.858504], [-147.774686, 64.863584], [-147.77353, 64.863944], [-147.765692, 64.864174], [-147.759167, 64.863524], [-147.751318, 64.862073], [-147.752029, 64.8607], [-147.753321, 64.860506], [-147.753321, 64.85971], [-147.751984, 64.860103], [-147.744627, 64.861112], [-147.744812, 64.861454], [-147.74481, 64.86347], [-147.73818, 64.863433], [-147.678787, 64.863475], [-147.676864, 64.86347], [-147.669209, 64.86347], [-147.659775, 64.863472], [-147.659771, 64.870697], [-147.651503, 64.870698], [-147.65139, 64.874284], [-147.64297, 64.874287], [-147.642952, 64.870687], [-147.637347, 64.870688], [-147.575107, 64.870688], [-147.575145, 64.877906], [-147.524124, 64.877925], [-147.524175, 64.863475], [-147.526744, 64.863473], [-147.526739, 64.860802], [-147.526704, 64.852646], [-147.535186, 64.852314], [-147.535177, 64.849038], [-147.560619, 64.849038], [-147.560552, 64.834608], [-147.543724, 64.834612], [-147.543443, 64.830282], [-147.543472, 64.829073], [-147.54353, 64.82021], [-147.554095, 64.820324], [-147.554529, 64.82035], [-147.559161, 64.820891], [-147.565328, 64.82225], [-147.566431, 64.820233], [-147.56893, 64.820149], [-147.568793, 64.816493], [-147.572391, 64.810884], [-147.577401, 64.809205], [-147.577362, 64.805734], [-147.577228, 64.779639], [-147.577827, 64.779636], [-147.579984, 64.779668], [-147.582759, 64.781074], [-147.587698, 64.781678], [-147.596893, 64.77987], [-147.607349, 64.779867], [-147.613095, 64.782717], [-147.618482, 64.78676], [-147.620395, 64.787395], [-147.625928, 64.787457], [-147.635412, 64.789219], [-147.639491, 64.789333], [-147.647999, 64.791236], [-147.647566, 64.793738], [-147.649491, 64.794882], [-147.656975, 64.795964], [-147.662579, 64.795027], [-147.668114, 64.793604], [-147.668314, 64.814756], [-147.670274, 64.816557], [-147.6747, 64.815661], [-147.676889, 64.816555], [-147.693865, 64.816552], [-147.693655, 64.805769], [-147.710737, 64.805801], [-147.710765, 64.812966], [-147.738703, 64.812955], [-147.740857, 64.811243], [-147.744594, 64.81147], [-147.744615, 64.812979], [-147.758608, 64.812977], [-147.75861, 64.811685], [-147.763632, 64.812253], [-147.763653, 64.812956], [-147.778479, 64.812967], [-147.778736, 64.820915], [-147.778385, 64.820981], [-147.778513, 64.827382], [-147.79555, 64.827389], [-147.795566, 64.830999], [-147.812542, 64.831001], [-147.812538, 64.833984], [-147.814312, 64.833985], [-147.814307, 64.834628], [-147.821049, 64.834624], [-147.82094, 64.836783]]]}}, {"type": "Feature", "properties": {"city_slug": "sanfrancisco", "GEOID": "0667000", "NAMELSAD": "San Francisco city", "STUSPS": "CA", "ALAND": 120913549, "AWATER": 479701988}, "geometry": {"type": "MultiPolygon", "coordinates": [[[[-122.331615467306, 37.7870695682435], [-122.328024583922, 37.7813728248168], [-122.332037, 37.782035], [-122.331615467306, 37.7870695682435]]], [[[-122.377679, 37.83046], [-122.373453, 37.832298], [-122.368752, 37.831286], [-122.362911, 37.822696], [-122.364289, 37.81887], [-122.358779, 37.814278], [-122.360775, 37.812831], [-122.361107, 37.808029], [-122.362294, 37.807016], [-122.367138, 37.807429], [-122.371649, 37.809379], [-122.372836, 37.811068], [-122.371269, 37.814669], [-122.378962, 37.826897], [-122.377679, 37.83046]]], [[[-122.420317989313, 37.8630581631191], [-122.419324, 37.862851], [-122.418793, 37.861948], [-122.419927351108, 37.8607017616283], [-122.420317989313, 37.8630581631191]]], [[[-122.425227, 37.828586], [-122.423245, 37.828721], [-122.420248, 37.826513], [-122.420722, 37.82525], [-122.42277, 37.825256], [-122.425407, 37.827269], [-122.425227, 37.828586]]], [[[-122.514483, 37.780829], [-122.509842514521, 37.7846145393916], [-122.50531, 37.788312], [-122.493756799537, 37.7879559304919], [-122.492883, 37.787929], [-122.485783, 37.790629], [-122.485757214251, 37.7906791146768], [-122.480296, 37.801293], [-122.478171, 37.808353], [-122.477189297282, 37.8091229212514], [-122.476785, 37.80944], [-122.470701, 37.80855], [-122.463793, 37.804653], [-122.448481951551, 37.8060237134345], [-122.441030970266, 37.8066907585544], [-122.43243018499, 37.8074607392625], [-122.426572291023, 37.8079851640911], [-122.420920712571, 37.8084911186334], [-122.420263, 37.80855], [-122.419476296844, 37.8085756517705], [-122.409529, 37.8089], [-122.40549406459, 37.8070298571653], [-122.403108010692, 37.8059239505902], [-122.401789729185, 37.8053129433589], [-122.400847, 37.804876], [-122.401079, 37.803619], [-122.397326550183, 37.7994747955412], [-122.392265621653, 37.7938855075821], [-122.388476329207, 37.7897006141349], [-122.387768175003, 37.7889185288435], [-122.387669, 37.788809], [-122.387669, 37.7873905409835], [-122.387669, 37.7871752509506], [-122.387669, 37.7827910294118], [-122.387669, 37.776799], [-122.385216, 37.768773], [-122.385706761378, 37.7672532906085], [-122.38669624736, 37.7641892126081], [-122.386851, 37.76371], [-122.382285, 37.760855], [-122.381331, 37.755306], [-122.382852282096, 37.7535941283858], [-122.383103, 37.753312], [-122.382266933583, 37.7531536560241], [-122.376561, 37.752073], [-122.376241, 37.748523], [-122.372992392797, 37.7453136392659], [-122.367798, 37.740182], [-122.368244, 37.739866], [-122.37384, 37.739574], [-122.375784470392, 37.7358239499583], [-122.37587, 37.735659], [-122.375178, 37.734699], [-122.374982, 37.733862], [-122.374609, 37.73288], [-122.373327, 37.733186], [-122.372024, 37.734213], [-122.370077, 37.732788], [-122.369771405992, 37.7326989677807], [-122.367386, 37.732004], [-122.366161, 37.732844], [-122.364671, 37.731859], [-122.359279, 37.728593], [-122.363647, 37.722072], [-122.362872, 37.718115], [-122.364775, 37.716388], [-122.379289, 37.724302], [-122.383235, 37.720735], [-122.383042056708, 37.7206090298585], [-122.377476879317, 37.7169755986227], [-122.375978, 37.715997], [-122.380064, 37.710869], [-122.378765, 37.709522], [-122.37939, 37.708663], [-122.391549, 37.709755], [-122.393259462166, 37.7083647164057], [-122.39512, 37.708394], [-122.404728, 37.708358], [-122.405143, 37.708432], [-122.405371, 37.708294], [-122.407732, 37.708407], [-122.412301, 37.708459], [-122.41238, 37.708303], [-122.416188, 37.708402], [-122.416275, 37.708209], [-122.420068, 37.708344], [-122.423345, 37.70928], [-122.423861, 37.708195], [-122.428903, 37.708361], [-122.429911, 37.708338], [-122.43151, 37.70815], [-122.431923, 37.708343], [-122.433551, 37.708383], [-122.435052, 37.708371], [-122.436781, 37.707919], [-122.441267, 37.708319], [-122.441996, 37.70807], [-122.445055, 37.708093], [-122.44551, 37.708374], [-122.44816, 37.708517], [-122.44966, 37.707985], [-122.449852, 37.708338], [-122.452347, 37.708215], [-122.452409, 37.708331], [-122.453605, 37.708485], [-122.457352, 37.708351], [-122.458825, 37.708445], [-122.459229, 37.708075], [-122.462315, 37.707989], [-122.464891, 37.708272], [-122.464896, 37.708213], [-122.468969, 37.708198], [-122.469013, 37.708198], [-122.471333, 37.708207], [-122.485774, 37.708134], [-122.486135, 37.708156], [-122.486376, 37.708156], [-122.498093, 37.708132], [-122.502426880724, 37.7081329861058], [-122.506483, 37.723731], [-122.508121548602, 37.7354395332202], [-122.509993368973, 37.7488149503326], [-122.512070759187, 37.7636593024008], [-122.513067688424, 37.7707830331715], [-122.513128, 37.771214], [-122.514483, 37.780829]]], [[[-123.013916, 37.700355], [-123.007786, 37.698943], [-123.007548, 37.70214], [-123.003507, 37.704396], [-123.000893, 37.701011], [-122.998754, 37.697438], [-123.002794, 37.692736], [-123.005884, 37.693489], [-123.007548, 37.695934], [-123.012777, 37.696498], [-123.013916, 37.700355]]]]}}, {"type": "Feature", "properties": {"city_slug": "fresno", "GEOID": "0627000", "NAMELSAD": "Fresno city", "STUSPS": "CA", "ALAND": 300202535, "AWATER": 3114247}, "geometry": {"type": "MultiPolygon", "coordinates": [[[[-119.709346, 36.728984], [-119.709333, 36.730442], [-119.705991, 36.730427], [-119.70601, 36.728607], [-119.70836, 36.728619], [-119.70935, 36.72862], [-119.709346, 36.728984]]], [[[-119.932593, 36.844464], [-119.929251, 36.847889], [-119.92708, 36.848574], [-119.923556, 36.84783], [-119.918486, 36.845121], [-119.916186, 36.844917], [-119.912132, 36.845373], [-119.909598, 36.846103], [-119.908477, 36.846917], [-119.906076, 36.850176], [-119.904024, 36.851553], [-119.8976, 36.852273], [-119.89299, 36.852205], [-119.890181, 36.851816], [-119.88873, 36.852393], [-119.888198, 36.852878], [-119.8877, 36.853595], [-119.887249, 36.854995], [-119.887013, 36.857474], [-119.88679, 36.858055], [-119.885914, 36.858884], [-119.885321, 36.859137], [-119.883309, 36.859065], [-119.879378, 36.855979], [-119.875014, 36.854257], [-119.875033, 36.853762], [-119.874411, 36.852019], [-119.867549, 36.850854], [-119.865861, 36.851131], [-119.865683, 36.845624], [-119.862076, 36.846711], [-119.858327, 36.849977], [-119.858818, 36.853424], [-119.858548, 36.854036], [-119.856886, 36.85205], [-119.853182, 36.851583], [-119.851058, 36.852879], [-119.847935, 36.85882], [-119.844385, 36.860584], [-119.844387, 36.856809], [-119.842211, 36.856853], [-119.844406, 36.850883], [-119.847742, 36.851528], [-119.847716, 36.850356], [-119.840215, 36.85027], [-119.839859, 36.850255], [-119.836812, 36.850181], [-119.832089, 36.849102], [-119.831478, 36.850286], [-119.831261, 36.85146], [-119.823739, 36.848605], [-119.818746, 36.848068], [-119.816949, 36.848988], [-119.816832, 36.848994], [-119.816658, 36.849028], [-119.816468, 36.849097], [-119.815669, 36.849497], [-119.815062, 36.849697], [-119.814019, 36.849811], [-119.813377, 36.849974], [-119.813239, 36.85047], [-119.813593, 36.851519], [-119.812544, 36.85363], [-119.812318, 36.857215], [-119.814888, 36.859566], [-119.815026, 36.860696], [-119.812076, 36.863759], [-119.808528, 36.864051], [-119.806327, 36.865018], [-119.802666, 36.865826], [-119.802059, 36.867342], [-119.799845, 36.870523], [-119.798273, 36.87389], [-119.796761, 36.875357], [-119.792884, 36.876214], [-119.792499, 36.876286], [-119.789248, 36.876133], [-119.786114, 36.87889], [-119.784961, 36.884717], [-119.78908, 36.890115], [-119.788416, 36.890111], [-119.786252, 36.890098], [-119.783659, 36.888145], [-119.778406, 36.888144], [-119.776171, 36.892209], [-119.773646, 36.893684], [-119.770752, 36.894054], [-119.768569, 36.895666], [-119.766343, 36.895682], [-119.767079, 36.896542], [-119.765045, 36.899082], [-119.763239, 36.902309], [-119.760749, 36.902963], [-119.757672, 36.902933], [-119.752216, 36.905525], [-119.747809, 36.909481], [-119.742842, 36.911172], [-119.74284, 36.910327], [-119.734081, 36.910393], [-119.728564, 36.910506], [-119.731714, 36.906669], [-119.73227, 36.905032], [-119.732128, 36.904123], [-119.730019, 36.900824], [-119.729905, 36.896047], [-119.729861, 36.888714], [-119.729889, 36.88142], [-119.729827, 36.874112], [-119.729793, 36.866803], [-119.73443, 36.866692], [-119.734338, 36.863104], [-119.729753, 36.863155], [-119.729746, 36.859483], [-119.729717, 36.852152], [-119.731336, 36.852149], [-119.731317, 36.84941], [-119.729685, 36.849423], [-119.72962, 36.844832], [-119.729551, 36.837591], [-119.729452, 36.830284], [-119.729374, 36.824443], [-119.729047, 36.823027], [-119.727428, 36.820558], [-119.727179, 36.819421], [-119.727293, 36.815762], [-119.7273, 36.814199], [-119.727271, 36.812153], [-119.729327, 36.812135], [-119.732676, 36.809049], [-119.731737, 36.808532], [-119.731738, 36.808279], [-119.731971, 36.808074], [-119.731985, 36.807873], [-119.732041, 36.807705], [-119.732166, 36.807526], [-119.731842, 36.807521], [-119.73184, 36.807338], [-119.731733, 36.807339], [-119.731703, 36.801272], [-119.731664, 36.794214], [-119.727336, 36.794136], [-119.722647, 36.794071], [-119.718132, 36.794031], [-119.718119, 36.786706], [-119.70916, 36.786722], [-119.702437, 36.786709], [-119.701657, 36.783386], [-119.700297, 36.785101], [-119.700251, 36.783025], [-119.69231, 36.78305], [-119.691091, 36.789434], [-119.689741, 36.78944], [-119.686135, 36.78937], [-119.682147, 36.789447], [-119.682128, 36.792546], [-119.67306, 36.792279], [-119.670081, 36.792075], [-119.66405, 36.789335], [-119.662917, 36.788986], [-119.655024, 36.787611], [-119.655019, 36.786168], [-119.650509, 36.786155], [-119.650511, 36.783886], [-119.655019, 36.7839], [-119.655019, 36.783234], [-119.655001, 36.775668], [-119.656171, 36.775687], [-119.656343, 36.772132], [-119.655019, 36.772132], [-119.655001, 36.770356], [-119.656754, 36.770491], [-119.659546, 36.768542], [-119.659558, 36.764836], [-119.664031, 36.764863], [-119.664046, 36.767138], [-119.664054, 36.774015], [-119.668581, 36.773963], [-119.668606, 36.76486], [-119.667158, 36.764861], [-119.666384, 36.765043], [-119.666328, 36.76116], [-119.670834, 36.761153], [-119.670767, 36.757447], [-119.679813, 36.757402], [-119.67984, 36.76114], [-119.673084, 36.761145], [-119.673092, 36.764946], [-119.682129, 36.76494], [-119.682211, 36.772121], [-119.687524, 36.77214], [-119.687792, 36.772135], [-119.68781, 36.76493], [-119.691069, 36.764932], [-119.691109, 36.761037], [-119.69557, 36.761071], [-119.695648, 36.759269], [-119.696784, 36.759308], [-119.697423, 36.758238], [-119.697419, 36.75746], [-119.695686, 36.757457], [-119.695653, 36.753902], [-119.695944, 36.752556], [-119.697283, 36.752707], [-119.698084, 36.753896], [-119.700355, 36.753903], [-119.700234, 36.752553], [-119.700137, 36.750428], [-119.694202, 36.750394], [-119.688873, 36.750379], [-119.688873, 36.753039], [-119.686527, 36.753045], [-119.686514, 36.750368], [-119.68197, 36.750353], [-119.678109, 36.750334], [-119.678121, 36.75251], [-119.676446, 36.751788], [-119.676446, 36.753845], [-119.673032, 36.753849], [-119.673024, 36.750324], [-119.663944, 36.750291], [-119.663964, 36.748677], [-119.668523, 36.748647], [-119.668547, 36.744154], [-119.670385, 36.743697], [-119.668513, 36.743102], [-119.668609, 36.736892], [-119.664064, 36.736905], [-119.664054, 36.733257], [-119.668588, 36.73322], [-119.668601, 36.730716], [-119.667058, 36.7308], [-119.667046, 36.729587], [-119.664166, 36.729578], [-119.661023, 36.729542], [-119.659758, 36.727945], [-119.658335, 36.727969], [-119.65657, 36.725465], [-119.659512, 36.725084], [-119.659512, 36.724541], [-119.664143, 36.724575], [-119.664068, 36.718551], [-119.668565, 36.718551], [-119.668566, 36.716709], [-119.673039, 36.716709], [-119.673074, 36.722036], [-119.682161, 36.722042], [-119.682097, 36.71627], [-119.677584, 36.716728], [-119.677563, 36.711183], [-119.669732, 36.711216], [-119.669706, 36.709529], [-119.673019, 36.709513], [-119.673022, 36.707455], [-119.682016, 36.707424], [-119.690923, 36.70745], [-119.693301, 36.707453], [-119.693308, 36.711222], [-119.694494, 36.710283], [-119.699963, 36.710289], [-119.699954, 36.707477], [-119.702968, 36.707502], [-119.703, 36.70965], [-119.706795, 36.709682], [-119.706889, 36.707534], [-119.709139, 36.707551], [-119.718422, 36.707715], [-119.727363, 36.707353], [-119.730703, 36.707224], [-119.730488, 36.705322], [-119.729671, 36.705335], [-119.729567, 36.703637], [-119.731019, 36.703559], [-119.731041, 36.69991], [-119.733206, 36.699816], [-119.733198, 36.703429], [-119.736444, 36.703312], [-119.736411, 36.706974], [-119.745627, 36.706843], [-119.748648, 36.706859], [-119.75317, 36.705997], [-119.754645, 36.705958], [-119.754549, 36.700295], [-119.750132, 36.699964], [-119.750118, 36.701847], [-119.745618, 36.70242], [-119.745637, 36.699646], [-119.743427, 36.699679], [-119.743411, 36.698766], [-119.73658, 36.698748], [-119.736569, 36.696051], [-119.745629, 36.696037], [-119.745623, 36.692414], [-119.749672, 36.692383], [-119.750216, 36.692382], [-119.750036, 36.691243], [-119.750073, 36.677917], [-119.745693, 36.677919], [-119.745692, 36.676144], [-119.739376, 36.676106], [-119.736716, 36.673912], [-119.735049, 36.672501], [-119.736704, 36.672495], [-119.739017, 36.672493], [-119.739023, 36.670683], [-119.754728, 36.670676], [-119.75471, 36.676115], [-119.755958, 36.676104], [-119.755975, 36.677813], [-119.763689, 36.67779], [-119.772725, 36.677981], [-119.777192, 36.677899], [-119.777464, 36.686881], [-119.781739, 36.686853], [-119.782648, 36.692252], [-119.790761, 36.692285], [-119.793419, 36.692287], [-119.793404, 36.691039], [-119.795263, 36.691042], [-119.795253, 36.689539], [-119.799325, 36.689546], [-119.799784, 36.689351], [-119.79979, 36.692163], [-119.804338, 36.69215], [-119.811466, 36.692155], [-119.811108, 36.693991], [-119.808845, 36.694034], [-119.808811, 36.699532], [-119.803204, 36.699551], [-119.802125, 36.70315], [-119.802117, 36.706862], [-119.806646, 36.706859], [-119.817923, 36.70676], [-119.825629, 36.706711], [-119.825957, 36.695792], [-119.826864, 36.69579], [-119.826837, 36.692192], [-119.831027, 36.692172], [-119.835684, 36.692148], [-119.835785, 36.699364], [-119.832531, 36.69939], [-119.832608, 36.706682], [-119.826889, 36.706703], [-119.82682, 36.713988], [-119.826672, 36.717618], [-119.82665, 36.721315], [-119.828984, 36.721293], [-119.828978, 36.723043], [-119.831182, 36.723023], [-119.835681, 36.723023], [-119.835714, 36.721238], [-119.835789, 36.713935], [-119.844483, 36.713892], [-119.844553, 36.721164], [-119.844417, 36.72839], [-119.846693, 36.728384], [-119.846682, 36.729552], [-119.848932, 36.728374], [-119.862439, 36.728265], [-119.862402, 36.731871], [-119.85792, 36.731912], [-119.85791, 36.735546], [-119.853378, 36.7356], [-119.853414, 36.732222], [-119.851175, 36.732241], [-119.851182, 36.735612], [-119.844382, 36.735677], [-119.844336, 36.739205], [-119.84662, 36.739171], [-119.846586, 36.740294], [-119.851649, 36.740171], [-119.851648, 36.740922], [-119.855578, 36.740556], [-119.855607, 36.739147], [-119.857856, 36.739128], [-119.857809, 36.742747], [-119.855493, 36.74277], [-119.855474, 36.746304], [-119.844277, 36.746338], [-119.844277, 36.746414], [-119.843258, 36.746417], [-119.843202, 36.750153], [-119.841082, 36.750163], [-119.841079, 36.746418], [-119.835537, 36.746409], [-119.835561, 36.750247], [-119.83554, 36.751061], [-119.833367, 36.751662], [-119.833381, 36.753835], [-119.832686, 36.753831], [-119.832913, 36.754553], [-119.833341, 36.754553], [-119.833341, 36.755403], [-119.834387, 36.755301], [-119.834384, 36.755657], [-119.835543, 36.755652], [-119.83553, 36.757452], [-119.844284, 36.757454], [-119.844276, 36.753794], [-119.844236, 36.750167], [-119.846495, 36.75014], [-119.846508, 36.75197], [-119.84763, 36.753781], [-119.846547, 36.755568], [-119.846616, 36.761042], [-119.845444, 36.76288], [-119.846578, 36.764673], [-119.844286, 36.764693], [-119.844261, 36.764693], [-119.84428, 36.77007], [-119.846618, 36.770051], [-119.846598, 36.768287], [-119.848814, 36.768271], [-119.857774, 36.768251], [-119.857839, 36.770351], [-119.853306, 36.770042], [-119.853308, 36.771896], [-119.853306, 36.772594], [-119.852212, 36.773697], [-119.846617, 36.773748], [-119.846635, 36.775556], [-119.8486, 36.775551], [-119.848883, 36.777309], [-119.853344, 36.777325], [-119.853317, 36.775522], [-119.856752, 36.775443], [-119.85597, 36.771876], [-119.860084, 36.771867], [-119.860434, 36.773776], [-119.86141, 36.773745], [-119.8614, 36.771829], [-119.860592, 36.771859], [-119.860546, 36.769878], [-119.86226, 36.769878], [-119.86223, 36.764615], [-119.866763, 36.764586], [-119.866781, 36.768215], [-119.871268, 36.76815], [-119.871278, 36.764586], [-119.873525, 36.763622], [-119.873499, 36.760919], [-119.880249, 36.760903], [-119.88024, 36.764521], [-119.880264, 36.766328], [-119.88476, 36.766312], [-119.884693, 36.764536], [-119.882505, 36.764559], [-119.882478, 36.760906], [-119.88474, 36.760854], [-119.884735, 36.757278], [-119.891022, 36.757255], [-119.891022, 36.75876], [-119.892358, 36.75876], [-119.892325, 36.757165], [-119.89375, 36.757165], [-119.893721, 36.764464], [-119.890379, 36.764485], [-119.890335, 36.760861], [-119.88924, 36.760854], [-119.889231, 36.764503], [-119.889225, 36.766293], [-119.893752, 36.766274], [-119.893745, 36.768082], [-119.893771, 36.768154], [-119.893791, 36.769898], [-119.889254, 36.769936], [-119.88925, 36.768111], [-119.880269, 36.768154], [-119.880266, 36.771793], [-119.880294, 36.773606], [-119.884773, 36.773554], [-119.884799, 36.771767], [-119.889258, 36.771747], [-119.889281, 36.775389], [-119.884677, 36.77539], [-119.884833, 36.779036], [-119.880303, 36.779067], [-119.880299, 36.777245], [-119.875262, 36.777243], [-119.875247, 36.778345], [-119.87381, 36.77758], [-119.871297, 36.77822], [-119.871272, 36.77743], [-119.868825, 36.777444], [-119.868831, 36.779096], [-119.867563, 36.779103], [-119.869032, 36.780075], [-119.869426, 36.782777], [-119.871308, 36.783629], [-119.866821, 36.784536], [-119.866834, 36.786376], [-119.862331, 36.786384], [-119.862305, 36.788185], [-119.871322, 36.788152], [-119.871283, 36.786347], [-119.880378, 36.786315], [-119.880356, 36.783603], [-119.883713, 36.782652], [-119.883694, 36.780042], [-119.886505, 36.780032], [-119.887072, 36.781204], [-119.887051, 36.77903], [-119.889307, 36.779026], [-119.889283, 36.781736], [-119.893819, 36.78172], [-119.893827, 36.782607], [-119.898322, 36.782593], [-119.907305, 36.782571], [-119.907357, 36.791653], [-119.902869, 36.791674], [-119.902859, 36.789854], [-119.898361, 36.789874], [-119.891651, 36.789903], [-119.891649, 36.795353], [-119.893891, 36.795329], [-119.893867, 36.793527], [-119.898377, 36.793516], [-119.89838, 36.795319], [-119.900635, 36.795312], [-119.90164, 36.793491], [-119.91637, 36.79343], [-119.916289, 36.7789], [-119.921916, 36.778863], [-119.921914, 36.782482], [-119.925309, 36.782505], [-119.925504, 36.800742], [-119.916419, 36.800718], [-119.907436, 36.800677], [-119.90741, 36.803517], [-119.911936, 36.803171], [-119.912, 36.807937], [-119.920998, 36.807884], [-119.921015, 36.811493], [-119.923277, 36.811481], [-119.925597, 36.812312], [-119.925558, 36.815072], [-119.925641, 36.815071], [-119.925667, 36.817774], [-119.92329, 36.817874], [-119.923301, 36.820507], [-119.921097, 36.820551], [-119.921096, 36.822362], [-119.917823, 36.8224], [-119.917804, 36.820491], [-119.91655, 36.820517], [-119.916554, 36.822416], [-119.916554, 36.825846], [-119.911593, 36.825878], [-119.911587, 36.825328], [-119.909324, 36.825347], [-119.905711, 36.822515], [-119.905476, 36.822519], [-119.904852, 36.82253], [-119.913312, 36.829285], [-119.916364, 36.832209], [-119.917387, 36.832637], [-119.922032, 36.836357], [-119.925905, 36.839799], [-119.932366, 36.843207], [-119.932338, 36.843323], [-119.932593, 36.844464]], [[-119.874694, 36.843147], [-119.872458, 36.842965], [-119.865499, 36.838029], [-119.865655, 36.843446], [-119.870735, 36.842826], [-119.872759, 36.844019], [-119.874808, 36.844513], [-119.874694, 36.843147]], [[-119.874547, 36.838556], [-119.871277, 36.838621], [-119.87019, 36.839447], [-119.874651, 36.842661], [-119.874547, 36.838556]], [[-119.863241, 36.844138], [-119.859717, 36.844105], [-119.859717, 36.844161], [-119.858836, 36.844159], [-119.858794, 36.842408], [-119.856549, 36.842389], [-119.856534, 36.841241], [-119.847523, 36.841562], [-119.847566, 36.844333], [-119.847694, 36.847099], [-119.850538, 36.8487], [-119.852389, 36.845365], [-119.852635, 36.843984], [-119.855002, 36.844736], [-119.855144, 36.846642], [-119.85307, 36.84587], [-119.852493, 36.846901], [-119.854814, 36.84718], [-119.853939, 36.848918], [-119.853831, 36.849438], [-119.856496, 36.847565], [-119.856156, 36.847018], [-119.858453, 36.846544], [-119.858598, 36.846748], [-119.86071, 36.84542], [-119.862273, 36.844713], [-119.863241, 36.844138]], [[-119.847511, 36.83947], [-119.84518, 36.839498], [-119.845057, 36.837465], [-119.843371, 36.837624], [-119.839923, 36.838204], [-119.83535, 36.839059], [-119.835366, 36.840827], [-119.847523, 36.840779], [-119.847511, 36.83947]], [[-119.844408, 36.810944], [-119.841692, 36.810963], [-119.841666, 36.809619], [-119.839371, 36.809231], [-119.839352, 36.810042], [-119.830777, 36.809799], [-119.830824, 36.815498], [-119.830839, 36.820003], [-119.833087, 36.82], [-119.833063, 36.821774], [-119.835542, 36.821767], [-119.835526, 36.822788], [-119.835527, 36.827238], [-119.839987, 36.827246], [-119.839968, 36.82637], [-119.841718, 36.826363], [-119.841492, 36.825898], [-119.841614, 36.822733], [-119.842166, 36.822723], [-119.842165, 36.820049], [-119.841617, 36.820039], [-119.840981, 36.820038], [-119.840997, 36.819097], [-119.836454, 36.819115], [-119.835378, 36.815479], [-119.842689, 36.815464], [-119.844395, 36.815478], [-119.8444, 36.814649], [-119.844374, 36.814034], [-119.844374, 36.813088], [-119.844408, 36.810944]], [[-119.839955, 36.829974], [-119.839935, 36.829044], [-119.835386, 36.829092], [-119.835369, 36.824558], [-119.830826, 36.824126], [-119.828576, 36.826815], [-119.826382, 36.826819], [-119.826383, 36.82374], [-119.824552, 36.82374], [-119.824679, 36.822742], [-119.824674, 36.82229], [-119.824068, 36.822298], [-119.824044, 36.815526], [-119.826381, 36.815517], [-119.826383, 36.811886], [-119.823008, 36.811932], [-119.821895, 36.809583], [-119.821904, 36.808864], [-119.81928, 36.808794], [-119.817404, 36.808806], [-119.817411, 36.810122], [-119.817413, 36.811935], [-119.815163, 36.811962], [-119.81518, 36.810168], [-119.815186, 36.809751], [-119.814345, 36.809752], [-119.814349, 36.808896], [-119.810708, 36.809358], [-119.810141, 36.809366], [-119.809541, 36.811992], [-119.808409, 36.811991], [-119.808393, 36.813808], [-119.809191, 36.815613], [-119.815092, 36.815586], [-119.815124, 36.819185], [-119.810269, 36.819232], [-119.808843, 36.821488], [-119.809588, 36.822834], [-119.812864, 36.822818], [-119.812934, 36.820995], [-119.815073, 36.820982], [-119.815099, 36.822305], [-119.817355, 36.822311], [-119.817344, 36.822786], [-119.817361, 36.824644], [-119.811842, 36.824693], [-119.810677, 36.823232], [-119.808856, 36.824696], [-119.810561, 36.826459], [-119.810703, 36.830056], [-119.817328, 36.830018], [-119.81733, 36.833587], [-119.821942, 36.833643], [-119.821916, 36.833263], [-119.821837, 36.83], [-119.826365, 36.829991], [-119.829937, 36.829988], [-119.830812, 36.830962], [-119.830814, 36.835096], [-119.833083, 36.834596], [-119.835369, 36.835405], [-119.835351, 36.837195], [-119.839978, 36.837191], [-119.839955, 36.829974]], [[-119.820092, 36.844677], [-119.818827, 36.8454], [-119.814417, 36.847665], [-119.813468, 36.849533], [-119.816374, 36.848987], [-119.819322, 36.847768], [-119.820216, 36.847468], [-119.820092, 36.844677]], [[-119.817505, 36.793032], [-119.815888, 36.792014], [-119.813041, 36.792053], [-119.813445, 36.790239], [-119.809813, 36.787651], [-119.808626, 36.786686], [-119.807088, 36.785118], [-119.806684, 36.78488], [-119.804718, 36.784887], [-119.804087, 36.786727], [-119.802375, 36.786748], [-119.802361, 36.79034], [-119.799539, 36.790371], [-119.799538, 36.794008], [-119.799526, 36.795805], [-119.795018, 36.794949], [-119.795026, 36.79403], [-119.792878, 36.794052], [-119.792872, 36.793694], [-119.79227, 36.794059], [-119.792399, 36.794057], [-119.791705, 36.794575], [-119.793867, 36.797665], [-119.793874, 36.800844], [-119.791138, 36.801312], [-119.791618, 36.801691], [-119.791592, 36.807459], [-119.79269, 36.808126], [-119.793379, 36.8085], [-119.797192, 36.808468], [-119.797178, 36.810326], [-119.799433, 36.810519], [-119.799422, 36.811402], [-119.794916, 36.812096], [-119.794878, 36.815675], [-119.799406, 36.815667], [-119.799421, 36.813825], [-119.800525, 36.813929], [-119.800441, 36.817196], [-119.799381, 36.816997], [-119.799361, 36.821067], [-119.80151, 36.821081], [-119.801304, 36.822867], [-119.799331, 36.822879], [-119.799321, 36.823856], [-119.795381, 36.824754], [-119.795378, 36.8229], [-119.792604, 36.822887], [-119.792567, 36.825305], [-119.790921, 36.825032], [-119.791432, 36.826507], [-119.793686, 36.826515], [-119.793667, 36.830124], [-119.794245, 36.83013], [-119.794576, 36.83013], [-119.796983, 36.830094], [-119.796956, 36.828806], [-119.799309, 36.828786], [-119.799318, 36.828292], [-119.803889, 36.828314], [-119.803912, 36.826467], [-119.807786, 36.826447], [-119.807627, 36.824715], [-119.806039, 36.824708], [-119.806055, 36.822848], [-119.806097, 36.821921], [-119.807773, 36.821924], [-119.80776, 36.816807], [-119.806147, 36.816553], [-119.806166, 36.815624], [-119.807834, 36.815622], [-119.807761, 36.813818], [-119.801781, 36.813844], [-119.801596, 36.811203], [-119.805068, 36.811052], [-119.805069, 36.808402], [-119.808416, 36.80839], [-119.808511, 36.805741], [-119.810707, 36.805732], [-119.810707, 36.808369], [-119.811474, 36.80836], [-119.811485, 36.807206], [-119.814076, 36.806554], [-119.817462, 36.80615], [-119.817481, 36.801889], [-119.81747, 36.801088], [-119.817482, 36.795288], [-119.816341, 36.79427], [-119.815253, 36.793853], [-119.817493, 36.793844], [-119.817505, 36.793032]], [[-119.808304, 36.830076], [-119.805982, 36.830077], [-119.806029, 36.831887], [-119.801102, 36.831925], [-119.801601, 36.833708], [-119.803773, 36.833676], [-119.803793, 36.834959], [-119.8083, 36.834922], [-119.808304, 36.830076]], [[-119.770835, 36.768644], [-119.768724, 36.766702], [-119.763674, 36.766459], [-119.762613, 36.765832], [-119.762576, 36.765026], [-119.755686, 36.765109], [-119.754525, 36.766225], [-119.753357, 36.766119], [-119.752802, 36.765106], [-119.751318, 36.765093], [-119.749152, 36.765083], [-119.747823, 36.765091], [-119.747886, 36.767062], [-119.745399, 36.767094], [-119.745383, 36.769089], [-119.745364, 36.772268], [-119.740839, 36.772249], [-119.736317, 36.772252], [-119.731732, 36.77224], [-119.731687, 36.778674], [-119.732776, 36.778667], [-119.732781, 36.779078], [-119.736266, 36.77907], [-119.736258, 36.779496], [-119.736257, 36.781754], [-119.738507, 36.781805], [-119.738539, 36.779511], [-119.740804, 36.779535], [-119.74079, 36.775886], [-119.745283, 36.775903], [-119.74533, 36.777739], [-119.747598, 36.777742], [-119.747563, 36.778643], [-119.750172, 36.7796], [-119.752562, 36.77961], [-119.75216, 36.775959], [-119.754418, 36.775967], [-119.754447, 36.773516], [-119.752406, 36.772791], [-119.752394, 36.772316], [-119.754451, 36.772324], [-119.754452, 36.771741], [-119.749912, 36.770498], [-119.749941, 36.76903], [-119.749943, 36.768678], [-119.754482, 36.768682], [-119.754447, 36.771297], [-119.754839, 36.771743], [-119.755707, 36.77232], [-119.762963, 36.772296], [-119.763694, 36.7723], [-119.76369, 36.77599], [-119.767894, 36.775926], [-119.767871, 36.77228], [-119.770761, 36.772273], [-119.770874, 36.770241], [-119.770835, 36.768644]], [[-119.765732, 36.877493], [-119.759236, 36.877507], [-119.756745, 36.877506], [-119.75665, 36.881025], [-119.756697, 36.881162], [-119.765741, 36.881212], [-119.765732, 36.877493]], [[-119.738763, 36.842188], [-119.738738, 36.84147], [-119.731961, 36.841199], [-119.731981, 36.844756], [-119.738744, 36.844653], [-119.738763, 36.842188]], [[-119.731948, 36.717989], [-119.727471, 36.718193], [-119.722989, 36.718365], [-119.722927, 36.722048], [-119.721705, 36.722109], [-119.721705, 36.724981], [-119.727451, 36.724914], [-119.727452, 36.721837], [-119.731979, 36.721596], [-119.731948, 36.717989]], [[-119.731866, 36.747363], [-119.72959, 36.747375], [-119.727347, 36.745901], [-119.727329, 36.746959], [-119.718224, 36.746911], [-119.71602, 36.746919], [-119.715511, 36.750412], [-119.709155, 36.750422], [-119.709207, 36.757443], [-119.716078, 36.757468], [-119.71606, 36.75632], [-119.718244, 36.756338], [-119.718253, 36.755852], [-119.713701, 36.755864], [-119.713704, 36.754058], [-119.717041, 36.754038], [-119.717581, 36.75345], [-119.717693, 36.752222], [-119.718258, 36.752223], [-119.718243, 36.750423], [-119.722766, 36.750443], [-119.722743, 36.75293], [-119.725308, 36.753947], [-119.725277, 36.755498], [-119.723339, 36.755498], [-119.722948, 36.757484], [-119.727299, 36.75748], [-119.7273, 36.756799], [-119.729574, 36.75589], [-119.731852, 36.756799], [-119.731848, 36.75043], [-119.731866, 36.747363]], [[-119.72645, 36.739535], [-119.718314, 36.739512], [-119.718277, 36.741231], [-119.720575, 36.741236], [-119.719448, 36.743135], [-119.726412, 36.743176], [-119.726392, 36.742253], [-119.72645, 36.739535]], [[-119.712681, 36.7377], [-119.712421, 36.737292], [-119.709293, 36.737348], [-119.709293, 36.737147], [-119.708226, 36.737143], [-119.707531, 36.735878], [-119.709317, 36.735875], [-119.711469, 36.73589], [-119.711534, 36.728601], [-119.70935, 36.72862], [-119.709394, 36.722262], [-119.709296, 36.716721], [-119.706571, 36.716339], [-119.704673, 36.716352], [-119.705316, 36.722236], [-119.699917, 36.722245], [-119.682087, 36.722273], [-119.682066, 36.727716], [-119.676564, 36.727699], [-119.67415, 36.728168], [-119.673059, 36.727715], [-119.673018, 36.736944], [-119.675812, 36.736941], [-119.675767, 36.735626], [-119.68207, 36.735652], [-119.682066, 36.736881], [-119.692198, 36.73626], [-119.692169, 36.732942], [-119.698437, 36.732045], [-119.699986, 36.732006], [-119.699993, 36.731137], [-119.70072, 36.731122], [-119.700007, 36.733431], [-119.700001, 36.732658], [-119.69845, 36.732663], [-119.70001, 36.733838], [-119.700021, 36.735811], [-119.70002, 36.736862], [-119.700956, 36.738356], [-119.704319, 36.738313], [-119.702916, 36.739555], [-119.709274, 36.739491], [-119.710395, 36.739503], [-119.710392, 36.73842], [-119.711542, 36.738388], [-119.711539, 36.738756], [-119.712681, 36.738737], [-119.712681, 36.7377]], [[-119.663264, 36.772133], [-119.661438, 36.772132], [-119.66112, 36.772132], [-119.66114, 36.773955], [-119.663258, 36.773993], [-119.663264, 36.772133]], [[-119.754645, 36.705958], [-119.754669, 36.706929], [-119.754686, 36.712124], [-119.75852, 36.712116], [-119.758503, 36.714163], [-119.754672, 36.714133], [-119.754663, 36.717752], [-119.753559, 36.717735], [-119.753567, 36.721404], [-119.75466, 36.721404], [-119.756886, 36.721392], [-119.756892, 36.719937], [-119.759098, 36.71993], [-119.759166, 36.720566], [-119.759167, 36.717771], [-119.763656, 36.717759], [-119.763656, 36.718452], [-119.766948, 36.71842], [-119.766946, 36.719763], [-119.771952, 36.719781], [-119.771943, 36.716756], [-119.76777, 36.716564], [-119.767838, 36.714327], [-119.763669, 36.714146], [-119.762433, 36.713406], [-119.76366, 36.712709], [-119.76367, 36.711261], [-119.763426, 36.707261], [-119.763649, 36.706875], [-119.759981, 36.703647], [-119.759243, 36.703651], [-119.759194, 36.705961], [-119.754645, 36.705958]], [[-119.709155, 36.750422], [-119.70916, 36.749237], [-119.713705, 36.75018], [-119.71377, 36.746802], [-119.716019, 36.746802], [-119.716017, 36.743143], [-119.71671, 36.740619], [-119.713758, 36.740037], [-119.709242, 36.74044], [-119.709221, 36.743141], [-119.705633, 36.743155], [-119.705344, 36.745901], [-119.706956, 36.746906], [-119.701692, 36.7469], [-119.700447, 36.747697], [-119.701561, 36.75042], [-119.709155, 36.750422]]], [[[-119.934386, 36.706245], [-119.916477, 36.706316], [-119.908224, 36.706306], [-119.889781, 36.706364], [-119.884372, 36.706406], [-119.884364, 36.703753], [-119.880516, 36.703768], [-119.880535, 36.684661], [-119.889542, 36.684615], [-119.889663, 36.677384], [-119.898492, 36.677354], [-119.898513, 36.670025], [-119.900776, 36.670012], [-119.900783, 36.662942], [-119.907324, 36.662682], [-119.907528, 36.662756], [-119.907541, 36.67725], [-119.916564, 36.677201], [-119.916489, 36.691743], [-119.934353, 36.691643], [-119.934386, 36.706245]]]]}}, {"type": "Feature", "properties": {"city_slug": "warren", "GEOID": "2684000", "NAMELSAD": "Warren city", "STUSPS": "MI", "ALAND": 89035721, "AWATER": 146342}, "geometry": {"type": "Polygon", "coordinates": [[[-83.086882, 42.534792], [-83.074749, 42.535214], [-83.068562, 42.535429], [-83.058148, 42.535784], [-83.047743, 42.536141], [-83.038465, 42.536412], [-83.029343, 42.536643], [-83.023845, 42.536794], [-83.006074, 42.537303], [-83.003817, 42.537416], [-82.999858, 42.53755], [-82.993194, 42.537744], [-82.988939, 42.537862], [-82.983549, 42.538014], [-82.979362, 42.538135], [-82.976444, 42.538218], [-82.969635, 42.538429], [-82.969413, 42.532959], [-82.969326, 42.53106], [-82.968991, 42.523618], [-82.968698, 42.516204], [-82.968746, 42.515387], [-82.968511, 42.508837], [-82.968236, 42.501514], [-82.967755, 42.4938], [-82.967517, 42.490519], [-82.96743, 42.486856], [-82.967175, 42.480247], [-82.967826, 42.479496], [-82.967915, 42.47489], [-82.967686, 42.472592], [-82.971046, 42.472383], [-82.971843, 42.471854], [-82.97157, 42.4644], [-82.971426, 42.464409], [-82.971281, 42.45977], [-82.971236, 42.45712], [-82.971041, 42.449665], [-82.978318, 42.449465], [-82.985659, 42.44928], [-82.994199, 42.449087], [-83.002698, 42.448901], [-83.005185, 42.448819], [-83.005534, 42.448806], [-83.007274, 42.448725], [-83.024745, 42.448159], [-83.034519, 42.447936], [-83.039417, 42.447874], [-83.044282, 42.447765], [-83.054057, 42.447507], [-83.059862, 42.447366], [-83.061678, 42.447318], [-83.063877, 42.447258], [-83.071046, 42.447175], [-83.081037, 42.447055], [-83.083393, 42.447153], [-83.083499, 42.449139], [-83.083696, 42.455016], [-83.083699, 42.455071], [-83.083958, 42.461825], [-83.084172, 42.465448], [-83.084369, 42.469044], [-83.084523, 42.476345], [-83.084836, 42.483849], [-83.084846, 42.484132], [-83.085122, 42.49076], [-83.085356, 42.498046], [-83.085482, 42.501613], [-83.085625, 42.505205], [-83.085924, 42.512106], [-83.085946, 42.512614], [-83.086246, 42.520018], [-83.086464, 42.525258], [-83.086882, 42.534792]], [[-83.038893, 42.468804], [-83.038071, 42.468808], [-83.031413, 42.468919], [-83.02694, 42.468993], [-83.026988, 42.470172], [-83.021421, 42.470313], [-83.018819, 42.470371], [-83.01584, 42.470442], [-83.015993, 42.474036], [-83.016042, 42.477657], [-83.016134, 42.481275], [-83.016156, 42.481797], [-83.016135, 42.48936], [-83.016183, 42.491717], [-83.022106, 42.491928], [-83.027791, 42.491776], [-83.037592, 42.49146], [-83.038399, 42.491354], [-83.038061, 42.480794], [-83.038131, 42.480267], [-83.038954, 42.473932], [-83.038893, 42.468804]]]}}, {"type": "Feature", "properties": {"city_slug": "annarbor", "GEOID": "2603000", "NAMELSAD": "Ann Arbor city", "STUSPS": "MI", "ALAND": 73521364, "AWATER": 2252075}, "geometry": {"type": "MultiPolygon", "coordinates": [[[[-83.709796, 42.275976], [-83.707997, 42.276028], [-83.707932, 42.275133], [-83.708476, 42.275118], [-83.709593, 42.274182], [-83.709305, 42.275125], [-83.709796, 42.275976]]], [[[-83.794462, 42.275838], [-83.790917, 42.274595], [-83.790898, 42.273259], [-83.793747, 42.273612], [-83.793768, 42.274758], [-83.794462, 42.275838]]], [[[-83.799564, 42.289663], [-83.798296, 42.290182], [-83.797207, 42.290843], [-83.794705, 42.290343], [-83.794678, 42.292578], [-83.792568, 42.294041], [-83.791011, 42.293414], [-83.791059, 42.295494], [-83.791197, 42.299637], [-83.789629, 42.299669], [-83.787055, 42.298239], [-83.784186, 42.29664], [-83.781822, 42.296328], [-83.782711, 42.297676], [-83.781923, 42.299474], [-83.780981, 42.299228], [-83.780983, 42.299366], [-83.776788, 42.300773], [-83.771263, 42.300224], [-83.77555, 42.301202], [-83.781046, 42.301009], [-83.781317, 42.307756], [-83.773628, 42.307902], [-83.773713, 42.312503], [-83.773731, 42.314121], [-83.773021, 42.314134], [-83.773039, 42.315156], [-83.771281, 42.315175], [-83.766702, 42.315325], [-83.761547, 42.312696], [-83.764641, 42.315622], [-83.771621, 42.316821], [-83.771728, 42.317999], [-83.771814, 42.319072], [-83.766209, 42.318563], [-83.762256, 42.318665], [-83.760302, 42.316011], [-83.754138, 42.314832], [-83.752854, 42.314246], [-83.752235, 42.310069], [-83.752878, 42.308651], [-83.752008, 42.308053], [-83.752017, 42.308038], [-83.754138, 42.307468], [-83.747845, 42.303136], [-83.747614, 42.303476], [-83.746453, 42.303393], [-83.746415, 42.304756], [-83.744891, 42.304603], [-83.744981, 42.303588], [-83.744824, 42.303505], [-83.744127, 42.303423], [-83.742425, 42.305136], [-83.742968, 42.305808], [-83.74152, 42.306581], [-83.741624, 42.309258], [-83.743457, 42.30861], [-83.74308, 42.310157], [-83.741877, 42.312144], [-83.736054, 42.312627], [-83.734535, 42.313303], [-83.734111, 42.316182], [-83.735299, 42.319888], [-83.72987, 42.321037], [-83.721834, 42.322633], [-83.712613, 42.323726], [-83.707874, 42.323967], [-83.696799, 42.323432], [-83.696382, 42.323351], [-83.691718, 42.320993], [-83.689521, 42.317762], [-83.688784, 42.316413], [-83.688047, 42.314027], [-83.687677, 42.314045], [-83.687591, 42.313498], [-83.687035, 42.306638], [-83.686932, 42.302898], [-83.687749, 42.302873], [-83.686855, 42.299658], [-83.684945, 42.296279], [-83.685106, 42.296969], [-83.683977, 42.295702], [-83.682589, 42.294468], [-83.682584, 42.294156], [-83.678846, 42.290836], [-83.677316, 42.28849], [-83.676594, 42.286061], [-83.676382, 42.278777], [-83.678332, 42.274516], [-83.675883, 42.272344], [-83.675854, 42.270191], [-83.675807, 42.269019], [-83.681227, 42.268229], [-83.682144, 42.266006], [-83.680286, 42.264828], [-83.680862, 42.263159], [-83.683693, 42.26065], [-83.684434, 42.258889], [-83.685998, 42.255734], [-83.685978, 42.254998], [-83.685883, 42.252827], [-83.683595, 42.252899], [-83.68228, 42.252857], [-83.683087, 42.251561], [-83.68289, 42.245497], [-83.68339, 42.245486], [-83.683758, 42.245479], [-83.683973, 42.241622], [-83.685738, 42.23641], [-83.685751, 42.233728], [-83.692118, 42.230334], [-83.695421, 42.230263], [-83.69705, 42.230386], [-83.699732, 42.230348], [-83.69968, 42.226029], [-83.70595, 42.222771], [-83.70962, 42.222679], [-83.709661, 42.225109], [-83.712036, 42.225042], [-83.712225, 42.230011], [-83.713454, 42.229966], [-83.719553, 42.229799], [-83.738996, 42.229434], [-83.739136, 42.236368], [-83.749703, 42.236307], [-83.749711, 42.237275], [-83.75427, 42.238927], [-83.763323, 42.2456], [-83.764714, 42.244485], [-83.764744, 42.245652], [-83.765557, 42.247283], [-83.777431, 42.256264], [-83.779441, 42.257787], [-83.781997, 42.259856], [-83.784009, 42.26276], [-83.784564, 42.264525], [-83.784286, 42.272622], [-83.78633, 42.272671], [-83.790186, 42.273168], [-83.790307, 42.273184], [-83.790082, 42.275846], [-83.794462, 42.275838], [-83.796004, 42.277511], [-83.796074, 42.273891], [-83.797604, 42.273617], [-83.797631, 42.274907], [-83.799228, 42.275167], [-83.799445, 42.284957], [-83.799492, 42.287216], [-83.799564, 42.289663]], [[-83.781045, 42.267705], [-83.779856, 42.267724], [-83.779861, 42.26801], [-83.779866, 42.268141], [-83.781058, 42.268128], [-83.781045, 42.267705]], [[-83.774007, 42.279079], [-83.77397, 42.278645], [-83.773251, 42.278635], [-83.773297, 42.28001], [-83.773996, 42.279992], [-83.774007, 42.279079]], [[-83.767876, 42.307135], [-83.768015, 42.305311], [-83.765136, 42.304958], [-83.76612, 42.307166], [-83.76744, 42.307555], [-83.766131, 42.307593], [-83.766143, 42.308026], [-83.767513, 42.307995], [-83.770276, 42.307964], [-83.767876, 42.307135]], [[-83.765762, 42.276467], [-83.765175, 42.276596], [-83.765204, 42.277067], [-83.76571, 42.27696], [-83.765762, 42.276467]], [[-83.761203, 42.308165], [-83.76047, 42.308182], [-83.76051, 42.309261], [-83.759054, 42.310524], [-83.761354, 42.312052], [-83.761203, 42.308165]], [[-83.756118, 42.299686], [-83.755377, 42.29963], [-83.753626, 42.298952], [-83.753716, 42.301013], [-83.756155, 42.300953], [-83.756118, 42.299686]], [[-83.754082, 42.25505], [-83.751975, 42.254668], [-83.751518, 42.254923], [-83.753172, 42.255267], [-83.752704, 42.256937], [-83.754105, 42.256902], [-83.754082, 42.25505]], [[-83.75182, 42.243664], [-83.751667, 42.243661], [-83.751398, 42.243665], [-83.751408, 42.244688], [-83.751833, 42.244671], [-83.75182, 42.243664]], [[-83.746637, 42.301121], [-83.746373, 42.301122], [-83.746269, 42.297841], [-83.745008, 42.297502], [-83.744917, 42.298591], [-83.745287, 42.300426], [-83.746178, 42.301838], [-83.746516, 42.301275], [-83.746637, 42.301121]], [[-83.746237, 42.2533], [-83.744586, 42.253358], [-83.744594, 42.254387], [-83.746255, 42.254326], [-83.746237, 42.2533]], [[-83.74019, 42.257911], [-83.740021, 42.257292], [-83.738764, 42.257338], [-83.739377, 42.258395], [-83.739576, 42.258389], [-83.739573, 42.258252], [-83.740232, 42.258232], [-83.74019, 42.257911]], [[-83.739639, 42.254846], [-83.739638, 42.254738], [-83.737313, 42.254877], [-83.737688, 42.255476], [-83.739687, 42.255414], [-83.739639, 42.254846]], [[-83.734947, 42.305798], [-83.730142, 42.305616], [-83.728069, 42.305685], [-83.728101, 42.3067], [-83.729209, 42.306483], [-83.734932, 42.306582], [-83.734947, 42.305798]], [[-83.730978, 42.314058], [-83.729874, 42.314155], [-83.72988, 42.314472], [-83.729919, 42.316397], [-83.73091, 42.316347], [-83.730978, 42.314058]], [[-83.726521, 42.299], [-83.726394, 42.299098], [-83.725798, 42.29936], [-83.725485, 42.299432], [-83.725233, 42.299463], [-83.72578, 42.299902], [-83.725273, 42.300304], [-83.725493, 42.300391], [-83.72619, 42.299692], [-83.726778, 42.299169], [-83.726521, 42.299]], [[-83.725371, 42.28711], [-83.724625, 42.287135], [-83.725363, 42.287724], [-83.725371, 42.28711]], [[-83.724551, 42.294622], [-83.722524, 42.294698], [-83.722636, 42.297079], [-83.723452, 42.296797], [-83.723803, 42.29669], [-83.723815, 42.295555], [-83.724542, 42.295555], [-83.724551, 42.294622]], [[-83.723441, 42.309472], [-83.721282, 42.309558], [-83.720628, 42.309579], [-83.720779, 42.310857], [-83.72342, 42.310415], [-83.723441, 42.309472]], [[-83.721256, 42.246086], [-83.71985, 42.246166], [-83.71987, 42.247053], [-83.721275, 42.247019], [-83.721256, 42.246086]], [[-83.719834, 42.24446], [-83.718888, 42.244462], [-83.718238, 42.244264], [-83.718451, 42.244793], [-83.719174, 42.244534], [-83.719181, 42.245512], [-83.718996, 42.245787], [-83.719843, 42.245786], [-83.719834, 42.24446]], [[-83.717602, 42.248596], [-83.717098, 42.24861], [-83.717116, 42.249502], [-83.717358, 42.248974], [-83.71761, 42.248967], [-83.717602, 42.248596]], [[-83.717467, 42.230645], [-83.716463, 42.230694], [-83.716499, 42.232017], [-83.717488, 42.232008], [-83.717467, 42.230645]], [[-83.714464, 42.273484], [-83.713854, 42.27326], [-83.707869, 42.274159], [-83.707932, 42.275133], [-83.706682, 42.275875], [-83.7116, 42.279832], [-83.711548, 42.277877], [-83.709876, 42.27676], [-83.711508, 42.277065], [-83.712373, 42.278932], [-83.714119, 42.279995], [-83.712561, 42.278366], [-83.713251, 42.276276], [-83.71182, 42.275841], [-83.713024, 42.274729], [-83.714474, 42.27551], [-83.714464, 42.273484]], [[-83.714324, 42.283556], [-83.712967, 42.282954], [-83.712215, 42.283826], [-83.713524, 42.284474], [-83.714324, 42.283556]], [[-83.712963, 42.288395], [-83.711831, 42.288416], [-83.711891, 42.290831], [-83.712969, 42.290315], [-83.712963, 42.288395]], [[-83.712685, 42.270567], [-83.711934, 42.270587], [-83.712154, 42.271925], [-83.712342, 42.27192], [-83.712677, 42.271911], [-83.712685, 42.270567]], [[-83.712388, 42.311267], [-83.712177, 42.311294], [-83.711166, 42.311386], [-83.711192, 42.312194], [-83.711767, 42.312146], [-83.71181, 42.313521], [-83.712453, 42.313509], [-83.712388, 42.311267]], [[-83.707145, 42.286055], [-83.70413, 42.286129], [-83.70442, 42.287207], [-83.70537, 42.286832], [-83.707192, 42.287073], [-83.707145, 42.286055]], [[-83.701987, 42.285277], [-83.700241, 42.28534], [-83.69954, 42.286869], [-83.698071, 42.286871], [-83.698438, 42.287944], [-83.699289, 42.288036], [-83.699811, 42.288117], [-83.700312, 42.28815], [-83.700647, 42.288131], [-83.701468, 42.287953], [-83.700574, 42.286283], [-83.702022, 42.286221], [-83.701987, 42.285277]], [[-83.701323, 42.230312], [-83.700589, 42.230328], [-83.700597, 42.230964], [-83.699776, 42.230955], [-83.699786, 42.231107], [-83.70134, 42.231077], [-83.701323, 42.230312]], [[-83.700509, 42.259564], [-83.699367, 42.259091], [-83.699087, 42.259826], [-83.70029, 42.260112], [-83.700705, 42.260496], [-83.700509, 42.259564]], [[-83.696783, 42.267344], [-83.695457, 42.265896], [-83.68962, 42.266055], [-83.68985, 42.267378], [-83.691917, 42.267685], [-83.692026, 42.268997], [-83.693542, 42.269584], [-83.696064, 42.268871], [-83.696783, 42.267344]], [[-83.695951, 42.278746], [-83.693735, 42.277547], [-83.689584, 42.278285], [-83.687585, 42.277725], [-83.687613, 42.28012], [-83.689064, 42.278972], [-83.691291, 42.28338], [-83.692198, 42.280741], [-83.696045, 42.280656], [-83.695951, 42.278746]], [[-83.695762, 42.28767], [-83.695562, 42.286424], [-83.69516, 42.286398], [-83.693292, 42.286397], [-83.693343, 42.287973], [-83.693788, 42.287946], [-83.694156, 42.287875], [-83.694682, 42.28773], [-83.694951, 42.287684], [-83.695581, 42.287657], [-83.695762, 42.28767]], [[-83.695058, 42.277024], [-83.692167, 42.276117], [-83.689629, 42.274206], [-83.687788, 42.272072], [-83.687263, 42.27224], [-83.687073, 42.27594], [-83.68846, 42.2763], [-83.690363, 42.27666], [-83.693535, 42.276801], [-83.695058, 42.277024]], [[-83.766143, 42.308026], [-83.764722, 42.308068], [-83.762463, 42.308131], [-83.765791, 42.310426], [-83.767229, 42.309856], [-83.76688, 42.312284], [-83.769757, 42.310641], [-83.768687, 42.309003], [-83.767085, 42.309657], [-83.766373, 42.308458], [-83.766143, 42.308026]]]]}}, {"type": "Feature", "properties": {"city_slug": "raymondville", "GEOID": "4860836", "NAMELSAD": "Raymondville city", "STUSPS": "TX", "ALAND": 10656613, "AWATER": 25392}, "geometry": {"type": "Polygon", "coordinates": [[[-97.797745, 26.484908], [-97.794, 26.485006], [-97.794058, 26.489191], [-97.793888, 26.492894], [-97.791306, 26.49299], [-97.781286, 26.492925], [-97.780859, 26.489147], [-97.769776, 26.489243], [-97.765809, 26.489277], [-97.765714, 26.484226], [-97.7635, 26.484189], [-97.763514, 26.482034], [-97.75811, 26.482087], [-97.756382, 26.463897], [-97.760252, 26.463421], [-97.768395, 26.463437], [-97.772621, 26.463667], [-97.774793, 26.459627], [-97.779211, 26.459627], [-97.779175, 26.452322], [-97.781798, 26.4523], [-97.781935, 26.455894], [-97.786438, 26.455845], [-97.784871, 26.466942], [-97.784359, 26.470631], [-97.788195, 26.470812], [-97.788214, 26.474389], [-97.797632, 26.474333], [-97.797654, 26.477653], [-97.79667, 26.477661], [-97.796683, 26.479548], [-97.795029, 26.479549], [-97.795055, 26.480856], [-97.797694, 26.480822], [-97.797712, 26.481782], [-97.797745, 26.484908]]]}}]}