date,ref_mean,ref_min,ref_max,ref_n_sites,ref_site_ids,ref_sensor_ids,lowcost_mean,lowcost_min,lowcost_max,lowcost_n_sites,lowcost_site_ids,lowcost_sensor_ids,all_mean,all_mean_basis,all_min,all_max,all_n_sites
2016-03-06,,,,0,,,,,,0,,,,,,,0
2016-03-07,,,,0,,,,,,0,,,,,,,0
2016-03-08,,,,0,,,,,,0,,,,,,,0
2016-03-09,,,,0,,,,,,0,,,,,,,0
2016-03-10,,,,0,,,,,,0,,,,,,,0
2016-03-11,,,,0,,,,,,0,,,,,,,0
2016-03-12,8.67,8.67,8.67,1,S833,1481,,,,0,,,8.67,reference only,8.67,8.67,1
2016-03-13,7.33,7.33,7.33,1,S833,1481,,,,0,,,7.33,reference only,7.33,7.33,1
2016-03-14,17.8,17.8,17.8,1,S833,1481,,,,0,,,17.8,reference only,17.8,17.8,1
2016-03-15,24.6,24.6,24.6,1,S833,1481,,,,0,,,24.6,reference only,24.6,24.6,1
2016-03-16,17.6,17.6,17.6,1,S833,1481,,,,0,,,17.6,reference only,17.6,17.6,1
2016-03-17,13.5,13.5,13.5,1,S833,1481,,,,0,,,13.5,reference only,13.5,13.5,1
2016-03-18,15.1,15.1,15.1,1,S833,1481,,,,0,,,15.1,reference only,15.1,15.1,1
2016-03-19,8.81,8.81,8.81,1,S833,1481,,,,0,,,8.81,reference only,8.81,8.81,1
2016-03-20,4.93,4.93,4.93,1,S833,1481,,,,0,,,4.93,reference only,4.93,4.93,1
2016-03-21,7.21,7.21,7.21,1,S833,1481,,,,0,,,7.21,reference only,7.21,7.21,1
2016-03-22,6.18,6.18,6.18,1,S833,1481,,,,0,,,6.18,reference only,6.18,6.18,1
2016-03-23,11.1,11.1,11.1,1,S833,1481,,,,0,,,11.1,reference only,11.1,11.1,1
2016-03-24,9.58,9.58,9.58,1,S833,1481,,,,0,,,9.58,reference only,9.58,9.58,1
2016-03-25,5.56,5.56,5.56,1,S833,1481,,,,0,,,5.56,reference only,5.56,5.56,1
2016-03-26,10.4,10.4,10.4,1,S833,1481,,,,0,,,10.4,reference only,10.4,10.4,1
2016-03-27,15.4,15.4,15.4,1,S833,1481,,,,0,,,15.4,reference only,15.4,15.4,1
2016-03-28,,,,0,,,,,,0,,,,,,,0
2016-03-29,,,,0,,,,,,0,,,,,,,0
2016-03-30,18.6,18.6,18.6,1,S833,1481,,,,0,,,18.6,reference only,18.6,18.6,1
2016-03-31,,,,0,,,,,,0,,,,,,,0
2016-04-01,13.6,13.6,13.6,1,S833,1481,,,,0,,,13.6,reference only,13.6,13.6,1
2016-04-02,3.86,3.86,3.86,1,S833,1481,,,,0,,,3.86,reference only,3.86,3.86,1
2016-04-03,8.33,8.33,8.33,1,S833,1481,,,,0,,,8.33,reference only,8.33,8.33,1
2016-04-04,,,,0,,,,,,0,,,,,,,0
2016-04-05,,,,0,,,,,,0,,,,,,,0
2016-04-06,11.4,11.4,11.4,1,S833,1481,,,,0,,,11.4,reference only,11.4,11.4,1
2016-04-07,7.96,7.96,7.96,1,S833,1481,,,,0,,,7.96,reference only,7.96,7.96,1
2016-04-08,8.78,8.78,8.78,1,S833,1481,,,,0,,,8.78,reference only,8.78,8.78,1
2016-04-09,6.55,6.55,6.55,1,S833,1481,,,,0,,,6.55,reference only,6.55,6.55,1
2016-04-10,8.38,8.38,8.38,1,S833,1481,,,,0,,,8.38,reference only,8.38,8.38,1
2016-04-11,19.0,19.0,19.0,1,S833,1481,,,,0,,,19.0,reference only,19.0,19.0,1
2016-04-12,14.2,14.2,14.2,1,S833,1481,,,,0,,,14.2,reference only,14.2,14.2,1
2016-04-13,9.8,9.8,9.8,1,S833,1481,,,,0,,,9.8,reference only,9.8,9.8,1
2016-04-14,5.67,5.67,5.67,1,S833,1481,,,,0,,,5.67,reference only,5.67,5.67,1
2016-04-15,8.62,8.62,8.62,1,S833,1481,,,,0,,,8.62,reference only,8.62,8.62,1
2016-04-16,12.9,12.9,12.9,1,S833,1481,,,,0,,,12.9,reference only,12.9,12.9,1
2016-04-17,13.9,13.9,13.9,1,S833,1481,,,,0,,,13.9,reference only,13.9,13.9,1
2016-04-18,10.4,10.4,10.4,1,S833,1481,,,,0,,,10.4,reference only,10.4,10.4,1
2016-04-19,6.75,6.75,6.75,1,S833,1481,,,,0,,,6.75,reference only,6.75,6.75,1
2016-04-20,6.82,6.82,6.82,1,S833,1481,,,,0,,,6.82,reference only,6.82,6.82,1
2016-04-21,7.06,7.06,7.06,1,S833,1481,,,,0,,,7.06,reference only,7.06,7.06,1
2016-04-22,6.56,6.56,6.56,1,S833,1481,,,,0,,,6.56,reference only,6.56,6.56,1
2016-04-23,,,,0,,,,,,0,,,,,,,0
2016-04-24,7.43,7.43,7.43,1,S833,1481,,,,0,,,7.43,reference only,7.43,7.43,1
2016-04-25,16.1,16.1,16.1,1,S833,1481,,,,0,,,16.1,reference only,16.1,16.1,1
2016-04-26,30.7,30.7,30.7,1,S833,1481,,,,0,,,30.7,reference only,30.7,30.7,1
2016-04-27,,,,0,,,,,,0,,,,,,,0
2016-04-28,,,,0,,,,,,0,,,,,,,0
2016-04-29,21.8,21.8,21.8,1,S833,1481,,,,0,,,21.8,reference only,21.8,21.8,1
2016-04-30,25.4,25.4,25.4,1,S833,1481,,,,0,,,25.4,reference only,25.4,25.4,1
2016-05-01,21.8,21.8,21.8,1,S833,1481,,,,0,,,21.8,reference only,21.8,21.8,1
2016-05-02,9.84,9.84,9.84,1,S833,1481,,,,0,,,9.84,reference only,9.84,9.84,1
2016-05-03,,,,0,,,,,,0,,,,,,,0
2016-05-04,5.01,5.01,5.01,1,S833,1481,,,,0,,,5.01,reference only,5.01,5.01,1
2016-05-05,7.98,7.98,7.98,1,S833,1481,,,,0,,,7.98,reference only,7.98,7.98,1
2016-05-06,7.93,7.93,7.93,1,S833,1481,,,,0,,,7.93,reference only,7.93,7.93,1
2016-05-07,7.03,7.03,7.03,1,S833,1481,,,,0,,,7.03,reference only,7.03,7.03,1
2016-05-08,6.53,6.53,6.53,1,S833,1481,,,,0,,,6.53,reference only,6.53,6.53,1
2016-05-09,14.7,14.7,14.7,1,S833,1481,,,,0,,,14.7,reference only,14.7,14.7,1
2016-05-10,19.3,19.3,19.3,1,S833,1481,,,,0,,,19.3,reference only,19.3,19.3,1
2016-05-11,14.8,14.8,14.8,1,S833,1481,,,,0,,,14.8,reference only,14.8,14.8,1
2016-05-12,12.2,12.2,12.2,1,S833,1481,,,,0,,,12.2,reference only,12.2,12.2,1
2016-05-13,8.23,8.23,8.23,1,S833,1481,,,,0,,,8.23,reference only,8.23,8.23,1
2016-05-14,7.36,7.36,7.36,1,S833,1481,,,,0,,,7.36,reference only,7.36,7.36,1
2016-05-15,5.89,5.89,5.89,1,S833,1481,,,,0,,,5.89,reference only,5.89,5.89,1
2016-05-16,6.71,6.71,6.71,1,S833,1481,,,,0,,,6.71,reference only,6.71,6.71,1
2016-05-17,13.2,13.2,13.2,1,S833,1481,,,,0,,,13.2,reference only,13.2,13.2,1
2016-05-18,12.8,12.8,12.8,1,S833,1481,,,,0,,,12.8,reference only,12.8,12.8,1
2016-05-19,13.7,13.7,13.7,1,S833,1481,,,,0,,,13.7,reference only,13.7,13.7,1
2016-05-20,11.1,11.1,11.1,1,S833,1481,,,,0,,,11.1,reference only,11.1,11.1,1
2016-05-21,11.2,11.2,11.2,1,S833,1481,,,,0,,,11.2,reference only,11.2,11.2,1
2016-05-22,16.9,16.9,16.9,1,S833,1481,,,,0,,,16.9,reference only,16.9,16.9,1
2016-05-23,14.5,14.5,14.5,1,S833,1481,,,,0,,,14.5,reference only,14.5,14.5,1
2016-05-24,19.1,19.1,19.1,1,S833,1481,,,,0,,,19.1,reference only,19.1,19.1,1
2016-05-25,19.9,19.9,19.9,1,S833,1481,,,,0,,,19.9,reference only,19.9,19.9,1
2016-05-26,11.4,11.4,11.4,1,S833,1481,,,,0,,,11.4,reference only,11.4,11.4,1
2016-05-27,17.6,17.6,17.6,1,S833,1481,,,,0,,,17.6,reference only,17.6,17.6,1
2016-05-28,,,,0,,,,,,0,,,,,,,0
2016-05-29,12.2,12.2,12.2,1,S833,1481,,,,0,,,12.2,reference only,12.2,12.2,1
2016-05-30,5.14,5.14,5.14,1,S833,1481,,,,0,,,5.14,reference only,5.14,5.14,1
2016-05-31,0.205,0.205,0.205,1,S833,1481,,,,0,,,0.205,reference only,0.205,0.205,1
2016-06-01,0.205,0.205,0.205,1,S833,1481,,,,0,,,0.205,reference only,0.205,0.205,1
2016-06-02,1.83,1.83,1.83,1,S833,1481,,,,0,,,1.83,reference only,1.83,1.83,1
2016-06-03,6.69,6.69,6.69,1,S833,1481,,,,0,,,6.69,reference only,6.69,6.69,1
2016-06-04,5.49,5.49,5.49,1,S833,1481,,,,0,,,5.49,reference only,5.49,5.49,1
2016-06-05,4.72,4.72,4.72,1,S833,1481,,,,0,,,4.72,reference only,4.72,4.72,1
2016-06-06,6.11,6.11,6.11,1,S833,1481,,,,0,,,6.11,reference only,6.11,6.11,1
2016-06-07,6.2,6.2,6.2,1,S833,1481,,,,0,,,6.2,reference only,6.2,6.2,1
2016-06-08,4.77,4.77,4.77,1,S833,1481,,,,0,,,4.77,reference only,4.77,4.77,1
2016-06-09,5.87,5.87,5.87,1,S833,1481,,,,0,,,5.87,reference only,5.87,5.87,1
2016-06-10,9.13,9.13,9.13,1,S833,1481,,,,0,,,9.13,reference only,9.13,9.13,1
2016-06-11,9.17,9.17,9.17,1,S833,1481,,,,0,,,9.17,reference only,9.17,9.17,1
2016-06-12,10.8,10.8,10.8,1,S833,1481,,,,0,,,10.8,reference only,10.8,10.8,1
2016-06-13,11.0,11.0,11.0,1,S833,1481,,,,0,,,11.0,reference only,11.0,11.0,1
2016-06-14,18.1,18.1,18.1,1,S833,1481,,,,0,,,18.1,reference only,18.1,18.1,1
2016-06-15,19.1,19.1,19.1,1,S833,1481,,,,0,,,19.1,reference only,19.1,19.1,1
2016-06-16,16.2,16.2,16.2,1,S833,1481,,,,0,,,16.2,reference only,16.2,16.2,1
2016-06-17,12.9,12.9,12.9,1,S833,1481,,,,0,,,12.9,reference only,12.9,12.9,1
2016-06-18,6.45,6.45,6.45,1,S833,1481,,,,0,,,6.45,reference only,6.45,6.45,1
2016-06-19,9.82,9.82,9.82,1,S833,1481,,,,0,,,9.82,reference only,9.82,9.82,1
2016-06-20,11.1,11.1,11.1,1,S833,1481,,,,0,,,11.1,reference only,11.1,11.1,1
2016-06-21,8.43,8.43,8.43,1,S833,1481,,,,0,,,8.43,reference only,8.43,8.43,1
2016-06-22,6.93,6.93,6.93,1,S833,1481,,,,0,,,6.93,reference only,6.93,6.93,1
2016-06-23,5.45,5.45,5.45,1,S833,1481,,,,0,,,5.45,reference only,5.45,5.45,1
2016-06-24,7.11,7.11,7.11,1,S833,1481,,,,0,,,7.11,reference only,7.11,7.11,1
2016-06-25,9.65,9.65,9.65,1,S833,1481,,,,0,,,9.65,reference only,9.65,9.65,1
2016-06-26,7.72,7.72,7.72,1,S833,1481,,,,0,,,7.72,reference only,7.72,7.72,1
2016-06-27,,,,0,,,,,,0,,,,,,,0
2016-06-28,8.67,8.67,8.67,1,S833,1481,,,,0,,,8.67,reference only,8.67,8.67,1
2016-06-29,5.82,5.82,5.82,1,S833,1481,,,,0,,,5.82,reference only,5.82,5.82,1
2016-06-30,10.1,10.1,10.1,1,S833,1481,,,,0,,,10.1,reference only,10.1,10.1,1
2016-07-01,17.2,17.2,17.2,1,S833,1481,,,,0,,,17.2,reference only,17.2,17.2,1
2016-07-02,,,,0,,,,,,0,,,,,,,0
2016-07-03,,,,0,,,,,,0,,,,,,,0
2016-07-04,,,,0,,,,,,0,,,,,,,0
2016-07-05,,,,0,,,,,,0,,,,,,,0
2016-07-06,12.2,12.2,12.2,1,S833,1481,,,,0,,,12.2,reference only,12.2,12.2,1
2016-07-07,14.9,14.9,14.9,1,S833,1481,,,,0,,,14.9,reference only,14.9,14.9,1
2016-07-08,15.3,15.3,15.3,1,S833,1481,,,,0,,,15.3,reference only,15.3,15.3,1
2016-07-09,18.9,18.9,18.9,1,S833,1481,,,,0,,,18.9,reference only,18.9,18.9,1
2016-07-10,24.8,24.8,24.8,1,S833,1481,,,,0,,,24.8,reference only,24.8,24.8,1
2016-07-11,20.3,20.3,20.3,1,S833,1481,,,,0,,,20.3,reference only,20.3,20.3,1
2016-07-12,11.2,11.2,11.2,1,S833,1481,,,,0,,,11.2,reference only,11.2,11.2,1
2016-07-13,8.95,8.95,8.95,1,S833,1481,,,,0,,,8.95,reference only,8.95,8.95,1
2016-07-14,14.5,14.5,14.5,1,S833,1481,,,,0,,,14.5,reference only,14.5,14.5,1
2016-07-15,18.6,18.6,18.6,1,S833,1481,,,,0,,,18.6,reference only,18.6,18.6,1
2016-07-16,6.5,6.5,6.5,1,S833,1481,,,,0,,,6.5,reference only,6.5,6.5,1
2016-07-17,5.98,5.98,5.98,1,S833,1481,,,,0,,,5.98,reference only,5.98,5.98,1
2016-07-18,6.12,6.12,6.12,1,S833,1481,,,,0,,,6.12,reference only,6.12,6.12,1
2016-07-19,6.14,6.14,6.14,1,S833,1481,,,,0,,,6.14,reference only,6.14,6.14,1
2016-07-20,5.31,5.31,5.31,1,S833,1481,,,,0,,,5.31,reference only,5.31,5.31,1
2016-07-21,5.37,5.37,5.37,1,S833,1481,,,,0,,,5.37,reference only,5.37,5.37,1
2016-07-22,5.99,5.99,5.99,1,S833,1481,,,,0,,,5.99,reference only,5.99,5.99,1
2016-07-23,,,,0,,,,,,0,,,,,,,0
2016-07-24,5.48,5.48,5.48,1,S833,1481,,,,0,,,5.48,reference only,5.48,5.48,1
2016-07-25,9.63,9.63,9.63,1,S833,1481,,,,0,,,9.63,reference only,9.63,9.63,1
2016-07-26,14.6,14.6,14.6,1,S833,1481,,,,0,,,14.6,reference only,14.6,14.6,1
2016-07-27,,,,0,,,,,,0,,,,,,,0
2016-07-28,11.5,11.5,11.5,1,S833,1481,,,,0,,,11.5,reference only,11.5,11.5,1
2016-07-29,6.84,6.84,6.84,1,S833,1481,,,,0,,,6.84,reference only,6.84,6.84,1
2016-07-30,6.65,6.65,6.65,1,S833,1481,,,,0,,,6.65,reference only,6.65,6.65,1
2016-07-31,15.2,15.2,15.2,1,S833,1481,,,,0,,,15.2,reference only,15.2,15.2,1
2016-08-01,15.8,15.8,15.8,1,S833,1481,,,,0,,,15.8,reference only,15.8,15.8,1
2016-08-02,,,,0,,,,,,0,,,,,,,0
2016-08-03,,,,0,,,,,,0,,,,,,,0
2016-08-04,7.95,7.95,7.95,1,S833,1481,,,,0,,,7.95,reference only,7.95,7.95,1
2016-08-05,11.3,11.3,11.3,1,S833,1481,,,,0,,,11.3,reference only,11.3,11.3,1
2016-08-06,12.6,12.6,12.6,1,S833,1481,,,,0,,,12.6,reference only,12.6,12.6,1
2016-08-07,8.92,8.92,8.92,1,S833,1481,,,,0,,,8.92,reference only,8.92,8.92,1
2016-08-08,8.9,8.9,8.9,1,S833,1481,,,,0,,,8.9,reference only,8.9,8.9,1
2016-08-09,11.4,11.4,11.4,1,S833,1481,,,,0,,,11.4,reference only,11.4,11.4,1
2016-08-10,11.8,11.8,11.8,1,S833,1481,,,,0,,,11.8,reference only,11.8,11.8,1
2016-08-11,,,,0,,,,,,0,,,,,,,0
2016-08-12,17.7,17.7,17.7,1,S833,1481,,,,0,,,17.7,reference only,17.7,17.7,1
2016-08-13,,,,0,,,,,,0,,,,,,,0
2016-08-14,,,,0,,,,,,0,,,,,,,0
2016-08-15,,,,0,,,,,,0,,,,,,,0
2016-08-16,,,,0,,,,,,0,,,,,,,0
2016-08-17,,,,0,,,,,,0,,,,,,,0
2016-08-18,,,,0,,,,,,0,,,,,,,0
2016-08-19,,,,0,,,,,,0,,,,,,,0
2016-08-20,,,,0,,,,,,0,,,,,,,0
2016-08-21,,,,0,,,,,,0,,,,,,,0
2016-08-22,,,,0,,,,,,0,,,,,,,0
2016-08-23,,,,0,,,,,,0,,,,,,,0
2016-08-24,,,,0,,,,,,0,,,,,,,0
2016-08-25,,,,0,,,,,,0,,,,,,,0
2016-08-26,,,,0,,,,,,0,,,,,,,0
2016-08-27,,,,0,,,,,,0,,,,,,,0
2016-08-28,,,,0,,,,,,0,,,,,,,0
2016-08-29,,,,0,,,,,,0,,,,,,,0
2016-08-30,,,,0,,,,,,0,,,,,,,0
2016-08-31,,,,0,,,,,,0,,,,,,,0
2016-09-01,,,,0,,,,,,0,,,,,,,0
2016-09-02,,,,0,,,,,,0,,,,,,,0
2016-09-03,,,,0,,,,,,0,,,,,,,0
2016-09-04,,,,0,,,,,,0,,,,,,,0
2016-09-05,,,,0,,,,,,0,,,,,,,0
2016-09-06,,,,0,,,,,,0,,,,,,,0
2016-09-07,,,,0,,,,,,0,,,,,,,0
2016-09-08,,,,0,,,,,,0,,,,,,,0
2016-09-09,,,,0,,,,,,0,,,,,,,0
2016-09-10,,,,0,,,,,,0,,,,,,,0
2016-09-11,,,,0,,,,,,0,,,,,,,0
2016-09-12,,,,0,,,,,,0,,,,,,,0
2016-09-13,,,,0,,,,,,0,,,,,,,0
2016-09-14,,,,0,,,,,,0,,,,,,,0
2016-09-15,,,,0,,,,,,0,,,,,,,0
2016-09-16,,,,0,,,,,,0,,,,,,,0
2016-09-17,,,,0,,,,,,0,,,,,,,0
2016-09-18,,,,0,,,,,,0,,,,,,,0
2016-09-19,,,,0,,,,,,0,,,,,,,0
2016-09-20,,,,0,,,,,,0,,,,,,,0
2016-09-21,,,,0,,,,,,0,,,,,,,0
2016-09-22,,,,0,,,,,,0,,,,,,,0
2016-09-23,,,,0,,,,,,0,,,,,,,0
2016-09-24,,,,0,,,,,,0,,,,,,,0
2016-09-25,,,,0,,,,,,0,,,,,,,0
2016-09-26,,,,0,,,,,,0,,,,,,,0
2016-09-27,,,,0,,,,,,0,,,,,,,0
2016-09-28,,,,0,,,,,,0,,,,,,,0
2016-09-29,,,,0,,,,,,0,,,,,,,0
2016-09-30,,,,0,,,,,,0,,,,,,,0
2016-10-01,,,,0,,,,,,0,,,,,,,0
2016-10-02,,,,0,,,,,,0,,,,,,,0
2016-10-03,,,,0,,,,,,0,,,,,,,0
2016-10-04,,,,0,,,,,,0,,,,,,,0
2016-10-05,,,,0,,,,,,0,,,,,,,0
2016-10-06,,,,0,,,,,,0,,,,,,,0
2016-10-07,,,,0,,,,,,0,,,,,,,0
2016-10-08,,,,0,,,,,,0,,,,,,,0
2016-10-09,,,,0,,,,,,0,,,,,,,0
2016-10-10,,,,0,,,,,,0,,,,,,,0
2016-10-11,,,,0,,,,,,0,,,,,,,0
2016-10-12,,,,0,,,,,,0,,,,,,,0
2016-10-13,,,,0,,,,,,0,,,,,,,0
2016-10-14,,,,0,,,,,,0,,,,,,,0
2016-10-15,,,,0,,,,,,0,,,,,,,0
2016-10-16,,,,0,,,,,,0,,,,,,,0
2016-10-17,,,,0,,,,,,0,,,,,,,0
2016-10-18,,,,0,,,,,,0,,,,,,,0
2016-10-19,,,,0,,,,,,0,,,,,,,0
2016-10-20,,,,0,,,,,,0,,,,,,,0
2016-10-21,,,,0,,,,,,0,,,,,,,0
2016-10-22,,,,0,,,,,,0,,,,,,,0
2016-10-23,,,,0,,,,,,0,,,,,,,0
2016-10-24,,,,0,,,,,,0,,,,,,,0
2016-10-25,,,,0,,,,,,0,,,,,,,0
2016-10-26,,,,0,,,,,,0,,,,,,,0
2016-10-27,,,,0,,,,,,0,,,,,,,0
2016-10-28,,,,0,,,,,,0,,,,,,,0
2016-10-29,,,,0,,,,,,0,,,,,,,0
2016-10-30,,,,0,,,,,,0,,,,,,,0
2016-10-31,,,,0,,,,,,0,,,,,,,0
2016-11-01,,,,0,,,,,,0,,,,,,,0
2016-11-02,,,,0,,,,,,0,,,,,,,0
2016-11-03,,,,0,,,,,,0,,,,,,,0
2016-11-04,,,,0,,,,,,0,,,,,,,0
2016-11-05,,,,0,,,,,,0,,,,,,,0
2016-11-06,,,,0,,,,,,0,,,,,,,0
2016-11-07,,,,0,,,,,,0,,,,,,,0
2016-11-08,,,,0,,,,,,0,,,,,,,0
2016-11-09,,,,0,,,,,,0,,,,,,,0
2016-11-10,,,,0,,,,,,0,,,,,,,0
2016-11-11,,,,0,,,,,,0,,,,,,,0
2016-11-12,,,,0,,,,,,0,,,,,,,0
2016-11-13,,,,0,,,,,,0,,,,,,,0
2016-11-14,,,,0,,,,,,0,,,,,,,0
2016-11-15,,,,0,,,,,,0,,,,,,,0
2016-11-16,,,,0,,,,,,0,,,,,,,0
2016-11-17,,,,0,,,,,,0,,,,,,,0
2016-11-18,,,,0,,,,,,0,,,,,,,0
2016-11-19,,,,0,,,,,,0,,,,,,,0
2016-11-20,,,,0,,,,,,0,,,,,,,0
2016-11-21,,,,0,,,,,,0,,,,,,,0
2016-11-22,,,,0,,,,,,0,,,,,,,0
2016-11-23,,,,0,,,,,,0,,,,,,,0
2016-11-24,,,,0,,,,,,0,,,,,,,0
2016-11-25,,,,0,,,,,,0,,,,,,,0
2016-11-26,,,,0,,,,,,0,,,,,,,0
2016-11-27,,,,0,,,,,,0,,,,,,,0
2016-11-28,,,,0,,,,,,0,,,,,,,0
2016-11-29,,,,0,,,,,,0,,,,,,,0
2016-11-30,,,,0,,,,,,0,,,,,,,0
2016-12-01,,,,0,,,,,,0,,,,,,,0
2016-12-02,,,,0,,,,,,0,,,,,,,0
2016-12-03,,,,0,,,,,,0,,,,,,,0
2016-12-04,,,,0,,,,,,0,,,,,,,0
2016-12-05,,,,0,,,,,,0,,,,,,,0
2016-12-06,,,,0,,,,,,0,,,,,,,0
2016-12-07,,,,0,,,,,,0,,,,,,,0
2016-12-08,,,,0,,,,,,0,,,,,,,0
2016-12-09,,,,0,,,,,,0,,,,,,,0
2016-12-10,,,,0,,,,,,0,,,,,,,0
2016-12-11,,,,0,,,,,,0,,,,,,,0
2016-12-12,,,,0,,,,,,0,,,,,,,0
2016-12-13,,,,0,,,,,,0,,,,,,,0
2016-12-14,,,,0,,,,,,0,,,,,,,0
2016-12-15,,,,0,,,,,,0,,,,,,,0
2016-12-16,,,,0,,,,,,0,,,,,,,0
2016-12-17,,,,0,,,,,,0,,,,,,,0
2016-12-18,,,,0,,,,,,0,,,,,,,0
2016-12-19,,,,0,,,,,,0,,,,,,,0
2016-12-20,,,,0,,,,,,0,,,,,,,0
2016-12-21,,,,0,,,,,,0,,,,,,,0
2016-12-22,,,,0,,,,,,0,,,,,,,0
2016-12-23,,,,0,,,,,,0,,,,,,,0
2016-12-24,,,,0,,,,,,0,,,,,,,0
2016-12-25,,,,0,,,,,,0,,,,,,,0
2016-12-26,,,,0,,,,,,0,,,,,,,0
2016-12-27,,,,0,,,,,,0,,,,,,,0
2016-12-28,,,,0,,,,,,0,,,,,,,0
2016-12-29,,,,0,,,,,,0,,,,,,,0
2016-12-30,,,,0,,,,,,0,,,,,,,0
2016-12-31,,,,0,,,,,,0,,,,,,,0
2017-01-01,,,,0,,,,,,0,,,,,,,0
2017-01-02,,,,0,,,,,,0,,,,,,,0
2017-01-03,,,,0,,,,,,0,,,,,,,0
2017-01-04,,,,0,,,,,,0,,,,,,,0
2017-01-05,,,,0,,,,,,0,,,,,,,0
2017-01-06,,,,0,,,,,,0,,,,,,,0
2017-01-07,,,,0,,,,,,0,,,,,,,0
2017-01-08,,,,0,,,,,,0,,,,,,,0
2017-01-09,,,,0,,,,,,0,,,,,,,0
2017-01-10,,,,0,,,,,,0,,,,,,,0
2017-01-11,,,,0,,,,,,0,,,,,,,0
2017-01-12,,,,0,,,,,,0,,,,,,,0
2017-01-13,,,,0,,,,,,0,,,,,,,0
2017-01-14,,,,0,,,,,,0,,,,,,,0
2017-01-15,,,,0,,,,,,0,,,,,,,0
2017-01-16,,,,0,,,,,,0,,,,,,,0
2017-01-17,,,,0,,,,,,0,,,,,,,0
2017-01-18,,,,0,,,,,,0,,,,,,,0
2017-01-19,,,,0,,,,,,0,,,,,,,0
2017-01-20,,,,0,,,,,,0,,,,,,,0
2017-01-21,,,,0,,,,,,0,,,,,,,0
2017-01-22,,,,0,,,,,,0,,,,,,,0
2017-01-23,,,,0,,,,,,0,,,,,,,0
2017-01-24,,,,0,,,,,,0,,,,,,,0
2017-01-25,,,,0,,,,,,0,,,,,,,0
2017-01-26,,,,0,,,,,,0,,,,,,,0
2017-01-27,,,,0,,,,,,0,,,,,,,0
2017-01-28,,,,0,,,,,,0,,,,,,,0
2017-01-29,,,,0,,,,,,0,,,,,,,0
2017-01-30,,,,0,,,,,,0,,,,,,,0
2017-01-31,,,,0,,,,,,0,,,,,,,0
2017-02-01,,,,0,,,,,,0,,,,,,,0
2017-02-02,,,,0,,,,,,0,,,,,,,0
2017-02-03,,,,0,,,,,,0,,,,,,,0
2017-02-04,,,,0,,,,,,0,,,,,,,0
2017-02-05,,,,0,,,,,,0,,,,,,,0
2017-02-06,,,,0,,,,,,0,,,,,,,0
2017-02-07,,,,0,,,,,,0,,,,,,,0
2017-02-08,,,,0,,,,,,0,,,,,,,0
2017-02-09,,,,0,,,,,,0,,,,,,,0
2017-02-10,,,,0,,,,,,0,,,,,,,0
2017-02-11,,,,0,,,,,,0,,,,,,,0
2017-02-12,,,,0,,,,,,0,,,,,,,0
2017-02-13,,,,0,,,,,,0,,,,,,,0
2017-02-14,,,,0,,,,,,0,,,,,,,0
2017-02-15,,,,0,,,,,,0,,,,,,,0
2017-02-16,,,,0,,,,,,0,,,,,,,0
2017-02-17,,,,0,,,,,,0,,,,,,,0
2017-02-18,,,,0,,,,,,0,,,,,,,0
2017-02-19,,,,0,,,,,,0,,,,,,,0
2017-02-20,,,,0,,,,,,0,,,,,,,0
2017-02-21,,,,0,,,,,,0,,,,,,,0
2017-02-22,,,,0,,,,,,0,,,,,,,0
2017-02-23,,,,0,,,,,,0,,,,,,,0
2017-02-24,,,,0,,,,,,0,,,,,,,0
2017-02-25,,,,0,,,,,,0,,,,,,,0
2017-02-26,,,,0,,,,,,0,,,,,,,0
2017-02-27,,,,0,,,,,,0,,,,,,,0
2017-02-28,,,,0,,,,,,0,,,,,,,0
2017-03-01,,,,0,,,,,,0,,,,,,,0
2017-03-02,,,,0,,,,,,0,,,,,,,0
2017-03-03,,,,0,,,,,,0,,,,,,,0
2017-03-04,,,,0,,,,,,0,,,,,,,0
2017-03-05,,,,0,,,,,,0,,,,,,,0
2017-03-06,,,,0,,,,,,0,,,,,,,0
2017-03-07,,,,0,,,,,,0,,,,,,,0
2017-03-08,,,,0,,,,,,0,,,,,,,0
2017-03-09,,,,0,,,,,,0,,,,,,,0
2017-03-10,,,,0,,,,,,0,,,,,,,0
2017-03-11,,,,0,,,,,,0,,,,,,,0
2017-03-12,,,,0,,,,,,0,,,,,,,0
2017-03-13,,,,0,,,,,,0,,,,,,,0
2017-03-14,,,,0,,,,,,0,,,,,,,0
2017-03-15,,,,0,,,,,,0,,,,,,,0
2017-03-16,,,,0,,,,,,0,,,,,,,0
2017-03-17,,,,0,,,,,,0,,,,,,,0
2017-03-18,,,,0,,,,,,0,,,,,,,0
2017-03-19,,,,0,,,,,,0,,,,,,,0
2017-03-20,,,,0,,,,,,0,,,,,,,0
2017-03-21,,,,0,,,,,,0,,,,,,,0
2017-03-22,,,,0,,,,,,0,,,,,,,0
2017-03-23,,,,0,,,,,,0,,,,,,,0
2017-03-24,,,,0,,,,,,0,,,,,,,0
2017-03-25,,,,0,,,,,,0,,,,,,,0
2017-03-26,,,,0,,,,,,0,,,,,,,0
2017-03-27,,,,0,,,,,,0,,,,,,,0
2017-03-28,,,,0,,,,,,0,,,,,,,0
2017-03-29,,,,0,,,,,,0,,,,,,,0
2017-03-30,,,,0,,,,,,0,,,,,,,0
2017-03-31,,,,0,,,,,,0,,,,,,,0
2017-04-01,,,,0,,,,,,0,,,,,,,0
2017-04-02,,,,0,,,,,,0,,,,,,,0
2017-04-03,,,,0,,,,,,0,,,,,,,0
2017-04-04,,,,0,,,,,,0,,,,,,,0
2017-04-05,,,,0,,,,,,0,,,,,,,0
2017-04-06,,,,0,,,,,,0,,,,,,,0
2017-04-07,,,,0,,,,,,0,,,,,,,0
2017-04-08,,,,0,,,,,,0,,,,,,,0
2017-04-09,,,,0,,,,,,0,,,,,,,0
2017-04-10,,,,0,,,,,,0,,,,,,,0
2017-04-11,,,,0,,,,,,0,,,,,,,0
2017-04-12,,,,0,,,,,,0,,,,,,,0
2017-04-13,,,,0,,,,,,0,,,,,,,0
2017-04-14,,,,0,,,,,,0,,,,,,,0
2017-04-15,,,,0,,,,,,0,,,,,,,0
2017-04-16,,,,0,,,,,,0,,,,,,,0
2017-04-17,,,,0,,,,,,0,,,,,,,0
2017-04-18,,,,0,,,,,,0,,,,,,,0
2017-04-19,,,,0,,,,,,0,,,,,,,0
2017-04-20,,,,0,,,,,,0,,,,,,,0
2017-04-21,,,,0,,,,,,0,,,,,,,0
2017-04-22,,,,0,,,,,,0,,,,,,,0
2017-04-23,,,,0,,,,,,0,,,,,,,0
2017-04-24,,,,0,,,,,,0,,,,,,,0
2017-04-25,,,,0,,,,,,0,,,,,,,0
2017-04-26,,,,0,,,,,,0,,,,,,,0
2017-04-27,,,,0,,,,,,0,,,,,,,0
2017-04-28,,,,0,,,,,,0,,,,,,,0
2017-04-29,,,,0,,,,,,0,,,,,,,0
2017-04-30,,,,0,,,,,,0,,,,,,,0
2017-05-01,,,,0,,,,,,0,,,,,,,0
2017-05-02,,,,0,,,,,,0,,,,,,,0
2017-05-03,,,,0,,,,,,0,,,,,,,0
2017-05-04,,,,0,,,,,,0,,,,,,,0
2017-05-05,,,,0,,,,,,0,,,,,,,0
2017-05-06,,,,0,,,,,,0,,,,,,,0
2017-05-07,,,,0,,,,,,0,,,,,,,0
2017-05-08,,,,0,,,,,,0,,,,,,,0
2017-05-09,,,,0,,,,,,0,,,,,,,0
2017-05-10,,,,0,,,,,,0,,,,,,,0
2017-05-11,,,,0,,,,,,0,,,,,,,0
2017-05-12,,,,0,,,,,,0,,,,,,,0
2017-05-13,,,,0,,,,,,0,,,,,,,0
2017-05-14,,,,0,,,,,,0,,,,,,,0
2017-05-15,,,,0,,,,,,0,,,,,,,0
2017-05-16,,,,0,,,,,,0,,,,,,,0
2017-05-17,,,,0,,,,,,0,,,,,,,0
2017-05-18,,,,0,,,,,,0,,,,,,,0
2017-05-19,,,,0,,,,,,0,,,,,,,0
2017-05-20,,,,0,,,,,,0,,,,,,,0
2017-05-21,,,,0,,,,,,0,,,,,,,0
2017-05-22,,,,0,,,,,,0,,,,,,,0
2017-05-23,,,,0,,,,,,0,,,,,,,0
2017-05-24,,,,0,,,,,,0,,,,,,,0
2017-05-25,,,,0,,,,,,0,,,,,,,0
2017-05-26,,,,0,,,,,,0,,,,,,,0
2017-05-27,,,,0,,,,,,0,,,,,,,0
2017-05-28,,,,0,,,,,,0,,,,,,,0
2017-05-29,,,,0,,,,,,0,,,,,,,0
2017-05-30,,,,0,,,,,,0,,,,,,,0
2017-05-31,,,,0,,,,,,0,,,,,,,0
2017-06-01,,,,0,,,,,,0,,,,,,,0
2017-06-02,,,,0,,,,,,0,,,,,,,0
2017-06-03,,,,0,,,,,,0,,,,,,,0
2017-06-04,,,,0,,,,,,0,,,,,,,0
2017-06-05,,,,0,,,,,,0,,,,,,,0
2017-06-06,,,,0,,,,,,0,,,,,,,0
2017-06-07,,,,0,,,,,,0,,,,,,,0
2017-06-08,,,,0,,,,,,0,,,,,,,0
2017-06-09,,,,0,,,,,,0,,,,,,,0
2017-06-10,,,,0,,,,,,0,,,,,,,0
2017-06-11,,,,0,,,,,,0,,,,,,,0
2017-06-12,,,,0,,,,,,0,,,,,,,0
2017-06-13,,,,0,,,,,,0,,,,,,,0
2017-06-14,,,,0,,,,,,0,,,,,,,0
2017-06-15,,,,0,,,,,,0,,,,,,,0
2017-06-16,,,,0,,,,,,0,,,,,,,0
2017-06-17,,,,0,,,,,,0,,,,,,,0
2017-06-18,,,,0,,,,,,0,,,,,,,0
2017-06-19,,,,0,,,,,,0,,,,,,,0
2017-06-20,,,,0,,,,,,0,,,,,,,0
2017-06-21,,,,0,,,,,,0,,,,,,,0
2017-06-22,,,,0,,,,,,0,,,,,,,0
2017-06-23,,,,0,,,,,,0,,,,,,,0
2017-06-24,,,,0,,,,,,0,,,,,,,0
2017-06-25,,,,0,,,,,,0,,,,,,,0
2017-06-26,,,,0,,,,,,0,,,,,,,0
2017-06-27,,,,0,,,,,,0,,,,,,,0
2017-06-28,,,,0,,,,,,0,,,,,,,0
2017-06-29,,,,0,,,,,,0,,,,,,,0
2017-06-30,,,,0,,,,,,0,,,,,,,0
2017-07-01,,,,0,,,,,,0,,,,,,,0
2017-07-02,,,,0,,,,,,0,,,,,,,0
2017-07-03,,,,0,,,,,,0,,,,,,,0
2017-07-04,,,,0,,,,,,0,,,,,,,0
2017-07-05,,,,0,,,,,,0,,,,,,,0
2017-07-06,,,,0,,,,,,0,,,,,,,0
2017-07-07,,,,0,,,,,,0,,,,,,,0
2017-07-08,,,,0,,,,,,0,,,,,,,0
2017-07-09,,,,0,,,,,,0,,,,,,,0
2017-07-10,,,,0,,,,,,0,,,,,,,0
2017-07-11,,,,0,,,,,,0,,,,,,,0
2017-07-12,,,,0,,,,,,0,,,,,,,0
2017-07-13,,,,0,,,,,,0,,,,,,,0
2017-07-14,,,,0,,,,,,0,,,,,,,0
2017-07-15,,,,0,,,,,,0,,,,,,,0
2017-07-16,,,,0,,,,,,0,,,,,,,0
2017-07-17,,,,0,,,,,,0,,,,,,,0
2017-07-18,,,,0,,,,,,0,,,,,,,0
2017-07-19,,,,0,,,,,,0,,,,,,,0
2017-07-20,,,,0,,,,,,0,,,,,,,0
2017-07-21,,,,0,,,,,,0,,,,,,,0
2017-07-22,,,,0,,,,,,0,,,,,,,0
2017-07-23,,,,0,,,,,,0,,,,,,,0
2017-07-24,,,,0,,,,,,0,,,,,,,0
2017-07-25,,,,0,,,,,,0,,,,,,,0
2017-07-26,,,,0,,,,,,0,,,,,,,0
2017-07-27,,,,0,,,,,,0,,,,,,,0
2017-07-28,,,,0,,,,,,0,,,,,,,0
2017-07-29,,,,0,,,,,,0,,,,,,,0
2017-07-30,,,,0,,,,,,0,,,,,,,0
2017-07-31,,,,0,,,,,,0,,,,,,,0
2017-08-01,,,,0,,,,,,0,,,,,,,0
2017-08-02,,,,0,,,,,,0,,,,,,,0
2017-08-03,,,,0,,,,,,0,,,,,,,0
2017-08-04,,,,0,,,,,,0,,,,,,,0
2017-08-05,,,,0,,,,,,0,,,,,,,0
2017-08-06,,,,0,,,,,,0,,,,,,,0
2017-08-07,,,,0,,,,,,0,,,,,,,0
2017-08-08,,,,0,,,,,,0,,,,,,,0
2017-08-09,,,,0,,,,,,0,,,,,,,0
2017-08-10,,,,0,,,,,,0,,,,,,,0
2017-08-11,,,,0,,,,,,0,,,,,,,0
2017-08-12,,,,0,,,,,,0,,,,,,,0
2017-08-13,,,,0,,,,,,0,,,,,,,0
2017-08-14,,,,0,,,,,,0,,,,,,,0
2017-08-15,,,,0,,,,,,0,,,,,,,0
2017-08-16,,,,0,,,,,,0,,,,,,,0
2017-08-17,,,,0,,,,,,0,,,,,,,0
2017-08-18,,,,0,,,,,,0,,,,,,,0
2017-08-19,,,,0,,,,,,0,,,,,,,0
2017-08-20,,,,0,,,,,,0,,,,,,,0
2017-08-21,,,,0,,,,,,0,,,,,,,0
2017-08-22,,,,0,,,,,,0,,,,,,,0
2017-08-23,,,,0,,,,,,0,,,,,,,0
2017-08-24,,,,0,,,,,,0,,,,,,,0
2017-08-25,,,,0,,,,,,0,,,,,,,0
2017-08-26,,,,0,,,,,,0,,,,,,,0
2017-08-27,,,,0,,,,,,0,,,,,,,0
2017-08-28,,,,0,,,,,,0,,,,,,,0
2017-08-29,,,,0,,,,,,0,,,,,,,0
2017-08-30,,,,0,,,,,,0,,,,,,,0
2017-08-31,,,,0,,,,,,0,,,,,,,0
2017-09-01,,,,0,,,,,,0,,,,,,,0
2017-09-02,,,,0,,,,,,0,,,,,,,0
2017-09-03,,,,0,,,,,,0,,,,,,,0
2017-09-04,,,,0,,,,,,0,,,,,,,0
2017-09-05,,,,0,,,,,,0,,,,,,,0
2017-09-06,,,,0,,,,,,0,,,,,,,0
2017-09-07,,,,0,,,,,,0,,,,,,,0
2017-09-08,,,,0,,,,,,0,,,,,,,0
2017-09-09,,,,0,,,,,,0,,,,,,,0
2017-09-10,,,,0,,,,,,0,,,,,,,0
2017-09-11,,,,0,,,,,,0,,,,,,,0
2017-09-12,,,,0,,,,,,0,,,,,,,0
2017-09-13,,,,0,,,,,,0,,,,,,,0
2017-09-14,,,,0,,,,,,0,,,,,,,0
2017-09-15,,,,0,,,,,,0,,,,,,,0
2017-09-16,,,,0,,,,,,0,,,,,,,0
2017-09-17,,,,0,,,,,,0,,,,,,,0
2017-09-18,,,,0,,,,,,0,,,,,,,0
2017-09-19,,,,0,,,,,,0,,,,,,,0
2017-09-20,,,,0,,,,,,0,,,,,,,0
2017-09-21,,,,0,,,,,,0,,,,,,,0
2017-09-22,,,,0,,,,,,0,,,,,,,0
2017-09-23,,,,0,,,,,,0,,,,,,,0
2017-09-24,,,,0,,,,,,0,,,,,,,0
2017-09-25,,,,0,,,,,,0,,,,,,,0
2017-09-26,,,,0,,,,,,0,,,,,,,0
2017-09-27,,,,0,,,,,,0,,,,,,,0
2017-09-28,,,,0,,,,,,0,,,,,,,0
2017-09-29,,,,0,,,,,,0,,,,,,,0
2017-09-30,,,,0,,,,,,0,,,,,,,0
2017-10-01,,,,0,,,,,,0,,,,,,,0
2017-10-02,,,,0,,,,,,0,,,,,,,0
2017-10-03,,,,0,,,,,,0,,,,,,,0
2017-10-04,,,,0,,,,,,0,,,,,,,0
2017-10-05,,,,0,,,,,,0,,,,,,,0
2017-10-06,,,,0,,,,,,0,,,,,,,0
2017-10-07,,,,0,,,,,,0,,,,,,,0
2017-10-08,,,,0,,,,,,0,,,,,,,0
2017-10-09,,,,0,,,,,,0,,,,,,,0
2017-10-10,,,,0,,,,,,0,,,,,,,0
2017-10-11,,,,0,,,,,,0,,,,,,,0
2017-10-12,,,,0,,,,,,0,,,,,,,0
2017-10-13,,,,0,,,,,,0,,,,,,,0
2017-10-14,,,,0,,,,,,0,,,,,,,0
2017-10-15,,,,0,,,,,,0,,,,,,,0
2017-10-16,,,,0,,,,,,0,,,,,,,0
2017-10-17,,,,0,,,,,,0,,,,,,,0
2017-10-18,,,,0,,,,,,0,,,,,,,0
2017-10-19,,,,0,,,,,,0,,,,,,,0
2017-10-20,,,,0,,,,,,0,,,,,,,0
2017-10-21,,,,0,,,,,,0,,,,,,,0
2017-10-22,,,,0,,,,,,0,,,,,,,0
2017-10-23,,,,0,,,,,,0,,,,,,,0
2017-10-24,,,,0,,,,,,0,,,,,,,0
2017-10-25,,,,0,,,,,,0,,,,,,,0
2017-10-26,,,,0,,,,,,0,,,,,,,0
2017-10-27,,,,0,,,,,,0,,,,,,,0
2017-10-28,,,,0,,,,,,0,,,,,,,0
2017-10-29,,,,0,,,,,,0,,,,,,,0
2017-10-30,,,,0,,,,,,0,,,,,,,0
2017-10-31,,,,0,,,,,,0,,,,,,,0
2017-11-01,,,,0,,,,,,0,,,,,,,0
2017-11-02,,,,0,,,,,,0,,,,,,,0
2017-11-03,,,,0,,,,,,0,,,,,,,0
2017-11-04,,,,0,,,,,,0,,,,,,,0
2017-11-05,,,,0,,,,,,0,,,,,,,0
2017-11-06,,,,0,,,,,,0,,,,,,,0
2017-11-07,,,,0,,,,,,0,,,,,,,0
2017-11-08,,,,0,,,,,,0,,,,,,,0
2017-11-09,,,,0,,,,,,0,,,,,,,0
2017-11-10,,,,0,,,,,,0,,,,,,,0
2017-11-11,,,,0,,,,,,0,,,,,,,0
2017-11-12,,,,0,,,,,,0,,,,,,,0
2017-11-13,,,,0,,,,,,0,,,,,,,0
2017-11-14,,,,0,,,,,,0,,,,,,,0
2017-11-15,,,,0,,,,,,0,,,,,,,0
2017-11-16,,,,0,,,,,,0,,,,,,,0
2017-11-17,,,,0,,,,,,0,,,,,,,0
2017-11-18,,,,0,,,,,,0,,,,,,,0
2017-11-19,,,,0,,,,,,0,,,,,,,0
2017-11-20,,,,0,,,,,,0,,,,,,,0
2017-11-21,,,,0,,,,,,0,,,,,,,0
2017-11-22,,,,0,,,,,,0,,,,,,,0
2017-11-23,,,,0,,,,,,0,,,,,,,0
2017-11-24,,,,0,,,,,,0,,,,,,,0
2017-11-25,,,,0,,,,,,0,,,,,,,0
2017-11-26,,,,0,,,,,,0,,,,,,,0
2017-11-27,,,,0,,,,,,0,,,,,,,0
2017-11-28,,,,0,,,,,,0,,,,,,,0
2017-11-29,,,,0,,,,,,0,,,,,,,0
2017-11-30,,,,0,,,,,,0,,,,,,,0
2017-12-01,,,,0,,,,,,0,,,,,,,0
2017-12-02,,,,0,,,,,,0,,,,,,,0
2017-12-03,,,,0,,,,,,0,,,,,,,0
2017-12-04,,,,0,,,,,,0,,,,,,,0
2017-12-05,,,,0,,,,,,0,,,,,,,0
2017-12-06,,,,0,,,,,,0,,,,,,,0
2017-12-07,,,,0,,,,,,0,,,,,,,0
2017-12-08,,,,0,,,,,,0,,,,,,,0
2017-12-09,,,,0,,,,,,0,,,,,,,0
2017-12-10,,,,0,,,,,,0,,,,,,,0
2017-12-11,,,,0,,,,,,0,,,,,,,0
2017-12-12,,,,0,,,,,,0,,,,,,,0
2017-12-13,,,,0,,,,,,0,,,,,,,0
2017-12-14,,,,0,,,,,,0,,,,,,,0
2017-12-15,,,,0,,,,,,0,,,,,,,0
2017-12-16,,,,0,,,,,,0,,,,,,,0
2017-12-17,,,,0,,,,,,0,,,,,,,0
2017-12-18,,,,0,,,,,,0,,,,,,,0
2017-12-19,,,,0,,,,,,0,,,,,,,0
2017-12-20,,,,0,,,,,,0,,,,,,,0
2017-12-21,,,,0,,,,,,0,,,,,,,0
2017-12-22,,,,0,,,,,,0,,,,,,,0
2017-12-23,,,,0,,,,,,0,,,,,,,0
2017-12-24,,,,0,,,,,,0,,,,,,,0
2017-12-25,,,,0,,,,,,0,,,,,,,0
2017-12-26,,,,0,,,,,,0,,,,,,,0
2017-12-27,,,,0,,,,,,0,,,,,,,0
2017-12-28,,,,0,,,,,,0,,,,,,,0
2017-12-29,,,,0,,,,,,0,,,,,,,0
2017-12-30,,,,0,,,,,,0,,,,,,,0
2017-12-31,,,,0,,,,,,0,,,,,,,0
2018-01-01,,,,0,,,,,,0,,,,,,,0
2018-01-02,,,,0,,,,,,0,,,,,,,0
2018-01-03,,,,0,,,,,,0,,,,,,,0
2018-01-04,,,,0,,,,,,0,,,,,,,0
2018-01-05,,,,0,,,,,,0,,,,,,,0
2018-01-06,,,,0,,,,,,0,,,,,,,0
2018-01-07,,,,0,,,,,,0,,,,,,,0
2018-01-08,,,,0,,,,,,0,,,,,,,0
2018-01-09,,,,0,,,,,,0,,,,,,,0
2018-01-10,,,,0,,,,,,0,,,,,,,0
2018-01-11,,,,0,,,,,,0,,,,,,,0
2018-01-12,,,,0,,,,,,0,,,,,,,0
2018-01-13,,,,0,,,,,,0,,,,,,,0
2018-01-14,,,,0,,,,,,0,,,,,,,0
2018-01-15,,,,0,,,,,,0,,,,,,,0
2018-01-16,,,,0,,,,,,0,,,,,,,0
2018-01-17,,,,0,,,,,,0,,,,,,,0
2018-01-18,,,,0,,,,,,0,,,,,,,0
2018-01-19,,,,0,,,,,,0,,,,,,,0
2018-01-20,,,,0,,,,,,0,,,,,,,0
2018-01-21,,,,0,,,,,,0,,,,,,,0
2018-01-22,,,,0,,,,,,0,,,,,,,0
2018-01-23,,,,0,,,,,,0,,,,,,,0
2018-01-24,,,,0,,,,,,0,,,,,,,0
2018-01-25,,,,0,,,,,,0,,,,,,,0
2018-01-26,,,,0,,,,,,0,,,,,,,0
2018-01-27,,,,0,,,,,,0,,,,,,,0
2018-01-28,,,,0,,,,,,0,,,,,,,0
2018-01-29,,,,0,,,,,,0,,,,,,,0
2018-01-30,,,,0,,,,,,0,,,,,,,0
2018-01-31,,,,0,,,,,,0,,,,,,,0
2018-02-01,,,,0,,,,,,0,,,,,,,0
2018-02-02,,,,0,,,,,,0,,,,,,,0
2018-02-03,,,,0,,,,,,0,,,,,,,0
2018-02-04,,,,0,,,,,,0,,,,,,,0
2018-02-05,,,,0,,,,,,0,,,,,,,0
2018-02-06,,,,0,,,,,,0,,,,,,,0
2018-02-07,,,,0,,,,,,0,,,,,,,0
2018-02-08,,,,0,,,,,,0,,,,,,,0
2018-02-09,,,,0,,,,,,0,,,,,,,0
2018-02-10,,,,0,,,,,,0,,,,,,,0
2018-02-11,,,,0,,,,,,0,,,,,,,0
2018-02-12,,,,0,,,,,,0,,,,,,,0
2018-02-13,,,,0,,,,,,0,,,,,,,0
2018-02-14,,,,0,,,,,,0,,,,,,,0
2018-02-15,,,,0,,,,,,0,,,,,,,0
2018-02-16,,,,0,,,,,,0,,,,,,,0
2018-02-17,,,,0,,,,,,0,,,,,,,0
2018-02-18,,,,0,,,,,,0,,,,,,,0
2018-02-19,,,,0,,,,,,0,,,,,,,0
2018-02-20,,,,0,,,,,,0,,,,,,,0
2018-02-21,,,,0,,,,,,0,,,,,,,0
2018-02-22,,,,0,,,,,,0,,,,,,,0
2018-02-23,,,,0,,,,,,0,,,,,,,0
2018-02-24,,,,0,,,,,,0,,,,,,,0
2018-02-25,,,,0,,,,,,0,,,,,,,0
2018-02-26,,,,0,,,,,,0,,,,,,,0
2018-02-27,,,,0,,,,,,0,,,,,,,0
2018-02-28,,,,0,,,,,,0,,,,,,,0
2018-03-01,,,,0,,,,,,0,,,,,,,0
2018-03-02,,,,0,,,,,,0,,,,,,,0
2018-03-03,,,,0,,,,,,0,,,,,,,0
2018-03-04,,,,0,,,,,,0,,,,,,,0
2018-03-05,,,,0,,,,,,0,,,,,,,0
2018-03-06,,,,0,,,,,,0,,,,,,,0
2018-03-07,,,,0,,,,,,0,,,,,,,0
2018-03-08,,,,0,,,,,,0,,,,,,,0
2018-03-09,,,,0,,,,,,0,,,,,,,0
2018-03-10,,,,0,,,,,,0,,,,,,,0
2018-03-11,,,,0,,,,,,0,,,,,,,0
2018-03-12,,,,0,,,,,,0,,,,,,,0
2018-03-13,,,,0,,,,,,0,,,,,,,0
2018-03-14,,,,0,,,,,,0,,,,,,,0
2018-03-15,,,,0,,,,,,0,,,,,,,0
2018-03-16,,,,0,,,,,,0,,,,,,,0
2018-03-17,,,,0,,,,,,0,,,,,,,0
2018-03-18,,,,0,,,,,,0,,,,,,,0
2018-03-19,,,,0,,,,,,0,,,,,,,0
2018-03-20,,,,0,,,,,,0,,,,,,,0
2018-03-21,,,,0,,,,,,0,,,,,,,0
2018-03-22,,,,0,,,,,,0,,,,,,,0
2018-03-23,,,,0,,,,,,0,,,,,,,0
2018-03-24,,,,0,,,,,,0,,,,,,,0
2018-03-25,,,,0,,,,,,0,,,,,,,0
2018-03-26,,,,0,,,,,,0,,,,,,,0
2018-03-27,,,,0,,,,,,0,,,,,,,0
2018-03-28,,,,0,,,,,,0,,,,,,,0
2018-03-29,,,,0,,,,,,0,,,,,,,0
2018-03-30,,,,0,,,,,,0,,,,,,,0
2018-03-31,,,,0,,,,,,0,,,,,,,0
2018-04-01,,,,0,,,,,,0,,,,,,,0
2018-04-02,,,,0,,,,,,0,,,,,,,0
2018-04-03,,,,0,,,,,,0,,,,,,,0
2018-04-04,,,,0,,,,,,0,,,,,,,0
2018-04-05,,,,0,,,,,,0,,,,,,,0
2018-04-06,,,,0,,,,,,0,,,,,,,0
2018-04-07,,,,0,,,,,,0,,,,,,,0
2018-04-08,,,,0,,,,,,0,,,,,,,0
2018-04-09,,,,0,,,,,,0,,,,,,,0
2018-04-10,,,,0,,,,,,0,,,,,,,0
2018-04-11,,,,0,,,,,,0,,,,,,,0
2018-04-12,,,,0,,,,,,0,,,,,,,0
2018-04-13,,,,0,,,,,,0,,,,,,,0
2018-04-14,,,,0,,,,,,0,,,,,,,0
2018-04-15,,,,0,,,,,,0,,,,,,,0
2018-04-16,,,,0,,,,,,0,,,,,,,0
2018-04-17,,,,0,,,,,,0,,,,,,,0
2018-04-18,,,,0,,,,,,0,,,,,,,0
2018-04-19,,,,0,,,,,,0,,,,,,,0
2018-04-20,,,,0,,,,,,0,,,,,,,0
2018-04-21,,,,0,,,,,,0,,,,,,,0
2018-04-22,,,,0,,,,,,0,,,,,,,0
2018-04-23,,,,0,,,,,,0,,,,,,,0
2018-04-24,,,,0,,,,,,0,,,,,,,0
2018-04-25,,,,0,,,,,,0,,,,,,,0
2018-04-26,,,,0,,,,,,0,,,,,,,0
2018-04-27,,,,0,,,,,,0,,,,,,,0
2018-04-28,,,,0,,,,,,0,,,,,,,0
2018-04-29,,,,0,,,,,,0,,,,,,,0
2018-04-30,,,,0,,,,,,0,,,,,,,0
2018-05-01,,,,0,,,,,,0,,,,,,,0
2018-05-02,,,,0,,,,,,0,,,,,,,0
2018-05-03,,,,0,,,,,,0,,,,,,,0
2018-05-04,,,,0,,,,,,0,,,,,,,0
2018-05-05,,,,0,,,,,,0,,,,,,,0
2018-05-06,,,,0,,,,,,0,,,,,,,0
2018-05-07,,,,0,,,,,,0,,,,,,,0
2018-05-08,,,,0,,,,,,0,,,,,,,0
2018-05-09,,,,0,,,,,,0,,,,,,,0
2018-05-10,,,,0,,,,,,0,,,,,,,0
2018-05-11,,,,0,,,,,,0,,,,,,,0
2018-05-12,,,,0,,,,,,0,,,,,,,0
2018-05-13,,,,0,,,,,,0,,,,,,,0
2018-05-14,,,,0,,,,,,0,,,,,,,0
2018-05-15,,,,0,,,,,,0,,,,,,,0
2018-05-16,,,,0,,,,,,0,,,,,,,0
2018-05-17,,,,0,,,,,,0,,,,,,,0
2018-05-18,,,,0,,,,,,0,,,,,,,0
2018-05-19,,,,0,,,,,,0,,,,,,,0
2018-05-20,,,,0,,,,,,0,,,,,,,0
2018-05-21,,,,0,,,,,,0,,,,,,,0
2018-05-22,,,,0,,,,,,0,,,,,,,0
2018-05-23,,,,0,,,,,,0,,,,,,,0
2018-05-24,,,,0,,,,,,0,,,,,,,0
2018-05-25,,,,0,,,,,,0,,,,,,,0
2018-05-26,,,,0,,,,,,0,,,,,,,0
2018-05-27,,,,0,,,,,,0,,,,,,,0
2018-05-28,,,,0,,,,,,0,,,,,,,0
2018-05-29,,,,0,,,,,,0,,,,,,,0
2018-05-30,,,,0,,,,,,0,,,,,,,0
2018-05-31,,,,0,,,,,,0,,,,,,,0
2018-06-01,,,,0,,,,,,0,,,,,,,0
2018-06-02,,,,0,,,,,,0,,,,,,,0
2018-06-03,,,,0,,,,,,0,,,,,,,0
2018-06-04,,,,0,,,,,,0,,,,,,,0
2018-06-05,,,,0,,,,,,0,,,,,,,0
2018-06-06,,,,0,,,,,,0,,,,,,,0
2018-06-07,,,,0,,,,,,0,,,,,,,0
2018-06-08,,,,0,,,,,,0,,,,,,,0
2018-06-09,,,,0,,,,,,0,,,,,,,0
2018-06-10,,,,0,,,,,,0,,,,,,,0
2018-06-11,,,,0,,,,,,0,,,,,,,0
2018-06-12,,,,0,,,,,,0,,,,,,,0
2018-06-13,,,,0,,,,,,0,,,,,,,0
2018-06-14,,,,0,,,,,,0,,,,,,,0
2018-06-15,,,,0,,,,,,0,,,,,,,0
2018-06-16,,,,0,,,,,,0,,,,,,,0
2018-06-17,,,,0,,,,,,0,,,,,,,0
2018-06-18,,,,0,,,,,,0,,,,,,,0
2018-06-19,,,,0,,,,,,0,,,,,,,0
2018-06-20,,,,0,,,,,,0,,,,,,,0
2018-06-21,,,,0,,,,,,0,,,,,,,0
2018-06-22,,,,0,,,,,,0,,,,,,,0
2018-06-23,,,,0,,,,,,0,,,,,,,0
2018-06-24,,,,0,,,,,,0,,,,,,,0
2018-06-25,,,,0,,,,,,0,,,,,,,0
2018-06-26,,,,0,,,,,,0,,,,,,,0
2018-06-27,,,,0,,,,,,0,,,,,,,0
2018-06-28,,,,0,,,,,,0,,,,,,,0
2018-06-29,,,,0,,,,,,0,,,,,,,0
2018-06-30,,,,0,,,,,,0,,,,,,,0
2018-07-01,,,,0,,,,,,0,,,,,,,0
2018-07-02,,,,0,,,,,,0,,,,,,,0
2018-07-03,,,,0,,,,,,0,,,,,,,0
2018-07-04,,,,0,,,,,,0,,,,,,,0
2018-07-05,,,,0,,,,,,0,,,,,,,0
2018-07-06,,,,0,,,,,,0,,,,,,,0
2018-07-07,,,,0,,,,,,0,,,,,,,0
2018-07-08,,,,0,,,,,,0,,,,,,,0
2018-07-09,,,,0,,,,,,0,,,,,,,0
2018-07-10,,,,0,,,,,,0,,,,,,,0
2018-07-11,,,,0,,,,,,0,,,,,,,0
2018-07-12,,,,0,,,,,,0,,,,,,,0
2018-07-13,,,,0,,,,,,0,,,,,,,0
2018-07-14,,,,0,,,,,,0,,,,,,,0
2018-07-15,,,,0,,,,,,0,,,,,,,0
2018-07-16,,,,0,,,,,,0,,,,,,,0
2018-07-17,,,,0,,,,,,0,,,,,,,0
2018-07-18,,,,0,,,,,,0,,,,,,,0
2018-07-19,,,,0,,,,,,0,,,,,,,0
2018-07-20,,,,0,,,,,,0,,,,,,,0
2018-07-21,,,,0,,,,,,0,,,,,,,0
2018-07-22,,,,0,,,,,,0,,,,,,,0
2018-07-23,,,,0,,,,,,0,,,,,,,0
2018-07-24,,,,0,,,,,,0,,,,,,,0
2018-07-25,,,,0,,,,,,0,,,,,,,0
2018-07-26,,,,0,,,,,,0,,,,,,,0
2018-07-27,,,,0,,,,,,0,,,,,,,0
2018-07-28,,,,0,,,,,,0,,,,,,,0
2018-07-29,,,,0,,,,,,0,,,,,,,0
2018-07-30,,,,0,,,,,,0,,,,,,,0
2018-07-31,,,,0,,,,,,0,,,,,,,0
2018-08-01,,,,0,,,,,,0,,,,,,,0
2018-08-02,,,,0,,,,,,0,,,,,,,0
2018-08-03,,,,0,,,,,,0,,,,,,,0
2018-08-04,,,,0,,,,,,0,,,,,,,0
2018-08-05,,,,0,,,,,,0,,,,,,,0
2018-08-06,,,,0,,,,,,0,,,,,,,0
2018-08-07,,,,0,,,,,,0,,,,,,,0
2018-08-08,,,,0,,,,,,0,,,,,,,0
2018-08-09,,,,0,,,,,,0,,,,,,,0
2018-08-10,,,,0,,,,,,0,,,,,,,0
2018-08-11,,,,0,,,,,,0,,,,,,,0
2018-08-12,,,,0,,,,,,0,,,,,,,0
2018-08-13,,,,0,,,,,,0,,,,,,,0
2018-08-14,,,,0,,,,,,0,,,,,,,0
2018-08-15,,,,0,,,,,,0,,,,,,,0
2018-08-16,,,,0,,,,,,0,,,,,,,0
2018-08-17,,,,0,,,,,,0,,,,,,,0
2018-08-18,,,,0,,,,,,0,,,,,,,0
2018-08-19,,,,0,,,,,,0,,,,,,,0
2018-08-20,,,,0,,,,,,0,,,,,,,0
2018-08-21,,,,0,,,,,,0,,,,,,,0
2018-08-22,,,,0,,,,,,0,,,,,,,0
2018-08-23,,,,0,,,,,,0,,,,,,,0
2018-08-24,,,,0,,,,,,0,,,,,,,0
2018-08-25,,,,0,,,,,,0,,,,,,,0
2018-08-26,,,,0,,,,,,0,,,,,,,0
2018-08-27,,,,0,,,,,,0,,,,,,,0
2018-08-28,,,,0,,,,,,0,,,,,,,0
2018-08-29,,,,0,,,,,,0,,,,,,,0
2018-08-30,,,,0,,,,,,0,,,,,,,0
2018-08-31,,,,0,,,,,,0,,,,,,,0
2018-09-01,,,,0,,,,,,0,,,,,,,0
2018-09-02,,,,0,,,,,,0,,,,,,,0
2018-09-03,,,,0,,,,,,0,,,,,,,0
2018-09-04,,,,0,,,,,,0,,,,,,,0
2018-09-05,,,,0,,,,,,0,,,,,,,0
2018-09-06,,,,0,,,,,,0,,,,,,,0
2018-09-07,,,,0,,,,,,0,,,,,,,0
2018-09-08,,,,0,,,,,,0,,,,,,,0
2018-09-09,,,,0,,,,,,0,,,,,,,0
2018-09-10,,,,0,,,,,,0,,,,,,,0
2018-09-11,,,,0,,,,,,0,,,,,,,0
2018-09-12,,,,0,,,,,,0,,,,,,,0
2018-09-13,,,,0,,,,,,0,,,,,,,0
2018-09-14,,,,0,,,,,,0,,,,,,,0
2018-09-15,,,,0,,,,,,0,,,,,,,0
2018-09-16,,,,0,,,,,,0,,,,,,,0
2018-09-17,,,,0,,,,,,0,,,,,,,0
2018-09-18,,,,0,,,,,,0,,,,,,,0
2018-09-19,,,,0,,,,,,0,,,,,,,0
2018-09-20,,,,0,,,,,,0,,,,,,,0
2018-09-21,,,,0,,,,,,0,,,,,,,0
2018-09-22,,,,0,,,,,,0,,,,,,,0
2018-09-23,,,,0,,,,,,0,,,,,,,0
2018-09-24,,,,0,,,,,,0,,,,,,,0
2018-09-25,,,,0,,,,,,0,,,,,,,0
2018-09-26,,,,0,,,,,,0,,,,,,,0
2018-09-27,,,,0,,,,,,0,,,,,,,0
2018-09-28,,,,0,,,,,,0,,,,,,,0
2018-09-29,,,,0,,,,,,0,,,,,,,0
2018-09-30,,,,0,,,,,,0,,,,,,,0
2018-10-01,,,,0,,,,,,0,,,,,,,0
2018-10-02,,,,0,,,,,,0,,,,,,,0
2018-10-03,,,,0,,,,,,0,,,,,,,0
2018-10-04,,,,0,,,,,,0,,,,,,,0
2018-10-05,,,,0,,,,,,0,,,,,,,0
2018-10-06,,,,0,,,,,,0,,,,,,,0
2018-10-07,,,,0,,,,,,0,,,,,,,0
2018-10-08,,,,0,,,,,,0,,,,,,,0
2018-10-09,,,,0,,,,,,0,,,,,,,0
2018-10-10,,,,0,,,,,,0,,,,,,,0
2018-10-11,,,,0,,,,,,0,,,,,,,0
2018-10-12,,,,0,,,,,,0,,,,,,,0
2018-10-13,,,,0,,,,,,0,,,,,,,0
2018-10-14,,,,0,,,,,,0,,,,,,,0
2018-10-15,,,,0,,,,,,0,,,,,,,0
2018-10-16,,,,0,,,,,,0,,,,,,,0
2018-10-17,,,,0,,,,,,0,,,,,,,0
2018-10-18,,,,0,,,,,,0,,,,,,,0
2018-10-19,,,,0,,,,,,0,,,,,,,0
2018-10-20,,,,0,,,,,,0,,,,,,,0
2018-10-21,,,,0,,,,,,0,,,,,,,0
2018-10-22,,,,0,,,,,,0,,,,,,,0
2018-10-23,,,,0,,,,,,0,,,,,,,0
2018-10-24,,,,0,,,,,,0,,,,,,,0
2018-10-25,,,,0,,,,,,0,,,,,,,0
2018-10-26,,,,0,,,,,,0,,,,,,,0
2018-10-27,,,,0,,,,,,0,,,,,,,0
2018-10-28,,,,0,,,,,,0,,,,,,,0
2018-10-29,,,,0,,,,,,0,,,,,,,0
2018-10-30,,,,0,,,,,,0,,,,,,,0
2018-10-31,,,,0,,,,,,0,,,,,,,0
2018-11-01,,,,0,,,,,,0,,,,,,,0
2018-11-02,,,,0,,,,,,0,,,,,,,0
2018-11-03,,,,0,,,,,,0,,,,,,,0
2018-11-04,,,,0,,,,,,0,,,,,,,0
2018-11-05,,,,0,,,,,,0,,,,,,,0
2018-11-06,,,,0,,,,,,0,,,,,,,0
2018-11-07,,,,0,,,,,,0,,,,,,,0
2018-11-08,,,,0,,,,,,0,,,,,,,0
2018-11-09,,,,0,,,,,,0,,,,,,,0
2018-11-10,,,,0,,,,,,0,,,,,,,0
2018-11-11,,,,0,,,,,,0,,,,,,,0
2018-11-12,,,,0,,,,,,0,,,,,,,0
2018-11-13,,,,0,,,,,,0,,,,,,,0
2018-11-14,,,,0,,,,,,0,,,,,,,0
2018-11-15,,,,0,,,,,,0,,,,,,,0
2018-11-16,,,,0,,,,,,0,,,,,,,0
2018-11-17,,,,0,,,,,,0,,,,,,,0
2018-11-18,,,,0,,,,,,0,,,,,,,0
2018-11-19,,,,0,,,,,,0,,,,,,,0
2018-11-20,,,,0,,,,,,0,,,,,,,0
2018-11-21,,,,0,,,,,,0,,,,,,,0
2018-11-22,,,,0,,,,,,0,,,,,,,0
2018-11-23,,,,0,,,,,,0,,,,,,,0
2018-11-24,,,,0,,,,,,0,,,,,,,0
2018-11-25,,,,0,,,,,,0,,,,,,,0
2018-11-26,,,,0,,,,,,0,,,,,,,0
2018-11-27,,,,0,,,,,,0,,,,,,,0
2018-11-28,,,,0,,,,,,0,,,,,,,0
2018-11-29,,,,0,,,,,,0,,,,,,,0
2018-11-30,,,,0,,,,,,0,,,,,,,0
2018-12-01,,,,0,,,,,,0,,,,,,,0
2018-12-02,,,,0,,,,,,0,,,,,,,0
2018-12-03,,,,0,,,,,,0,,,,,,,0
2018-12-04,,,,0,,,,,,0,,,,,,,0
2018-12-05,,,,0,,,,,,0,,,,,,,0
2018-12-06,,,,0,,,,,,0,,,,,,,0
2018-12-07,,,,0,,,,,,0,,,,,,,0
2018-12-08,,,,0,,,,,,0,,,,,,,0
2018-12-09,,,,0,,,,,,0,,,,,,,0
2018-12-10,,,,0,,,,,,0,,,,,,,0
2018-12-11,,,,0,,,,,,0,,,,,,,0
2018-12-12,,,,0,,,,,,0,,,,,,,0
2018-12-13,,,,0,,,,,,0,,,,,,,0
2018-12-14,,,,0,,,,,,0,,,,,,,0
2018-12-15,,,,0,,,,,,0,,,,,,,0
2018-12-16,,,,0,,,,,,0,,,,,,,0
2018-12-17,,,,0,,,,,,0,,,,,,,0
2018-12-18,,,,0,,,,,,0,,,,,,,0
2018-12-19,,,,0,,,,,,0,,,,,,,0
2018-12-20,,,,0,,,,,,0,,,,,,,0
2018-12-21,,,,0,,,,,,0,,,,,,,0
2018-12-22,,,,0,,,,,,0,,,,,,,0
2018-12-23,,,,0,,,,,,0,,,,,,,0
2018-12-24,,,,0,,,,,,0,,,,,,,0
2018-12-25,,,,0,,,,,,0,,,,,,,0
2018-12-26,,,,0,,,,,,0,,,,,,,0
2018-12-27,,,,0,,,,,,0,,,,,,,0
2018-12-28,,,,0,,,,,,0,,,,,,,0
2018-12-29,,,,0,,,,,,0,,,,,,,0
2018-12-30,,,,0,,,,,,0,,,,,,,0
2018-12-31,,,,0,,,,,,0,,,,,,,0
2019-01-01,,,,0,,,,,,0,,,,,,,0
2019-01-02,,,,0,,,,,,0,,,,,,,0
2019-01-03,,,,0,,,,,,0,,,,,,,0
2019-01-04,,,,0,,,,,,0,,,,,,,0
2019-01-05,,,,0,,,,,,0,,,,,,,0
2019-01-06,,,,0,,,,,,0,,,,,,,0
2019-01-07,,,,0,,,,,,0,,,,,,,0
2019-01-08,,,,0,,,,,,0,,,,,,,0
2019-01-09,,,,0,,,,,,0,,,,,,,0
2019-01-10,,,,0,,,,,,0,,,,,,,0
2019-01-11,,,,0,,,,,,0,,,,,,,0
2019-01-12,,,,0,,,,,,0,,,,,,,0
2019-01-13,,,,0,,,,,,0,,,,,,,0
2019-01-14,,,,0,,,,,,0,,,,,,,0
2019-01-15,,,,0,,,,,,0,,,,,,,0
2019-01-16,,,,0,,,,,,0,,,,,,,0
2019-01-17,,,,0,,,,,,0,,,,,,,0
2019-01-18,,,,0,,,,,,0,,,,,,,0
2019-01-19,,,,0,,,,,,0,,,,,,,0
2019-01-20,,,,0,,,,,,0,,,,,,,0
2019-01-21,,,,0,,,,,,0,,,,,,,0
2019-01-22,,,,0,,,,,,0,,,,,,,0
2019-01-23,,,,0,,,,,,0,,,,,,,0
2019-01-24,,,,0,,,,,,0,,,,,,,0
2019-01-25,,,,0,,,,,,0,,,,,,,0
2019-01-26,,,,0,,,,,,0,,,,,,,0
2019-01-27,,,,0,,,,,,0,,,,,,,0
2019-01-28,,,,0,,,,,,0,,,,,,,0
2019-01-29,,,,0,,,,,,0,,,,,,,0
2019-01-30,,,,0,,,,,,0,,,,,,,0
2019-01-31,,,,0,,,,,,0,,,,,,,0
2019-02-01,,,,0,,,,,,0,,,,,,,0
2019-02-02,,,,0,,,,,,0,,,,,,,0
2019-02-03,,,,0,,,,,,0,,,,,,,0
2019-02-04,,,,0,,,,,,0,,,,,,,0
2019-02-05,,,,0,,,,,,0,,,,,,,0
2019-02-06,,,,0,,,,,,0,,,,,,,0
2019-02-07,,,,0,,,,,,0,,,,,,,0
2019-02-08,,,,0,,,,,,0,,,,,,,0
2019-02-09,,,,0,,,,,,0,,,,,,,0
2019-02-10,,,,0,,,,,,0,,,,,,,0
2019-02-11,,,,0,,,,,,0,,,,,,,0
2019-02-12,,,,0,,,,,,0,,,,,,,0
2019-02-13,,,,0,,,,,,0,,,,,,,0
2019-02-14,,,,0,,,,,,0,,,,,,,0
2019-02-15,,,,0,,,,,,0,,,,,,,0
2019-02-16,,,,0,,,,,,0,,,,,,,0
2019-02-17,,,,0,,,,,,0,,,,,,,0
2019-02-18,,,,0,,,,,,0,,,,,,,0
2019-02-19,,,,0,,,,,,0,,,,,,,0
2019-02-20,,,,0,,,,,,0,,,,,,,0
2019-02-21,,,,0,,,,,,0,,,,,,,0
2019-02-22,,,,0,,,,,,0,,,,,,,0
2019-02-23,,,,0,,,,,,0,,,,,,,0
2019-02-24,,,,0,,,,,,0,,,,,,,0
2019-02-25,,,,0,,,,,,0,,,,,,,0
2019-02-26,,,,0,,,,,,0,,,,,,,0
2019-02-27,,,,0,,,,,,0,,,,,,,0
2019-02-28,,,,0,,,,,,0,,,,,,,0
2019-03-01,,,,0,,,,,,0,,,,,,,0
2019-03-02,,,,0,,,,,,0,,,,,,,0
2019-03-03,,,,0,,,,,,0,,,,,,,0
2019-03-04,,,,0,,,,,,0,,,,,,,0
2019-03-05,,,,0,,,,,,0,,,,,,,0
2019-03-06,,,,0,,,,,,0,,,,,,,0
2019-03-07,,,,0,,,,,,0,,,,,,,0
2019-03-08,,,,0,,,,,,0,,,,,,,0
2019-03-09,,,,0,,,,,,0,,,,,,,0
2019-03-10,,,,0,,,,,,0,,,,,,,0
2019-03-11,,,,0,,,,,,0,,,,,,,0
2019-03-12,,,,0,,,,,,0,,,,,,,0
2019-03-13,,,,0,,,,,,0,,,,,,,0
2019-03-14,,,,0,,,,,,0,,,,,,,0
2019-03-15,,,,0,,,,,,0,,,,,,,0
2019-03-16,,,,0,,,,,,0,,,,,,,0
2019-03-17,,,,0,,,,,,0,,,,,,,0
2019-03-18,,,,0,,,,,,0,,,,,,,0
2019-03-19,,,,0,,,,,,0,,,,,,,0
2019-03-20,,,,0,,,,,,0,,,,,,,0
2019-03-21,,,,0,,,,,,0,,,,,,,0
2019-03-22,,,,0,,,,,,0,,,,,,,0
2019-03-23,,,,0,,,,,,0,,,,,,,0
2019-03-24,,,,0,,,,,,0,,,,,,,0
2019-03-25,,,,0,,,,,,0,,,,,,,0
2019-03-26,,,,0,,,,,,0,,,,,,,0
2019-03-27,,,,0,,,,,,0,,,,,,,0
2019-03-28,,,,0,,,,,,0,,,,,,,0
2019-03-29,,,,0,,,,,,0,,,,,,,0
2019-03-30,,,,0,,,,,,0,,,,,,,0
2019-03-31,,,,0,,,,,,0,,,,,,,0
2019-04-01,,,,0,,,,,,0,,,,,,,0
2019-04-02,,,,0,,,,,,0,,,,,,,0
2019-04-03,,,,0,,,,,,0,,,,,,,0
2019-04-04,,,,0,,,,,,0,,,,,,,0
2019-04-05,,,,0,,,,,,0,,,,,,,0
2019-04-06,,,,0,,,,,,0,,,,,,,0
2019-04-07,,,,0,,,,,,0,,,,,,,0
2019-04-08,,,,0,,,,,,0,,,,,,,0
2019-04-09,,,,0,,,,,,0,,,,,,,0
2019-04-10,,,,0,,,,,,0,,,,,,,0
2019-04-11,,,,0,,,,,,0,,,,,,,0
2019-04-12,,,,0,,,,,,0,,,,,,,0
2019-04-13,,,,0,,,,,,0,,,,,,,0
2019-04-14,,,,0,,,,,,0,,,,,,,0
2019-04-15,,,,0,,,,,,0,,,,,,,0
2019-04-16,,,,0,,,,,,0,,,,,,,0
2019-04-17,,,,0,,,,,,0,,,,,,,0
2019-04-18,,,,0,,,,,,0,,,,,,,0
2019-04-19,,,,0,,,,,,0,,,,,,,0
2019-04-20,,,,0,,,,,,0,,,,,,,0
2019-04-21,,,,0,,,,,,0,,,,,,,0
2019-04-22,,,,0,,,,,,0,,,,,,,0
2019-04-23,,,,0,,,,,,0,,,,,,,0
2019-04-24,,,,0,,,,,,0,,,,,,,0
2019-04-25,,,,0,,,,,,0,,,,,,,0
2019-04-26,,,,0,,,,,,0,,,,,,,0
2019-04-27,,,,0,,,,,,0,,,,,,,0
2019-04-28,,,,0,,,,,,0,,,,,,,0
2019-04-29,,,,0,,,,,,0,,,,,,,0
2019-04-30,,,,0,,,,,,0,,,,,,,0
2019-05-01,,,,0,,,,,,0,,,,,,,0
2019-05-02,,,,0,,,,,,0,,,,,,,0
2019-05-03,,,,0,,,,,,0,,,,,,,0
2019-05-04,,,,0,,,,,,0,,,,,,,0
2019-05-05,,,,0,,,,,,0,,,,,,,0
2019-05-06,,,,0,,,,,,0,,,,,,,0
2019-05-07,,,,0,,,,,,0,,,,,,,0
2019-05-08,,,,0,,,,,,0,,,,,,,0
2019-05-09,,,,0,,,,,,0,,,,,,,0
2019-05-10,,,,0,,,,,,0,,,,,,,0
2019-05-11,,,,0,,,,,,0,,,,,,,0
2019-05-12,,,,0,,,,,,0,,,,,,,0
2019-05-13,,,,0,,,,,,0,,,,,,,0
2019-05-14,,,,0,,,,,,0,,,,,,,0
2019-05-15,,,,0,,,,,,0,,,,,,,0
2019-05-16,,,,0,,,,,,0,,,,,,,0
2019-05-17,,,,0,,,,,,0,,,,,,,0
2019-05-18,,,,0,,,,,,0,,,,,,,0
2019-05-19,,,,0,,,,,,0,,,,,,,0
2019-05-20,,,,0,,,,,,0,,,,,,,0
2019-05-21,,,,0,,,,,,0,,,,,,,0
2019-05-22,,,,0,,,,,,0,,,,,,,0
2019-05-23,,,,0,,,,,,0,,,,,,,0
2019-05-24,,,,0,,,,,,0,,,,,,,0
2019-05-25,,,,0,,,,,,0,,,,,,,0
2019-05-26,,,,0,,,,,,0,,,,,,,0
2019-05-27,,,,0,,,,,,0,,,,,,,0
2019-05-28,,,,0,,,,,,0,,,,,,,0
2019-05-29,,,,0,,,,,,0,,,,,,,0
2019-05-30,,,,0,,,,,,0,,,,,,,0
2019-05-31,,,,0,,,,,,0,,,,,,,0
2019-06-01,,,,0,,,,,,0,,,,,,,0
2019-06-02,,,,0,,,,,,0,,,,,,,0
2019-06-03,,,,0,,,,,,0,,,,,,,0
2019-06-04,,,,0,,,,,,0,,,,,,,0
2019-06-05,,,,0,,,,,,0,,,,,,,0
2019-06-06,,,,0,,,,,,0,,,,,,,0
2019-06-07,,,,0,,,,,,0,,,,,,,0
2019-06-08,,,,0,,,,,,0,,,,,,,0
2019-06-09,,,,0,,,,,,0,,,,,,,0
2019-06-10,,,,0,,,,,,0,,,,,,,0
2019-06-11,,,,0,,,,,,0,,,,,,,0
2019-06-12,,,,0,,,,,,0,,,,,,,0
2019-06-13,,,,0,,,,,,0,,,,,,,0
2019-06-14,,,,0,,,,,,0,,,,,,,0
2019-06-15,,,,0,,,,,,0,,,,,,,0
2019-06-16,,,,0,,,,,,0,,,,,,,0
2019-06-17,,,,0,,,,,,0,,,,,,,0
2019-06-18,,,,0,,,,,,0,,,,,,,0
2019-06-19,,,,0,,,,,,0,,,,,,,0
2019-06-20,,,,0,,,,,,0,,,,,,,0
2019-06-21,,,,0,,,,,,0,,,,,,,0
2019-06-22,,,,0,,,,,,0,,,,,,,0
2019-06-23,,,,0,,,,,,0,,,,,,,0
2019-06-24,,,,0,,,,,,0,,,,,,,0
2019-06-25,,,,0,,,,,,0,,,,,,,0
2019-06-26,,,,0,,,,,,0,,,,,,,0
2019-06-27,,,,0,,,,,,0,,,,,,,0
2019-06-28,,,,0,,,,,,0,,,,,,,0
2019-06-29,,,,0,,,,,,0,,,,,,,0
2019-06-30,,,,0,,,,,,0,,,,,,,0
2019-07-01,,,,0,,,,,,0,,,,,,,0
2019-07-02,,,,0,,,,,,0,,,,,,,0
2019-07-03,,,,0,,,,,,0,,,,,,,0
2019-07-04,,,,0,,,,,,0,,,,,,,0
2019-07-05,,,,0,,,,,,0,,,,,,,0
2019-07-06,,,,0,,,,,,0,,,,,,,0
2019-07-07,,,,0,,,,,,0,,,,,,,0
2019-07-08,,,,0,,,,,,0,,,,,,,0
2019-07-09,,,,0,,,,,,0,,,,,,,0
2019-07-10,,,,0,,,,,,0,,,,,,,0
2019-07-11,,,,0,,,,,,0,,,,,,,0
2019-07-12,,,,0,,,,,,0,,,,,,,0
2019-07-13,,,,0,,,,,,0,,,,,,,0
2019-07-14,,,,0,,,,,,0,,,,,,,0
2019-07-15,,,,0,,,,,,0,,,,,,,0
2019-07-16,,,,0,,,,,,0,,,,,,,0
2019-07-17,,,,0,,,,,,0,,,,,,,0
2019-07-18,,,,0,,,,,,0,,,,,,,0
2019-07-19,,,,0,,,,,,0,,,,,,,0
2019-07-20,,,,0,,,,,,0,,,,,,,0
2019-07-21,,,,0,,,,,,0,,,,,,,0
2019-07-22,,,,0,,,,,,0,,,,,,,0
2019-07-23,,,,0,,,,,,0,,,,,,,0
2019-07-24,,,,0,,,,,,0,,,,,,,0
2019-07-25,,,,0,,,,,,0,,,,,,,0
2019-07-26,,,,0,,,,,,0,,,,,,,0
2019-07-27,,,,0,,,,,,0,,,,,,,0
2019-07-28,,,,0,,,,,,0,,,,,,,0
2019-07-29,,,,0,,,,,,0,,,,,,,0
2019-07-30,,,,0,,,,,,0,,,,,,,0
2019-07-31,,,,0,,,,,,0,,,,,,,0
2019-08-01,,,,0,,,,,,0,,,,,,,0
2019-08-02,,,,0,,,,,,0,,,,,,,0
2019-08-03,,,,0,,,,,,0,,,,,,,0
2019-08-04,,,,0,,,,,,0,,,,,,,0
2019-08-05,,,,0,,,,,,0,,,,,,,0
2019-08-06,,,,0,,,,,,0,,,,,,,0
2019-08-07,,,,0,,,,,,0,,,,,,,0
2019-08-08,,,,0,,,,,,0,,,,,,,0
2019-08-09,,,,0,,,,,,0,,,,,,,0
2019-08-10,,,,0,,,,,,0,,,,,,,0
2019-08-11,,,,0,,,,,,0,,,,,,,0
2019-08-12,,,,0,,,,,,0,,,,,,,0
2019-08-13,,,,0,,,,,,0,,,,,,,0
2019-08-14,,,,0,,,,,,0,,,,,,,0
2019-08-15,,,,0,,,,,,0,,,,,,,0
2019-08-16,,,,0,,,,,,0,,,,,,,0
2019-08-17,,,,0,,,,,,0,,,,,,,0
2019-08-18,,,,0,,,,,,0,,,,,,,0
2019-08-19,,,,0,,,,,,0,,,,,,,0
2019-08-20,,,,0,,,,,,0,,,,,,,0
2019-08-21,,,,0,,,,,,0,,,,,,,0
2019-08-22,,,,0,,,,,,0,,,,,,,0
2019-08-23,,,,0,,,,,,0,,,,,,,0
2019-08-24,,,,0,,,,,,0,,,,,,,0
2019-08-25,,,,0,,,,,,0,,,,,,,0
2019-08-26,,,,0,,,,,,0,,,,,,,0
2019-08-27,,,,0,,,,,,0,,,,,,,0
2019-08-28,,,,0,,,,,,0,,,,,,,0
2019-08-29,,,,0,,,,,,0,,,,,,,0
2019-08-30,,,,0,,,,,,0,,,,,,,0
2019-08-31,,,,0,,,,,,0,,,,,,,0
2019-09-01,,,,0,,,,,,0,,,,,,,0
2019-09-02,,,,0,,,,,,0,,,,,,,0
2019-09-03,,,,0,,,,,,0,,,,,,,0
2019-09-04,,,,0,,,,,,0,,,,,,,0
2019-09-05,,,,0,,,,,,0,,,,,,,0
2019-09-06,,,,0,,,,,,0,,,,,,,0
2019-09-07,,,,0,,,,,,0,,,,,,,0
2019-09-08,,,,0,,,,,,0,,,,,,,0
2019-09-09,,,,0,,,,,,0,,,,,,,0
2019-09-10,,,,0,,,,,,0,,,,,,,0
2019-09-11,,,,0,,,,,,0,,,,,,,0
2019-09-12,,,,0,,,,,,0,,,,,,,0
2019-09-13,,,,0,,,,,,0,,,,,,,0
2019-09-14,,,,0,,,,,,0,,,,,,,0
2019-09-15,,,,0,,,,,,0,,,,,,,0
2019-09-16,,,,0,,,,,,0,,,,,,,0
2019-09-17,,,,0,,,,,,0,,,,,,,0
2019-09-18,,,,0,,,,,,0,,,,,,,0
2019-09-19,,,,0,,,,,,0,,,,,,,0
2019-09-20,,,,0,,,,,,0,,,,,,,0
2019-09-21,,,,0,,,,,,0,,,,,,,0
2019-09-22,,,,0,,,,,,0,,,,,,,0
2019-09-23,,,,0,,,,,,0,,,,,,,0
2019-09-24,,,,0,,,,,,0,,,,,,,0
2019-09-25,,,,0,,,,,,0,,,,,,,0
2019-09-26,,,,0,,,,,,0,,,,,,,0
2019-09-27,,,,0,,,,,,0,,,,,,,0
2019-09-28,,,,0,,,,,,0,,,,,,,0
2019-09-29,,,,0,,,,,,0,,,,,,,0
2019-09-30,,,,0,,,,,,0,,,,,,,0
2019-10-01,,,,0,,,,,,0,,,,,,,0
2019-10-02,,,,0,,,,,,0,,,,,,,0
2019-10-03,,,,0,,,,,,0,,,,,,,0
2019-10-04,,,,0,,,,,,0,,,,,,,0
2019-10-05,,,,0,,,,,,0,,,,,,,0
2019-10-06,,,,0,,,,,,0,,,,,,,0
2019-10-07,,,,0,,,,,,0,,,,,,,0
2019-10-08,,,,0,,,,,,0,,,,,,,0
2019-10-09,,,,0,,,,,,0,,,,,,,0
2019-10-10,,,,0,,,,,,0,,,,,,,0
2019-10-11,,,,0,,,,,,0,,,,,,,0
2019-10-12,,,,0,,,,,,0,,,,,,,0
2019-10-13,,,,0,,,,,,0,,,,,,,0
2019-10-14,,,,0,,,,,,0,,,,,,,0
2019-10-15,,,,0,,,,,,0,,,,,,,0
2019-10-16,,,,0,,,,,,0,,,,,,,0
2019-10-17,,,,0,,,,,,0,,,,,,,0
2019-10-18,,,,0,,,,,,0,,,,,,,0
2019-10-19,,,,0,,,,,,0,,,,,,,0
2019-10-20,,,,0,,,,,,0,,,,,,,0
2019-10-21,,,,0,,,,,,0,,,,,,,0
2019-10-22,,,,0,,,,,,0,,,,,,,0
2019-10-23,,,,0,,,,,,0,,,,,,,0
2019-10-24,,,,0,,,,,,0,,,,,,,0
2019-10-25,,,,0,,,,,,0,,,,,,,0
2019-10-26,,,,0,,,,,,0,,,,,,,0
2019-10-27,,,,0,,,,,,0,,,,,,,0
2019-10-28,,,,0,,,,,,0,,,,,,,0
2019-10-29,,,,0,,,,,,0,,,,,,,0
2019-10-30,,,,0,,,,,,0,,,,,,,0
2019-10-31,,,,0,,,,,,0,,,,,,,0
2019-11-01,,,,0,,,,,,0,,,,,,,0
2019-11-02,,,,0,,,,,,0,,,,,,,0
2019-11-03,,,,0,,,,,,0,,,,,,,0
2019-11-04,,,,0,,,,,,0,,,,,,,0
2019-11-05,,,,0,,,,,,0,,,,,,,0
2019-11-06,,,,0,,,,,,0,,,,,,,0
2019-11-07,,,,0,,,,,,0,,,,,,,0
2019-11-08,,,,0,,,,,,0,,,,,,,0
2019-11-09,,,,0,,,,,,0,,,,,,,0
2019-11-10,,,,0,,,,,,0,,,,,,,0
2019-11-11,,,,0,,,,,,0,,,,,,,0
2019-11-12,,,,0,,,,,,0,,,,,,,0
2019-11-13,,,,0,,,,,,0,,,,,,,0
2019-11-14,,,,0,,,,,,0,,,,,,,0
2019-11-15,,,,0,,,,,,0,,,,,,,0
2019-11-16,,,,0,,,,,,0,,,,,,,0
2019-11-17,,,,0,,,,,,0,,,,,,,0
2019-11-18,,,,0,,,,,,0,,,,,,,0
2019-11-19,,,,0,,,,,,0,,,,,,,0
2019-11-20,,,,0,,,,,,0,,,,,,,0
2019-11-21,,,,0,,,,,,0,,,,,,,0
2019-11-22,,,,0,,,,,,0,,,,,,,0
2019-11-23,,,,0,,,,,,0,,,,,,,0
2019-11-24,,,,0,,,,,,0,,,,,,,0
2019-11-25,,,,0,,,,,,0,,,,,,,0
2019-11-26,,,,0,,,,,,0,,,,,,,0
2019-11-27,,,,0,,,,,,0,,,,,,,0
2019-11-28,,,,0,,,,,,0,,,,,,,0
2019-11-29,,,,0,,,,,,0,,,,,,,0
2019-11-30,,,,0,,,,,,0,,,,,,,0
2019-12-01,,,,0,,,,,,0,,,,,,,0
2019-12-02,,,,0,,,,,,0,,,,,,,0
2019-12-03,,,,0,,,,,,0,,,,,,,0
2019-12-04,,,,0,,,,,,0,,,,,,,0
2019-12-05,,,,0,,,,,,0,,,,,,,0
2019-12-06,,,,0,,,,,,0,,,,,,,0
2019-12-07,,,,0,,,,,,0,,,,,,,0
2019-12-08,,,,0,,,,,,0,,,,,,,0
2019-12-09,,,,0,,,,,,0,,,,,,,0
2019-12-10,,,,0,,,,,,0,,,,,,,0
2019-12-11,,,,0,,,,,,0,,,,,,,0
2019-12-12,,,,0,,,,,,0,,,,,,,0
2019-12-13,,,,0,,,,,,0,,,,,,,0
2019-12-14,,,,0,,,,,,0,,,,,,,0
2019-12-15,,,,0,,,,,,0,,,,,,,0
2019-12-16,,,,0,,,,,,0,,,,,,,0
2019-12-17,,,,0,,,,,,0,,,,,,,0
2019-12-18,,,,0,,,,,,0,,,,,,,0
2019-12-19,,,,0,,,,,,0,,,,,,,0
2019-12-20,,,,0,,,,,,0,,,,,,,0
2019-12-21,,,,0,,,,,,0,,,,,,,0
2019-12-22,,,,0,,,,,,0,,,,,,,0
2019-12-23,,,,0,,,,,,0,,,,,,,0
2019-12-24,,,,0,,,,,,0,,,,,,,0
2019-12-25,,,,0,,,,,,0,,,,,,,0
2019-12-26,,,,0,,,,,,0,,,,,,,0
2019-12-27,,,,0,,,,,,0,,,,,,,0
2019-12-28,,,,0,,,,,,0,,,,,,,0
2019-12-29,,,,0,,,,,,0,,,,,,,0
2019-12-30,,,,0,,,,,,0,,,,,,,0
2019-12-31,,,,0,,,,,,0,,,,,,,0
2020-01-01,,,,0,,,,,,0,,,,,,,0
2020-01-02,,,,0,,,,,,0,,,,,,,0
2020-01-03,,,,0,,,,,,0,,,,,,,0
2020-01-04,,,,0,,,,,,0,,,,,,,0
2020-01-05,,,,0,,,,,,0,,,,,,,0
2020-01-06,,,,0,,,,,,0,,,,,,,0
2020-01-07,,,,0,,,,,,0,,,,,,,0
2020-01-08,,,,0,,,,,,0,,,,,,,0
2020-01-09,,,,0,,,,,,0,,,,,,,0
2020-01-10,,,,0,,,,,,0,,,,,,,0
2020-01-11,,,,0,,,,,,0,,,,,,,0
2020-01-12,,,,0,,,,,,0,,,,,,,0
2020-01-13,,,,0,,,,,,0,,,,,,,0
2020-01-14,,,,0,,,,,,0,,,,,,,0
2020-01-15,,,,0,,,,,,0,,,,,,,0
2020-01-16,,,,0,,,,,,0,,,,,,,0
2020-01-17,,,,0,,,,,,0,,,,,,,0
2020-01-18,,,,0,,,,,,0,,,,,,,0
2020-01-19,,,,0,,,,,,0,,,,,,,0
2020-01-20,,,,0,,,,,,0,,,,,,,0
2020-01-21,,,,0,,,,,,0,,,,,,,0
2020-01-22,,,,0,,,,,,0,,,,,,,0
2020-01-23,,,,0,,,,,,0,,,,,,,0
2020-01-24,,,,0,,,,,,0,,,,,,,0
2020-01-25,,,,0,,,,,,0,,,,,,,0
2020-01-26,,,,0,,,,,,0,,,,,,,0
2020-01-27,,,,0,,,,,,0,,,,,,,0
2020-01-28,,,,0,,,,,,0,,,,,,,0
2020-01-29,,,,0,,,,,,0,,,,,,,0
2020-01-30,,,,0,,,,,,0,,,,,,,0
2020-01-31,,,,0,,,,,,0,,,,,,,0
2020-02-01,,,,0,,,,,,0,,,,,,,0
2020-02-02,,,,0,,,,,,0,,,,,,,0
2020-02-03,,,,0,,,,,,0,,,,,,,0
2020-02-04,,,,0,,,,,,0,,,,,,,0
2020-02-05,,,,0,,,,,,0,,,,,,,0
2020-02-06,,,,0,,,,,,0,,,,,,,0
2020-02-07,,,,0,,,,,,0,,,,,,,0
2020-02-08,,,,0,,,,,,0,,,,,,,0
2020-02-09,,,,0,,,,,,0,,,,,,,0
2020-02-10,,,,0,,,,,,0,,,,,,,0
2020-02-11,,,,0,,,,,,0,,,,,,,0
2020-02-12,,,,0,,,,,,0,,,,,,,0
2020-02-13,,,,0,,,,,,0,,,,,,,0
2020-02-14,,,,0,,,,,,0,,,,,,,0
2020-02-15,,,,0,,,,,,0,,,,,,,0
2020-02-16,,,,0,,,,,,0,,,,,,,0
2020-02-17,,,,0,,,,,,0,,,,,,,0
2020-02-18,,,,0,,,,,,0,,,,,,,0
2020-02-19,,,,0,,,,,,0,,,,,,,0
2020-02-20,,,,0,,,,,,0,,,,,,,0
2020-02-21,,,,0,,,,,,0,,,,,,,0
2020-02-22,,,,0,,,,,,0,,,,,,,0
2020-02-23,,,,0,,,,,,0,,,,,,,0
2020-02-24,,,,0,,,,,,0,,,,,,,0
2020-02-25,,,,0,,,,,,0,,,,,,,0
2020-02-26,,,,0,,,,,,0,,,,,,,0
2020-02-27,,,,0,,,,,,0,,,,,,,0
2020-02-28,,,,0,,,,,,0,,,,,,,0
2020-02-29,,,,0,,,,,,0,,,,,,,0
2020-03-01,,,,0,,,,,,0,,,,,,,0
2020-03-02,,,,0,,,,,,0,,,,,,,0
2020-03-03,,,,0,,,,,,0,,,,,,,0
2020-03-04,,,,0,,,,,,0,,,,,,,0
2020-03-05,,,,0,,,,,,0,,,,,,,0
2020-03-06,,,,0,,,,,,0,,,,,,,0
2020-03-07,,,,0,,,,,,0,,,,,,,0
2020-03-08,,,,0,,,,,,0,,,,,,,0
2020-03-09,,,,0,,,,,,0,,,,,,,0
2020-03-10,,,,0,,,,,,0,,,,,,,0
2020-03-11,,,,0,,,,,,0,,,,,,,0
2020-03-12,,,,0,,,,,,0,,,,,,,0
2020-03-13,,,,0,,,,,,0,,,,,,,0
2020-03-14,,,,0,,,,,,0,,,,,,,0
2020-03-15,,,,0,,,,,,0,,,,,,,0
2020-03-16,,,,0,,,,,,0,,,,,,,0
2020-03-17,,,,0,,,,,,0,,,,,,,0
2020-03-18,,,,0,,,,,,0,,,,,,,0
2020-03-19,,,,0,,,,,,0,,,,,,,0
2020-03-20,,,,0,,,,,,0,,,,,,,0
2020-03-21,,,,0,,,,,,0,,,,,,,0
2020-03-22,,,,0,,,,,,0,,,,,,,0
2020-03-23,,,,0,,,,,,0,,,,,,,0
2020-03-24,,,,0,,,,,,0,,,,,,,0
2020-03-25,,,,0,,,,,,0,,,,,,,0
2020-03-26,,,,0,,,,,,0,,,,,,,0
2020-03-27,,,,0,,,,,,0,,,,,,,0
2020-03-28,,,,0,,,,,,0,,,,,,,0
2020-03-29,,,,0,,,,,,0,,,,,,,0
2020-03-30,,,,0,,,,,,0,,,,,,,0
2020-03-31,,,,0,,,,,,0,,,,,,,0
2020-04-01,,,,0,,,,,,0,,,,,,,0
2020-04-02,,,,0,,,,,,0,,,,,,,0
2020-04-03,,,,0,,,,,,0,,,,,,,0
2020-04-04,,,,0,,,,,,0,,,,,,,0
2020-04-05,,,,0,,,,,,0,,,,,,,0
2020-04-06,,,,0,,,,,,0,,,,,,,0
2020-04-07,,,,0,,,,,,0,,,,,,,0
2020-04-08,,,,0,,,,,,0,,,,,,,0
2020-04-09,,,,0,,,,,,0,,,,,,,0
2020-04-10,,,,0,,,,,,0,,,,,,,0
2020-04-11,,,,0,,,,,,0,,,,,,,0
2020-04-12,,,,0,,,,,,0,,,,,,,0
2020-04-13,,,,0,,,,,,0,,,,,,,0
2020-04-14,,,,0,,,,,,0,,,,,,,0
2020-04-15,,,,0,,,,,,0,,,,,,,0
2020-04-16,,,,0,,,,,,0,,,,,,,0
2020-04-17,,,,0,,,,,,0,,,,,,,0
2020-04-18,,,,0,,,,,,0,,,,,,,0
2020-04-19,,,,0,,,,,,0,,,,,,,0
2020-04-20,,,,0,,,,,,0,,,,,,,0
2020-04-21,,,,0,,,,,,0,,,,,,,0
2020-04-22,,,,0,,,,,,0,,,,,,,0
2020-04-23,,,,0,,,,,,0,,,,,,,0
2020-04-24,,,,0,,,,,,0,,,,,,,0
2020-04-25,,,,0,,,,,,0,,,,,,,0
2020-04-26,,,,0,,,,,,0,,,,,,,0
2020-04-27,,,,0,,,,,,0,,,,,,,0
2020-04-28,,,,0,,,,,,0,,,,,,,0
2020-04-29,,,,0,,,,,,0,,,,,,,0
2020-04-30,,,,0,,,,,,0,,,,,,,0
2020-05-01,,,,0,,,,,,0,,,,,,,0
2020-05-02,,,,0,,,,,,0,,,,,,,0
2020-05-03,,,,0,,,,,,0,,,,,,,0
2020-05-04,,,,0,,,,,,0,,,,,,,0
2020-05-05,,,,0,,,,,,0,,,,,,,0
2020-05-06,,,,0,,,,,,0,,,,,,,0
2020-05-07,,,,0,,,,,,0,,,,,,,0
2020-05-08,,,,0,,,,,,0,,,,,,,0
2020-05-09,,,,0,,,,,,0,,,,,,,0
2020-05-10,,,,0,,,,,,0,,,,,,,0
2020-05-11,,,,0,,,,,,0,,,,,,,0
2020-05-12,,,,0,,,,,,0,,,,,,,0
2020-05-13,,,,0,,,,,,0,,,,,,,0
2020-05-14,,,,0,,,,,,0,,,,,,,0
2020-05-15,,,,0,,,,,,0,,,,,,,0
2020-05-16,,,,0,,,,,,0,,,,,,,0
2020-05-17,,,,0,,,,,,0,,,,,,,0
2020-05-18,,,,0,,,,,,0,,,,,,,0
2020-05-19,,,,0,,,,,,0,,,,,,,0
2020-05-20,,,,0,,,,,,0,,,,,,,0
2020-05-21,,,,0,,,,,,0,,,,,,,0
2020-05-22,,,,0,,,,,,0,,,,,,,0
2020-05-23,,,,0,,,,,,0,,,,,,,0
2020-05-24,,,,0,,,,,,0,,,,,,,0
2020-05-25,,,,0,,,,,,0,,,,,,,0
2020-05-26,,,,0,,,,,,0,,,,,,,0
2020-05-27,,,,0,,,,,,0,,,,,,,0
2020-05-28,,,,0,,,,,,0,,,,,,,0
2020-05-29,,,,0,,,,,,0,,,,,,,0
2020-05-30,,,,0,,,,,,0,,,,,,,0
2020-05-31,,,,0,,,,,,0,,,,,,,0
2020-06-01,,,,0,,,,,,0,,,,,,,0
2020-06-02,,,,0,,,,,,0,,,,,,,0
2020-06-03,,,,0,,,,,,0,,,,,,,0
2020-06-04,,,,0,,,,,,0,,,,,,,0
2020-06-05,,,,0,,,,,,0,,,,,,,0
2020-06-06,,,,0,,,,,,0,,,,,,,0
2020-06-07,,,,0,,,,,,0,,,,,,,0
2020-06-08,,,,0,,,,,,0,,,,,,,0
2020-06-09,,,,0,,,,,,0,,,,,,,0
2020-06-10,,,,0,,,,,,0,,,,,,,0
2020-06-11,,,,0,,,,,,0,,,,,,,0
2020-06-12,,,,0,,,,,,0,,,,,,,0
2020-06-13,,,,0,,,,,,0,,,,,,,0
2020-06-14,,,,0,,,,,,0,,,,,,,0
2020-06-15,,,,0,,,,,,0,,,,,,,0
2020-06-16,,,,0,,,,,,0,,,,,,,0
2020-06-17,,,,0,,,,,,0,,,,,,,0
2020-06-18,,,,0,,,,,,0,,,,,,,0
2020-06-19,,,,0,,,,,,0,,,,,,,0
2020-06-20,,,,0,,,,,,0,,,,,,,0
2020-06-21,,,,0,,,,,,0,,,,,,,0
2020-06-22,,,,0,,,,,,0,,,,,,,0
2020-06-23,,,,0,,,,,,0,,,,,,,0
2020-06-24,,,,0,,,,,,0,,,,,,,0
2020-06-25,,,,0,,,,,,0,,,,,,,0
2020-06-26,,,,0,,,,,,0,,,,,,,0
2020-06-27,,,,0,,,,,,0,,,,,,,0
2020-06-28,,,,0,,,,,,0,,,,,,,0
2020-06-29,,,,0,,,,,,0,,,,,,,0
2020-06-30,,,,0,,,,,,0,,,,,,,0
2020-07-01,,,,0,,,,,,0,,,,,,,0
2020-07-02,,,,0,,,,,,0,,,,,,,0
2020-07-03,,,,0,,,,,,0,,,,,,,0
2020-07-04,,,,0,,,,,,0,,,,,,,0
2020-07-05,,,,0,,,,,,0,,,,,,,0
2020-07-06,,,,0,,,,,,0,,,,,,,0
2020-07-07,,,,0,,,,,,0,,,,,,,0
2020-07-08,,,,0,,,,,,0,,,,,,,0
2020-07-09,,,,0,,,,,,0,,,,,,,0
2020-07-10,,,,0,,,,,,0,,,,,,,0
2020-07-11,,,,0,,,,,,0,,,,,,,0
2020-07-12,,,,0,,,,,,0,,,,,,,0
2020-07-13,,,,0,,,,,,0,,,,,,,0
2020-07-14,,,,0,,,,,,0,,,,,,,0
2020-07-15,,,,0,,,,,,0,,,,,,,0
2020-07-16,,,,0,,,,,,0,,,,,,,0
2020-07-17,,,,0,,,,,,0,,,,,,,0
2020-07-18,,,,0,,,,,,0,,,,,,,0
2020-07-19,,,,0,,,,,,0,,,,,,,0
2020-07-20,,,,0,,,,,,0,,,,,,,0
2020-07-21,,,,0,,,,,,0,,,,,,,0
2020-07-22,,,,0,,,,,,0,,,,,,,0
2020-07-23,,,,0,,,,,,0,,,,,,,0
2020-07-24,,,,0,,,,,,0,,,,,,,0
2020-07-25,,,,0,,,,,,0,,,,,,,0
2020-07-26,,,,0,,,,,,0,,,,,,,0
2020-07-27,,,,0,,,,,,0,,,,,,,0
2020-07-28,,,,0,,,,,,0,,,,,,,0
2020-07-29,,,,0,,,,,,0,,,,,,,0
2020-07-30,,,,0,,,,,,0,,,,,,,0
2020-07-31,,,,0,,,,,,0,,,,,,,0
2020-08-01,,,,0,,,,,,0,,,,,,,0
2020-08-02,,,,0,,,,,,0,,,,,,,0
2020-08-03,,,,0,,,,,,0,,,,,,,0
2020-08-04,,,,0,,,,,,0,,,,,,,0
2020-08-05,,,,0,,,,,,0,,,,,,,0
2020-08-06,,,,0,,,,,,0,,,,,,,0
2020-08-07,,,,0,,,,,,0,,,,,,,0
2020-08-08,,,,0,,,,,,0,,,,,,,0
2020-08-09,,,,0,,,,,,0,,,,,,,0
2020-08-10,,,,0,,,,,,0,,,,,,,0
2020-08-11,,,,0,,,,,,0,,,,,,,0
2020-08-12,,,,0,,,,,,0,,,,,,,0
2020-08-13,,,,0,,,,,,0,,,,,,,0
2020-08-14,,,,0,,,,,,0,,,,,,,0
2020-08-15,,,,0,,,,,,0,,,,,,,0
2020-08-16,,,,0,,,,,,0,,,,,,,0
2020-08-17,,,,0,,,,,,0,,,,,,,0
2020-08-18,,,,0,,,,,,0,,,,,,,0
2020-08-19,,,,0,,,,,,0,,,,,,,0
2020-08-20,,,,0,,,,,,0,,,,,,,0
2020-08-21,,,,0,,,,,,0,,,,,,,0
2020-08-22,,,,0,,,,,,0,,,,,,,0
2020-08-23,,,,0,,,,,,0,,,,,,,0
2020-08-24,,,,0,,,,,,0,,,,,,,0
2020-08-25,,,,0,,,,,,0,,,,,,,0
2020-08-26,,,,0,,,,,,0,,,,,,,0
2020-08-27,,,,0,,,,,,0,,,,,,,0
2020-08-28,,,,0,,,,,,0,,,,,,,0
2020-08-29,,,,0,,,,,,0,,,,,,,0
2020-08-30,,,,0,,,,,,0,,,,,,,0
2020-08-31,,,,0,,,,,,0,,,,,,,0
2020-09-01,,,,0,,,,,,0,,,,,,,0
2020-09-02,,,,0,,,,,,0,,,,,,,0
2020-09-03,,,,0,,,,,,0,,,,,,,0
2020-09-04,,,,0,,,,,,0,,,,,,,0
2020-09-05,,,,0,,,,,,0,,,,,,,0
2020-09-06,,,,0,,,,,,0,,,,,,,0
2020-09-07,,,,0,,,,,,0,,,,,,,0
2020-09-08,,,,0,,,,,,0,,,,,,,0
2020-09-09,,,,0,,,,,,0,,,,,,,0
2020-09-10,,,,0,,,,,,0,,,,,,,0
2020-09-11,,,,0,,,,,,0,,,,,,,0
2020-09-12,,,,0,,,,,,0,,,,,,,0
2020-09-13,,,,0,,,,,,0,,,,,,,0
2020-09-14,,,,0,,,,,,0,,,,,,,0
2020-09-15,,,,0,,,,,,0,,,,,,,0
2020-09-16,,,,0,,,,,,0,,,,,,,0
2020-09-17,,,,0,,,,,,0,,,,,,,0
2020-09-18,,,,0,,,,,,0,,,,,,,0
2020-09-19,,,,0,,,,,,0,,,,,,,0
2020-09-20,,,,0,,,,,,0,,,,,,,0
2020-09-21,,,,0,,,,,,0,,,,,,,0
2020-09-22,,,,0,,,,,,0,,,,,,,0
2020-09-23,,,,0,,,,,,0,,,,,,,0
2020-09-24,,,,0,,,,,,0,,,,,,,0
2020-09-25,,,,0,,,,,,0,,,,,,,0
2020-09-26,,,,0,,,,,,0,,,,,,,0
2020-09-27,,,,0,,,,,,0,,,,,,,0
2020-09-28,,,,0,,,,,,0,,,,,,,0
2020-09-29,,,,0,,,,,,0,,,,,,,0
2020-09-30,,,,0,,,,,,0,,,,,,,0
2020-10-01,,,,0,,,,,,0,,,,,,,0
2020-10-02,,,,0,,,,,,0,,,,,,,0
2020-10-03,,,,0,,,,,,0,,,,,,,0
2020-10-04,,,,0,,,,,,0,,,,,,,0
2020-10-05,,,,0,,,,,,0,,,,,,,0
2020-10-06,,,,0,,,,,,0,,,,,,,0
2020-10-07,,,,0,,,,,,0,,,,,,,0
2020-10-08,,,,0,,,,,,0,,,,,,,0
2020-10-09,,,,0,,,,,,0,,,,,,,0
2020-10-10,,,,0,,,,,,0,,,,,,,0
2020-10-11,,,,0,,,,,,0,,,,,,,0
2020-10-12,,,,0,,,,,,0,,,,,,,0
2020-10-13,,,,0,,,,,,0,,,,,,,0
2020-10-14,,,,0,,,,,,0,,,,,,,0
2020-10-15,,,,0,,,,,,0,,,,,,,0
2020-10-16,,,,0,,,,,,0,,,,,,,0
2020-10-17,,,,0,,,,,,0,,,,,,,0
2020-10-18,,,,0,,,,,,0,,,,,,,0
2020-10-19,,,,0,,,,,,0,,,,,,,0
2020-10-20,,,,0,,,,,,0,,,,,,,0
2020-10-21,,,,0,,,,,,0,,,,,,,0
2020-10-22,,,,0,,,,,,0,,,,,,,0
2020-10-23,,,,0,,,,,,0,,,,,,,0
2020-10-24,,,,0,,,,,,0,,,,,,,0
2020-10-25,,,,0,,,,,,0,,,,,,,0
2020-10-26,,,,0,,,,,,0,,,,,,,0
2020-10-27,,,,0,,,,,,0,,,,,,,0
2020-10-28,,,,0,,,,,,0,,,,,,,0
2020-10-29,,,,0,,,,,,0,,,,,,,0
2020-10-30,,,,0,,,,,,0,,,,,,,0
2020-10-31,,,,0,,,,,,0,,,,,,,0
2020-11-01,,,,0,,,,,,0,,,,,,,0
2020-11-02,,,,0,,,,,,0,,,,,,,0
2020-11-03,,,,0,,,,,,0,,,,,,,0
2020-11-04,,,,0,,,,,,0,,,,,,,0
2020-11-05,,,,0,,,,,,0,,,,,,,0
2020-11-06,,,,0,,,,,,0,,,,,,,0
2020-11-07,,,,0,,,,,,0,,,,,,,0
2020-11-08,,,,0,,,,,,0,,,,,,,0
2020-11-09,,,,0,,,,,,0,,,,,,,0
2020-11-10,,,,0,,,,,,0,,,,,,,0
2020-11-11,,,,0,,,,,,0,,,,,,,0
2020-11-12,,,,0,,,,,,0,,,,,,,0
2020-11-13,,,,0,,,,,,0,,,,,,,0
2020-11-14,,,,0,,,,,,0,,,,,,,0
2020-11-15,,,,0,,,,,,0,,,,,,,0
2020-11-16,,,,0,,,,,,0,,,,,,,0
2020-11-17,,,,0,,,,,,0,,,,,,,0
2020-11-18,,,,0,,,,,,0,,,,,,,0
2020-11-19,,,,0,,,,,,0,,,,,,,0
2020-11-20,,,,0,,,,,,0,,,,,,,0
2020-11-21,,,,0,,,,,,0,,,,,,,0
2020-11-22,,,,0,,,,,,0,,,,,,,0
2020-11-23,,,,0,,,,,,0,,,,,,,0
2020-11-24,,,,0,,,,,,0,,,,,,,0
2020-11-25,,,,0,,,,,,0,,,,,,,0
2020-11-26,,,,0,,,,,,0,,,,,,,0
2020-11-27,,,,0,,,,,,0,,,,,,,0
2020-11-28,,,,0,,,,,,0,,,,,,,0
2020-11-29,,,,0,,,,,,0,,,,,,,0
2020-11-30,,,,0,,,,,,0,,,,,,,0
2020-12-01,,,,0,,,,,,0,,,,,,,0
2020-12-02,,,,0,,,,,,0,,,,,,,0
2020-12-03,,,,0,,,,,,0,,,,,,,0
2020-12-04,,,,0,,,,,,0,,,,,,,0
2020-12-05,,,,0,,,,,,0,,,,,,,0
2020-12-06,,,,0,,,,,,0,,,,,,,0
2020-12-07,,,,0,,,,,,0,,,,,,,0
2020-12-08,,,,0,,,,,,0,,,,,,,0
2020-12-09,,,,0,,,,,,0,,,,,,,0
2020-12-10,,,,0,,,,,,0,,,,,,,0
2020-12-11,,,,0,,,,,,0,,,,,,,0
2020-12-12,,,,0,,,,,,0,,,,,,,0
2020-12-13,,,,0,,,,,,0,,,,,,,0
2020-12-14,,,,0,,,,,,0,,,,,,,0
2020-12-15,,,,0,,,,,,0,,,,,,,0
2020-12-16,,,,0,,,,,,0,,,,,,,0
2020-12-17,,,,0,,,,,,0,,,,,,,0
2020-12-18,,,,0,,,,,,0,,,,,,,0
2020-12-19,,,,0,,,,,,0,,,,,,,0
2020-12-20,,,,0,,,,,,0,,,,,,,0
2020-12-21,,,,0,,,,,,0,,,,,,,0
2020-12-22,,,,0,,,,,,0,,,,,,,0
2020-12-23,,,,0,,,,,,0,,,,,,,0
2020-12-24,,,,0,,,,,,0,,,,,,,0
2020-12-25,,,,0,,,,,,0,,,,,,,0
2020-12-26,,,,0,,,,,,0,,,,,,,0
2020-12-27,,,,0,,,,,,0,,,,,,,0
2020-12-28,,,,0,,,,,,0,,,,,,,0
2020-12-29,,,,0,,,,,,0,,,,,,,0
2020-12-30,,,,0,,,,,,0,,,,,,,0
2020-12-31,,,,0,,,,,,0,,,,,,,0
2021-01-01,,,,0,,,,,,0,,,,,,,0
2021-01-02,,,,0,,,,,,0,,,,,,,0
2021-01-03,,,,0,,,,,,0,,,,,,,0
2021-01-04,,,,0,,,,,,0,,,,,,,0
2021-01-05,,,,0,,,,,,0,,,,,,,0
2021-01-06,,,,0,,,,,,0,,,,,,,0
2021-01-07,,,,0,,,,,,0,,,,,,,0
2021-01-08,,,,0,,,,,,0,,,,,,,0
2021-01-09,,,,0,,,,,,0,,,,,,,0
2021-01-10,,,,0,,,,,,0,,,,,,,0
2021-01-11,,,,0,,,,,,0,,,,,,,0
2021-01-12,,,,0,,,,,,0,,,,,,,0
2021-01-13,,,,0,,,,,,0,,,,,,,0
2021-01-14,,,,0,,,,,,0,,,,,,,0
2021-01-15,,,,0,,,,,,0,,,,,,,0
2021-01-16,,,,0,,,,,,0,,,,,,,0
2021-01-17,,,,0,,,,,,0,,,,,,,0
2021-01-18,,,,0,,,,,,0,,,,,,,0
2021-01-19,,,,0,,,,,,0,,,,,,,0
2021-01-20,,,,0,,,,,,0,,,,,,,0
2021-01-21,,,,0,,,,,,0,,,,,,,0
2021-01-22,,,,0,,,,,,0,,,,,,,0
2021-01-23,,,,0,,,,,,0,,,,,,,0
2021-01-24,,,,0,,,,,,0,,,,,,,0
2021-01-25,,,,0,,,,,,0,,,,,,,0
2021-01-26,,,,0,,,,,,0,,,,,,,0
2021-01-27,,,,0,,,,,,0,,,,,,,0
2021-01-28,,,,0,,,,,,0,,,,,,,0
2021-01-29,,,,0,,,,,,0,,,,,,,0
2021-01-30,,,,0,,,,,,0,,,,,,,0
2021-01-31,,,,0,,,,,,0,,,,,,,0
2021-02-01,,,,0,,,,,,0,,,,,,,0
2021-02-02,,,,0,,,,,,0,,,,,,,0
2021-02-03,,,,0,,,,,,0,,,,,,,0
2021-02-04,,,,0,,,,,,0,,,,,,,0
2021-02-05,,,,0,,,,,,0,,,,,,,0
2021-02-06,,,,0,,,,,,0,,,,,,,0
2021-02-07,,,,0,,,,,,0,,,,,,,0
2021-02-08,,,,0,,,,,,0,,,,,,,0
2021-02-09,,,,0,,,,,,0,,,,,,,0
2021-02-10,,,,0,,,,,,0,,,,,,,0
2021-02-11,,,,0,,,,,,0,,,,,,,0
2021-02-12,,,,0,,,,,,0,,,,,,,0
2021-02-13,,,,0,,,,,,0,,,,,,,0
2021-02-14,,,,0,,,,,,0,,,,,,,0
2021-02-15,,,,0,,,,,,0,,,,,,,0
2021-02-16,,,,0,,,,,,0,,,,,,,0
2021-02-17,,,,0,,,,,,0,,,,,,,0
2021-02-18,,,,0,,,,,,0,,,,,,,0
2021-02-19,,,,0,,,,,,0,,,,,,,0
2021-02-20,,,,0,,,,,,0,,,,,,,0
2021-02-21,,,,0,,,,,,0,,,,,,,0
2021-02-22,,,,0,,,,,,0,,,,,,,0
2021-02-23,,,,0,,,,,,0,,,,,,,0
2021-02-24,,,,0,,,,,,0,,,,,,,0
2021-02-25,,,,0,,,,,,0,,,,,,,0
2021-02-26,,,,0,,,,,,0,,,,,,,0
2021-02-27,,,,0,,,,,,0,,,,,,,0
2021-02-28,,,,0,,,,,,0,,,,,,,0
2021-03-01,,,,0,,,,,,0,,,,,,,0
2021-03-02,,,,0,,,,,,0,,,,,,,0
2021-03-03,,,,0,,,,,,0,,,,,,,0
2021-03-04,,,,0,,,,,,0,,,,,,,0
2021-03-05,,,,0,,,,,,0,,,,,,,0
2021-03-06,,,,0,,,,,,0,,,,,,,0
2021-03-07,,,,0,,,,,,0,,,,,,,0
2021-03-08,,,,0,,,,,,0,,,,,,,0
2021-03-09,,,,0,,,,,,0,,,,,,,0
2021-03-10,,,,0,,,,,,0,,,,,,,0
2021-03-11,,,,0,,,,,,0,,,,,,,0
2021-03-12,,,,0,,,,,,0,,,,,,,0
2021-03-13,,,,0,,,,,,0,,,,,,,0
2021-03-14,,,,0,,,,,,0,,,,,,,0
2021-03-15,,,,0,,,,,,0,,,,,,,0
2021-03-16,,,,0,,,,,,0,,,,,,,0
2021-03-17,,,,0,,,,,,0,,,,,,,0
2021-03-18,,,,0,,,,,,0,,,,,,,0
2021-03-19,,,,0,,,,,,0,,,,,,,0
2021-03-20,,,,0,,,,,,0,,,,,,,0
2021-03-21,,,,0,,,,,,0,,,,,,,0
2021-03-22,,,,0,,,,,,0,,,,,,,0
2021-03-23,,,,0,,,,,,0,,,,,,,0
2021-03-24,,,,0,,,,,,0,,,,,,,0
2021-03-25,,,,0,,,,,,0,,,,,,,0
2021-03-26,,,,0,,,,,,0,,,,,,,0
2021-03-27,,,,0,,,,,,0,,,,,,,0
2021-03-28,,,,0,,,,,,0,,,,,,,0
2021-03-29,,,,0,,,,,,0,,,,,,,0
2021-03-30,,,,0,,,,,,0,,,,,,,0
2021-03-31,,,,0,,,,,,0,,,,,,,0
2021-04-01,,,,0,,,,,,0,,,,,,,0
2021-04-02,,,,0,,,,,,0,,,,,,,0
2021-04-03,,,,0,,,,,,0,,,,,,,0
2021-04-04,,,,0,,,,,,0,,,,,,,0
2021-04-05,,,,0,,,,,,0,,,,,,,0
2021-04-06,,,,0,,,,,,0,,,,,,,0
2021-04-07,,,,0,,,,,,0,,,,,,,0
2021-04-08,,,,0,,,,,,0,,,,,,,0
2021-04-09,,,,0,,,,,,0,,,,,,,0
2021-04-10,,,,0,,,,,,0,,,,,,,0
2021-04-11,,,,0,,,,,,0,,,,,,,0
2021-04-12,,,,0,,,,,,0,,,,,,,0
2021-04-13,,,,0,,,,,,0,,,,,,,0
2021-04-14,,,,0,,,,,,0,,,,,,,0
2021-04-15,,,,0,,,,,,0,,,,,,,0
2021-04-16,,,,0,,,,,,0,,,,,,,0
2021-04-17,,,,0,,,,,,0,,,,,,,0
2021-04-18,,,,0,,,,,,0,,,,,,,0
2021-04-19,,,,0,,,,,,0,,,,,,,0
2021-04-20,,,,0,,,,,,0,,,,,,,0
2021-04-21,,,,0,,,,,,0,,,,,,,0
2021-04-22,,,,0,,,,,,0,,,,,,,0
2021-04-23,,,,0,,,,,,0,,,,,,,0
2021-04-24,,,,0,,,,,,0,,,,,,,0
2021-04-25,,,,0,,,,,,0,,,,,,,0
2021-04-26,,,,0,,,,,,0,,,,,,,0
2021-04-27,,,,0,,,,,,0,,,,,,,0
2021-04-28,,,,0,,,,,,0,,,,,,,0
2021-04-29,,,,0,,,,,,0,,,,,,,0
2021-04-30,,,,0,,,,,,0,,,,,,,0
2021-05-01,,,,0,,,,,,0,,,,,,,0
2021-05-02,,,,0,,,,,,0,,,,,,,0
2021-05-03,,,,0,,,,,,0,,,,,,,0
2021-05-04,,,,0,,,,,,0,,,,,,,0
2021-05-05,,,,0,,,,,,0,,,,,,,0
2021-05-06,,,,0,,,,,,0,,,,,,,0
2021-05-07,,,,0,,,,,,0,,,,,,,0
2021-05-08,,,,0,,,,,,0,,,,,,,0
2021-05-09,,,,0,,,,,,0,,,,,,,0
2021-05-10,,,,0,,,,,,0,,,,,,,0
2021-05-11,,,,0,,,,,,0,,,,,,,0
2021-05-12,,,,0,,,,,,0,,,,,,,0
2021-05-13,,,,0,,,,,,0,,,,,,,0
2021-05-14,,,,0,,,,,,0,,,,,,,0
2021-05-15,,,,0,,,,,,0,,,,,,,0
2021-05-16,,,,0,,,,,,0,,,,,,,0
2021-05-17,,,,0,,,,,,0,,,,,,,0
2021-05-18,,,,0,,,,,,0,,,,,,,0
2021-05-19,,,,0,,,,,,0,,,,,,,0
2021-05-20,,,,0,,,,,,0,,,,,,,0
2021-05-21,,,,0,,,,,,0,,,,,,,0
2021-05-22,,,,0,,,,,,0,,,,,,,0
2021-05-23,,,,0,,,,,,0,,,,,,,0
2021-05-24,,,,0,,,,,,0,,,,,,,0
2021-05-25,,,,0,,,,,,0,,,,,,,0
2021-05-26,,,,0,,,,,,0,,,,,,,0
2021-05-27,,,,0,,,,,,0,,,,,,,0
2021-05-28,,,,0,,,,,,0,,,,,,,0
2021-05-29,,,,0,,,,,,0,,,,,,,0
2021-05-30,,,,0,,,,,,0,,,,,,,0
2021-05-31,,,,0,,,,,,0,,,,,,,0
2021-06-01,,,,0,,,,,,0,,,,,,,0
2021-06-02,,,,0,,,,,,0,,,,,,,0
2021-06-03,,,,0,,,,,,0,,,,,,,0
2021-06-04,,,,0,,,,,,0,,,,,,,0
2021-06-05,,,,0,,,,,,0,,,,,,,0
2021-06-06,,,,0,,,,,,0,,,,,,,0
2021-06-07,,,,0,,,,,,0,,,,,,,0
2021-06-08,,,,0,,,,,,0,,,,,,,0
2021-06-09,,,,0,,,,,,0,,,,,,,0
2021-06-10,,,,0,,,,,,0,,,,,,,0
2021-06-11,,,,0,,,,,,0,,,,,,,0
2021-06-12,,,,0,,,,,,0,,,,,,,0
2021-06-13,,,,0,,,,,,0,,,,,,,0
2021-06-14,,,,0,,,,,,0,,,,,,,0
2021-06-15,,,,0,,,,,,0,,,,,,,0
2021-06-16,,,,0,,,,,,0,,,,,,,0
2021-06-17,,,,0,,,,,,0,,,,,,,0
2021-06-18,,,,0,,,,,,0,,,,,,,0
2021-06-19,,,,0,,,,,,0,,,,,,,0
2021-06-20,,,,0,,,,,,0,,,,,,,0
2021-06-21,,,,0,,,,,,0,,,,,,,0
2021-06-22,,,,0,,,,,,0,,,,,,,0
2021-06-23,,,,0,,,,,,0,,,,,,,0
2021-06-24,,,,0,,,,,,0,,,,,,,0
2021-06-25,,,,0,,,,,,0,,,,,,,0
2021-06-26,,,,0,,,,,,0,,,,,,,0
2021-06-27,,,,0,,,,,,0,,,,,,,0
2021-06-28,,,,0,,,,,,0,,,,,,,0
2021-06-29,,,,0,,,,,,0,,,,,,,0
2021-06-30,,,,0,,,,,,0,,,,,,,0
2021-07-01,,,,0,,,,,,0,,,,,,,0
2021-07-02,,,,0,,,,,,0,,,,,,,0
2021-07-03,,,,0,,,,,,0,,,,,,,0
2021-07-04,,,,0,,,,,,0,,,,,,,0
2021-07-05,,,,0,,,,,,0,,,,,,,0
2021-07-06,,,,0,,,,,,0,,,,,,,0
2021-07-07,,,,0,,,,,,0,,,,,,,0
2021-07-08,,,,0,,,,,,0,,,,,,,0
2021-07-09,,,,0,,,,,,0,,,,,,,0
2021-07-10,,,,0,,,,,,0,,,,,,,0
2021-07-11,,,,0,,,,,,0,,,,,,,0
2021-07-12,,,,0,,,,,,0,,,,,,,0
2021-07-13,,,,0,,,,,,0,,,,,,,0
2021-07-14,,,,0,,,,,,0,,,,,,,0
2021-07-15,,,,0,,,,,,0,,,,,,,0
2021-07-16,,,,0,,,,,,0,,,,,,,0
2021-07-17,,,,0,,,,,,0,,,,,,,0
2021-07-18,,,,0,,,,,,0,,,,,,,0
2021-07-19,,,,0,,,,,,0,,,,,,,0
2021-07-20,,,,0,,,,,,0,,,,,,,0
2021-07-21,,,,0,,,,,,0,,,,,,,0
2021-07-22,,,,0,,,,,,0,,,,,,,0
2021-07-23,,,,0,,,,,,0,,,,,,,0
2021-07-24,,,,0,,,,,,0,,,,,,,0
2021-07-25,,,,0,,,,,,0,,,,,,,0
2021-07-26,,,,0,,,,,,0,,,,,,,0
2021-07-27,,,,0,,,,,,0,,,,,,,0
2021-07-28,,,,0,,,,,,0,,,,,,,0
2021-07-29,,,,0,,,,,,0,,,,,,,0
2021-07-30,,,,0,,,,,,0,,,,,,,0
2021-07-31,,,,0,,,,,,0,,,,,,,0
2021-08-01,,,,0,,,,,,0,,,,,,,0
2021-08-02,,,,0,,,,,,0,,,,,,,0
2021-08-03,,,,0,,,,,,0,,,,,,,0
2021-08-04,,,,0,,,,,,0,,,,,,,0
2021-08-05,,,,0,,,,,,0,,,,,,,0
2021-08-06,,,,0,,,,,,0,,,,,,,0
2021-08-07,,,,0,,,,,,0,,,,,,,0
2021-08-08,,,,0,,,,,,0,,,,,,,0
2021-08-09,,,,0,,,,,,0,,,,,,,0
2021-08-10,,,,0,,,,,,0,,,,,,,0
2021-08-11,,,,0,,,,,,0,,,,,,,0
2021-08-12,,,,0,,,,,,0,,,,,,,0
2021-08-13,,,,0,,,,,,0,,,,,,,0
2021-08-14,,,,0,,,,,,0,,,,,,,0
2021-08-15,,,,0,,,,,,0,,,,,,,0
2021-08-16,,,,0,,,,,,0,,,,,,,0
2021-08-17,,,,0,,,,,,0,,,,,,,0
2021-08-18,,,,0,,,,,,0,,,,,,,0
2021-08-19,,,,0,,,,,,0,,,,,,,0
2021-08-20,,,,0,,,,,,0,,,,,,,0
2021-08-21,,,,0,,,,,,0,,,,,,,0
2021-08-22,,,,0,,,,,,0,,,,,,,0
2021-08-23,,,,0,,,,,,0,,,,,,,0
2021-08-24,,,,0,,,,,,0,,,,,,,0
2021-08-25,,,,0,,,,,,0,,,,,,,0
2021-08-26,,,,0,,,,,,0,,,,,,,0
2021-08-27,,,,0,,,,,,0,,,,,,,0
2021-08-28,,,,0,,,,,,0,,,,,,,0
2021-08-29,,,,0,,,,,,0,,,,,,,0
2021-08-30,,,,0,,,,,,0,,,,,,,0
2021-08-31,,,,0,,,,,,0,,,,,,,0
2021-09-01,,,,0,,,,,,0,,,,,,,0
2021-09-02,,,,0,,,,,,0,,,,,,,0
2021-09-03,,,,0,,,,,,0,,,,,,,0
2021-09-04,,,,0,,,,,,0,,,,,,,0
2021-09-05,,,,0,,,,,,0,,,,,,,0
2021-09-06,,,,0,,,,,,0,,,,,,,0
2021-09-07,,,,0,,,,,,0,,,,,,,0
2021-09-08,,,,0,,,,,,0,,,,,,,0
2021-09-09,,,,0,,,,,,0,,,,,,,0
2021-09-10,,,,0,,,,,,0,,,,,,,0
2021-09-11,,,,0,,,,,,0,,,,,,,0
2021-09-12,,,,0,,,,,,0,,,,,,,0
2021-09-13,,,,0,,,,,,0,,,,,,,0
2021-09-14,,,,0,,,,,,0,,,,,,,0
2021-09-15,,,,0,,,,,,0,,,,,,,0
2021-09-16,,,,0,,,,,,0,,,,,,,0
2021-09-17,,,,0,,,,,,0,,,,,,,0
2021-09-18,,,,0,,,,,,0,,,,,,,0
2021-09-19,,,,0,,,,,,0,,,,,,,0
2021-09-20,,,,0,,,,,,0,,,,,,,0
2021-09-21,,,,0,,,,,,0,,,,,,,0
2021-09-22,,,,0,,,,,,0,,,,,,,0
2021-09-23,,,,0,,,,,,0,,,,,,,0
2021-09-24,,,,0,,,,,,0,,,,,,,0
2021-09-25,,,,0,,,,,,0,,,,,,,0
2021-09-26,,,,0,,,,,,0,,,,,,,0
2021-09-27,,,,0,,,,,,0,,,,,,,0
2021-09-28,,,,0,,,,,,0,,,,,,,0
2021-09-29,,,,0,,,,,,0,,,,,,,0
2021-09-30,,,,0,,,,,,0,,,,,,,0
2021-10-01,,,,0,,,,,,0,,,,,,,0
2021-10-02,,,,0,,,,,,0,,,,,,,0
2021-10-03,,,,0,,,,,,0,,,,,,,0
2021-10-04,,,,0,,,,,,0,,,,,,,0
2021-10-05,,,,0,,,,,,0,,,,,,,0
2021-10-06,,,,0,,,,,,0,,,,,,,0
2021-10-07,,,,0,,,,,,0,,,,,,,0
2021-10-08,,,,0,,,,,,0,,,,,,,0
2021-10-09,,,,0,,,,,,0,,,,,,,0
2021-10-10,,,,0,,,,,,0,,,,,,,0
2021-10-11,,,,0,,,,,,0,,,,,,,0
2021-10-12,,,,0,,,,,,0,,,,,,,0
2021-10-13,,,,0,,,,,,0,,,,,,,0
2021-10-14,,,,0,,,,,,0,,,,,,,0
2021-10-15,,,,0,,,,,,0,,,,,,,0
2021-10-16,,,,0,,,,,,0,,,,,,,0
2021-10-17,,,,0,,,,,,0,,,,,,,0
2021-10-18,,,,0,,,,,,0,,,,,,,0
2021-10-19,,,,0,,,,,,0,,,,,,,0
2021-10-20,,,,0,,,,,,0,,,,,,,0
2021-10-21,,,,0,,,,,,0,,,,,,,0
2021-10-22,,,,0,,,,,,0,,,,,,,0
2021-10-23,,,,0,,,,,,0,,,,,,,0
2021-10-24,,,,0,,,,,,0,,,,,,,0
2021-10-25,,,,0,,,,,,0,,,,,,,0
2021-10-26,,,,0,,,,,,0,,,,,,,0
2021-10-27,,,,0,,,,,,0,,,,,,,0
2021-10-28,,,,0,,,,,,0,,,,,,,0
2021-10-29,,,,0,,,,,,0,,,,,,,0
2021-10-30,,,,0,,,,,,0,,,,,,,0
2021-10-31,,,,0,,,,,,0,,,,,,,0
2021-11-01,,,,0,,,,,,0,,,,,,,0
2021-11-02,,,,0,,,,,,0,,,,,,,0
2021-11-03,,,,0,,,,,,0,,,,,,,0
2021-11-04,,,,0,,,,,,0,,,,,,,0
2021-11-05,,,,0,,,,,,0,,,,,,,0
2021-11-06,,,,0,,,,,,0,,,,,,,0
2021-11-07,,,,0,,,,,,0,,,,,,,0
2021-11-08,,,,0,,,,,,0,,,,,,,0
2021-11-09,,,,0,,,,,,0,,,,,,,0
2021-11-10,,,,0,,,,,,0,,,,,,,0
2021-11-11,,,,0,,,,,,0,,,,,,,0
2021-11-12,,,,0,,,,,,0,,,,,,,0
2021-11-13,,,,0,,,,,,0,,,,,,,0
2021-11-14,,,,0,,,,,,0,,,,,,,0
2021-11-15,,,,0,,,,,,0,,,,,,,0
2021-11-16,,,,0,,,,,,0,,,,,,,0
2021-11-17,,,,0,,,,,,0,,,,,,,0
2021-11-18,,,,0,,,,,,0,,,,,,,0
2021-11-19,,,,0,,,,,,0,,,,,,,0
2021-11-20,,,,0,,,,,,0,,,,,,,0
2021-11-21,,,,0,,,,,,0,,,,,,,0
2021-11-22,,,,0,,,,,,0,,,,,,,0
2021-11-23,,,,0,,,,,,0,,,,,,,0
2021-11-24,,,,0,,,,,,0,,,,,,,0
2021-11-25,,,,0,,,,,,0,,,,,,,0
2021-11-26,,,,0,,,,,,0,,,,,,,0
2021-11-27,,,,0,,,,,,0,,,,,,,0
2021-11-28,,,,0,,,,,,0,,,,,,,0
2021-11-29,,,,0,,,,,,0,,,,,,,0
2021-11-30,,,,0,,,,,,0,,,,,,,0
2021-12-01,,,,0,,,,,,0,,,,,,,0
2021-12-02,,,,0,,,,,,0,,,,,,,0
2021-12-03,,,,0,,,,,,0,,,,,,,0
2021-12-04,,,,0,,,,,,0,,,,,,,0
2021-12-05,,,,0,,,,,,0,,,,,,,0
2021-12-06,,,,0,,,,,,0,,,,,,,0
2021-12-07,,,,0,,,,,,0,,,,,,,0
2021-12-08,,,,0,,,,,,0,,,,,,,0
2021-12-09,,,,0,,,,,,0,,,,,,,0
2021-12-10,,,,0,,,,,,0,,,,,,,0
2021-12-11,,,,0,,,,,,0,,,,,,,0
2021-12-12,,,,0,,,,,,0,,,,,,,0
2021-12-13,,,,0,,,,,,0,,,,,,,0
2021-12-14,,,,0,,,,,,0,,,,,,,0
2021-12-15,,,,0,,,,,,0,,,,,,,0
2021-12-16,,,,0,,,,,,0,,,,,,,0
2021-12-17,,,,0,,,,,,0,,,,,,,0
2021-12-18,,,,0,,,,,,0,,,,,,,0
2021-12-19,,,,0,,,,,,0,,,,,,,0
2021-12-20,,,,0,,,,,,0,,,,,,,0
2021-12-21,,,,0,,,,,,0,,,,,,,0
2021-12-22,,,,0,,,,,,0,,,,,,,0
2021-12-23,,,,0,,,,,,0,,,,,,,0
2021-12-24,,,,0,,,,,,0,,,,,,,0
2021-12-25,,,,0,,,,,,0,,,,,,,0
2021-12-26,,,,0,,,,,,0,,,,,,,0
2021-12-27,,,,0,,,,,,0,,,,,,,0
2021-12-28,,,,0,,,,,,0,,,,,,,0
2021-12-29,,,,0,,,,,,0,,,,,,,0
2021-12-30,,,,0,,,,,,0,,,,,,,0
2021-12-31,,,,0,,,,,,0,,,,,,,0
2022-01-01,,,,0,,,,,,0,,,,,,,0
2022-01-02,,,,0,,,,,,0,,,,,,,0
2022-01-03,,,,0,,,,,,0,,,,,,,0
2022-01-04,,,,0,,,,,,0,,,,,,,0
2022-01-05,,,,0,,,,,,0,,,,,,,0
2022-01-06,,,,0,,,,,,0,,,,,,,0
2022-01-07,,,,0,,,,,,0,,,,,,,0
2022-01-08,,,,0,,,,,,0,,,,,,,0
2022-01-09,,,,0,,,,,,0,,,,,,,0
2022-01-10,,,,0,,,,,,0,,,,,,,0
2022-01-11,,,,0,,,,,,0,,,,,,,0
2022-01-12,,,,0,,,,,,0,,,,,,,0
2022-01-13,,,,0,,,,,,0,,,,,,,0
2022-01-14,,,,0,,,,,,0,,,,,,,0
2022-01-15,,,,0,,,,,,0,,,,,,,0
2022-01-16,,,,0,,,,,,0,,,,,,,0
2022-01-17,,,,0,,,,,,0,,,,,,,0
2022-01-18,,,,0,,,,,,0,,,,,,,0
2022-01-19,,,,0,,,,,,0,,,,,,,0
2022-01-20,,,,0,,,,,,0,,,,,,,0
2022-01-21,,,,0,,,,,,0,,,,,,,0
2022-01-22,,,,0,,,,,,0,,,,,,,0
2022-01-23,,,,0,,,,,,0,,,,,,,0
2022-01-24,,,,0,,,,,,0,,,,,,,0
2022-01-25,,,,0,,,,,,0,,,,,,,0
2022-01-26,,,,0,,,,,,0,,,,,,,0
2022-01-27,,,,0,,,,,,0,,,,,,,0
2022-01-28,,,,0,,,,,,0,,,,,,,0
2022-01-29,,,,0,,,,,,0,,,,,,,0
2022-01-30,,,,0,,,,,,0,,,,,,,0
2022-01-31,,,,0,,,,,,0,,,,,,,0
2022-02-01,,,,0,,,,,,0,,,,,,,0
2022-02-02,,,,0,,,,,,0,,,,,,,0
2022-02-03,,,,0,,,,,,0,,,,,,,0
2022-02-04,,,,0,,,,,,0,,,,,,,0
2022-02-05,,,,0,,,,,,0,,,,,,,0
2022-02-06,,,,0,,,,,,0,,,,,,,0
2022-02-07,,,,0,,,,,,0,,,,,,,0
2022-02-08,,,,0,,,,,,0,,,,,,,0
2022-02-09,,,,0,,,,,,0,,,,,,,0
2022-02-10,,,,0,,,,,,0,,,,,,,0
2022-02-11,,,,0,,,,,,0,,,,,,,0
2022-02-12,,,,0,,,,,,0,,,,,,,0
2022-02-13,,,,0,,,,,,0,,,,,,,0
2022-02-14,,,,0,,,,,,0,,,,,,,0
2022-02-15,,,,0,,,,,,0,,,,,,,0
2022-02-16,,,,0,,,,,,0,,,,,,,0
2022-02-17,,,,0,,,,,,0,,,,,,,0
2022-02-18,,,,0,,,,,,0,,,,,,,0
2022-02-19,,,,0,,,,,,0,,,,,,,0
2022-02-20,,,,0,,,,,,0,,,,,,,0
2022-02-21,,,,0,,,,,,0,,,,,,,0
2022-02-22,,,,0,,,,,,0,,,,,,,0
2022-02-23,,,,0,,,,,,0,,,,,,,0
2022-02-24,,,,0,,,,,,0,,,,,,,0
2022-02-25,,,,0,,,,,,0,,,,,,,0
2022-02-26,,,,0,,,,,,0,,,,,,,0
2022-02-27,,,,0,,,,,,0,,,,,,,0
2022-02-28,,,,0,,,,,,0,,,,,,,0
2022-03-01,,,,0,,,,,,0,,,,,,,0
2022-03-02,,,,0,,,,,,0,,,,,,,0
2022-03-03,,,,0,,,,,,0,,,,,,,0
2022-03-04,,,,0,,,,,,0,,,,,,,0
2022-03-05,,,,0,,,,,,0,,,,,,,0
2022-03-06,,,,0,,,,,,0,,,,,,,0
2022-03-07,,,,0,,,,,,0,,,,,,,0
2022-03-08,,,,0,,,,,,0,,,,,,,0
2022-03-09,,,,0,,,,,,0,,,,,,,0
2022-03-10,,,,0,,,,,,0,,,,,,,0
2022-03-11,,,,0,,,,,,0,,,,,,,0
2022-03-12,,,,0,,,,,,0,,,,,,,0
2022-03-13,,,,0,,,,,,0,,,,,,,0
2022-03-14,,,,0,,,,,,0,,,,,,,0
2022-03-15,,,,0,,,,,,0,,,,,,,0
2022-03-16,,,,0,,,,,,0,,,,,,,0
2022-03-17,,,,0,,,,,,0,,,,,,,0
2022-03-18,,,,0,,,,,,0,,,,,,,0
2022-03-19,,,,0,,,,,,0,,,,,,,0
2022-03-20,,,,0,,,,,,0,,,,,,,0
2022-03-21,,,,0,,,,,,0,,,,,,,0
2022-03-22,,,,0,,,,,,0,,,,,,,0
2022-03-23,,,,0,,,,,,0,,,,,,,0
2022-03-24,,,,0,,,,,,0,,,,,,,0
2022-03-25,,,,0,,,,,,0,,,,,,,0
2022-03-26,,,,0,,,,,,0,,,,,,,0
2022-03-27,,,,0,,,,,,0,,,,,,,0
2022-03-28,,,,0,,,,,,0,,,,,,,0
2022-03-29,,,,0,,,,,,0,,,,,,,0
2022-03-30,,,,0,,,,,,0,,,,,,,0
2022-03-31,,,,0,,,,,,0,,,,,,,0
2022-04-01,,,,0,,,,,,0,,,,,,,0
2022-04-02,,,,0,,,,,,0,,,,,,,0
2022-04-03,,,,0,,,,,,0,,,,,,,0
2022-04-04,,,,0,,,,,,0,,,,,,,0
2022-04-05,,,,0,,,,,,0,,,,,,,0
2022-04-06,,,,0,,,,,,0,,,,,,,0
2022-04-07,,,,0,,,,,,0,,,,,,,0
2022-04-08,,,,0,,,,,,0,,,,,,,0
2022-04-09,,,,0,,,,,,0,,,,,,,0
2022-04-10,,,,0,,,,,,0,,,,,,,0
2022-04-11,,,,0,,,,,,0,,,,,,,0
2022-04-12,,,,0,,,,,,0,,,,,,,0
2022-04-13,,,,0,,,,,,0,,,,,,,0
2022-04-14,,,,0,,,,,,0,,,,,,,0
2022-04-15,,,,0,,,,,,0,,,,,,,0
2022-04-16,,,,0,,,,,,0,,,,,,,0
2022-04-17,,,,0,,,,,,0,,,,,,,0
2022-04-18,,,,0,,,,,,0,,,,,,,0
2022-04-19,,,,0,,,,,,0,,,,,,,0
2022-04-20,,,,0,,,,,,0,,,,,,,0
2022-04-21,,,,0,,,,,,0,,,,,,,0
2022-04-22,,,,0,,,,,,0,,,,,,,0
2022-04-23,,,,0,,,,,,0,,,,,,,0
2022-04-24,,,,0,,,,,,0,,,,,,,0
2022-04-25,,,,0,,,,,,0,,,,,,,0
2022-04-26,,,,0,,,,,,0,,,,,,,0
2022-04-27,,,,0,,,,,,0,,,,,,,0
2022-04-28,,,,0,,,,,,0,,,,,,,0
2022-04-29,,,,0,,,,,,0,,,,,,,0
2022-04-30,,,,0,,,,,,0,,,,,,,0
2022-05-01,,,,0,,,,,,0,,,,,,,0
2022-05-02,,,,0,,,,,,0,,,,,,,0
2022-05-03,,,,0,,,,,,0,,,,,,,0
2022-05-04,,,,0,,,,,,0,,,,,,,0
2022-05-05,,,,0,,,,,,0,,,,,,,0
2022-05-06,,,,0,,,,,,0,,,,,,,0
2022-05-07,,,,0,,,,,,0,,,,,,,0
2022-05-08,,,,0,,,,,,0,,,,,,,0
2022-05-09,,,,0,,,,,,0,,,,,,,0
2022-05-10,,,,0,,,,,,0,,,,,,,0
2022-05-11,,,,0,,,,,,0,,,,,,,0
2022-05-12,,,,0,,,,,,0,,,,,,,0
2022-05-13,,,,0,,,,,,0,,,,,,,0
2022-05-14,,,,0,,,,,,0,,,,,,,0
2022-05-15,,,,0,,,,,,0,,,,,,,0
2022-05-16,,,,0,,,,,,0,,,,,,,0
2022-05-17,,,,0,,,,,,0,,,,,,,0
2022-05-18,,,,0,,,,,,0,,,,,,,0
2022-05-19,,,,0,,,,,,0,,,,,,,0
2022-05-20,,,,0,,,,,,0,,,,,,,0
2022-05-21,,,,0,,,,,,0,,,,,,,0
2022-05-22,,,,0,,,,,,0,,,,,,,0
2022-05-23,,,,0,,,,,,0,,,,,,,0
2022-05-24,,,,0,,,,,,0,,,,,,,0
2022-05-25,,,,0,,,,,,0,,,,,,,0
2022-05-26,,,,0,,,,,,0,,,,,,,0
2022-05-27,,,,0,,,,,,0,,,,,,,0
2022-05-28,,,,0,,,,,,0,,,,,,,0
2022-05-29,,,,0,,,,,,0,,,,,,,0
2022-05-30,,,,0,,,,,,0,,,,,,,0
2022-05-31,,,,0,,,,,,0,,,,,,,0
2022-06-01,,,,0,,,,,,0,,,,,,,0
2022-06-02,,,,0,,,,,,0,,,,,,,0
2022-06-03,,,,0,,,,,,0,,,,,,,0
2022-06-04,,,,0,,,,,,0,,,,,,,0
2022-06-05,,,,0,,,,,,0,,,,,,,0
2022-06-06,,,,0,,,,,,0,,,,,,,0
2022-06-07,,,,0,,,,,,0,,,,,,,0
2022-06-08,,,,0,,,,,,0,,,,,,,0
2022-06-09,,,,0,,,,,,0,,,,,,,0
2022-06-10,,,,0,,,,,,0,,,,,,,0
2022-06-11,,,,0,,,,,,0,,,,,,,0
2022-06-12,,,,0,,,,,,0,,,,,,,0
2022-06-13,,,,0,,,,,,0,,,,,,,0
2022-06-14,,,,0,,,,,,0,,,,,,,0
2022-06-15,,,,0,,,,,,0,,,,,,,0
2022-06-16,,,,0,,,,,,0,,,,,,,0
2022-06-17,,,,0,,,,,,0,,,,,,,0
2022-06-18,,,,0,,,,,,0,,,,,,,0
2022-06-19,,,,0,,,,,,0,,,,,,,0
2022-06-20,,,,0,,,,,,0,,,,,,,0
2022-06-21,,,,0,,,,,,0,,,,,,,0
2022-06-22,,,,0,,,,,,0,,,,,,,0
2022-06-23,,,,0,,,,,,0,,,,,,,0
2022-06-24,,,,0,,,,,,0,,,,,,,0
2022-06-25,,,,0,,,,,,0,,,,,,,0
2022-06-26,,,,0,,,,,,0,,,,,,,0
2022-06-27,,,,0,,,,,,0,,,,,,,0
2022-06-28,,,,0,,,,,,0,,,,,,,0
2022-06-29,,,,0,,,,,,0,,,,,,,0
2022-06-30,,,,0,,,,,,0,,,,,,,0
2022-07-01,,,,0,,,,,,0,,,,,,,0
2022-07-02,,,,0,,,,,,0,,,,,,,0
2022-07-03,,,,0,,,,,,0,,,,,,,0
2022-07-04,,,,0,,,,,,0,,,,,,,0
2022-07-05,,,,0,,,,,,0,,,,,,,0
2022-07-06,,,,0,,,,,,0,,,,,,,0
2022-07-07,,,,0,,,,,,0,,,,,,,0
2022-07-08,,,,0,,,,,,0,,,,,,,0
2022-07-09,,,,0,,,,,,0,,,,,,,0
2022-07-10,,,,0,,,,,,0,,,,,,,0
2022-07-11,,,,0,,,,,,0,,,,,,,0
2022-07-12,,,,0,,,,,,0,,,,,,,0
2022-07-13,,,,0,,,,,,0,,,,,,,0
2022-07-14,,,,0,,,,,,0,,,,,,,0
2022-07-15,,,,0,,,,,,0,,,,,,,0
2022-07-16,,,,0,,,,,,0,,,,,,,0
2022-07-17,,,,0,,,,,,0,,,,,,,0
2022-07-18,,,,0,,,,,,0,,,,,,,0
2022-07-19,,,,0,,,,,,0,,,,,,,0
2022-07-20,,,,0,,,,,,0,,,,,,,0
2022-07-21,,,,0,,,,,,0,,,,,,,0
2022-07-22,,,,0,,,,,,0,,,,,,,0
2022-07-23,,,,0,,,,,,0,,,,,,,0
2022-07-24,,,,0,,,,,,0,,,,,,,0
2022-07-25,,,,0,,,,,,0,,,,,,,0
2022-07-26,,,,0,,,,,,0,,,,,,,0
2022-07-27,,,,0,,,,,,0,,,,,,,0
2022-07-28,,,,0,,,,,,0,,,,,,,0
2022-07-29,,,,0,,,,,,0,,,,,,,0
2022-07-30,,,,0,,,,,,0,,,,,,,0
2022-07-31,,,,0,,,,,,0,,,,,,,0
2022-08-01,,,,0,,,,,,0,,,,,,,0
2022-08-02,,,,0,,,,,,0,,,,,,,0
2022-08-03,,,,0,,,,,,0,,,,,,,0
2022-08-04,,,,0,,,,,,0,,,,,,,0
2022-08-05,,,,0,,,,,,0,,,,,,,0
2022-08-06,,,,0,,,,,,0,,,,,,,0
2022-08-07,,,,0,,,,,,0,,,,,,,0
2022-08-08,,,,0,,,,,,0,,,,,,,0
2022-08-09,,,,0,,,,,,0,,,,,,,0
2022-08-10,,,,0,,,,,,0,,,,,,,0
2022-08-11,,,,0,,,,,,0,,,,,,,0
2022-08-12,,,,0,,,,,,0,,,,,,,0
2022-08-13,,,,0,,,,,,0,,,,,,,0
2022-08-14,,,,0,,,,,,0,,,,,,,0
2022-08-15,,,,0,,,,,,0,,,,,,,0
2022-08-16,,,,0,,,,,,0,,,,,,,0
2022-08-17,,,,0,,,,,,0,,,,,,,0
2022-08-18,,,,0,,,,,,0,,,,,,,0
2022-08-19,,,,0,,,,,,0,,,,,,,0
2022-08-20,,,,0,,,,,,0,,,,,,,0
2022-08-21,,,,0,,,,,,0,,,,,,,0
2022-08-22,,,,0,,,,,,0,,,,,,,0
2022-08-23,,,,0,,,,,,0,,,,,,,0
2022-08-24,,,,0,,,,,,0,,,,,,,0
2022-08-25,,,,0,,,,,,0,,,,,,,0
2022-08-26,,,,0,,,,,,0,,,,,,,0
2022-08-27,,,,0,,,,,,0,,,,,,,0
2022-08-28,,,,0,,,,,,0,,,,,,,0
2022-08-29,,,,0,,,,,,0,,,,,,,0
2022-08-30,,,,0,,,,,,0,,,,,,,0
2022-08-31,,,,0,,,,,,0,,,,,,,0
2022-09-01,,,,0,,,,,,0,,,,,,,0
2022-09-02,,,,0,,,,,,0,,,,,,,0
2022-09-03,,,,0,,,,,,0,,,,,,,0
2022-09-04,,,,0,,,,,,0,,,,,,,0
2022-09-05,,,,0,,,,,,0,,,,,,,0
2022-09-06,,,,0,,,,,,0,,,,,,,0
2022-09-07,,,,0,,,,,,0,,,,,,,0
2022-09-08,,,,0,,,,,,0,,,,,,,0
2022-09-09,,,,0,,,,,,0,,,,,,,0
2022-09-10,,,,0,,,,,,0,,,,,,,0
2022-09-11,,,,0,,,,,,0,,,,,,,0
2022-09-12,,,,0,,,,,,0,,,,,,,0
2022-09-13,,,,0,,,,,,0,,,,,,,0
2022-09-14,,,,0,,,,,,0,,,,,,,0
2022-09-15,,,,0,,,,,,0,,,,,,,0
2022-09-16,,,,0,,,,,,0,,,,,,,0
2022-09-17,,,,0,,,,,,0,,,,,,,0
2022-09-18,,,,0,,,,,,0,,,,,,,0
2022-09-19,,,,0,,,,,,0,,,,,,,0
2022-09-20,,,,0,,,,,,0,,,,,,,0
2022-09-21,,,,0,,,,,,0,,,,,,,0
2022-09-22,,,,0,,,,,,0,,,,,,,0
2022-09-23,,,,0,,,,,,0,,,,,,,0
2022-09-24,,,,0,,,,,,0,,,,,,,0
2022-09-25,,,,0,,,,,,0,,,,,,,0
2022-09-26,,,,0,,,,,,0,,,,,,,0
2022-09-27,,,,0,,,,,,0,,,,,,,0
2022-09-28,,,,0,,,,,,0,,,,,,,0
2022-09-29,,,,0,,,,,,0,,,,,,,0
2022-09-30,,,,0,,,,,,0,,,,,,,0
2022-10-01,,,,0,,,,,,0,,,,,,,0
2022-10-02,,,,0,,,,,,0,,,,,,,0
2022-10-03,,,,0,,,,,,0,,,,,,,0
2022-10-04,,,,0,,,,,,0,,,,,,,0
2022-10-05,,,,0,,,,,,0,,,,,,,0
2022-10-06,,,,0,,,,,,0,,,,,,,0
2022-10-07,,,,0,,,,,,0,,,,,,,0
2022-10-08,,,,0,,,,,,0,,,,,,,0
2022-10-09,,,,0,,,,,,0,,,,,,,0
2022-10-10,,,,0,,,,,,0,,,,,,,0
2022-10-11,,,,0,,,,,,0,,,,,,,0
2022-10-12,,,,0,,,,,,0,,,,,,,0
2022-10-13,,,,0,,,,,,0,,,,,,,0
2022-10-14,,,,0,,,,,,0,,,,,,,0
2022-10-15,,,,0,,,,,,0,,,,,,,0
2022-10-16,,,,0,,,,,,0,,,,,,,0
2022-10-17,,,,0,,,,,,0,,,,,,,0
2022-10-18,,,,0,,,,,,0,,,,,,,0
2022-10-19,,,,0,,,,,,0,,,,,,,0
2022-10-20,,,,0,,,,,,0,,,,,,,0
2022-10-21,,,,0,,,,,,0,,,,,,,0
2022-10-22,,,,0,,,,,,0,,,,,,,0
2022-10-23,,,,0,,,,,,0,,,,,,,0
2022-10-24,,,,0,,,,,,0,,,,,,,0
2022-10-25,,,,0,,,,,,0,,,,,,,0
2022-10-26,,,,0,,,,,,0,,,,,,,0
2022-10-27,,,,0,,,,,,0,,,,,,,0
2022-10-28,,,,0,,,,,,0,,,,,,,0
2022-10-29,,,,0,,,,,,0,,,,,,,0
2022-10-30,,,,0,,,,,,0,,,,,,,0
2022-10-31,,,,0,,,,,,0,,,,,,,0
2022-11-01,,,,0,,,,,,0,,,,,,,0
2022-11-02,,,,0,,,,,,0,,,,,,,0
2022-11-03,,,,0,,,,,,0,,,,,,,0
2022-11-04,,,,0,,,,,,0,,,,,,,0
2022-11-05,,,,0,,,,,,0,,,,,,,0
2022-11-06,,,,0,,,,,,0,,,,,,,0
2022-11-07,,,,0,,,,,,0,,,,,,,0
2022-11-08,,,,0,,,,,,0,,,,,,,0
2022-11-09,,,,0,,,,,,0,,,,,,,0
2022-11-10,,,,0,,,,,,0,,,,,,,0
2022-11-11,5.32,5.32,5.32,1,S833,1481,,,,0,,,5.32,reference only,5.32,5.32,1
2022-11-12,2.85,2.85,2.85,1,S833,1481,,,,0,,,2.85,reference only,2.85,2.85,1
2022-11-13,3.0,3.0,3.0,1,S833,1481,,,,0,,,3.0,reference only,3.0,3.0,1
2022-11-14,5.3,5.3,5.3,1,S833,1481,,,,0,,,5.3,reference only,5.3,5.3,1
2022-11-15,4.63,4.63,4.63,1,S833,1481,,,,0,,,4.63,reference only,4.63,4.63,1
2022-11-16,6.29,6.29,6.29,1,S833,1481,,,,0,,,6.29,reference only,6.29,6.29,1
2022-11-17,5.33,5.33,5.33,1,S833,1481,,,,0,,,5.33,reference only,5.33,5.33,1
2022-11-18,2.96,2.96,2.96,1,S833,1481,,,,0,,,2.96,reference only,2.96,2.96,1
2022-11-19,3.11,3.11,3.11,1,S833,1481,,,,0,,,3.11,reference only,3.11,3.11,1
2022-11-20,6.96,6.96,6.96,1,S833,1481,,,,0,,,6.96,reference only,6.96,6.96,1
2022-11-21,5.48,5.48,5.48,1,S833,1481,,,,0,,,5.48,reference only,5.48,5.48,1
2022-11-22,3.39,3.39,3.39,1,S833,1481,,,,0,,,3.39,reference only,3.39,3.39,1
2022-11-23,,,,0,,,,,,0,,,,,,,0
2022-11-24,5.33,5.33,5.33,1,S833,1481,,,,0,,,5.33,reference only,5.33,5.33,1
2022-11-25,1.93,1.93,1.93,1,S833,1481,,,,0,,,1.93,reference only,1.93,1.93,1
2022-11-26,2.1,2.1,2.1,1,S833,1481,,,,0,,,2.1,reference only,2.1,2.1,1
2022-11-27,3.64,3.64,3.64,1,S833,1481,,,,0,,,3.64,reference only,3.64,3.64,1
2022-11-28,7.67,7.67,7.67,1,S833,1481,,,,0,,,7.67,reference only,7.67,7.67,1
2022-11-29,18.4,18.4,18.4,1,S833,1481,,,,0,,,18.4,reference only,18.4,18.4,1
2022-11-30,9.71,9.71,9.71,1,S833,1481,,,,0,,,9.71,reference only,9.71,9.71,1
2022-12-01,4.83,4.83,4.83,1,S833,1481,,,,0,,,4.83,reference only,4.83,4.83,1
2022-12-02,9.04,9.04,9.04,1,S833,1481,,,,0,,,9.04,reference only,9.04,9.04,1
2022-12-03,3.96,3.96,3.96,1,S833,1481,,,,0,,,3.96,reference only,3.96,3.96,1
2022-12-04,3.87,3.87,3.87,1,S833,1481,,,,0,,,3.87,reference only,3.87,3.87,1
2022-12-05,4.08,4.08,4.08,1,S833,1481,,,,0,,,4.08,reference only,4.08,4.08,1
2022-12-06,6.35,6.35,6.35,1,S833,1481,,,,0,,,6.35,reference only,6.35,6.35,1
2022-12-07,7.54,7.54,7.54,1,S833,1481,,,,0,,,7.54,reference only,7.54,7.54,1
2022-12-08,7.33,7.33,7.33,1,S833,1481,,,,0,,,7.33,reference only,7.33,7.33,1
2022-12-09,8.46,8.46,8.46,1,S833,1481,,,,0,,,8.46,reference only,8.46,8.46,1
2022-12-10,4.63,4.63,4.63,1,S833,1481,,,,0,,,4.63,reference only,4.63,4.63,1
2022-12-11,5.71,5.71,5.71,1,S833,1481,,,,0,,,5.71,reference only,5.71,5.71,1
2022-12-12,6.17,6.17,6.17,1,S833,1481,,,,0,,,6.17,reference only,6.17,6.17,1
2022-12-13,,,,0,,,,,,0,,,,,,,0
2022-12-14,,,,0,,,,,,0,,,,,,,0
2022-12-15,,,,0,,,,,,0,,,,,,,0
2022-12-16,,,,0,,,,,,0,,,,,,,0
2022-12-17,3.43,3.43,3.43,1,S833,1481,,,,0,,,3.43,reference only,3.43,3.43,1
2022-12-18,3.88,3.88,3.88,1,S833,1481,,,,0,,,3.88,reference only,3.88,3.88,1
2022-12-19,2.38,2.38,2.38,1,S833,1481,,,,0,,,2.38,reference only,2.38,2.38,1
2022-12-20,4.04,4.04,4.04,1,S833,1481,,,,0,,,4.04,reference only,4.04,4.04,1
2022-12-21,6.3,6.3,6.3,1,S833,1481,,,,0,,,6.3,reference only,6.3,6.3,1
2022-12-22,11.5,11.5,11.5,1,S833,1481,,,,0,,,11.5,reference only,11.5,11.5,1
2022-12-23,,,,0,,,,,,0,,,,,,,0
2022-12-24,2.36,2.36,2.36,1,S833,1481,,,,0,,,2.36,reference only,2.36,2.36,1
2022-12-25,3.45,3.45,3.45,1,S833,1481,,,,0,,,3.45,reference only,3.45,3.45,1
2022-12-26,2.9,2.9,2.9,1,S833,1481,,,,0,,,2.9,reference only,2.9,2.9,1
2022-12-27,4.95,4.95,4.95,1,S833,1481,,,,0,,,4.95,reference only,4.95,4.95,1
2022-12-28,8.08,8.08,8.08,1,S833,1481,,,,0,,,8.08,reference only,8.08,8.08,1
2022-12-29,10.8,10.8,10.8,1,S833,1481,,,,0,,,10.8,reference only,10.8,10.8,1
2022-12-30,13.1,13.1,13.1,1,S833,1481,,,,0,,,13.1,reference only,13.1,13.1,1
2022-12-31,9.92,9.92,9.92,1,S833,1481,,,,0,,,9.92,reference only,9.92,9.92,1
2023-01-01,15.8,15.8,15.8,1,S833,1481,,,,0,,,15.8,reference only,15.8,15.8,1
2023-01-02,20.2,20.2,20.2,1,S833,1481,,,,0,,,20.2,reference only,20.2,20.2,1
2023-01-03,27.8,27.8,27.8,1,S833,1481,,,,0,,,27.8,reference only,27.8,27.8,1
2023-01-04,10.8,10.8,10.8,1,S833,1481,,,,0,,,10.8,reference only,10.8,10.8,1
2023-01-05,7.83,7.83,7.83,1,S833,1481,,,,0,,,7.83,reference only,7.83,7.83,1
2023-01-06,4.92,4.92,4.92,1,S833,1481,,,,0,,,4.92,reference only,4.92,4.92,1
2023-01-07,5.05,5.05,5.05,1,S833,1481,,,,0,,,5.05,reference only,5.05,5.05,1
2023-01-08,6.88,6.88,6.88,1,S833,1481,,,,0,,,6.88,reference only,6.88,6.88,1
2023-01-09,8.25,8.25,8.25,1,S833,1481,,,,0,,,8.25,reference only,8.25,8.25,1
2023-01-10,,,,0,,,,,,0,,,,,,,0
2023-01-11,,,,0,,,,,,0,,,,,,,0
2023-01-12,,,,0,,,,,,0,,,,,,,0
2023-01-13,,,,0,,,,,,0,,,,,,,0
2023-01-14,,,,0,,,,,,0,,,,,,,0
2023-01-15,,,,0,,,,,,0,,,,,,,0
2023-01-16,15.0,15.0,15.0,1,S833,1481,,,,0,,,15.0,reference only,15.0,15.0,1
2023-01-17,14.2,14.2,14.2,1,S833,1481,,,,0,,,14.2,reference only,14.2,14.2,1
2023-01-18,16.6,16.6,16.6,1,S833,1481,,,,0,,,16.6,reference only,16.6,16.6,1
2023-01-19,4.79,4.79,4.79,1,S833,1481,,,,0,,,4.79,reference only,4.79,4.79,1
2023-01-20,6.25,6.25,6.25,1,S833,1481,,,,0,,,6.25,reference only,6.25,6.25,1
2023-01-21,14.7,14.7,14.7,1,S833,1481,,,,0,,,14.7,reference only,14.7,14.7,1
2023-01-22,,,,0,,,,,,0,,,,,,,0
2023-01-23,3.7,3.7,3.7,1,S833,1481,,,,0,,,3.7,reference only,3.7,3.7,1
2023-01-24,9.75,9.75,9.75,1,S833,1481,,,,0,,,9.75,reference only,9.75,9.75,1
2023-01-25,5.9,5.9,5.9,1,S833,1481,,,,0,,,5.9,reference only,5.9,5.9,1
2023-01-26,7.35,7.35,7.35,1,S833,1481,,,,0,,,7.35,reference only,7.35,7.35,1
2023-01-27,3.33,3.33,3.33,1,S833,1481,,,,0,,,3.33,reference only,3.33,3.33,1
2023-01-28,8.79,8.79,8.79,1,S833,1481,,,,0,,,8.79,reference only,8.79,8.79,1
2023-01-29,8.71,8.71,8.71,1,S833,1481,,,,0,,,8.71,reference only,8.71,8.71,1
2023-01-30,9.5,9.5,9.5,1,S833,1481,,,,0,,,9.5,reference only,9.5,9.5,1
2023-01-31,4.23,4.23,4.23,1,S833,1481,,,,0,,,4.23,reference only,4.23,4.23,1
2023-02-01,,,,0,,,,,,0,,,,,,,0
2023-02-02,,,,0,,,,,,0,,,,,,,0
2023-02-03,,,,0,,,,,,0,,,,,,,0
2023-02-04,,,,0,,,,,,0,,,,,,,0
2023-02-05,,,,0,,,,,,0,,,,,,,0
2023-02-06,,,,0,,,,,,0,,,,,,,0
2023-02-07,,,,0,,,,,,0,,,,,,,0
2023-02-08,,,,0,,,,,,0,,,,,,,0
2023-02-09,,,,0,,,,,,0,,,,,,,0
2023-02-10,,,,0,,,,,,0,,,,,,,0
2023-02-11,,,,0,,,,,,0,,,,,,,0
2023-02-12,,,,0,,,,,,0,,,,,,,0
2023-02-13,,,,0,,,,,,0,,,,,,,0
2023-02-14,16.9,16.9,16.9,1,S833,1481,,,,0,,,16.9,reference only,16.9,16.9,1
2023-02-15,13.3,13.3,13.3,1,S833,1481,,,,0,,,13.3,reference only,13.3,13.3,1
2023-02-16,,,,0,,,,,,0,,,,,,,0
2023-02-17,,,,0,,,,,,0,,,,,,,0
2023-02-18,,,,0,,,,,,0,,,,,,,0
2023-02-19,,,,0,,,,,,0,,,,,,,0
2023-02-20,,,,0,,,,,,0,,,,,,,0
2023-02-21,,,,0,,,,,,0,,,,,,,0
2023-02-22,,,,0,,,,,,0,,,,,,,0
2023-02-23,,,,0,,,,,,0,,,,,,,0
2023-02-24,,,,0,,,,,,0,,,,,,,0
2023-02-25,,,,0,,,,,,0,,,,,,,0
2023-02-26,,,,0,,,,,,0,,,,,,,0
2023-02-27,,,,0,,,,,,0,,,,,,,0
2023-02-28,,,,0,,,,,,0,,,,,,,0
2023-03-01,,,,0,,,,,,0,,,,,,,0
2023-03-02,,,,0,,,,,,0,,,,,,,0
2023-03-03,,,,0,,,,,,0,,,,,,,0
2023-03-04,,,,0,,,,,,0,,,,,,,0
2023-03-05,,,,0,,,,,,0,,,,,,,0
2023-03-06,,,,0,,,,,,0,,,,,,,0
2023-03-07,,,,0,,,,,,0,,,,,,,0
2023-03-08,,,,0,,,,,,0,,,,,,,0
2023-03-09,,,,0,,,,,,0,,,,,,,0
2023-03-10,,,,0,,,,,,0,,,,,,,0
2023-03-11,,,,0,,,,,,0,,,,,,,0
2023-03-12,,,,0,,,,,,0,,,,,,,0
2023-03-13,,,,0,,,,,,0,,,,,,,0
2023-03-14,,,,0,,,,,,0,,,,,,,0
2023-03-15,,,,0,,,,,,0,,,,,,,0
2023-03-16,,,,0,,,,,,0,,,,,,,0
2023-03-17,,,,0,,,,,,0,,,,,,,0
2023-03-18,,,,0,,,,,,0,,,,,,,0
2023-03-19,,,,0,,,,,,0,,,,,,,0
2023-03-20,,,,0,,,,,,0,,,,,,,0
2023-03-21,4.96,4.96,4.96,1,S833,1481,,,,0,,,4.96,reference only,4.96,4.96,1
2023-03-22,7.65,7.65,7.65,1,S833,1481,,,,0,,,7.65,reference only,7.65,7.65,1
2023-03-23,,,,0,,,,,,0,,,,,,,0
2023-03-24,15.8,15.8,15.8,1,S833,1481,,,,0,,,15.8,reference only,15.8,15.8,1
2023-03-25,22.0,22.0,22.0,1,S833,1481,,,,0,,,22.0,reference only,22.0,22.0,1
2023-03-26,20.4,20.4,20.4,1,S833,1481,,,,0,,,20.4,reference only,20.4,20.4,1
2023-03-27,15.5,15.5,15.5,1,S833,1481,,,,0,,,15.5,reference only,15.5,15.5,1
2023-03-28,11.0,11.0,11.0,1,S833,1481,,,,0,,,11.0,reference only,11.0,11.0,1
2023-03-29,9.75,9.75,9.75,1,S833,1481,,,,0,,,9.75,reference only,9.75,9.75,1
2023-03-30,13.3,13.3,13.3,1,S833,1481,,,,0,,,13.3,reference only,13.3,13.3,1
2023-03-31,10.9,10.9,10.9,1,S833,1481,,,,0,,,10.9,reference only,10.9,10.9,1
2023-04-01,12.5,12.5,12.5,1,S833,1481,,,,0,,,12.5,reference only,12.5,12.5,1
2023-04-02,14.8,14.8,14.8,1,S833,1481,,,,0,,,14.8,reference only,14.8,14.8,1
2023-04-03,16.1,16.1,16.1,1,S833,1481,,,,0,,,16.1,reference only,16.1,16.1,1
2023-04-04,,,,0,,,,,,0,,,,,,,0
2023-04-05,,,,0,,,,,,0,,,,,,,0
2023-04-06,,,,0,,,,,,0,,,,,,,0
2023-04-07,,,,0,,,,,,0,,,,,,,0
2023-04-08,,,,0,,,,,,0,,,,,,,0
2023-04-09,,,,0,,,,,,0,,,,,,,0
2023-04-10,,,,0,,,,,,0,,,,,,,0
2023-04-11,,,,0,,,,,,0,,,,,,,0
2023-04-12,,,,0,,,,,,0,,,,,,,0
2023-04-13,,,,0,,,,,,0,,,,,,,0
2023-04-14,,,,0,,,,,,0,,,,,,,0
2023-04-15,,,,0,,,,,,0,,,,,,,0
2023-04-16,,,,0,,,,,,0,,,,,,,0
2023-04-17,,,,0,,,,,,0,,,,,,,0
2023-04-18,,,,0,,,,,,0,,,,,,,0
2023-04-19,,,,0,,,,,,0,,,,,,,0
2023-04-20,,,,0,,,,,,0,,,,,,,0
2023-04-21,,,,0,,,,,,0,,,,,,,0
2023-04-22,,,,0,,,,,,0,,,,,,,0
2023-04-23,,,,0,,,,,,0,,,,,,,0
2023-04-24,,,,0,,,,,,0,,,,,,,0
2023-04-25,,,,0,,,,,,0,,,,,,,0
2023-04-26,,,,0,,,,,,0,,,,,,,0
2023-04-27,,,,0,,,,,,0,,,,,,,0
2023-04-28,,,,0,,,,,,0,,,,,,,0
2023-04-29,,,,0,,,,,,0,,,,,,,0
2023-04-30,,,,0,,,,,,0,,,,,,,0
2023-05-01,,,,0,,,,,,0,,,,,,,0
2023-05-02,,,,0,,,,,,0,,,,,,,0
2023-05-03,,,,0,,,,,,0,,,,,,,0
2023-05-04,,,,0,,,,,,0,,,,,,,0
2023-05-05,,,,0,,,,,,0,,,,,,,0
2023-05-06,,,,0,,,,,,0,,,,,,,0
2023-05-07,,,,0,,,,,,0,,,,,,,0
2023-05-08,,,,0,,,,,,0,,,,,,,0
2023-05-09,,,,0,,,,,,0,,,,,,,0
2023-05-10,,,,0,,,,,,0,,,,,,,0
2023-05-11,,,,0,,,,,,0,,,,,,,0
2023-05-12,,,,0,,,,,,0,,,,,,,0
2023-05-13,,,,0,,,,,,0,,,,,,,0
2023-05-14,,,,0,,,,,,0,,,,,,,0
2023-05-15,,,,0,,,,,,0,,,,,,,0
2023-05-16,,,,0,,,,,,0,,,,,,,0
2023-05-17,,,,0,,,,,,0,,,,,,,0
2023-05-18,,,,0,,,,,,0,,,,,,,0
2023-05-19,,,,0,,,,,,0,,,,,,,0
2023-05-20,,,,0,,,,,,0,,,,,,,0
2023-05-21,,,,0,,,,,,0,,,,,,,0
2023-05-22,,,,0,,,,,,0,,,,,,,0
2023-05-23,,,,0,,,,,,0,,,,,,,0
2023-05-24,,,,0,,,,,,0,,,,,,,0
2023-05-25,,,,0,,,,,,0,,,,,,,0
2023-05-26,,,,0,,,,,,0,,,,,,,0
2023-05-27,,,,0,,,,,,0,,,,,,,0
2023-05-28,,,,0,,,,,,0,,,,,,,0
2023-05-29,,,,0,,,,,,0,,,,,,,0
2023-05-30,,,,0,,,,,,0,,,,,,,0
2023-05-31,,,,0,,,,,,0,,,,,,,0
2023-06-01,,,,0,,,,,,0,,,,,,,0
2023-06-02,,,,0,,,,,,0,,,,,,,0
2023-06-03,,,,0,,,,,,0,,,,,,,0
2023-06-04,,,,0,,,,,,0,,,,,,,0
2023-06-05,,,,0,,,,,,0,,,,,,,0
2023-06-06,,,,0,,,,,,0,,,,,,,0
2023-06-07,,,,0,,,,,,0,,,,,,,0
2023-06-08,,,,0,,,,,,0,,,,,,,0
2023-06-09,,,,0,,,,,,0,,,,,,,0
2023-06-10,,,,0,,,,,,0,,,,,,,0
2023-06-11,,,,0,,,,,,0,,,,,,,0
2023-06-12,,,,0,,,,,,0,,,,,,,0
2023-06-13,,,,0,,,,,,0,,,,,,,0
2023-06-14,,,,0,,,,,,0,,,,,,,0
2023-06-15,,,,0,,,,,,0,,,,,,,0
2023-06-16,,,,0,,,,,,0,,,,,,,0
2023-06-17,,,,0,,,,,,0,,,,,,,0
2023-06-18,,,,0,,,,,,0,,,,,,,0
2023-06-19,,,,0,,,,,,0,,,,,,,0
2023-06-20,,,,0,,,,,,0,,,,,,,0
2023-06-21,,,,0,,,,,,0,,,,,,,0
2023-06-22,,,,0,,,,,,0,,,,,,,0
2023-06-23,,,,0,,,,,,0,,,,,,,0
2023-06-24,,,,0,,,,,,0,,,,,,,0
2023-06-25,,,,0,,,,,,0,,,,,,,0
2023-06-26,,,,0,,,,,,0,,,,,,,0
2023-06-27,,,,0,,,,,,0,,,,,,,0
2023-06-28,,,,0,,,,,,0,,,,,,,0
2023-06-29,,,,0,,,,,,0,,,,,,,0
2023-06-30,,,,0,,,,,,0,,,,,,,0
2023-07-01,,,,0,,,,,,0,,,,,,,0
2023-07-02,,,,0,,,,,,0,,,,,,,0
2023-07-03,,,,0,,,,,,0,,,,,,,0
2023-07-04,,,,0,,,,,,0,,,,,,,0
2023-07-05,,,,0,,,,,,0,,,,,,,0
2023-07-06,,,,0,,,,,,0,,,,,,,0
2023-07-07,,,,0,,,,,,0,,,,,,,0
2023-07-08,,,,0,,,,,,0,,,,,,,0
2023-07-09,,,,0,,,,,,0,,,,,,,0
2023-07-10,,,,0,,,,,,0,,,,,,,0
2023-07-11,,,,0,,,,,,0,,,,,,,0
2023-07-12,,,,0,,,,,,0,,,,,,,0
2023-07-13,,,,0,,,,,,0,,,,,,,0
2023-07-14,,,,0,,,,,,0,,,,,,,0
2023-07-15,,,,0,,,,,,0,,,,,,,0
2023-07-16,,,,0,,,,,,0,,,,,,,0
2023-07-17,,,,0,,,,,,0,,,,,,,0
2023-07-18,,,,0,,,,,,0,,,,,,,0
2023-07-19,,,,0,,,,,,0,,,,,,,0
2023-07-20,,,,0,,,,,,0,,,,,,,0
2023-07-21,,,,0,,,,,,0,,,,,,,0
2023-07-22,,,,0,,,,,,0,,,,,,,0
2023-07-23,,,,0,,,,,,0,,,,,,,0
2023-07-24,,,,0,,,,,,0,,,,,,,0
2023-07-25,,,,0,,,,,,0,,,,,,,0
2023-07-26,,,,0,,,,,,0,,,,,,,0
2023-07-27,,,,0,,,,,,0,,,,,,,0
2023-07-28,,,,0,,,,,,0,,,,,,,0
2023-07-29,,,,0,,,,,,0,,,,,,,0
2023-07-30,,,,0,,,,,,0,,,,,,,0
2023-07-31,,,,0,,,,,,0,,,,,,,0
2023-08-01,,,,0,,,,,,0,,,,,,,0
2023-08-02,,,,0,,,,,,0,,,,,,,0
2023-08-03,,,,0,,,,,,0,,,,,,,0
2023-08-04,,,,0,,,,,,0,,,,,,,0
2023-08-05,,,,0,,,,,,0,,,,,,,0
2023-08-06,,,,0,,,,,,0,,,,,,,0
2023-08-07,,,,0,,,,,,0,,,,,,,0
2023-08-08,,,,0,,,,,,0,,,,,,,0
2023-08-09,,,,0,,,,,,0,,,,,,,0
2023-08-10,,,,0,,,,,,0,,,,,,,0
2023-08-11,,,,0,,,,,,0,,,,,,,0
2023-08-12,,,,0,,,,,,0,,,,,,,0
2023-08-13,,,,0,,,,,,0,,,,,,,0
2023-08-14,,,,0,,,,,,0,,,,,,,0
2023-08-15,,,,0,,,,,,0,,,,,,,0
2023-08-16,,,,0,,,,,,0,,,,,,,0
2023-08-17,,,,0,,,,,,0,,,,,,,0
2023-08-18,,,,0,,,,,,0,,,,,,,0
2023-08-19,,,,0,,,,,,0,,,,,,,0
2023-08-20,,,,0,,,,,,0,,,,,,,0
2023-08-21,,,,0,,,,,,0,,,,,,,0
2023-08-22,,,,0,,,,,,0,,,,,,,0
2023-08-23,,,,0,,,,,,0,,,,,,,0
2023-08-24,,,,0,,,,,,0,,,,,,,0
2023-08-25,,,,0,,,,,,0,,,,,,,0
2023-08-26,,,,0,,,,,,0,,,,,,,0
2023-08-27,,,,0,,,,,,0,,,,,,,0
2023-08-28,,,,0,,,,,,0,,,,,,,0
2023-08-29,,,,0,,,,,,0,,,,,,,0
2023-08-30,,,,0,,,,,,0,,,,,,,0
2023-08-31,,,,0,,,,,,0,,,,,,,0
2023-09-01,,,,0,,,,,,0,,,,,,,0
2023-09-02,,,,0,,,,,,0,,,,,,,0
2023-09-03,,,,0,,,,,,0,,,,,,,0
2023-09-04,,,,0,,,,,,0,,,,,,,0
2023-09-05,,,,0,,,,,,0,,,,,,,0
2023-09-06,,,,0,,,,,,0,,,,,,,0
2023-09-07,,,,0,,,,,,0,,,,,,,0
2023-09-08,,,,0,,,,,,0,,,,,,,0
2023-09-09,,,,0,,,,,,0,,,,,,,0
2023-09-10,,,,0,,,,,,0,,,,,,,0
2023-09-11,,,,0,,,,,,0,,,,,,,0
2023-09-12,,,,0,,,,,,0,,,,,,,0
2023-09-13,,,,0,,,,,,0,,,,,,,0
2023-09-14,,,,0,,,,,,0,,,,,,,0
2023-09-15,,,,0,,,,,,0,,,,,,,0
2023-09-16,,,,0,,,,,,0,,,,,,,0
2023-09-17,,,,0,,,,,,0,,,,,,,0
2023-09-18,,,,0,,,,,,0,,,,,,,0
2023-09-19,,,,0,,,,,,0,,,,,,,0
2023-09-20,,,,0,,,,,,0,,,,,,,0
2023-09-21,,,,0,,,,,,0,,,,,,,0
2023-09-22,,,,0,,,,,,0,,,,,,,0
2023-09-23,,,,0,,,,,,0,,,,,,,0
2023-09-24,,,,0,,,,,,0,,,,,,,0
2023-09-25,,,,0,,,,,,0,,,,,,,0
2023-09-26,,,,0,,,,,,0,,,,,,,0
2023-09-27,,,,0,,,,,,0,,,,,,,0
2023-09-28,,,,0,,,,,,0,,,,,,,0
2023-09-29,,,,0,,,,,,0,,,,,,,0
2023-09-30,,,,0,,,,,,0,,,,,,,0
2023-10-01,,,,0,,,,,,0,,,,,,,0
2023-10-02,,,,0,,,,,,0,,,,,,,0
2023-10-03,,,,0,,,,,,0,,,,,,,0
2023-10-04,,,,0,,,,,,0,,,,,,,0
2023-10-05,,,,0,,,,,,0,,,,,,,0
2023-10-06,,,,0,,,,,,0,,,,,,,0
2023-10-07,,,,0,,,,,,0,,,,,,,0
2023-10-08,,,,0,,,,,,0,,,,,,,0
2023-10-09,,,,0,,,,,,0,,,,,,,0
2023-10-10,,,,0,,,,,,0,,,,,,,0
2023-10-11,,,,0,,,,,,0,,,,,,,0
2023-10-12,,,,0,,,,,,0,,,,,,,0
2023-10-13,,,,0,,,,,,0,,,,,,,0
2023-10-14,,,,0,,,,,,0,,,,,,,0
2023-10-15,,,,0,,,,,,0,,,,,,,0
2023-10-16,,,,0,,,,,,0,,,,,,,0
2023-10-17,,,,0,,,,,,0,,,,,,,0
2023-10-18,,,,0,,,,,,0,,,,,,,0
2023-10-19,,,,0,,,,,,0,,,,,,,0
2023-10-20,,,,0,,,,,,0,,,,,,,0
2023-10-21,,,,0,,,,,,0,,,,,,,0
2023-10-22,,,,0,,,,,,0,,,,,,,0
2023-10-23,,,,0,,,,,,0,,,,,,,0
2023-10-24,,,,0,,,,,,0,,,,,,,0
2023-10-25,,,,0,,,,,,0,,,,,,,0
2023-10-26,,,,0,,,,,,0,,,,,,,0
2023-10-27,,,,0,,,,,,0,,,,,,,0
2023-10-28,,,,0,,,,,,0,,,,,,,0
2023-10-29,,,,0,,,,,,0,,,,,,,0
2023-10-30,,,,0,,,,,,0,,,,,,,0
2023-10-31,,,,0,,,,,,0,,,,,,,0
2023-11-01,,,,0,,,,,,0,,,,,,,0
2023-11-02,,,,0,,,,,,0,,,,,,,0
2023-11-03,,,,0,,,,,,0,,,,,,,0
2023-11-04,,,,0,,,,,,0,,,,,,,0
2023-11-05,,,,0,,,,,,0,,,,,,,0
2023-11-06,,,,0,,,,,,0,,,,,,,0
2023-11-07,,,,0,,,,,,0,,,,,,,0
2023-11-08,,,,0,,,,,,0,,,,,,,0
2023-11-09,,,,0,,,,,,0,,,,,,,0
2023-11-10,,,,0,,,,,,0,,,,,,,0
2023-11-11,,,,0,,,,,,0,,,,,,,0
2023-11-12,,,,0,,,,,,0,,,,,,,0
2023-11-13,,,,0,,,,,,0,,,,,,,0
2023-11-14,,,,0,,,,,,0,,,,,,,0
2023-11-15,,,,0,,,,,,0,,,,,,,0
2023-11-16,,,,0,,,,,,0,,,,,,,0
2023-11-17,,,,0,,,,,,0,,,,,,,0
2023-11-18,,,,0,,,,,,0,,,,,,,0
2023-11-19,,,,0,,,,,,0,,,,,,,0
2023-11-20,,,,0,,,,,,0,,,,,,,0
2023-11-21,,,,0,,,,,,0,,,,,,,0
2023-11-22,,,,0,,,,,,0,,,,,,,0
2023-11-23,,,,0,,,,,,0,,,,,,,0
2023-11-24,,,,0,,,,,,0,,,,,,,0
2023-11-25,,,,0,,,,,,0,,,,,,,0
2023-11-26,,,,0,,,,,,0,,,,,,,0
2023-11-27,,,,0,,,,,,0,,,,,,,0
2023-11-28,,,,0,,,,,,0,,,,,,,0
2023-11-29,,,,0,,,,,,0,,,,,,,0
2023-11-30,,,,0,,,,,,0,,,,,,,0
2023-12-01,,,,0,,,,,,0,,,,,,,0
2023-12-02,,,,0,,,,,,0,,,,,,,0
2023-12-03,,,,0,,,,,,0,,,,,,,0
2023-12-04,,,,0,,,,,,0,,,,,,,0
2023-12-05,,,,0,,,,,,0,,,,,,,0
2023-12-06,,,,0,,,,,,0,,,,,,,0
2023-12-07,,,,0,,,,,,0,,,,,,,0
2023-12-08,,,,0,,,,,,0,,,,,,,0
2023-12-09,,,,0,,,,,,0,,,,,,,0
2023-12-10,,,,0,,,,,,0,,,,,,,0
2023-12-11,,,,0,,,,,,0,,,,,,,0
2023-12-12,,,,0,,,,,,0,,,,,,,0
2023-12-13,,,,0,,,,,,0,,,,,,,0
2023-12-14,,,,0,,,,,,0,,,,,,,0
2023-12-15,,,,0,,,,,,0,,,,,,,0
2023-12-16,,,,0,,,,,,0,,,,,,,0
2023-12-17,,,,0,,,,,,0,,,,,,,0
2023-12-18,,,,0,,,,,,0,,,,,,,0
2023-12-19,,,,0,,,,,,0,,,,,,,0
2023-12-20,,,,0,,,,,,0,,,,,,,0
2023-12-21,,,,0,,,,,,0,,,,,,,0
2023-12-22,,,,0,,,,,,0,,,,,,,0
2023-12-23,,,,0,,,,,,0,,,,,,,0
2023-12-24,,,,0,,,,,,0,,,,,,,0
2023-12-25,,,,0,,,,,,0,,,,,,,0
2023-12-26,,,,0,,,,,,0,,,,,,,0
2023-12-27,,,,0,,,,,,0,,,,,,,0
2023-12-28,,,,0,,,,,,0,,,,,,,0
2023-12-29,,,,0,,,,,,0,,,,,,,0
2023-12-30,,,,0,,,,,,0,,,,,,,0
2023-12-31,,,,0,,,,,,0,,,,,,,0
2024-01-01,,,,0,,,,,,0,,,,,,,0
2024-01-02,,,,0,,,,,,0,,,,,,,0
2024-01-03,,,,0,,,,,,0,,,,,,,0
2024-01-04,,,,0,,,,,,0,,,,,,,0
2024-01-05,,,,0,,,,,,0,,,,,,,0
2024-01-06,,,,0,,,,,,0,,,,,,,0
2024-01-07,,,,0,,,,,,0,,,,,,,0
2024-01-08,,,,0,,,,,,0,,,,,,,0
2024-01-09,,,,0,,,,,,0,,,,,,,0
2024-01-10,,,,0,,,,,,0,,,,,,,0
2024-01-11,,,,0,,,,,,0,,,,,,,0
2024-01-12,,,,0,,,,,,0,,,,,,,0
2024-01-13,,,,0,,,,,,0,,,,,,,0
2024-01-14,,,,0,,,,,,0,,,,,,,0
2024-01-15,,,,0,,,,,,0,,,,,,,0
2024-01-16,,,,0,,,,,,0,,,,,,,0
2024-01-17,,,,0,,,,,,0,,,,,,,0
2024-01-18,,,,0,,,,,,0,,,,,,,0
2024-01-19,,,,0,,,,,,0,,,,,,,0
2024-01-20,,,,0,,,,,,0,,,,,,,0
2024-01-21,,,,0,,,,,,0,,,,,,,0
2024-01-22,,,,0,,,,,,0,,,,,,,0
2024-01-23,,,,0,,,,,,0,,,,,,,0
2024-01-24,,,,0,,,,,,0,,,,,,,0
2024-01-25,,,,0,,,,,,0,,,,,,,0
2024-01-26,,,,0,,,,,,0,,,,,,,0
2024-01-27,,,,0,,,,,,0,,,,,,,0
2024-01-28,,,,0,,,,,,0,,,,,,,0
2024-01-29,,,,0,,,,,,0,,,,,,,0
2024-01-30,,,,0,,,,,,0,,,,,,,0
2024-01-31,,,,0,,,,,,0,,,,,,,0
2024-02-01,,,,0,,,,,,0,,,,,,,0
2024-02-02,4.73,4.73,4.73,1,S2360514,7798853,,,,0,,,4.73,reference only,4.73,4.73,1
2024-02-03,11.7,11.7,11.7,1,S2360514,7798853,,,,0,,,11.7,reference only,11.7,11.7,1
2024-02-04,4.88,4.88,4.88,1,S2360514,7798853,,,,0,,,4.88,reference only,4.88,4.88,1
2024-02-05,2.29,2.29,2.29,1,S2360514,7798853,,,,0,,,2.29,reference only,2.29,2.29,1
2024-02-06,6.0,6.0,6.0,1,S2360514,7798853,,,,0,,,6.0,reference only,6.0,6.0,1
2024-02-07,4.43,4.43,4.43,1,S2360514,7798853,,,,0,,,4.43,reference only,4.43,4.43,1
2024-02-08,12.1,12.1,12.1,1,S2360514,7798853,,,,0,,,12.1,reference only,12.1,12.1,1
2024-02-09,8.48,8.48,8.48,1,S2360514,7798853,,,,0,,,8.48,reference only,8.48,8.48,1
2024-02-10,11.7,11.7,11.7,1,S2360514,7798853,,,,0,,,11.7,reference only,11.7,11.7,1
2024-02-11,15.9,15.9,15.9,1,S2360514,7798853,,,,0,,,15.9,reference only,15.9,15.9,1
2024-02-12,4.44,4.44,4.44,1,S2360514,7798853,,,,0,,,4.44,reference only,4.44,4.44,1
2024-02-13,5.3,5.3,5.3,1,S2360514,7798853,,,,0,,,5.3,reference only,5.3,5.3,1
2024-02-14,3.32,3.32,3.32,1,S2360514,7798853,,,,0,,,3.32,reference only,3.32,3.32,1
2024-02-15,4.55,4.55,4.55,1,S2360514,7798853,,,,0,,,4.55,reference only,4.55,4.55,1
2024-02-16,3.48,3.48,3.48,1,S2360514,7798853,,,,0,,,3.48,reference only,3.48,3.48,1
2024-02-17,3.47,3.47,3.47,1,S2360514,7798853,,,,0,,,3.47,reference only,3.47,3.47,1
2024-02-18,4.0,4.0,4.0,1,S2360514,7798853,,,,0,,,4.0,reference only,4.0,4.0,1
2024-02-19,6.57,6.57,6.57,1,S2360514,7798853,,,,0,,,6.57,reference only,6.57,6.57,1
2024-02-20,4.61,4.61,4.61,1,S2360514,7798853,,,,0,,,4.61,reference only,4.61,4.61,1
2024-02-21,4.35,4.35,4.35,1,S2360514,7798853,,,,0,,,4.35,reference only,4.35,4.35,1
2024-02-22,15.9,15.9,15.9,1,S2360514,7798853,,,,0,,,15.9,reference only,15.9,15.9,1
2024-02-23,12.1,12.1,12.1,1,S2360514,7798853,,,,0,,,12.1,reference only,12.1,12.1,1
2024-02-24,8.61,8.61,8.61,1,S2360514,7798853,,,,0,,,8.61,reference only,8.61,8.61,1
2024-02-25,8.0,8.0,8.0,1,S2360514,7798853,,,,0,,,8.0,reference only,8.0,8.0,1
2024-02-26,10.6,10.6,10.6,1,S2360514,7798853,,,,0,,,10.6,reference only,10.6,10.6,1
2024-02-27,18.4,18.4,18.4,1,S2360514,7798853,,,,0,,,18.4,reference only,18.4,18.4,1
2024-02-28,11.7,11.7,11.7,1,S2360514,7798853,,,,0,,,11.7,reference only,11.7,11.7,1
2024-02-29,4.68,4.68,4.68,1,S2360514,7798853,,,,0,,,4.68,reference only,4.68,4.68,1
2024-03-01,9.78,9.78,9.78,1,S2360514,7798853,,,,0,,,9.78,reference only,9.78,9.78,1
2024-03-02,13.2,13.2,13.2,1,S2360514,7798853,,,,0,,,13.2,reference only,13.2,13.2,1
2024-03-03,9.43,9.43,9.43,1,S2360514,7798853,,,,0,,,9.43,reference only,9.43,9.43,1
2024-03-04,19.6,19.6,19.6,1,S2360514,7798853,,,,0,,,19.6,reference only,19.6,19.6,1
2024-03-05,29.7,29.7,29.7,1,S2360514,7798853,,,,0,,,29.7,reference only,29.7,29.7,1
2024-03-06,19.7,19.7,19.7,1,S2360514,7798853,,,,0,,,19.7,reference only,19.7,19.7,1
2024-03-07,17.1,17.1,17.1,1,S2360514,7798853,,,,0,,,17.1,reference only,17.1,17.1,1
2024-03-08,30.0,30.0,30.0,1,S2360514,7798853,,,,0,,,30.0,reference only,30.0,30.0,1
2024-03-09,8.07,8.07,8.07,1,S2360514,7798853,,,,0,,,8.07,reference only,8.07,8.07,1
2024-03-10,2.87,2.87,2.87,1,S2360514,7798853,,,,0,,,2.87,reference only,2.87,2.87,1
2024-03-11,2.75,2.75,2.75,1,S2360514,7798853,,,,0,,,2.75,reference only,2.75,2.75,1
2024-03-12,4.42,4.42,4.42,1,S2360514,7798853,,,,0,,,4.42,reference only,4.42,4.42,1
2024-03-13,9.65,9.65,9.65,1,S2360514,7798853,,,,0,,,9.65,reference only,9.65,9.65,1
2024-03-14,20.2,20.2,20.2,1,S2360514,7798853,,,,0,,,20.2,reference only,20.2,20.2,1
2024-03-15,16.0,16.0,16.0,1,S2360514,7798853,,,,0,,,16.0,reference only,16.0,16.0,1
2024-03-16,10.2,10.2,10.2,1,S2360514,7798853,,,,0,,,10.2,reference only,10.2,10.2,1
2024-03-17,13.5,13.5,13.5,1,S2360514,7798853,,,,0,,,13.5,reference only,13.5,13.5,1
2024-03-18,6.09,6.09,6.09,1,S2360514,7798853,,,,0,,,6.09,reference only,6.09,6.09,1
2024-03-19,,,,0,,,,,,0,,,,,,,0
2024-03-20,,,,0,,,,,,0,,,,,,,0
2024-03-21,5.13,5.13,5.13,1,S2360514,7798853,,,,0,,,5.13,reference only,5.13,5.13,1
2024-03-22,5.55,5.55,5.55,1,S2360514,7798853,,,,0,,,5.55,reference only,5.55,5.55,1
2024-03-23,8.17,8.17,8.17,1,S2360514,7798853,,,,0,,,8.17,reference only,8.17,8.17,1
2024-03-24,7.67,7.67,7.67,1,S2360514,7798853,,,,0,,,7.67,reference only,7.67,7.67,1
2024-03-25,16.8,16.8,16.8,1,S2360514,7798853,,,,0,,,16.8,reference only,16.8,16.8,1
2024-03-26,10.9,10.9,10.9,1,S2360514,7798853,,,,0,,,10.9,reference only,10.9,10.9,1
2024-03-27,4.96,4.96,4.96,1,S2360514,7798853,,,,0,,,4.96,reference only,4.96,4.96,1
2024-03-28,4.64,4.64,4.64,1,S2360514,7798853,,,,0,,,4.64,reference only,4.64,4.64,1
2024-03-29,4.0,4.0,4.0,1,S2360514,7798853,,,,0,,,4.0,reference only,4.0,4.0,1
2024-03-30,4.96,4.96,4.96,1,S2360514,7798853,,,,0,,,4.96,reference only,4.96,4.96,1
2024-03-31,14.0,14.0,14.0,1,S2360514,7798853,,,,0,,,14.0,reference only,14.0,14.0,1
2024-04-01,24.0,24.0,24.0,1,S2360514,7798853,,,,0,,,24.0,reference only,24.0,24.0,1
2024-04-02,17.3,17.3,17.3,1,S2360514,7798853,,,,0,,,17.3,reference only,17.3,17.3,1
2024-04-03,3.12,3.12,3.12,1,S2360514,7798853,,,,0,,,3.12,reference only,3.12,3.12,1
2024-04-04,5.21,5.21,5.21,1,S2360514,7798853,,,,0,,,5.21,reference only,5.21,5.21,1
2024-04-05,4.48,4.48,4.48,1,S2360514,7798853,,,,0,,,4.48,reference only,4.48,4.48,1
2024-04-06,5.46,5.46,5.46,1,S2360514,7798853,,,,0,,,5.46,reference only,5.46,5.46,1
2024-04-07,17.7,17.7,17.7,1,S2360514,7798853,,,,0,,,17.7,reference only,17.7,17.7,1
2024-04-08,18.1,18.1,18.1,1,S2360514,7798853,,,,0,,,18.1,reference only,18.1,18.1,1
2024-04-09,22.0,22.0,22.0,1,S2360514,7798853,,,,0,,,22.0,reference only,22.0,22.0,1
2024-04-10,14.0,14.0,14.0,1,S2360514,7798853,,,,0,,,14.0,reference only,14.0,14.0,1
2024-04-11,5.05,5.05,5.05,1,S2360514,7798853,,,,0,,,5.05,reference only,5.05,5.05,1
2024-04-12,6.52,6.52,6.52,1,S2360514,7798853,,,,0,,,6.52,reference only,6.52,6.52,1
2024-04-13,5.79,5.79,5.79,1,S2360514,7798853,,,,0,,,5.79,reference only,5.79,5.79,1
2024-04-14,7.22,7.22,7.22,1,S2360514,7798853,,,,0,,,7.22,reference only,7.22,7.22,1
2024-04-15,12.7,12.7,12.7,1,S2360514,7798853,,,,0,,,12.7,reference only,12.7,12.7,1
2024-04-16,19.4,19.4,19.4,1,S2360514,7798853,,,,0,,,19.4,reference only,19.4,19.4,1
2024-04-17,15.3,15.3,15.3,1,S2360514,7798853,,,,0,,,15.3,reference only,15.3,15.3,1
2024-04-18,13.0,13.0,13.0,1,S2360514,7798853,,,,0,,,13.0,reference only,13.0,13.0,1
2024-04-19,16.1,16.1,16.1,1,S2360514,7798853,,,,0,,,16.1,reference only,16.1,16.1,1
2024-04-20,13.7,13.7,13.7,1,S2360514,7798853,,,,0,,,13.7,reference only,13.7,13.7,1
2024-04-21,8.25,8.25,8.25,1,S2360514,7798853,,,,0,,,8.25,reference only,8.25,8.25,1
2024-04-22,5.0,5.0,5.0,1,S2360514,7798853,,,,0,,,5.0,reference only,5.0,5.0,1
2024-04-23,4.58,4.58,4.58,1,S2360514,7798853,,,,0,,,4.58,reference only,4.58,4.58,1
2024-04-24,8.38,8.38,8.38,1,S2360514,7798853,,,,0,,,8.38,reference only,8.38,8.38,1
2024-04-25,15.8,15.8,15.8,1,S2360514,7798853,,,,0,,,15.8,reference only,15.8,15.8,1
2024-04-26,19.5,19.5,19.5,1,S2360514,7798853,,,,0,,,19.5,reference only,19.5,19.5,1
2024-04-27,21.0,21.0,21.0,1,S2360514,7798853,,,,0,,,21.0,reference only,21.0,21.0,1
2024-04-28,18.9,18.9,18.9,1,S2360514,7798853,,,,0,,,18.9,reference only,18.9,18.9,1
2024-04-29,22.4,22.4,22.4,1,S2360514,7798853,,,,0,,,22.4,reference only,22.4,22.4,1
2024-04-30,12.2,12.2,12.2,1,S2360514,7798853,,,,0,,,12.2,reference only,12.2,12.2,1
2024-05-01,17.3,17.3,17.3,1,S2360514,7798853,,,,0,,,17.3,reference only,17.3,17.3,1
2024-05-02,19.4,19.4,19.4,1,S2360514,7798853,,,,0,,,19.4,reference only,19.4,19.4,1
2024-05-03,19.0,19.0,19.0,1,S2360514,7798853,,,,0,,,19.0,reference only,19.0,19.0,1
2024-05-04,14.7,14.7,14.7,1,S2360514,7798853,,,,0,,,14.7,reference only,14.7,14.7,1
2024-05-05,12.9,12.9,12.9,1,S2360514,7798853,,,,0,,,12.9,reference only,12.9,12.9,1
2024-05-06,14.0,14.0,14.0,1,S2360514,7798853,,,,0,,,14.0,reference only,14.0,14.0,1
2024-05-07,28.1,28.1,28.1,1,S2360514,7798853,,,,0,,,28.1,reference only,28.1,28.1,1
2024-05-08,42.7,42.7,42.7,1,S2360514,7798853,,,,0,,,42.7,reference only,42.7,42.7,1
2024-05-09,42.0,42.0,42.0,1,S2360514,7798853,,,,0,,,42.0,reference only,42.0,42.0,1
2024-05-10,45.6,45.6,45.6,1,S2360514,7798853,,,,0,,,45.6,reference only,45.6,45.6,1
2024-05-11,22.1,22.1,22.1,1,S2360514,7798853,,,,0,,,22.1,reference only,22.1,22.1,1
2024-05-12,27.4,27.4,27.4,1,S2360514,7798853,,,,0,,,27.4,reference only,27.4,27.4,1
2024-05-13,35.1,35.1,35.1,1,S2360514,7798853,,,,0,,,35.1,reference only,35.1,35.1,1
2024-05-14,12.0,12.0,12.0,1,S2360514,7798853,,,,0,,,12.0,reference only,12.0,12.0,1
2024-05-15,24.6,24.6,24.6,1,S2360514,7798853,,,,0,,,24.6,reference only,24.6,24.6,1
2024-05-16,41.7,41.7,41.7,1,S2360514,7798853,,,,0,,,41.7,reference only,41.7,41.7,1
2024-05-17,33.8,33.8,33.8,1,S2360514,7798853,,,,0,,,33.8,reference only,33.8,33.8,1
2024-05-18,27.6,27.6,27.6,1,S2360514,7798853,,,,0,,,27.6,reference only,27.6,27.6,1
2024-05-19,36.8,36.8,36.8,1,S2360514,7798853,,,,0,,,36.8,reference only,36.8,36.8,1
2024-05-20,34.4,34.4,34.4,1,S2360514,7798853,,,,0,,,34.4,reference only,34.4,34.4,1
2024-05-21,34.7,34.7,34.7,1,S2360514,7798853,,,,0,,,34.7,reference only,34.7,34.7,1
2024-05-22,25.3,25.3,25.3,1,S2360514,7798853,,,,0,,,25.3,reference only,25.3,25.3,1
2024-05-23,,,,0,,,,,,0,,,,,,,0
2024-05-24,30.5,30.5,30.5,1,S2360514,7798853,,,,0,,,30.5,reference only,30.5,30.5,1
2024-05-25,29.4,29.4,29.4,1,S2360514,7798853,,,,0,,,29.4,reference only,29.4,29.4,1
2024-05-26,43.3,43.3,43.3,1,S2360514,7798853,,,,0,,,43.3,reference only,43.3,43.3,1
2024-05-27,50.5,50.5,50.5,1,S2360514,7798853,,,,0,,,50.5,reference only,50.5,50.5,1
2024-05-28,28.8,28.8,28.8,1,S2360514,7798853,,,,0,,,28.8,reference only,28.8,28.8,1
2024-05-29,18.1,18.1,18.1,1,S2360514,7798853,,,,0,,,18.1,reference only,18.1,18.1,1
2024-05-30,19.4,19.4,19.4,1,S2360514,7798853,,,,0,,,19.4,reference only,19.4,19.4,1
2024-05-31,21.5,21.5,21.5,1,S2360514,7798853,,,,0,,,21.5,reference only,21.5,21.5,1
2024-06-01,20.8,20.8,20.8,1,S2360514,7798853,,,,0,,,20.8,reference only,20.8,20.8,1
2024-06-02,20.5,20.5,20.5,1,S2360514,7798853,,,,0,,,20.5,reference only,20.5,20.5,1
2024-06-03,25.5,25.5,25.5,1,S2360514,7798853,,,,0,,,25.5,reference only,25.5,25.5,1
2024-06-04,33.6,33.6,33.6,1,S2360514,7798853,,,,0,,,33.6,reference only,33.6,33.6,1
2024-06-05,43.7,43.7,43.7,1,S2360514,7798853,,,,0,,,43.7,reference only,43.7,43.7,1
2024-06-06,32.9,32.9,32.9,1,S2360514,7798853,,,,0,,,32.9,reference only,32.9,32.9,1
2024-06-07,14.5,14.5,14.5,1,S2360514,7798853,,,,0,,,14.5,reference only,14.5,14.5,1
2024-06-08,11.8,11.8,11.8,1,S2360514,7798853,,,,0,,,11.8,reference only,11.8,11.8,1
2024-06-09,11.2,11.2,11.2,1,S2360514,7798853,,,,0,,,11.2,reference only,11.2,11.2,1
2024-06-10,15.7,15.7,15.7,1,S2360514,7798853,,,,0,,,15.7,reference only,15.7,15.7,1
2024-06-11,8.13,8.13,8.13,1,S2360514,7798853,,,,0,,,8.13,reference only,8.13,8.13,1
2024-06-12,3.7,3.7,3.7,1,S2360514,7798853,,,,0,,,3.7,reference only,3.7,3.7,1
2024-06-13,3.18,3.18,3.18,1,S2360514,7798853,,,,0,,,3.18,reference only,3.18,3.18,1
2024-06-14,3.95,3.95,3.95,1,S2360514,7798853,,,,0,,,3.95,reference only,3.95,3.95,1
2024-06-15,6.25,6.25,6.25,1,S2360514,7798853,,,,0,,,6.25,reference only,6.25,6.25,1
2024-06-16,4.45,4.45,4.45,1,S2360514,7798853,,,,0,,,4.45,reference only,4.45,4.45,1
2024-06-17,5.55,5.55,5.55,1,S2360514,7798853,,,,0,,,5.55,reference only,5.55,5.55,1
2024-06-18,5.65,5.65,5.65,1,S2360514,7798853,,,,0,,,5.65,reference only,5.65,5.65,1
2024-06-19,5.42,5.42,5.42,1,S2360514,7798853,,,,0,,,5.42,reference only,5.42,5.42,1
2024-06-20,9.96,9.96,9.96,1,S2360514,7798853,,,,0,,,9.96,reference only,9.96,9.96,1
2024-06-21,6.17,6.17,6.17,1,S2360514,7798853,,,,0,,,6.17,reference only,6.17,6.17,1
2024-06-22,4.88,4.88,4.88,1,S2360514,7798853,,,,0,,,4.88,reference only,4.88,4.88,1
2024-06-23,5.74,5.74,5.74,1,S2360514,7798853,,,,0,,,5.74,reference only,5.74,5.74,1
2024-06-24,4.83,4.83,4.83,1,S2360514,7798853,,,,0,,,4.83,reference only,4.83,4.83,1
2024-06-25,3.95,3.95,3.95,1,S2360514,7798853,,,,0,,,3.95,reference only,3.95,3.95,1
2024-06-26,5.5,5.5,5.5,1,S2360514,7798853,,,,0,,,5.5,reference only,5.5,5.5,1
2024-06-27,10.3,10.3,10.3,1,S2360514,7798853,,,,0,,,10.3,reference only,10.3,10.3,1
2024-06-28,11.9,11.9,11.9,1,S2360514,7798853,,,,0,,,11.9,reference only,11.9,11.9,1
2024-06-29,7.04,7.04,7.04,1,S2360514,7798853,,,,0,,,7.04,reference only,7.04,7.04,1
2024-06-30,12.7,12.7,12.7,1,S2360514,7798853,,,,0,,,12.7,reference only,12.7,12.7,1
2024-07-01,19.9,19.9,19.9,1,S2360514,7798853,,,,0,,,19.9,reference only,19.9,19.9,1
2024-07-02,15.9,15.9,15.9,1,S2360514,7798853,,,,0,,,15.9,reference only,15.9,15.9,1
2024-07-03,9.57,9.57,9.57,1,S2360514,7798853,,,,0,,,9.57,reference only,9.57,9.57,1
2024-07-04,11.8,11.8,11.8,1,S2360514,7798853,,,,0,,,11.8,reference only,11.8,11.8,1
2024-07-05,12.5,12.5,12.5,1,S2360514,7798853,,,,0,,,12.5,reference only,12.5,12.5,1
2024-07-06,8.46,8.46,8.46,1,S2360514,7798853,,,,0,,,8.46,reference only,8.46,8.46,1
2024-07-07,8.0,8.0,8.0,1,S2360514,7798853,,,,0,,,8.0,reference only,8.0,8.0,1
2024-07-08,11.0,11.0,11.0,1,S2360514,7798853,,,,0,,,11.0,reference only,11.0,11.0,1
2024-07-09,5.26,5.26,5.26,1,S2360514,7798853,,,,0,,,5.26,reference only,5.26,5.26,1
2024-07-10,6.0,6.0,6.0,1,S2360514,7798853,,,,0,,,6.0,reference only,6.0,6.0,1
2024-07-11,7.75,7.75,7.75,1,S2360514,7798853,,,,0,,,7.75,reference only,7.75,7.75,1
2024-07-12,12.8,12.8,12.8,1,S2360514,7798853,,,,0,,,12.8,reference only,12.8,12.8,1
2024-07-13,14.4,14.4,14.4,1,S2360514,7798853,,,,0,,,14.4,reference only,14.4,14.4,1
2024-07-14,11.7,11.7,11.7,1,S2360514,7798853,,,,0,,,11.7,reference only,11.7,11.7,1
2024-07-15,17.0,17.0,17.0,1,S2360514,7798853,,,,0,,,17.0,reference only,17.0,17.0,1
2024-07-16,10.1,10.1,10.1,1,S2360514,7798853,,,,0,,,10.1,reference only,10.1,10.1,1
2024-07-17,6.54,6.54,6.54,1,S2360514,7798853,,,,0,,,6.54,reference only,6.54,6.54,1
2024-07-18,9.38,9.38,9.38,1,S2360514,7798853,,,,0,,,9.38,reference only,9.38,9.38,1
2024-07-19,12.8,12.8,12.8,1,S2360514,7798853,,,,0,,,12.8,reference only,12.8,12.8,1
2024-07-20,7.26,7.26,7.26,1,S2360514,7798853,,,,0,,,7.26,reference only,7.26,7.26,1
2024-07-21,5.87,5.87,5.87,1,S2360514,7798853,,,,0,,,5.87,reference only,5.87,5.87,1
2024-07-22,9.21,9.21,9.21,1,S2360514,7798853,,,,0,,,9.21,reference only,9.21,9.21,1
2024-07-23,8.05,8.05,8.05,1,S2360514,7798853,,,,0,,,8.05,reference only,8.05,8.05,1
2024-07-24,5.5,5.5,5.5,1,S2360514,7798853,,,,0,,,5.5,reference only,5.5,5.5,1
2024-07-25,9.61,9.61,9.61,1,S2360514,7798853,,,,0,,,9.61,reference only,9.61,9.61,1
2024-07-26,10.0,10.0,10.0,1,S2360514,7798853,,,,0,,,10.0,reference only,10.0,10.0,1
2024-07-27,5.63,5.63,5.63,1,S2360514,7798853,,,,0,,,5.63,reference only,5.63,5.63,1
2024-07-28,5.92,5.92,5.92,1,S2360514,7798853,,,,0,,,5.92,reference only,5.92,5.92,1
2024-07-29,10.3,10.3,10.3,1,S2360514,7798853,,,,0,,,10.3,reference only,10.3,10.3,1
2024-07-30,24.3,24.3,24.3,1,S2360514,7798853,,,,0,,,24.3,reference only,24.3,24.3,1
2024-07-31,32.8,32.8,32.8,1,S2360514,7798853,,,,0,,,32.8,reference only,32.8,32.8,1
2024-08-01,10.5,10.5,10.5,1,S2360514,7798853,,,,0,,,10.5,reference only,10.5,10.5,1
2024-08-02,2.89,2.89,2.89,1,S2360514,7798853,,,,0,,,2.89,reference only,2.89,2.89,1
2024-08-03,11.6,11.6,11.6,1,S2360514,7798853,,,,0,,,11.6,reference only,11.6,11.6,1
2024-08-04,14.7,14.7,14.7,1,S2360514,7798853,,,,0,,,14.7,reference only,14.7,14.7,1
2024-08-05,9.64,9.64,9.64,1,S2360514,7798853,,,,0,,,9.64,reference only,9.64,9.64,1
2024-08-06,4.48,4.48,4.48,1,S2360514,7798853,,,,0,,,4.48,reference only,4.48,4.48,1
2024-08-07,5.75,5.75,5.75,1,S2360514,7798853,,,,0,,,5.75,reference only,5.75,5.75,1
2024-08-08,7.04,7.04,7.04,1,S2360514,7798853,,,,0,,,7.04,reference only,7.04,7.04,1
2024-08-09,5.0,5.0,5.0,1,S2360514,7798853,,,,0,,,5.0,reference only,5.0,5.0,1
2024-08-10,6.33,6.33,6.33,1,S2360514,7798853,,,,0,,,6.33,reference only,6.33,6.33,1
2024-08-11,8.63,8.63,8.63,1,S2360514,7798853,,,,0,,,8.63,reference only,8.63,8.63,1
2024-08-12,5.29,5.29,5.29,1,S2360514,7798853,,,,0,,,5.29,reference only,5.29,5.29,1
2024-08-13,7.96,7.96,7.96,1,S2360514,7798853,,,,0,,,7.96,reference only,7.96,7.96,1
2024-08-14,6.91,6.91,6.91,1,S2360514,7798853,,,,0,,,6.91,reference only,6.91,6.91,1
2024-08-15,7.25,7.25,7.25,1,S2360514,7798853,,,,0,,,7.25,reference only,7.25,7.25,1
2024-08-16,,,,0,,,,,,0,,,,,,,0
2024-08-17,,,,0,,,,,,0,,,,,,,0
2024-08-18,,,,0,,,,,,0,,,,,,,0
2024-08-19,,,,0,,,,,,0,,,,,,,0
2024-08-20,,,,0,,,,,,0,,,,,,,0
2024-08-21,,,,0,,,,,,0,,,,,,,0
2024-08-22,,,,0,,,,,,0,,,,,,,0
2024-08-23,,,,0,,,,,,0,,,,,,,0
2024-08-24,6.23,6.23,6.23,1,S2360514,7798853,,,,0,,,6.23,reference only,6.23,6.23,1
2024-08-25,4.04,4.04,4.04,1,S2360514,7798853,,,,0,,,4.04,reference only,4.04,4.04,1
2024-08-26,5.52,5.52,5.52,1,S2360514,7798853,,,,0,,,5.52,reference only,5.52,5.52,1
2024-08-27,4.8,4.8,4.8,1,S2360514,7798853,,,,0,,,4.8,reference only,4.8,4.8,1
2024-08-28,2.94,2.94,2.94,1,S2360514,7798853,,,,0,,,2.94,reference only,2.94,2.94,1
2024-08-29,2.79,2.79,2.79,1,S2360514,7798853,,,,0,,,2.79,reference only,2.79,2.79,1
2024-08-30,4.43,4.43,4.43,1,S2360514,7798853,,,,0,,,4.43,reference only,4.43,4.43,1
2024-08-31,4.68,4.68,4.68,1,S2360514,7798853,,,,0,,,4.68,reference only,4.68,4.68,1
2024-09-01,7.35,7.35,7.35,1,S2360514,7798853,,,,0,,,7.35,reference only,7.35,7.35,1
2024-09-02,4.05,4.05,4.05,1,S2360514,7798853,,,,0,,,4.05,reference only,4.05,4.05,1
2024-09-03,5.41,5.41,5.41,1,S2360514,7798853,,,,0,,,5.41,reference only,5.41,5.41,1
2024-09-04,3.8,3.8,3.8,1,S2360514,7798853,,,,0,,,3.8,reference only,3.8,3.8,1
2024-09-05,3.06,3.06,3.06,1,S2360514,7798853,,,,0,,,3.06,reference only,3.06,3.06,1
2024-09-06,,,,0,,,,,,0,,,,,,,0
2024-09-07,,,,0,,,,,,0,,,,,,,0
2024-09-08,,,,0,,,,,,0,,,,,,,0
2024-09-09,,,,0,,,,,,0,,,,,,,0
2024-09-10,,,,0,,,,,,0,,,,,,,0
2024-09-11,,,,0,,,,,,0,,,,,,,0
2024-09-12,,,,0,,,,,,0,,,,,,,0
2024-09-13,,,,0,,,,,,0,,,,,,,0
2024-09-14,9.47,9.47,9.47,1,S2360514,7798853,,,,0,,,9.47,reference only,9.47,9.47,1
2024-09-15,6.59,6.59,6.59,1,S2360514,7798853,,,,0,,,6.59,reference only,6.59,6.59,1
2024-09-16,3.69,3.69,3.69,1,S2360514,7798853,,,,0,,,3.69,reference only,3.69,3.69,1
2024-09-17,5.71,5.71,5.71,1,S2360514,7798853,,,,0,,,5.71,reference only,5.71,5.71,1
2024-09-18,3.92,3.92,3.92,1,S2360514,7798853,,,,0,,,3.92,reference only,3.92,3.92,1
2024-09-19,4.94,4.94,4.94,1,S2360514,7798853,,,,0,,,4.94,reference only,4.94,4.94,1
2024-09-20,4.04,4.04,4.04,1,S2360514,7798853,,,,0,,,4.04,reference only,4.04,4.04,1
2024-09-21,3.01,3.01,3.01,1,S2360514,7798853,,,,0,,,3.01,reference only,3.01,3.01,1
2024-09-22,4.29,4.29,4.29,1,S2360514,7798853,,,,0,,,4.29,reference only,4.29,4.29,1
2024-09-23,4.37,4.37,4.37,1,S2360514,7798853,,,,0,,,4.37,reference only,4.37,4.37,1
2024-09-24,3.9,3.9,3.9,1,S2360514,7798853,,,,0,,,3.9,reference only,3.9,3.9,1
2024-09-25,4.52,4.52,4.52,1,S2360514,7798853,,,,0,,,4.52,reference only,4.52,4.52,1
2024-09-26,8.08,8.08,8.08,1,S2360514,7798853,,,,0,,,8.08,reference only,8.08,8.08,1
2024-09-27,10.3,10.3,10.3,1,S2360514,7798853,,,,0,,,10.3,reference only,10.3,10.3,1
2024-09-28,12.0,12.0,12.0,1,S2360514,7798853,,,,0,,,12.0,reference only,12.0,12.0,1
2024-09-29,9.79,9.79,9.79,1,S2360514,7798853,,,,0,,,9.79,reference only,9.79,9.79,1
2024-09-30,8.25,8.25,8.25,1,S2360514,7798853,,,,0,,,8.25,reference only,8.25,8.25,1
2024-10-01,6.17,6.17,6.17,1,S2360514,7798853,,,,0,,,6.17,reference only,6.17,6.17,1
2024-10-02,8.04,8.04,8.04,1,S2360514,7798853,,,,0,,,8.04,reference only,8.04,8.04,1
2024-10-03,5.96,5.96,5.96,1,S2360514,7798853,,,,0,,,5.96,reference only,5.96,5.96,1
2024-10-04,6.59,6.59,6.59,1,S2360514,7798853,,,,0,,,6.59,reference only,6.59,6.59,1
2024-10-05,2.95,2.95,2.95,1,S2360514,7798853,,,,0,,,2.95,reference only,2.95,2.95,1
2024-10-06,3.82,3.82,3.82,1,S2360514,7798853,,,,0,,,3.82,reference only,3.82,3.82,1
2024-10-07,6.88,6.88,6.88,1,S2360514,7798853,,,,0,,,6.88,reference only,6.88,6.88,1
2024-10-08,8.59,8.59,8.59,1,S2360514,7798853,,,,0,,,8.59,reference only,8.59,8.59,1
2024-10-09,10.8,10.8,10.8,1,S2360514,7798853,,,,0,,,10.8,reference only,10.8,10.8,1
2024-10-10,10.3,10.3,10.3,1,S2360514,7798853,,,,0,,,10.3,reference only,10.3,10.3,1
2024-10-11,11.9,11.9,11.9,1,S2360514,7798853,,,,0,,,11.9,reference only,11.9,11.9,1
2024-10-12,10.0,10.0,10.0,1,S2360514,7798853,,,,0,,,10.0,reference only,10.0,10.0,1
2024-10-13,9.0,9.0,9.0,1,S2360514,7798853,,,,0,,,9.0,reference only,9.0,9.0,1
2024-10-14,7.58,7.58,7.58,1,S2360514,7798853,,,,0,,,7.58,reference only,7.58,7.58,1
2024-10-15,5.61,5.61,5.61,1,S2360514,7798853,,,,0,,,5.61,reference only,5.61,5.61,1
2024-10-16,7.57,7.57,7.57,1,S2360514,7798853,,,,0,,,7.57,reference only,7.57,7.57,1
2024-10-17,6.35,6.35,6.35,1,S2360514,7798853,,,,0,,,6.35,reference only,6.35,6.35,1
2024-10-18,3.17,3.17,3.17,1,S2360514,7798853,,,,0,,,3.17,reference only,3.17,3.17,1
2024-10-19,4.57,4.57,4.57,1,S2360514,7798853,,,,0,,,4.57,reference only,4.57,4.57,1
2024-10-20,5.7,5.7,5.7,1,S2360514,7798853,,,,0,,,5.7,reference only,5.7,5.7,1
2024-10-21,5.17,5.17,5.17,1,S2360514,7798853,,,,0,,,5.17,reference only,5.17,5.17,1
2024-10-22,4.83,4.83,4.83,1,S2360514,7798853,,,,0,,,4.83,reference only,4.83,4.83,1
2024-10-23,4.92,4.92,4.92,1,S2360514,7798853,,,,0,,,4.92,reference only,4.92,4.92,1
2024-10-24,4.14,4.14,4.14,1,S2360514,7798853,,,,0,,,4.14,reference only,4.14,4.14,1
2024-10-25,5.29,5.29,5.29,1,S2360514,7798853,,,,0,,,5.29,reference only,5.29,5.29,1
2024-10-26,3.96,3.96,3.96,1,S2360514,7798853,,,,0,,,3.96,reference only,3.96,3.96,1
2024-10-27,5.64,5.64,5.64,1,S2360514,7798853,,,,0,,,5.64,reference only,5.64,5.64,1
2024-10-28,5.05,5.05,5.05,1,S2360514,7798853,,,,0,,,5.05,reference only,5.05,5.05,1
2024-10-29,6.13,6.13,6.13,1,S2360514,7798853,,,,0,,,6.13,reference only,6.13,6.13,1
2024-10-30,8.38,8.38,8.38,1,S2360514,7798853,,,,0,,,8.38,reference only,8.38,8.38,1
2024-10-31,6.0,6.0,6.0,1,S2360514,7798853,,,,0,,,6.0,reference only,6.0,6.0,1
2024-11-01,4.26,4.26,4.26,1,S2360514,7798853,,,,0,,,4.26,reference only,4.26,4.26,1
2024-11-02,6.42,6.42,6.42,1,S2360514,7798853,,,,0,,,6.42,reference only,6.42,6.42,1
2024-11-03,5.68,5.68,5.68,1,S2360514,7798853,,,,0,,,5.68,reference only,5.68,5.68,1
2024-11-04,14.5,14.5,14.5,1,S2360514,7798853,,,,0,,,14.5,reference only,14.5,14.5,1
2024-11-05,7.27,7.27,7.27,1,S2360514,7798853,,,,0,,,7.27,reference only,7.27,7.27,1
2024-11-06,12.0,12.0,12.0,1,S2360514,7798853,,,,0,,,12.0,reference only,12.0,12.0,1
2024-11-07,4.92,4.92,4.92,1,S2360514,7798853,,,,0,,,4.92,reference only,4.92,4.92,1
2024-11-08,3.46,3.46,3.46,1,S2360514,7798853,,,,0,,,3.46,reference only,3.46,3.46,1
2024-11-09,3.79,3.79,3.79,1,S2360514,7798853,,,,0,,,3.79,reference only,3.79,3.79,1
2024-11-10,7.17,7.17,7.17,1,S2360514,7798853,,,,0,,,7.17,reference only,7.17,7.17,1
2024-11-11,6.79,6.79,6.79,1,S2360514,7798853,,,,0,,,6.79,reference only,6.79,6.79,1
2024-11-12,10.4,10.4,10.4,1,S2360514,7798853,,,,0,,,10.4,reference only,10.4,10.4,1
2024-11-13,8.67,8.67,8.67,1,S2360514,7798853,,,,0,,,8.67,reference only,8.67,8.67,1
2024-11-14,4.78,4.78,4.78,1,S2360514,7798853,,,,0,,,4.78,reference only,4.78,4.78,1
2024-11-15,5.74,5.74,5.74,1,S2360514,7798853,,,,0,,,5.74,reference only,5.74,5.74,1
2024-11-16,6.46,6.46,6.46,1,S2360514,7798853,,,,0,,,6.46,reference only,6.46,6.46,1
2024-11-17,5.67,5.67,5.67,1,S2360514,7798853,,,,0,,,5.67,reference only,5.67,5.67,1
2024-11-18,8.5,8.5,8.5,1,S2360514,7798853,,,,0,,,8.5,reference only,8.5,8.5,1
2024-11-19,5.9,5.9,5.9,1,S2360514,7798853,,,,0,,,5.9,reference only,5.9,5.9,1
2024-11-20,8.14,8.14,8.14,1,S2360514,7798853,,,,0,,,8.14,reference only,8.14,8.14,1
2024-11-21,5.09,5.09,5.09,1,S2360514,7798853,,,,0,,,5.09,reference only,5.09,5.09,1
2024-11-22,6.77,6.77,6.77,1,S2360514,7798853,,,,0,,,6.77,reference only,6.77,6.77,1
2024-11-23,6.21,6.21,6.21,1,S2360514,7798853,,,,0,,,6.21,reference only,6.21,6.21,1
2024-11-24,3.78,3.78,3.78,1,S2360514,7798853,,,,0,,,3.78,reference only,3.78,3.78,1
2024-11-25,,,,0,,,,,,0,,,,,,,0
2024-11-26,9.5,9.5,9.5,1,S2360514,7798853,,,,0,,,9.5,reference only,9.5,9.5,1
2024-11-27,15.0,15.0,15.0,1,S2360514,7798853,,,,0,,,15.0,reference only,15.0,15.0,1
2024-11-28,6.96,6.96,6.96,1,S2360514,7798853,,,,0,,,6.96,reference only,6.96,6.96,1
2024-11-29,3.91,3.91,3.91,1,S2360514,7798853,,,,0,,,3.91,reference only,3.91,3.91,1
2024-11-30,5.75,5.75,5.75,1,S2360514,7798853,,,,0,,,5.75,reference only,5.75,5.75,1
2024-12-01,5.17,5.17,5.17,1,S2360514,7798853,,,,0,,,5.17,reference only,5.17,5.17,1
2024-12-02,5.29,5.29,5.29,1,S2360514,7798853,,,,0,,,5.29,reference only,5.29,5.29,1
2024-12-03,6.7,6.7,6.7,1,S2360514,7798853,,,,0,,,6.7,reference only,6.7,6.7,1
2024-12-04,8.67,8.67,8.67,1,S2360514,7798853,,,,0,,,8.67,reference only,8.67,8.67,1
2024-12-05,6.88,6.88,6.88,1,S2360514,7798853,,,,0,,,6.88,reference only,6.88,6.88,1
2024-12-06,5.0,5.0,5.0,1,S2360514,7798853,,,,0,,,5.0,reference only,5.0,5.0,1
2024-12-07,9.46,9.46,9.46,1,S2360514,7798853,,,,0,,,9.46,reference only,9.46,9.46,1
2024-12-08,11.4,11.4,11.4,1,S2360514,7798853,,,,0,,,11.4,reference only,11.4,11.4,1
2024-12-09,12.6,12.6,12.6,1,S2360514,7798853,,,,0,,,12.6,reference only,12.6,12.6,1
2024-12-10,12.8,12.8,12.8,1,S2360514,7798853,,,,0,,,12.8,reference only,12.8,12.8,1
2024-12-11,3.65,3.65,3.65,1,S2360514,7798853,,,,0,,,3.65,reference only,3.65,3.65,1
2024-12-12,4.17,4.17,4.17,1,S2360514,7798853,,,,0,,,4.17,reference only,4.17,4.17,1
2024-12-13,4.37,4.37,4.37,1,S2360514,7798853,,,,0,,,4.37,reference only,4.37,4.37,1
2024-12-14,4.65,4.65,4.65,1,S2360514,7798853,,,,0,,,4.65,reference only,4.65,4.65,1
2024-12-15,4.0,4.0,4.0,1,S2360514,7798853,,,,0,,,4.0,reference only,4.0,4.0,1
2024-12-16,4.29,4.29,4.29,1,S2360514,7798853,,,,0,,,4.29,reference only,4.29,4.29,1
2024-12-17,3.82,3.82,3.82,1,S2360514,7798853,,,,0,,,3.82,reference only,3.82,3.82,1
2024-12-18,5.18,5.18,5.18,1,S2360514,7798853,,,,0,,,5.18,reference only,5.18,5.18,1
2024-12-19,5.5,5.5,5.5,1,S2360514,7798853,,,,0,,,5.5,reference only,5.5,5.5,1
2024-12-20,8.0,8.0,8.0,1,S2360514,7798853,,,,0,,,8.0,reference only,8.0,8.0,1
2024-12-21,6.96,6.96,6.96,1,S2360514,7798853,,,,0,,,6.96,reference only,6.96,6.96,1
2024-12-22,3.96,3.96,3.96,1,S2360514,7798853,,,,0,,,3.96,reference only,3.96,3.96,1
2024-12-23,3.78,3.78,3.78,1,S2360514,7798853,,,,0,,,3.78,reference only,3.78,3.78,1
2024-12-24,5.67,5.67,5.67,1,S2360514,7798853,,,,0,,,5.67,reference only,5.67,5.67,1
2024-12-25,8.33,8.33,8.33,1,S2360514,7798853,,,,0,,,8.33,reference only,8.33,8.33,1
2024-12-26,12.6,12.6,12.6,1,S2360514,7798853,,,,0,,,12.6,reference only,12.6,12.6,1
2024-12-27,17.9,17.9,17.9,1,S2360514,7798853,,,,0,,,17.9,reference only,17.9,17.9,1
2024-12-28,24.3,24.3,24.3,1,S2360514,7798853,,,,0,,,24.3,reference only,24.3,24.3,1
2024-12-29,11.2,11.2,11.2,1,S2360514,7798853,,,,0,,,11.2,reference only,11.2,11.2,1
2024-12-30,15.7,15.7,15.7,1,S2360514,7798853,,,,0,,,15.7,reference only,15.7,15.7,1
2024-12-31,29.1,29.1,29.1,1,S2360514,7798853,,,,0,,,29.1,reference only,29.1,29.1,1
2025-01-01,13.0,13.0,13.0,1,S2360514,7798853,,,,0,,,13.0,reference only,13.0,13.0,1
2025-01-02,7.54,7.54,7.54,1,S2360514,7798853,,,,0,,,7.54,reference only,7.54,7.54,1
2025-01-03,8.92,8.92,8.92,1,S2360514,7798853,,,,0,,,8.92,reference only,8.92,8.92,1
2025-01-04,7.79,7.79,7.79,1,S2360514,7798853,,,,0,,,7.79,reference only,7.79,7.79,1
2025-01-05,10.0,10.0,10.0,1,S2360514,7798853,,,,0,,,10.0,reference only,10.0,10.0,1
2025-01-06,2.85,2.85,2.85,1,S2360514,7798853,,,,0,,,2.85,reference only,2.85,2.85,1
2025-01-07,3.58,3.58,3.58,1,S2360514,7798853,,,,0,,,3.58,reference only,3.58,3.58,1
2025-01-08,6.54,6.54,6.54,1,S2360514,7798853,,,,0,,,6.54,reference only,6.54,6.54,1
2025-01-09,7.71,7.71,7.71,1,S2360514,7798853,,,,0,,,7.71,reference only,7.71,7.71,1
2025-01-10,3.63,3.63,3.63,1,S2360514,7798853,,,,0,,,3.63,reference only,3.63,3.63,1
2025-01-11,7.57,7.57,7.57,1,S2360514,7798853,,,,0,,,7.57,reference only,7.57,7.57,1
2025-01-12,4.88,4.88,4.88,1,S2360514,7798853,,,,0,,,4.88,reference only,4.88,4.88,1
2025-01-13,6.61,6.61,6.61,1,S2360514,7798853,,,,0,,,6.61,reference only,6.61,6.61,1
2025-01-14,4.96,4.96,4.96,1,S2360514,7798853,,,,0,,,4.96,reference only,4.96,4.96,1
2025-01-15,3.87,3.87,3.87,1,S2360514,7798853,,,,0,,,3.87,reference only,3.87,3.87,1
2025-01-16,5.79,5.79,5.79,1,S2360514,7798853,,,,0,,,5.79,reference only,5.79,5.79,1
2025-01-17,9.0,9.0,9.0,1,S2360514,7798853,,,,0,,,9.0,reference only,9.0,9.0,1
2025-01-18,14.4,14.4,14.4,1,S2360514,7798853,,,,0,,,14.4,reference only,14.4,14.4,1
2025-01-19,4.89,4.89,4.89,1,S2360514,7798853,,,,0,,,4.89,reference only,4.89,4.89,1
2025-01-20,4.41,4.41,4.41,1,S2360514,7798853,,,,0,,,4.41,reference only,4.41,4.41,1
2025-01-21,5.33,5.33,5.33,1,S2360514,7798853,,,,0,,,5.33,reference only,5.33,5.33,1
2025-01-22,8.96,8.96,8.96,1,S2360514,7798853,,,,0,,,8.96,reference only,8.96,8.96,1
2025-01-23,6.04,6.04,6.04,1,S2360514,7798853,,,,0,,,6.04,reference only,6.04,6.04,1
2025-01-24,5.36,5.36,5.36,1,S2360514,7798853,,,,0,,,5.36,reference only,5.36,5.36,1
2025-01-25,5.7,5.7,5.7,1,S2360514,7798853,,,,0,,,5.7,reference only,5.7,5.7,1
2025-01-26,7.83,7.83,7.83,1,S2360514,7798853,,,,0,,,7.83,reference only,7.83,7.83,1
2025-01-27,7.42,7.42,7.42,1,S2360514,7798853,,,,0,,,7.42,reference only,7.42,7.42,1
2025-01-28,11.2,11.2,11.2,1,S2360514,7798853,,,,0,,,11.2,reference only,11.2,11.2,1
2025-01-29,9.04,9.04,9.04,1,S2360514,7798853,,,,0,,,9.04,reference only,9.04,9.04,1
2025-01-30,10.2,10.2,10.2,1,S2360514,7798853,,,,0,,,10.2,reference only,10.2,10.2,1
2025-01-31,6.75,6.75,6.75,1,S2360514,7798853,,,,0,,,6.75,reference only,6.75,6.75,1
2025-02-01,11.3,11.3,11.3,1,S2360514,7798853,,,,0,,,11.3,reference only,11.3,11.3,1
2025-02-02,6.13,6.13,6.13,1,S2360514,7798853,,,,0,,,6.13,reference only,6.13,6.13,1
2025-02-03,4.79,4.79,4.79,1,S2360514,7798853,,,,0,,,4.79,reference only,4.79,4.79,1
2025-02-04,8.79,8.79,8.79,1,S2360514,7798853,,,,0,,,8.79,reference only,8.79,8.79,1
2025-02-05,9.43,9.43,9.43,1,S2360514,7798853,,,,0,,,9.43,reference only,9.43,9.43,1
2025-02-06,12.6,12.6,12.6,1,S2360514,7798853,,,,0,,,12.6,reference only,12.6,12.6,1
2025-02-07,10.9,10.9,10.9,1,S2360514,7798853,,,,0,,,10.9,reference only,10.9,10.9,1
2025-02-08,9.88,9.88,9.88,1,S2360514,7798853,,,,0,,,9.88,reference only,9.88,9.88,1
2025-02-09,10.2,10.2,10.2,1,S2360514,7798853,,,,0,,,10.2,reference only,10.2,10.2,1
2025-02-10,9.38,9.38,9.38,1,S2360514,7798853,,,,0,,,9.38,reference only,9.38,9.38,1
2025-02-11,10.7,10.7,10.7,1,S2360514,7798853,,,,0,,,10.7,reference only,10.7,10.7,1
2025-02-12,16.3,16.3,16.3,1,S2360514,7798853,,,,0,,,16.3,reference only,16.3,16.3,1
2025-02-13,6.18,6.18,6.18,1,S2360514,7798853,,,,0,,,6.18,reference only,6.18,6.18,1
2025-02-14,11.9,11.9,11.9,1,S2360514,7798853,,,,0,,,11.9,reference only,11.9,11.9,1
2025-02-15,9.67,9.67,9.67,1,S2360514,7798853,,,,0,,,9.67,reference only,9.67,9.67,1
2025-02-16,6.3,6.3,6.3,1,S2360514,7798853,,,,0,,,6.3,reference only,6.3,6.3,1
2025-02-17,6.42,6.42,6.42,1,S2360514,7798853,,,,0,,,6.42,reference only,6.42,6.42,1
2025-02-18,6.29,6.29,6.29,1,S2360514,7798853,,,,0,,,6.29,reference only,6.29,6.29,1
2025-02-19,5.91,5.91,5.91,1,S2360514,7798853,,,,0,,,5.91,reference only,5.91,5.91,1
2025-02-20,7.83,7.83,7.83,1,S2360514,7798853,,,,0,,,7.83,reference only,7.83,7.83,1
2025-02-21,10.3,10.3,10.3,1,S2360514,7798853,,,,0,,,10.3,reference only,10.3,10.3,1
2025-02-22,8.5,8.5,8.5,1,S2360514,7798853,,,,0,,,8.5,reference only,8.5,8.5,1
2025-02-23,4.0,4.0,4.0,1,S2360514,7798853,,,,0,,,4.0,reference only,4.0,4.0,1
2025-02-24,7.36,7.36,7.36,1,S2360514,7798853,,,,0,,,7.36,reference only,7.36,7.36,1
2025-02-25,5.67,5.67,5.67,1,S2360514,7798853,,,,0,,,5.67,reference only,5.67,5.67,1
2025-02-26,3.58,3.58,3.58,1,S2360514,7798853,,,,0,,,3.58,reference only,3.58,3.58,1
2025-02-27,4.55,4.55,4.55,1,S2360514,7798853,,,,0,,,4.55,reference only,4.55,4.55,1
2025-02-28,5.46,5.46,5.46,1,S2360514,7798853,,,,0,,,5.46,reference only,5.46,5.46,1
2025-03-01,8.74,8.74,8.74,1,S2360514,7798853,,,,0,,,8.74,reference only,8.74,8.74,1
2025-03-02,5.79,5.79,5.79,1,S2360514,7798853,,,,0,,,5.79,reference only,5.79,5.79,1
2025-03-03,10.5,10.5,10.5,1,S2360514,7798853,,,,0,,,10.5,reference only,10.5,10.5,1
2025-03-04,24.1,24.1,24.1,1,S2360514,7798853,,,,0,,,24.1,reference only,24.1,24.1,1
2025-03-05,18.7,18.7,18.7,1,S2360514,7798853,,,,0,,,18.7,reference only,18.7,18.7,1
2025-03-06,13.1,13.1,13.1,1,S2360514,7798853,,,,0,,,13.1,reference only,13.1,13.1,1
2025-03-07,20.0,20.0,20.0,1,S2360514,7798853,,,,0,,,20.0,reference only,20.0,20.0,1
2025-03-08,28.6,28.6,28.6,1,S2360514,7798853,,,,0,,,28.6,reference only,28.6,28.6,1
2025-03-09,3.29,3.29,3.29,1,S2360514,7798853,,,,0,,,3.29,reference only,3.29,3.29,1
2025-03-10,8.43,8.43,8.43,1,S2360514,7798853,,,,0,,,8.43,reference only,8.43,8.43,1
2025-03-11,4.74,4.74,4.74,1,S2360514,7798853,,,,0,,,4.74,reference only,4.74,4.74,1
2025-03-12,8.96,8.96,8.96,1,S2360514,7798853,,,,0,,,8.96,reference only,8.96,8.96,1
2025-03-13,21.5,21.5,21.5,1,S2360514,7798853,,,,0,,,21.5,reference only,21.5,21.5,1
2025-03-14,41.6,41.6,41.6,1,S2360514,7798853,,,,0,,,41.6,reference only,41.6,41.6,1
2025-03-15,36.3,36.3,36.3,1,S2360514,7798853,,,,0,,,36.3,reference only,36.3,36.3,1
2025-03-16,18.9,18.9,18.9,1,S2360514,7798853,,,,0,,,18.9,reference only,18.9,18.9,1
2025-03-17,10.2,10.2,10.2,1,S2360514,7798853,,,,0,,,10.2,reference only,10.2,10.2,1
2025-03-18,7.96,7.96,7.96,1,S2360514,7798853,,,,0,,,7.96,reference only,7.96,7.96,1
2025-03-19,19.5,19.5,19.5,1,S2360514,7798853,,,,0,,,19.5,reference only,19.5,19.5,1
2025-03-20,5.45,5.45,5.45,1,S2360514,7798853,,,,0,,,5.45,reference only,5.45,5.45,1
2025-03-21,6.54,6.54,6.54,1,S2360514,7798853,,,,0,,,6.54,reference only,6.54,6.54,1
2025-03-22,6.17,6.17,6.17,1,S2360514,7798853,,,,0,,,6.17,reference only,6.17,6.17,1
2025-03-23,11.5,11.5,11.5,1,S2360514,7798853,,,,0,,,11.5,reference only,11.5,11.5,1
2025-03-24,13.4,13.4,13.4,1,S2360514,7798853,,,,0,,,13.4,reference only,13.4,13.4,1
2025-03-25,13.8,13.8,13.8,1,S2360514,7798853,,,,0,,,13.8,reference only,13.8,13.8,1
2025-03-26,9.04,9.04,9.04,1,S2360514,7798853,,,,0,,,9.04,reference only,9.04,9.04,1
2025-03-27,7.39,7.39,7.39,1,S2360514,7798853,,,,0,,,7.39,reference only,7.39,7.39,1
2025-03-28,7.67,7.67,7.67,1,S2360514,7798853,,,,0,,,7.67,reference only,7.67,7.67,1
2025-03-29,22.4,22.4,22.4,1,S2360514,7798853,,,,0,,,22.4,reference only,22.4,22.4,1
2025-03-30,27.7,27.7,27.7,1,S2360514,7798853,,,,0,,,27.7,reference only,27.7,27.7,1
2025-03-31,28.5,28.5,28.5,1,S2360514,7798853,,,,0,,,28.5,reference only,28.5,28.5,1
2025-04-01,16.3,16.3,16.3,1,S2360514,7798853,,,,0,,,16.3,reference only,16.3,16.3,1
2025-04-02,20.8,20.8,20.8,1,S2360514,7798853,,,,0,,,20.8,reference only,20.8,20.8,1
2025-04-03,18.8,18.8,18.8,1,S2360514,7798853,,,,0,,,18.8,reference only,18.8,18.8,1
2025-04-04,17.6,17.6,17.6,1,S2360514,7798853,,,,0,,,17.6,reference only,17.6,17.6,1
2025-04-05,12.3,12.3,12.3,1,S2360514,7798853,,,,0,,,12.3,reference only,12.3,12.3,1
2025-04-06,3.33,3.33,3.33,1,S2360514,7798853,,,,0,,,3.33,reference only,3.33,3.33,1
2025-04-07,3.24,3.24,3.24,1,S2360514,7798853,,,,0,,,3.24,reference only,3.24,3.24,1
2025-04-08,7.87,7.87,7.87,1,S2360514,7798853,,,,0,,,7.87,reference only,7.87,7.87,1
2025-04-09,6.42,6.42,6.42,1,S2360514,7798853,,,,0,,,6.42,reference only,6.42,6.42,1
2025-04-10,7.83,7.83,7.83,1,S2360514,7798853,,,,0,,,7.83,reference only,7.83,7.83,1
2025-04-11,6.78,6.78,6.78,1,S2360514,7798853,,,,0,,,6.78,reference only,6.78,6.78,1
2025-04-12,6.25,6.25,6.25,1,S2360514,7798853,,,,0,,,6.25,reference only,6.25,6.25,1
2025-04-13,5.92,5.92,5.92,1,S2360514,7798853,,,,0,,,5.92,reference only,5.92,5.92,1
2025-04-14,,,,0,,,,,,0,,,,,,,0
2025-04-15,9.42,9.42,9.42,1,S2360514,7798853,,,,0,,,9.42,reference only,9.42,9.42,1
2025-04-16,8.83,8.83,8.83,1,S2360514,7798853,,,,0,,,8.83,reference only,8.83,8.83,1
2025-04-17,7.63,7.63,7.63,1,S2360514,7798853,,,,0,,,7.63,reference only,7.63,7.63,1
2025-04-18,18.9,18.9,18.9,1,S2360514,7798853,,,,0,,,18.9,reference only,18.9,18.9,1
2025-04-19,17.1,17.1,17.1,1,S2360514,7798853,,,,0,,,17.1,reference only,17.1,17.1,1
2025-04-20,16.3,16.3,16.3,1,S2360514,7798853,,,,0,,,16.3,reference only,16.3,16.3,1
2025-04-21,11.5,11.5,11.5,1,S2360514,7798853,,,,0,,,11.5,reference only,11.5,11.5,1
2025-04-22,11.6,11.6,11.6,1,S2360514,7798853,,,,0,,,11.6,reference only,11.6,11.6,1
2025-04-23,13.9,13.9,13.9,1,S2360514,7798853,,,,0,,,13.9,reference only,13.9,13.9,1
2025-04-24,14.0,14.0,14.0,1,S2360514,7798853,,,,0,,,14.0,reference only,14.0,14.0,1
2025-04-25,16.3,16.3,16.3,1,S2360514,7798853,,,,0,,,16.3,reference only,16.3,16.3,1
2025-04-26,12.9,12.9,12.9,1,S2360514,7798853,,,,0,,,12.9,reference only,12.9,12.9,1
2025-04-27,13.7,13.7,13.7,1,S2360514,7798853,,,,0,,,13.7,reference only,13.7,13.7,1
2025-04-28,14.4,14.4,14.4,1,S2360514,7798853,,,,0,,,14.4,reference only,14.4,14.4,1
2025-04-29,12.1,12.1,12.1,1,S2360514,7798853,,,,0,,,12.1,reference only,12.1,12.1,1
2025-04-30,13.5,13.5,13.5,1,S2360514,7798853,,,,0,,,13.5,reference only,13.5,13.5,1
2025-05-01,13.3,13.3,13.3,1,S2360514,7798853,,,,0,,,13.3,reference only,13.3,13.3,1
2025-05-02,11.3,11.3,11.3,1,S2360514,7798853,,,,0,,,11.3,reference only,11.3,11.3,1
2025-05-03,11.7,11.7,11.7,1,S2360514,7798853,,,,0,,,11.7,reference only,11.7,11.7,1
2025-05-04,6.16,6.16,6.16,1,S2360514,7798853,,,,0,,,6.16,reference only,6.16,6.16,1
2025-05-05,12.2,12.2,12.2,1,S2360514,7798853,,,,0,,,12.2,reference only,12.2,12.2,1
2025-05-06,21.6,21.6,21.6,1,S2360514,7798853,,,,0,,,21.6,reference only,21.6,21.6,1
2025-05-07,22.2,22.2,22.2,1,S2360514,7798853,,,,0,,,22.2,reference only,22.2,22.2,1
2025-05-08,13.9,13.9,13.9,1,S2360514,7798853,,,,0,,,13.9,reference only,13.9,13.9,1
2025-05-09,5.36,5.36,5.36,1,S2360514,7798853,,,,0,,,5.36,reference only,5.36,5.36,1
2025-05-10,6.79,6.79,6.79,1,S2360514,7798853,,,,0,,,6.79,reference only,6.79,6.79,1
2025-05-11,8.29,8.29,8.29,1,S2360514,7798853,,,,0,,,8.29,reference only,8.29,8.29,1
2025-05-12,7.92,7.92,7.92,1,S2360514,7798853,,,,0,,,7.92,reference only,7.92,7.92,1
2025-05-13,8.71,8.71,8.71,1,S2360514,7798853,,,,0,,,8.71,reference only,8.71,8.71,1
2025-05-14,16.0,16.0,16.0,1,S2360514,7798853,,,,0,,,16.0,reference only,16.0,16.0,1
2025-05-15,15.7,15.7,15.7,1,S2360514,7798853,,,,0,,,15.7,reference only,15.7,15.7,1
2025-05-16,23.2,23.2,23.2,1,S2360514,7798853,,,,0,,,23.2,reference only,23.2,23.2,1
2025-05-17,24.6,24.6,24.6,1,S2360514,7798853,,,,0,,,24.6,reference only,24.6,24.6,1
2025-05-18,16.0,16.0,16.0,1,S2360514,7798853,,,,0,,,16.0,reference only,16.0,16.0,1
2025-05-19,24.0,24.0,24.0,1,S2360514,7798853,,,,0,,,24.0,reference only,24.0,24.0,1
2025-05-20,24.2,24.2,24.2,1,S2360514,7798853,,,,0,,,24.2,reference only,24.2,24.2,1
2025-05-21,18.1,18.1,18.1,1,S2360514,7798853,,,,0,,,18.1,reference only,18.1,18.1,1
2025-05-22,12.2,12.2,12.2,1,S2360514,7798853,,,,0,,,12.2,reference only,12.2,12.2,1
2025-05-23,11.0,11.0,11.0,1,S2360514,7798853,,,,0,,,11.0,reference only,11.0,11.0,1
2025-05-24,13.5,13.5,13.5,1,S2360514,7798853,,,,0,,,13.5,reference only,13.5,13.5,1
2025-05-25,20.3,20.3,20.3,1,S2360514,7798853,,,,0,,,20.3,reference only,20.3,20.3,1
2025-05-26,20.9,20.9,20.9,1,S2360514,7798853,,,,0,,,20.9,reference only,20.9,20.9,1
2025-05-27,19.0,19.0,19.0,1,S2360514,7798853,,,,0,,,19.0,reference only,19.0,19.0,1
2025-05-28,9.3,9.3,9.3,1,S2360514,7798853,,,,0,,,9.3,reference only,9.3,9.3,1
2025-05-29,11.9,11.9,11.9,1,S2360514,7798853,,,,0,,,11.9,reference only,11.9,11.9,1
2025-05-30,15.4,15.4,15.4,1,S2360514,7798853,,,,0,,,15.4,reference only,15.4,15.4,1
2025-05-31,7.21,7.21,7.21,1,S2360514,7798853,,,,0,,,7.21,reference only,7.21,7.21,1
2025-06-01,14.0,14.0,14.0,1,S2360514,7798853,,,,0,,,14.0,reference only,14.0,14.0,1
2025-06-02,20.7,20.7,20.7,1,S2360514,7798853,,,,0,,,20.7,reference only,20.7,20.7,1
2025-06-03,12.3,12.3,12.3,1,S2360514,7798853,,,,0,,,12.3,reference only,12.3,12.3,1
2025-06-04,7.75,7.75,7.75,1,S2360514,7798853,,,,0,,,7.75,reference only,7.75,7.75,1
2025-06-05,9.0,9.0,9.0,1,S2360514,7798853,,,,0,,,9.0,reference only,9.0,9.0,1
2025-06-06,,,,0,,,,,,0,,,,,,,0
2025-06-07,,,,0,,,,,,0,,,,,,,0
2025-06-08,12.0,12.0,12.0,1,S2360514,7798853,,,,0,,,12.0,reference only,12.0,12.0,1
2025-06-09,14.2,14.2,14.2,1,S2360514,7798853,,,,0,,,14.2,reference only,14.2,14.2,1
2025-06-10,9.38,9.38,9.38,1,S2360514,7798853,,,,0,,,9.38,reference only,9.38,9.38,1
2025-06-11,9.7,9.7,9.7,1,S2360514,7798853,,,,0,,,9.7,reference only,9.7,9.7,1
2025-06-12,11.9,11.9,11.9,1,S2360514,7798853,,,,0,,,11.9,reference only,11.9,11.9,1
2025-06-13,19.9,19.9,19.9,1,S2360514,7798853,,,,0,,,19.9,reference only,19.9,19.9,1
2025-06-14,15.6,15.6,15.6,1,S2360514,7798853,,,,0,,,15.6,reference only,15.6,15.6,1
2025-06-15,11.9,11.9,11.9,1,S2360514,7798853,,,,0,,,11.9,reference only,11.9,11.9,1
2025-06-16,9.96,9.96,9.96,1,S2360514,7798853,,,,0,,,9.96,reference only,9.96,9.96,1
2025-06-17,10.2,10.2,10.2,1,S2360514,7798853,,,,0,,,10.2,reference only,10.2,10.2,1
2025-06-18,10.1,10.1,10.1,1,S2360514,7798853,,,,0,,,10.1,reference only,10.1,10.1,1
2025-06-19,10.8,10.8,10.8,1,S2360514,7798853,,,,0,,,10.8,reference only,10.8,10.8,1
2025-06-20,4.95,4.95,4.95,1,S2360514,7798853,,,,0,,,4.95,reference only,4.95,4.95,1
2025-06-21,12.1,12.1,12.1,1,S2360514,7798853,,,,0,,,12.1,reference only,12.1,12.1,1
2025-06-22,12.6,12.6,12.6,1,S2360514,7798853,,,,0,,,12.6,reference only,12.6,12.6,1
2025-06-23,11.1,11.1,11.1,1,S2360514,7798853,,,,0,,,11.1,reference only,11.1,11.1,1
2025-06-24,8.67,8.67,8.67,1,S2360514,7798853,,,,0,,,8.67,reference only,8.67,8.67,1
2025-06-25,5.91,5.91,5.91,1,S2360514,7798853,,,,0,,,5.91,reference only,5.91,5.91,1
2025-06-26,6.39,6.39,6.39,1,S2360514,7798853,,,,0,,,6.39,reference only,6.39,6.39,1
2025-06-27,4.14,4.14,4.14,1,S2360514,7798853,,,,0,,,4.14,reference only,4.14,4.14,1
2025-06-28,4.79,4.79,4.79,1,S2360514,7798853,,,,0,,,4.79,reference only,4.79,4.79,1
2025-06-29,7.14,7.14,7.14,1,S2360514,7798853,,,,0,,,7.14,reference only,7.14,7.14,1
2025-06-30,7.79,7.79,7.79,1,S2360514,7798853,,,,0,,,7.79,reference only,7.79,7.79,1
2025-07-01,5.59,5.59,5.59,1,S2360514,7798853,,,,0,,,5.59,reference only,5.59,5.59,1
2025-07-02,6.08,6.08,6.08,1,S2360514,7798853,,,,0,,,6.08,reference only,6.08,6.08,1
2025-07-03,9.18,9.18,9.18,1,S2360514,7798853,,,,0,,,9.18,reference only,9.18,9.18,1
2025-07-04,19.4,19.4,19.4,1,S2360514,7798853,,,,0,,,19.4,reference only,19.4,19.4,1
2025-07-05,20.0,20.0,20.0,1,S2360514,7798853,,,,0,,,20.0,reference only,20.0,20.0,1
2025-07-06,14.5,14.5,14.5,1,S2360514,7798853,,,,0,,,14.5,reference only,14.5,14.5,1
2025-07-07,11.4,11.4,11.4,1,S2360514,7798853,,,,0,,,11.4,reference only,11.4,11.4,1
2025-07-08,7.67,7.67,7.67,1,S2360514,7798853,,,,0,,,7.67,reference only,7.67,7.67,1
2025-07-09,11.9,11.9,11.9,1,S2360514,7798853,,,,0,,,11.9,reference only,11.9,11.9,1
2025-07-10,11.1,11.1,11.1,1,S2360514,7798853,,,,0,,,11.1,reference only,11.1,11.1,1
2025-07-11,7.67,7.67,7.67,1,S2360514,7798853,,,,0,,,7.67,reference only,7.67,7.67,1
2025-07-12,8.79,8.79,8.79,1,S2360514,7798853,,,,0,,,8.79,reference only,8.79,8.79,1
2025-07-13,9.75,9.75,9.75,1,S2360514,7798853,,,,0,,,9.75,reference only,9.75,9.75,1
2025-07-14,12.3,12.3,12.3,1,S2360514,7798853,,,,0,,,12.3,reference only,12.3,12.3,1
2025-07-15,15.3,15.3,15.3,1,S2360514,7798853,,,,0,,,15.3,reference only,15.3,15.3,1
2025-07-16,18.5,18.5,18.5,1,S2360514,7798853,,,,0,,,18.5,reference only,18.5,18.5,1
2025-07-17,9.75,9.75,9.75,1,S2360514,7798853,,,,0,,,9.75,reference only,9.75,9.75,1
2025-07-18,9.58,9.58,9.58,1,S2360514,7798853,,,,0,,,9.58,reference only,9.58,9.58,1
2025-07-19,9.96,9.96,9.96,1,S2360514,7798853,,,,0,,,9.96,reference only,9.96,9.96,1
2025-07-20,9.08,9.08,9.08,1,S2360514,7798853,,,,0,,,9.08,reference only,9.08,9.08,1
2025-07-21,9.54,9.54,9.54,1,S2360514,7798853,,,,0,,,9.54,reference only,9.54,9.54,1
2025-07-22,8.33,8.33,8.33,1,S2360514,7798853,,,,0,,,8.33,reference only,8.33,8.33,1
2025-07-23,5.05,5.05,5.05,1,S2360514,7798853,,,,0,,,5.05,reference only,5.05,5.05,1
2025-07-24,5.04,5.04,5.04,1,S2360514,7798853,,,,0,,,5.04,reference only,5.04,5.04,1
2025-07-25,,,,0,,,,,,0,,,,,,,0
2025-07-26,,,,0,,,,,,0,,,,,,,0
2025-07-27,,,,0,,,,,,0,,,,,,,0
2025-07-28,13.8,13.8,13.8,1,S2360514,7798853,,,,0,,,13.8,reference only,13.8,13.8,1
2025-07-29,10.8,10.8,10.8,1,S2360514,7798853,,,,0,,,10.8,reference only,10.8,10.8,1
2025-07-30,11.2,11.2,11.2,1,S2360514,7798853,,,,0,,,11.2,reference only,11.2,11.2,1
2025-07-31,5.61,5.61,5.61,1,S2360514,7798853,,,,0,,,5.61,reference only,5.61,5.61,1
2025-08-01,5.09,5.09,5.09,1,S2360514,7798853,,,,0,,,5.09,reference only,5.09,5.09,1
2025-08-02,5.83,5.83,5.83,1,S2360514,7798853,,,,0,,,5.83,reference only,5.83,5.83,1
2025-08-03,7.13,7.13,7.13,1,S2360514,7798853,,,,0,,,7.13,reference only,7.13,7.13,1
2025-08-04,7.17,7.17,7.17,1,S2360514,7798853,,,,0,,,7.17,reference only,7.17,7.17,1
2025-08-05,7.61,7.61,7.61,1,S2360514,7798853,,,,0,,,7.61,reference only,7.61,7.61,1
2025-08-06,6.29,6.29,6.29,1,S2360514,7798853,,,,0,,,6.29,reference only,6.29,6.29,1
2025-08-07,6.79,6.79,6.79,1,S2360514,7798853,,,,0,,,6.79,reference only,6.79,6.79,1
2025-08-08,7.71,7.71,7.71,1,S2360514,7798853,,,,0,,,7.71,reference only,7.71,7.71,1
2025-08-09,7.89,7.89,7.89,1,S2360514,7798853,,,,0,,,7.89,reference only,7.89,7.89,1
2025-08-10,6.58,6.58,6.58,1,S2360514,7798853,,,,0,,,6.58,reference only,6.58,6.58,1
2025-08-11,5.63,5.63,5.63,1,S2360514,7798853,,,,0,,,5.63,reference only,5.63,5.63,1
2025-08-12,4.48,4.48,4.48,1,S2360514,7798853,,,,0,,,4.48,reference only,4.48,4.48,1
2025-08-13,13.0,13.0,13.0,1,S2360514,7798853,,,,0,,,13.0,reference only,13.0,13.0,1
2025-08-14,8.92,8.92,8.92,1,S2360514,7798853,,,,0,,,8.92,reference only,8.92,8.92,1
2025-08-15,5.0,5.0,5.0,1,S2360514,7798853,,,,0,,,5.0,reference only,5.0,5.0,1
2025-08-16,15.8,15.8,15.8,1,S2360514,7798853,,,,0,,,15.8,reference only,15.8,15.8,1
2025-08-17,6.43,6.43,6.43,1,S2360514,7798853,,,,0,,,6.43,reference only,6.43,6.43,1
2025-08-18,4.41,4.41,4.41,1,S2360514,7798853,,,,0,,,4.41,reference only,4.41,4.41,1
2025-08-19,6.23,6.23,6.23,1,S2360514,7798853,,,,0,,,6.23,reference only,6.23,6.23,1
2025-08-20,5.23,5.23,5.23,1,S2360514,7798853,,,,0,,,5.23,reference only,5.23,5.23,1
2025-08-21,6.29,6.29,6.29,1,S2360514,7798853,,,,0,,,6.29,reference only,6.29,6.29,1
2025-08-22,6.43,6.43,6.43,1,S2360514,7798853,,,,0,,,6.43,reference only,6.43,6.43,1
2025-08-23,5.9,5.9,5.9,1,S2360514,7798853,,,,0,,,5.9,reference only,5.9,5.9,1
2025-08-24,6.78,6.78,6.78,1,S2360514,7798853,,,,0,,,6.78,reference only,6.78,6.78,1
2025-08-25,7.55,7.55,7.55,1,S2360514,7798853,,,,0,,,7.55,reference only,7.55,7.55,1
2025-08-26,12.3,12.3,12.3,1,S2360514,7798853,,,,0,,,12.3,reference only,12.3,12.3,1
2025-08-27,8.3,8.3,8.3,1,S2360514,7798853,,,,0,,,8.3,reference only,8.3,8.3,1
2025-08-28,8.29,8.29,8.29,1,S2360514,7798853,,,,0,,,8.29,reference only,8.29,8.29,1
2025-08-29,10.1,10.1,10.1,1,S2360514,7798853,,,,0,,,10.1,reference only,10.1,10.1,1
2025-08-30,7.54,7.54,7.54,1,S2360514,7798853,,,,0,,,7.54,reference only,7.54,7.54,1
2025-08-31,11.2,11.2,11.2,1,S2360514,7798853,,,,0,,,11.2,reference only,11.2,11.2,1
2025-09-01,9.55,9.55,9.55,1,S2360514,7798853,,,,0,,,9.55,reference only,9.55,9.55,1
2025-09-02,9.3,9.3,9.3,1,S2360514,7798853,,,,0,,,9.3,reference only,9.3,9.3,1
2025-09-03,6.86,6.86,6.86,1,S2360514,7798853,,,,0,,,6.86,reference only,6.86,6.86,1
2025-09-04,5.43,5.43,5.43,1,S2360514,7798853,,,,0,,,5.43,reference only,5.43,5.43,1
2025-09-05,12.0,12.0,12.0,1,S2360514,7798853,,,,0,,,12.0,reference only,12.0,12.0,1
2025-09-06,16.7,16.7,16.7,1,S2360514,7798853,,,,0,,,16.7,reference only,16.7,16.7,1
2025-09-07,8.42,8.42,8.42,1,S2360514,7798853,,,,0,,,8.42,reference only,8.42,8.42,1
2025-09-08,4.0,4.0,4.0,1,S2360514,7798853,,,,0,,,4.0,reference only,4.0,4.0,1
2025-09-09,6.0,6.0,6.0,1,S2360514,7798853,,,,0,,,6.0,reference only,6.0,6.0,1
2025-09-10,4.55,4.55,4.55,1,S2360514,7798853,,,,0,,,4.55,reference only,4.55,4.55,1
2025-09-11,3.72,3.72,3.72,1,S2360514,7798853,,,,0,,,3.72,reference only,3.72,3.72,1
2025-09-12,5.58,5.58,5.58,1,S2360514,7798853,,,,0,,,5.58,reference only,5.58,5.58,1
2025-09-13,4.96,4.96,4.96,1,S2360514,7798853,,,,0,,,4.96,reference only,4.96,4.96,1
2025-09-14,7.71,7.71,7.71,1,S2360514,7798853,,,,0,,,7.71,reference only,7.71,7.71,1
2025-09-15,8.17,8.17,8.17,1,S2360514,7798853,,,,0,,,8.17,reference only,8.17,8.17,1
2025-09-16,5.48,5.48,5.48,1,S2360514,7798853,,,,0,,,5.48,reference only,5.48,5.48,1
2025-09-17,3.55,3.55,3.55,1,S2360514,7798853,,,,0,,,3.55,reference only,3.55,3.55,1
2025-09-18,3.62,3.62,3.62,1,S2360514,7798853,,,,0,,,3.62,reference only,3.62,3.62,1
2025-09-19,4.33,4.33,4.33,1,S2360514,7798853,,,,0,,,4.33,reference only,4.33,4.33,1
2025-09-20,4.17,4.17,4.17,1,S2360514,7798853,,,,0,,,4.17,reference only,4.17,4.17,1
2025-09-21,3.14,3.14,3.14,1,S2360514,7798853,,,,0,,,3.14,reference only,3.14,3.14,1
2025-09-22,3.7,3.7,3.7,1,S2360514,7798853,,,,0,,,3.7,reference only,3.7,3.7,1
2025-09-23,4.42,4.42,4.42,1,S2360514,7798853,,,,0,,,4.42,reference only,4.42,4.42,1
2025-09-24,4.77,4.77,4.77,1,S2360514,7798853,,,,0,,,4.77,reference only,4.77,4.77,1
2025-09-25,5.17,5.17,5.17,1,S2360514,7798853,,,,0,,,5.17,reference only,5.17,5.17,1
2025-09-26,4.7,4.7,4.7,1,S2360514,7798853,,,,0,,,4.7,reference only,4.7,4.7,1
2025-09-27,7.5,7.5,7.5,1,S2360514,7798853,,,,0,,,7.5,reference only,7.5,7.5,1
2025-09-28,7.26,7.26,7.26,1,S2360514,7798853,,,,0,,,7.26,reference only,7.26,7.26,1
2025-09-29,7.5,7.5,7.5,1,S2360514,7798853,,,,0,,,7.5,reference only,7.5,7.5,1
2025-09-30,8.33,8.33,8.33,1,S2360514,7798853,,,,0,,,8.33,reference only,8.33,8.33,1
2025-10-01,8.13,8.13,8.13,1,S2360514,7798853,,,,0,,,8.13,reference only,8.13,8.13,1
2025-10-02,10.4,10.4,10.4,1,S2360514,7798853,,,,0,,,10.4,reference only,10.4,10.4,1
2025-10-03,8.33,8.33,8.33,1,S2360514,7798853,,,,0,,,8.33,reference only,8.33,8.33,1
2025-10-04,5.9,5.9,5.9,1,S2360514,7798853,,,,0,,,5.9,reference only,5.9,5.9,1
2025-10-05,4.65,4.65,4.65,1,S2360514,7798853,,,,0,,,4.65,reference only,4.65,4.65,1
2025-10-06,5.09,5.09,5.09,1,S2360514,7798853,,,,0,,,5.09,reference only,5.09,5.09,1
2025-10-07,7.4,7.4,7.4,1,S2360514,7798853,,,,0,,,7.4,reference only,7.4,7.4,1
2025-10-08,5.41,5.41,5.41,1,S2360514,7798853,,,,0,,,5.41,reference only,5.41,5.41,1
2025-10-09,5.35,5.35,5.35,1,S2360514,7798853,,,,0,,,5.35,reference only,5.35,5.35,1
2025-10-10,8.46,8.46,8.46,1,S2360514,7798853,,,,0,,,8.46,reference only,8.46,8.46,1
2025-10-11,7.22,7.22,7.22,1,S2360514,7798853,,,,0,,,7.22,reference only,7.22,7.22,1
2025-10-12,11.1,11.1,11.1,1,S2360514,7798853,,,,0,,,11.1,reference only,11.1,11.1,1
2025-10-13,5.61,5.61,5.61,1,S2360514,7798853,,,,0,,,5.61,reference only,5.61,5.61,1
2025-10-14,3.65,3.65,3.65,1,S2360514,7798853,,,,0,,,3.65,reference only,3.65,3.65,1
2025-10-15,6.96,6.96,6.96,1,S2360514,7798853,,,,0,,,6.96,reference only,6.96,6.96,1
2025-10-16,9.13,9.13,9.13,1,S2360514,7798853,,,,0,,,9.13,reference only,9.13,9.13,1
2025-10-17,6.67,6.67,6.67,1,S2360514,7798853,,,,0,,,6.67,reference only,6.67,6.67,1
2025-10-18,7.0,7.0,7.0,1,S2360514,7798853,,,,0,,,7.0,reference only,7.0,7.0,1
2025-10-19,16.4,16.4,16.4,1,S2360514,7798853,,,,0,,,16.4,reference only,16.4,16.4,1
2025-10-20,9.21,9.21,9.21,1,S2360514,7798853,,,,0,,,9.21,reference only,9.21,9.21,1
2025-10-21,8.67,8.67,8.67,1,S2360514,7798853,,,,0,,,8.67,reference only,8.67,8.67,1
2025-10-22,8.42,8.42,8.42,1,S2360514,7798853,,,,0,,,8.42,reference only,8.42,8.42,1
2025-10-23,5.0,5.0,5.0,1,S2360514,7798853,,,,0,,,5.0,reference only,5.0,5.0,1
2025-10-24,4.74,4.74,4.74,1,S2360514,7798853,,,,0,,,4.74,reference only,4.74,4.74,1
2025-10-25,4.75,4.75,4.75,1,S2360514,7798853,,,,0,,,4.75,reference only,4.75,4.75,1
2025-10-26,10.4,10.4,10.4,1,S2360514,7798853,,,,0,,,10.4,reference only,10.4,10.4,1
2025-10-27,13.1,13.1,13.1,1,S2360514,7798853,,,,0,,,13.1,reference only,13.1,13.1,1
2025-10-28,5.38,5.38,5.38,1,S2360514,7798853,,,,0,,,5.38,reference only,5.38,5.38,1
2025-10-29,5.72,5.72,5.72,1,S2360514,7798853,,,,0,,,5.72,reference only,5.72,5.72,1
2025-10-30,8.5,8.5,8.5,1,S2360514,7798853,,,,0,,,8.5,reference only,8.5,8.5,1
2025-10-31,6.81,6.81,6.81,1,S2360514,7798853,,,,0,,,6.81,reference only,6.81,6.81,1
2025-11-01,7.41,7.41,7.41,1,S2360514,7798853,,,,0,,,7.41,reference only,7.41,7.41,1
2025-11-02,7.88,7.88,7.88,1,S2360514,7798853,,,,0,,,7.88,reference only,7.88,7.88,1
2025-11-03,6.35,6.35,6.35,1,S2360514,7798853,,,,0,,,6.35,reference only,6.35,6.35,1
2025-11-04,7.29,7.29,7.29,1,S2360514,7798853,,,,0,,,7.29,reference only,7.29,7.29,1
2025-11-05,13.0,13.0,13.0,1,S2360514,7798853,,,,0,,,13.0,reference only,13.0,13.0,1
2025-11-06,7.81,7.81,7.81,1,S2360514,7798853,,,,0,,,7.81,reference only,7.81,7.81,1
2025-11-07,10.7,10.7,10.7,1,S2360514,7798853,,,,0,,,10.7,reference only,10.7,10.7,1
2025-11-08,11.3,11.3,11.3,1,S2360514,7798853,,,,0,,,11.3,reference only,11.3,11.3,1
2025-11-09,7.79,7.79,7.79,1,S2360514,7798853,,,,0,,,7.79,reference only,7.79,7.79,1
2025-11-10,3.48,3.48,3.48,1,S2360514,7798853,,,,0,,,3.48,reference only,3.48,3.48,1
2025-11-11,5.96,5.96,5.96,1,S2360514,7798853,,,,0,,,5.96,reference only,5.96,5.96,1
2025-11-12,5.67,5.67,5.67,1,S2360514,7798853,,,,0,,,5.67,reference only,5.67,5.67,1
2025-11-13,,,,0,,,,,,0,,,,,,,0
2025-11-14,,,,0,,,,,,0,,,,,,,0
2025-11-15,,,,0,,,,,,0,,,,,,,0
2025-11-16,,,,0,,,,,,0,,,,,,,0
2025-11-17,,,,0,,,,,,0,,,,,,,0
2025-11-18,,,,0,,,,,,0,,,,,,,0
2025-11-19,,,,0,,,,,,0,,,,,,,0
2025-11-20,,,,0,,,,,,0,,,,,,,0
2025-11-21,8.42,8.42,8.42,1,S2360514,7798853,,,,0,,,8.42,reference only,8.42,8.42,1
2025-11-22,7.08,7.08,7.08,1,S2360514,7798853,,,,0,,,7.08,reference only,7.08,7.08,1
2025-11-23,4.5,4.5,4.5,1,S2360514,7798853,,,,0,,,4.5,reference only,4.5,4.5,1
2025-11-24,6.88,6.88,6.88,1,S2360514,7798853,,,,0,,,6.88,reference only,6.88,6.88,1
2025-11-25,8.71,8.71,8.71,1,S2360514,7798853,,,,0,,,8.71,reference only,8.71,8.71,1
2025-11-26,8.17,8.17,8.17,1,S2360514,7798853,,,,0,,,8.17,reference only,8.17,8.17,1
2025-11-27,4.96,4.96,4.96,1,S2360514,7798853,,,,0,,,4.96,reference only,4.96,4.96,1
2025-11-28,4.83,4.83,4.83,1,S2360514,7798853,,,,0,,,4.83,reference only,4.83,4.83,1
2025-11-29,6.67,6.67,6.67,1,S2360514,7798853,,,,0,,,6.67,reference only,6.67,6.67,1
2025-11-30,4.83,4.83,4.83,1,S2360514,7798853,,,,0,,,4.83,reference only,4.83,4.83,1
2025-12-01,6.04,6.04,6.04,1,S2360514,7798853,,,,0,,,6.04,reference only,6.04,6.04,1
2025-12-02,6.13,6.13,6.13,1,S2360514,7798853,,,,0,,,6.13,reference only,6.13,6.13,1
2025-12-03,13.1,13.1,13.1,1,S2360514,7798853,,,,0,,,13.1,reference only,13.1,13.1,1
2025-12-04,15.0,15.0,15.0,1,S2360514,7798853,,,,0,,,15.0,reference only,15.0,15.0,1
2025-12-05,11.2,11.2,11.2,1,S2360514,7798853,,,,0,,,11.2,reference only,11.2,11.2,1
2025-12-06,14.3,14.3,14.3,1,S2360514,7798853,,,,0,,,14.3,reference only,14.3,14.3,1
2025-12-07,13.4,13.4,13.4,1,S2360514,7798853,,,,0,,,13.4,reference only,13.4,13.4,1
2025-12-08,7.21,7.21,7.21,1,S2360514,7798853,,,,0,,,7.21,reference only,7.21,7.21,1
2025-12-09,9.38,9.38,9.38,1,S2360514,7798853,,,,0,,,9.38,reference only,9.38,9.38,1
2025-12-10,12.2,12.2,12.2,1,S2360514,7798853,,,,0,,,12.2,reference only,12.2,12.2,1
2025-12-11,8.67,8.67,8.67,1,S2360514,7798853,,,,0,,,8.67,reference only,8.67,8.67,1
2025-12-12,6.92,6.92,6.92,1,S2360514,7798853,,,,0,,,6.92,reference only,6.92,6.92,1
2025-12-13,7.29,7.29,7.29,1,S2360514,7798853,,,,0,,,7.29,reference only,7.29,7.29,1
2025-12-14,8.38,8.38,8.38,1,S2360514,7798853,,,,0,,,8.38,reference only,8.38,8.38,1
2025-12-15,9.79,9.79,9.79,1,S2360514,7798853,,,,0,,,9.79,reference only,9.79,9.79,1
2025-12-16,5.0,5.0,5.0,1,S2360514,7798853,,,,0,,,5.0,reference only,5.0,5.0,1
2025-12-17,4.6,4.6,4.6,1,S2360514,7798853,,,,0,,,4.6,reference only,4.6,4.6,1
2025-12-18,10.6,10.6,10.6,1,S2360514,7798853,,,,0,,,10.6,reference only,10.6,10.6,1
2025-12-19,5.88,5.88,5.88,1,S2360514,7798853,,,,0,,,5.88,reference only,5.88,5.88,1
2025-12-20,13.0,13.0,13.0,1,S2360514,7798853,,,,0,,,13.0,reference only,13.0,13.0,1
2025-12-21,5.54,5.54,5.54,1,S2360514,7798853,,,,0,,,5.54,reference only,5.54,5.54,1
2025-12-22,5.29,5.29,5.29,1,S2360514,7798853,,,,0,,,5.29,reference only,5.29,5.29,1
2025-12-23,5.08,5.08,5.08,1,S2360514,7798853,,,,0,,,5.08,reference only,5.08,5.08,1
2025-12-24,5.46,5.46,5.46,1,S2360514,7798853,,,,0,,,5.46,reference only,5.46,5.46,1
2025-12-25,6.04,6.04,6.04,1,S2360514,7798853,,,,0,,,6.04,reference only,6.04,6.04,1
2025-12-26,4.74,4.74,4.74,1,S2360514,7798853,,,,0,,,4.74,reference only,4.74,4.74,1
2025-12-27,5.65,5.65,5.65,1,S2360514,7798853,,,,0,,,5.65,reference only,5.65,5.65,1
2025-12-28,10.3,10.3,10.3,1,S2360514,7798853,,,,0,,,10.3,reference only,10.3,10.3,1
2025-12-29,5.27,5.27,5.27,1,S2360514,7798853,,,,0,,,5.27,reference only,5.27,5.27,1
2025-12-30,3.8,3.8,3.8,1,S2360514,7798853,,,,0,,,3.8,reference only,3.8,3.8,1
2025-12-31,13.8,13.8,13.8,1,S2360514,7798853,,,,0,,,13.8,reference only,13.8,13.8,1
2026-01-01,41.0,41.0,41.0,1,S2360514,7798853,,,,0,,,41.0,reference only,41.0,41.0,1
2026-01-02,8.0,8.0,8.0,1,S2360514,7798853,,,,0,,,8.0,reference only,8.0,8.0,1
2026-01-03,11.2,11.2,11.2,1,S2360514,7798853,,,,0,,,11.2,reference only,11.2,11.2,1
2026-01-04,10.0,10.0,10.0,1,S2360514,7798853,,,,0,,,10.0,reference only,10.0,10.0,1
2026-01-05,17.3,17.3,17.3,1,S2360514,7798853,,,,0,,,17.3,reference only,17.3,17.3,1
2026-01-06,19.2,19.2,19.2,1,S2360514,7798853,,,,0,,,19.2,reference only,19.2,19.2,1
2026-01-07,11.5,11.5,11.5,1,S2360514,7798853,,,,0,,,11.5,reference only,11.5,11.5,1
2026-01-08,15.3,15.3,15.3,1,S2360514,7798853,,,,0,,,15.3,reference only,15.3,15.3,1
2026-01-09,26.3,26.3,26.3,1,S2360514,7798853,,,,0,,,26.3,reference only,26.3,26.3,1
2026-01-10,6.3,6.3,6.3,1,S2360514,7798853,,,,0,,,6.3,reference only,6.3,6.3,1
2026-01-11,2.48,2.48,2.48,1,S2360514,7798853,,,,0,,,2.48,reference only,2.48,2.48,1
2026-01-12,2.5,2.5,2.5,1,S2360514,7798853,,,,0,,,2.5,reference only,2.5,2.5,1
2026-01-13,4.13,4.13,4.13,1,S2360514,7798853,,,,0,,,4.13,reference only,4.13,4.13,1
2026-01-14,6.04,6.04,6.04,1,S2360514,7798853,,,,0,,,6.04,reference only,6.04,6.04,1
2026-01-15,5.68,5.68,5.68,1,S2360514,7798853,,,,0,,,5.68,reference only,5.68,5.68,1
2026-01-16,10.8,10.8,10.8,1,S2360514,7798853,,,,0,,,10.8,reference only,10.8,10.8,1
2026-01-17,5.96,5.96,5.96,1,S2360514,7798853,,,,0,,,5.96,reference only,5.96,5.96,1
2026-01-18,7.17,7.17,7.17,1,S2360514,7798853,,,,0,,,7.17,reference only,7.17,7.17,1
2026-01-19,8.08,8.08,8.08,1,S2360514,7798853,,,,0,,,8.08,reference only,8.08,8.08,1
2026-01-20,6.33,6.33,6.33,1,S2360514,7798853,,,,0,,,6.33,reference only,6.33,6.33,1
2026-01-21,5.38,5.38,5.38,1,S2360514,7798853,,,,0,,,5.38,reference only,5.38,5.38,1
2026-01-22,5.4,5.4,5.4,1,S2360514,7798853,,,,0,,,5.4,reference only,5.4,5.4,1
2026-01-23,5.25,5.25,5.25,1,S2360514,7798853,,,,0,,,5.25,reference only,5.25,5.25,1
2026-01-24,7.86,7.86,7.86,1,S2360514,7798853,,,,0,,,7.86,reference only,7.86,7.86,1
2026-01-25,5.13,5.13,5.13,1,S2360514,7798853,,,,0,,,5.13,reference only,5.13,5.13,1
2026-01-26,5.17,5.17,5.17,1,S2360514,7798853,,,,0,,,5.17,reference only,5.17,5.17,1
2026-01-27,5.13,5.13,5.13,1,S2360514,7798853,,,,0,,,5.13,reference only,5.13,5.13,1
2026-01-28,5.29,5.29,5.29,1,S2360514,7798853,,,,0,,,5.29,reference only,5.29,5.29,1
2026-01-29,6.17,6.17,6.17,1,S2360514,7798853,,,,0,,,6.17,reference only,6.17,6.17,1
2026-01-30,7.42,7.42,7.42,1,S2360514,7798853,,,,0,,,7.42,reference only,7.42,7.42,1
2026-01-31,7.58,7.58,7.58,1,S2360514,7798853,,,,0,,,7.58,reference only,7.58,7.58,1
2026-02-01,6.13,6.13,6.13,1,S2360514,7798853,,,,0,,,6.13,reference only,6.13,6.13,1
2026-02-02,6.1,6.1,6.1,1,S2360514,7798853,,,,0,,,6.1,reference only,6.1,6.1,1
2026-02-03,6.88,6.88,6.88,1,S2360514,7798853,,,,0,,,6.88,reference only,6.88,6.88,1
2026-02-04,9.14,9.14,9.14,1,S2360514,7798853,,,,0,,,9.14,reference only,9.14,9.14,1
2026-02-05,5.14,5.14,5.14,1,S2360514,7798853,,,,0,,,5.14,reference only,5.14,5.14,1
2026-02-06,14.0,14.0,14.0,1,S2360514,7798853,,,,0,,,14.0,reference only,14.0,14.0,1
2026-02-07,10.8,10.8,10.8,1,S2360514,7798853,,,,0,,,10.8,reference only,10.8,10.8,1
2026-02-08,5.52,5.52,5.52,1,S2360514,7798853,,,,0,,,5.52,reference only,5.52,5.52,1
2026-02-09,8.86,8.86,8.86,1,S2360514,7798853,,,,0,,,8.86,reference only,8.86,8.86,1
2026-02-10,7.54,7.54,7.54,1,S2360514,7798853,,,,0,,,7.54,reference only,7.54,7.54,1
2026-02-11,8.88,8.88,8.88,1,S2360514,7798853,,,,0,,,8.88,reference only,8.88,8.88,1
2026-02-12,9.67,9.67,9.67,1,S2360514,7798853,,,,0,,,9.67,reference only,9.67,9.67,1
2026-02-13,8.38,8.38,8.38,1,S2360514,7798853,,,,0,,,8.38,reference only,8.38,8.38,1
2026-02-14,14.9,14.9,14.9,1,S2360514,7798853,,,,0,,,14.9,reference only,14.9,14.9,1
2026-02-15,8.92,8.92,8.92,1,S2360514,7798853,,,,0,,,8.92,reference only,8.92,8.92,1
2026-02-16,9.27,9.27,9.27,1,S2360514,7798853,,,,0,,,9.27,reference only,9.27,9.27,1
2026-02-17,5.71,5.71,5.71,1,S2360514,7798853,,,,0,,,5.71,reference only,5.71,5.71,1
2026-02-18,29.8,29.8,29.8,1,S2360514,7798853,,,,0,,,29.8,reference only,29.8,29.8,1
2026-02-19,46.5,46.5,46.5,1,S2360514,7798853,,,,0,,,46.5,reference only,46.5,46.5,1
2026-02-20,28.4,28.4,28.4,1,S2360514,7798853,,,,0,,,28.4,reference only,28.4,28.4,1
2026-02-21,17.6,17.6,17.6,1,S2360514,7798853,,,,0,,,17.6,reference only,17.6,17.6,1
2026-02-22,7.61,7.61,7.61,1,S2360514,7798853,,,,0,,,7.61,reference only,7.61,7.61,1
2026-02-23,5.86,5.86,5.86,1,S2360514,7798853,,,,0,,,5.86,reference only,5.86,5.86,1
2026-02-24,,,,0,,,,,,0,,,,,,,0
2026-02-25,9.79,9.79,9.79,1,S2360514,7798853,,,,0,,,9.79,reference only,9.79,9.79,1
2026-02-26,17.7,17.7,17.7,1,S2360514,7798853,,,,0,,,17.7,reference only,17.7,17.7,1
2026-02-27,23.7,23.7,23.7,1,S2360514,7798853,,,,0,,,23.7,reference only,23.7,23.7,1
2026-02-28,9.33,9.33,9.33,1,S2360514,7798853,,,,0,,,9.33,reference only,9.33,9.33,1
2026-03-01,6.92,6.92,6.92,1,S2360514,7798853,,,,0,,,6.92,reference only,6.92,6.92,1
2026-03-02,9.25,9.25,9.25,1,S2360514,7798853,,,,0,,,9.25,reference only,9.25,9.25,1
2026-03-03,10.8,10.8,10.8,1,S2360514,7798853,,,,0,,,10.8,reference only,10.8,10.8,1
2026-03-04,11.6,11.6,11.6,1,S2360514,7798853,,,,0,,,11.6,reference only,11.6,11.6,1
2026-03-05,8.63,8.63,8.63,1,S2360514,7798853,,,,0,,,8.63,reference only,8.63,8.63,1
2026-03-06,15.1,15.1,15.1,1,S2360514,7798853,,,,0,,,15.1,reference only,15.1,15.1,1
2026-03-07,13.5,13.5,13.5,1,S2360514,7798853,,,,0,,,13.5,reference only,13.5,13.5,1
2026-03-08,10.5,10.5,10.5,1,S2360514,7798853,,,,0,,,10.5,reference only,10.5,10.5,1
2026-03-09,11.7,11.7,11.7,1,S2360514,7798853,,,,0,,,11.7,reference only,11.7,11.7,1
2026-03-10,12.1,12.1,12.1,1,S2360514,7798853,,,,0,,,12.1,reference only,12.1,12.1,1
2026-03-11,13.0,13.0,13.0,1,S2360514,7798853,,,,0,,,13.0,reference only,13.0,13.0,1
2026-03-12,5.0,5.0,5.0,1,S2360514,7798853,,,,0,,,5.0,reference only,5.0,5.0,1
2026-03-13,6.65,6.65,6.65,1,S2360514,7798853,,,,0,,,6.65,reference only,6.65,6.65,1
2026-03-14,7.21,7.21,7.21,1,S2360514,7798853,,,,0,,,7.21,reference only,7.21,7.21,1
2026-03-15,24.8,24.8,24.8,1,S2360514,7798853,,,,0,,,24.8,reference only,24.8,24.8,1
2026-03-16,14.5,14.5,14.5,1,S2360514,7798853,,,,0,,,14.5,reference only,14.5,14.5,1
2026-03-17,4.35,4.35,4.35,1,S2360514,7798853,,,,0,,,4.35,reference only,4.35,4.35,1
2026-03-18,5.26,5.26,5.26,1,S2360514,7798853,,,,0,,,5.26,reference only,5.26,5.26,1
2026-03-19,6.74,6.74,6.74,1,S2360514,7798853,,,,0,,,6.74,reference only,6.74,6.74,1
2026-03-20,5.13,5.13,5.13,1,S2360514,7798853,,,,0,,,5.13,reference only,5.13,5.13,1
2026-03-21,5.08,5.08,5.08,1,S2360514,7798853,,,,0,,,5.08,reference only,5.08,5.08,1
2026-03-22,5.83,5.83,5.83,1,S2360514,7798853,,,,0,,,5.83,reference only,5.83,5.83,1
2026-03-23,7.17,7.17,7.17,1,S2360514,7798853,,,,0,,,7.17,reference only,7.17,7.17,1
2026-03-24,10.1,10.1,10.1,1,S2360514,7798853,,,,0,,,10.1,reference only,10.1,10.1,1
2026-03-25,8.42,8.42,8.42,1,S2360514,7798853,,,,0,,,8.42,reference only,8.42,8.42,1
2026-03-26,6.32,6.32,6.32,1,S2360514,7798853,,,,0,,,6.32,reference only,6.32,6.32,1
2026-03-27,7.88,7.88,7.88,1,S2360514,7798853,,,,0,,,7.88,reference only,7.88,7.88,1
2026-03-28,8.08,8.08,8.08,1,S2360514,7798853,,,,0,,,8.08,reference only,8.08,8.08,1
2026-03-29,11.3,11.3,11.3,1,S2360514,7798853,,,,0,,,11.3,reference only,11.3,11.3,1
2026-03-30,9.54,9.54,9.54,1,S2360514,7798853,,,,0,,,9.54,reference only,9.54,9.54,1
2026-03-31,9.54,9.54,9.54,1,S2360514,7798853,,,,0,,,9.54,reference only,9.54,9.54,1
2026-04-01,13.9,13.9,13.9,1,S2360514,7798853,,,,0,,,13.9,reference only,13.9,13.9,1
2026-04-02,11.3,11.3,11.3,1,S2360514,7798853,,,,0,,,11.3,reference only,11.3,11.3,1
2026-04-03,8.04,8.04,8.04,1,S2360514,7798853,,,,0,,,8.04,reference only,8.04,8.04,1
2026-04-04,7.83,7.83,7.83,1,S2360514,7798853,,,,0,,,7.83,reference only,7.83,7.83,1
2026-04-05,5.5,5.5,5.5,1,S2360514,7798853,,,,0,,,5.5,reference only,5.5,5.5,1
2026-04-06,6.21,6.21,6.21,1,S2360514,7798853,,,,0,,,6.21,reference only,6.21,6.21,1
2026-04-07,6.17,6.17,6.17,1,S2360514,7798853,,,,0,,,6.17,reference only,6.17,6.17,1
2026-04-08,4.71,4.71,4.71,1,S2360514,7798853,,,,0,,,4.71,reference only,4.71,4.71,1
2026-04-09,4.62,4.62,4.62,1,S2360514,7798853,,,,0,,,4.62,reference only,4.62,4.62,1
2026-04-10,4.3,4.3,4.3,1,S2360514,7798853,,,,0,,,4.3,reference only,4.3,4.3,1
2026-04-11,5.5,5.5,5.5,1,S2360514,7798853,,,,0,,,5.5,reference only,5.5,5.5,1
2026-04-12,9.33,9.33,9.33,1,S2360514,7798853,,,,0,,,9.33,reference only,9.33,9.33,1
2026-04-13,9.71,9.71,9.71,1,S2360514,7798853,,,,0,,,9.71,reference only,9.71,9.71,1
2026-04-14,10.1,10.1,10.1,1,S2360514,7798853,,,,0,,,10.1,reference only,10.1,10.1,1
2026-04-15,11.7,11.7,11.7,1,S2360514,7798853,,,,0,,,11.7,reference only,11.7,11.7,1
2026-04-16,12.6,12.6,12.6,1,S2360514,7798853,,,,0,,,12.6,reference only,12.6,12.6,1
2026-04-17,13.0,13.0,13.0,1,S2360514,7798853,,,,0,,,13.0,reference only,13.0,13.0,1
2026-04-18,10.4,10.4,10.4,1,S2360514,7798853,,,,0,,,10.4,reference only,10.4,10.4,1
2026-04-19,2.9,2.9,2.9,1,S2360514,7798853,,,,0,,,2.9,reference only,2.9,2.9,1
2026-04-20,4.33,4.33,4.33,1,S2360514,7798853,,,,0,,,4.33,reference only,4.33,4.33,1
2026-04-21,6.7,6.7,6.7,1,S2360514,7798853,,,,0,,,6.7,reference only,6.7,6.7,1
2026-04-22,8.5,8.5,8.5,1,S2360514,7798853,,,,0,,,8.5,reference only,8.5,8.5,1
2026-04-23,10.4,10.4,10.4,1,S2360514,7798853,,,,0,,,10.4,reference only,10.4,10.4,1
2026-04-24,17.3,17.3,17.3,1,S2360514,7798853,,,,0,,,17.3,reference only,17.3,17.3,1
2026-04-25,19.7,19.7,19.7,1,S2360514,7798853,,,,0,,,19.7,reference only,19.7,19.7,1
2026-04-26,16.0,16.0,16.0,1,S2360514,7798853,,,,0,,,16.0,reference only,16.0,16.0,1
2026-04-27,25.3,25.3,25.3,1,S2360514,7798853,,,,0,,,25.3,reference only,25.3,25.3,1
2026-04-28,21.0,21.0,21.0,1,S2360514,7798853,,,,0,,,21.0,reference only,21.0,21.0,1
2026-04-29,13.0,13.0,13.0,1,S2360514,7798853,,,,0,,,13.0,reference only,13.0,13.0,1
2026-04-30,13.0,13.0,13.0,1,S2360514,7798853,,,,0,,,13.0,reference only,13.0,13.0,1
2026-05-01,10.3,10.3,10.3,1,S2360514,7798853,,,,0,,,10.3,reference only,10.3,10.3,1
2026-05-02,4.04,4.04,4.04,1,S2360514,7798853,,,,0,,,4.04,reference only,4.04,4.04,1
2026-05-03,6.25,6.25,6.25,1,S2360514,7798853,,,,0,,,6.25,reference only,6.25,6.25,1
2026-05-04,6.79,6.79,6.79,1,S2360514,7798853,,,,0,,,6.79,reference only,6.79,6.79,1
2026-05-05,12.1,12.1,12.1,1,S2360514,7798853,,,,0,,,12.1,reference only,12.1,12.1,1
2026-05-06,29.5,29.5,29.5,1,S2360514,7798853,,,,0,,,29.5,reference only,29.5,29.5,1
2026-05-07,27.9,27.9,27.9,1,S2360514,7798853,,,,0,,,27.9,reference only,27.9,27.9,1
2026-05-08,12.8,12.8,12.8,1,S2360514,7798853,,,,0,,,12.8,reference only,12.8,12.8,1
2026-05-09,9.42,9.42,9.42,1,S2360514,7798853,,,,0,,,9.42,reference only,9.42,9.42,1
2026-05-10,11.3,11.3,11.3,1,S2360514,7798853,,,,0,,,11.3,reference only,11.3,11.3,1
2026-05-11,5.11,5.11,5.11,1,S2360514,7798853,,,,0,,,5.11,reference only,5.11,5.11,1
2026-05-12,5.33,5.33,5.33,1,S2360514,7798853,,,,0,,,5.33,reference only,5.33,5.33,1
2026-05-13,7.08,7.08,7.08,1,S2360514,7798853,,,,0,,,7.08,reference only,7.08,7.08,1
2026-05-14,4.96,4.96,4.96,1,S2360514,7798853,,,,0,,,4.96,reference only,4.96,4.96,1
2026-05-15,7.13,7.13,7.13,1,S2360514,7798853,,,,0,,,7.13,reference only,7.13,7.13,1
2026-05-16,8.38,8.38,8.38,1,S2360514,7798853,,,,0,,,8.38,reference only,8.38,8.38,1
2026-05-17,23.4,23.4,23.4,1,S2360514,7798853,,,,0,,,23.4,reference only,23.4,23.4,1
2026-05-18,18.5,18.5,18.5,1,S2360514,7798853,,,,0,,,18.5,reference only,18.5,18.5,1
2026-05-19,15.4,15.4,15.4,1,S2360514,7798853,,,,0,,,15.4,reference only,15.4,15.4,1
2026-05-20,11.0,11.0,11.0,1,S2360514,7798853,,,,0,,,11.0,reference only,11.0,11.0,1
2026-05-21,7.75,7.75,7.75,1,S2360514,7798853,,,,0,,,7.75,reference only,7.75,7.75,1
2026-05-22,10.5,10.5,10.5,1,S2360514,7798853,,,,0,,,10.5,reference only,10.5,10.5,1
2026-05-23,10.7,10.7,10.7,1,S2360514,7798853,,,,0,,,10.7,reference only,10.7,10.7,1
2026-05-24,10.1,10.1,10.1,1,S2360514,7798853,,,,0,,,10.1,reference only,10.1,10.1,1
2026-05-25,6.63,6.63,6.63,1,S2360514,7798853,,,,0,,,6.63,reference only,6.63,6.63,1
2026-05-26,8.0,8.0,8.0,1,S2360514,7798853,,,,0,,,8.0,reference only,8.0,8.0,1
2026-05-27,6.38,6.38,6.38,1,S2360514,7798853,,,,0,,,6.38,reference only,6.38,6.38,1
2026-05-28,5.58,5.58,5.58,1,S2360514,7798853,,,,0,,,5.58,reference only,5.58,5.58,1
2026-05-29,5.38,5.38,5.38,1,S2360514,7798853,,,,0,,,5.38,reference only,5.38,5.38,1
2026-05-30,4.83,4.83,4.83,1,S2360514,7798853,,,,0,,,4.83,reference only,4.83,4.83,1
2026-05-31,5.71,5.71,5.71,1,S2360514,7798853,,,,0,,,5.71,reference only,5.71,5.71,1
2026-06-01,14.0,14.0,14.0,1,S2360514,7798853,,,,0,,,14.0,reference only,14.0,14.0,1
2026-06-02,10.2,10.2,10.2,1,S2360514,7798853,,,,0,,,10.2,reference only,10.2,10.2,1
2026-06-03,5.0,5.0,5.0,1,S2360514,7798853,,,,0,,,5.0,reference only,5.0,5.0,1
2026-06-04,6.13,6.13,6.13,1,S2360514,7798853,,,,0,,,6.13,reference only,6.13,6.13,1
2026-06-05,6.75,6.75,6.75,1,S2360514,7798853,,,,0,,,6.75,reference only,6.75,6.75,1
2026-06-06,14.7,14.7,14.7,1,S2360514,7798853,,,,0,,,14.7,reference only,14.7,14.7,1
2026-06-07,13.3,13.3,13.3,1,S2360514,7798853,,,,0,,,13.3,reference only,13.3,13.3,1
2026-06-08,11.8,11.8,11.8,1,S2360514,7798853,,,,0,,,11.8,reference only,11.8,11.8,1
2026-06-09,10.4,10.4,10.4,1,S2360514,7798853,,,,0,,,10.4,reference only,10.4,10.4,1
2026-06-10,7.13,7.13,7.13,1,S2360514,7798853,,,,0,,,7.13,reference only,7.13,7.13,1
2026-06-11,5.95,5.95,5.95,1,S2360514,7798853,,,,0,,,5.95,reference only,5.95,5.95,1
2026-06-12,6.33,6.33,6.33,1,S2360514,7798853,,,,0,,,6.33,reference only,6.33,6.33,1
2026-06-13,9.67,9.67,9.67,1,S2360514,7798853,,,,0,,,9.67,reference only,9.67,9.67,1
2026-06-14,9.5,9.5,9.5,1,S2360514,7798853,,,,0,,,9.5,reference only,9.5,9.5,1
2026-06-15,11.8,11.8,11.8,1,S2360514,7798853,,,,0,,,11.8,reference only,11.8,11.8,1
2026-06-16,5.38,5.38,5.38,1,S2360514,7798853,,,,0,,,5.38,reference only,5.38,5.38,1
2026-06-17,18.2,18.2,18.2,1,S2360514,7798853,,,,0,,,18.2,reference only,18.2,18.2,1
2026-06-18,19.5,19.5,19.5,1,S2360514,7798853,,,,0,,,19.5,reference only,19.5,19.5,1
2026-06-19,15.9,15.9,15.9,1,S2360514,7798853,,,,0,,,15.9,reference only,15.9,15.9,1
2026-06-20,15.2,15.2,15.2,1,S2360514,7798853,,,,0,,,15.2,reference only,15.2,15.2,1
2026-06-21,19.1,19.1,19.1,1,S2360514,7798853,,,,0,,,19.1,reference only,19.1,19.1,1
2026-06-22,12.8,12.8,12.8,1,S2360514,7798853,,,,0,,,12.8,reference only,12.8,12.8,1
2026-06-23,18.7,18.7,18.7,1,S2360514,7798853,,,,0,,,18.7,reference only,18.7,18.7,1
2026-06-24,19.9,19.9,19.9,1,S2360514,7798853,,,,0,,,19.9,reference only,19.9,19.9,1
2026-06-25,14.2,14.2,14.2,1,S2360514,7798853,,,,0,,,14.2,reference only,14.2,14.2,1
2026-06-26,18.6,18.6,18.6,1,S2360514,7798853,,,,0,,,18.6,reference only,18.6,18.6,1
2026-06-27,12.8,12.8,12.8,1,S2360514,7798853,,,,0,,,12.8,reference only,12.8,12.8,1
2026-06-28,14.9,14.9,14.9,1,S2360514,7798853,,,,0,,,14.9,reference only,14.9,14.9,1
2026-06-29,17.7,17.7,17.7,1,S2360514,7798853,,,,0,,,17.7,reference only,17.7,17.7,1
2026-06-30,11.4,11.4,11.4,1,S2360514,7798853,,,,0,,,11.4,reference only,11.4,11.4,1
2026-07-01,9.08,9.08,9.08,1,S2360514,7798853,,,,0,,,9.08,reference only,9.08,9.08,1
2026-07-02,8.5,8.5,8.5,1,S2360514,7798853,,,,0,,,8.5,reference only,8.5,8.5,1
2026-07-03,6.92,6.92,6.92,1,S2360514,7798853,,,,0,,,6.92,reference only,6.92,6.92,1
2026-07-04,6.63,6.63,6.63,1,S2360514,7798853,,,,0,,,6.63,reference only,6.63,6.63,1
2026-07-05,7.5,7.5,7.5,1,S2360514,7798853,,,,0,,,7.5,reference only,7.5,7.5,1
2026-07-06,11.5,11.5,11.5,1,S2360514,7798853,,,,0,,,11.5,reference only,11.5,11.5,1
2026-07-07,10.5,10.5,10.5,1,S2360514,7798853,,,,0,,,10.5,reference only,10.5,10.5,1
2026-07-08,10.4,10.4,10.4,1,S2360514,7798853,,,,0,,,10.4,reference only,10.4,10.4,1
2026-07-09,11.2,11.2,11.2,1,S2360514,7798853,,,,0,,,11.2,reference only,11.2,11.2,1
2026-07-10,9.79,9.79,9.79,1,S2360514,7798853,,,,0,,,9.79,reference only,9.79,9.79,1
2026-07-11,14.9,14.9,14.9,1,S2360514,7798853,,,,0,,,14.9,reference only,14.9,14.9,1
2026-07-12,7.63,7.63,7.63,1,S2360514,7798853,,,,0,,,7.63,reference only,7.63,7.63,1
2026-07-13,23.4,23.4,23.4,1,S2360514,7798853,,,,0,,,23.4,reference only,23.4,23.4,1
2026-07-14,29.0,29.0,29.0,1,S2360514,7798853,,,,0,,,29.0,reference only,29.0,29.0,1
2026-07-15,24.3,24.3,24.3,1,S2360514,7798853,,,,0,,,24.3,reference only,24.3,24.3,1
2026-07-16,15.8,15.8,15.8,1,S2360514,7798853,,,,0,,,15.8,reference only,15.8,15.8,1
2026-07-17,14.3,14.3,14.3,1,S2360514,7798853,,,,0,,,14.3,reference only,14.3,14.3,1
2026-07-18,20.6,20.6,20.6,1,S2360514,7798853,,,,0,,,20.6,reference only,20.6,20.6,1
2026-07-19,24.0,24.0,24.0,1,S2360514,7798853,,,,0,,,24.0,reference only,24.0,24.0,1
2026-07-20,17.8,17.8,17.8,1,S2360514,7798853,,,,0,,,17.8,reference only,17.8,17.8,1
2026-07-21,19.0,19.0,19.0,1,S2360514,7798853,,,,0,,,19.0,reference only,19.0,19.0,1
2026-07-22,20.3,20.3,20.3,1,S2360514,7798853,,,,0,,,20.3,reference only,20.3,20.3,1
2026-07-23,18.2,18.2,18.2,1,S2360514,7798853,,,,0,,,18.2,reference only,18.2,18.2,1
2026-07-24,20.0,20.0,20.0,1,S2360514,7798853,,,,0,,,20.0,reference only,20.0,20.0,1
2026-07-25,14.8,14.8,14.8,1,S2360514,7798853,,,,0,,,14.8,reference only,14.8,14.8,1
2026-07-26,7.63,7.63,7.63,1,S2360514,7798853,,,,0,,,7.63,reference only,7.63,7.63,1
2026-07-27,11.8,11.8,11.8,1,S2360514,7798853,,,,0,,,11.8,reference only,11.8,11.8,1
2026-07-28,17.1,17.1,17.1,1,S2360514,7798853,,,,0,,,17.1,reference only,17.1,17.1,1
2026-07-29,12.4,12.4,12.4,1,S2360514,7798853,,,,0,,,12.4,reference only,12.4,12.4,1
2026-07-30,13.3,13.3,13.3,1,S2360514,7798853,,,,0,,,13.3,reference only,13.3,13.3,1
2026-07-31,9.33,9.33,9.33,1,S2360514,7798853,,,,0,,,9.33,reference only,9.33,9.33,1
2026-08-01,10.5,10.5,10.5,1,S2360514,7798853,,,,0,,,10.5,reference only,10.5,10.5,1
2026-08-02,12.2,12.2,12.2,1,S2360514,7798853,,,,0,,,12.2,reference only,12.2,12.2,1
2026-08-03,16.1,16.1,16.1,1,S2360514,7798853,,,,0,,,16.1,reference only,16.1,16.1,1
2026-08-04,20.0,20.0,20.0,1,S2360514,7798853,,,,0,,,20.0,reference only,20.0,20.0,1
2026-08-05,9.92,9.92,9.92,1,S2360514,7798853,,,,0,,,9.92,reference only,9.92,9.92,1
2026-08-06,9.75,9.75,9.75,1,S2360514,7798853,,,,0,,,9.75,reference only,9.75,9.75,1
2026-08-07,8.61,8.61,8.61,1,S2360514,7798853,,,,0,,,8.61,reference only,8.61,8.61,1
2026-08-08,5.92,5.92,5.92,1,S2360514,7798853,,,,0,,,5.92,reference only,5.92,5.92,1
2026-08-09,3.87,3.87,3.87,1,S2360514,7798853,,,,0,,,3.87,reference only,3.87,3.87,1
2026-08-10,9.75,9.75,9.75,1,S2360514,7798853,,,,0,,,9.75,reference only,9.75,9.75,1
2026-08-11,5.96,5.96,5.96,1,S2360514,7798853,,,,0,,,5.96,reference only,5.96,5.96,1
2026-08-12,11.0,11.0,11.0,1,S2360514,7798853,,,,0,,,11.0,reference only,11.0,11.0,1
2026-08-13,10.9,10.9,10.9,1,S2360514,7798853,,,,0,,,10.9,reference only,10.9,10.9,1
2026-08-14,15.4,15.4,15.4,1,S2360514,7798853,,,,0,,,15.4,reference only,15.4,15.4,1
2026-08-15,17.0,17.0,17.0,1,S2360514,7798853,,,,0,,,17.0,reference only,17.0,17.0,1
2026-08-16,8.17,8.17,8.17,1,S2360514,7798853,,,,0,,,8.17,reference only,8.17,8.17,1
2026-08-17,11.1,11.1,11.1,1,S2360514,7798853,,,,0,,,11.1,reference only,11.1,11.1,1
2026-08-18,12.5,12.5,12.5,1,S2360514,7798853,,,,0,,,12.5,reference only,12.5,12.5,1
2026-08-19,15.0,15.0,15.0,1,S2360514,7798853,,,,0,,,15.0,reference only,15.0,15.0,1
2026-08-20,14.5,14.5,14.5,1,S2360514,7798853,,,,0,,,14.5,reference only,14.5,14.5,1
2026-08-21,17.8,17.8,17.8,1,S2360514,7798853,,,,0,,,17.8,reference only,17.8,17.8,1
2026-08-22,19.0,19.0,19.0,1,S2360514,7798853,,,,0,,,19.0,reference only,19.0,19.0,1
2026-08-23,14.3,14.3,14.3,1,S2360514,7798853,,,,0,,,14.3,reference only,14.3,14.3,1
2026-08-24,13.6,13.6,13.6,1,S2360514,7798853,,,,0,,,13.6,reference only,13.6,13.6,1
2026-08-25,11.6,11.6,11.6,1,S2360514,7798853,,,,0,,,11.6,reference only,11.6,11.6,1
2026-08-26,17.3,17.3,17.3,1,S2360514,7798853,,,,0,,,17.3,reference only,17.3,17.3,1
2026-08-27,8.71,8.71,8.71,1,S2360514,7798853,,,,0,,,8.71,reference only,8.71,8.71,1
2026-08-28,11.2,11.2,11.2,1,S2360514,7798853,,,,0,,,11.2,reference only,11.2,11.2,1
2026-08-29,8.46,8.46,8.46,1,S2360514,7798853,,,,0,,,8.46,reference only,8.46,8.46,1
2026-08-30,14.3,14.3,14.3,1,S2360514,7798853,,,,0,,,14.3,reference only,14.3,14.3,1
2026-08-31,16.3,16.3,16.3,1,S2360514,7798853,,,,0,,,16.3,reference only,16.3,16.3,1
2026-09-01,8.08,8.08,8.08,1,S2360514,7798853,,,,0,,,8.08,reference only,8.08,8.08,1
2026-09-02,9.09,9.09,9.09,1,S2360514,7798853,,,,0,,,9.09,reference only,9.09,9.09,1
2026-09-03,9.71,9.71,9.71,1,S2360514,7798853,,,,0,,,9.71,reference only,9.71,9.71,1
2026-09-04,7.63,7.63,7.63,1,S2360514,7798853,,,,0,,,7.63,reference only,7.63,7.63,1
2026-09-05,8.75,8.75,8.75,1,S2360514,7798853,,,,0,,,8.75,reference only,8.75,8.75,1
2026-09-06,8.1,8.1,8.1,1,S2360514,7798853,,,,0,,,8.1,reference only,8.1,8.1,1
2026-09-07,6.23,6.23,6.23,1,S2360514,7798853,,,,0,,,6.23,reference only,6.23,6.23,1
2026-09-08,7.26,7.26,7.26,1,S2360514,7798853,,,,0,,,7.26,reference only,7.26,7.26,1
2026-09-09,6.05,6.05,6.05,1,S2360514,7798853,,,,0,,,6.05,reference only,6.05,6.05,1
2026-09-10,7.11,7.11,7.11,1,S2360514,7798853,,,,0,,,7.11,reference only,7.11,7.11,1
2026-09-11,8.42,8.42,8.42,1,S2360514,7798853,,,,0,,,8.42,reference only,8.42,8.42,1
2026-09-12,8.08,8.08,8.08,1,S2360514,7798853,8.096,5.51,9.06,10,S6533712; S6533713; S6533714; S6533715; S6533716; S6533717; S6533718; S6533719; S6533720; S6533721,17576526; 17576522; 17576528; 17576525; 17576527; 17576529; 17576524; 17576530; 17576531; 17576523,8.088,mean of reference and low-cost means,5.51,9.06,11
2026-09-13,6.25,6.25,6.25,1,S2360514,7798853,6.787,4.78,7.73,10,S6533712; S6533713; S6533714; S6533715; S6533716; S6533717; S6533718; S6533719; S6533720; S6533721,17576526; 17576522; 17576528; 17576525; 17576527; 17576529; 17576524; 17576530; 17576531; 17576523,6.5185,mean of reference and low-cost means,4.78,7.73,11
2026-09-14,14.8,14.8,14.8,1,S2360514,7798853,7.535,4.81,8.98,10,S6533712; S6533713; S6533714; S6533715; S6533716; S6533717; S6533718; S6533719; S6533720; S6533721,17576526; 17576522; 17576528; 17576525; 17576527; 17576529; 17576524; 17576530; 17576531; 17576523,11.1675,mean of reference and low-cost means,4.81,14.8,11
2026-09-15,33.6,33.6,33.6,1,S2360514,7798853,12.861,7.61,15.4,10,S6533712; S6533713; S6533714; S6533715; S6533716; S6533717; S6533718; S6533719; S6533720; S6533721,17576526; 17576522; 17576528; 17576525; 17576527; 17576529; 17576524; 17576530; 17576531; 17576523,23.2305,mean of reference and low-cost means,7.61,33.6,11
2026-09-16,21.2,21.2,21.2,1,S2360514,7798853,8.8033,6.03,11.2,3,S6533712; S6533714; S6533721,17576526; 17576528; 17576523,15.0017,mean of reference and low-cost means,6.03,21.2,4
2026-09-17,6.96,6.96,6.96,1,S2360514,7798853,,,,0,,,6.96,reference only,6.96,6.96,1
2026-09-18,4.96,4.96,4.96,1,S2360514,7798853,5.1386,4.57,5.56,7,S6533712; S6533713; S6533714; S6533715; S6533717; S6533719; S6533720,17576526; 17576522; 17576528; 17576525; 17576529; 17576530; 17576531,5.0493,mean of reference and low-cost means,4.57,5.56,8
2026-09-19,5.63,5.63,5.63,1,S2360514,7798853,5.258,3.8,6.45,10,S6533712; S6533713; S6533714; S6533715; S6533716; S6533717; S6533718; S6533719; S6533720; S6533721,17576526; 17576522; 17576528; 17576525; 17576527; 17576529; 17576524; 17576530; 17576531; 17576523,5.444,mean of reference and low-cost means,3.8,6.45,11
2026-09-20,,,,0,,,5.126,3.76,6.19,10,S6533712; S6533713; S6533714; S6533715; S6533716; S6533717; S6533718; S6533719; S6533720; S6533721,17576526; 17576522; 17576528; 17576525; 17576527; 17576529; 17576524; 17576530; 17576531; 17576523,5.126,low-cost only,3.76,6.19,10
2026-09-21,,,,0,,,4.275,3.27,5.07,10,S6533712; S6533713; S6533714; S6533715; S6533716; S6533717; S6533718; S6533719; S6533720; S6533721,17576526; 17576522; 17576528; 17576525; 17576527; 17576529; 17576524; 17576530; 17576531; 17576523,4.275,low-cost only,3.27,5.07,10
2026-09-22,6.41,6.41,6.41,1,S2360514,7798853,4.775,3.5,5.59,10,S6533712; S6533713; S6533714; S6533715; S6533716; S6533717; S6533718; S6533719; S6533720; S6533721,17576526; 17576522; 17576528; 17576525; 17576527; 17576529; 17576524; 17576530; 17576531; 17576523,5.5925,mean of reference and low-cost means,3.5,6.41,11
2026-09-23,7.48,7.48,7.48,1,S2360514,7798853,7.165,5.2,8.04,8,S6533712; S6533713; S6533714; S6533715; S6533718; S6533719; S6533720; S6533721,17576526; 17576522; 17576528; 17576525; 17576524; 17576530; 17576531; 17576523,7.3225,mean of reference and low-cost means,5.2,8.04,9
2026-09-24,4.38,4.38,4.38,1,S2360514,7798853,,,,0,,,4.38,reference only,4.38,4.38,1
2026-09-25,,,,0,,,5.654,4.27,6.4,10,S6533712; S6533713; S6533714; S6533715; S6533716; S6533717; S6533718; S6533719; S6533720; S6533721,17576526; 17576522; 17576528; 17576525; 17576527; 17576529; 17576524; 17576530; 17576531; 17576523,5.654,low-cost only,4.27,6.4,10
