date,ref_mean,ref_min,ref_max,ref_n_sites,ref_site_ids,ref_sensor_ids,lowcost_mean,lowcost_min,lowcost_max,lowcost_n_sites,lowcost_site_ids,lowcost_sensor_ids,all_mean,all_mean_basis,all_min,all_max,all_n_sites
2016-03-06,,,,0,,,,,,0,,,,,,,0
2016-03-07,,,,0,,,,,,0,,,,,,,0
2016-03-08,,,,0,,,,,,0,,,,,,,0
2016-03-09,,,,0,,,,,,0,,,,,,,0
2016-03-10,,,,0,,,,,,0,,,,,,,0
2016-03-11,,,,0,,,,,,0,,,,,,,0
2016-03-12,,,,0,,,,,,0,,,,,,,0
2016-03-13,,,,0,,,,,,0,,,,,,,0
2016-03-14,,,,0,,,,,,0,,,,,,,0
2016-03-15,,,,0,,,,,,0,,,,,,,0
2016-03-16,,,,0,,,,,,0,,,,,,,0
2016-03-17,,,,0,,,,,,0,,,,,,,0
2016-03-18,,,,0,,,,,,0,,,,,,,0
2016-03-19,,,,0,,,,,,0,,,,,,,0
2016-03-20,,,,0,,,,,,0,,,,,,,0
2016-03-21,,,,0,,,,,,0,,,,,,,0
2016-03-22,,,,0,,,,,,0,,,,,,,0
2016-03-23,,,,0,,,,,,0,,,,,,,0
2016-03-24,,,,0,,,,,,0,,,,,,,0
2016-03-25,,,,0,,,,,,0,,,,,,,0
2016-03-26,,,,0,,,,,,0,,,,,,,0
2016-03-27,,,,0,,,,,,0,,,,,,,0
2016-03-28,,,,0,,,,,,0,,,,,,,0
2016-03-29,,,,0,,,,,,0,,,,,,,0
2016-03-30,,,,0,,,,,,0,,,,,,,0
2016-03-31,,,,0,,,,,,0,,,,,,,0
2016-04-01,,,,0,,,,,,0,,,,,,,0
2016-04-02,,,,0,,,,,,0,,,,,,,0
2016-04-03,,,,0,,,,,,0,,,,,,,0
2016-04-04,,,,0,,,,,,0,,,,,,,0
2016-04-05,,,,0,,,,,,0,,,,,,,0
2016-04-06,,,,0,,,,,,0,,,,,,,0
2016-04-07,,,,0,,,,,,0,,,,,,,0
2016-04-08,,,,0,,,,,,0,,,,,,,0
2016-04-09,,,,0,,,,,,0,,,,,,,0
2016-04-10,,,,0,,,,,,0,,,,,,,0
2016-04-11,,,,0,,,,,,0,,,,,,,0
2016-04-12,,,,0,,,,,,0,,,,,,,0
2016-04-13,,,,0,,,,,,0,,,,,,,0
2016-04-14,,,,0,,,,,,0,,,,,,,0
2016-04-15,,,,0,,,,,,0,,,,,,,0
2016-04-16,,,,0,,,,,,0,,,,,,,0
2016-04-17,,,,0,,,,,,0,,,,,,,0
2016-04-18,,,,0,,,,,,0,,,,,,,0
2016-04-19,,,,0,,,,,,0,,,,,,,0
2016-04-20,,,,0,,,,,,0,,,,,,,0
2016-04-21,,,,0,,,,,,0,,,,,,,0
2016-04-22,,,,0,,,,,,0,,,,,,,0
2016-04-23,,,,0,,,,,,0,,,,,,,0
2016-04-24,,,,0,,,,,,0,,,,,,,0
2016-04-25,,,,0,,,,,,0,,,,,,,0
2016-04-26,,,,0,,,,,,0,,,,,,,0
2016-04-27,,,,0,,,,,,0,,,,,,,0
2016-04-28,,,,0,,,,,,0,,,,,,,0
2016-04-29,,,,0,,,,,,0,,,,,,,0
2016-04-30,,,,0,,,,,,0,,,,,,,0
2016-05-01,,,,0,,,,,,0,,,,,,,0
2016-05-02,,,,0,,,,,,0,,,,,,,0
2016-05-03,,,,0,,,,,,0,,,,,,,0
2016-05-04,,,,0,,,,,,0,,,,,,,0
2016-05-05,,,,0,,,,,,0,,,,,,,0
2016-05-06,,,,0,,,,,,0,,,,,,,0
2016-05-07,,,,0,,,,,,0,,,,,,,0
2016-05-08,,,,0,,,,,,0,,,,,,,0
2016-05-09,,,,0,,,,,,0,,,,,,,0
2016-05-10,,,,0,,,,,,0,,,,,,,0
2016-05-11,,,,0,,,,,,0,,,,,,,0
2016-05-12,,,,0,,,,,,0,,,,,,,0
2016-05-13,,,,0,,,,,,0,,,,,,,0
2016-05-14,,,,0,,,,,,0,,,,,,,0
2016-05-15,,,,0,,,,,,0,,,,,,,0
2016-05-16,,,,0,,,,,,0,,,,,,,0
2016-05-17,,,,0,,,,,,0,,,,,,,0
2016-05-18,,,,0,,,,,,0,,,,,,,0
2016-05-19,,,,0,,,,,,0,,,,,,,0
2016-05-20,,,,0,,,,,,0,,,,,,,0
2016-05-21,,,,0,,,,,,0,,,,,,,0
2016-05-22,,,,0,,,,,,0,,,,,,,0
2016-05-23,,,,0,,,,,,0,,,,,,,0
2016-05-24,,,,0,,,,,,0,,,,,,,0
2016-05-25,,,,0,,,,,,0,,,,,,,0
2016-05-26,,,,0,,,,,,0,,,,,,,0
2016-05-27,,,,0,,,,,,0,,,,,,,0
2016-05-28,,,,0,,,,,,0,,,,,,,0
2016-05-29,,,,0,,,,,,0,,,,,,,0
2016-05-30,,,,0,,,,,,0,,,,,,,0
2016-05-31,,,,0,,,,,,0,,,,,,,0
2016-06-01,,,,0,,,,,,0,,,,,,,0
2016-06-02,,,,0,,,,,,0,,,,,,,0
2016-06-03,,,,0,,,,,,0,,,,,,,0
2016-06-04,,,,0,,,,,,0,,,,,,,0
2016-06-05,,,,0,,,,,,0,,,,,,,0
2016-06-06,,,,0,,,,,,0,,,,,,,0
2016-06-07,,,,0,,,,,,0,,,,,,,0
2016-06-08,,,,0,,,,,,0,,,,,,,0
2016-06-09,,,,0,,,,,,0,,,,,,,0
2016-06-10,,,,0,,,,,,0,,,,,,,0
2016-06-11,,,,0,,,,,,0,,,,,,,0
2016-06-12,,,,0,,,,,,0,,,,,,,0
2016-06-13,,,,0,,,,,,0,,,,,,,0
2016-06-14,,,,0,,,,,,0,,,,,,,0
2016-06-15,,,,0,,,,,,0,,,,,,,0
2016-06-16,,,,0,,,,,,0,,,,,,,0
2016-06-17,,,,0,,,,,,0,,,,,,,0
2016-06-18,,,,0,,,,,,0,,,,,,,0
2016-06-19,,,,0,,,,,,0,,,,,,,0
2016-06-20,,,,0,,,,,,0,,,,,,,0
2016-06-21,,,,0,,,,,,0,,,,,,,0
2016-06-22,,,,0,,,,,,0,,,,,,,0
2016-06-23,,,,0,,,,,,0,,,,,,,0
2016-06-24,,,,0,,,,,,0,,,,,,,0
2016-06-25,,,,0,,,,,,0,,,,,,,0
2016-06-26,,,,0,,,,,,0,,,,,,,0
2016-06-27,,,,0,,,,,,0,,,,,,,0
2016-06-28,,,,0,,,,,,0,,,,,,,0
2016-06-29,,,,0,,,,,,0,,,,,,,0
2016-06-30,,,,0,,,,,,0,,,,,,,0
2016-07-01,,,,0,,,,,,0,,,,,,,0
2016-07-02,,,,0,,,,,,0,,,,,,,0
2016-07-03,,,,0,,,,,,0,,,,,,,0
2016-07-04,,,,0,,,,,,0,,,,,,,0
2016-07-05,,,,0,,,,,,0,,,,,,,0
2016-07-06,,,,0,,,,,,0,,,,,,,0
2016-07-07,,,,0,,,,,,0,,,,,,,0
2016-07-08,,,,0,,,,,,0,,,,,,,0
2016-07-09,,,,0,,,,,,0,,,,,,,0
2016-07-10,,,,0,,,,,,0,,,,,,,0
2016-07-11,,,,0,,,,,,0,,,,,,,0
2016-07-12,,,,0,,,,,,0,,,,,,,0
2016-07-13,,,,0,,,,,,0,,,,,,,0
2016-07-14,,,,0,,,,,,0,,,,,,,0
2016-07-15,,,,0,,,,,,0,,,,,,,0
2016-07-16,,,,0,,,,,,0,,,,,,,0
2016-07-17,,,,0,,,,,,0,,,,,,,0
2016-07-18,,,,0,,,,,,0,,,,,,,0
2016-07-19,,,,0,,,,,,0,,,,,,,0
2016-07-20,,,,0,,,,,,0,,,,,,,0
2016-07-21,,,,0,,,,,,0,,,,,,,0
2016-07-22,,,,0,,,,,,0,,,,,,,0
2016-07-23,,,,0,,,,,,0,,,,,,,0
2016-07-24,,,,0,,,,,,0,,,,,,,0
2016-07-25,,,,0,,,,,,0,,,,,,,0
2016-07-26,,,,0,,,,,,0,,,,,,,0
2016-07-27,,,,0,,,,,,0,,,,,,,0
2016-07-28,,,,0,,,,,,0,,,,,,,0
2016-07-29,,,,0,,,,,,0,,,,,,,0
2016-07-30,,,,0,,,,,,0,,,,,,,0
2016-07-31,,,,0,,,,,,0,,,,,,,0
2016-08-01,,,,0,,,,,,0,,,,,,,0
2016-08-02,,,,0,,,,,,0,,,,,,,0
2016-08-03,,,,0,,,,,,0,,,,,,,0
2016-08-04,,,,0,,,,,,0,,,,,,,0
2016-08-05,,,,0,,,,,,0,,,,,,,0
2016-08-06,,,,0,,,,,,0,,,,,,,0
2016-08-07,,,,0,,,,,,0,,,,,,,0
2016-08-08,,,,0,,,,,,0,,,,,,,0
2016-08-09,,,,0,,,,,,0,,,,,,,0
2016-08-10,,,,0,,,,,,0,,,,,,,0
2016-08-11,,,,0,,,,,,0,,,,,,,0
2016-08-12,,,,0,,,,,,0,,,,,,,0
2016-08-13,,,,0,,,,,,0,,,,,,,0
2016-08-14,,,,0,,,,,,0,,,,,,,0
2016-08-15,,,,0,,,,,,0,,,,,,,0
2016-08-16,,,,0,,,,,,0,,,,,,,0
2016-08-17,,,,0,,,,,,0,,,,,,,0
2016-08-18,,,,0,,,,,,0,,,,,,,0
2016-08-19,,,,0,,,,,,0,,,,,,,0
2016-08-20,,,,0,,,,,,0,,,,,,,0
2016-08-21,,,,0,,,,,,0,,,,,,,0
2016-08-22,,,,0,,,,,,0,,,,,,,0
2016-08-23,,,,0,,,,,,0,,,,,,,0
2016-08-24,,,,0,,,,,,0,,,,,,,0
2016-08-25,,,,0,,,,,,0,,,,,,,0
2016-08-26,,,,0,,,,,,0,,,,,,,0
2016-08-27,,,,0,,,,,,0,,,,,,,0
2016-08-28,,,,0,,,,,,0,,,,,,,0
2016-08-29,,,,0,,,,,,0,,,,,,,0
2016-08-30,,,,0,,,,,,0,,,,,,,0
2016-08-31,,,,0,,,,,,0,,,,,,,0
2016-09-01,,,,0,,,,,,0,,,,,,,0
2016-09-02,,,,0,,,,,,0,,,,,,,0
2016-09-03,,,,0,,,,,,0,,,,,,,0
2016-09-04,,,,0,,,,,,0,,,,,,,0
2016-09-05,,,,0,,,,,,0,,,,,,,0
2016-09-06,,,,0,,,,,,0,,,,,,,0
2016-09-07,,,,0,,,,,,0,,,,,,,0
2016-09-08,,,,0,,,,,,0,,,,,,,0
2016-09-09,,,,0,,,,,,0,,,,,,,0
2016-09-10,,,,0,,,,,,0,,,,,,,0
2016-09-11,,,,0,,,,,,0,,,,,,,0
2016-09-12,,,,0,,,,,,0,,,,,,,0
2016-09-13,,,,0,,,,,,0,,,,,,,0
2016-09-14,,,,0,,,,,,0,,,,,,,0
2016-09-15,,,,0,,,,,,0,,,,,,,0
2016-09-16,,,,0,,,,,,0,,,,,,,0
2016-09-17,,,,0,,,,,,0,,,,,,,0
2016-09-18,,,,0,,,,,,0,,,,,,,0
2016-09-19,,,,0,,,,,,0,,,,,,,0
2016-09-20,,,,0,,,,,,0,,,,,,,0
2016-09-21,,,,0,,,,,,0,,,,,,,0
2016-09-22,,,,0,,,,,,0,,,,,,,0
2016-09-23,,,,0,,,,,,0,,,,,,,0
2016-09-24,,,,0,,,,,,0,,,,,,,0
2016-09-25,,,,0,,,,,,0,,,,,,,0
2016-09-26,,,,0,,,,,,0,,,,,,,0
2016-09-27,,,,0,,,,,,0,,,,,,,0
2016-09-28,,,,0,,,,,,0,,,,,,,0
2016-09-29,,,,0,,,,,,0,,,,,,,0
2016-09-30,,,,0,,,,,,0,,,,,,,0
2016-10-01,,,,0,,,,,,0,,,,,,,0
2016-10-02,,,,0,,,,,,0,,,,,,,0
2016-10-03,,,,0,,,,,,0,,,,,,,0
2016-10-04,,,,0,,,,,,0,,,,,,,0
2016-10-05,,,,0,,,,,,0,,,,,,,0
2016-10-06,,,,0,,,,,,0,,,,,,,0
2016-10-07,,,,0,,,,,,0,,,,,,,0
2016-10-08,,,,0,,,,,,0,,,,,,,0
2016-10-09,,,,0,,,,,,0,,,,,,,0
2016-10-10,,,,0,,,,,,0,,,,,,,0
2016-10-11,,,,0,,,,,,0,,,,,,,0
2016-10-12,,,,0,,,,,,0,,,,,,,0
2016-10-13,,,,0,,,,,,0,,,,,,,0
2016-10-14,,,,0,,,,,,0,,,,,,,0
2016-10-15,,,,0,,,,,,0,,,,,,,0
2016-10-16,,,,0,,,,,,0,,,,,,,0
2016-10-17,,,,0,,,,,,0,,,,,,,0
2016-10-18,,,,0,,,,,,0,,,,,,,0
2016-10-19,,,,0,,,,,,0,,,,,,,0
2016-10-20,,,,0,,,,,,0,,,,,,,0
2016-10-21,,,,0,,,,,,0,,,,,,,0
2016-10-22,,,,0,,,,,,0,,,,,,,0
2016-10-23,,,,0,,,,,,0,,,,,,,0
2016-10-24,,,,0,,,,,,0,,,,,,,0
2016-10-25,,,,0,,,,,,0,,,,,,,0
2016-10-26,,,,0,,,,,,0,,,,,,,0
2016-10-27,,,,0,,,,,,0,,,,,,,0
2016-10-28,,,,0,,,,,,0,,,,,,,0
2016-10-29,,,,0,,,,,,0,,,,,,,0
2016-10-30,,,,0,,,,,,0,,,,,,,0
2016-10-31,,,,0,,,,,,0,,,,,,,0
2016-11-01,,,,0,,,,,,0,,,,,,,0
2016-11-02,,,,0,,,,,,0,,,,,,,0
2016-11-03,,,,0,,,,,,0,,,,,,,0
2016-11-04,,,,0,,,,,,0,,,,,,,0
2016-11-05,,,,0,,,,,,0,,,,,,,0
2016-11-06,,,,0,,,,,,0,,,,,,,0
2016-11-07,,,,0,,,,,,0,,,,,,,0
2016-11-08,,,,0,,,,,,0,,,,,,,0
2016-11-09,,,,0,,,,,,0,,,,,,,0
2016-11-10,,,,0,,,,,,0,,,,,,,0
2016-11-11,,,,0,,,,,,0,,,,,,,0
2016-11-12,,,,0,,,,,,0,,,,,,,0
2016-11-13,,,,0,,,,,,0,,,,,,,0
2016-11-14,,,,0,,,,,,0,,,,,,,0
2016-11-15,,,,0,,,,,,0,,,,,,,0
2016-11-16,,,,0,,,,,,0,,,,,,,0
2016-11-17,,,,0,,,,,,0,,,,,,,0
2016-11-18,,,,0,,,,,,0,,,,,,,0
2016-11-19,,,,0,,,,,,0,,,,,,,0
2016-11-20,,,,0,,,,,,0,,,,,,,0
2016-11-21,,,,0,,,,,,0,,,,,,,0
2016-11-22,,,,0,,,,,,0,,,,,,,0
2016-11-23,,,,0,,,,,,0,,,,,,,0
2016-11-24,,,,0,,,,,,0,,,,,,,0
2016-11-25,,,,0,,,,,,0,,,,,,,0
2016-11-26,,,,0,,,,,,0,,,,,,,0
2016-11-27,,,,0,,,,,,0,,,,,,,0
2016-11-28,,,,0,,,,,,0,,,,,,,0
2016-11-29,,,,0,,,,,,0,,,,,,,0
2016-11-30,,,,0,,,,,,0,,,,,,,0
2016-12-01,,,,0,,,,,,0,,,,,,,0
2016-12-02,,,,0,,,,,,0,,,,,,,0
2016-12-03,,,,0,,,,,,0,,,,,,,0
2016-12-04,,,,0,,,,,,0,,,,,,,0
2016-12-05,,,,0,,,,,,0,,,,,,,0
2016-12-06,,,,0,,,,,,0,,,,,,,0
2016-12-07,,,,0,,,,,,0,,,,,,,0
2016-12-08,,,,0,,,,,,0,,,,,,,0
2016-12-09,,,,0,,,,,,0,,,,,,,0
2016-12-10,,,,0,,,,,,0,,,,,,,0
2016-12-11,,,,0,,,,,,0,,,,,,,0
2016-12-12,,,,0,,,,,,0,,,,,,,0
2016-12-13,,,,0,,,,,,0,,,,,,,0
2016-12-14,,,,0,,,,,,0,,,,,,,0
2016-12-15,,,,0,,,,,,0,,,,,,,0
2016-12-16,,,,0,,,,,,0,,,,,,,0
2016-12-17,,,,0,,,,,,0,,,,,,,0
2016-12-18,,,,0,,,,,,0,,,,,,,0
2016-12-19,,,,0,,,,,,0,,,,,,,0
2016-12-20,,,,0,,,,,,0,,,,,,,0
2016-12-21,,,,0,,,,,,0,,,,,,,0
2016-12-22,,,,0,,,,,,0,,,,,,,0
2016-12-23,,,,0,,,,,,0,,,,,,,0
2016-12-24,,,,0,,,,,,0,,,,,,,0
2016-12-25,,,,0,,,,,,0,,,,,,,0
2016-12-26,,,,0,,,,,,0,,,,,,,0
2016-12-27,,,,0,,,,,,0,,,,,,,0
2016-12-28,,,,0,,,,,,0,,,,,,,0
2016-12-29,,,,0,,,,,,0,,,,,,,0
2016-12-30,,,,0,,,,,,0,,,,,,,0
2016-12-31,,,,0,,,,,,0,,,,,,,0
2017-01-01,,,,0,,,,,,0,,,,,,,0
2017-01-02,,,,0,,,,,,0,,,,,,,0
2017-01-03,,,,0,,,,,,0,,,,,,,0
2017-01-04,,,,0,,,,,,0,,,,,,,0
2017-01-05,,,,0,,,,,,0,,,,,,,0
2017-01-06,,,,0,,,,,,0,,,,,,,0
2017-01-07,,,,0,,,,,,0,,,,,,,0
2017-01-08,,,,0,,,,,,0,,,,,,,0
2017-01-09,,,,0,,,,,,0,,,,,,,0
2017-01-10,,,,0,,,,,,0,,,,,,,0
2017-01-11,,,,0,,,,,,0,,,,,,,0
2017-01-12,,,,0,,,,,,0,,,,,,,0
2017-01-13,,,,0,,,,,,0,,,,,,,0
2017-01-14,,,,0,,,,,,0,,,,,,,0
2017-01-15,,,,0,,,,,,0,,,,,,,0
2017-01-16,,,,0,,,,,,0,,,,,,,0
2017-01-17,,,,0,,,,,,0,,,,,,,0
2017-01-18,,,,0,,,,,,0,,,,,,,0
2017-01-19,,,,0,,,,,,0,,,,,,,0
2017-01-20,,,,0,,,,,,0,,,,,,,0
2017-01-21,,,,0,,,,,,0,,,,,,,0
2017-01-22,,,,0,,,,,,0,,,,,,,0
2017-01-23,,,,0,,,,,,0,,,,,,,0
2017-01-24,,,,0,,,,,,0,,,,,,,0
2017-01-25,,,,0,,,,,,0,,,,,,,0
2017-01-26,,,,0,,,,,,0,,,,,,,0
2017-01-27,,,,0,,,,,,0,,,,,,,0
2017-01-28,,,,0,,,,,,0,,,,,,,0
2017-01-29,,,,0,,,,,,0,,,,,,,0
2017-01-30,,,,0,,,,,,0,,,,,,,0
2017-01-31,,,,0,,,,,,0,,,,,,,0
2017-02-01,,,,0,,,,,,0,,,,,,,0
2017-02-02,,,,0,,,,,,0,,,,,,,0
2017-02-03,,,,0,,,,,,0,,,,,,,0
2017-02-04,,,,0,,,,,,0,,,,,,,0
2017-02-05,,,,0,,,,,,0,,,,,,,0
2017-02-06,,,,0,,,,,,0,,,,,,,0
2017-02-07,,,,0,,,,,,0,,,,,,,0
2017-02-08,,,,0,,,,,,0,,,,,,,0
2017-02-09,,,,0,,,,,,0,,,,,,,0
2017-02-10,,,,0,,,,,,0,,,,,,,0
2017-02-11,,,,0,,,,,,0,,,,,,,0
2017-02-12,,,,0,,,,,,0,,,,,,,0
2017-02-13,,,,0,,,,,,0,,,,,,,0
2017-02-14,,,,0,,,,,,0,,,,,,,0
2017-02-15,,,,0,,,,,,0,,,,,,,0
2017-02-16,,,,0,,,,,,0,,,,,,,0
2017-02-17,,,,0,,,,,,0,,,,,,,0
2017-02-18,,,,0,,,,,,0,,,,,,,0
2017-02-19,,,,0,,,,,,0,,,,,,,0
2017-02-20,,,,0,,,,,,0,,,,,,,0
2017-02-21,,,,0,,,,,,0,,,,,,,0
2017-02-22,,,,0,,,,,,0,,,,,,,0
2017-02-23,,,,0,,,,,,0,,,,,,,0
2017-02-24,,,,0,,,,,,0,,,,,,,0
2017-02-25,,,,0,,,,,,0,,,,,,,0
2017-02-26,,,,0,,,,,,0,,,,,,,0
2017-02-27,,,,0,,,,,,0,,,,,,,0
2017-02-28,,,,0,,,,,,0,,,,,,,0
2017-03-01,,,,0,,,,,,0,,,,,,,0
2017-03-02,,,,0,,,,,,0,,,,,,,0
2017-03-03,,,,0,,,,,,0,,,,,,,0
2017-03-04,,,,0,,,,,,0,,,,,,,0
2017-03-05,,,,0,,,,,,0,,,,,,,0
2017-03-06,,,,0,,,,,,0,,,,,,,0
2017-03-07,,,,0,,,,,,0,,,,,,,0
2017-03-08,,,,0,,,,,,0,,,,,,,0
2017-03-09,,,,0,,,,,,0,,,,,,,0
2017-03-10,,,,0,,,,,,0,,,,,,,0
2017-03-11,,,,0,,,,,,0,,,,,,,0
2017-03-12,,,,0,,,,,,0,,,,,,,0
2017-03-13,,,,0,,,,,,0,,,,,,,0
2017-03-14,,,,0,,,,,,0,,,,,,,0
2017-03-15,,,,0,,,,,,0,,,,,,,0
2017-03-16,,,,0,,,,,,0,,,,,,,0
2017-03-17,,,,0,,,,,,0,,,,,,,0
2017-03-18,,,,0,,,,,,0,,,,,,,0
2017-03-19,,,,0,,,,,,0,,,,,,,0
2017-03-20,,,,0,,,,,,0,,,,,,,0
2017-03-21,,,,0,,,,,,0,,,,,,,0
2017-03-22,,,,0,,,,,,0,,,,,,,0
2017-03-23,,,,0,,,,,,0,,,,,,,0
2017-03-24,,,,0,,,,,,0,,,,,,,0
2017-03-25,,,,0,,,,,,0,,,,,,,0
2017-03-26,,,,0,,,,,,0,,,,,,,0
2017-03-27,,,,0,,,,,,0,,,,,,,0
2017-03-28,,,,0,,,,,,0,,,,,,,0
2017-03-29,,,,0,,,,,,0,,,,,,,0
2017-03-30,,,,0,,,,,,0,,,,,,,0
2017-03-31,,,,0,,,,,,0,,,,,,,0
2017-04-01,,,,0,,,,,,0,,,,,,,0
2017-04-02,,,,0,,,,,,0,,,,,,,0
2017-04-03,,,,0,,,,,,0,,,,,,,0
2017-04-04,,,,0,,,,,,0,,,,,,,0
2017-04-05,,,,0,,,,,,0,,,,,,,0
2017-04-06,,,,0,,,,,,0,,,,,,,0
2017-04-07,,,,0,,,,,,0,,,,,,,0
2017-04-08,,,,0,,,,,,0,,,,,,,0
2017-04-09,,,,0,,,,,,0,,,,,,,0
2017-04-10,,,,0,,,,,,0,,,,,,,0
2017-04-11,,,,0,,,,,,0,,,,,,,0
2017-04-12,,,,0,,,,,,0,,,,,,,0
2017-04-13,,,,0,,,,,,0,,,,,,,0
2017-04-14,,,,0,,,,,,0,,,,,,,0
2017-04-15,,,,0,,,,,,0,,,,,,,0
2017-04-16,,,,0,,,,,,0,,,,,,,0
2017-04-17,,,,0,,,,,,0,,,,,,,0
2017-04-18,,,,0,,,,,,0,,,,,,,0
2017-04-19,,,,0,,,,,,0,,,,,,,0
2017-04-20,,,,0,,,,,,0,,,,,,,0
2017-04-21,,,,0,,,,,,0,,,,,,,0
2017-04-22,,,,0,,,,,,0,,,,,,,0
2017-04-23,,,,0,,,,,,0,,,,,,,0
2017-04-24,,,,0,,,,,,0,,,,,,,0
2017-04-25,,,,0,,,,,,0,,,,,,,0
2017-04-26,,,,0,,,,,,0,,,,,,,0
2017-04-27,,,,0,,,,,,0,,,,,,,0
2017-04-28,,,,0,,,,,,0,,,,,,,0
2017-04-29,,,,0,,,,,,0,,,,,,,0
2017-04-30,,,,0,,,,,,0,,,,,,,0
2017-05-01,,,,0,,,,,,0,,,,,,,0
2017-05-02,,,,0,,,,,,0,,,,,,,0
2017-05-03,,,,0,,,,,,0,,,,,,,0
2017-05-04,,,,0,,,,,,0,,,,,,,0
2017-05-05,,,,0,,,,,,0,,,,,,,0
2017-05-06,,,,0,,,,,,0,,,,,,,0
2017-05-07,,,,0,,,,,,0,,,,,,,0
2017-05-08,,,,0,,,,,,0,,,,,,,0
2017-05-09,,,,0,,,,,,0,,,,,,,0
2017-05-10,,,,0,,,,,,0,,,,,,,0
2017-05-11,,,,0,,,,,,0,,,,,,,0
2017-05-12,,,,0,,,,,,0,,,,,,,0
2017-05-13,,,,0,,,,,,0,,,,,,,0
2017-05-14,,,,0,,,,,,0,,,,,,,0
2017-05-15,,,,0,,,,,,0,,,,,,,0
2017-05-16,,,,0,,,,,,0,,,,,,,0
2017-05-17,,,,0,,,,,,0,,,,,,,0
2017-05-18,,,,0,,,,,,0,,,,,,,0
2017-05-19,,,,0,,,,,,0,,,,,,,0
2017-05-20,,,,0,,,,,,0,,,,,,,0
2017-05-21,,,,0,,,,,,0,,,,,,,0
2017-05-22,,,,0,,,,,,0,,,,,,,0
2017-05-23,,,,0,,,,,,0,,,,,,,0
2017-05-24,,,,0,,,,,,0,,,,,,,0
2017-05-25,,,,0,,,,,,0,,,,,,,0
2017-05-26,,,,0,,,,,,0,,,,,,,0
2017-05-27,,,,0,,,,,,0,,,,,,,0
2017-05-28,,,,0,,,,,,0,,,,,,,0
2017-05-29,,,,0,,,,,,0,,,,,,,0
2017-05-30,,,,0,,,,,,0,,,,,,,0
2017-05-31,,,,0,,,,,,0,,,,,,,0
2017-06-01,,,,0,,,,,,0,,,,,,,0
2017-06-02,,,,0,,,,,,0,,,,,,,0
2017-06-03,,,,0,,,,,,0,,,,,,,0
2017-06-04,,,,0,,,,,,0,,,,,,,0
2017-06-05,,,,0,,,,,,0,,,,,,,0
2017-06-06,,,,0,,,,,,0,,,,,,,0
2017-06-07,,,,0,,,,,,0,,,,,,,0
2017-06-08,,,,0,,,,,,0,,,,,,,0
2017-06-09,,,,0,,,,,,0,,,,,,,0
2017-06-10,,,,0,,,,,,0,,,,,,,0
2017-06-11,,,,0,,,,,,0,,,,,,,0
2017-06-12,,,,0,,,,,,0,,,,,,,0
2017-06-13,,,,0,,,,,,0,,,,,,,0
2017-06-14,,,,0,,,,,,0,,,,,,,0
2017-06-15,,,,0,,,,,,0,,,,,,,0
2017-06-16,,,,0,,,,,,0,,,,,,,0
2017-06-17,,,,0,,,,,,0,,,,,,,0
2017-06-18,,,,0,,,,,,0,,,,,,,0
2017-06-19,,,,0,,,,,,0,,,,,,,0
2017-06-20,,,,0,,,,,,0,,,,,,,0
2017-06-21,,,,0,,,,,,0,,,,,,,0
2017-06-22,,,,0,,,,,,0,,,,,,,0
2017-06-23,,,,0,,,,,,0,,,,,,,0
2017-06-24,,,,0,,,,,,0,,,,,,,0
2017-06-25,,,,0,,,,,,0,,,,,,,0
2017-06-26,,,,0,,,,,,0,,,,,,,0
2017-06-27,,,,0,,,,,,0,,,,,,,0
2017-06-28,,,,0,,,,,,0,,,,,,,0
2017-06-29,,,,0,,,,,,0,,,,,,,0
2017-06-30,,,,0,,,,,,0,,,,,,,0
2017-07-01,,,,0,,,,,,0,,,,,,,0
2017-07-02,,,,0,,,,,,0,,,,,,,0
2017-07-03,,,,0,,,,,,0,,,,,,,0
2017-07-04,,,,0,,,,,,0,,,,,,,0
2017-07-05,,,,0,,,,,,0,,,,,,,0
2017-07-06,,,,0,,,,,,0,,,,,,,0
2017-07-07,,,,0,,,,,,0,,,,,,,0
2017-07-08,,,,0,,,,,,0,,,,,,,0
2017-07-09,,,,0,,,,,,0,,,,,,,0
2017-07-10,,,,0,,,,,,0,,,,,,,0
2017-07-11,,,,0,,,,,,0,,,,,,,0
2017-07-12,,,,0,,,,,,0,,,,,,,0
2017-07-13,,,,0,,,,,,0,,,,,,,0
2017-07-14,,,,0,,,,,,0,,,,,,,0
2017-07-15,,,,0,,,,,,0,,,,,,,0
2017-07-16,,,,0,,,,,,0,,,,,,,0
2017-07-17,,,,0,,,,,,0,,,,,,,0
2017-07-18,,,,0,,,,,,0,,,,,,,0
2017-07-19,,,,0,,,,,,0,,,,,,,0
2017-07-20,,,,0,,,,,,0,,,,,,,0
2017-07-21,,,,0,,,,,,0,,,,,,,0
2017-07-22,,,,0,,,,,,0,,,,,,,0
2017-07-23,,,,0,,,,,,0,,,,,,,0
2017-07-24,,,,0,,,,,,0,,,,,,,0
2017-07-25,,,,0,,,,,,0,,,,,,,0
2017-07-26,,,,0,,,,,,0,,,,,,,0
2017-07-27,,,,0,,,,,,0,,,,,,,0
2017-07-28,,,,0,,,,,,0,,,,,,,0
2017-07-29,,,,0,,,,,,0,,,,,,,0
2017-07-30,,,,0,,,,,,0,,,,,,,0
2017-07-31,,,,0,,,,,,0,,,,,,,0
2017-08-01,,,,0,,,,,,0,,,,,,,0
2017-08-02,,,,0,,,,,,0,,,,,,,0
2017-08-03,,,,0,,,,,,0,,,,,,,0
2017-08-04,,,,0,,,,,,0,,,,,,,0
2017-08-05,,,,0,,,,,,0,,,,,,,0
2017-08-06,,,,0,,,,,,0,,,,,,,0
2017-08-07,,,,0,,,,,,0,,,,,,,0
2017-08-08,,,,0,,,,,,0,,,,,,,0
2017-08-09,,,,0,,,,,,0,,,,,,,0
2017-08-10,,,,0,,,,,,0,,,,,,,0
2017-08-11,,,,0,,,,,,0,,,,,,,0
2017-08-12,,,,0,,,,,,0,,,,,,,0
2017-08-13,,,,0,,,,,,0,,,,,,,0
2017-08-14,,,,0,,,,,,0,,,,,,,0
2017-08-15,,,,0,,,,,,0,,,,,,,0
2017-08-16,,,,0,,,,,,0,,,,,,,0
2017-08-17,,,,0,,,,,,0,,,,,,,0
2017-08-18,,,,0,,,,,,0,,,,,,,0
2017-08-19,,,,0,,,,,,0,,,,,,,0
2017-08-20,,,,0,,,,,,0,,,,,,,0
2017-08-21,,,,0,,,,,,0,,,,,,,0
2017-08-22,,,,0,,,,,,0,,,,,,,0
2017-08-23,,,,0,,,,,,0,,,,,,,0
2017-08-24,,,,0,,,,,,0,,,,,,,0
2017-08-25,,,,0,,,,,,0,,,,,,,0
2017-08-26,,,,0,,,,,,0,,,,,,,0
2017-08-27,,,,0,,,,,,0,,,,,,,0
2017-08-28,,,,0,,,,,,0,,,,,,,0
2017-08-29,,,,0,,,,,,0,,,,,,,0
2017-08-30,,,,0,,,,,,0,,,,,,,0
2017-08-31,,,,0,,,,,,0,,,,,,,0
2017-09-01,,,,0,,,,,,0,,,,,,,0
2017-09-02,,,,0,,,,,,0,,,,,,,0
2017-09-03,,,,0,,,,,,0,,,,,,,0
2017-09-04,,,,0,,,,,,0,,,,,,,0
2017-09-05,,,,0,,,,,,0,,,,,,,0
2017-09-06,,,,0,,,,,,0,,,,,,,0
2017-09-07,,,,0,,,,,,0,,,,,,,0
2017-09-08,,,,0,,,,,,0,,,,,,,0
2017-09-09,,,,0,,,,,,0,,,,,,,0
2017-09-10,,,,0,,,,,,0,,,,,,,0
2017-09-11,,,,0,,,,,,0,,,,,,,0
2017-09-12,,,,0,,,,,,0,,,,,,,0
2017-09-13,,,,0,,,,,,0,,,,,,,0
2017-09-14,,,,0,,,,,,0,,,,,,,0
2017-09-15,,,,0,,,,,,0,,,,,,,0
2017-09-16,,,,0,,,,,,0,,,,,,,0
2017-09-17,,,,0,,,,,,0,,,,,,,0
2017-09-18,,,,0,,,,,,0,,,,,,,0
2017-09-19,,,,0,,,,,,0,,,,,,,0
2017-09-20,,,,0,,,,,,0,,,,,,,0
2017-09-21,,,,0,,,,,,0,,,,,,,0
2017-09-22,,,,0,,,,,,0,,,,,,,0
2017-09-23,,,,0,,,,,,0,,,,,,,0
2017-09-24,,,,0,,,,,,0,,,,,,,0
2017-09-25,,,,0,,,,,,0,,,,,,,0
2017-09-26,,,,0,,,,,,0,,,,,,,0
2017-09-27,,,,0,,,,,,0,,,,,,,0
2017-09-28,,,,0,,,,,,0,,,,,,,0
2017-09-29,,,,0,,,,,,0,,,,,,,0
2017-09-30,,,,0,,,,,,0,,,,,,,0
2017-10-01,,,,0,,,,,,0,,,,,,,0
2017-10-02,,,,0,,,,,,0,,,,,,,0
2017-10-03,,,,0,,,,,,0,,,,,,,0
2017-10-04,,,,0,,,,,,0,,,,,,,0
2017-10-05,,,,0,,,,,,0,,,,,,,0
2017-10-06,,,,0,,,,,,0,,,,,,,0
2017-10-07,,,,0,,,,,,0,,,,,,,0
2017-10-08,,,,0,,,,,,0,,,,,,,0
2017-10-09,,,,0,,,,,,0,,,,,,,0
2017-10-10,,,,0,,,,,,0,,,,,,,0
2017-10-11,,,,0,,,,,,0,,,,,,,0
2017-10-12,,,,0,,,,,,0,,,,,,,0
2017-10-13,,,,0,,,,,,0,,,,,,,0
2017-10-14,,,,0,,,,,,0,,,,,,,0
2017-10-15,,,,0,,,,,,0,,,,,,,0
2017-10-16,,,,0,,,,,,0,,,,,,,0
2017-10-17,,,,0,,,,,,0,,,,,,,0
2017-10-18,,,,0,,,,,,0,,,,,,,0
2017-10-19,,,,0,,,,,,0,,,,,,,0
2017-10-20,,,,0,,,,,,0,,,,,,,0
2017-10-21,,,,0,,,,,,0,,,,,,,0
2017-10-22,,,,0,,,,,,0,,,,,,,0
2017-10-23,,,,0,,,,,,0,,,,,,,0
2017-10-24,,,,0,,,,,,0,,,,,,,0
2017-10-25,,,,0,,,,,,0,,,,,,,0
2017-10-26,,,,0,,,,,,0,,,,,,,0
2017-10-27,,,,0,,,,,,0,,,,,,,0
2017-10-28,,,,0,,,,,,0,,,,,,,0
2017-10-29,,,,0,,,,,,0,,,,,,,0
2017-10-30,,,,0,,,,,,0,,,,,,,0
2017-10-31,,,,0,,,,,,0,,,,,,,0
2017-11-01,,,,0,,,,,,0,,,,,,,0
2017-11-02,,,,0,,,,,,0,,,,,,,0
2017-11-03,,,,0,,,,,,0,,,,,,,0
2017-11-04,,,,0,,,,,,0,,,,,,,0
2017-11-05,,,,0,,,,,,0,,,,,,,0
2017-11-06,,,,0,,,,,,0,,,,,,,0
2017-11-07,,,,0,,,,,,0,,,,,,,0
2017-11-08,,,,0,,,,,,0,,,,,,,0
2017-11-09,,,,0,,,,,,0,,,,,,,0
2017-11-10,,,,0,,,,,,0,,,,,,,0
2017-11-11,,,,0,,,,,,0,,,,,,,0
2017-11-12,,,,0,,,,,,0,,,,,,,0
2017-11-13,,,,0,,,,,,0,,,,,,,0
2017-11-14,,,,0,,,,,,0,,,,,,,0
2017-11-15,,,,0,,,,,,0,,,,,,,0
2017-11-16,,,,0,,,,,,0,,,,,,,0
2017-11-17,,,,0,,,,,,0,,,,,,,0
2017-11-18,,,,0,,,,,,0,,,,,,,0
2017-11-19,,,,0,,,,,,0,,,,,,,0
2017-11-20,,,,0,,,,,,0,,,,,,,0
2017-11-21,,,,0,,,,,,0,,,,,,,0
2017-11-22,,,,0,,,,,,0,,,,,,,0
2017-11-23,,,,0,,,,,,0,,,,,,,0
2017-11-24,,,,0,,,,,,0,,,,,,,0
2017-11-25,,,,0,,,,,,0,,,,,,,0
2017-11-26,,,,0,,,,,,0,,,,,,,0
2017-11-27,,,,0,,,,,,0,,,,,,,0
2017-11-28,,,,0,,,,,,0,,,,,,,0
2017-11-29,,,,0,,,,,,0,,,,,,,0
2017-11-30,,,,0,,,,,,0,,,,,,,0
2017-12-01,,,,0,,,,,,0,,,,,,,0
2017-12-02,,,,0,,,,,,0,,,,,,,0
2017-12-03,,,,0,,,,,,0,,,,,,,0
2017-12-04,,,,0,,,,,,0,,,,,,,0
2017-12-05,,,,0,,,,,,0,,,,,,,0
2017-12-06,,,,0,,,,,,0,,,,,,,0
2017-12-07,,,,0,,,,,,0,,,,,,,0
2017-12-08,,,,0,,,,,,0,,,,,,,0
2017-12-09,,,,0,,,,,,0,,,,,,,0
2017-12-10,,,,0,,,,,,0,,,,,,,0
2017-12-11,,,,0,,,,,,0,,,,,,,0
2017-12-12,,,,0,,,,,,0,,,,,,,0
2017-12-13,,,,0,,,,,,0,,,,,,,0
2017-12-14,,,,0,,,,,,0,,,,,,,0
2017-12-15,,,,0,,,,,,0,,,,,,,0
2017-12-16,,,,0,,,,,,0,,,,,,,0
2017-12-17,,,,0,,,,,,0,,,,,,,0
2017-12-18,,,,0,,,,,,0,,,,,,,0
2017-12-19,,,,0,,,,,,0,,,,,,,0
2017-12-20,,,,0,,,,,,0,,,,,,,0
2017-12-21,,,,0,,,,,,0,,,,,,,0
2017-12-22,,,,0,,,,,,0,,,,,,,0
2017-12-23,,,,0,,,,,,0,,,,,,,0
2017-12-24,,,,0,,,,,,0,,,,,,,0
2017-12-25,,,,0,,,,,,0,,,,,,,0
2017-12-26,,,,0,,,,,,0,,,,,,,0
2017-12-27,,,,0,,,,,,0,,,,,,,0
2017-12-28,,,,0,,,,,,0,,,,,,,0
2017-12-29,,,,0,,,,,,0,,,,,,,0
2017-12-30,,,,0,,,,,,0,,,,,,,0
2017-12-31,,,,0,,,,,,0,,,,,,,0
2018-01-01,,,,0,,,,,,0,,,,,,,0
2018-01-02,,,,0,,,,,,0,,,,,,,0
2018-01-03,,,,0,,,,,,0,,,,,,,0
2018-01-04,,,,0,,,,,,0,,,,,,,0
2018-01-05,,,,0,,,,,,0,,,,,,,0
2018-01-06,,,,0,,,,,,0,,,,,,,0
2018-01-07,,,,0,,,,,,0,,,,,,,0
2018-01-08,,,,0,,,,,,0,,,,,,,0
2018-01-09,,,,0,,,,,,0,,,,,,,0
2018-01-10,,,,0,,,,,,0,,,,,,,0
2018-01-11,,,,0,,,,,,0,,,,,,,0
2018-01-12,,,,0,,,,,,0,,,,,,,0
2018-01-13,,,,0,,,,,,0,,,,,,,0
2018-01-14,,,,0,,,,,,0,,,,,,,0
2018-01-15,,,,0,,,,,,0,,,,,,,0
2018-01-16,,,,0,,,,,,0,,,,,,,0
2018-01-17,,,,0,,,,,,0,,,,,,,0
2018-01-18,,,,0,,,,,,0,,,,,,,0
2018-01-19,,,,0,,,,,,0,,,,,,,0
2018-01-20,,,,0,,,,,,0,,,,,,,0
2018-01-21,,,,0,,,,,,0,,,,,,,0
2018-01-22,,,,0,,,,,,0,,,,,,,0
2018-01-23,,,,0,,,,,,0,,,,,,,0
2018-01-24,,,,0,,,,,,0,,,,,,,0
2018-01-25,,,,0,,,,,,0,,,,,,,0
2018-01-26,,,,0,,,,,,0,,,,,,,0
2018-01-27,,,,0,,,,,,0,,,,,,,0
2018-01-28,,,,0,,,,,,0,,,,,,,0
2018-01-29,,,,0,,,,,,0,,,,,,,0
2018-01-30,,,,0,,,,,,0,,,,,,,0
2018-01-31,,,,0,,,,,,0,,,,,,,0
2018-02-01,,,,0,,,,,,0,,,,,,,0
2018-02-02,,,,0,,,,,,0,,,,,,,0
2018-02-03,,,,0,,,,,,0,,,,,,,0
2018-02-04,,,,0,,,,,,0,,,,,,,0
2018-02-05,,,,0,,,,,,0,,,,,,,0
2018-02-06,,,,0,,,,,,0,,,,,,,0
2018-02-07,,,,0,,,,,,0,,,,,,,0
2018-02-08,,,,0,,,,,,0,,,,,,,0
2018-02-09,,,,0,,,,,,0,,,,,,,0
2018-02-10,,,,0,,,,,,0,,,,,,,0
2018-02-11,,,,0,,,,,,0,,,,,,,0
2018-02-12,,,,0,,,,,,0,,,,,,,0
2018-02-13,,,,0,,,,,,0,,,,,,,0
2018-02-14,,,,0,,,,,,0,,,,,,,0
2018-02-15,,,,0,,,,,,0,,,,,,,0
2018-02-16,,,,0,,,,,,0,,,,,,,0
2018-02-17,,,,0,,,,,,0,,,,,,,0
2018-02-18,,,,0,,,,,,0,,,,,,,0
2018-02-19,,,,0,,,,,,0,,,,,,,0
2018-02-20,,,,0,,,,,,0,,,,,,,0
2018-02-21,,,,0,,,,,,0,,,,,,,0
2018-02-22,,,,0,,,,,,0,,,,,,,0
2018-02-23,,,,0,,,,,,0,,,,,,,0
2018-02-24,,,,0,,,,,,0,,,,,,,0
2018-02-25,,,,0,,,,,,0,,,,,,,0
2018-02-26,,,,0,,,,,,0,,,,,,,0
2018-02-27,,,,0,,,,,,0,,,,,,,0
2018-02-28,,,,0,,,,,,0,,,,,,,0
2018-03-01,,,,0,,,,,,0,,,,,,,0
2018-03-02,,,,0,,,,,,0,,,,,,,0
2018-03-03,,,,0,,,,,,0,,,,,,,0
2018-03-04,,,,0,,,,,,0,,,,,,,0
2018-03-05,,,,0,,,,,,0,,,,,,,0
2018-03-06,,,,0,,,,,,0,,,,,,,0
2018-03-07,,,,0,,,,,,0,,,,,,,0
2018-03-08,,,,0,,,,,,0,,,,,,,0
2018-03-09,,,,0,,,,,,0,,,,,,,0
2018-03-10,,,,0,,,,,,0,,,,,,,0
2018-03-11,,,,0,,,,,,0,,,,,,,0
2018-03-12,,,,0,,,,,,0,,,,,,,0
2018-03-13,,,,0,,,,,,0,,,,,,,0
2018-03-14,,,,0,,,,,,0,,,,,,,0
2018-03-15,,,,0,,,,,,0,,,,,,,0
2018-03-16,,,,0,,,,,,0,,,,,,,0
2018-03-17,,,,0,,,,,,0,,,,,,,0
2018-03-18,,,,0,,,,,,0,,,,,,,0
2018-03-19,,,,0,,,,,,0,,,,,,,0
2018-03-20,,,,0,,,,,,0,,,,,,,0
2018-03-21,,,,0,,,,,,0,,,,,,,0
2018-03-22,,,,0,,,,,,0,,,,,,,0
2018-03-23,,,,0,,,,,,0,,,,,,,0
2018-03-24,,,,0,,,,,,0,,,,,,,0
2018-03-25,,,,0,,,,,,0,,,,,,,0
2018-03-26,,,,0,,,,,,0,,,,,,,0
2018-03-27,,,,0,,,,,,0,,,,,,,0
2018-03-28,,,,0,,,,,,0,,,,,,,0
2018-03-29,,,,0,,,,,,0,,,,,,,0
2018-03-30,,,,0,,,,,,0,,,,,,,0
2018-03-31,,,,0,,,,,,0,,,,,,,0
2018-04-01,,,,0,,,,,,0,,,,,,,0
2018-04-02,,,,0,,,,,,0,,,,,,,0
2018-04-03,,,,0,,,,,,0,,,,,,,0
2018-04-04,,,,0,,,,,,0,,,,,,,0
2018-04-05,,,,0,,,,,,0,,,,,,,0
2018-04-06,,,,0,,,,,,0,,,,,,,0
2018-04-07,,,,0,,,,,,0,,,,,,,0
2018-04-08,,,,0,,,,,,0,,,,,,,0
2018-04-09,,,,0,,,,,,0,,,,,,,0
2018-04-10,,,,0,,,,,,0,,,,,,,0
2018-04-11,,,,0,,,,,,0,,,,,,,0
2018-04-12,,,,0,,,,,,0,,,,,,,0
2018-04-13,,,,0,,,,,,0,,,,,,,0
2018-04-14,,,,0,,,,,,0,,,,,,,0
2018-04-15,,,,0,,,,,,0,,,,,,,0
2018-04-16,,,,0,,,,,,0,,,,,,,0
2018-04-17,,,,0,,,,,,0,,,,,,,0
2018-04-18,,,,0,,,,,,0,,,,,,,0
2018-04-19,,,,0,,,,,,0,,,,,,,0
2018-04-20,,,,0,,,,,,0,,,,,,,0
2018-04-21,,,,0,,,,,,0,,,,,,,0
2018-04-22,,,,0,,,,,,0,,,,,,,0
2018-04-23,,,,0,,,,,,0,,,,,,,0
2018-04-24,,,,0,,,,,,0,,,,,,,0
2018-04-25,,,,0,,,,,,0,,,,,,,0
2018-04-26,,,,0,,,,,,0,,,,,,,0
2018-04-27,,,,0,,,,,,0,,,,,,,0
2018-04-28,,,,0,,,,,,0,,,,,,,0
2018-04-29,,,,0,,,,,,0,,,,,,,0
2018-04-30,,,,0,,,,,,0,,,,,,,0
2018-05-01,,,,0,,,,,,0,,,,,,,0
2018-05-02,,,,0,,,,,,0,,,,,,,0
2018-05-03,,,,0,,,,,,0,,,,,,,0
2018-05-04,,,,0,,,,,,0,,,,,,,0
2018-05-05,,,,0,,,,,,0,,,,,,,0
2018-05-06,,,,0,,,,,,0,,,,,,,0
2018-05-07,,,,0,,,,,,0,,,,,,,0
2018-05-08,,,,0,,,,,,0,,,,,,,0
2018-05-09,,,,0,,,,,,0,,,,,,,0
2018-05-10,,,,0,,,,,,0,,,,,,,0
2018-05-11,,,,0,,,,,,0,,,,,,,0
2018-05-12,,,,0,,,,,,0,,,,,,,0
2018-05-13,,,,0,,,,,,0,,,,,,,0
2018-05-14,,,,0,,,,,,0,,,,,,,0
2018-05-15,,,,0,,,,,,0,,,,,,,0
2018-05-16,,,,0,,,,,,0,,,,,,,0
2018-05-17,,,,0,,,,,,0,,,,,,,0
2018-05-18,,,,0,,,,,,0,,,,,,,0
2018-05-19,,,,0,,,,,,0,,,,,,,0
2018-05-20,,,,0,,,,,,0,,,,,,,0
2018-05-21,,,,0,,,,,,0,,,,,,,0
2018-05-22,,,,0,,,,,,0,,,,,,,0
2018-05-23,,,,0,,,,,,0,,,,,,,0
2018-05-24,,,,0,,,,,,0,,,,,,,0
2018-05-25,,,,0,,,,,,0,,,,,,,0
2018-05-26,,,,0,,,,,,0,,,,,,,0
2018-05-27,,,,0,,,,,,0,,,,,,,0
2018-05-28,,,,0,,,,,,0,,,,,,,0
2018-05-29,,,,0,,,,,,0,,,,,,,0
2018-05-30,,,,0,,,,,,0,,,,,,,0
2018-05-31,,,,0,,,,,,0,,,,,,,0
2018-06-01,,,,0,,,,,,0,,,,,,,0
2018-06-02,,,,0,,,,,,0,,,,,,,0
2018-06-03,,,,0,,,,,,0,,,,,,,0
2018-06-04,,,,0,,,,,,0,,,,,,,0
2018-06-05,,,,0,,,,,,0,,,,,,,0
2018-06-06,,,,0,,,,,,0,,,,,,,0
2018-06-07,,,,0,,,,,,0,,,,,,,0
2018-06-08,,,,0,,,,,,0,,,,,,,0
2018-06-09,,,,0,,,,,,0,,,,,,,0
2018-06-10,,,,0,,,,,,0,,,,,,,0
2018-06-11,,,,0,,,,,,0,,,,,,,0
2018-06-12,,,,0,,,,,,0,,,,,,,0
2018-06-13,,,,0,,,,,,0,,,,,,,0
2018-06-14,,,,0,,,,,,0,,,,,,,0
2018-06-15,,,,0,,,,,,0,,,,,,,0
2018-06-16,,,,0,,,,,,0,,,,,,,0
2018-06-17,,,,0,,,,,,0,,,,,,,0
2018-06-18,,,,0,,,,,,0,,,,,,,0
2018-06-19,,,,0,,,,,,0,,,,,,,0
2018-06-20,,,,0,,,,,,0,,,,,,,0
2018-06-21,,,,0,,,,,,0,,,,,,,0
2018-06-22,,,,0,,,,,,0,,,,,,,0
2018-06-23,,,,0,,,,,,0,,,,,,,0
2018-06-24,,,,0,,,,,,0,,,,,,,0
2018-06-25,,,,0,,,,,,0,,,,,,,0
2018-06-26,,,,0,,,,,,0,,,,,,,0
2018-06-27,,,,0,,,,,,0,,,,,,,0
2018-06-28,,,,0,,,,,,0,,,,,,,0
2018-06-29,,,,0,,,,,,0,,,,,,,0
2018-06-30,,,,0,,,,,,0,,,,,,,0
2018-07-01,,,,0,,,,,,0,,,,,,,0
2018-07-02,,,,0,,,,,,0,,,,,,,0
2018-07-03,,,,0,,,,,,0,,,,,,,0
2018-07-04,,,,0,,,,,,0,,,,,,,0
2018-07-05,,,,0,,,,,,0,,,,,,,0
2018-07-06,,,,0,,,,,,0,,,,,,,0
2018-07-07,,,,0,,,,,,0,,,,,,,0
2018-07-08,,,,0,,,,,,0,,,,,,,0
2018-07-09,,,,0,,,,,,0,,,,,,,0
2018-07-10,,,,0,,,,,,0,,,,,,,0
2018-07-11,,,,0,,,,,,0,,,,,,,0
2018-07-12,,,,0,,,,,,0,,,,,,,0
2018-07-13,,,,0,,,,,,0,,,,,,,0
2018-07-14,,,,0,,,,,,0,,,,,,,0
2018-07-15,,,,0,,,,,,0,,,,,,,0
2018-07-16,,,,0,,,,,,0,,,,,,,0
2018-07-17,,,,0,,,,,,0,,,,,,,0
2018-07-18,,,,0,,,,,,0,,,,,,,0
2018-07-19,,,,0,,,,,,0,,,,,,,0
2018-07-20,,,,0,,,,,,0,,,,,,,0
2018-07-21,,,,0,,,,,,0,,,,,,,0
2018-07-22,,,,0,,,,,,0,,,,,,,0
2018-07-23,,,,0,,,,,,0,,,,,,,0
2018-07-24,,,,0,,,,,,0,,,,,,,0
2018-07-25,,,,0,,,,,,0,,,,,,,0
2018-07-26,,,,0,,,,,,0,,,,,,,0
2018-07-27,,,,0,,,,,,0,,,,,,,0
2018-07-28,,,,0,,,,,,0,,,,,,,0
2018-07-29,,,,0,,,,,,0,,,,,,,0
2018-07-30,,,,0,,,,,,0,,,,,,,0
2018-07-31,,,,0,,,,,,0,,,,,,,0
2018-08-01,,,,0,,,,,,0,,,,,,,0
2018-08-02,,,,0,,,,,,0,,,,,,,0
2018-08-03,,,,0,,,,,,0,,,,,,,0
2018-08-04,,,,0,,,,,,0,,,,,,,0
2018-08-05,,,,0,,,,,,0,,,,,,,0
2018-08-06,,,,0,,,,,,0,,,,,,,0
2018-08-07,,,,0,,,,,,0,,,,,,,0
2018-08-08,,,,0,,,,,,0,,,,,,,0
2018-08-09,,,,0,,,,,,0,,,,,,,0
2018-08-10,,,,0,,,,,,0,,,,,,,0
2018-08-11,,,,0,,,,,,0,,,,,,,0
2018-08-12,,,,0,,,,,,0,,,,,,,0
2018-08-13,,,,0,,,,,,0,,,,,,,0
2018-08-14,,,,0,,,,,,0,,,,,,,0
2018-08-15,,,,0,,,,,,0,,,,,,,0
2018-08-16,,,,0,,,,,,0,,,,,,,0
2018-08-17,,,,0,,,,,,0,,,,,,,0
2018-08-18,,,,0,,,,,,0,,,,,,,0
2018-08-19,,,,0,,,,,,0,,,,,,,0
2018-08-20,,,,0,,,,,,0,,,,,,,0
2018-08-21,,,,0,,,,,,0,,,,,,,0
2018-08-22,,,,0,,,,,,0,,,,,,,0
2018-08-23,,,,0,,,,,,0,,,,,,,0
2018-08-24,,,,0,,,,,,0,,,,,,,0
2018-08-25,,,,0,,,,,,0,,,,,,,0
2018-08-26,,,,0,,,,,,0,,,,,,,0
2018-08-27,,,,0,,,,,,0,,,,,,,0
2018-08-28,,,,0,,,,,,0,,,,,,,0
2018-08-29,,,,0,,,,,,0,,,,,,,0
2018-08-30,,,,0,,,,,,0,,,,,,,0
2018-08-31,,,,0,,,,,,0,,,,,,,0
2018-09-01,,,,0,,,,,,0,,,,,,,0
2018-09-02,,,,0,,,,,,0,,,,,,,0
2018-09-03,,,,0,,,,,,0,,,,,,,0
2018-09-04,,,,0,,,,,,0,,,,,,,0
2018-09-05,,,,0,,,,,,0,,,,,,,0
2018-09-06,,,,0,,,,,,0,,,,,,,0
2018-09-07,,,,0,,,,,,0,,,,,,,0
2018-09-08,,,,0,,,,,,0,,,,,,,0
2018-09-09,,,,0,,,,,,0,,,,,,,0
2018-09-10,,,,0,,,,,,0,,,,,,,0
2018-09-11,,,,0,,,,,,0,,,,,,,0
2018-09-12,,,,0,,,,,,0,,,,,,,0
2018-09-13,,,,0,,,,,,0,,,,,,,0
2018-09-14,,,,0,,,,,,0,,,,,,,0
2018-09-15,,,,0,,,,,,0,,,,,,,0
2018-09-16,,,,0,,,,,,0,,,,,,,0
2018-09-17,,,,0,,,,,,0,,,,,,,0
2018-09-18,,,,0,,,,,,0,,,,,,,0
2018-09-19,,,,0,,,,,,0,,,,,,,0
2018-09-20,,,,0,,,,,,0,,,,,,,0
2018-09-21,,,,0,,,,,,0,,,,,,,0
2018-09-22,,,,0,,,,,,0,,,,,,,0
2018-09-23,,,,0,,,,,,0,,,,,,,0
2018-09-24,,,,0,,,,,,0,,,,,,,0
2018-09-25,,,,0,,,,,,0,,,,,,,0
2018-09-26,,,,0,,,,,,0,,,,,,,0
2018-09-27,,,,0,,,,,,0,,,,,,,0
2018-09-28,,,,0,,,,,,0,,,,,,,0
2018-09-29,,,,0,,,,,,0,,,,,,,0
2018-09-30,,,,0,,,,,,0,,,,,,,0
2018-10-01,,,,0,,,,,,0,,,,,,,0
2018-10-02,,,,0,,,,,,0,,,,,,,0
2018-10-03,,,,0,,,,,,0,,,,,,,0
2018-10-04,,,,0,,,,,,0,,,,,,,0
2018-10-05,,,,0,,,,,,0,,,,,,,0
2018-10-06,,,,0,,,,,,0,,,,,,,0
2018-10-07,,,,0,,,,,,0,,,,,,,0
2018-10-08,,,,0,,,,,,0,,,,,,,0
2018-10-09,,,,0,,,,,,0,,,,,,,0
2018-10-10,,,,0,,,,,,0,,,,,,,0
2018-10-11,,,,0,,,,,,0,,,,,,,0
2018-10-12,,,,0,,,,,,0,,,,,,,0
2018-10-13,,,,0,,,,,,0,,,,,,,0
2018-10-14,,,,0,,,,,,0,,,,,,,0
2018-10-15,,,,0,,,,,,0,,,,,,,0
2018-10-16,,,,0,,,,,,0,,,,,,,0
2018-10-17,,,,0,,,,,,0,,,,,,,0
2018-10-18,,,,0,,,,,,0,,,,,,,0
2018-10-19,,,,0,,,,,,0,,,,,,,0
2018-10-20,,,,0,,,,,,0,,,,,,,0
2018-10-21,,,,0,,,,,,0,,,,,,,0
2018-10-22,,,,0,,,,,,0,,,,,,,0
2018-10-23,,,,0,,,,,,0,,,,,,,0
2018-10-24,,,,0,,,,,,0,,,,,,,0
2018-10-25,,,,0,,,,,,0,,,,,,,0
2018-10-26,,,,0,,,,,,0,,,,,,,0
2018-10-27,,,,0,,,,,,0,,,,,,,0
2018-10-28,,,,0,,,,,,0,,,,,,,0
2018-10-29,,,,0,,,,,,0,,,,,,,0
2018-10-30,,,,0,,,,,,0,,,,,,,0
2018-10-31,,,,0,,,,,,0,,,,,,,0
2018-11-01,,,,0,,,,,,0,,,,,,,0
2018-11-02,,,,0,,,,,,0,,,,,,,0
2018-11-03,,,,0,,,,,,0,,,,,,,0
2018-11-04,,,,0,,,,,,0,,,,,,,0
2018-11-05,,,,0,,,,,,0,,,,,,,0
2018-11-06,,,,0,,,,,,0,,,,,,,0
2018-11-07,,,,0,,,,,,0,,,,,,,0
2018-11-08,,,,0,,,,,,0,,,,,,,0
2018-11-09,,,,0,,,,,,0,,,,,,,0
2018-11-10,,,,0,,,,,,0,,,,,,,0
2018-11-11,,,,0,,,,,,0,,,,,,,0
2018-11-12,,,,0,,,,,,0,,,,,,,0
2018-11-13,,,,0,,,,,,0,,,,,,,0
2018-11-14,,,,0,,,,,,0,,,,,,,0
2018-11-15,,,,0,,,,,,0,,,,,,,0
2018-11-16,,,,0,,,,,,0,,,,,,,0
2018-11-17,,,,0,,,,,,0,,,,,,,0
2018-11-18,,,,0,,,,,,0,,,,,,,0
2018-11-19,,,,0,,,,,,0,,,,,,,0
2018-11-20,,,,0,,,,,,0,,,,,,,0
2018-11-21,,,,0,,,,,,0,,,,,,,0
2018-11-22,,,,0,,,,,,0,,,,,,,0
2018-11-23,,,,0,,,,,,0,,,,,,,0
2018-11-24,,,,0,,,,,,0,,,,,,,0
2018-11-25,,,,0,,,,,,0,,,,,,,0
2018-11-26,,,,0,,,,,,0,,,,,,,0
2018-11-27,,,,0,,,,,,0,,,,,,,0
2018-11-28,,,,0,,,,,,0,,,,,,,0
2018-11-29,,,,0,,,,,,0,,,,,,,0
2018-11-30,,,,0,,,,,,0,,,,,,,0
2018-12-01,,,,0,,,,,,0,,,,,,,0
2018-12-02,,,,0,,,,,,0,,,,,,,0
2018-12-03,,,,0,,,,,,0,,,,,,,0
2018-12-04,,,,0,,,,,,0,,,,,,,0
2018-12-05,,,,0,,,,,,0,,,,,,,0
2018-12-06,,,,0,,,,,,0,,,,,,,0
2018-12-07,,,,0,,,,,,0,,,,,,,0
2018-12-08,,,,0,,,,,,0,,,,,,,0
2018-12-09,,,,0,,,,,,0,,,,,,,0
2018-12-10,,,,0,,,,,,0,,,,,,,0
2018-12-11,,,,0,,,,,,0,,,,,,,0
2018-12-12,,,,0,,,,,,0,,,,,,,0
2018-12-13,,,,0,,,,,,0,,,,,,,0
2018-12-14,,,,0,,,,,,0,,,,,,,0
2018-12-15,,,,0,,,,,,0,,,,,,,0
2018-12-16,,,,0,,,,,,0,,,,,,,0
2018-12-17,,,,0,,,,,,0,,,,,,,0
2018-12-18,,,,0,,,,,,0,,,,,,,0
2018-12-19,,,,0,,,,,,0,,,,,,,0
2018-12-20,,,,0,,,,,,0,,,,,,,0
2018-12-21,,,,0,,,,,,0,,,,,,,0
2018-12-22,,,,0,,,,,,0,,,,,,,0
2018-12-23,,,,0,,,,,,0,,,,,,,0
2018-12-24,,,,0,,,,,,0,,,,,,,0
2018-12-25,,,,0,,,,,,0,,,,,,,0
2018-12-26,,,,0,,,,,,0,,,,,,,0
2018-12-27,,,,0,,,,,,0,,,,,,,0
2018-12-28,,,,0,,,,,,0,,,,,,,0
2018-12-29,,,,0,,,,,,0,,,,,,,0
2018-12-30,,,,0,,,,,,0,,,,,,,0
2018-12-31,,,,0,,,,,,0,,,,,,,0
2019-01-01,,,,0,,,,,,0,,,,,,,0
2019-01-02,,,,0,,,,,,0,,,,,,,0
2019-01-03,,,,0,,,,,,0,,,,,,,0
2019-01-04,,,,0,,,,,,0,,,,,,,0
2019-01-05,,,,0,,,,,,0,,,,,,,0
2019-01-06,,,,0,,,,,,0,,,,,,,0
2019-01-07,,,,0,,,,,,0,,,,,,,0
2019-01-08,,,,0,,,,,,0,,,,,,,0
2019-01-09,,,,0,,,,,,0,,,,,,,0
2019-01-10,,,,0,,,,,,0,,,,,,,0
2019-01-11,,,,0,,,,,,0,,,,,,,0
2019-01-12,,,,0,,,,,,0,,,,,,,0
2019-01-13,,,,0,,,,,,0,,,,,,,0
2019-01-14,,,,0,,,,,,0,,,,,,,0
2019-01-15,,,,0,,,,,,0,,,,,,,0
2019-01-16,,,,0,,,,,,0,,,,,,,0
2019-01-17,,,,0,,,,,,0,,,,,,,0
2019-01-18,,,,0,,,,,,0,,,,,,,0
2019-01-19,,,,0,,,,,,0,,,,,,,0
2019-01-20,,,,0,,,,,,0,,,,,,,0
2019-01-21,,,,0,,,,,,0,,,,,,,0
2019-01-22,,,,0,,,,,,0,,,,,,,0
2019-01-23,,,,0,,,,,,0,,,,,,,0
2019-01-24,,,,0,,,,,,0,,,,,,,0
2019-01-25,,,,0,,,,,,0,,,,,,,0
2019-01-26,,,,0,,,,,,0,,,,,,,0
2019-01-27,,,,0,,,,,,0,,,,,,,0
2019-01-28,,,,0,,,,,,0,,,,,,,0
2019-01-29,,,,0,,,,,,0,,,,,,,0
2019-01-30,,,,0,,,,,,0,,,,,,,0
2019-01-31,,,,0,,,,,,0,,,,,,,0
2019-02-01,,,,0,,,,,,0,,,,,,,0
2019-02-02,,,,0,,,,,,0,,,,,,,0
2019-02-03,,,,0,,,,,,0,,,,,,,0
2019-02-04,,,,0,,,,,,0,,,,,,,0
2019-02-05,,,,0,,,,,,0,,,,,,,0
2019-02-06,,,,0,,,,,,0,,,,,,,0
2019-02-07,,,,0,,,,,,0,,,,,,,0
2019-02-08,,,,0,,,,,,0,,,,,,,0
2019-02-09,,,,0,,,,,,0,,,,,,,0
2019-02-10,,,,0,,,,,,0,,,,,,,0
2019-02-11,,,,0,,,,,,0,,,,,,,0
2019-02-12,,,,0,,,,,,0,,,,,,,0
2019-02-13,,,,0,,,,,,0,,,,,,,0
2019-02-14,,,,0,,,,,,0,,,,,,,0
2019-02-15,,,,0,,,,,,0,,,,,,,0
2019-02-16,,,,0,,,,,,0,,,,,,,0
2019-02-17,,,,0,,,,,,0,,,,,,,0
2019-02-18,,,,0,,,,,,0,,,,,,,0
2019-02-19,,,,0,,,,,,0,,,,,,,0
2019-02-20,,,,0,,,,,,0,,,,,,,0
2019-02-21,,,,0,,,,,,0,,,,,,,0
2019-02-22,,,,0,,,,,,0,,,,,,,0
2019-02-23,,,,0,,,,,,0,,,,,,,0
2019-02-24,,,,0,,,,,,0,,,,,,,0
2019-02-25,,,,0,,,,,,0,,,,,,,0
2019-02-26,,,,0,,,,,,0,,,,,,,0
2019-02-27,,,,0,,,,,,0,,,,,,,0
2019-02-28,,,,0,,,,,,0,,,,,,,0
2019-03-01,,,,0,,,,,,0,,,,,,,0
2019-03-02,,,,0,,,,,,0,,,,,,,0
2019-03-03,,,,0,,,,,,0,,,,,,,0
2019-03-04,,,,0,,,,,,0,,,,,,,0
2019-03-05,,,,0,,,,,,0,,,,,,,0
2019-03-06,,,,0,,,,,,0,,,,,,,0
2019-03-07,,,,0,,,,,,0,,,,,,,0
2019-03-08,,,,0,,,,,,0,,,,,,,0
2019-03-09,,,,0,,,,,,0,,,,,,,0
2019-03-10,,,,0,,,,,,0,,,,,,,0
2019-03-11,,,,0,,,,,,0,,,,,,,0
2019-03-12,,,,0,,,,,,0,,,,,,,0
2019-03-13,,,,0,,,,,,0,,,,,,,0
2019-03-14,,,,0,,,,,,0,,,,,,,0
2019-03-15,,,,0,,,,,,0,,,,,,,0
2019-03-16,,,,0,,,,,,0,,,,,,,0
2019-03-17,,,,0,,,,,,0,,,,,,,0
2019-03-18,,,,0,,,,,,0,,,,,,,0
2019-03-19,,,,0,,,,,,0,,,,,,,0
2019-03-20,,,,0,,,,,,0,,,,,,,0
2019-03-21,,,,0,,,,,,0,,,,,,,0
2019-03-22,,,,0,,,,,,0,,,,,,,0
2019-03-23,,,,0,,,,,,0,,,,,,,0
2019-03-24,,,,0,,,,,,0,,,,,,,0
2019-03-25,,,,0,,,,,,0,,,,,,,0
2019-03-26,,,,0,,,,,,0,,,,,,,0
2019-03-27,,,,0,,,,,,0,,,,,,,0
2019-03-28,,,,0,,,,,,0,,,,,,,0
2019-03-29,,,,0,,,,,,0,,,,,,,0
2019-03-30,,,,0,,,,,,0,,,,,,,0
2019-03-31,,,,0,,,,,,0,,,,,,,0
2019-04-01,,,,0,,,,,,0,,,,,,,0
2019-04-02,,,,0,,,,,,0,,,,,,,0
2019-04-03,,,,0,,,,,,0,,,,,,,0
2019-04-04,,,,0,,,,,,0,,,,,,,0
2019-04-05,,,,0,,,,,,0,,,,,,,0
2019-04-06,,,,0,,,,,,0,,,,,,,0
2019-04-07,,,,0,,,,,,0,,,,,,,0
2019-04-08,,,,0,,,,,,0,,,,,,,0
2019-04-09,,,,0,,,,,,0,,,,,,,0
2019-04-10,,,,0,,,,,,0,,,,,,,0
2019-04-11,,,,0,,,,,,0,,,,,,,0
2019-04-12,,,,0,,,,,,0,,,,,,,0
2019-04-13,,,,0,,,,,,0,,,,,,,0
2019-04-14,,,,0,,,,,,0,,,,,,,0
2019-04-15,,,,0,,,,,,0,,,,,,,0
2019-04-16,,,,0,,,,,,0,,,,,,,0
2019-04-17,,,,0,,,,,,0,,,,,,,0
2019-04-18,,,,0,,,,,,0,,,,,,,0
2019-04-19,,,,0,,,,,,0,,,,,,,0
2019-04-20,,,,0,,,,,,0,,,,,,,0
2019-04-21,,,,0,,,,,,0,,,,,,,0
2019-04-22,,,,0,,,,,,0,,,,,,,0
2019-04-23,,,,0,,,,,,0,,,,,,,0
2019-04-24,,,,0,,,,,,0,,,,,,,0
2019-04-25,,,,0,,,,,,0,,,,,,,0
2019-04-26,,,,0,,,,,,0,,,,,,,0
2019-04-27,,,,0,,,,,,0,,,,,,,0
2019-04-28,,,,0,,,,,,0,,,,,,,0
2019-04-29,,,,0,,,,,,0,,,,,,,0
2019-04-30,,,,0,,,,,,0,,,,,,,0
2019-05-01,,,,0,,,,,,0,,,,,,,0
2019-05-02,,,,0,,,,,,0,,,,,,,0
2019-05-03,,,,0,,,,,,0,,,,,,,0
2019-05-04,,,,0,,,,,,0,,,,,,,0
2019-05-05,,,,0,,,,,,0,,,,,,,0
2019-05-06,,,,0,,,,,,0,,,,,,,0
2019-05-07,,,,0,,,,,,0,,,,,,,0
2019-05-08,,,,0,,,,,,0,,,,,,,0
2019-05-09,,,,0,,,,,,0,,,,,,,0
2019-05-10,,,,0,,,,,,0,,,,,,,0
2019-05-11,,,,0,,,,,,0,,,,,,,0
2019-05-12,,,,0,,,,,,0,,,,,,,0
2019-05-13,,,,0,,,,,,0,,,,,,,0
2019-05-14,,,,0,,,,,,0,,,,,,,0
2019-05-15,,,,0,,,,,,0,,,,,,,0
2019-05-16,,,,0,,,,,,0,,,,,,,0
2019-05-17,,,,0,,,,,,0,,,,,,,0
2019-05-18,,,,0,,,,,,0,,,,,,,0
2019-05-19,,,,0,,,,,,0,,,,,,,0
2019-05-20,,,,0,,,,,,0,,,,,,,0
2019-05-21,,,,0,,,,,,0,,,,,,,0
2019-05-22,,,,0,,,,,,0,,,,,,,0
2019-05-23,,,,0,,,,,,0,,,,,,,0
2019-05-24,,,,0,,,,,,0,,,,,,,0
2019-05-25,,,,0,,,,,,0,,,,,,,0
2019-05-26,,,,0,,,,,,0,,,,,,,0
2019-05-27,,,,0,,,,,,0,,,,,,,0
2019-05-28,,,,0,,,,,,0,,,,,,,0
2019-05-29,,,,0,,,,,,0,,,,,,,0
2019-05-30,,,,0,,,,,,0,,,,,,,0
2019-05-31,,,,0,,,,,,0,,,,,,,0
2019-06-01,,,,0,,,,,,0,,,,,,,0
2019-06-02,,,,0,,,,,,0,,,,,,,0
2019-06-03,,,,0,,,,,,0,,,,,,,0
2019-06-04,,,,0,,,,,,0,,,,,,,0
2019-06-05,,,,0,,,,,,0,,,,,,,0
2019-06-06,,,,0,,,,,,0,,,,,,,0
2019-06-07,,,,0,,,,,,0,,,,,,,0
2019-06-08,,,,0,,,,,,0,,,,,,,0
2019-06-09,,,,0,,,,,,0,,,,,,,0
2019-06-10,,,,0,,,,,,0,,,,,,,0
2019-06-11,,,,0,,,,,,0,,,,,,,0
2019-06-12,,,,0,,,,,,0,,,,,,,0
2019-06-13,,,,0,,,,,,0,,,,,,,0
2019-06-14,,,,0,,,,,,0,,,,,,,0
2019-06-15,,,,0,,,,,,0,,,,,,,0
2019-06-16,,,,0,,,,,,0,,,,,,,0
2019-06-17,,,,0,,,,,,0,,,,,,,0
2019-06-18,,,,0,,,,,,0,,,,,,,0
2019-06-19,,,,0,,,,,,0,,,,,,,0
2019-06-20,,,,0,,,,,,0,,,,,,,0
2019-06-21,,,,0,,,,,,0,,,,,,,0
2019-06-22,,,,0,,,,,,0,,,,,,,0
2019-06-23,,,,0,,,,,,0,,,,,,,0
2019-06-24,,,,0,,,,,,0,,,,,,,0
2019-06-25,,,,0,,,,,,0,,,,,,,0
2019-06-26,,,,0,,,,,,0,,,,,,,0
2019-06-27,,,,0,,,,,,0,,,,,,,0
2019-06-28,,,,0,,,,,,0,,,,,,,0
2019-06-29,,,,0,,,,,,0,,,,,,,0
2019-06-30,,,,0,,,,,,0,,,,,,,0
2019-07-01,,,,0,,,,,,0,,,,,,,0
2019-07-02,,,,0,,,,,,0,,,,,,,0
2019-07-03,,,,0,,,,,,0,,,,,,,0
2019-07-04,,,,0,,,,,,0,,,,,,,0
2019-07-05,,,,0,,,,,,0,,,,,,,0
2019-07-06,,,,0,,,,,,0,,,,,,,0
2019-07-07,,,,0,,,,,,0,,,,,,,0
2019-07-08,,,,0,,,,,,0,,,,,,,0
2019-07-09,,,,0,,,,,,0,,,,,,,0
2019-07-10,,,,0,,,,,,0,,,,,,,0
2019-07-11,,,,0,,,,,,0,,,,,,,0
2019-07-12,,,,0,,,,,,0,,,,,,,0
2019-07-13,,,,0,,,,,,0,,,,,,,0
2019-07-14,,,,0,,,,,,0,,,,,,,0
2019-07-15,,,,0,,,,,,0,,,,,,,0
2019-07-16,,,,0,,,,,,0,,,,,,,0
2019-07-17,,,,0,,,,,,0,,,,,,,0
2019-07-18,,,,0,,,,,,0,,,,,,,0
2019-07-19,,,,0,,,,,,0,,,,,,,0
2019-07-20,,,,0,,,,,,0,,,,,,,0
2019-07-21,,,,0,,,,,,0,,,,,,,0
2019-07-22,,,,0,,,,,,0,,,,,,,0
2019-07-23,,,,0,,,,,,0,,,,,,,0
2019-07-24,,,,0,,,,,,0,,,,,,,0
2019-07-25,,,,0,,,,,,0,,,,,,,0
2019-07-26,,,,0,,,,,,0,,,,,,,0
2019-07-27,,,,0,,,,,,0,,,,,,,0
2019-07-28,,,,0,,,,,,0,,,,,,,0
2019-07-29,,,,0,,,,,,0,,,,,,,0
2019-07-30,,,,0,,,,,,0,,,,,,,0
2019-07-31,,,,0,,,,,,0,,,,,,,0
2019-08-01,,,,0,,,,,,0,,,,,,,0
2019-08-02,,,,0,,,,,,0,,,,,,,0
2019-08-03,,,,0,,,,,,0,,,,,,,0
2019-08-04,,,,0,,,,,,0,,,,,,,0
2019-08-05,,,,0,,,,,,0,,,,,,,0
2019-08-06,,,,0,,,,,,0,,,,,,,0
2019-08-07,,,,0,,,,,,0,,,,,,,0
2019-08-08,,,,0,,,,,,0,,,,,,,0
2019-08-09,,,,0,,,,,,0,,,,,,,0
2019-08-10,,,,0,,,,,,0,,,,,,,0
2019-08-11,,,,0,,,,,,0,,,,,,,0
2019-08-12,,,,0,,,,,,0,,,,,,,0
2019-08-13,,,,0,,,,,,0,,,,,,,0
2019-08-14,,,,0,,,,,,0,,,,,,,0
2019-08-15,,,,0,,,,,,0,,,,,,,0
2019-08-16,,,,0,,,,,,0,,,,,,,0
2019-08-17,,,,0,,,,,,0,,,,,,,0
2019-08-18,,,,0,,,,,,0,,,,,,,0
2019-08-19,,,,0,,,,,,0,,,,,,,0
2019-08-20,,,,0,,,,,,0,,,,,,,0
2019-08-21,,,,0,,,,,,0,,,,,,,0
2019-08-22,,,,0,,,,,,0,,,,,,,0
2019-08-23,,,,0,,,,,,0,,,,,,,0
2019-08-24,,,,0,,,,,,0,,,,,,,0
2019-08-25,,,,0,,,,,,0,,,,,,,0
2019-08-26,,,,0,,,,,,0,,,,,,,0
2019-08-27,,,,0,,,,,,0,,,,,,,0
2019-08-28,,,,0,,,,,,0,,,,,,,0
2019-08-29,,,,0,,,,,,0,,,,,,,0
2019-08-30,,,,0,,,,,,0,,,,,,,0
2019-08-31,,,,0,,,,,,0,,,,,,,0
2019-09-01,,,,0,,,,,,0,,,,,,,0
2019-09-02,,,,0,,,,,,0,,,,,,,0
2019-09-03,,,,0,,,,,,0,,,,,,,0
2019-09-04,,,,0,,,,,,0,,,,,,,0
2019-09-05,,,,0,,,,,,0,,,,,,,0
2019-09-06,,,,0,,,,,,0,,,,,,,0
2019-09-07,,,,0,,,,,,0,,,,,,,0
2019-09-08,,,,0,,,,,,0,,,,,,,0
2019-09-09,,,,0,,,,,,0,,,,,,,0
2019-09-10,,,,0,,,,,,0,,,,,,,0
2019-09-11,,,,0,,,,,,0,,,,,,,0
2019-09-12,,,,0,,,,,,0,,,,,,,0
2019-09-13,,,,0,,,,,,0,,,,,,,0
2019-09-14,,,,0,,,,,,0,,,,,,,0
2019-09-15,,,,0,,,,,,0,,,,,,,0
2019-09-16,,,,0,,,,,,0,,,,,,,0
2019-09-17,,,,0,,,,,,0,,,,,,,0
2019-09-18,,,,0,,,,,,0,,,,,,,0
2019-09-19,,,,0,,,,,,0,,,,,,,0
2019-09-20,,,,0,,,,,,0,,,,,,,0
2019-09-21,,,,0,,,,,,0,,,,,,,0
2019-09-22,,,,0,,,,,,0,,,,,,,0
2019-09-23,,,,0,,,,,,0,,,,,,,0
2019-09-24,,,,0,,,,,,0,,,,,,,0
2019-09-25,,,,0,,,,,,0,,,,,,,0
2019-09-26,,,,0,,,,,,0,,,,,,,0
2019-09-27,,,,0,,,,,,0,,,,,,,0
2019-09-28,,,,0,,,,,,0,,,,,,,0
2019-09-29,,,,0,,,,,,0,,,,,,,0
2019-09-30,,,,0,,,,,,0,,,,,,,0
2019-10-01,,,,0,,,,,,0,,,,,,,0
2019-10-02,,,,0,,,,,,0,,,,,,,0
2019-10-03,,,,0,,,,,,0,,,,,,,0
2019-10-04,,,,0,,,,,,0,,,,,,,0
2019-10-05,,,,0,,,,,,0,,,,,,,0
2019-10-06,,,,0,,,,,,0,,,,,,,0
2019-10-07,,,,0,,,,,,0,,,,,,,0
2019-10-08,,,,0,,,,,,0,,,,,,,0
2019-10-09,,,,0,,,,,,0,,,,,,,0
2019-10-10,,,,0,,,,,,0,,,,,,,0
2019-10-11,,,,0,,,,,,0,,,,,,,0
2019-10-12,,,,0,,,,,,0,,,,,,,0
2019-10-13,,,,0,,,,,,0,,,,,,,0
2019-10-14,,,,0,,,,,,0,,,,,,,0
2019-10-15,,,,0,,,,,,0,,,,,,,0
2019-10-16,,,,0,,,,,,0,,,,,,,0
2019-10-17,,,,0,,,,,,0,,,,,,,0
2019-10-18,,,,0,,,,,,0,,,,,,,0
2019-10-19,,,,0,,,,,,0,,,,,,,0
2019-10-20,,,,0,,,,,,0,,,,,,,0
2019-10-21,,,,0,,,,,,0,,,,,,,0
2019-10-22,,,,0,,,,,,0,,,,,,,0
2019-10-23,,,,0,,,,,,0,,,,,,,0
2019-10-24,,,,0,,,,,,0,,,,,,,0
2019-10-25,,,,0,,,,,,0,,,,,,,0
2019-10-26,,,,0,,,,,,0,,,,,,,0
2019-10-27,,,,0,,,,,,0,,,,,,,0
2019-10-28,,,,0,,,,,,0,,,,,,,0
2019-10-29,,,,0,,,,,,0,,,,,,,0
2019-10-30,,,,0,,,,,,0,,,,,,,0
2019-10-31,,,,0,,,,,,0,,,,,,,0
2019-11-01,,,,0,,,,,,0,,,,,,,0
2019-11-02,,,,0,,,,,,0,,,,,,,0
2019-11-03,,,,0,,,,,,0,,,,,,,0
2019-11-04,,,,0,,,,,,0,,,,,,,0
2019-11-05,,,,0,,,,,,0,,,,,,,0
2019-11-06,,,,0,,,,,,0,,,,,,,0
2019-11-07,,,,0,,,,,,0,,,,,,,0
2019-11-08,,,,0,,,,,,0,,,,,,,0
2019-11-09,,,,0,,,,,,0,,,,,,,0
2019-11-10,,,,0,,,,,,0,,,,,,,0
2019-11-11,,,,0,,,,,,0,,,,,,,0
2019-11-12,,,,0,,,,,,0,,,,,,,0
2019-11-13,,,,0,,,,,,0,,,,,,,0
2019-11-14,,,,0,,,,,,0,,,,,,,0
2019-11-15,,,,0,,,,,,0,,,,,,,0
2019-11-16,,,,0,,,,,,0,,,,,,,0
2019-11-17,,,,0,,,,,,0,,,,,,,0
2019-11-18,,,,0,,,,,,0,,,,,,,0
2019-11-19,,,,0,,,,,,0,,,,,,,0
2019-11-20,,,,0,,,,,,0,,,,,,,0
2019-11-21,,,,0,,,,,,0,,,,,,,0
2019-11-22,,,,0,,,,,,0,,,,,,,0
2019-11-23,,,,0,,,,,,0,,,,,,,0
2019-11-24,,,,0,,,,,,0,,,,,,,0
2019-11-25,,,,0,,,,,,0,,,,,,,0
2019-11-26,,,,0,,,,,,0,,,,,,,0
2019-11-27,,,,0,,,,,,0,,,,,,,0
2019-11-28,,,,0,,,,,,0,,,,,,,0
2019-11-29,,,,0,,,,,,0,,,,,,,0
2019-11-30,,,,0,,,,,,0,,,,,,,0
2019-12-01,,,,0,,,,,,0,,,,,,,0
2019-12-02,,,,0,,,,,,0,,,,,,,0
2019-12-03,,,,0,,,,,,0,,,,,,,0
2019-12-04,,,,0,,,,,,0,,,,,,,0
2019-12-05,,,,0,,,,,,0,,,,,,,0
2019-12-06,,,,0,,,,,,0,,,,,,,0
2019-12-07,,,,0,,,,,,0,,,,,,,0
2019-12-08,,,,0,,,,,,0,,,,,,,0
2019-12-09,,,,0,,,,,,0,,,,,,,0
2019-12-10,,,,0,,,,,,0,,,,,,,0
2019-12-11,,,,0,,,,,,0,,,,,,,0
2019-12-12,,,,0,,,,,,0,,,,,,,0
2019-12-13,,,,0,,,,,,0,,,,,,,0
2019-12-14,,,,0,,,,,,0,,,,,,,0
2019-12-15,,,,0,,,,,,0,,,,,,,0
2019-12-16,,,,0,,,,,,0,,,,,,,0
2019-12-17,,,,0,,,,,,0,,,,,,,0
2019-12-18,,,,0,,,,,,0,,,,,,,0
2019-12-19,,,,0,,,,,,0,,,,,,,0
2019-12-20,,,,0,,,,,,0,,,,,,,0
2019-12-21,,,,0,,,,,,0,,,,,,,0
2019-12-22,,,,0,,,,,,0,,,,,,,0
2019-12-23,,,,0,,,,,,0,,,,,,,0
2019-12-24,,,,0,,,,,,0,,,,,,,0
2019-12-25,,,,0,,,,,,0,,,,,,,0
2019-12-26,,,,0,,,,,,0,,,,,,,0
2019-12-27,,,,0,,,,,,0,,,,,,,0
2019-12-28,,,,0,,,,,,0,,,,,,,0
2019-12-29,,,,0,,,,,,0,,,,,,,0
2019-12-30,,,,0,,,,,,0,,,,,,,0
2019-12-31,,,,0,,,,,,0,,,,,,,0
2020-01-01,,,,0,,,,,,0,,,,,,,0
2020-01-02,,,,0,,,,,,0,,,,,,,0
2020-01-03,,,,0,,,,,,0,,,,,,,0
2020-01-04,,,,0,,,,,,0,,,,,,,0
2020-01-05,,,,0,,,,,,0,,,,,,,0
2020-01-06,,,,0,,,,,,0,,,,,,,0
2020-01-07,,,,0,,,,,,0,,,,,,,0
2020-01-08,,,,0,,,,,,0,,,,,,,0
2020-01-09,,,,0,,,,,,0,,,,,,,0
2020-01-10,,,,0,,,,,,0,,,,,,,0
2020-01-11,,,,0,,,,,,0,,,,,,,0
2020-01-12,,,,0,,,,,,0,,,,,,,0
2020-01-13,,,,0,,,,,,0,,,,,,,0
2020-01-14,,,,0,,,,,,0,,,,,,,0
2020-01-15,,,,0,,,,,,0,,,,,,,0
2020-01-16,,,,0,,,,,,0,,,,,,,0
2020-01-17,,,,0,,,,,,0,,,,,,,0
2020-01-18,,,,0,,,,,,0,,,,,,,0
2020-01-19,,,,0,,,,,,0,,,,,,,0
2020-01-20,,,,0,,,,,,0,,,,,,,0
2020-01-21,,,,0,,,,,,0,,,,,,,0
2020-01-22,,,,0,,,,,,0,,,,,,,0
2020-01-23,,,,0,,,,,,0,,,,,,,0
2020-01-24,,,,0,,,,,,0,,,,,,,0
2020-01-25,,,,0,,,,,,0,,,,,,,0
2020-01-26,,,,0,,,,,,0,,,,,,,0
2020-01-27,,,,0,,,,,,0,,,,,,,0
2020-01-28,,,,0,,,,,,0,,,,,,,0
2020-01-29,,,,0,,,,,,0,,,,,,,0
2020-01-30,,,,0,,,,,,0,,,,,,,0
2020-01-31,,,,0,,,,,,0,,,,,,,0
2020-02-01,,,,0,,,,,,0,,,,,,,0
2020-02-02,,,,0,,,,,,0,,,,,,,0
2020-02-03,,,,0,,,,,,0,,,,,,,0
2020-02-04,,,,0,,,,,,0,,,,,,,0
2020-02-05,,,,0,,,,,,0,,,,,,,0
2020-02-06,,,,0,,,,,,0,,,,,,,0
2020-02-07,,,,0,,,,,,0,,,,,,,0
2020-02-08,,,,0,,,,,,0,,,,,,,0
2020-02-09,,,,0,,,,,,0,,,,,,,0
2020-02-10,,,,0,,,,,,0,,,,,,,0
2020-02-11,,,,0,,,,,,0,,,,,,,0
2020-02-12,,,,0,,,,,,0,,,,,,,0
2020-02-13,,,,0,,,,,,0,,,,,,,0
2020-02-14,,,,0,,,,,,0,,,,,,,0
2020-02-15,,,,0,,,,,,0,,,,,,,0
2020-02-16,,,,0,,,,,,0,,,,,,,0
2020-02-17,,,,0,,,,,,0,,,,,,,0
2020-02-18,,,,0,,,,,,0,,,,,,,0
2020-02-19,,,,0,,,,,,0,,,,,,,0
2020-02-20,,,,0,,,,,,0,,,,,,,0
2020-02-21,,,,0,,,,,,0,,,,,,,0
2020-02-22,,,,0,,,,,,0,,,,,,,0
2020-02-23,,,,0,,,,,,0,,,,,,,0
2020-02-24,,,,0,,,,,,0,,,,,,,0
2020-02-25,,,,0,,,,,,0,,,,,,,0
2020-02-26,,,,0,,,,,,0,,,,,,,0
2020-02-27,,,,0,,,,,,0,,,,,,,0
2020-02-28,,,,0,,,,,,0,,,,,,,0
2020-02-29,,,,0,,,,,,0,,,,,,,0
2020-03-01,,,,0,,,,,,0,,,,,,,0
2020-03-02,,,,0,,,,,,0,,,,,,,0
2020-03-03,,,,0,,,,,,0,,,,,,,0
2020-03-04,,,,0,,,,,,0,,,,,,,0
2020-03-05,,,,0,,,,,,0,,,,,,,0
2020-03-06,,,,0,,,,,,0,,,,,,,0
2020-03-07,,,,0,,,,,,0,,,,,,,0
2020-03-08,,,,0,,,,,,0,,,,,,,0
2020-03-09,,,,0,,,,,,0,,,,,,,0
2020-03-10,,,,0,,,,,,0,,,,,,,0
2020-03-11,,,,0,,,,,,0,,,,,,,0
2020-03-12,,,,0,,,,,,0,,,,,,,0
2020-03-13,,,,0,,,,,,0,,,,,,,0
2020-03-14,,,,0,,,,,,0,,,,,,,0
2020-03-15,,,,0,,,,,,0,,,,,,,0
2020-03-16,,,,0,,,,,,0,,,,,,,0
2020-03-17,,,,0,,,,,,0,,,,,,,0
2020-03-18,,,,0,,,,,,0,,,,,,,0
2020-03-19,,,,0,,,,,,0,,,,,,,0
2020-03-20,,,,0,,,,,,0,,,,,,,0
2020-03-21,,,,0,,,,,,0,,,,,,,0
2020-03-22,,,,0,,,,,,0,,,,,,,0
2020-03-23,,,,0,,,,,,0,,,,,,,0
2020-03-24,,,,0,,,,,,0,,,,,,,0
2020-03-25,,,,0,,,,,,0,,,,,,,0
2020-03-26,,,,0,,,,,,0,,,,,,,0
2020-03-27,,,,0,,,,,,0,,,,,,,0
2020-03-28,,,,0,,,,,,0,,,,,,,0
2020-03-29,,,,0,,,,,,0,,,,,,,0
2020-03-30,,,,0,,,,,,0,,,,,,,0
2020-03-31,,,,0,,,,,,0,,,,,,,0
2020-04-01,,,,0,,,,,,0,,,,,,,0
2020-04-02,,,,0,,,,,,0,,,,,,,0
2020-04-03,,,,0,,,,,,0,,,,,,,0
2020-04-04,,,,0,,,,,,0,,,,,,,0
2020-04-05,,,,0,,,,,,0,,,,,,,0
2020-04-06,,,,0,,,,,,0,,,,,,,0
2020-04-07,,,,0,,,,,,0,,,,,,,0
2020-04-08,,,,0,,,,,,0,,,,,,,0
2020-04-09,,,,0,,,,,,0,,,,,,,0
2020-04-10,,,,0,,,,,,0,,,,,,,0
2020-04-11,,,,0,,,,,,0,,,,,,,0
2020-04-12,,,,0,,,,,,0,,,,,,,0
2020-04-13,,,,0,,,,,,0,,,,,,,0
2020-04-14,,,,0,,,,,,0,,,,,,,0
2020-04-15,,,,0,,,,,,0,,,,,,,0
2020-04-16,,,,0,,,,,,0,,,,,,,0
2020-04-17,,,,0,,,,,,0,,,,,,,0
2020-04-18,,,,0,,,,,,0,,,,,,,0
2020-04-19,,,,0,,,,,,0,,,,,,,0
2020-04-20,,,,0,,,,,,0,,,,,,,0
2020-04-21,,,,0,,,,,,0,,,,,,,0
2020-04-22,,,,0,,,,,,0,,,,,,,0
2020-04-23,,,,0,,,,,,0,,,,,,,0
2020-04-24,,,,0,,,,,,0,,,,,,,0
2020-04-25,,,,0,,,,,,0,,,,,,,0
2020-04-26,,,,0,,,,,,0,,,,,,,0
2020-04-27,,,,0,,,,,,0,,,,,,,0
2020-04-28,,,,0,,,,,,0,,,,,,,0
2020-04-29,,,,0,,,,,,0,,,,,,,0
2020-04-30,,,,0,,,,,,0,,,,,,,0
2020-05-01,,,,0,,,,,,0,,,,,,,0
2020-05-02,,,,0,,,,,,0,,,,,,,0
2020-05-03,,,,0,,,,,,0,,,,,,,0
2020-05-04,,,,0,,,,,,0,,,,,,,0
2020-05-05,,,,0,,,,,,0,,,,,,,0
2020-05-06,,,,0,,,,,,0,,,,,,,0
2020-05-07,,,,0,,,,,,0,,,,,,,0
2020-05-08,,,,0,,,,,,0,,,,,,,0
2020-05-09,,,,0,,,,,,0,,,,,,,0
2020-05-10,,,,0,,,,,,0,,,,,,,0
2020-05-11,,,,0,,,,,,0,,,,,,,0
2020-05-12,,,,0,,,,,,0,,,,,,,0
2020-05-13,,,,0,,,,,,0,,,,,,,0
2020-05-14,,,,0,,,,,,0,,,,,,,0
2020-05-15,,,,0,,,,,,0,,,,,,,0
2020-05-16,,,,0,,,,,,0,,,,,,,0
2020-05-17,,,,0,,,,,,0,,,,,,,0
2020-05-18,,,,0,,,,,,0,,,,,,,0
2020-05-19,,,,0,,,,,,0,,,,,,,0
2020-05-20,,,,0,,,,,,0,,,,,,,0
2020-05-21,,,,0,,,,,,0,,,,,,,0
2020-05-22,,,,0,,,,,,0,,,,,,,0
2020-05-23,,,,0,,,,,,0,,,,,,,0
2020-05-24,,,,0,,,,,,0,,,,,,,0
2020-05-25,,,,0,,,,,,0,,,,,,,0
2020-05-26,,,,0,,,,,,0,,,,,,,0
2020-05-27,,,,0,,,,,,0,,,,,,,0
2020-05-28,,,,0,,,,,,0,,,,,,,0
2020-05-29,,,,0,,,,,,0,,,,,,,0
2020-05-30,,,,0,,,,,,0,,,,,,,0
2020-05-31,,,,0,,,,,,0,,,,,,,0
2020-06-01,,,,0,,,,,,0,,,,,,,0
2020-06-02,,,,0,,,,,,0,,,,,,,0
2020-06-03,,,,0,,,,,,0,,,,,,,0
2020-06-04,,,,0,,,,,,0,,,,,,,0
2020-06-05,,,,0,,,,,,0,,,,,,,0
2020-06-06,,,,0,,,,,,0,,,,,,,0
2020-06-07,,,,0,,,,,,0,,,,,,,0
2020-06-08,,,,0,,,,,,0,,,,,,,0
2020-06-09,,,,0,,,,,,0,,,,,,,0
2020-06-10,,,,0,,,,,,0,,,,,,,0
2020-06-11,,,,0,,,,,,0,,,,,,,0
2020-06-12,,,,0,,,,,,0,,,,,,,0
2020-06-13,,,,0,,,,,,0,,,,,,,0
2020-06-14,,,,0,,,,,,0,,,,,,,0
2020-06-15,,,,0,,,,,,0,,,,,,,0
2020-06-16,,,,0,,,,,,0,,,,,,,0
2020-06-17,,,,0,,,,,,0,,,,,,,0
2020-06-18,,,,0,,,,,,0,,,,,,,0
2020-06-19,,,,0,,,,,,0,,,,,,,0
2020-06-20,,,,0,,,,,,0,,,,,,,0
2020-06-21,,,,0,,,,,,0,,,,,,,0
2020-06-22,,,,0,,,,,,0,,,,,,,0
2020-06-23,,,,0,,,,,,0,,,,,,,0
2020-06-24,,,,0,,,,,,0,,,,,,,0
2020-06-25,,,,0,,,,,,0,,,,,,,0
2020-06-26,,,,0,,,,,,0,,,,,,,0
2020-06-27,,,,0,,,,,,0,,,,,,,0
2020-06-28,,,,0,,,,,,0,,,,,,,0
2020-06-29,,,,0,,,,,,0,,,,,,,0
2020-06-30,,,,0,,,,,,0,,,,,,,0
2020-07-01,,,,0,,,,,,0,,,,,,,0
2020-07-02,,,,0,,,,,,0,,,,,,,0
2020-07-03,,,,0,,,,,,0,,,,,,,0
2020-07-04,,,,0,,,,,,0,,,,,,,0
2020-07-05,,,,0,,,,,,0,,,,,,,0
2020-07-06,,,,0,,,,,,0,,,,,,,0
2020-07-07,,,,0,,,,,,0,,,,,,,0
2020-07-08,,,,0,,,,,,0,,,,,,,0
2020-07-09,,,,0,,,,,,0,,,,,,,0
2020-07-10,,,,0,,,,,,0,,,,,,,0
2020-07-11,,,,0,,,,,,0,,,,,,,0
2020-07-12,,,,0,,,,,,0,,,,,,,0
2020-07-13,,,,0,,,,,,0,,,,,,,0
2020-07-14,,,,0,,,,,,0,,,,,,,0
2020-07-15,,,,0,,,,,,0,,,,,,,0
2020-07-16,,,,0,,,,,,0,,,,,,,0
2020-07-17,,,,0,,,,,,0,,,,,,,0
2020-07-18,,,,0,,,,,,0,,,,,,,0
2020-07-19,,,,0,,,,,,0,,,,,,,0
2020-07-20,,,,0,,,,,,0,,,,,,,0
2020-07-21,,,,0,,,,,,0,,,,,,,0
2020-07-22,,,,0,,,,,,0,,,,,,,0
2020-07-23,,,,0,,,,,,0,,,,,,,0
2020-07-24,,,,0,,,,,,0,,,,,,,0
2020-07-25,,,,0,,,,,,0,,,,,,,0
2020-07-26,,,,0,,,,,,0,,,,,,,0
2020-07-27,,,,0,,,,,,0,,,,,,,0
2020-07-28,,,,0,,,,,,0,,,,,,,0
2020-07-29,,,,0,,,,,,0,,,,,,,0
2020-07-30,,,,0,,,,,,0,,,,,,,0
2020-07-31,,,,0,,,,,,0,,,,,,,0
2020-08-01,,,,0,,,,,,0,,,,,,,0
2020-08-02,,,,0,,,,,,0,,,,,,,0
2020-08-03,,,,0,,,,,,0,,,,,,,0
2020-08-04,,,,0,,,,,,0,,,,,,,0
2020-08-05,,,,0,,,,,,0,,,,,,,0
2020-08-06,,,,0,,,,,,0,,,,,,,0
2020-08-07,,,,0,,,,,,0,,,,,,,0
2020-08-08,,,,0,,,,,,0,,,,,,,0
2020-08-09,,,,0,,,,,,0,,,,,,,0
2020-08-10,,,,0,,,,,,0,,,,,,,0
2020-08-11,,,,0,,,,,,0,,,,,,,0
2020-08-12,,,,0,,,,,,0,,,,,,,0
2020-08-13,,,,0,,,,,,0,,,,,,,0
2020-08-14,,,,0,,,,,,0,,,,,,,0
2020-08-15,,,,0,,,,,,0,,,,,,,0
2020-08-16,,,,0,,,,,,0,,,,,,,0
2020-08-17,,,,0,,,,,,0,,,,,,,0
2020-08-18,,,,0,,,,,,0,,,,,,,0
2020-08-19,,,,0,,,,,,0,,,,,,,0
2020-08-20,,,,0,,,,,,0,,,,,,,0
2020-08-21,,,,0,,,,,,0,,,,,,,0
2020-08-22,,,,0,,,,,,0,,,,,,,0
2020-08-23,,,,0,,,,,,0,,,,,,,0
2020-08-24,,,,0,,,,,,0,,,,,,,0
2020-08-25,,,,0,,,,,,0,,,,,,,0
2020-08-26,,,,0,,,,,,0,,,,,,,0
2020-08-27,,,,0,,,,,,0,,,,,,,0
2020-08-28,,,,0,,,,,,0,,,,,,,0
2020-08-29,,,,0,,,,,,0,,,,,,,0
2020-08-30,,,,0,,,,,,0,,,,,,,0
2020-08-31,,,,0,,,,,,0,,,,,,,0
2020-09-01,,,,0,,,,,,0,,,,,,,0
2020-09-02,,,,0,,,,,,0,,,,,,,0
2020-09-03,,,,0,,,,,,0,,,,,,,0
2020-09-04,,,,0,,,,,,0,,,,,,,0
2020-09-05,,,,0,,,,,,0,,,,,,,0
2020-09-06,,,,0,,,,,,0,,,,,,,0
2020-09-07,,,,0,,,,,,0,,,,,,,0
2020-09-08,,,,0,,,,,,0,,,,,,,0
2020-09-09,,,,0,,,,,,0,,,,,,,0
2020-09-10,,,,0,,,,,,0,,,,,,,0
2020-09-11,,,,0,,,,,,0,,,,,,,0
2020-09-12,,,,0,,,,,,0,,,,,,,0
2020-09-13,,,,0,,,,,,0,,,,,,,0
2020-09-14,,,,0,,,,,,0,,,,,,,0
2020-09-15,,,,0,,,,,,0,,,,,,,0
2020-09-16,,,,0,,,,,,0,,,,,,,0
2020-09-17,,,,0,,,,,,0,,,,,,,0
2020-09-18,,,,0,,,,,,0,,,,,,,0
2020-09-19,,,,0,,,,,,0,,,,,,,0
2020-09-20,,,,0,,,,,,0,,,,,,,0
2020-09-21,,,,0,,,,,,0,,,,,,,0
2020-09-22,,,,0,,,,,,0,,,,,,,0
2020-09-23,,,,0,,,,,,0,,,,,,,0
2020-09-24,,,,0,,,,,,0,,,,,,,0
2020-09-25,,,,0,,,,,,0,,,,,,,0
2020-09-26,,,,0,,,,,,0,,,,,,,0
2020-09-27,,,,0,,,,,,0,,,,,,,0
2020-09-28,,,,0,,,,,,0,,,,,,,0
2020-09-29,,,,0,,,,,,0,,,,,,,0
2020-09-30,,,,0,,,,,,0,,,,,,,0
2020-10-01,,,,0,,,,,,0,,,,,,,0
2020-10-02,,,,0,,,,,,0,,,,,,,0
2020-10-03,,,,0,,,,,,0,,,,,,,0
2020-10-04,,,,0,,,,,,0,,,,,,,0
2020-10-05,,,,0,,,,,,0,,,,,,,0
2020-10-06,,,,0,,,,,,0,,,,,,,0
2020-10-07,,,,0,,,,,,0,,,,,,,0
2020-10-08,,,,0,,,,,,0,,,,,,,0
2020-10-09,,,,0,,,,,,0,,,,,,,0
2020-10-10,,,,0,,,,,,0,,,,,,,0
2020-10-11,,,,0,,,,,,0,,,,,,,0
2020-10-12,,,,0,,,,,,0,,,,,,,0
2020-10-13,,,,0,,,,,,0,,,,,,,0
2020-10-14,,,,0,,,,,,0,,,,,,,0
2020-10-15,,,,0,,,,,,0,,,,,,,0
2020-10-16,,,,0,,,,,,0,,,,,,,0
2020-10-17,,,,0,,,,,,0,,,,,,,0
2020-10-18,,,,0,,,,,,0,,,,,,,0
2020-10-19,,,,0,,,,,,0,,,,,,,0
2020-10-20,,,,0,,,,,,0,,,,,,,0
2020-10-21,,,,0,,,,,,0,,,,,,,0
2020-10-22,,,,0,,,,,,0,,,,,,,0
2020-10-23,,,,0,,,,,,0,,,,,,,0
2020-10-24,,,,0,,,,,,0,,,,,,,0
2020-10-25,,,,0,,,,,,0,,,,,,,0
2020-10-26,,,,0,,,,,,0,,,,,,,0
2020-10-27,,,,0,,,,,,0,,,,,,,0
2020-10-28,,,,0,,,,,,0,,,,,,,0
2020-10-29,,,,0,,,,,,0,,,,,,,0
2020-10-30,,,,0,,,,,,0,,,,,,,0
2020-10-31,,,,0,,,,,,0,,,,,,,0
2020-11-01,,,,0,,,,,,0,,,,,,,0
2020-11-02,,,,0,,,,,,0,,,,,,,0
2020-11-03,,,,0,,,,,,0,,,,,,,0
2020-11-04,,,,0,,,,,,0,,,,,,,0
2020-11-05,,,,0,,,,,,0,,,,,,,0
2020-11-06,,,,0,,,,,,0,,,,,,,0
2020-11-07,,,,0,,,,,,0,,,,,,,0
2020-11-08,,,,0,,,,,,0,,,,,,,0
2020-11-09,,,,0,,,,,,0,,,,,,,0
2020-11-10,,,,0,,,,,,0,,,,,,,0
2020-11-11,,,,0,,,,,,0,,,,,,,0
2020-11-12,,,,0,,,,,,0,,,,,,,0
2020-11-13,,,,0,,,,,,0,,,,,,,0
2020-11-14,,,,0,,,,,,0,,,,,,,0
2020-11-15,,,,0,,,,,,0,,,,,,,0
2020-11-16,,,,0,,,,,,0,,,,,,,0
2020-11-17,,,,0,,,,,,0,,,,,,,0
2020-11-18,,,,0,,,,,,0,,,,,,,0
2020-11-19,,,,0,,,,,,0,,,,,,,0
2020-11-20,,,,0,,,,,,0,,,,,,,0
2020-11-21,,,,0,,,,,,0,,,,,,,0
2020-11-22,,,,0,,,,,,0,,,,,,,0
2020-11-23,,,,0,,,,,,0,,,,,,,0
2020-11-24,,,,0,,,,,,0,,,,,,,0
2020-11-25,,,,0,,,,,,0,,,,,,,0
2020-11-26,,,,0,,,,,,0,,,,,,,0
2020-11-27,,,,0,,,,,,0,,,,,,,0
2020-11-28,,,,0,,,,,,0,,,,,,,0
2020-11-29,,,,0,,,,,,0,,,,,,,0
2020-11-30,,,,0,,,,,,0,,,,,,,0
2020-12-01,,,,0,,,,,,0,,,,,,,0
2020-12-02,,,,0,,,,,,0,,,,,,,0
2020-12-03,,,,0,,,,,,0,,,,,,,0
2020-12-04,,,,0,,,,,,0,,,,,,,0
2020-12-05,,,,0,,,,,,0,,,,,,,0
2020-12-06,,,,0,,,,,,0,,,,,,,0
2020-12-07,,,,0,,,,,,0,,,,,,,0
2020-12-08,,,,0,,,,,,0,,,,,,,0
2020-12-09,,,,0,,,,,,0,,,,,,,0
2020-12-10,,,,0,,,,,,0,,,,,,,0
2020-12-11,,,,0,,,,,,0,,,,,,,0
2020-12-12,,,,0,,,,,,0,,,,,,,0
2020-12-13,,,,0,,,,,,0,,,,,,,0
2020-12-14,,,,0,,,,,,0,,,,,,,0
2020-12-15,,,,0,,,,,,0,,,,,,,0
2020-12-16,,,,0,,,,,,0,,,,,,,0
2020-12-17,,,,0,,,,,,0,,,,,,,0
2020-12-18,,,,0,,,,,,0,,,,,,,0
2020-12-19,,,,0,,,,,,0,,,,,,,0
2020-12-20,,,,0,,,,,,0,,,,,,,0
2020-12-21,,,,0,,,,,,0,,,,,,,0
2020-12-22,,,,0,,,,,,0,,,,,,,0
2020-12-23,,,,0,,,,,,0,,,,,,,0
2020-12-24,,,,0,,,,,,0,,,,,,,0
2020-12-25,,,,0,,,,,,0,,,,,,,0
2020-12-26,,,,0,,,,,,0,,,,,,,0
2020-12-27,,,,0,,,,,,0,,,,,,,0
2020-12-28,,,,0,,,,,,0,,,,,,,0
2020-12-29,,,,0,,,,,,0,,,,,,,0
2020-12-30,,,,0,,,,,,0,,,,,,,0
2020-12-31,,,,0,,,,,,0,,,,,,,0
2021-01-01,,,,0,,,,,,0,,,,,,,0
2021-01-02,,,,0,,,,,,0,,,,,,,0
2021-01-03,,,,0,,,,,,0,,,,,,,0
2021-01-04,,,,0,,,,,,0,,,,,,,0
2021-01-05,,,,0,,,,,,0,,,,,,,0
2021-01-06,,,,0,,,,,,0,,,,,,,0
2021-01-07,,,,0,,,,,,0,,,,,,,0
2021-01-08,,,,0,,,,,,0,,,,,,,0
2021-01-09,,,,0,,,,,,0,,,,,,,0
2021-01-10,,,,0,,,,,,0,,,,,,,0
2021-01-11,,,,0,,,,,,0,,,,,,,0
2021-01-12,,,,0,,,,,,0,,,,,,,0
2021-01-13,,,,0,,,,,,0,,,,,,,0
2021-01-14,,,,0,,,,,,0,,,,,,,0
2021-01-15,,,,0,,,,,,0,,,,,,,0
2021-01-16,,,,0,,,,,,0,,,,,,,0
2021-01-17,,,,0,,,,,,0,,,,,,,0
2021-01-18,,,,0,,,,,,0,,,,,,,0
2021-01-19,,,,0,,,,,,0,,,,,,,0
2021-01-20,,,,0,,,,,,0,,,,,,,0
2021-01-21,,,,0,,,,,,0,,,,,,,0
2021-01-22,,,,0,,,,,,0,,,,,,,0
2021-01-23,,,,0,,,,,,0,,,,,,,0
2021-01-24,,,,0,,,,,,0,,,,,,,0
2021-01-25,,,,0,,,,,,0,,,,,,,0
2021-01-26,,,,0,,,,,,0,,,,,,,0
2021-01-27,,,,0,,,,,,0,,,,,,,0
2021-01-28,,,,0,,,,,,0,,,,,,,0
2021-01-29,,,,0,,,,,,0,,,,,,,0
2021-01-30,,,,0,,,,,,0,,,,,,,0
2021-01-31,,,,0,,,,,,0,,,,,,,0
2021-02-01,,,,0,,,,,,0,,,,,,,0
2021-02-02,,,,0,,,,,,0,,,,,,,0
2021-02-03,,,,0,,,,,,0,,,,,,,0
2021-02-04,,,,0,,,,,,0,,,,,,,0
2021-02-05,,,,0,,,,,,0,,,,,,,0
2021-02-06,,,,0,,,,,,0,,,,,,,0
2021-02-07,,,,0,,,,,,0,,,,,,,0
2021-02-08,,,,0,,,,,,0,,,,,,,0
2021-02-09,,,,0,,,,,,0,,,,,,,0
2021-02-10,,,,0,,,,,,0,,,,,,,0
2021-02-11,,,,0,,,,,,0,,,,,,,0
2021-02-12,,,,0,,,,,,0,,,,,,,0
2021-02-13,,,,0,,,,,,0,,,,,,,0
2021-02-14,,,,0,,,,,,0,,,,,,,0
2021-02-15,,,,0,,,,,,0,,,,,,,0
2021-02-16,,,,0,,,,,,0,,,,,,,0
2021-02-17,,,,0,,,,,,0,,,,,,,0
2021-02-18,,,,0,,,,,,0,,,,,,,0
2021-02-19,,,,0,,,,,,0,,,,,,,0
2021-02-20,,,,0,,,,,,0,,,,,,,0
2021-02-21,,,,0,,,,,,0,,,,,,,0
2021-02-22,,,,0,,,,,,0,,,,,,,0
2021-02-23,,,,0,,,,,,0,,,,,,,0
2021-02-24,,,,0,,,,,,0,,,,,,,0
2021-02-25,,,,0,,,,,,0,,,,,,,0
2021-02-26,,,,0,,,,,,0,,,,,,,0
2021-02-27,,,,0,,,,,,0,,,,,,,0
2021-02-28,,,,0,,,,,,0,,,,,,,0
2021-03-01,,,,0,,,,,,0,,,,,,,0
2021-03-02,,,,0,,,,,,0,,,,,,,0
2021-03-03,,,,0,,,,,,0,,,,,,,0
2021-03-04,,,,0,,,,,,0,,,,,,,0
2021-03-05,,,,0,,,,,,0,,,,,,,0
2021-03-06,,,,0,,,,,,0,,,,,,,0
2021-03-07,,,,0,,,,,,0,,,,,,,0
2021-03-08,,,,0,,,,,,0,,,,,,,0
2021-03-09,,,,0,,,,,,0,,,,,,,0
2021-03-10,,,,0,,,,,,0,,,,,,,0
2021-03-11,,,,0,,,,,,0,,,,,,,0
2021-03-12,,,,0,,,,,,0,,,,,,,0
2021-03-13,,,,0,,,,,,0,,,,,,,0
2021-03-14,,,,0,,,,,,0,,,,,,,0
2021-03-15,,,,0,,,,,,0,,,,,,,0
2021-03-16,,,,0,,,,,,0,,,,,,,0
2021-03-17,,,,0,,,,,,0,,,,,,,0
2021-03-18,,,,0,,,,,,0,,,,,,,0
2021-03-19,,,,0,,,,,,0,,,,,,,0
2021-03-20,,,,0,,,,,,0,,,,,,,0
2021-03-21,,,,0,,,,,,0,,,,,,,0
2021-03-22,,,,0,,,,,,0,,,,,,,0
2021-03-23,,,,0,,,,,,0,,,,,,,0
2021-03-24,,,,0,,,,,,0,,,,,,,0
2021-03-25,,,,0,,,,,,0,,,,,,,0
2021-03-26,,,,0,,,,,,0,,,,,,,0
2021-03-27,,,,0,,,,,,0,,,,,,,0
2021-03-28,,,,0,,,,,,0,,,,,,,0
2021-03-29,,,,0,,,,,,0,,,,,,,0
2021-03-30,,,,0,,,,,,0,,,,,,,0
2021-03-31,,,,0,,,,,,0,,,,,,,0
2021-04-01,,,,0,,,,,,0,,,,,,,0
2021-04-02,,,,0,,,,,,0,,,,,,,0
2021-04-03,,,,0,,,,,,0,,,,,,,0
2021-04-04,,,,0,,,,,,0,,,,,,,0
2021-04-05,,,,0,,,,,,0,,,,,,,0
2021-04-06,,,,0,,,,,,0,,,,,,,0
2021-04-07,,,,0,,,,,,0,,,,,,,0
2021-04-08,,,,0,,,,,,0,,,,,,,0
2021-04-09,,,,0,,,,,,0,,,,,,,0
2021-04-10,,,,0,,,,,,0,,,,,,,0
2021-04-11,,,,0,,,,,,0,,,,,,,0
2021-04-12,,,,0,,,,,,0,,,,,,,0
2021-04-13,,,,0,,,,,,0,,,,,,,0
2021-04-14,,,,0,,,,,,0,,,,,,,0
2021-04-15,,,,0,,,,,,0,,,,,,,0
2021-04-16,,,,0,,,,,,0,,,,,,,0
2021-04-17,,,,0,,,,,,0,,,,,,,0
2021-04-18,,,,0,,,,,,0,,,,,,,0
2021-04-19,,,,0,,,,,,0,,,,,,,0
2021-04-20,,,,0,,,,,,0,,,,,,,0
2021-04-21,,,,0,,,,,,0,,,,,,,0
2021-04-22,,,,0,,,,,,0,,,,,,,0
2021-04-23,,,,0,,,,,,0,,,,,,,0
2021-04-24,,,,0,,,,,,0,,,,,,,0
2021-04-25,,,,0,,,,,,0,,,,,,,0
2021-04-26,,,,0,,,,,,0,,,,,,,0
2021-04-27,,,,0,,,,,,0,,,,,,,0
2021-04-28,,,,0,,,,,,0,,,,,,,0
2021-04-29,,,,0,,,,,,0,,,,,,,0
2021-04-30,,,,0,,,,,,0,,,,,,,0
2021-05-01,,,,0,,,,,,0,,,,,,,0
2021-05-02,,,,0,,,,,,0,,,,,,,0
2021-05-03,,,,0,,,,,,0,,,,,,,0
2021-05-04,,,,0,,,,,,0,,,,,,,0
2021-05-05,,,,0,,,,,,0,,,,,,,0
2021-05-06,,,,0,,,,,,0,,,,,,,0
2021-05-07,,,,0,,,,,,0,,,,,,,0
2021-05-08,,,,0,,,,,,0,,,,,,,0
2021-05-09,,,,0,,,,,,0,,,,,,,0
2021-05-10,,,,0,,,,,,0,,,,,,,0
2021-05-11,,,,0,,,,,,0,,,,,,,0
2021-05-12,,,,0,,,,,,0,,,,,,,0
2021-05-13,,,,0,,,,,,0,,,,,,,0
2021-05-14,,,,0,,,,,,0,,,,,,,0
2021-05-15,,,,0,,,,,,0,,,,,,,0
2021-05-16,,,,0,,,,,,0,,,,,,,0
2021-05-17,,,,0,,,,,,0,,,,,,,0
2021-05-18,,,,0,,,,,,0,,,,,,,0
2021-05-19,,,,0,,,,,,0,,,,,,,0
2021-05-20,,,,0,,,,,,0,,,,,,,0
2021-05-21,,,,0,,,,,,0,,,,,,,0
2021-05-22,,,,0,,,,,,0,,,,,,,0
2021-05-23,,,,0,,,,,,0,,,,,,,0
2021-05-24,,,,0,,,,,,0,,,,,,,0
2021-05-25,,,,0,,,,,,0,,,,,,,0
2021-05-26,,,,0,,,,,,0,,,,,,,0
2021-05-27,,,,0,,,,,,0,,,,,,,0
2021-05-28,,,,0,,,,,,0,,,,,,,0
2021-05-29,,,,0,,,,,,0,,,,,,,0
2021-05-30,,,,0,,,,,,0,,,,,,,0
2021-05-31,,,,0,,,,,,0,,,,,,,0
2021-06-01,,,,0,,,,,,0,,,,,,,0
2021-06-02,,,,0,,,,,,0,,,,,,,0
2021-06-03,,,,0,,,,,,0,,,,,,,0
2021-06-04,,,,0,,,,,,0,,,,,,,0
2021-06-05,,,,0,,,,,,0,,,,,,,0
2021-06-06,,,,0,,,,,,0,,,,,,,0
2021-06-07,,,,0,,,,,,0,,,,,,,0
2021-06-08,,,,0,,,,,,0,,,,,,,0
2021-06-09,,,,0,,,,,,0,,,,,,,0
2021-06-10,,,,0,,,,,,0,,,,,,,0
2021-06-11,,,,0,,,,,,0,,,,,,,0
2021-06-12,,,,0,,,,,,0,,,,,,,0
2021-06-13,,,,0,,,,,,0,,,,,,,0
2021-06-14,,,,0,,,,,,0,,,,,,,0
2021-06-15,,,,0,,,,,,0,,,,,,,0
2021-06-16,,,,0,,,,,,0,,,,,,,0
2021-06-17,,,,0,,,,,,0,,,,,,,0
2021-06-18,,,,0,,,,,,0,,,,,,,0
2021-06-19,,,,0,,,,,,0,,,,,,,0
2021-06-20,,,,0,,,,,,0,,,,,,,0
2021-06-21,,,,0,,,,,,0,,,,,,,0
2021-06-22,,,,0,,,,,,0,,,,,,,0
2021-06-23,,,,0,,,,,,0,,,,,,,0
2021-06-24,,,,0,,,,,,0,,,,,,,0
2021-06-25,,,,0,,,,,,0,,,,,,,0
2021-06-26,,,,0,,,,,,0,,,,,,,0
2021-06-27,,,,0,,,,,,0,,,,,,,0
2021-06-28,,,,0,,,,,,0,,,,,,,0
2021-06-29,,,,0,,,,,,0,,,,,,,0
2021-06-30,,,,0,,,,,,0,,,,,,,0
2021-07-01,,,,0,,,,,,0,,,,,,,0
2021-07-02,,,,0,,,,,,0,,,,,,,0
2021-07-03,,,,0,,,,,,0,,,,,,,0
2021-07-04,,,,0,,,,,,0,,,,,,,0
2021-07-05,,,,0,,,,,,0,,,,,,,0
2021-07-06,,,,0,,,,,,0,,,,,,,0
2021-07-07,,,,0,,,,,,0,,,,,,,0
2021-07-08,,,,0,,,,,,0,,,,,,,0
2021-07-09,,,,0,,,,,,0,,,,,,,0
2021-07-10,,,,0,,,,,,0,,,,,,,0
2021-07-11,,,,0,,,,,,0,,,,,,,0
2021-07-12,,,,0,,,,,,0,,,,,,,0
2021-07-13,,,,0,,,,,,0,,,,,,,0
2021-07-14,,,,0,,,,,,0,,,,,,,0
2021-07-15,,,,0,,,,,,0,,,,,,,0
2021-07-16,,,,0,,,,,,0,,,,,,,0
2021-07-17,,,,0,,,,,,0,,,,,,,0
2021-07-18,,,,0,,,,,,0,,,,,,,0
2021-07-19,,,,0,,,,,,0,,,,,,,0
2021-07-20,,,,0,,,,,,0,,,,,,,0
2021-07-21,,,,0,,,,,,0,,,,,,,0
2021-07-22,,,,0,,,,,,0,,,,,,,0
2021-07-23,,,,0,,,,,,0,,,,,,,0
2021-07-24,,,,0,,,,,,0,,,,,,,0
2021-07-25,,,,0,,,,,,0,,,,,,,0
2021-07-26,,,,0,,,,,,0,,,,,,,0
2021-07-27,,,,0,,,,,,0,,,,,,,0
2021-07-28,,,,0,,,,,,0,,,,,,,0
2021-07-29,,,,0,,,,,,0,,,,,,,0
2021-07-30,,,,0,,,,,,0,,,,,,,0
2021-07-31,,,,0,,,,,,0,,,,,,,0
2021-08-01,,,,0,,,,,,0,,,,,,,0
2021-08-02,,,,0,,,,,,0,,,,,,,0
2021-08-03,,,,0,,,,,,0,,,,,,,0
2021-08-04,,,,0,,,,,,0,,,,,,,0
2021-08-05,,,,0,,,,,,0,,,,,,,0
2021-08-06,,,,0,,,,,,0,,,,,,,0
2021-08-07,,,,0,,,,,,0,,,,,,,0
2021-08-08,,,,0,,,,,,0,,,,,,,0
2021-08-09,,,,0,,,,,,0,,,,,,,0
2021-08-10,,,,0,,,,,,0,,,,,,,0
2021-08-11,,,,0,,,,,,0,,,,,,,0
2021-08-12,,,,0,,,,,,0,,,,,,,0
2021-08-13,,,,0,,,,,,0,,,,,,,0
2021-08-14,,,,0,,,,,,0,,,,,,,0
2021-08-15,,,,0,,,,,,0,,,,,,,0
2021-08-16,,,,0,,,,,,0,,,,,,,0
2021-08-17,,,,0,,,,,,0,,,,,,,0
2021-08-18,,,,0,,,,,,0,,,,,,,0
2021-08-19,,,,0,,,,,,0,,,,,,,0
2021-08-20,,,,0,,,,,,0,,,,,,,0
2021-08-21,,,,0,,,,,,0,,,,,,,0
2021-08-22,,,,0,,,,,,0,,,,,,,0
2021-08-23,,,,0,,,,,,0,,,,,,,0
2021-08-24,,,,0,,,,,,0,,,,,,,0
2021-08-25,,,,0,,,,,,0,,,,,,,0
2021-08-26,,,,0,,,,,,0,,,,,,,0
2021-08-27,,,,0,,,,,,0,,,,,,,0
2021-08-28,,,,0,,,,,,0,,,,,,,0
2021-08-29,,,,0,,,,,,0,,,,,,,0
2021-08-30,,,,0,,,,,,0,,,,,,,0
2021-08-31,,,,0,,,,,,0,,,,,,,0
2021-09-01,,,,0,,,,,,0,,,,,,,0
2021-09-02,,,,0,,,,,,0,,,,,,,0
2021-09-03,,,,0,,,,,,0,,,,,,,0
2021-09-04,,,,0,,,,,,0,,,,,,,0
2021-09-05,,,,0,,,,,,0,,,,,,,0
2021-09-06,,,,0,,,,,,0,,,,,,,0
2021-09-07,,,,0,,,,,,0,,,,,,,0
2021-09-08,,,,0,,,,,,0,,,,,,,0
2021-09-09,,,,0,,,,,,0,,,,,,,0
2021-09-10,,,,0,,,,,,0,,,,,,,0
2021-09-11,,,,0,,,,,,0,,,,,,,0
2021-09-12,,,,0,,,,,,0,,,,,,,0
2021-09-13,,,,0,,,,,,0,,,,,,,0
2021-09-14,,,,0,,,,,,0,,,,,,,0
2021-09-15,,,,0,,,,,,0,,,,,,,0
2021-09-16,,,,0,,,,,,0,,,,,,,0
2021-09-17,,,,0,,,,,,0,,,,,,,0
2021-09-18,,,,0,,,,,,0,,,,,,,0
2021-09-19,,,,0,,,,,,0,,,,,,,0
2021-09-20,,,,0,,,,,,0,,,,,,,0
2021-09-21,,,,0,,,,,,0,,,,,,,0
2021-09-22,,,,0,,,,,,0,,,,,,,0
2021-09-23,,,,0,,,,,,0,,,,,,,0
2021-09-24,,,,0,,,,,,0,,,,,,,0
2021-09-25,,,,0,,,,,,0,,,,,,,0
2021-09-26,,,,0,,,,,,0,,,,,,,0
2021-09-27,,,,0,,,,,,0,,,,,,,0
2021-09-28,,,,0,,,,,,0,,,,,,,0
2021-09-29,,,,0,,,,,,0,,,,,,,0
2021-09-30,,,,0,,,,,,0,,,,,,,0
2021-10-01,,,,0,,,,,,0,,,,,,,0
2021-10-02,,,,0,,,,,,0,,,,,,,0
2021-10-03,,,,0,,,,,,0,,,,,,,0
2021-10-04,,,,0,,,,,,0,,,,,,,0
2021-10-05,,,,0,,,,,,0,,,,,,,0
2021-10-06,,,,0,,,,,,0,,,,,,,0
2021-10-07,,,,0,,,,,,0,,,,,,,0
2021-10-08,,,,0,,,,,,0,,,,,,,0
2021-10-09,,,,0,,,,,,0,,,,,,,0
2021-10-10,,,,0,,,,,,0,,,,,,,0
2021-10-11,,,,0,,,,,,0,,,,,,,0
2021-10-12,,,,0,,,,,,0,,,,,,,0
2021-10-13,,,,0,,,,,,0,,,,,,,0
2021-10-14,,,,0,,,,,,0,,,,,,,0
2021-10-15,,,,0,,,,,,0,,,,,,,0
2021-10-16,,,,0,,,,,,0,,,,,,,0
2021-10-17,,,,0,,,,,,0,,,,,,,0
2021-10-18,,,,0,,,,,,0,,,,,,,0
2021-10-19,,,,0,,,,,,0,,,,,,,0
2021-10-20,,,,0,,,,,,0,,,,,,,0
2021-10-21,,,,0,,,,,,0,,,,,,,0
2021-10-22,,,,0,,,,,,0,,,,,,,0
2021-10-23,,,,0,,,,,,0,,,,,,,0
2021-10-24,,,,0,,,,,,0,,,,,,,0
2021-10-25,,,,0,,,,,,0,,,,,,,0
2021-10-26,,,,0,,,,,,0,,,,,,,0
2021-10-27,,,,0,,,,,,0,,,,,,,0
2021-10-28,,,,0,,,,,,0,,,,,,,0
2021-10-29,,,,0,,,,,,0,,,,,,,0
2021-10-30,,,,0,,,,,,0,,,,,,,0
2021-10-31,,,,0,,,,,,0,,,,,,,0
2021-11-01,,,,0,,,,,,0,,,,,,,0
2021-11-02,,,,0,,,,,,0,,,,,,,0
2021-11-03,,,,0,,,,,,0,,,,,,,0
2021-11-04,,,,0,,,,,,0,,,,,,,0
2021-11-05,,,,0,,,,,,0,,,,,,,0
2021-11-06,,,,0,,,,,,0,,,,,,,0
2021-11-07,,,,0,,,,,,0,,,,,,,0
2021-11-08,,,,0,,,,,,0,,,,,,,0
2021-11-09,,,,0,,,,,,0,,,,,,,0
2021-11-10,,,,0,,,,,,0,,,,,,,0
2021-11-11,,,,0,,,,,,0,,,,,,,0
2021-11-12,,,,0,,,,,,0,,,,,,,0
2021-11-13,,,,0,,,,,,0,,,,,,,0
2021-11-14,,,,0,,,,,,0,,,,,,,0
2021-11-15,,,,0,,,,,,0,,,,,,,0
2021-11-16,,,,0,,,,,,0,,,,,,,0
2021-11-17,,,,0,,,,,,0,,,,,,,0
2021-11-18,,,,0,,,,,,0,,,,,,,0
2021-11-19,,,,0,,,,,,0,,,,,,,0
2021-11-20,,,,0,,,,,,0,,,,,,,0
2021-11-21,,,,0,,,,,,0,,,,,,,0
2021-11-22,,,,0,,,,,,0,,,,,,,0
2021-11-23,,,,0,,,,,,0,,,,,,,0
2021-11-24,,,,0,,,,,,0,,,,,,,0
2021-11-25,,,,0,,,,,,0,,,,,,,0
2021-11-26,,,,0,,,,,,0,,,,,,,0
2021-11-27,,,,0,,,,,,0,,,,,,,0
2021-11-28,,,,0,,,,,,0,,,,,,,0
2021-11-29,,,,0,,,,,,0,,,,,,,0
2021-11-30,,,,0,,,,,,0,,,,,,,0
2021-12-01,,,,0,,,,,,0,,,,,,,0
2021-12-02,,,,0,,,,,,0,,,,,,,0
2021-12-03,,,,0,,,,,,0,,,,,,,0
2021-12-04,,,,0,,,,,,0,,,,,,,0
2021-12-05,,,,0,,,,,,0,,,,,,,0
2021-12-06,,,,0,,,,,,0,,,,,,,0
2021-12-07,,,,0,,,,,,0,,,,,,,0
2021-12-08,,,,0,,,,,,0,,,,,,,0
2021-12-09,,,,0,,,,,,0,,,,,,,0
2021-12-10,,,,0,,,,,,0,,,,,,,0
2021-12-11,,,,0,,,,,,0,,,,,,,0
2021-12-12,,,,0,,,,,,0,,,,,,,0
2021-12-13,,,,0,,,,,,0,,,,,,,0
2021-12-14,,,,0,,,,,,0,,,,,,,0
2021-12-15,,,,0,,,,,,0,,,,,,,0
2021-12-16,,,,0,,,,,,0,,,,,,,0
2021-12-17,,,,0,,,,,,0,,,,,,,0
2021-12-18,,,,0,,,,,,0,,,,,,,0
2021-12-19,,,,0,,,,,,0,,,,,,,0
2021-12-20,,,,0,,,,,,0,,,,,,,0
2021-12-21,,,,0,,,,,,0,,,,,,,0
2021-12-22,,,,0,,,,,,0,,,,,,,0
2021-12-23,,,,0,,,,,,0,,,,,,,0
2021-12-24,,,,0,,,,,,0,,,,,,,0
2021-12-25,,,,0,,,,,,0,,,,,,,0
2021-12-26,,,,0,,,,,,0,,,,,,,0
2021-12-27,,,,0,,,,,,0,,,,,,,0
2021-12-28,,,,0,,,,,,0,,,,,,,0
2021-12-29,,,,0,,,,,,0,,,,,,,0
2021-12-30,,,,0,,,,,,0,,,,,,,0
2021-12-31,,,,0,,,,,,0,,,,,,,0
2022-01-01,,,,0,,,,,,0,,,,,,,0
2022-01-02,,,,0,,,,,,0,,,,,,,0
2022-01-03,,,,0,,,,,,0,,,,,,,0
2022-01-04,,,,0,,,,,,0,,,,,,,0
2022-01-05,,,,0,,,,,,0,,,,,,,0
2022-01-06,,,,0,,,,,,0,,,,,,,0
2022-01-07,,,,0,,,,,,0,,,,,,,0
2022-01-08,,,,0,,,,,,0,,,,,,,0
2022-01-09,,,,0,,,,,,0,,,,,,,0
2022-01-10,,,,0,,,,,,0,,,,,,,0
2022-01-11,,,,0,,,,,,0,,,,,,,0
2022-01-12,,,,0,,,,,,0,,,,,,,0
2022-01-13,,,,0,,,,,,0,,,,,,,0
2022-01-14,,,,0,,,,,,0,,,,,,,0
2022-01-15,,,,0,,,,,,0,,,,,,,0
2022-01-16,,,,0,,,,,,0,,,,,,,0
2022-01-17,,,,0,,,,,,0,,,,,,,0
2022-01-18,,,,0,,,,,,0,,,,,,,0
2022-01-19,,,,0,,,,,,0,,,,,,,0
2022-01-20,,,,0,,,,,,0,,,,,,,0
2022-01-21,,,,0,,,,,,0,,,,,,,0
2022-01-22,,,,0,,,,,,0,,,,,,,0
2022-01-23,,,,0,,,,,,0,,,,,,,0
2022-01-24,,,,0,,,,,,0,,,,,,,0
2022-01-25,,,,0,,,,,,0,,,,,,,0
2022-01-26,,,,0,,,,,,0,,,,,,,0
2022-01-27,,,,0,,,,,,0,,,,,,,0
2022-01-28,,,,0,,,,,,0,,,,,,,0
2022-01-29,,,,0,,,,,,0,,,,,,,0
2022-01-30,,,,0,,,,,,0,,,,,,,0
2022-01-31,,,,0,,,,,,0,,,,,,,0
2022-02-01,,,,0,,,,,,0,,,,,,,0
2022-02-02,,,,0,,,,,,0,,,,,,,0
2022-02-03,,,,0,,,,,,0,,,,,,,0
2022-02-04,,,,0,,,,,,0,,,,,,,0
2022-02-05,,,,0,,,,,,0,,,,,,,0
2022-02-06,,,,0,,,,,,0,,,,,,,0
2022-02-07,,,,0,,,,,,0,,,,,,,0
2022-02-08,,,,0,,,,,,0,,,,,,,0
2022-02-09,,,,0,,,,,,0,,,,,,,0
2022-02-10,,,,0,,,,,,0,,,,,,,0
2022-02-11,,,,0,,,,,,0,,,,,,,0
2022-02-12,,,,0,,,,,,0,,,,,,,0
2022-02-13,,,,0,,,,,,0,,,,,,,0
2022-02-14,,,,0,,,,,,0,,,,,,,0
2022-02-15,,,,0,,,,,,0,,,,,,,0
2022-02-16,,,,0,,,,,,0,,,,,,,0
2022-02-17,,,,0,,,,,,0,,,,,,,0
2022-02-18,,,,0,,,,,,0,,,,,,,0
2022-02-19,,,,0,,,,,,0,,,,,,,0
2022-02-20,,,,0,,,,,,0,,,,,,,0
2022-02-21,,,,0,,,,,,0,,,,,,,0
2022-02-22,,,,0,,,,,,0,,,,,,,0
2022-02-23,,,,0,,,,,,0,,,,,,,0
2022-02-24,,,,0,,,,,,0,,,,,,,0
2022-02-25,,,,0,,,,,,0,,,,,,,0
2022-02-26,,,,0,,,,,,0,,,,,,,0
2022-02-27,,,,0,,,,,,0,,,,,,,0
2022-02-28,,,,0,,,,,,0,,,,,,,0
2022-03-01,,,,0,,,,,,0,,,,,,,0
2022-03-02,,,,0,,,,,,0,,,,,,,0
2022-03-03,,,,0,,,,,,0,,,,,,,0
2022-03-04,,,,0,,,,,,0,,,,,,,0
2022-03-05,,,,0,,,,,,0,,,,,,,0
2022-03-06,,,,0,,,,,,0,,,,,,,0
2022-03-07,,,,0,,,,,,0,,,,,,,0
2022-03-08,,,,0,,,,,,0,,,,,,,0
2022-03-09,,,,0,,,,,,0,,,,,,,0
2022-03-10,,,,0,,,,,,0,,,,,,,0
2022-03-11,,,,0,,,,,,0,,,,,,,0
2022-03-12,,,,0,,,,,,0,,,,,,,0
2022-03-13,,,,0,,,,,,0,,,,,,,0
2022-03-14,,,,0,,,,,,0,,,,,,,0
2022-03-15,,,,0,,,,,,0,,,,,,,0
2022-03-16,,,,0,,,,,,0,,,,,,,0
2022-03-17,,,,0,,,,,,0,,,,,,,0
2022-03-18,,,,0,,,,,,0,,,,,,,0
2022-03-19,,,,0,,,,,,0,,,,,,,0
2022-03-20,,,,0,,,,,,0,,,,,,,0
2022-03-21,,,,0,,,,,,0,,,,,,,0
2022-03-22,,,,0,,,,,,0,,,,,,,0
2022-03-23,,,,0,,,,,,0,,,,,,,0
2022-03-24,,,,0,,,,,,0,,,,,,,0
2022-03-25,,,,0,,,,,,0,,,,,,,0
2022-03-26,,,,0,,,,,,0,,,,,,,0
2022-03-27,,,,0,,,,,,0,,,,,,,0
2022-03-28,,,,0,,,,,,0,,,,,,,0
2022-03-29,,,,0,,,,,,0,,,,,,,0
2022-03-30,,,,0,,,,,,0,,,,,,,0
2022-03-31,,,,0,,,,,,0,,,,,,,0
2022-04-01,,,,0,,,,,,0,,,,,,,0
2022-04-02,,,,0,,,,,,0,,,,,,,0
2022-04-03,,,,0,,,,,,0,,,,,,,0
2022-04-04,,,,0,,,,,,0,,,,,,,0
2022-04-05,,,,0,,,,,,0,,,,,,,0
2022-04-06,,,,0,,,,,,0,,,,,,,0
2022-04-07,,,,0,,,,,,0,,,,,,,0
2022-04-08,,,,0,,,,,,0,,,,,,,0
2022-04-09,,,,0,,,,,,0,,,,,,,0
2022-04-10,,,,0,,,,,,0,,,,,,,0
2022-04-11,,,,0,,,,,,0,,,,,,,0
2022-04-12,,,,0,,,,,,0,,,,,,,0
2022-04-13,,,,0,,,,,,0,,,,,,,0
2022-04-14,,,,0,,,,,,0,,,,,,,0
2022-04-15,,,,0,,,,,,0,,,,,,,0
2022-04-16,,,,0,,,,,,0,,,,,,,0
2022-04-17,,,,0,,,,,,0,,,,,,,0
2022-04-18,,,,0,,,,,,0,,,,,,,0
2022-04-19,,,,0,,,,,,0,,,,,,,0
2022-04-20,,,,0,,,,,,0,,,,,,,0
2022-04-21,,,,0,,,,,,0,,,,,,,0
2022-04-22,,,,0,,,,,,0,,,,,,,0
2022-04-23,,,,0,,,,,,0,,,,,,,0
2022-04-24,,,,0,,,,,,0,,,,,,,0
2022-04-25,,,,0,,,,,,0,,,,,,,0
2022-04-26,,,,0,,,,,,0,,,,,,,0
2022-04-27,,,,0,,,,,,0,,,,,,,0
2022-04-28,,,,0,,,,,,0,,,,,,,0
2022-04-29,,,,0,,,,,,0,,,,,,,0
2022-04-30,,,,0,,,,,,0,,,,,,,0
2022-05-01,,,,0,,,,,,0,,,,,,,0
2022-05-02,,,,0,,,,,,0,,,,,,,0
2022-05-03,,,,0,,,,,,0,,,,,,,0
2022-05-04,,,,0,,,,,,0,,,,,,,0
2022-05-05,,,,0,,,,,,0,,,,,,,0
2022-05-06,,,,0,,,,,,0,,,,,,,0
2022-05-07,,,,0,,,,,,0,,,,,,,0
2022-05-08,,,,0,,,,,,0,,,,,,,0
2022-05-09,,,,0,,,,,,0,,,,,,,0
2022-05-10,,,,0,,,,,,0,,,,,,,0
2022-05-11,,,,0,,,,,,0,,,,,,,0
2022-05-12,,,,0,,,,,,0,,,,,,,0
2022-05-13,,,,0,,,,,,0,,,,,,,0
2022-05-14,,,,0,,,,,,0,,,,,,,0
2022-05-15,,,,0,,,,,,0,,,,,,,0
2022-05-16,,,,0,,,,,,0,,,,,,,0
2022-05-17,,,,0,,,,,,0,,,,,,,0
2022-05-18,,,,0,,,,,,0,,,,,,,0
2022-05-19,,,,0,,,,,,0,,,,,,,0
2022-05-20,,,,0,,,,,,0,,,,,,,0
2022-05-21,,,,0,,,,,,0,,,,,,,0
2022-05-22,,,,0,,,,,,0,,,,,,,0
2022-05-23,,,,0,,,,,,0,,,,,,,0
2022-05-24,,,,0,,,,,,0,,,,,,,0
2022-05-25,,,,0,,,,,,0,,,,,,,0
2022-05-26,,,,0,,,,,,0,,,,,,,0
2022-05-27,,,,0,,,,,,0,,,,,,,0
2022-05-28,,,,0,,,,,,0,,,,,,,0
2022-05-29,,,,0,,,,,,0,,,,,,,0
2022-05-30,,,,0,,,,,,0,,,,,,,0
2022-05-31,,,,0,,,,,,0,,,,,,,0
2022-06-01,,,,0,,,,,,0,,,,,,,0
2022-06-02,,,,0,,,,,,0,,,,,,,0
2022-06-03,,,,0,,,,,,0,,,,,,,0
2022-06-04,,,,0,,,,,,0,,,,,,,0
2022-06-05,,,,0,,,,,,0,,,,,,,0
2022-06-06,,,,0,,,,,,0,,,,,,,0
2022-06-07,,,,0,,,,,,0,,,,,,,0
2022-06-08,,,,0,,,,,,0,,,,,,,0
2022-06-09,,,,0,,,,,,0,,,,,,,0
2022-06-10,,,,0,,,,,,0,,,,,,,0
2022-06-11,,,,0,,,,,,0,,,,,,,0
2022-06-12,,,,0,,,,,,0,,,,,,,0
2022-06-13,,,,0,,,,,,0,,,,,,,0
2022-06-14,,,,0,,,,,,0,,,,,,,0
2022-06-15,,,,0,,,,,,0,,,,,,,0
2022-06-16,,,,0,,,,,,0,,,,,,,0
2022-06-17,,,,0,,,,,,0,,,,,,,0
2022-06-18,,,,0,,,,,,0,,,,,,,0
2022-06-19,,,,0,,,,,,0,,,,,,,0
2022-06-20,,,,0,,,,,,0,,,,,,,0
2022-06-21,,,,0,,,,,,0,,,,,,,0
2022-06-22,,,,0,,,,,,0,,,,,,,0
2022-06-23,,,,0,,,,,,0,,,,,,,0
2022-06-24,,,,0,,,,,,0,,,,,,,0
2022-06-25,,,,0,,,,,,0,,,,,,,0
2022-06-26,,,,0,,,,,,0,,,,,,,0
2022-06-27,,,,0,,,,,,0,,,,,,,0
2022-06-28,,,,0,,,,,,0,,,,,,,0
2022-06-29,,,,0,,,,,,0,,,,,,,0
2022-06-30,,,,0,,,,,,0,,,,,,,0
2022-07-01,,,,0,,,,,,0,,,,,,,0
2022-07-02,,,,0,,,,,,0,,,,,,,0
2022-07-03,,,,0,,,,,,0,,,,,,,0
2022-07-04,,,,0,,,,,,0,,,,,,,0
2022-07-05,,,,0,,,,,,0,,,,,,,0
2022-07-06,,,,0,,,,,,0,,,,,,,0
2022-07-07,,,,0,,,,,,0,,,,,,,0
2022-07-08,,,,0,,,,,,0,,,,,,,0
2022-07-09,,,,0,,,,,,0,,,,,,,0
2022-07-10,,,,0,,,,,,0,,,,,,,0
2022-07-11,,,,0,,,,,,0,,,,,,,0
2022-07-12,,,,0,,,,,,0,,,,,,,0
2022-07-13,,,,0,,,,,,0,,,,,,,0
2022-07-14,,,,0,,,,,,0,,,,,,,0
2022-07-15,,,,0,,,,,,0,,,,,,,0
2022-07-16,,,,0,,,,,,0,,,,,,,0
2022-07-17,,,,0,,,,,,0,,,,,,,0
2022-07-18,,,,0,,,,,,0,,,,,,,0
2022-07-19,,,,0,,,,,,0,,,,,,,0
2022-07-20,,,,0,,,,,,0,,,,,,,0
2022-07-21,,,,0,,,,,,0,,,,,,,0
2022-07-22,,,,0,,,,,,0,,,,,,,0
2022-07-23,,,,0,,,,,,0,,,,,,,0
2022-07-24,,,,0,,,,,,0,,,,,,,0
2022-07-25,,,,0,,,,,,0,,,,,,,0
2022-07-26,,,,0,,,,,,0,,,,,,,0
2022-07-27,,,,0,,,,,,0,,,,,,,0
2022-07-28,,,,0,,,,,,0,,,,,,,0
2022-07-29,,,,0,,,,,,0,,,,,,,0
2022-07-30,,,,0,,,,,,0,,,,,,,0
2022-07-31,,,,0,,,,,,0,,,,,,,0
2022-08-01,,,,0,,,,,,0,,,,,,,0
2022-08-02,,,,0,,,,,,0,,,,,,,0
2022-08-03,,,,0,,,,,,0,,,,,,,0
2022-08-04,,,,0,,,,,,0,,,,,,,0
2022-08-05,,,,0,,,,,,0,,,,,,,0
2022-08-06,,,,0,,,,,,0,,,,,,,0
2022-08-07,,,,0,,,,,,0,,,,,,,0
2022-08-08,,,,0,,,,,,0,,,,,,,0
2022-08-09,,,,0,,,,,,0,,,,,,,0
2022-08-10,,,,0,,,,,,0,,,,,,,0
2022-08-11,,,,0,,,,,,0,,,,,,,0
2022-08-12,,,,0,,,,,,0,,,,,,,0
2022-08-13,,,,0,,,,,,0,,,,,,,0
2022-08-14,,,,0,,,,,,0,,,,,,,0
2022-08-15,,,,0,,,,,,0,,,,,,,0
2022-08-16,,,,0,,,,,,0,,,,,,,0
2022-08-17,,,,0,,,,,,0,,,,,,,0
2022-08-18,,,,0,,,,,,0,,,,,,,0
2022-08-19,,,,0,,,,,,0,,,,,,,0
2022-08-20,,,,0,,,,,,0,,,,,,,0
2022-08-21,,,,0,,,,,,0,,,,,,,0
2022-08-22,,,,0,,,,,,0,,,,,,,0
2022-08-23,,,,0,,,,,,0,,,,,,,0
2022-08-24,,,,0,,,,,,0,,,,,,,0
2022-08-25,,,,0,,,,,,0,,,,,,,0
2022-08-26,,,,0,,,,,,0,,,,,,,0
2022-08-27,,,,0,,,,,,0,,,,,,,0
2022-08-28,,,,0,,,,,,0,,,,,,,0
2022-08-29,,,,0,,,,,,0,,,,,,,0
2022-08-30,,,,0,,,,,,0,,,,,,,0
2022-08-31,,,,0,,,,,,0,,,,,,,0
2022-09-01,,,,0,,,,,,0,,,,,,,0
2022-09-02,,,,0,,,,,,0,,,,,,,0
2022-09-03,,,,0,,,,,,0,,,,,,,0
2022-09-04,,,,0,,,,,,0,,,,,,,0
2022-09-05,,,,0,,,,,,0,,,,,,,0
2022-09-06,,,,0,,,,,,0,,,,,,,0
2022-09-07,,,,0,,,,,,0,,,,,,,0
2022-09-08,,,,0,,,,,,0,,,,,,,0
2022-09-09,,,,0,,,,,,0,,,,,,,0
2022-09-10,,,,0,,,,,,0,,,,,,,0
2022-09-11,,,,0,,,,,,0,,,,,,,0
2022-09-12,,,,0,,,,,,0,,,,,,,0
2022-09-13,,,,0,,,,,,0,,,,,,,0
2022-09-14,,,,0,,,,,,0,,,,,,,0
2022-09-15,,,,0,,,,,,0,,,,,,,0
2022-09-16,,,,0,,,,,,0,,,,,,,0
2022-09-17,,,,0,,,,,,0,,,,,,,0
2022-09-18,,,,0,,,,,,0,,,,,,,0
2022-09-19,,,,0,,,,,,0,,,,,,,0
2022-09-20,,,,0,,,,,,0,,,,,,,0
2022-09-21,,,,0,,,,,,0,,,,,,,0
2022-09-22,,,,0,,,,,,0,,,,,,,0
2022-09-23,,,,0,,,,,,0,,,,,,,0
2022-09-24,,,,0,,,,,,0,,,,,,,0
2022-09-25,,,,0,,,,,,0,,,,,,,0
2022-09-26,,,,0,,,,,,0,,,,,,,0
2022-09-27,,,,0,,,,,,0,,,,,,,0
2022-09-28,,,,0,,,,,,0,,,,,,,0
2022-09-29,,,,0,,,,,,0,,,,,,,0
2022-09-30,,,,0,,,,,,0,,,,,,,0
2022-10-01,,,,0,,,,,,0,,,,,,,0
2022-10-02,,,,0,,,,,,0,,,,,,,0
2022-10-03,,,,0,,,,,,0,,,,,,,0
2022-10-04,,,,0,,,,,,0,,,,,,,0
2022-10-05,,,,0,,,,,,0,,,,,,,0
2022-10-06,,,,0,,,,,,0,,,,,,,0
2022-10-07,,,,0,,,,,,0,,,,,,,0
2022-10-08,,,,0,,,,,,0,,,,,,,0
2022-10-09,,,,0,,,,,,0,,,,,,,0
2022-10-10,,,,0,,,,,,0,,,,,,,0
2022-10-11,,,,0,,,,,,0,,,,,,,0
2022-10-12,,,,0,,,,,,0,,,,,,,0
2022-10-13,,,,0,,,,,,0,,,,,,,0
2022-10-14,,,,0,,,,,,0,,,,,,,0
2022-10-15,,,,0,,,,,,0,,,,,,,0
2022-10-16,,,,0,,,,,,0,,,,,,,0
2022-10-17,,,,0,,,,,,0,,,,,,,0
2022-10-18,,,,0,,,,,,0,,,,,,,0
2022-10-19,,,,0,,,,,,0,,,,,,,0
2022-10-20,,,,0,,,,,,0,,,,,,,0
2022-10-21,,,,0,,,,,,0,,,,,,,0
2022-10-22,,,,0,,,,,,0,,,,,,,0
2022-10-23,,,,0,,,,,,0,,,,,,,0
2022-10-24,,,,0,,,,,,0,,,,,,,0
2022-10-25,,,,0,,,,,,0,,,,,,,0
2022-10-26,,,,0,,,,,,0,,,,,,,0
2022-10-27,,,,0,,,,,,0,,,,,,,0
2022-10-28,,,,0,,,,,,0,,,,,,,0
2022-10-29,,,,0,,,,,,0,,,,,,,0
2022-10-30,,,,0,,,,,,0,,,,,,,0
2022-10-31,,,,0,,,,,,0,,,,,,,0
2022-11-01,,,,0,,,,,,0,,,,,,,0
2022-11-02,,,,0,,,,,,0,,,,,,,0
2022-11-03,,,,0,,,,,,0,,,,,,,0
2022-11-04,,,,0,,,,,,0,,,,,,,0
2022-11-05,,,,0,,,,,,0,,,,,,,0
2022-11-06,,,,0,,,,,,0,,,,,,,0
2022-11-07,,,,0,,,,,,0,,,,,,,0
2022-11-08,,,,0,,,,,,0,,,,,,,0
2022-11-09,,,,0,,,,,,0,,,,,,,0
2022-11-10,,,,0,,,,,,0,,,,,,,0
2022-11-11,,,,0,,,,,,0,,,,,,,0
2022-11-12,,,,0,,,,,,0,,,,,,,0
2022-11-13,,,,0,,,,,,0,,,,,,,0
2022-11-14,,,,0,,,,,,0,,,,,,,0
2022-11-15,,,,0,,,,,,0,,,,,,,0
2022-11-16,,,,0,,,,,,0,,,,,,,0
2022-11-17,,,,0,,,,,,0,,,,,,,0
2022-11-18,,,,0,,,,,,0,,,,,,,0
2022-11-19,,,,0,,,,,,0,,,,,,,0
2022-11-20,,,,0,,,,,,0,,,,,,,0
2022-11-21,,,,0,,,,,,0,,,,,,,0
2022-11-22,,,,0,,,,,,0,,,,,,,0
2022-11-23,,,,0,,,,,,0,,,,,,,0
2022-11-24,,,,0,,,,,,0,,,,,,,0
2022-11-25,,,,0,,,,,,0,,,,,,,0
2022-11-26,,,,0,,,,,,0,,,,,,,0
2022-11-27,,,,0,,,,,,0,,,,,,,0
2022-11-28,,,,0,,,,,,0,,,,,,,0
2022-11-29,,,,0,,,,,,0,,,,,,,0
2022-11-30,,,,0,,,,,,0,,,,,,,0
2022-12-01,,,,0,,,,,,0,,,,,,,0
2022-12-02,,,,0,,,,,,0,,,,,,,0
2022-12-03,,,,0,,,,,,0,,,,,,,0
2022-12-04,,,,0,,,,,,0,,,,,,,0
2022-12-05,,,,0,,,,,,0,,,,,,,0
2022-12-06,,,,0,,,,,,0,,,,,,,0
2022-12-07,,,,0,,,,,,0,,,,,,,0
2022-12-08,,,,0,,,,,,0,,,,,,,0
2022-12-09,,,,0,,,,,,0,,,,,,,0
2022-12-10,,,,0,,,,,,0,,,,,,,0
2022-12-11,,,,0,,,,,,0,,,,,,,0
2022-12-12,,,,0,,,,,,0,,,,,,,0
2022-12-13,,,,0,,,,,,0,,,,,,,0
2022-12-14,,,,0,,,,,,0,,,,,,,0
2022-12-15,,,,0,,,,,,0,,,,,,,0
2022-12-16,,,,0,,,,,,0,,,,,,,0
2022-12-17,,,,0,,,,,,0,,,,,,,0
2022-12-18,,,,0,,,,,,0,,,,,,,0
2022-12-19,,,,0,,,,,,0,,,,,,,0
2022-12-20,,,,0,,,,,,0,,,,,,,0
2022-12-21,,,,0,,,,,,0,,,,,,,0
2022-12-22,,,,0,,,,,,0,,,,,,,0
2022-12-23,,,,0,,,,,,0,,,,,,,0
2022-12-24,,,,0,,,,,,0,,,,,,,0
2022-12-25,,,,0,,,,,,0,,,,,,,0
2022-12-26,,,,0,,,,,,0,,,,,,,0
2022-12-27,,,,0,,,,,,0,,,,,,,0
2022-12-28,,,,0,,,,,,0,,,,,,,0
2022-12-29,,,,0,,,,,,0,,,,,,,0
2022-12-30,,,,0,,,,,,0,,,,,,,0
2022-12-31,,,,0,,,,,,0,,,,,,,0
2023-01-01,,,,0,,,,,,0,,,,,,,0
2023-01-02,,,,0,,,,,,0,,,,,,,0
2023-01-03,,,,0,,,,,,0,,,,,,,0
2023-01-04,,,,0,,,,,,0,,,,,,,0
2023-01-05,,,,0,,,,,,0,,,,,,,0
2023-01-06,,,,0,,,,,,0,,,,,,,0
2023-01-07,,,,0,,,,,,0,,,,,,,0
2023-01-08,,,,0,,,,,,0,,,,,,,0
2023-01-09,,,,0,,,,,,0,,,,,,,0
2023-01-10,,,,0,,,,,,0,,,,,,,0
2023-01-11,,,,0,,,,,,0,,,,,,,0
2023-01-12,,,,0,,,,,,0,,,,,,,0
2023-01-13,,,,0,,,,,,0,,,,,,,0
2023-01-14,,,,0,,,,,,0,,,,,,,0
2023-01-15,,,,0,,,,,,0,,,,,,,0
2023-01-16,,,,0,,,,,,0,,,,,,,0
2023-01-17,,,,0,,,,,,0,,,,,,,0
2023-01-18,,,,0,,,,,,0,,,,,,,0
2023-01-19,,,,0,,,,,,0,,,,,,,0
2023-01-20,,,,0,,,,,,0,,,,,,,0
2023-01-21,,,,0,,,,,,0,,,,,,,0
2023-01-22,,,,0,,,,,,0,,,,,,,0
2023-01-23,,,,0,,,,,,0,,,,,,,0
2023-01-24,,,,0,,,,,,0,,,,,,,0
2023-01-25,,,,0,,,,,,0,,,,,,,0
2023-01-26,,,,0,,,,,,0,,,,,,,0
2023-01-27,,,,0,,,,,,0,,,,,,,0
2023-01-28,,,,0,,,,,,0,,,,,,,0
2023-01-29,,,,0,,,,,,0,,,,,,,0
2023-01-30,,,,0,,,,,,0,,,,,,,0
2023-01-31,,,,0,,,,,,0,,,,,,,0
2023-02-01,,,,0,,,,,,0,,,,,,,0
2023-02-02,,,,0,,,,,,0,,,,,,,0
2023-02-03,,,,0,,,,,,0,,,,,,,0
2023-02-04,,,,0,,,,,,0,,,,,,,0
2023-02-05,,,,0,,,,,,0,,,,,,,0
2023-02-06,,,,0,,,,,,0,,,,,,,0
2023-02-07,,,,0,,,,,,0,,,,,,,0
2023-02-08,,,,0,,,,,,0,,,,,,,0
2023-02-09,,,,0,,,,,,0,,,,,,,0
2023-02-10,,,,0,,,,,,0,,,,,,,0
2023-02-11,,,,0,,,,,,0,,,,,,,0
2023-02-12,,,,0,,,,,,0,,,,,,,0
2023-02-13,,,,0,,,,,,0,,,,,,,0
2023-02-14,,,,0,,,,,,0,,,,,,,0
2023-02-15,,,,0,,,,,,0,,,,,,,0
2023-02-16,,,,0,,,,,,0,,,,,,,0
2023-02-17,,,,0,,,,,,0,,,,,,,0
2023-02-18,,,,0,,,,,,0,,,,,,,0
2023-02-19,,,,0,,,,,,0,,,,,,,0
2023-02-20,,,,0,,,,,,0,,,,,,,0
2023-02-21,,,,0,,,,,,0,,,,,,,0
2023-02-22,,,,0,,,,,,0,,,,,,,0
2023-02-23,,,,0,,,,,,0,,,,,,,0
2023-02-24,,,,0,,,,,,0,,,,,,,0
2023-02-25,,,,0,,,,,,0,,,,,,,0
2023-02-26,,,,0,,,,,,0,,,,,,,0
2023-02-27,,,,0,,,,,,0,,,,,,,0
2023-02-28,,,,0,,,,,,0,,,,,,,0
2023-03-01,,,,0,,,,,,0,,,,,,,0
2023-03-02,,,,0,,,,,,0,,,,,,,0
2023-03-03,,,,0,,,,,,0,,,,,,,0
2023-03-04,,,,0,,,,,,0,,,,,,,0
2023-03-05,,,,0,,,,,,0,,,,,,,0
2023-03-06,,,,0,,,,,,0,,,,,,,0
2023-03-07,,,,0,,,,,,0,,,,,,,0
2023-03-08,,,,0,,,,,,0,,,,,,,0
2023-03-09,,,,0,,,,,,0,,,,,,,0
2023-03-10,,,,0,,,,,,0,,,,,,,0
2023-03-11,,,,0,,,,,,0,,,,,,,0
2023-03-12,,,,0,,,,,,0,,,,,,,0
2023-03-13,,,,0,,,,,,0,,,,,,,0
2023-03-14,,,,0,,,,,,0,,,,,,,0
2023-03-15,,,,0,,,,,,0,,,,,,,0
2023-03-16,,,,0,,,,,,0,,,,,,,0
2023-03-17,,,,0,,,,,,0,,,,,,,0
2023-03-18,,,,0,,,,,,0,,,,,,,0
2023-03-19,,,,0,,,,,,0,,,,,,,0
2023-03-20,,,,0,,,,,,0,,,,,,,0
2023-03-21,,,,0,,,,,,0,,,,,,,0
2023-03-22,,,,0,,,,,,0,,,,,,,0
2023-03-23,,,,0,,,,,,0,,,,,,,0
2023-03-24,,,,0,,,,,,0,,,,,,,0
2023-03-25,,,,0,,,,,,0,,,,,,,0
2023-03-26,,,,0,,,,,,0,,,,,,,0
2023-03-27,,,,0,,,,,,0,,,,,,,0
2023-03-28,,,,0,,,,,,0,,,,,,,0
2023-03-29,,,,0,,,,,,0,,,,,,,0
2023-03-30,,,,0,,,,,,0,,,,,,,0
2023-03-31,,,,0,,,,,,0,,,,,,,0
2023-04-01,,,,0,,,,,,0,,,,,,,0
2023-04-02,,,,0,,,,,,0,,,,,,,0
2023-04-03,,,,0,,,,,,0,,,,,,,0
2023-04-04,,,,0,,,,,,0,,,,,,,0
2023-04-05,,,,0,,,,,,0,,,,,,,0
2023-04-06,,,,0,,,,,,0,,,,,,,0
2023-04-07,,,,0,,,,,,0,,,,,,,0
2023-04-08,,,,0,,,,,,0,,,,,,,0
2023-04-09,,,,0,,,,,,0,,,,,,,0
2023-04-10,,,,0,,,,,,0,,,,,,,0
2023-04-11,,,,0,,,,,,0,,,,,,,0
2023-04-12,,,,0,,,,,,0,,,,,,,0
2023-04-13,,,,0,,,,,,0,,,,,,,0
2023-04-14,,,,0,,,,,,0,,,,,,,0
2023-04-15,,,,0,,,,,,0,,,,,,,0
2023-04-16,,,,0,,,,,,0,,,,,,,0
2023-04-17,,,,0,,,,,,0,,,,,,,0
2023-04-18,,,,0,,,,,,0,,,,,,,0
2023-04-19,,,,0,,,,,,0,,,,,,,0
2023-04-20,,,,0,,,,,,0,,,,,,,0
2023-04-21,,,,0,,,,,,0,,,,,,,0
2023-04-22,,,,0,,,,,,0,,,,,,,0
2023-04-23,,,,0,,,,,,0,,,,,,,0
2023-04-24,,,,0,,,,,,0,,,,,,,0
2023-04-25,,,,0,,,,,,0,,,,,,,0
2023-04-26,,,,0,,,,,,0,,,,,,,0
2023-04-27,,,,0,,,,,,0,,,,,,,0
2023-04-28,,,,0,,,,,,0,,,,,,,0
2023-04-29,,,,0,,,,,,0,,,,,,,0
2023-04-30,,,,0,,,,,,0,,,,,,,0
2023-05-01,,,,0,,,,,,0,,,,,,,0
2023-05-02,,,,0,,,,,,0,,,,,,,0
2023-05-03,,,,0,,,,,,0,,,,,,,0
2023-05-04,,,,0,,,,,,0,,,,,,,0
2023-05-05,,,,0,,,,,,0,,,,,,,0
2023-05-06,,,,0,,,,,,0,,,,,,,0
2023-05-07,,,,0,,,,,,0,,,,,,,0
2023-05-08,,,,0,,,,,,0,,,,,,,0
2023-05-09,,,,0,,,,,,0,,,,,,,0
2023-05-10,,,,0,,,,,,0,,,,,,,0
2023-05-11,,,,0,,,,,,0,,,,,,,0
2023-05-12,,,,0,,,,,,0,,,,,,,0
2023-05-13,,,,0,,,,,,0,,,,,,,0
2023-05-14,,,,0,,,,,,0,,,,,,,0
2023-05-15,,,,0,,,,,,0,,,,,,,0
2023-05-16,,,,0,,,,,,0,,,,,,,0
2023-05-17,,,,0,,,,,,0,,,,,,,0
2023-05-18,,,,0,,,,,,0,,,,,,,0
2023-05-19,,,,0,,,,,,0,,,,,,,0
2023-05-20,,,,0,,,,,,0,,,,,,,0
2023-05-21,,,,0,,,,,,0,,,,,,,0
2023-05-22,,,,0,,,,,,0,,,,,,,0
2023-05-23,,,,0,,,,,,0,,,,,,,0
2023-05-24,,,,0,,,,,,0,,,,,,,0
2023-05-25,,,,0,,,,,,0,,,,,,,0
2023-05-26,,,,0,,,,,,0,,,,,,,0
2023-05-27,,,,0,,,,,,0,,,,,,,0
2023-05-28,,,,0,,,,,,0,,,,,,,0
2023-05-29,,,,0,,,,,,0,,,,,,,0
2023-05-30,,,,0,,,,,,0,,,,,,,0
2023-05-31,,,,0,,,,,,0,,,,,,,0
2023-06-01,,,,0,,,,,,0,,,,,,,0
2023-06-02,,,,0,,,,,,0,,,,,,,0
2023-06-03,,,,0,,,,,,0,,,,,,,0
2023-06-04,,,,0,,,,,,0,,,,,,,0
2023-06-05,,,,0,,,,,,0,,,,,,,0
2023-06-06,,,,0,,,,,,0,,,,,,,0
2023-06-07,,,,0,,,,,,0,,,,,,,0
2023-06-08,,,,0,,,,,,0,,,,,,,0
2023-06-09,,,,0,,,,,,0,,,,,,,0
2023-06-10,,,,0,,,,,,0,,,,,,,0
2023-06-11,,,,0,,,,,,0,,,,,,,0
2023-06-12,,,,0,,,,,,0,,,,,,,0
2023-06-13,,,,0,,,,,,0,,,,,,,0
2023-06-14,,,,0,,,,,,0,,,,,,,0
2023-06-15,,,,0,,,,,,0,,,,,,,0
2023-06-16,,,,0,,,,,,0,,,,,,,0
2023-06-17,,,,0,,,,,,0,,,,,,,0
2023-06-18,,,,0,,,,,,0,,,,,,,0
2023-06-19,,,,0,,,,,,0,,,,,,,0
2023-06-20,,,,0,,,,,,0,,,,,,,0
2023-06-21,,,,0,,,,,,0,,,,,,,0
2023-06-22,,,,0,,,,,,0,,,,,,,0
2023-06-23,,,,0,,,,,,0,,,,,,,0
2023-06-24,,,,0,,,,,,0,,,,,,,0
2023-06-25,,,,0,,,,,,0,,,,,,,0
2023-06-26,,,,0,,,,,,0,,,,,,,0
2023-06-27,,,,0,,,,,,0,,,,,,,0
2023-06-28,,,,0,,,,,,0,,,,,,,0
2023-06-29,,,,0,,,,,,0,,,,,,,0
2023-06-30,,,,0,,,,,,0,,,,,,,0
2023-07-01,,,,0,,,,,,0,,,,,,,0
2023-07-02,,,,0,,,,,,0,,,,,,,0
2023-07-03,,,,0,,,,,,0,,,,,,,0
2023-07-04,,,,0,,,,,,0,,,,,,,0
2023-07-05,,,,0,,,,,,0,,,,,,,0
2023-07-06,,,,0,,,,,,0,,,,,,,0
2023-07-07,,,,0,,,,,,0,,,,,,,0
2023-07-08,,,,0,,,,,,0,,,,,,,0
2023-07-09,,,,0,,,,,,0,,,,,,,0
2023-07-10,,,,0,,,,,,0,,,,,,,0
2023-07-11,,,,0,,,,,,0,,,,,,,0
2023-07-12,,,,0,,,,,,0,,,,,,,0
2023-07-13,,,,0,,,,,,0,,,,,,,0
2023-07-14,,,,0,,,,,,0,,,,,,,0
2023-07-15,,,,0,,,,,,0,,,,,,,0
2023-07-16,,,,0,,,,,,0,,,,,,,0
2023-07-17,,,,0,,,,,,0,,,,,,,0
2023-07-18,,,,0,,,,,,0,,,,,,,0
2023-07-19,,,,0,,,,,,0,,,,,,,0
2023-07-20,,,,0,,,,,,0,,,,,,,0
2023-07-21,,,,0,,,,,,0,,,,,,,0
2023-07-22,,,,0,,,,,,0,,,,,,,0
2023-07-23,,,,0,,,,,,0,,,,,,,0
2023-07-24,,,,0,,,,,,0,,,,,,,0
2023-07-25,,,,0,,,,,,0,,,,,,,0
2023-07-26,,,,0,,,,,,0,,,,,,,0
2023-07-27,,,,0,,,,,,0,,,,,,,0
2023-07-28,,,,0,,,,,,0,,,,,,,0
2023-07-29,,,,0,,,,,,0,,,,,,,0
2023-07-30,,,,0,,,,,,0,,,,,,,0
2023-07-31,,,,0,,,,,,0,,,,,,,0
2023-08-01,,,,0,,,,,,0,,,,,,,0
2023-08-02,,,,0,,,,,,0,,,,,,,0
2023-08-03,,,,0,,,,,,0,,,,,,,0
2023-08-04,,,,0,,,,,,0,,,,,,,0
2023-08-05,,,,0,,,,,,0,,,,,,,0
2023-08-06,,,,0,,,,,,0,,,,,,,0
2023-08-07,,,,0,,,,,,0,,,,,,,0
2023-08-08,,,,0,,,,,,0,,,,,,,0
2023-08-09,,,,0,,,,,,0,,,,,,,0
2023-08-10,,,,0,,,,,,0,,,,,,,0
2023-08-11,,,,0,,,,,,0,,,,,,,0
2023-08-12,,,,0,,,,,,0,,,,,,,0
2023-08-13,,,,0,,,,,,0,,,,,,,0
2023-08-14,,,,0,,,,,,0,,,,,,,0
2023-08-15,,,,0,,,,,,0,,,,,,,0
2023-08-16,,,,0,,,,,,0,,,,,,,0
2023-08-17,,,,0,,,,,,0,,,,,,,0
2023-08-18,,,,0,,,,,,0,,,,,,,0
2023-08-19,,,,0,,,,,,0,,,,,,,0
2023-08-20,,,,0,,,,,,0,,,,,,,0
2023-08-21,,,,0,,,,,,0,,,,,,,0
2023-08-22,,,,0,,,,,,0,,,,,,,0
2023-08-23,,,,0,,,,,,0,,,,,,,0
2023-08-24,,,,0,,,,,,0,,,,,,,0
2023-08-25,,,,0,,,,,,0,,,,,,,0
2023-08-26,,,,0,,,,,,0,,,,,,,0
2023-08-27,,,,0,,,,,,0,,,,,,,0
2023-08-28,,,,0,,,,,,0,,,,,,,0
2023-08-29,,,,0,,,,,,0,,,,,,,0
2023-08-30,,,,0,,,,,,0,,,,,,,0
2023-08-31,,,,0,,,,,,0,,,,,,,0
2023-09-01,,,,0,,,,,,0,,,,,,,0
2023-09-02,,,,0,,,,,,0,,,,,,,0
2023-09-03,,,,0,,,,,,0,,,,,,,0
2023-09-04,,,,0,,,,,,0,,,,,,,0
2023-09-05,,,,0,,,,,,0,,,,,,,0
2023-09-06,,,,0,,,,,,0,,,,,,,0
2023-09-07,,,,0,,,,,,0,,,,,,,0
2023-09-08,,,,0,,,,,,0,,,,,,,0
2023-09-09,,,,0,,,,,,0,,,,,,,0
2023-09-10,,,,0,,,,,,0,,,,,,,0
2023-09-11,,,,0,,,,,,0,,,,,,,0
2023-09-12,,,,0,,,,,,0,,,,,,,0
2023-09-13,,,,0,,,,,,0,,,,,,,0
2023-09-14,,,,0,,,,,,0,,,,,,,0
2023-09-15,,,,0,,,,,,0,,,,,,,0
2023-09-16,,,,0,,,,,,0,,,,,,,0
2023-09-17,,,,0,,,,,,0,,,,,,,0
2023-09-18,,,,0,,,,,,0,,,,,,,0
2023-09-19,,,,0,,,,,,0,,,,,,,0
2023-09-20,,,,0,,,,,,0,,,,,,,0
2023-09-21,,,,0,,,,,,0,,,,,,,0
2023-09-22,,,,0,,,,,,0,,,,,,,0
2023-09-23,,,,0,,,,,,0,,,,,,,0
2023-09-24,,,,0,,,,,,0,,,,,,,0
2023-09-25,,,,0,,,,,,0,,,,,,,0
2023-09-26,,,,0,,,,,,0,,,,,,,0
2023-09-27,,,,0,,,,,,0,,,,,,,0
2023-09-28,,,,0,,,,,,0,,,,,,,0
2023-09-29,,,,0,,,,,,0,,,,,,,0
2023-09-30,,,,0,,,,,,0,,,,,,,0
2023-10-01,,,,0,,,,,,0,,,,,,,0
2023-10-02,,,,0,,,,,,0,,,,,,,0
2023-10-03,,,,0,,,,,,0,,,,,,,0
2023-10-04,,,,0,,,,,,0,,,,,,,0
2023-10-05,,,,0,,,,,,0,,,,,,,0
2023-10-06,,,,0,,,,,,0,,,,,,,0
2023-10-07,,,,0,,,,,,0,,,,,,,0
2023-10-08,,,,0,,,,,,0,,,,,,,0
2023-10-09,,,,0,,,,,,0,,,,,,,0
2023-10-10,,,,0,,,,,,0,,,,,,,0
2023-10-11,,,,0,,,,,,0,,,,,,,0
2023-10-12,,,,0,,,,,,0,,,,,,,0
2023-10-13,,,,0,,,,,,0,,,,,,,0
2023-10-14,,,,0,,,,,,0,,,,,,,0
2023-10-15,,,,0,,,,,,0,,,,,,,0
2023-10-16,,,,0,,,,,,0,,,,,,,0
2023-10-17,,,,0,,,,,,0,,,,,,,0
2023-10-18,,,,0,,,,,,0,,,,,,,0
2023-10-19,,,,0,,,,,,0,,,,,,,0
2023-10-20,,,,0,,,,,,0,,,,,,,0
2023-10-21,,,,0,,,,,,0,,,,,,,0
2023-10-22,,,,0,,,,,,0,,,,,,,0
2023-10-23,,,,0,,,,,,0,,,,,,,0
2023-10-24,,,,0,,,,,,0,,,,,,,0
2023-10-25,,,,0,,,,,,0,,,,,,,0
2023-10-26,,,,0,,,,,,0,,,,,,,0
2023-10-27,,,,0,,,,,,0,,,,,,,0
2023-10-28,,,,0,,,,,,0,,,,,,,0
2023-10-29,,,,0,,,,,,0,,,,,,,0
2023-10-30,,,,0,,,,,,0,,,,,,,0
2023-10-31,,,,0,,,,,,0,,,,,,,0
2023-11-01,,,,0,,,,,,0,,,,,,,0
2023-11-02,,,,0,,,,,,0,,,,,,,0
2023-11-03,,,,0,,,,,,0,,,,,,,0
2023-11-04,,,,0,,,,,,0,,,,,,,0
2023-11-05,,,,0,,,,,,0,,,,,,,0
2023-11-06,,,,0,,,,,,0,,,,,,,0
2023-11-07,,,,0,,,,,,0,,,,,,,0
2023-11-08,,,,0,,,,,,0,,,,,,,0
2023-11-09,,,,0,,,,,,0,,,,,,,0
2023-11-10,,,,0,,,,,,0,,,,,,,0
2023-11-11,,,,0,,,,,,0,,,,,,,0
2023-11-12,,,,0,,,,,,0,,,,,,,0
2023-11-13,,,,0,,,,,,0,,,,,,,0
2023-11-14,,,,0,,,,,,0,,,,,,,0
2023-11-15,,,,0,,,,,,0,,,,,,,0
2023-11-16,,,,0,,,,,,0,,,,,,,0
2023-11-17,,,,0,,,,,,0,,,,,,,0
2023-11-18,,,,0,,,,,,0,,,,,,,0
2023-11-19,,,,0,,,,,,0,,,,,,,0
2023-11-20,,,,0,,,,,,0,,,,,,,0
2023-11-21,,,,0,,,,,,0,,,,,,,0
2023-11-22,,,,0,,,,,,0,,,,,,,0
2023-11-23,,,,0,,,,,,0,,,,,,,0
2023-11-24,,,,0,,,,,,0,,,,,,,0
2023-11-25,,,,0,,,,,,0,,,,,,,0
2023-11-26,,,,0,,,,,,0,,,,,,,0
2023-11-27,,,,0,,,,,,0,,,,,,,0
2023-11-28,,,,0,,,,,,0,,,,,,,0
2023-11-29,,,,0,,,,,,0,,,,,,,0
2023-11-30,,,,0,,,,,,0,,,,,,,0
2023-12-01,,,,0,,,,,,0,,,,,,,0
2023-12-02,,,,0,,,,,,0,,,,,,,0
2023-12-03,,,,0,,,,,,0,,,,,,,0
2023-12-04,,,,0,,,,,,0,,,,,,,0
2023-12-05,,,,0,,,,,,0,,,,,,,0
2023-12-06,,,,0,,,,,,0,,,,,,,0
2023-12-07,,,,0,,,,,,0,,,,,,,0
2023-12-08,,,,0,,,,,,0,,,,,,,0
2023-12-09,,,,0,,,,,,0,,,,,,,0
2023-12-10,,,,0,,,,,,0,,,,,,,0
2023-12-11,,,,0,,,,,,0,,,,,,,0
2023-12-12,,,,0,,,,,,0,,,,,,,0
2023-12-13,,,,0,,,,,,0,,,,,,,0
2023-12-14,,,,0,,,,,,0,,,,,,,0
2023-12-15,,,,0,,,,,,0,,,,,,,0
2023-12-16,,,,0,,,,,,0,,,,,,,0
2023-12-17,,,,0,,,,,,0,,,,,,,0
2023-12-18,,,,0,,,,,,0,,,,,,,0
2023-12-19,,,,0,,,,,,0,,,,,,,0
2023-12-20,,,,0,,,,,,0,,,,,,,0
2023-12-21,,,,0,,,25.2,25.2,25.2,1,S1989140,7570748,25.2,low-cost only,25.2,25.2,1
2023-12-22,,,,0,,,26.0,26.0,26.0,1,S1989140,7570748,26.0,low-cost only,26.0,26.0,1
2023-12-23,,,,0,,,35.4,35.4,35.4,1,S1989140,7570748,35.4,low-cost only,35.4,35.4,1
2023-12-24,,,,0,,,33.3,33.3,33.3,1,S1989140,7570748,33.3,low-cost only,33.3,33.3,1
2023-12-25,,,,0,,,30.5,30.5,30.5,1,S1989140,7570748,30.5,low-cost only,30.5,30.5,1
2023-12-26,,,,0,,,19.3,19.3,19.3,1,S1989140,7570748,19.3,low-cost only,19.3,19.3,1
2023-12-27,,,,0,,,9.67,9.67,9.67,1,S1989140,7570748,9.67,low-cost only,9.67,9.67,1
2023-12-28,,,,0,,,4.21,4.21,4.21,1,S1989140,7570748,4.21,low-cost only,4.21,4.21,1
2023-12-29,,,,0,,,10.6,10.6,10.6,1,S1989140,7570748,10.6,low-cost only,10.6,10.6,1
2023-12-30,,,,0,,,6.94,6.94,6.94,1,S1989140,7570748,6.94,low-cost only,6.94,6.94,1
2023-12-31,,,,0,,,27.0,27.0,27.0,1,S1989140,7570748,27.0,low-cost only,27.0,27.0,1
2024-01-01,,,,0,,,3.62,3.62,3.62,1,S1989140,7570748,3.62,low-cost only,3.62,3.62,1
2024-01-02,,,,0,,,14.9,14.9,14.9,1,S1989140,7570748,14.9,low-cost only,14.9,14.9,1
2024-01-03,,,,0,,,18.2,18.2,18.2,1,S1989140,7570748,18.2,low-cost only,18.2,18.2,1
2024-01-04,,,,0,,,2.65,2.65,2.65,1,S1989140,7570748,2.65,low-cost only,2.65,2.65,1
2024-01-05,,,,0,,,23.0,23.0,23.0,1,S1989140,7570748,23.0,low-cost only,23.0,23.0,1
2024-01-06,,,,0,,,37.5,37.5,37.5,1,S1989140,7570748,37.5,low-cost only,37.5,37.5,1
2024-01-07,,,,0,,,46.1,46.1,46.1,1,S1989140,7570748,46.1,low-cost only,46.1,46.1,1
2024-01-08,,,,0,,,31.3,31.3,31.3,1,S1989140,7570748,31.3,low-cost only,31.3,31.3,1
2024-01-09,,,,0,,,13.7,13.7,13.7,1,S1989140,7570748,13.7,low-cost only,13.7,13.7,1
2024-01-10,,,,0,,,4.22,4.22,4.22,1,S1989140,7570748,4.22,low-cost only,4.22,4.22,1
2024-01-11,,,,0,,,23.7,23.7,23.7,1,S1989140,7570748,23.7,low-cost only,23.7,23.7,1
2024-01-12,,,,0,,,18.0,18.0,18.0,1,S1989140,7570748,18.0,low-cost only,18.0,18.0,1
2024-01-13,,,,0,,,8.93,8.93,8.93,1,S1989140,7570748,8.93,low-cost only,8.93,8.93,1
2024-01-14,,,,0,,,5.23,5.23,5.23,1,S1989140,7570748,5.23,low-cost only,5.23,5.23,1
2024-01-15,,,,0,,,8.68,8.68,8.68,1,S1989140,7570748,8.68,low-cost only,8.68,8.68,1
2024-01-16,,,,0,,,12.1,12.1,12.1,1,S1989140,7570748,12.1,low-cost only,12.1,12.1,1
2024-01-17,,,,0,,,5.69,5.69,5.69,1,S1989140,7570748,5.69,low-cost only,5.69,5.69,1
2024-01-18,,,,0,,,27.5,27.5,27.5,1,S1989140,7570748,27.5,low-cost only,27.5,27.5,1
2024-01-19,,,,0,,,8.1,8.1,8.1,1,S1989140,7570748,8.1,low-cost only,8.1,8.1,1
2024-01-20,,,,0,,,4.6,4.6,4.6,1,S1989140,7570748,4.6,low-cost only,4.6,4.6,1
2024-01-21,,,,0,,,9.44,9.44,9.44,1,S1989140,7570748,9.44,low-cost only,9.44,9.44,1
2024-01-22,,,,0,,,26.3,26.3,26.3,1,S1989140,7570748,26.3,low-cost only,26.3,26.3,1
2024-01-23,,,,0,,,34.7,34.7,34.7,1,S1989140,7570748,34.7,low-cost only,34.7,34.7,1
2024-01-24,,,,0,,,23.5,23.5,23.5,1,S1989140,7570748,23.5,low-cost only,23.5,23.5,1
2024-01-25,,,,0,,,22.0,22.0,22.0,1,S1989140,7570748,22.0,low-cost only,22.0,22.0,1
2024-01-26,,,,0,,,5.36,5.36,5.36,1,S1989140,7570748,5.36,low-cost only,5.36,5.36,1
2024-01-27,,,,0,,,,,,0,,,,,,,0
2024-01-28,,,,0,,,9.24,9.24,9.24,1,S1989140,7570748,9.24,low-cost only,9.24,9.24,1
2024-01-29,,,,0,,,,,,0,,,,,,,0
2024-01-30,,,,0,,,33.2,33.2,33.2,1,S1989140,7570748,33.2,low-cost only,33.2,33.2,1
2024-01-31,,,,0,,,20.3,20.3,20.3,1,S1989140,7570748,20.3,low-cost only,20.3,20.3,1
2024-02-01,,,,0,,,,,,0,,,,,,,0
2024-02-02,,,,0,,,2.89,2.89,2.89,1,S1989140,7570748,2.89,low-cost only,2.89,2.89,1
2024-02-03,,,,0,,,16.0,16.0,16.0,1,S1989140,7570748,16.0,low-cost only,16.0,16.0,1
2024-02-04,,,,0,,,30.5,30.5,30.5,1,S1989140,7570748,30.5,low-cost only,30.5,30.5,1
2024-02-05,,,,0,,,,,,0,,,,,,,0
2024-02-06,,,,0,,,,,,0,,,,,,,0
2024-02-07,,,,0,,,,,,0,,,,,,,0
2024-02-08,,,,0,,,,,,0,,,,,,,0
2024-02-09,,,,0,,,,,,0,,,,,,,0
2024-02-10,,,,0,,,10.0,10.0,10.0,1,S1989140,7570748,10.0,low-cost only,10.0,10.0,1
2024-02-11,,,,0,,,,,,0,,,,,,,0
2024-02-12,,,,0,,,17.8,17.8,17.8,1,S1989140,7570748,17.8,low-cost only,17.8,17.8,1
2024-02-13,,,,0,,,18.6,18.6,18.6,1,S1989140,7570748,18.6,low-cost only,18.6,18.6,1
2024-02-14,,,,0,,,2.15,2.15,2.15,1,S1989140,7570748,2.15,low-cost only,2.15,2.15,1
2024-02-15,,,,0,,,10.7,10.7,10.7,1,S1989140,7570748,10.7,low-cost only,10.7,10.7,1
2024-02-16,,,,0,,,3.0,3.0,3.0,1,S1989140,7570748,3.0,low-cost only,3.0,3.0,1
2024-02-17,,,,0,,,3.13,3.13,3.13,1,S1989140,7570748,3.13,low-cost only,3.13,3.13,1
2024-02-18,,,,0,,,10.4,10.4,10.4,1,S1989140,7570748,10.4,low-cost only,10.4,10.4,1
2024-02-19,,,,0,,,6.83,6.83,6.83,1,S1989140,7570748,6.83,low-cost only,6.83,6.83,1
2024-02-20,,,,0,,,24.6,24.6,24.6,1,S1989140,7570748,24.6,low-cost only,24.6,24.6,1
2024-02-21,,,,0,,,33.0,33.0,33.0,1,S1989140,7570748,33.0,low-cost only,33.0,33.0,1
2024-02-22,,,,0,,,39.2,39.2,39.2,1,S1989140,7570748,39.2,low-cost only,39.2,39.2,1
2024-02-23,,,,0,,,24.0,24.0,24.0,1,S1989140,7570748,24.0,low-cost only,24.0,24.0,1
2024-02-24,,,,0,,,,,,0,,,,,,,0
2024-02-25,,,,0,,,15.7,15.7,15.7,1,S1989140,7570748,15.7,low-cost only,15.7,15.7,1
2024-02-26,,,,0,,,30.5,30.5,30.5,1,S1989140,7570748,30.5,low-cost only,30.5,30.5,1
2024-02-27,,,,0,,,32.4,32.4,32.4,1,S1989140,7570748,32.4,low-cost only,32.4,32.4,1
2024-02-28,,,,0,,,8.93,8.93,8.93,1,S1989140,7570748,8.93,low-cost only,8.93,8.93,1
2024-02-29,,,,0,,,3.84,3.84,3.84,1,S1989140,7570748,3.84,low-cost only,3.84,3.84,1
2024-03-01,,,,0,,,,,,0,,,,,,,0
2024-03-02,,,,0,,,32.1,32.1,32.1,1,S1989140,7570748,32.1,low-cost only,32.1,32.1,1
2024-03-03,,,,0,,,27.2,27.2,27.2,1,S1989140,7570748,27.2,low-cost only,27.2,27.2,1
2024-03-04,,,,0,,,21.1,21.1,21.1,1,S1989140,7570748,21.1,low-cost only,21.1,21.1,1
2024-03-05,,,,0,,,16.4,16.4,16.4,1,S1989140,7570748,16.4,low-cost only,16.4,16.4,1
2024-03-06,,,,0,,,4.57,4.57,4.57,1,S1989140,7570748,4.57,low-cost only,4.57,4.57,1
2024-03-07,,,,0,,,2.53,2.53,2.53,1,S1989140,7570748,2.53,low-cost only,2.53,2.53,1
2024-03-08,,,,0,,,14.0,14.0,14.0,1,S1989140,7570748,14.0,low-cost only,14.0,14.0,1
2024-03-09,,,,0,,,5.12,5.12,5.12,1,S1989140,7570748,5.12,low-cost only,5.12,5.12,1
2024-03-10,,,,0,,,0.0648,0.0648,0.0648,1,S1989140,7570748,0.0648,low-cost only,0.0648,0.0648,1
2024-03-11,,,,0,,,,,,0,,,,,,,0
2024-03-12,,,,0,,,,,,0,,,,,,,0
2024-03-13,,,,0,,,,,,0,,,,,,,0
2024-03-14,,,,0,,,,,,0,,,,,,,0
2024-03-15,,,,0,,,10.5,10.5,10.5,1,S1989140,7570748,10.5,low-cost only,10.5,10.5,1
2024-03-16,,,,0,,,,,,0,,,,,,,0
2024-03-17,,,,0,,,0.617,0.617,0.617,1,S1989140,7570748,0.617,low-cost only,0.617,0.617,1
2024-03-18,,,,0,,,0.329,0.329,0.329,1,S1989140,7570748,0.329,low-cost only,0.329,0.329,1
2024-03-19,,,,0,,,7.68,7.68,7.68,1,S1989140,7570748,7.68,low-cost only,7.68,7.68,1
2024-03-20,,,,0,,,,,,0,,,,,,,0
2024-03-21,,,,0,,,1.47,1.47,1.47,1,S1989140,7570748,1.47,low-cost only,1.47,1.47,1
2024-03-22,,,,0,,,6.25,6.25,6.25,1,S1989140,7570748,6.25,low-cost only,6.25,6.25,1
2024-03-23,,,,0,,,12.5,12.5,12.5,1,S1989140,7570748,12.5,low-cost only,12.5,12.5,1
2024-03-24,,,,0,,,3.77,3.77,3.77,1,S1989140,7570748,3.77,low-cost only,3.77,3.77,1
2024-03-25,,,,0,,,,,,0,,,,,,,0
2024-03-26,,,,0,,,6.0,6.0,6.0,1,S1989140,7570748,6.0,low-cost only,6.0,6.0,1
2024-03-27,,,,0,,,,,,0,,,,,,,0
2024-03-28,,,,0,,,,,,0,,,,,,,0
2024-03-29,,,,0,,,,,,0,,,,,,,0
2024-03-30,,,,0,,,20.2,20.2,20.2,1,S1989140,7570748,20.2,low-cost only,20.2,20.2,1
2024-03-31,,,,0,,,23.5,23.5,23.5,1,S1989140,7570748,23.5,low-cost only,23.5,23.5,1
2024-04-01,,,,0,,,7.93,7.93,7.93,1,S1989140,7570748,7.93,low-cost only,7.93,7.93,1
2024-04-02,,,,0,,,7.9,7.9,7.9,1,S1989140,7570748,7.9,low-cost only,7.9,7.9,1
2024-04-03,,,,0,,,3.74,3.74,3.74,1,S1989140,7570748,3.74,low-cost only,3.74,3.74,1
2024-04-04,,,,0,,,7.45,7.45,7.45,1,S1989140,7570748,7.45,low-cost only,7.45,7.45,1
2024-04-05,,,,0,,,0.384,0.384,0.384,1,S1989140,7570748,0.384,low-cost only,0.384,0.384,1
2024-04-06,,,,0,,,1.0,1.0,1.0,1,S1989140,7570748,1.0,low-cost only,1.0,1.0,1
2024-04-07,,,,0,,,5.86,5.86,5.86,1,S1989140,7570748,5.86,low-cost only,5.86,5.86,1
2024-04-08,,,,0,,,5.51,5.51,5.51,1,S1989140,7570748,5.51,low-cost only,5.51,5.51,1
2024-04-09,,,,0,,,17.1,17.1,17.1,1,S1989140,7570748,17.1,low-cost only,17.1,17.1,1
2024-04-10,,,,0,,,,,,0,,,,,,,0
2024-04-11,,,,0,,,12.2,12.2,12.2,1,S1989140,7570748,12.2,low-cost only,12.2,12.2,1
2024-04-12,,,,0,,,,,,0,,,,,,,0
2024-04-13,,,,0,,,1.91,1.91,1.91,1,S1989140,7570748,1.91,low-cost only,1.91,1.91,1
2024-04-14,,,,0,,,,,,0,,,,,,,0
2024-04-15,,,,0,,,,,,0,,,,,,,0
2024-04-16,,,,0,,,2.7,2.7,2.7,1,S1989140,7570748,2.7,low-cost only,2.7,2.7,1
2024-04-17,,,,0,,,,,,0,,,,,,,0
2024-04-18,,,,0,,,,,,0,,,,,,,0
2024-04-19,,,,0,,,,,,0,,,,,,,0
2024-04-20,,,,0,,,,,,0,,,,,,,0
2024-04-21,,,,0,,,,,,0,,,,,,,0
2024-04-22,,,,0,,,6.27,6.27,6.27,1,S1989140,7570748,6.27,low-cost only,6.27,6.27,1
2024-04-23,,,,0,,,7.49,7.49,7.49,1,S1989140,7570748,7.49,low-cost only,7.49,7.49,1
2024-04-24,,,,0,,,1.93,1.93,1.93,1,S1989140,7570748,1.93,low-cost only,1.93,1.93,1
2024-04-25,,,,0,,,8.44,8.44,8.44,1,S1989140,7570748,8.44,low-cost only,8.44,8.44,1
2024-04-26,,,,0,,,12.5,12.5,12.5,1,S1989140,7570748,12.5,low-cost only,12.5,12.5,1
2024-04-27,,,,0,,,19.8,19.8,19.8,1,S1989140,7570748,19.8,low-cost only,19.8,19.8,1
2024-04-28,,,,0,,,20.9,20.9,20.9,1,S1989140,7570748,20.9,low-cost only,20.9,20.9,1
2024-04-29,,,,0,,,12.6,12.6,12.6,1,S1989140,7570748,12.6,low-cost only,12.6,12.6,1
2024-04-30,,,,0,,,5.35,5.35,5.35,1,S1989140,7570748,5.35,low-cost only,5.35,5.35,1
2024-05-01,,,,0,,,7.28,7.28,7.28,1,S1989140,7570748,7.28,low-cost only,7.28,7.28,1
2024-05-02,,,,0,,,1.89,1.89,1.89,1,S1989140,7570748,1.89,low-cost only,1.89,1.89,1
2024-05-03,,,,0,,,10.3,10.3,10.3,1,S1989140,7570748,10.3,low-cost only,10.3,10.3,1
2024-05-04,,,,0,,,24.5,24.5,24.5,1,S1989140,7570748,24.5,low-cost only,24.5,24.5,1
2024-05-05,,,,0,,,16.3,16.3,16.3,1,S1989140,7570748,16.3,low-cost only,16.3,16.3,1
2024-05-06,,,,0,,,0.956,0.956,0.956,1,S1989140,7570748,0.956,low-cost only,0.956,0.956,1
2024-05-07,,,,0,,,3.85,3.85,3.85,1,S1989140,7570748,3.85,low-cost only,3.85,3.85,1
2024-05-08,,,,0,,,5.16,5.16,5.16,1,S1989140,7570748,5.16,low-cost only,5.16,5.16,1
2024-05-09,,,,0,,,3.35,3.35,3.35,1,S1989140,7570748,3.35,low-cost only,3.35,3.35,1
2024-05-10,,,,0,,,3.07,3.07,3.07,1,S1989140,7570748,3.07,low-cost only,3.07,3.07,1
2024-05-11,,,,0,,,6.31,6.31,6.31,1,S1989140,7570748,6.31,low-cost only,6.31,6.31,1
2024-05-12,,,,0,,,3.72,3.72,3.72,1,S1989140,7570748,3.72,low-cost only,3.72,3.72,1
2024-05-13,,,,0,,,10.0,10.0,10.0,1,S1989140,7570748,10.0,low-cost only,10.0,10.0,1
2024-05-14,,,,0,,,16.2,16.2,16.2,1,S1989140,7570748,16.2,low-cost only,16.2,16.2,1
2024-05-15,,,,0,,,14.2,14.2,14.2,1,S1989140,7570748,14.2,low-cost only,14.2,14.2,1
2024-05-16,,,,0,,,20.3,20.3,20.3,1,S1989140,7570748,20.3,low-cost only,20.3,20.3,1
2024-05-17,,,,0,,,21.3,21.3,21.3,1,S1989140,7570748,21.3,low-cost only,21.3,21.3,1
2024-05-18,,,,0,,,24.4,24.4,24.4,1,S1989140,7570748,24.4,low-cost only,24.4,24.4,1
2024-05-19,,,,0,,,21.6,21.6,21.6,1,S1989140,7570748,21.6,low-cost only,21.6,21.6,1
2024-05-20,,,,0,,,24.6,24.6,24.6,1,S1989140,7570748,24.6,low-cost only,24.6,24.6,1
2024-05-21,,,,0,,,17.7,17.7,17.7,1,S1989140,7570748,17.7,low-cost only,17.7,17.7,1
2024-05-22,,,,0,,,12.7,12.7,12.7,1,S1989140,7570748,12.7,low-cost only,12.7,12.7,1
2024-05-23,,,,0,,,5.19,5.19,5.19,1,S1989140,7570748,5.19,low-cost only,5.19,5.19,1
2024-05-24,,,,0,,,7.8,7.8,7.8,1,S1989140,7570748,7.8,low-cost only,7.8,7.8,1
2024-05-25,,,,0,,,,,,0,,,,,,,0
2024-05-26,,,,0,,,,,,0,,,,,,,0
2024-05-27,,,,0,,,,,,0,,,,,,,0
2024-05-28,,,,0,,,3.77,3.77,3.77,1,S1989140,7570748,3.77,low-cost only,3.77,3.77,1
2024-05-29,,,,0,,,4.16,4.16,4.16,1,S1989140,7570748,4.16,low-cost only,4.16,4.16,1
2024-05-30,,,,0,,,3.3,3.3,3.3,1,S1989140,7570748,3.3,low-cost only,3.3,3.3,1
2024-05-31,,,,0,,,10.3,10.3,10.3,1,S1989140,7570748,10.3,low-cost only,10.3,10.3,1
2024-06-01,,,,0,,,15.3,15.3,15.3,1,S1989140,7570748,15.3,low-cost only,15.3,15.3,1
2024-06-02,,,,0,,,12.4,12.4,12.4,1,S1989140,7570748,12.4,low-cost only,12.4,12.4,1
2024-06-03,,,,0,,,22.0,22.0,22.0,1,S1989140,7570748,22.0,low-cost only,22.0,22.0,1
2024-06-04,,,,0,,,15.3,15.3,15.3,1,S1989140,7570748,15.3,low-cost only,15.3,15.3,1
2024-06-05,,,,0,,,16.5,16.5,16.5,1,S1989140,7570748,16.5,low-cost only,16.5,16.5,1
2024-06-06,,,,0,,,2.04,2.04,2.04,1,S1989140,7570748,2.04,low-cost only,2.04,2.04,1
2024-06-07,,,,0,,,6.04,6.04,6.04,1,S1989140,7570748,6.04,low-cost only,6.04,6.04,1
2024-06-08,,,,0,,,5.19,5.19,5.19,1,S1989140,7570748,5.19,low-cost only,5.19,5.19,1
2024-06-09,,,,0,,,4.66,4.66,4.66,1,S1989140,7570748,4.66,low-cost only,4.66,4.66,1
2024-06-10,,,,0,,,3.65,3.65,3.65,1,S1989140,7570748,3.65,low-cost only,3.65,3.65,1
2024-06-11,,,,0,,,8.72,8.72,8.72,1,S1989140,7570748,8.72,low-cost only,8.72,8.72,1
2024-06-12,,,,0,,,10.4,10.4,10.4,1,S1989140,7570748,10.4,low-cost only,10.4,10.4,1
2024-06-13,,,,0,,,8.62,8.62,8.62,1,S1989140,7570748,8.62,low-cost only,8.62,8.62,1
2024-06-14,,,,0,,,6.51,6.51,6.51,1,S1989140,7570748,6.51,low-cost only,6.51,6.51,1
2024-06-15,,,,0,,,8.59,8.59,8.59,1,S1989140,7570748,8.59,low-cost only,8.59,8.59,1
2024-06-16,,,,0,,,6.92,6.92,6.92,1,S1989140,7570748,6.92,low-cost only,6.92,6.92,1
2024-06-17,,,,0,,,,,,0,,,,,,,0
2024-06-18,,,,0,,,27.4,27.4,27.4,1,S1989140,7570748,27.4,low-cost only,27.4,27.4,1
2024-06-19,,,,0,,,24.9,24.9,24.9,1,S1989140,7570748,24.9,low-cost only,24.9,24.9,1
2024-06-20,,,,0,,,,,,0,,,,,,,0
2024-06-21,,,,0,,,,,,0,,,,,,,0
2024-06-22,,,,0,,,,,,0,,,,,,,0
2024-06-23,,,,0,,,7.27,7.27,7.27,1,S1989140,7570748,7.27,low-cost only,7.27,7.27,1
2024-06-24,,,,0,,,12.2,12.2,12.2,1,S1989140,7570748,12.2,low-cost only,12.2,12.2,1
2024-06-25,,,,0,,,10.2,10.2,10.2,1,S1989140,7570748,10.2,low-cost only,10.2,10.2,1
2024-06-26,,,,0,,,13.3,13.3,13.3,1,S1989140,7570748,13.3,low-cost only,13.3,13.3,1
2024-06-27,,,,0,,,3.61,3.61,3.61,1,S1989140,7570748,3.61,low-cost only,3.61,3.61,1
2024-06-28,,,,0,,,7.97,7.97,7.97,1,S1989140,7570748,7.97,low-cost only,7.97,7.97,1
2024-06-29,,,,0,,,22.1,22.1,22.1,1,S1989140,7570748,22.1,low-cost only,22.1,22.1,1
2024-06-30,,,,0,,,5.38,5.38,5.38,1,S1989140,7570748,5.38,low-cost only,5.38,5.38,1
2024-07-01,,,,0,,,3.34,3.34,3.34,1,S1989140,7570748,3.34,low-cost only,3.34,3.34,1
2024-07-02,,,,0,,,5.3,5.3,5.3,1,S1989140,7570748,5.3,low-cost only,5.3,5.3,1
2024-07-03,,,,0,,,12.3,12.3,12.3,1,S1989140,7570748,12.3,low-cost only,12.3,12.3,1
2024-07-04,,,,0,,,23.9,23.9,23.9,1,S1989140,7570748,23.9,low-cost only,23.9,23.9,1
2024-07-05,,,,0,,,56.3,56.3,56.3,1,S1989140,7570748,56.3,low-cost only,56.3,56.3,1
2024-07-06,,,,0,,,11.6,11.6,11.6,1,S1989140,7570748,11.6,low-cost only,11.6,11.6,1
2024-07-07,,,,0,,,11.4,11.4,11.4,1,S1989140,7570748,11.4,low-cost only,11.4,11.4,1
2024-07-08,,,,0,,,16.7,16.7,16.7,1,S1989140,7570748,16.7,low-cost only,16.7,16.7,1
2024-07-09,,,,0,,,18.2,18.2,18.2,1,S1989140,7570748,18.2,low-cost only,18.2,18.2,1
2024-07-10,,,,0,,,6.79,6.79,6.79,1,S1989140,7570748,6.79,low-cost only,6.79,6.79,1
2024-07-11,,,,0,,,16.6,16.6,16.6,1,S1989140,7570748,16.6,low-cost only,16.6,16.6,1
2024-07-12,,,,0,,,21.1,21.1,21.1,1,S1989140,7570748,21.1,low-cost only,21.1,21.1,1
2024-07-13,,,,0,,,23.5,23.5,23.5,1,S1989140,7570748,23.5,low-cost only,23.5,23.5,1
2024-07-14,,,,0,,,17.0,17.0,17.0,1,S1989140,7570748,17.0,low-cost only,17.0,17.0,1
2024-07-15,,,,0,,,9.94,9.94,9.94,1,S1989140,7570748,9.94,low-cost only,9.94,9.94,1
2024-07-16,,,,0,,,10.8,10.8,10.8,1,S1989140,7570748,10.8,low-cost only,10.8,10.8,1
2024-07-17,,,,0,,,15.7,15.7,15.7,1,S1989140,7570748,15.7,low-cost only,15.7,15.7,1
2024-07-18,,,,0,,,5.61,5.61,5.61,1,S1989140,7570748,5.61,low-cost only,5.61,5.61,1
2024-07-19,,,,0,,,10.0,10.0,10.0,1,S1989140,7570748,10.0,low-cost only,10.0,10.0,1
2024-07-20,,,,0,,,14.5,14.5,14.5,1,S1989140,7570748,14.5,low-cost only,14.5,14.5,1
2024-07-21,,,,0,,,17.4,17.4,17.4,1,S1989140,7570748,17.4,low-cost only,17.4,17.4,1
2024-07-22,,,,0,,,19.9,19.9,19.9,1,S1989140,7570748,19.9,low-cost only,19.9,19.9,1
2024-07-23,,,,0,,,26.4,26.4,26.4,1,S1989140,7570748,26.4,low-cost only,26.4,26.4,1
2024-07-24,,,,0,,,19.6,19.6,19.6,1,S1989140,7570748,19.6,low-cost only,19.6,19.6,1
2024-07-25,,,,0,,,9.99,9.99,9.99,1,S1989140,7570748,9.99,low-cost only,9.99,9.99,1
2024-07-26,,,,0,,,8.79,8.79,8.79,1,S1989140,7570748,8.79,low-cost only,8.79,8.79,1
2024-07-27,,,,0,,,14.7,14.7,14.7,1,S1989140,7570748,14.7,low-cost only,14.7,14.7,1
2024-07-28,,,,0,,,21.2,21.2,21.2,1,S1989140,7570748,21.2,low-cost only,21.2,21.2,1
2024-07-29,,,,0,,,16.0,16.0,16.0,1,S1989140,7570748,16.0,low-cost only,16.0,16.0,1
2024-07-30,,,,0,,,10.2,10.2,10.2,1,S1989140,7570748,10.2,low-cost only,10.2,10.2,1
2024-07-31,,,,0,,,20.2,20.2,20.2,1,S1989140,7570748,20.2,low-cost only,20.2,20.2,1
2024-08-01,,,,0,,,21.2,21.2,21.2,1,S1989140,7570748,21.2,low-cost only,21.2,21.2,1
2024-08-02,,,,0,,,11.1,11.1,11.1,1,S1989140,7570748,11.1,low-cost only,11.1,11.1,1
2024-08-03,,,,0,,,26.6,26.6,26.6,1,S1989140,7570748,26.6,low-cost only,26.6,26.6,1
2024-08-04,,,,0,,,29.6,29.6,29.6,1,S1989140,7570748,29.6,low-cost only,29.6,29.6,1
2024-08-05,,,,0,,,21.7,21.7,21.7,1,S1989140,7570748,21.7,low-cost only,21.7,21.7,1
2024-08-06,,,,0,,,11.7,11.7,11.7,1,S1989140,7570748,11.7,low-cost only,11.7,11.7,1
2024-08-07,,,,0,,,7.31,7.31,7.31,1,S1989140,7570748,7.31,low-cost only,7.31,7.31,1
2024-08-08,,,,0,,,10.5,10.5,10.5,1,S1989140,7570748,10.5,low-cost only,10.5,10.5,1
2024-08-09,,,,0,,,8.24,8.24,8.24,1,S1989140,7570748,8.24,low-cost only,8.24,8.24,1
2024-08-10,,,,0,,,4.42,4.42,4.42,1,S1989140,7570748,4.42,low-cost only,4.42,4.42,1
2024-08-11,,,,0,,,5.21,5.21,5.21,1,S1989140,7570748,5.21,low-cost only,5.21,5.21,1
2024-08-12,,,,0,,,10.7,10.7,10.7,1,S1989140,7570748,10.7,low-cost only,10.7,10.7,1
2024-08-13,,,,0,,,18.0,18.0,18.0,1,S1989140,7570748,18.0,low-cost only,18.0,18.0,1
2024-08-14,,,,0,,,20.5,20.5,20.5,1,S1989140,7570748,20.5,low-cost only,20.5,20.5,1
2024-08-15,,,,0,,,30.6,30.6,30.6,1,S1989140,7570748,30.6,low-cost only,30.6,30.6,1
2024-08-16,,,,0,,,21.6,21.6,21.6,1,S1989140,7570748,21.6,low-cost only,21.6,21.6,1
2024-08-17,,,,0,,,11.7,11.7,11.7,1,S1989140,7570748,11.7,low-cost only,11.7,11.7,1
2024-08-18,,,,0,,,8.63,8.63,8.63,1,S1989140,7570748,8.63,low-cost only,8.63,8.63,1
2024-08-19,,,,0,,,11.1,11.1,11.1,1,S1989140,7570748,11.1,low-cost only,11.1,11.1,1
2024-08-20,,,,0,,,3.92,3.92,3.92,1,S1989140,7570748,3.92,low-cost only,3.92,3.92,1
2024-08-21,,,,0,,,5.88,5.88,5.88,1,S1989140,7570748,5.88,low-cost only,5.88,5.88,1
2024-08-22,,,,0,,,11.4,11.4,11.4,1,S1989140,7570748,11.4,low-cost only,11.4,11.4,1
2024-08-23,,,,0,,,18.3,18.3,18.3,1,S1989140,7570748,18.3,low-cost only,18.3,18.3,1
2024-08-24,,,,0,,,22.0,22.0,22.0,1,S1989140,7570748,22.0,low-cost only,22.0,22.0,1
2024-08-25,,,,0,,,32.0,32.0,32.0,1,S1989140,7570748,32.0,low-cost only,32.0,32.0,1
2024-08-26,,,,0,,,30.5,30.5,30.5,1,S1989140,7570748,30.5,low-cost only,30.5,30.5,1
2024-08-27,,,,0,,,25.1,25.1,25.1,1,S1989140,7570748,25.1,low-cost only,25.1,25.1,1
2024-08-28,,,,0,,,,,,0,,,,,,,0
2024-08-29,,,,0,,,10.7,10.7,10.7,1,S1989140,7570748,10.7,low-cost only,10.7,10.7,1
2024-08-30,,,,0,,,19.0,19.0,19.0,1,S1989140,7570748,19.0,low-cost only,19.0,19.0,1
2024-08-31,,,,0,,,6.52,6.52,6.52,1,S1989140,7570748,6.52,low-cost only,6.52,6.52,1
2024-09-01,,,,0,,,13.1,13.1,13.1,1,S1989140,7570748,13.1,low-cost only,13.1,13.1,1
2024-09-02,,,,0,,,3.7,3.7,3.7,1,S1989140,7570748,3.7,low-cost only,3.7,3.7,1
2024-09-03,,,,0,,,7.67,7.67,7.67,1,S1989140,7570748,7.67,low-cost only,7.67,7.67,1
2024-09-04,,,,0,,,7.26,7.26,7.26,1,S1989140,7570748,7.26,low-cost only,7.26,7.26,1
2024-09-05,,,,0,,,10.1,10.1,10.1,1,S1989140,7570748,10.1,low-cost only,10.1,10.1,1
2024-09-06,,,,0,,,,,,0,,,,,,,0
2024-09-07,,,,0,,,1.79,1.79,1.79,1,S1989140,7570748,1.79,low-cost only,1.79,1.79,1
2024-09-08,,,,0,,,7.36,7.36,7.36,1,S1989140,7570748,7.36,low-cost only,7.36,7.36,1
2024-09-09,,,,0,,,6.47,6.47,6.47,1,S1989140,7570748,6.47,low-cost only,6.47,6.47,1
2024-09-10,,,,0,,,,,,0,,,,,,,0
2024-09-11,,,,0,,,20.5,20.5,20.5,1,S1989140,7570748,20.5,low-cost only,20.5,20.5,1
2024-09-12,,,,0,,,21.3,21.3,21.3,1,S1989140,7570748,21.3,low-cost only,21.3,21.3,1
2024-09-13,,,,0,,,16.9,16.9,16.9,1,S1989140,7570748,16.9,low-cost only,16.9,16.9,1
2024-09-14,,,,0,,,17.6,17.6,17.6,1,S1989140,7570748,17.6,low-cost only,17.6,17.6,1
2024-09-15,,,,0,,,19.7,19.7,19.7,1,S1989140,7570748,19.7,low-cost only,19.7,19.7,1
2024-09-16,,,,0,,,21.4,21.4,21.4,1,S1989140,7570748,21.4,low-cost only,21.4,21.4,1
2024-09-17,,,,0,,,17.4,17.4,17.4,1,S1989140,7570748,17.4,low-cost only,17.4,17.4,1
2024-09-18,,,,0,,,12.1,12.1,12.1,1,S1989140,7570748,12.1,low-cost only,12.1,12.1,1
2024-09-19,,,,0,,,15.3,15.3,15.3,1,S1989140,7570748,15.3,low-cost only,15.3,15.3,1
2024-09-20,,,,0,,,15.2,15.2,15.2,1,S1989140,7570748,15.2,low-cost only,15.2,15.2,1
2024-09-21,,,,0,,,16.0,16.0,16.0,1,S1989140,7570748,16.0,low-cost only,16.0,16.0,1
2024-09-22,,,,0,,,23.9,23.9,23.9,1,S1989140,7570748,23.9,low-cost only,23.9,23.9,1
2024-09-23,,,,0,,,5.06,5.06,5.06,1,S1989140,7570748,5.06,low-cost only,5.06,5.06,1
2024-09-24,,,,0,,,14.4,14.4,14.4,1,S1989140,7570748,14.4,low-cost only,14.4,14.4,1
2024-09-25,,,,0,,,8.41,8.41,8.41,1,S1989140,7570748,8.41,low-cost only,8.41,8.41,1
2024-09-26,,,,0,,,6.41,6.41,6.41,1,S1989140,7570748,6.41,low-cost only,6.41,6.41,1
2024-09-27,,,,0,,,6.43,6.43,6.43,1,S1989140,7570748,6.43,low-cost only,6.43,6.43,1
2024-09-28,,,,0,,,8.93,8.93,8.93,1,S1989140,7570748,8.93,low-cost only,8.93,8.93,1
2024-09-29,,,,0,,,18.3,18.3,18.3,1,S1989140,7570748,18.3,low-cost only,18.3,18.3,1
2024-09-30,,,,0,,,12.0,12.0,12.0,1,S1989140,7570748,12.0,low-cost only,12.0,12.0,1
2024-10-01,,,,0,,,15.2,15.2,15.2,1,S1989140,7570748,15.2,low-cost only,15.2,15.2,1
2024-10-02,,,,0,,,4.43,4.43,4.43,1,S1989140,7570748,4.43,low-cost only,4.43,4.43,1
2024-10-03,,,,0,,,11.4,11.4,11.4,1,S1989140,7570748,11.4,low-cost only,11.4,11.4,1
2024-10-04,,,,0,,,15.0,15.0,15.0,1,S1989140,7570748,15.0,low-cost only,15.0,15.0,1
2024-10-05,,,,0,,,7.29,7.29,7.29,1,S1989140,7570748,7.29,low-cost only,7.29,7.29,1
2024-10-06,,,,0,,,10.8,10.8,10.8,1,S1989140,7570748,10.8,low-cost only,10.8,10.8,1
2024-10-07,,,,0,,,1.53,1.53,1.53,1,S1989140,7570748,1.53,low-cost only,1.53,1.53,1
2024-10-08,,,,0,,,3.68,3.68,3.68,1,S1989140,7570748,3.68,low-cost only,3.68,3.68,1
2024-10-09,,,,0,,,2.76,2.76,2.76,1,S1989140,7570748,2.76,low-cost only,2.76,2.76,1
2024-10-10,,,,0,,,3.24,3.24,3.24,1,S1989140,7570748,3.24,low-cost only,3.24,3.24,1
2024-10-11,,,,0,,,8.34,8.34,8.34,1,S1989140,7570748,8.34,low-cost only,8.34,8.34,1
2024-10-12,,,,0,,,4.97,4.97,4.97,1,S1989140,7570748,4.97,low-cost only,4.97,4.97,1
2024-10-13,,,,0,,,7.44,7.44,7.44,1,S1989140,7570748,7.44,low-cost only,7.44,7.44,1
2024-10-14,,,,0,,,1.45,1.45,1.45,1,S1989140,7570748,1.45,low-cost only,1.45,1.45,1
2024-10-15,,,,0,,,0.284,0.284,0.284,1,S1989140,7570748,0.284,low-cost only,0.284,0.284,1
2024-10-16,,,,0,,,2.72,2.72,2.72,1,S1989140,7570748,2.72,low-cost only,2.72,2.72,1
2024-10-17,,,,0,,,8.44,8.44,8.44,1,S1989140,7570748,8.44,low-cost only,8.44,8.44,1
2024-10-18,,,,0,,,27.0,27.0,27.0,1,S1989140,7570748,27.0,low-cost only,27.0,27.0,1
2024-10-19,,,,0,,,32.9,32.9,32.9,1,S1989140,7570748,32.9,low-cost only,32.9,32.9,1
2024-10-20,,,,0,,,31.4,31.4,31.4,1,S1989140,7570748,31.4,low-cost only,31.4,31.4,1
2024-10-21,,,,0,,,16.7,16.7,16.7,1,S1989140,7570748,16.7,low-cost only,16.7,16.7,1
2024-10-22,,,,0,,,23.7,23.7,23.7,1,S1989140,7570748,23.7,low-cost only,23.7,23.7,1
2024-10-23,,,,0,,,10.4,10.4,10.4,1,S1989140,7570748,10.4,low-cost only,10.4,10.4,1
2024-10-24,,,,0,,,2.62,2.62,2.62,1,S1989140,7570748,2.62,low-cost only,2.62,2.62,1
2024-10-25,,,,0,,,12.8,12.8,12.8,1,S1989140,7570748,12.8,low-cost only,12.8,12.8,1
2024-10-26,,,,0,,,8.14,8.14,8.14,1,S1989140,7570748,8.14,low-cost only,8.14,8.14,1
2024-10-27,,,,0,,,20.5,20.5,20.5,1,S1989140,7570748,20.5,low-cost only,20.5,20.5,1
2024-10-28,,,,0,,,10.5,10.5,10.5,1,S1989140,7570748,10.5,low-cost only,10.5,10.5,1
2024-10-29,,,,0,,,24.6,24.6,24.6,1,S1989140,7570748,24.6,low-cost only,24.6,24.6,1
2024-10-30,,,,0,,,28.8,28.8,28.8,1,S1989140,7570748,28.8,low-cost only,28.8,28.8,1
2024-10-31,,,,0,,,10.8,10.8,10.8,1,S1989140,7570748,10.8,low-cost only,10.8,10.8,1
2024-11-01,,,,0,,,1.3,1.3,1.3,1,S1989140,7570748,1.3,low-cost only,1.3,1.3,1
2024-11-02,,,,0,,,12.7,12.7,12.7,1,S1989140,7570748,12.7,low-cost only,12.7,12.7,1
2024-11-03,,,,0,,,9.27,9.27,9.27,1,S1989140,7570748,9.27,low-cost only,9.27,9.27,1
2024-11-04,,,,0,,,11.1,11.1,11.1,1,S1989140,7570748,11.1,low-cost only,11.1,11.1,1
2024-11-05,,,,0,,,6.13,6.13,6.13,1,S1989140,7570748,6.13,low-cost only,6.13,6.13,1
2024-11-06,,,,0,,,4.94,4.94,4.94,1,S1989140,7570748,4.94,low-cost only,4.94,4.94,1
2024-11-07,,,,0,,,2.95,2.95,2.95,1,S1989140,7570748,2.95,low-cost only,2.95,2.95,1
2024-11-08,,,,0,,,8.84,8.84,8.84,1,S1989140,7570748,8.84,low-cost only,8.84,8.84,1
2024-11-09,,,,0,,,2.15,2.15,2.15,1,S1989140,7570748,2.15,low-cost only,2.15,2.15,1
2024-11-10,,,,0,,,11.0,11.0,11.0,1,S1989140,7570748,11.0,low-cost only,11.0,11.0,1
2024-11-11,,,,0,,,2.57,2.57,2.57,1,S1989140,7570748,2.57,low-cost only,2.57,2.57,1
2024-11-12,,,,0,,,1.92,1.92,1.92,1,S1989140,7570748,1.92,low-cost only,1.92,1.92,1
2024-11-13,,,,0,,,4.06,4.06,4.06,1,S1989140,7570748,4.06,low-cost only,4.06,4.06,1
2024-11-14,,,,0,,,10.3,10.3,10.3,1,S1989140,7570748,10.3,low-cost only,10.3,10.3,1
2024-11-15,,,,0,,,15.6,15.6,15.6,1,S1989140,7570748,15.6,low-cost only,15.6,15.6,1
2024-11-16,,,,0,,,9.94,9.94,9.94,1,S1989140,7570748,9.94,low-cost only,9.94,9.94,1
2024-11-17,,,,0,,,19.3,19.3,19.3,1,S1989140,7570748,19.3,low-cost only,19.3,19.3,1
2024-11-18,,,,0,,,19.5,19.5,19.5,1,S1989140,7570748,19.5,low-cost only,19.5,19.5,1
2024-11-19,,,,0,,,18.7,18.7,18.7,1,S1989140,7570748,18.7,low-cost only,18.7,18.7,1
2024-11-20,,,,0,,,10.2,10.2,10.2,1,S1989140,7570748,10.2,low-cost only,10.2,10.2,1
2024-11-21,,,,0,,,7.32,7.32,7.32,1,S1989140,7570748,7.32,low-cost only,7.32,7.32,1
2024-11-22,,,,0,,,3.38,3.38,3.38,1,S1989140,7570748,3.38,low-cost only,3.38,3.38,1
2024-11-23,,,,0,,,2.13,2.13,2.13,1,S1989140,7570748,2.13,low-cost only,2.13,2.13,1
2024-11-24,,,,0,,,26.7,26.7,26.7,1,S1989140,7570748,26.7,low-cost only,26.7,26.7,1
2024-11-25,,,,0,,,21.4,21.4,21.4,1,S1989140,7570748,21.4,low-cost only,21.4,21.4,1
2024-11-26,,,,0,,,3.32,3.32,3.32,1,S1989140,7570748,3.32,low-cost only,3.32,3.32,1
2024-11-27,,,,0,,,13.9,13.9,13.9,1,S1989140,7570748,13.9,low-cost only,13.9,13.9,1
2024-11-28,,,,0,,,7.11,7.11,7.11,1,S1989140,7570748,7.11,low-cost only,7.11,7.11,1
2024-11-29,,,,0,,,6.45,6.45,6.45,1,S1989140,7570748,6.45,low-cost only,6.45,6.45,1
2024-11-30,,,,0,,,14.9,14.9,14.9,1,S1989140,7570748,14.9,low-cost only,14.9,14.9,1
2024-12-01,,,,0,,,9.47,9.47,9.47,1,S1989140,7570748,9.47,low-cost only,9.47,9.47,1
2024-12-02,,,,0,,,4.66,4.66,4.66,1,S1989140,7570748,4.66,low-cost only,4.66,4.66,1
2024-12-03,,,,0,,,10.7,10.7,10.7,1,S1989140,7570748,10.7,low-cost only,10.7,10.7,1
2024-12-04,,,,0,,,24.8,24.8,24.8,1,S1989140,7570748,24.8,low-cost only,24.8,24.8,1
2024-12-05,,,,0,,,0.245,0.245,0.245,1,S1989140,7570748,0.245,low-cost only,0.245,0.245,1
2024-12-06,,,,0,,,3.74,3.74,3.74,1,S1989140,7570748,3.74,low-cost only,3.74,3.74,1
2024-12-07,,,,0,,,9.65,9.65,9.65,1,S1989140,7570748,9.65,low-cost only,9.65,9.65,1
2024-12-08,,,,0,,,14.8,14.8,14.8,1,S1989140,7570748,14.8,low-cost only,14.8,14.8,1
2024-12-09,,,,0,,,18.8,18.8,18.8,1,S1989140,7570748,18.8,low-cost only,18.8,18.8,1
2024-12-10,,,,0,,,21.6,21.6,21.6,1,S1989140,7570748,21.6,low-cost only,21.6,21.6,1
2024-12-11,,,,0,,,7.89,7.89,7.89,1,S1989140,7570748,7.89,low-cost only,7.89,7.89,1
2024-12-12,,,,0,,,3.62,3.62,3.62,1,S1989140,7570748,3.62,low-cost only,3.62,3.62,1
2024-12-13,,,,0,,,14.6,14.6,14.6,1,S1989140,7570748,14.6,low-cost only,14.6,14.6,1
2024-12-14,,,,0,,,14.6,14.6,14.6,1,S1989140,7570748,14.6,low-cost only,14.6,14.6,1
2024-12-15,,,,0,,,24.0,24.0,24.0,1,S1989140,7570748,24.0,low-cost only,24.0,24.0,1
2024-12-16,,,,0,,,,,,0,,,,,,,0
2024-12-17,,,,0,,,,,,0,,,,,,,0
2024-12-18,,,,0,,,,,,0,,,,,,,0
2024-12-19,,,,0,,,,,,0,,,,,,,0
2024-12-20,,,,0,,,,,,0,,,,,,,0
2024-12-21,,,,0,,,1.62,1.62,1.62,1,S1989140,7570748,1.62,low-cost only,1.62,1.62,1
2024-12-22,,,,0,,,5.93,5.93,5.93,1,S1989140,7570748,5.93,low-cost only,5.93,5.93,1
2024-12-23,,,,0,,,15.2,15.2,15.2,1,S1989140,7570748,15.2,low-cost only,15.2,15.2,1
2024-12-24,,,,0,,,26.9,26.9,26.9,1,S1989140,7570748,26.9,low-cost only,26.9,26.9,1
2024-12-25,,,,0,,,23.7,23.7,23.7,1,S1989140,7570748,23.7,low-cost only,23.7,23.7,1
2024-12-26,,,,0,,,25.0,25.0,25.0,1,S1989140,7570748,25.0,low-cost only,25.0,25.0,1
2024-12-27,,,,0,,,21.1,21.1,21.1,1,S1989140,7570748,21.1,low-cost only,21.1,21.1,1
2024-12-28,,,,0,,,11.8,11.8,11.8,1,S1989140,7570748,11.8,low-cost only,11.8,11.8,1
2024-12-29,,,,0,,,11.0,11.0,11.0,1,S1989140,7570748,11.0,low-cost only,11.0,11.0,1
2024-12-30,,,,0,,,4.37,4.37,4.37,1,S1989140,7570748,4.37,low-cost only,4.37,4.37,1
2024-12-31,,,,0,,,12.1,12.1,12.1,1,S1989140,7570748,12.1,low-cost only,12.1,12.1,1
2025-01-01,,,,0,,,2.63,2.63,2.63,1,S1989140,7570748,2.63,low-cost only,2.63,2.63,1
2025-01-02,,,,0,,,7.65,7.65,7.65,1,S1989140,7570748,7.65,low-cost only,7.65,7.65,1
2025-01-03,,,,0,,,4.89,4.89,4.89,1,S1989140,7570748,4.89,low-cost only,4.89,4.89,1
2025-01-04,,,,0,,,1.96,1.96,1.96,1,S1989140,7570748,1.96,low-cost only,1.96,1.96,1
2025-01-05,,,,0,,,4.63,4.63,4.63,1,S1989140,7570748,4.63,low-cost only,4.63,4.63,1
2025-01-06,,,,0,,,,,,0,,,,,,,0
2025-01-07,,,,0,,,0.625,0.625,0.625,1,S1989140,7570748,0.625,low-cost only,0.625,0.625,1
2025-01-08,,,,0,,,1.77,1.77,1.77,1,S1989140,7570748,1.77,low-cost only,1.77,1.77,1
2025-01-09,,,,0,,,4.34,4.34,4.34,1,S1989140,7570748,4.34,low-cost only,4.34,4.34,1
2025-01-10,,,,0,,,41.5,41.5,41.5,1,S1989140,7570748,41.5,low-cost only,41.5,41.5,1
2025-01-11,,,,0,,,,,,0,,,,,,,0
2025-01-12,,,,0,,,,,,0,,,,,,,0
2025-01-13,,,,0,,,,,,0,,,,,,,0
2025-01-14,,,,0,,,,,,0,,,,,,,0
2025-01-15,,,,0,,,,,,0,,,,,,,0
2025-01-16,,,,0,,,,,,0,,,,,,,0
2025-01-17,,,,0,,,,,,0,,,,,,,0
2025-01-18,,,,0,,,,,,0,,,,,,,0
2025-01-19,,,,0,,,,,,0,,,,,,,0
2025-01-20,,,,0,,,,,,0,,,,,,,0
2025-01-21,,,,0,,,,,,0,,,,,,,0
2025-01-22,,,,0,,,,,,0,,,,,,,0
2025-01-23,,,,0,,,,,,0,,,,,,,0
2025-01-24,,,,0,,,,,,0,,,,,,,0
2025-01-25,,,,0,,,,,,0,,,,,,,0
2025-01-26,,,,0,,,,,,0,,,,,,,0
2025-01-27,,,,0,,,,,,0,,,,,,,0
2025-01-28,,,,0,,,,,,0,,,,,,,0
2025-01-29,,,,0,,,,,,0,,,,,,,0
2025-01-30,,,,0,,,,,,0,,,,,,,0
2025-01-31,,,,0,,,,,,0,,,,,,,0
2025-02-01,,,,0,,,,,,0,,,,,,,0
2025-02-02,,,,0,,,,,,0,,,,,,,0
2025-02-03,,,,0,,,,,,0,,,,,,,0
2025-02-04,,,,0,,,,,,0,,,,,,,0
2025-02-05,,,,0,,,,,,0,,,,,,,0
2025-02-06,,,,0,,,,,,0,,,,,,,0
2025-02-07,,,,0,,,,,,0,,,,,,,0
2025-02-08,,,,0,,,,,,0,,,,,,,0
2025-02-09,,,,0,,,,,,0,,,,,,,0
2025-02-10,,,,0,,,,,,0,,,,,,,0
2025-02-11,,,,0,,,,,,0,,,,,,,0
2025-02-12,,,,0,,,18.9,18.9,18.9,1,S1989140,7570748,18.9,low-cost only,18.9,18.9,1
2025-02-13,,,,0,,,7.9,7.9,7.9,1,S1989140,7570748,7.9,low-cost only,7.9,7.9,1
2025-02-14,,,,0,,,24.2,24.2,24.2,1,S1989140,7570748,24.2,low-cost only,24.2,24.2,1
2025-02-15,,,,0,,,33.1,33.1,33.1,1,S1989140,7570748,33.1,low-cost only,33.1,33.1,1
2025-02-16,,,,0,,,13.1,13.1,13.1,1,S1989140,7570748,13.1,low-cost only,13.1,13.1,1
2025-02-17,,,,0,,,2.22,2.22,2.22,1,S1989140,7570748,2.22,low-cost only,2.22,2.22,1
2025-02-18,,,,0,,,3.56,3.56,3.56,1,S1989140,7570748,3.56,low-cost only,3.56,3.56,1
2025-02-19,,,,0,,,3.31,3.31,3.31,1,S1989140,7570748,3.31,low-cost only,3.31,3.31,1
2025-02-20,,,,0,,,4.42,4.42,4.42,1,S1989140,7570748,4.42,low-cost only,4.42,4.42,1
2025-02-21,,,,0,,,4.82,4.82,4.82,1,S1989140,7570748,4.82,low-cost only,4.82,4.82,1
2025-02-22,,,,0,,,27.2,27.2,27.2,1,S1989140,7570748,27.2,low-cost only,27.2,27.2,1
2025-02-23,,,,0,,,32.2,32.2,32.2,1,S1989140,7570748,32.2,low-cost only,32.2,32.2,1
2025-02-24,,,,0,,,28.9,28.9,28.9,1,S1989140,7570748,28.9,low-cost only,28.9,28.9,1
2025-02-25,,,,0,,,12.4,12.4,12.4,1,S1989140,7570748,12.4,low-cost only,12.4,12.4,1
2025-02-26,,,,0,,,17.4,17.4,17.4,1,S1989140,7570748,17.4,low-cost only,17.4,17.4,1
2025-02-27,,,,0,,,21.1,21.1,21.1,1,S1989140,7570748,21.1,low-cost only,21.1,21.1,1
2025-02-28,,,,0,,,6.96,6.96,6.96,1,S1989140,7570748,6.96,low-cost only,6.96,6.96,1
2025-03-01,,,,0,,,1.15,1.15,1.15,1,S1989140,7570748,1.15,low-cost only,1.15,1.15,1
2025-03-02,,,,0,,,5.08,5.08,5.08,1,S1989140,7570748,5.08,low-cost only,5.08,5.08,1
2025-03-03,,,,0,,,19.5,19.5,19.5,1,S1989140,7570748,19.5,low-cost only,19.5,19.5,1
2025-03-04,,,,0,,,21.0,21.0,21.0,1,S1989140,7570748,21.0,low-cost only,21.0,21.0,1
2025-03-05,,,,0,,,7.78,7.78,7.78,1,S1989140,7570748,7.78,low-cost only,7.78,7.78,1
2025-03-06,,,,0,,,0.643,0.643,0.643,1,S1989140,7570748,0.643,low-cost only,0.643,0.643,1
2025-03-07,,,,0,,,9.16,9.16,9.16,1,S1989140,7570748,9.16,low-cost only,9.16,9.16,1
2025-03-08,,,,0,,,4.04,4.04,4.04,1,S1989140,7570748,4.04,low-cost only,4.04,4.04,1
2025-03-09,,,,0,,,6.45,6.45,6.45,1,S1989140,7570748,6.45,low-cost only,6.45,6.45,1
2025-03-10,,,,0,,,7.87,7.87,7.87,1,S1989140,7570748,7.87,low-cost only,7.87,7.87,1
2025-03-11,,,,0,,,5.69,5.69,5.69,1,S1989140,7570748,5.69,low-cost only,5.69,5.69,1
2025-03-12,,,,0,,,1.77,1.77,1.77,1,S1989140,7570748,1.77,low-cost only,1.77,1.77,1
2025-03-13,,,,0,,,10.7,10.7,10.7,1,S1989140,7570748,10.7,low-cost only,10.7,10.7,1
2025-03-14,,,,0,,,21.2,21.2,21.2,1,S1989140,7570748,21.2,low-cost only,21.2,21.2,1
2025-03-15,,,,0,,,14.0,14.0,14.0,1,S1989140,7570748,14.0,low-cost only,14.0,14.0,1
2025-03-16,,,,0,,,5.72,5.72,5.72,1,S1989140,7570748,5.72,low-cost only,5.72,5.72,1
2025-03-17,,,,0,,,3.16,3.16,3.16,1,S1989140,7570748,3.16,low-cost only,3.16,3.16,1
2025-03-18,,,,0,,,8.8,8.8,8.8,1,S1989140,7570748,8.8,low-cost only,8.8,8.8,1
2025-03-19,,,,0,,,11.1,11.1,11.1,1,S1989140,7570748,11.1,low-cost only,11.1,11.1,1
2025-03-20,,,,0,,,2.17,2.17,2.17,1,S1989140,7570748,2.17,low-cost only,2.17,2.17,1
2025-03-21,,,,0,,,5.5,5.5,5.5,1,S1989140,7570748,5.5,low-cost only,5.5,5.5,1
2025-03-22,,,,0,,,2.54,2.54,2.54,1,S1989140,7570748,2.54,low-cost only,2.54,2.54,1
2025-03-23,,,,0,,,6.99,6.99,6.99,1,S1989140,7570748,6.99,low-cost only,6.99,6.99,1
2025-03-24,,,,0,,,6.64,6.64,6.64,1,S1989140,7570748,6.64,low-cost only,6.64,6.64,1
2025-03-25,,,,0,,,2.12,2.12,2.12,1,S1989140,7570748,2.12,low-cost only,2.12,2.12,1
2025-03-26,,,,0,,,2.5,2.5,2.5,1,S1989140,7570748,2.5,low-cost only,2.5,2.5,1
2025-03-27,,,,0,,,12.0,12.0,12.0,1,S1989140,7570748,12.0,low-cost only,12.0,12.0,1
2025-03-28,,,,0,,,19.5,19.5,19.5,1,S1989140,7570748,19.5,low-cost only,19.5,19.5,1
2025-03-29,,,,0,,,16.1,16.1,16.1,1,S1989140,7570748,16.1,low-cost only,16.1,16.1,1
2025-03-30,,,,0,,,22.3,22.3,22.3,1,S1989140,7570748,22.3,low-cost only,22.3,22.3,1
2025-03-31,,,,0,,,2.92,2.92,2.92,1,S1989140,7570748,2.92,low-cost only,2.92,2.92,1
2025-04-01,,,,0,,,2.1,2.1,2.1,1,S1989140,7570748,2.1,low-cost only,2.1,2.1,1
2025-04-02,,,,0,,,6.88,6.88,6.88,1,S1989140,7570748,6.88,low-cost only,6.88,6.88,1
2025-04-03,,,,0,,,4.48,4.48,4.48,1,S1989140,7570748,4.48,low-cost only,4.48,4.48,1
2025-04-04,,,,0,,,4.59,4.59,4.59,1,S1989140,7570748,4.59,low-cost only,4.59,4.59,1
2025-04-05,,,,0,,,6.47,6.47,6.47,1,S1989140,7570748,6.47,low-cost only,6.47,6.47,1
2025-04-06,,,,0,,,3.32,3.32,3.32,1,S1989140,7570748,3.32,low-cost only,3.32,3.32,1
2025-04-07,,,,0,,,5.97,5.97,5.97,1,S1989140,7570748,5.97,low-cost only,5.97,5.97,1
2025-04-08,,,,0,,,1.94,1.94,1.94,1,S1989140,7570748,1.94,low-cost only,1.94,1.94,1
2025-04-09,,,,0,,,10.0,10.0,10.0,1,S1989140,7570748,10.0,low-cost only,10.0,10.0,1
2025-04-10,,,,0,,,17.0,17.0,17.0,1,S1989140,7570748,17.0,low-cost only,17.0,17.0,1
2025-04-11,,,,0,,,10.3,10.3,10.3,1,S1989140,7570748,10.3,low-cost only,10.3,10.3,1
2025-04-12,,,,0,,,5.52,5.52,5.52,1,S1989140,7570748,5.52,low-cost only,5.52,5.52,1
2025-04-13,,,,0,,,13.0,13.0,13.0,1,S1989140,7570748,13.0,low-cost only,13.0,13.0,1
2025-04-14,,,,0,,,6.83,6.83,6.83,1,S1989140,7570748,6.83,low-cost only,6.83,6.83,1
2025-04-15,,,,0,,,0.928,0.928,0.928,1,S1989140,7570748,0.928,low-cost only,0.928,0.928,1
2025-04-16,,,,0,,,0.895,0.895,0.895,1,S1989140,7570748,0.895,low-cost only,0.895,0.895,1
2025-04-17,,,,0,,,8.55,8.55,8.55,1,S1989140,7570748,8.55,low-cost only,8.55,8.55,1
2025-04-18,,,,0,,,17.2,17.2,17.2,1,S1989140,7570748,17.2,low-cost only,17.2,17.2,1
2025-04-19,,,,0,,,18.1,18.1,18.1,1,S1989140,7570748,18.1,low-cost only,18.1,18.1,1
2025-04-20,,,,0,,,3.31,3.31,3.31,1,S1989140,7570748,3.31,low-cost only,3.31,3.31,1
2025-04-21,,,,0,,,4.41,4.41,4.41,1,S1989140,7570748,4.41,low-cost only,4.41,4.41,1
2025-04-22,,,,0,,,2.61,2.61,2.61,1,S1989140,7570748,2.61,low-cost only,2.61,2.61,1
2025-04-23,,,,0,,,11.6,11.6,11.6,1,S1989140,7570748,11.6,low-cost only,11.6,11.6,1
2025-04-24,,,,0,,,17.2,17.2,17.2,1,S1989140,7570748,17.2,low-cost only,17.2,17.2,1
2025-04-25,,,,0,,,16.8,16.8,16.8,1,S1989140,7570748,16.8,low-cost only,16.8,16.8,1
2025-04-26,,,,0,,,4.76,4.76,4.76,1,S1989140,7570748,4.76,low-cost only,4.76,4.76,1
2025-04-27,,,,0,,,8.95,8.95,8.95,1,S1989140,7570748,8.95,low-cost only,8.95,8.95,1
2025-04-28,,,,0,,,5.91,5.91,5.91,1,S1989140,7570748,5.91,low-cost only,5.91,5.91,1
2025-04-29,,,,0,,,9.57,9.57,9.57,1,S1989140,7570748,9.57,low-cost only,9.57,9.57,1
2025-04-30,,,,0,,,3.82,3.82,3.82,1,S1989140,7570748,3.82,low-cost only,3.82,3.82,1
2025-05-01,,,,0,,,9.15,9.15,9.15,1,S1989140,7570748,9.15,low-cost only,9.15,9.15,1
2025-05-02,,,,0,,,10.6,10.6,10.6,1,S1989140,7570748,10.6,low-cost only,10.6,10.6,1
2025-05-03,,,,0,,,2.66,2.66,2.66,1,S1989140,7570748,2.66,low-cost only,2.66,2.66,1
2025-05-04,,,,0,,,4.17,4.17,4.17,1,S1989140,7570748,4.17,low-cost only,4.17,4.17,1
2025-05-05,,,,0,,,13.0,13.0,13.0,1,S1989140,7570748,13.0,low-cost only,13.0,13.0,1
2025-05-06,,,,0,,,14.4,14.4,14.4,1,S1989140,7570748,14.4,low-cost only,14.4,14.4,1
2025-05-07,,,,0,,,9.4,9.4,9.4,1,S1989140,7570748,9.4,low-cost only,9.4,9.4,1
2025-05-08,,,,0,,,2.55,2.55,2.55,1,S1989140,7570748,2.55,low-cost only,2.55,2.55,1
2025-05-09,,,,0,,,4.34,4.34,4.34,1,S1989140,7570748,4.34,low-cost only,4.34,4.34,1
2025-05-10,,,,0,,,9.09,9.09,9.09,1,S1989140,7570748,9.09,low-cost only,9.09,9.09,1
2025-05-11,,,,0,,,4.74,4.74,4.74,1,S1989140,7570748,4.74,low-cost only,4.74,4.74,1
2025-05-12,,,,0,,,8.13,8.13,8.13,1,S1989140,7570748,8.13,low-cost only,8.13,8.13,1
2025-05-13,,,,0,,,9.46,9.46,9.46,1,S1989140,7570748,9.46,low-cost only,9.46,9.46,1
2025-05-14,,,,0,,,5.85,5.85,5.85,1,S1989140,7570748,5.85,low-cost only,5.85,5.85,1
2025-05-15,,,,0,,,11.9,11.9,11.9,1,S1989140,7570748,11.9,low-cost only,11.9,11.9,1
2025-05-16,,,,0,,,7.59,7.59,7.59,1,S1989140,7570748,7.59,low-cost only,7.59,7.59,1
2025-05-17,,,,0,,,3.08,3.08,3.08,1,S1989140,7570748,3.08,low-cost only,3.08,3.08,1
2025-05-18,,,,0,,,3.05,3.05,3.05,1,S1989140,7570748,3.05,low-cost only,3.05,3.05,1
2025-05-19,,,,0,,,2.2,2.2,2.2,1,S1989140,7570748,2.2,low-cost only,2.2,2.2,1
2025-05-20,,,,0,,,4.0,4.0,4.0,1,S1989140,7570748,4.0,low-cost only,4.0,4.0,1
2025-05-21,,,,0,,,5.93,5.93,5.93,1,S1989140,7570748,5.93,low-cost only,5.93,5.93,1
2025-05-22,,,,0,,,0.946,0.946,0.946,1,S1989140,7570748,0.946,low-cost only,0.946,0.946,1
2025-05-23,,,,0,,,0.354,0.354,0.354,1,S1989140,7570748,0.354,low-cost only,0.354,0.354,1
2025-05-24,,,,0,,,3.06,3.06,3.06,1,S1989140,7570748,3.06,low-cost only,3.06,3.06,1
2025-05-25,,,,0,,,10.6,10.6,10.6,1,S1989140,7570748,10.6,low-cost only,10.6,10.6,1
2025-05-26,,,,0,,,9.51,9.51,9.51,1,S1989140,7570748,9.51,low-cost only,9.51,9.51,1
2025-05-27,,,,0,,,6.32,6.32,6.32,1,S1989140,7570748,6.32,low-cost only,6.32,6.32,1
2025-05-28,,,,0,,,3.72,3.72,3.72,1,S1989140,7570748,3.72,low-cost only,3.72,3.72,1
2025-05-29,,,,0,,,15.5,15.5,15.5,1,S1989140,7570748,15.5,low-cost only,15.5,15.5,1
2025-05-30,,,,0,,,11.3,11.3,11.3,1,S1989140,7570748,11.3,low-cost only,11.3,11.3,1
2025-05-31,,,,0,,,8.8,8.8,8.8,1,S1989140,7570748,8.8,low-cost only,8.8,8.8,1
2025-06-01,,,,0,,,,,,0,,,,,,,0
2025-06-02,,,,0,,,,,,0,,,,,,,0
2025-06-03,,,,0,,,26.8,26.8,26.8,1,S1989140,7570748,26.8,low-cost only,26.8,26.8,1
2025-06-04,,,,0,,,38.0,38.0,38.0,1,S1989140,7570748,38.0,low-cost only,38.0,38.0,1
2025-06-05,,,,0,,,61.8,61.8,61.8,1,S1989140,7570748,61.8,low-cost only,61.8,61.8,1
2025-06-06,,,,0,,,67.1,67.1,67.1,1,S1989140,7570748,67.1,low-cost only,67.1,67.1,1
2025-06-07,,,,0,,,32.7,32.7,32.7,1,S1989140,7570748,32.7,low-cost only,32.7,32.7,1
2025-06-08,,,,0,,,49.2,49.2,49.2,1,S1989140,7570748,49.2,low-cost only,49.2,49.2,1
2025-06-09,,,,0,,,37.3,37.3,37.3,1,S1989140,7570748,37.3,low-cost only,37.3,37.3,1
2025-06-10,,,,0,,,21.7,21.7,21.7,1,S1989140,7570748,21.7,low-cost only,21.7,21.7,1
2025-06-11,,,,0,,,35.9,35.9,35.9,1,S1989140,7570748,35.9,low-cost only,35.9,35.9,1
2025-06-12,,,,0,,,36.4,36.4,36.4,1,S1989140,7570748,36.4,low-cost only,36.4,36.4,1
2025-06-13,,,,0,,,12.1,12.1,12.1,1,S1989140,7570748,12.1,low-cost only,12.1,12.1,1
2025-06-14,,,,0,,,13.6,13.6,13.6,1,S1989140,7570748,13.6,low-cost only,13.6,13.6,1
2025-06-15,,,,0,,,13.5,13.5,13.5,1,S1989140,7570748,13.5,low-cost only,13.5,13.5,1
2025-06-16,,,,0,,,12.6,12.6,12.6,1,S1989140,7570748,12.6,low-cost only,12.6,12.6,1
2025-06-17,,,,0,,,16.4,16.4,16.4,1,S1989140,7570748,16.4,low-cost only,16.4,16.4,1
2025-06-18,,,,0,,,12.7,12.7,12.7,1,S1989140,7570748,12.7,low-cost only,12.7,12.7,1
2025-06-19,,,,0,,,5.25,5.25,5.25,1,S1989140,7570748,5.25,low-cost only,5.25,5.25,1
2025-06-20,,,,0,,,17.8,17.8,17.8,1,S1989140,7570748,17.8,low-cost only,17.8,17.8,1
2025-06-21,,,,0,,,21.7,21.7,21.7,1,S1989140,7570748,21.7,low-cost only,21.7,21.7,1
2025-06-22,,,,0,,,15.6,15.6,15.6,1,S1989140,7570748,15.6,low-cost only,15.6,15.6,1
2025-06-23,,,,0,,,11.2,11.2,11.2,1,S1989140,7570748,11.2,low-cost only,11.2,11.2,1
2025-06-24,,,,0,,,13.6,13.6,13.6,1,S1989140,7570748,13.6,low-cost only,13.6,13.6,1
2025-06-25,,,,0,,,14.9,14.9,14.9,1,S1989140,7570748,14.9,low-cost only,14.9,14.9,1
2025-06-26,,,,0,,,15.5,15.5,15.5,1,S1989140,7570748,15.5,low-cost only,15.5,15.5,1
2025-06-27,,,,0,,,22.4,22.4,22.4,1,S1989140,7570748,22.4,low-cost only,22.4,22.4,1
2025-06-28,,,,0,,,7.16,7.16,7.16,1,S1989140,7570748,7.16,low-cost only,7.16,7.16,1
2025-06-29,,,,0,,,15.5,15.5,15.5,1,S1989140,7570748,15.5,low-cost only,15.5,15.5,1
2025-06-30,,,,0,,,14.2,14.2,14.2,1,S1989140,7570748,14.2,low-cost only,14.2,14.2,1
2025-07-01,,,,0,,,8.91,8.91,8.91,1,S1989140,7570748,8.91,low-cost only,8.91,8.91,1
2025-07-02,,,,0,,,16.6,16.6,16.6,1,S1989140,7570748,16.6,low-cost only,16.6,16.6,1
2025-07-03,,,,0,,,23.2,23.2,23.2,1,S1989140,7570748,23.2,low-cost only,23.2,23.2,1
2025-07-04,,,,0,,,30.1,30.1,30.1,1,S1989140,7570748,30.1,low-cost only,30.1,30.1,1
2025-07-05,,,,0,,,36.3,36.3,36.3,1,S1989140,7570748,36.3,low-cost only,36.3,36.3,1
2025-07-06,,,,0,,,24.0,24.0,24.0,1,S1989140,7570748,24.0,low-cost only,24.0,24.0,1
2025-07-07,,,,0,,,,,,0,,,,,,,0
2025-07-08,,,,0,,,30.1,30.1,30.1,1,S1989140,7570748,30.1,low-cost only,30.1,30.1,1
2025-07-09,,,,0,,,20.6,20.6,20.6,1,S1989140,7570748,20.6,low-cost only,20.6,20.6,1
2025-07-10,,,,0,,,14.8,14.8,14.8,1,S1989140,7570748,14.8,low-cost only,14.8,14.8,1
2025-07-11,,,,0,,,21.9,21.9,21.9,1,S1989140,7570748,21.9,low-cost only,21.9,21.9,1
2025-07-12,,,,0,,,18.2,18.2,18.2,1,S1989140,7570748,18.2,low-cost only,18.2,18.2,1
2025-07-13,,,,0,,,26.9,26.9,26.9,1,S1989140,7570748,26.9,low-cost only,26.9,26.9,1
2025-07-14,,,,0,,,42.1,42.1,42.1,1,S1989140,7570748,42.1,low-cost only,42.1,42.1,1
2025-07-15,,,,0,,,53.1,53.1,53.1,1,S1989140,7570748,53.1,low-cost only,53.1,53.1,1
2025-07-16,,,,0,,,32.0,32.0,32.0,1,S1989140,7570748,32.0,low-cost only,32.0,32.0,1
2025-07-17,,,,0,,,4.92,4.92,4.92,1,S1989140,7570748,4.92,low-cost only,4.92,4.92,1
2025-07-18,,,,0,,,1.53,1.53,1.53,1,S1989140,7570748,1.53,low-cost only,1.53,1.53,1
2025-07-19,,,,0,,,10.8,10.8,10.8,1,S1989140,7570748,10.8,low-cost only,10.8,10.8,1
2025-07-20,,,,0,,,11.7,11.7,11.7,1,S1989140,7570748,11.7,low-cost only,11.7,11.7,1
2025-07-21,,,,0,,,17.3,17.3,17.3,1,S1989140,7570748,17.3,low-cost only,17.3,17.3,1
2025-07-22,,,,0,,,3.93,3.93,3.93,1,S1989140,7570748,3.93,low-cost only,3.93,3.93,1
2025-07-23,,,,0,,,9.61,9.61,9.61,1,S1989140,7570748,9.61,low-cost only,9.61,9.61,1
2025-07-24,,,,0,,,21.7,21.7,21.7,1,S1989140,7570748,21.7,low-cost only,21.7,21.7,1
2025-07-25,,,,0,,,13.1,13.1,13.1,1,S1989140,7570748,13.1,low-cost only,13.1,13.1,1
2025-07-26,,,,0,,,24.6,24.6,24.6,1,S1989140,7570748,24.6,low-cost only,24.6,24.6,1
2025-07-27,,,,0,,,17.1,17.1,17.1,1,S1989140,7570748,17.1,low-cost only,17.1,17.1,1
2025-07-28,,,,0,,,16.0,16.0,16.0,1,S1989140,7570748,16.0,low-cost only,16.0,16.0,1
2025-07-29,,,,0,,,15.9,15.9,15.9,1,S1989140,7570748,15.9,low-cost only,15.9,15.9,1
2025-07-30,,,,0,,,29.1,29.1,29.1,1,S1989140,7570748,29.1,low-cost only,29.1,29.1,1
2025-07-31,,,,0,,,60.6,60.6,60.6,1,S1989140,7570748,60.6,low-cost only,60.6,60.6,1
2025-08-01,,,,0,,,19.8,19.8,19.8,1,S1989140,7570748,19.8,low-cost only,19.8,19.8,1
2025-08-02,,,,0,,,19.2,19.2,19.2,1,S1989140,7570748,19.2,low-cost only,19.2,19.2,1
2025-08-03,,,,0,,,49.0,49.0,49.0,1,S1989140,7570748,49.0,low-cost only,49.0,49.0,1
2025-08-04,,,,0,,,67.9,67.9,67.9,1,S1989140,7570748,67.9,low-cost only,67.9,67.9,1
2025-08-05,,,,0,,,45.5,45.5,45.5,1,S1989140,7570748,45.5,low-cost only,45.5,45.5,1
2025-08-06,,,,0,,,41.3,41.3,41.3,1,S1989140,7570748,41.3,low-cost only,41.3,41.3,1
2025-08-07,,,,0,,,32.2,32.2,32.2,1,S1989140,7570748,32.2,low-cost only,32.2,32.2,1
2025-08-08,,,,0,,,24.6,24.6,24.6,1,S1989140,7570748,24.6,low-cost only,24.6,24.6,1
2025-08-09,,,,0,,,22.2,22.2,22.2,1,S1989140,7570748,22.2,low-cost only,22.2,22.2,1
2025-08-10,,,,0,,,26.9,26.9,26.9,1,S1989140,7570748,26.9,low-cost only,26.9,26.9,1
2025-08-11,,,,0,,,35.0,35.0,35.0,1,S1989140,7570748,35.0,low-cost only,35.0,35.0,1
2025-08-12,,,,0,,,29.5,29.5,29.5,1,S1989140,7570748,29.5,low-cost only,29.5,29.5,1
2025-08-13,,,,0,,,27.9,27.9,27.9,1,S1989140,7570748,27.9,low-cost only,27.9,27.9,1
2025-08-14,,,,0,,,47.0,47.0,47.0,1,S1989140,7570748,47.0,low-cost only,47.0,47.0,1
2025-08-15,,,,0,,,44.7,44.7,44.7,1,S1989140,7570748,44.7,low-cost only,44.7,44.7,1
2025-08-16,,,,0,,,40.1,40.1,40.1,1,S1989140,7570748,40.1,low-cost only,40.1,40.1,1
2025-08-17,,,,0,,,10.4,10.4,10.4,1,S1989140,7570748,10.4,low-cost only,10.4,10.4,1
2025-08-18,,,,0,,,1.62,1.62,1.62,1,S1989140,7570748,1.62,low-cost only,1.62,1.62,1
2025-08-19,,,,0,,,10.4,10.4,10.4,1,S1989140,7570748,10.4,low-cost only,10.4,10.4,1
2025-08-20,,,,0,,,2.19,2.19,2.19,1,S1989140,7570748,2.19,low-cost only,2.19,2.19,1
2025-08-21,,,,0,,,5.12,5.12,5.12,1,S1989140,7570748,5.12,low-cost only,5.12,5.12,1
2025-08-22,,,,0,,,7.68,7.68,7.68,1,S1989140,7570748,7.68,low-cost only,7.68,7.68,1
2025-08-23,,,,0,,,12.2,12.2,12.2,1,S1989140,7570748,12.2,low-cost only,12.2,12.2,1
2025-08-24,,,,0,,,3.51,3.51,3.51,1,S1989140,7570748,3.51,low-cost only,3.51,3.51,1
2025-08-25,,,,0,,,1.15,1.15,1.15,1,S1989140,7570748,1.15,low-cost only,1.15,1.15,1
2025-08-26,,,,0,,,3.44,3.44,3.44,1,S1989140,7570748,3.44,low-cost only,3.44,3.44,1
2025-08-27,,,,0,,,7.35,7.35,7.35,1,S1989140,7570748,7.35,low-cost only,7.35,7.35,1
2025-08-28,,,,0,,,8.33,8.33,8.33,1,S1989140,7570748,8.33,low-cost only,8.33,8.33,1
2025-08-29,,,,0,,,1.55,1.55,1.55,1,S1989140,7570748,1.55,low-cost only,1.55,1.55,1
2025-08-30,,,,0,,,8.77,8.77,8.77,1,S1989140,7570748,8.77,low-cost only,8.77,8.77,1
2025-08-31,,,,0,,,16.2,16.2,16.2,1,S1989140,7570748,16.2,low-cost only,16.2,16.2,1
2025-09-01,,,,0,,,11.5,11.5,11.5,1,S1989140,7570748,11.5,low-cost only,11.5,11.5,1
2025-09-02,,,,0,,,9.94,9.94,9.94,1,S1989140,7570748,9.94,low-cost only,9.94,9.94,1
2025-09-03,,,,0,,,12.1,12.1,12.1,1,S1989140,7570748,12.1,low-cost only,12.1,12.1,1
2025-09-04,,,,0,,,8.28,8.28,8.28,1,S1989140,7570748,8.28,low-cost only,8.28,8.28,1
2025-09-05,,,,0,,,14.5,14.5,14.5,1,S1989140,7570748,14.5,low-cost only,14.5,14.5,1
2025-09-06,,,,0,,,26.9,26.9,26.9,1,S1989140,7570748,26.9,low-cost only,26.9,26.9,1
2025-09-07,,,,0,,,18.2,18.2,18.2,1,S1989140,7570748,18.2,low-cost only,18.2,18.2,1
2025-09-08,,,,0,,,16.5,16.5,16.5,1,S1989140,7570748,16.5,low-cost only,16.5,16.5,1
2025-09-09,,,,0,,,21.5,21.5,21.5,1,S1989140,7570748,21.5,low-cost only,21.5,21.5,1
2025-09-10,,,,0,,,21.7,21.7,21.7,1,S1989140,7570748,21.7,low-cost only,21.7,21.7,1
2025-09-11,,,,0,,,27.7,27.7,27.7,1,S1989140,7570748,27.7,low-cost only,27.7,27.7,1
2025-09-12,,,,0,,,23.4,23.4,23.4,1,S1989140,7570748,23.4,low-cost only,23.4,23.4,1
2025-09-13,,,,0,,,38.0,38.0,38.0,1,S1989140,7570748,38.0,low-cost only,38.0,38.0,1
2025-09-14,,,,0,,,39.5,39.5,39.5,1,S1989140,7570748,39.5,low-cost only,39.5,39.5,1
2025-09-15,,,,0,,,28.9,28.9,28.9,1,S1989140,7570748,28.9,low-cost only,28.9,28.9,1
2025-09-16,,,,0,,,24.1,24.1,24.1,1,S1989140,7570748,24.1,low-cost only,24.1,24.1,1
2025-09-17,,,,0,,,21.7,21.7,21.7,1,S1989140,7570748,21.7,low-cost only,21.7,21.7,1
2025-09-18,,,,0,,,29.5,29.5,29.5,1,S1989140,7570748,29.5,low-cost only,29.5,29.5,1
2025-09-19,,,,0,,,17.235,9.37,25.1,2,S1989140; S5186042,7570748; 14153303,17.235,low-cost only,9.37,25.1,2
2025-09-20,,,,0,,,10.167,0.234,20.1,2,S1989140; S5186042,7570748; 14153303,10.167,low-cost only,0.234,20.1,2
2025-09-21,,,,0,,,19.2,10.3,28.1,2,S1989140; S5186042,7570748; 14153303,19.2,low-cost only,10.3,28.1,2
2025-09-22,,,,0,,,29.1,19.2,39.0,2,S1989140; S5186042,7570748; 14153303,29.1,low-cost only,19.2,39.0,2
2025-09-23,,,,0,,,25.3,12.2,38.4,2,S1989140; S5186042,7570748; 14153303,25.3,low-cost only,12.2,38.4,2
2025-09-24,,,,0,,,25.85,12.0,39.7,2,S1989140; S5186042,7570748; 14153303,25.85,low-cost only,12.0,39.7,2
2025-09-25,,,,0,,,18.955,8.51,29.4,2,S1989140; S5186042,7570748; 14153303,18.955,low-cost only,8.51,29.4,2
2025-09-26,,,,0,,,12.0,5.1,18.9,2,S1989140; S5186042,7570748; 14153303,12.0,low-cost only,5.1,18.9,2
2025-09-27,,,,0,,,21.3,13.0,29.6,2,S1989140; S5186042,7570748; 14153303,21.3,low-cost only,13.0,29.6,2
2025-09-28,,,,0,,,34.775,9.25,60.3,2,S1989140; S5186042,7570748; 14153303,34.775,low-cost only,9.25,60.3,2
2025-09-29,,,,0,,,12.54,3.98,21.1,2,S1989140; S5186042,7570748; 14153303,12.54,low-cost only,3.98,21.1,2
2025-09-30,,,,0,,,16.8,6.1,27.5,2,S1989140; S5186042,7570748; 14153303,16.8,low-cost only,6.1,27.5,2
2025-10-01,,,,0,,,8.965,1.33,16.6,2,S1989140; S5186042,7570748; 14153303,8.965,low-cost only,1.33,16.6,2
2025-10-02,,,,0,,,21.558,0.516,42.6,2,S1989140; S5186042,7570748; 14153303,21.558,low-cost only,0.516,42.6,2
2025-10-03,,,,0,,,11.16,6.72,15.6,2,S1989140; S5186042,7570748; 14153303,11.16,low-cost only,6.72,15.6,2
2025-10-04,,,,0,,,29.75,16.7,42.8,2,S1989140; S5186042,7570748; 14153303,29.75,low-cost only,16.7,42.8,2
2025-10-05,,,,0,,,24.1,14.8,33.4,2,S1989140; S5186042,7570748; 14153303,24.1,low-cost only,14.8,33.4,2
2025-10-06,,,,0,,,13.81,2.52,25.1,2,S1989140; S5186042,7570748; 14153303,13.81,low-cost only,2.52,25.1,2
2025-10-07,,,,0,,,1.794,0.428,3.16,2,S1989140; S5186042,7570748; 14153303,1.794,low-cost only,0.428,3.16,2
2025-10-08,,,,0,,,8.0318,0.0636,16.0,2,S1989140; S5186042,7570748; 14153303,8.0318,low-cost only,0.0636,16.0,2
2025-10-09,,,,0,,,18.8341,0.0682,37.6,2,S1989140; S5186042,7570748; 14153303,18.8341,low-cost only,0.0682,37.6,2
2025-10-10,,,,0,,,15.307,0.914,29.7,2,S1989140; S5186042,7570748; 14153303,15.307,low-cost only,0.914,29.7,2
2025-10-11,,,,0,,,3.84,2.25,5.43,2,S1989140; S5186042,7570748; 14153303,3.84,low-cost only,2.25,5.43,2
2025-10-12,,,,0,,,9.595,7.49,11.7,2,S1989140; S5186042,7570748; 14153303,9.595,low-cost only,7.49,11.7,2
2025-10-13,,,,0,,,9.53,3.46,15.6,2,S1989140; S5186042,7570748; 14153303,9.53,low-cost only,3.46,15.6,2
2025-10-14,,,,0,,,8.42,4.54,12.3,2,S1989140; S5186042,7570748; 14153303,8.42,low-cost only,4.54,12.3,2
2025-10-15,,,,0,,,1.231,0.0021,2.46,2,S1989140; S5186042,7570748; 14153303,1.231,low-cost only,0.0021,2.46,2
2025-10-16,,,,0,,,11.581,0.562,22.6,2,S1989140; S5186042,7570748; 14153303,11.581,low-cost only,0.562,22.6,2
2025-10-17,,,,0,,,6.795,1.89,11.7,2,S1989140; S5186042,7570748; 14153303,6.795,low-cost only,1.89,11.7,2
2025-10-18,,,,0,,,12.45,10.9,14.0,2,S1989140; S5186042,7570748; 14153303,12.45,low-cost only,10.9,14.0,2
2025-10-19,,,,0,,,10.135,9.27,11.0,2,S1989140; S5186042,7570748; 14153303,10.135,low-cost only,9.27,11.0,2
2025-10-20,,,,0,,,2.236,0.712,3.76,2,S1989140; S5186042,7570748; 14153303,2.236,low-cost only,0.712,3.76,2
2025-10-21,,,,0,,,1.413,0.246,2.58,2,S1989140; S5186042,7570748; 14153303,1.413,low-cost only,0.246,2.58,2
2025-10-22,,,,0,,,0.5608,0.0415,1.08,2,S1989140; S5186042,7570748; 14153303,0.5608,low-cost only,0.0415,1.08,2
2025-10-23,,,,0,,,0.055,0.0,0.11,2,S1989140; S5186042,7570748; 14153303,0.055,low-cost only,0.0,0.11,2
2025-10-24,,,,0,,,0.3624,0.0048,0.72,2,S1989140; S5186042,7570748; 14153303,0.3624,low-cost only,0.0048,0.72,2
2025-10-25,,,,0,,,5.46,4.48,6.44,2,S1989140; S5186042,7570748; 14153303,5.46,low-cost only,4.48,6.44,2
2025-10-26,,,,0,,,8.11,6.62,9.6,2,S1989140; S5186042,7570748; 14153303,8.11,low-cost only,6.62,9.6,2
2025-10-27,,,,0,,,2.424,0.818,4.03,2,S1989140; S5186042,7570748; 14153303,2.424,low-cost only,0.818,4.03,2
2025-10-28,,,,0,,,1.9385,0.457,3.42,2,S1989140; S5186042,7570748; 14153303,1.9385,low-cost only,0.457,3.42,2
2025-10-29,,,,0,,,4.775,2.87,6.68,2,S1989140; S5186042,7570748; 14153303,4.775,low-cost only,2.87,6.68,2
2025-10-30,,,,0,,,5.475,3.76,7.19,2,S1989140; S5186042,7570748; 14153303,5.475,low-cost only,3.76,7.19,2
2025-10-31,,,,0,,,2.0995,0.429,3.77,2,S1989140; S5186042,7570748; 14153303,2.0995,low-cost only,0.429,3.77,2
2025-11-01,,,,0,,,14.7,12.9,16.5,2,S1989140; S5186042,7570748; 14153303,14.7,low-cost only,12.9,16.5,2
2025-11-02,,,,0,,,24.25,22.9,25.6,2,S1989140; S5186042,7570748; 14153303,24.25,low-cost only,22.9,25.6,2
2025-11-03,,,,0,,,6.515,4.76,8.27,2,S1989140; S5186042,7570748; 14153303,6.515,low-cost only,4.76,8.27,2
2025-11-04,,,,0,,,1.4755,0.491,2.46,2,S1989140; S5186042,7570748; 14153303,1.4755,low-cost only,0.491,2.46,2
2025-11-05,,,,0,,,6.52,4.75,8.29,2,S1989140; S5186042,7570748; 14153303,6.52,low-cost only,4.75,8.29,2
2025-11-06,,,,0,,,1.724,0.438,3.01,2,S1989140; S5186042,7570748; 14153303,1.724,low-cost only,0.438,3.01,2
2025-11-07,,,,0,,,8.97,7.44,10.5,2,S1989140; S5186042,7570748; 14153303,8.97,low-cost only,7.44,10.5,2
2025-11-08,,,,0,,,2.06,1.08,3.04,2,S1989140; S5186042,7570748; 14153303,2.06,low-cost only,1.08,3.04,2
2025-11-09,,,,0,,,3.305,2.85,3.76,2,S1989140; S5186042,7570748; 14153303,3.305,low-cost only,2.85,3.76,2
2025-11-10,,,,0,,,0.1475,0.0149,0.28,2,S1989140; S5186042,7570748; 14153303,0.1475,low-cost only,0.0149,0.28,2
2025-11-11,,,,0,,,2.925,1.2,4.65,2,S1989140; S5186042,7570748; 14153303,2.925,low-cost only,1.2,4.65,2
2025-11-12,,,,0,,,4.42,2.72,6.12,2,S1989140; S5186042,7570748; 14153303,4.42,low-cost only,2.72,6.12,2
2025-11-13,,,,0,,,3.43,2.46,4.4,2,S1989140; S5186042,7570748; 14153303,3.43,low-cost only,2.46,4.4,2
2025-11-14,,,,0,,,,,,0,,,,,,,0
2025-11-15,,,,0,,,28.55,27.5,29.6,2,S1989140; S5186042,7570748; 14153303,28.55,low-cost only,27.5,29.6,2
2025-11-16,,,,0,,,0.5891,0.0582,1.12,2,S1989140; S5186042,7570748; 14153303,0.5891,low-cost only,0.0582,1.12,2
2025-11-17,,,,0,,,3.42,2.83,4.01,2,S1989140; S5186042,7570748; 14153303,3.42,low-cost only,2.83,4.01,2
2025-11-18,,,,0,,,10.7,8.2,13.2,2,S1989140; S5186042,7570748; 14153303,10.7,low-cost only,8.2,13.2,2
2025-11-19,,,,0,,,4.97,2.95,6.99,2,S1989140; S5186042,7570748; 14153303,4.97,low-cost only,2.95,6.99,2
2025-11-20,,,,0,,,28.25,27.9,28.6,2,S1989140; S5186042,7570748; 14153303,28.25,low-cost only,27.9,28.6,2
2025-11-21,,,,0,,,23.1,23.0,23.2,2,S1989140; S5186042,7570748; 14153303,23.1,low-cost only,23.0,23.2,2
2025-11-22,,,,0,,,6.455,4.3,8.61,2,S1989140; S5186042,7570748; 14153303,6.455,low-cost only,4.3,8.61,2
2025-11-23,,,,0,,,7.07,4.64,9.5,2,S1989140; S5186042,7570748; 14153303,7.07,low-cost only,4.64,9.5,2
2025-11-24,,,,0,,,7.73,4.16,11.3,2,S1989140; S5186042,7570748; 14153303,7.73,low-cost only,4.16,11.3,2
2025-11-25,,,,0,,,18.45,17.3,19.6,2,S1989140; S5186042,7570748; 14153303,18.45,low-cost only,17.3,19.6,2
2025-11-26,,,,0,,,6.075,5.28,6.87,2,S1989140; S5186042,7570748; 14153303,6.075,low-cost only,5.28,6.87,2
2025-11-27,,,,0,,,0.1603,0.0036,0.317,2,S1989140; S5186042,7570748; 14153303,0.1603,low-cost only,0.0036,0.317,2
2025-11-28,,,,0,,,0.338,0.002,0.674,2,S1989140; S5186042,7570748; 14153303,0.338,low-cost only,0.002,0.674,2
2025-11-29,,,,0,,,5.355,3.53,7.18,2,S1989140; S5186042,7570748; 14153303,5.355,low-cost only,3.53,7.18,2
2025-11-30,,,,0,,,6.375,4.6,8.15,2,S1989140; S5186042,7570748; 14153303,6.375,low-cost only,4.6,8.15,2
2025-12-01,,,,0,,,1.646,0.412,2.88,2,S1989140; S5186042,7570748; 14153303,1.646,low-cost only,0.412,2.88,2
2025-12-02,,,,0,,,14.85,13.8,15.9,2,S1989140; S5186042,7570748; 14153303,14.85,low-cost only,13.8,15.9,2
2025-12-03,,,,0,,,39.25,37.1,41.4,2,S1989140; S5186042,7570748; 14153303,39.25,low-cost only,37.1,41.4,2
2025-12-04,,,,0,,,7.255,6.92,7.59,2,S1989140; S5186042,7570748; 14153303,7.255,low-cost only,6.92,7.59,2
2025-12-05,,,,0,,,19.65,19.0,20.3,2,S1989140; S5186042,7570748; 14153303,19.65,low-cost only,19.0,20.3,2
2025-12-06,,,,0,,,34.25,33.7,34.8,2,S1989140; S5186042,7570748; 14153303,34.25,low-cost only,33.7,34.8,2
2025-12-07,,,,0,,,9.52,7.34,11.7,2,S1989140; S5186042,7570748; 14153303,9.52,low-cost only,7.34,11.7,2
2025-12-08,,,,0,,,1.271,0.482,2.06,2,S1989140; S5186042,7570748; 14153303,1.271,low-cost only,0.482,2.06,2
2025-12-09,,,,0,,,19.55,19.2,19.9,2,S1989140; S5186042,7570748; 14153303,19.55,low-cost only,19.2,19.9,2
2025-12-10,,,,0,,,12.75,11.9,13.6,2,S1989140; S5186042,7570748; 14153303,12.75,low-cost only,11.9,13.6,2
2025-12-11,,,,0,,,0.8454,0.0008,1.69,2,S1989140; S5186042,7570748; 14153303,0.8454,low-cost only,0.0008,1.69,2
2025-12-12,,,,0,,,5.66,3.38,7.94,2,S1989140; S5186042,7570748; 14153303,5.66,low-cost only,3.38,7.94,2
2025-12-13,,,,0,,,12.1,11.3,12.9,2,S1989140; S5186042,7570748; 14153303,12.1,low-cost only,11.3,12.9,2
2025-12-14,,,,0,,,1.505,0.68,2.33,2,S1989140; S5186042,7570748; 14153303,1.505,low-cost only,0.68,2.33,2
2025-12-15,,,,0,,,5.035,2.74,7.33,2,S1989140; S5186042,7570748; 14153303,5.035,low-cost only,2.74,7.33,2
2025-12-16,,,,0,,,23.65,22.5,24.8,2,S1989140; S5186042,7570748; 14153303,23.65,low-cost only,22.5,24.8,2
2025-12-17,,,,0,,,22.55,21.5,23.6,2,S1989140; S5186042,7570748; 14153303,22.55,low-cost only,21.5,23.6,2
2025-12-18,,,,0,,,20.4,19.3,21.5,2,S1989140; S5186042,7570748; 14153303,20.4,low-cost only,19.3,21.5,2
2025-12-19,,,,0,,,3.115,2.0,4.23,2,S1989140; S5186042,7570748; 14153303,3.115,low-cost only,2.0,4.23,2
2025-12-20,,,,0,,,5.455,3.12,7.79,2,S1989140; S5186042,7570748; 14153303,5.455,low-cost only,3.12,7.79,2
2025-12-21,,,,0,,,4.99,2.89,7.09,2,S1989140; S5186042,7570748; 14153303,4.99,low-cost only,2.89,7.09,2
2025-12-22,,,,0,,,11.28,8.66,13.9,2,S1989140; S5186042,7570748; 14153303,11.28,low-cost only,8.66,13.9,2
2025-12-23,,,,0,,,14.3,11.7,16.9,2,S1989140; S5186042,7570748; 14153303,14.3,low-cost only,11.7,16.9,2
2025-12-24,,,,0,,,23.5,22.6,24.4,2,S1989140; S5186042,7570748; 14153303,23.5,low-cost only,22.6,24.4,2
2025-12-25,,,,0,,,16.9,16.2,17.6,2,S1989140; S5186042,7570748; 14153303,16.9,low-cost only,16.2,17.6,2
2025-12-26,,,,0,,,4.48,2.71,6.25,2,S1989140; S5186042,7570748; 14153303,4.48,low-cost only,2.71,6.25,2
2025-12-27,,,,0,,,6.155,4.04,8.27,2,S1989140; S5186042,7570748; 14153303,6.155,low-cost only,4.04,8.27,2
2025-12-28,,,,0,,,18.5,18.3,18.7,2,S1989140; S5186042,7570748; 14153303,18.5,low-cost only,18.3,18.7,2
2025-12-29,,,,0,,,1.0355,0.021,2.05,2,S1989140; S5186042,7570748; 14153303,1.0355,low-cost only,0.021,2.05,2
2025-12-30,,,,0,,,1.666,0.582,2.75,2,S1989140; S5186042,7570748; 14153303,1.666,low-cost only,0.582,2.75,2
2025-12-31,,,,0,,,11.965,9.53,14.4,2,S1989140; S5186042,7570748; 14153303,11.965,low-cost only,9.53,14.4,2
2026-01-01,,,,0,,,1.5355,0.701,2.37,2,S1989140; S5186042,7570748; 14153303,1.5355,low-cost only,0.701,2.37,2
2026-01-02,,,,0,,,3.76,1.36,6.16,2,S1989140; S5186042,7570748; 14153303,3.76,low-cost only,1.36,6.16,2
2026-01-03,,,,0,,,5.545,2.55,8.54,2,S1989140; S5186042,7570748; 14153303,5.545,low-cost only,2.55,8.54,2
2026-01-04,,,,0,,,11.15,6.6,15.7,2,S1989140; S5186042,7570748; 14153303,11.15,low-cost only,6.6,15.7,2
2026-01-05,,,,0,,,39.7,38.9,40.5,2,S1989140; S5186042,7570748; 14153303,39.7,low-cost only,38.9,40.5,2
2026-01-06,,,,0,,,41.15,40.7,41.6,2,S1989140; S5186042,7570748; 14153303,41.15,low-cost only,40.7,41.6,2
2026-01-07,,,,0,,,29.3,27.1,31.5,2,S1989140; S5186042,7570748; 14153303,29.3,low-cost only,27.1,31.5,2
2026-01-08,,,,0,,,25.4,24.0,26.8,2,S1989140; S5186042,7570748; 14153303,25.4,low-cost only,24.0,26.8,2
2026-01-09,,,,0,,,5.565,4.21,6.92,2,S1989140; S5186042,7570748; 14153303,5.565,low-cost only,4.21,6.92,2
2026-01-10,,,,0,,,4.015,1.93,6.1,2,S1989140; S5186042,7570748; 14153303,4.015,low-cost only,1.93,6.1,2
2026-01-11,,,,0,,,6.16,1.12,11.2,2,S1989140; S5186042,7570748; 14153303,6.16,low-cost only,1.12,11.2,2
2026-01-12,,,,0,,,10.19,6.28,14.1,2,S1989140; S5186042,7570748; 14153303,10.19,low-cost only,6.28,14.1,2
2026-01-13,,,,0,,,16.4,11.2,21.6,2,S1989140; S5186042,7570748; 14153303,16.4,low-cost only,11.2,21.6,2
2026-01-14,,,,0,,,4.65,2.41,6.89,2,S1989140; S5186042,7570748; 14153303,4.65,low-cost only,2.41,6.89,2
2026-01-15,,,,0,,,2.6605,0.211,5.11,2,S1989140; S5186042,7570748; 14153303,2.6605,low-cost only,0.211,5.11,2
2026-01-16,,,,0,,,16.75,11.5,22.0,2,S1989140; S5186042,7570748; 14153303,16.75,low-cost only,11.5,22.0,2
2026-01-17,,,,0,,,13.15,11.5,14.8,2,S1989140; S5186042,7570748; 14153303,13.15,low-cost only,11.5,14.8,2
2026-01-18,,,,0,,,3.715,1.63,5.8,2,S1989140; S5186042,7570748; 14153303,3.715,low-cost only,1.63,5.8,2
2026-01-19,,,,0,,,3.89,2.15,5.63,2,S1989140; S5186042,7570748; 14153303,3.89,low-cost only,2.15,5.63,2
2026-01-20,,,,0,,,0.405,0.405,0.405,1,S5186042,14153303,0.405,low-cost only,0.405,0.405,1
2026-01-21,,,,0,,,12.5,12.5,12.5,1,S5186042,14153303,12.5,low-cost only,12.5,12.5,1
2026-01-22,,,,0,,,6.725,3.35,10.1,2,S1989140; S5186042,7570748; 14153303,6.725,low-cost only,3.35,10.1,2
2026-01-23,,,,0,,,6.9695,0.439,13.5,2,S1989140; S5186042,7570748; 14153303,6.9695,low-cost only,0.439,13.5,2
2026-01-24,,,,0,,,3.174,0.0479,6.3,2,S1989140; S5186042,7570748; 14153303,3.174,low-cost only,0.0479,6.3,2
2026-01-25,,,,0,,,0.407,0.407,0.407,1,S5186042,14153303,0.407,low-cost only,0.407,0.407,1
2026-01-26,,,,0,,,0.154,0.154,0.154,1,S5186042,14153303,0.154,low-cost only,0.154,0.154,1
2026-01-27,,,,0,,,,,,0,,,,,,,0
2026-01-28,,,,0,,,7.33,7.33,7.33,1,S5186042,14153303,7.33,low-cost only,7.33,7.33,1
2026-01-29,,,,0,,,0.0651,0.0651,0.0651,1,S5186042,14153303,0.0651,low-cost only,0.0651,0.0651,1
2026-01-30,,,,0,,,,,,0,,,,,,,0
2026-01-31,,,,0,,,,,,0,,,,,,,0
2026-02-01,,,,0,,,,,,0,,,,,,,0
2026-02-02,,,,0,,,46.0,46.0,46.0,1,S5186042,14153303,46.0,low-cost only,46.0,46.0,1
2026-02-03,,,,0,,,20.5,20.5,20.5,1,S5186042,14153303,20.5,low-cost only,20.5,20.5,1
2026-02-04,,,,0,,,0.391,0.391,0.391,1,S5186042,14153303,0.391,low-cost only,0.391,0.391,1
2026-02-05,,,,0,,,18.6,18.6,18.6,1,S5186042,14153303,18.6,low-cost only,18.6,18.6,1
2026-02-06,,,,0,,,30.2,30.2,30.2,1,S5186042,14153303,30.2,low-cost only,30.2,30.2,1
2026-02-07,,,,0,,,0.619,0.619,0.619,1,S5186042,14153303,0.619,low-cost only,0.619,0.619,1
2026-02-08,,,,0,,,0.505,0.505,0.505,1,S5186042,14153303,0.505,low-cost only,0.505,0.505,1
2026-02-09,,,,0,,,16.2,16.2,16.2,1,S5186042,14153303,16.2,low-cost only,16.2,16.2,1
2026-02-10,,,,0,,,36.9,36.9,36.9,1,S5186042,14153303,36.9,low-cost only,36.9,36.9,1
2026-02-11,,,,0,,,0.508,0.508,0.508,1,S5186042,14153303,0.508,low-cost only,0.508,0.508,1
2026-02-12,,,,0,,,0.646,0.646,0.646,1,S5186042,14153303,0.646,low-cost only,0.646,0.646,1
2026-02-13,,,,0,,,19.0,19.0,19.0,1,S5186042,14153303,19.0,low-cost only,19.0,19.0,1
2026-02-14,,,,0,,,41.3,41.3,41.3,1,S5186042,14153303,41.3,low-cost only,41.3,41.3,1
2026-02-15,,,,0,,,62.8,62.8,62.8,1,S5186042,14153303,62.8,low-cost only,62.8,62.8,1
2026-02-16,,,,0,,,54.2,54.2,54.2,1,S5186042,14153303,54.2,low-cost only,54.2,54.2,1
2026-02-17,,,,0,,,47.1,47.1,47.1,1,S5186042,14153303,47.1,low-cost only,47.1,47.1,1
2026-02-18,,,,0,,,37.2,36.6,37.8,2,S1989140; S5186042,7570748; 14153303,37.2,low-cost only,36.6,37.8,2
2026-02-19,,,,0,,,14.4,13.1,15.7,2,S1989140; S5186042,7570748; 14153303,14.4,low-cost only,13.1,15.7,2
2026-02-20,,,,0,,,14.8,14.0,15.6,2,S1989140; S5186042,7570748; 14153303,14.8,low-cost only,14.0,15.6,2
2026-02-21,,,,0,,,5.8,3.25,8.35,2,S1989140; S5186042,7570748; 14153303,5.8,low-cost only,3.25,8.35,2
2026-02-22,,,,0,,,4.86,2.77,6.95,2,S1989140; S5186042,7570748; 14153303,4.86,low-cost only,2.77,6.95,2
2026-02-23,,,,0,,,1.3369,0.0039,2.67,2,S1989140; S5186042,7570748; 14153303,1.3369,low-cost only,0.0039,2.67,2
2026-02-24,,,,0,,,7.095,3.39,10.8,2,S1989140; S5186042,7570748; 14153303,7.095,low-cost only,3.39,10.8,2
2026-02-25,,,,0,,,18.35,15.4,21.3,2,S1989140; S5186042,7570748; 14153303,18.35,low-cost only,15.4,21.3,2
2026-02-26,,,,0,,,8.11,3.52,12.7,2,S1989140; S5186042,7570748; 14153303,8.11,low-cost only,3.52,12.7,2
2026-02-27,,,,0,,,24.1,21.0,27.2,2,S1989140; S5186042,7570748; 14153303,24.1,low-cost only,21.0,27.2,2
2026-02-28,,,,0,,,2.6735,0.667,4.68,2,S1989140; S5186042,7570748; 14153303,2.6735,low-cost only,0.667,4.68,2
2026-03-01,,,,0,,,0.8821,0.0042,1.76,2,S1989140; S5186042,7570748; 14153303,0.8821,low-cost only,0.0042,1.76,2
2026-03-02,,,,0,,,3.49,3.49,3.49,1,S1989140,7570748,3.49,low-cost only,3.49,3.49,1
2026-03-03,,,,0,,,22.6,21.1,24.1,2,S1989140; S5186042,7570748; 14153303,22.6,low-cost only,21.1,24.1,2
2026-03-04,,,,0,,,31.25,31.1,31.4,2,S1989140; S5186042,7570748; 14153303,31.25,low-cost only,31.1,31.4,2
2026-03-05,,,,0,,,31.15,31.1,31.2,2,S1989140; S5186042,7570748; 14153303,31.15,low-cost only,31.1,31.2,2
2026-03-06,,,,0,,,21.85,21.8,21.9,2,S1989140; S5186042,7570748; 14153303,21.85,low-cost only,21.8,21.9,2
2026-03-07,,,,0,,,9.205,7.21,11.2,2,S1989140; S5186042,7570748; 14153303,9.205,low-cost only,7.21,11.2,2
2026-03-08,,,,0,,,3.058,0.996,5.12,2,S1989140; S5186042,7570748; 14153303,3.058,low-cost only,0.996,5.12,2
2026-03-09,,,,0,,,2.989,0.838,5.14,2,S1989140; S5186042,7570748; 14153303,2.989,low-cost only,0.838,5.14,2
2026-03-10,,,,0,,,16.7,14.5,18.9,2,S1989140; S5186042,7570748; 14153303,16.7,low-cost only,14.5,18.9,2
2026-03-11,,,,0,,,11.135,9.87,12.4,2,S1989140; S5186042,7570748; 14153303,11.135,low-cost only,9.87,12.4,2
2026-03-12,,,,0,,,2.8171,0.0042,5.63,2,S1989140; S5186042,7570748; 14153303,2.8171,low-cost only,0.0042,5.63,2
2026-03-13,,,,0,,,3.359,0.538,6.18,2,S1989140; S5186042,7570748; 14153303,3.359,low-cost only,0.538,6.18,2
2026-03-14,,,,0,,,1.672,0.104,3.24,2,S1989140; S5186042,7570748; 14153303,1.672,low-cost only,0.104,3.24,2
2026-03-15,,,,0,,,5.445,3.68,7.21,2,S1989140; S5186042,7570748; 14153303,5.445,low-cost only,3.68,7.21,2
2026-03-16,,,,0,,,1.4765,0.563,2.39,2,S1989140; S5186042,7570748; 14153303,1.4765,low-cost only,0.563,2.39,2
2026-03-17,,,,0,,,0.795,0.0,1.59,2,S1989140; S5186042,7570748; 14153303,0.795,low-cost only,0.0,1.59,2
2026-03-18,,,,0,,,6.205,3.31,9.1,2,S1989140; S5186042,7570748; 14153303,6.205,low-cost only,3.31,9.1,2
2026-03-19,,,,0,,,20.15,17.4,22.9,2,S1989140; S5186042,7570748; 14153303,20.15,low-cost only,17.4,22.9,2
2026-03-20,,,,0,,,30.5,29.1,31.9,2,S1989140; S5186042,7570748; 14153303,30.5,low-cost only,29.1,31.9,2
2026-03-21,,,,0,,,15.8,13.2,18.4,2,S1989140; S5186042,7570748; 14153303,15.8,low-cost only,13.2,18.4,2
2026-03-22,,,,0,,,21.25,20.2,22.3,2,S1989140; S5186042,7570748; 14153303,21.25,low-cost only,20.2,22.3,2
2026-03-23,,,,0,,,1.9235,0.167,3.68,2,S1989140; S5186042,7570748; 14153303,1.9235,low-cost only,0.167,3.68,2
2026-03-24,,,,0,,,8.57,6.24,10.9,2,S1989140; S5186042,7570748; 14153303,8.57,low-cost only,6.24,10.9,2
2026-03-25,,,,0,,,12.4,10.9,13.9,2,S1989140; S5186042,7570748; 14153303,12.4,low-cost only,10.9,13.9,2
2026-03-26,,,,0,,,18.8,16.0,21.6,2,S1989140; S5186042,7570748; 14153303,18.8,low-cost only,16.0,21.6,2
2026-03-27,,,,0,,,2.5265,0.633,4.42,2,S1989140; S5186042,7570748; 14153303,2.5265,low-cost only,0.633,4.42,2
2026-03-28,,,,0,,,3.3015,0.583,6.02,2,S1989140; S5186042,7570748; 14153303,3.3015,low-cost only,0.583,6.02,2
2026-03-29,,,,0,,,8.45,5.1,11.8,2,S1989140; S5186042,7570748; 14153303,8.45,low-cost only,5.1,11.8,2
2026-03-30,,,,0,,,16.45,13.2,19.7,2,S1989140; S5186042,7570748; 14153303,16.45,low-cost only,13.2,19.7,2
2026-03-31,,,,0,,,17.9,16.5,19.3,2,S1989140; S5186042,7570748; 14153303,17.9,low-cost only,16.5,19.3,2
2026-04-01,,,,0,,,2.31,0.95,3.67,2,S1989140; S5186042,7570748; 14153303,2.31,low-cost only,0.95,3.67,2
2026-04-02,,,,0,,,10.665,9.03,12.3,2,S1989140; S5186042,7570748; 14153303,10.665,low-cost only,9.03,12.3,2
2026-04-03,,,,0,,,5.61,3.27,7.95,2,S1989140; S5186042,7570748; 14153303,5.61,low-cost only,3.27,7.95,2
2026-04-04,,,,0,,,4.495,2.88,6.11,2,S1989140; S5186042,7570748; 14153303,4.495,low-cost only,2.88,6.11,2
2026-04-05,,,,0,,,1.1795,0.179,2.18,2,S1989140; S5186042,7570748; 14153303,1.1795,low-cost only,0.179,2.18,2
2026-04-06,,,,0,,,4.375,1.42,7.33,2,S1989140; S5186042,7570748; 14153303,4.375,low-cost only,1.42,7.33,2
2026-04-07,,,,0,,,2.0191,0.0583,3.98,2,S1989140; S5186042,7570748; 14153303,2.0191,low-cost only,0.0583,3.98,2
2026-04-08,,,,0,,,5.64,2.99,8.29,2,S1989140; S5186042,7570748; 14153303,5.64,low-cost only,2.99,8.29,2
2026-04-09,,,,0,,,10.475,6.85,14.1,2,S1989140; S5186042,7570748; 14153303,10.475,low-cost only,6.85,14.1,2
2026-04-10,,,,0,,,3.465,1.44,5.49,2,S1989140; S5186042,7570748; 14153303,3.465,low-cost only,1.44,5.49,2
2026-04-11,,,,0,,,5.685,3.16,8.21,2,S1989140; S5186042,7570748; 14153303,5.685,low-cost only,3.16,8.21,2
2026-04-12,,,,0,,,10.34,6.88,13.8,2,S1989140; S5186042,7570748; 14153303,10.34,low-cost only,6.88,13.8,2
2026-04-13,,,,0,,,6.805,3.93,9.68,2,S1989140; S5186042,7570748; 14153303,6.805,low-cost only,3.93,9.68,2
2026-04-14,,,,0,,,5.235,3.0,7.47,2,S1989140; S5186042,7570748; 14153303,5.235,low-cost only,3.0,7.47,2
2026-04-15,,,,0,,,3.96,2.26,5.66,2,S1989140; S5186042,7570748; 14153303,3.96,low-cost only,2.26,5.66,2
2026-04-16,,,,0,,,4.45,2.17,6.73,2,S1989140; S5186042,7570748; 14153303,4.45,low-cost only,2.17,6.73,2
2026-04-17,,,,0,,,6.655,4.27,9.04,2,S1989140; S5186042,7570748; 14153303,6.655,low-cost only,4.27,9.04,2
2026-04-18,,,,0,,,3.96,1.83,6.09,2,S1989140; S5186042,7570748; 14153303,3.96,low-cost only,1.83,6.09,2
2026-04-19,,,,0,,,2.89,0.1,5.68,2,S1989140; S5186042,7570748; 14153303,2.89,low-cost only,0.1,5.68,2
2026-04-20,,,,0,,,3.276,0.292,6.26,2,S1989140; S5186042,7570748; 14153303,3.276,low-cost only,0.292,6.26,2
2026-04-21,,,,0,,,5.17,2.19,8.15,2,S1989140; S5186042,7570748; 14153303,5.17,low-cost only,2.19,8.15,2
2026-04-22,,,,0,,,11.72,7.54,15.9,2,S1989140; S5186042,7570748; 14153303,11.72,low-cost only,7.54,15.9,2
2026-04-23,,,,0,,,13.95,10.4,17.5,2,S1989140; S5186042,7570748; 14153303,13.95,low-cost only,10.4,17.5,2
2026-04-24,,,,0,,,24.4,22.1,26.7,2,S1989140; S5186042,7570748; 14153303,24.4,low-cost only,22.1,26.7,2
2026-04-25,,,,0,,,14.0,12.5,15.5,2,S1989140; S5186042,7570748; 14153303,14.0,low-cost only,12.5,15.5,2
2026-04-26,,,,0,,,6.605,3.82,9.39,2,S1989140; S5186042,7570748; 14153303,6.605,low-cost only,3.82,9.39,2
2026-04-27,,,,0,,,4.815,2.23,7.4,2,S1989140; S5186042,7570748; 14153303,4.815,low-cost only,2.23,7.4,2
2026-04-28,,,,0,,,2.7665,0.883,4.65,2,S1989140; S5186042,7570748; 14153303,2.7665,low-cost only,0.883,4.65,2
2026-04-29,,,,0,,,0.9921,0.0042,1.98,2,S1989140; S5186042,7570748; 14153303,0.9921,low-cost only,0.0042,1.98,2
2026-04-30,,,,0,,,0.9304,0.0708,1.79,2,S1989140; S5186042,7570748; 14153303,0.9304,low-cost only,0.0708,1.79,2
2026-05-01,,,,0,,,3.075,1.05,5.1,2,S1989140; S5186042,7570748; 14153303,3.075,low-cost only,1.05,5.1,2
2026-05-02,,,,0,,,3.9675,0.375,7.56,2,S1989140; S5186042,7570748; 14153303,3.9675,low-cost only,0.375,7.56,2
2026-05-03,,,,0,,,4.875,2.08,7.67,2,S1989140; S5186042,7570748; 14153303,4.875,low-cost only,2.08,7.67,2
2026-05-04,,,,0,,,4.89,2.05,7.73,2,S1989140; S5186042,7570748; 14153303,4.89,low-cost only,2.05,7.73,2
2026-05-05,,,,0,,,2.0955,0.321,3.87,2,S1989140; S5186042,7570748; 14153303,2.0955,low-cost only,0.321,3.87,2
2026-05-06,,,,0,,,1.8654,0.0708,3.66,2,S1989140; S5186042,7570748; 14153303,1.8654,low-cost only,0.0708,3.66,2
2026-05-07,,,,0,,,5.305,1.97,8.64,2,S1989140; S5186042,7570748; 14153303,5.305,low-cost only,1.97,8.64,2
2026-05-08,,,,0,,,13.465,8.53,18.4,2,S1989140; S5186042,7570748; 14153303,13.465,low-cost only,8.53,18.4,2
2026-05-09,,,,0,,,14.4,12.0,16.8,2,S1989140; S5186042,7570748; 14153303,14.4,low-cost only,12.0,16.8,2
2026-05-10,,,,0,,,1.937,0.504,3.37,2,S1989140; S5186042,7570748; 14153303,1.937,low-cost only,0.504,3.37,2
2026-05-11,,,,0,,,1.8276,0.0053,3.65,2,S1989140; S5186042,7570748; 14153303,1.8276,low-cost only,0.0053,3.65,2
2026-05-12,,,,0,,,2.8265,0.133,5.52,2,S1989140; S5186042,7570748; 14153303,2.8265,low-cost only,0.133,5.52,2
2026-05-13,,,,0,,,3.67,1.4,5.94,2,S1989140; S5186042,7570748; 14153303,3.67,low-cost only,1.4,5.94,2
2026-05-14,,,,0,,,0.8163,0.0125,1.62,2,S1989140; S5186042,7570748; 14153303,0.8163,low-cost only,0.0125,1.62,2
2026-05-15,,,,0,,,3.52,1.01,6.03,2,S1989140; S5186042,7570748; 14153303,3.52,low-cost only,1.01,6.03,2
2026-05-16,,,,0,,,13.35,7.4,19.3,2,S1989140; S5186042,7570748; 14153303,13.35,low-cost only,7.4,19.3,2
2026-05-17,,,,0,,,26.8,24.1,29.5,2,S1989140; S5186042,7570748; 14153303,26.8,low-cost only,24.1,29.5,2
2026-05-18,,,,0,,,18.7,16.4,21.0,2,S1989140; S5186042,7570748; 14153303,18.7,low-cost only,16.4,21.0,2
2026-05-19,,,,0,,,7.755,5.21,10.3,2,S1989140; S5186042,7570748; 14153303,7.755,low-cost only,5.21,10.3,2
2026-05-20,,,,0,,,1.2235,0.167,2.28,2,S1989140; S5186042,7570748; 14153303,1.2235,low-cost only,0.167,2.28,2
2026-05-21,,,,0,,,1.2485,0.217,2.28,2,S1989140; S5186042,7570748; 14153303,1.2485,low-cost only,0.217,2.28,2
2026-05-22,,,,0,,,2.1565,0.263,4.05,2,S1989140; S5186042,7570748; 14153303,2.1565,low-cost only,0.263,4.05,2
2026-05-23,,,,0,,,1.0615,0.113,2.01,2,S1989140; S5186042,7570748; 14153303,1.0615,low-cost only,0.113,2.01,2
2026-05-24,,,,0,,,15.25,12.9,17.6,2,S1989140; S5186042,7570748; 14153303,15.25,low-cost only,12.9,17.6,2
2026-05-25,,,,0,,,7.26,3.42,11.1,2,S1989140; S5186042,7570748; 14153303,7.26,low-cost only,3.42,11.1,2
2026-05-26,,,,0,,,12.05,8.9,15.2,2,S1989140; S5186042,7570748; 14153303,12.05,low-cost only,8.9,15.2,2
2026-05-27,,,,0,,,7.94,5.38,10.5,2,S1989140; S5186042,7570748; 14153303,7.94,low-cost only,5.38,10.5,2
2026-05-28,,,,0,,,1.4066,0.0833,2.73,2,S1989140; S5186042,7570748; 14153303,1.4066,low-cost only,0.0833,2.73,2
2026-05-29,,,,0,,,2.969,0.788,5.15,2,S1989140; S5186042,7570748; 14153303,2.969,low-cost only,0.788,5.15,2
2026-05-30,,,,0,,,2.1379,0.0958,4.18,2,S1989140; S5186042,7570748; 14153303,2.1379,low-cost only,0.0958,4.18,2
2026-05-31,,,,0,,,3.755,1.26,6.25,2,S1989140; S5186042,7570748; 14153303,3.755,low-cost only,1.26,6.25,2
2026-06-01,,,,0,,,2.97,2.97,2.97,1,S5186042,14153303,2.97,low-cost only,2.97,2.97,1
2026-06-02,,,,0,,,3.08,1.37,4.79,2,S1989140; S5186042,7570748; 14153303,3.08,low-cost only,1.37,4.79,2
2026-06-03,,,,0,,,6.925,4.26,9.59,2,S1989140; S5186042,7570748; 14153303,6.925,low-cost only,4.26,9.59,2
2026-06-04,,,,0,,,7.975,5.05,10.9,2,S1989140; S5186042,7570748; 14153303,7.975,low-cost only,5.05,10.9,2
2026-06-05,,,,0,,,20.6,18.0,23.2,2,S1989140; S5186042,7570748; 14153303,20.6,low-cost only,18.0,23.2,2
2026-06-06,,,,0,,,10.15,8.0,12.3,2,S1989140; S5186042,7570748; 14153303,10.15,low-cost only,8.0,12.3,2
2026-06-07,,,,0,,,6.915,4.09,9.74,2,S1989140; S5186042,7570748; 14153303,6.915,low-cost only,4.09,9.74,2
2026-06-08,,,,0,,,9.405,6.31,12.5,2,S1989140; S5186042,7570748; 14153303,9.405,low-cost only,6.31,12.5,2
2026-06-09,,,,0,,,13.65,11.0,16.3,2,S1989140; S5186042,7570748; 14153303,13.65,low-cost only,11.0,16.3,2
2026-06-10,,,,0,,,12.75,10.0,15.5,2,S1989140; S5186042,7570748; 14153303,12.75,low-cost only,10.0,15.5,2
2026-06-11,,,,0,,,3.094,0.788,5.4,2,S1989140; S5186042,7570748; 14153303,3.094,low-cost only,0.788,5.4,2
2026-06-12,,,,0,,,1.269,0.138,2.4,2,S1989140; S5186042,7570748; 14153303,1.269,low-cost only,0.138,2.4,2
2026-06-13,,,,0,,,3.91,1.73,6.09,2,S1989140; S5186042,7570748; 14153303,3.91,low-cost only,1.73,6.09,2
2026-06-14,,,,0,,,4.375,2.01,6.74,2,S1989140; S5186042,7570748; 14153303,4.375,low-cost only,2.01,6.74,2
2026-06-15,,,,0,,,0.4606,0.0792,0.842,2,S1989140; S5186042,7570748; 14153303,0.4606,low-cost only,0.0792,0.842,2
2026-06-16,,,,0,,,2.187,0.304,4.07,2,S1989140; S5186042,7570748; 14153303,2.187,low-cost only,0.304,4.07,2
2026-06-17,,,,0,,,3.0635,0.917,5.21,2,S1989140; S5186042,7570748; 14153303,3.0635,low-cost only,0.917,5.21,2
2026-06-18,,,,0,,,4.59,3.01,6.17,2,S1989140; S5186042,7570748; 14153303,4.59,low-cost only,3.01,6.17,2
2026-06-19,,,,0,,,2.554,0.808,4.3,2,S1989140; S5186042,7570748; 14153303,2.554,low-cost only,0.808,4.3,2
2026-06-20,,,,0,,,3.1295,0.279,5.98,2,S1989140; S5186042,7570748; 14153303,3.1295,low-cost only,0.279,5.98,2
2026-06-21,,,,0,,,4.075,1.7,6.45,2,S1989140; S5186042,7570748; 14153303,4.075,low-cost only,1.7,6.45,2
2026-06-22,,,,0,,,3.09,1.15,5.03,2,S1989140; S5186042,7570748; 14153303,3.09,low-cost only,1.15,5.03,2
2026-06-23,,,,0,,,3.173,0.696,5.65,2,S1989140; S5186042,7570748; 14153303,3.173,low-cost only,0.696,5.65,2
2026-06-24,,,,0,,,5.585,2.14,9.03,2,S1989140; S5186042,7570748; 14153303,5.585,low-cost only,2.14,9.03,2
2026-06-25,,,,0,,,6.18,3.17,9.19,2,S1989140; S5186042,7570748; 14153303,6.18,low-cost only,3.17,9.19,2
2026-06-26,,,,0,,,13.65,11.4,15.9,2,S1989140; S5186042,7570748; 14153303,13.65,low-cost only,11.4,15.9,2
2026-06-27,,,,0,,,13.45,10.9,16.0,2,S1989140; S5186042,7570748; 14153303,13.45,low-cost only,10.9,16.0,2
2026-06-28,,,,0,,,11.445,8.09,14.8,2,S1989140; S5186042,7570748; 14153303,11.445,low-cost only,8.09,14.8,2
2026-06-29,,,,0,,,12.095,9.39,14.8,2,S1989140; S5186042,7570748; 14153303,12.095,low-cost only,9.39,14.8,2
2026-06-30,,,,0,,,18.7,16.9,20.5,2,S1989140; S5186042,7570748; 14153303,18.7,low-cost only,16.9,20.5,2
2026-07-01,,,,0,,,13.8,11.0,16.6,2,S1989140; S5186042,7570748; 14153303,13.8,low-cost only,11.0,16.6,2
2026-07-02,,,,0,,,14.45,11.7,17.2,2,S1989140; S5186042,7570748; 14153303,14.45,low-cost only,11.7,17.2,2
2026-07-03,,,,0,,,9.995,7.09,12.9,2,S1989140; S5186042,7570748; 14153303,9.995,low-cost only,7.09,12.9,2
2026-07-04,,,,0,,,28.1,28.1,28.1,1,S1989140,7570748,28.1,low-cost only,28.1,28.1,1
2026-07-05,,,,0,,,29.3,29.3,29.3,1,S1989140,7570748,29.3,low-cost only,29.3,29.3,1
2026-07-06,,,,0,,,13.25,10.6,15.9,2,S1989140; S5186042,7570748; 14153303,13.25,low-cost only,10.6,15.9,2
2026-07-07,,,,0,,,10.81,7.92,13.7,2,S1989140; S5186042,7570748; 14153303,10.81,low-cost only,7.92,13.7,2
2026-07-08,,,,0,,,18.4,15.3,21.5,2,S1989140; S5186042,7570748; 14153303,18.4,low-cost only,15.3,21.5,2
2026-07-09,,,,0,,,17.9,15.5,20.3,2,S1989140; S5186042,7570748; 14153303,17.9,low-cost only,15.5,20.3,2
2026-07-10,,,,0,,,5.725,2.95,8.5,2,S1989140; S5186042,7570748; 14153303,5.725,low-cost only,2.95,8.5,2
2026-07-11,,,,0,,,17.5,15.2,19.8,2,S1989140; S5186042,7570748; 14153303,17.5,low-cost only,15.2,19.8,2
2026-07-12,,,,0,,,26.7,25.0,28.4,2,S1989140; S5186042,7570748; 14153303,26.7,low-cost only,25.0,28.4,2
2026-07-13,,,,0,,,27.0,24.6,29.4,2,S1989140; S5186042,7570748; 14153303,27.0,low-cost only,24.6,29.4,2
2026-07-14,,,,0,,,24.05,21.5,26.6,2,S1989140; S5186042,7570748; 14153303,24.05,low-cost only,21.5,26.6,2
2026-07-15,,,,0,,,75.45,73.8,77.1,2,S1989140; S5186042,7570748; 14153303,75.45,low-cost only,73.8,77.1,2
2026-07-16,,,,0,,,289.0,282.0,296.0,2,S1989140; S5186042,7570748; 14153303,289.0,low-cost only,282.0,296.0,2
2026-07-17,,,,0,,,225.5,224.0,227.0,2,S1989140; S5186042,7570748; 14153303,225.5,low-cost only,224.0,227.0,2
2026-07-18,,,,0,,,44.95,43.0,46.9,2,S1989140; S5186042,7570748; 14153303,44.95,low-cost only,43.0,46.9,2
2026-07-19,,,,0,,,49.4,48.5,50.3,2,S1989140; S5186042,7570748; 14153303,49.4,low-cost only,48.5,50.3,2
2026-07-20,,,,0,,,40.6,39.7,41.5,2,S1989140; S5186042,7570748; 14153303,40.6,low-cost only,39.7,41.5,2
2026-07-21,,,,0,,,33.3,32.1,34.5,2,S1989140; S5186042,7570748; 14153303,33.3,low-cost only,32.1,34.5,2
2026-07-22,,,,0,,,2.0815,0.413,3.75,2,S1989140; S5186042,7570748; 14153303,2.0815,low-cost only,0.413,3.75,2
2026-07-23,,,,0,,,3.361,0.983,7.37,3,S1989140; S5186042; S6448278,7570748; 14153303; 16949959,3.361,low-cost only,0.983,7.37,3
2026-07-24,,,,0,,,5.8933,3.26,10.3,3,S1989140; S5186042; S6448278,7570748; 14153303; 16949959,5.8933,low-cost only,3.26,10.3,3
2026-07-25,,,,0,,,10.7767,7.48,15.2,3,S1989140; S5186042; S6448278,7570748; 14153303; 16949959,10.7767,low-cost only,7.48,15.2,3
2026-07-26,,,,0,,,23.0,20.9,25.9,4,S1989140; S5186042; S6448278; S6460119,7570748; 14153303; 16949959; 17037119,23.0,low-cost only,20.9,25.9,4
2026-07-27,,,,0,,,33.475,31.7,36.6,4,S1989140; S5186042; S6448278; S6460119,7570748; 14153303; 16949959; 17037119,33.475,low-cost only,31.7,36.6,4
2026-07-28,,,,0,,,26.275,24.5,30.3,4,S1989140; S5186042; S6448278; S6460119,7570748; 14153303; 16949959; 17037119,26.275,low-cost only,24.5,30.3,4
2026-07-29,,,,0,,,5.1375,2.73,10.2,4,S1989140; S5186042; S6448278; S6460119,7570748; 14153303; 16949959; 17037119,5.1375,low-cost only,2.73,10.2,4
2026-07-30,,,,0,,,15.45,13.4,19.7,4,S1989140; S5186042; S6448278; S6460119,7570748; 14153303; 16949959; 17037119,15.45,low-cost only,13.4,19.7,4
2026-07-31,,,,0,,,23.275,20.5,26.1,4,S1989140; S5186042; S6448278; S6460119,7570748; 14153303; 16949959; 17037119,23.275,low-cost only,20.5,26.1,4
2026-08-01,,,,0,,,28.05,26.8,30.7,4,S1989140; S5186042; S6448278; S6460119,7570748; 14153303; 16949959; 17037119,28.05,low-cost only,26.8,30.7,4
2026-08-02,,,,0,,,9.635,7.19,14.0,4,S1989140; S5186042; S6448278; S6460119,7570748; 14153303; 16949959; 17037119,9.635,low-cost only,7.19,14.0,4
2026-08-03,,,,0,,,2.2948,0.579,6.43,4,S1989140; S5186042; S6448278; S6460119,7570748; 14153303; 16949959; 17037119,2.2948,low-cost only,0.579,6.43,4
2026-08-04,,,,0,,,3.54,1.73,8.23,4,S1989140; S5186042; S6448278; S6460119,7570748; 14153303; 16949959; 17037119,3.54,low-cost only,1.73,8.23,4
2026-08-05,,,,0,,,7.69,5.65,13.0,4,S1989140; S5186042; S6448278; S6460119,7570748; 14153303; 16949959; 17037119,7.69,low-cost only,5.65,13.0,4
2026-08-06,,,,0,,,16.35,13.2,20.2,4,S1989140; S5186042; S6448278; S6460119,7570748; 14153303; 16949959; 17037119,16.35,low-cost only,13.2,20.2,4
2026-08-07,,,,0,,,20.325,17.6,23.2,4,S1989140; S5186042; S6448278; S6460119,7570748; 14153303; 16949959; 17037119,20.325,low-cost only,17.6,23.2,4
2026-08-08,,,,0,,,19.725,16.6,23.1,4,S1989140; S5186042; S6448278; S6460119,7570748; 14153303; 16949959; 17037119,19.725,low-cost only,16.6,23.1,4
2026-08-09,,,,0,,,4.6475,2.22,8.68,4,S1989140; S5186042; S6448278; S6460119,7570748; 14153303; 16949959; 17037119,4.6475,low-cost only,2.22,8.68,4
2026-08-10,,,,0,,,12.3825,8.83,17.3,4,S1989140; S5186042; S6448278; S6460119,7570748; 14153303; 16949959; 17037119,12.3825,low-cost only,8.83,17.3,4
2026-08-11,,,,0,,,21.975,17.7,25.2,4,S1989140; S5186042; S6448278; S6460119,7570748; 14153303; 16949959; 17037119,21.975,low-cost only,17.7,25.2,4
2026-08-12,,,,0,,,17.25,14.3,21.7,4,S1989140; S5186042; S6448278; S6460119,7570748; 14153303; 16949959; 17037119,17.25,low-cost only,14.3,21.7,4
2026-08-13,,,,0,,,20.2,15.9,26.2,4,S1989140; S5186042; S6448278; S6460119,7570748; 14153303; 16949959; 17037119,20.2,low-cost only,15.9,26.2,4
2026-08-14,,,,0,,,21.025,15.7,25.2,4,S1989140; S5186042; S6448278; S6460119,7570748; 14153303; 16949959; 17037119,21.025,low-cost only,15.7,25.2,4
2026-08-15,,,,0,,,11.1525,9.1,15.7,4,S1989140; S5186042; S6448278; S6460119,7570748; 14153303; 16949959; 17037119,11.1525,low-cost only,9.1,15.7,4
2026-08-16,,,,0,,,12.55,10.4,16.2,4,S1989140; S5186042; S6448278; S6460119,7570748; 14153303; 16949959; 17037119,12.55,low-cost only,10.4,16.2,4
2026-08-17,,,,0,,,2.785,1.24,6.27,4,S1989140; S5186042; S6448278; S6460119,7570748; 14153303; 16949959; 17037119,2.785,low-cost only,1.24,6.27,4
2026-08-18,,,,0,,,3.1532,0.883,7.83,4,S1989140; S5186042; S6448278; S6460119,7570748; 14153303; 16949959; 17037119,3.1532,low-cost only,0.883,7.83,4
2026-08-19,,,,0,,,4.685,2.28,8.63,4,S1989140; S5186042; S6448278; S6460119,7570748; 14153303; 16949959; 17037119,4.685,low-cost only,2.28,8.63,4
2026-08-20,,,,0,,,8.3475,5.13,12.2,4,S1989140; S5186042; S6448278; S6460119,7570748; 14153303; 16949959; 17037119,8.3475,low-cost only,5.13,12.2,4
2026-08-21,,,,0,,,10.3625,7.57,14.6,4,S1989140; S5186042; S6448278; S6460119,7570748; 14153303; 16949959; 17037119,10.3625,low-cost only,7.57,14.6,4
2026-08-22,,,,0,,,8.5075,5.46,13.2,4,S1989140; S5186042; S6448278; S6460119,7570748; 14153303; 16949959; 17037119,8.5075,low-cost only,5.46,13.2,4
2026-08-23,,,,0,,,19.925,13.9,28.9,4,S1989140; S5186042; S6448278; S6460119,7570748; 14153303; 16949959; 17037119,19.925,low-cost only,13.9,28.9,4
2026-08-24,,,,0,,,2.9028,0.05,9.92,4,S1989140; S5186042; S6448278; S6460119,7570748; 14153303; 16949959; 17037119,2.9028,low-cost only,0.05,9.92,4
2026-08-25,,,,0,,,5.7175,2.91,10.3,4,S1989140; S5186042; S6448278; S6460119,7570748; 14153303; 16949959; 17037119,5.7175,low-cost only,2.91,10.3,4
2026-08-26,,,,0,,,11.67,8.98,15.0,4,S1989140; S5186042; S6448278; S6460119,7570748; 14153303; 16949959; 17037119,11.67,low-cost only,8.98,15.0,4
2026-08-27,,,,0,,,11.63,8.86,14.6,4,S1989140; S5186042; S6448278; S6460119,7570748; 14153303; 16949959; 17037119,11.63,low-cost only,8.86,14.6,4
2026-08-28,,,,0,,,3.2275,1.21,6.63,4,S1989140; S5186042; S6448278; S6460119,7570748; 14153303; 16949959; 17037119,3.2275,low-cost only,1.21,6.63,4
2026-08-29,,,,0,,,7.095,3.72,11.4,4,S1989140; S5186042; S6448278; S6460119,7570748; 14153303; 16949959; 17037119,7.095,low-cost only,3.72,11.4,4
2026-08-30,,,,0,,,22.3,20.5,24.4,4,S1989140; S5186042; S6448278; S6460119,7570748; 14153303; 16949959; 17037119,22.3,low-cost only,20.5,24.4,4
2026-08-31,,,,0,,,22.7,20.1,25.9,4,S1989140; S5186042; S6448278; S6460119,7570748; 14153303; 16949959; 17037119,22.7,low-cost only,20.1,25.9,4
2026-09-01,,,,0,,,25.525,22.8,28.6,4,S1989140; S5186042; S6448278; S6460119,7570748; 14153303; 16949959; 17037119,25.525,low-cost only,22.8,28.6,4
2026-09-02,,,,0,,,22.4667,20.7,25.4,3,S5186042; S6448278; S6460119,14153303; 16949959; 17037119,22.4667,low-cost only,20.7,25.4,3
2026-09-03,,,,0,,,9.995,9.09,10.9,2,S5186042; S6460119,14153303; 17037119,9.995,low-cost only,9.09,10.9,2
2026-09-04,,,,0,,,14.0,13.2,14.8,2,S5186042; S6460119,14153303; 17037119,14.0,low-cost only,13.2,14.8,2
2026-09-05,,,,0,,,4.5033,3.35,5.78,3,S5186042; S6448278; S6460119,14153303; 16949959; 17037119,4.5033,low-cost only,3.35,5.78,3
2026-09-06,,,,0,,,1.8433,1.18,2.68,3,S5186042; S6448278; S6460119,14153303; 16949959; 17037119,1.8433,low-cost only,1.18,2.68,3
2026-09-07,,,,0,,,2.1233,1.37,2.97,3,S5186042; S6448278; S6460119,14153303; 16949959; 17037119,2.1233,low-cost only,1.37,2.97,3
2026-09-08,,,,0,,,4.77,4.03,5.34,3,S5186042; S6448278; S6460119,14153303; 16949959; 17037119,4.77,low-cost only,4.03,5.34,3
2026-09-09,,,,0,,,14.6333,11.7,17.9,3,S5186042; S6448278; S6460119,14153303; 16949959; 17037119,14.6333,low-cost only,11.7,17.9,3
2026-09-10,,,,0,,,2.1133,1.45,3.05,3,S5186042; S6448278; S6460119,14153303; 16949959; 17037119,2.1133,low-cost only,1.45,3.05,3
2026-09-11,,,,0,,,1.451,0.563,2.54,3,S5186042; S6448278; S6460119,14153303; 16949959; 17037119,1.451,low-cost only,0.563,2.54,3
2026-09-12,,,,0,,,11.53,9.29,14.6,3,S5186042; S6448278; S6460119,14153303; 16949959; 17037119,11.53,low-cost only,9.29,14.6,3
2026-09-13,,,,0,,,10.8067,9.58,13.2,3,S5186042; S6448278; S6460119,14153303; 16949959; 17037119,10.8067,low-cost only,9.58,13.2,3
2026-09-14,,,,0,,,0.6074,0.0792,1.38,3,S5186042; S6448278; S6460119,14153303; 16949959; 17037119,0.6074,low-cost only,0.0792,1.38,3
2026-09-15,,,,0,,,2.4867,1.93,3.17,3,S5186042; S6448278; S6460119,14153303; 16949959; 17037119,2.4867,low-cost only,1.93,3.17,3
2026-09-16,,,,0,,,6.0233,5.73,6.36,3,S5186042; S6448278; S6460119,14153303; 16949959; 17037119,6.0233,low-cost only,5.73,6.36,3
2026-09-17,,,,0,,,3.0533,1.85,4.63,3,S5186042; S6448278; S6460119,14153303; 16949959; 17037119,3.0533,low-cost only,1.85,4.63,3
2026-09-18,,,,0,,,0.2265,0.0667,0.517,3,S5186042; S6448278; S6460119,14153303; 16949959; 17037119,0.2265,low-cost only,0.0667,0.517,3
2026-09-19,,,,0,,,1.61,1.09,2.11,3,S5186042; S6448278; S6460119,14153303; 16949959; 17037119,1.61,low-cost only,1.09,2.11,3
2026-09-20,,,,0,,,4.66,3.21,6.11,2,S6448278; S6460119,16949959; 17037119,4.66,low-cost only,3.21,6.11,2
2026-09-21,,,,0,,,0.1937,0.0375,0.35,2,S6448278; S6460119,16949959; 17037119,0.1937,low-cost only,0.0375,0.35,2
2026-09-22,,,,0,,,0.3755,0.138,0.613,2,S6448278; S6460119,16949959; 17037119,0.3755,low-cost only,0.138,0.613,2
2026-09-23,,,,0,,,0.1564,0.0458,0.267,2,S6448278; S6460119,16949959; 17037119,0.1564,low-cost only,0.0458,0.267,2
2026-09-24,,,,0,,,0.313,0.263,0.363,2,S6448278; S6460119,16949959; 17037119,0.313,low-cost only,0.263,0.363,2
2026-09-25,,,,0,,,0.698,0.429,0.967,2,S6448278; S6460119,16949959; 17037119,0.698,low-cost only,0.429,0.967,2
